timestamp,gpu_memory_used_mb,gpu_utilization_pct,power_draw_w,temperature_c,process_rss_mb,elapsed_seconds
2026-07-26T04:43:25.365386+00:00,4.0,0.0,50.64,32.0,656.3515625,0.26894835010170937
2026-07-26T04:43:25.747399+00:00,4.0,0.0,50.66,32.0,658.4140625,0.6509614661335945
2026-07-26T04:43:26.052209+00:00,4.0,0.0,50.66,32.0,725.74609375,0.9557697996497154
2026-07-26T04:43:26.359282+00:00,4.0,0.0,50.6,32.0,760.03125,1.2628438882529736
2026-07-26T04:43:26.869207+00:00,4.0,0.0,50.6,32.0,826.953125,1.7727687880396843
2026-07-26T04:43:27.171782+00:00,4.0,0.0,50.61,32.0,865.53515625,2.075344417244196
2026-07-26T04:43:27.478746+00:00,4.0,0.0,50.62,32.0,872.2109375,2.382310524582863
2026-07-26T04:43:27.777895+00:00,905.0,5.0,58.14,33.0,1368.80078125,2.681451942771673
2026-07-26T04:43:28.076587+00:00,2251.0,10.0,67.21,33.0,2671.11328125,2.980151381343603
2026-07-26T04:43:28.510376+00:00,3597.0,10.0,76.82,33.0,958.93359375,3.4139387272298336
2026-07-26T04:43:28.837300+00:00,3677.0,1.0,81.06,33.0,1056.859375,3.7408636286854744
2026-07-26T04:43:29.189171+00:00,3837.0,1.0,80.86,33.0,1496.66796875,4.0927331037819386
2026-07-26T04:43:29.494247+00:00,4061.0,3.0,94.01,33.0,1755.734375,4.397810064256191
2026-07-26T04:43:29.791719+00:00,4061.0,40.0,100.82,33.0,1755.94140625,4.6952760480344296
2026-07-26T04:43:30.127050+00:00,4061.0,42.0,109.47,33.0,1756.0234375,5.030611913651228
2026-07-26T04:43:30.431257+00:00,4061.0,41.0,104.55,33.0,1756.0234375,5.334820494055748
2026-07-26T04:43:30.754372+00:00,4061.0,41.0,106.39,34.0,1756.0390625,5.6579344011843204
2026-07-26T04:43:31.079263+00:00,4061.0,43.0,106.36,34.0,1756.0703125,5.982826862484217
2026-07-26T04:43:31.383953+00:00,4061.0,43.0,106.47,34.0,1756.0703125,6.287515863776207
2026-07-26T04:43:31.712875+00:00,4061.0,41.0,106.74,34.0,1756.08984375,6.616437595337629
2026-07-26T04:43:32.019300+00:00,4061.0,40.0,107.11,34.0,1756.10546875,6.9228616543114185
2026-07-26T04:43:32.344222+00:00,4061.0,43.0,107.56,34.0,1756.10546875,7.247785348445177
2026-07-26T04:43:32.649647+00:00,4093.0,40.0,107.89,34.0,1756.3046875,7.553209491074085
2026-07-26T04:43:32.949284+00:00,4093.0,41.0,108.16,34.0,1756.3046875,7.852848190814257
2026-07-26T04:43:33.249075+00:00,4093.0,41.0,108.63,34.0,1756.3125,8.152638267725706
2026-07-26T04:43:33.549381+00:00,4093.0,44.0,109.01,34.0,1756.33203125,8.452943868935108
2026-07-26T04:43:33.898293+00:00,4093.0,42.0,109.8,34.0,1756.33203125,8.80185603350401
2026-07-26T04:43:34.200439+00:00,4093.0,42.0,110.12,34.0,1756.34375,9.104002382606268
2026-07-26T04:43:34.527261+00:00,4123.0,45.0,110.37,34.0,1756.35546875,9.430824026465416
2026-07-26T04:43:34.835082+00:00,4123.0,15.0,108.69,34.0,1767.6796875,9.738644663244486
2026-07-26T04:43:35.154295+00:00,5827.0,44.0,125.25,36.0,1837.6875,10.057858359068632
2026-07-26T04:43:35.457832+00:00,5829.0,68.0,154.46,36.0,1837.90625,10.361394673585892
2026-07-26T04:43:35.763591+00:00,5849.0,12.0,175.62,36.0,1912.875,10.66715270280838
2026-07-26T04:43:36.099686+00:00,5849.0,40.0,165.69,35.0,1912.90234375,11.003248993307352
2026-07-26T04:43:36.428952+00:00,5849.0,41.0,132.4,35.0,1912.91796875,11.332514457404613
2026-07-26T04:43:36.754136+00:00,5849.0,40.0,112.15,35.0,1912.91796875,11.657699696719646
2026-07-26T04:43:37.051612+00:00,5849.0,41.0,106.14,35.0,1912.94140625,11.955175284296274
2026-07-26T04:43:37.352250+00:00,5849.0,41.0,106.96,35.0,1912.96484375,12.255813375115395
2026-07-26T04:43:37.704562+00:00,5849.0,42.0,107.14,35.0,1912.96484375,12.608125116676092
2026-07-26T04:43:38.008407+00:00,5849.0,40.0,107.31,35.0,1912.98828125,12.911969915032387
2026-07-26T04:43:38.313583+00:00,5849.0,42.0,106.97,35.0,1912.98828125,13.21713712438941
2026-07-26T04:43:38.619761+00:00,5849.0,42.0,107.3,35.0,1912.98828125,13.523323599249125
2026-07-26T04:43:38.942757+00:00,5849.0,43.0,108.1,35.0,1913.0078125,13.846314441412687
2026-07-26T04:43:39.272000+00:00,5849.0,42.0,108.46,35.0,1913.0078125,14.175562757998705
2026-07-26T04:43:39.554207+00:00,5849.0,42.0,108.55,35.0,1913.0078125,14.457769583910704
2026-07-26T04:43:39.876364+00:00,5849.0,43.0,108.68,35.0,1913.02734375,14.779928382486105
2026-07-26T04:43:40.154859+00:00,5849.0,42.0,109.0,35.0,1913.02734375,15.058421932160854
2026-07-26T04:43:40.479883+00:00,5849.0,42.0,109.9,35.0,1913.03515625,15.383445598185062
2026-07-26T04:43:40.760387+00:00,5849.0,42.0,110.4,35.0,1913.046875,15.663949631154537
2026-07-26T04:43:41.041547+00:00,5849.0,41.0,110.59,35.0,1913.046875,15.945108976215124
2026-07-26T04:43:41.368522+00:00,5849.0,42.0,110.72,35.0,1913.0625,16.27208497002721
2026-07-26T04:43:41.717921+00:00,5851.0,42.0,113.43,35.0,1915.80859375,16.621479630470276
2026-07-26T04:43:42.023552+00:00,7453.0,59.0,137.86,37.0,1917.015625,16.9271149225533
2026-07-26T04:43:42.330376+00:00,7453.0,64.0,164.88,37.0,1917.015625,17.23393965512514
2026-07-26T04:43:42.634243+00:00,7453.0,39.0,176.49,36.0,1917.98828125,17.537806142121553
2026-07-26T04:43:42.937818+00:00,7453.0,39.0,154.81,35.0,1917.98828125,17.841380320489407
2026-07-26T04:43:43.239989+00:00,7453.0,39.0,129.65,35.0,1917.99609375,18.143552914261818
2026-07-26T04:43:43.567916+00:00,7453.0,41.0,107.0,35.0,1918.01171875,18.471478909254074
2026-07-26T04:43:43.875244+00:00,7453.0,42.0,107.31,35.0,1918.01171875,18.77880796790123
2026-07-26T04:43:44.222820+00:00,7453.0,42.0,107.17,35.0,1918.01171875,19.126383632421494
2026-07-26T04:43:44.505581+00:00,7453.0,41.0,107.18,35.0,1918.015625,19.40914459526539
2026-07-26T04:43:44.808369+00:00,7453.0,43.0,107.11,35.0,1918.015625,19.71193253621459
2026-07-26T04:43:45.112853+00:00,7453.0,42.0,107.53,35.0,1918.01953125,20.016415659338236
2026-07-26T04:43:45.417951+00:00,7453.0,42.0,107.96,35.0,1918.02734375,20.321514174342155
2026-07-26T04:43:45.700282+00:00,7453.0,43.0,108.59,35.0,1918.02734375,20.603845447301865
2026-07-26T04:43:46.018878+00:00,7453.0,43.0,108.95,36.0,1918.0390625,20.922441564500332
2026-07-26T04:43:46.321497+00:00,7453.0,42.0,109.18,36.0,1918.0390625,21.225060246884823
2026-07-26T04:43:46.625749+00:00,7453.0,43.0,109.17,36.0,1918.0390625,21.529311928898096
2026-07-26T04:43:46.928154+00:00,7453.0,39.0,109.39,36.0,1918.0546875,21.8317148424685
2026-07-26T04:43:47.252216+00:00,7453.0,43.0,109.74,36.0,1918.0546875,22.15577047690749
2026-07-26T04:43:47.575980+00:00,7453.0,42.0,110.02,36.0,1918.0546875,22.479542892426252
2026-07-26T04:43:47.880498+00:00,7453.0,44.0,110.29,36.0,1918.25390625,22.78406073525548
2026-07-26T04:43:48.201250+00:00,7453.0,47.0,132.3,37.0,1919.828125,23.104811415076256
2026-07-26T04:43:48.525376+00:00,7453.0,48.0,159.14,38.0,1919.828125,23.42893197759986
2026-07-26T04:43:48.850971+00:00,7453.0,41.0,170.54,36.0,1920.55078125,23.75453346595168
2026-07-26T04:43:49.152519+00:00,7453.0,39.0,153.39,36.0,1920.55078125,24.056081999093294
2026-07-26T04:43:49.458251+00:00,7453.0,39.0,125.42,36.0,1920.55078125,24.36181455478072
2026-07-26T04:43:49.742837+00:00,7453.0,41.0,106.45,36.0,1920.56640625,24.646400816738605
2026-07-26T04:43:50.108234+00:00,7453.0,40.0,106.61,36.0,1920.57421875,25.0117970071733
2026-07-26T04:43:50.418619+00:00,7453.0,42.0,107.27,36.0,1920.57421875,25.32218211889267
2026-07-26T04:43:50.744192+00:00,7453.0,41.0,107.54,36.0,1920.578125,25.647754915058613
2026-07-26T04:43:51.092475+00:00,7453.0,42.0,107.84,36.0,1920.578125,25.996037919074297
2026-07-26T04:43:51.397348+00:00,7453.0,41.0,107.73,36.0,1920.578125,26.300910223275423
2026-07-26T04:43:51.678645+00:00,7453.0,41.0,108.09,36.0,1920.58984375,26.58220825344324
2026-07-26T04:43:51.963764+00:00,7453.0,43.0,108.14,36.0,1920.58984375,26.867327220737934
2026-07-26T04:43:52.307036+00:00,7453.0,44.0,108.7,36.0,1920.59765625,27.21059900522232
2026-07-26T04:43:52.608801+00:00,7453.0,42.0,109.23,36.0,1920.59765625,27.512364331632853
2026-07-26T04:43:52.913687+00:00,7453.0,42.0,109.43,36.0,1920.59765625,27.817249167710543
2026-07-26T04:43:53.240062+00:00,7453.0,40.0,109.67,36.0,1920.609375,28.143624264746904
2026-07-26T04:43:53.592635+00:00,7453.0,42.0,110.37,36.0,1920.609375,28.496197413653135
2026-07-26T04:43:53.895739+00:00,7453.0,44.0,111.02,36.0,1920.6171875,28.799301732331514
2026-07-26T04:43:54.200506+00:00,7453.0,44.0,111.64,36.0,1920.6328125,29.104069836437702
2026-07-26T04:43:54.506194+00:00,7453.0,44.0,112.47,36.0,1920.6328125,29.409758057445288
2026-07-26T04:43:54.832811+00:00,7453.0,41.0,112.32,36.0,1920.67578125,29.736374359577894
2026-07-26T04:43:55.135916+00:00,7453.0,42.0,112.75,36.0,1920.67578125,30.03947949036956
2026-07-26T04:43:55.441380+00:00,7453.0,43.0,112.93,36.0,1920.67578125,30.344940558075905
2026-07-26T04:43:55.768926+00:00,7453.0,45.0,113.22,36.0,1920.69921875,30.67248945683241
2026-07-26T04:43:56.077627+00:00,9409.0,43.0,122.65,37.0,1922.4453125,30.981175553053617
2026-07-26T04:43:56.384180+00:00,9409.0,61.0,155.48,38.0,1922.4609375,31.287743415683508
2026-07-26T04:43:56.691180+00:00,9409.0,74.0,189.72,39.0,1922.70703125,31.594743199646473
2026-07-26T04:43:56.990564+00:00,9409.0,41.0,192.69,37.0,1922.70703125,31.894126765429974
2026-07-26T04:43:57.335935+00:00,9409.0,37.0,155.72,37.0,1922.70703125,32.23949712887406
2026-07-26T04:43:57.664226+00:00,9409.0,40.0,115.78,37.0,1922.71484375,32.56778920814395
2026-07-26T04:43:57.975497+00:00,9409.0,40.0,106.6,37.0,1922.71484375,32.87906092777848
2026-07-26T04:43:58.304380+00:00,9409.0,41.0,106.69,37.0,1922.71484375,33.207938719540834
2026-07-26T04:43:58.627970+00:00,9409.0,42.0,107.58,37.0,1922.71875,33.531532887369394
2026-07-26T04:43:58.959232+00:00,9409.0,41.0,107.79,37.0,1922.7265625,33.86279497668147
2026-07-26T04:43:59.259770+00:00,9409.0,42.0,108.34,37.0,1922.7265625,34.16333386301994
2026-07-26T04:43:59.565727+00:00,9409.0,42.0,108.8,37.0,1922.734375,34.46928905695677
2026-07-26T04:43:59.889937+00:00,9409.0,40.0,108.83,37.0,1922.734375,34.7935001924634
2026-07-26T04:44:00.214408+00:00,9409.0,41.0,109.18,37.0,1922.75,35.1179705709219
2026-07-26T04:44:00.496032+00:00,9409.0,42.0,109.37,37.0,1922.75,35.39959478378296
2026-07-26T04:44:00.799762+00:00,9409.0,41.0,109.62,37.0,1922.75,35.70332549512386
2026-07-26T04:44:01.104769+00:00,9409.0,43.0,109.96,37.0,1922.76171875,36.00833206623793
2026-07-26T04:44:01.410000+00:00,9409.0,49.0,120.48,38.0,1925.00390625,36.31356320157647
2026-07-26T04:44:01.710568+00:00,9409.0,55.0,146.11,39.0,1925.01953125,36.61413102224469
2026-07-26T04:44:02.043400+00:00,10645.0,93.0,181.35,40.0,1927.3359375,36.94696335494518
2026-07-26T04:44:02.327758+00:00,10645.0,99.0,221.48,40.0,1927.3359375,37.231321044266224
2026-07-26T04:44:02.634289+00:00,10645.0,54.0,206.93,38.0,1927.3359375,37.53785223886371
2026-07-26T04:44:02.915241+00:00,10645.0,55.0,196.75,38.0,1927.3359375,37.81880496814847
2026-07-26T04:44:03.239193+00:00,10645.0,53.0,142.67,38.0,1927.33984375,38.14275583997369
2026-07-26T04:44:03.583471+00:00,10645.0,58.0,144.08,38.0,1927.33984375,38.487034630030394
2026-07-26T04:44:03.888029+00:00,10645.0,55.0,144.74,38.0,1927.3515625,38.7915920317173
2026-07-26T04:44:04.216955+00:00,10645.0,57.0,145.25,38.0,1927.3515625,39.12051794677973
2026-07-26T04:44:04.545505+00:00,10645.0,54.0,144.63,38.0,1927.3515625,39.449067290872335
2026-07-26T04:44:04.848466+00:00,10645.0,56.0,145.23,38.0,1927.3515625,39.752028461545706
2026-07-26T04:44:05.173840+00:00,10645.0,57.0,145.85,38.0,1927.3515625,40.077402014285326
2026-07-26T04:44:05.500687+00:00,10645.0,48.0,144.23,38.0,1927.3515625,40.40424908697605
2026-07-26T04:44:05.802601+00:00,10645.0,49.0,140.98,38.0,1927.3515625,40.70616343617439
2026-07-26T04:44:06.104406+00:00,10645.0,55.0,140.76,38.0,1927.35546875,41.007967598736286
2026-07-26T04:44:06.410321+00:00,10645.0,55.0,140.46,38.0,1927.5390625,41.313884783536196
2026-07-26T04:44:06.693319+00:00,10645.0,57.0,146.26,38.0,1927.54296875,41.59688289090991
2026-07-26T04:44:07.018861+00:00,10645.0,54.0,146.49,38.0,1927.54296875,41.92241444811225
2026-07-26T04:44:07.347213+00:00,10645.0,55.0,147.3,38.0,1927.54296875,42.25077687203884
2026-07-26T04:44:07.670742+00:00,10645.0,44.0,143.68,38.0,1928.1796875,42.57430512830615
2026-07-26T04:44:07.978293+00:00,10645.0,100.0,186.88,41.0,1929.14453125,42.88185364753008
2026-07-26T04:44:08.303015+00:00,10645.0,100.0,235.3,42.0,1929.14453125,43.20657803118229
2026-07-26T04:44:08.653250+00:00,10645.0,100.0,297.02,42.0,1929.14453125,43.55681360140443
2026-07-26T04:44:08.960247+00:00,10645.0,100.0,304.36,42.0,1929.14453125,43.86380257830024
2026-07-26T04:44:09.286899+00:00,10645.0,40.0,257.75,39.0,1930.45703125,44.19046250358224
2026-07-26T04:44:09.632129+00:00,10645.0,39.0,187.55,39.0,1930.45703125,44.53569108620286
2026-07-26T04:44:09.954593+00:00,10645.0,41.0,123.7,38.0,1930.45703125,44.85815665498376
2026-07-26T04:44:10.255085+00:00,10645.0,41.0,107.86,38.0,1930.45703125,45.158648785203695
2026-07-26T04:44:10.554132+00:00,10645.0,40.0,108.2,38.0,1930.45703125,45.45769524946809
2026-07-26T04:44:10.901913+00:00,10645.0,39.0,108.64,38.0,1930.45703125,45.805475912988186
2026-07-26T04:44:11.203699+00:00,10645.0,42.0,109.02,38.0,1930.45703125,46.10726260021329
2026-07-26T04:44:11.507026+00:00,10645.0,42.0,109.2,38.0,1930.45703125,46.41058925539255
2026-07-26T04:44:11.829180+00:00,10645.0,42.0,109.37,38.0,1930.45703125,46.7327436953783
2026-07-26T04:44:12.177311+00:00,10645.0,42.0,109.46,38.0,1930.45703125,47.080874152481556
2026-07-26T04:44:12.478313+00:00,10645.0,43.0,109.69,38.0,1930.45703125,47.381875410676
2026-07-26T04:44:12.821165+00:00,10645.0,42.0,110.18,38.0,1930.45703125,47.72472948953509
2026-07-26T04:44:13.145518+00:00,10645.0,43.0,110.3,38.0,1930.45703125,48.049081943929195
2026-07-26T04:44:13.446005+00:00,10645.0,43.0,110.68,38.0,1930.45703125,48.34956971928477
2026-07-26T04:44:13.768226+00:00,10645.0,43.0,111.32,38.0,1930.45703125,48.671790443360806
2026-07-26T04:44:14.072797+00:00,10645.0,43.0,111.88,38.0,1930.45703125,48.97635976597667
2026-07-26T04:44:14.375329+00:00,10645.0,43.0,112.24,38.0,1930.45703125,49.27889247238636
2026-07-26T04:44:14.669862+00:00,10645.0,44.0,112.45,38.0,1930.45703125,49.57342601194978
2026-07-26T04:44:14.972211+00:00,10647.0,60.0,125.11,39.0,1931.6484375,49.87577487900853
2026-07-26T04:44:15.277148+00:00,10647.0,64.0,154.21,40.0,1931.66015625,50.18071101605892
2026-07-26T04:44:15.575606+00:00,10647.0,40.0,180.54,41.0,1932.828125,50.4791695214808
2026-07-26T04:44:15.854518+00:00,10647.0,41.0,180.03,38.0,1932.828125,50.75808262079954
2026-07-26T04:44:16.154319+00:00,10647.0,40.0,150.16,38.0,1932.828125,51.05788303166628
2026-07-26T04:44:16.454368+00:00,10647.0,41.0,120.66,38.0,1932.83203125,51.357931446284056
2026-07-26T04:44:16.753814+00:00,10647.0,41.0,108.42,38.0,1932.83203125,51.65737800300121
2026-07-26T04:44:17.053838+00:00,10647.0,41.0,108.93,38.0,1932.83203125,51.9574014917016
2026-07-26T04:44:17.379744+00:00,10647.0,39.0,109.19,38.0,1932.8359375,52.28330698236823
2026-07-26T04:44:17.729103+00:00,10647.0,42.0,109.15,38.0,1932.8359375,52.632667291909456
2026-07-26T04:44:18.029494+00:00,10647.0,42.0,109.23,38.0,1932.83984375,52.93305817618966
2026-07-26T04:44:18.330084+00:00,10647.0,43.0,109.59,38.0,1932.83984375,53.23364771902561
2026-07-26T04:44:18.608067+00:00,10647.0,43.0,110.17,38.0,1932.83984375,53.511631056666374
2026-07-26T04:44:18.905455+00:00,10647.0,43.0,110.48,38.0,1932.8515625,53.809019047766924
2026-07-26T04:44:19.183407+00:00,10647.0,41.0,110.9,38.0,1932.8515625,54.08696976304054
2026-07-26T04:44:19.511085+00:00,10647.0,43.0,111.12,38.0,1932.8515625,54.41464852914214
2026-07-26T04:44:19.810254+00:00,10647.0,43.0,111.53,38.0,1932.859375,54.71381772682071
2026-07-26T04:44:20.128848+00:00,10647.0,0.0,108.76,38.0,1934.125,55.03240479528904
2026-07-26T04:44:20.453118+00:00,10647.0,60.0,132.68,40.0,1935.27734375,55.35668145120144
2026-07-26T04:44:20.753905+00:00,10647.0,60.0,157.8,40.0,1935.2890625,55.65746923908591
2026-07-26T04:44:21.054873+00:00,10647.0,41.0,171.13,39.0,1936.7421875,55.958436977118254
2026-07-26T04:44:21.354959+00:00,10647.0,41.0,158.37,38.0,1936.75,56.25852258875966
2026-07-26T04:44:21.679958+00:00,10647.0,40.0,130.9,38.0,1936.78125,56.58351957052946
2026-07-26T04:44:21.959749+00:00,10647.0,41.0,108.07,38.0,1936.79296875,56.86331199854612
2026-07-26T04:44:22.284978+00:00,10647.0,41.0,108.64,38.0,1936.83203125,57.188537031412125
2026-07-26T04:44:22.589782+00:00,10647.0,43.0,109.04,38.0,1936.83203125,57.49334481731057
2026-07-26T04:44:22.891794+00:00,10647.0,42.0,109.34,38.0,1936.83203125,57.795356664806604
2026-07-26T04:44:23.218789+00:00,10647.0,42.0,109.32,38.0,1936.8671875,58.122351445257664
2026-07-26T04:44:23.521416+00:00,10647.0,41.0,109.13,38.0,1936.8671875,58.424978625029325
2026-07-26T04:44:23.847260+00:00,10647.0,40.0,109.34,38.0,1936.8828125,58.750823222100735
2026-07-26T04:44:24.151710+00:00,10647.0,41.0,109.43,38.0,1936.890625,59.055272087454796
2026-07-26T04:44:24.457973+00:00,10647.0,40.0,109.8,38.0,1936.890625,59.361535646021366
2026-07-26T04:44:24.803090+00:00,10647.0,43.0,110.02,38.0,1936.91015625,59.706653494387865
2026-07-26T04:44:25.150737+00:00,10647.0,42.0,110.45,38.0,1936.91015625,60.05429918691516
2026-07-26T04:44:25.452851+00:00,10647.0,43.0,110.8,38.0,1936.9140625,60.35641374439001
2026-07-26T04:44:25.759736+00:00,10647.0,42.0,111.52,38.0,1936.9296875,60.66329829022288
2026-07-26T04:44:26.087562+00:00,10647.0,42.0,111.83,38.0,1936.9296875,60.991124629974365
2026-07-26T04:44:26.417028+00:00,10647.0,41.0,112.43,38.0,1936.9375,61.32059084251523
2026-07-26T04:44:26.722717+00:00,10647.0,44.0,112.85,38.0,1936.95703125,61.62628010287881
2026-07-26T04:44:27.050401+00:00,10647.0,44.0,113.58,38.0,1936.95703125,61.953963834792376
2026-07-26T04:44:27.353055+00:00,10647.0,45.0,113.99,38.0,1936.96875,62.2566187903285
2026-07-26T04:44:27.656591+00:00,10647.0,44.0,114.44,38.0,1936.96875,62.56015523150563
2026-07-26T04:44:27.966980+00:00,10647.0,45.0,114.82,38.0,1936.96875,62.870543006807566
2026-07-26T04:44:28.272299+00:00,10647.0,0.0,109.53,38.0,1938.75390625,63.17586146295071
2026-07-26T04:44:28.604976+00:00,10647.0,60.0,139.26,40.0,1939.328125,63.5085385851562
2026-07-26T04:44:28.886238+00:00,10647.0,57.0,172.02,41.0,1939.37109375,63.789800234138966
2026-07-26T04:44:29.210183+00:00,10647.0,58.0,194.26,39.0,1940.828125,64.11374594271183
2026-07-26T04:44:29.513130+00:00,10647.0,41.0,174.29,38.0,1940.83203125,64.41669262200594
2026-07-26T04:44:29.815631+00:00,10647.0,42.0,138.27,38.0,1940.85546875,64.71919375658035
2026-07-26T04:44:30.096438+00:00,10647.0,42.0,109.39,38.0,1940.85546875,65.00000063329935
2026-07-26T04:44:30.397650+00:00,10647.0,42.0,109.47,38.0,1940.859375,65.30121217295527
2026-07-26T04:44:30.725341+00:00,10647.0,43.0,109.41,38.0,1940.88671875,65.62890378758311
2026-07-26T04:44:31.052710+00:00,10647.0,42.0,109.72,38.0,1940.88671875,65.95627339929342
2026-07-26T04:44:31.358336+00:00,10647.0,43.0,109.88,38.0,1940.8984375,66.26189880818129
2026-07-26T04:44:31.641557+00:00,10647.0,43.0,110.27,38.0,1940.91796875,66.54512007534504
2026-07-26T04:44:31.920043+00:00,10647.0,43.0,110.43,38.0,1940.91796875,66.82360631600022
2026-07-26T04:44:32.222806+00:00,10647.0,43.0,110.67,38.0,1940.9296875,67.12636843696237
2026-07-26T04:44:32.529697+00:00,10647.0,43.0,111.19,38.0,1940.9375,67.43326019123197
2026-07-26T04:44:32.830703+00:00,10647.0,43.0,111.84,38.0,1940.9375,67.73426662012935
2026-07-26T04:44:33.130501+00:00,10647.0,43.0,112.26,38.0,1940.9609375,68.03406521305442
2026-07-26T04:44:33.431224+00:00,10647.0,43.0,112.7,38.0,1940.9609375,68.33478697016835
2026-07-26T04:44:33.736928+00:00,10647.0,43.0,112.69,38.0,1940.96484375,68.64049188420177
2026-07-26T04:44:34.037719+00:00,10647.0,44.0,113.13,38.0,1940.98046875,68.94128232821822
2026-07-26T04:44:34.365176+00:00,10647.0,44.0,113.63,38.0,1940.98046875,69.26873518899083
2026-07-26T04:44:34.692476+00:00,10647.0,45.0,114.27,38.0,1941.03125,69.5960386954248
2026-07-26T04:44:34.995003+00:00,10647.0,45.0,114.73,38.0,1941.046875,69.89856623485684
2026-07-26T04:44:35.274080+00:00,10647.0,45.0,115.26,38.0,1941.05078125,70.17763389647007
2026-07-26T04:44:35.596103+00:00,10647.0,46.0,115.79,38.0,1941.07421875,70.49966666847467
2026-07-26T04:44:35.899895+00:00,10647.0,45.0,115.84,38.0,1941.07421875,70.80345103889704
2026-07-26T04:44:36.203902+00:00,10647.0,46.0,116.35,38.0,1941.07421875,71.10746556147933
2026-07-26T04:44:36.554100+00:00,10647.0,46.0,116.77,38.0,1941.09375,71.45766267180443
2026-07-26T04:44:36.856795+00:00,10647.0,45.0,117.32,38.0,1941.1015625,71.7603578157723
2026-07-26T04:44:37.181528+00:00,10647.0,46.0,117.84,38.0,1941.10546875,72.08509093895555
2026-07-26T04:44:37.482388+00:00,10647.0,46.0,118.43,38.0,1941.1171875,72.38595052808523
2026-07-26T04:44:37.782739+00:00,10647.0,47.0,118.96,38.0,1941.1171875,72.68630285561085
2026-07-26T04:44:38.091294+00:00,11241.0,67.0,146.89,40.0,1942.78125,72.99485308676958
2026-07-26T04:44:38.403207+00:00,11241.0,84.0,184.14,41.0,1942.78515625,73.306770067662
2026-07-26T04:44:38.737355+00:00,11241.0,40.0,205.81,39.0,1944.45703125,73.64091808721423
2026-07-26T04:44:39.059225+00:00,11241.0,41.0,184.18,39.0,1944.4609375,73.96278819441795
2026-07-26T04:44:39.388004+00:00,11241.0,41.0,137.12,38.0,1944.46484375,74.29156697541475
2026-07-26T04:44:39.716629+00:00,11241.0,38.0,108.48,38.0,1944.46484375,74.62019115686417
2026-07-26T04:44:40.039616+00:00,11241.0,40.0,108.66,38.0,1944.46484375,74.943178974092
2026-07-26T04:44:40.321750+00:00,11241.0,40.0,108.62,38.0,1944.47265625,75.22531259804964
2026-07-26T04:44:40.625801+00:00,11241.0,43.0,108.9,38.0,1944.47265625,75.52936428040266
2026-07-26T04:44:40.967219+00:00,11241.0,41.0,109.02,38.0,1944.48828125,75.87078219279647
2026-07-26T04:44:41.273988+00:00,11241.0,41.0,109.18,38.0,1944.48828125,76.17755091935396
2026-07-26T04:44:41.559284+00:00,11241.0,43.0,109.48,38.0,1944.48828125,76.46284672245383
2026-07-26T04:44:41.868349+00:00,11241.0,41.0,109.32,38.0,1944.49609375,76.7719122953713
2026-07-26T04:44:42.172100+00:00,11241.0,42.0,110.15,38.0,1944.49609375,77.07566323503852
2026-07-26T04:44:42.477053+00:00,11241.0,43.0,110.66,38.0,1944.5,77.38061657547951
2026-07-26T04:44:42.778100+00:00,11241.0,43.0,111.29,38.0,1944.51953125,77.68166331201792
2026-07-26T04:44:43.078117+00:00,11241.0,43.0,111.69,38.0,1944.51953125,77.98168152943254
2026-07-26T04:44:43.376589+00:00,11241.0,43.0,112.01,38.0,1944.51953125,78.28015261515975
2026-07-26T04:44:43.701038+00:00,11241.0,44.0,112.29,38.0,1944.55859375,78.60460191965103
2026-07-26T04:44:43.979502+00:00,11241.0,43.0,112.83,38.0,1944.55859375,78.8830656632781
2026-07-26T04:44:44.282319+00:00,11241.0,44.0,113.68,38.0,1944.56640625,79.18588204309344
2026-07-26T04:44:44.581238+00:00,11241.0,44.0,114.33,38.0,1944.57421875,79.48480190336704
2026-07-26T04:44:44.861687+00:00,11241.0,45.0,114.67,38.0,1944.57421875,79.76525162905455
2026-07-26T04:44:45.161603+00:00,11241.0,44.0,114.86,38.0,1944.5859375,80.06516698747873
2026-07-26T04:44:45.465607+00:00,11241.0,44.0,115.19,38.0,1944.5859375,80.36917072534561
2026-07-26T04:44:45.746275+00:00,11241.0,45.0,115.69,38.0,1944.5859375,80.64983897283673
2026-07-26T04:44:46.070587+00:00,11241.0,45.0,116.49,38.0,1944.60546875,80.97415095940232
2026-07-26T04:44:46.366172+00:00,11241.0,45.0,116.94,38.0,1944.60546875,81.26973640546203
2026-07-26T04:44:46.688866+00:00,11241.0,45.0,117.19,38.0,1944.60546875,81.59242940321565
2026-07-26T04:44:46.989345+00:00,11241.0,46.0,117.59,38.0,1944.62109375,81.89290915802121
2026-07-26T04:44:47.290577+00:00,11241.0,46.0,118.19,38.0,1944.62109375,82.19414148852229
2026-07-26T04:44:47.613623+00:00,11241.0,37.0,131.76,40.0,1945.0859375,82.51718560606241
2026-07-26T04:44:47.956714+00:00,11241.0,84.0,179.41,41.0,1945.0859375,82.86027732491493
2026-07-26T04:44:48.259116+00:00,11241.0,43.0,212.35,42.0,1946.390625,83.16268081218004
2026-07-26T04:44:48.538256+00:00,11241.0,40.0,208.51,39.0,1946.390625,83.44182006642222
2026-07-26T04:44:48.841882+00:00,11241.0,40.0,166.26,39.0,1946.40234375,83.74544620141387
2026-07-26T04:44:49.160400+00:00,11241.0,41.0,116.67,39.0,1946.40234375,84.06396412104368
2026-07-26T04:44:49.462551+00:00,11241.0,41.0,108.72,38.0,1946.4140625,84.36611530557275
2026-07-26T04:44:49.763560+00:00,11241.0,41.0,109.31,38.0,1946.421875,84.66712440922856
2026-07-26T04:44:50.055306+00:00,11241.0,41.0,109.49,38.0,1946.421875,84.95886892825365
2026-07-26T04:44:50.359741+00:00,11241.0,42.0,109.68,38.0,1946.421875,85.26330480724573
2026-07-26T04:44:50.684907+00:00,11241.0,42.0,109.61,38.0,1946.4296875,85.5884717181325
2026-07-26T04:44:50.963922+00:00,11241.0,42.0,109.27,38.0,1946.4296875,85.86748671904206
2026-07-26T04:44:51.313874+00:00,11241.0,42.0,109.5,38.0,1946.44140625,86.21743828058243
2026-07-26T04:44:51.632865+00:00,11241.0,43.0,109.67,38.0,1946.44140625,86.53642838448286
2026-07-26T04:44:51.935057+00:00,11241.0,43.0,109.99,38.0,1946.44140625,86.8386198207736
2026-07-26T04:44:52.234793+00:00,11241.0,43.0,110.21,38.0,1946.45703125,87.13835595920682
2026-07-26T04:44:52.533170+00:00,11241.0,43.0,110.49,38.0,1946.45703125,87.43673414364457
2026-07-26T04:44:52.834145+00:00,11241.0,42.0,110.9,38.0,1946.4609375,87.73770860955119
2026-07-26T04:44:53.134360+00:00,11241.0,24.0,111.75,39.0,1946.640625,88.03792386129498
2026-07-26T04:44:53.482056+00:00,11241.0,58.0,137.03,40.0,1947.60546875,88.38561993092299
2026-07-26T04:44:53.806771+00:00,11241.0,59.0,158.74,40.0,1948.83203125,88.71033533662558
2026-07-26T04:44:54.111784+00:00,11241.0,41.0,168.01,39.0,1948.8359375,89.01534680649638
2026-07-26T04:44:54.416572+00:00,11241.0,40.0,145.66,38.0,1948.8359375,89.32013565301895
2026-07-26T04:44:54.723182+00:00,11241.0,41.0,121.17,38.0,1948.83984375,89.62674525752664
2026-07-26T04:44:55.056188+00:00,11241.0,40.0,108.46,38.0,1948.8515625,89.95975094661117
2026-07-26T04:44:55.364530+00:00,11241.0,42.0,108.82,38.0,1948.8515625,90.26809361577034
2026-07-26T04:44:55.666838+00:00,11241.0,41.0,109.26,38.0,1948.85546875,90.57040090486407
2026-07-26T04:44:56.022626+00:00,11241.0,42.0,109.67,38.0,1948.859375,90.9261897355318
2026-07-26T04:44:56.353040+00:00,11241.0,41.0,109.78,38.0,1948.859375,91.2566029317677
2026-07-26T04:44:56.657895+00:00,11241.0,41.0,109.81,38.0,1948.87109375,91.56145838275552
2026-07-26T04:44:56.941045+00:00,11241.0,43.0,109.92,38.0,1948.87109375,91.84460740163922
2026-07-26T04:44:57.245591+00:00,11241.0,41.0,109.87,38.0,1948.87109375,92.14915407076478
2026-07-26T04:44:57.550397+00:00,11241.0,43.0,110.5,38.0,1948.87890625,92.45396067202091
2026-07-26T04:44:57.831364+00:00,11241.0,43.0,110.63,38.0,1948.87890625,92.73492672666907
2026-07-26T04:44:58.135538+00:00,11241.0,43.0,110.91,38.0,1948.87890625,93.03910129144788
2026-07-26T04:44:58.417730+00:00,11241.0,43.0,111.34,38.0,1948.88671875,93.32129350677133
2026-07-26T04:44:58.723768+00:00,11241.0,43.0,111.99,38.0,1948.88671875,93.62733171135187
2026-07-26T04:44:59.027951+00:00,11241.0,44.0,112.81,38.0,1948.890625,93.93151430040598
2026-07-26T04:44:59.329324+00:00,11241.0,44.0,113.4,38.0,1948.90234375,94.2328878082335
2026-07-26T04:44:59.611996+00:00,11241.0,45.0,113.81,38.0,1948.90234375,94.51555908098817
2026-07-26T04:45:00.094791+00:00,11241.0,44.0,114.0,38.0,1948.91015625,94.99835438653827
2026-07-26T04:45:00.445830+00:00,11241.0,43.0,109.6,38.0,1948.91015625,95.34939169511199
2026-07-26T04:45:00.770102+00:00,11241.0,59.0,123.45,40.0,1949.11328125,95.67366450279951
2026-07-26T04:45:01.052351+00:00,11241.0,72.0,158.34,40.0,1949.11328125,95.95591375231743
2026-07-26T04:45:01.357712+00:00,11241.0,48.0,184.47,41.0,1949.390625,96.26127595454454
2026-07-26T04:45:01.656007+00:00,11241.0,41.0,180.1,39.0,1949.390625,96.55957002565265
2026-07-26T04:45:01.985768+00:00,11241.0,39.0,145.8,39.0,1949.390625,96.88933009281754
2026-07-26T04:45:02.288149+00:00,11241.0,40.0,117.48,38.0,1949.4140625,97.19171154126525
2026-07-26T04:45:02.639937+00:00,11241.0,40.0,108.25,38.0,1949.4140625,97.54349958896637
2026-07-26T04:45:02.943905+00:00,11241.0,42.0,108.9,38.0,1949.4140625,97.84746799618006
2026-07-26T04:45:03.225061+00:00,11241.0,42.0,108.88,38.0,1949.4140625,98.12862265110016
2026-07-26T04:45:03.530178+00:00,11241.0,41.0,109.14,38.0,1949.4140625,98.43373137712479
2026-07-26T04:45:03.857707+00:00,11241.0,42.0,109.26,38.0,1949.4140625,98.76126556098461
2026-07-26T04:45:04.160611+00:00,11241.0,42.0,109.17,38.0,1949.4140625,99.06417391449213
2026-07-26T04:45:04.458642+00:00,11241.0,41.0,109.41,38.0,1949.4140625,99.362205889076
2026-07-26T04:45:04.786362+00:00,11241.0,43.0,109.75,38.0,1949.4140625,99.6899247802794
2026-07-26T04:45:05.104893+00:00,11241.0,42.0,110.27,38.0,1949.4140625,100.00845599919558
2026-07-26T04:45:05.385010+00:00,11241.0,41.0,110.61,38.0,1949.4140625,100.28857320919633
2026-07-26T04:45:05.687695+00:00,11241.0,43.0,111.16,38.0,1949.4140625,100.59125877544284
2026-07-26T04:45:05.989930+00:00,11241.0,43.0,111.54,38.0,1949.4140625,100.89349274337292
2026-07-26T04:45:06.291853+00:00,11241.0,43.0,111.88,38.0,1949.4140625,101.1954167932272
2026-07-26T04:45:06.597045+00:00,11241.0,43.0,112.49,38.0,1949.4140625,101.50060296803713
2026-07-26T04:45:06.926358+00:00,11241.0,43.0,112.62,38.0,1949.4140625,101.82992089539766
2026-07-26T04:45:07.250724+00:00,11241.0,42.0,113.01,38.0,1949.4140625,102.15428800135851
2026-07-26T04:45:07.555341+00:00,11241.0,44.0,113.51,38.0,1949.4140625,102.45890545845032
2026-07-26T04:45:07.880433+00:00,11241.0,44.0,114.2,38.0,1949.4140625,102.7839979082346
2026-07-26T04:45:08.159740+00:00,11241.0,45.0,114.61,38.0,1949.4140625,103.06330528482795
2026-07-26T04:45:08.461636+00:00,11241.0,45.0,115.27,38.0,1949.4140625,103.365200471133
2026-07-26T04:45:08.744796+00:00,11241.0,45.0,115.51,38.0,1949.4140625,103.6483604311943
2026-07-26T04:45:09.086010+00:00,11241.0,44.0,115.94,38.0,1949.4140625,103.98957304656506
2026-07-26T04:45:09.409921+00:00,11241.0,45.0,116.41,38.0,1949.4140625,104.31348483636975
2026-07-26T04:45:09.710497+00:00,11241.0,46.0,115.94,38.0,1949.48046875,104.61406118050218
2026-07-26T04:45:10.012197+00:00,11241.0,65.0,149.6,40.0,1950.125,104.91576047614217
2026-07-26T04:45:10.320018+00:00,11241.0,81.0,183.74,41.0,1950.125,105.22358054667711
2026-07-26T04:45:10.669057+00:00,11241.0,49.0,203.45,39.0,1951.6796875,105.57261946052313
2026-07-26T04:45:10.976354+00:00,11241.0,39.0,177.3,39.0,1951.6796875,105.87991652265191
2026-07-26T04:45:11.300828+00:00,11241.0,39.0,135.31,39.0,1951.6796875,106.20439007878304
2026-07-26T04:45:11.583993+00:00,11241.0,40.0,108.65,39.0,1951.6796875,106.48755558207631
2026-07-26T04:45:11.888384+00:00,11241.0,41.0,108.73,39.0,1951.6796875,106.7919468358159
2026-07-26T04:45:12.215486+00:00,11241.0,40.0,109.0,38.0,1951.6796875,107.11904853582382
2026-07-26T04:45:12.517082+00:00,11241.0,42.0,109.04,38.0,1951.6796875,107.42064470425248
2026-07-26T04:45:12.815815+00:00,11241.0,36.0,107.61,38.0,1951.6796875,107.71937878802419
2026-07-26T04:45:13.121194+00:00,11241.0,41.0,107.79,38.0,1951.6796875,108.02475678920746
2026-07-26T04:45:13.426602+00:00,11241.0,41.0,107.82,38.0,1951.6796875,108.33016443252563
2026-07-26T04:45:13.737694+00:00,11241.0,42.0,109.64,38.0,1951.6796875,108.64125393331051
2026-07-26T04:45:14.023222+00:00,11241.0,43.0,110.23,38.0,1951.6796875,108.92678551003337
2026-07-26T04:45:14.327439+00:00,11241.0,42.0,110.62,38.0,1951.6796875,109.23100275173783
2026-07-26T04:45:14.630839+00:00,11241.0,42.0,111.04,38.0,1951.6796875,109.53440358862281
2026-07-26T04:45:14.956882+00:00,11241.0,43.0,111.63,38.0,1951.6796875,109.86044519394636
2026-07-26T04:45:15.236201+00:00,11241.0,43.0,111.92,38.0,1951.6796875,110.13976395502687
2026-07-26T04:45:15.559688+00:00,11241.0,37.0,111.81,38.0,1951.6796875,110.46325125917792
2026-07-26T04:45:15.840348+00:00,11241.0,43.0,112.23,38.0,1951.6796875,110.74391163885593
2026-07-26T04:45:16.165851+00:00,11241.0,44.0,112.53,38.0,1951.6796875,111.06941483169794
2026-07-26T04:45:16.466168+00:00,11241.0,44.0,113.08,38.0,1951.6796875,111.3697321601212
2026-07-26T04:45:16.783933+00:00,11241.0,44.0,113.87,38.0,1951.6796875,111.68749700114131
2026-07-26T04:45:17.062734+00:00,11241.0,44.0,114.11,38.0,1951.6796875,111.96629855036736
2026-07-26T04:45:17.388839+00:00,11241.0,44.0,114.37,38.0,1951.6796875,112.29240359738469
2026-07-26T04:45:17.715289+00:00,11241.0,44.0,115.05,38.0,1951.6796875,112.61885282769799
2026-07-26T04:45:18.041562+00:00,11241.0,45.0,115.8,38.0,1951.6796875,112.94512608274817
2026-07-26T04:45:18.344939+00:00,11241.0,45.0,116.52,38.0,1951.6796875,113.24850242957473
2026-07-26T04:45:18.645861+00:00,11241.0,45.0,116.72,38.0,1951.6796875,113.54942578449845
2026-07-26T04:45:18.974075+00:00,11241.0,46.0,117.46,38.0,1951.6796875,113.87763947620988
2026-07-26T04:45:19.296855+00:00,11241.0,46.0,117.79,39.0,1951.6796875,114.20041927695274
2026-07-26T04:45:19.642186+00:00,11241.0,75.0,129.86,40.0,1951.91015625,114.54574968293309
2026-07-26T04:45:19.945323+00:00,11241.0,75.0,169.04,41.0,1951.91796875,114.848886128515
2026-07-26T04:45:20.251735+00:00,11241.0,42.0,205.83,41.0,1953.40625,115.15529907494783
2026-07-26T04:45:20.554402+00:00,11241.0,41.0,206.47,39.0,1953.40625,115.45796598494053
2026-07-26T04:45:20.880332+00:00,11241.0,41.0,164.26,39.0,1953.40625,115.78389633074403
2026-07-26T04:45:21.160645+00:00,11241.0,41.0,122.02,39.0,1953.40625,116.06420834735036
2026-07-26T04:45:21.440033+00:00,11241.0,41.0,108.5,39.0,1953.40625,116.3435972891748
2026-07-26T04:45:21.745119+00:00,11241.0,42.0,109.01,39.0,1953.40625,116.64868311956525
2026-07-26T04:45:22.076273+00:00,11241.0,41.0,109.06,39.0,1953.40625,116.9798369333148
2026-07-26T04:45:22.374600+00:00,11241.0,42.0,109.33,38.0,1953.40625,117.27816359326243
2026-07-26T04:45:22.699627+00:00,11241.0,42.0,109.52,38.0,1953.40625,117.60319149494171
2026-07-26T04:45:23.024501+00:00,11241.0,42.0,109.62,38.0,1953.40625,117.92806521058083
2026-07-26T04:45:23.326373+00:00,11241.0,42.0,110.09,38.0,1953.40625,118.22993795201182
2026-07-26T04:45:23.627202+00:00,11241.0,43.0,110.05,38.0,1953.40625,118.53076586872339
2026-07-26T04:45:23.928437+00:00,11241.0,42.0,110.52,38.0,1953.40625,118.83200122788548
2026-07-26T04:45:24.231301+00:00,11241.0,43.0,110.7,38.0,1953.40625,119.13486443832517
2026-07-26T04:45:24.534960+00:00,11241.0,43.0,111.01,38.0,1953.40625,119.43852372840047
2026-07-26T04:45:24.837525+00:00,11241.0,43.0,111.53,38.0,1953.40625,119.74108991026878
2026-07-26T04:45:25.184412+00:00,11241.0,43.0,112.0,38.0,1953.40625,120.08797598257661
2026-07-26T04:45:25.514341+00:00,11241.0,43.0,112.23,38.0,1953.45703125,120.41790334507823
2026-07-26T04:45:25.816079+00:00,11241.0,53.0,138.89,40.0,1953.6328125,120.7196436598897
2026-07-26T04:45:26.138743+00:00,11241.0,65.0,166.38,40.0,1953.6328125,121.04230523854494
2026-07-26T04:45:26.446276+00:00,11243.0,44.0,189.62,39.0,1954.16796875,121.34983890131116
2026-07-26T04:45:26.753681+00:00,11243.0,44.0,170.84,39.0,1954.16796875,121.65724347159266
2026-07-26T04:45:27.052021+00:00,11243.0,43.0,142.97,39.0,1954.16796875,121.9555833414197
2026-07-26T04:45:27.376957+00:00,11243.0,44.0,114.09,39.0,1954.16796875,122.28051988780499
2026-07-26T04:45:27.704764+00:00,11243.0,43.0,114.2,39.0,1954.16796875,122.60832601413131
2026-07-26T04:45:27.994693+00:00,11243.0,44.0,114.69,39.0,1954.16796875,122.89825592562556
2026-07-26T04:45:28.279349+00:00,11243.0,43.0,114.88,39.0,1954.16796875,123.1829125918448
2026-07-26T04:45:28.563861+00:00,11243.0,44.0,115.62,39.0,1954.16796875,123.46742434054613
2026-07-26T04:45:28.914382+00:00,11243.0,45.0,116.15,39.0,1954.16796875,123.81794475018978
2026-07-26T04:45:29.243023+00:00,11243.0,45.0,116.64,39.0,1954.16796875,124.14658562466502
2026-07-26T04:45:29.568736+00:00,11243.0,47.0,117.09,39.0,1954.16796875,124.47229834273458
2026-07-26T04:45:29.878497+00:00,11243.0,46.0,117.49,39.0,1954.16796875,124.78206017613411
2026-07-26T04:45:30.183902+00:00,11243.0,45.0,118.56,39.0,1954.16796875,125.08746462315321
2026-07-26T04:45:30.513285+00:00,11243.0,46.0,118.6,39.0,1954.16796875,125.41684767603874
2026-07-26T04:45:30.816053+00:00,11243.0,44.0,119.23,39.0,1954.16796875,125.7196169346571
2026-07-26T04:45:31.122649+00:00,11243.0,46.0,119.51,39.0,1954.16796875,126.02621142566204
2026-07-26T04:45:31.472875+00:00,11243.0,46.0,119.76,39.0,1954.16796875,126.37643827497959
2026-07-26T04:45:31.775699+00:00,11243.0,46.0,119.78,39.0,1954.16796875,126.6792628839612
2026-07-26T04:45:32.080146+00:00,11243.0,47.0,119.9,39.0,1954.16796875,126.98370936885476
2026-07-26T04:45:32.410348+00:00,11243.0,34.0,131.93,40.0,1954.6171875,127.31391053646803
2026-07-26T04:45:32.760682+00:00,11243.0,78.0,177.32,42.0,1954.6171875,127.66424584016204
2026-07-26T04:45:33.087913+00:00,11243.0,71.0,223.41,40.0,1956.12109375,127.99147675186396
2026-07-26T04:45:33.394069+00:00,11243.0,38.0,211.69,39.0,1956.12109375,128.29762908816338
2026-07-26T04:45:33.702099+00:00,11243.0,41.0,170.91,39.0,1956.1328125,128.60566111654043
2026-07-26T04:45:34.007543+00:00,11243.0,39.0,118.51,39.0,1956.1328125,128.9111062400043
2026-07-26T04:45:34.352504+00:00,11243.0,39.0,107.67,39.0,1956.1328125,129.2560676895082
2026-07-26T04:45:34.679144+00:00,11243.0,41.0,108.04,39.0,1956.1328125,129.58270724862814
2026-07-26T04:45:34.994359+00:00,11243.0,39.0,108.59,39.0,1956.1328125,129.89792108908296
2026-07-26T04:45:35.323726+00:00,11243.0,41.0,109.29,39.0,1956.1328125,130.22726717218757
2026-07-26T04:45:35.629353+00:00,11243.0,40.0,109.66,39.0,1956.1328125,130.53291567415
2026-07-26T04:45:35.931542+00:00,11243.0,42.0,109.94,39.0,1956.1328125,130.83510516956449
2026-07-26T04:45:36.260042+00:00,11243.0,41.0,109.86,39.0,1956.1328125,131.16360491886735
2026-07-26T04:45:36.565974+00:00,11243.0,42.0,110.0,39.0,1956.1328125,131.46953665465117
2026-07-26T04:45:36.875497+00:00,11243.0,30.0,108.78,39.0,1956.1328125,131.77906100079417
2026-07-26T04:45:37.225316+00:00,11243.0,42.0,109.14,39.0,1956.1328125,132.12887924909592
2026-07-26T04:45:37.530732+00:00,11243.0,42.0,109.46,39.0,1956.1328125,132.434295874089
2026-07-26T04:45:37.832050+00:00,11243.0,42.0,110.94,39.0,1956.1328125,132.73560942336917
2026-07-26T04:45:38.178711+00:00,11243.0,43.0,111.63,39.0,1956.1328125,133.08227432146668
2026-07-26T04:45:38.505068+00:00,11243.0,42.0,111.75,39.0,1956.1328125,133.40863025560975
2026-07-26T04:45:38.851059+00:00,11243.0,43.0,112.46,39.0,1956.1328125,133.7546222023666
2026-07-26T04:45:39.175284+00:00,11243.0,27.0,119.22,40.0,1956.3828125,134.07884689420462
2026-07-26T04:45:39.486822+00:00,11243.0,61.0,146.9,40.0,1956.3828125,134.39038413017988
2026-07-26T04:45:39.773249+00:00,11243.0,66.0,175.21,41.0,1957.34375,134.67681331560016
2026-07-26T04:45:40.084895+00:00,11243.0,40.0,181.07,39.0,1957.44921875,134.9884580746293
2026-07-26T04:45:40.387516+00:00,11243.0,39.0,153.52,39.0,1957.44921875,135.29107968881726
2026-07-26T04:45:40.709528+00:00,11243.0,40.0,119.94,39.0,1957.453125,135.61309177428484
2026-07-26T04:45:41.010958+00:00,11243.0,40.0,107.67,39.0,1957.45703125,135.91452199965715
2026-07-26T04:45:41.319604+00:00,11243.0,40.0,107.94,39.0,1957.45703125,136.2231662683189
2026-07-26T04:45:41.653065+00:00,11243.0,39.0,107.9,39.0,1957.45703125,136.55662820860744
2026-07-26T04:45:41.960610+00:00,11243.0,41.0,108.22,39.0,1957.45703125,136.8641736395657
2026-07-26T04:45:42.265451+00:00,11243.0,40.0,108.67,39.0,1957.45703125,137.16901401430368
2026-07-26T04:45:42.590908+00:00,11243.0,40.0,108.94,39.0,1957.45703125,137.49447122961283
2026-07-26T04:45:42.899351+00:00,11243.0,42.0,109.0,39.0,1957.45703125,137.8029136247933
2026-07-26T04:45:43.226407+00:00,11243.0,42.0,109.42,39.0,1957.45703125,138.1299705207348
2026-07-26T04:45:43.580338+00:00,11243.0,41.0,110.07,39.0,1957.45703125,138.48390071839094
2026-07-26T04:45:43.906651+00:00,11243.0,42.0,110.55,39.0,1957.45703125,138.8102133758366
2026-07-26T04:45:44.238331+00:00,11243.0,42.0,110.54,38.0,1957.45703125,139.14189144223928
2026-07-26T04:45:44.542678+00:00,11243.0,42.0,110.53,39.0,1957.45703125,139.4462397918105
2026-07-26T04:45:44.826807+00:00,11243.0,57.0,130.17,40.0,1957.54296875,139.73037039861083
2026-07-26T04:45:45.156534+00:00,11243.0,44.0,156.48,40.0,1957.54296875,140.0600969530642
2026-07-26T04:45:45.460819+00:00,11243.0,67.0,173.29,39.0,1958.10546875,140.36438296362758
2026-07-26T04:45:45.792002+00:00,11243.0,40.0,158.92,39.0,1958.10546875,140.69556250423193
2026-07-26T04:45:46.099444+00:00,11243.0,40.0,132.68,39.0,1958.10546875,141.00300708413124
2026-07-26T04:45:46.447765+00:00,11243.0,41.0,108.46,39.0,1958.10546875,141.35132820159197
2026-07-26T04:45:46.752063+00:00,11243.0,41.0,108.64,39.0,1958.10546875,141.65562645718455
2026-07-26T04:45:47.102001+00:00,11243.0,42.0,109.13,39.0,1958.10546875,142.005563352257
2026-07-26T04:45:47.409776+00:00,11243.0,40.0,109.31,39.0,1958.10546875,142.31333850696683
2026-07-26T04:45:47.735346+00:00,11243.0,41.0,109.68,39.0,1958.10546875,142.63890765234828
2026-07-26T04:45:48.062599+00:00,11243.0,41.0,109.91,39.0,1958.109375,142.9661625251174
2026-07-26T04:45:48.412443+00:00,11243.0,43.0,110.15,39.0,1958.109375,143.31600610911846
2026-07-26T04:45:48.718045+00:00,11243.0,40.0,110.44,39.0,1958.109375,143.62160794064403
2026-07-26T04:45:49.044692+00:00,11243.0,41.0,110.73,39.0,1958.109375,143.94825468212366
2026-07-26T04:45:49.398683+00:00,11243.0,43.0,111.22,39.0,1958.109375,144.30224607139826
2026-07-26T04:45:49.729529+00:00,11243.0,43.0,111.35,39.0,1958.11328125,144.63309298828244
2026-07-26T04:45:50.106711+00:00,11243.0,41.0,111.65,38.0,1958.11328125,145.0102737545967
2026-07-26T04:45:50.436044+00:00,11243.0,42.0,111.88,39.0,1958.1171875,145.33960679545999
2026-07-26T04:45:50.762126+00:00,11243.0,43.0,112.12,39.0,1958.12109375,145.66568828746676
2026-07-26T04:45:51.087672+00:00,11243.0,42.0,112.91,39.0,1958.12109375,145.9912350550294
2026-07-26T04:45:51.394004+00:00,11243.0,42.0,113.56,39.0,1958.12109375,146.29756639152765
2026-07-26T04:45:51.724080+00:00,11243.0,44.0,114.4,39.0,1958.12109375,146.6276434659958
2026-07-26T04:45:52.059670+00:00,11243.0,28.0,117.06,39.0,1958.31640625,146.96323247253895
2026-07-26T04:45:52.384927+00:00,11243.0,70.0,149.87,40.0,1958.7421875,147.28849021717906
2026-07-26T04:45:52.690695+00:00,11243.0,70.0,179.4,41.0,1959.68359375,147.59425923228264
2026-07-26T04:45:53.022382+00:00,11243.0,100.0,239.0,43.0,1961.14453125,147.9259453713894
2026-07-26T04:45:53.329726+00:00,11243.0,49.0,223.86,40.0,1961.14453125,148.2332892715931
2026-07-26T04:45:53.638066+00:00,11243.0,54.0,199.09,40.0,1961.14453125,148.54162978380919
2026-07-26T04:45:53.944913+00:00,11243.0,54.0,160.13,40.0,1961.14453125,148.84847647696733
2026-07-26T04:45:54.251963+00:00,11243.0,55.0,140.78,40.0,1961.14453125,149.1555265672505
2026-07-26T04:45:54.605172+00:00,11243.0,55.0,143.67,40.0,1961.14453125,149.50873517245054
2026-07-26T04:45:54.908951+00:00,11243.0,54.0,143.74,40.0,1961.14453125,149.81251472607255
2026-07-26T04:45:55.213038+00:00,11243.0,56.0,144.29,40.0,1961.14453125,150.11660071089864
2026-07-26T04:45:55.540332+00:00,11243.0,56.0,144.53,40.0,1961.1484375,150.4438956975937
2026-07-26T04:45:55.846750+00:00,11243.0,55.0,144.38,40.0,1961.1484375,150.75031315907836
2026-07-26T04:45:56.152229+00:00,11243.0,53.0,144.65,40.0,1961.1484375,151.05579233542085
2026-07-26T04:45:56.500782+00:00,11243.0,56.0,144.87,40.0,1961.15234375,151.40434544160962
2026-07-26T04:45:56.801339+00:00,11243.0,56.0,146.07,40.0,1961.15234375,151.70490251854062
2026-07-26T04:45:57.108394+00:00,11243.0,57.0,147.38,40.0,1961.15625,152.01195711642504
2026-07-26T04:45:57.428415+00:00,11243.0,57.0,148.5,40.0,1961.1640625,152.33197869732976
2026-07-26T04:45:57.737712+00:00,11243.0,56.0,147.75,40.0,1961.1640625,152.64127520099282
2026-07-26T04:45:58.020916+00:00,11243.0,54.0,148.0,40.0,1961.16796875,152.9244785271585
2026-07-26T04:45:58.326191+00:00,11243.0,57.0,148.05,40.0,1961.16796875,153.2297550290823
2026-07-26T04:45:58.611276+00:00,11243.0,57.0,147.91,40.0,1961.16796875,153.5148393586278
2026-07-26T04:45:58.939534+00:00,11243.0,54.0,147.12,40.0,1961.16796875,153.84309750422835
2026-07-26T04:45:59.271751+00:00,11243.0,57.0,147.69,40.0,1961.16796875,154.17531430348754
2026-07-26T04:45:59.600979+00:00,11243.0,53.0,148.01,40.0,1961.16796875,154.50454297289252
2026-07-26T04:45:59.903731+00:00,11243.0,57.0,149.77,40.0,1961.171875,154.8072945550084
2026-07-26T04:46:00.255124+00:00,11243.0,57.0,150.49,40.0,1961.171875,155.1586874946952
2026-07-26T04:46:00.585078+00:00,11243.0,56.0,152.21,40.0,1961.171875,155.48864160850644
2026-07-26T04:46:00.911449+00:00,11243.0,56.0,152.02,40.0,1961.171875,155.81501231342554
2026-07-26T04:46:01.195171+00:00,11243.0,58.0,151.84,40.0,1961.171875,156.09873405098915
2026-07-26T04:46:01.525196+00:00,11243.0,58.0,152.45,40.0,1961.17578125,156.42875932902098
2026-07-26T04:46:01.851487+00:00,11243.0,58.0,152.57,40.0,1961.17578125,156.75505016371608
2026-07-26T04:46:02.173484+00:00,11243.0,52.0,149.77,40.0,1961.18359375,157.07704728841782
2026-07-26T04:46:02.486144+00:00,11243.0,99.0,192.32,43.0,1961.25,157.38970712944865
2026-07-26T04:46:02.776100+00:00,11243.0,99.0,236.58,43.0,1961.25,157.67966359853745
2026-07-26T04:46:03.084086+00:00,11243.0,91.0,283.53,44.0,1961.25,157.98764891549945
2026-07-26T04:46:03.397067+00:00,11243.0,91.0,307.14,44.0,1961.25390625,158.30062419176102
2026-07-26T04:46:03.696375+00:00,11243.0,100.0,301.44,44.0,1962.59375,158.59993873536587
2026-07-26T04:46:03.999710+00:00,11243.0,39.0,253.82,41.0,1962.59375,158.90327349677682
2026-07-26T04:46:04.350892+00:00,11243.0,40.0,184.34,40.0,1962.59375,159.25445484742522
2026-07-26T04:46:04.657539+00:00,11243.0,40.0,124.8,40.0,1962.59375,159.5611016973853
2026-07-26T04:46:05.007871+00:00,11243.0,41.0,108.95,40.0,1962.6015625,159.91143335402012
2026-07-26T04:46:05.335761+00:00,11243.0,40.0,108.88,40.0,1962.6015625,160.23932369053364
2026-07-26T04:46:05.662558+00:00,11243.0,41.0,108.97,40.0,1962.6015625,160.5661210231483
2026-07-26T04:46:05.995704+00:00,11243.0,40.0,109.34,40.0,1962.6015625,160.8992668390274
2026-07-26T04:46:06.319617+00:00,11243.0,41.0,109.56,40.0,1962.6015625,161.2231796681881
2026-07-26T04:46:06.649114+00:00,11243.0,40.0,109.76,40.0,1962.60546875,161.5526775866747
2026-07-26T04:46:06.955874+00:00,11243.0,39.0,109.46,40.0,1962.60546875,161.85943799838424
2026-07-26T04:46:07.307171+00:00,11243.0,41.0,109.77,40.0,1962.60546875,162.21073440089822
2026-07-26T04:46:07.657006+00:00,11243.0,41.0,110.09,40.0,1962.61328125,162.56056816503406
2026-07-26T04:46:07.986891+00:00,11243.0,42.0,110.44,40.0,1962.6875,162.89045355468988
2026-07-26T04:46:08.294259+00:00,11243.0,55.0,131.23,41.0,1963.140625,163.19782219454646
2026-07-26T04:46:08.620459+00:00,11243.0,57.0,154.84,41.0,1963.14453125,163.52402253821492
2026-07-26T04:46:08.923303+00:00,11243.0,40.0,166.47,40.0,1963.9765625,163.82686667889357
2026-07-26T04:46:09.227224+00:00,11243.0,40.0,149.03,40.0,1964.0234375,164.13078656420112
2026-07-26T04:46:09.533238+00:00,11243.0,41.0,128.7,40.0,1964.03515625,164.43680151179433
2026-07-26T04:46:09.834558+00:00,11243.0,41.0,109.31,40.0,1964.0390625,164.73812206462026
2026-07-26T04:46:10.118115+00:00,11243.0,40.0,109.37,40.0,1964.0390625,165.0216790959239
2026-07-26T04:46:10.418213+00:00,11243.0,41.0,109.93,40.0,1964.0390625,165.32177695259452
2026-07-26T04:46:10.747885+00:00,11243.0,42.0,110.31,40.0,1964.0390625,165.65144850313663
2026-07-26T04:46:11.050120+00:00,11243.0,42.0,110.33,39.0,1964.0390625,165.95368337631226
2026-07-26T04:46:11.356809+00:00,11243.0,42.0,110.4,39.0,1964.0390625,166.26036024093628
2026-07-26T04:46:11.661367+00:00,11243.0,41.0,110.33,39.0,1964.04296875,166.5649306923151
2026-07-26T04:46:11.985458+00:00,11243.0,42.0,110.54,39.0,1964.04296875,166.88902105763555
2026-07-26T04:46:12.286047+00:00,11243.0,42.0,110.81,39.0,1964.04296875,167.1896112896502
2026-07-26T04:46:12.565521+00:00,11243.0,42.0,110.94,39.0,1964.04296875,167.46908488869667
2026-07-26T04:46:12.844990+00:00,11243.0,42.0,110.97,39.0,1964.04296875,167.74854888767004
2026-07-26T04:46:13.145519+00:00,11243.0,42.0,111.33,39.0,1964.05078125,168.04908350855112
2026-07-26T04:46:13.470321+00:00,11243.0,50.0,123.28,40.0,1964.35546875,168.37388501688838
2026-07-26T04:46:13.775733+00:00,11243.0,60.0,147.97,41.0,1964.359375,168.679295912385
2026-07-26T04:46:14.079341+00:00,11243.0,48.0,169.97,42.0,1967.22265625,168.98290500044823
2026-07-26T04:46:14.360858+00:00,11243.0,41.0,164.46,40.0,1967.22265625,169.2644213847816
2026-07-26T04:46:14.662000+00:00,11243.0,41.0,139.03,39.0,1967.2265625,169.56556441262364
2026-07-26T04:46:14.943104+00:00,11243.0,41.0,119.37,39.0,1967.23046875,169.84666818380356
2026-07-26T04:46:15.246035+00:00,11243.0,41.0,109.58,39.0,1967.23046875,170.1495987586677
2026-07-26T04:46:15.572026+00:00,11243.0,41.0,109.57,39.0,1967.23046875,170.47559018433094
2026-07-26T04:46:15.922640+00:00,11243.0,40.0,109.43,39.0,1967.23828125,170.82620368897915
2026-07-26T04:46:16.250430+00:00,11243.0,42.0,109.4,39.0,1967.23828125,171.1539933681488
2026-07-26T04:46:16.531271+00:00,11243.0,42.0,109.51,39.0,1967.2421875,171.43483558297157
2026-07-26T04:46:16.811035+00:00,11243.0,42.0,110.06,39.0,1967.2421875,171.71459870785475
2026-07-26T04:46:17.137453+00:00,11243.0,43.0,110.73,39.0,1967.2421875,172.04101678729057
2026-07-26T04:46:17.434099+00:00,11243.0,42.0,110.95,39.0,1967.2421875,172.3376633375883
2026-07-26T04:46:17.742206+00:00,11243.0,42.0,111.49,39.0,1967.2421875,172.64576997607946
2026-07-26T04:46:18.093493+00:00,11243.0,42.0,111.67,39.0,1967.2421875,172.9970571026206
2026-07-26T04:46:18.417243+00:00,11243.0,42.0,112.22,39.0,1967.24609375,173.32080721110106
2026-07-26T04:46:18.743314+00:00,11243.0,44.0,112.83,39.0,1967.24609375,173.646877579391
2026-07-26T04:46:19.046084+00:00,11243.0,43.0,113.29,39.0,1967.25390625,173.9496476314962
2026-07-26T04:46:19.348608+00:00,11243.0,44.0,113.91,39.0,1967.25390625,174.25217247009277
2026-07-26T04:46:19.673211+00:00,11243.0,43.0,114.03,39.0,1967.25390625,174.57677547633648
2026-07-26T04:46:20.024640+00:00,11243.0,70.0,142.03,41.0,1967.45703125,174.92820278927684
2026-07-26T04:46:20.330170+00:00,11243.0,68.0,171.51,41.0,1967.45703125,175.2337326221168
2026-07-26T04:46:20.660566+00:00,11243.0,39.0,185.09,40.0,1967.703125,175.5641286186874
2026-07-26T04:46:20.990207+00:00,11243.0,39.0,159.55,39.0,1967.703125,175.89377017691731
2026-07-26T04:46:21.293977+00:00,11243.0,41.0,131.49,39.0,1967.70703125,176.1975403688848
2026-07-26T04:46:21.597292+00:00,11243.0,42.0,108.61,39.0,1967.7109375,176.50085601955652
2026-07-26T04:46:21.927054+00:00,11243.0,40.0,109.18,39.0,1967.7265625,176.83061791211367
2026-07-26T04:46:22.234944+00:00,11243.0,42.0,109.33,39.0,1967.7265625,177.13850716128945
2026-07-26T04:46:22.561267+00:00,11243.0,40.0,109.29,39.0,1967.7265625,177.46483045071363
2026-07-26T04:46:22.914929+00:00,11243.0,41.0,109.58,39.0,1967.73828125,177.81849224120378
2026-07-26T04:46:23.243427+00:00,11243.0,42.0,109.88,39.0,1967.73828125,178.14698991551995
2026-07-26T04:46:23.572325+00:00,11243.0,42.0,110.27,39.0,1967.73828125,178.47588718682528
2026-07-26T04:46:23.898698+00:00,11243.0,42.0,110.61,39.0,1967.77734375,178.8022596873343
2026-07-26T04:46:24.228100+00:00,11243.0,41.0,110.55,39.0,1967.78125,179.1316603422165
2026-07-26T04:46:24.556943+00:00,11243.0,41.0,111.16,39.0,1967.78125,179.46050494536757
2026-07-26T04:46:24.892710+00:00,11243.0,43.0,111.8,39.0,1967.78125,179.79626742377877
2026-07-26T04:46:25.174974+00:00,11243.0,43.0,112.28,39.0,1967.78125,180.07853616774082
2026-07-26T04:46:25.457204+00:00,11243.0,43.0,113.23,39.0,1967.7890625,180.36076759174466
2026-07-26T04:46:25.757482+00:00,11243.0,44.0,113.38,39.0,1967.7890625,180.66104502230883
2026-07-26T04:46:26.085250+00:00,11243.0,44.0,114.11,39.0,1967.79296875,180.9888137690723
2026-07-26T04:46:26.409213+00:00,11243.0,44.0,114.49,39.0,1967.796875,181.31277636811137
2026-07-26T04:46:26.743919+00:00,11243.0,44.0,114.65,39.0,1967.796875,181.64748119190335
2026-07-26T04:46:27.047311+00:00,11243.0,44.0,114.82,39.0,1967.80859375,181.95087446644902
2026-07-26T04:46:27.350548+00:00,11243.0,44.0,115.43,39.0,1967.80859375,182.25411113724113
2026-07-26T04:46:27.674947+00:00,11243.0,45.0,115.97,39.0,1967.8125,182.57851069420576
2026-07-26T04:46:27.960730+00:00,11243.0,45.0,116.57,39.0,1967.81640625,182.86429373547435
2026-07-26T04:46:28.281363+00:00,11243.0,45.0,117.11,39.0,1967.81640625,183.1849264651537
2026-07-26T04:46:28.601297+00:00,11243.0,46.0,117.86,39.0,1967.8203125,183.50486078485847
2026-07-26T04:46:28.907544+00:00,11243.0,45.0,118.15,39.0,1967.8203125,183.8111081160605
2026-07-26T04:46:29.210474+00:00,11243.0,47.0,118.34,39.0,1967.8203125,184.11403856426477
2026-07-26T04:46:29.521939+00:00,11243.0,54.0,127.03,39.0,1967.9375,184.42550330236554
2026-07-26T04:46:29.829071+00:00,11243.0,66.0,165.93,42.0,1967.94140625,184.73263540491462
2026-07-26T04:46:30.132469+00:00,11243.0,73.0,205.69,41.0,1968.17578125,185.03603406250477
2026-07-26T04:46:30.466080+00:00,11243.0,40.0,214.05,39.0,1968.25390625,185.36964423581958
2026-07-26T04:46:30.750051+00:00,11243.0,41.0,172.32,39.0,1968.2578125,185.65361576899886
2026-07-26T04:46:31.079997+00:00,11243.0,39.0,124.44,39.0,1968.2578125,185.98356053978205
2026-07-26T04:46:31.383654+00:00,11243.0,40.0,108.89,39.0,1968.265625,186.2872180454433
2026-07-26T04:46:31.708845+00:00,11243.0,41.0,109.08,39.0,1968.27734375,186.61240908131003
2026-07-26T04:46:32.033104+00:00,11243.0,41.0,109.25,39.0,1968.27734375,186.9366680495441
2026-07-26T04:46:32.334500+00:00,11243.0,42.0,109.6,39.0,1968.2890625,187.23806325346231
2026-07-26T04:46:32.638266+00:00,11243.0,42.0,109.6,39.0,1968.2890625,187.54182893410325
2026-07-26T04:46:32.941177+00:00,11243.0,42.0,109.95,39.0,1968.2890625,187.84474077820778
2026-07-26T04:46:33.245052+00:00,11243.0,41.0,110.18,39.0,1968.29296875,188.148615822196
2026-07-26T04:46:33.546388+00:00,11243.0,42.0,110.22,39.0,1968.29296875,188.44995249435306
2026-07-26T04:46:33.827887+00:00,11243.0,42.0,110.7,39.0,1968.29296875,188.7314517199993
2026-07-26T04:46:34.153411+00:00,11243.0,42.0,110.85,39.0,1968.296875,189.05697517096996
2026-07-26T04:46:34.506338+00:00,11243.0,42.0,111.7,39.0,1968.296875,189.40990198776126
2026-07-26T04:46:34.813817+00:00,11243.0,43.0,112.44,39.0,1968.375,189.71738089621067
2026-07-26T04:46:35.124622+00:00,11243.0,65.0,137.1,41.0,1968.3828125,190.02818563953042
2026-07-26T04:46:35.446150+00:00,11243.0,61.0,164.2,41.0,1968.3828125,190.3497118204832
2026-07-26T04:46:35.750618+00:00,11243.0,40.0,174.64,39.0,1968.59765625,190.654181368649
2026-07-26T04:46:36.054699+00:00,11243.0,40.0,157.96,39.0,1968.59765625,190.95826273411512
2026-07-26T04:46:36.360785+00:00,11243.0,39.0,131.33,39.0,1968.59765625,191.26434763148427
2026-07-26T04:46:36.665689+00:00,11243.0,40.0,109.15,39.0,1968.6015625,191.56925164535642
2026-07-26T04:46:36.994458+00:00,11243.0,39.0,109.42,39.0,1968.61328125,191.89802176877856
2026-07-26T04:46:37.279360+00:00,11243.0,42.0,109.45,39.0,1968.61328125,192.18292311951518
2026-07-26T04:46:37.586029+00:00,11243.0,41.0,109.58,39.0,1968.61328125,192.48959186673164
2026-07-26T04:46:37.931085+00:00,11243.0,41.0,109.54,39.0,1968.62109375,192.83464792370796
2026-07-26T04:46:38.236623+00:00,11243.0,41.0,109.68,39.0,1968.62109375,193.14018573611975
2026-07-26T04:46:38.563724+00:00,11243.0,42.0,109.89,39.0,1968.625,193.46727804094553
2026-07-26T04:46:38.872584+00:00,11243.0,41.0,110.03,39.0,1968.625,193.77614795416594
2026-07-26T04:46:39.201078+00:00,11243.0,42.0,110.16,39.0,1968.625,194.10464124381542
2026-07-26T04:46:39.534737+00:00,11243.0,41.0,110.25,39.0,1968.6328125,194.43829922005534
2026-07-26T04:46:39.839703+00:00,11243.0,27.0,109.8,39.0,1968.6328125,194.74326560646296
2026-07-26T04:46:40.184169+00:00,11243.0,43.0,110.43,39.0,1968.6328125,195.08773305639625
2026-07-26T04:46:40.486729+00:00,11243.0,43.0,110.96,39.0,1968.63671875,195.39029285684228
2026-07-26T04:46:40.789906+00:00,11243.0,44.0,111.9,39.0,1968.63671875,195.6934701129794
2026-07-26T04:46:41.098181+00:00,11243.0,44.0,112.66,39.0,1968.64453125,196.00174399837852
2026-07-26T04:46:41.425517+00:00,11243.0,44.0,113.23,39.0,1968.64453125,196.3290813602507
2026-07-26T04:46:41.756770+00:00,11243.0,43.0,113.85,39.0,1968.6484375,196.66033359244466
2026-07-26T04:46:42.059081+00:00,11243.0,43.0,114.51,39.0,1968.66796875,196.96264494210482
2026-07-26T04:46:42.362074+00:00,11243.0,44.0,115.06,39.0,1968.66796875,197.26563758030534
2026-07-26T04:46:42.665956+00:00,11243.0,45.0,115.24,39.0,1968.671875,197.56952034309506
2026-07-26T04:46:42.969882+00:00,11243.0,44.0,115.66,39.0,1968.6796875,197.87344619259238
2026-07-26T04:46:43.273577+00:00,11243.0,45.0,116.15,39.0,1968.6796875,198.17714083194733
2026-07-26T04:46:43.579064+00:00,11243.0,45.0,116.6,39.0,1968.6875,198.48262855038047
2026-07-26T04:46:43.931655+00:00,11243.0,55.0,133.27,40.0,1969.07421875,198.83521780744195
2026-07-26T04:46:44.215881+00:00,11243.0,61.0,167.63,41.0,1969.078125,199.11944504082203
2026-07-26T04:46:44.522172+00:00,11243.0,45.0,200.76,41.0,1969.3984375,199.4257358573377
2026-07-26T04:46:44.825912+00:00,11243.0,40.0,194.14,39.0,1969.3984375,199.72947637736797
2026-07-26T04:46:45.130515+00:00,11243.0,41.0,161.48,39.0,1969.3984375,200.03407882526517
2026-07-26T04:46:45.456357+00:00,11243.0,41.0,120.52,39.0,1969.40234375,200.35992116481066
2026-07-26T04:46:45.738867+00:00,11243.0,41.0,109.72,39.0,1969.41015625,200.6424308642745
2026-07-26T04:46:46.096305+00:00,11243.0,42.0,109.7,39.0,1969.41015625,200.99986758455634
2026-07-26T04:46:46.398765+00:00,11243.0,42.0,109.62,39.0,1969.41015625,201.30232925713062
2026-07-26T04:46:46.702626+00:00,11243.0,42.0,109.69,39.0,1969.421875,201.60618924722075
2026-07-26T04:46:47.005670+00:00,11243.0,42.0,109.71,39.0,1969.421875,201.90923374146223
2026-07-26T04:46:47.308329+00:00,11243.0,42.0,110.22,39.0,1969.42578125,202.21189384162426
2026-07-26T04:46:47.632519+00:00,11243.0,42.0,110.39,39.0,1969.42578125,202.53608383983374
2026-07-26T04:46:47.958037+00:00,11243.0,42.0,110.68,39.0,1969.42578125,202.86160154268146
2026-07-26T04:46:48.262835+00:00,11243.0,42.0,110.97,39.0,1969.4375,203.16639817133546
2026-07-26T04:46:48.588766+00:00,11243.0,43.0,111.47,39.0,1969.4375,203.49232914298773
2026-07-26T04:46:48.869780+00:00,11243.0,43.0,111.82,39.0,1969.44140625,203.77334417402744
2026-07-26T04:46:49.150366+00:00,11243.0,43.0,112.17,39.0,1969.44921875,204.0539301596582
2026-07-26T04:46:49.453790+00:00,11243.0,43.0,112.56,39.0,1969.44921875,204.3573544882238
2026-07-26T04:46:49.781215+00:00,11243.0,44.0,113.11,39.0,1969.453125,204.68477924913168
2026-07-26T04:46:50.106568+00:00,11243.0,44.0,113.55,39.0,1969.453125,205.01013149693608
2026-07-26T04:46:50.414237+00:00,11243.0,57.0,128.02,40.0,1969.74609375,205.31780003756285
2026-07-26T04:46:50.741944+00:00,11243.0,56.0,163.56,40.0,1969.75390625,205.64550752937794
2026-07-26T04:46:51.048205+00:00,11243.0,63.0,187.49,40.0,1970.140625,205.95176785439253
2026-07-26T04:46:51.351244+00:00,11243.0,41.0,177.36,39.0,1970.140625,206.25480809435248
2026-07-26T04:46:51.653712+00:00,11243.0,42.0,144.79,39.0,1970.1484375,206.5572769679129
2026-07-26T04:46:51.964924+00:00,11243.0,41.0,119.62,39.0,1970.2265625,206.86848491430283
2026-07-26T04:46:52.274045+00:00,11243.0,41.0,109.66,39.0,1970.2265625,207.17760782688856
2026-07-26T04:46:52.578797+00:00,11243.0,40.0,109.59,39.0,1970.2421875,207.4823608547449
2026-07-26T04:46:52.890401+00:00,11243.0,42.0,109.61,39.0,1970.2421875,207.79396448656917
2026-07-26T04:46:53.194500+00:00,11243.0,41.0,110.11,39.0,1970.2421875,208.09806338325143
2026-07-26T04:46:53.502343+00:00,11243.0,42.0,110.34,39.0,1970.2421875,208.4059059843421
2026-07-26T04:46:53.807907+00:00,11243.0,40.0,110.24,39.0,1970.2421875,208.7114698253572
2026-07-26T04:46:54.114671+00:00,11243.0,42.0,110.66,39.0,1970.2421875,209.01823315396905
2026-07-26T04:46:54.400632+00:00,11243.0,28.0,117.99,40.0,1970.62890625,209.30419482290745
2026-07-26T04:46:54.753463+00:00,11243.0,55.0,141.26,40.0,1970.62890625,209.65702510625124
2026-07-26T04:46:55.094085+00:00,11243.0,36.0,163.65,42.0,1975.87890625,209.9976479820907
2026-07-26T04:46:55.401564+00:00,11243.0,39.0,155.27,39.0,1975.87890625,210.3051171451807
2026-07-26T04:46:55.709442+00:00,11243.0,39.0,133.25,39.0,1975.87890625,210.61299811303616
2026-07-26T04:46:56.015766+00:00,11243.0,41.0,117.39,39.0,1975.8828125,210.91932921111584
2026-07-26T04:46:56.321176+00:00,11243.0,42.0,108.13,39.0,1975.89453125,211.2247395068407
2026-07-26T04:46:56.603867+00:00,11243.0,41.0,108.89,39.0,1975.89453125,211.5074316635728
2026-07-26T04:46:56.907882+00:00,11243.0,40.0,109.47,39.0,1975.89453125,211.8114452175796
2026-07-26T04:46:57.213664+00:00,11243.0,41.0,109.47,39.0,1975.8984375,212.11722652241588
2026-07-26T04:46:57.520703+00:00,11243.0,42.0,109.52,39.0,1975.8984375,212.42426596954465
2026-07-26T04:46:57.802652+00:00,11243.0,42.0,109.78,39.0,1975.91015625,212.70621525123715
2026-07-26T04:46:58.104414+00:00,11243.0,43.0,109.71,39.0,1975.91015625,213.00797713920474
2026-07-26T04:46:58.410399+00:00,11243.0,42.0,110.03,39.0,1975.91015625,213.31396135687828
2026-07-26T04:46:58.714794+00:00,11243.0,42.0,110.45,39.0,1975.91796875,213.61835810914636
2026-07-26T04:46:59.019163+00:00,11243.0,41.0,110.74,39.0,1975.91796875,213.92272597178817
2026-07-26T04:46:59.300781+00:00,11243.0,42.0,111.11,39.0,1975.91796875,214.2043455541134
2026-07-26T04:46:59.649065+00:00,11243.0,44.0,111.59,39.0,1975.92578125,214.55262871459126
2026-07-26T04:46:59.956927+00:00,11243.0,43.0,112.13,39.0,1975.92578125,214.86049105599523
2026-07-26T04:47:00.238245+00:00,11243.0,44.0,112.59,39.0,1975.9296875,215.14180812612176
2026-07-26T04:47:00.544399+00:00,11243.0,43.0,113.15,39.0,1975.93359375,215.44796297699213
2026-07-26T04:47:00.851573+00:00,11243.0,44.0,113.56,39.0,1975.93359375,215.75513622537255
2026-07-26T04:47:01.156460+00:00,11243.0,43.0,114.0,39.0,1975.9453125,216.0600238479674
2026-07-26T04:47:01.482163+00:00,11243.0,45.0,114.31,39.0,1975.9453125,216.38572683930397
2026-07-26T04:47:01.834355+00:00,11243.0,44.0,114.96,39.0,1975.9453125,216.73791385442019
2026-07-26T04:47:02.139614+00:00,11243.0,45.0,115.52,39.0,1975.94921875,217.04317838698626
2026-07-26T04:47:02.443142+00:00,11243.0,45.0,115.99,39.0,1975.94921875,217.34670612215996
2026-07-26T04:47:02.723590+00:00,11243.0,45.0,116.39,39.0,1975.953125,217.62715434283018
2026-07-26T04:47:03.025762+00:00,11243.0,46.0,116.95,39.0,1975.9609375,217.9293254315853
2026-07-26T04:47:03.355889+00:00,11243.0,45.0,117.34,39.0,1975.9609375,218.25945185124874
2026-07-26T04:47:03.659026+00:00,11243.0,46.0,117.94,39.0,1975.97265625,218.5625897049904
2026-07-26T04:47:03.938645+00:00,11243.0,47.0,117.31,38.0,1976.0859375,218.84220879897475
2026-07-26T04:47:04.268670+00:00,11243.0,76.0,153.31,41.0,1976.48828125,219.1722326464951
2026-07-26T04:47:04.569405+00:00,11243.0,66.0,190.28,41.0,1976.48828125,219.47296869009733
2026-07-26T04:47:04.897339+00:00,11243.0,55.0,205.18,39.0,1977.67578125,219.80090215802193
2026-07-26T04:47:05.200760+00:00,11243.0,41.0,174.62,39.0,1977.67578125,220.1043235771358
2026-07-26T04:47:05.509461+00:00,11243.0,40.0,136.19,39.0,1977.68359375,220.41302423924208
2026-07-26T04:47:05.790671+00:00,11243.0,42.0,108.7,39.0,1977.69140625,220.69423358887434
2026-07-26T04:47:06.094671+00:00,11243.0,42.0,108.87,39.0,1977.69140625,220.9982346445322
2026-07-26T04:47:06.397681+00:00,11243.0,42.0,109.29,39.0,1977.69140625,221.30124463886023
2026-07-26T04:47:06.705074+00:00,11243.0,42.0,109.63,39.0,1977.69921875,221.60863640531898
2026-07-26T04:47:07.010828+00:00,11243.0,43.0,110.04,39.0,1977.69921875,221.91439082473516
2026-07-26T04:47:07.315436+00:00,11243.0,43.0,110.31,39.0,1977.70703125,222.21899849921465
2026-07-26T04:47:07.620514+00:00,11243.0,42.0,110.84,39.0,1977.70703125,222.52407786250114
2026-07-26T04:47:07.924124+00:00,11243.0,43.0,111.1,39.0,1977.70703125,222.8276878632605
2026-07-26T04:47:08.250451+00:00,11243.0,42.0,111.44,39.0,1977.71875,223.15401416271925
2026-07-26T04:47:08.557721+00:00,11243.0,42.0,111.75,39.0,1977.71875,223.46128446608782
2026-07-26T04:47:08.863736+00:00,11243.0,43.0,112.14,39.0,1977.71875,223.76729932799935
2026-07-26T04:47:09.191585+00:00,11243.0,44.0,112.43,39.0,1977.71875,224.0951474569738
2026-07-26T04:47:09.497845+00:00,11243.0,42.0,112.82,39.0,1977.71875,224.40140890702605
2026-07-26T04:47:09.803749+00:00,11243.0,41.0,113.08,39.0,1977.72265625,224.70731225982308
2026-07-26T04:47:10.132073+00:00,11243.0,44.0,113.63,39.0,1977.73046875,225.03563583269715
2026-07-26T04:47:10.489954+00:00,11243.0,41.0,114.18,39.0,1977.73046875,225.39351661875844
2026-07-26T04:47:10.796839+00:00,11243.0,43.0,114.45,39.0,1977.73046875,225.7004013620317
2026-07-26T04:47:11.126890+00:00,11243.0,43.0,114.87,39.0,1977.73046875,226.0304536782205
2026-07-26T04:47:11.433704+00:00,11243.0,44.0,115.22,39.0,1977.73046875,226.33726726472378
2026-07-26T04:47:11.746186+00:00,11243.0,44.0,115.99,39.0,1977.73828125,226.64975008368492
2026-07-26T04:47:12.052312+00:00,11243.0,45.0,116.28,39.0,1977.73828125,226.95587557181716
2026-07-26T04:47:12.381111+00:00,11243.0,38.0,115.36,38.0,1977.7421875,227.28467471897602
2026-07-26T04:47:12.681964+00:00,11243.0,47.0,116.23,39.0,1977.74609375,227.58552860841155
2026-07-26T04:47:12.987160+00:00,11243.0,46.0,116.83,39.0,1977.74609375,227.89072390273213
2026-07-26T04:47:13.292128+00:00,11243.0,46.0,118.41,39.0,1977.75,228.19569128006697
2026-07-26T04:47:13.594157+00:00,11243.0,46.0,119.44,39.0,1977.77734375,228.4977206774056
2026-07-26T04:47:13.876306+00:00,11243.0,43.0,128.8,40.0,1978.30859375,228.77986979484558
2026-07-26T04:47:14.200960+00:00,11243.0,74.0,173.34,41.0,1978.31640625,229.1045234873891
2026-07-26T04:47:14.514689+00:00,11243.0,83.0,199.12,41.0,1979.87890625,229.41825288161635
2026-07-26T04:47:14.796326+00:00,11243.0,40.0,206.27,39.0,1979.87890625,229.69988920912147
2026-07-26T04:47:15.107532+00:00,11243.0,40.0,162.61,39.0,1979.87890625,230.0110954605043
2026-07-26T04:47:15.411063+00:00,11243.0,40.0,123.02,39.0,1979.8828125,230.3146268054843
2026-07-26T04:47:15.715213+00:00,11243.0,41.0,108.44,39.0,1979.8828125,230.61877615004778
2026-07-26T04:47:16.018701+00:00,11243.0,40.0,108.45,39.0,1979.8828125,230.92226496711373
2026-07-26T04:47:16.321323+00:00,11243.0,41.0,108.56,39.0,1979.890625,231.22488678619266
2026-07-26T04:47:16.629606+00:00,11243.0,42.0,109.12,39.0,1979.890625,231.5331698320806
2026-07-26T04:47:16.931800+00:00,11243.0,42.0,109.44,39.0,1979.890625,231.8353632837534
2026-07-26T04:47:17.231411+00:00,11243.0,42.0,109.82,39.0,1979.890625,232.13497511669993
2026-07-26T04:47:17.533898+00:00,11243.0,42.0,110.15,39.0,1979.890625,232.43746184557676
2026-07-26T04:47:17.864706+00:00,11243.0,42.0,110.21,39.0,1979.89453125,232.76826966926455
2026-07-26T04:47:18.214488+00:00,11243.0,43.0,110.07,39.0,1979.89453125,233.1180506311357
2026-07-26T04:47:18.497943+00:00,11243.0,42.0,110.31,39.0,1979.89453125,233.40150570124388
2026-07-26T04:47:18.779818+00:00,11243.0,43.0,110.6,39.0,1979.90234375,233.68338241428137
2026-07-26T04:47:19.083210+00:00,11243.0,43.0,110.77,38.0,1979.90234375,233.98677387833595
2026-07-26T04:47:19.369095+00:00,11243.0,43.0,111.23,39.0,1979.98046875,234.27265845239162
2026-07-26T04:47:19.678907+00:00,11243.0,52.0,133.64,40.0,1980.21484375,234.58247079327703
2026-07-26T04:47:19.986632+00:00,11243.0,49.0,160.16,40.0,1980.23046875,234.89019597694278
2026-07-26T04:47:20.313618+00:00,11243.0,2.0,157.41,39.0,2042.19921875,235.21718033403158
2026-07-26T04:47:20.622083+00:00,11243.0,41.0,147.57,39.0,2012.546875,235.5256467089057
2026-07-26T04:47:20.903760+00:00,11243.0,41.0,123.83,39.0,2012.546875,235.80732425674796
2026-07-26T04:47:21.185960+00:00,11243.0,41.0,112.95,39.0,2012.546875,236.08952441811562
2026-07-26T04:47:21.491014+00:00,11243.0,41.0,117.92,39.0,2012.546875,236.39457718282938
2026-07-26T04:47:21.819856+00:00,11243.0,42.0,108.85,39.0,2012.546875,236.72341978549957
2026-07-26T04:47:22.103408+00:00,11243.0,42.0,109.26,39.0,2012.546875,237.006972450763
2026-07-26T04:47:22.385170+00:00,11243.0,42.0,109.52,39.0,2012.546875,237.28873367980123
2026-07-26T04:47:22.716252+00:00,11243.0,42.0,109.75,38.0,2012.546875,237.61981524154544
2026-07-26T04:47:22.999195+00:00,11243.0,42.0,109.76,38.0,2012.546875,237.90275915712118
2026-07-26T04:47:23.302370+00:00,11243.0,42.0,109.69,38.0,2012.546875,238.20593354851007
2026-07-26T04:47:23.583637+00:00,11243.0,43.0,110.07,38.0,2012.546875,238.48720136657357
2026-07-26T04:47:23.887774+00:00,11243.0,42.0,110.38,38.0,2012.546875,238.79133711010218
2026-07-26T04:47:24.188278+00:00,11243.0,42.0,110.94,38.0,2012.546875,239.0918405391276
2026-07-26T04:47:24.652871+00:00,11243.0,19.0,106.29,38.0,2012.546875,239.55643140524626
2026-07-26T04:47:25.008051+00:00,11243.0,41.0,106.51,38.0,2012.546875,239.9116139896214
2026-07-26T04:47:25.294498+00:00,11243.0,43.0,106.71,38.0,2012.546875,240.1980604082346
2026-07-26T04:47:25.601210+00:00,11243.0,42.0,111.85,38.0,2012.546875,240.50477266311646
2026-07-26T04:47:25.908420+00:00,11243.0,44.0,112.75,38.0,2012.546875,240.8119823820889
2026-07-26T04:47:26.239480+00:00,11243.0,40.0,112.28,38.0,2012.546875,241.14304208755493
2026-07-26T04:47:26.592977+00:00,11243.0,61.0,141.87,40.0,2011.6328125,241.49653989821672
2026-07-26T04:47:26.943758+00:00,11243.0,56.0,171.51,40.0,2013.4140625,241.84732215479016
2026-07-26T04:47:27.253326+00:00,11243.0,39.0,181.63,39.0,2013.5859375,242.15688842907548
2026-07-26T04:47:27.562243+00:00,11243.0,40.0,151.91,39.0,2013.5859375,242.46580573543906
2026-07-26T04:47:27.845959+00:00,11243.0,41.0,123.54,39.0,2013.5859375,242.74952192232013
2026-07-26T04:47:28.174943+00:00,11243.0,41.0,107.76,39.0,2013.5859375,243.07850605621934
2026-07-26T04:47:28.481621+00:00,11243.0,32.0,106.46,38.0,2013.5859375,243.3851843290031
2026-07-26T04:47:28.806691+00:00,11243.0,40.0,107.05,38.0,2013.5859375,243.710254419595
2026-07-26T04:47:29.158525+00:00,11243.0,40.0,107.11,38.0,2013.5859375,244.06208714470267
2026-07-26T04:47:29.485399+00:00,11243.0,42.0,109.17,38.0,2013.5859375,244.38896204531193
2026-07-26T04:47:29.792439+00:00,11243.0,40.0,109.06,38.0,2013.5859375,244.69600128382444
2026-07-26T04:47:30.112255+00:00,11243.0,42.0,109.17,38.0,2013.5859375,245.01581778004766
2026-07-26T04:47:30.395811+00:00,11243.0,41.0,109.5,38.0,2013.5859375,245.29937484115362
2026-07-26T04:47:30.731200+00:00,11243.0,41.0,108.54,38.0,2013.5859375,245.63476275280118
2026-07-26T04:47:31.017207+00:00,11243.0,42.0,108.72,38.0,2013.5859375,245.92076992616057
2026-07-26T04:47:31.326149+00:00,11243.0,42.0,109.09,38.0,2013.5859375,246.2297113351524
2026-07-26T04:47:31.630479+00:00,11243.0,42.0,110.33,38.0,2013.5859375,246.53404182195663
2026-07-26T04:47:31.936848+00:00,11243.0,42.0,110.85,38.0,2013.5859375,246.84041052684188
2026-07-26T04:47:32.249213+00:00,11243.0,42.0,111.44,38.0,2013.5859375,247.15277683362365
2026-07-26T04:47:32.580990+00:00,11243.0,44.0,112.01,38.0,2013.5859375,247.4845529012382
2026-07-26T04:47:32.892538+00:00,11243.0,43.0,112.11,38.0,2013.5859375,247.79610080644488
2026-07-26T04:47:33.177003+00:00,11243.0,44.0,112.69,38.0,2013.5859375,248.08056583628058
2026-07-26T04:47:33.512628+00:00,11243.0,42.0,113.01,38.0,2013.5859375,248.4161911420524
2026-07-26T04:47:33.818139+00:00,11243.0,42.0,113.61,38.0,2013.5859375,248.72170259431005
2026-07-26T04:47:34.123780+00:00,11243.0,44.0,113.78,38.0,2013.5859375,249.02734266221523
2026-07-26T04:47:34.432840+00:00,11243.0,44.0,114.3,38.0,2013.5859375,249.33640301972628
2026-07-26T04:47:34.742859+00:00,11243.0,43.0,115.06,38.0,2013.5859375,249.6464217491448
2026-07-26T04:47:35.028859+00:00,11243.0,45.0,115.25,38.0,2013.5859375,249.9324228167534
2026-07-26T04:47:35.378657+00:00,11243.0,30.0,113.17,38.0,2013.5859375,250.28221990540624
2026-07-26T04:47:35.686230+00:00,11243.0,44.0,113.59,38.0,2013.5859375,250.5897928699851
2026-07-26T04:47:36.038673+00:00,11243.0,44.0,113.92,38.0,2013.5859375,250.94223588705063
2026-07-26T04:47:36.347064+00:00,11243.0,45.0,116.26,38.0,2013.5859375,251.2506270930171
2026-07-26T04:47:36.681934+00:00,11243.0,82.0,155.9,41.0,2013.5859375,251.58549734205008
2026-07-26T04:47:37.008244+00:00,11243.0,72.0,196.12,41.0,2013.5859375,251.9118080586195
2026-07-26T04:47:37.385043+00:00,11243.0,40.0,199.7,39.0,2013.7265625,252.28860608115792
2026-07-26T04:47:37.738110+00:00,11243.0,41.0,152.18,39.0,2013.7265625,252.64167318865657
2026-07-26T04:47:38.044478+00:00,11243.0,40.0,116.6,39.0,2013.7265625,252.94804173335433
2026-07-26T04:47:38.396507+00:00,11243.0,40.0,107.73,38.0,2013.7265625,253.30006944015622
2026-07-26T04:47:38.705389+00:00,11243.0,41.0,107.98,38.0,2013.7265625,253.60895171016455
2026-07-26T04:47:39.012660+00:00,11243.0,42.0,108.37,38.0,2013.7265625,253.91622323542833
2026-07-26T04:47:39.320517+00:00,11243.0,42.0,108.81,38.0,2013.7265625,254.2240798957646
2026-07-26T04:47:39.630285+00:00,11243.0,40.0,109.16,38.0,2013.7265625,254.53384805470705
2026-07-26T04:47:39.955287+00:00,11243.0,41.0,109.34,38.0,2013.7265625,254.85885020717978
2026-07-26T04:47:40.257615+00:00,11243.0,43.0,109.46,38.0,2013.7265625,255.1611773557961
2026-07-26T04:47:40.565607+00:00,11243.0,42.0,109.73,38.0,2013.7265625,255.46917016804218
2026-07-26T04:47:40.880018+00:00,11243.0,43.0,109.77,38.0,2013.7265625,255.78358143940568
2026-07-26T04:47:41.188585+00:00,11243.0,33.0,116.45,39.0,2013.7265625,256.09214755892754
2026-07-26T04:47:41.541121+00:00,11243.0,59.0,143.48,40.0,2013.7265625,256.44468353688717
2026-07-26T04:47:41.827652+00:00,11243.0,39.0,162.77,42.0,2013.8125,256.731215313077
2026-07-26T04:47:42.132128+00:00,11243.0,41.0,163.37,39.0,2013.8125,257.03569116815925
2026-07-26T04:47:42.437908+00:00,11243.0,39.0,139.94,38.0,2013.8125,257.341470669955
2026-07-26T04:47:42.769563+00:00,11243.0,41.0,116.81,38.0,2013.8125,257.6731256879866
2026-07-26T04:47:43.094286+00:00,11243.0,41.0,108.28,38.0,2013.8125,257.9978498034179
2026-07-26T04:47:43.403862+00:00,11243.0,42.0,108.7,38.0,2013.8125,258.3074252717197
2026-07-26T04:47:43.739699+00:00,11243.0,40.0,108.61,38.0,2013.8125,258.6432602740824
2026-07-26T04:47:44.099765+00:00,11243.0,39.0,108.6,38.0,2013.82421875,259.0033260062337
2026-07-26T04:47:44.456458+00:00,11243.0,42.0,108.73,38.0,2013.82421875,259.3600208982825
2026-07-26T04:47:44.782431+00:00,11243.0,40.0,109.19,38.0,2013.82421875,259.685995105654
2026-07-26T04:47:45.115840+00:00,11243.0,40.0,109.42,38.0,2013.82421875,260.0194033756852
2026-07-26T04:47:45.424672+00:00,11243.0,40.0,109.77,38.0,2013.82421875,260.32823630049825
2026-07-26T04:47:45.735214+00:00,11243.0,42.0,110.09,38.0,2013.82421875,260.6387772448361
2026-07-26T04:47:46.040883+00:00,11243.0,41.0,110.47,38.0,2013.82421875,260.9444454796612
2026-07-26T04:47:46.372954+00:00,11243.0,41.0,110.61,38.0,2013.82421875,261.276517175138
2026-07-26T04:47:46.728491+00:00,11243.0,42.0,111.16,38.0,2013.82421875,261.63205453008413
2026-07-26T04:47:47.036717+00:00,11243.0,43.0,111.42,38.0,2013.82421875,261.9402797296643
2026-07-26T04:47:47.345424+00:00,11243.0,43.0,112.26,38.0,2013.82421875,262.2489756792784
2026-07-26T04:47:47.700256+00:00,11243.0,41.0,112.38,38.0,2013.82421875,262.603818256408
2026-07-26T04:47:48.008238+00:00,11243.0,43.0,112.8,38.0,2013.82421875,262.91180094331503
2026-07-26T04:47:48.317802+00:00,11243.0,43.0,113.32,38.0,2013.82421875,263.22136518731713
2026-07-26T04:47:48.625892+00:00,11243.0,44.0,113.81,38.0,2013.82421875,263.529454536736
2026-07-26T04:47:48.954868+00:00,11243.0,44.0,114.0,38.0,2013.82421875,263.85843087360263
2026-07-26T04:47:49.257382+00:00,11243.0,43.0,114.12,38.0,2013.82421875,264.16094521433115
2026-07-26T04:47:49.588491+00:00,11243.0,44.0,114.81,38.0,2013.82421875,264.4920529834926
2026-07-26T04:47:49.918788+00:00,11243.0,45.0,115.31,38.0,2013.82421875,264.8223511092365
2026-07-26T04:47:50.219707+00:00,11243.0,45.0,115.59,38.0,2013.82421875,265.12326991185546
2026-07-26T04:47:50.574312+00:00,11243.0,44.0,115.99,38.0,2013.82421875,265.47786738723516
2026-07-26T04:47:50.884384+00:00,11243.0,45.0,116.19,38.0,2013.828125,265.7879474386573
2026-07-26T04:47:51.197588+00:00,11243.0,64.0,151.17,41.0,2013.94921875,266.1011501252651
2026-07-26T04:47:51.529505+00:00,11243.0,82.0,193.35,41.0,2013.94921875,266.4330682121217
2026-07-26T04:47:51.835900+00:00,11243.0,47.0,216.94,39.0,2014.1171875,266.73946315422654
2026-07-26T04:47:52.138641+00:00,11243.0,43.0,188.47,39.0,2014.1171875,267.0422044582665
2026-07-26T04:47:52.498451+00:00,11243.0,43.0,138.63,39.0,2014.1171875,267.40201469510794
2026-07-26T04:47:52.848185+00:00,11243.0,43.0,112.99,39.0,2014.1171875,267.7517480812967
2026-07-26T04:47:53.152372+00:00,11243.0,43.0,113.46,39.0,2014.1171875,268.05593483895063
2026-07-26T04:47:53.460998+00:00,11243.0,45.0,114.09,39.0,2014.1171875,268.36456141993403
2026-07-26T04:47:53.764364+00:00,11243.0,43.0,114.14,39.0,2014.1171875,268.6679260060191
2026-07-26T04:47:54.118058+00:00,11243.0,44.0,114.82,39.0,2014.1171875,269.0216206945479
2026-07-26T04:47:54.422311+00:00,11243.0,43.0,115.09,39.0,2014.1171875,269.32587311044335
2026-07-26T04:47:54.756458+00:00,11243.0,43.0,115.87,39.0,2014.1171875,269.6600199043751
2026-07-26T04:47:55.103977+00:00,11243.0,43.0,116.29,38.0,2014.1171875,270.00753935799
2026-07-26T04:47:55.454454+00:00,11243.0,43.0,116.51,39.0,2014.1171875,270.35801754519343
2026-07-26T04:47:55.783291+00:00,11243.0,46.0,116.9,38.0,2014.1171875,270.6868536248803
2026-07-26T04:47:56.093784+00:00,11243.0,39.0,116.14,38.0,2014.1171875,270.9973476715386
2026-07-26T04:47:56.405254+00:00,11243.0,44.0,115.6,38.0,2014.1171875,271.3088170327246
2026-07-26T04:47:56.761225+00:00,11243.0,45.0,115.98,38.0,2014.1171875,271.6647887453437
2026-07-26T04:47:57.106465+00:00,11243.0,45.0,117.84,38.0,2014.1171875,272.0100285895169
2026-07-26T04:47:57.437619+00:00,11243.0,47.0,119.44,39.0,2014.1171875,272.3411824144423
2026-07-26T04:47:57.766927+00:00,11243.0,45.0,119.85,39.0,2014.1171875,272.67049035057425
2026-07-26T04:47:58.067104+00:00,11243.0,48.0,120.28,39.0,2014.1171875,272.97066709399223
2026-07-26T04:47:58.373408+00:00,11243.0,45.0,120.48,39.0,2014.1171875,273.27697065472603
2026-07-26T04:47:58.703902+00:00,11243.0,46.0,121.12,39.0,2014.1171875,273.6074651516974
2026-07-26T04:47:59.034202+00:00,11243.0,39.0,120.56,38.0,2014.1171875,273.93776454403996
2026-07-26T04:47:59.343845+00:00,11243.0,82.0,162.89,41.0,2014.62109375,274.24740820005536
2026-07-26T04:47:59.655927+00:00,11243.0,82.0,205.74,42.0,2014.62109375,274.55948992073536
2026-07-26T04:47:59.965140+00:00,11243.0,48.0,222.37,39.0,2014.73828125,274.86870247870684
2026-07-26T04:48:00.295670+00:00,11243.0,41.0,186.66,39.0,2014.73828125,275.19923279061913
2026-07-26T04:48:00.597839+00:00,11243.0,41.0,139.29,39.0,2014.73828125,275.5014024786651
2026-07-26T04:48:00.899855+00:00,11243.0,39.0,107.58,39.0,2014.73828125,275.80341793596745
2026-07-26T04:48:01.232011+00:00,11243.0,41.0,107.72,39.0,2014.73828125,276.135574337095
2026-07-26T04:48:01.544912+00:00,11243.0,41.0,107.68,39.0,2014.73828125,276.4484753459692
2026-07-26T04:48:01.852971+00:00,11243.0,41.0,108.14,39.0,2014.73828125,276.7565351203084
2026-07-26T04:48:02.204297+00:00,11243.0,42.0,108.86,38.0,2014.73828125,277.10785964876413
2026-07-26T04:48:02.513464+00:00,11243.0,43.0,109.3,38.0,2014.73828125,277.4170272536576
2026-07-26T04:48:02.842707+00:00,11243.0,41.0,109.7,38.0,2014.73828125,277.7462698407471
2026-07-26T04:48:03.147855+00:00,11243.0,41.0,109.51,38.0,2014.73828125,278.05141842365265
2026-07-26T04:48:03.476650+00:00,11243.0,42.0,109.93,38.0,2014.73828125,278.3802134990692
2026-07-26T04:48:03.784648+00:00,11243.0,41.0,110.08,38.0,2014.73828125,278.68821108713746
2026-07-26T04:48:04.138552+00:00,11243.0,43.0,110.67,38.0,2014.73828125,279.04211481660604
2026-07-26T04:48:04.452021+00:00,11245.0,48.0,120.69,39.0,2014.93359375,279.3555792942643
2026-07-26T04:48:04.760690+00:00,11245.0,55.0,145.53,40.0,2014.93359375,279.6642522960901
2026-07-26T04:48:05.120549+00:00,11245.0,53.0,165.7,39.0,2015.10546875,280.02411149442196
2026-07-26T04:48:05.429421+00:00,11245.0,41.0,157.72,39.0,2015.10546875,280.3329841904342
2026-07-26T04:48:05.766534+00:00,11245.0,41.0,131.83,39.0,2015.10546875,280.67009702697396
2026-07-26T04:48:06.116943+00:00,11245.0,41.0,108.5,38.0,2015.10546875,281.0205060355365
2026-07-26T04:48:06.425911+00:00,11245.0,42.0,108.57,38.0,2015.10546875,281.3294736556709
2026-07-26T04:48:06.751034+00:00,11245.0,42.0,109.08,38.0,2015.10546875,281.6545983068645
2026-07-26T04:48:07.054622+00:00,11245.0,43.0,109.35,38.0,2015.10546875,281.9581855162978
2026-07-26T04:48:07.382104+00:00,11245.0,42.0,109.67,38.0,2015.10546875,282.28566736355424
2026-07-26T04:48:07.708324+00:00,11245.0,42.0,109.65,38.0,2015.10546875,282.61188657581806
2026-07-26T04:48:08.030181+00:00,11245.0,43.0,110.02,38.0,2015.10546875,282.93374509736896
2026-07-26T04:48:08.312776+00:00,11245.0,42.0,110.1,38.0,2015.10546875,283.2163398079574
2026-07-26T04:48:08.617800+00:00,11245.0,42.0,110.53,38.0,2015.10546875,283.52136417478323
2026-07-26T04:48:08.898808+00:00,11245.0,43.0,110.97,38.0,2015.10546875,283.8023723810911
2026-07-26T04:48:09.249567+00:00,11245.0,43.0,111.37,38.0,2015.10546875,284.1531313620508
2026-07-26T04:48:09.533034+00:00,11245.0,43.0,111.72,38.0,2015.10546875,284.43659717962146
2026-07-26T04:48:09.838259+00:00,11245.0,43.0,112.14,38.0,2015.10546875,284.74182369187474
2026-07-26T04:48:10.143313+00:00,11245.0,53.0,121.41,40.0,2015.10546875,285.04687590152025
2026-07-26T04:48:10.447045+00:00,11245.0,53.0,146.66,40.0,2015.10546875,285.3506077490747
2026-07-26T04:48:10.791144+00:00,11245.0,45.0,172.2,39.0,2015.21484375,285.69470831006765
2026-07-26T04:48:11.095125+00:00,11245.0,42.0,174.19,39.0,2015.21484375,285.9986873269081
2026-07-26T04:48:11.421555+00:00,11245.0,42.0,146.76,39.0,2015.21484375,286.32511853426695
2026-07-26T04:48:11.727004+00:00,11245.0,42.0,119.03,38.0,2015.21484375,286.6305671185255
2026-07-26T04:48:12.031289+00:00,11245.0,42.0,109.01,38.0,2015.21484375,286.9348530508578
2026-07-26T04:48:12.336396+00:00,11245.0,42.0,109.28,38.0,2015.21484375,287.2399587035179
2026-07-26T04:48:12.642182+00:00,11245.0,42.0,109.49,38.0,2015.21484375,287.54574540629983
2026-07-26T04:48:12.968402+00:00,11245.0,43.0,109.77,38.0,2015.21484375,287.8719667121768
2026-07-26T04:48:13.296496+00:00,11245.0,43.0,109.99,38.0,2015.21484375,288.2000596001744
2026-07-26T04:48:13.601536+00:00,11245.0,43.0,110.07,38.0,2015.21484375,288.5051000341773
2026-07-26T04:48:13.905287+00:00,11245.0,42.0,110.38,38.0,2015.21484375,288.80885134264827
2026-07-26T04:48:14.234155+00:00,11245.0,43.0,110.63,38.0,2015.21484375,289.1377183943987
2026-07-26T04:48:14.563105+00:00,11245.0,42.0,111.0,38.0,2015.21484375,289.4666687771678
2026-07-26T04:48:14.845038+00:00,11245.0,43.0,111.28,38.0,2015.21484375,289.7486015930772
2026-07-26T04:48:15.149369+00:00,11245.0,43.0,111.55,38.0,2015.21484375,290.0529315620661
2026-07-26T04:48:15.476317+00:00,11245.0,43.0,112.28,38.0,2015.21484375,290.379880014807
2026-07-26T04:48:15.782184+00:00,11245.0,44.0,112.73,38.0,2015.21484375,290.68574868515134
2026-07-26T04:48:16.064246+00:00,11245.0,45.0,113.3,38.0,2015.21484375,290.9678094163537
2026-07-26T04:48:16.393317+00:00,11245.0,44.0,113.48,38.0,2015.21484375,291.2968808673322
2026-07-26T04:48:16.724002+00:00,11245.0,45.0,113.57,38.0,2015.21484375,291.6275654025376
2026-07-26T04:48:17.053543+00:00,11245.0,44.0,114.18,38.0,2015.21484375,291.95710640773177
2026-07-26T04:48:17.359921+00:00,11245.0,45.0,114.59,38.0,2015.21484375,292.2634841352701
2026-07-26T04:48:17.688723+00:00,11245.0,45.0,115.37,38.0,2015.21484375,292.5922869890928
2026-07-26T04:48:17.976505+00:00,11245.0,45.0,115.77,38.0,2015.21484375,292.8800688907504
2026-07-26T04:48:18.282055+00:00,11245.0,45.0,116.08,38.0,2015.21484375,293.1856187209487
2026-07-26T04:48:18.632903+00:00,11245.0,44.0,116.25,38.0,2015.21484375,293.5364668369293
2026-07-26T04:48:18.920327+00:00,11245.0,44.0,116.53,38.0,2015.21484375,293.8238900192082
2026-07-26T04:48:19.206639+00:00,11245.0,67.0,146.85,40.0,2015.21484375,294.1102018803358
2026-07-26T04:48:19.537746+00:00,11245.0,67.0,185.28,41.0,2015.21484375,294.4413084946573
2026-07-26T04:48:19.893599+00:00,11245.0,47.0,199.94,39.0,2015.22265625,294.7971614971757
2026-07-26T04:48:20.200673+00:00,11245.0,39.0,168.04,39.0,2015.22265625,295.10422805324197
2026-07-26T04:48:20.536425+00:00,11245.0,40.0,125.96,39.0,2015.22265625,295.43998758122325
2026-07-26T04:48:20.844294+00:00,11245.0,37.0,107.93,38.0,2015.22265625,295.7478571049869
2026-07-26T04:48:21.155557+00:00,11245.0,41.0,108.01,38.0,2015.22265625,296.05912036448717
2026-07-26T04:48:21.513156+00:00,11245.0,41.0,108.18,38.0,2015.22265625,296.4167191758752
2026-07-26T04:48:21.820636+00:00,11245.0,40.0,108.3,38.0,2015.22265625,296.7241985090077
2026-07-26T04:48:22.124971+00:00,11245.0,41.0,108.61,38.0,2015.22265625,297.0285334251821
2026-07-26T04:48:22.450530+00:00,11245.0,40.0,108.97,38.0,2015.22265625,297.35409254953265
2026-07-26T04:48:22.734395+00:00,11245.0,42.0,109.4,38.0,2015.22265625,297.63795828446746
2026-07-26T04:48:23.039983+00:00,11245.0,41.0,110.07,38.0,2015.22265625,297.94354608654976
2026-07-26T04:48:23.368086+00:00,11245.0,42.0,110.1,38.0,2015.22265625,298.27164962515235
2026-07-26T04:48:23.696225+00:00,11245.0,42.0,110.58,38.0,2015.22265625,298.5997884646058
2026-07-26T04:48:23.986652+00:00,11245.0,43.0,110.65,38.0,2015.22265625,298.8902148529887
2026-07-26T04:48:24.315491+00:00,11245.0,42.0,111.19,38.0,2015.22265625,299.21905478462577
2026-07-26T04:48:24.624197+00:00,11245.0,44.0,111.57,38.0,2015.22265625,299.52776036784053
2026-07-26T04:48:24.931498+00:00,11245.0,43.0,112.01,38.0,2015.22265625,299.8350605070591
2026-07-26T04:48:25.239128+00:00,11245.0,48.0,119.74,40.0,2015.22265625,300.1426905505359
2026-07-26T04:48:25.570139+00:00,11245.0,53.0,149.57,40.0,2015.22265625,300.47370276227593
2026-07-26T04:48:25.888706+00:00,11245.0,57.0,171.14,40.0,2015.22265625,300.79226990044117
2026-07-26T04:48:26.214306+00:00,11245.0,41.0,177.04,39.0,2015.22265625,301.11786921694875
2026-07-26T04:48:26.514757+00:00,11245.0,41.0,147.37,39.0,2015.22265625,301.41832085698843
2026-07-26T04:48:26.796675+00:00,11245.0,41.0,121.33,39.0,2015.22265625,301.70023940876126
2026-07-26T04:48:27.104047+00:00,11245.0,42.0,108.8,38.0,2015.22265625,302.007610950619
2026-07-26T04:48:27.413888+00:00,11245.0,40.0,109.09,38.0,2015.22265625,302.31745110079646
2026-07-26T04:48:27.743979+00:00,11245.0,41.0,109.48,38.0,2015.22265625,302.64754266291857
2026-07-26T04:48:28.049952+00:00,11245.0,42.0,109.4,38.0,2015.22265625,302.95351526141167
2026-07-26T04:48:28.350483+00:00,11245.0,42.0,109.92,38.0,2015.22265625,303.254045214504
2026-07-26T04:48:28.632166+00:00,11245.0,42.0,110.23,38.0,2015.22265625,303.53572921827435
2026-07-26T04:48:28.937093+00:00,11245.0,42.0,110.83,38.0,2015.22265625,303.84065752103925
2026-07-26T04:48:29.241336+00:00,11245.0,42.0,110.92,38.0,2015.22265625,304.1449000351131
2026-07-26T04:48:29.567942+00:00,11245.0,42.0,111.12,38.0,2015.22265625,304.4715042114258
2026-07-26T04:48:29.897471+00:00,11245.0,43.0,111.3,38.0,2015.22265625,304.8010337986052
2026-07-26T04:48:30.180592+00:00,11245.0,42.0,111.25,38.0,2015.22265625,305.08415569365025
2026-07-26T04:48:30.464760+00:00,11245.0,43.0,111.78,38.0,2015.22265625,305.36832340434194
2026-07-26T04:48:30.752063+00:00,11245.0,52.0,128.92,40.0,2015.22265625,305.65562626719475
2026-07-26T04:48:31.105559+00:00,11245.0,54.0,159.92,40.0,2015.22265625,306.0091214478016
2026-07-26T04:48:31.411975+00:00,11245.0,40.0,172.36,39.0,2015.22265625,306.3155379630625
2026-07-26T04:48:31.720570+00:00,11245.0,40.0,157.17,39.0,2015.22265625,306.6241334155202
2026-07-26T04:48:32.049471+00:00,11245.0,41.0,131.38,38.0,2015.22265625,306.95303463563323
2026-07-26T04:48:32.359660+00:00,11245.0,41.0,107.64,38.0,2015.22265625,307.26322305202484
2026-07-26T04:48:32.669452+00:00,11245.0,41.0,107.81,38.0,2015.22265625,307.5730149410665
2026-07-26T04:48:32.975058+00:00,11245.0,41.0,108.18,38.0,2015.22265625,307.87862116098404
2026-07-26T04:48:33.300743+00:00,11245.0,41.0,108.72,38.0,2015.22265625,308.2043069116771
2026-07-26T04:48:33.650454+00:00,11245.0,41.0,108.98,38.0,2015.22265625,308.55401714891195
2026-07-26T04:48:33.951369+00:00,11245.0,42.0,109.29,38.0,2015.22265625,308.8549326322973
2026-07-26T04:48:34.279298+00:00,11245.0,41.0,109.3,38.0,2015.22265625,309.18286111205816
2026-07-26T04:48:34.592933+00:00,11245.0,43.0,109.69,38.0,2015.22265625,309.49649550393224
2026-07-26T04:48:34.899897+00:00,11245.0,40.0,109.9,38.0,2015.22265625,309.8034600690007
2026-07-26T04:48:35.207878+00:00,11245.0,38.0,109.16,38.0,2015.22265625,310.1114411242306
2026-07-26T04:48:35.517755+00:00,11245.0,40.0,109.4,38.0,2015.22265625,310.4213187135756
2026-07-26T04:48:35.848114+00:00,11245.0,38.0,109.43,38.0,2015.22265625,310.75167755037546
2026-07-26T04:48:36.158305+00:00,11245.0,41.0,110.59,38.0,2015.22265625,311.0618676915765
2026-07-26T04:48:36.466430+00:00,11245.0,41.0,110.81,38.0,2015.22265625,311.36999344825745
2026-07-26T04:48:36.778236+00:00,11245.0,43.0,111.38,38.0,2015.22265625,311.68179811909795
2026-07-26T04:48:37.130639+00:00,11245.0,43.0,111.82,38.0,2015.22265625,312.03420159220695
2026-07-26T04:48:37.484435+00:00,11245.0,42.0,112.51,38.0,2015.22265625,312.38799783214927
2026-07-26T04:48:37.772742+00:00,11245.0,43.0,112.81,38.0,2015.22265625,312.67630514129996
2026-07-26T04:48:38.080101+00:00,11245.0,39.0,113.46,38.0,2015.22265625,312.98366436362267
2026-07-26T04:48:38.409828+00:00,11245.0,45.0,113.99,38.0,2015.22265625,313.3133911974728
2026-07-26T04:48:38.713953+00:00,11245.0,44.0,114.57,38.0,2015.22265625,313.61751684919
2026-07-26T04:48:39.018409+00:00,11245.0,45.0,115.3,38.0,2015.22265625,313.92197270318866
2026-07-26T04:48:39.318885+00:00,11245.0,45.0,116.1,38.0,2015.22265625,314.22244853898883
2026-07-26T04:48:39.603657+00:00,11245.0,45.0,116.29,38.0,2015.22265625,314.5072210431099
2026-07-26T04:48:39.909475+00:00,11245.0,45.0,116.82,38.0,2015.22265625,314.81303928792477
2026-07-26T04:48:40.212462+00:00,11245.0,44.0,116.99,38.0,2015.22265625,315.1160252317786
2026-07-26T04:48:40.519946+00:00,11245.0,70.0,136.76,40.0,2015.2265625,315.4235091432929
2026-07-26T04:48:40.806102+00:00,11245.0,62.0,173.21,41.0,2015.2265625,315.70966513827443
2026-07-26T04:48:41.114795+00:00,11245.0,37.0,205.7,40.0,2015.2265625,316.0183577798307
2026-07-26T04:48:41.419599+00:00,11245.0,41.0,196.1,39.0,2015.2265625,316.3231618106365
2026-07-26T04:48:41.726924+00:00,11245.0,41.0,158.77,39.0,2015.2265625,316.63048665598035
2026-07-26T04:48:42.034269+00:00,11245.0,41.0,117.23,38.0,2015.2265625,316.93783216923475
2026-07-26T04:48:42.373580+00:00,11245.0,41.0,108.23,38.0,2015.2265625,317.27714293450117
2026-07-26T04:48:42.700643+00:00,11245.0,41.0,108.75,38.0,2015.2265625,317.6042069606483
2026-07-26T04:48:43.006434+00:00,11245.0,41.0,109.01,38.0,2015.2265625,317.9099979028106
2026-07-26T04:48:43.288702+00:00,11245.0,42.0,109.01,38.0,2015.2265625,318.19226540997624
2026-07-26T04:48:43.637633+00:00,11245.0,42.0,109.18,38.0,2015.2265625,318.5411966480315
2026-07-26T04:48:43.941881+00:00,11245.0,42.0,109.65,38.0,2015.2265625,318.8454443849623
2026-07-26T04:48:44.245796+00:00,11245.0,42.0,109.74,38.0,2015.2265625,319.149359870702
2026-07-26T04:48:44.552727+00:00,11245.0,41.0,109.94,38.0,2015.2265625,319.45629063248634
2026-07-26T04:48:44.857720+00:00,11245.0,42.0,109.99,38.0,2015.2265625,319.7612837292254
2026-07-26T04:48:45.160307+00:00,11245.0,42.0,110.41,38.0,2015.2265625,320.0638695061207
2026-07-26T04:48:45.446714+00:00,11245.0,42.0,110.59,38.0,2015.2265625,320.3502775840461
2026-07-26T04:48:45.774621+00:00,11245.0,41.0,111.17,38.0,2015.2265625,320.6781795062125
2026-07-26T04:48:46.090389+00:00,11245.0,43.0,111.53,38.0,2015.2265625,320.99395228922367
2026-07-26T04:48:46.396969+00:00,11245.0,43.0,111.87,38.0,2015.2265625,321.30053244158626
2026-07-26T04:48:46.725129+00:00,11245.0,65.0,138.61,40.0,2015.54296875,321.62869168817997
2026-07-26T04:48:47.031565+00:00,11245.0,61.0,164.61,40.0,2015.54296875,321.93512787669897
2026-07-26T04:48:47.340543+00:00,11245.0,40.0,177.88,39.0,2015.7109375,322.2441057600081
2026-07-26T04:48:47.646464+00:00,11245.0,41.0,158.44,38.0,2015.7109375,322.5500280484557
2026-07-26T04:48:47.954120+00:00,11245.0,40.0,128.57,38.0,2015.7109375,322.85768335312605
2026-07-26T04:48:48.255050+00:00,11245.0,41.0,107.47,38.0,2015.7109375,323.1586138494313
2026-07-26T04:48:48.554711+00:00,11245.0,41.0,107.82,38.0,2015.7109375,323.45827355608344
2026-07-26T04:48:48.865659+00:00,11245.0,40.0,108.03,38.0,2015.7109375,323.76922258734703
2026-07-26T04:48:49.166449+00:00,11245.0,41.0,108.48,38.0,2015.7109375,324.07001297175884
2026-07-26T04:48:49.489526+00:00,11245.0,42.0,108.92,38.0,2015.7109375,324.39308984950185
2026-07-26T04:48:49.788075+00:00,11245.0,42.0,109.14,38.0,2015.7109375,324.6916393265128
2026-07-26T04:48:50.110500+00:00,11245.0,42.0,109.44,38.0,2015.7109375,325.01406357064843
2026-07-26T04:48:50.440356+00:00,11245.0,41.0,109.54,38.0,2015.7109375,325.3439055941999
2026-07-26T04:48:50.751698+00:00,11245.0,42.0,109.76,38.0,2015.7109375,325.6552606783807
2026-07-26T04:48:51.060818+00:00,11245.0,39.0,109.87,38.0,2015.7109375,325.96438140049577
2026-07-26T04:48:51.369893+00:00,11245.0,42.0,109.91,38.0,2015.7109375,326.2734550088644
2026-07-26T04:48:51.677921+00:00,11245.0,42.0,110.15,38.0,2015.7109375,326.58148393407464
2026-07-26T04:48:52.008142+00:00,11245.0,42.0,110.34,38.0,2015.7109375,326.9117048047483
2026-07-26T04:48:52.340502+00:00,11245.0,38.0,110.9,38.0,2015.7109375,327.24406480789185
2026-07-26T04:48:52.650431+00:00,11245.0,37.0,109.46,38.0,2015.7109375,327.5539944060147
2026-07-26T04:48:52.956495+00:00,11245.0,43.0,110.13,38.0,2015.7109375,327.86005832999945
2026-07-26T04:48:53.261226+00:00,11245.0,43.0,109.99,38.0,2015.7109375,328.1647889986634
2026-07-26T04:48:53.570300+00:00,11245.0,43.0,112.09,38.0,2015.7109375,328.4738627895713
2026-07-26T04:48:53.882995+00:00,11245.0,44.0,112.61,38.0,2015.7109375,328.7865573167801
2026-07-26T04:48:54.167364+00:00,11245.0,44.0,113.36,38.0,2015.7109375,329.0709277242422
2026-07-26T04:48:54.494035+00:00,11245.0,45.0,114.4,38.0,2015.7109375,329.39759796485305
2026-07-26T04:48:54.778316+00:00,11245.0,45.0,115.08,38.0,2015.7109375,329.68187941238284
2026-07-26T04:48:55.108301+00:00,11245.0,45.0,115.41,38.0,2015.7109375,330.0118639692664
2026-07-26T04:48:55.416434+00:00,11245.0,43.0,115.52,38.0,2015.7109375,330.31999684870243
2026-07-26T04:48:55.745649+00:00,11245.0,45.0,115.7,38.0,2015.7109375,330.64921183884144
2026-07-26T04:48:56.051266+00:00,11245.0,46.0,116.24,38.0,2015.7109375,330.9548242650926
2026-07-26T04:48:56.363874+00:00,11245.0,32.0,123.64,39.0,2015.71484375,331.26743667945266
2026-07-26T04:48:56.672230+00:00,11245.0,85.0,159.91,41.0,2015.71484375,331.5757937952876
2026-07-26T04:48:57.001710+00:00,11245.0,84.0,200.3,41.0,2015.71484375,331.9052743688226
2026-07-26T04:48:57.318960+00:00,11245.0,40.0,205.71,39.0,2015.71484375,332.22252321243286
2026-07-26T04:48:57.627993+00:00,11245.0,41.0,165.35,38.0,2015.71484375,332.5315554961562
2026-07-26T04:48:57.913257+00:00,11245.0,41.0,123.06,38.0,2015.71484375,332.8168201893568
2026-07-26T04:48:58.218892+00:00,11245.0,41.0,108.89,38.0,2015.71484375,333.1224557198584
2026-07-26T04:48:58.502381+00:00,11245.0,41.0,109.39,38.0,2015.71484375,333.4059445336461
2026-07-26T04:48:58.805360+00:00,11245.0,41.0,109.24,38.0,2015.71484375,333.70892326533794
2026-07-26T04:48:59.111163+00:00,11245.0,41.0,109.2,38.0,2015.71484375,334.01472779363394
2026-07-26T04:48:59.457943+00:00,11245.0,41.0,108.98,38.0,2015.71875,334.36150696501136
2026-07-26T04:48:59.745405+00:00,11245.0,42.0,109.26,38.0,2015.71875,334.64896842464805
2026-07-26T04:49:00.094850+00:00,11245.0,42.0,109.26,38.0,2015.71875,334.9984121993184
2026-07-26T04:49:00.378423+00:00,11245.0,42.0,109.36,38.0,2015.71875,335.2819859199226
2026-07-26T04:49:00.704745+00:00,11245.0,43.0,109.73,38.0,2015.71875,335.6083079762757
2026-07-26T04:49:01.010489+00:00,11245.0,42.0,109.94,38.0,2015.71875,335.91405246406794
2026-07-26T04:49:01.318938+00:00,11245.0,44.0,110.41,38.0,2015.71875,336.22250163555145
2026-07-26T04:49:01.647037+00:00,11245.0,41.0,110.43,38.0,2015.71875,336.5506000444293
2026-07-26T04:49:01.930405+00:00,11245.0,43.0,110.75,38.0,2015.71875,336.83396764844656
2026-07-26T04:49:02.234488+00:00,11245.0,42.0,111.36,38.0,2015.71875,337.1380518563092
2026-07-26T04:49:02.533859+00:00,11245.0,43.0,111.57,38.0,2015.71875,337.43742276728153
2026-07-26T04:49:02.838072+00:00,11245.0,43.0,112.19,38.0,2015.72265625,337.7416360862553
2026-07-26T04:49:03.142017+00:00,11245.0,43.0,112.84,38.0,2015.72265625,338.04558062553406
2026-07-26T04:49:03.446166+00:00,11245.0,44.0,113.46,38.0,2015.72265625,338.34972855076194
2026-07-26T04:49:03.758670+00:00,11245.0,44.0,114.06,38.0,2015.72265625,338.6622326746583
2026-07-26T04:49:04.113945+00:00,11245.0,44.0,114.16,38.0,2015.72265625,339.01750633120537
2026-07-26T04:49:04.447507+00:00,11245.0,44.0,114.31,38.0,2015.72265625,339.35107047110796
2026-07-26T04:49:04.758828+00:00,11245.0,44.0,114.58,38.0,2015.72265625,339.66239089146256
2026-07-26T04:49:05.061095+00:00,11245.0,44.0,115.07,38.0,2015.72265625,339.9646582119167
2026-07-26T04:49:05.393010+00:00,11245.0,44.0,115.51,38.0,2015.72265625,340.2965722940862
2026-07-26T04:49:05.679456+00:00,11245.0,45.0,116.05,38.0,2015.72265625,340.58301835879683
2026-07-26T04:49:06.038286+00:00,11245.0,59.0,139.44,40.0,2016.0703125,340.94184812903404
2026-07-26T04:49:06.342708+00:00,11245.0,71.0,171.47,40.0,2016.0703125,341.2462711073458
2026-07-26T04:49:06.688256+00:00,11245.0,47.0,196.28,40.0,2016.125,341.59181954711676
2026-07-26T04:49:07.006131+00:00,11245.0,39.0,175.92,39.0,2016.125,341.90969436243176
2026-07-26T04:49:07.331544+00:00,11245.0,32.0,137.32,38.0,2016.125,342.2351069636643
2026-07-26T04:49:07.641948+00:00,11245.0,40.0,106.17,38.0,2016.125,342.54551208019257
2026-07-26T04:49:07.948466+00:00,11245.0,41.0,106.18,38.0,2016.125,342.8520288206637
2026-07-26T04:49:08.281025+00:00,11245.0,39.0,106.36,38.0,2016.125,343.1845882125199
2026-07-26T04:49:08.586514+00:00,11245.0,41.0,107.77,38.0,2016.125,343.4900772869587
2026-07-26T04:49:08.896595+00:00,11245.0,40.0,107.99,38.0,2016.125,343.8001581393182
2026-07-26T04:49:09.205248+00:00,11245.0,41.0,108.38,38.0,2016.125,344.1088117547333
2026-07-26T04:49:09.509669+00:00,11245.0,28.0,108.04,38.0,2016.125,344.4132325015962
2026-07-26T04:49:09.811498+00:00,11245.0,42.0,108.07,38.0,2016.125,344.71506218239665
2026-07-26T04:49:10.121379+00:00,11245.0,43.0,108.49,38.0,2016.125,345.02494137734175
2026-07-26T04:49:10.429151+00:00,11245.0,41.0,108.72,38.0,2016.125,345.3327141851187
2026-07-26T04:49:10.734857+00:00,11245.0,42.0,110.3,38.0,2016.125,345.6384209431708
2026-07-26T04:49:11.038531+00:00,11245.0,42.0,110.63,38.0,2016.125,345.9420950561762
2026-07-26T04:49:11.367876+00:00,11245.0,42.0,111.2,38.0,2016.125,346.2714385576546
2026-07-26T04:49:11.674305+00:00,11245.0,42.0,111.48,38.0,2016.125,346.57786897942424
2026-07-26T04:49:11.985538+00:00,11245.0,42.0,111.85,38.0,2016.125,346.8891024813056
2026-07-26T04:49:12.291036+00:00,11245.0,43.0,112.21,38.0,2016.125,347.19460014626384
2026-07-26T04:49:12.601276+00:00,11245.0,42.0,112.67,38.0,2016.125,347.5048403032124
2026-07-26T04:49:12.889158+00:00,11245.0,43.0,113.01,38.0,2016.125,347.79272132739425
2026-07-26T04:49:13.196597+00:00,11245.0,62.0,143.56,40.0,2016.2578125,348.1001602560282
2026-07-26T04:49:13.524670+00:00,11245.0,65.0,175.62,40.0,2016.2578125,348.4282341822982
2026-07-26T04:49:13.890803+00:00,11245.0,41.0,185.7,39.0,2016.26171875,348.7943661548197
2026-07-26T04:49:14.221813+00:00,11245.0,42.0,153.46,38.0,2016.26171875,349.1253766864538
2026-07-26T04:49:14.550019+00:00,11245.0,42.0,120.71,38.0,2016.26171875,349.45358296483755
2026-07-26T04:49:14.834147+00:00,11245.0,42.0,109.55,38.0,2016.26171875,349.7377111501992
2026-07-26T04:49:15.138052+00:00,11245.0,42.0,109.76,38.0,2016.26171875,350.0416157208383
2026-07-26T04:49:15.445473+00:00,11245.0,42.0,109.91,38.0,2016.26171875,350.349036693573
2026-07-26T04:49:15.772518+00:00,11245.0,42.0,109.91,38.0,2016.26171875,350.6760824546218
2026-07-26T04:49:16.096768+00:00,11245.0,42.0,110.02,38.0,2016.26171875,351.0003315471113
2026-07-26T04:49:16.402085+00:00,11245.0,42.0,110.27,38.0,2016.26171875,351.30564887821674
2026-07-26T04:49:16.706473+00:00,11245.0,43.0,110.76,38.0,2016.26171875,351.61003744602203
2026-07-26T04:49:16.993711+00:00,11245.0,43.0,111.44,38.0,2016.26171875,351.89727472886443
2026-07-26T04:49:17.320421+00:00,11245.0,43.0,111.89,38.0,2016.26171875,352.22398352250457
2026-07-26T04:49:17.626321+00:00,11245.0,44.0,112.4,38.0,2016.26171875,352.5298851430416
2026-07-26T04:49:17.930109+00:00,11245.0,44.0,112.75,38.0,2016.26171875,352.8336735442281
2026-07-26T04:49:18.213241+00:00,11245.0,43.0,113.07,38.0,2016.26171875,353.1168040037155
2026-07-26T04:49:18.518852+00:00,11245.0,43.0,113.59,38.0,2016.26171875,353.4224163517356
2026-07-26T04:49:18.803563+00:00,11245.0,44.0,113.81,38.0,2016.26171875,353.70712714642286
2026-07-26T04:49:19.133244+00:00,11245.0,44.0,114.26,38.0,2016.26171875,354.03680734336376
2026-07-26T04:49:19.438415+00:00,11245.0,45.0,114.76,38.0,2016.26171875,354.34197928383946
2026-07-26T04:49:19.721121+00:00,11245.0,45.0,114.98,38.0,2016.26171875,354.62468629330397
2026-07-26T04:49:20.065673+00:00,11245.0,45.0,115.63,38.0,2016.26171875,354.9692360647023
2026-07-26T04:49:20.366500+00:00,11245.0,45.0,116.18,38.0,2016.26171875,355.270063996315
2026-07-26T04:49:20.692825+00:00,11245.0,46.0,117.13,38.0,2016.26171875,355.5963897295296
2026-07-26T04:49:21.021448+00:00,11245.0,44.0,117.39,38.0,2016.26171875,355.925011433661
2026-07-26T04:49:21.330341+00:00,11245.0,45.0,117.57,38.0,2016.26171875,356.2339038141072
2026-07-26T04:49:21.632129+00:00,11245.0,72.0,150.26,41.0,2016.53125,356.53569254279137
2026-07-26T04:49:21.944131+00:00,11245.0,62.0,186.71,41.0,2016.53125,356.8476939275861
2026-07-26T04:49:22.252998+00:00,11245.0,66.0,206.24,39.0,2016.53125,357.1565616875887
2026-07-26T04:49:22.562085+00:00,11245.0,39.0,185.13,39.0,2016.53125,357.4656487107277
2026-07-26T04:49:22.898445+00:00,11245.0,41.0,138.98,38.0,2016.53125,357.8020081669092
2026-07-26T04:49:23.247814+00:00,11245.0,39.0,107.64,38.0,2016.53125,358.15137696638703
2026-07-26T04:49:23.597038+00:00,11245.0,41.0,108.05,38.0,2016.53125,358.50060038268566
2026-07-26T04:49:23.904511+00:00,11245.0,40.0,108.03,38.0,2016.53125,358.80807445943356
2026-07-26T04:49:24.212801+00:00,11245.0,40.0,108.89,38.0,2016.53125,359.1163645684719
2026-07-26T04:49:24.521575+00:00,11245.0,42.0,108.71,38.0,2016.53125,359.42513785511255
2026-07-26T04:49:24.832477+00:00,11245.0,41.0,109.04,38.0,2016.53125,359.7360402531922
2026-07-26T04:49:25.121370+00:00,11245.0,41.0,108.92,38.0,2016.53125,360.0249328427017
2026-07-26T04:49:25.436734+00:00,11245.0,40.0,109.75,38.0,2016.53125,360.34029633924365
2026-07-26T04:49:25.723757+00:00,11245.0,42.0,109.8,38.0,2016.53125,360.6273196153343
2026-07-26T04:49:26.080993+00:00,11245.0,40.0,110.13,38.0,2016.53125,360.9845568574965
2026-07-26T04:49:26.391958+00:00,11245.0,42.0,110.21,38.0,2016.53125,361.2955215424299
2026-07-26T04:49:26.701439+00:00,11245.0,41.0,110.73,38.0,2016.53125,361.6050020083785
2026-07-26T04:49:27.047212+00:00,11245.0,42.0,111.37,38.0,2016.53125,361.95077522471547
2026-07-26T04:49:27.382478+00:00,11245.0,43.0,111.72,38.0,2016.53125,362.28604105114937
2026-07-26T04:49:27.716812+00:00,11245.0,31.0,111.54,38.0,2016.53125,362.62037581577897
2026-07-26T04:49:28.040838+00:00,11245.0,43.0,111.78,38.0,2016.59375,362.94440180808306
2026-07-26T04:49:28.385791+00:00,11245.0,64.0,140.6,40.0,2016.59765625,363.2893537916243
2026-07-26T04:49:28.718484+00:00,11245.0,65.0,173.68,40.0,2016.60546875,363.6220472380519
2026-07-26T04:49:29.074328+00:00,11245.0,40.0,182.73,39.0,2016.68359375,363.97789120674133
2026-07-26T04:49:29.381280+00:00,11245.0,40.0,151.21,38.0,2016.68359375,364.2848434820771
2026-07-26T04:49:29.730862+00:00,11245.0,39.0,118.79,38.0,2016.68359375,364.63442401587963
2026-07-26T04:49:30.061495+00:00,11245.0,41.0,107.94,38.0,2016.6875,364.9650580622256
2026-07-26T04:49:30.365799+00:00,11245.0,42.0,108.28,38.0,2016.69140625,365.2693620957434
2026-07-26T04:49:30.715088+00:00,11245.0,40.0,108.48,38.0,2016.69140625,365.6186511926353
2026-07-26T04:49:31.024129+00:00,11245.0,41.0,108.61,38.0,2016.69140625,365.9276926703751
2026-07-26T04:49:31.334258+00:00,11245.0,40.0,108.64,38.0,2016.69921875,366.2378215454519
2026-07-26T04:49:31.643348+00:00,11245.0,42.0,108.78,38.0,2016.69921875,366.54691015928984
2026-07-26T04:49:31.956241+00:00,11245.0,41.0,109.04,38.0,2016.69921875,366.85980413481593
2026-07-26T04:49:32.260977+00:00,11245.0,39.0,108.65,38.0,2016.69921875,367.1645398437977
2026-07-26T04:49:32.591174+00:00,11245.0,44.0,109.54,38.0,2016.69921875,367.49473779276013
2026-07-26T04:49:32.922520+00:00,11245.0,40.0,109.7,38.0,2016.703125,367.8260834366083
2026-07-26T04:49:33.229913+00:00,11245.0,43.0,110.13,38.0,2016.703125,368.13347628712654
2026-07-26T04:49:33.537757+00:00,11245.0,41.0,110.58,38.0,2016.703125,368.44131998717785
2026-07-26T04:49:33.844612+00:00,11245.0,40.0,110.82,38.0,2016.703125,368.7481754049659
2026-07-26T04:49:34.174883+00:00,11245.0,44.0,111.54,38.0,2016.703125,369.0784453228116
2026-07-26T04:49:34.486754+00:00,11245.0,44.0,112.01,38.0,2016.703125,369.3903157822788
2026-07-26T04:49:34.794489+00:00,11245.0,42.0,112.69,38.0,2016.703125,369.6980524212122
2026-07-26T04:49:35.107050+00:00,11245.0,43.0,113.16,38.0,2016.703125,370.01061318442225
2026-07-26T04:49:35.460294+00:00,11245.0,44.0,113.92,38.0,2016.703125,370.36385624855757
2026-07-26T04:49:35.768703+00:00,11245.0,45.0,114.45,38.0,2016.703125,370.6722654812038
2026-07-26T04:49:36.101689+00:00,11245.0,58.0,140.97,40.0,2016.7734375,371.0052522085607
2026-07-26T04:49:36.413519+00:00,11245.0,58.0,173.5,40.0,2016.7734375,371.3170814216137
2026-07-26T04:49:36.722118+00:00,11245.0,64.0,189.72,39.0,2016.78125,371.625681579113
2026-07-26T04:49:37.051011+00:00,11245.0,40.0,169.78,38.0,2016.78125,371.9545739851892
2026-07-26T04:49:37.362257+00:00,11245.0,41.0,136.15,38.0,2016.78125,372.26582004502416
2026-07-26T04:49:37.670078+00:00,11245.0,40.0,111.58,38.0,2016.78125,372.5736401639879
2026-07-26T04:49:38.022680+00:00,11245.0,41.0,108.22,38.0,2016.78125,372.92624282836914
2026-07-26T04:49:38.381765+00:00,11245.0,29.0,107.88,38.0,2016.78125,373.2853287830949
2026-07-26T04:49:38.690342+00:00,11245.0,42.0,108.29,38.0,2016.78125,373.59390487894416
2026-07-26T04:49:39.046251+00:00,11245.0,42.0,108.39,38.0,2016.78125,373.9498143233359
2026-07-26T04:49:39.380750+00:00,11245.0,41.0,109.25,38.0,2016.78125,374.2843127064407
2026-07-26T04:49:39.733436+00:00,11245.0,41.0,109.73,38.0,2016.78125,374.6369997151196
2026-07-26T04:49:40.059079+00:00,11245.0,42.0,110.06,38.0,2016.78125,374.96264151483774
2026-07-26T04:49:40.369765+00:00,11245.0,41.0,110.41,38.0,2016.78125,375.2733281292021
2026-07-26T04:49:40.701187+00:00,11245.0,41.0,110.3,38.0,2016.78125,375.60475017502904
2026-07-26T04:49:41.054936+00:00,11245.0,41.0,110.65,38.0,2016.78125,375.95849930122495
2026-07-26T04:49:41.408209+00:00,11245.0,42.0,111.29,38.0,2016.78125,376.311771184206
2026-07-26T04:49:41.718939+00:00,11245.0,42.0,112.07,38.0,2016.78125,376.6225022636354
2026-07-26T04:49:42.024078+00:00,11245.0,43.0,112.33,38.0,2016.78125,376.92764188721776
2026-07-26T04:49:42.337938+00:00,11245.0,42.0,112.76,38.0,2016.78125,377.24150121584535
2026-07-26T04:49:42.647088+00:00,11245.0,42.0,113.1,38.0,2016.78125,377.5506511442363
2026-07-26T04:49:42.979274+00:00,11245.0,44.0,113.77,38.0,2016.78125,377.88283678516746
2026-07-26T04:49:43.290227+00:00,11245.0,44.0,113.66,38.0,2016.78125,378.19378988444805
2026-07-26T04:49:43.596369+00:00,11245.0,44.0,114.25,38.0,2016.78125,378.4999312236905
2026-07-26T04:49:43.951756+00:00,11245.0,44.0,114.71,38.0,2016.78125,378.8553189598024
2026-07-26T04:49:44.264597+00:00,11245.0,39.0,114.53,38.0,2016.78125,379.1681594438851
2026-07-26T04:49:44.583153+00:00,11245.0,40.0,118.19,38.0,2016.7890625,379.48671658337116
2026-07-26T04:49:44.896488+00:00,11245.0,68.0,150.95,40.0,2016.7890625,379.80005157366395
2026-07-26T04:49:45.225707+00:00,11245.0,73.0,188.41,41.0,2016.7890625,380.12927101925015
2026-07-26T04:49:45.617241+00:00,11245.0,40.0,188.18,39.0,2016.7890625,380.5208031013608
2026-07-26T04:49:45.945801+00:00,11245.0,40.0,154.93,38.0,2016.7890625,380.8493636883795
2026-07-26T04:49:46.276200+00:00,11245.0,41.0,117.72,38.0,2016.7890625,381.1797631829977
2026-07-26T04:49:46.587099+00:00,11245.0,41.0,108.09,38.0,2016.7890625,381.4906627647579
2026-07-26T04:49:46.938834+00:00,11245.0,40.0,108.19,38.0,2016.7890625,381.84239514917135
2026-07-26T04:49:47.250937+00:00,11245.0,42.0,108.1,38.0,2016.7890625,382.1544994302094
2026-07-26T04:49:47.586729+00:00,11245.0,40.0,108.41,38.0,2016.7890625,382.4902922399342
2026-07-26T04:49:47.898879+00:00,11245.0,42.0,108.68,38.0,2016.7890625,382.8024411909282
2026-07-26T04:49:48.207596+00:00,11245.0,42.0,109.21,38.0,2016.7890625,383.11115841567516
2026-07-26T04:49:48.521623+00:00,11245.0,41.0,109.48,38.0,2016.7890625,383.4251862093806
2026-07-26T04:49:48.804606+00:00,11245.0,41.0,109.6,38.0,2016.7890625,383.70816768705845
2026-07-26T04:49:49.114413+00:00,11245.0,43.0,110.05,38.0,2016.7890625,384.01797157526016
2026-07-26T04:49:49.448402+00:00,11245.0,40.0,110.65,38.0,2016.80078125,384.3519624955952
2026-07-26T04:49:49.760992+00:00,11245.0,41.0,111.21,38.0,2016.80078125,384.66455483809114
2026-07-26T04:49:50.050073+00:00,11245.0,42.0,111.57,38.0,2016.80078125,384.9536356590688
2026-07-26T04:49:50.404650+00:00,11245.0,43.0,111.56,38.0,2016.80078125,385.3082125335932
2026-07-26T04:49:50.735679+00:00,11245.0,44.0,112.13,38.0,2016.80078125,385.6392426081002
2026-07-26T04:49:51.040484+00:00,11245.0,43.0,112.34,38.0,2016.80078125,385.9440478682518
2026-07-26T04:49:51.351059+00:00,11245.0,45.0,122.14,39.0,2016.8046875,386.2546220161021
2026-07-26T04:49:51.684925+00:00,11245.0,52.0,153.88,40.0,2016.8046875,386.5884880013764
2026-07-26T04:49:52.028741+00:00,11245.0,13.0,177.78,40.0,2016.82421875,386.93230383098125
2026-07-26T04:49:52.374551+00:00,11245.0,41.0,176.27,39.0,2016.82421875,387.27811494097114
2026-07-26T04:49:52.685339+00:00,11245.0,40.0,146.2,38.0,2016.82421875,387.5889013186097
2026-07-26T04:49:53.034629+00:00,11245.0,40.0,119.79,38.0,2016.828125,387.93819216638803
2026-07-26T04:49:53.322179+00:00,11245.0,42.0,109.4,38.0,2016.828125,388.22574216872454
2026-07-26T04:49:53.634323+00:00,11245.0,43.0,109.92,38.0,2016.828125,388.5378862656653
2026-07-26T04:49:53.966835+00:00,11245.0,41.0,110.18,38.0,2016.828125,388.87039755284786
2026-07-26T04:49:54.276127+00:00,11245.0,43.0,110.76,38.0,2016.828125,389.1796891838312
2026-07-26T04:49:54.608330+00:00,11245.0,41.0,110.65,38.0,2016.828125,389.51189241558313
2026-07-26T04:49:54.915771+00:00,11245.0,43.0,111.21,38.0,2016.828125,389.81933307275176
2026-07-26T04:49:55.223971+00:00,11245.0,41.0,111.17,38.0,2016.828125,390.12752433493733
2026-07-26T04:49:55.536470+00:00,11245.0,43.0,111.92,38.0,2016.828125,390.4400327987969
2026-07-26T04:49:55.863415+00:00,11245.0,43.0,111.86,38.0,2016.828125,390.7669788710773
2026-07-26T04:49:56.168581+00:00,11245.0,42.0,112.14,38.0,2016.828125,391.07214467972517
2026-07-26T04:49:56.524676+00:00,11245.0,41.0,112.56,38.0,2016.828125,391.42823906615376
2026-07-26T04:49:56.856647+00:00,11245.0,43.0,112.75,38.0,2016.828125,391.7602102160454
2026-07-26T04:49:57.164423+00:00,11245.0,44.0,113.0,38.0,2016.828125,392.0679867193103
2026-07-26T04:49:57.473733+00:00,11245.0,45.0,113.53,38.0,2016.828125,392.37729692459106
2026-07-26T04:49:57.826791+00:00,11245.0,42.0,114.21,38.0,2016.828125,392.73035456612706
2026-07-26T04:49:58.136061+00:00,11245.0,45.0,115.08,38.0,2016.828125,393.03961673006415
2026-07-26T04:49:58.468941+00:00,11245.0,44.0,115.0,38.0,2016.828125,393.3725038729608
2026-07-26T04:49:58.777143+00:00,11245.0,45.0,115.93,38.0,2016.828125,393.6807060651481
2026-07-26T04:49:59.090985+00:00,11245.0,46.0,116.21,38.0,2016.828125,393.9945470690727
2026-07-26T04:49:59.401788+00:00,11245.0,45.0,117.37,38.0,2016.828125,394.3053513132036
2026-07-26T04:49:59.713988+00:00,11245.0,45.0,117.52,38.0,2016.828125,394.6175517067313
2026-07-26T04:50:00.026966+00:00,11245.0,44.0,118.08,38.0,2016.828125,394.93052845448256
2026-07-26T04:50:00.439689+00:00,11245.0,1.0,112.63,39.0,2017.15234375,395.3432521559298
2026-07-26T04:50:00.750661+00:00,11245.0,81.0,150.75,41.0,2017.16015625,395.65422405302525
2026-07-26T04:50:01.061729+00:00,11245.0,78.0,191.94,41.0,2017.16015625,395.9652913734317
2026-07-26T04:50:01.388560+00:00,11245.0,40.0,206.56,39.0,2017.16015625,396.292122926563
2026-07-26T04:50:01.720873+00:00,11245.0,26.0,167.57,38.0,2017.16015625,396.6244365759194
2026-07-26T04:50:02.051508+00:00,11245.0,41.0,121.98,38.0,2017.16015625,396.9550697542727
2026-07-26T04:50:02.384290+00:00,11245.0,41.0,107.02,38.0,2017.16015625,397.2878523878753
2026-07-26T04:50:02.717220+00:00,11245.0,41.0,108.09,38.0,2017.16015625,397.6207822188735
2026-07-26T04:50:03.021558+00:00,11245.0,42.0,108.71,38.0,2017.16015625,397.92512111365795
2026-07-26T04:50:03.328862+00:00,11245.0,40.0,108.9,38.0,2017.16015625,398.23242488875985
2026-07-26T04:50:03.681241+00:00,11245.0,42.0,109.2,38.0,2017.16015625,398.5848044604063
2026-07-26T04:50:03.991967+00:00,11245.0,43.0,109.53,38.0,2017.16015625,398.89552972465754
2026-07-26T04:50:04.320657+00:00,11245.0,40.0,110.07,38.0,2017.16015625,399.2242203839123
2026-07-26T04:50:04.628741+00:00,11245.0,43.0,110.67,38.0,2017.16015625,399.53230418637395
2026-07-26T04:50:04.937663+00:00,11245.0,42.0,110.77,38.0,2017.16015625,399.841226734221
2026-07-26T04:50:05.221756+00:00,11245.0,43.0,111.15,38.0,2017.16015625,400.12531977519393
2026-07-26T04:50:05.526450+00:00,11245.0,43.0,111.7,38.0,2017.16015625,400.43001383543015
2026-07-26T04:50:05.856146+00:00,11245.0,43.0,112.61,38.0,2017.16015625,400.75970862433314
2026-07-26T04:50:06.209634+00:00,11245.0,43.0,113.0,38.0,2017.16015625,401.1131962388754
2026-07-26T04:50:06.519549+00:00,11245.0,44.0,112.92,38.0,2017.16015625,401.4231129847467
2026-07-26T04:50:06.824519+00:00,11245.0,45.0,112.91,38.0,2017.16015625,401.72808250412345
2026-07-26T04:50:07.129810+00:00,11245.0,44.0,113.56,38.0,2017.16015625,402.0333733186126
2026-07-26T04:50:07.413535+00:00,11245.0,45.0,113.87,38.0,2017.16015625,402.31709933280945
2026-07-26T04:50:07.743472+00:00,11245.0,45.0,114.35,38.0,2017.16015625,402.6470347121358
2026-07-26T04:50:08.051829+00:00,11245.0,45.0,114.81,38.0,2017.16015625,402.95539167150855
2026-07-26T04:50:08.360588+00:00,11245.0,45.0,115.61,38.0,2017.16015625,403.2641515918076
2026-07-26T04:50:08.690723+00:00,11245.0,45.0,122.52,38.0,2017.34765625,403.5942858606577
2026-07-26T04:50:09.041168+00:00,11245.0,59.0,157.27,41.0,2017.5703125,403.94473100453615
2026-07-26T04:50:09.349572+00:00,11245.0,61.0,186.24,40.0,2017.59375,404.2531367652118
2026-07-26T04:50:09.661820+00:00,11245.0,42.0,198.33,39.0,2017.59375,404.5653824955225
2026-07-26T04:50:09.969275+00:00,11245.0,42.0,164.49,39.0,2017.59375,404.8728374391794
2026-07-26T04:50:10.293124+00:00,11245.0,42.0,124.99,38.0,2017.59375,405.1966865584254
2026-07-26T04:50:10.577032+00:00,11245.0,43.0,110.83,38.0,2017.59375,405.4805950447917
2026-07-26T04:50:10.885363+00:00,11245.0,43.0,111.07,38.0,2017.59375,405.7889262139797
2026-07-26T04:50:11.190923+00:00,11245.0,43.0,111.13,38.0,2017.59375,406.0944862514734
2026-07-26T04:50:11.498201+00:00,11245.0,43.0,111.54,38.0,2017.59375,406.40176310390234
2026-07-26T04:50:11.797026+00:00,11245.0,43.0,112.04,38.0,2017.59375,406.7005894035101
2026-07-26T04:50:12.108018+00:00,11245.0,42.0,112.25,38.0,2017.59375,407.011581864208
2026-07-26T04:50:12.410904+00:00,11245.0,44.0,112.92,38.0,2017.59375,407.3144674450159
2026-07-26T04:50:12.737553+00:00,11245.0,44.0,113.31,38.0,2017.59375,407.64111698791385
2026-07-26T04:50:13.047640+00:00,11245.0,44.0,113.42,38.0,2017.59375,407.9512032531202
2026-07-26T04:50:13.332416+00:00,11245.0,45.0,113.96,38.0,2017.59375,408.235976357013
2026-07-26T04:50:13.638415+00:00,11245.0,60.0,126.72,40.0,2017.71875,408.541978713125
2026-07-26T04:50:13.941988+00:00,11245.0,63.0,156.35,40.0,2017.71875,408.84555211290717
2026-07-26T04:50:14.294375+00:00,11245.0,19.0,184.24,39.0,2017.71875,409.1979382522404
2026-07-26T04:50:14.602094+00:00,11245.0,41.0,173.42,39.0,2017.71875,409.5056571997702
2026-07-26T04:50:14.890723+00:00,11245.0,41.0,144.65,39.0,2017.71875,409.79428635165095
2026-07-26T04:50:15.217079+00:00,11245.0,42.0,119.23,38.0,2017.71875,410.12064243480563
2026-07-26T04:50:15.522059+00:00,11245.0,42.0,109.56,38.0,2017.71875,410.42562298849225
2026-07-26T04:50:15.881436+00:00,11245.0,39.0,109.17,38.0,2017.71875,410.78499876335263
2026-07-26T04:50:16.184805+00:00,11245.0,41.0,108.89,38.0,2017.71875,411.08836752548814
2026-07-26T04:50:16.495586+00:00,11245.0,42.0,109.08,38.0,2017.71875,411.3991499841213
2026-07-26T04:50:16.804554+00:00,11245.0,41.0,109.24,38.0,2017.71875,411.70811696350574
2026-07-26T04:50:17.119501+00:00,11245.0,40.0,109.31,38.0,2017.71875,412.0230643413961
2026-07-26T04:50:17.426701+00:00,11245.0,42.0,109.47,38.0,2017.71875,412.3302641771734
2026-07-26T04:50:17.738036+00:00,11245.0,42.0,109.74,38.0,2017.71875,412.64159947261214
2026-07-26T04:50:18.049255+00:00,11245.0,41.0,109.92,38.0,2017.71875,412.9528183117509
2026-07-26T04:50:18.358601+00:00,11245.0,42.0,110.47,38.0,2017.71875,413.2621639035642
2026-07-26T04:50:18.715467+00:00,11245.0,41.0,109.19,38.0,2017.71875,413.6190297268331
2026-07-26T04:50:19.049141+00:00,11245.0,42.0,109.58,38.0,2017.71875,413.9527040757239
2026-07-26T04:50:19.384918+00:00,11245.0,42.0,110.05,38.0,2017.71875,414.28848003968596
2026-07-26T04:50:19.697961+00:00,11245.0,43.0,112.17,38.0,2017.71875,414.60152438282967
2026-07-26T04:50:20.007991+00:00,11245.0,44.0,112.58,38.0,2017.71875,414.91155437007546
2026-07-26T04:50:20.317068+00:00,11245.0,45.0,113.06,38.0,2017.71875,415.2206306196749
2026-07-26T04:50:20.626082+00:00,11245.0,54.0,128.1,40.0,2017.71875,415.52964479103684
2026-07-26T04:50:20.953827+00:00,11245.0,68.0,160.5,40.0,2017.71875,415.85739102214575
2026-07-26T04:50:21.282864+00:00,11245.0,26.0,184.91,41.0,2017.71875,416.18642776831985
2026-07-26T04:50:21.594249+00:00,11245.0,39.0,169.85,39.0,2017.71875,416.4978127591312
2026-07-26T04:50:21.903445+00:00,11245.0,41.0,139.27,38.0,2017.71875,416.80700812488794
2026-07-26T04:50:22.187360+00:00,11245.0,42.0,118.19,38.0,2017.71875,417.09092420712113
2026-07-26T04:50:22.491932+00:00,11245.0,42.0,108.39,38.0,2017.71875,417.3954967968166
2026-07-26T04:50:22.793010+00:00,11245.0,42.0,108.79,38.0,2017.71875,417.6965739428997
2026-07-26T04:50:23.122241+00:00,11245.0,41.0,108.91,38.0,2017.71875,418.02580459043384
2026-07-26T04:50:23.433009+00:00,11245.0,42.0,109.12,38.0,2017.71875,418.3365724720061
2026-07-26T04:50:23.743560+00:00,11245.0,41.0,109.17,38.0,2017.71875,418.6471232511103
2026-07-26T04:50:24.050548+00:00,11245.0,42.0,109.66,38.0,2017.71875,418.95411152765155
2026-07-26T04:50:24.356410+00:00,11245.0,43.0,110.05,38.0,2017.71875,419.25997391715646
2026-07-26T04:50:24.685190+00:00,11245.0,42.0,110.18,38.0,2017.71875,419.5887533798814
2026-07-26T04:50:24.996502+00:00,11245.0,42.0,110.38,38.0,2017.71875,419.9000650085509
2026-07-26T04:50:25.304281+00:00,11245.0,43.0,110.61,38.0,2017.71875,420.20784471556544
2026-07-26T04:50:25.611070+00:00,11245.0,42.0,111.18,38.0,2017.71875,420.5146336890757
2026-07-26T04:50:25.900344+00:00,11245.0,42.0,111.62,38.0,2017.71875,420.8039073459804
2026-07-26T04:50:26.207681+00:00,11245.0,42.0,112.15,38.0,2017.71875,421.1112447194755
2026-07-26T04:50:26.514505+00:00,11245.0,43.0,112.35,38.0,2017.71875,421.41806902363896
2026-07-26T04:50:26.821976+00:00,11245.0,43.0,112.65,38.0,2017.71875,421.7255400046706
2026-07-26T04:50:27.125589+00:00,11245.0,43.0,113.16,38.0,2017.71875,422.02915382757783
2026-07-26T04:50:27.431977+00:00,11245.0,65.0,139.84,40.0,2017.93359375,422.33554024621844
2026-07-26T04:50:27.762618+00:00,11245.0,56.0,172.17,40.0,2017.93359375,422.66618264093995
2026-07-26T04:50:28.072277+00:00,11245.0,63.0,186.23,39.0,2017.97265625,422.975840292871
2026-07-26T04:50:28.381707+00:00,11245.0,41.0,166.21,39.0,2017.97265625,423.2852707207203
2026-07-26T04:50:28.708713+00:00,11245.0,41.0,129.25,38.0,2017.97265625,423.6122773550451
2026-07-26T04:50:29.014238+00:00,11245.0,41.0,108.51,38.0,2017.97265625,423.91780066490173
2026-07-26T04:50:29.322365+00:00,11245.0,42.0,108.94,38.0,2017.97265625,424.22592847049236
2026-07-26T04:50:29.606139+00:00,11245.0,41.0,109.32,38.0,2017.97265625,424.5097032934427
2026-07-26T04:50:29.909946+00:00,11245.0,41.0,109.33,38.0,2017.97265625,424.8135103136301
2026-07-26T04:50:30.194902+00:00,11245.0,41.0,109.1,38.0,2017.97265625,425.0984653644264
2026-07-26T04:50:30.526934+00:00,11245.0,42.0,109.17,38.0,2017.97265625,425.43049792200327
2026-07-26T04:50:30.836276+00:00,11245.0,42.0,109.28,38.0,2017.97265625,425.7398395575583
2026-07-26T04:50:31.186474+00:00,11245.0,42.0,109.76,38.0,2017.97265625,426.09003768488765
2026-07-26T04:50:31.472169+00:00,11245.0,43.0,110.08,38.0,2017.97265625,426.37573224678636
2026-07-26T04:50:31.784032+00:00,11245.0,42.0,110.78,38.0,2017.97265625,426.68759558722377
2026-07-26T04:50:32.120519+00:00,11245.0,41.0,111.04,38.0,2017.97265625,427.02408182621
2026-07-26T04:50:32.434805+00:00,11245.0,41.0,111.55,38.0,2017.97265625,427.33836883306503
2026-07-26T04:50:32.776284+00:00,11245.0,44.0,111.53,38.0,2017.97265625,427.67984668165445
2026-07-26T04:50:33.113498+00:00,11245.0,42.0,112.03,38.0,2017.97265625,428.01706160604954
2026-07-26T04:50:33.422046+00:00,11245.0,42.0,112.16,38.0,2017.97265625,428.3256086669862
2026-07-26T04:50:33.760570+00:00,11245.0,45.0,112.78,38.0,2017.97265625,428.6641335710883
2026-07-26T04:50:34.068108+00:00,11245.0,43.0,113.11,38.0,2017.97265625,428.9716721512377
2026-07-26T04:50:34.424292+00:00,11245.0,42.0,113.64,38.0,2017.97265625,429.32785439118743
2026-07-26T04:50:34.732661+00:00,11245.0,61.0,128.82,40.0,2018.04296875,429.6362245604396
2026-07-26T04:50:35.104917+00:00,11245.0,73.0,163.55,40.0,2018.04296875,430.00847993046045
2026-07-26T04:50:35.417753+00:00,11245.0,90.0,199.77,42.0,2018.2109375,430.32131615281105
2026-07-26T04:50:35.702858+00:00,11245.0,45.0,189.98,39.0,2018.2109375,430.6064217425883
2026-07-26T04:50:36.034409+00:00,11245.0,45.0,158.34,39.0,2018.2109375,430.93797102198005
2026-07-26T04:50:36.344125+00:00,11245.0,46.0,138.55,39.0,2018.2109375,431.2476879656315
2026-07-26T04:50:36.653495+00:00,11245.0,44.0,117.39,39.0,2018.2109375,431.55705907940865
2026-07-26T04:50:36.973344+00:00,11245.0,46.0,117.63,39.0,2018.2109375,431.8769071958959
2026-07-26T04:50:37.279287+00:00,11245.0,46.0,118.06,39.0,2018.2109375,432.1828509233892
2026-07-26T04:50:37.585804+00:00,11245.0,46.0,118.62,39.0,2018.2109375,432.4893675521016
2026-07-26T04:50:37.893912+00:00,11245.0,46.0,119.3,39.0,2018.2109375,432.79747426882386
2026-07-26T04:50:38.199520+00:00,11245.0,46.0,119.39,39.0,2018.2109375,433.10308251157403
2026-07-26T04:50:38.510283+00:00,11245.0,47.0,119.76,39.0,2018.2109375,433.413846231997
2026-07-26T04:50:38.819750+00:00,11245.0,48.0,119.9,39.0,2018.2109375,433.72331381589174
2026-07-26T04:50:39.111855+00:00,11245.0,47.0,120.96,39.0,2018.2109375,434.01541797444224
2026-07-26T04:50:39.396778+00:00,11245.0,47.0,121.33,39.0,2018.2109375,434.3003426976502
2026-07-26T04:50:39.702529+00:00,11245.0,47.0,121.62,39.0,2018.2109375,434.60609332472086
2026-07-26T04:50:40.016093+00:00,11245.0,48.0,121.8,39.0,2018.2109375,434.9196563847363
2026-07-26T04:50:40.305076+00:00,11245.0,48.0,121.75,39.0,2018.2109375,435.20863864943385
2026-07-26T04:50:40.638806+00:00,11245.0,48.0,122.28,39.0,2018.2109375,435.5423688739538
2026-07-26T04:50:40.947068+00:00,11245.0,47.0,122.7,39.0,2018.2109375,435.8506309092045
2026-07-26T04:50:41.232865+00:00,11245.0,47.0,123.71,39.0,2018.2109375,436.1364284493029
2026-07-26T04:50:41.534456+00:00,11245.0,47.0,123.89,39.0,2018.2109375,436.43802051246166
2026-07-26T04:50:41.818225+00:00,11245.0,48.0,124.43,39.0,2018.2109375,436.7217878997326
2026-07-26T04:50:42.126745+00:00,11245.0,47.0,124.46,39.0,2018.2109375,437.0303081125021
2026-07-26T04:50:42.435106+00:00,11245.0,49.0,125.16,39.0,2018.2109375,437.33867010846734
2026-07-26T04:50:42.744951+00:00,11245.0,48.0,125.32,39.0,2018.2109375,437.648514918983
2026-07-26T04:50:43.066990+00:00,11245.0,49.0,125.67,39.0,2018.2109375,437.97055369243026
2026-07-26T04:50:43.395372+00:00,11245.0,49.0,126.44,39.0,2018.2109375,438.2989356815815
2026-07-26T04:50:43.680852+00:00,11245.0,49.0,126.57,39.0,2018.2109375,438.5844155997038
2026-07-26T04:50:43.988733+00:00,11245.0,50.0,127.31,39.0,2018.2109375,438.89229580014944
2026-07-26T04:50:44.294132+00:00,11245.0,50.0,127.56,39.0,2018.2109375,439.19769517704844
2026-07-26T04:50:44.628464+00:00,11245.0,93.0,151.75,42.0,2018.36328125,439.53202652931213
2026-07-26T04:50:44.940018+00:00,11245.0,90.0,203.55,42.0,2018.36328125,439.84358156099916
2026-07-26T04:50:45.275135+00:00,11245.0,91.0,245.13,41.0,2018.4375,440.1786984093487
2026-07-26T04:50:45.560476+00:00,11245.0,41.0,240.84,39.0,2018.4375,440.46403962001204
2026-07-26T04:50:45.844726+00:00,11245.0,41.0,190.3,39.0,2018.4375,440.74829053506255
2026-07-26T04:50:46.147015+00:00,11245.0,41.0,132.9,39.0,2018.4375,441.0505786947906
2026-07-26T04:50:46.502314+00:00,11245.0,41.0,110.07,39.0,2018.4375,441.40587800741196
2026-07-26T04:50:46.787674+00:00,11245.0,42.0,110.09,39.0,2018.4375,441.69123815745115
2026-07-26T04:50:47.099641+00:00,11245.0,42.0,110.06,39.0,2018.4375,442.00320513546467
2026-07-26T04:50:47.428418+00:00,11245.0,42.0,109.8,39.0,2018.4375,442.33198081701994
2026-07-26T04:50:47.738277+00:00,11245.0,40.0,109.88,39.0,2018.4375,442.6418400481343
2026-07-26T04:50:48.102495+00:00,11245.0,42.0,110.01,39.0,2018.4375,443.00605496391654
2026-07-26T04:50:48.432480+00:00,11245.0,42.0,110.29,39.0,2018.4375,443.33604295924306
2026-07-26T04:50:48.744005+00:00,11245.0,42.0,110.45,39.0,2018.4375,443.6475670263171
2026-07-26T04:50:49.051774+00:00,11245.0,34.0,110.46,39.0,2018.4375,443.9553362876177
2026-07-26T04:50:49.396426+00:00,11245.0,43.0,110.77,39.0,2018.4375,444.2999887689948
2026-07-26T04:50:49.685989+00:00,11245.0,43.0,111.15,39.0,2018.4375,444.5895518511534
2026-07-26T04:50:49.973429+00:00,11245.0,42.0,111.62,39.0,2018.4375,444.87699165567756
2026-07-26T04:50:50.307671+00:00,11245.0,42.0,112.22,39.0,2018.4375,445.21123383939266
2026-07-26T04:50:50.640239+00:00,11245.0,41.0,112.34,39.0,2018.4375,445.5438019260764
2026-07-26T04:50:51.000863+00:00,11245.0,44.0,113.27,39.0,2018.4375,445.90442583337426
2026-07-26T04:50:51.308171+00:00,11245.0,44.0,114.14,39.0,2018.4375,446.2117332704365
2026-07-26T04:50:51.640457+00:00,11245.0,43.0,114.58,39.0,2018.4375,446.54401928931475
2026-07-26T04:50:51.971805+00:00,11245.0,44.0,115.14,39.0,2018.4375,446.8753678128123
2026-07-26T04:50:52.256336+00:00,11245.0,44.0,115.01,39.0,2018.4375,447.1598999761045
2026-07-26T04:50:52.568576+00:00,11245.0,45.0,115.93,39.0,2018.4375,447.4721381664276
2026-07-26T04:50:52.876704+00:00,11245.0,46.0,116.2,39.0,2018.4375,447.7802661471069
2026-07-26T04:50:53.210663+00:00,11245.0,45.0,117.21,39.0,2018.4375,448.11422599107027
2026-07-26T04:50:53.498799+00:00,11245.0,45.0,117.17,39.0,2018.4375,448.40236108005047
2026-07-26T04:50:53.812476+00:00,11245.0,45.0,117.29,39.0,2018.4375,448.7160386554897
2026-07-26T04:50:54.122024+00:00,11245.0,55.0,126.4,40.0,2018.56640625,449.0255874581635
2026-07-26T04:50:54.439923+00:00,11245.0,65.0,165.53,41.0,2018.5703125,449.3434867374599
2026-07-26T04:50:54.798340+00:00,11245.0,82.0,200.62,41.0,2018.62890625,449.7019032202661
2026-07-26T04:50:55.129458+00:00,11245.0,40.0,198.33,39.0,2018.62890625,450.03302105143666
2026-07-26T04:50:55.436604+00:00,11245.0,41.0,161.95,39.0,2018.62890625,450.34016708657146
2026-07-26T04:50:55.723407+00:00,11245.0,41.0,121.36,39.0,2018.62890625,450.6269709020853
2026-07-26T04:50:56.054365+00:00,11245.0,41.0,108.57,39.0,2018.62890625,450.9579278714955
2026-07-26T04:50:56.387041+00:00,11245.0,42.0,108.89,39.0,2018.62890625,451.2906035594642
2026-07-26T04:50:56.696424+00:00,11245.0,42.0,109.0,39.0,2018.62890625,451.59998780861497
2026-07-26T04:50:57.009674+00:00,11245.0,42.0,109.38,39.0,2018.62890625,451.91323836892843
2026-07-26T04:50:57.296911+00:00,11245.0,42.0,109.56,39.0,2018.62890625,452.20047437399626
2026-07-26T04:50:57.585668+00:00,11245.0,43.0,109.61,39.0,2018.62890625,452.48923153057694
2026-07-26T04:50:57.870615+00:00,11245.0,43.0,109.85,38.0,2018.62890625,452.77417904138565
2026-07-26T04:50:58.179360+00:00,11245.0,42.0,110.03,39.0,2018.62890625,453.0829246044159
2026-07-26T04:50:58.484326+00:00,11245.0,42.0,110.6,38.0,2018.62890625,453.3878903687
2026-07-26T04:50:58.769402+00:00,11245.0,43.0,111.01,38.0,2018.62890625,453.6729660369456
2026-07-26T04:50:59.100536+00:00,11245.0,43.0,111.33,38.0,2018.62890625,454.00410034134984
2026-07-26T04:50:59.406974+00:00,11245.0,43.0,112.24,38.0,2018.62890625,454.31053682789207
2026-07-26T04:50:59.691683+00:00,11245.0,43.0,112.73,38.0,2018.62890625,454.59524792432785
2026-07-26T04:50:59.998357+00:00,11245.0,59.0,127.64,40.0,2018.67578125,454.901921287179
2026-07-26T04:51:00.309411+00:00,11245.0,58.0,156.55,41.0,2018.67578125,455.21297431737185
2026-07-26T04:51:00.621996+00:00,11245.0,51.0,180.0,40.0,2018.7109375,455.52555875107646
2026-07-26T04:51:00.907155+00:00,11245.0,41.0,169.28,39.0,2018.7109375,455.8107191622257
2026-07-26T04:51:01.237356+00:00,11245.0,42.0,139.89,39.0,2018.7109375,456.1409188769758
2026-07-26T04:51:01.544334+00:00,11245.0,42.0,118.63,39.0,2018.7109375,456.4478982053697
2026-07-26T04:51:01.829078+00:00,11245.0,42.0,108.96,39.0,2018.7109375,456.7326415516436
2026-07-26T04:51:02.137175+00:00,11245.0,42.0,109.48,39.0,2018.7109375,457.0407379902899
2026-07-26T04:51:02.463780+00:00,11245.0,41.0,109.82,38.0,2018.7109375,457.36734264343977
2026-07-26T04:51:02.771335+00:00,11245.0,42.0,109.84,38.0,2018.7109375,457.6748983748257
2026-07-26T04:51:03.080241+00:00,11245.0,43.0,110.07,38.0,2018.7109375,457.9838049262762
2026-07-26T04:51:03.389900+00:00,11245.0,41.0,110.29,38.0,2018.7109375,458.293463062495
2026-07-26T04:51:03.751818+00:00,11245.0,41.0,110.35,38.0,2018.7109375,458.65538085624576
2026-07-26T04:51:04.039194+00:00,11245.0,43.0,110.37,38.0,2018.7109375,458.9427572414279
2026-07-26T04:51:04.345454+00:00,11245.0,41.0,110.34,38.0,2018.7109375,459.2490161433816
2026-07-26T04:51:04.658742+00:00,11245.0,41.0,110.72,38.0,2018.7109375,459.5623048171401
2026-07-26T04:51:04.992345+00:00,11245.0,42.0,111.53,38.0,2018.7109375,459.8959080390632
2026-07-26T04:51:05.342042+00:00,11245.0,42.0,111.74,38.0,2018.7109375,460.2456051148474
2026-07-26T04:51:05.653580+00:00,11245.0,43.0,112.29,38.0,2018.7109375,460.557142727077
2026-07-26T04:51:05.964732+00:00,11245.0,44.0,112.96,38.0,2018.7109375,460.8682940453291
2026-07-26T04:51:06.296466+00:00,11245.0,43.0,113.6,38.0,2018.7109375,461.20002891868353
2026-07-26T04:51:06.628069+00:00,11245.0,44.0,113.92,38.0,2018.7109375,461.531632296741
2026-07-26T04:51:06.937600+00:00,11245.0,45.0,114.29,38.0,2018.71484375,461.8411623612046
2026-07-26T04:51:07.224527+00:00,11245.0,45.0,115.15,38.0,2018.71484375,462.1280906163156
2026-07-26T04:51:07.534338+00:00,11245.0,45.0,116.0,38.0,2018.71484375,462.43790113553405
2026-07-26T04:51:07.819543+00:00,11245.0,45.0,116.6,38.0,2018.71484375,462.7231071740389
2026-07-26T04:51:08.127145+00:00,11245.0,46.0,116.7,38.0,2018.71484375,463.03070932999253
2026-07-26T04:51:08.412784+00:00,11245.0,45.0,116.7,38.0,2018.71484375,463.31634817644954
2026-07-26T04:51:08.719329+00:00,11245.0,45.0,117.19,38.0,2018.71484375,463.62289223074913
2026-07-26T04:51:09.049845+00:00,11245.0,46.0,118.05,38.0,2018.71484375,463.9534076228738
2026-07-26T04:51:09.335033+00:00,11245.0,46.0,118.62,38.0,2018.71484375,464.23859653249383
2026-07-26T04:51:09.637480+00:00,11245.0,46.0,118.99,38.0,2018.71484375,464.5410438813269
2026-07-26T04:51:09.966584+00:00,11245.0,70.0,156.81,41.0,2018.765625,464.870147973299
2026-07-26T04:51:10.323232+00:00,11245.0,86.0,202.82,41.0,2018.765625,465.22679480165243
2026-07-26T04:51:10.656634+00:00,11245.0,42.0,215.57,39.0,2018.84765625,465.56019727140665
2026-07-26T04:51:11.006681+00:00,11245.0,40.0,173.68,39.0,2018.84765625,465.91024366393685
2026-07-26T04:51:11.364754+00:00,11245.0,42.0,124.8,39.0,2018.84765625,466.2683165073395
2026-07-26T04:51:11.693565+00:00,11245.0,43.0,110.1,39.0,2018.84765625,466.59712839871645
2026-07-26T04:51:12.024969+00:00,11245.0,43.0,110.21,39.0,2018.84765625,466.9285327754915
2026-07-26T04:51:12.330259+00:00,11245.0,42.0,110.44,38.0,2018.84765625,467.2338230162859
2026-07-26T04:51:12.637760+00:00,11245.0,42.0,110.57,38.0,2018.84765625,467.54132482782006
2026-07-26T04:51:12.948823+00:00,11245.0,42.0,110.69,38.0,2018.84765625,467.85238476097584
2026-07-26T04:51:13.260321+00:00,11245.0,42.0,110.84,38.0,2018.859375,468.1638838015497
2026-07-26T04:51:13.570198+00:00,11245.0,43.0,111.36,38.0,2018.859375,468.4737619012594
2026-07-26T04:51:13.881312+00:00,11245.0,42.0,111.58,38.0,2018.859375,468.7848761379719
2026-07-26T04:51:14.165912+00:00,11245.0,43.0,112.55,38.0,2018.859375,469.069476198405
2026-07-26T04:51:14.492352+00:00,11245.0,44.0,113.08,38.0,2018.859375,469.39591574668884
2026-07-26T04:51:14.779582+00:00,11245.0,44.0,113.55,38.0,2018.859375,469.68314591795206
2026-07-26T04:51:15.109503+00:00,11245.0,45.0,114.04,38.0,2018.859375,470.0130661986768
2026-07-26T04:51:15.420501+00:00,11245.0,44.0,114.21,38.0,2018.859375,470.3240638524294
2026-07-26T04:51:15.753902+00:00,11245.0,43.0,114.82,38.0,2018.859375,470.6574657820165
2026-07-26T04:51:16.062806+00:00,11245.0,44.0,114.83,38.0,2018.859375,470.96636943146586
2026-07-26T04:51:16.393647+00:00,11245.0,44.0,115.66,38.0,2018.859375,471.29721063748
2026-07-26T04:51:16.753631+00:00,11245.0,65.0,133.78,40.0,2018.88671875,471.65719386562705
2026-07-26T04:51:17.063574+00:00,11245.0,73.0,164.9,41.0,2018.88671875,471.9671379290521
2026-07-26T04:51:17.394425+00:00,11245.0,20.0,189.08,41.0,2019.12890625,472.2979892678559
2026-07-26T04:51:17.726981+00:00,11245.0,40.0,171.67,39.0,2019.12890625,472.6305453181267
2026-07-26T04:51:18.014848+00:00,11245.0,41.0,140.16,39.0,2019.12890625,472.9184123761952
2026-07-26T04:51:18.345209+00:00,11245.0,41.0,110.6,39.0,2019.12890625,473.24877317622304
2026-07-26T04:51:18.675899+00:00,11245.0,41.0,109.03,39.0,2019.12890625,473.5794635824859
2026-07-26T04:51:18.987807+00:00,11245.0,41.0,109.35,38.0,2019.12890625,473.8913701660931
2026-07-26T04:51:19.339981+00:00,11245.0,41.0,108.99,38.0,2019.12890625,474.24353124946356
2026-07-26T04:51:19.673231+00:00,11245.0,40.0,108.8,38.0,2019.12890625,474.57679484039545
2026-07-26T04:51:20.012036+00:00,11245.0,34.0,108.61,38.0,2019.12890625,474.91559847816825
2026-07-26T04:51:20.343712+00:00,11245.0,27.0,107.49,38.0,2019.12890625,475.2472756356001
2026-07-26T04:51:20.654481+00:00,11245.0,42.0,107.92,38.0,2019.12890625,475.5580449849367
2026-07-26T04:51:20.986689+00:00,11245.0,42.0,108.38,38.0,2019.12890625,475.8902525752783
2026-07-26T04:51:21.297215+00:00,11245.0,41.0,110.08,38.0,2019.12890625,476.2007780224085
2026-07-26T04:51:21.653064+00:00,11245.0,41.0,110.62,38.0,2019.12890625,476.55662627890706
2026-07-26T04:51:21.965170+00:00,11245.0,42.0,110.93,38.0,2019.12890625,476.8687336705625
2026-07-26T04:51:22.278163+00:00,11245.0,42.0,111.08,38.0,2019.12890625,477.18172642961144
2026-07-26T04:51:22.586297+00:00,11245.0,44.0,111.54,38.0,2019.12890625,477.4898595623672
2026-07-26T04:51:22.901357+00:00,11245.0,43.0,112.01,38.0,2019.12890625,477.8049179278314
2026-07-26T04:51:23.213187+00:00,11245.0,42.0,112.67,38.0,2019.12890625,478.116750203073
2026-07-26T04:51:23.526739+00:00,11245.0,60.0,134.71,40.0,2019.1640625,478.4303022399545
2026-07-26T04:51:23.842549+00:00,11245.0,52.0,163.03,40.0,2019.1640625,478.7461116015911
2026-07-26T04:51:24.130324+00:00,11245.0,1.0,169.87,39.0,2036.515625,479.033887244761
2026-07-26T04:51:24.461531+00:00,11245.0,0.0,149.46,38.0,2042.9296875,479.365093998611
2026-07-26T04:51:24.772272+00:00,11245.0,42.0,128.43,39.0,2042.9296875,479.67583467811346
2026-07-26T04:51:25.131881+00:00,11245.0,42.0,113.58,38.0,2042.9296875,480.0354425869882
2026-07-26T04:51:25.450726+00:00,11245.0,40.0,120.9,38.0,2042.9296875,480.35428724065423
2026-07-26T04:51:25.806606+00:00,11245.0,40.0,108.95,38.0,2042.9296875,480.7101682461798
2026-07-26T04:51:26.132390+00:00,11245.0,37.0,107.85,38.0,2042.9296875,481.0359496027231
2026-07-26T04:51:26.448972+00:00,11245.0,43.0,108.19,38.0,2042.9296875,481.3525345772505
2026-07-26T04:51:26.788245+00:00,11245.0,43.0,108.65,38.0,2042.9296875,481.6918077133596
2026-07-26T04:51:27.096594+00:00,11245.0,43.0,110.27,38.0,2042.9296875,482.000157058239
2026-07-26T04:51:27.428167+00:00,11245.0,42.0,110.65,38.0,2042.9296875,482.33173022419214
2026-07-26T04:51:27.737929+00:00,11245.0,42.0,111.27,38.0,2042.9296875,482.6414919234812
2026-07-26T04:51:28.075498+00:00,11245.0,43.0,112.14,38.0,2042.9296875,482.97906094416976
2026-07-26T04:51:28.409398+00:00,11245.0,44.0,112.85,38.0,2042.9296875,483.3129615262151
2026-07-26T04:51:28.722448+00:00,11245.0,44.0,113.16,38.0,2042.9296875,483.62601117417216
2026-07-26T04:51:29.015299+00:00,11245.0,46.0,113.54,38.0,2042.9296875,483.9188621081412
2026-07-26T04:51:29.371567+00:00,11245.0,45.0,113.82,38.0,2042.9296875,484.2751299701631
2026-07-26T04:51:29.682472+00:00,11245.0,44.0,113.95,38.0,2042.9296875,484.58603474870324
2026-07-26T04:51:29.996954+00:00,11245.0,45.0,114.22,38.0,2042.9296875,484.90051732212305
2026-07-26T04:51:30.351190+00:00,11245.0,43.0,113.78,38.0,2041.93359375,485.2547530308366
2026-07-26T04:51:30.658542+00:00,11245.0,67.0,143.82,41.0,2042.0625,485.56210420280695
2026-07-26T04:51:30.987928+00:00,11245.0,59.0,179.57,41.0,2042.0625,485.8914909437299
2026-07-26T04:51:31.302114+00:00,11245.0,68.0,194.22,40.0,2042.06640625,486.2056763395667
2026-07-26T04:51:31.632770+00:00,11245.0,41.0,165.32,39.0,2042.06640625,486.5363325327635
2026-07-26T04:51:31.993090+00:00,11245.0,41.0,127.17,38.0,2042.06640625,486.8966523371637
2026-07-26T04:51:32.324356+00:00,11245.0,41.0,109.04,38.0,2042.06640625,487.22791908308864
2026-07-26T04:51:32.634440+00:00,11245.0,42.0,109.38,38.0,2042.06640625,487.5380036868155
2026-07-26T04:51:32.966682+00:00,11245.0,43.0,109.37,38.0,2042.06640625,487.87024550512433
2026-07-26T04:51:33.255549+00:00,11245.0,41.0,110.02,38.0,2042.06640625,488.159112226218
2026-07-26T04:51:33.584798+00:00,11245.0,43.0,110.23,38.0,2042.06640625,488.4883609749377
2026-07-26T04:51:33.896351+00:00,11245.0,42.0,110.82,38.0,2042.06640625,488.79991406202316
2026-07-26T04:51:34.251389+00:00,11245.0,41.0,111.42,38.0,2042.06640625,489.1549516506493
2026-07-26T04:51:34.608309+00:00,11245.0,42.0,111.99,38.0,2042.06640625,489.51187214255333
2026-07-26T04:51:34.916127+00:00,11245.0,42.0,112.2,38.0,2042.06640625,489.81968987360597
2026-07-26T04:51:35.268137+00:00,11245.0,44.0,112.86,38.0,2042.06640625,490.17169892042875
2026-07-26T04:51:35.605101+00:00,11245.0,43.0,113.18,38.0,2042.06640625,490.5086631588638
2026-07-26T04:51:35.959185+00:00,11245.0,44.0,113.75,38.0,2042.06640625,490.8627467676997
2026-07-26T04:51:36.269849+00:00,11245.0,43.0,114.55,38.0,2042.06640625,491.1734116487205
2026-07-26T04:51:36.582164+00:00,11245.0,45.0,115.04,38.0,2042.06640625,491.48572681471705
2026-07-26T04:51:36.930738+00:00,11245.0,44.0,115.65,38.0,2042.06640625,491.8343011364341
2026-07-26T04:51:37.255126+00:00,11245.0,43.0,115.66,38.0,2042.06640625,492.1586887277663
2026-07-26T04:51:37.561891+00:00,11245.0,46.0,116.19,38.0,2042.06640625,492.46545450761914
2026-07-26T04:51:37.889068+00:00,11245.0,45.0,116.6,38.0,2042.06640625,492.792630456388
2026-07-26T04:51:38.199734+00:00,11245.0,46.0,116.87,38.0,2042.06640625,493.1032962426543
2026-07-26T04:51:38.532718+00:00,11245.0,44.0,117.92,38.0,2042.06640625,493.43628043308854
2026-07-26T04:51:38.868712+00:00,11245.0,45.0,118.2,38.0,2042.06640625,493.77227395027876
2026-07-26T04:51:39.199791+00:00,11245.0,46.0,118.33,38.0,2042.06640625,494.10335325449705
2026-07-26T04:51:39.555404+00:00,11245.0,47.0,118.55,38.0,2042.06640625,494.4589662887156
2026-07-26T04:51:39.863831+00:00,11245.0,46.0,119.01,38.0,2042.06640625,494.7673934996128
2026-07-26T04:51:40.196424+00:00,11245.0,47.0,119.43,38.0,2042.06640625,495.09998608008027
2026-07-26T04:51:40.501545+00:00,11245.0,71.0,139.95,40.0,2042.25390625,495.40510834008455
2026-07-26T04:51:40.790460+00:00,11245.0,70.0,181.0,41.0,2042.25390625,495.6940225623548
2026-07-26T04:51:41.150903+00:00,11245.0,12.0,217.59,41.0,2042.2578125,496.0544658154249
2026-07-26T04:51:41.461346+00:00,11245.0,41.0,200.83,39.0,2042.2578125,496.3649097941816
2026-07-26T04:51:41.781432+00:00,11245.0,39.0,154.57,39.0,2042.2578125,496.68499378859997
2026-07-26T04:51:42.136456+00:00,11245.0,40.0,112.55,39.0,2042.2578125,497.04001903906465
2026-07-26T04:51:42.450282+00:00,11245.0,40.0,108.96,38.0,2042.2578125,497.3538442440331
2026-07-26T04:51:42.768602+00:00,11245.0,42.0,108.91,38.0,2042.2578125,497.6721652559936
2026-07-26T04:51:43.076914+00:00,11245.0,40.0,108.66,38.0,2042.2578125,497.9804765507579
2026-07-26T04:51:43.426561+00:00,11245.0,42.0,109.0,38.0,2042.2578125,498.3301240950823
2026-07-26T04:51:43.737822+00:00,11245.0,41.0,108.96,38.0,2042.2578125,498.6413859501481
2026-07-26T04:51:44.048486+00:00,11245.0,42.0,109.34,38.0,2042.2578125,498.9520492441952
2026-07-26T04:51:44.381186+00:00,11245.0,41.0,109.97,38.0,2042.2578125,499.28474954143167
2026-07-26T04:51:44.715635+00:00,11245.0,43.0,110.85,38.0,2042.2578125,499.6191977150738
2026-07-26T04:51:45.024127+00:00,11245.0,43.0,111.14,38.0,2042.2578125,499.9276897870004
2026-07-26T04:51:45.337375+00:00,11245.0,43.0,111.02,38.0,2042.2578125,500.2409382350743
2026-07-26T04:51:45.669882+00:00,11245.0,42.0,111.53,38.0,2042.2578125,500.57342575490475
2026-07-26T04:51:45.980144+00:00,11245.0,44.0,111.88,38.0,2042.2578125,500.88370702043176
2026-07-26T04:51:46.290194+00:00,11245.0,43.0,112.45,38.0,2042.2578125,501.1937558837235
2026-07-26T04:51:46.602268+00:00,11245.0,45.0,112.74,38.0,2042.2578125,501.50583036616445
2026-07-26T04:51:46.939043+00:00,11245.0,45.0,113.19,38.0,2042.2578125,501.84260573238134
2026-07-26T04:51:47.250995+00:00,11245.0,45.0,113.63,38.0,2042.2578125,502.1545576788485
2026-07-26T04:51:47.582520+00:00,11245.0,45.0,114.05,38.0,2042.2578125,502.4860828705132
2026-07-26T04:51:47.901642+00:00,11245.0,45.0,114.56,38.0,2042.2578125,502.80520441010594
2026-07-26T04:51:48.212329+00:00,11245.0,45.0,114.96,38.0,2042.2578125,503.11589232832193
2026-07-26T04:51:48.564658+00:00,11245.0,43.0,115.58,38.0,2042.2578125,503.4682201035321
2026-07-26T04:51:48.874285+00:00,11245.0,45.0,115.68,38.0,2042.2578125,503.77784817293286
2026-07-26T04:51:49.198768+00:00,11245.0,45.0,116.23,38.0,2042.2578125,504.1023318246007
2026-07-26T04:51:49.553614+00:00,11245.0,67.0,149.82,41.0,2042.40625,504.4571763575077
2026-07-26T04:51:49.868488+00:00,11245.0,76.0,188.59,40.0,2042.40625,504.7720509506762
2026-07-26T04:51:50.176827+00:00,11245.0,47.0,208.43,40.0,2042.41015625,505.0803892239928
2026-07-26T04:51:50.493855+00:00,11245.0,39.0,182.2,39.0,2042.41015625,505.3974182680249
2026-07-26T04:51:50.800270+00:00,11245.0,40.0,141.04,39.0,2042.41015625,505.70383301749825
2026-07-26T04:51:51.109177+00:00,11245.0,41.0,110.72,38.0,2042.41015625,506.0127395838499
2026-07-26T04:51:51.419006+00:00,11245.0,42.0,107.98,38.0,2042.41015625,506.32256792858243
2026-07-26T04:51:51.754972+00:00,11245.0,40.0,108.11,38.0,2042.41015625,506.6585342809558
2026-07-26T04:51:52.065755+00:00,11245.0,42.0,108.62,38.0,2042.41015625,506.9693175666034
2026-07-26T04:51:52.424778+00:00,11245.0,41.0,108.78,38.0,2042.41015625,507.32834040001035
2026-07-26T04:51:52.782571+00:00,11245.0,41.0,108.94,38.0,2042.41015625,507.6861330345273
2026-07-26T04:51:53.139969+00:00,11245.0,42.0,109.35,38.0,2042.41015625,508.04353235289454
2026-07-26T04:51:53.475327+00:00,11245.0,41.0,110.0,38.0,2042.41015625,508.3788900487125
2026-07-26T04:51:53.764451+00:00,11245.0,42.0,110.1,38.0,2042.41015625,508.66801419481635
2026-07-26T04:51:54.125676+00:00,11245.0,42.0,110.79,38.0,2042.41015625,509.02923971414566
2026-07-26T04:51:54.439248+00:00,11245.0,41.0,111.13,38.0,2042.41015625,509.34281119704247
2026-07-26T04:51:54.750371+00:00,11245.0,43.0,111.35,38.0,2042.41015625,509.65393337607384
2026-07-26T04:51:55.075893+00:00,11245.0,42.0,111.4,38.0,2042.41015625,509.9794547148049
2026-07-26T04:51:55.384683+00:00,11245.0,43.0,111.62,38.0,2042.41015625,510.2882458306849
2026-07-26T04:51:55.696760+00:00,11245.0,44.0,111.93,38.0,2042.41015625,510.6003235653043
2026-07-26T04:51:56.056660+00:00,11245.0,44.0,113.06,38.0,2042.41015625,510.96022118255496
2026-07-26T04:51:56.416652+00:00,11245.0,41.0,113.19,38.0,2042.41015625,511.32021486386657
2026-07-26T04:51:56.734653+00:00,11245.0,57.0,128.6,40.0,2042.59765625,511.63821594789624
2026-07-26T04:51:57.063854+00:00,11245.0,68.0,159.89,40.0,2042.59765625,511.96741715073586
2026-07-26T04:51:57.423071+00:00,11245.0,60.0,182.79,39.0,2042.62890625,512.3266336470842
2026-07-26T04:51:57.737578+00:00,11245.0,39.0,166.51,38.0,2042.62890625,512.6411407366395
2026-07-26T04:51:58.048627+00:00,11245.0,41.0,133.94,38.0,2042.62890625,512.9521906934679
2026-07-26T04:51:58.380729+00:00,11245.0,40.0,107.33,38.0,2042.62890625,513.2842919565737
2026-07-26T04:51:58.716741+00:00,11245.0,42.0,107.78,38.0,2042.62890625,513.6203032322228
2026-07-26T04:51:59.032417+00:00,11245.0,39.0,107.97,38.0,2042.62890625,513.9359794408083
2026-07-26T04:51:59.345630+00:00,11245.0,41.0,108.65,38.0,2042.62890625,514.2491926141083
2026-07-26T04:51:59.705338+00:00,11245.0,41.0,108.47,38.0,2042.62890625,514.608900744468
2026-07-26T04:52:00.050137+00:00,11245.0,42.0,108.65,38.0,2042.62890625,514.953699849546
2026-07-26T04:52:00.383521+00:00,11245.0,40.0,108.95,38.0,2042.62890625,515.2870840132236
2026-07-26T04:52:00.694657+00:00,11245.0,41.0,108.73,38.0,2042.62890625,515.5982202626765
2026-07-26T04:52:01.008727+00:00,11245.0,40.0,109.07,38.0,2042.62890625,515.9122905023396
2026-07-26T04:52:01.297867+00:00,11245.0,43.0,109.52,38.0,2042.62890625,516.2014308981597
2026-07-26T04:52:01.606539+00:00,11245.0,43.0,110.2,38.0,2042.62890625,516.5101026780903
2026-07-26T04:52:01.956385+00:00,11245.0,43.0,110.89,38.0,2042.62890625,516.8599491119385
2026-07-26T04:52:02.305611+00:00,11245.0,43.0,111.61,38.0,2042.62890625,517.2091747485101
2026-07-26T04:52:02.638260+00:00,11245.0,43.0,112.26,38.0,2042.62890625,517.5418233834207
2026-07-26T04:52:02.946934+00:00,11245.0,44.0,112.58,38.0,2042.62890625,517.8504979945719
2026-07-26T04:52:03.276654+00:00,11245.0,44.0,113.02,38.0,2042.6328125,518.1802181266248
2026-07-26T04:52:03.586254+00:00,11245.0,44.0,113.53,38.0,2042.6328125,518.489818263799
2026-07-26T04:52:03.896606+00:00,11245.0,39.0,125.71,39.0,2042.63671875,518.8001706264913
2026-07-26T04:52:04.198427+00:00,11245.0,57.0,155.76,40.0,2042.63671875,519.1019910946488
2026-07-26T04:52:04.556521+00:00,11245.0,10.0,186.3,40.0,2042.640625,519.4600844308734
2026-07-26T04:52:04.910004+00:00,11245.0,41.0,174.37,38.0,2042.640625,519.8135671131313
2026-07-26T04:52:05.196646+00:00,11245.0,41.0,144.79,38.0,2042.640625,520.1002091504633
2026-07-26T04:52:05.505938+00:00,11245.0,42.0,119.91,38.0,2042.640625,520.4095020964742
2026-07-26T04:52:05.812368+00:00,11245.0,42.0,109.16,38.0,2042.640625,520.7159322686493
2026-07-26T04:52:06.126052+00:00,11245.0,42.0,109.69,38.0,2042.640625,521.029616214335
2026-07-26T04:52:06.411140+00:00,11245.0,42.0,109.89,38.0,2042.640625,521.3147039972246
2026-07-26T04:52:06.725550+00:00,11245.0,41.0,110.18,38.0,2042.640625,521.6291132085025
2026-07-26T04:52:07.078337+00:00,11245.0,40.0,110.22,38.0,2042.640625,521.9819012470543
2026-07-26T04:52:07.386533+00:00,11245.0,43.0,110.91,38.0,2042.640625,522.2900955453515
2026-07-26T04:52:07.671615+00:00,11245.0,43.0,111.45,38.0,2042.640625,522.5751788690686
2026-07-26T04:52:07.958324+00:00,11245.0,43.0,111.91,38.0,2042.640625,522.8618870787323
2026-07-26T04:52:08.262850+00:00,11245.0,43.0,112.54,38.0,2042.64453125,523.1664134040475
2026-07-26T04:52:08.573572+00:00,11245.0,44.0,112.94,38.0,2042.64453125,523.477135322988
2026-07-26T04:52:08.882189+00:00,11245.0,44.0,113.34,38.0,2042.64453125,523.785752646625
2026-07-26T04:52:09.211191+00:00,11245.0,44.0,113.89,38.0,2042.64453125,524.114752870053
2026-07-26T04:52:09.547338+00:00,11245.0,45.0,113.91,38.0,2042.64453125,524.4509018734097
2026-07-26T04:52:09.834284+00:00,11245.0,44.0,113.92,38.0,2042.64453125,524.7378476001322
2026-07-26T04:52:10.190756+00:00,11245.0,45.0,114.16,38.0,2042.64453125,525.0943186059594
2026-07-26T04:52:10.500739+00:00,11245.0,45.0,114.76,38.0,2042.64453125,525.4043012373149
2026-07-26T04:52:10.790998+00:00,11245.0,45.0,115.52,38.0,2042.64453125,525.6945614852011
2026-07-26T04:52:11.103146+00:00,11245.0,46.0,116.5,38.0,2042.64453125,526.0067094638944
2026-07-26T04:52:11.436502+00:00,11245.0,46.0,116.91,38.0,2042.64453125,526.3400647193193
2026-07-26T04:52:11.770355+00:00,11245.0,46.0,117.3,38.0,2042.64453125,526.6739175766706
2026-07-26T04:52:12.079886+00:00,11245.0,46.0,117.57,38.0,2042.64453125,526.9834491796792
2026-07-26T04:52:12.393758+00:00,11245.0,53.0,135.43,40.0,2042.64453125,527.2973211035132
2026-07-26T04:52:12.705994+00:00,11245.0,81.0,175.39,41.0,2042.64453125,527.6095570065081
2026-07-26T04:52:13.019826+00:00,11245.0,13.0,199.01,41.0,2042.71875,527.9233894869685
2026-07-26T04:52:13.371917+00:00,11245.0,48.0,212.77,39.0,2042.71875,528.2754795439541
2026-07-26T04:52:13.704385+00:00,11245.0,47.0,171.69,39.0,2042.71875,528.6079486459494
2026-07-26T04:52:14.021888+00:00,11245.0,47.0,149.15,39.0,2042.71875,528.9254508838058
2026-07-26T04:52:14.376380+00:00,11245.0,48.0,121.72,39.0,2042.71875,529.2799422703683
2026-07-26T04:52:14.713387+00:00,11245.0,47.0,121.92,39.0,2042.71875,529.6169507727027
2026-07-26T04:52:15.093180+00:00,11245.0,45.0,122.72,39.0,2042.71875,529.9967429600656
2026-07-26T04:52:15.406507+00:00,11245.0,47.0,123.14,39.0,2042.71875,530.3100700564682
2026-07-26T04:52:15.718413+00:00,11245.0,46.0,123.24,39.0,2042.71875,530.6219768375158
2026-07-26T04:52:16.028566+00:00,11245.0,47.0,124.01,39.0,2042.71875,530.9321285672486
2026-07-26T04:52:16.341124+00:00,11245.0,48.0,124.21,39.0,2042.71875,531.2446847558022
2026-07-26T04:52:16.653953+00:00,11245.0,47.0,124.55,39.0,2042.71875,531.5575165264308
2026-07-26T04:52:16.963942+00:00,11245.0,49.0,125.19,39.0,2042.71875,531.867504671216
2026-07-26T04:52:17.250137+00:00,11245.0,49.0,125.97,39.0,2042.71875,532.1537002958357
2026-07-26T04:52:17.559049+00:00,11245.0,49.0,126.78,39.0,2042.71875,532.4626128785312
2026-07-26T04:52:17.914188+00:00,11245.0,49.0,127.12,39.0,2042.71875,532.8177505284548
2026-07-26T04:52:18.219077+00:00,11245.0,49.0,127.86,39.0,2042.71875,533.1226412802935
2026-07-26T04:52:18.549666+00:00,11245.0,49.0,128.21,39.0,2042.71875,533.4532302170992
2026-07-26T04:52:18.837672+00:00,11245.0,50.0,128.45,39.0,2042.71875,533.7412353605032
2026-07-26T04:52:19.146726+00:00,11245.0,51.0,128.68,39.0,2042.71875,534.0502899028361
2026-07-26T04:52:19.454053+00:00,11245.0,51.0,129.23,39.0,2042.71875,534.3576178476214
2026-07-26T04:52:19.768051+00:00,11245.0,88.0,161.12,41.0,2043.1796875,534.6716139093041
2026-07-26T04:52:20.079927+00:00,11245.0,91.0,213.03,42.0,2043.1796875,534.9834907911718
2026-07-26T04:52:20.405476+00:00,11245.0,21.0,250.96,40.0,2043.19140625,535.3090400546789
2026-07-26T04:52:20.690734+00:00,11245.0,40.0,237.59,39.0,2043.19140625,535.5942989364266
2026-07-26T04:52:20.998110+00:00,11245.0,41.0,183.04,39.0,2043.19140625,535.9016741551459
2026-07-26T04:52:21.306996+00:00,11245.0,41.0,122.64,39.0,2043.19140625,536.2105591222644
2026-07-26T04:52:21.613856+00:00,11245.0,41.0,108.0,39.0,2043.19140625,536.5174198709428
2026-07-26T04:52:21.922605+00:00,11245.0,41.0,108.7,39.0,2043.19140625,536.8261694684625
2026-07-26T04:52:22.253499+00:00,11245.0,41.0,108.62,39.0,2043.19140625,537.1570634692907
2026-07-26T04:52:22.561809+00:00,11245.0,42.0,109.1,39.0,2043.19140625,537.4653727114201
2026-07-26T04:52:22.846745+00:00,11245.0,41.0,109.3,39.0,2043.19140625,537.7503091394901
2026-07-26T04:52:23.152352+00:00,11245.0,42.0,109.57,39.0,2043.19140625,538.0559155717492
2026-07-26T04:52:23.461706+00:00,11245.0,42.0,109.84,39.0,2043.19140625,538.3652705848217
2026-07-26T04:52:23.768182+00:00,11245.0,43.0,110.05,39.0,2043.19140625,538.671746879816
2026-07-26T04:52:24.120520+00:00,11245.0,42.0,110.04,39.0,2043.19140625,539.0240840576589
2026-07-26T04:52:24.433229+00:00,11245.0,42.0,110.24,39.0,2043.19140625,539.3367929495871
2026-07-26T04:52:24.768535+00:00,11245.0,43.0,110.82,39.0,2043.19140625,539.672098968178
2026-07-26T04:52:25.098369+00:00,11245.0,43.0,111.2,39.0,2043.19140625,540.0019323192537
2026-07-26T04:52:25.384827+00:00,11245.0,44.0,111.72,39.0,2043.19140625,540.2883903048933
2026-07-26T04:52:25.693606+00:00,11245.0,44.0,112.23,39.0,2043.19140625,540.5971699729562
2026-07-26T04:52:26.025041+00:00,11245.0,43.0,112.94,39.0,2043.19140625,540.9286052957177
2026-07-26T04:52:26.334772+00:00,11245.0,43.0,113.27,39.0,2043.19140625,541.2383363544941
2026-07-26T04:52:26.643735+00:00,11245.0,44.0,114.14,39.0,2043.19140625,541.5472993627191
2026-07-26T04:52:26.974593+00:00,11245.0,44.0,114.28,39.0,2043.19140625,541.878157414496
2026-07-26T04:52:27.305421+00:00,11245.0,45.0,114.94,39.0,2043.19140625,542.2089855372906
2026-07-26T04:52:27.615109+00:00,11245.0,45.0,115.28,39.0,2043.19140625,542.518673479557
2026-07-26T04:52:27.941616+00:00,11245.0,45.0,116.01,39.0,2043.19140625,542.8451803512871
2026-07-26T04:52:28.296504+00:00,11245.0,45.0,116.42,39.0,2043.1953125,543.2000675089657
2026-07-26T04:52:28.628198+00:00,11245.0,45.0,116.75,39.0,2043.1953125,543.5317617431283
2026-07-26T04:52:28.938910+00:00,11245.0,46.0,116.97,39.0,2043.1953125,543.8424735479057
2026-07-26T04:52:29.271453+00:00,11245.0,44.0,117.04,39.0,2043.1953125,544.1750170104206
2026-07-26T04:52:29.625405+00:00,11245.0,82.0,133.39,40.0,2043.1953125,544.5289681963623
2026-07-26T04:52:29.939833+00:00,11245.0,74.0,170.73,41.0,2043.1953125,544.8433959186077
2026-07-26T04:52:30.328451+00:00,11245.0,28.0,208.1,42.0,2043.30078125,545.2320128791034
2026-07-26T04:52:30.642398+00:00,11245.0,39.0,189.75,39.0,2043.30078125,545.5459608472884
2026-07-26T04:52:30.952542+00:00,11245.0,39.0,149.68,39.0,2043.30078125,545.856105543673
2026-07-26T04:52:31.287951+00:00,11245.0,41.0,119.51,39.0,2043.30078125,546.1915151067078
2026-07-26T04:52:31.601752+00:00,11245.0,41.0,109.14,39.0,2043.30078125,546.5053148753941
2026-07-26T04:52:31.954280+00:00,11245.0,40.0,109.25,39.0,2043.3046875,546.8578430190682
2026-07-26T04:52:32.312475+00:00,11245.0,40.0,109.27,39.0,2043.3046875,547.2160362713039
2026-07-26T04:52:32.672623+00:00,11245.0,42.0,109.55,39.0,2043.3046875,547.5761848948896
2026-07-26T04:52:32.961600+00:00,11245.0,42.0,109.59,38.0,2043.3046875,547.8651638813317
2026-07-26T04:52:33.270756+00:00,11245.0,42.0,109.99,38.0,2043.3046875,548.1743187122047
2026-07-26T04:52:33.578525+00:00,11245.0,42.0,110.25,38.0,2043.3046875,548.4820892773569
2026-07-26T04:52:34.016404+00:00,11245.0,21.0,105.99,38.0,2043.30859375,548.91996666044
2026-07-26T04:52:34.325809+00:00,11245.0,43.0,106.36,38.0,2043.30859375,549.2293724641204
2026-07-26T04:52:34.656906+00:00,11245.0,43.0,106.76,38.0,2043.30859375,549.5604697316885
2026-07-26T04:52:34.994183+00:00,11245.0,43.0,111.8,38.0,2043.30859375,549.8977460712194
2026-07-26T04:52:35.302067+00:00,11245.0,43.0,112.25,38.0,2043.30859375,550.2056295350194
2026-07-26T04:52:35.609582+00:00,11245.0,43.0,112.74,38.0,2043.30859375,550.5131461434066
2026-07-26T04:52:35.917055+00:00,11245.0,44.0,113.22,38.0,2043.30859375,550.8206193111837
2026-07-26T04:52:36.227016+00:00,11245.0,44.0,113.95,38.0,2043.30859375,551.1305792219937
2026-07-26T04:52:36.513029+00:00,11245.0,44.0,113.96,38.0,2043.30859375,551.4165925011039
2026-07-26T04:52:36.797315+00:00,11245.0,45.0,114.28,38.0,2043.30859375,551.7008791454136
2026-07-26T04:52:37.113066+00:00,11245.0,44.0,114.61,38.0,2043.30859375,552.01662857458
2026-07-26T04:52:37.424154+00:00,11245.0,44.0,115.19,38.0,2043.30859375,552.3277173824608
2026-07-26T04:52:37.734339+00:00,11245.0,44.0,115.51,38.0,2043.30859375,552.6379032768309
2026-07-26T04:52:38.064146+00:00,11245.0,44.0,115.88,38.0,2043.30859375,552.9677101671696
2026-07-26T04:52:38.418460+00:00,11245.0,82.0,130.44,40.0,2043.30859375,553.3220248520374
2026-07-26T04:52:38.772447+00:00,11245.0,80.0,174.12,41.0,2043.30859375,553.6760099753737
2026-07-26T04:52:39.083254+00:00,11245.0,27.0,201.2,39.0,2043.3125,553.986818049103
2026-07-26T04:52:39.388873+00:00,11245.0,39.0,188.32,39.0,2043.3125,554.2924362719059
2026-07-26T04:52:39.699559+00:00,11245.0,41.0,151.13,39.0,2043.3125,554.6031231619418
2026-07-26T04:52:39.990826+00:00,11245.0,41.0,118.56,39.0,2043.3125,554.8943898640573
2026-07-26T04:52:40.298759+00:00,11245.0,43.0,108.76,39.0,2043.3125,555.2023228481412
2026-07-26T04:52:40.629036+00:00,11245.0,42.0,109.25,38.0,2043.3125,555.5326000191271
2026-07-26T04:52:40.938169+00:00,11245.0,42.0,109.39,38.0,2043.3125,555.8417324870825
2026-07-26T04:52:41.225125+00:00,11245.0,42.0,109.56,38.0,2043.3125,556.1286889091134
2026-07-26T04:52:41.536134+00:00,11245.0,42.0,109.58,38.0,2043.3125,556.4396973773837
2026-07-26T04:52:41.822389+00:00,11245.0,42.0,109.45,38.0,2043.3125,556.7259530164301
2026-07-26T04:52:42.127880+00:00,11245.0,42.0,109.77,38.0,2043.3125,557.0314425900578
2026-07-26T04:52:42.436421+00:00,11245.0,42.0,110.1,38.0,2043.3125,557.3399840332568
2026-07-26T04:52:42.750803+00:00,11245.0,42.0,110.5,38.0,2043.3125,557.6543663032353
2026-07-26T04:52:43.112233+00:00,11245.0,43.0,110.97,38.0,2043.3125,558.015796393156
2026-07-26T04:52:43.425637+00:00,11245.0,43.0,111.4,38.0,2043.3125,558.3292008414865
2026-07-26T04:52:43.738127+00:00,11245.0,43.0,111.5,38.0,2043.3125,558.6416901834309
2026-07-26T04:52:44.026963+00:00,11245.0,44.0,111.95,38.0,2043.3125,558.9305256120861
2026-07-26T04:52:44.355006+00:00,11245.0,44.0,112.39,38.0,2043.3125,559.2585690133274
2026-07-26T04:52:44.665812+00:00,11245.0,44.0,112.92,38.0,2043.3125,559.5693750455976
2026-07-26T04:52:44.979772+00:00,11245.0,43.0,112.81,38.0,2043.3125,559.8833345733583
2026-07-26T04:52:45.319257+00:00,11245.0,73.0,141.33,40.0,2043.62109375,560.2228201813996
2026-07-26T04:52:45.653228+00:00,11245.0,66.0,175.57,41.0,2043.62109375,560.5567896664143
2026-07-26T04:52:45.964461+00:00,11245.0,68.0,187.76,39.0,2043.625,560.8680235594511
2026-07-26T04:52:46.276714+00:00,11245.0,40.0,162.95,39.0,2043.625,561.180276080966
2026-07-26T04:52:46.589787+00:00,11245.0,41.0,128.89,39.0,2043.625,561.4933498166502
2026-07-26T04:52:46.905559+00:00,11245.0,40.0,108.71,38.0,2043.625,561.809122454375
2026-07-26T04:52:47.239322+00:00,11245.0,40.0,109.37,38.0,2043.625,562.1428854167461
2026-07-26T04:52:47.577247+00:00,11245.0,42.0,109.24,38.0,2043.625,562.4808095321059
2026-07-26T04:52:47.866221+00:00,11245.0,40.0,109.52,38.0,2043.625,562.7697840034962
2026-07-26T04:52:48.180588+00:00,11245.0,41.0,109.53,38.0,2043.625,563.0841503106058
2026-07-26T04:52:48.494674+00:00,11245.0,43.0,109.87,38.0,2043.625,563.398236643523
2026-07-26T04:52:48.825407+00:00,11245.0,42.0,110.43,38.0,2043.625,563.72897002846
2026-07-26T04:52:49.135732+00:00,11245.0,43.0,110.92,38.0,2043.625,564.0392947681248
2026-07-26T04:52:49.461299+00:00,11245.0,43.0,111.37,38.0,2043.625,564.3648634850979
2026-07-26T04:52:49.748684+00:00,11245.0,43.0,111.45,38.0,2043.625,564.6522483825684
2026-07-26T04:52:50.035358+00:00,11245.0,42.0,111.83,38.0,2043.625,564.9389214515686
2026-07-26T04:52:50.351177+00:00,11245.0,43.0,112.07,38.0,2043.625,565.2547408379614
2026-07-26T04:52:50.653813+00:00,11245.0,44.0,112.5,38.0,2043.625,565.5573775991797
2026-07-26T04:52:50.939057+00:00,11245.0,44.0,113.26,38.0,2043.625,565.8426216095686
2026-07-26T04:52:51.270210+00:00,11245.0,44.0,114.02,38.0,2043.625,566.1737730465829
2026-07-26T04:52:51.557434+00:00,11245.0,44.0,114.44,38.0,2043.6328125,566.4609955847263
2026-07-26T04:52:51.868572+00:00,11245.0,45.0,114.67,38.0,2043.6328125,566.7721356153488
2026-07-26T04:52:52.180541+00:00,11245.0,45.0,114.95,38.0,2043.6328125,567.0841046646237
2026-07-26T04:52:52.491425+00:00,11245.0,45.0,115.4,38.0,2043.6328125,567.3949890695512
2026-07-26T04:52:52.777141+00:00,11245.0,45.0,115.62,38.0,2043.6328125,567.680704690516
2026-07-26T04:52:53.062704+00:00,11245.0,45.0,116.03,38.0,2043.6328125,567.9662683270872
2026-07-26T04:52:53.373610+00:00,11245.0,45.0,116.36,38.0,2043.6328125,568.2771748639643
2026-07-26T04:52:53.681915+00:00,11245.0,45.0,116.76,38.0,2043.6328125,568.5854797847569
2026-07-26T04:52:53.989894+00:00,11245.0,46.0,117.4,38.0,2043.6328125,568.8934578225017
2026-07-26T04:52:54.323531+00:00,11245.0,46.0,118.09,38.0,2043.6328125,569.2270933166146
2026-07-26T04:52:54.638956+00:00,11245.0,46.0,117.65,38.0,2043.6328125,569.542519044131
2026-07-26T04:52:54.974374+00:00,11245.0,48.0,118.04,38.0,2043.6328125,569.8779371380806
2026-07-26T04:52:55.331545+00:00,11245.0,86.0,158.03,41.0,2043.79296875,570.2351082861423
2026-07-26T04:52:55.619221+00:00,11245.0,78.0,197.73,42.0,2043.79296875,570.5227856859565
2026-07-26T04:52:55.906757+00:00,11245.0,61.0,215.45,39.0,2043.8515625,570.810319416225
2026-07-26T04:52:56.216666+00:00,11245.0,41.0,190.03,39.0,2043.8515625,571.1202290952206
2026-07-26T04:52:56.576539+00:00,11245.0,41.0,136.47,39.0,2043.8515625,571.4801016375422
2026-07-26T04:52:56.864740+00:00,11245.0,41.0,108.88,39.0,2043.8515625,571.7683039866388
2026-07-26T04:52:57.172843+00:00,11245.0,42.0,109.13,39.0,2043.8515625,572.0764068067074
2026-07-26T04:52:57.482328+00:00,11245.0,42.0,109.13,39.0,2043.8515625,572.3858923763037
2026-07-26T04:52:57.768184+00:00,11245.0,42.0,109.29,39.0,2043.8515625,572.6717478521168
2026-07-26T04:52:58.077522+00:00,11245.0,43.0,109.84,38.0,2043.8515625,572.9810867421329
2026-07-26T04:52:58.363255+00:00,11245.0,42.0,110.23,38.0,2043.8515625,573.2668190225959
2026-07-26T04:52:58.671458+00:00,11245.0,43.0,110.64,38.0,2043.8515625,573.5750214159489
2026-07-26T04:52:58.983162+00:00,11245.0,43.0,110.77,38.0,2043.8515625,573.886725872755
2026-07-26T04:52:59.269025+00:00,11245.0,42.0,110.6,38.0,2043.8515625,574.1725885532796
2026-07-26T04:52:59.578614+00:00,11245.0,43.0,110.99,38.0,2043.8515625,574.4821686260402
2026-07-26T04:52:59.890548+00:00,11245.0,43.0,111.61,38.0,2043.8515625,574.7941112332046
2026-07-26T04:53:00.198330+00:00,11245.0,44.0,112.11,38.0,2043.8515625,575.1018866449594
2026-07-26T04:53:00.509903+00:00,11245.0,43.0,112.49,38.0,2043.8515625,575.413466244936
2026-07-26T04:53:00.863768+00:00,11245.0,43.0,112.78,38.0,2043.8515625,575.7673317529261
2026-07-26T04:53:01.176305+00:00,11245.0,44.0,113.26,38.0,2043.8515625,576.0798665508628
2026-07-26T04:53:01.508762+00:00,11245.0,42.0,113.63,38.0,2043.8515625,576.4123257286847
2026-07-26T04:53:01.797160+00:00,11245.0,45.0,113.83,38.0,2043.8515625,576.7007237114012
2026-07-26T04:53:02.133973+00:00,11245.0,43.0,113.71,38.0,2043.8515625,577.0375356636941
2026-07-26T04:53:02.489899+00:00,11245.0,16.0,124.33,40.0,2044.12890625,577.3934618011117
2026-07-26T04:53:02.843693+00:00,11245.0,71.0,162.95,41.0,2044.12890625,577.7472558878362
2026-07-26T04:53:03.178621+00:00,11245.0,33.0,183.82,39.0,2044.1328125,578.0821847096086
2026-07-26T04:53:03.509428+00:00,11245.0,38.0,177.43,39.0,2044.1328125,578.4129911214113
2026-07-26T04:53:03.842776+00:00,11245.0,41.0,139.96,39.0,2044.1328125,578.746339444071
2026-07-26T04:53:04.155325+00:00,11245.0,41.0,118.47,39.0,2044.1328125,579.0588878467679
2026-07-26T04:53:04.469194+00:00,11245.0,41.0,108.16,38.0,2044.1328125,579.3727568946779
2026-07-26T04:53:04.777277+00:00,11245.0,41.0,108.46,38.0,2044.1328125,579.6808395907283
2026-07-26T04:53:05.081472+00:00,11245.0,42.0,108.77,38.0,2044.1328125,579.9850354231894
2026-07-26T04:53:05.391337+00:00,11245.0,42.0,109.0,38.0,2044.1328125,580.2948997318745
2026-07-26T04:53:05.698904+00:00,11245.0,42.0,108.99,38.0,2044.1328125,580.6024672165513
2026-07-26T04:53:05.984690+00:00,11245.0,42.0,109.23,38.0,2044.1328125,580.8882548287511
2026-07-26T04:53:06.294808+00:00,11245.0,42.0,109.64,38.0,2044.1328125,581.1983720958233
2026-07-26T04:53:06.625091+00:00,11245.0,42.0,109.81,38.0,2044.1328125,581.5286542624235
2026-07-26T04:53:06.910529+00:00,11245.0,42.0,109.99,38.0,2044.1328125,581.8140927441418
2026-07-26T04:53:07.263965+00:00,11245.0,42.0,110.33,38.0,2044.1328125,582.1675272323191
2026-07-26T04:53:07.571699+00:00,11245.0,42.0,110.51,38.0,2044.1328125,582.4752630479634
2026-07-26T04:53:07.858126+00:00,11245.0,42.0,111.24,38.0,2044.1328125,582.7616897523403
2026-07-26T04:53:08.208784+00:00,11245.0,43.0,111.8,38.0,2044.1328125,583.112348575145
2026-07-26T04:53:08.521780+00:00,11245.0,43.0,112.57,38.0,2044.1328125,583.4253432042897
2026-07-26T04:53:08.831527+00:00,11245.0,44.0,112.73,38.0,2044.1328125,583.7350899539888
2026-07-26T04:53:09.162674+00:00,11245.0,55.0,126.07,40.0,2044.1328125,584.0662369206548
2026-07-26T04:53:09.521786+00:00,11245.0,63.0,158.34,40.0,2044.1328125,584.425348252058
2026-07-26T04:53:09.838974+00:00,11245.0,8.0,180.17,41.0,2044.16015625,584.7425371930003
2026-07-26T04:53:10.135701+00:00,11245.0,40.0,174.52,39.0,2044.16015625,585.0392641201615
2026-07-26T04:53:10.421767+00:00,11245.0,41.0,147.64,39.0,2044.16015625,585.3253312669694
2026-07-26T04:53:10.729377+00:00,11245.0,42.0,119.89,38.0,2044.16015625,585.6329412832856
2026-07-26T04:53:11.057095+00:00,11245.0,42.0,108.82,38.0,2044.16015625,585.9606584236026
2026-07-26T04:53:11.389122+00:00,11245.0,42.0,109.24,38.0,2044.16015625,586.2926853112876
2026-07-26T04:53:11.701859+00:00,11245.0,42.0,109.55,38.0,2044.16015625,586.6054222248495
2026-07-26T04:53:12.011278+00:00,11245.0,42.0,109.66,38.0,2044.16015625,586.9148409888148
2026-07-26T04:53:12.357917+00:00,11245.0,42.0,109.96,38.0,2044.16015625,587.2614804282784
2026-07-26T04:53:12.644090+00:00,11245.0,43.0,110.25,38.0,2044.16015625,587.547654338181
2026-07-26T04:53:12.954109+00:00,11245.0,42.0,110.46,38.0,2044.16015625,587.857673112303
2026-07-26T04:53:13.286645+00:00,11245.0,42.0,110.65,38.0,2044.16015625,588.1902081519365
2026-07-26T04:53:13.617175+00:00,11245.0,43.0,111.01,38.0,2044.16015625,588.520738594234
2026-07-26T04:53:13.948161+00:00,11245.0,43.0,111.49,38.0,2044.16015625,588.8517247848213
2026-07-26T04:53:14.257747+00:00,11245.0,44.0,111.95,38.0,2044.16015625,589.1613107174635
2026-07-26T04:53:14.566333+00:00,11245.0,43.0,112.39,38.0,2044.16015625,589.4698971025646
2026-07-26T04:53:14.852067+00:00,11245.0,44.0,112.73,38.0,2044.16015625,589.7556313462555
2026-07-26T04:53:15.138490+00:00,11245.0,44.0,113.53,38.0,2044.16015625,590.042052552104
2026-07-26T04:53:15.445945+00:00,11245.0,44.0,113.72,38.0,2044.16015625,590.3495090603828
2026-07-26T04:53:15.753302+00:00,11245.0,44.0,114.15,38.0,2044.16015625,590.6568665355444
2026-07-26T04:53:16.064340+00:00,11245.0,44.0,114.13,38.0,2044.16015625,590.9679038822651
2026-07-26T04:53:16.375952+00:00,11245.0,45.0,114.51,38.0,2044.16015625,591.2795151621103
2026-07-26T04:53:16.690536+00:00,11245.0,43.0,114.93,38.0,2044.16015625,591.5940997675061
2026-07-26T04:53:17.026531+00:00,11245.0,43.0,115.39,38.0,2044.16015625,591.9300930313766
2026-07-26T04:53:17.360097+00:00,11245.0,43.0,115.7,38.0,2044.16015625,592.2636594623327
2026-07-26T04:53:17.650943+00:00,11245.0,45.0,115.98,38.0,2044.16015625,592.5545061677694
2026-07-26T04:53:17.967263+00:00,11245.0,45.0,116.55,38.0,2044.16015625,592.8708249665797
2026-07-26T04:53:18.300130+00:00,11245.0,45.0,116.85,38.0,2044.16015625,593.2036932967603
2026-07-26T04:53:18.616071+00:00,11245.0,46.0,117.46,38.0,2044.16015625,593.5196331888437
2026-07-26T04:53:18.927824+00:00,11245.0,44.0,117.83,38.0,2044.16015625,593.831387989223
2026-07-26T04:53:19.288682+00:00,11245.0,61.0,153.73,40.0,2044.29296875,594.1922453865409
2026-07-26T04:53:19.604329+00:00,11245.0,74.0,195.19,41.0,2044.29296875,594.50789225474
2026-07-26T04:53:19.916436+00:00,11245.0,82.0,221.24,40.0,2044.296875,594.8199998438358
2026-07-26T04:53:20.252360+00:00,11245.0,40.0,192.54,39.0,2044.296875,595.155922703445
2026-07-26T04:53:20.566614+00:00,11245.0,41.0,149.23,39.0,2044.296875,595.4701767861843
2026-07-26T04:53:20.910761+00:00,11245.0,42.0,111.74,39.0,2044.296875,595.8143243454397
2026-07-26T04:53:21.218812+00:00,11245.0,43.0,111.66,38.0,2044.296875,596.1223747059703
2026-07-26T04:53:21.530144+00:00,11245.0,43.0,111.92,38.0,2044.296875,596.4337069168687
2026-07-26T04:53:21.845953+00:00,11245.0,44.0,112.72,38.0,2044.296875,596.7495136260986
2026-07-26T04:53:22.175695+00:00,11245.0,44.0,112.89,38.0,2044.296875,597.0792570076883
2026-07-26T04:53:22.490233+00:00,11245.0,44.0,113.24,38.0,2044.296875,597.3937958106399
2026-07-26T04:53:22.803892+00:00,11245.0,42.0,113.52,38.0,2044.296875,597.7074547372758
2026-07-26T04:53:23.121507+00:00,11245.0,45.0,114.08,38.0,2044.296875,598.0250705182552
2026-07-26T04:53:23.452864+00:00,11245.0,42.0,114.6,38.0,2044.296875,598.3564278073609
2026-07-26T04:53:23.781603+00:00,11245.0,44.0,115.18,38.0,2044.296875,598.6851652488112
2026-07-26T04:53:24.096163+00:00,11245.0,43.0,115.61,38.0,2044.296875,598.9997260309756
2026-07-26T04:53:24.448085+00:00,11245.0,46.0,116.38,38.0,2044.296875,599.3516472280025
2026-07-26T04:53:24.762247+00:00,11245.0,44.0,116.74,38.0,2044.296875,599.6658098734915
2026-07-26T04:53:25.094742+00:00,11245.0,46.0,117.12,38.0,2044.296875,599.9983044713736
2026-07-26T04:53:25.431062+00:00,11245.0,45.0,117.78,38.0,2044.296875,600.3346255645156
2026-07-26T04:53:25.746319+00:00,11245.0,38.0,117.23,38.0,2044.296875,600.6498833112419
2026-07-26T04:53:26.056381+00:00,11245.0,42.0,115.43,38.0,2044.296875,600.9599443860352
2026-07-26T04:53:26.369673+00:00,11245.0,46.0,115.76,38.0,2044.296875,601.2732317447662
2026-07-26T04:53:26.720917+00:00,11245.0,45.0,117.32,38.0,2044.296875,601.6244797110558
2026-07-26T04:53:27.074946+00:00,11245.0,47.0,119.9,38.0,2044.296875,601.9785087704659
2026-07-26T04:53:27.408915+00:00,11245.0,48.0,120.64,38.0,2044.296875,602.312476888299
2026-07-26T04:53:27.741090+00:00,11245.0,47.0,120.85,38.0,2044.296875,602.6446531936526
2026-07-26T04:53:28.078561+00:00,11245.0,48.0,120.96,38.0,2044.296875,602.9821229353547
2026-07-26T04:53:28.388792+00:00,11245.0,46.0,121.17,38.0,2044.296875,603.2923556566238
2026-07-26T04:53:28.740759+00:00,11245.0,47.0,121.48,38.0,2044.296875,603.6443231292069
2026-07-26T04:53:29.071329+00:00,11245.0,45.0,121.98,38.0,2044.296875,603.9748926609755
2026-07-26T04:53:29.391773+00:00,11247.0,15.0,125.14,38.0,2044.453125,604.2953357957304
2026-07-26T04:53:29.708544+00:00,11247.0,99.0,165.99,42.0,2044.8359375,604.612106796354
2026-07-26T04:53:30.113647+00:00,11247.0,90.0,224.5,42.0,2044.8359375,605.0172109790146
2026-07-26T04:53:30.423267+00:00,11247.0,40.0,224.79,39.0,2044.87109375,605.3268299214542
2026-07-26T04:53:30.738620+00:00,11247.0,39.0,181.12,39.0,2044.87109375,605.6421824470162
2026-07-26T04:53:31.053113+00:00,11247.0,41.0,122.33,39.0,2044.87109375,605.9566747061908
2026-07-26T04:53:31.365985+00:00,11247.0,41.0,107.62,39.0,2044.87109375,606.2695474922657
2026-07-26T04:53:31.678629+00:00,11247.0,36.0,106.98,38.0,2044.87109375,606.5821916125715
2026-07-26T04:53:31.967888+00:00,11247.0,39.0,107.03,38.0,2044.87109375,606.8714498206973
2026-07-26T04:53:32.328203+00:00,11247.0,40.0,107.63,38.0,2044.87109375,607.2317653149366
2026-07-26T04:53:32.688806+00:00,11247.0,43.0,108.73,38.0,2044.87109375,607.592368979007
2026-07-26T04:53:33.026185+00:00,11247.0,41.0,108.93,38.0,2044.87109375,607.9297482930124
2026-07-26T04:53:33.318236+00:00,11247.0,42.0,109.19,38.0,2044.87109375,608.2217991352081
2026-07-26T04:53:33.633102+00:00,11247.0,41.0,109.49,38.0,2044.87109375,608.5366646945477
2026-07-26T04:53:33.963181+00:00,11247.0,42.0,110.18,38.0,2044.87109375,608.866743825376
2026-07-26T04:53:34.296274+00:00,11247.0,42.0,110.43,38.0,2044.87109375,609.1998370066285
2026-07-26T04:53:34.612063+00:00,11247.0,28.0,109.37,38.0,2044.87109375,609.5156258642673
2026-07-26T04:53:34.925726+00:00,11247.0,41.0,109.7,38.0,2044.87109375,609.829289432615
2026-07-26T04:53:35.218059+00:00,11247.0,42.0,109.8,38.0,2044.87109375,610.12162219733
2026-07-26T04:53:35.510824+00:00,11247.0,43.0,110.41,38.0,2044.87109375,610.4143870510161
2026-07-26T04:53:35.822386+00:00,11247.0,42.0,112.03,38.0,2044.87109375,610.7259494289756
2026-07-26T04:53:36.177965+00:00,11247.0,43.0,112.48,38.0,2044.87109375,611.0815284624696
2026-07-26T04:53:36.490031+00:00,11247.0,43.0,113.12,38.0,2044.87109375,611.393594879657
2026-07-26T04:53:36.785469+00:00,11247.0,44.0,113.47,38.0,2044.87109375,611.6890323907137
2026-07-26T04:53:37.096326+00:00,11247.0,44.0,113.91,38.0,2044.87109375,611.999889228493
2026-07-26T04:53:37.459030+00:00,11247.0,43.0,114.19,38.0,2044.87109375,612.3625930175185
2026-07-26T04:53:37.774146+00:00,11247.0,44.0,114.33,38.0,2044.87109375,612.6777090840042
2026-07-26T04:53:38.085587+00:00,11247.0,44.0,114.88,38.0,2044.87109375,612.9891498014331
2026-07-26T04:53:38.424586+00:00,11247.0,44.0,115.66,38.0,2044.87109375,613.3281495273113
2026-07-26T04:53:38.733300+00:00,11247.0,44.0,116.22,38.0,2044.87109375,613.6368631757796
2026-07-26T04:53:39.071496+00:00,11247.0,44.0,128.73,40.0,2044.9296875,613.9750584363937
2026-07-26T04:53:39.386554+00:00,11247.0,62.0,167.9,40.0,2044.9296875,614.2901176549494
2026-07-26T04:53:39.759034+00:00,11247.0,23.0,197.68,39.0,2044.93359375,614.6625967994332
2026-07-26T04:53:40.089998+00:00,11247.0,41.0,188.76,39.0,2044.93359375,614.993560668081
2026-07-26T04:53:40.397318+00:00,11247.0,41.0,148.6,39.0,2044.93359375,615.3008803464472
2026-07-26T04:53:40.710332+00:00,11247.0,42.0,120.6,38.0,2044.93359375,615.6138949170709
2026-07-26T04:53:41.026977+00:00,11247.0,40.0,108.93,38.0,2044.93359375,615.9305391423404
2026-07-26T04:53:41.385866+00:00,11247.0,42.0,109.14,38.0,2044.93359375,616.289428986609
2026-07-26T04:53:41.696790+00:00,11247.0,41.0,109.19,38.0,2044.93359375,616.6003531627357
2026-07-26T04:53:42.007974+00:00,11247.0,42.0,109.51,38.0,2044.93359375,616.9115375876427
2026-07-26T04:53:42.321366+00:00,11247.0,42.0,109.84,38.0,2044.93359375,617.224929638207
2026-07-26T04:53:42.652835+00:00,11247.0,42.0,109.81,38.0,2044.93359375,617.5563946962357
2026-07-26T04:53:42.945981+00:00,11247.0,43.0,110.11,38.0,2044.93359375,617.8495436087251
2026-07-26T04:53:43.260929+00:00,11247.0,43.0,110.57,38.0,2044.93359375,618.1644909530878
2026-07-26T04:53:43.554387+00:00,11247.0,44.0,110.83,38.0,2044.93359375,618.4579513557255
2026-07-26T04:53:43.868634+00:00,11247.0,41.0,111.34,38.0,2044.93359375,618.772197086364
2026-07-26T04:53:44.203411+00:00,11247.0,42.0,112.06,38.0,2044.93359375,619.1069746799767
2026-07-26T04:53:44.513536+00:00,11247.0,42.0,112.41,38.0,2044.93359375,619.4170993976295
2026-07-26T04:53:44.824021+00:00,11247.0,43.0,112.92,38.0,2044.93359375,619.7275833114982
2026-07-26T04:53:45.136222+00:00,11247.0,44.0,113.14,38.0,2044.93359375,620.0397850051522
2026-07-26T04:53:45.424753+00:00,11247.0,45.0,113.65,38.0,2044.93359375,620.3283169195056
2026-07-26T04:53:45.716522+00:00,11247.0,43.0,113.8,38.0,2044.93359375,620.6200850866735
2026-07-26T04:53:46.031065+00:00,11247.0,44.0,114.43,38.0,2044.93359375,620.9346280992031
2026-07-26T04:53:46.345803+00:00,11247.0,45.0,115.07,38.0,2044.93359375,621.2493654973805
2026-07-26T04:53:46.658346+00:00,11247.0,45.0,115.77,38.0,2044.93359375,621.5619101375341
2026-07-26T04:53:46.968498+00:00,11247.0,43.0,116.0,38.0,2044.93359375,621.8720618709922
2026-07-26T04:53:47.299500+00:00,11247.0,44.0,116.04,38.0,2044.93359375,622.2030635513365
2026-07-26T04:53:47.614024+00:00,11247.0,45.0,116.33,38.0,2044.93359375,622.5175879187882
2026-07-26T04:53:47.925821+00:00,11247.0,85.0,134.47,40.0,2045.12890625,622.8293848671019
2026-07-26T04:53:48.285966+00:00,11247.0,71.0,180.42,41.0,2045.12890625,623.1895290724933
2026-07-26T04:53:48.626194+00:00,11247.0,24.0,213.12,41.0,2045.14453125,623.5297570340335
2026-07-26T04:53:48.931794+00:00,11247.0,39.0,194.71,39.0,2045.14453125,623.8353579118848
2026-07-26T04:53:49.294566+00:00,11247.0,39.0,143.71,38.0,2045.14453125,624.1981290467083
2026-07-26T04:53:49.605836+00:00,11247.0,40.0,116.8,38.0,2045.14453125,624.5093988254666
2026-07-26T04:53:49.916485+00:00,11247.0,40.0,108.53,38.0,2045.14453125,624.8200480155647
2026-07-26T04:53:50.205128+00:00,11247.0,40.0,108.69,38.0,2045.14453125,625.1086905449629
2026-07-26T04:53:50.518181+00:00,11247.0,42.0,108.78,38.0,2045.14453125,625.4217433445156
2026-07-26T04:53:50.874918+00:00,11247.0,41.0,108.77,38.0,2045.14453125,625.7784805707633
2026-07-26T04:53:51.210426+00:00,11247.0,42.0,108.81,38.0,2045.14453125,626.1139891594648
2026-07-26T04:53:51.522554+00:00,11247.0,41.0,108.98,38.0,2045.14453125,626.4261170774698
2026-07-26T04:53:51.840232+00:00,11247.0,42.0,109.47,38.0,2045.14453125,626.7437948733568
2026-07-26T04:53:52.147977+00:00,11247.0,43.0,109.6,38.0,2045.14453125,627.0515388548374
2026-07-26T04:53:52.464335+00:00,11247.0,41.0,109.81,38.0,2045.14453125,627.367894705385
2026-07-26T04:53:52.776272+00:00,11247.0,41.0,109.97,38.0,2045.14453125,627.6798335909843
2026-07-26T04:53:53.088732+00:00,11247.0,43.0,110.43,38.0,2045.14453125,627.9922942332923
2026-07-26T04:53:53.402367+00:00,11247.0,43.0,111.14,38.0,2045.14453125,628.3059294559062
2026-07-26T04:53:53.713812+00:00,11247.0,41.0,111.73,38.0,2045.14453125,628.6173756159842
2026-07-26T04:53:54.046528+00:00,11247.0,43.0,112.14,38.0,2045.14453125,628.950091894716
2026-07-26T04:53:54.379226+00:00,11247.0,43.0,112.3,38.0,2045.14453125,629.2827891036868
2026-07-26T04:53:54.740898+00:00,11247.0,43.0,113.14,38.0,2045.14453125,629.6444618962705
2026-07-26T04:53:55.097774+00:00,11247.0,43.0,113.45,38.0,2045.14453125,630.0013372935355
2026-07-26T04:53:55.411201+00:00,11247.0,44.0,114.19,38.0,2045.14453125,630.3147633746266
2026-07-26T04:53:55.725257+00:00,11247.0,43.0,114.4,38.0,2045.14453125,630.6288196407259
2026-07-26T04:53:56.083015+00:00,11247.0,45.0,114.87,38.0,2045.14453125,630.9865782409906
2026-07-26T04:53:56.396902+00:00,11247.0,46.0,115.34,38.0,2045.14453125,631.3004651106894
2026-07-26T04:53:56.732681+00:00,11247.0,44.0,115.89,38.0,2045.14453125,631.6362441442907
2026-07-26T04:53:57.045082+00:00,11247.0,44.0,116.34,38.0,2045.14453125,631.9486450403929
2026-07-26T04:53:57.358391+00:00,11247.0,46.0,116.72,38.0,2045.14453125,632.2619530670345
2026-07-26T04:53:57.666348+00:00,11247.0,47.0,116.83,38.0,2045.14453125,632.5699118152261
2026-07-26T04:53:58.023403+00:00,11247.0,80.0,139.35,40.0,2045.14453125,632.9269657358527
2026-07-26T04:53:58.361026+00:00,11247.0,90.0,183.62,41.0,2045.14453125,633.2645890265703
2026-07-26T04:53:58.721115+00:00,11247.0,70.0,219.03,42.0,2045.16015625,633.6246777586639
2026-07-26T04:53:59.032205+00:00,11247.0,43.0,196.99,39.0,2045.16015625,633.9357682317495
2026-07-26T04:53:59.365617+00:00,11247.0,43.0,149.94,39.0,2045.16015625,634.2691792808473
2026-07-26T04:53:59.674322+00:00,11247.0,44.0,127.54,39.0,2045.16015625,634.5778862386942
2026-07-26T04:53:59.960605+00:00,11247.0,44.0,112.74,39.0,2045.16015625,634.8641693517566
2026-07-26T04:54:00.269898+00:00,11247.0,44.0,112.92,38.0,2045.16015625,635.1734614223242
2026-07-26T04:54:00.600493+00:00,11247.0,44.0,113.16,38.0,2045.16015625,635.50405709818
2026-07-26T04:54:00.886767+00:00,11247.0,45.0,113.57,38.0,2045.16015625,635.7903314717114
2026-07-26T04:54:01.195911+00:00,11247.0,44.0,113.88,38.0,2045.16015625,636.099474158138
2026-07-26T04:54:01.531842+00:00,11247.0,44.0,114.24,38.0,2045.16015625,636.4354054629803
2026-07-26T04:54:01.843942+00:00,11247.0,45.0,114.94,38.0,2045.16015625,636.747504811734
2026-07-26T04:54:02.136023+00:00,11247.0,45.0,115.35,38.0,2045.16015625,637.0395869202912
2026-07-26T04:54:02.449197+00:00,11247.0,46.0,115.8,38.0,2045.16015625,637.3527605496347
2026-07-26T04:54:02.781829+00:00,11247.0,46.0,116.68,38.0,2045.16015625,637.6853919923306
2026-07-26T04:54:03.094966+00:00,11247.0,45.0,116.99,38.0,2045.16015625,637.9985296167433
2026-07-26T04:54:03.432171+00:00,11247.0,46.0,117.52,38.0,2045.16015625,638.3357339426875
2026-07-26T04:54:03.770554+00:00,11247.0,44.0,117.92,38.0,2045.16015625,638.6741170212626
2026-07-26T04:54:04.079438+00:00,11247.0,47.0,118.62,38.0,2045.16015625,638.983000934124
2026-07-26T04:54:04.397024+00:00,11247.0,52.0,126.34,38.0,2045.17578125,639.3005864880979
2026-07-26T04:54:04.687373+00:00,11247.0,76.0,158.09,41.0,2045.1875,639.590936742723
2026-07-26T04:54:05.006601+00:00,11247.0,76.0,199.69,41.0,2045.1875,639.9101652652025
2026-07-26T04:54:05.372788+00:00,11247.0,42.0,208.95,39.0,2045.26953125,640.2763507589698
2026-07-26T04:54:05.708136+00:00,11247.0,42.0,164.49,39.0,2045.26953125,640.6116991005838
2026-07-26T04:54:06.019244+00:00,11247.0,42.0,123.61,39.0,2045.26953125,640.9228063300252
2026-07-26T04:54:06.355193+00:00,11247.0,42.0,110.68,39.0,2045.26953125,641.2587559893727
2026-07-26T04:54:06.667841+00:00,11247.0,43.0,111.02,39.0,2045.26953125,641.5714034326375
2026-07-26T04:54:06.956797+00:00,11247.0,43.0,111.23,39.0,2045.26953125,641.8603601306677
2026-07-26T04:54:07.244727+00:00,11247.0,42.0,111.63,38.0,2045.26953125,642.1482910551131
2026-07-26T04:54:07.572638+00:00,11247.0,43.0,111.88,39.0,2045.26953125,642.4762017466128
2026-07-26T04:54:07.907191+00:00,11247.0,44.0,112.08,38.0,2045.26953125,642.8107544071972
2026-07-26T04:54:08.194390+00:00,11247.0,45.0,112.66,38.0,2045.26953125,643.0979533270001
2026-07-26T04:54:08.524072+00:00,11247.0,44.0,113.05,38.0,2045.26953125,643.427636820823
2026-07-26T04:54:08.856185+00:00,11247.0,43.0,113.66,38.0,2045.26953125,643.7597494833171
2026-07-26T04:54:09.169194+00:00,11247.0,44.0,113.8,38.0,2045.26953125,644.0727566070855
2026-07-26T04:54:09.476683+00:00,11247.0,44.0,114.45,38.0,2045.26953125,644.3802470415831
2026-07-26T04:54:09.834302+00:00,11247.0,44.0,114.94,38.0,2045.26953125,644.7378655262291
2026-07-26T04:54:10.143429+00:00,11247.0,45.0,115.66,38.0,2045.26953125,645.0469912067056
2026-07-26T04:54:10.454474+00:00,11247.0,46.0,115.99,38.0,2045.26953125,645.3580377437174
2026-07-26T04:54:10.742292+00:00,11247.0,46.0,116.72,38.0,2045.26953125,645.6458555571735
2026-07-26T04:54:11.052167+00:00,11247.0,44.0,117.01,38.0,2045.26953125,645.9557306952775
2026-07-26T04:54:11.365257+00:00,11247.0,46.0,117.01,38.0,2045.26953125,646.2688206471503
2026-07-26T04:54:11.702855+00:00,11247.0,43.0,117.16,38.0,2045.26953125,646.6064182072878
2026-07-26T04:54:12.021895+00:00,11247.0,45.0,117.39,38.0,2045.26953125,646.9254588410258
2026-07-26T04:54:12.355948+00:00,11247.0,46.0,118.02,38.0,2045.26953125,647.2595112025738
2026-07-26T04:54:12.695691+00:00,11247.0,45.0,118.51,38.0,2045.26953125,647.5992528386414
2026-07-26T04:54:13.008118+00:00,11247.0,43.0,118.66,39.0,2045.26953125,647.9116799868643
2026-07-26T04:54:13.323625+00:00,11247.0,48.0,119.23,39.0,2045.26953125,648.2271886989474
2026-07-26T04:54:13.637739+00:00,11247.0,46.0,119.63,38.0,2045.26953125,648.5413022041321
2026-07-26T04:54:13.983770+00:00,11247.0,48.0,120.74,39.0,2045.26953125,648.8873323351145
2026-07-26T04:54:14.275465+00:00,11247.0,46.0,120.86,39.0,2045.26953125,649.1790286153555
2026-07-26T04:54:14.594517+00:00,11247.0,86.0,153.17,41.0,2045.39453125,649.4980800263584
2026-07-26T04:54:14.914277+00:00,11247.0,76.0,199.16,42.0,2045.39453125,649.8178406469524
2026-07-26T04:54:15.242446+00:00,11247.0,54.0,224.66,40.0,2045.4609375,650.1460092328489
2026-07-26T04:54:15.550713+00:00,11247.0,41.0,196.35,39.0,2045.4609375,650.4542768746614
2026-07-26T04:54:15.836865+00:00,11247.0,41.0,146.02,39.0,2045.4609375,650.7404301129282
2026-07-26T04:54:16.189131+00:00,11247.0,41.0,108.45,39.0,2045.4609375,651.0926945693791
2026-07-26T04:54:16.497424+00:00,11247.0,41.0,108.49,39.0,2045.4609375,651.4009879827499
2026-07-26T04:54:16.806452+00:00,11247.0,42.0,108.71,38.0,2045.4609375,651.7100154832006
2026-07-26T04:54:17.119052+00:00,11247.0,42.0,108.77,38.0,2045.4609375,652.022615659982
2026-07-26T04:54:17.431301+00:00,11247.0,43.0,108.94,38.0,2045.4609375,652.3348644040525
2026-07-26T04:54:17.743046+00:00,11247.0,42.0,108.96,38.0,2045.4609375,652.6466094069183
2026-07-26T04:54:18.054329+00:00,11247.0,42.0,109.07,38.0,2045.4609375,652.9578929916024
2026-07-26T04:54:18.417870+00:00,11247.0,41.0,109.21,38.0,2045.4609375,653.321432042867
2026-07-26T04:54:18.749541+00:00,11247.0,42.0,109.61,38.0,2045.4609375,653.6531046032906
2026-07-26T04:54:19.037176+00:00,11247.0,42.0,110.07,38.0,2045.4609375,653.9407397843897
2026-07-26T04:54:19.346648+00:00,11247.0,42.0,110.55,38.0,2045.4609375,654.2502115853131
2026-07-26T04:54:19.654332+00:00,11247.0,43.0,111.09,38.0,2045.4609375,654.5578960888088
2026-07-26T04:54:19.964455+00:00,11247.0,43.0,111.56,38.0,2045.4609375,654.8680193461478
2026-07-26T04:54:20.274883+00:00,11247.0,44.0,111.87,38.0,2045.4609375,655.1784455701709
2026-07-26T04:54:20.588576+00:00,11247.0,43.0,111.95,38.0,2045.4609375,655.4921397790313
2026-07-26T04:54:20.898574+00:00,11247.0,44.0,112.32,38.0,2045.4609375,655.802137169987
2026-07-26T04:54:21.229997+00:00,11247.0,43.0,112.73,38.0,2045.4609375,656.133560564369
2026-07-26T04:54:21.538684+00:00,11247.0,50.0,123.38,40.0,2045.50390625,656.4422482773662
2026-07-26T04:54:21.873233+00:00,11247.0,55.0,154.54,40.0,2045.50390625,656.7767974212766
2026-07-26T04:54:22.196229+00:00,11247.0,5.0,175.28,40.0,2045.63671875,657.0997926071286
2026-07-26T04:54:22.526010+00:00,11247.0,41.0,177.21,39.0,2045.63671875,657.4295730814338
2026-07-26T04:54:22.814929+00:00,11247.0,41.0,150.93,39.0,2045.63671875,657.7184929996729
2026-07-26T04:54:23.129876+00:00,11247.0,41.0,118.43,38.0,2045.63671875,658.0334396101534
2026-07-26T04:54:23.417697+00:00,11247.0,42.0,108.91,38.0,2045.63671875,658.3212607093155
2026-07-26T04:54:23.725241+00:00,11247.0,42.0,109.14,38.0,2045.63671875,658.6288063563406
2026-07-26T04:54:24.029605+00:00,11247.0,42.0,109.08,38.0,2045.63671875,658.933168862015
2026-07-26T04:54:24.338871+00:00,11247.0,42.0,109.28,38.0,2045.63671875,659.24243542552
2026-07-26T04:54:24.625515+00:00,11247.0,42.0,109.31,38.0,2045.63671875,659.5290790237486
2026-07-26T04:54:24.935538+00:00,11247.0,42.0,109.33,38.0,2045.63671875,659.8391004279256
2026-07-26T04:54:25.268978+00:00,11247.0,41.0,109.38,38.0,2045.63671875,660.1725421659648
2026-07-26T04:54:25.578416+00:00,11247.0,42.0,109.88,38.0,2045.63671875,660.4819805249572
2026-07-26T04:54:25.866198+00:00,11247.0,42.0,110.28,38.0,2045.63671875,660.7697621770203
2026-07-26T04:54:26.175480+00:00,11247.0,42.0,110.99,38.0,2045.63671875,661.079044252634
2026-07-26T04:54:26.485355+00:00,11247.0,43.0,111.4,38.0,2045.63671875,661.388919763267
2026-07-26T04:54:26.776386+00:00,11247.0,43.0,111.92,38.0,2045.63671875,661.6799494437873
2026-07-26T04:54:27.088864+00:00,11247.0,40.0,111.96,38.0,2045.63671875,661.992427136749
2026-07-26T04:54:27.448708+00:00,11247.0,42.0,112.34,38.0,2045.63671875,662.3522712253034
2026-07-26T04:54:27.802688+00:00,11247.0,42.0,112.49,38.0,2045.63671875,662.706251680851
2026-07-26T04:54:28.121892+00:00,11247.0,44.0,112.81,38.0,2045.63671875,663.0254546478391
2026-07-26T04:54:28.430131+00:00,11247.0,42.0,113.08,38.0,2045.63671875,663.3336939588189
2026-07-26T04:54:28.746679+00:00,11247.0,42.0,113.57,38.0,2045.65234375,663.6502400301397
2026-07-26T04:54:29.107104+00:00,11247.0,43.0,114.2,38.0,2045.65234375,664.0106667429209
2026-07-26T04:54:29.425781+00:00,11247.0,45.0,114.97,38.0,2045.65234375,664.3293445706367
2026-07-26T04:54:29.742303+00:00,11247.0,46.0,115.61,38.0,2045.65234375,664.6458663567901
2026-07-26T04:54:30.076048+00:00,11247.0,45.0,116.02,38.0,2045.65234375,664.9796107076108
2026-07-26T04:54:30.393598+00:00,11247.0,44.0,116.37,38.0,2045.65234375,665.2971616275609
2026-07-26T04:54:30.698880+00:00,11247.0,45.0,116.68,38.0,2045.65234375,665.6024435199797
2026-07-26T04:54:31.011986+00:00,11247.0,45.0,117.41,38.0,2045.66015625,665.9155489690602
2026-07-26T04:54:31.373426+00:00,11247.0,45.0,117.62,38.0,2045.66015625,666.2769892141223
2026-07-26T04:54:31.712482+00:00,11247.0,73.0,149.26,41.0,2045.94140625,666.6160452589393
2026-07-26T04:54:32.028831+00:00,11247.0,66.0,189.6,41.0,2045.94140625,666.9323947541416
2026-07-26T04:54:32.341377+00:00,11247.0,49.0,211.32,40.0,2046.12109375,667.2449414916337
2026-07-26T04:54:32.672870+00:00,11247.0,41.0,184.49,39.0,2046.12109375,667.5764345861971
2026-07-26T04:54:32.959653+00:00,11247.0,42.0,142.93,38.0,2046.12109375,667.8632174804807
2026-07-26T04:54:33.308744+00:00,11247.0,41.0,110.33,38.0,2046.12109375,668.2123070172966
2026-07-26T04:54:33.642598+00:00,11247.0,41.0,108.96,38.0,2046.12109375,668.5461599454284
2026-07-26T04:54:33.950533+00:00,11247.0,42.0,109.02,38.0,2046.12109375,668.8540970943868
2026-07-26T04:54:34.286868+00:00,11247.0,42.0,109.23,38.0,2046.12109375,669.1904305890203
2026-07-26T04:54:34.647805+00:00,11247.0,42.0,109.28,38.0,2046.12109375,669.551367752254
2026-07-26T04:54:34.982507+00:00,11247.0,42.0,109.63,38.0,2046.12109375,669.8860705196857
2026-07-26T04:54:35.294445+00:00,11247.0,42.0,110.22,38.0,2046.12109375,670.1980072893202
2026-07-26T04:54:35.656158+00:00,11247.0,42.0,110.2,38.0,2046.12109375,670.5597210414708
2026-07-26T04:54:35.967111+00:00,11247.0,43.0,110.44,38.0,2046.125,670.8706739135087
2026-07-26T04:54:36.301764+00:00,11247.0,43.0,110.57,38.0,2046.125,671.2053254880011
2026-07-26T04:54:36.613837+00:00,11247.0,43.0,110.79,38.0,2046.125,671.5174007043242
2026-07-26T04:54:36.950964+00:00,11247.0,42.0,111.36,38.0,2046.12890625,671.8545173853636
2026-07-26T04:54:37.239561+00:00,11247.0,43.0,111.78,38.0,2046.13671875,672.1431245319545
2026-07-26T04:54:37.531383+00:00,11247.0,43.0,112.46,38.0,2046.13671875,672.4349466077983
2026-07-26T04:54:37.843870+00:00,11247.0,43.0,112.94,38.0,2046.140625,672.7474268302321
2026-07-26T04:54:38.173602+00:00,11247.0,44.0,113.67,38.0,2046.140625,673.0771652013063
2026-07-26T04:54:38.483350+00:00,11247.0,45.0,114.17,38.0,2046.140625,673.3869149461389
2026-07-26T04:54:38.772765+00:00,11247.0,44.0,114.41,38.0,2046.1484375,673.6763294450939
2026-07-26T04:54:39.077171+00:00,11247.0,46.0,115.18,38.0,2046.1484375,673.9807339385152
2026-07-26T04:54:39.386407+00:00,11247.0,45.0,115.34,38.0,2046.1484375,674.2899716794491
2026-07-26T04:54:39.672810+00:00,11247.0,46.0,115.56,38.0,2046.16015625,674.5763740837574
2026-07-26T04:54:40.006726+00:00,11247.0,74.0,146.96,41.0,2046.29296875,674.9102883674204
2026-07-26T04:54:40.302470+00:00,11247.0,67.0,183.58,41.0,2046.29296875,675.2060333043337
2026-07-26T04:54:40.663742+00:00,11247.0,62.0,205.28,40.0,2046.44140625,675.5673051439226
2026-07-26T04:54:40.952329+00:00,11247.0,42.0,181.96,39.0,2046.44140625,675.8558932468295
2026-07-26T04:54:41.288647+00:00,11247.0,42.0,136.21,38.0,2046.44921875,676.1922107674181
2026-07-26T04:54:41.621922+00:00,11247.0,41.0,109.08,38.0,2046.453125,676.5254846587777
2026-07-26T04:54:41.912018+00:00,11247.0,42.0,109.46,38.0,2046.453125,676.8155825585127
2026-07-26T04:54:42.200083+00:00,11247.0,42.0,109.86,38.0,2046.453125,677.1036469861865
2026-07-26T04:54:42.514480+00:00,11247.0,42.0,109.91,38.0,2046.45703125,677.4180439077318
2026-07-26T04:54:42.827902+00:00,11247.0,41.0,109.95,38.0,2046.45703125,677.7314658798277
2026-07-26T04:54:43.120992+00:00,11247.0,42.0,109.95,38.0,2046.45703125,678.0245550647378
2026-07-26T04:54:43.433673+00:00,11247.0,42.0,110.12,38.0,2046.45703125,678.3372361958027
2026-07-26T04:54:43.746288+00:00,11247.0,43.0,110.92,38.0,2046.45703125,678.6498518325388
2026-07-26T04:54:44.082649+00:00,11247.0,43.0,111.37,38.0,2046.4609375,678.9862109608948
2026-07-26T04:54:44.398777+00:00,11247.0,42.0,111.42,38.0,2046.4609375,679.3023409768939
2026-07-26T04:54:44.710774+00:00,11247.0,43.0,111.39,38.0,2046.4609375,679.6143364571035
2026-07-26T04:54:45.040036+00:00,11247.0,42.0,111.36,38.0,2046.4609375,679.943599358201
2026-07-26T04:54:45.378214+00:00,11247.0,43.0,112.04,38.0,2046.4609375,680.2817764803767
2026-07-26T04:54:45.694043+00:00,11247.0,42.0,112.55,38.0,2046.4609375,680.597606651485
2026-07-26T04:54:46.011240+00:00,11247.0,44.0,113.12,38.0,2046.4609375,680.9148030988872
2026-07-26T04:54:46.324642+00:00,11247.0,45.0,113.53,38.0,2046.4609375,681.2282044179738
2026-07-26T04:54:46.659916+00:00,11247.0,45.0,114.26,38.0,2046.4609375,681.5634799972177
2026-07-26T04:54:46.968833+00:00,11247.0,45.0,114.9,38.0,2046.4609375,681.8723973371089
2026-07-26T04:54:47.325636+00:00,11247.0,45.0,115.64,38.0,2046.4609375,682.2291987501085
2026-07-26T04:54:47.634511+00:00,11247.0,45.0,116.34,38.0,2046.46875,682.538075286895
2026-07-26T04:54:47.922337+00:00,11247.0,45.0,116.85,38.0,2046.46875,682.825901363045
2026-07-26T04:54:48.253201+00:00,11247.0,45.0,117.25,38.0,2046.46875,683.156764190644
2026-07-26T04:54:48.586738+00:00,11247.0,46.0,117.73,38.0,2046.48046875,683.4903011582792
2026-07-26T04:54:48.902874+00:00,11247.0,46.0,118.08,38.0,2046.48046875,683.8064386434853
2026-07-26T04:54:49.216764+00:00,11247.0,47.0,118.51,38.0,2046.484375,684.1203277148306
2026-07-26T04:54:49.528991+00:00,11247.0,47.0,118.86,38.0,2046.484375,684.432554513216
2026-07-26T04:54:49.819299+00:00,11247.0,1.0,115.17,38.0,2046.73046875,684.7228633761406
2026-07-26T04:54:50.136388+00:00,11247.0,94.0,161.18,41.0,2046.73046875,685.0399506315589
2026-07-26T04:54:50.462632+00:00,11247.0,81.0,206.78,41.0,2046.73046875,685.366194806993
2026-07-26T04:54:50.796595+00:00,11247.0,41.0,224.04,40.0,2046.8984375,685.7001580484211
2026-07-26T04:54:51.108879+00:00,11247.0,42.0,183.85,39.0,2046.8984375,686.0124415569007
2026-07-26T04:54:51.419034+00:00,11247.0,42.0,138.99,39.0,2046.8984375,686.3225969299674
2026-07-26T04:54:51.730292+00:00,11247.0,43.0,111.25,38.0,2046.91796875,686.6338564231992
2026-07-26T04:54:52.066187+00:00,11247.0,43.0,112.07,38.0,2046.91796875,686.9697491340339
2026-07-26T04:54:52.380283+00:00,11247.0,44.0,112.52,38.0,2046.91796875,687.2838463410735
2026-07-26T04:54:52.691081+00:00,11247.0,44.0,112.77,38.0,2046.921875,687.5946448408067
2026-07-26T04:54:53.005692+00:00,11247.0,43.0,112.69,38.0,2046.921875,687.9092547148466
2026-07-26T04:54:53.317242+00:00,11247.0,44.0,113.29,38.0,2046.921875,688.2208054251969
2026-07-26T04:54:53.630420+00:00,11247.0,43.0,113.84,38.0,2046.92578125,688.5339829102159
2026-07-26T04:54:53.932872+00:00,11247.0,44.0,114.61,38.0,2046.92578125,688.8364364132285
2026-07-26T04:54:54.238060+00:00,11247.0,45.0,115.2,38.0,2046.92578125,689.1416248232126
2026-07-26T04:54:54.547403+00:00,11247.0,44.0,115.4,38.0,2046.92578125,689.4509673789144
2026-07-26T04:54:54.835383+00:00,11247.0,44.0,115.76,38.0,2046.92578125,689.7389475479722
2026-07-26T04:54:55.145271+00:00,11247.0,45.0,115.74,38.0,2046.9296875,690.0488341040909
2026-07-26T04:54:55.452765+00:00,11247.0,44.0,116.59,38.0,2046.9296875,690.3563288934529
2026-07-26T04:54:55.762144+00:00,11247.0,45.0,116.88,38.0,2046.9296875,690.6657077409327
2026-07-26T04:54:56.074331+00:00,11247.0,45.0,117.7,38.0,2046.93359375,690.9778949841857
2026-07-26T04:54:56.362213+00:00,11247.0,46.0,117.71,38.0,2046.93359375,691.2657779678702
2026-07-26T04:54:56.649293+00:00,11247.0,47.0,118.13,38.0,2046.93359375,691.5528570562601
2026-07-26T04:54:56.958175+00:00,11247.0,47.0,118.96,38.0,2046.94140625,691.8617377206683
2026-07-26T04:54:57.267395+00:00,11247.0,48.0,119.35,38.0,2046.94140625,692.1709583923221
2026-07-26T04:54:57.582281+00:00,11247.0,68.0,146.43,40.0,2047.3203125,692.4858425743878
2026-07-26T04:54:57.903625+00:00,11247.0,69.0,186.3,41.0,2047.3203125,692.8071885854006
2026-07-26T04:54:58.237690+00:00,11247.0,56.0,207.78,40.0,2047.44140625,693.1412537172437
2026-07-26T04:54:58.551269+00:00,11247.0,40.0,183.05,39.0,2047.44140625,693.4548320733011
2026-07-26T04:54:58.863960+00:00,11247.0,40.0,140.26,38.0,2047.44140625,693.7675229385495
2026-07-26T04:54:59.223241+00:00,11247.0,40.0,108.04,38.0,2047.44140625,694.1268034391105
2026-07-26T04:54:59.535035+00:00,11247.0,40.0,108.23,38.0,2047.45703125,694.4385973587632
2026-07-26T04:54:59.844008+00:00,11247.0,40.0,108.62,38.0,2047.45703125,694.7475709840655
2026-07-26T04:55:00.137606+00:00,11247.0,41.0,108.68,38.0,2047.45703125,695.0411689691246
2026-07-26T04:55:00.478126+00:00,11247.0,41.0,109.03,38.0,2047.46484375,695.3816887810826
2026-07-26T04:55:00.817756+00:00,11247.0,42.0,109.09,38.0,2047.46484375,695.7213190943003
2026-07-26T04:55:01.179511+00:00,11247.0,40.0,109.66,38.0,2047.46484375,696.0830742157996
2026-07-26T04:55:01.495634+00:00,11247.0,41.0,109.32,38.0,2047.46875,696.3991963863373
2026-07-26T04:55:01.797674+00:00,11247.0,40.0,109.21,38.0,2047.46875,696.7012361958623
2026-07-26T04:55:02.111464+00:00,11247.0,42.0,109.7,38.0,2047.46875,697.0150272399187
2026-07-26T04:55:02.400514+00:00,11247.0,42.0,110.22,38.0,2047.46875,697.3040780387819
2026-07-26T04:55:02.710180+00:00,11247.0,42.0,111.05,38.0,2047.46875,697.6137447953224
2026-07-26T04:55:03.023531+00:00,11247.0,43.0,111.82,38.0,2047.46875,697.9270957745612
2026-07-26T04:55:03.378579+00:00,11247.0,43.0,112.32,38.0,2047.46875,698.2821422442794
2026-07-26T04:55:03.703374+00:00,11247.0,43.0,112.66,38.0,2047.46875,698.6069379262626
2026-07-26T04:55:04.002282+00:00,11247.0,43.0,113.04,38.0,2047.46875,698.9058449193835
2026-07-26T04:55:04.315662+00:00,11247.0,44.0,113.3,38.0,2047.46875,699.2192255742848
2026-07-26T04:55:04.649372+00:00,11247.0,44.0,113.43,38.0,2047.46875,699.5529351308942
2026-07-26T04:55:05.109180+00:00,11247.0,6.0,108.73,38.0,2047.46875,700.0127431228757
2026-07-26T04:55:05.418403+00:00,11247.0,44.0,109.31,38.0,2047.46875,700.3219668865204
2026-07-26T04:55:05.781915+00:00,11247.0,61.0,141.35,41.0,2047.47265625,700.6854774169624
2026-07-26T04:55:06.114731+00:00,11247.0,73.0,183.19,41.0,2047.47265625,701.018292773515
2026-07-26T04:55:06.429846+00:00,11247.0,56.0,193.64,39.0,2047.4765625,701.3334099911153
2026-07-26T04:55:06.740782+00:00,11247.0,41.0,166.34,38.0,2047.4765625,701.6443456709385
2026-07-26T04:55:07.029154+00:00,11247.0,41.0,134.1,38.0,2047.4765625,701.9327172711492
2026-07-26T04:55:07.317646+00:00,11247.0,42.0,114.18,38.0,2047.4765625,702.2212098389864
2026-07-26T04:55:07.623402+00:00,11247.0,41.0,108.95,38.0,2047.4765625,702.5269660167396
2026-07-26T04:55:07.931793+00:00,11247.0,41.0,108.96,38.0,2047.4765625,702.8353559374809
2026-07-26T04:55:08.243537+00:00,11247.0,41.0,108.78,38.0,2047.4765625,703.147100429982
2026-07-26T04:55:08.554889+00:00,11247.0,41.0,108.77,38.0,2047.4765625,703.4584525115788
2026-07-26T04:55:08.842698+00:00,11247.0,42.0,108.77,38.0,2047.4765625,703.7462618909776
2026-07-26T04:55:09.133386+00:00,11247.0,42.0,109.09,38.0,2047.4765625,704.0369493886828
2026-07-26T04:55:09.437976+00:00,11247.0,42.0,109.44,38.0,2047.4765625,704.3415400236845
2026-07-26T04:55:09.745084+00:00,11247.0,42.0,109.93,38.0,2047.4765625,704.6486484482884
2026-07-26T04:55:10.043152+00:00,11247.0,43.0,110.46,38.0,2047.4765625,704.9467150941491
2026-07-26T04:55:10.356381+00:00,11247.0,42.0,110.73,38.0,2047.4765625,705.2599433921278
2026-07-26T04:55:10.669049+00:00,11247.0,43.0,111.07,38.0,2047.4765625,705.5726116523147
2026-07-26T04:55:10.959419+00:00,11247.0,43.0,111.36,38.0,2047.4765625,705.8629823029041
2026-07-26T04:55:11.268462+00:00,11247.0,43.0,111.75,38.0,2047.4765625,706.1720258705318
2026-07-26T04:55:11.581201+00:00,11247.0,44.0,112.2,38.0,2047.4765625,706.4847645871341
2026-07-26T04:55:11.897942+00:00,11247.0,44.0,112.66,38.0,2047.4765625,706.8015044331551
2026-07-26T04:55:12.233066+00:00,11247.0,41.0,112.67,38.0,2047.4765625,707.1366287395358
2026-07-26T04:55:12.567841+00:00,11247.0,44.0,113.06,38.0,2047.4765625,707.4714031592011
2026-07-26T04:55:12.857984+00:00,11247.0,44.0,113.31,38.0,2047.4765625,707.7615471631289
2026-07-26T04:55:13.193923+00:00,11247.0,45.0,114.19,38.0,2047.4765625,708.0974859856069
2026-07-26T04:55:13.505398+00:00,11247.0,45.0,114.74,38.0,2047.4765625,708.4089613445103
2026-07-26T04:55:13.817936+00:00,11247.0,45.0,115.39,38.0,2047.4765625,708.7214989438653
2026-07-26T04:55:14.131652+00:00,11247.0,46.0,115.54,38.0,2047.4765625,709.0352152846754
2026-07-26T04:55:14.445725+00:00,11247.0,45.0,115.73,38.0,2047.4765625,709.3492885269225
2026-07-26T04:55:14.780207+00:00,11247.0,44.0,116.07,38.0,2047.4765625,709.6837698109448
2026-07-26T04:55:15.090266+00:00,11247.0,46.0,116.58,38.0,2047.4765625,709.9938291460276
2026-07-26T04:55:15.426906+00:00,11247.0,44.0,116.88,38.0,2047.4765625,710.3304698951542
2026-07-26T04:55:15.770743+00:00,11247.0,81.0,146.42,40.0,2047.5234375,710.6743058860302
2026-07-26T04:55:16.121778+00:00,11247.0,72.0,194.72,41.0,2047.5234375,711.0253414623439
2026-07-26T04:55:16.438869+00:00,11247.0,54.0,212.34,40.0,2047.54296875,711.342431794852
2026-07-26T04:55:16.778844+00:00,11247.0,39.0,178.21,38.0,2047.54296875,711.6824066005647
2026-07-26T04:55:17.092006+00:00,11247.0,40.0,138.08,38.0,2047.54296875,711.9955672994256
2026-07-26T04:55:17.405743+00:00,11247.0,40.0,107.32,38.0,2047.54296875,712.309306897223
2026-07-26T04:55:17.744734+00:00,11247.0,42.0,107.96,38.0,2047.54296875,712.6482974328101
2026-07-26T04:55:18.056301+00:00,11247.0,41.0,108.01,38.0,2047.54296875,712.9598647654057
2026-07-26T04:55:18.369489+00:00,11247.0,42.0,108.19,38.0,2047.54296875,713.273052662611
2026-07-26T04:55:18.693207+00:00,11247.0,41.0,108.29,38.0,2047.54296875,713.5967689529061
2026-07-26T04:55:19.004834+00:00,11247.0,41.0,108.31,38.0,2047.54296875,713.9083969220519
2026-07-26T04:55:19.339599+00:00,11247.0,42.0,108.71,38.0,2047.54296875,714.2431622445583
2026-07-26T04:55:19.653074+00:00,11247.0,43.0,109.01,38.0,2047.54296875,714.5566372945905
2026-07-26T04:55:20.002871+00:00,11247.0,42.0,109.45,38.0,2047.54296875,714.9064324311912
2026-07-26T04:55:20.320759+00:00,11247.0,41.0,109.62,38.0,2047.54296875,715.2243210785091
2026-07-26T04:55:20.633568+00:00,11247.0,43.0,110.37,38.0,2047.54296875,715.537130702287
2026-07-26T04:55:20.971402+00:00,11247.0,43.0,110.55,38.0,2047.54296875,715.8749641776085
2026-07-26T04:55:21.303690+00:00,11247.0,43.0,111.1,38.0,2047.54296875,716.2072528004646
2026-07-26T04:55:21.640089+00:00,11247.0,42.0,111.24,38.0,2047.54296875,716.543650675565
2026-07-26T04:55:21.991447+00:00,11247.0,43.0,111.91,38.0,2047.54296875,716.8950097560883
2026-07-26T04:55:22.351475+00:00,11247.0,44.0,112.56,38.0,2047.54296875,717.25503885746
2026-07-26T04:55:22.666198+00:00,11247.0,43.0,112.74,38.0,2047.54296875,717.5697611123323
2026-07-26T04:55:23.027727+00:00,11247.0,32.0,112.07,38.0,2047.54296875,717.9312898628414
2026-07-26T04:55:23.384848+00:00,11247.0,57.0,137.77,40.0,2047.68359375,718.2884109728038
2026-07-26T04:55:23.716788+00:00,11247.0,69.0,172.91,41.0,2047.68359375,718.6203503534198
2026-07-26T04:55:24.074316+00:00,11247.0,63.0,185.69,39.0,2047.75,718.9778791517019
2026-07-26T04:55:24.390192+00:00,11247.0,40.0,158.1,38.0,2047.75,719.2937551438808
2026-07-26T04:55:24.706385+00:00,11247.0,39.0,123.18,38.0,2047.75,719.6099479533732
2026-07-26T04:55:25.043890+00:00,11247.0,38.0,106.45,38.0,2047.75,719.9474527724087
2026-07-26T04:55:25.365492+00:00,11247.0,39.0,106.53,38.0,2047.75,720.2690559439361
2026-07-26T04:55:25.657874+00:00,11247.0,40.0,106.82,38.0,2047.75,720.5614363923669
2026-07-26T04:55:25.975043+00:00,11247.0,41.0,107.07,38.0,2047.75,720.8786053881049
2026-07-26T04:55:26.312219+00:00,11247.0,41.0,107.94,38.0,2047.75,721.215781904757
2026-07-26T04:55:26.633002+00:00,11247.0,39.0,107.89,38.0,2047.75,721.5365648269653
2026-07-26T04:55:26.944579+00:00,11247.0,42.0,108.0,38.0,2047.75,721.8481421209872
2026-07-26T04:55:27.298300+00:00,11247.0,42.0,106.89,38.0,2047.75,722.2018641009927
2026-07-26T04:55:27.614185+00:00,11247.0,43.0,107.23,38.0,2047.75,722.5177478343248
2026-07-26T04:55:27.926460+00:00,11247.0,42.0,107.64,38.0,2047.75,722.8300225362182
2026-07-26T04:55:28.236565+00:00,11247.0,41.0,109.51,38.0,2047.75,723.1401273943484
2026-07-26T04:55:28.550943+00:00,11247.0,41.0,109.84,38.0,2047.75,723.45450604707
2026-07-26T04:55:28.864098+00:00,11247.0,43.0,110.23,38.0,2047.75,723.767661627382
2026-07-26T04:55:29.179223+00:00,11247.0,43.0,110.62,38.0,2047.75,724.08278638497
2026-07-26T04:55:29.536394+00:00,11247.0,41.0,110.82,38.0,2047.75,724.4399565644562
2026-07-26T04:55:29.896079+00:00,11247.0,42.0,111.51,38.0,2047.75,724.7996415495872
2026-07-26T04:55:30.186881+00:00,11247.0,42.0,110.82,38.0,2047.80078125,725.090443674475
2026-07-26T04:55:30.481025+00:00,11247.0,58.0,139.88,40.0,2047.8671875,725.3845876157284
2026-07-26T04:55:30.815497+00:00,11247.0,71.0,172.92,40.0,2047.8671875,725.7190600037575
2026-07-26T04:55:31.174930+00:00,11247.0,49.0,183.66,39.0,2047.92578125,726.0784922614694
2026-07-26T04:55:31.490005+00:00,11247.0,41.0,154.53,38.0,2047.92578125,726.3935677222908
2026-07-26T04:55:31.808255+00:00,11247.0,40.0,122.52,38.0,2047.92578125,726.7118175923824
2026-07-26T04:55:32.118138+00:00,11247.0,40.0,107.99,38.0,2047.92578125,727.0217004045844
2026-07-26T04:55:32.441861+00:00,11247.0,41.0,108.17,38.0,2047.92578125,727.3454236462712
2026-07-26T04:55:32.761596+00:00,11247.0,42.0,108.5,38.0,2047.92578125,727.6651586070657
2026-07-26T04:55:33.098013+00:00,11247.0,42.0,108.6,38.0,2047.92578125,728.0015761107206
2026-07-26T04:55:33.432761+00:00,11247.0,40.0,108.84,38.0,2047.92578125,728.3363243639469
2026-07-26T04:55:33.786172+00:00,11247.0,42.0,109.5,38.0,2047.92578125,728.6897344999015
2026-07-26T04:55:34.105972+00:00,11247.0,40.0,109.73,38.0,2047.92578125,729.0095346495509
2026-07-26T04:55:34.421447+00:00,11247.0,42.0,109.94,38.0,2047.92578125,729.3250097706914
2026-07-26T04:55:34.738046+00:00,11247.0,42.0,110.0,38.0,2047.92578125,729.6416083425283
2026-07-26T04:55:35.088993+00:00,11247.0,40.0,110.09,38.0,2047.92578125,729.992555771023
2026-07-26T04:55:35.405115+00:00,11247.0,42.0,110.52,38.0,2047.92578125,730.3086783885956
2026-07-26T04:55:35.732547+00:00,11247.0,43.0,111.23,38.0,2047.92578125,730.636109534651
2026-07-26T04:55:36.045181+00:00,11247.0,34.0,110.75,38.0,2047.92578125,730.9487442150712
2026-07-26T04:55:36.362140+00:00,11247.0,43.0,111.61,38.0,2047.92578125,731.2657026425004
2026-07-26T04:55:36.678320+00:00,11247.0,42.0,111.34,38.0,2047.92578125,731.5818823501468
2026-07-26T04:55:37.019936+00:00,11247.0,42.0,112.69,38.0,2047.92578125,731.9234991446137
2026-07-26T04:55:37.333717+00:00,11247.0,43.0,113.03,38.0,2047.92578125,732.2372799515724
2026-07-26T04:55:37.646979+00:00,11247.0,44.0,113.57,38.0,2047.92578125,732.5505419522524
2026-07-26T04:55:37.982790+00:00,11247.0,43.0,114.24,38.0,2047.92578125,732.8863526582718
2026-07-26T04:55:38.343594+00:00,11247.0,43.0,114.81,38.0,2047.92578125,733.2471573390067
2026-07-26T04:55:38.708998+00:00,11247.0,44.0,115.6,38.0,2047.92578125,733.6125613041222
2026-07-26T04:55:39.046227+00:00,11247.0,45.0,115.95,38.0,2047.92578125,733.9497907757759
2026-07-26T04:55:39.383511+00:00,11247.0,45.0,115.66,38.0,2047.97265625,734.2870743200183
2026-07-26T04:55:39.744813+00:00,11247.0,78.0,155.57,40.0,2048.0625,734.648375697434
2026-07-26T04:55:40.050198+00:00,11247.0,72.0,190.16,41.0,2048.0625,734.9537613987923
2026-07-26T04:55:40.387230+00:00,11247.0,65.0,200.77,39.0,2048.1171875,735.2907931394875
2026-07-26T04:55:40.701178+00:00,11247.0,40.0,162.53,38.0,2048.1171875,735.6047411933541
2026-07-26T04:55:41.023013+00:00,11247.0,39.0,122.84,38.0,2048.1171875,735.9265758916736
2026-07-26T04:55:41.336889+00:00,11247.0,41.0,107.54,38.0,2048.1171875,736.2404529228806
2026-07-26T04:55:41.700165+00:00,11247.0,39.0,107.61,38.0,2048.1171875,736.6037287861109
2026-07-26T04:55:42.034149+00:00,11247.0,40.0,107.46,38.0,2048.1171875,736.9377115108073
2026-07-26T04:55:42.393204+00:00,11247.0,39.0,107.56,38.0,2048.1171875,737.2967662252486
2026-07-26T04:55:42.686776+00:00,11247.0,41.0,107.51,38.0,2048.1171875,737.5903389751911
2026-07-26T04:55:42.977508+00:00,11247.0,42.0,108.19,38.0,2048.1171875,737.881071511656
2026-07-26T04:55:43.293536+00:00,11247.0,42.0,108.4,38.0,2048.1171875,738.1970987804234
2026-07-26T04:55:43.648557+00:00,11247.0,40.0,108.87,38.0,2048.1171875,738.5521203763783
2026-07-26T04:55:43.957019+00:00,11247.0,43.0,108.87,38.0,2048.1171875,738.8605819828808
2026-07-26T04:55:44.320607+00:00,11247.0,41.0,109.61,38.0,2048.1171875,739.2241704426706
2026-07-26T04:55:44.656885+00:00,11247.0,40.0,109.57,38.0,2048.1171875,739.5604476481676
2026-07-26T04:55:44.968498+00:00,11247.0,41.0,109.55,38.0,2048.1171875,739.8720610551536
2026-07-26T04:55:45.281037+00:00,11247.0,41.0,110.05,38.0,2048.1171875,740.184600930661
2026-07-26T04:55:45.598124+00:00,11247.0,40.0,110.19,38.0,2048.1171875,740.5016865059733
2026-07-26T04:55:45.934424+00:00,11247.0,43.0,111.02,38.0,2048.1171875,740.8379872962832
2026-07-26T04:55:46.296056+00:00,11247.0,44.0,111.52,38.0,2048.1171875,741.1996187455952
2026-07-26T04:55:46.656204+00:00,11247.0,45.0,112.56,38.0,2048.1171875,741.5597671791911
2026-07-26T04:55:46.987397+00:00,11247.0,41.0,112.77,38.0,2048.1171875,741.8909597247839
2026-07-26T04:55:47.302756+00:00,11247.0,42.0,112.82,38.0,2048.1171875,742.2063201479614
2026-07-26T04:55:47.618564+00:00,11247.0,46.0,113.49,38.0,2048.1171875,742.5221263580024
2026-07-26T04:55:47.950742+00:00,11247.0,45.0,114.03,38.0,2048.1171875,742.8543050475419
2026-07-26T04:55:48.264550+00:00,11247.0,43.0,114.72,38.0,2048.1171875,743.1681128926575
2026-07-26T04:55:48.584609+00:00,11247.0,45.0,115.27,38.0,2048.16015625,743.4881711825728
2026-07-26T04:55:48.927441+00:00,11247.0,53.0,145.43,40.0,2048.1796875,743.8310033269227
2026-07-26T04:55:49.245972+00:00,11247.0,64.0,182.92,41.0,2048.1796875,744.1495348550379
2026-07-26T04:55:49.562254+00:00,11247.0,25.0,202.6,41.0,2048.24609375,744.4658173210919
2026-07-26T04:55:49.902023+00:00,11247.0,40.0,175.65,38.0,2048.24609375,744.8055861406028
2026-07-26T04:55:50.212485+00:00,11247.0,41.0,137.19,38.0,2048.24609375,745.1160479038954
2026-07-26T04:55:50.548651+00:00,11247.0,41.0,110.14,38.0,2048.24609375,745.4522132501006
2026-07-26T04:55:50.839456+00:00,11247.0,39.0,108.91,38.0,2048.26953125,745.7430172488093
2026-07-26T04:55:51.156431+00:00,11247.0,39.0,109.06,38.0,2048.26953125,746.0599929243326
2026-07-26T04:55:51.520823+00:00,11247.0,39.0,108.49,38.0,2048.26953125,746.4243863895535
2026-07-26T04:55:51.833768+00:00,11247.0,41.0,108.21,38.0,2048.26953125,746.7373313941061
2026-07-26T04:55:52.166053+00:00,11247.0,41.0,108.63,38.0,2048.26953125,747.0696165598929
2026-07-26T04:55:52.480656+00:00,11247.0,43.0,109.94,38.0,2048.26953125,747.3842190690339
2026-07-26T04:55:52.814480+00:00,11247.0,41.0,110.47,38.0,2048.26953125,747.7180435433984
2026-07-26T04:55:53.167354+00:00,11247.0,42.0,110.49,38.0,2048.26953125,748.0709167271852
2026-07-26T04:55:53.460983+00:00,11247.0,43.0,110.54,38.0,2048.26953125,748.364546045661
2026-07-26T04:55:53.777710+00:00,11247.0,43.0,110.75,38.0,2048.26953125,748.6812729723752
2026-07-26T04:55:54.110473+00:00,11247.0,44.0,111.33,38.0,2048.26953125,749.0140358358622
2026-07-26T04:55:54.429942+00:00,11247.0,42.0,111.9,38.0,2048.26953125,749.3335052244365
2026-07-26T04:55:54.722980+00:00,11247.0,42.0,112.43,38.0,2048.26953125,749.6265430636704
2026-07-26T04:55:55.014174+00:00,11247.0,44.0,113.17,38.0,2048.26953125,749.9177379049361
2026-07-26T04:55:55.329445+00:00,11247.0,42.0,113.24,38.0,2048.26953125,750.2330075353384
2026-07-26T04:55:55.650866+00:00,11247.0,43.0,113.87,38.0,2048.26953125,750.5544286742806
2026-07-26T04:55:55.964657+00:00,11247.0,45.0,113.78,38.0,2048.26953125,750.8682203181088
2026-07-26T04:55:56.298663+00:00,11247.0,46.0,114.86,38.0,2048.26953125,751.202225048095
2026-07-26T04:55:56.610401+00:00,11247.0,46.0,115.56,38.0,2048.26953125,751.5139640793204
2026-07-26T04:55:56.920275+00:00,11247.0,45.0,116.73,38.0,2048.26953125,751.8238392174244
2026-07-26T04:55:57.230424+00:00,11247.0,46.0,116.99,38.0,2048.26953125,752.1339883580804
2026-07-26T04:55:57.567989+00:00,11247.0,46.0,117.59,38.0,2048.26953125,752.4715519063175
2026-07-26T04:55:57.913085+00:00,11247.0,32.0,116.63,38.0,2048.3515625,752.8166476488113
2026-07-26T04:55:58.227896+00:00,11247.0,76.0,152.64,41.0,2048.35546875,753.1314597763121
2026-07-26T04:55:58.541248+00:00,11247.0,67.0,194.06,41.0,2048.35546875,753.4448114521801
2026-07-26T04:55:58.869652+00:00,11247.0,1.0,194.83,38.0,2058.74609375,753.7732162326574
2026-07-26T04:55:59.209467+00:00,11247.0,0.0,154.45,38.0,2080.296875,754.1130305975676
2026-07-26T04:55:59.627260+00:00,11247.0,42.0,111.8,38.0,2077.44921875,754.5308236405253
2026-07-26T04:55:59.915207+00:00,11247.0,43.0,118.11,38.0,2077.44921875,754.818769428879
2026-07-26T04:56:00.205608+00:00,11247.0,42.0,125.3,38.0,2077.44921875,755.1091716364026
2026-07-26T04:56:00.495040+00:00,11247.0,43.0,111.42,38.0,2077.44921875,755.398604478687
2026-07-26T04:56:00.786816+00:00,11247.0,42.0,111.84,38.0,2077.44921875,755.6903800331056
2026-07-26T04:56:01.121303+00:00,11247.0,44.0,112.43,38.0,2077.44921875,756.024866450578
2026-07-26T04:56:01.434017+00:00,11247.0,44.0,112.92,38.0,2077.44921875,756.3375810757279
2026-07-26T04:56:01.724058+00:00,11247.0,44.0,113.14,38.0,2077.44921875,756.6276211477816
2026-07-26T04:56:02.034493+00:00,11247.0,44.0,113.57,38.0,2077.44921875,756.9380563683808
2026-07-26T04:56:02.346282+00:00,11247.0,44.0,113.99,38.0,2077.44921875,757.2498462311924
2026-07-26T04:56:02.657118+00:00,11247.0,45.0,114.51,38.0,2077.44921875,757.5606828480959
2026-07-26T04:56:02.944938+00:00,11247.0,45.0,114.72,38.0,2077.44921875,757.8485016413033
2026-07-26T04:56:03.276482+00:00,11247.0,45.0,115.35,38.0,2077.44921875,758.1800456345081
2026-07-26T04:56:03.589149+00:00,11247.0,45.0,115.73,38.0,2077.44921875,758.492706540972
2026-07-26T04:56:03.950130+00:00,11247.0,46.0,116.19,38.0,2077.44921875,758.8536881804466
2026-07-26T04:56:04.238527+00:00,11247.0,45.0,116.25,38.0,2077.44921875,759.1420911699533
2026-07-26T04:56:04.526940+00:00,11247.0,46.0,116.84,38.0,2077.44921875,759.4305039122701
2026-07-26T04:56:04.814452+00:00,11247.0,46.0,117.33,38.0,2077.44921875,759.7180158123374
2026-07-26T04:56:05.130236+00:00,11247.0,46.0,117.55,38.0,2077.44921875,760.0337989926338
2026-07-26T04:56:05.441897+00:00,11247.0,46.0,117.89,38.0,2077.44921875,760.345460370183
2026-07-26T04:56:05.753466+00:00,11247.0,47.0,118.46,38.0,2077.44921875,760.657030120492
2026-07-26T04:56:06.089970+00:00,11247.0,46.0,118.87,38.0,2077.44921875,760.9935335963964
2026-07-26T04:56:06.405724+00:00,11247.0,47.0,119.41,38.0,2077.44921875,761.309286788106
2026-07-26T04:56:06.717893+00:00,11247.0,47.0,120.02,38.0,2077.44921875,761.6214568354189
2026-07-26T04:56:07.030364+00:00,11247.0,47.0,120.52,38.0,2077.44921875,761.9339281879365
2026-07-26T04:56:07.342413+00:00,11247.0,47.0,121.0,38.0,2077.44921875,762.2459773719311
2026-07-26T04:56:07.676558+00:00,11247.0,47.0,121.51,38.0,2077.44921875,762.580121986568
2026-07-26T04:56:07.986232+00:00,11247.0,46.0,122.1,38.0,2077.44921875,762.8897957764566
2026-07-26T04:56:08.335979+00:00,11247.0,43.0,122.57,38.0,2077.44921875,763.2395429797471
2026-07-26T04:56:08.649357+00:00,11247.0,31.0,119.88,38.0,2077.44921875,763.5529207512736
2026-07-26T04:56:08.962094+00:00,11247.0,79.0,156.29,40.0,2077.57421875,763.8656528145075
2026-07-26T04:56:09.303818+00:00,11247.0,86.0,209.76,42.0,2077.57421875,764.2073810771108
2026-07-26T04:56:09.618597+00:00,11247.0,57.0,235.81,40.0,2077.57421875,764.522160410881
2026-07-26T04:56:09.931511+00:00,11247.0,41.0,197.9,39.0,2077.57421875,764.8350752964616
2026-07-26T04:56:10.244057+00:00,11247.0,39.0,147.17,38.0,2077.57421875,765.1476204879582
2026-07-26T04:56:10.558924+00:00,11247.0,41.0,114.82,38.0,2077.57421875,765.4624870233238
2026-07-26T04:56:10.872099+00:00,11247.0,40.0,108.54,38.0,2077.57421875,765.7756624408066
2026-07-26T04:56:11.183996+00:00,11247.0,42.0,108.27,38.0,2077.57421875,766.0875589214265
2026-07-26T04:56:11.498108+00:00,11247.0,42.0,108.05,38.0,2077.57421875,766.4016703180969
2026-07-26T04:56:11.814524+00:00,11247.0,41.0,108.14,38.0,2077.57421875,766.7180867232382
2026-07-26T04:56:12.131109+00:00,11247.0,42.0,108.66,38.0,2077.57421875,767.0346724130213
2026-07-26T04:56:12.442966+00:00,11247.0,43.0,109.23,38.0,2077.57421875,767.3465298637748
2026-07-26T04:56:12.757831+00:00,11247.0,42.0,109.61,38.0,2077.57421875,767.6613947376609
2026-07-26T04:56:13.070830+00:00,11247.0,44.0,110.26,38.0,2077.57421875,767.9743936806917
2026-07-26T04:56:13.383287+00:00,11247.0,43.0,110.53,38.0,2077.57421875,768.2868504077196
2026-07-26T04:56:13.671975+00:00,11247.0,43.0,110.79,38.0,2077.57421875,768.5755391642451
2026-07-26T04:56:13.980345+00:00,11247.0,43.0,111.02,38.0,2077.57421875,768.8839089646935
2026-07-26T04:56:14.289868+00:00,11247.0,43.0,111.39,38.0,2077.57421875,769.193432584405
2026-07-26T04:56:14.601649+00:00,11247.0,44.0,111.61,38.0,2077.57421875,769.505213022232
2026-07-26T04:56:14.918136+00:00,11247.0,43.0,112.45,38.0,2077.57421875,769.8216984793544
2026-07-26T04:56:15.254337+00:00,11247.0,43.0,112.99,38.0,2077.57421875,770.1579004786909
2026-07-26T04:56:15.568846+00:00,11247.0,44.0,113.62,38.0,2077.57421875,770.4724100530148
2026-07-26T04:56:15.905703+00:00,11247.0,45.0,114.22,38.0,2077.57421875,770.8092659115791
2026-07-26T04:56:16.219963+00:00,11247.0,44.0,114.68,38.0,2077.57421875,771.1235261186957
2026-07-26T04:56:16.534089+00:00,11247.0,45.0,115.14,38.0,2077.57421875,771.4376518502831
2026-07-26T04:56:16.843968+00:00,11247.0,45.0,115.31,38.0,2077.57421875,771.7475316226482
2026-07-26T04:56:17.170124+00:00,11247.0,46.0,115.83,38.0,2077.57421875,772.0736876390874
2026-07-26T04:56:17.485398+00:00,11247.0,45.0,116.11,38.0,2077.57421875,772.3889617025852
2026-07-26T04:56:17.777219+00:00,11247.0,45.0,116.67,38.0,2077.57421875,772.6807824969292
2026-07-26T04:56:18.102077+00:00,11247.0,27.0,118.07,39.0,2077.57421875,773.0056399293244
2026-07-26T04:56:18.416874+00:00,11247.0,76.0,157.4,40.0,2077.6171875,773.3204377405345
2026-07-26T04:56:18.709812+00:00,11247.0,82.0,191.22,41.0,2077.6171875,773.613375030458
2026-07-26T04:56:19.028626+00:00,11247.0,59.0,205.06,39.0,2077.62109375,773.9321889989078
2026-07-26T04:56:19.346056+00:00,11247.0,42.0,171.46,38.0,2077.62109375,774.2496188171208
2026-07-26T04:56:19.677645+00:00,11247.0,42.0,130.09,38.0,2077.62109375,774.5812088809907
2026-07-26T04:56:19.990339+00:00,11247.0,41.0,109.57,38.0,2077.62109375,774.8939034901559
2026-07-26T04:56:20.325212+00:00,11247.0,42.0,110.28,38.0,2077.62109375,775.2287761867046
2026-07-26T04:56:20.614703+00:00,11247.0,41.0,110.46,38.0,2077.62109375,775.5182668790221
2026-07-26T04:56:20.906728+00:00,11247.0,42.0,110.53,38.0,2077.62109375,775.8102920614183
2026-07-26T04:56:21.266914+00:00,11247.0,42.0,110.97,38.0,2077.62109375,776.1704770438373
2026-07-26T04:56:21.603656+00:00,11247.0,43.0,111.23,38.0,2077.62109375,776.5072199441493
2026-07-26T04:56:21.894934+00:00,11247.0,43.0,111.54,38.0,2077.62109375,776.798497248441
2026-07-26T04:56:22.202518+00:00,11247.0,43.0,112.06,38.0,2077.62109375,777.1060817800462
2026-07-26T04:56:22.536919+00:00,11247.0,44.0,112.37,38.0,2077.62109375,777.4404824562371
2026-07-26T04:56:22.825748+00:00,11247.0,44.0,112.83,38.0,2077.62109375,777.7293116226792
2026-07-26T04:56:23.138836+00:00,11247.0,44.0,113.45,38.0,2077.62109375,778.0423990562558
2026-07-26T04:56:23.453264+00:00,11247.0,44.0,113.74,38.0,2077.62109375,778.3568262346089
2026-07-26T04:56:23.789763+00:00,11247.0,45.0,114.14,38.0,2077.62109375,778.6933265291154
2026-07-26T04:56:24.149318+00:00,11247.0,44.0,114.84,38.0,2077.62109375,779.0528813973069
2026-07-26T04:56:24.468884+00:00,11247.0,45.0,115.04,38.0,2077.62109375,779.3724478147924
2026-07-26T04:56:24.762650+00:00,11247.0,44.0,115.33,38.0,2077.62109375,779.6662134639919
2026-07-26T04:56:25.096746+00:00,11247.0,46.0,115.49,38.0,2077.62109375,780.0003084726632
2026-07-26T04:56:25.456588+00:00,11247.0,46.0,115.67,38.0,2077.62109375,780.3601517155766
2026-07-26T04:56:25.776692+00:00,11247.0,45.0,115.9,38.0,2077.62109375,780.6802556402981
2026-07-26T04:56:26.113953+00:00,11247.0,38.0,115.85,38.0,2077.62109375,781.0175153687596
2026-07-26T04:56:26.454759+00:00,11247.0,44.0,116.1,38.0,2077.62109375,781.3583222292364
2026-07-26T04:56:26.795920+00:00,11247.0,44.0,116.75,38.0,2077.62109375,781.6994835361838
2026-07-26T04:56:27.107935+00:00,11247.0,47.0,117.22,38.0,2077.62109375,782.0114978253841
2026-07-26T04:56:27.443002+00:00,11247.0,47.0,118.02,38.0,2077.62109375,782.3465644903481
2026-07-26T04:56:27.758916+00:00,11247.0,47.0,119.02,38.0,2077.62109375,782.6624782718718
2026-07-26T04:56:28.123860+00:00,11247.0,47.0,119.93,38.0,2077.62109375,783.0274234712124
2026-07-26T04:56:28.450533+00:00,11247.0,88.0,145.35,40.0,2077.62109375,783.3540965244174
2026-07-26T04:56:28.764648+00:00,11247.0,98.0,188.65,41.0,2077.62109375,783.6682103909552
2026-07-26T04:56:29.098469+00:00,11247.0,52.0,213.76,40.0,2077.625,784.0020329095423
2026-07-26T04:56:29.388850+00:00,11247.0,40.0,192.87,39.0,2077.625,784.2924141213298
2026-07-26T04:56:29.722000+00:00,11247.0,40.0,141.94,38.0,2077.625,784.6255632415414
2026-07-26T04:56:30.106104+00:00,11247.0,40.0,107.23,38.0,2077.625,785.0096672326326
2026-07-26T04:56:30.442511+00:00,11247.0,41.0,107.93,38.0,2077.625,785.3460744433105
2026-07-26T04:56:30.757356+00:00,11247.0,41.0,108.09,38.0,2077.625,785.6609196774662
2026-07-26T04:56:31.090027+00:00,11247.0,41.0,108.45,38.0,2077.625,785.9935904219747
2026-07-26T04:56:31.401628+00:00,11247.0,42.0,108.44,38.0,2077.625,786.3051907196641
2026-07-26T04:56:31.715215+00:00,11247.0,42.0,108.9,38.0,2077.625,786.6187785640359
2026-07-26T04:56:32.046370+00:00,11247.0,42.0,109.06,38.0,2077.625,786.9499331302941
2026-07-26T04:56:32.359720+00:00,11247.0,43.0,109.56,38.0,2077.625,787.263283662498
2026-07-26T04:56:32.670387+00:00,11247.0,42.0,109.7,38.0,2077.625,787.5739511847496
2026-07-26T04:56:32.958772+00:00,11247.0,42.0,109.81,38.0,2077.625,787.8623359054327
2026-07-26T04:56:33.247319+00:00,11247.0,42.0,109.9,38.0,2077.625,788.1508832871914
2026-07-26T04:56:33.580456+00:00,11247.0,42.0,110.14,38.0,2077.625,788.4840206690133
2026-07-26T04:56:33.895834+00:00,11247.0,42.0,110.7,38.0,2077.625,788.7993982881308
2026-07-26T04:56:34.208271+00:00,11247.0,43.0,111.21,38.0,2077.625,789.1118335016072
2026-07-26T04:56:34.537695+00:00,11247.0,43.0,111.71,38.0,2077.625,789.4412582702935
2026-07-26T04:56:34.852645+00:00,11247.0,43.0,112.23,38.0,2077.625,789.7562092319131
2026-07-26T04:56:35.167825+00:00,11247.0,44.0,115.58,38.0,2077.625,790.0713879838586
2026-07-26T04:56:35.475768+00:00,11247.0,64.0,142.43,40.0,2077.625,790.3793317601085
2026-07-26T04:56:35.795523+00:00,11247.0,59.0,169.67,40.0,2077.625,790.6990878507495
2026-07-26T04:56:36.198240+00:00,11247.0,41.0,172.37,38.0,2077.62890625,791.1018026247621
2026-07-26T04:56:36.558308+00:00,11247.0,41.0,141.03,38.0,2077.62890625,791.4618708565831
2026-07-26T04:56:36.871158+00:00,11247.0,41.0,119.28,38.0,2077.62890625,791.7747213430703
2026-07-26T04:56:37.205364+00:00,11247.0,41.0,107.71,38.0,2077.62890625,792.1089267171919
2026-07-26T04:56:37.518292+00:00,11247.0,42.0,108.39,38.0,2077.62890625,792.4218561165035
2026-07-26T04:56:37.829618+00:00,11247.0,42.0,108.98,38.0,2077.62890625,792.7331820689142
2026-07-26T04:56:38.141582+00:00,11247.0,42.0,109.35,38.0,2077.62890625,793.045145817101
2026-07-26T04:56:38.480043+00:00,11247.0,40.0,109.38,38.0,2077.62890625,793.3836053609848
2026-07-26T04:56:38.790913+00:00,11247.0,42.0,109.69,38.0,2077.62890625,793.6944766268134
2026-07-26T04:56:39.107590+00:00,11247.0,42.0,109.78,38.0,2077.62890625,794.0111547447741
2026-07-26T04:56:39.396525+00:00,11247.0,42.0,110.1,38.0,2077.62890625,794.3000895902514
2026-07-26T04:56:39.706827+00:00,11247.0,43.0,110.1,38.0,2077.62890625,794.6103917360306
2026-07-26T04:56:40.098521+00:00,11247.0,41.0,110.26,38.0,2077.62890625,795.0020842403173
2026-07-26T04:56:40.417249+00:00,11247.0,38.0,110.07,38.0,2077.62890625,795.3208123892546
2026-07-26T04:56:40.752826+00:00,11247.0,43.0,109.99,38.0,2077.62890625,795.6563884392381
2026-07-26T04:56:41.115443+00:00,11247.0,43.0,110.41,38.0,2077.62890625,796.0190059877932
2026-07-26T04:56:41.449971+00:00,11247.0,43.0,111.39,38.0,2077.62890625,796.3535338826478
2026-07-26T04:56:41.772814+00:00,11247.0,43.0,112.14,38.0,2077.62890625,796.676377017051
2026-07-26T04:56:42.121621+00:00,11247.0,66.0,138.19,40.0,2077.62890625,797.0251834951341
2026-07-26T04:56:42.457439+00:00,11247.0,59.0,169.12,40.0,2077.62890625,797.3610013276339
2026-07-26T04:56:42.803664+00:00,11247.0,40.0,179.54,38.0,2077.6328125,797.7072264663875
2026-07-26T04:56:43.116402+00:00,11247.0,40.0,150.91,38.0,2077.6328125,798.0199650637805
2026-07-26T04:56:43.434422+00:00,11247.0,39.0,119.62,38.0,2077.6328125,798.3379849344492
2026-07-26T04:56:43.749279+00:00,11247.0,41.0,106.21,38.0,2077.6328125,798.6528417915106
2026-07-26T04:56:44.063109+00:00,11247.0,41.0,106.64,38.0,2077.6328125,798.9666717909276
2026-07-26T04:56:44.395013+00:00,11247.0,41.0,107.49,38.0,2077.6328125,799.2985769435763
2026-07-26T04:56:44.704989+00:00,11247.0,41.0,107.68,38.0,2077.6328125,799.608552839607
2026-07-26T04:56:45.086963+00:00,11247.0,41.0,107.92,38.0,2077.6328125,799.990526098758
2026-07-26T04:56:45.380033+00:00,11247.0,42.0,107.96,38.0,2077.6328125,800.2835966795683
2026-07-26T04:56:45.693685+00:00,11247.0,42.0,108.53,38.0,2077.6328125,800.597248159349
2026-07-26T04:56:45.988812+00:00,11247.0,41.0,108.94,38.0,2077.6328125,800.8923757374287
2026-07-26T04:56:46.280063+00:00,11247.0,43.0,109.25,38.0,2077.6328125,801.1836259514093
2026-07-26T04:56:46.586734+00:00,11247.0,43.0,109.57,38.0,2077.6328125,801.4902980439365
2026-07-26T04:56:46.943163+00:00,11247.0,42.0,109.71,38.0,2077.6328125,801.846725102514
2026-07-26T04:56:47.252219+00:00,11247.0,42.0,110.03,38.0,2077.6328125,802.1557823009789
2026-07-26T04:56:47.585270+00:00,11247.0,42.0,110.07,38.0,2077.6328125,802.4888344891369
2026-07-26T04:56:47.899088+00:00,11247.0,44.0,110.49,38.0,2077.6328125,802.8026519753039
2026-07-26T04:56:48.207078+00:00,11247.0,43.0,111.05,38.0,2077.6328125,803.1106411665678
2026-07-26T04:56:48.541538+00:00,11247.0,43.0,111.72,38.0,2077.6328125,803.4451017603278
2026-07-26T04:56:48.850255+00:00,11247.0,43.0,112.19,38.0,2077.6328125,803.7538186050951
2026-07-26T04:56:49.186895+00:00,11247.0,42.0,112.29,38.0,2077.6328125,804.0904579386115
2026-07-26T04:56:49.498348+00:00,11247.0,44.0,112.84,38.0,2077.6328125,804.4019118957222
2026-07-26T04:56:49.806583+00:00,11247.0,44.0,113.14,38.0,2077.6328125,804.7101468034089
2026-07-26T04:56:50.097437+00:00,11247.0,44.0,113.36,38.0,2077.6328125,805.0010001063347
2026-07-26T04:56:50.432917+00:00,11247.0,44.0,114.07,38.0,2077.6328125,805.3364803791046
2026-07-26T04:56:50.722345+00:00,11247.0,45.0,114.43,38.0,2077.6328125,805.6259095668793
2026-07-26T04:56:51.053399+00:00,11247.0,44.0,115.17,38.0,2077.6328125,805.956963095814
2026-07-26T04:56:51.416742+00:00,11247.0,44.0,115.48,38.0,2077.6328125,806.3203052133322
2026-07-26T04:56:51.732027+00:00,11247.0,46.0,115.82,38.0,2077.6328125,806.6355901584029
2026-07-26T04:56:52.038127+00:00,11247.0,78.0,134.84,40.0,2077.6328125,806.941689543426
2026-07-26T04:56:52.329209+00:00,11247.0,74.0,171.36,41.0,2077.6328125,807.2327730059624
2026-07-26T04:56:52.654919+00:00,11247.0,36.0,190.14,39.0,2077.64453125,807.5584830865264
2026-07-26T04:56:52.966099+00:00,11247.0,42.0,198.05,39.0,2077.64453125,807.8696630001068
2026-07-26T04:56:53.278231+00:00,11247.0,41.0,159.94,38.0,2077.64453125,808.1817946396768
2026-07-26T04:56:53.615728+00:00,11247.0,42.0,126.88,38.0,2077.64453125,808.519292011857
2026-07-26T04:56:53.926635+00:00,11247.0,43.0,110.5,38.0,2077.64453125,808.8301986530423
2026-07-26T04:56:54.237528+00:00,11247.0,43.0,110.58,38.0,2077.64453125,809.1410915367305
2026-07-26T04:56:54.588727+00:00,11247.0,42.0,111.01,38.0,2077.64453125,809.4922911785543
2026-07-26T04:56:54.879531+00:00,11247.0,43.0,111.5,38.0,2077.64453125,809.7830956242979
2026-07-26T04:56:55.213270+00:00,11247.0,43.0,112.09,38.0,2077.64453125,810.1168342381716
2026-07-26T04:56:55.525794+00:00,11247.0,43.0,112.19,38.0,2077.64453125,810.4293580725789
2026-07-26T04:56:55.839894+00:00,11247.0,43.0,112.47,38.0,2077.64453125,810.743457198143
2026-07-26T04:56:56.178981+00:00,11247.0,43.0,112.68,38.0,2077.64453125,811.082545042038
2026-07-26T04:56:56.512563+00:00,11247.0,44.0,113.07,38.0,2077.64453125,811.4161257557571
2026-07-26T04:56:56.827752+00:00,11247.0,45.0,113.51,38.0,2077.64453125,811.7313147597015
2026-07-26T04:56:57.166083+00:00,11247.0,45.0,114.22,38.0,2077.64453125,812.0696463249624
2026-07-26T04:56:57.524789+00:00,11247.0,45.0,115.01,38.0,2077.64453125,812.4283519946039
2026-07-26T04:56:57.836766+00:00,11247.0,44.0,115.54,38.0,2077.64453125,812.7403283007443
2026-07-26T04:56:58.174784+00:00,11247.0,44.0,115.95,38.0,2077.64453125,813.0783475749195
2026-07-26T04:56:58.509081+00:00,11247.0,47.0,116.7,38.0,2077.64453125,813.4126436561346
2026-07-26T04:56:58.870647+00:00,11247.0,44.0,116.73,38.0,2077.64453125,813.7742101103067
2026-07-26T04:56:59.208309+00:00,11247.0,46.0,117.02,38.0,2077.64453125,814.1118717454374
2026-07-26T04:56:59.525313+00:00,11247.0,45.0,116.7,38.0,2077.64453125,814.4288759529591
2026-07-26T04:56:59.840422+00:00,11247.0,79.0,137.01,40.0,2077.64453125,814.743984438479
2026-07-26T04:57:00.154190+00:00,11247.0,83.0,177.77,41.0,2077.64453125,815.0577526539564
2026-07-26T04:57:00.476669+00:00,11247.0,26.0,204.74,39.0,2077.9375,815.3802325949073
2026-07-26T04:57:00.770954+00:00,11247.0,41.0,190.6,38.0,2077.9375,815.6745181046426
2026-07-26T04:57:01.083329+00:00,11247.0,41.0,150.96,38.0,2077.9375,815.9868925921619
2026-07-26T04:57:01.395282+00:00,11247.0,41.0,117.56,38.0,2077.9375,816.298845294863
2026-07-26T04:57:01.708328+00:00,11247.0,41.0,108.52,38.0,2077.9375,816.611891373992
2026-07-26T04:57:02.005848+00:00,11247.0,41.0,108.6,38.0,2077.9375,816.9094119854271
2026-07-26T04:57:02.320047+00:00,11247.0,42.0,108.64,38.0,2077.9375,817.2236095741391
2026-07-26T04:57:02.629893+00:00,11247.0,43.0,108.82,38.0,2077.9375,817.5334572196007
2026-07-26T04:57:02.918673+00:00,11247.0,43.0,108.98,38.0,2077.9375,817.8222366645932
2026-07-26T04:57:03.229900+00:00,11247.0,42.0,109.56,38.0,2077.9375,818.133463960141
2026-07-26T04:57:03.584370+00:00,11247.0,42.0,109.71,38.0,2077.9375,818.4879331663251
2026-07-26T04:57:03.873731+00:00,11247.0,43.0,110.08,38.0,2077.9375,818.7772935293615
2026-07-26T04:57:04.208643+00:00,11247.0,42.0,110.23,38.0,2077.9375,819.112207327038
2026-07-26T04:57:04.525059+00:00,11247.0,43.0,110.66,38.0,2077.9375,819.4286226630211
2026-07-26T04:57:04.817308+00:00,11247.0,43.0,111.08,38.0,2077.9375,819.7208705432713
2026-07-26T04:57:05.137182+00:00,11247.0,43.0,111.48,38.0,2077.9375,820.0407457575202
2026-07-26T04:57:05.450769+00:00,11247.0,43.0,112.09,38.0,2077.9375,820.3543316088617
2026-07-26T04:57:05.764851+00:00,11247.0,44.0,112.52,38.0,2077.9375,820.6684135273099
2026-07-26T04:57:06.079150+00:00,11247.0,44.0,113.14,38.0,2077.9375,820.9827135056257
2026-07-26T04:57:06.413359+00:00,11247.0,44.0,113.65,38.0,2077.9375,821.3169222734869
2026-07-26T04:57:06.751874+00:00,11247.0,45.0,113.94,38.0,2077.9375,821.655437707901
2026-07-26T04:57:07.042110+00:00,11247.0,45.0,114.33,38.0,2077.9375,821.945672981441
2026-07-26T04:57:07.355089+00:00,11247.0,45.0,114.95,38.0,2077.9375,822.258651856333
2026-07-26T04:57:07.660626+00:00,11247.0,45.0,115.55,38.0,2077.9375,822.5641894154251
2026-07-26T04:57:07.970368+00:00,11247.0,45.0,116.1,38.0,2077.9375,822.8739322274923
2026-07-26T04:57:08.284607+00:00,11247.0,46.0,116.33,38.0,2077.9375,823.188170440495
2026-07-26T04:57:08.597828+00:00,11247.0,46.0,116.83,38.0,2077.9375,823.5013909526169
2026-07-26T04:57:08.909423+00:00,11247.0,46.0,117.51,38.0,2077.9375,823.8129868283868
2026-07-26T04:57:09.201529+00:00,11247.0,46.0,117.83,38.0,2077.9375,824.1050923615694
2026-07-26T04:57:09.516863+00:00,11247.0,46.0,118.06,38.0,2077.9375,824.4204268082976
2026-07-26T04:57:09.812783+00:00,11247.0,66.0,147.52,41.0,2077.9375,824.716346476227
2026-07-26T04:57:10.146002+00:00,11247.0,72.0,189.54,40.0,2077.9375,825.0495659522712
2026-07-26T04:57:10.461034+00:00,11247.0,17.0,213.55,41.0,2078.33203125,825.3645970523357
2026-07-26T04:57:10.773240+00:00,11247.0,42.0,187.24,38.0,2078.33203125,825.6768025532365
2026-07-26T04:57:11.135692+00:00,11247.0,42.0,138.64,38.0,2078.33203125,826.039254937321
2026-07-26T04:57:11.472322+00:00,11247.0,42.0,108.34,38.0,2078.33203125,826.37588474527
2026-07-26T04:57:11.787373+00:00,11247.0,40.0,108.22,38.0,2078.33203125,826.690934818238
2026-07-26T04:57:12.102514+00:00,11247.0,42.0,108.62,38.0,2078.33203125,827.0060766637325
2026-07-26T04:57:12.413742+00:00,11247.0,40.0,109.06,38.0,2078.33203125,827.3173048496246
2026-07-26T04:57:12.733765+00:00,11247.0,42.0,109.4,38.0,2078.33203125,827.637327928096
2026-07-26T04:57:13.048667+00:00,11247.0,41.0,109.45,38.0,2078.33203125,827.9522295109928
2026-07-26T04:57:13.388475+00:00,11247.0,41.0,109.57,38.0,2078.33203125,828.2920384667814
2026-07-26T04:57:13.709107+00:00,11247.0,43.0,109.55,38.0,2078.33203125,828.6126691102982
2026-07-26T04:57:14.028137+00:00,11247.0,42.0,109.86,38.0,2078.33203125,828.9317000769079
2026-07-26T04:57:14.347618+00:00,11247.0,43.0,110.2,38.0,2078.33203125,829.251180510968
2026-07-26T04:57:14.661678+00:00,11247.0,42.0,110.79,38.0,2078.33203125,829.5652413144708
2026-07-26T04:57:15.031826+00:00,11247.0,42.0,111.64,38.0,2078.33203125,829.935387596488
2026-07-26T04:57:15.348388+00:00,11247.0,42.0,111.96,38.0,2078.33203125,830.2519511021674
2026-07-26T04:57:15.642531+00:00,11247.0,42.0,112.18,38.0,2078.33203125,830.5460936836898
2026-07-26T04:57:15.935219+00:00,11247.0,43.0,112.4,38.0,2078.33203125,830.8387829214334
2026-07-26T04:57:16.253002+00:00,11247.0,43.0,112.93,38.0,2078.33203125,831.1565657444298
2026-07-26T04:57:16.616335+00:00,11247.0,44.0,113.46,38.0,2078.33203125,831.5198976844549
2026-07-26T04:57:16.932905+00:00,11247.0,44.0,113.58,38.0,2078.33203125,831.8364678621292
2026-07-26T04:57:17.298352+00:00,11247.0,41.0,114.17,38.0,2078.33203125,832.2019151709974
2026-07-26T04:57:17.613042+00:00,11247.0,45.0,114.64,38.0,2078.33203125,832.5166042968631
2026-07-26T04:57:17.923896+00:00,11247.0,44.0,115.17,38.0,2078.33203125,832.8274588286877
2026-07-26T04:57:18.242032+00:00,11247.0,44.0,115.61,38.0,2078.33203125,833.1455952301621
2026-07-26T04:57:18.600888+00:00,11247.0,44.0,115.79,38.0,2078.33203125,833.5044511593878
2026-07-26T04:57:18.942772+00:00,11247.0,62.0,143.97,40.0,2078.33203125,833.8463345207274
2026-07-26T04:57:19.262732+00:00,11247.0,86.0,180.97,41.0,2078.33203125,834.1662955991924
2026-07-26T04:57:19.581946+00:00,11247.0,9.0,205.17,39.0,2078.71875,834.48550940305
2026-07-26T04:57:19.897561+00:00,11247.0,40.0,185.11,38.0,2078.71875,834.8011234626174
2026-07-26T04:57:20.225528+00:00,11247.0,41.0,141.37,38.0,2078.71875,835.1290919184685
2026-07-26T04:57:20.541926+00:00,11247.0,40.0,120.3,38.0,2078.72265625,835.4454888179898
2026-07-26T04:57:20.856657+00:00,11247.0,41.0,108.02,38.0,2078.72265625,835.7602204047143
2026-07-26T04:57:21.214848+00:00,11247.0,40.0,108.57,38.0,2078.72265625,836.1184109449387
2026-07-26T04:57:21.517840+00:00,11247.0,43.0,108.69,38.0,2078.72265625,836.4214034490287
2026-07-26T04:57:21.831704+00:00,11247.0,42.0,109.1,38.0,2078.72265625,836.7352668568492
2026-07-26T04:57:22.148076+00:00,11247.0,40.0,109.28,38.0,2078.72265625,837.0516388677061
2026-07-26T04:57:22.470278+00:00,11247.0,42.0,109.76,38.0,2078.72265625,837.3738414607942
2026-07-26T04:57:22.786323+00:00,11247.0,42.0,109.93,38.0,2078.72265625,837.6898870393634
2026-07-26T04:57:23.125047+00:00,11247.0,41.0,110.21,38.0,2078.72265625,838.0286100767553
2026-07-26T04:57:23.441929+00:00,11247.0,43.0,110.14,38.0,2078.72265625,838.3454913198948
2026-07-26T04:57:23.811826+00:00,11247.0,42.0,110.79,38.0,2078.72265625,838.715389534831
2026-07-26T04:57:24.150021+00:00,11247.0,41.0,110.26,38.0,2078.72265625,839.0535840131342
2026-07-26T04:57:24.489888+00:00,11247.0,44.0,110.12,38.0,2078.72265625,839.3934514783323
2026-07-26T04:57:24.784381+00:00,11247.0,43.0,110.47,38.0,2078.72265625,839.6879434809089
2026-07-26T04:57:25.106433+00:00,11247.0,44.0,111.82,38.0,2078.72265625,840.0099961608648
2026-07-26T04:57:25.469055+00:00,11247.0,28.0,108.43,38.0,2078.72265625,840.3726183213294
2026-07-26T04:57:25.788276+00:00,11247.0,44.0,109.3,38.0,2078.72265625,840.6918388567865
2026-07-26T04:57:26.127609+00:00,11247.0,43.0,109.58,38.0,2078.72265625,841.0311721228063
2026-07-26T04:57:26.469073+00:00,11247.0,43.0,116.07,38.0,2078.72265625,841.3726355135441
2026-07-26T04:57:26.782173+00:00,11247.0,45.0,116.18,38.0,2078.72265625,841.6857353933156
2026-07-26T04:57:27.119081+00:00,11247.0,47.0,117.36,38.0,2078.72265625,842.0226441025734
2026-07-26T04:57:27.437355+00:00,11247.0,45.0,118.62,38.0,2078.72265625,842.3409183435142
2026-07-26T04:57:27.755803+00:00,11247.0,46.0,119.69,38.0,2078.72265625,842.6593653336167
2026-07-26T04:57:28.125086+00:00,11247.0,44.0,119.79,38.0,2078.72265625,843.0286490730941
2026-07-26T04:57:28.488517+00:00,11247.0,44.0,119.93,38.0,2078.72265625,843.3920802585781
2026-07-26T04:57:28.790289+00:00,11247.0,47.0,119.56,38.0,2078.72265625,843.6938521303236
2026-07-26T04:57:29.108129+00:00,11247.0,47.0,119.92,38.0,2078.72265625,844.0116926394403
2026-07-26T04:57:29.450986+00:00,11247.0,73.0,155.16,40.0,2078.72265625,844.3545498885214
2026-07-26T04:57:29.816552+00:00,11247.0,72.0,202.74,41.0,2078.72265625,844.7201147265732
2026-07-26T04:57:30.133836+00:00,11247.0,57.0,222.14,40.0,2078.7265625,845.0373992621899
2026-07-26T04:57:30.472191+00:00,11247.0,42.0,179.97,38.0,2078.7265625,845.3757541812956
2026-07-26T04:57:30.797368+00:00,11247.0,42.0,136.05,38.0,2078.7265625,845.700910884887
2026-07-26T04:57:31.157920+00:00,11247.0,40.0,108.01,38.0,2078.7265625,846.0614828132093
2026-07-26T04:57:31.496456+00:00,11247.0,41.0,108.48,38.0,2078.7265625,846.4000195264816
2026-07-26T04:57:31.835214+00:00,11247.0,42.0,108.97,38.0,2078.7265625,846.738777872175
2026-07-26T04:57:32.170114+00:00,11247.0,41.0,108.87,38.0,2078.7265625,847.0736779533327
2026-07-26T04:57:32.488648+00:00,11247.0,42.0,108.89,38.0,2078.7265625,847.3922106511891
2026-07-26T04:57:32.826303+00:00,11247.0,41.0,109.22,38.0,2078.7265625,847.7298665456474
2026-07-26T04:57:33.144634+00:00,11247.0,42.0,110.01,38.0,2078.7265625,848.0481972135603
2026-07-26T04:57:33.461527+00:00,11247.0,43.0,110.63,38.0,2078.7265625,848.3650808334351
2026-07-26T04:57:33.822673+00:00,11247.0,40.0,110.82,38.0,2078.7265625,848.7262360863388
2026-07-26T04:57:34.182831+00:00,11247.0,43.0,111.07,38.0,2078.7265625,849.086394764483
2026-07-26T04:57:34.517303+00:00,11247.0,42.0,111.5,38.0,2078.7265625,849.4208665974438
2026-07-26T04:57:34.832085+00:00,11247.0,43.0,111.76,38.0,2078.7265625,849.7356480248272
2026-07-26T04:57:35.152054+00:00,11247.0,45.0,112.38,38.0,2078.7265625,850.0556177012622
2026-07-26T04:57:35.470472+00:00,11247.0,43.0,112.92,38.0,2078.7265625,850.3740350343287
2026-07-26T04:57:35.789221+00:00,11247.0,43.0,113.53,38.0,2078.7265625,850.6927757188678
2026-07-26T04:57:36.104022+00:00,11247.0,43.0,113.68,38.0,2078.7265625,851.0075849741697
2026-07-26T04:57:36.421104+00:00,11247.0,44.0,113.9,38.0,2078.7265625,851.3246675021946
2026-07-26T04:57:36.776622+00:00,11247.0,44.0,114.53,38.0,2078.7265625,851.6801840141416
2026-07-26T04:57:37.070790+00:00,11247.0,45.0,115.11,38.0,2078.7265625,851.9743533395231
2026-07-26T04:57:37.365073+00:00,11247.0,45.0,115.69,38.0,2078.7265625,852.2686364725232
2026-07-26T04:57:37.681876+00:00,11247.0,43.0,115.99,38.0,2078.7265625,852.5854386463761
2026-07-26T04:57:38.022233+00:00,11247.0,45.0,116.76,38.0,2078.7265625,852.9257957190275
2026-07-26T04:57:38.358322+00:00,11247.0,41.0,116.16,38.0,2078.7265625,853.2618848010898
2026-07-26T04:57:38.702345+00:00,11247.0,73.0,160.6,40.0,2078.7265625,853.6059071719646
2026-07-26T04:57:39.046149+00:00,11247.0,87.0,203.33,41.0,2078.7265625,853.9497137963772
2026-07-26T04:57:39.440960+00:00,11247.0,41.0,199.96,39.0,2078.734375,854.3445231169462
2026-07-26T04:57:39.757439+00:00,11247.0,40.0,156.11,38.0,2078.734375,854.661001637578
2026-07-26T04:57:40.065475+00:00,11247.0,40.0,115.98,38.0,2078.734375,854.9690379984677
2026-07-26T04:57:40.404906+00:00,11247.0,40.0,107.66,38.0,2078.734375,855.3084673695266
2026-07-26T04:57:40.723312+00:00,11247.0,41.0,107.9,38.0,2078.734375,855.6268730349839
2026-07-26T04:57:41.084919+00:00,11247.0,41.0,107.59,38.0,2078.734375,855.9884816966951
2026-07-26T04:57:41.425202+00:00,11247.0,40.0,107.89,38.0,2078.734375,856.3287649825215
2026-07-26T04:57:41.782190+00:00,11247.0,42.0,108.17,38.0,2078.734375,856.6857536323369
2026-07-26T04:57:42.092966+00:00,11247.0,42.0,108.5,38.0,2078.734375,856.9965291433036
2026-07-26T04:57:42.387770+00:00,11247.0,43.0,108.88,38.0,2078.734375,857.2913329228759
2026-07-26T04:57:42.707368+00:00,11247.0,41.0,108.92,38.0,2078.734375,857.6109313517809
2026-07-26T04:57:43.033320+00:00,11247.0,35.0,107.81,38.0,2078.734375,857.9368826039135
2026-07-26T04:57:43.353948+00:00,11247.0,40.0,106.9,38.0,2078.734375,858.2575110793114
2026-07-26T04:57:43.716998+00:00,11247.0,41.0,107.13,38.0,2078.734375,858.6205614320934
2026-07-26T04:57:44.078803+00:00,11247.0,28.0,108.13,38.0,2078.734375,858.9823657274246
2026-07-26T04:57:44.393996+00:00,11247.0,41.0,109.39,38.0,2078.734375,859.2975592166185
2026-07-26T04:57:44.709970+00:00,11247.0,43.0,109.8,38.0,2078.734375,859.6135336570442
2026-07-26T04:57:45.027222+00:00,11247.0,41.0,111.15,38.0,2078.734375,859.9307844862342
2026-07-26T04:57:45.380439+00:00,11247.0,43.0,111.67,38.0,2078.734375,860.2840013764799
2026-07-26T04:57:45.716793+00:00,11247.0,42.0,111.86,38.0,2078.734375,860.6203555203974
2026-07-26T04:57:46.075773+00:00,11247.0,45.0,112.82,38.0,2078.734375,860.9793356694281
2026-07-26T04:57:46.393097+00:00,11247.0,45.0,113.08,38.0,2078.734375,861.2966599650681
2026-07-26T04:57:46.688983+00:00,11247.0,44.0,113.71,38.0,2078.734375,861.5925457663834
2026-07-26T04:57:46.981947+00:00,11247.0,45.0,114.13,38.0,2078.734375,861.885510545224
2026-07-26T04:57:47.297824+00:00,11247.0,44.0,114.48,38.0,2078.734375,862.2013878077269
2026-07-26T04:57:47.636799+00:00,11247.0,43.0,114.75,38.0,2078.734375,862.5403612293303
2026-07-26T04:57:47.959924+00:00,11247.0,43.0,114.91,38.0,2078.734375,862.8634859398007
2026-07-26T04:57:48.275858+00:00,11247.0,47.0,115.07,38.0,2078.734375,863.1794207282364
2026-07-26T04:57:48.593827+00:00,11247.0,46.0,115.89,38.0,2078.734375,863.4973906390369
2026-07-26T04:57:48.917917+00:00,11247.0,59.0,141.86,40.0,2078.734375,863.8214798942208
2026-07-26T04:57:49.211341+00:00,11247.0,77.0,173.23,40.0,2078.734375,864.1149050220847
2026-07-26T04:57:49.553069+00:00,11247.0,0.0,199.88,38.0,2078.73828125,864.4566323980689
2026-07-26T04:57:49.868699+00:00,11247.0,40.0,178.88,38.0,2078.73828125,864.772261235863
2026-07-26T04:57:50.178884+00:00,11247.0,27.0,139.29,38.0,2078.73828125,865.0824470035732
2026-07-26T04:57:50.500674+00:00,11247.0,41.0,117.25,38.0,2078.73828125,865.4042372815311
2026-07-26T04:57:50.815650+00:00,11247.0,39.0,106.08,38.0,2078.73828125,865.7192122302949
2026-07-26T04:57:51.141561+00:00,11247.0,42.0,107.25,38.0,2078.73828125,866.0451247431338
2026-07-26T04:57:51.480744+00:00,11247.0,41.0,108.53,38.0,2078.73828125,866.3843060322106
2026-07-26T04:57:51.796391+00:00,11247.0,32.0,108.44,38.0,2078.73828125,866.6999546214938
2026-07-26T04:57:52.130719+00:00,11247.0,40.0,108.31,38.0,2078.73828125,867.0342819914222
2026-07-26T04:57:52.449902+00:00,11247.0,43.0,108.5,38.0,2078.73828125,867.3534650951624
2026-07-26T04:57:52.788334+00:00,11247.0,43.0,109.18,38.0,2078.73828125,867.6918967105448
2026-07-26T04:57:53.128474+00:00,11247.0,41.0,109.7,38.0,2078.73828125,868.032036319375
2026-07-26T04:57:53.499128+00:00,11247.0,42.0,110.03,38.0,2078.73828125,868.402691423893
2026-07-26T04:57:53.798093+00:00,11247.0,42.0,110.27,38.0,2078.73828125,868.7016571685672
2026-07-26T04:57:54.112695+00:00,11247.0,39.0,110.89,38.0,2078.73828125,869.0162583626807
2026-07-26T04:57:54.449847+00:00,11247.0,43.0,111.68,38.0,2078.73828125,869.3534096330404
2026-07-26T04:57:54.764415+00:00,11247.0,43.0,112.19,38.0,2078.73828125,869.6679782569408
2026-07-26T04:57:55.097362+00:00,11247.0,44.0,112.64,38.0,2078.73828125,870.0009245350957
2026-07-26T04:57:55.411497+00:00,11247.0,45.0,113.12,38.0,2078.73828125,870.3150604814291
2026-07-26T04:57:55.723658+00:00,11247.0,45.0,113.29,38.0,2078.73828125,870.6272218301892
2026-07-26T04:57:56.057780+00:00,11247.0,45.0,114.05,38.0,2078.73828125,870.9613430798054
2026-07-26T04:57:56.373104+00:00,11247.0,44.0,114.29,38.0,2078.73828125,871.2766675055027
2026-07-26T04:57:56.705780+00:00,11247.0,45.0,115.15,38.0,2078.73828125,871.6093444302678
2026-07-26T04:57:57.021864+00:00,11247.0,44.0,115.32,38.0,2078.73828125,871.9254282787442
2026-07-26T04:57:57.334944+00:00,11247.0,45.0,115.78,38.0,2078.73828125,872.2385074347258
2026-07-26T04:57:57.646709+00:00,11247.0,46.0,116.12,38.0,2078.73828125,872.5502729490399
2026-07-26T04:57:57.936820+00:00,11247.0,47.0,116.5,38.0,2078.73828125,872.8403840474784
2026-07-26T04:57:58.292222+00:00,11247.0,46.0,117.24,38.0,2078.73828125,873.1957862637937
2026-07-26T04:57:58.673882+00:00,11247.0,69.0,152.8,41.0,2078.73828125,873.5774452239275
2026-07-26T04:57:58.988432+00:00,11247.0,83.0,197.52,41.0,2078.73828125,873.8919967114925
2026-07-26T04:57:59.304443+00:00,11247.0,65.0,208.7,39.0,2078.7421875,874.2080063819885
2026-07-26T04:57:59.618074+00:00,11247.0,41.0,183.89,38.0,2078.7421875,874.521638866514
2026-07-26T04:57:59.907476+00:00,11247.0,41.0,137.64,38.0,2078.7421875,874.8110400140285
2026-07-26T04:58:00.218485+00:00,11247.0,41.0,115.78,38.0,2078.7421875,875.122048702091
2026-07-26T04:58:00.583874+00:00,11247.0,41.0,108.04,38.0,2078.7421875,875.4874375350773
2026-07-26T04:58:00.874465+00:00,11247.0,42.0,108.1,38.0,2078.7421875,875.7780283652246
2026-07-26T04:58:01.186610+00:00,11247.0,41.0,108.26,38.0,2078.7421875,876.0901741050184
2026-07-26T04:58:01.497494+00:00,11247.0,42.0,108.51,38.0,2078.7421875,876.4010582007468
2026-07-26T04:58:01.792959+00:00,11247.0,42.0,108.76,38.0,2078.7421875,876.6965223439038
2026-07-26T04:58:02.107691+00:00,11247.0,42.0,109.15,38.0,2078.7421875,877.0112540982664
2026-07-26T04:58:02.423518+00:00,11247.0,42.0,109.64,38.0,2078.7421875,877.3270811066031
2026-07-26T04:58:02.741765+00:00,11247.0,40.0,109.74,38.0,2078.7421875,877.6453277245164
2026-07-26T04:58:03.056134+00:00,11247.0,42.0,110.1,38.0,2078.7421875,877.9596972167492
2026-07-26T04:58:03.373124+00:00,11247.0,42.0,110.36,38.0,2078.7421875,878.2766874246299
2026-07-26T04:58:03.666255+00:00,11247.0,43.0,110.71,38.0,2078.7421875,878.5698184333742
2026-07-26T04:58:04.006996+00:00,11247.0,43.0,110.96,38.0,2078.7421875,878.9105591885746
2026-07-26T04:58:04.320687+00:00,11247.0,43.0,111.1,38.0,2078.7421875,879.2242492847145
2026-07-26T04:58:04.635839+00:00,11247.0,44.0,111.53,38.0,2078.7421875,879.5394030362368
2026-07-26T04:58:04.973957+00:00,11247.0,44.0,112.1,38.0,2078.7421875,879.8775194883347
2026-07-26T04:58:05.311091+00:00,11247.0,43.0,112.85,38.0,2078.7421875,880.214653801173
2026-07-26T04:58:05.625906+00:00,11247.0,44.0,113.43,38.0,2078.7421875,880.5294702984393
2026-07-26T04:58:05.939340+00:00,11247.0,44.0,113.69,38.0,2078.7421875,880.8429042324424
2026-07-26T04:58:06.252242+00:00,11247.0,44.0,114.24,38.0,2078.7421875,881.1558054313064
2026-07-26T04:58:06.593110+00:00,11247.0,44.0,114.55,38.0,2078.7421875,881.4966728426516
2026-07-26T04:58:06.913246+00:00,11247.0,43.0,114.76,38.0,2078.7421875,881.8168083019555
2026-07-26T04:58:07.206629+00:00,11247.0,44.0,114.53,38.0,2078.7421875,882.1101933121681
2026-07-26T04:58:07.542580+00:00,11247.0,45.0,114.2,38.0,2078.7421875,882.4461435116827
2026-07-26T04:58:07.874768+00:00,11247.0,45.0,114.44,38.0,2078.7421875,882.7783312089741
2026-07-26T04:58:08.188395+00:00,11247.0,45.0,115.08,38.0,2078.7421875,883.0919577106833
2026-07-26T04:58:08.549855+00:00,11247.0,43.0,118.89,38.0,2078.7421875,883.4534181430936
2026-07-26T04:58:08.865253+00:00,11247.0,76.0,155.32,40.0,2078.7421875,883.7688161320984
2026-07-26T04:58:09.203720+00:00,11247.0,77.0,194.0,41.0,2078.7421875,884.1072762347758
2026-07-26T04:58:09.522500+00:00,11247.0,44.0,201.24,39.0,2078.9609375,884.4260633997619
2026-07-26T04:58:09.836056+00:00,11247.0,41.0,164.87,38.0,2078.9609375,884.7396192215383
2026-07-26T04:58:10.129482+00:00,11247.0,41.0,129.85,38.0,2078.9609375,885.033044103533
2026-07-26T04:58:10.442790+00:00,11247.0,41.0,108.4,38.0,2078.9609375,885.3463538214564
2026-07-26T04:58:10.780690+00:00,11247.0,42.0,108.1,38.0,2078.9609375,885.6842531189322
2026-07-26T04:58:11.094965+00:00,11247.0,41.0,107.95,38.0,2078.9609375,885.9985279664397
2026-07-26T04:58:11.431846+00:00,11247.0,41.0,108.32,38.0,2078.9609375,886.3354081958532
2026-07-26T04:58:11.742894+00:00,11247.0,42.0,108.63,38.0,2078.9609375,886.6464571505785
2026-07-26T04:58:12.037581+00:00,11247.0,42.0,108.94,38.0,2078.9609375,886.9411440640688
2026-07-26T04:58:12.328371+00:00,11247.0,42.0,109.39,38.0,2078.9609375,887.2319349758327
2026-07-26T04:58:12.664771+00:00,11247.0,42.0,109.82,38.0,2078.9609375,887.5683356225491
2026-07-26T04:58:12.954108+00:00,11247.0,43.0,109.76,38.0,2078.9609375,887.8576720766723
2026-07-26T04:58:13.265801+00:00,11247.0,43.0,109.96,38.0,2078.9609375,888.1693656183779
2026-07-26T04:58:13.581497+00:00,11247.0,43.0,110.18,38.0,2078.9609375,888.4850612655282
2026-07-26T04:58:13.872860+00:00,11247.0,43.0,110.87,38.0,2078.9609375,888.776423305273
2026-07-26T04:58:14.187082+00:00,11247.0,43.0,111.28,38.0,2078.9609375,889.0906459875405
2026-07-26T04:58:14.521575+00:00,11247.0,43.0,111.7,38.0,2078.9609375,889.4251385331154
2026-07-26T04:58:14.811134+00:00,11247.0,43.0,112.02,38.0,2078.9609375,889.7146984748542
2026-07-26T04:58:15.102744+00:00,11247.0,43.0,112.56,38.0,2078.9609375,890.0063079856336
2026-07-26T04:58:15.413746+00:00,11247.0,44.0,112.89,38.0,2078.9609375,890.3173094429076
2026-07-26T04:58:15.729526+00:00,11247.0,44.0,112.99,38.0,2078.9609375,890.6330894567072
2026-07-26T04:58:16.042966+00:00,11247.0,44.0,113.42,38.0,2078.9609375,890.9465291462839
2026-07-26T04:58:16.378337+00:00,11247.0,44.0,114.07,38.0,2078.9609375,891.2819007076323
2026-07-26T04:58:16.668831+00:00,11247.0,45.0,115.01,38.0,2078.9609375,891.5723945423961
2026-07-26T04:58:16.980471+00:00,11247.0,45.0,115.41,38.0,2078.9609375,891.8840354792774
2026-07-26T04:58:17.316528+00:00,11247.0,46.0,116.02,38.0,2078.9609375,892.2200924754143
2026-07-26T04:58:17.645036+00:00,11247.0,46.0,116.07,38.0,2078.9609375,892.5486005023122
2026-07-26T04:58:17.959178+00:00,11247.0,46.0,116.47,38.0,2078.9609375,892.862741112709
2026-07-26T04:58:18.289361+00:00,11247.0,46.0,117.06,38.0,2078.9609375,893.1929248124361
2026-07-26T04:58:18.605934+00:00,11247.0,38.0,122.66,39.0,2078.9609375,893.509497884661
2026-07-26T04:58:18.944995+00:00,11247.0,82.0,166.19,40.0,2078.9609375,893.8485601991415
2026-07-26T04:58:19.296600+00:00,11247.0,36.0,200.44,41.0,2079.30078125,894.2001648843288
2026-07-26T04:58:19.688703+00:00,11247.0,43.0,203.57,39.0,2079.30078125,894.5922660268843
2026-07-26T04:58:20.010587+00:00,11247.0,43.0,162.49,38.0,2079.30078125,894.9141500629485
2026-07-26T04:58:20.322231+00:00,11247.0,44.0,131.17,38.0,2079.30078125,895.2257948070765
2026-07-26T04:58:20.634576+00:00,11247.0,44.0,113.56,38.0,2079.30078125,895.5381400063634
2026-07-26T04:58:20.942203+00:00,11247.0,45.0,113.89,38.0,2079.30078125,895.8457664810121
2026-07-26T04:58:21.277735+00:00,11247.0,45.0,114.47,38.0,2079.30078125,896.1812981665134
2026-07-26T04:58:21.568766+00:00,11247.0,45.0,114.6,38.0,2079.30078125,896.4723287113011
2026-07-26T04:58:21.886164+00:00,11247.0,43.0,114.85,38.0,2079.30078125,896.7897276952863
2026-07-26T04:58:22.223310+00:00,11247.0,44.0,115.01,38.0,2079.30078125,897.1268739253283
2026-07-26T04:58:22.521431+00:00,11247.0,44.0,115.21,38.0,2079.30078125,897.4249946624041
2026-07-26T04:58:22.838570+00:00,11247.0,45.0,115.65,38.0,2079.30078125,897.7421330399811
2026-07-26T04:58:23.169813+00:00,11247.0,43.0,116.5,38.0,2079.30078125,898.0733764693141
2026-07-26T04:58:23.501162+00:00,11247.0,45.0,117.05,38.0,2079.30078125,898.404724240303
2026-07-26T04:58:23.838613+00:00,11247.0,46.0,117.33,38.0,2079.30078125,898.7421761825681
2026-07-26T04:58:24.155721+00:00,11247.0,45.0,117.62,38.0,2079.30078125,899.059276919812
2026-07-26T04:58:24.493027+00:00,11247.0,46.0,117.64,38.0,2079.30078125,899.3965881504118
2026-07-26T04:58:24.812200+00:00,11247.0,46.0,118.11,38.0,2079.30078125,899.7157629355788
2026-07-26T04:58:25.110746+00:00,11247.0,46.0,118.96,38.0,2079.30078125,900.0143090486526
2026-07-26T04:58:25.452686+00:00,11247.0,46.0,119.47,38.0,2079.30078125,900.3562484793365
2026-07-26T04:58:25.771472+00:00,11247.0,45.0,119.7,38.0,2079.30078125,900.6750359274447
2026-07-26T04:58:26.088308+00:00,11247.0,47.0,119.98,38.0,2079.30078125,900.9918705783784
2026-07-26T04:58:26.401628+00:00,11247.0,44.0,120.54,38.0,2079.30078125,901.3051917366683
2026-07-26T04:58:26.715308+00:00,11247.0,47.0,121.31,38.0,2079.30078125,901.6188697703183
2026-07-26T04:58:27.030249+00:00,11247.0,47.0,121.99,38.0,2079.30078125,901.9338134042919
2026-07-26T04:58:27.321302+00:00,11247.0,48.0,122.15,38.0,2079.30078125,902.2248652130365
2026-07-26T04:58:27.634013+00:00,11247.0,48.0,122.88,38.0,2079.30078125,902.537576161325
2026-07-26T04:58:27.944002+00:00,11247.0,48.0,123.64,38.0,2079.30078125,902.8475657589734
2026-07-26T04:58:28.255982+00:00,11247.0,48.0,124.18,38.0,2079.30078125,903.1595451198518
2026-07-26T04:58:28.574414+00:00,11247.0,47.0,124.22,38.0,2079.30078125,903.4779767803848
2026-07-26T04:58:28.915386+00:00,11247.0,89.0,141.55,41.0,2079.66015625,903.8189493753016
2026-07-26T04:58:29.213670+00:00,11247.0,91.0,187.76,42.0,2079.66015625,904.1172341890633
2026-07-26T04:58:29.537962+00:00,11247.0,99.0,230.87,42.0,2079.66015625,904.4415264613926
2026-07-26T04:58:29.905074+00:00,11247.0,40.0,218.03,39.0,2080.390625,904.808636687696
2026-07-26T04:58:30.218837+00:00,11247.0,41.0,165.79,39.0,2080.390625,905.1223993450403
2026-07-26T04:58:30.512979+00:00,11247.0,41.0,116.92,38.0,2080.390625,905.4165425933897
2026-07-26T04:58:30.810818+00:00,11247.0,41.0,107.82,38.0,2080.390625,905.7143816500902
2026-07-26T04:58:31.150612+00:00,11247.0,41.0,108.41,38.0,2080.390625,906.0541743598878
2026-07-26T04:58:31.487308+00:00,11247.0,42.0,108.38,38.0,2080.390625,906.3908711522818
2026-07-26T04:58:31.803758+00:00,11247.0,43.0,108.31,38.0,2080.390625,906.7073218934238
2026-07-26T04:58:32.126004+00:00,11247.0,42.0,108.35,38.0,2080.390625,907.0295667722821
2026-07-26T04:58:32.420273+00:00,11247.0,42.0,108.58,38.0,2080.390625,907.3238361589611
2026-07-26T04:58:32.759602+00:00,11247.0,42.0,109.05,38.0,2080.390625,907.663165088743
2026-07-26T04:58:33.075945+00:00,11247.0,43.0,109.44,38.0,2080.390625,907.9795082286
2026-07-26T04:58:33.394038+00:00,11247.0,42.0,109.64,38.0,2080.390625,908.2976013608277
2026-07-26T04:58:33.686102+00:00,11247.0,43.0,109.85,38.0,2080.390625,908.5896660462022
2026-07-26T04:58:33.994756+00:00,11247.0,42.0,110.25,38.0,2080.390625,908.8983193673193
2026-07-26T04:58:34.306284+00:00,11247.0,42.0,110.76,38.0,2080.390625,909.2098479904234
2026-07-26T04:58:34.641038+00:00,11247.0,42.0,111.22,38.0,2080.390625,909.5446027927101
2026-07-26T04:58:34.990486+00:00,11247.0,43.0,111.35,38.0,2080.390625,909.8940495923162
2026-07-26T04:58:35.303207+00:00,11247.0,43.0,111.57,38.0,2080.390625,910.2067707367241
2026-07-26T04:58:35.641301+00:00,11247.0,44.0,111.64,38.0,2080.390625,910.5448643825948
2026-07-26T04:58:35.955128+00:00,11247.0,44.0,112.1,38.0,2080.390625,910.8586917929351
2026-07-26T04:58:36.271422+00:00,11247.0,45.0,112.65,38.0,2080.390625,911.174985487014
2026-07-26T04:58:36.589122+00:00,11247.0,44.0,113.28,38.0,2080.390625,911.492684867233
2026-07-26T04:58:36.882684+00:00,11247.0,44.0,113.9,38.0,2080.390625,911.7862476073205
2026-07-26T04:58:37.192359+00:00,11247.0,42.0,113.71,38.0,2080.390625,912.095922678709
2026-07-26T04:58:37.504311+00:00,11247.0,67.0,129.42,40.0,2080.3984375,912.4078747443855
2026-07-26T04:58:37.841523+00:00,11247.0,75.0,162.37,40.0,2080.3984375,912.7450869604945
2026-07-26T04:58:38.181474+00:00,11247.0,21.0,183.91,39.0,2080.91015625,913.0850378014147
2026-07-26T04:58:38.502183+00:00,11247.0,40.0,180.1,39.0,2080.91015625,913.4057456552982
2026-07-26T04:58:38.815999+00:00,11247.0,42.0,146.81,38.0,2080.91015625,913.7195626311004
2026-07-26T04:58:39.159341+00:00,11247.0,40.0,125.65,38.0,2080.91015625,914.0629026442766
2026-07-26T04:58:39.481964+00:00,11247.0,43.0,110.05,38.0,2080.91015625,914.3855268508196
2026-07-26T04:58:39.818326+00:00,11247.0,41.0,110.49,38.0,2080.91015625,914.7218881361187
2026-07-26T04:58:40.178562+00:00,11247.0,43.0,111.31,38.0,2080.91015625,915.0821246244013
2026-07-26T04:58:40.497941+00:00,11247.0,43.0,111.48,38.0,2080.91015625,915.401504278183
2026-07-26T04:58:40.812650+00:00,11247.0,42.0,111.64,38.0,2080.91015625,915.7162125743926
2026-07-26T04:58:41.151750+00:00,11247.0,44.0,111.86,38.0,2080.91015625,916.055312294513
2026-07-26T04:58:41.465844+00:00,11247.0,44.0,112.31,38.0,2080.91015625,916.3694071173668
2026-07-26T04:58:41.783766+00:00,11247.0,43.0,113.31,38.0,2080.91015625,916.6873297467828
2026-07-26T04:58:42.074290+00:00,11247.0,44.0,113.64,38.0,2080.91015625,916.9778534397483
2026-07-26T04:58:42.364194+00:00,11247.0,44.0,114.23,38.0,2080.91015625,917.2677589505911
2026-07-26T04:58:42.677102+00:00,11247.0,44.0,114.72,38.0,2080.91015625,917.5806659609079
2026-07-26T04:58:42.966549+00:00,11247.0,45.0,115.64,38.0,2080.91015625,917.8701125271618
2026-07-26T04:58:43.301286+00:00,11247.0,45.0,116.15,38.0,2080.91015625,918.2048499248922
2026-07-26T04:58:43.616150+00:00,11247.0,46.0,116.65,38.0,2080.91015625,918.5197137370706
2026-07-26T04:58:43.930887+00:00,11247.0,46.0,116.88,38.0,2080.91015625,918.8344505913556
2026-07-26T04:58:44.221406+00:00,11247.0,46.0,117.21,38.0,2080.91015625,919.1249701343477
2026-07-26T04:58:44.533888+00:00,11247.0,46.0,117.74,38.0,2080.91015625,919.437452416867
2026-07-26T04:58:44.896406+00:00,11247.0,64.0,128.92,40.0,2080.98046875,919.7999696619809
2026-07-26T04:58:45.192124+00:00,11247.0,68.0,164.72,41.0,2080.98046875,920.0956872887909
2026-07-26T04:58:45.522212+00:00,11247.0,60.0,193.24,40.0,2081.171875,920.4257767349482
2026-07-26T04:58:45.880256+00:00,11247.0,41.0,195.19,39.0,2081.26953125,920.7838191352785
2026-07-26T04:58:46.195658+00:00,11247.0,41.0,154.95,38.0,2081.26953125,921.0992216020823
2026-07-26T04:58:46.510783+00:00,11247.0,42.0,119.26,38.0,2081.28125,921.414334308356
2026-07-26T04:58:46.821983+00:00,11247.0,42.0,108.66,38.0,2081.28125,921.7255465239286
2026-07-26T04:58:47.112769+00:00,11247.0,42.0,108.96,38.0,2081.28125,922.0163330473006
2026-07-26T04:58:47.450580+00:00,11247.0,42.0,109.29,38.0,2081.28125,922.3541430011392
2026-07-26T04:58:47.809093+00:00,11247.0,42.0,109.79,38.0,2081.28125,922.7126552723348
2026-07-26T04:58:48.125916+00:00,11247.0,42.0,109.81,38.0,2081.28125,923.0294794030488
2026-07-26T04:58:48.417170+00:00,11247.0,42.0,110.05,38.0,2081.28125,923.3207343704998
2026-07-26T04:58:48.729744+00:00,11247.0,42.0,110.5,38.0,2081.28125,923.6333088204265
2026-07-26T04:58:49.024496+00:00,11247.0,41.0,111.08,38.0,2081.28125,923.9280595295131
2026-07-26T04:58:49.338784+00:00,11247.0,42.0,111.08,38.0,2081.28125,924.2423479706049
2026-07-26T04:58:49.629805+00:00,11247.0,42.0,111.19,38.0,2081.28125,924.5333697423339
2026-07-26T04:58:49.964402+00:00,11247.0,43.0,111.79,38.0,2081.28125,924.8679664582014
2026-07-26T04:58:50.297122+00:00,11247.0,43.0,112.39,38.0,2081.28125,925.2006859518588
2026-07-26T04:58:50.610649+00:00,11247.0,43.0,113.15,38.0,2081.28125,925.5142121985555
2026-07-26T04:58:50.907610+00:00,11247.0,43.0,113.17,38.0,2081.28125,925.8111728131771
2026-07-26T04:58:51.219681+00:00,11247.0,44.0,113.36,38.0,2081.28125,926.1232437565923
2026-07-26T04:58:51.558467+00:00,11247.0,44.0,114.13,38.0,2081.28125,926.4620305113494
2026-07-26T04:58:51.872727+00:00,11247.0,45.0,114.95,38.0,2081.28125,926.7762909084558
2026-07-26T04:58:52.234701+00:00,11247.0,45.0,115.7,38.0,2081.28125,927.1382636390626
2026-07-26T04:58:52.547643+00:00,11247.0,45.0,116.04,38.0,2081.28125,927.4512057229877
2026-07-26T04:58:52.839326+00:00,11247.0,45.0,116.21,38.0,2081.28125,927.742890112102
2026-07-26T04:58:53.136338+00:00,11247.0,45.0,116.52,38.0,2081.28125,928.0399014726281
2026-07-26T04:58:53.453919+00:00,11247.0,45.0,116.68,38.0,2081.28125,928.3574806712568
2026-07-26T04:58:53.810523+00:00,11247.0,46.0,116.97,38.0,2081.28125,928.7140863202512
2026-07-26T04:58:54.128877+00:00,11247.0,44.0,116.91,38.0,2081.28125,929.03244003281
2026-07-26T04:58:54.467629+00:00,11247.0,45.0,117.35,38.0,2081.28125,929.3711917288601
2026-07-26T04:58:54.811656+00:00,11247.0,44.0,117.66,38.0,2081.28125,929.7152135521173
2026-07-26T04:58:55.175983+00:00,11247.0,81.0,143.29,40.0,2081.28125,930.0795449204743
2026-07-26T04:58:55.493677+00:00,11247.0,86.0,188.19,41.0,2081.28125,930.3972393013537
2026-07-26T04:58:55.834412+00:00,11247.0,1.0,215.97,39.0,2081.6328125,930.7379740849137
2026-07-26T04:58:56.148329+00:00,11247.0,40.0,200.29,39.0,2081.6328125,931.0518911480904
2026-07-26T04:58:56.508940+00:00,11247.0,40.0,146.98,38.0,2081.6328125,931.4125032648444
2026-07-26T04:58:56.824204+00:00,11247.0,41.0,122.5,38.0,2081.6328125,931.727767445147
2026-07-26T04:58:57.186217+00:00,11247.0,42.0,109.43,38.0,2081.6328125,932.0897800885141
2026-07-26T04:58:57.499665+00:00,11247.0,42.0,109.32,38.0,2081.6328125,932.403227519244
2026-07-26T04:58:57.793376+00:00,11247.0,42.0,109.77,38.0,2081.6328125,932.6969404891133
2026-07-26T04:58:58.083768+00:00,11247.0,43.0,110.45,38.0,2081.6328125,932.9873331747949
2026-07-26T04:58:58.398296+00:00,11247.0,42.0,110.71,38.0,2081.6328125,933.3018605746329
2026-07-26T04:58:58.712983+00:00,11247.0,43.0,111.08,38.0,2081.6328125,933.6165467947721
2026-07-26T04:58:59.031463+00:00,11247.0,43.0,111.57,38.0,2081.6328125,933.9350272454321
2026-07-26T04:58:59.346521+00:00,11247.0,44.0,112.01,38.0,2081.6328125,934.2500850111246
2026-07-26T04:58:59.657796+00:00,11247.0,43.0,112.37,38.0,2081.6328125,934.5613604709506
2026-07-26T04:58:59.947894+00:00,11247.0,43.0,112.7,38.0,2081.6328125,934.8514588214457
2026-07-26T04:59:00.262400+00:00,11247.0,43.0,113.0,38.0,2081.6328125,935.1659628003836
2026-07-26T04:59:00.573230+00:00,11247.0,44.0,113.27,38.0,2081.6328125,935.4767939522862
2026-07-26T04:59:00.887961+00:00,11247.0,44.0,113.43,38.0,2081.6328125,935.7915241792798
2026-07-26T04:59:01.220027+00:00,11247.0,44.0,113.89,38.0,2081.6328125,936.1235898286104
2026-07-26T04:59:01.515256+00:00,11247.0,45.0,114.49,38.0,2081.6328125,936.418819360435
2026-07-26T04:59:01.831680+00:00,11247.0,45.0,114.96,38.0,2081.6328125,936.7352428026497
2026-07-26T04:59:02.194305+00:00,11247.0,45.0,115.38,38.0,2081.6328125,937.0978676117957
2026-07-26T04:59:02.509482+00:00,11247.0,45.0,115.88,38.0,2081.6328125,937.4130448065698
2026-07-26T04:59:02.807237+00:00,11247.0,45.0,116.12,38.0,2081.6328125,937.7107999958098
2026-07-26T04:59:03.123973+00:00,11247.0,46.0,116.66,38.0,2081.6328125,938.0275366529822
2026-07-26T04:59:03.437337+00:00,11247.0,45.0,116.75,38.0,2081.6328125,938.3409000188112
2026-07-26T04:59:03.753702+00:00,11247.0,46.0,117.64,38.0,2081.6328125,938.657265599817
2026-07-26T04:59:04.070092+00:00,11247.0,45.0,118.24,38.0,2081.6328125,938.9736545309424
2026-07-26T04:59:04.406211+00:00,11247.0,47.0,119.24,38.0,2081.6328125,939.3097750805318
2026-07-26T04:59:04.701928+00:00,11247.0,47.0,119.58,38.0,2081.6328125,939.6054913811386
2026-07-26T04:59:05.020223+00:00,11247.0,47.0,119.61,38.0,2081.6328125,939.9237865172327
2026-07-26T04:59:05.337068+00:00,11247.0,83.0,141.44,40.0,2081.7734375,940.2406307682395
2026-07-26T04:59:05.653846+00:00,11247.0,86.0,186.07,41.0,2081.7734375,940.5574098490179
2026-07-26T04:59:05.998528+00:00,11247.0,10.0,210.67,41.0,2082.0703125,940.9020907580853
2026-07-26T04:59:06.301005+00:00,11247.0,40.0,194.51,39.0,2082.0703125,941.2045689187944
2026-07-26T04:59:06.637412+00:00,11247.0,40.0,145.82,38.0,2082.0703125,941.5409763753414
2026-07-26T04:59:06.928401+00:00,11247.0,41.0,115.14,38.0,2082.0703125,941.8319646082819
2026-07-26T04:59:07.283650+00:00,11247.0,40.0,107.46,38.0,2082.0703125,942.1872138679028
2026-07-26T04:59:07.576898+00:00,11247.0,40.0,107.72,38.0,2082.0703125,942.4804610349238
2026-07-26T04:59:07.895431+00:00,11247.0,41.0,107.99,38.0,2082.0703125,942.7989947274327
2026-07-26T04:59:08.233151+00:00,11247.0,41.0,108.35,38.0,2082.0703125,943.1367144547403
2026-07-26T04:59:08.546251+00:00,11247.0,41.0,108.53,38.0,2082.0703125,943.4498155303299
2026-07-26T04:59:08.836703+00:00,11247.0,42.0,108.51,38.0,2082.0703125,943.7402661703527
2026-07-26T04:59:09.150564+00:00,11247.0,42.0,108.58,38.0,2082.0703125,944.0541281625628
2026-07-26T04:59:09.465456+00:00,11247.0,41.0,108.66,38.0,2082.0703125,944.3690181188285
2026-07-26T04:59:09.798413+00:00,11247.0,42.0,108.96,38.0,2082.0703125,944.701975621283
2026-07-26T04:59:10.106549+00:00,11247.0,41.0,108.99,38.0,2082.0703125,945.0101118050516
2026-07-26T04:59:10.426041+00:00,11247.0,40.0,109.13,38.0,2082.0703125,945.3296038843691
2026-07-26T04:59:10.793521+00:00,11247.0,41.0,109.59,38.0,2082.0703125,945.697084043175
2026-07-26T04:59:11.087942+00:00,11247.0,42.0,110.41,38.0,2082.0703125,945.9915054142475
2026-07-26T04:59:11.410418+00:00,11247.0,41.0,110.75,38.0,2082.0703125,946.3139808513224
2026-07-26T04:59:11.730707+00:00,11247.0,41.0,110.81,38.0,2082.0703125,946.6342699192464
2026-07-26T04:59:12.033678+00:00,11247.0,41.0,110.99,38.0,2082.0703125,946.9372406080365
2026-07-26T04:59:12.348929+00:00,11247.0,43.0,111.03,38.0,2082.0703125,947.2524929232895
2026-07-26T04:59:12.664128+00:00,11247.0,43.0,111.66,38.0,2082.0703125,947.567690551281
2026-07-26T04:59:12.983889+00:00,11247.0,43.0,111.84,38.0,2082.0703125,947.8874521553516
2026-07-26T04:59:13.324316+00:00,11247.0,42.0,112.11,38.0,2082.0703125,948.2278786636889
2026-07-26T04:59:13.692837+00:00,11247.0,42.0,112.78,38.0,2082.0703125,948.5963994525373
2026-07-26T04:59:14.012280+00:00,11247.0,43.0,113.32,38.0,2082.0703125,948.9158423393965
2026-07-26T04:59:14.351741+00:00,11247.0,44.0,114.11,38.0,2082.0703125,949.2553041540086
2026-07-26T04:59:14.672501+00:00,11247.0,43.0,114.57,38.0,2082.0703125,949.5760642811656
2026-07-26T04:59:15.040881+00:00,11247.0,45.0,114.79,38.0,2082.0703125,949.9444444179535
2026-07-26T04:59:15.405016+00:00,11247.0,32.0,116.95,38.0,2082.0703125,950.3085793368518
2026-07-26T04:59:15.724745+00:00,11247.0,84.0,155.29,40.0,2082.0703125,950.6283080540597
2026-07-26T04:59:16.068219+00:00,11247.0,72.0,197.25,41.0,2082.0703125,950.971781630069
2026-07-26T04:59:16.386207+00:00,11247.0,39.0,201.6,39.0,2086.48046875,951.289771322161
2026-07-26T04:59:16.708182+00:00,11247.0,40.0,163.37,38.0,2086.48046875,951.6117449775338
2026-07-26T04:59:17.046365+00:00,11247.0,41.0,118.31,38.0,2086.48046875,951.9499279595912
2026-07-26T04:59:17.388485+00:00,11247.0,42.0,107.27,38.0,2086.48046875,952.2920485585928
2026-07-26T04:59:17.706425+00:00,11247.0,39.0,107.6,38.0,2086.48046875,952.6099873222411
2026-07-26T04:59:18.047597+00:00,11247.0,39.0,107.56,38.0,2086.48046875,952.9511611238122
2026-07-26T04:59:18.387928+00:00,11247.0,41.0,107.85,38.0,2086.48046875,953.2914904467762
2026-07-26T04:59:18.705420+00:00,11247.0,40.0,108.07,38.0,2086.48046875,953.6089829094708
2026-07-26T04:59:19.020361+00:00,11247.0,43.0,108.73,38.0,2086.48046875,953.9239237494767
2026-07-26T04:59:19.334072+00:00,11247.0,42.0,108.92,38.0,2086.48046875,954.2376354448497
2026-07-26T04:59:19.672459+00:00,11247.0,42.0,109.52,38.0,2086.48046875,954.5760217644274
2026-07-26T04:59:19.987723+00:00,11247.0,41.0,109.94,38.0,2086.48046875,954.891286175698
2026-07-26T04:59:20.306032+00:00,11247.0,41.0,110.41,38.0,2086.48046875,955.209595054388
2026-07-26T04:59:20.626816+00:00,11247.0,40.0,110.11,38.0,2086.48046875,955.5303796567023
2026-07-26T04:59:20.966882+00:00,11247.0,42.0,110.34,38.0,2086.48046875,955.8704445883632
2026-07-26T04:59:21.306006+00:00,11247.0,44.0,110.51,38.0,2086.48046875,956.2095689848065
2026-07-26T04:59:21.648337+00:00,11247.0,41.0,111.55,38.0,2086.48046875,956.5519000142813
2026-07-26T04:59:21.966051+00:00,11247.0,44.0,111.79,38.0,2086.48046875,956.8696147277951
2026-07-26T04:59:22.288098+00:00,11247.0,43.0,111.9,38.0,2086.48046875,957.1916608214378
2026-07-26T04:59:22.606224+00:00,11247.0,43.0,112.28,38.0,2086.48046875,957.5097874291241
2026-07-26T04:59:22.942247+00:00,11247.0,42.0,112.32,38.0,2086.48046875,957.8458107747138
2026-07-26T04:59:23.303838+00:00,11247.0,42.0,113.51,38.0,2086.48046875,958.207400791347
2026-07-26T04:59:23.622124+00:00,11247.0,45.0,114.03,38.0,2086.48046875,958.5256874486804
2026-07-26T04:59:23.940385+00:00,11247.0,44.0,114.32,38.0,2086.48046875,958.843948263675
2026-07-26T04:59:24.253982+00:00,11247.0,45.0,114.81,38.0,2086.48046875,959.1575450636446
2026-07-26T04:59:24.574830+00:00,11247.0,34.0,114.88,38.0,2086.48046875,959.4783927053213
2026-07-26T04:59:24.915235+00:00,11247.0,45.0,115.17,38.0,2086.48046875,959.8187970854342
2026-07-26T04:59:25.232484+00:00,11247.0,45.0,115.4,38.0,2086.48046875,960.1360471695662
2026-07-26T04:59:25.550413+00:00,11247.0,44.0,116.73,38.0,2086.48046875,960.4539760798216
2026-07-26T04:59:25.891305+00:00,11247.0,76.0,130.09,40.0,2086.48046875,960.7948686182499
2026-07-26T04:59:26.256470+00:00,11247.0,67.0,175.1,41.0,2086.48046875,961.1600332185626
2026-07-26T04:59:26.631224+00:00,11247.0,1.0,203.13,39.0,2086.625,961.5347877256572
2026-07-26T04:59:26.952163+00:00,11247.0,42.0,192.01,39.0,2086.625,961.8557262942195
2026-07-26T04:59:27.291672+00:00,11247.0,41.0,146.38,38.0,2086.625,962.1952339448035
2026-07-26T04:59:27.614257+00:00,11247.0,41.0,121.28,38.0,2086.625,962.5178197026253
2026-07-26T04:59:27.932143+00:00,11247.0,42.0,108.25,38.0,2086.625,962.8357054069638
2026-07-26T04:59:28.257114+00:00,11247.0,40.0,108.18,38.0,2086.625,963.1606766730547
2026-07-26T04:59:28.574497+00:00,11247.0,42.0,108.91,38.0,2086.625,963.4780598916113
2026-07-26T04:59:28.937776+00:00,11247.0,41.0,109.5,38.0,2086.625,963.8413381315768
2026-07-26T04:59:29.256811+00:00,11247.0,41.0,109.84,38.0,2086.625,964.1603735871613
2026-07-26T04:59:29.582386+00:00,11247.0,43.0,109.99,38.0,2086.625,964.4859483353794
2026-07-26T04:59:29.925732+00:00,11247.0,41.0,110.33,38.0,2086.625,964.8292945101857
2026-07-26T04:59:30.285897+00:00,11247.0,41.0,110.82,38.0,2086.625,965.1894603148103
2026-07-26T04:59:30.629187+00:00,11247.0,42.0,111.51,38.0,2086.625,965.5327500551939
2026-07-26T04:59:30.941221+00:00,11247.0,42.0,111.46,38.0,2086.625,965.844783719629
2026-07-26T04:59:31.256733+00:00,11247.0,43.0,111.69,38.0,2086.625,966.1602956652641
2026-07-26T04:59:31.596353+00:00,11247.0,43.0,112.22,38.0,2086.625,966.4999166838825
2026-07-26T04:59:31.957111+00:00,11247.0,44.0,112.45,38.0,2086.625,966.8606734238565
2026-07-26T04:59:32.254671+00:00,11247.0,44.0,113.06,38.0,2086.625,967.1582346968353
2026-07-26T04:59:32.575837+00:00,11247.0,44.0,113.42,38.0,2086.625,967.4794004783034
2026-07-26T04:59:32.893086+00:00,11247.0,44.0,113.89,38.0,2086.625,967.7966499850154
2026-07-26T04:59:33.212812+00:00,11247.0,43.0,114.93,38.0,2086.625,968.1163755208254
2026-07-26T04:59:33.526514+00:00,11247.0,45.0,115.24,38.0,2086.625,968.4300768859684
2026-07-26T04:59:33.866664+00:00,11247.0,33.0,114.63,38.0,2086.625,968.770227253437
2026-07-26T04:59:34.184083+00:00,11247.0,44.0,114.58,38.0,2086.625,969.0876461192966
2026-07-26T04:59:34.502214+00:00,11247.0,45.0,114.72,38.0,2086.625,969.4057771340013
2026-07-26T04:59:34.842111+00:00,11247.0,46.0,116.35,38.0,2086.625,969.7456739023328
2026-07-26T04:59:35.134604+00:00,11247.0,46.0,116.58,38.0,2086.625,970.038167398423
2026-07-26T04:59:35.478224+00:00,11247.0,44.0,117.43,38.0,2086.625,970.3817878440022
2026-07-26T04:59:35.842759+00:00,11247.0,46.0,117.98,38.0,2086.625,970.7463220395148
2026-07-26T04:59:36.172587+00:00,11247.0,33.0,117.26,38.0,2086.63671875,971.076150521636
2026-07-26T04:59:36.491761+00:00,11247.0,89.0,160.25,41.0,2086.63671875,971.3953233882785
2026-07-26T04:59:36.792678+00:00,11247.0,91.0,201.94,42.0,2086.63671875,971.6962408013642
2026-07-26T04:59:37.108431+00:00,11247.0,65.0,218.67,39.0,2087.94921875,972.011993970722
2026-07-26T04:59:37.468684+00:00,11247.0,39.0,174.79,38.0,2087.94921875,972.3722462914884
2026-07-26T04:59:37.818267+00:00,11247.0,41.0,123.63,38.0,2087.94921875,972.7218295820057
2026-07-26T04:59:38.136331+00:00,11247.0,40.0,107.14,38.0,2087.94921875,973.0398941263556
2026-07-26T04:59:38.453600+00:00,11247.0,41.0,107.0,38.0,2087.94921875,973.3571625053883
2026-07-26T04:59:38.770158+00:00,11247.0,42.0,106.9,38.0,2087.94921875,973.6737216636539
2026-07-26T04:59:39.088072+00:00,11247.0,41.0,107.26,38.0,2087.94921875,973.9916350767016
2026-07-26T04:59:39.448484+00:00,11247.0,43.0,107.85,38.0,2087.94921875,974.3520474620163
2026-07-26T04:59:39.766497+00:00,11247.0,43.0,108.93,38.0,2087.94921875,974.6700599603355
2026-07-26T04:59:40.075601+00:00,11247.0,41.0,109.05,38.0,2087.94921875,974.9791637510061
2026-07-26T04:59:40.393883+00:00,11247.0,41.0,109.0,38.0,2087.94921875,975.2974459454417
2026-07-26T04:59:40.735451+00:00,11247.0,42.0,109.22,38.0,2087.94921875,975.639014147222
2026-07-26T04:59:41.057490+00:00,11247.0,42.0,109.47,38.0,2087.94921875,975.9610529094934
2026-07-26T04:59:41.373739+00:00,11247.0,41.0,110.07,38.0,2087.94921875,976.2773018106818
2026-07-26T04:59:41.714827+00:00,11247.0,42.0,110.54,38.0,2087.94921875,976.6183898933232
2026-07-26T04:59:42.039192+00:00,11247.0,41.0,110.94,38.0,2087.94921875,976.9427551701665
2026-07-26T04:59:42.357569+00:00,11247.0,43.0,110.97,38.0,2087.94921875,977.2611326500773
2026-07-26T04:59:42.694974+00:00,11247.0,43.0,111.1,38.0,2087.94921875,977.5985377244651
2026-07-26T04:59:43.036197+00:00,11247.0,43.0,111.34,38.0,2087.94921875,977.9397611282766
2026-07-26T04:59:43.353612+00:00,11247.0,42.0,111.81,38.0,2087.94921875,978.2571757547557
2026-07-26T04:59:43.670322+00:00,11247.0,44.0,112.43,38.0,2087.94921875,978.573884665966
2026-07-26T04:59:44.007895+00:00,11247.0,42.0,113.35,38.0,2087.94921875,978.9114589169621
2026-07-26T04:59:44.325605+00:00,11247.0,44.0,114.09,38.0,2087.94921875,979.2291679792106
2026-07-26T04:59:44.641644+00:00,11247.0,43.0,114.43,38.0,2087.94921875,979.5452076047659
2026-07-26T04:59:44.960044+00:00,11247.0,45.0,114.48,38.0,2087.94921875,979.863607481122
2026-07-26T04:59:45.276806+00:00,11247.0,45.0,114.39,38.0,2087.94921875,980.1803689673543
2026-07-26T04:59:45.597991+00:00,11247.0,44.0,115.03,38.0,2087.94921875,980.5015527755022
2026-07-26T04:59:45.918831+00:00,11247.0,44.0,115.45,38.0,2087.94921875,980.8223946727812
2026-07-26T04:59:46.239459+00:00,11247.0,46.0,116.01,38.0,2087.94921875,981.1430216021836
2026-07-26T04:59:46.594882+00:00,11247.0,0.0,111.45,38.0,2087.953125,981.4984450824559
2026-07-26T04:59:46.957859+00:00,11247.0,76.0,151.88,41.0,2087.953125,981.8614222928882
2026-07-26T04:59:47.300050+00:00,11247.0,83.0,196.48,41.0,2087.953125,982.2036134153605
2026-07-26T04:59:47.640585+00:00,11247.0,60.0,207.93,39.0,2088.13671875,982.5441482625902
2026-07-26T04:59:48.002979+00:00,11247.0,40.0,161.97,38.0,2088.13671875,982.9065423123538
2026-07-26T04:59:48.321782+00:00,11247.0,40.0,118.15,38.0,2088.13671875,983.2253453694284
2026-07-26T04:59:48.642255+00:00,11247.0,42.0,108.09,38.0,2088.13671875,983.545817848295
2026-07-26T04:59:48.960037+00:00,11247.0,41.0,108.49,38.0,2088.13671875,983.8636000677943
2026-07-26T04:59:49.324865+00:00,11247.0,41.0,108.72,38.0,2088.13671875,984.2284277714789
2026-07-26T04:59:49.660994+00:00,11247.0,41.0,108.91,38.0,2088.13671875,984.5645572096109
2026-07-26T04:59:49.999432+00:00,11247.0,41.0,109.39,38.0,2088.13671875,984.9029938168824
2026-07-26T04:59:50.336437+00:00,11247.0,43.0,109.2,38.0,2088.13671875,985.2400006465614
2026-07-26T04:59:50.677354+00:00,11247.0,43.0,109.61,38.0,2088.13671875,985.5809179283679
2026-07-26T04:59:51.021195+00:00,11247.0,43.0,110.02,38.0,2088.13671875,985.9247580729425
2026-07-26T04:59:51.337026+00:00,11247.0,43.0,110.42,38.0,2088.13671875,986.2405889853835
2026-07-26T04:59:51.657816+00:00,11247.0,44.0,110.79,38.0,2088.13671875,986.5613793469965
2026-07-26T04:59:51.993796+00:00,11247.0,43.0,111.56,38.0,2088.13671875,986.8973590955138
2026-07-26T04:59:52.329317+00:00,11247.0,43.0,112.33,38.0,2088.13671875,987.2328810095787
2026-07-26T04:59:52.642546+00:00,11247.0,0.0,107.23,38.0,2088.13671875,987.5461090169847
2026-07-26T04:59:52.955328+00:00,11247.0,44.0,107.44,38.0,2088.13671875,987.8588904105127
2026-07-26T04:59:53.270218+00:00,11247.0,45.0,107.7,38.0,2088.13671875,988.1737813837826
2026-07-26T04:59:53.560926+00:00,11247.0,45.0,112.21,38.0,2088.13671875,988.4644903726876
2026-07-26T04:59:53.870144+00:00,11247.0,45.0,114.28,38.0,2088.13671875,988.7737084701657
2026-07-26T04:59:54.182727+00:00,11247.0,45.0,114.8,38.0,2088.13671875,989.0862910114229
2026-07-26T04:59:54.494506+00:00,11247.0,45.0,115.21,38.0,2088.13671875,989.3980699516833
2026-07-26T04:59:54.788862+00:00,11247.0,45.0,115.95,38.0,2088.13671875,989.6924258470535
2026-07-26T04:59:55.125268+00:00,11247.0,46.0,116.68,38.0,2088.13671875,990.0288309492171
2026-07-26T04:59:55.481040+00:00,11247.0,46.0,117.21,38.0,2088.13671875,990.3846038468182
2026-07-26T04:59:55.794575+00:00,11247.0,46.0,117.34,38.0,2088.13671875,990.6981388926506
2026-07-26T04:59:56.107808+00:00,11247.0,46.0,117.82,38.0,2088.13671875,991.0113712847233
2026-07-26T04:59:56.444908+00:00,11247.0,48.0,118.32,38.0,2088.13671875,991.348472058773
2026-07-26T04:59:56.785914+00:00,11247.0,47.0,119.0,38.0,2088.13671875,991.6894772350788
2026-07-26T04:59:57.105225+00:00,11247.0,92.0,139.84,40.0,2088.13671875,992.0087879560888
2026-07-26T04:59:57.416925+00:00,11247.0,84.0,181.53,41.0,2088.13671875,992.32048869133
2026-07-26T04:59:57.744588+00:00,11247.0,48.0,208.46,39.0,2088.28515625,992.6481520049274
2026-07-26T04:59:58.067365+00:00,11247.0,41.0,202.88,39.0,2088.28515625,992.9709277935326
2026-07-26T04:59:58.382713+00:00,11247.0,41.0,157.46,38.0,2088.28515625,993.2862768210471
2026-07-26T04:59:58.694857+00:00,11247.0,41.0,118.18,38.0,2088.28515625,993.5984202474356
2026-07-26T04:59:59.054681+00:00,11247.0,42.0,108.35,38.0,2088.28515625,993.9582436271012
2026-07-26T04:59:59.370914+00:00,11247.0,41.0,108.75,38.0,2088.28515625,994.2744753919542
2026-07-26T04:59:59.689778+00:00,11247.0,43.0,108.75,38.0,2088.28515625,994.5933426842093
2026-07-26T05:00:00.002204+00:00,11247.0,42.0,108.84,38.0,2088.28515625,994.9057669192553
2026-07-26T05:00:00.317476+00:00,11247.0,42.0,108.84,38.0,2088.28515625,995.2210381887853
2026-07-26T05:00:00.648679+00:00,11247.0,44.0,109.54,38.0,2088.28515625,995.5522428900003
2026-07-26T05:00:00.940447+00:00,11247.0,43.0,109.83,38.0,2088.28515625,995.844010323286
2026-07-26T05:00:01.256280+00:00,11247.0,42.0,109.77,38.0,2088.28515625,996.1598430797458
2026-07-26T05:00:01.570582+00:00,11247.0,43.0,110.08,38.0,2088.28515625,996.47414521873
2026-07-26T05:00:01.909654+00:00,11247.0,43.0,110.51,38.0,2088.28515625,996.8132161647081
2026-07-26T05:00:02.203403+00:00,11247.0,43.0,111.25,38.0,2088.28515625,997.1069656796753
2026-07-26T05:00:02.521905+00:00,11247.0,44.0,111.65,38.0,2088.28515625,997.4254682250321
2026-07-26T05:00:02.838150+00:00,11247.0,44.0,111.87,38.0,2088.28515625,997.7417123839259
2026-07-26T05:00:03.153812+00:00,11247.0,44.0,112.2,38.0,2088.28515625,998.0573753267527
2026-07-26T05:00:03.508429+00:00,11247.0,43.0,112.81,38.0,2088.28515625,998.4119924604893
2026-07-26T05:00:03.812010+00:00,11247.0,43.0,113.35,38.0,2088.28515625,998.7155730202794
2026-07-26T05:00:04.157068+00:00,11247.0,44.0,113.73,38.0,2088.28515625,999.060630235821
2026-07-26T05:00:04.521260+00:00,11247.0,44.0,112.96,38.0,2088.28515625,999.4248226247728
2026-07-26T05:00:04.896868+00:00,11247.0,44.0,113.72,38.0,2088.28515625,999.8004311211407
2026-07-26T05:00:05.212498+00:00,11247.0,41.0,114.04,38.0,2088.28515625,1000.1160622835159
2026-07-26T05:00:05.549526+00:00,11247.0,41.0,114.15,38.0,2088.28515625,1000.4530881382525
2026-07-26T05:00:05.845444+00:00,11247.0,45.0,113.96,38.0,2088.28515625,1000.7490067891777
2026-07-26T05:00:06.187834+00:00,11247.0,43.0,114.17,38.0,2088.28515625,1001.0913971997797
2026-07-26T05:00:06.528340+00:00,11247.0,46.0,115.39,38.0,2088.28515625,1001.4319034069777
2026-07-26T05:00:06.844298+00:00,11247.0,46.0,115.94,38.0,2088.28515625,1001.7478611543775
2026-07-26T05:00:07.162863+00:00,11247.0,45.0,114.93,38.0,2088.28515625,1002.0664252899587
2026-07-26T05:00:07.495378+00:00,11247.0,90.0,155.79,40.0,2088.28515625,1002.3989408239722
2026-07-26T05:00:07.818538+00:00,11247.0,81.0,196.75,41.0,2088.28515625,1002.7221014425159
2026-07-26T05:00:08.136035+00:00,11247.0,59.0,215.15,40.0,2088.44921875,1003.0395981781185
2026-07-26T05:00:08.452659+00:00,11247.0,42.0,179.88,38.0,2088.44921875,1003.3562221154571
2026-07-26T05:00:08.748040+00:00,11247.0,42.0,137.42,38.0,2088.44921875,1003.6516033448279
2026-07-26T05:00:09.082412+00:00,11247.0,42.0,115.43,38.0,2088.44921875,1003.9859754890203
2026-07-26T05:00:09.376720+00:00,11247.0,42.0,108.68,38.0,2088.44921875,1004.2802829109132
2026-07-26T05:00:09.692297+00:00,11247.0,43.0,109.28,38.0,2088.44921875,1004.5958603695035
2026-07-26T05:00:10.008311+00:00,11247.0,43.0,109.69,38.0,2088.44921875,1004.9118734747171
2026-07-26T05:00:10.323670+00:00,11247.0,43.0,110.1,38.0,2088.44921875,1005.2272328436375
2026-07-26T05:00:10.618330+00:00,11247.0,42.0,110.17,38.0,2088.44921875,1005.5218931213021
2026-07-26T05:00:10.935157+00:00,11247.0,43.0,110.51,38.0,2088.44921875,1005.8387208469212
2026-07-26T05:00:11.274918+00:00,11247.0,43.0,110.91,38.0,2088.44921875,1006.1784810908139
2026-07-26T05:00:11.594737+00:00,11247.0,43.0,111.52,38.0,2088.44921875,1006.4982987195253
2026-07-26T05:00:11.911888+00:00,11247.0,43.0,111.81,38.0,2088.44921875,1006.8154510222375
2026-07-26T05:00:12.228245+00:00,11247.0,44.0,112.03,38.0,2088.44921875,1007.1317995041609
2026-07-26T05:00:12.566295+00:00,11247.0,44.0,112.31,38.0,2088.44921875,1007.4698581248522
2026-07-26T05:00:12.858875+00:00,11247.0,45.0,112.8,38.0,2088.44921875,1007.7624327093363
2026-07-26T05:00:13.217315+00:00,11247.0,44.0,113.4,38.0,2088.44921875,1008.1208788380027
2026-07-26T05:00:13.553522+00:00,11247.0,44.0,113.93,38.0,2088.44921875,1008.4570857509971
2026-07-26T05:00:13.866093+00:00,11247.0,45.0,114.22,38.0,2088.44921875,1008.7696569934487
2026-07-26T05:00:14.183734+00:00,11247.0,44.0,114.4,38.0,2088.44921875,1009.0872975587845
2026-07-26T05:00:14.499241+00:00,11247.0,45.0,114.91,38.0,2088.44921875,1009.402803607285
2026-07-26T05:00:14.814616+00:00,11247.0,46.0,115.56,38.0,2088.44921875,1009.7181738987565
2026-07-26T05:00:15.133226+00:00,11247.0,46.0,116.03,38.0,2088.44921875,1010.0367894619703
2026-07-26T05:00:15.426489+00:00,11247.0,46.0,116.42,38.0,2088.44921875,1010.3300526253879
2026-07-26T05:00:15.741711+00:00,11247.0,46.0,116.64,38.0,2088.44921875,1010.645275760442
2026-07-26T05:00:16.054657+00:00,11247.0,46.0,117.17,38.0,2088.44921875,1010.9582207128406
2026-07-26T05:00:16.373121+00:00,11247.0,46.0,117.62,38.0,2088.44921875,1011.2766849696636
2026-07-26T05:00:16.689679+00:00,11247.0,46.0,118.15,38.0,2088.44921875,1011.5932430811226
2026-07-26T05:00:17.048826+00:00,11247.0,46.0,118.71,38.0,2088.44921875,1011.9523896798491
2026-07-26T05:00:17.384372+00:00,11247.0,36.0,133.1,40.0,2088.44921875,1012.2879344709218
2026-07-26T05:00:17.697130+00:00,11247.0,80.0,174.88,41.0,2088.44921875,1012.6006938144565
2026-07-26T05:00:18.037541+00:00,11247.0,44.0,206.84,39.0,2088.44921875,1012.9411049708724
2026-07-26T05:00:18.392269+00:00,11247.0,40.0,194.32,39.0,2088.609375,1013.2958327122033
2026-07-26T05:00:18.725999+00:00,11247.0,41.0,149.62,38.0,2088.609375,1013.6295621208847
2026-07-26T05:00:19.022004+00:00,11247.0,42.0,115.69,38.0,2088.609375,1013.9255678541958
2026-07-26T05:00:19.333012+00:00,11247.0,41.0,107.75,38.0,2088.609375,1014.2365753613412
2026-07-26T05:00:19.650114+00:00,11247.0,41.0,108.11,38.0,2088.609375,1014.5536768548191
2026-07-26T05:00:19.968437+00:00,11247.0,40.0,108.17,38.0,2088.609375,1014.8719997666776
2026-07-26T05:00:20.299425+00:00,11247.0,42.0,108.14,38.0,2088.609375,1015.2029875442386
2026-07-26T05:00:20.633053+00:00,11247.0,41.0,108.15,38.0,2088.609375,1015.5366163291037
2026-07-26T05:00:20.948008+00:00,11247.0,42.0,108.29,38.0,2088.609375,1015.8515712544322
2026-07-26T05:00:21.260789+00:00,11247.0,42.0,108.58,38.0,2088.609375,1016.1643517129123
2026-07-26T05:00:21.558722+00:00,11247.0,42.0,108.74,38.0,2088.609375,1016.4622854962945
2026-07-26T05:00:21.876111+00:00,11247.0,41.0,109.24,38.0,2088.609375,1016.7796736694872
2026-07-26T05:00:22.192396+00:00,11247.0,36.0,109.19,38.0,2088.609375,1017.095959417522
2026-07-26T05:00:22.509898+00:00,11247.0,42.0,109.23,38.0,2088.609375,1017.4134591855109
2026-07-26T05:00:22.846543+00:00,11247.0,41.0,109.53,38.0,2088.609375,1017.7501054108143
2026-07-26T05:00:23.197933+00:00,11247.0,43.0,110.57,38.0,2088.609375,1018.1014962717891
2026-07-26T05:00:23.530073+00:00,11247.0,44.0,111.28,38.0,2088.609375,1018.4336370714009
2026-07-26T05:00:23.839762+00:00,11247.0,44.0,111.88,38.0,2088.609375,1018.7433261349797
2026-07-26T05:00:24.150146+00:00,11247.0,44.0,112.37,38.0,2088.609375,1019.0537093393505
2026-07-26T05:00:24.462325+00:00,11247.0,44.0,112.27,38.0,2088.609375,1019.3658888712525
2026-07-26T05:00:24.775791+00:00,11247.0,44.0,112.81,38.0,2088.609375,1019.67935474962
2026-07-26T05:00:25.107411+00:00,11247.0,42.0,112.42,38.0,2088.609375,1020.0109735913575
2026-07-26T05:00:25.460027+00:00,11247.0,55.0,136.09,40.0,2088.71875,1020.3635899424553
2026-07-26T05:00:25.754825+00:00,11247.0,54.0,161.87,40.0,2088.71875,1020.6583894863725
2026-07-26T05:00:26.071821+00:00,11247.0,0.0,182.19,39.0,2088.96484375,1020.9753842167556
2026-07-26T05:00:26.365084+00:00,11247.0,43.0,173.78,39.0,2088.96484375,1021.2686473987997
2026-07-26T05:00:26.678295+00:00,11247.0,44.0,144.39,38.0,2088.96484375,1021.5818590261042
2026-07-26T05:00:26.991619+00:00,11247.0,43.0,130.19,38.0,2088.96484375,1021.8951825983822
2026-07-26T05:00:27.303713+00:00,11247.0,44.0,111.8,38.0,2088.96484375,1022.2072766572237
2026-07-26T05:00:27.621885+00:00,11247.0,44.0,112.08,38.0,2088.96484375,1022.5254496708512
2026-07-26T05:00:27.939266+00:00,11247.0,44.0,112.35,38.0,2088.96484375,1022.8428295068443
2026-07-26T05:00:28.251019+00:00,11247.0,44.0,113.18,38.0,2088.96484375,1023.1545822843909
2026-07-26T05:00:28.581125+00:00,11247.0,44.0,113.51,38.0,2088.96484375,1023.4846885874867
2026-07-26T05:00:28.872363+00:00,11247.0,44.0,113.89,38.0,2088.96484375,1023.7759279683232
2026-07-26T05:00:29.211968+00:00,11247.0,40.0,114.31,38.0,2088.96484375,1024.1155304647982
2026-07-26T05:00:29.527966+00:00,11247.0,45.0,114.87,38.0,2088.96484375,1024.4315296411514
2026-07-26T05:00:29.820798+00:00,11247.0,46.0,115.33,38.0,2088.96484375,1024.7243616953492
2026-07-26T05:00:30.156453+00:00,11247.0,45.0,115.8,38.0,2088.96484375,1025.0600153170526
2026-07-26T05:00:30.487356+00:00,11247.0,44.0,116.26,38.0,2088.96484375,1025.3909195773304
2026-07-26T05:00:30.783535+00:00,11247.0,45.0,116.61,38.0,2088.96484375,1025.687098968774
2026-07-26T05:00:31.113917+00:00,11247.0,45.0,116.82,38.0,2088.96484375,1026.0174808166921
2026-07-26T05:00:31.429583+00:00,11247.0,45.0,116.95,38.0,2088.96484375,1026.333146341145
2026-07-26T05:00:31.743429+00:00,11247.0,47.0,117.67,38.0,2088.96484375,1026.6469929292798
2026-07-26T05:00:32.036244+00:00,11247.0,47.0,118.14,38.0,2088.96484375,1026.9398076720536
2026-07-26T05:00:32.328726+00:00,11247.0,47.0,118.74,38.0,2088.96484375,1027.2322903387249
2026-07-26T05:00:32.638159+00:00,11247.0,47.0,119.36,38.0,2088.96484375,1027.5417229793966
2026-07-26T05:00:32.930223+00:00,11247.0,47.0,119.57,38.0,2088.96484375,1027.8337865956128
2026-07-26T05:00:33.242073+00:00,11247.0,48.0,120.18,38.0,2088.96484375,1028.1456376984715
2026-07-26T05:00:33.555389+00:00,11247.0,48.0,120.39,38.0,2088.96484375,1028.4589521996677
2026-07-26T05:00:33.868074+00:00,11247.0,47.0,120.85,38.0,2088.96484375,1028.7716372348368
2026-07-26T05:00:34.161814+00:00,11247.0,48.0,121.25,38.0,2088.96484375,1029.0653773210943
2026-07-26T05:00:34.496262+00:00,11247.0,47.0,122.0,38.0,2088.96484375,1029.3998250626028
2026-07-26T05:00:34.807503+00:00,11247.0,47.0,122.32,38.0,2088.96484375,1029.7110661678016
2026-07-26T05:00:35.141917+00:00,11247.0,47.0,122.69,38.0,2088.96484375,1030.045480389148
2026-07-26T05:00:35.493952+00:00,11247.0,36.0,121.66,38.0,2088.96484375,1030.3975145742297
2026-07-26T05:00:35.809471+00:00,11247.0,82.0,164.79,41.0,2089.11328125,1030.7130331918597
2026-07-26T05:00:36.135152+00:00,11247.0,91.0,214.44,42.0,2089.11328125,1031.0387048833072
2026-07-26T05:00:36.492347+00:00,11247.0,13.0,237.66,41.0,2089.1171875,1031.3959097452462
2026-07-26T05:00:36.804145+00:00,11247.0,40.0,190.77,39.0,2089.1171875,1031.7077077552676
2026-07-26T05:00:37.123193+00:00,11247.0,42.0,139.02,38.0,2089.1171875,1032.0267560854554
2026-07-26T05:00:37.460462+00:00,11247.0,42.0,114.08,38.0,2089.1171875,1032.3640248328447
2026-07-26T05:00:37.814312+00:00,11247.0,36.0,108.41,38.0,2089.1171875,1032.7178742140532
2026-07-26T05:00:38.171733+00:00,11247.0,41.0,108.87,38.0,2089.1171875,1033.0752959027886
2026-07-26T05:00:38.469617+00:00,11247.0,41.0,109.0,38.0,2089.1171875,1033.3731805868447
2026-07-26T05:00:38.803978+00:00,11247.0,27.0,107.34,38.0,2089.1171875,1033.7075407989323
2026-07-26T05:00:39.118531+00:00,11247.0,42.0,108.06,38.0,2089.1171875,1034.02209373191
2026-07-26T05:00:39.414020+00:00,11247.0,43.0,108.23,38.0,2089.1171875,1034.317583553493
2026-07-26T05:00:39.730816+00:00,11247.0,43.0,110.08,38.0,2089.1171875,1034.6343794316053
2026-07-26T05:00:40.088817+00:00,11247.0,43.0,111.35,38.0,2089.1171875,1034.9923804402351
2026-07-26T05:00:40.426334+00:00,11247.0,44.0,112.19,38.0,2089.1171875,1035.329896979034
2026-07-26T05:00:40.719745+00:00,11247.0,44.0,112.33,38.0,2089.1171875,1035.6233090050519
2026-07-26T05:00:41.057611+00:00,11247.0,44.0,112.8,38.0,2089.1171875,1035.961174607277
2026-07-26T05:00:41.350582+00:00,11247.0,45.0,113.33,38.0,2089.1171875,1036.2541460059583
2026-07-26T05:00:41.666918+00:00,11247.0,44.0,113.61,38.0,2089.1171875,1036.5704816319048
2026-07-26T05:00:41.983218+00:00,11247.0,44.0,113.84,38.0,2089.1171875,1036.8867817372084
2026-07-26T05:00:42.320019+00:00,11247.0,44.0,113.87,38.0,2089.1171875,1037.223581559956
2026-07-26T05:00:42.634642+00:00,11247.0,44.0,114.31,38.0,2089.1171875,1037.5382058247924
2026-07-26T05:00:42.950678+00:00,11247.0,47.0,114.84,38.0,2089.1171875,1037.8542415052652
2026-07-26T05:00:43.312901+00:00,11247.0,45.0,115.58,38.0,2089.1171875,1038.2164649292827
2026-07-26T05:00:43.649287+00:00,11247.0,45.0,116.32,38.0,2089.1171875,1038.5528503768146
2026-07-26T05:00:43.966062+00:00,11247.0,46.0,116.58,38.0,2089.1171875,1038.8696257807314
2026-07-26T05:00:44.283628+00:00,11247.0,45.0,116.61,38.0,2089.1171875,1039.187190938741
2026-07-26T05:00:44.598516+00:00,11247.0,48.0,116.96,38.0,2089.1171875,1039.5020795613527
2026-07-26T05:00:44.892477+00:00,11247.0,46.0,117.41,38.0,2089.1171875,1039.7960414253175
2026-07-26T05:00:45.206753+00:00,11247.0,46.0,117.91,38.0,2089.1171875,1040.11031595245
2026-07-26T05:00:45.521129+00:00,11247.0,47.0,118.43,38.0,2089.1171875,1040.4246926531196
2026-07-26T05:00:45.860204+00:00,11247.0,48.0,119.1,38.0,2089.1171875,1040.7637675739825
2026-07-26T05:00:46.192302+00:00,11247.0,68.0,155.8,40.0,2089.24609375,1041.095864970237
2026-07-26T05:00:46.510574+00:00,11247.0,76.0,200.17,41.0,2089.24609375,1041.4141379594803
2026-07-26T05:00:46.813892+00:00,11247.0,50.0,214.96,39.0,2089.5703125,1041.7174561545253
2026-07-26T05:00:47.127027+00:00,11247.0,40.0,190.43,39.0,2089.5703125,1042.030591454357
2026-07-26T05:00:47.456935+00:00,11247.0,41.0,139.31,38.0,2089.5703125,1042.3604983463883
2026-07-26T05:00:47.765996+00:00,11247.0,41.0,116.99,38.0,2089.5703125,1042.6695594862103
2026-07-26T05:00:48.077579+00:00,11247.0,41.0,107.87,38.0,2089.5703125,1042.9811430312693
2026-07-26T05:00:48.386740+00:00,11247.0,41.0,108.3,38.0,2089.5703125,1043.290304094553
2026-07-26T05:00:48.706638+00:00,11247.0,40.0,108.19,38.0,2089.5703125,1043.610201612115
2026-07-26T05:00:49.019160+00:00,11247.0,42.0,108.23,38.0,2089.5703125,1043.9227238669991
2026-07-26T05:00:49.329692+00:00,11247.0,42.0,108.47,38.0,2089.5703125,1044.233255751431
2026-07-26T05:00:49.668486+00:00,11247.0,42.0,108.88,38.0,2089.5703125,1044.5720502845943
2026-07-26T05:00:49.977915+00:00,11247.0,41.0,109.1,38.0,2089.5703125,1044.8814793974161
2026-07-26T05:00:50.290821+00:00,11247.0,42.0,109.33,38.0,2089.5703125,1045.1943842321634
2026-07-26T05:00:50.629225+00:00,11247.0,42.0,109.46,38.0,2089.5703125,1045.5327887646854
2026-07-26T05:00:50.947477+00:00,11247.0,42.0,109.69,38.0,2089.5703125,1045.8510397970676
2026-07-26T05:00:51.263287+00:00,11247.0,43.0,109.95,38.0,2089.5703125,1046.1668495610356
2026-07-26T05:00:51.624437+00:00,11247.0,42.0,110.13,38.0,2089.5703125,1046.528000794351
2026-07-26T05:00:51.946106+00:00,11247.0,42.0,110.73,38.0,2089.5703125,1046.849668763578
2026-07-26T05:00:52.286665+00:00,11247.0,41.0,111.01,38.0,2089.5703125,1047.1902276724577
2026-07-26T05:00:52.630518+00:00,11247.0,43.0,111.31,38.0,2089.5703125,1047.5340811051428
2026-07-26T05:00:52.970640+00:00,11247.0,42.0,111.52,38.0,2089.5703125,1047.8742029182613
2026-07-26T05:00:53.289709+00:00,11247.0,43.0,111.84,38.0,2089.5703125,1048.1932719424367
2026-07-26T05:00:53.632613+00:00,11247.0,44.0,111.9,38.0,2089.5703125,1048.536176148802
2026-07-26T05:00:53.946994+00:00,11247.0,43.0,112.49,38.0,2089.5703125,1048.8505571745336
2026-07-26T05:00:54.264258+00:00,11247.0,44.0,113.05,38.0,2089.5703125,1049.167821496725
2026-07-26T05:00:54.628247+00:00,11247.0,43.0,113.61,38.0,2089.5703125,1049.5318098887801
2026-07-26T05:00:54.946179+00:00,11247.0,44.0,114.16,38.0,2089.5703125,1049.8497388474643
2026-07-26T05:00:55.241228+00:00,11247.0,45.0,114.67,38.0,2089.5703125,1050.1447913311422
2026-07-26T05:00:55.576633+00:00,11247.0,46.0,115.69,38.0,2089.5703125,1050.4801958724856
2026-07-26T05:00:55.937553+00:00,11247.0,46.0,116.26,38.0,2089.5703125,1050.8411162644625
2026-07-26T05:00:56.252387+00:00,11247.0,52.0,127.54,40.0,2089.5703125,1051.1559498421848
2026-07-26T05:00:56.590657+00:00,11247.0,66.0,169.11,41.0,2089.5703125,1051.4942196570337
2026-07-26T05:00:56.932922+00:00,11247.0,15.0,197.42,39.0,2089.5703125,1051.83648654446
2026-07-26T05:00:57.282743+00:00,11247.0,39.0,193.1,39.0,2089.71484375,1052.1863056309521
2026-07-26T05:00:57.576875+00:00,11247.0,41.0,152.61,38.0,2089.71484375,1052.480439119041
2026-07-26T05:00:57.869851+00:00,11247.0,42.0,119.67,38.0,2089.71484375,1052.7734151110053
2026-07-26T05:00:58.182139+00:00,11247.0,42.0,108.77,38.0,2089.71484375,1053.0857020951807
2026-07-26T05:00:58.512932+00:00,11247.0,42.0,109.2,38.0,2089.71484375,1053.416496310383
2026-07-26T05:00:58.804483+00:00,11247.0,43.0,109.57,38.0,2089.71484375,1053.7080471292138
2026-07-26T05:00:59.112972+00:00,11247.0,42.0,109.65,38.0,2089.71484375,1054.016536783427
2026-07-26T05:00:59.424044+00:00,11247.0,42.0,110.09,38.0,2089.71484375,1054.3276073671877
2026-07-26T05:00:59.757002+00:00,11247.0,43.0,110.29,38.0,2089.71484375,1054.66056650877
2026-07-26T05:01:00.091135+00:00,11247.0,43.0,110.96,38.0,2089.71484375,1054.9946983642876
2026-07-26T05:01:00.403352+00:00,11247.0,43.0,111.29,38.0,2089.71484375,1055.3069146759808
2026-07-26T05:01:00.716201+00:00,11247.0,43.0,111.5,38.0,2089.71484375,1055.6197646670043
2026-07-26T05:01:01.045204+00:00,11247.0,43.0,111.97,38.0,2089.71484375,1055.9487686790526
2026-07-26T05:01:01.338529+00:00,11247.0,44.0,112.35,38.0,2089.71484375,1056.2420926690102
2026-07-26T05:01:01.675422+00:00,11247.0,44.0,112.61,38.0,2089.71484375,1056.5789847522974
2026-07-26T05:01:02.006550+00:00,11247.0,44.0,113.28,38.0,2089.71484375,1056.9101136997342
2026-07-26T05:01:02.301781+00:00,11247.0,44.0,113.47,38.0,2089.71484375,1057.2053444087505
2026-07-26T05:01:02.594030+00:00,11247.0,44.0,113.91,38.0,2089.71484375,1057.4975941441953
2026-07-26T05:01:02.911302+00:00,11247.0,44.0,114.66,38.0,2089.71484375,1057.8148656114936
2026-07-26T05:01:03.268721+00:00,11247.0,45.0,114.96,38.0,2089.71484375,1058.1722850240767
2026-07-26T05:01:03.589101+00:00,11247.0,45.0,115.41,38.0,2089.71484375,1058.4926642663777
2026-07-26T05:01:03.909289+00:00,11247.0,45.0,115.73,38.0,2089.71484375,1058.812852729112
2026-07-26T05:01:04.249570+00:00,11247.0,46.0,116.22,38.0,2089.71484375,1059.1531338877976
2026-07-26T05:01:04.588266+00:00,11247.0,46.0,116.94,38.0,2089.71484375,1059.4918302595615
2026-07-26T05:01:04.882246+00:00,11247.0,47.0,117.22,38.0,2089.71484375,1059.7858103513718
2026-07-26T05:01:05.198625+00:00,11247.0,46.0,117.55,38.0,2089.71484375,1060.1021884083748
2026-07-26T05:01:05.511179+00:00,11247.0,46.0,118.05,38.0,2089.71484375,1060.4147422797978
2026-07-26T05:01:05.831049+00:00,11247.0,45.0,118.32,38.0,2089.71484375,1060.7346122562885
2026-07-26T05:01:06.170285+00:00,11247.0,46.0,118.55,38.0,2089.71484375,1061.0738487392664
2026-07-26T05:01:06.525253+00:00,11247.0,87.0,141.73,40.0,2089.71484375,1061.428816717118
2026-07-26T05:01:06.845267+00:00,11247.0,96.0,189.97,41.0,2089.71484375,1061.7488296292722
2026-07-26T05:01:07.245187+00:00,11247.0,1.0,213.24,38.0,2089.8671875,1062.1487508453429
2026-07-26T05:01:07.707421+00:00,11247.0,0.0,152.1,38.0,2097.43359375,1062.6109839081764
2026-07-26T05:01:08.233345+00:00,11247.0,0.0,84.03,38.0,2099.01171875,1063.1369088962674
2026-07-26T05:01:08.571151+00:00,11247.0,0.0,83.89,38.0,2101.64453125,1063.4747134633362
2026-07-26T05:01:08.891602+00:00,11247.0,0.0,83.86,38.0,2105.73828125,1063.7951653115451
