timestamp,gpu_memory_used_mb,gpu_utilization_pct,power_draw_w,temperature_c,process_rss_mb,elapsed_seconds
2026-07-21T03:41:24.965621+00:00,4.0,0.0,49.74,29.0,521.38671875,0.28771793469786644
2026-07-21T03:41:25.257362+00:00,4.0,0.0,49.74,29.0,530.5703125,0.5794560499489307
2026-07-21T03:41:25.561771+00:00,4.0,0.0,49.75,29.0,531.6171875,0.8838695138692856
2026-07-21T03:41:25.867134+00:00,4.0,0.0,49.69,29.0,556.76171875,1.1892325170338154
2026-07-21T03:41:26.218190+00:00,4.0,0.0,49.67,29.0,632.65625,1.5402870252728462
2026-07-21T03:41:26.755023+00:00,4.0,0.0,49.72,29.0,738.58984375,2.0771203376352787
2026-07-21T03:41:27.073596+00:00,4.0,0.0,49.69,29.0,749.46484375,2.3956935703754425
2026-07-21T03:41:27.390082+00:00,4.0,0.0,49.69,29.0,762.66015625,2.7121732980012894
2026-07-21T03:41:27.716206+00:00,459.0,0.0,54.19,29.0,877.7890625,3.0383039601147175
2026-07-21T03:41:28.018011+00:00,1027.0,5.0,63.49,29.0,1434.4921875,3.340106874704361
2026-07-21T03:41:28.315404+00:00,1753.0,5.0,73.22,30.0,2104.875,3.6375017799437046
2026-07-21T03:41:28.637748+00:00,2549.0,5.0,81.32,30.0,2847.01953125,3.959845393896103
2026-07-21T03:41:28.939358+00:00,3319.0,5.0,81.19,30.0,3558.45703125,4.261455938220024
2026-07-21T03:41:29.306871+00:00,3597.0,0.0,81.11,30.0,882.0625,4.628969617187977
2026-07-21T03:41:29.606718+00:00,3779.0,0.0,81.04,30.0,1212.24609375,4.928816299885511
2026-07-21T03:41:29.909347+00:00,3811.0,0.0,82.19,30.0,1513.234375,5.231446169316769
2026-07-21T03:41:30.188154+00:00,3811.0,20.0,83.6,30.0,1696.3515625,5.510251831263304
2026-07-21T03:41:30.534796+00:00,3811.0,36.0,89.12,30.0,1696.59375,5.856894090771675
2026-07-21T03:41:30.837252+00:00,3811.0,37.0,93.66,30.0,1696.62109375,6.159349851310253
2026-07-21T03:41:31.139606+00:00,3811.0,38.0,96.88,30.0,1696.69140625,6.4617038778960705
2026-07-21T03:41:31.457849+00:00,3811.0,38.0,97.38,30.0,1696.69140625,6.779946979135275
2026-07-21T03:41:31.755674+00:00,3811.0,38.0,97.8,30.0,1696.69921875,7.077772703021765
2026-07-21T03:41:32.035773+00:00,3811.0,37.0,97.83,30.0,1696.7109375,7.35787158459425
2026-07-21T03:41:32.361090+00:00,3811.0,37.0,98.15,30.0,1696.7109375,7.6831889525055885
2026-07-21T03:41:32.706403+00:00,3813.0,37.0,97.93,30.0,1696.73046875,8.02850167825818
2026-07-21T03:41:33.012845+00:00,3813.0,37.0,98.26,30.0,1696.73046875,8.334942672401667
2026-07-21T03:41:33.292196+00:00,3813.0,37.0,98.32,30.0,1696.75390625,8.61429363116622
2026-07-21T03:41:33.618792+00:00,3813.0,37.0,98.34,30.0,1696.765625,8.940889835357666
2026-07-21T03:41:33.898488+00:00,3813.0,37.0,99.12,30.0,1696.77734375,9.220586329698563
2026-07-21T03:41:34.199602+00:00,3813.0,38.0,98.88,30.0,1696.77734375,9.521700151264668
2026-07-21T03:41:34.496474+00:00,3813.0,37.0,98.82,30.0,1696.7890625,9.818572849035263
2026-07-21T03:41:34.838423+00:00,3813.0,38.0,98.07,31.0,1696.8203125,10.160521239042282
2026-07-21T03:41:35.125553+00:00,3813.0,37.0,97.94,31.0,1696.82421875,10.447651278227568
2026-07-21T03:41:35.449591+00:00,3813.0,37.0,98.5,31.0,1696.88671875,10.771687261760235
2026-07-21T03:41:35.771764+00:00,3813.0,35.0,98.38,31.0,1696.89453125,11.093861378729343
2026-07-21T03:41:36.125854+00:00,3813.0,37.0,98.58,31.0,1696.91015625,11.44795111939311
2026-07-21T03:41:36.446233+00:00,3813.0,38.0,98.28,31.0,1696.91015625,11.768330484628677
2026-07-21T03:41:36.744203+00:00,3813.0,36.0,98.24,31.0,1696.9921875,12.066290009766817
2026-07-21T03:41:37.047348+00:00,3813.0,24.0,97.09,31.0,1696.9921875,12.369446329772472
2026-07-21T03:41:37.393181+00:00,3813.0,36.0,96.86,31.0,1697.0078125,12.715278796851635
2026-07-21T03:41:37.739558+00:00,3813.0,37.0,96.24,31.0,1697.01171875,13.061653800308704
2026-07-21T03:41:38.089703+00:00,3813.0,37.0,97.61,31.0,1697.03515625,13.411790546029806
2026-07-21T03:41:38.396068+00:00,3813.0,36.0,97.55,31.0,1697.0390625,13.718165688216686
2026-07-21T03:41:38.719327+00:00,3813.0,37.0,97.7,31.0,1697.0703125,14.041424427181482
2026-07-21T03:41:39.020952+00:00,3813.0,37.0,98.14,31.0,1697.08203125,14.343049049377441
2026-07-21T03:41:39.323651+00:00,3813.0,37.0,98.03,31.0,1697.08203125,14.64574982970953
2026-07-21T03:41:39.628455+00:00,3813.0,32.0,97.54,31.0,1697.10546875,14.95055278390646
2026-07-21T03:41:39.950930+00:00,3813.0,37.0,97.18,31.0,1697.10546875,15.27302884683013
2026-07-21T03:41:40.250933+00:00,3813.0,29.0,96.38,31.0,1697.11328125,15.57303186878562
2026-07-21T03:41:40.574875+00:00,3813.0,38.0,96.8,31.0,1697.12890625,15.896972727030516
2026-07-21T03:41:40.919325+00:00,3813.0,37.0,96.73,31.0,1697.13671875,16.24142312258482
2026-07-21T03:41:41.271137+00:00,3813.0,28.0,97.44,31.0,1700.07421875,16.593233954161406
2026-07-21T03:41:41.614886+00:00,3813.0,36.0,97.75,31.0,1700.29296875,16.936983697116375
2026-07-21T03:41:41.921404+00:00,3813.0,35.0,97.64,31.0,1700.3046875,17.243502516299486
2026-07-21T03:41:42.244634+00:00,3813.0,37.0,97.54,31.0,1700.3046875,17.56673213467002
2026-07-21T03:41:42.594270+00:00,3813.0,37.0,97.66,31.0,1700.328125,17.916367802768946
2026-07-21T03:41:42.918675+00:00,3813.0,37.0,97.74,31.0,1700.328125,18.24077318608761
2026-07-21T03:41:43.219790+00:00,3813.0,36.0,97.9,31.0,1700.34765625,18.54188822954893
2026-07-21T03:41:43.523942+00:00,3813.0,37.0,98.3,31.0,1700.34765625,18.846038956195116
2026-07-21T03:41:43.828913+00:00,3813.0,38.0,98.31,31.0,1700.3515625,19.151010684669018
2026-07-21T03:41:44.110467+00:00,3813.0,36.0,98.21,31.0,1700.36328125,19.43256564438343
2026-07-21T03:41:44.413399+00:00,3813.0,37.0,97.64,31.0,1700.36328125,19.7354968264699
2026-07-21T03:41:44.716447+00:00,3813.0,37.0,97.82,31.0,1700.37109375,20.038544923067093
2026-07-21T03:41:45.055864+00:00,3813.0,37.0,97.92,31.0,1700.375,20.377962291240692
2026-07-21T03:41:45.358764+00:00,3813.0,36.0,97.96,31.0,1700.39453125,20.68086303025484
2026-07-21T03:41:45.660240+00:00,3813.0,37.0,97.97,31.0,1700.39453125,20.982337657362223
2026-07-21T03:41:45.964910+00:00,3813.0,37.0,98.18,31.0,1700.41015625,21.287007581442595
2026-07-21T03:41:46.245862+00:00,3813.0,37.0,98.33,31.0,1700.41015625,21.56796083599329
2026-07-21T03:41:46.571932+00:00,3813.0,37.0,98.38,31.0,1700.41796875,21.894030272960663
2026-07-21T03:41:46.852552+00:00,3813.0,38.0,98.44,31.0,1700.4296875,22.174650017172098
2026-07-21T03:41:47.152385+00:00,3813.0,37.0,98.32,31.0,1700.4296875,22.47448345273733
2026-07-21T03:41:47.477081+00:00,3813.0,36.0,98.44,31.0,1700.44140625,22.799179956316948
2026-07-21T03:41:47.775755+00:00,3813.0,35.0,98.37,31.0,1700.44140625,23.097851660102606
2026-07-21T03:41:48.103014+00:00,3813.0,35.0,98.78,31.0,1700.47265625,23.42511236667633
2026-07-21T03:41:48.414247+00:00,3813.0,37.0,98.61,32.0,1700.47265625,23.736345451325178
2026-07-21T03:41:48.716490+00:00,3813.0,36.0,98.41,32.0,1700.4921875,24.03858855366707
2026-07-21T03:41:49.002657+00:00,3813.0,36.0,97.86,32.0,1700.5078125,24.324746035039425
2026-07-21T03:41:49.306169+00:00,3813.0,37.0,97.75,32.0,1700.5078125,24.62826708331704
2026-07-21T03:41:49.586605+00:00,3813.0,37.0,97.91,32.0,1700.51953125,24.908703230321407
2026-07-21T03:41:49.927160+00:00,3813.0,36.0,98.68,32.0,1700.53125,25.249257624149323
2026-07-21T03:41:50.206413+00:00,3813.0,37.0,98.58,32.0,1700.53515625,25.528510458767414
2026-07-21T03:41:50.504619+00:00,3813.0,37.0,98.57,32.0,1700.53515625,25.826716888695955
2026-07-21T03:41:50.804577+00:00,3813.0,37.0,97.95,32.0,1700.546875,26.126675616949797
2026-07-21T03:41:51.125232+00:00,3813.0,36.0,98.05,32.0,1700.5625,26.447330206632614
2026-07-21T03:41:51.424588+00:00,3813.0,37.0,98.02,32.0,1700.5625,26.74668661132455
2026-07-21T03:41:51.728617+00:00,3813.0,37.0,97.99,32.0,1700.58203125,27.050715938210487
2026-07-21T03:41:52.054149+00:00,3813.0,37.0,98.14,32.0,1700.58203125,27.37624740973115
2026-07-21T03:41:52.355231+00:00,3813.0,38.0,98.27,32.0,1700.6015625,27.677328124642372
2026-07-21T03:41:52.656316+00:00,3813.0,37.0,98.82,32.0,1700.6015625,27.97841453924775
2026-07-21T03:41:52.960355+00:00,3813.0,37.0,98.76,32.0,1700.61328125,28.282453630119562
2026-07-21T03:41:53.286312+00:00,3813.0,37.0,98.52,32.0,1700.61328125,28.60841143131256
2026-07-21T03:41:53.588567+00:00,3813.0,37.0,97.83,32.0,1700.62109375,28.9106656126678
2026-07-21T03:41:53.892738+00:00,3813.0,37.0,98.01,32.0,1700.62890625,29.214836299419403
2026-07-21T03:41:54.238104+00:00,3813.0,37.0,98.0,32.0,1700.6328125,29.56020114198327
2026-07-21T03:41:54.562763+00:00,3813.0,37.0,98.25,32.0,1700.6484375,29.884860549122095
2026-07-21T03:41:54.888908+00:00,3813.0,37.0,98.29,32.0,1700.66796875,30.211005575954914
2026-07-21T03:41:55.186754+00:00,3813.0,38.0,98.37,32.0,1700.67578125,30.50885247439146
2026-07-21T03:41:55.531540+00:00,3813.0,36.0,98.49,32.0,1700.67578125,30.853638373315334
2026-07-21T03:41:55.836677+00:00,3813.0,37.0,98.46,32.0,1700.6953125,31.158775694668293
2026-07-21T03:41:56.167331+00:00,3813.0,37.0,98.61,32.0,1701.7421875,31.489428475499153
2026-07-21T03:41:56.448446+00:00,3813.0,36.0,98.3,32.0,1701.75,31.770544193685055
2026-07-21T03:41:56.799100+00:00,3813.0,36.0,98.09,32.0,1701.75390625,32.121198274195194
2026-07-21T03:41:57.081770+00:00,3813.0,37.0,97.9,32.0,1701.75390625,32.40386873111129
2026-07-21T03:41:57.386196+00:00,3813.0,36.0,97.91,32.0,1701.76171875,32.70829339325428
2026-07-21T03:41:57.735591+00:00,3813.0,36.0,98.2,32.0,1701.76171875,33.057688254863024
2026-07-21T03:41:58.039326+00:00,3813.0,36.0,98.15,32.0,1701.77734375,33.3614218942821
2026-07-21T03:41:58.346229+00:00,3813.0,37.0,98.22,32.0,1701.77734375,33.66832718625665
2026-07-21T03:41:58.671183+00:00,3813.0,36.0,98.13,32.0,1701.796875,33.99327705800533
2026-07-21T03:41:58.980325+00:00,3813.0,37.0,98.26,32.0,1701.796875,34.30242300033569
2026-07-21T03:41:59.302195+00:00,3813.0,36.0,98.84,32.0,1701.81640625,34.624289344996214
2026-07-21T03:41:59.608614+00:00,3813.0,37.0,98.59,32.0,1701.81640625,34.93071187287569
2026-07-21T03:41:59.912580+00:00,3813.0,36.0,98.57,32.0,1701.81640625,35.234677884727716
2026-07-21T03:42:00.258173+00:00,3813.0,37.0,97.96,32.0,1701.8359375,35.580270159989595
2026-07-21T03:42:00.560436+00:00,3813.0,37.0,98.27,32.0,1701.8359375,35.8825332634151
2026-07-21T03:42:00.864815+00:00,3813.0,37.0,97.91,32.0,1701.8515625,36.18691182881594
2026-07-21T03:42:01.210478+00:00,3813.0,37.0,97.85,32.0,1701.8515625,36.53257588297129
2026-07-21T03:42:01.535174+00:00,3813.0,37.0,97.88,32.0,1701.87109375,36.85727162286639
2026-07-21T03:42:01.860008+00:00,3813.0,36.0,97.91,32.0,1701.87109375,37.18210556730628
2026-07-21T03:42:02.164467+00:00,3813.0,36.0,98.47,32.0,1701.875,37.48656476289034
2026-07-21T03:42:02.468236+00:00,3813.0,37.0,98.53,32.0,1701.875,37.790333699434996
2026-07-21T03:42:02.819679+00:00,3813.0,36.0,98.63,32.0,1701.890625,38.1417752020061
2026-07-21T03:42:03.146602+00:00,3813.0,35.0,97.91,32.0,1701.90234375,38.46869994699955
2026-07-21T03:42:03.427330+00:00,3813.0,35.0,97.91,32.0,1701.90234375,38.749420784413815
2026-07-21T03:42:03.750829+00:00,3813.0,37.0,97.96,32.0,1701.96484375,39.07292656227946
2026-07-21T03:42:04.051121+00:00,3813.0,35.0,98.2,32.0,1701.96484375,39.3732192851603
2026-07-21T03:42:04.393882+00:00,3813.0,36.0,98.32,32.0,1701.98046875,39.71598003432155
2026-07-21T03:42:04.692883+00:00,3813.0,36.0,98.3,32.0,1701.984375,40.01497124135494
2026-07-21T03:42:05.044264+00:00,3813.0,35.0,98.2,32.0,1701.9921875,40.36636085063219
2026-07-21T03:42:05.350246+00:00,3813.0,37.0,98.21,32.0,1701.9921875,40.672344118356705
2026-07-21T03:42:05.653527+00:00,3813.0,35.0,98.35,32.0,1702.01171875,40.9756257198751
2026-07-21T03:42:05.961403+00:00,3813.0,35.0,99.11,32.0,1702.015625,41.28349935263395
2026-07-21T03:42:06.263387+00:00,3813.0,35.0,98.96,32.0,1702.0234375,41.5854850821197
2026-07-21T03:42:06.616389+00:00,3813.0,36.0,98.76,32.0,1702.02734375,41.93848463147879
2026-07-21T03:42:06.916860+00:00,3813.0,35.0,97.97,32.0,1702.03125,42.23895789682865
2026-07-21T03:42:07.265331+00:00,3813.0,36.0,98.03,32.0,1702.0546875,42.58742942661047
2026-07-21T03:42:07.571185+00:00,3813.0,37.0,98.26,32.0,1702.0546875,42.89328333362937
2026-07-21T03:42:07.898632+00:00,3813.0,36.0,98.49,32.0,1702.0703125,43.22073080390692
2026-07-21T03:42:08.244982+00:00,3813.0,37.0,98.55,32.0,1702.0703125,43.56708005070686
2026-07-21T03:42:08.544515+00:00,3813.0,36.0,98.55,32.0,1702.0859375,43.86661256477237
2026-07-21T03:42:08.849093+00:00,3813.0,37.0,98.36,32.0,1702.0859375,44.17119171842933
2026-07-21T03:42:09.151643+00:00,3813.0,37.0,99.27,32.0,1702.125,44.473741345107555
2026-07-21T03:42:09.456418+00:00,3813.0,36.0,99.16,32.0,1702.125,44.77851592004299
2026-07-21T03:42:09.761363+00:00,3813.0,38.0,99.03,32.0,1702.125,45.083461593836546
2026-07-21T03:42:10.108792+00:00,3813.0,36.0,98.14,32.0,1702.15234375,45.430889550596476
2026-07-21T03:42:10.458480+00:00,3813.0,36.0,98.44,32.0,1702.15625,45.780575819313526
2026-07-21T03:42:10.761392+00:00,3813.0,37.0,98.46,32.0,1702.1640625,46.08348974213004
2026-07-21T03:42:11.083097+00:00,3813.0,36.0,98.25,32.0,1702.1640625,46.40519483759999
2026-07-21T03:42:11.431501+00:00,3813.0,37.0,98.01,32.0,1702.18359375,46.75359946116805
2026-07-21T03:42:11.714260+00:00,3813.0,36.0,98.03,32.0,1702.18359375,47.036358028650284
2026-07-21T03:42:11.998959+00:00,3815.0,36.0,98.63,32.0,1702.9921875,47.321056224405766
2026-07-21T03:42:12.303875+00:00,3815.0,36.0,98.85,32.0,1703.00390625,47.62597005814314
2026-07-21T03:42:12.610051+00:00,3815.0,38.0,98.76,32.0,1703.00390625,47.932149048894644
2026-07-21T03:42:12.912684+00:00,3815.0,36.0,98.22,32.0,1703.0234375,48.23478201404214
2026-07-21T03:42:13.224967+00:00,3815.0,36.0,98.07,32.0,1703.0234375,48.54706509783864
2026-07-21T03:42:13.529728+00:00,3815.0,37.0,98.28,32.0,1703.03125,48.8518264554441
2026-07-21T03:42:13.855612+00:00,3815.0,37.0,98.39,32.0,1703.03125,49.177710235118866
2026-07-21T03:42:14.161544+00:00,3815.0,37.0,98.63,32.0,1703.05078125,49.483641784638166
2026-07-21T03:42:14.488619+00:00,3815.0,36.0,98.47,33.0,1703.05078125,49.81071703881025
2026-07-21T03:42:14.788461+00:00,3815.0,36.0,98.67,32.0,1703.05859375,50.11055838689208
2026-07-21T03:42:15.128900+00:00,3815.0,35.0,98.6,33.0,1703.0703125,50.450997084379196
2026-07-21T03:42:15.456504+00:00,3815.0,36.0,98.94,33.0,1703.07421875,50.7786015458405
2026-07-21T03:42:15.761281+00:00,3815.0,37.0,98.74,33.0,1703.07421875,51.08337780088186
2026-07-21T03:42:16.083243+00:00,3815.0,37.0,98.53,33.0,1703.07421875,51.405341017991304
2026-07-21T03:42:16.388172+00:00,3815.0,36.0,97.89,33.0,1703.09765625,51.71027033776045
2026-07-21T03:42:16.742724+00:00,3815.0,36.0,97.9,33.0,1703.09765625,52.064821522682905
2026-07-21T03:42:17.043423+00:00,3815.0,34.0,98.3,33.0,1703.11328125,52.36552191525698
2026-07-21T03:42:17.353604+00:00,3815.0,36.0,98.37,33.0,1703.11328125,52.67570252344012
2026-07-21T03:42:17.702886+00:00,3815.0,36.0,98.65,33.0,1703.12109375,53.02498324215412
2026-07-21T03:42:18.019079+00:00,3815.0,36.0,98.49,33.0,1703.12890625,53.341176986694336
2026-07-21T03:42:18.319411+00:00,3815.0,36.0,98.34,33.0,1703.12890625,53.64150854200125
2026-07-21T03:42:18.625118+00:00,3815.0,35.0,98.42,33.0,1703.13671875,53.947215877473354
2026-07-21T03:42:18.931857+00:00,3815.0,37.0,98.29,33.0,1703.13671875,54.25395509600639
2026-07-21T03:42:19.249703+00:00,3815.0,37.0,98.4,33.0,1703.15234375,54.57180018723011
2026-07-21T03:42:19.552782+00:00,3815.0,35.0,98.5,33.0,1703.15234375,54.87488020211458
2026-07-21T03:42:19.878346+00:00,3815.0,37.0,98.61,33.0,1703.1640625,55.20044284313917
2026-07-21T03:42:20.179744+00:00,3815.0,36.0,98.64,33.0,1703.1640625,55.501841738820076
2026-07-21T03:42:20.459621+00:00,3815.0,38.0,98.62,33.0,1703.16796875,55.78171922639012
2026-07-21T03:42:20.811464+00:00,3817.0,34.0,98.68,33.0,1703.1875,56.133561965078115
2026-07-21T03:42:21.137579+00:00,3817.0,37.0,98.85,33.0,1703.1875,56.45967757701874
2026-07-21T03:42:21.440155+00:00,3817.0,32.0,98.89,33.0,1703.19921875,56.76225184649229
2026-07-21T03:42:21.744797+00:00,3817.0,33.0,97.99,33.0,1703.19921875,57.06689513474703
2026-07-21T03:42:22.095712+00:00,3817.0,36.0,97.84,33.0,1703.21484375,57.41780994459987
2026-07-21T03:42:22.399013+00:00,3817.0,36.0,97.57,33.0,1703.21484375,57.72111117839813
2026-07-21T03:42:22.705874+00:00,3817.0,37.0,98.42,33.0,1703.21484375,58.02797194942832
2026-07-21T03:42:23.007667+00:00,3817.0,37.0,98.56,33.0,1703.2265625,58.329765908420086
2026-07-21T03:42:23.314234+00:00,3817.0,36.0,98.58,33.0,1703.2265625,58.63633203878999
2026-07-21T03:42:23.617929+00:00,3817.0,23.0,97.14,33.0,1703.3046875,58.94002489745617
2026-07-21T03:42:23.959254+00:00,3817.0,35.0,96.97,33.0,1703.3046875,59.2813520655036
2026-07-21T03:42:24.310639+00:00,3817.0,36.0,97.15,33.0,1703.32421875,59.632737554609776
2026-07-21T03:42:24.658987+00:00,3817.0,36.0,99.03,33.0,1703.34375,59.98108469322324
2026-07-21T03:42:24.964949+00:00,3817.0,37.0,99.07,33.0,1703.34765625,60.287047535181046
2026-07-21T03:42:25.289132+00:00,3817.0,35.0,98.62,33.0,1703.35546875,60.61122066527605
2026-07-21T03:42:25.634808+00:00,3817.0,37.0,98.07,33.0,1703.36328125,60.95690646395087
2026-07-21T03:42:25.915505+00:00,3817.0,36.0,97.86,33.0,1703.37109375,61.23760310932994
2026-07-21T03:42:26.230196+00:00,3817.0,38.0,98.0,33.0,1703.37109375,61.55229418352246
2026-07-21T03:42:26.534472+00:00,3817.0,37.0,98.16,33.0,1703.390625,61.856569565832615
2026-07-21T03:42:26.818202+00:00,3817.0,36.0,98.39,33.0,1703.390625,62.140294414013624
2026-07-21T03:42:27.120113+00:00,3817.0,38.0,98.53,33.0,1703.41015625,62.442211486399174
2026-07-21T03:42:27.443176+00:00,3817.0,36.0,98.96,33.0,1703.41015625,62.765274189412594
2026-07-21T03:42:27.748965+00:00,3817.0,37.0,98.71,33.0,1703.421875,63.071062076836824
2026-07-21T03:42:28.052567+00:00,3817.0,37.0,98.8,33.0,1703.4375,63.374665185809135
2026-07-21T03:42:28.370471+00:00,3817.0,37.0,98.63,33.0,1703.44140625,63.69256929680705
2026-07-21T03:42:28.651825+00:00,3817.0,37.0,98.68,33.0,1703.453125,63.97392385825515
2026-07-21T03:42:28.957606+00:00,3817.0,38.0,98.72,33.0,1703.453125,64.27970512211323
2026-07-21T03:42:29.259267+00:00,3817.0,36.0,98.82,33.0,1703.46875,64.58136454597116
2026-07-21T03:42:29.587208+00:00,3817.0,36.0,98.65,33.0,1703.46875,64.90930681675673
2026-07-21T03:42:29.892811+00:00,3817.0,38.0,98.64,33.0,1703.47265625,65.21490959450603
2026-07-21T03:42:30.219518+00:00,3817.0,35.0,99.01,33.0,1703.61328125,65.54161554574966
2026-07-21T03:42:30.563436+00:00,3817.0,34.0,98.94,33.0,1703.62109375,65.88553339987993
2026-07-21T03:42:30.911806+00:00,3817.0,37.0,98.79,33.0,1703.6328125,66.23390396311879
2026-07-21T03:42:31.215388+00:00,3817.0,37.0,98.15,33.0,1703.63671875,66.53748611360788
2026-07-21T03:42:31.496872+00:00,3817.0,36.0,98.28,33.0,1703.64453125,66.81897100061178
2026-07-21T03:42:31.821653+00:00,3817.0,37.0,98.29,33.0,1703.64453125,67.1437499821186
2026-07-21T03:42:32.129314+00:00,3817.0,36.0,98.58,33.0,1703.65625,67.45141185820103
2026-07-21T03:42:32.434495+00:00,3817.0,39.0,99.25,33.0,1703.984375,67.75659322738647
2026-07-21T03:42:32.736695+00:00,3817.0,35.0,99.37,33.0,1703.9921875,68.05879318341613
2026-07-21T03:42:33.053824+00:00,3817.0,36.0,99.28,33.0,1703.99609375,68.37592279911041
2026-07-21T03:42:33.359650+00:00,3817.0,35.0,98.69,33.0,1703.99609375,68.68174799531698
2026-07-21T03:42:33.664569+00:00,3817.0,37.0,98.45,33.0,1704.015625,68.98666701093316
2026-07-21T03:42:33.971697+00:00,3817.0,38.0,98.69,33.0,1704.015625,69.29379417747259
2026-07-21T03:42:34.275692+00:00,3817.0,38.0,98.88,33.0,1704.0390625,69.59779055044055
2026-07-21T03:42:34.582995+00:00,3817.0,37.0,99.0,33.0,1704.0390625,69.90509275346994
2026-07-21T03:42:34.889008+00:00,3817.0,36.0,99.03,33.0,1704.04296875,70.21110535040498
2026-07-21T03:42:35.193015+00:00,3817.0,38.0,98.82,33.0,1704.046875,70.51511298492551
2026-07-21T03:42:35.496375+00:00,3817.0,38.0,98.96,33.0,1704.046875,70.81847405806184
2026-07-21T03:42:35.778914+00:00,3817.0,35.0,99.12,33.0,1704.05859375,71.10101195052266
2026-07-21T03:42:36.085156+00:00,3817.0,37.0,99.12,33.0,1704.05859375,71.40725389122963
2026-07-21T03:42:36.407384+00:00,3817.0,37.0,99.24,33.0,1704.0703125,71.72948249801993
2026-07-21T03:42:36.712746+00:00,3817.0,37.0,99.06,33.0,1704.0703125,72.03484321758151
2026-07-21T03:42:36.996944+00:00,3817.0,36.0,99.84,33.0,1704.09375,72.31904092803597
2026-07-21T03:42:37.299314+00:00,3817.0,38.0,99.71,33.0,1704.09765625,72.62141152098775
2026-07-21T03:42:37.605559+00:00,3817.0,37.0,99.63,33.0,1704.09765625,72.92765644565225
2026-07-21T03:42:37.905897+00:00,3817.0,37.0,99.01,33.0,1704.11328125,73.2279939390719
2026-07-21T03:42:38.188707+00:00,3817.0,37.0,98.7,33.0,1704.11328125,73.51080506667495
2026-07-21T03:42:38.493655+00:00,3817.0,36.0,98.73,33.0,1704.125,73.81575359031558
2026-07-21T03:42:38.792980+00:00,3817.0,36.0,98.84,33.0,1704.125,74.11507839336991
2026-07-21T03:42:39.096403+00:00,3817.0,37.0,98.98,33.0,1704.14453125,74.41850028559566
2026-07-21T03:42:39.377564+00:00,3817.0,38.0,98.98,33.0,1704.14453125,74.69966160133481
2026-07-21T03:42:39.676386+00:00,3817.0,37.0,98.97,33.0,1704.14453125,74.99848445132375
2026-07-21T03:42:39.980788+00:00,3817.0,38.0,99.39,33.0,1704.15625,75.30288648605347
2026-07-21T03:42:40.283639+00:00,3817.0,37.0,99.52,33.0,1704.15625,75.60573614388704
2026-07-21T03:42:40.565191+00:00,3817.0,37.0,99.71,33.0,1704.1640625,75.88728827238083
2026-07-21T03:42:40.868622+00:00,3817.0,37.0,99.33,33.0,1704.1640625,76.19071993231773
2026-07-21T03:42:41.150718+00:00,3817.0,38.0,99.14,33.0,1704.1796875,76.47281496599317
2026-07-21T03:42:41.478981+00:00,3817.0,38.0,99.31,33.0,1704.1875,76.80107825994492
2026-07-21T03:42:41.803407+00:00,3817.0,36.0,99.15,33.0,1704.1875,77.12550428509712
2026-07-21T03:42:42.084295+00:00,3817.0,37.0,100.19,33.0,1704.33984375,77.40639175474644
2026-07-21T03:42:42.383671+00:00,3817.0,37.0,99.92,33.0,1704.33984375,77.70576856285334
2026-07-21T03:42:42.665803+00:00,3817.0,38.0,99.78,33.0,1704.34765625,77.98790026828647
2026-07-21T03:42:42.968711+00:00,3817.0,37.0,99.84,33.0,1704.34765625,78.29080889746547
2026-07-21T03:42:43.272368+00:00,3817.0,37.0,99.0,33.0,1704.375,78.59446493536234
2026-07-21T03:42:43.576631+00:00,3817.0,37.0,99.09,33.0,1704.375,78.89872963353992
2026-07-21T03:42:43.927131+00:00,3817.0,37.0,99.03,33.0,1704.37890625,79.24922924116254
2026-07-21T03:42:44.235938+00:00,3817.0,38.0,98.88,33.0,1704.38671875,79.55803643539548
2026-07-21T03:42:44.559169+00:00,3817.0,37.0,99.02,33.0,1704.38671875,79.88126817718148
2026-07-21T03:42:44.882958+00:00,3817.0,37.0,99.32,33.0,1704.39453125,80.20505626127124
2026-07-21T03:42:45.187455+00:00,3817.0,38.0,99.66,33.0,1704.39453125,80.50955272093415
2026-07-21T03:42:45.491483+00:00,3817.0,37.0,99.51,33.0,1704.41015625,80.81358031928539
2026-07-21T03:42:45.818226+00:00,3817.0,38.0,99.66,33.0,1704.41015625,81.14032332226634
2026-07-21T03:42:46.099212+00:00,3817.0,37.0,99.75,33.0,1704.42578125,81.42130966484547
2026-07-21T03:42:46.403141+00:00,3817.0,38.0,99.86,33.0,1704.42578125,81.72523897513747
2026-07-21T03:42:46.709068+00:00,3817.0,35.0,100.6,33.0,1704.58984375,82.03116523474455
2026-07-21T03:42:47.033500+00:00,3817.0,37.0,100.31,33.0,1704.58984375,82.35559786483645
2026-07-21T03:42:47.337147+00:00,3817.0,37.0,100.15,33.0,1704.59765625,82.65924448892474
2026-07-21T03:42:47.618677+00:00,3817.0,37.0,99.86,33.0,1704.60546875,82.9407753944397
2026-07-21T03:42:47.971463+00:00,3817.0,37.0,98.86,33.0,1704.609375,83.29356047138572
2026-07-21T03:42:48.274932+00:00,3817.0,38.0,98.65,33.0,1704.62109375,83.5970306135714
2026-07-21T03:42:48.579819+00:00,3817.0,37.0,98.74,33.0,1704.62109375,83.90191692858934
2026-07-21T03:42:48.881206+00:00,3817.0,38.0,98.96,33.0,1704.63671875,84.20330257341266
2026-07-21T03:42:49.209977+00:00,3817.0,38.0,99.41,33.0,1704.63671875,84.53207468986511
2026-07-21T03:42:49.535545+00:00,3817.0,35.0,99.19,33.0,1704.65234375,84.85764341428876
2026-07-21T03:42:49.836403+00:00,3817.0,36.0,99.01,33.0,1704.65234375,85.15849647670984
2026-07-21T03:42:50.140037+00:00,3817.0,38.0,99.04,33.0,1704.73046875,85.46213497593999
2026-07-21T03:42:50.447572+00:00,3817.0,36.0,98.94,33.0,1704.73828125,85.76966802030802
2026-07-21T03:42:50.753435+00:00,3817.0,37.0,98.95,33.0,1704.73828125,86.07553273066878
2026-07-21T03:42:51.055592+00:00,3817.0,36.0,98.74,33.0,1704.76171875,86.37768961116672
2026-07-21T03:42:51.359839+00:00,3817.0,37.0,98.81,33.0,1704.76171875,86.68193717673421
2026-07-21T03:42:51.679254+00:00,3817.0,38.0,99.08,33.0,1704.77734375,87.00135165080428
2026-07-21T03:42:52.026176+00:00,3819.0,37.0,99.77,33.0,1704.8984375,87.3482738994062
2026-07-21T03:42:52.330096+00:00,3819.0,35.0,99.6,33.0,1704.90625,87.6521840468049
2026-07-21T03:42:52.681893+00:00,3819.0,37.0,99.31,33.0,1704.90625,88.00399096310139
2026-07-21T03:42:52.990030+00:00,3819.0,36.0,98.78,33.0,1704.9140625,88.3121282570064
2026-07-21T03:42:53.316255+00:00,3819.0,37.0,98.74,33.0,1704.9296875,88.63835272938013
2026-07-21T03:42:53.623791+00:00,3819.0,36.0,98.68,33.0,1704.9296875,88.94588949531317
2026-07-21T03:42:53.928128+00:00,3819.0,37.0,98.95,33.0,1704.9453125,89.25022633001208
2026-07-21T03:42:54.230393+00:00,3819.0,37.0,99.28,33.0,1704.9453125,89.55249116197228
2026-07-21T03:42:54.533628+00:00,3819.0,37.0,99.35,33.0,1704.9609375,89.85572539642453
2026-07-21T03:42:54.836906+00:00,3819.0,38.0,99.42,33.0,1704.9609375,90.15900393947959
2026-07-21T03:42:55.122541+00:00,3819.0,37.0,99.29,33.0,1704.96875,90.44463768228889
2026-07-21T03:42:55.428678+00:00,3819.0,31.0,99.33,33.0,1705.18359375,90.75077413022518
2026-07-21T03:42:55.711037+00:00,3819.0,37.0,99.27,33.0,1705.18359375,91.03313422948122
2026-07-21T03:42:56.060135+00:00,3819.0,38.0,99.14,33.0,1705.1875,91.38223305344582
2026-07-21T03:42:56.364711+00:00,3819.0,38.0,99.31,33.0,1705.1875,91.68680976703763
2026-07-21T03:42:56.686176+00:00,3819.0,37.0,98.91,33.0,1705.2109375,92.00827458873391
2026-07-21T03:42:56.991406+00:00,3819.0,37.0,99.12,33.0,1705.2109375,92.313502561301
2026-07-21T03:42:57.295797+00:00,3819.0,38.0,99.09,33.0,1705.23046875,92.61789463460445
2026-07-21T03:42:57.601200+00:00,3819.0,36.0,99.88,33.0,1705.2578125,92.92329719290137
2026-07-21T03:42:57.904403+00:00,3819.0,37.0,99.56,33.0,1705.2578125,93.2265014834702
2026-07-21T03:42:58.185625+00:00,3819.0,38.0,99.48,33.0,1705.26171875,93.50772345811129
2026-07-21T03:42:58.488763+00:00,3819.0,36.0,99.25,33.0,1705.26171875,93.81086079403758
2026-07-21T03:42:58.811632+00:00,3819.0,38.0,98.83,33.0,1705.28515625,94.13372952118516
2026-07-21T03:42:59.119071+00:00,3819.0,35.0,98.69,33.0,1705.28515625,94.44116941839457
2026-07-21T03:42:59.422382+00:00,3819.0,38.0,98.9,33.0,1705.30078125,94.74447989836335
2026-07-21T03:42:59.728048+00:00,3819.0,37.0,98.9,33.0,1705.30078125,95.05014564841986
2026-07-21T03:43:00.017235+00:00,3819.0,38.0,99.06,33.0,1705.31640625,95.33933257311583
2026-07-21T03:43:00.297911+00:00,3819.0,37.0,99.23,33.0,1705.31640625,95.6200089007616
2026-07-21T03:43:00.599782+00:00,3819.0,38.0,99.29,33.0,1705.31640625,95.92188027128577
2026-07-21T03:43:00.922842+00:00,3819.0,37.0,99.56,33.0,1705.33203125,96.24493969231844
2026-07-21T03:43:01.232073+00:00,3819.0,36.0,99.6,33.0,1705.33203125,96.55417108908296
2026-07-21T03:43:01.536339+00:00,3819.0,38.0,99.55,33.0,1705.34765625,96.8584367595613
2026-07-21T03:43:01.836169+00:00,3819.0,37.0,99.29,33.0,1705.34765625,97.15826683863997
2026-07-21T03:43:02.138886+00:00,3819.0,38.0,99.4,33.0,1705.36328125,97.46098262444139
2026-07-21T03:43:02.440296+00:00,3819.0,37.0,99.24,33.0,1705.36328125,97.76239452138543
2026-07-21T03:43:02.721777+00:00,3819.0,38.0,99.48,33.0,1705.37109375,98.0438748896122
2026-07-21T03:43:03.001966+00:00,3819.0,37.0,99.44,33.0,1705.3828125,98.32406349107623
2026-07-21T03:43:03.299436+00:00,3819.0,36.0,99.57,33.0,1705.3828125,98.62153324857354
2026-07-21T03:43:03.600336+00:00,3819.0,38.0,99.75,33.0,1705.390625,98.92243442684412
2026-07-21T03:43:03.878158+00:00,3819.0,38.0,99.85,33.0,1705.390625,99.2002570554614
2026-07-21T03:43:04.203348+00:00,3819.0,37.0,99.94,33.0,1705.40234375,99.52544654533267
2026-07-21T03:43:04.504878+00:00,3819.0,38.0,99.82,33.0,1705.40234375,99.82697609066963
2026-07-21T03:43:04.807537+00:00,3819.0,38.0,99.76,33.0,1705.40625,100.1296349093318
2026-07-21T03:43:05.115080+00:00,3819.0,37.0,100.24,33.0,1705.66015625,100.43717737868428
2026-07-21T03:43:05.432369+00:00,3819.0,38.0,99.83,33.0,1705.66015625,100.7544669918716
2026-07-21T03:43:05.732923+00:00,3819.0,38.0,99.5,33.0,1705.6640625,101.05502076819539
2026-07-21T03:43:06.035257+00:00,3819.0,37.0,98.7,33.0,1705.6640625,101.35735451057553
2026-07-21T03:43:06.340333+00:00,3819.0,37.0,98.63,33.0,1705.68359375,101.66243041679263
2026-07-21T03:43:06.662753+00:00,3819.0,37.0,98.46,33.0,1705.68359375,101.98485084995627
2026-07-21T03:43:07.120116+00:00,3819.0,35.0,98.26,33.0,1705.69921875,102.44221449270844
2026-07-21T03:43:07.463965+00:00,3819.0,35.0,96.2,33.0,1705.69921875,102.78606215491891
2026-07-21T03:43:07.773075+00:00,3819.0,36.0,96.22,33.0,1705.69921875,103.09517296031117
2026-07-21T03:43:08.054935+00:00,3819.0,36.0,97.0,33.0,1705.69921875,103.37703313678503
2026-07-21T03:43:08.381161+00:00,3819.0,37.0,98.74,33.0,1705.69921875,103.70325893908739
2026-07-21T03:43:08.707508+00:00,3819.0,35.0,99.51,33.0,1705.703125,104.02960512042046
2026-07-21T03:43:09.011385+00:00,3819.0,37.0,99.48,33.0,1705.703125,104.3334818482399
2026-07-21T03:43:09.340264+00:00,3819.0,37.0,99.24,33.0,1705.703125,104.6623615771532
2026-07-21T03:43:09.670785+00:00,3819.0,36.0,98.88,33.0,1705.703125,104.99288269132376
2026-07-21T03:43:10.000344+00:00,3819.0,36.0,98.71,33.0,1705.703125,105.32244229316711
2026-07-21T03:43:10.300178+00:00,3819.0,36.0,98.81,33.0,1705.703125,105.62227560579777
2026-07-21T03:43:10.651647+00:00,3819.0,37.0,98.34,33.0,1705.703125,105.97374480962753
2026-07-21T03:43:10.954885+00:00,3819.0,38.0,98.45,33.0,1705.703125,106.27698372676969
2026-07-21T03:43:11.282140+00:00,3819.0,38.0,98.49,33.0,1705.703125,106.60423837602139
2026-07-21T03:43:11.583881+00:00,3819.0,37.0,98.87,33.0,1705.703125,106.90597975626588
2026-07-21T03:43:11.904054+00:00,3819.0,38.0,99.1,33.0,1705.703125,107.22615294903517
2026-07-21T03:43:12.238766+00:00,3819.0,38.0,99.34,33.0,1705.703125,107.56086409837008
2026-07-21T03:43:12.584686+00:00,3819.0,37.0,99.44,33.0,1705.703125,107.9067844375968
2026-07-21T03:43:12.888367+00:00,3819.0,38.0,99.43,33.0,1705.703125,108.21046525239944
2026-07-21T03:43:13.189771+00:00,3819.0,37.0,99.69,33.0,1705.703125,108.51186903938651
2026-07-21T03:43:13.514367+00:00,3819.0,38.0,99.62,33.0,1705.703125,108.83646538853645
2026-07-21T03:43:13.824158+00:00,3819.0,37.0,99.91,33.0,1705.70703125,109.14625495672226
2026-07-21T03:43:14.170042+00:00,3819.0,37.0,99.42,33.0,1705.70703125,109.4921385422349
2026-07-21T03:43:14.452003+00:00,3819.0,38.0,99.26,33.0,1705.70703125,109.77410143613815
2026-07-21T03:43:14.753167+00:00,3819.0,37.0,98.57,33.0,1705.70703125,110.07526372000575
2026-07-21T03:43:15.049428+00:00,3819.0,38.0,98.69,33.0,1705.70703125,110.37152498587966
2026-07-21T03:43:15.353411+00:00,3819.0,37.0,99.07,33.0,1705.70703125,110.67550802603364
2026-07-21T03:43:15.656927+00:00,3819.0,38.0,99.0,33.0,1705.70703125,110.9790250249207
2026-07-21T03:43:15.956337+00:00,3819.0,38.0,98.98,33.0,1705.70703125,111.27843551337719
2026-07-21T03:43:16.306674+00:00,3819.0,38.0,99.18,33.0,1705.70703125,111.62877210974693
2026-07-21T03:43:16.588448+00:00,3819.0,37.0,99.28,33.0,1705.70703125,111.91054594516754
2026-07-21T03:43:16.894033+00:00,3819.0,38.0,99.41,33.0,1705.70703125,112.21613074839115
2026-07-21T03:43:17.245821+00:00,3819.0,37.0,99.84,33.0,1705.70703125,112.56791735440493
2026-07-21T03:43:17.567112+00:00,3819.0,37.0,99.7,33.0,1705.70703125,112.88920955732465
2026-07-21T03:43:17.873536+00:00,3819.0,38.0,99.74,33.0,1705.70703125,113.1956335529685
2026-07-21T03:43:18.189686+00:00,3819.0,37.0,99.11,33.0,1705.70703125,113.51178365200758
2026-07-21T03:43:18.492239+00:00,3819.0,38.0,99.24,33.0,1705.70703125,113.81433643400669
2026-07-21T03:43:18.796541+00:00,3819.0,37.0,99.18,33.0,1705.70703125,114.11863914504647
2026-07-21T03:43:19.127224+00:00,3819.0,38.0,98.94,33.0,1705.70703125,114.44932138174772
2026-07-21T03:43:19.429293+00:00,3819.0,35.0,99.48,33.0,1705.70703125,114.75139066576958
2026-07-21T03:43:19.733245+00:00,3819.0,37.0,99.42,33.0,1705.70703125,115.05534297600389
2026-07-21T03:43:20.041870+00:00,3819.0,38.0,99.55,33.0,1705.70703125,115.36396769806743
2026-07-21T03:43:20.351786+00:00,3819.0,37.0,99.56,33.0,1705.70703125,115.67388386651874
2026-07-21T03:43:20.656967+00:00,3819.0,37.0,98.77,33.0,1705.70703125,115.97906556352973
2026-07-21T03:43:21.016079+00:00,3819.0,38.0,98.62,33.0,1705.7109375,116.33817574009299
2026-07-21T03:43:21.319327+00:00,3819.0,38.0,99.15,33.0,1705.7109375,116.64142584055662
2026-07-21T03:43:21.647162+00:00,3819.0,37.0,99.09,33.0,1705.7109375,116.96926041692495
2026-07-21T03:43:21.952540+00:00,3819.0,38.0,99.13,33.0,1705.7109375,117.27463879808784
2026-07-21T03:43:22.257805+00:00,3819.0,37.0,98.87,33.0,1705.7109375,117.57990239188075
2026-07-21T03:43:22.578886+00:00,3819.0,37.0,98.9,33.0,1705.7109375,117.90098367258906
2026-07-21T03:43:22.879624+00:00,3819.0,36.0,98.89,33.0,1705.7109375,118.20172179117799
2026-07-21T03:43:23.234108+00:00,3819.0,37.0,98.99,33.0,1705.7109375,118.55620527639985
2026-07-21T03:43:23.562259+00:00,3819.0,38.0,98.88,33.0,1705.7109375,118.88435528799891
2026-07-21T03:43:23.869171+00:00,3819.0,34.0,98.6,33.0,1705.76171875,119.19126749783754
2026-07-21T03:43:24.171945+00:00,3819.0,37.0,98.09,33.0,1705.76171875,119.49404304847121
2026-07-21T03:43:24.479770+00:00,3819.0,36.0,98.18,33.0,1705.76171875,119.80186657235026
2026-07-21T03:43:24.804044+00:00,3819.0,37.0,98.25,33.0,1705.76171875,120.12614099308848
2026-07-21T03:43:25.135782+00:00,3819.0,38.0,98.3,33.0,1705.76171875,120.45788006484509
2026-07-21T03:43:25.458011+00:00,3819.0,36.0,98.11,33.0,1705.76171875,120.78010892495513
2026-07-21T03:43:25.762498+00:00,3819.0,37.0,98.94,33.0,1705.765625,121.08459464088082
2026-07-21T03:43:26.110552+00:00,3819.0,36.0,99.11,33.0,1705.765625,121.43264960870147
2026-07-21T03:43:26.435128+00:00,3819.0,36.0,99.46,33.0,1705.765625,121.75722637027502
2026-07-21T03:43:26.741568+00:00,3819.0,37.0,98.67,33.0,1705.765625,122.06366679444909
2026-07-21T03:43:27.087041+00:00,3819.0,37.0,98.74,33.0,1705.765625,122.40913012623787
2026-07-21T03:43:27.391479+00:00,3819.0,37.0,98.47,33.0,1705.765625,122.71357759460807
2026-07-21T03:43:27.718841+00:00,3819.0,37.0,98.21,33.0,1705.765625,123.04093857109547
2026-07-21T03:43:28.023106+00:00,3819.0,38.0,98.56,33.0,1705.765625,123.34520420432091
2026-07-21T03:43:28.347833+00:00,3819.0,37.0,98.59,33.0,1705.81640625,123.66993126273155
2026-07-21T03:43:28.652389+00:00,3819.0,37.0,98.86,33.0,1705.81640625,123.97448729723692
2026-07-21T03:43:28.934281+00:00,3819.0,37.0,98.69,33.0,1705.81640625,124.2563802190125
2026-07-21T03:43:29.287783+00:00,3819.0,37.0,98.68,33.0,1705.81640625,124.60987982153893
2026-07-21T03:43:29.569144+00:00,3819.0,37.0,98.67,33.0,1705.81640625,124.89124306663871
2026-07-21T03:43:29.871978+00:00,3819.0,37.0,98.75,33.0,1705.81640625,125.19407606497407
2026-07-21T03:43:30.152904+00:00,3819.0,36.0,99.25,33.0,1705.8203125,125.47500132024288
2026-07-21T03:43:30.434148+00:00,3819.0,37.0,99.39,33.0,1705.8203125,125.75624636933208
2026-07-21T03:43:30.732452+00:00,3819.0,38.0,99.46,33.0,1705.8203125,126.05455106496811
2026-07-21T03:43:31.061442+00:00,3819.0,37.0,98.96,33.0,1705.8203125,126.38354063779116
2026-07-21T03:43:31.397909+00:00,3819.0,37.0,98.81,33.0,1705.83203125,126.72000644356012
2026-07-21T03:43:31.700262+00:00,3819.0,37.0,98.74,33.0,1705.83203125,127.02236003056169
2026-07-21T03:43:32.003422+00:00,3819.0,36.0,98.96,33.0,1705.8359375,127.32551994547248
2026-07-21T03:43:32.307248+00:00,3819.0,38.0,98.82,33.0,1705.8359375,127.62934696301818
2026-07-21T03:43:32.612029+00:00,3819.0,37.0,98.93,33.0,1705.8359375,127.93412710726261
2026-07-21T03:43:32.892676+00:00,3819.0,38.0,98.96,33.0,1705.8359375,128.21477364748716
2026-07-21T03:43:33.219231+00:00,3819.0,37.0,98.96,33.0,1705.8359375,128.54132952541113
2026-07-21T03:43:33.572005+00:00,3819.0,37.0,98.96,33.0,1705.8359375,128.89410227909684
2026-07-21T03:43:33.876709+00:00,3819.0,38.0,98.62,33.0,1705.8359375,129.198807310313
2026-07-21T03:43:34.158599+00:00,3819.0,36.0,99.2,33.0,1705.83984375,129.48069615662098
2026-07-21T03:43:34.477418+00:00,3819.0,37.0,99.15,33.0,1705.83984375,129.79951582476497
2026-07-21T03:43:34.776813+00:00,3819.0,38.0,99.38,33.0,1705.83984375,130.0989107862115
2026-07-21T03:43:35.098081+00:00,3819.0,37.0,99.02,33.0,1705.83984375,130.42017871886492
2026-07-21T03:43:35.422046+00:00,3819.0,38.0,98.95,33.0,1705.83984375,130.74414429068565
2026-07-21T03:43:35.728984+00:00,3819.0,38.0,99.38,33.0,1705.84375,131.0510811433196
2026-07-21T03:43:36.054412+00:00,3819.0,37.0,99.25,33.0,1705.84375,131.37650809437037
2026-07-21T03:43:36.336739+00:00,3819.0,38.0,99.08,33.0,1705.84375,131.65883623436093
2026-07-21T03:43:36.640607+00:00,3819.0,37.0,98.62,33.0,1705.84375,131.9627053923905
2026-07-21T03:43:36.922893+00:00,3819.0,38.0,98.37,33.0,1705.84375,132.24499099329114
2026-07-21T03:43:37.249204+00:00,3819.0,37.0,98.34,33.0,1705.859375,132.571302074939
2026-07-21T03:43:37.548043+00:00,3819.0,37.0,98.75,33.0,1705.859375,132.87014142423868
2026-07-21T03:43:37.898699+00:00,3819.0,36.0,98.64,33.0,1705.859375,133.2207972817123
2026-07-21T03:43:38.180431+00:00,3819.0,37.0,98.42,33.0,1705.859375,133.50252883508801
2026-07-21T03:43:38.479136+00:00,3819.0,37.0,98.47,33.0,1705.859375,133.80123446509242
2026-07-21T03:43:38.786019+00:00,3819.0,38.0,98.69,33.0,1705.859375,134.10811582952738
2026-07-21T03:43:39.113635+00:00,3819.0,38.0,98.99,33.0,1706.02734375,134.43573259189725
2026-07-21T03:43:39.459174+00:00,3819.0,37.0,98.89,33.0,1706.02734375,134.78127210587263
2026-07-21T03:43:39.761057+00:00,3819.0,37.0,98.85,33.0,1706.02734375,135.08315460011363
2026-07-21T03:43:40.079960+00:00,3819.0,37.0,98.39,33.0,1706.03125,135.40205686539412
2026-07-21T03:43:40.384253+00:00,3819.0,36.0,98.53,33.0,1706.03125,135.7063500098884
2026-07-21T03:43:40.690256+00:00,3819.0,37.0,98.44,33.0,1706.03125,136.01235426962376
2026-07-21T03:43:40.974010+00:00,3819.0,36.0,98.93,33.0,1706.0859375,136.29610792919993
2026-07-21T03:43:41.276679+00:00,3819.0,37.0,98.65,33.0,1706.0859375,136.5987770408392
2026-07-21T03:43:41.583464+00:00,3819.0,37.0,98.57,33.0,1706.0859375,136.9055617377162
2026-07-21T03:43:41.884704+00:00,3819.0,35.0,98.08,33.0,1706.0859375,137.20680007338524
2026-07-21T03:43:42.210531+00:00,3819.0,34.0,97.82,33.0,1706.0859375,137.53262846544385
2026-07-21T03:43:42.563159+00:00,3819.0,34.0,98.14,33.0,1706.17578125,137.88525635004044
2026-07-21T03:43:42.915693+00:00,3819.0,37.0,98.07,33.0,1706.17578125,138.23778998479247
2026-07-21T03:43:43.246751+00:00,3819.0,36.0,98.4,33.0,1706.17578125,138.56884808838367
2026-07-21T03:43:43.553978+00:00,3819.0,37.0,98.16,33.0,1706.17578125,138.87607595324516
2026-07-21T03:43:43.883110+00:00,3819.0,37.0,98.69,33.0,1706.19921875,139.2052070721984
2026-07-21T03:43:44.226928+00:00,3819.0,36.0,98.62,33.0,1706.19921875,139.54902468249202
2026-07-21T03:43:44.532206+00:00,3819.0,37.0,98.76,33.0,1706.19921875,139.8543035760522
2026-07-21T03:43:44.854197+00:00,3819.0,37.0,98.63,33.0,1706.19921875,140.17629465460777
2026-07-21T03:43:45.159766+00:00,3819.0,38.0,98.88,33.0,1706.19921875,140.48186396062374
2026-07-21T03:43:45.464676+00:00,3819.0,38.0,99.01,33.0,1706.19921875,140.78677335381508
2026-07-21T03:43:45.747961+00:00,3819.0,29.0,99.3,33.0,1706.203125,141.07005893066525
2026-07-21T03:43:46.069800+00:00,3819.0,37.0,99.28,33.0,1706.203125,141.39189783483744
2026-07-21T03:43:46.394537+00:00,3819.0,35.0,99.03,33.0,1706.203125,141.7166352495551
2026-07-21T03:43:46.714651+00:00,3819.0,38.0,98.78,33.0,1706.203125,142.03674829751253
2026-07-21T03:43:47.023047+00:00,3819.0,37.0,98.64,33.0,1706.203125,142.34514551237226
2026-07-21T03:43:47.323166+00:00,3819.0,38.0,98.82,33.0,1706.203125,142.64526449888945
2026-07-21T03:43:47.629062+00:00,3819.0,37.0,98.9,33.0,1706.203125,142.9511601291597
2026-07-21T03:43:47.911662+00:00,3819.0,38.0,99.09,33.0,1706.203125,143.23376018553972
2026-07-21T03:43:48.215875+00:00,3819.0,37.0,99.28,33.0,1706.203125,143.53797220811248
2026-07-21T03:43:48.515826+00:00,3819.0,35.0,99.69,33.0,1706.453125,143.837923951447
2026-07-21T03:43:48.820977+00:00,3819.0,38.0,99.52,33.0,1706.453125,144.1430752761662
2026-07-21T03:43:49.121350+00:00,3819.0,37.0,99.06,33.0,1706.453125,144.4434475339949
2026-07-21T03:43:49.443002+00:00,3819.0,38.0,98.45,33.0,1706.453125,144.7650989703834
2026-07-21T03:43:49.766942+00:00,3819.0,38.0,98.67,33.0,1706.453125,145.08904027938843
2026-07-21T03:43:50.111563+00:00,3819.0,37.0,98.79,33.0,1706.453125,145.43366124853492
2026-07-21T03:43:50.411811+00:00,3819.0,37.0,98.93,33.0,1706.453125,145.73390940204263
2026-07-21T03:43:50.754307+00:00,3819.0,38.0,98.72,33.0,1706.453125,146.07640510424972
2026-07-21T03:43:51.055995+00:00,3819.0,37.0,98.61,33.0,1706.453125,146.37809294089675
2026-07-21T03:43:51.359111+00:00,3819.0,37.0,99.34,33.0,1706.51171875,146.6812070980668
2026-07-21T03:43:51.661074+00:00,3819.0,38.0,99.44,33.0,1706.51171875,146.9831722639501
2026-07-21T03:43:51.964056+00:00,3819.0,38.0,99.49,33.0,1706.51171875,147.28615415096283
2026-07-21T03:43:52.310448+00:00,3819.0,37.0,98.74,33.0,1706.51171875,147.63254663348198
2026-07-21T03:43:52.616436+00:00,3819.0,38.0,98.56,33.0,1706.51171875,147.93853363767266
2026-07-21T03:43:52.963419+00:00,3819.0,36.0,98.38,33.0,1706.51171875,148.28551645949483
2026-07-21T03:43:53.267823+00:00,3819.0,37.0,99.08,33.0,1706.55078125,148.58992079272866
2026-07-21T03:43:53.572417+00:00,3819.0,38.0,99.21,33.0,1706.55078125,148.8945148512721
2026-07-21T03:43:53.877222+00:00,3819.0,37.0,99.19,33.0,1706.55078125,149.19931884482503
2026-07-21T03:43:54.176372+00:00,3819.0,38.0,98.76,33.0,1706.55078125,149.498469337821
2026-07-21T03:43:54.458440+00:00,3819.0,37.0,98.89,33.0,1706.55078125,149.78053756058216
2026-07-21T03:43:54.758316+00:00,3819.0,37.0,98.93,33.0,1706.55078125,150.0804136171937
2026-07-21T03:43:55.106368+00:00,3819.0,37.0,99.49,33.0,1706.6484375,150.42846421524882
2026-07-21T03:43:55.434057+00:00,3819.0,38.0,99.44,33.0,1706.6484375,150.75615602731705
2026-07-21T03:43:55.786091+00:00,3819.0,37.0,99.18,33.0,1706.6484375,151.1081870533526
2026-07-21T03:43:56.139918+00:00,3819.0,37.0,98.67,33.0,1706.6484375,151.46201476454735
2026-07-21T03:43:56.444465+00:00,3819.0,38.0,98.82,33.0,1706.6484375,151.76656281203032
2026-07-21T03:43:56.763319+00:00,3819.0,37.0,98.97,33.0,1706.6484375,152.0854177325964
2026-07-21T03:43:57.063347+00:00,3819.0,37.0,98.96,33.0,1706.6484375,152.3854458257556
2026-07-21T03:43:57.349169+00:00,3819.0,38.0,98.78,33.0,1706.6484375,152.6712671779096
2026-07-21T03:43:57.648880+00:00,3819.0,36.0,98.91,33.0,1706.6484375,152.9709784425795
2026-07-21T03:43:57.991553+00:00,3819.0,36.0,99.41,33.0,1706.76171875,153.31365034729242
2026-07-21T03:43:58.295449+00:00,3819.0,38.0,99.72,33.0,1706.76171875,153.617547146976
2026-07-21T03:43:58.598746+00:00,3819.0,36.0,99.44,33.0,1706.76171875,153.92084414884448
2026-07-21T03:43:58.922998+00:00,3819.0,38.0,98.79,33.0,1706.76171875,154.24509570747614
2026-07-21T03:43:59.230251+00:00,3819.0,38.0,98.61,33.0,1706.76171875,154.55234787613153
2026-07-21T03:43:59.578833+00:00,3819.0,36.0,98.77,33.0,1706.76171875,154.9009308181703
2026-07-21T03:43:59.885634+00:00,3819.0,38.0,98.82,33.0,1706.76171875,155.20773246884346
2026-07-21T03:44:00.240927+00:00,3819.0,37.0,98.83,33.0,1706.76171875,155.56302456185222
2026-07-21T03:44:00.567758+00:00,3819.0,38.0,99.08,33.0,1706.76171875,155.8898559808731
2026-07-21T03:44:00.887666+00:00,3819.0,35.0,99.04,33.0,1706.76171875,156.20976385101676
2026-07-21T03:44:01.240327+00:00,3819.0,37.0,99.26,33.0,1706.76171875,156.56242425739765
2026-07-21T03:44:01.590803+00:00,3819.0,37.0,98.81,33.0,1706.76171875,156.91290114820004
2026-07-21T03:44:01.895954+00:00,3819.0,37.0,98.82,33.0,1707.15234375,157.21805134415627
2026-07-21T03:44:02.201220+00:00,3819.0,38.0,99.19,33.0,1707.15234375,157.52331775426865
2026-07-21T03:44:02.505589+00:00,3819.0,36.0,99.15,33.0,1707.15234375,157.82768695801497
2026-07-21T03:44:02.814402+00:00,3819.0,37.0,98.97,33.0,1707.15234375,158.13649993389845
2026-07-21T03:44:03.121364+00:00,3819.0,35.0,98.32,33.0,1707.15234375,158.44346254318953
2026-07-21T03:44:03.442193+00:00,3819.0,35.0,98.44,33.0,1707.15234375,158.76429092884064
2026-07-21T03:44:03.784270+00:00,3819.0,37.0,98.65,33.0,1707.15234375,159.10636784881353
2026-07-21T03:44:04.084909+00:00,3819.0,33.0,98.67,33.0,1707.15234375,159.40700666606426
2026-07-21T03:44:04.429640+00:00,3819.0,36.0,97.6,33.0,1707.15234375,159.75173817947507
2026-07-21T03:44:04.736019+00:00,3819.0,38.0,97.74,33.0,1707.15234375,160.0581170655787
2026-07-21T03:44:05.050335+00:00,3819.0,36.0,97.93,33.0,1707.15234375,160.37243323773146
2026-07-21T03:44:05.377742+00:00,3819.0,37.0,98.84,33.0,1707.15234375,160.6998409256339
2026-07-21T03:44:05.684562+00:00,3819.0,37.0,98.9,33.0,1707.15234375,161.0066611021757
2026-07-21T03:44:05.968632+00:00,3819.0,35.0,98.89,33.0,1707.15234375,161.2907292433083
2026-07-21T03:44:06.273563+00:00,3819.0,37.0,99.18,33.0,1707.15234375,161.5956607758999
2026-07-21T03:44:06.622762+00:00,3819.0,37.0,99.17,33.0,1707.15234375,161.94486072286963
2026-07-21T03:44:06.928826+00:00,3819.0,37.0,99.24,33.0,1707.15234375,162.250923730433
2026-07-21T03:44:07.237190+00:00,3819.0,37.0,99.35,33.0,1707.15234375,162.55928807333112
2026-07-21T03:44:07.566455+00:00,3819.0,37.0,99.41,33.0,1707.15234375,162.8885524570942
2026-07-21T03:44:07.850893+00:00,3819.0,33.0,100.18,33.0,1707.27734375,163.17298963293433
2026-07-21T03:44:08.133387+00:00,3819.0,35.0,99.83,33.0,1707.27734375,163.4554855041206
2026-07-21T03:44:08.435845+00:00,3819.0,36.0,99.68,33.0,1707.28515625,163.75794111192226
2026-07-21T03:44:08.745722+00:00,3819.0,36.0,99.32,33.0,1707.28515625,164.067819673568
2026-07-21T03:44:09.094640+00:00,3819.0,37.0,98.71,33.0,1707.28515625,164.41673730686307
2026-07-21T03:44:09.419328+00:00,3819.0,37.0,98.55,33.0,1707.28515625,164.74142605811357
2026-07-21T03:44:09.746775+00:00,3819.0,36.0,98.83,33.0,1707.28515625,165.068872962147
2026-07-21T03:44:10.076197+00:00,3819.0,35.0,98.89,33.0,1707.28515625,165.3982950001955
2026-07-21T03:44:10.408436+00:00,3819.0,36.0,98.77,33.0,1707.28515625,165.7305338382721
2026-07-21T03:44:10.713075+00:00,3819.0,36.0,98.62,33.0,1707.28515625,166.0351728387177
2026-07-21T03:44:11.021808+00:00,3819.0,37.0,98.43,33.0,1707.28515625,166.34390680491924
2026-07-21T03:44:11.328371+00:00,3819.0,36.0,98.61,33.0,1707.28515625,166.6504684947431
2026-07-21T03:44:11.679605+00:00,3819.0,36.0,98.82,33.0,1707.28515625,167.00170323997736
2026-07-21T03:44:11.993030+00:00,3819.0,38.0,98.71,33.0,1707.28515625,167.31512647494674
2026-07-21T03:44:12.323817+00:00,3819.0,35.0,98.67,33.0,1707.28515625,167.64591451734304
2026-07-21T03:44:12.629845+00:00,3819.0,36.0,98.55,33.0,1707.28515625,167.95193372666836
2026-07-21T03:44:12.937326+00:00,3819.0,33.0,99.23,33.0,1707.41015625,168.25941804796457
2026-07-21T03:44:13.248149+00:00,3819.0,36.0,99.04,33.0,1707.41015625,168.57024715468287
2026-07-21T03:44:13.552911+00:00,3819.0,35.0,98.89,33.0,1707.41015625,168.8750092536211
2026-07-21T03:44:13.885524+00:00,3819.0,29.0,97.1,33.0,1707.41015625,169.20762161538005
2026-07-21T03:44:14.194144+00:00,3819.0,36.0,97.46,33.0,1707.41015625,169.51624188944697
2026-07-21T03:44:14.549096+00:00,3819.0,35.0,97.5,33.0,1707.41015625,169.8711943924427
2026-07-21T03:44:14.854518+00:00,3819.0,37.0,98.52,33.0,1707.4140625,170.17661616578698
2026-07-21T03:44:15.159926+00:00,3819.0,37.0,98.49,33.0,1707.4140625,170.48202396929264
2026-07-21T03:44:15.511415+00:00,3819.0,35.0,98.87,33.0,1707.4140625,170.83351262658834
2026-07-21T03:44:15.864103+00:00,3819.0,37.0,99.07,33.0,1707.4140625,171.18620075285435
2026-07-21T03:44:16.190726+00:00,3819.0,36.0,99.14,33.0,1707.41796875,171.51282366737723
2026-07-21T03:44:16.494827+00:00,3819.0,38.0,99.06,33.0,1707.41796875,171.81692575663328
2026-07-21T03:44:16.815032+00:00,3819.0,36.0,98.65,33.0,1707.41796875,172.13712864741683
2026-07-21T03:44:17.122030+00:00,3819.0,36.0,98.5,33.0,1707.41796875,172.4441272392869
2026-07-21T03:44:17.451236+00:00,3819.0,37.0,98.6,33.0,1707.41796875,172.773333709687
2026-07-21T03:44:17.757465+00:00,3819.0,36.0,98.97,33.0,1707.41796875,173.0795614719391
2026-07-21T03:44:18.110296+00:00,3819.0,36.0,99.27,33.0,1707.41796875,173.43239359930158
2026-07-21T03:44:18.459651+00:00,3819.0,38.0,99.31,33.0,1707.41796875,173.7817486152053
2026-07-21T03:44:18.812180+00:00,3819.0,36.0,99.34,33.0,1707.41796875,174.13427747413516
2026-07-21T03:44:19.121822+00:00,3819.0,35.0,99.83,33.0,1707.5625,174.44392028823495
2026-07-21T03:44:19.428399+00:00,3819.0,35.0,99.6,33.0,1707.5625,174.7504974976182
2026-07-21T03:44:19.733991+00:00,3819.0,36.0,99.26,33.0,1707.5625,175.05608915537596
2026-07-21T03:44:20.041229+00:00,3819.0,37.0,98.46,33.0,1707.5625,175.36332612484694
2026-07-21T03:44:20.357701+00:00,3819.0,36.0,98.22,33.0,1707.5625,175.67979798093438
2026-07-21T03:44:20.686250+00:00,3819.0,37.0,98.39,33.0,1707.5625,176.00834786519408
2026-07-21T03:44:21.037530+00:00,3819.0,34.0,98.76,33.0,1707.5625,176.35962798073888
2026-07-21T03:44:21.340777+00:00,3819.0,35.0,99.17,33.0,1707.5625,176.66287509724498
2026-07-21T03:44:21.667769+00:00,3819.0,37.0,99.33,33.0,1707.5625,176.98986698687077
2026-07-21T03:44:21.975701+00:00,3819.0,37.0,99.04,33.0,1707.5625,177.2977983765304
2026-07-21T03:44:22.300503+00:00,3819.0,37.0,98.87,33.0,1707.69140625,177.62259871512651
2026-07-21T03:44:22.632078+00:00,3819.0,37.0,99.22,33.0,1707.69140625,177.95417498797178
2026-07-21T03:44:22.918532+00:00,3819.0,37.0,98.94,33.0,1707.69140625,178.24063004925847
2026-07-21T03:44:23.242068+00:00,3819.0,36.0,98.7,33.0,1707.69140625,178.56416661292315
2026-07-21T03:44:23.549236+00:00,3819.0,36.0,97.96,33.0,1707.69140625,178.87133520841599
2026-07-21T03:44:23.853447+00:00,3819.0,37.0,98.22,33.0,1707.69140625,179.17554487287998
2026-07-21T03:44:24.159736+00:00,3819.0,35.0,98.26,33.0,1707.69140625,179.4818340241909
2026-07-21T03:44:24.465218+00:00,3819.0,36.0,98.75,33.0,1707.69140625,179.78731636703014
2026-07-21T03:44:24.768410+00:00,3819.0,37.0,98.89,33.0,1707.69140625,180.09050878882408
2026-07-21T03:44:25.067556+00:00,3819.0,35.0,99.13,33.0,1707.69140625,180.389653313905
2026-07-21T03:44:25.398409+00:00,3819.0,35.0,98.69,33.0,1707.69140625,180.72050609067082
2026-07-21T03:44:25.727300+00:00,3819.0,35.0,98.18,33.0,1707.69140625,181.0493964329362
2026-07-21T03:44:26.038231+00:00,3819.0,36.0,97.88,33.0,1707.69140625,181.36032981425524
2026-07-21T03:44:26.348809+00:00,3819.0,35.0,98.12,33.0,1707.6953125,181.67090743407607
2026-07-21T03:44:26.653130+00:00,3819.0,23.0,97.35,33.0,1707.6953125,181.97522837668657
2026-07-21T03:44:26.974894+00:00,3819.0,33.0,97.56,33.0,1707.83203125,182.2969912365079
2026-07-21T03:44:27.284146+00:00,3819.0,36.0,97.77,33.0,1707.8359375,182.60624503344297
2026-07-21T03:44:27.588812+00:00,3819.0,35.0,98.19,33.0,1707.8359375,182.9109095595777
2026-07-21T03:44:27.915682+00:00,3819.0,36.0,98.77,33.0,1707.83984375,183.2377788722515
2026-07-21T03:44:28.270495+00:00,3819.0,37.0,98.27,33.0,1707.83984375,183.5925912745297
2026-07-21T03:44:28.624834+00:00,3819.0,20.0,97.46,33.0,1707.83984375,183.94693152606487
2026-07-21T03:44:28.957347+00:00,3819.0,36.0,97.44,33.0,1707.83984375,184.27944526448846
2026-07-21T03:44:29.286386+00:00,3819.0,35.0,97.62,33.0,1707.84375,184.60848389193416
2026-07-21T03:44:29.593099+00:00,3819.0,36.0,98.9,33.0,1707.87109375,184.9151963815093
2026-07-21T03:44:29.919342+00:00,3819.0,35.0,98.87,33.0,1707.87109375,185.24143953248858
2026-07-21T03:44:30.228649+00:00,3819.0,36.0,98.61,33.0,1707.87109375,185.55074648186564
2026-07-21T03:44:30.531391+00:00,3819.0,35.0,98.21,33.0,1707.87109375,185.85348580405116
2026-07-21T03:44:30.838522+00:00,3819.0,37.0,98.51,33.0,1707.87109375,186.16061985492706
2026-07-21T03:44:31.144630+00:00,3819.0,37.0,98.61,33.0,1707.87109375,186.46672877296805
2026-07-21T03:44:31.466569+00:00,3819.0,36.0,98.7,33.0,1707.87890625,186.78866734728217
2026-07-21T03:44:31.772729+00:00,3819.0,36.0,99.09,33.0,1708.00390625,187.0948262810707
2026-07-21T03:44:32.075806+00:00,3819.0,36.0,99.01,33.0,1708.00390625,187.39790474250913
2026-07-21T03:44:32.381487+00:00,3819.0,36.0,98.71,33.0,1708.00390625,187.70358530059457
2026-07-21T03:44:32.665910+00:00,3819.0,36.0,98.73,33.0,1708.00390625,187.98800856247544
2026-07-21T03:44:32.972811+00:00,3819.0,37.0,98.29,33.0,1708.0078125,188.2949090451002
2026-07-21T03:44:33.295823+00:00,3819.0,37.0,98.45,33.0,1708.0078125,188.6179207228124
2026-07-21T03:44:33.647514+00:00,3819.0,36.0,98.56,33.0,1708.01171875,188.9696125611663
2026-07-21T03:44:33.953653+00:00,3819.0,36.0,98.36,33.0,1708.01171875,189.2757504992187
2026-07-21T03:44:34.259606+00:00,3819.0,36.0,98.99,33.0,1708.1015625,189.58170449733734
2026-07-21T03:44:34.543049+00:00,3819.0,37.0,98.99,33.0,1708.1015625,189.8651478663087
2026-07-21T03:44:34.896099+00:00,3819.0,36.0,99.05,33.0,1708.1015625,190.21819661930203
2026-07-21T03:44:35.199241+00:00,3819.0,35.0,98.46,33.0,1708.10546875,190.52133950591087
2026-07-21T03:44:35.504731+00:00,3819.0,32.0,98.92,33.0,1708.12890625,190.82682913541794
2026-07-21T03:44:35.809849+00:00,3819.0,36.0,99.26,33.0,1708.12890625,191.13194513693452
2026-07-21T03:44:36.145481+00:00,3819.0,34.0,99.03,33.0,1708.12890625,191.46757805347443
2026-07-21T03:44:36.478085+00:00,3819.0,36.0,98.83,33.0,1708.140625,191.80018274858594
2026-07-21T03:44:36.803834+00:00,3819.0,34.0,98.1,33.0,1708.140625,192.12593200802803
2026-07-21T03:44:37.106633+00:00,3819.0,37.0,98.15,33.0,1708.14453125,192.4287311322987
2026-07-21T03:44:37.412540+00:00,3819.0,36.0,98.44,33.0,1708.15234375,192.73463832587004
2026-07-21T03:44:37.746754+00:00,3819.0,37.0,98.46,33.0,1708.15234375,193.06885247677565
2026-07-21T03:44:38.098733+00:00,3819.0,36.0,98.67,33.0,1708.16015625,193.42083076015115
2026-07-21T03:44:38.403972+00:00,3819.0,36.0,98.5,33.0,1708.16015625,193.72607055678964
2026-07-21T03:44:38.761139+00:00,3819.0,32.0,98.76,33.0,1708.26171875,194.08323583379388
2026-07-21T03:44:39.090464+00:00,3819.0,36.0,98.31,33.0,1708.26171875,194.412561904639
2026-07-21T03:44:39.418168+00:00,3819.0,36.0,98.25,33.0,1708.2734375,194.74026643112302
2026-07-21T03:44:39.724747+00:00,3819.0,37.0,97.98,33.0,1708.2734375,195.04684587195516
2026-07-21T03:44:40.051988+00:00,3819.0,37.0,98.28,33.0,1708.29296875,195.3740865290165
2026-07-21T03:44:40.383328+00:00,3819.0,35.0,98.32,33.0,1708.29296875,195.7054259777069
2026-07-21T03:44:40.688373+00:00,3819.0,36.0,98.19,33.0,1708.296875,196.01047115772963
2026-07-21T03:44:40.992682+00:00,3819.0,37.0,98.3,33.0,1708.3046875,196.3147804737091
2026-07-21T03:44:41.295273+00:00,3819.0,37.0,98.43,33.0,1708.3046875,196.6173712424934
2026-07-21T03:44:41.603810+00:00,3819.0,37.0,98.72,33.0,1708.31640625,196.92590728402138
2026-07-21T03:44:41.932012+00:00,3819.0,38.0,98.73,33.0,1708.31640625,197.2541094906628
2026-07-21T03:44:42.237247+00:00,3819.0,37.0,98.62,33.0,1708.33203125,197.55934562534094
2026-07-21T03:44:42.564793+00:00,3819.0,37.0,98.56,33.0,1708.33203125,197.88689070940018
2026-07-21T03:44:42.892160+00:00,3819.0,37.0,98.63,33.0,1708.34375,198.21425779536366
2026-07-21T03:44:43.174802+00:00,3819.0,37.0,98.59,33.0,1708.34375,198.49690002948046
2026-07-21T03:44:43.480773+00:00,3819.0,36.0,98.72,33.0,1708.34765625,198.80287113413215
2026-07-21T03:44:43.802892+00:00,3819.0,37.0,99.17,33.0,1708.484375,199.12498991191387
2026-07-21T03:44:44.128972+00:00,3819.0,36.0,99.19,33.0,1708.48828125,199.45107088238
2026-07-21T03:44:44.432276+00:00,3819.0,37.0,99.27,33.0,1708.5,199.75437461957335
2026-07-21T03:44:44.784052+00:00,3819.0,37.0,98.72,33.0,1708.5,200.10614946857095
2026-07-21T03:44:45.083469+00:00,3819.0,37.0,98.77,33.0,1708.5078125,200.40556732192636
2026-07-21T03:44:45.430241+00:00,3819.0,37.0,98.72,33.0,1708.5078125,200.7523388378322
2026-07-21T03:44:45.737275+00:00,3819.0,36.0,98.82,33.0,1708.5234375,201.0593732446432
2026-07-21T03:44:46.025362+00:00,3819.0,37.0,98.75,33.0,1708.5234375,201.34746050834656
2026-07-21T03:44:46.308433+00:00,3819.0,37.0,98.87,33.0,1708.52734375,201.6305314078927
2026-07-21T03:44:46.592076+00:00,3819.0,37.0,98.83,33.0,1708.546875,201.914174169302
2026-07-21T03:44:46.897899+00:00,3819.0,35.0,98.56,33.0,1708.546875,202.21999680250883
2026-07-21T03:44:47.180570+00:00,3819.0,36.0,98.46,33.0,1708.5546875,202.5026676096022
2026-07-21T03:44:47.507063+00:00,3819.0,37.0,98.53,33.0,1708.5546875,202.82916216924787
2026-07-21T03:44:47.812396+00:00,3819.0,37.0,98.85,33.0,1708.78515625,203.13449351489544
2026-07-21T03:44:48.095750+00:00,3819.0,37.0,99.03,33.0,1708.78515625,203.41784805059433
2026-07-21T03:44:48.400472+00:00,3819.0,37.0,98.82,33.0,1708.7890625,203.7225706540048
2026-07-21T03:44:48.704269+00:00,3819.0,36.0,98.32,33.0,1708.8046875,204.02636616304517
2026-07-21T03:44:49.010070+00:00,3819.0,37.0,98.34,33.0,1708.8046875,204.33216728270054
2026-07-21T03:44:49.410010+00:00,3819.0,37.0,97.59,33.0,1708.82421875,204.7321082688868
2026-07-21T03:44:49.695536+00:00,3819.0,37.0,96.37,33.0,1708.8203125,205.01763425022364
2026-07-21T03:44:50.027944+00:00,3819.0,37.0,96.19,33.0,1708.8203125,205.35004180297256
2026-07-21T03:44:50.332778+00:00,3819.0,37.0,96.7,33.0,1708.8203125,205.6548757441342
2026-07-21T03:44:50.617251+00:00,3819.0,37.0,98.45,33.0,1708.8203125,205.93934842944145
2026-07-21T03:44:50.926032+00:00,3819.0,37.0,98.39,33.0,1708.8203125,206.24812975898385
2026-07-21T03:44:51.278538+00:00,3819.0,36.0,98.57,33.0,1708.8203125,206.60063554346561
2026-07-21T03:44:51.607569+00:00,3819.0,35.0,98.76,33.0,1708.82421875,206.92966574057937
2026-07-21T03:44:51.934957+00:00,3819.0,36.0,98.66,33.0,1708.82421875,207.25705462694168
2026-07-21T03:44:52.264252+00:00,3819.0,35.0,98.64,33.0,1708.82421875,207.58634939417243
2026-07-21T03:44:52.614724+00:00,3819.0,38.0,98.34,33.0,1708.82421875,207.93682148307562
2026-07-21T03:44:52.921592+00:00,3819.0,36.0,98.51,33.0,1708.82421875,208.24368960037827
2026-07-21T03:44:53.205078+00:00,3819.0,37.0,98.58,33.0,1708.82421875,208.5271761789918
2026-07-21T03:44:53.515027+00:00,3819.0,37.0,98.24,33.0,1708.82421875,208.8371246382594
2026-07-21T03:44:53.821223+00:00,3819.0,36.0,98.11,33.0,1708.82421875,209.1433201134205
2026-07-21T03:44:54.136594+00:00,3819.0,37.0,98.25,33.0,1708.82421875,209.45869278162718
2026-07-21T03:44:54.440778+00:00,3819.0,36.0,98.32,33.0,1708.82421875,209.76287639141083
2026-07-21T03:44:54.749553+00:00,3819.0,37.0,98.51,33.0,1708.82421875,210.07165017724037
2026-07-21T03:44:55.119260+00:00,3819.0,36.0,98.61,33.0,1708.82421875,210.44135677441955
2026-07-21T03:44:55.446739+00:00,3819.0,35.0,98.51,33.0,1708.828125,210.76883641257882
2026-07-21T03:44:55.749074+00:00,3819.0,35.0,98.42,33.0,1708.828125,211.0711718350649
2026-07-21T03:44:56.057024+00:00,3819.0,36.0,97.96,33.0,1708.828125,211.37912196293473
2026-07-21T03:44:56.363975+00:00,3819.0,37.0,97.86,33.0,1708.828125,211.68607256934047
2026-07-21T03:44:56.649572+00:00,3819.0,37.0,97.99,33.0,1708.828125,211.97166940942407
2026-07-21T03:44:56.975380+00:00,3819.0,37.0,98.27,33.0,1708.83203125,212.29747668281198
2026-07-21T03:44:57.279723+00:00,3819.0,36.0,98.4,33.0,1708.83203125,212.6018117144704
2026-07-21T03:44:57.584193+00:00,3819.0,37.0,98.55,33.0,1708.83203125,212.90628999471664
2026-07-21T03:44:57.886870+00:00,3819.0,37.0,98.62,33.0,1708.83203125,213.20896812155843
2026-07-21T03:44:58.240294+00:00,3819.0,36.0,98.54,33.0,1708.83203125,213.56239085271955
2026-07-21T03:44:58.566351+00:00,3819.0,37.0,98.58,33.0,1708.83203125,213.88844910636544
2026-07-21T03:44:58.872281+00:00,3819.0,36.0,98.74,33.0,1708.83984375,214.19437522813678
2026-07-21T03:44:59.201963+00:00,3819.0,37.0,98.41,33.0,1708.83984375,214.52406030520797
2026-07-21T03:44:59.509141+00:00,3819.0,36.0,98.32,33.0,1708.83984375,214.83123914152384
2026-07-21T03:44:59.839513+00:00,3819.0,36.0,98.01,33.0,1708.83984375,215.16161074861884
2026-07-21T03:45:00.126921+00:00,3819.0,37.0,98.21,33.0,1708.83984375,215.44901848956943
2026-07-21T03:45:00.428245+00:00,3819.0,37.0,98.7,33.0,1708.83984375,215.75034081190825
2026-07-21T03:45:00.715711+00:00,3819.0,37.0,98.89,33.0,1708.83984375,216.03780851140618
2026-07-21T03:45:00.999655+00:00,3819.0,37.0,98.74,33.0,1708.83984375,216.32174798473716
2026-07-21T03:45:01.308086+00:00,3819.0,37.0,98.45,33.0,1708.83984375,216.6301838569343
2026-07-21T03:45:01.592196+00:00,3819.0,37.0,98.45,33.0,1708.83984375,216.91429374739528
2026-07-21T03:45:01.874270+00:00,3819.0,37.0,98.73,33.0,1708.84375,217.19636781141162
2026-07-21T03:45:02.197698+00:00,3819.0,37.0,98.57,33.0,1708.84375,217.51979587599635
2026-07-21T03:45:02.479044+00:00,3819.0,36.0,98.39,33.0,1708.84375,217.8011419698596
2026-07-21T03:45:02.759616+00:00,3819.0,36.0,98.29,33.0,1708.84375,218.08171491324902
2026-07-21T03:45:03.082696+00:00,3819.0,36.0,98.31,33.0,1708.84375,218.40479430928826
2026-07-21T03:45:03.371321+00:00,3819.0,37.0,98.34,33.0,1708.84375,218.69341884925961
2026-07-21T03:45:03.675021+00:00,3819.0,37.0,98.44,33.0,1708.84375,218.99711958691478
2026-07-21T03:45:04.003747+00:00,3819.0,37.0,98.56,33.0,1708.84375,219.3258450590074
2026-07-21T03:45:04.287462+00:00,3819.0,37.0,98.48,33.0,1708.84375,219.60956025123596
2026-07-21T03:45:04.595084+00:00,3819.0,38.0,98.77,33.0,1708.84765625,219.91718178242445
2026-07-21T03:45:04.899339+00:00,3819.0,37.0,98.77,33.0,1708.84765625,220.22143783792853
2026-07-21T03:45:05.179900+00:00,3819.0,36.0,98.5,33.0,1708.84765625,220.50199769809842
2026-07-21T03:45:05.482869+00:00,3819.0,36.0,98.69,33.0,1708.84765625,220.80496752262115
2026-07-21T03:45:05.780765+00:00,3819.0,37.0,98.38,33.0,1708.84765625,221.10286352038383
2026-07-21T03:45:06.085042+00:00,3819.0,37.0,98.66,33.0,1708.84765625,221.40713986754417
2026-07-21T03:45:06.387441+00:00,3819.0,37.0,98.49,33.0,1708.8984375,221.70953714847565
2026-07-21T03:45:06.710603+00:00,3819.0,36.0,98.91,33.0,1708.8984375,222.03270108252764
2026-07-21T03:45:07.034598+00:00,3819.0,37.0,98.72,33.0,1708.8984375,222.3566953614354
2026-07-21T03:45:07.348009+00:00,3819.0,37.0,98.94,33.0,1708.8984375,222.67010640352964
2026-07-21T03:45:07.655274+00:00,3819.0,37.0,98.33,33.0,1708.8984375,222.97737240046263
2026-07-21T03:45:07.985997+00:00,3819.0,37.0,98.5,33.0,1708.8984375,223.30809520557523
2026-07-21T03:45:08.314566+00:00,3819.0,37.0,98.5,33.0,1708.8984375,223.63666417449713
2026-07-21T03:45:08.624985+00:00,3819.0,37.0,98.3,33.0,1708.8984375,223.94708290696144
2026-07-21T03:45:08.933625+00:00,3819.0,36.0,98.24,33.0,1708.8984375,224.2557228691876
2026-07-21T03:45:09.245047+00:00,3819.0,36.0,97.99,33.0,1708.8984375,224.56714428961277
2026-07-21T03:45:09.552602+00:00,3819.0,37.0,98.33,33.0,1708.8984375,224.87469996139407
2026-07-21T03:45:09.862771+00:00,3819.0,37.0,98.45,33.0,1708.8984375,225.18486930429935
2026-07-21T03:45:10.166180+00:00,3819.0,35.0,98.61,33.0,1708.8984375,225.48827735707164
2026-07-21T03:45:10.472901+00:00,3819.0,36.0,98.76,33.0,1708.8984375,225.79499857127666
2026-07-21T03:45:10.827545+00:00,3819.0,36.0,98.52,33.0,1708.8984375,226.14964400231838
2026-07-21T03:45:11.136992+00:00,3819.0,37.0,98.76,33.0,1708.8984375,226.45909003540874
2026-07-21T03:45:11.464117+00:00,3819.0,35.0,98.64,33.0,1708.8984375,226.78621542453766
2026-07-21T03:45:11.787619+00:00,3819.0,36.0,99.26,33.0,1708.8984375,227.10970824584365
2026-07-21T03:45:12.090121+00:00,3819.0,37.0,99.3,33.0,1708.8984375,227.41221932321787
2026-07-21T03:45:12.414107+00:00,3819.0,36.0,99.18,33.0,1708.8984375,227.73620472848415
2026-07-21T03:45:12.760249+00:00,3819.0,38.0,99.05,33.0,1708.8984375,228.08234310895205
2026-07-21T03:45:13.095159+00:00,3819.0,32.0,99.48,33.0,1708.8984375,228.41725457832217
2026-07-21T03:45:13.400206+00:00,3819.0,36.0,99.18,33.0,1708.8984375,228.72230364009738
2026-07-21T03:45:13.719896+00:00,3819.0,37.0,99.01,33.0,1708.8984375,229.04199403896928
2026-07-21T03:45:14.007627+00:00,3819.0,37.0,98.96,33.0,1708.8984375,229.3297248147428
2026-07-21T03:45:14.309165+00:00,3819.0,36.0,98.38,33.0,1708.8984375,229.6312626078725
2026-07-21T03:45:14.613228+00:00,3819.0,36.0,98.47,33.0,1708.8984375,229.93532590940595
2026-07-21T03:45:14.916854+00:00,3819.0,37.0,98.81,33.0,1708.8984375,230.23895179107785
2026-07-21T03:45:15.220468+00:00,3819.0,36.0,99.09,33.0,1708.8984375,230.54256520047784
2026-07-21T03:45:15.521347+00:00,3819.0,36.0,99.23,33.0,1708.8984375,230.84344456344843
2026-07-21T03:45:15.828498+00:00,3819.0,37.0,99.24,33.0,1708.8984375,231.15059614554048
2026-07-21T03:45:16.141587+00:00,3819.0,37.0,98.73,33.0,1708.8984375,231.4636847898364
2026-07-21T03:45:16.445030+00:00,3819.0,37.0,98.86,33.0,1708.8984375,231.76712737232447
2026-07-21T03:45:16.775540+00:00,3819.0,37.0,98.91,33.0,1708.8984375,232.09763756021857
2026-07-21T03:45:17.115585+00:00,3819.0,36.0,99.0,33.0,1708.8984375,232.4376824721694
2026-07-21T03:45:17.399209+00:00,3819.0,37.0,99.18,33.0,1708.8984375,232.7213073708117
2026-07-21T03:45:17.700929+00:00,3819.0,36.0,98.53,33.0,1708.8984375,233.0230271294713
2026-07-21T03:45:18.005934+00:00,3819.0,37.0,98.71,33.0,1708.8984375,233.32803289219737
2026-07-21T03:45:18.335265+00:00,3819.0,34.0,99.26,33.0,1708.90234375,233.65736194700003
2026-07-21T03:45:18.644665+00:00,3819.0,36.0,99.35,33.0,1708.90234375,233.96676310896873
2026-07-21T03:45:18.952535+00:00,3819.0,36.0,99.33,33.0,1708.90234375,234.27463280037045
2026-07-21T03:45:19.260693+00:00,3819.0,36.0,98.72,33.0,1708.90234375,234.58279073610902
2026-07-21T03:45:19.564976+00:00,3819.0,36.0,98.56,33.0,1708.90234375,234.8870740160346
2026-07-21T03:45:19.872546+00:00,3819.0,36.0,98.96,33.0,1708.90234375,235.19464481249452
2026-07-21T03:45:20.175535+00:00,3819.0,36.0,98.83,33.0,1708.90234375,235.4976333193481
2026-07-21T03:45:20.480005+00:00,3819.0,36.0,99.02,33.0,1708.90234375,235.8021035194397
2026-07-21T03:45:20.813335+00:00,3819.0,37.0,98.71,33.0,1708.90234375,236.13543216139078
2026-07-21T03:45:21.122889+00:00,3819.0,37.0,98.72,33.0,1708.90234375,236.4449870735407
2026-07-21T03:45:21.424235+00:00,3819.0,37.0,98.87,33.0,1708.90234375,236.74633246660233
2026-07-21T03:45:21.729627+00:00,3819.0,36.0,99.01,33.0,1708.90234375,237.05172473937273
2026-07-21T03:45:22.013173+00:00,3819.0,37.0,99.09,33.0,1708.90234375,237.3352713882923
2026-07-21T03:45:22.321055+00:00,3819.0,37.0,99.23,33.0,1708.90234375,237.64315312355757
2026-07-21T03:45:22.629211+00:00,3819.0,38.0,99.05,33.0,1708.90234375,237.95130890607834
2026-07-21T03:45:22.938308+00:00,3819.0,37.0,99.08,33.0,1708.90234375,238.26040541008115
2026-07-21T03:45:23.262508+00:00,3819.0,36.0,99.02,33.0,1708.90234375,238.584605474025
2026-07-21T03:45:23.569201+00:00,3819.0,36.0,99.11,33.0,1708.90234375,238.89129880815744
2026-07-21T03:45:23.896387+00:00,3819.0,36.0,99.28,33.0,1708.90234375,239.21848494186997
2026-07-21T03:45:24.234664+00:00,3819.0,36.0,99.3,33.0,1708.90625,239.5567619241774
2026-07-21T03:45:24.519491+00:00,3819.0,36.0,99.06,33.0,1708.90625,239.84158942848444
2026-07-21T03:45:24.864221+00:00,3819.0,37.0,98.83,33.0,1708.90625,240.18631893023849
2026-07-21T03:45:25.187450+00:00,3819.0,37.0,98.4,33.0,1708.90625,240.50954820215702
2026-07-21T03:45:25.510976+00:00,3819.0,36.0,98.26,33.0,1708.90625,240.83307375013828
2026-07-21T03:45:25.835405+00:00,3819.0,36.0,98.22,33.0,1708.90625,241.15750344097614
2026-07-21T03:45:26.157903+00:00,3819.0,35.0,98.4,33.0,1708.90625,241.48000171780586
2026-07-21T03:45:26.460302+00:00,3819.0,37.0,98.61,33.0,1708.90625,241.7824008911848
2026-07-21T03:45:26.769506+00:00,3819.0,36.0,98.58,33.0,1708.90625,242.0916042625904
2026-07-21T03:45:27.075185+00:00,3819.0,37.0,98.69,33.0,1708.90625,242.39728266000748
2026-07-21T03:45:27.402519+00:00,3819.0,35.0,98.39,33.0,1708.90625,242.7246163599193
2026-07-21T03:45:27.752989+00:00,3819.0,36.0,98.79,33.0,1708.90625,243.0750852227211
2026-07-21T03:45:28.082591+00:00,3819.0,31.0,99.02,33.0,1708.91015625,243.40468811243773
2026-07-21T03:45:28.432183+00:00,3819.0,36.0,98.71,33.0,1708.91015625,243.75427990406752
2026-07-21T03:45:28.782822+00:00,3819.0,37.0,98.44,33.0,1708.91015625,244.1049210615456
2026-07-21T03:45:29.129930+00:00,3819.0,37.0,98.43,33.0,1708.91015625,244.45202730596066
2026-07-21T03:45:29.432174+00:00,3819.0,37.0,98.64,33.0,1708.91015625,244.75427297130227
2026-07-21T03:45:29.741755+00:00,3819.0,37.0,98.9,33.0,1708.91015625,245.06385318934917
2026-07-21T03:45:30.059905+00:00,3819.0,36.0,98.74,33.0,1708.91015625,245.38200297951698
2026-07-21T03:45:30.367175+00:00,3819.0,37.0,98.68,33.0,1708.91015625,245.68927346542478
2026-07-21T03:45:30.691315+00:00,3819.0,37.0,98.55,33.0,1708.91015625,246.0134130269289
2026-07-21T03:45:31.026745+00:00,3819.0,37.0,98.72,33.0,1708.91015625,246.3488432429731
2026-07-21T03:45:31.334955+00:00,3819.0,37.0,99.39,33.0,1708.9140625,246.65705201029778
2026-07-21T03:45:31.618913+00:00,3819.0,37.0,99.16,33.0,1708.9140625,246.94101109728217
2026-07-21T03:45:31.925366+00:00,3819.0,36.0,99.11,33.0,1708.9140625,247.24746368452907
2026-07-21T03:45:32.269750+00:00,3819.0,37.0,99.25,33.0,1708.9140625,247.59184846654534
2026-07-21T03:45:32.573840+00:00,3819.0,33.0,99.18,33.0,1708.91796875,247.8959376066923
2026-07-21T03:45:32.881139+00:00,3819.0,37.0,99.17,33.0,1708.91796875,248.2032367028296
2026-07-21T03:45:33.189191+00:00,3819.0,36.0,98.88,33.0,1708.91796875,248.51128926873207
2026-07-21T03:45:33.473462+00:00,3819.0,36.0,98.98,33.0,1708.91796875,248.79556049779058
2026-07-21T03:45:33.802398+00:00,3819.0,37.0,98.61,33.0,1708.91796875,249.12449529021978
2026-07-21T03:45:34.129371+00:00,3819.0,37.0,98.99,33.0,1708.91796875,249.4514694325626
2026-07-21T03:45:34.450610+00:00,3819.0,37.0,98.85,33.0,1708.91796875,249.77270808815956
2026-07-21T03:45:34.775364+00:00,3819.0,37.0,98.7,33.0,1708.91796875,250.09746178984642
2026-07-21T03:45:35.078956+00:00,3819.0,37.0,98.8,33.0,1708.91796875,250.40105434134603
2026-07-21T03:45:35.402403+00:00,3819.0,37.0,98.87,33.0,1708.91796875,250.7245007790625
2026-07-21T03:45:35.686793+00:00,3819.0,37.0,99.35,33.0,1708.91796875,251.0088905841112
2026-07-21T03:45:36.001816+00:00,3819.0,37.0,99.38,33.0,1708.91796875,251.32391410693526
2026-07-21T03:45:36.308829+00:00,3819.0,37.0,99.33,33.0,1708.91796875,251.63092736899853
2026-07-21T03:45:36.612411+00:00,3819.0,36.0,98.83,33.0,1708.91796875,251.93450848013163
2026-07-21T03:45:36.921202+00:00,3819.0,37.0,98.61,33.0,1708.91796875,252.24330013990402
2026-07-21T03:45:37.234010+00:00,3819.0,37.0,98.47,33.0,1708.91796875,252.55610769987106
2026-07-21T03:45:37.517989+00:00,3819.0,36.0,98.64,33.0,1708.91796875,252.84008755534887
2026-07-21T03:45:37.824952+00:00,3819.0,36.0,98.59,33.0,1708.91796875,253.14705012738705
2026-07-21T03:45:38.132280+00:00,3819.0,37.0,99.06,33.0,1708.921875,253.45437789335847
2026-07-21T03:45:38.486865+00:00,3819.0,36.0,98.93,33.0,1708.921875,253.8089633025229
2026-07-21T03:45:38.790282+00:00,3819.0,36.0,99.08,33.0,1708.921875,254.11238015070558
2026-07-21T03:45:39.096174+00:00,3819.0,36.0,98.73,33.0,1708.921875,254.41827123612165
2026-07-21T03:45:39.443770+00:00,3819.0,37.0,98.98,33.0,1708.921875,254.76586809754372
2026-07-21T03:45:39.745182+00:00,3819.0,38.0,98.9,33.0,1708.921875,255.0672808252275
2026-07-21T03:45:40.084113+00:00,3819.0,37.0,98.97,33.0,1708.921875,255.40621105208993
2026-07-21T03:45:40.405550+00:00,3819.0,38.0,98.91,33.0,1708.921875,255.72764821350574
2026-07-21T03:45:40.731178+00:00,3819.0,36.0,98.85,33.0,1708.921875,256.05327628552914
2026-07-21T03:45:41.060981+00:00,3819.0,37.0,98.94,33.0,1708.921875,256.3830787651241
2026-07-21T03:45:41.376062+00:00,3819.0,37.0,98.89,33.0,1708.921875,256.6981598138809
2026-07-21T03:45:41.702442+00:00,3819.0,37.0,99.4,33.0,1709.0390625,257.0245387144387
2026-07-21T03:45:42.029450+00:00,3819.0,37.0,99.15,33.0,1709.0390625,257.351548217237
2026-07-21T03:45:42.341834+00:00,3819.0,37.0,99.08,33.0,1709.0390625,257.6639316342771
2026-07-21T03:45:42.650903+00:00,3819.0,37.0,98.39,33.0,1709.0390625,257.97300055623055
2026-07-21T03:45:43.009021+00:00,3819.0,36.0,98.2,33.0,1709.0390625,258.3311188966036
2026-07-21T03:45:43.315834+00:00,3819.0,37.0,98.03,33.0,1709.0390625,258.63793156668544
2026-07-21T03:45:43.621131+00:00,3819.0,36.0,97.86,33.0,1709.0390625,258.9432298094034
2026-07-21T03:45:43.943365+00:00,3819.0,37.0,98.07,33.0,1709.0390625,259.2654631510377
2026-07-21T03:45:44.251220+00:00,3819.0,35.0,98.83,33.0,1709.0625,259.5733178779483
2026-07-21T03:45:44.559286+00:00,3819.0,35.0,98.74,33.0,1709.0625,259.8813842460513
2026-07-21T03:45:44.846434+00:00,3819.0,36.0,98.71,33.0,1709.0625,260.16853093728423
2026-07-21T03:45:45.151041+00:00,3819.0,35.0,98.07,33.0,1709.0625,260.47313864529133
2026-07-21T03:45:45.436267+00:00,3819.0,35.0,98.11,33.0,1709.0625,260.7583657503128
2026-07-21T03:45:45.747645+00:00,3819.0,37.0,98.34,33.0,1709.0625,261.0697433203459
2026-07-21T03:45:46.054472+00:00,3819.0,35.0,98.13,33.0,1709.0625,261.3765698187053
2026-07-21T03:45:46.356932+00:00,3819.0,37.0,98.32,33.0,1709.0625,261.67902970686555
2026-07-21T03:45:46.665132+00:00,3819.0,36.0,98.97,33.0,1709.1171875,261.9872295856476
2026-07-21T03:45:46.951345+00:00,3819.0,36.0,99.33,33.0,1709.1171875,262.27344242855906
2026-07-21T03:45:47.255196+00:00,3819.0,38.0,99.39,33.0,1709.1171875,262.5772931911051
2026-07-21T03:45:47.558014+00:00,3819.0,37.0,98.74,33.0,1709.1171875,262.8801117576659
2026-07-21T03:45:47.864446+00:00,3819.0,33.0,99.15,33.0,1709.1328125,263.1865432448685
2026-07-21T03:45:48.173527+00:00,3819.0,36.0,99.1,33.0,1709.1328125,263.4956247545779
2026-07-21T03:45:48.502652+00:00,3819.0,38.0,99.29,33.0,1709.1328125,263.824749995023
2026-07-21T03:45:48.826891+00:00,3819.0,37.0,98.75,33.0,1709.1328125,264.1489896029234
2026-07-21T03:45:49.150239+00:00,3819.0,38.0,98.65,33.0,1709.1328125,264.4723370447755
2026-07-21T03:45:49.479379+00:00,3819.0,37.0,98.74,33.0,1709.1328125,264.8014770112932
2026-07-21T03:45:49.783452+00:00,3819.0,37.0,98.63,33.0,1709.1328125,265.10554909706116
2026-07-21T03:45:50.135108+00:00,3819.0,38.0,98.82,33.0,1709.1328125,265.45720552280545
2026-07-21T03:45:50.418812+00:00,3819.0,37.0,98.8,33.0,1709.1328125,265.74091060087085
2026-07-21T03:45:50.725220+00:00,3819.0,29.0,98.99,33.0,1709.1796875,266.0473177842796
2026-07-21T03:45:51.054228+00:00,3819.0,37.0,98.94,33.0,1709.1796875,266.37632667273283
2026-07-21T03:45:51.377202+00:00,3819.0,37.0,98.59,33.0,1709.1796875,266.6992995366454
2026-07-21T03:45:51.720420+00:00,3819.0,36.0,98.17,33.0,1709.1796875,267.0425182841718
2026-07-21T03:45:52.004835+00:00,3819.0,37.0,98.36,33.0,1709.1796875,267.3269327506423
2026-07-21T03:45:52.311964+00:00,3819.0,37.0,98.48,33.0,1709.1796875,267.63406179845333
2026-07-21T03:45:52.630763+00:00,3819.0,38.0,99.02,33.0,1709.1796875,267.9528607279062
2026-07-21T03:45:52.955192+00:00,3819.0,37.0,98.99,33.0,1709.1796875,268.2772900573909
2026-07-21T03:45:53.259239+00:00,3819.0,37.0,99.11,33.0,1709.1796875,268.5813371948898
2026-07-21T03:45:53.564614+00:00,3819.0,38.0,98.81,33.0,1709.1796875,268.8867108039558
2026-07-21T03:45:53.916352+00:00,3819.0,35.0,98.81,33.0,1709.1796875,269.23844911903143
2026-07-21T03:45:54.247865+00:00,3819.0,37.0,99.03,33.0,1709.29296875,269.5699618496001
2026-07-21T03:45:54.554043+00:00,3819.0,36.0,98.94,33.0,1709.29296875,269.8761408254504
2026-07-21T03:45:54.861531+00:00,3819.0,37.0,98.7,33.0,1709.29296875,270.1836287975311
2026-07-21T03:45:55.190042+00:00,3819.0,36.0,98.19,33.0,1709.29296875,270.51213920488954
2026-07-21T03:45:55.538583+00:00,3819.0,37.0,98.29,33.0,1709.29296875,270.8606804907322
2026-07-21T03:45:55.867137+00:00,3819.0,37.0,98.5,33.0,1709.29296875,271.18923488259315
2026-07-21T03:45:56.218444+00:00,3819.0,37.0,98.57,33.0,1709.29296875,271.5405420027673
2026-07-21T03:45:56.525541+00:00,3819.0,38.0,98.24,33.0,1709.37109375,271.847638618201
2026-07-21T03:45:56.850976+00:00,3819.0,37.0,98.73,33.0,1709.37109375,272.1730740740895
2026-07-21T03:45:57.134775+00:00,3819.0,37.0,98.83,33.0,1709.37109375,272.45687314867973
2026-07-21T03:45:57.478748+00:00,3819.0,37.0,98.98,33.0,1709.37109375,272.80084566399455
2026-07-21T03:45:57.764020+00:00,3819.0,38.0,98.89,33.0,1709.37109375,273.0861174724996
2026-07-21T03:45:58.072165+00:00,3819.0,37.0,98.93,33.0,1709.37109375,273.39426343142986
2026-07-21T03:45:58.379691+00:00,3819.0,37.0,98.64,33.0,1709.37109375,273.70178874209523
2026-07-21T03:45:58.663710+00:00,3819.0,37.0,98.66,33.0,1709.37109375,273.9858069755137
2026-07-21T03:45:58.968609+00:00,3819.0,34.0,98.46,33.0,1709.37109375,274.29070614278316
2026-07-21T03:45:59.272301+00:00,3819.0,37.0,98.6,33.0,1709.37109375,274.5943993330002
2026-07-21T03:45:59.581474+00:00,3819.0,35.0,98.88,33.0,1709.484375,274.90357026457787
2026-07-21T03:45:59.912012+00:00,3819.0,37.0,98.88,33.0,1709.484375,275.234109852463
2026-07-21T03:46:00.240960+00:00,3819.0,36.0,98.78,33.0,1709.484375,275.56305818632245
2026-07-21T03:46:00.571282+00:00,3819.0,37.0,98.39,33.0,1709.484375,275.8933805450797
2026-07-21T03:46:00.889634+00:00,3819.0,36.0,98.27,33.0,1709.484375,276.2117318175733
2026-07-21T03:46:01.220106+00:00,3819.0,36.0,98.36,33.0,1709.484375,276.5422029942274
2026-07-21T03:46:01.528803+00:00,3819.0,36.0,98.44,33.0,1709.484375,276.8509005010128
2026-07-21T03:46:01.891089+00:00,3819.0,32.0,98.94,33.0,1709.5,277.2131862975657
2026-07-21T03:46:02.219465+00:00,3819.0,36.0,98.71,33.0,1709.5,277.5415625870228
2026-07-21T03:46:02.572858+00:00,3819.0,36.0,98.53,33.0,1709.5,277.8949555270374
2026-07-21T03:46:02.903017+00:00,3819.0,37.0,97.98,33.0,1709.5,278.2251136787236
2026-07-21T03:46:03.230757+00:00,3819.0,38.0,97.97,33.0,1709.5,278.5528541766107
2026-07-21T03:46:03.536971+00:00,3819.0,36.0,98.33,33.0,1709.5,278.85906881839037
2026-07-21T03:46:03.845819+00:00,3819.0,37.0,98.28,33.0,1709.5,279.16791762411594
2026-07-21T03:46:04.173887+00:00,3819.0,36.0,98.46,33.0,1709.5,279.49598421528935
2026-07-21T03:46:04.477791+00:00,3819.0,37.0,98.67,33.0,1709.5,279.7998882904649
2026-07-21T03:46:04.807608+00:00,3819.0,26.0,98.54,33.0,1709.6328125,280.1297057904303
2026-07-21T03:46:05.145865+00:00,3819.0,37.0,98.35,33.0,1709.6328125,280.46796306967735
2026-07-21T03:46:05.452223+00:00,3819.0,36.0,97.91,33.0,1709.6328125,280.774320628494
2026-07-21T03:46:05.804205+00:00,3819.0,36.0,97.71,33.0,1709.63671875,281.1263030767441
2026-07-21T03:46:06.139602+00:00,3819.0,22.0,96.58,33.0,1709.63671875,281.46169977635145
2026-07-21T03:46:06.452264+00:00,3819.0,36.0,96.4,33.0,1709.63671875,281.774361025542
2026-07-21T03:46:06.758760+00:00,3819.0,37.0,96.38,33.0,1709.640625,282.0808571577072
2026-07-21T03:46:07.043372+00:00,3819.0,37.0,96.96,33.0,1709.640625,282.3654689602554
2026-07-21T03:46:07.348989+00:00,3819.0,36.0,98.08,33.0,1709.640625,282.67108672857285
2026-07-21T03:46:07.657818+00:00,3819.0,31.0,98.98,33.0,1710.21484375,282.97991490736604
2026-07-21T03:46:07.965545+00:00,3819.0,35.0,98.91,33.0,1710.21484375,283.28764283284545
2026-07-21T03:46:08.271262+00:00,3819.0,36.0,98.79,33.0,1710.21484375,283.5933588966727
2026-07-21T03:46:08.579167+00:00,3819.0,37.0,98.25,33.0,1710.21484375,283.90126495435834
2026-07-21T03:46:08.930218+00:00,3819.0,33.0,97.48,33.0,1710.22265625,284.2523165382445
2026-07-21T03:46:09.278405+00:00,3819.0,37.0,97.57,33.0,1710.22265625,284.6005029864609
2026-07-21T03:46:09.631680+00:00,3819.0,37.0,97.73,33.0,1710.22265625,284.95377810299397
2026-07-21T03:46:09.959048+00:00,3819.0,35.0,98.28,33.0,1710.22265625,285.28114638105035
2026-07-21T03:46:10.283826+00:00,3819.0,19.0,96.99,33.0,1710.22265625,285.60592333599925
2026-07-21T03:46:10.593180+00:00,3819.0,36.0,97.79,33.0,1710.3203125,285.91527788341045
2026-07-21T03:46:10.923657+00:00,3819.0,36.0,97.52,33.0,1710.3203125,286.2457546815276
2026-07-21T03:46:11.233323+00:00,3819.0,36.0,98.26,33.0,1710.3203125,286.55542010068893
2026-07-21T03:46:11.537045+00:00,3819.0,34.0,97.72,33.0,1710.3203125,286.8591420724988
2026-07-21T03:46:11.846220+00:00,3819.0,36.0,97.67,33.0,1710.3203125,287.1683174930513
2026-07-21T03:46:12.175049+00:00,3819.0,37.0,98.19,33.0,1710.3203125,287.4971474520862
2026-07-21T03:46:12.486929+00:00,3819.0,37.0,98.5,33.0,1710.3203125,287.80902602896094
2026-07-21T03:46:12.790077+00:00,3819.0,36.0,98.6,33.0,1710.3203125,288.1121750175953
2026-07-21T03:46:13.114563+00:00,3819.0,35.0,98.39,33.0,1710.3203125,288.43666088953614
2026-07-21T03:46:13.420743+00:00,3819.0,36.0,98.73,33.0,1710.37890625,288.7428406178951
2026-07-21T03:46:13.729690+00:00,3819.0,38.0,98.69,33.0,1710.37890625,289.05178764835
2026-07-21T03:46:14.034907+00:00,3819.0,36.0,98.66,33.0,1710.37890625,289.3570048213005
2026-07-21T03:46:14.368866+00:00,3819.0,35.0,98.22,33.0,1710.37890625,289.6909628994763
2026-07-21T03:46:14.676680+00:00,3819.0,37.0,97.98,33.0,1710.37890625,289.99877758696675
2026-07-21T03:46:14.981954+00:00,3819.0,35.0,98.08,33.0,1710.37890625,290.3040521964431
2026-07-21T03:46:15.290983+00:00,3819.0,36.0,97.93,33.0,1710.37890625,290.6130813546479
2026-07-21T03:46:15.594917+00:00,3819.0,36.0,98.18,33.0,1710.3828125,290.9170147255063
2026-07-21T03:46:15.923641+00:00,3819.0,31.0,98.74,33.0,1710.5078125,291.24573777616024
2026-07-21T03:46:16.228818+00:00,3819.0,36.0,98.63,33.0,1710.5078125,291.5509154088795
2026-07-21T03:46:16.536291+00:00,3819.0,36.0,98.42,33.0,1710.5078125,291.8583882674575
2026-07-21T03:46:16.846291+00:00,3819.0,38.0,98.05,33.0,1710.5078125,292.16838899999857
2026-07-21T03:46:17.148054+00:00,3819.0,35.0,98.28,33.0,1710.5078125,292.4701520241797
2026-07-21T03:46:17.453777+00:00,3819.0,37.0,98.36,33.0,1710.5078125,292.775875184685
2026-07-21T03:46:17.761082+00:00,3819.0,37.0,98.18,33.0,1710.5078125,293.0831806026399
2026-07-21T03:46:18.068417+00:00,3819.0,37.0,98.37,33.0,1710.5078125,293.3905149810016
2026-07-21T03:46:18.421568+00:00,3819.0,34.0,98.35,33.0,1710.5078125,293.7436660081148
2026-07-21T03:46:18.776020+00:00,3819.0,35.0,98.66,33.0,1710.6015625,294.09811752289534
2026-07-21T03:46:19.085016+00:00,3819.0,37.0,98.22,33.0,1710.60546875,294.4071144834161
2026-07-21T03:46:19.414669+00:00,3819.0,35.0,98.22,33.0,1710.60546875,294.73676697537303
2026-07-21T03:46:19.721488+00:00,3819.0,35.0,97.81,33.0,1710.60546875,295.0435847528279
2026-07-21T03:46:20.037456+00:00,3819.0,35.0,97.9,33.0,1710.609375,295.35955261811614
2026-07-21T03:46:20.345603+00:00,3819.0,36.0,97.76,33.0,1710.609375,295.66769985854626
2026-07-21T03:46:20.653454+00:00,3819.0,36.0,98.23,33.0,1710.66796875,295.9755521826446
2026-07-21T03:46:20.964884+00:00,3819.0,37.0,98.14,33.0,1710.66796875,296.28698167204857
2026-07-21T03:46:21.267843+00:00,3819.0,35.0,98.37,33.0,1710.66796875,296.5899414755404
2026-07-21T03:46:21.627112+00:00,3819.0,36.0,97.99,33.0,1710.6796875,296.9492087960243
2026-07-21T03:46:21.979549+00:00,3819.0,36.0,97.93,33.0,1710.6796875,297.30164694041014
2026-07-21T03:46:22.312334+00:00,3819.0,36.0,97.87,33.0,1710.68359375,297.6344311386347
2026-07-21T03:46:22.617193+00:00,3819.0,37.0,97.81,33.0,1710.74609375,297.939290612936
2026-07-21T03:46:22.948269+00:00,3819.0,24.0,96.76,33.0,1710.75,298.2703658044338
2026-07-21T03:46:23.264779+00:00,3819.0,36.0,96.76,33.0,1710.75,298.58687740936875
2026-07-21T03:46:23.571162+00:00,3819.0,37.0,96.73,33.0,1710.765625,298.8932601585984
2026-07-21T03:46:23.892582+00:00,3819.0,37.0,97.72,33.0,1710.765625,299.21467949822545
2026-07-21T03:46:24.223734+00:00,3819.0,35.0,97.96,33.0,1710.76953125,299.54583099484444
2026-07-21T03:46:24.529140+00:00,3819.0,36.0,98.22,33.0,1710.7734375,299.8512379601598
2026-07-21T03:46:24.855352+00:00,3819.0,36.0,98.83,33.0,1710.83203125,300.17744977772236
2026-07-21T03:46:25.160264+00:00,3819.0,35.0,98.8,33.0,1710.8359375,300.4823626242578
2026-07-21T03:46:25.465290+00:00,3819.0,37.0,98.67,33.0,1710.8359375,300.7873886153102
2026-07-21T03:46:25.773169+00:00,3819.0,37.0,98.46,33.0,1710.8515625,301.09526467323303
2026-07-21T03:46:26.098839+00:00,3819.0,35.0,97.99,33.0,1710.8515625,301.42093701660633
2026-07-21T03:46:26.400585+00:00,3819.0,37.0,97.66,33.0,1710.85546875,301.7226822935045
2026-07-21T03:46:26.727378+00:00,3819.0,37.0,98.05,33.0,1710.87109375,302.0494754947722
2026-07-21T03:46:27.018442+00:00,3819.0,32.0,98.33,33.0,1710.92578125,302.34053902328014
2026-07-21T03:46:27.338810+00:00,3819.0,37.0,98.43,33.0,1710.93359375,302.66090762987733
2026-07-21T03:46:27.645406+00:00,3819.0,35.0,98.33,33.0,1710.93359375,302.9675044901669
2026-07-21T03:46:27.951405+00:00,3819.0,37.0,97.96,33.0,1710.95703125,303.27350295707583
2026-07-21T03:46:28.301440+00:00,3819.0,28.0,96.38,33.0,1710.95703125,303.62353775277734
2026-07-21T03:46:28.628713+00:00,3819.0,35.0,96.76,33.0,1710.96484375,303.950810033828
2026-07-21T03:46:28.984822+00:00,3819.0,35.0,97.08,33.0,1710.9765625,304.30690902099013
2026-07-21T03:46:29.307212+00:00,3819.0,35.0,98.32,33.0,1710.9765625,304.62931072339416
2026-07-21T03:46:29.613890+00:00,3819.0,35.0,97.86,33.0,1710.98828125,304.93598775193095
2026-07-21T03:46:29.916740+00:00,3819.0,34.0,97.49,33.0,1710.98828125,305.2388378418982
2026-07-21T03:46:30.220612+00:00,3819.0,36.0,97.55,33.0,1711.00390625,305.54270961508155
2026-07-21T03:46:30.506947+00:00,3819.0,34.0,97.51,33.0,1711.00390625,305.82904525101185
2026-07-21T03:46:30.831219+00:00,3819.0,35.0,97.89,33.0,1711.015625,306.1533162817359
2026-07-21T03:46:31.155662+00:00,3819.0,36.0,98.03,33.0,1711.03125,306.4777595065534
2026-07-21T03:46:31.483481+00:00,3819.0,37.0,98.64,33.0,1711.2109375,306.8055796138942
2026-07-21T03:46:31.773782+00:00,3819.0,35.0,98.51,33.0,1711.22265625,307.09587955474854
2026-07-21T03:46:32.058653+00:00,3819.0,36.0,98.52,33.0,1711.22265625,307.38075168430805
2026-07-21T03:46:32.528836+00:00,3819.0,36.0,98.38,33.0,1711.23828125,307.850934099406
2026-07-21T03:46:32.883371+00:00,3819.0,36.0,96.2,33.0,1711.23828125,308.2054688744247
2026-07-21T03:46:33.192469+00:00,3819.0,37.0,96.0,33.0,1711.23828125,308.5145664848387
2026-07-21T03:46:33.519656+00:00,3819.0,35.0,97.63,33.0,1711.23828125,308.8417538776994
2026-07-21T03:46:33.829540+00:00,3819.0,38.0,98.44,33.0,1711.23828125,309.1516380943358
2026-07-21T03:46:34.140827+00:00,3819.0,38.0,98.51,33.0,1711.23828125,309.46292442828417
2026-07-21T03:46:34.468514+00:00,3819.0,34.0,98.55,33.0,1711.2421875,309.79061192274094
2026-07-21T03:46:34.819816+00:00,3819.0,36.0,98.42,33.0,1711.2421875,310.1419141963124
2026-07-21T03:46:35.169971+00:00,3819.0,35.0,98.62,33.0,1711.2421875,310.492069106549
2026-07-21T03:46:35.494862+00:00,3819.0,37.0,98.27,33.0,1711.2421875,310.8169604167342
2026-07-21T03:46:35.797578+00:00,3819.0,36.0,98.56,33.0,1711.2421875,311.11967641860247
2026-07-21T03:46:36.100461+00:00,3819.0,26.0,98.6,33.0,1711.25,311.42255837097764
2026-07-21T03:46:36.409734+00:00,3819.0,36.0,98.51,33.0,1711.25,311.7318312674761
2026-07-21T03:46:36.718043+00:00,3819.0,35.0,98.11,33.0,1711.25,312.04014110565186
2026-07-21T03:46:37.043888+00:00,3819.0,36.0,97.85,33.0,1711.25,312.36598551645875
2026-07-21T03:46:37.370376+00:00,3819.0,35.0,97.68,33.0,1711.25,312.6924727484584
2026-07-21T03:46:37.720777+00:00,3819.0,37.0,98.04,33.0,1711.2578125,313.0428742095828
2026-07-21T03:46:38.032344+00:00,3819.0,36.0,98.08,33.0,1711.2578125,313.3544421866536
2026-07-21T03:46:38.381923+00:00,3819.0,37.0,98.35,33.0,1711.2578125,313.7040203027427
2026-07-21T03:46:38.693262+00:00,3819.0,36.0,97.98,33.0,1711.2578125,314.0153603926301
2026-07-21T03:46:39.005206+00:00,3819.0,31.0,98.28,33.0,1711.26171875,314.3273038007319
2026-07-21T03:46:39.312977+00:00,3819.0,36.0,98.46,33.0,1711.26171875,314.6350744701922
2026-07-21T03:46:39.645083+00:00,3819.0,37.0,98.84,33.0,1711.26171875,314.9671811014414
2026-07-21T03:46:39.976029+00:00,3819.0,36.0,98.69,33.0,1711.26171875,315.29812739789486
2026-07-21T03:46:40.303016+00:00,3819.0,34.0,97.92,33.0,1711.26171875,315.62511363625526
2026-07-21T03:46:40.606505+00:00,3819.0,35.0,97.77,33.0,1711.26171875,315.928602989763
2026-07-21T03:46:40.939830+00:00,3819.0,32.0,98.32,33.0,1711.265625,316.26192669197917
2026-07-21T03:46:41.250599+00:00,3819.0,36.0,98.59,33.0,1711.265625,316.57269693911076
2026-07-21T03:46:41.582747+00:00,3819.0,35.0,98.57,33.0,1711.265625,316.90484507381916
2026-07-21T03:46:41.916107+00:00,3819.0,36.0,98.21,33.0,1711.265625,317.2382051385939
2026-07-21T03:46:42.221232+00:00,3819.0,38.0,98.05,33.0,1711.265625,317.5433301664889
2026-07-21T03:46:42.551898+00:00,3819.0,37.0,98.4,33.0,1711.265625,317.87399692460895
2026-07-21T03:46:42.879983+00:00,3819.0,38.0,98.53,33.0,1711.265625,318.2020808830857
2026-07-21T03:46:43.207404+00:00,3819.0,37.0,98.72,33.0,1711.265625,318.52950155735016
2026-07-21T03:46:43.513317+00:00,3819.0,37.0,98.72,33.0,1711.265625,318.83541478589177
2026-07-21T03:46:43.819959+00:00,3819.0,38.0,98.64,33.0,1711.26953125,319.1420555189252
2026-07-21T03:46:44.129494+00:00,3819.0,36.0,98.86,33.0,1711.26953125,319.45159259438515
2026-07-21T03:46:44.454752+00:00,3819.0,37.0,98.88,33.0,1711.26953125,319.77685065194964
2026-07-21T03:46:44.757503+00:00,3819.0,38.0,98.54,33.0,1711.26953125,320.0796005986631
2026-07-21T03:46:45.099426+00:00,3819.0,37.0,98.2,33.0,1711.26953125,320.4215234182775
2026-07-21T03:46:45.387074+00:00,3819.0,37.0,97.95,33.0,1711.26953125,320.7091719843447
2026-07-21T03:46:45.693359+00:00,3819.0,37.0,98.28,33.0,1711.26953125,321.0154558457434
2026-07-21T03:46:46.046112+00:00,3819.0,31.0,98.65,33.0,1711.2734375,321.36820816621184
2026-07-21T03:46:46.358782+00:00,3819.0,37.0,98.84,33.0,1711.2734375,321.6808805093169
2026-07-21T03:46:46.665029+00:00,3819.0,37.0,98.7,33.0,1711.2734375,321.98712569475174
2026-07-21T03:46:47.000502+00:00,3819.0,38.0,98.63,33.0,1711.2734375,322.3225992247462
2026-07-21T03:46:47.309877+00:00,3819.0,37.0,98.71,33.0,1711.2734375,322.6319747790694
2026-07-21T03:46:47.612717+00:00,3819.0,37.0,99.06,33.0,1711.2734375,322.9348146468401
2026-07-21T03:46:47.964299+00:00,3819.0,38.0,99.04,33.0,1711.2734375,323.2863961867988
2026-07-21T03:46:48.272165+00:00,3819.0,36.0,98.92,33.0,1711.2734375,323.5942630432546
2026-07-21T03:46:48.581491+00:00,3819.0,37.0,98.85,33.0,1711.2734375,323.90358863025904
2026-07-21T03:46:48.915546+00:00,3819.0,36.0,98.98,33.0,1711.27734375,324.2376426048577
2026-07-21T03:46:49.226084+00:00,3819.0,37.0,98.89,33.0,1711.27734375,324.548182670027
2026-07-21T03:46:49.511853+00:00,3819.0,38.0,98.7,33.0,1711.27734375,324.833950728178
2026-07-21T03:46:49.843028+00:00,3819.0,37.0,98.33,33.0,1711.27734375,325.16512643545866
2026-07-21T03:46:50.140111+00:00,3819.0,35.0,98.11,33.0,1711.27734375,325.46220921725035
2026-07-21T03:46:50.448794+00:00,3819.0,38.0,97.98,33.0,1711.27734375,325.7708923742175
2026-07-21T03:46:50.753721+00:00,3819.0,38.0,97.93,33.0,1711.28125,326.0758186802268
2026-07-21T03:46:51.061661+00:00,3819.0,36.0,98.57,33.0,1711.28125,326.383758418262
2026-07-21T03:46:51.368572+00:00,3819.0,37.0,98.82,33.0,1711.28125,326.69066913053393
2026-07-21T03:46:51.673183+00:00,3819.0,37.0,98.87,33.0,1711.28125,326.995280418545
2026-07-21T03:46:52.000082+00:00,3819.0,37.0,98.6,33.0,1711.28125,327.32217866927385
2026-07-21T03:46:52.330663+00:00,3819.0,37.0,98.59,33.0,1711.28125,327.65276078134775
2026-07-21T03:46:52.637658+00:00,3819.0,37.0,98.57,33.0,1711.28125,327.9597550816834
2026-07-21T03:46:52.945195+00:00,3819.0,38.0,98.37,33.0,1711.28125,328.267293330282
2026-07-21T03:46:53.248320+00:00,3819.0,38.0,98.27,33.0,1711.28515625,328.5704172812402
2026-07-21T03:46:53.556176+00:00,3819.0,36.0,98.86,33.0,1711.28515625,328.8782735019922
2026-07-21T03:46:53.887463+00:00,3819.0,36.0,98.99,33.0,1711.28515625,329.20956040918827
2026-07-21T03:46:54.172985+00:00,3819.0,36.0,98.95,33.0,1711.28515625,329.49508176743984
2026-07-21T03:46:54.481865+00:00,3819.0,36.0,98.52,33.0,1711.28515625,329.8039629012346
2026-07-21T03:46:54.811763+00:00,3819.0,37.0,98.42,33.0,1711.28515625,330.13386150822043
2026-07-21T03:46:55.116325+00:00,3819.0,38.0,98.38,33.0,1711.28515625,330.4384222216904
2026-07-21T03:46:55.426918+00:00,3819.0,37.0,98.22,33.0,1711.28515625,330.7490155994892
2026-07-21T03:46:55.736043+00:00,3819.0,37.0,98.24,33.0,1711.28515625,331.0581407211721
2026-07-21T03:46:56.093087+00:00,3819.0,37.0,98.25,33.0,1711.28515625,331.4151841364801
2026-07-21T03:46:56.444027+00:00,3819.0,36.0,98.49,33.0,1711.28515625,331.76612497121096
2026-07-21T03:46:56.753428+00:00,3819.0,36.0,98.5,33.0,1711.28515625,332.07552541047335
2026-07-21T03:46:57.055954+00:00,3819.0,32.0,98.86,33.0,1711.2890625,332.37805039435625
2026-07-21T03:46:57.385434+00:00,3819.0,36.0,98.83,33.0,1711.2890625,332.70753206685185
2026-07-21T03:46:57.693897+00:00,3819.0,37.0,98.76,33.0,1711.2890625,333.0159944333136
2026-07-21T03:46:58.022078+00:00,3819.0,37.0,98.39,33.0,1711.2890625,333.3441762328148
2026-07-21T03:46:58.354350+00:00,3819.0,37.0,98.37,33.0,1711.2890625,333.67644830420613
2026-07-21T03:46:58.702902+00:00,3819.0,37.0,98.22,33.0,1711.2890625,334.02499929443
2026-07-21T03:46:59.009975+00:00,3819.0,37.0,98.21,33.0,1711.2890625,334.33207243308425
2026-07-21T03:46:59.294579+00:00,3819.0,37.0,98.53,33.0,1711.2890625,334.6166763007641
2026-07-21T03:46:59.600387+00:00,3819.0,37.0,98.67,33.0,1711.2890625,334.92248556390405
2026-07-21T03:46:59.930593+00:00,3819.0,37.0,98.76,33.0,1711.2890625,335.25269032642245
2026-07-21T03:47:00.246099+00:00,3819.0,38.0,98.87,33.0,1711.2890625,335.56819646805525
2026-07-21T03:47:00.532508+00:00,3819.0,36.0,99.11,33.0,1711.2890625,335.8546056188643
2026-07-21T03:47:00.841515+00:00,3819.0,37.0,99.27,33.0,1711.2890625,336.16361217945814
2026-07-21T03:47:01.144127+00:00,3819.0,38.0,99.26,33.0,1711.2890625,336.46622424945235
2026-07-21T03:47:01.428691+00:00,3819.0,38.0,99.32,33.0,1711.2890625,336.7507893778384
2026-07-21T03:47:01.713628+00:00,3819.0,37.0,99.44,33.0,1711.2890625,337.0357260629535
2026-07-21T03:47:01.999759+00:00,3819.0,38.0,99.44,33.0,1711.2890625,337.321856983006
2026-07-21T03:47:02.329671+00:00,3819.0,37.0,99.23,33.0,1711.2890625,337.6517691388726
2026-07-21T03:47:02.633632+00:00,3819.0,38.0,99.28,33.0,1711.2890625,337.9557301290333
2026-07-21T03:47:02.982640+00:00,3819.0,34.0,99.1,33.0,1711.2890625,338.30473763495684
2026-07-21T03:47:03.283546+00:00,3819.0,37.0,99.2,33.0,1711.2890625,338.6056438423693
2026-07-21T03:47:03.593322+00:00,3819.0,38.0,99.06,33.0,1711.2890625,338.9154193624854
2026-07-21T03:47:03.878579+00:00,3819.0,38.0,99.19,33.0,1711.2890625,339.2006770372391
2026-07-21T03:47:04.183541+00:00,3819.0,36.0,99.76,33.0,1711.296875,339.50563849136233
2026-07-21T03:47:04.487350+00:00,3819.0,37.0,99.71,33.0,1711.296875,339.80944810807705
2026-07-21T03:47:04.796789+00:00,3819.0,36.0,99.24,33.0,1711.296875,340.11888710036874
2026-07-21T03:47:05.153986+00:00,3819.0,36.0,98.44,33.0,1711.296875,340.4760838486254
2026-07-21T03:47:05.461241+00:00,3819.0,36.0,98.23,33.0,1711.296875,340.78333899751306
2026-07-21T03:47:05.769016+00:00,3819.0,37.0,98.26,33.0,1711.296875,341.09111358597875
2026-07-21T03:47:06.054258+00:00,3819.0,37.0,98.17,33.0,1711.296875,341.37635614722967
2026-07-21T03:47:06.363963+00:00,3819.0,37.0,98.24,33.0,1711.296875,341.6860610432923
2026-07-21T03:47:06.674142+00:00,3819.0,37.0,98.38,33.0,1711.296875,341.99623914808035
2026-07-21T03:47:06.985209+00:00,3819.0,33.0,98.92,33.0,1711.30078125,342.30730578303337
2026-07-21T03:47:07.331878+00:00,3819.0,36.0,99.18,33.0,1711.30078125,342.65397541224957
2026-07-21T03:47:07.640804+00:00,3819.0,36.0,99.11,33.0,1711.30078125,342.962901674211
2026-07-21T03:47:07.926902+00:00,3819.0,37.0,98.96,33.0,1711.30078125,343.2489998564124
2026-07-21T03:47:08.279406+00:00,3819.0,36.0,98.66,33.0,1711.3046875,343.6015040911734
2026-07-21T03:47:08.611132+00:00,3819.0,36.0,98.46,33.0,1711.3046875,343.9332301467657
2026-07-21T03:47:08.921371+00:00,3819.0,38.0,98.66,33.0,1711.3046875,344.24346816912293
2026-07-21T03:47:09.206637+00:00,3819.0,37.0,98.68,33.0,1711.3046875,344.5287353619933
2026-07-21T03:47:09.513542+00:00,3819.0,36.0,98.89,33.0,1711.3046875,344.8356398306787
2026-07-21T03:47:09.844072+00:00,3819.0,36.0,98.98,33.0,1711.3046875,345.16616915538907
2026-07-21T03:47:10.155344+00:00,3819.0,37.0,99.0,33.0,1711.3046875,345.47744174674153
2026-07-21T03:47:10.464620+00:00,3819.0,37.0,98.89,33.0,1711.3046875,345.7867173887789
2026-07-21T03:47:10.796175+00:00,3819.0,36.0,98.97,33.0,1711.3046875,346.11827344819903
2026-07-21T03:47:11.101782+00:00,3819.0,36.0,98.86,33.0,1711.3046875,346.4238801933825
2026-07-21T03:47:11.408818+00:00,3819.0,36.0,98.81,33.0,1711.3046875,346.7309161834419
2026-07-21T03:47:11.713759+00:00,3819.0,35.0,98.61,33.0,1711.3046875,347.0358561947942
2026-07-21T03:47:12.066410+00:00,3819.0,36.0,98.45,33.0,1711.3046875,347.38850724324584
2026-07-21T03:47:12.380584+00:00,3819.0,38.0,98.49,33.0,1711.3046875,347.7026816941798
2026-07-21T03:47:12.667291+00:00,3819.0,38.0,98.82,33.0,1711.3046875,347.9893897995353
2026-07-21T03:47:12.978099+00:00,3819.0,27.0,98.71,33.0,1711.30859375,348.3001959770918
2026-07-21T03:47:13.286897+00:00,3819.0,36.0,98.3,33.0,1711.30859375,348.60899418592453
2026-07-21T03:47:13.573732+00:00,3819.0,36.0,98.14,33.0,1711.30859375,348.8958299793303
2026-07-21T03:47:13.881553+00:00,3819.0,36.0,98.07,33.0,1711.30859375,349.2036504112184
2026-07-21T03:47:14.235104+00:00,3819.0,36.0,97.95,33.0,1711.30859375,349.55720161646605
2026-07-21T03:47:14.545488+00:00,3819.0,37.0,98.04,33.0,1711.30859375,349.86758575215936
2026-07-21T03:47:14.852651+00:00,3819.0,37.0,97.78,33.0,1711.3125,350.17474817857146
2026-07-21T03:47:15.143386+00:00,3819.0,36.0,98.27,33.0,1711.3125,350.4654840528965
2026-07-21T03:47:15.454043+00:00,3819.0,36.0,98.21,33.0,1711.3125,350.7761406414211
2026-07-21T03:47:15.784995+00:00,3819.0,37.0,98.19,33.0,1711.3125,351.10708443820477
2026-07-21T03:47:16.150013+00:00,3819.0,37.0,98.04,33.0,1711.3125,351.4721095338464
2026-07-21T03:47:16.461922+00:00,3819.0,36.0,98.06,33.0,1711.3125,351.7840188257396
2026-07-21T03:47:16.775074+00:00,3819.0,37.0,97.8,33.0,1711.3125,352.0971725098789
2026-07-21T03:47:17.087481+00:00,3819.0,36.0,97.69,33.0,1711.3125,352.4095788449049
2026-07-21T03:47:17.442621+00:00,3819.0,29.0,97.05,33.0,1711.3125,352.76471899077296
2026-07-21T03:47:17.749414+00:00,3819.0,32.0,97.4,33.0,1711.3125,353.0715110562742
2026-07-21T03:47:18.102714+00:00,3819.0,36.0,97.5,33.0,1711.3125,353.4248120114207
2026-07-21T03:47:18.404783+00:00,3819.0,37.0,98.51,33.0,1711.3125,353.72688077762723
2026-07-21T03:47:18.736174+00:00,3819.0,31.0,98.67,33.0,1711.31640625,354.05827113613486
2026-07-21T03:47:19.090720+00:00,3819.0,37.0,98.72,33.0,1711.31640625,354.4128180257976
2026-07-21T03:47:19.396228+00:00,3819.0,37.0,98.54,33.0,1711.31640625,354.71832513809204
2026-07-21T03:47:19.706348+00:00,3819.0,37.0,98.25,33.0,1711.31640625,355.0284451805055
2026-07-21T03:47:20.019082+00:00,3819.0,38.0,98.28,33.0,1711.31640625,355.34118025004864
2026-07-21T03:47:20.329592+00:00,3819.0,37.0,98.23,33.0,1711.31640625,355.6516893543303
2026-07-21T03:47:20.637227+00:00,3819.0,37.0,98.53,33.0,1711.31640625,355.9593260399997
2026-07-21T03:47:20.923795+00:00,3819.0,37.0,98.89,33.0,1711.3203125,356.24589198827744
2026-07-21T03:47:21.242081+00:00,3819.0,36.0,98.81,33.0,1711.3203125,356.5641781948507
2026-07-21T03:47:21.549586+00:00,3819.0,36.0,98.61,33.0,1711.3203125,356.8716830648482
2026-07-21T03:47:21.858290+00:00,3819.0,37.0,98.34,33.0,1711.3203125,357.1803874373436
2026-07-21T03:47:22.153146+00:00,3819.0,37.0,98.4,33.0,1711.3203125,357.4752448089421
2026-07-21T03:47:22.483107+00:00,3819.0,36.0,98.68,33.0,1711.32421875,357.80520429834723
2026-07-21T03:47:22.793961+00:00,3819.0,37.0,98.5,33.0,1711.32421875,358.11605817452073
2026-07-21T03:47:23.100722+00:00,3819.0,37.0,98.75,33.0,1711.32421875,358.42282063886523
2026-07-21T03:47:23.431601+00:00,3819.0,37.0,98.45,33.0,1711.32421875,358.7536978907883
2026-07-21T03:47:23.764344+00:00,3819.0,37.0,98.62,33.0,1711.32421875,359.08644134923816
2026-07-21T03:47:24.071514+00:00,3819.0,36.0,98.59,33.0,1711.328125,359.3936121985316
2026-07-21T03:47:24.399848+00:00,3819.0,36.0,98.61,33.0,1711.328125,359.72194604575634
2026-07-21T03:47:24.731470+00:00,3819.0,37.0,98.85,33.0,1711.33203125,360.0535667389631
2026-07-21T03:47:25.054498+00:00,3819.0,37.0,99.19,33.0,1711.33203125,360.376596480608
2026-07-21T03:47:25.364900+00:00,3819.0,37.0,98.89,33.0,1711.33203125,360.6869975551963
2026-07-21T03:47:25.651437+00:00,3819.0,37.0,98.58,33.0,1711.33203125,360.97353548929095
2026-07-21T03:47:26.010241+00:00,3819.0,37.0,98.31,33.0,1711.33203125,361.33233973011374
2026-07-21T03:47:26.316352+00:00,3819.0,37.0,98.64,33.0,1711.33203125,361.6384505815804
2026-07-21T03:47:26.667606+00:00,3819.0,38.0,98.51,33.0,1711.33203125,361.98970376700163
2026-07-21T03:47:26.976697+00:00,3819.0,37.0,98.71,33.0,1711.33203125,362.2987940311432
2026-07-21T03:47:27.283559+00:00,3819.0,37.0,98.55,33.0,1711.33203125,362.60565626621246
2026-07-21T03:47:27.624053+00:00,3819.0,28.0,98.7,33.0,1711.3359375,362.9461506009102
2026-07-21T03:47:27.955782+00:00,3819.0,25.0,97.25,33.0,1711.3359375,363.2778797522187
2026-07-21T03:47:28.267917+00:00,3819.0,36.0,97.08,33.0,1711.3359375,363.59001323208213
2026-07-21T03:47:28.577053+00:00,3819.0,37.0,97.2,33.0,1711.3359375,363.89915128052235
2026-07-21T03:47:28.885402+00:00,3819.0,36.0,98.0,33.0,1711.3359375,364.2074996381998
2026-07-21T03:47:29.241256+00:00,3819.0,36.0,98.35,33.0,1711.3359375,364.5633543021977
2026-07-21T03:47:29.549612+00:00,3819.0,36.0,98.21,33.0,1711.3359375,364.8717093952
2026-07-21T03:47:29.878720+00:00,3819.0,37.0,98.25,33.0,1711.3359375,365.2008178383112
2026-07-21T03:47:30.187916+00:00,3819.0,37.0,98.1,33.0,1711.3359375,365.5100141726434
2026-07-21T03:47:30.540355+00:00,3819.0,35.0,98.39,33.0,1711.3359375,365.86245292425156
2026-07-21T03:47:30.850274+00:00,3819.0,36.0,98.55,33.0,1711.33984375,366.1723711229861
2026-07-21T03:47:31.175082+00:00,3819.0,36.0,98.22,33.0,1711.33984375,366.49717961624265
2026-07-21T03:47:31.485603+00:00,3819.0,35.0,98.05,33.0,1711.33984375,366.8077009692788
2026-07-21T03:47:31.839838+00:00,3819.0,37.0,98.03,33.0,1711.33984375,367.1619353070855
2026-07-21T03:47:32.149404+00:00,3819.0,35.0,97.93,33.0,1711.33984375,367.471502777189
2026-07-21T03:47:32.456961+00:00,3819.0,37.0,98.06,33.0,1711.33984375,367.779059253633
2026-07-21T03:47:32.765644+00:00,3819.0,37.0,98.31,33.0,1711.33984375,368.0877424739301
2026-07-21T03:47:33.071728+00:00,3819.0,37.0,98.75,33.0,1711.33984375,368.39382648840547
2026-07-21T03:47:33.379413+00:00,3819.0,37.0,98.68,33.0,1711.33984375,368.70151118934155
2026-07-21T03:47:33.666832+00:00,3819.0,36.0,98.89,33.0,1711.33984375,368.98893040791154
2026-07-21T03:47:33.976920+00:00,3819.0,31.0,99.25,33.0,1711.34375,369.2990170493722
2026-07-21T03:47:34.271462+00:00,3819.0,36.0,99.07,33.0,1711.34375,369.59356013685465
2026-07-21T03:47:34.581162+00:00,3819.0,36.0,98.72,33.0,1711.34375,369.90325942635536
2026-07-21T03:47:34.889236+00:00,3819.0,36.0,98.6,33.0,1711.34375,370.2113334648311
2026-07-21T03:47:35.173851+00:00,3819.0,36.0,98.25,33.0,1711.34375,370.4959490522742
2026-07-21T03:47:35.504033+00:00,3819.0,36.0,98.42,33.0,1711.34375,370.82613027468324
2026-07-21T03:47:35.835776+00:00,3819.0,36.0,98.27,33.0,1711.34375,371.15787329524755
2026-07-21T03:47:36.145368+00:00,3819.0,37.0,98.18,33.0,1711.34375,371.46746546402574
2026-07-21T03:47:36.453056+00:00,3819.0,37.0,98.49,33.0,1711.34765625,371.77515396103263
2026-07-21T03:47:36.804160+00:00,3819.0,36.0,98.65,33.0,1711.34765625,372.12625761702657
2026-07-21T03:47:37.090652+00:00,3819.0,37.0,98.69,33.0,1711.34765625,372.4127499163151
2026-07-21T03:47:37.423723+00:00,3819.0,37.0,98.41,33.0,1711.34765625,372.74581331014633
2026-07-21T03:47:37.756478+00:00,3819.0,37.0,98.23,33.0,1711.34765625,373.0785760693252
2026-07-21T03:47:38.043109+00:00,3819.0,37.0,98.43,33.0,1711.34765625,373.36520674452186
2026-07-21T03:47:38.353359+00:00,3819.0,37.0,98.51,33.0,1711.34765625,373.6754566729069
2026-07-21T03:47:38.657411+00:00,3819.0,37.0,98.41,33.0,1711.34765625,373.979508921504
2026-07-21T03:47:38.965592+00:00,3819.0,37.0,98.56,33.0,1711.34765625,374.28769018128514
2026-07-21T03:47:39.253686+00:00,3819.0,36.0,98.54,33.0,1711.34765625,374.5757838971913
2026-07-21T03:47:39.560853+00:00,3819.0,37.0,98.46,33.0,1711.34765625,374.8829505778849
2026-07-21T03:47:39.868614+00:00,3819.0,30.0,99.0,33.0,1711.3515625,375.19071128591895
2026-07-21T03:47:40.160541+00:00,3819.0,37.0,98.8,33.0,1711.3515625,375.48263811692595
2026-07-21T03:47:40.468455+00:00,3819.0,37.0,98.45,33.0,1711.3515625,375.7905530817807
2026-07-21T03:47:40.776495+00:00,3819.0,37.0,98.78,33.0,1711.3515625,376.0985929146409
2026-07-21T03:47:41.108319+00:00,3819.0,37.0,98.41,33.0,1711.3515625,376.4304168112576
2026-07-21T03:47:41.416963+00:00,3819.0,37.0,98.53,33.0,1711.3515625,376.7390609793365
2026-07-21T03:47:41.747651+00:00,3819.0,37.0,98.4,33.0,1711.3515625,377.0697479099035
2026-07-21T03:47:42.056424+00:00,3819.0,37.0,98.31,33.0,1711.3515625,377.3785218708217
2026-07-21T03:47:42.365606+00:00,3819.0,36.0,98.37,33.0,1711.3515625,377.6877035424113
2026-07-21T03:47:42.677228+00:00,3819.0,36.0,98.59,33.0,1711.3515625,377.9993262216449
2026-07-21T03:47:43.008246+00:00,3819.0,35.0,98.76,33.0,1711.3515625,378.33034409210086
2026-07-21T03:47:43.293367+00:00,3819.0,36.0,98.89,33.0,1711.3515625,378.61546474695206
2026-07-21T03:47:43.602129+00:00,3819.0,36.0,98.59,33.0,1711.3515625,378.92422711476684
2026-07-21T03:47:43.955321+00:00,3819.0,37.0,98.64,33.0,1711.35546875,379.2774192094803
2026-07-21T03:47:44.271276+00:00,3819.0,37.0,98.66,33.0,1711.35546875,379.5933739170432
2026-07-21T03:47:44.577816+00:00,3819.0,36.0,98.75,33.0,1711.35546875,379.89991383999586
2026-07-21T03:47:44.888997+00:00,3819.0,36.0,98.29,33.0,1711.35546875,380.2110946290195
2026-07-21T03:47:45.243926+00:00,3819.0,35.0,98.04,33.0,1711.35546875,380.5660247988999
2026-07-21T03:47:45.575595+00:00,3819.0,35.0,97.82,33.0,1711.35546875,380.89769376814365
2026-07-21T03:47:45.863628+00:00,3819.0,37.0,97.86,33.0,1711.35546875,381.18572587892413
2026-07-21T03:47:46.171866+00:00,3819.0,37.0,98.11,33.0,1711.35546875,381.4939646832645
2026-07-21T03:47:46.502270+00:00,3819.0,35.0,98.3,33.0,1711.35546875,381.82436799257994
2026-07-21T03:47:46.808752+00:00,3819.0,38.0,98.62,33.0,1711.35546875,382.13084999471903
2026-07-21T03:47:47.121958+00:00,3819.0,30.0,99.12,33.0,1711.375,382.4440556280315
2026-07-21T03:47:47.449686+00:00,3819.0,36.0,98.84,33.0,1711.375,382.77178401872516
2026-07-21T03:47:47.778873+00:00,3819.0,37.0,98.8,33.0,1711.375,383.10096994414926
2026-07-21T03:47:48.087351+00:00,3819.0,36.0,98.2,33.0,1711.375,383.4094489514828
2026-07-21T03:47:48.419015+00:00,3819.0,36.0,98.31,33.0,1711.375,383.7411129102111
2026-07-21T03:47:48.728653+00:00,3819.0,37.0,98.43,33.0,1711.375,384.0507514514029
2026-07-21T03:47:49.016242+00:00,3819.0,36.0,98.29,33.0,1711.375,384.33833853155375
2026-07-21T03:47:49.325501+00:00,3819.0,37.0,98.4,33.0,1711.375,384.6475994065404
2026-07-21T03:47:49.634188+00:00,3819.0,37.0,98.53,33.0,1711.375,384.956286765635
2026-07-21T03:47:49.920616+00:00,3819.0,37.0,98.5,33.0,1711.375,385.2427142113447
2026-07-21T03:47:50.250278+00:00,3819.0,37.0,98.68,33.0,1711.375,385.57237542048097
2026-07-21T03:47:50.536083+00:00,3819.0,32.0,99.48,33.0,1711.40625,385.8581813685596
2026-07-21T03:47:50.845056+00:00,3819.0,38.0,99.33,33.0,1711.40625,386.16715443506837
2026-07-21T03:47:51.157325+00:00,3819.0,36.0,99.48,33.0,1711.40625,386.4794231913984
2026-07-21T03:47:51.481655+00:00,3819.0,38.0,98.58,33.0,1711.40625,386.80375231429935
2026-07-21T03:47:51.807771+00:00,3819.0,37.0,98.76,33.0,1711.40625,387.1298691816628
2026-07-21T03:47:52.121394+00:00,3819.0,37.0,98.5,33.0,1711.40625,387.4434917792678
2026-07-21T03:47:52.428645+00:00,3819.0,37.0,98.59,33.0,1711.40625,387.75074239075184
2026-07-21T03:47:52.732930+00:00,3819.0,36.0,98.44,33.0,1711.40625,388.0550271719694
2026-07-21T03:47:53.027094+00:00,3819.0,37.0,98.5,33.0,1711.40625,388.34919246286154
2026-07-21T03:47:53.312569+00:00,3819.0,37.0,98.19,33.0,1711.4765625,388.63466737791896
2026-07-21T03:47:53.643244+00:00,3819.0,36.0,98.68,33.0,1711.4765625,388.9653421007097
2026-07-21T03:47:53.930192+00:00,3819.0,37.0,98.86,33.0,1711.4765625,389.252289455384
2026-07-21T03:47:54.243550+00:00,3819.0,37.0,98.88,33.0,1711.4765625,389.5656480155885
2026-07-21T03:47:54.553519+00:00,3819.0,37.0,98.45,33.0,1711.4765625,389.8756164945662
2026-07-21T03:47:54.861370+00:00,3819.0,37.0,98.5,33.0,1711.4765625,390.18346835300326
2026-07-21T03:47:55.190397+00:00,3819.0,38.0,98.65,33.0,1711.55078125,390.51249531656504
2026-07-21T03:47:55.476427+00:00,3819.0,37.0,98.61,33.0,1711.55078125,390.79852544888854
2026-07-21T03:47:55.785082+00:00,3819.0,36.0,98.96,33.0,1711.55078125,391.1071798764169
2026-07-21T03:47:56.091620+00:00,3819.0,32.0,98.64,33.0,1711.5625,391.41371685266495
2026-07-21T03:47:56.399388+00:00,3819.0,37.0,98.74,33.0,1711.5625,391.72148633003235
2026-07-21T03:47:56.709312+00:00,3819.0,37.0,98.83,33.0,1711.5625,392.0314103923738
2026-07-21T03:47:57.057956+00:00,3819.0,30.0,99.0,33.0,1711.5859375,392.380053833127
2026-07-21T03:47:57.368765+00:00,3819.0,38.0,98.81,33.0,1711.5859375,392.69086308404803
2026-07-21T03:47:57.677905+00:00,3819.0,36.0,98.7,33.0,1711.5859375,393.00000350549817
2026-07-21T03:47:57.985866+00:00,3819.0,38.0,98.69,33.0,1711.5859375,393.3079640045762
2026-07-21T03:47:58.292428+00:00,3819.0,37.0,98.62,33.0,1711.5859375,393.61452554538846
2026-07-21T03:47:58.601109+00:00,3819.0,36.0,98.94,33.0,1711.625,393.92320572957397
2026-07-21T03:47:58.910917+00:00,3819.0,37.0,99.17,33.0,1711.625,394.23301557451487
2026-07-21T03:47:59.195826+00:00,3819.0,37.0,99.23,33.0,1711.625,394.5179237052798
2026-07-21T03:47:59.480429+00:00,3819.0,37.0,98.88,33.0,1711.625,394.8025278374553
2026-07-21T03:47:59.764270+00:00,3819.0,37.0,98.7,33.0,1711.625,395.0863685235381
2026-07-21T03:48:00.113310+00:00,3819.0,37.0,98.8,33.0,1711.625,395.43540824204683
2026-07-21T03:48:00.418974+00:00,3819.0,37.0,98.93,33.0,1711.625,395.74107245728374
2026-07-21T03:48:00.746965+00:00,3819.0,37.0,98.84,33.0,1711.703125,396.0690624900162
2026-07-21T03:48:01.078110+00:00,3819.0,36.0,98.78,33.0,1711.703125,396.40020670741796
2026-07-21T03:48:01.383311+00:00,3819.0,37.0,98.67,33.0,1711.703125,396.7054083123803
2026-07-21T03:48:01.694660+00:00,3819.0,37.0,98.43,33.0,1711.70703125,397.01675724983215
2026-07-21T03:48:02.025940+00:00,3819.0,36.0,98.38,33.0,1711.70703125,397.34803784266114
2026-07-21T03:48:02.337495+00:00,3819.0,37.0,98.51,33.0,1711.72265625,397.65959272533655
2026-07-21T03:48:02.687805+00:00,3819.0,37.0,98.57,33.0,1711.73046875,398.00990306958556
2026-07-21T03:48:03.041923+00:00,3819.0,37.0,98.35,33.0,1711.73046875,398.36402126029134
2026-07-21T03:48:03.394249+00:00,3819.0,35.0,97.97,33.0,1711.734375,398.71634636074305
2026-07-21T03:48:03.704731+00:00,3819.0,23.0,97.14,33.0,1711.734375,399.02682967856526
2026-07-21T03:48:03.992102+00:00,3819.0,37.0,97.18,33.0,1711.73828125,399.31420047953725
2026-07-21T03:48:04.306594+00:00,3819.0,36.0,97.39,33.0,1711.73828125,399.628691945225
2026-07-21T03:48:04.617338+00:00,3819.0,36.0,97.94,33.0,1711.84765625,399.93942304328084
2026-07-21T03:48:04.904404+00:00,3819.0,35.0,98.34,33.0,1711.85546875,400.22650220245123
2026-07-21T03:48:05.190394+00:00,3819.0,36.0,98.37,33.0,1711.85546875,400.51249243319035
2026-07-21T03:48:05.547280+00:00,3819.0,35.0,97.74,33.0,1711.859375,400.8693772405386
2026-07-21T03:48:05.879300+00:00,3819.0,35.0,97.73,33.0,1711.859375,401.2013988047838
2026-07-21T03:48:06.188133+00:00,3819.0,36.0,97.57,33.0,1711.86328125,401.5102306380868
2026-07-21T03:48:06.520323+00:00,3819.0,37.0,97.74,33.0,1711.90234375,401.84242010489106
2026-07-21T03:48:06.847647+00:00,3819.0,36.0,97.99,33.0,1711.90234375,402.1697453521192
2026-07-21T03:48:07.178864+00:00,3819.0,34.0,97.82,33.0,1711.9140625,402.5009614638984
2026-07-21T03:48:07.510950+00:00,3819.0,33.0,97.5,33.0,1711.9140625,402.83304803818464
2026-07-21T03:48:07.821601+00:00,3819.0,36.0,97.35,33.0,1711.921875,403.14369781687856
2026-07-21T03:48:08.128136+00:00,3819.0,28.0,97.54,33.0,1711.9609375,403.450233489275
2026-07-21T03:48:08.455751+00:00,3819.0,36.0,97.51,33.0,1711.96875,403.7778489328921
2026-07-21T03:48:08.808033+00:00,3819.0,35.0,96.73,33.0,1711.96875,404.13013023510575
2026-07-21T03:48:09.147060+00:00,3819.0,36.0,96.76,33.0,1711.97265625,404.4691577553749
2026-07-21T03:48:09.455426+00:00,3819.0,36.0,97.27,33.0,1711.98046875,404.7775245271623
2026-07-21T03:48:09.787806+00:00,3819.0,27.0,97.79,33.0,1712.0390625,405.1099038273096
2026-07-21T03:48:10.100460+00:00,3819.0,36.0,98.21,33.0,1712.05078125,405.42255729809403
2026-07-21T03:48:10.409236+00:00,3819.0,35.0,98.18,33.0,1712.05078125,405.73133440315723
2026-07-21T03:48:10.717103+00:00,3819.0,37.0,98.03,33.0,1712.05859375,406.0392018593848
2026-07-21T03:48:11.027442+00:00,3819.0,37.0,98.09,33.0,1712.05859375,406.34954038634896
2026-07-21T03:48:11.332818+00:00,3819.0,37.0,98.43,33.0,1712.0625,406.65491557121277
2026-07-21T03:48:11.659291+00:00,3819.0,37.0,98.56,33.0,1712.07421875,406.981389362365
2026-07-21T03:48:12.018102+00:00,3819.0,35.0,98.32,33.0,1712.07421875,407.3402000106871
2026-07-21T03:48:12.350521+00:00,3819.0,36.0,98.16,33.0,1712.078125,407.67261977121234
2026-07-21T03:48:12.679497+00:00,3819.0,36.0,98.16,33.0,1712.078125,408.00159488618374
2026-07-21T03:48:13.016156+00:00,3819.0,37.0,98.26,33.0,1712.09375,408.33825409412384
2026-07-21T03:48:13.346555+00:00,3819.0,37.0,98.48,33.0,1712.13671875,408.668651599437
2026-07-21T03:48:13.679356+00:00,3819.0,35.0,98.69,33.0,1712.15625,409.00145410746336
2026-07-21T03:48:14.018550+00:00,3819.0,36.0,98.71,33.0,1712.15625,409.34064808115363
2026-07-21T03:48:14.358012+00:00,3819.0,37.0,98.8,33.0,1712.27734375,409.68011013790965
2026-07-21T03:48:14.645533+00:00,3819.0,35.0,98.65,33.0,1712.27734375,409.9676309302449
2026-07-21T03:48:14.951659+00:00,3819.0,35.0,98.75,33.0,1712.2890625,410.27375676110387
2026-07-21T03:48:15.259534+00:00,3819.0,35.0,98.82,33.0,1712.2890625,410.58163169771433
2026-07-21T03:48:15.567345+00:00,3819.0,36.0,98.3,33.0,1712.2890625,410.88944347947836
2026-07-21T03:48:16.008385+00:00,3819.0,11.0,96.05,33.0,1712.30859375,411.3304829373956
2026-07-21T03:48:16.358843+00:00,3819.0,36.0,95.88,33.0,1712.30859375,411.68094009533525
2026-07-21T03:48:16.691157+00:00,3819.0,37.0,95.9,33.0,1712.30859375,412.0132546722889
2026-07-21T03:48:17.002569+00:00,3819.0,36.0,98.54,33.0,1712.40625,412.32466549798846
2026-07-21T03:48:17.311902+00:00,3819.0,36.0,98.71,33.0,1712.40625,412.6339983046055
2026-07-21T03:48:17.649307+00:00,3819.0,36.0,98.55,33.0,1712.40625,412.9714045971632
2026-07-21T03:48:17.960802+00:00,3819.0,35.0,97.97,33.0,1712.40625,413.2829001173377
2026-07-21T03:48:18.274227+00:00,3819.0,36.0,97.56,33.0,1712.40625,413.59632467105985
2026-07-21T03:48:18.634056+00:00,3819.0,37.0,97.84,33.0,1712.40625,413.9561540558934
2026-07-21T03:48:18.990292+00:00,3819.0,37.0,98.15,33.0,1712.40625,414.31238946691155
2026-07-21T03:48:19.346043+00:00,3819.0,35.0,98.37,33.0,1712.40625,414.6681408137083
2026-07-21T03:48:19.658410+00:00,3819.0,37.0,98.5,33.0,1712.40625,414.9805084504187
2026-07-21T03:48:19.992610+00:00,3819.0,37.0,98.49,33.0,1712.40625,415.31470358744264
2026-07-21T03:48:20.356571+00:00,3819.0,35.0,98.8,33.0,1712.4296875,415.6786670573056
2026-07-21T03:48:20.708524+00:00,3819.0,36.0,98.63,33.0,1712.4296875,416.03062084689736
2026-07-21T03:48:21.020322+00:00,3819.0,36.0,98.36,33.0,1712.4296875,416.3424194045365
2026-07-21T03:48:21.364845+00:00,3819.0,38.0,97.75,33.0,1712.4296875,416.6869436427951
2026-07-21T03:48:21.696111+00:00,3819.0,37.0,97.82,33.0,1712.4296875,417.0182086266577
2026-07-21T03:48:22.001957+00:00,3819.0,35.0,97.91,33.0,1712.4296875,417.32405495271087
2026-07-21T03:48:22.332190+00:00,3819.0,37.0,98.31,33.0,1712.4296875,417.6542869992554
2026-07-21T03:48:22.638592+00:00,3819.0,35.0,98.61,33.0,1712.4296875,417.9606876075268
2026-07-21T03:48:22.970887+00:00,3819.0,36.0,98.29,33.0,1712.4296875,418.292984303087
2026-07-21T03:48:23.326610+00:00,3819.0,37.0,98.18,33.0,1712.4296875,418.64870716258883
2026-07-21T03:48:23.675982+00:00,3819.0,35.0,98.24,33.0,1712.4296875,418.9980794452131
2026-07-21T03:48:23.985439+00:00,3819.0,38.0,98.66,33.0,1712.4296875,419.30753653496504
2026-07-21T03:48:24.313953+00:00,3819.0,36.0,98.41,33.0,1712.45703125,419.63605059683323
2026-07-21T03:48:24.625465+00:00,3819.0,36.0,98.63,33.0,1712.45703125,419.94756304472685
2026-07-21T03:48:24.937888+00:00,3819.0,35.0,98.34,33.0,1712.45703125,420.25998601317406
2026-07-21T03:48:25.247869+00:00,3819.0,34.0,98.04,33.0,1712.4765625,420.56996535882354
2026-07-21T03:48:25.539690+00:00,3819.0,37.0,97.91,33.0,1712.4765625,420.8617870658636
2026-07-21T03:48:25.875246+00:00,3819.0,37.0,97.97,33.0,1712.4765625,421.19734362512827
2026-07-21T03:48:26.180067+00:00,3819.0,38.0,98.38,33.0,1712.4765625,421.50216518715024
2026-07-21T03:48:26.483537+00:00,3819.0,37.0,98.46,33.0,1712.4765625,421.8056352213025
2026-07-21T03:48:26.814732+00:00,3819.0,36.0,98.52,33.0,1712.4765625,422.1368303000927
2026-07-21T03:48:27.166812+00:00,3819.0,38.0,98.62,33.0,1712.49609375,422.4889085665345
2026-07-21T03:48:27.524225+00:00,3819.0,37.0,98.66,33.0,1712.49609375,422.84632223472
2026-07-21T03:48:27.832363+00:00,3819.0,38.0,98.84,33.0,1712.49609375,423.1544606387615
2026-07-21T03:48:28.140816+00:00,3819.0,37.0,98.51,33.0,1712.49609375,423.46291399747133
2026-07-21T03:48:28.462073+00:00,3819.0,36.0,97.96,33.0,1712.51171875,423.7841700538993
2026-07-21T03:48:28.772604+00:00,3819.0,37.0,98.19,33.0,1712.51171875,424.0947023704648
2026-07-21T03:48:29.120128+00:00,3819.0,37.0,97.96,33.0,1712.51171875,424.4422256052494
2026-07-21T03:48:29.429780+00:00,3819.0,37.0,98.32,33.0,1712.51171875,424.75187853723764
2026-07-21T03:48:29.741248+00:00,3819.0,37.0,98.1,33.0,1712.51171875,425.0633459687233
2026-07-21T03:48:30.094175+00:00,3819.0,37.0,98.18,33.0,1712.51171875,425.4162713140249
2026-07-21T03:48:30.425669+00:00,3819.0,35.0,97.97,33.0,1712.51171875,425.7477672249079
2026-07-21T03:48:30.756415+00:00,3819.0,37.0,97.87,33.0,1712.51171875,426.07851254194975
2026-07-21T03:48:31.109731+00:00,3819.0,36.0,97.9,33.0,1712.51171875,426.43182856589556
2026-07-21T03:48:31.416239+00:00,3819.0,35.0,98.03,33.0,1712.515625,426.73833487927914
2026-07-21T03:48:31.729742+00:00,3819.0,34.0,98.01,33.0,1712.515625,427.0518395341933
2026-07-21T03:48:32.057177+00:00,3819.0,35.0,97.76,33.0,1712.515625,427.3792747333646
2026-07-21T03:48:32.374220+00:00,3819.0,35.0,97.41,33.0,1712.51953125,427.6963179707527
2026-07-21T03:48:32.680794+00:00,3819.0,36.0,97.82,33.0,1712.51953125,428.0028926022351
2026-07-21T03:48:32.985112+00:00,3819.0,37.0,97.75,33.0,1712.51953125,428.30721013620496
2026-07-21T03:48:33.309896+00:00,3819.0,34.0,97.83,33.0,1712.51953125,428.63199461624026
2026-07-21T03:48:33.640874+00:00,3819.0,37.0,97.61,33.0,1712.51953125,428.9629717990756
2026-07-21T03:48:33.930629+00:00,3819.0,37.0,97.65,33.0,1712.51953125,429.2527261823416
2026-07-21T03:48:34.216792+00:00,3819.0,35.0,97.74,33.0,1712.51953125,429.5388895496726
2026-07-21T03:48:34.562024+00:00,3819.0,34.0,97.46,33.0,1712.5234375,429.8841210640967
2026-07-21T03:48:34.874640+00:00,3819.0,36.0,97.9,33.0,1712.5234375,430.1967371441424
2026-07-21T03:48:35.201862+00:00,3819.0,34.0,97.74,33.0,1712.5234375,430.5239592753351
2026-07-21T03:48:35.513318+00:00,3819.0,37.0,97.68,33.0,1712.5234375,430.8354163207114
2026-07-21T03:48:35.839677+00:00,3819.0,35.0,97.65,33.0,1712.5234375,431.1617753393948
2026-07-21T03:48:36.156603+00:00,3819.0,35.0,97.54,33.0,1712.5234375,431.47869949415326
2026-07-21T03:48:36.464389+00:00,3819.0,37.0,97.74,33.0,1712.5234375,431.7864866964519
2026-07-21T03:48:36.787674+00:00,3819.0,36.0,97.86,33.0,1712.5234375,432.1097727455199
2026-07-21T03:48:37.097306+00:00,3819.0,35.0,98.09,33.0,1712.5234375,432.41940393671393
2026-07-21T03:48:37.405917+00:00,3819.0,36.0,98.09,33.0,1712.5234375,432.7280150204897
2026-07-21T03:48:37.719865+00:00,3819.0,37.0,98.09,33.0,1712.5234375,433.0419627055526
2026-07-21T03:48:38.061433+00:00,3819.0,37.0,98.22,33.0,1712.5234375,433.3835304491222
2026-07-21T03:48:38.373651+00:00,3819.0,35.0,98.32,33.0,1712.5234375,433.69574446603656
2026-07-21T03:48:38.699509+00:00,3819.0,36.0,98.41,33.0,1712.5234375,434.02160765230656
2026-07-21T03:48:39.016594+00:00,3819.0,37.0,98.24,33.0,1712.5234375,434.33869272097945
2026-07-21T03:48:39.368033+00:00,3819.0,36.0,98.36,33.0,1712.5234375,434.69013173505664
2026-07-21T03:48:39.676167+00:00,3819.0,34.0,98.03,33.0,1712.5234375,434.9982648976147
2026-07-21T03:48:39.981196+00:00,3819.0,35.0,98.18,33.0,1712.52734375,435.3032932318747
2026-07-21T03:48:40.296743+00:00,3819.0,36.0,98.13,33.0,1712.52734375,435.6188410744071
2026-07-21T03:48:40.605514+00:00,3819.0,36.0,98.02,33.0,1712.52734375,435.9276110827923
2026-07-21T03:48:40.913099+00:00,3819.0,35.0,98.05,33.0,1712.52734375,436.2351962327957
2026-07-21T03:48:41.224322+00:00,3819.0,36.0,98.11,33.0,1712.52734375,436.546420134604
2026-07-21T03:48:41.554283+00:00,3819.0,35.0,97.9,33.0,1712.52734375,436.87638107687235
2026-07-21T03:48:41.905003+00:00,3819.0,36.0,97.9,33.0,1712.52734375,437.2271010503173
2026-07-21T03:48:42.211855+00:00,3819.0,31.0,97.65,33.0,1712.52734375,437.53395311906934
2026-07-21T03:48:42.522356+00:00,3819.0,37.0,97.49,33.0,1712.52734375,437.8444537781179
2026-07-21T03:48:42.832448+00:00,3819.0,36.0,97.14,33.0,1712.52734375,438.1545455530286
2026-07-21T03:48:43.141881+00:00,3819.0,37.0,97.23,33.0,1712.52734375,438.46397979930043
2026-07-21T03:48:43.499331+00:00,3819.0,35.0,97.72,33.0,1712.52734375,438.8214287683368
2026-07-21T03:48:43.831770+00:00,3819.0,29.0,98.17,33.0,1712.52734375,439.15386821329594
2026-07-21T03:48:44.161887+00:00,3819.0,37.0,98.18,33.0,1712.52734375,439.4839849472046
2026-07-21T03:48:44.491489+00:00,3819.0,36.0,98.4,33.0,1712.52734375,439.81358658894897
2026-07-21T03:48:44.822469+00:00,3819.0,37.0,98.07,33.0,1712.52734375,440.1445665471256
2026-07-21T03:48:45.159529+00:00,3819.0,37.0,98.28,33.0,1712.52734375,440.4816259890795
2026-07-21T03:48:45.485895+00:00,3819.0,37.0,98.54,33.0,1712.52734375,440.80799159407616
2026-07-21T03:48:45.847112+00:00,3819.0,37.0,98.79,33.0,1712.52734375,441.1692087389529
2026-07-21T03:48:46.178139+00:00,3819.0,37.0,98.54,33.0,1712.52734375,441.5002360492945
2026-07-21T03:48:46.488299+00:00,3819.0,37.0,98.36,33.0,1712.52734375,441.8103974573314
2026-07-21T03:48:46.796405+00:00,3819.0,38.0,98.27,33.0,1712.52734375,442.1185028254986
2026-07-21T03:48:47.083144+00:00,3819.0,37.0,98.55,33.0,1712.52734375,442.40524196252227
2026-07-21T03:48:47.391728+00:00,3819.0,32.0,98.44,33.0,1712.52734375,442.7138251811266
2026-07-21T03:48:47.700288+00:00,3819.0,37.0,98.86,33.0,1712.52734375,443.0223857238889
2026-07-21T03:48:47.987132+00:00,3819.0,37.0,98.69,33.0,1712.52734375,443.30923007428646
2026-07-21T03:48:48.313486+00:00,3819.0,36.0,98.46,33.0,1712.52734375,443.63558365777135
2026-07-21T03:48:48.653956+00:00,3819.0,37.0,98.2,33.0,1712.52734375,443.97605262696743
2026-07-21T03:48:48.964484+00:00,3819.0,38.0,98.37,33.0,1712.52734375,444.28658222034574
2026-07-21T03:48:49.272092+00:00,3819.0,38.0,98.3,33.0,1712.52734375,444.5941898562014
2026-07-21T03:48:49.602908+00:00,3819.0,37.0,98.48,33.0,1712.52734375,444.92500706389546
2026-07-21T03:48:49.947039+00:00,3819.0,38.0,98.4,33.0,1712.52734375,445.26913779228926
2026-07-21T03:48:50.254808+00:00,3819.0,37.0,98.31,33.0,1712.52734375,445.5769063346088
2026-07-21T03:48:50.542128+00:00,3819.0,37.0,98.25,33.0,1712.52734375,445.86422611773014
2026-07-21T03:48:50.891778+00:00,3819.0,37.0,98.1,33.0,1712.52734375,446.21387465298176
2026-07-21T03:48:51.196242+00:00,3819.0,37.0,98.37,33.0,1712.52734375,446.51834028214216
2026-07-21T03:48:51.504072+00:00,3819.0,35.0,98.09,33.0,1712.52734375,446.82617044076324
2026-07-21T03:48:51.813407+00:00,3819.0,29.0,98.61,33.0,1712.53125,447.13550408929586
2026-07-21T03:48:52.120499+00:00,3819.0,35.0,98.25,33.0,1712.53125,447.44259710237384
2026-07-21T03:48:52.447756+00:00,3819.0,35.0,97.95,33.0,1712.53125,447.76985329017043
2026-07-21T03:48:52.735076+00:00,3819.0,37.0,97.69,33.0,1712.53125,448.0571741685271
2026-07-21T03:48:53.085327+00:00,3819.0,33.0,97.61,33.0,1712.53125,448.4074253849685
2026-07-21T03:48:53.392837+00:00,3819.0,36.0,97.72,33.0,1712.53125,448.7149359844625
2026-07-21T03:48:53.718430+00:00,3819.0,37.0,97.76,33.0,1712.53515625,449.0405282303691
2026-07-21T03:48:54.027479+00:00,3819.0,38.0,97.63,33.0,1712.53515625,449.3495780788362
2026-07-21T03:48:54.335286+00:00,3819.0,35.0,97.81,33.0,1712.53515625,449.657383967191
2026-07-21T03:48:54.667921+00:00,3819.0,37.0,97.87,33.0,1712.53515625,449.9900180324912
2026-07-21T03:48:55.022775+00:00,3819.0,37.0,97.98,33.0,1712.53515625,450.3448722064495
2026-07-21T03:48:55.331690+00:00,3819.0,35.0,98.1,33.0,1712.53515625,450.6537883467972
2026-07-21T03:48:55.636827+00:00,3819.0,38.0,98.28,33.0,1712.53515625,450.95892552658916
2026-07-21T03:48:55.945146+00:00,3819.0,27.0,98.1,33.0,1712.53515625,451.26724192127585
2026-07-21T03:48:56.252818+00:00,3819.0,35.0,97.98,33.0,1712.53515625,451.57491506263614
2026-07-21T03:48:56.557137+00:00,3819.0,33.0,97.86,33.0,1712.53515625,451.87923403456807
2026-07-21T03:48:56.892517+00:00,3819.0,37.0,97.76,33.0,1712.53515625,452.21461432799697
2026-07-21T03:48:57.195125+00:00,3819.0,34.0,98.1,33.0,1712.53515625,452.51722352206707
2026-07-21T03:48:57.546593+00:00,3819.0,34.0,98.0,33.0,1712.53515625,452.8686906583607
2026-07-21T03:48:57.856312+00:00,3819.0,36.0,98.14,33.0,1712.53515625,453.17841117084026
2026-07-21T03:48:58.186002+00:00,3819.0,33.0,97.99,33.0,1712.53515625,453.50810019671917
2026-07-21T03:48:58.517861+00:00,3819.0,34.0,97.81,33.0,1712.53515625,453.8399586752057
2026-07-21T03:48:58.874234+00:00,3819.0,36.0,97.96,33.0,1712.5390625,454.1963310353458
2026-07-21T03:48:59.181022+00:00,3819.0,37.0,97.98,33.0,1712.5390625,454.5031204968691
2026-07-21T03:48:59.510531+00:00,3819.0,36.0,98.16,33.0,1712.5390625,454.8326286226511
2026-07-21T03:48:59.800338+00:00,3819.0,37.0,98.08,33.0,1712.5390625,455.1224366761744
2026-07-21T03:49:00.118980+00:00,3819.0,36.0,98.21,33.0,1712.5390625,455.4410778991878
2026-07-21T03:49:00.425839+00:00,3819.0,37.0,98.33,33.0,1712.5390625,455.7479357048869
2026-07-21T03:49:00.754900+00:00,3819.0,36.0,98.28,33.0,1712.5390625,456.0769976750016
2026-07-21T03:49:01.040150+00:00,3819.0,29.0,98.2,33.0,1712.54296875,456.3622475005686
2026-07-21T03:49:01.356147+00:00,3819.0,37.0,98.2,33.0,1712.54296875,456.6782447248697
2026-07-21T03:49:01.702404+00:00,3819.0,36.0,98.14,33.0,1712.54296875,457.0245026499033
2026-07-21T03:49:02.029896+00:00,3819.0,37.0,98.04,33.0,1712.54296875,457.35199373215437
2026-07-21T03:49:02.315414+00:00,3819.0,37.0,98.2,33.0,1712.54296875,457.6375129930675
2026-07-21T03:49:02.621337+00:00,3819.0,37.0,98.07,33.0,1712.54296875,457.9434350505471
2026-07-21T03:49:02.929267+00:00,3819.0,36.0,98.27,33.0,1712.54296875,458.25136459618807
2026-07-21T03:49:03.233697+00:00,3819.0,36.0,98.31,33.0,1712.54296875,458.55579437687993
2026-07-21T03:49:03.519886+00:00,3819.0,37.0,98.35,33.0,1712.54296875,458.8419838733971
2026-07-21T03:49:03.844953+00:00,3819.0,37.0,98.62,33.0,1712.5625,459.16705068945885
2026-07-21T03:49:04.147858+00:00,3819.0,37.0,98.68,33.0,1712.5625,459.46995555236936
2026-07-21T03:49:04.478421+00:00,3819.0,37.0,98.54,33.0,1712.5625,459.80051827430725
2026-07-21T03:49:04.790026+00:00,3819.0,37.0,98.18,33.0,1712.5625,460.11212265118957
2026-07-21T03:49:05.144250+00:00,3819.0,37.0,98.13,33.0,1712.5625,460.46634674444795
2026-07-21T03:49:05.455553+00:00,3819.0,37.0,97.97,33.0,1712.5625,460.77764941751957
2026-07-21T03:49:05.743128+00:00,3819.0,30.0,98.24,33.0,1712.58203125,461.0652255937457
2026-07-21T03:49:06.052000+00:00,3819.0,37.0,98.05,33.0,1712.58203125,461.3740982413292
2026-07-21T03:49:06.362542+00:00,3819.0,37.0,98.21,33.0,1712.58203125,461.6846390850842
2026-07-21T03:49:06.672838+00:00,3819.0,37.0,98.15,33.0,1712.58203125,461.99493653699756
2026-07-21T03:49:06.999118+00:00,3819.0,37.0,98.48,33.0,1712.58203125,462.32121539115906
2026-07-21T03:49:07.326173+00:00,3819.0,37.0,98.32,33.0,1712.58203125,462.6482703462243
2026-07-21T03:49:07.634875+00:00,3819.0,37.0,98.46,33.0,1712.58203125,462.95697347819805
2026-07-21T03:49:07.945208+00:00,3819.0,36.0,98.39,33.0,1712.6015625,463.2673054486513
2026-07-21T03:49:08.232540+00:00,3819.0,36.0,98.18,33.0,1712.6015625,463.55463687330484
2026-07-21T03:49:08.540231+00:00,3819.0,36.0,97.89,33.0,1712.6015625,463.8623294644058
2026-07-21T03:49:08.853226+00:00,3819.0,37.0,97.85,33.0,1712.6015625,464.17532412335277
2026-07-21T03:49:09.144750+00:00,3819.0,37.0,97.97,33.0,1712.6015625,464.4668474011123
2026-07-21T03:49:09.470727+00:00,3819.0,37.0,98.12,33.0,1712.6015625,464.79282334446907
2026-07-21T03:49:09.800846+00:00,3819.0,37.0,98.52,33.0,1712.62109375,465.12294436991215
2026-07-21T03:49:10.103284+00:00,3819.0,37.0,98.42,33.0,1712.62109375,465.42537934333086
2026-07-21T03:49:10.412366+00:00,3819.0,37.0,98.3,33.0,1712.62109375,465.73446253687143
2026-07-21T03:49:10.738821+00:00,3819.0,37.0,97.77,33.0,1712.62109375,466.06092005595565
2026-07-21T03:49:11.093976+00:00,3819.0,37.0,98.05,33.0,1712.640625,466.4160730019212
2026-07-21T03:49:11.403534+00:00,3819.0,36.0,97.94,33.0,1712.640625,466.72563187777996
2026-07-21T03:49:11.731060+00:00,3819.0,36.0,98.05,33.0,1712.640625,467.05315808579326
2026-07-21T03:49:12.037209+00:00,3819.0,38.0,98.09,33.0,1712.640625,467.35930750891566
2026-07-21T03:49:12.385757+00:00,3819.0,29.0,98.26,33.0,1712.66015625,467.7078537084162
2026-07-21T03:49:12.696946+00:00,3819.0,37.0,98.35,33.0,1712.66015625,468.01904375106096
2026-07-21T03:49:13.009899+00:00,3819.0,36.0,98.24,33.0,1712.66015625,468.3319951184094
2026-07-21T03:49:13.344295+00:00,3819.0,38.0,98.69,33.0,1712.66015625,468.6663904674351
2026-07-21T03:49:13.676396+00:00,3819.0,36.0,98.34,33.0,1712.66015625,468.9984941929579
2026-07-21T03:49:13.984578+00:00,3819.0,36.0,98.45,33.0,1712.67578125,469.3066752329469
2026-07-21T03:49:14.287838+00:00,3819.0,37.0,98.22,33.0,1712.67578125,469.60993545874953
2026-07-21T03:49:14.623949+00:00,3819.0,36.0,98.11,33.0,1712.67578125,469.9460466057062
2026-07-21T03:49:14.955313+00:00,3819.0,36.0,97.5,33.0,1712.67578125,470.2774116359651
2026-07-21T03:49:15.298730+00:00,3819.0,36.0,97.62,33.0,1712.67578125,470.62081479281187
2026-07-21T03:49:15.635409+00:00,3819.0,35.0,97.64,33.0,1712.6953125,470.95750676840544
2026-07-21T03:49:15.991422+00:00,3819.0,35.0,98.17,33.0,1712.6953125,471.3135204091668
2026-07-21T03:49:16.303536+00:00,3819.0,37.0,98.19,33.0,1712.6953125,471.6256336122751
2026-07-21T03:49:16.615926+00:00,3819.0,36.0,98.36,33.0,1712.6953125,471.9380239062011
2026-07-21T03:49:16.904896+00:00,3819.0,35.0,97.77,33.0,1712.6953125,472.22699340060353
2026-07-21T03:49:17.194257+00:00,3819.0,37.0,97.88,33.0,1712.6953125,472.5163552053273
2026-07-21T03:49:17.523367+00:00,3819.0,36.0,97.96,33.0,1712.6953125,472.8454645574093
2026-07-21T03:49:17.859267+00:00,3819.0,38.0,98.19,33.0,1712.6953125,473.18136532232165
2026-07-21T03:49:18.189933+00:00,3819.0,37.0,98.37,33.0,1712.6953125,473.51203114911914
2026-07-21T03:49:18.518650+00:00,3819.0,37.0,98.75,33.0,1712.7109375,473.84074718132615
2026-07-21T03:49:18.832197+00:00,3819.0,38.0,98.61,33.0,1712.7109375,474.15429528057575
2026-07-21T03:49:19.148278+00:00,3819.0,36.0,98.51,33.0,1712.7109375,474.4703758880496
2026-07-21T03:49:19.457361+00:00,3819.0,37.0,98.16,33.0,1712.7109375,474.77945847064257
2026-07-21T03:49:19.790757+00:00,3819.0,37.0,98.4,33.0,1712.7109375,475.11285458505154
2026-07-21T03:49:20.110670+00:00,3819.0,36.0,98.41,33.0,1712.7109375,475.4327674023807
2026-07-21T03:49:20.419808+00:00,3819.0,37.0,98.54,33.0,1712.7109375,475.74190578609705
2026-07-21T03:49:20.743389+00:00,3819.0,38.0,98.5,33.0,1712.7109375,476.06548592820764
2026-07-21T03:49:21.098126+00:00,3819.0,28.0,98.71,33.0,1712.734375,476.4202229119837
2026-07-21T03:49:21.408370+00:00,3819.0,36.0,98.63,33.0,1712.734375,476.73046784847975
2026-07-21T03:49:21.735053+00:00,3819.0,36.0,98.56,33.0,1712.734375,477.05715054273605
2026-07-21T03:49:22.044286+00:00,3819.0,37.0,98.82,33.0,1712.734375,477.36638279259205
2026-07-21T03:49:22.359643+00:00,3819.0,37.0,98.35,33.0,1712.734375,477.6817415058613
2026-07-21T03:49:22.668799+00:00,3819.0,37.0,98.46,33.0,1712.734375,477.9908969029784
2026-07-21T03:49:22.993732+00:00,3819.0,38.0,98.32,33.0,1712.734375,478.3158277794719
2026-07-21T03:49:23.304567+00:00,3819.0,37.0,98.71,33.0,1712.75,478.6266649365425
2026-07-21T03:49:23.592544+00:00,3819.0,37.0,98.57,33.0,1712.75,478.9146416001022
2026-07-21T03:49:23.896080+00:00,3819.0,37.0,98.65,33.0,1712.75,479.21817791461945
2026-07-21T03:49:24.221472+00:00,3819.0,37.0,98.12,33.0,1712.75,479.5435704179108
2026-07-21T03:49:24.531174+00:00,3819.0,37.0,98.43,33.0,1712.76953125,479.8532712906599
2026-07-21T03:49:24.840574+00:00,3819.0,37.0,98.48,33.0,1712.76953125,480.16267104819417
2026-07-21T03:49:25.147140+00:00,3819.0,36.0,98.62,33.0,1712.76953125,480.46923729404807
2026-07-21T03:49:25.478165+00:00,3819.0,37.0,98.27,33.0,1712.76953125,480.80026265233755
2026-07-21T03:49:25.788942+00:00,3819.0,37.0,98.31,33.0,1712.76953125,481.1110405102372
2026-07-21T03:49:26.096342+00:00,3819.0,36.0,98.55,33.0,1712.78515625,481.4184388704598
2026-07-21T03:49:26.404737+00:00,3819.0,36.0,98.73,33.0,1712.78515625,481.72683484107256
2026-07-21T03:49:26.717872+00:00,3819.0,36.0,98.33,33.0,1712.78515625,482.0399695113301
2026-07-21T03:49:27.027301+00:00,3819.0,37.0,98.03,33.0,1712.78515625,482.3493987955153
2026-07-21T03:49:27.336276+00:00,3819.0,37.0,97.99,33.0,1712.78515625,482.65837439894676
2026-07-21T03:49:27.624548+00:00,3819.0,37.0,98.14,33.0,1712.78515625,482.9466467872262
2026-07-21T03:49:27.971232+00:00,3819.0,37.0,98.17,33.0,1712.78515625,483.2933284044266
2026-07-21T03:49:28.280020+00:00,3819.0,37.0,98.14,33.0,1712.78515625,483.6021177954972
2026-07-21T03:49:28.606977+00:00,3819.0,37.0,98.55,33.0,1712.78515625,483.92907517403364
2026-07-21T03:49:28.932629+00:00,3819.0,37.0,98.65,33.0,1712.78515625,484.2547255679965
2026-07-21T03:49:29.243287+00:00,3819.0,37.0,98.81,33.0,1712.8046875,484.56538577377796
2026-07-21T03:49:29.553555+00:00,3819.0,37.0,98.54,33.0,1712.8046875,484.8756526373327
2026-07-21T03:49:29.865343+00:00,3819.0,37.0,98.43,33.0,1712.8046875,485.1874392591417
2026-07-21T03:49:30.197897+00:00,3819.0,36.0,97.97,33.0,1712.8046875,485.51999486610293
2026-07-21T03:49:30.507680+00:00,3819.0,36.0,97.92,33.0,1712.8046875,485.8297775313258
2026-07-21T03:49:30.840089+00:00,3819.0,34.0,97.81,33.0,1712.8046875,486.1621865928173
2026-07-21T03:49:31.190397+00:00,3819.0,36.0,97.84,33.0,1712.8046875,486.5124948322773
2026-07-21T03:49:31.501005+00:00,3819.0,36.0,97.9,33.0,1712.8046875,486.8231032192707
2026-07-21T03:49:31.835772+00:00,3819.0,35.0,97.95,33.0,1712.8046875,487.15786888822913
2026-07-21T03:49:32.147813+00:00,3819.0,26.0,98.31,33.0,1712.828125,487.4699098020792
2026-07-21T03:49:32.459417+00:00,3819.0,35.0,98.01,33.0,1712.828125,487.7815131954849
2026-07-21T03:49:32.812055+00:00,3819.0,35.0,97.96,33.0,1712.83984375,488.13415276259184
2026-07-21T03:49:33.145676+00:00,3819.0,36.0,97.62,33.0,1712.83984375,488.46777303889394
2026-07-21T03:49:33.497318+00:00,3819.0,35.0,97.99,33.0,1712.83984375,488.8194142431021
2026-07-21T03:49:33.805780+00:00,3819.0,37.0,98.03,33.0,1712.859375,489.12787848338485
2026-07-21T03:49:34.164431+00:00,3819.0,36.0,98.08,33.0,1712.859375,489.48652855306864
2026-07-21T03:49:34.491557+00:00,3819.0,37.0,97.74,33.0,1712.859375,489.81365493685007
2026-07-21T03:49:34.823298+00:00,3819.0,36.0,97.86,33.0,1712.859375,490.1453966833651
2026-07-21T03:49:35.131885+00:00,3819.0,37.0,97.76,33.0,1712.859375,490.45398284494877
2026-07-21T03:49:35.437346+00:00,3819.0,36.0,98.14,33.0,1712.859375,490.75944463536143
2026-07-21T03:49:35.744391+00:00,3819.0,36.0,98.38,33.0,1712.859375,491.06648871302605
2026-07-21T03:49:36.051159+00:00,3819.0,37.0,98.61,33.0,1712.875,491.3732555024326
2026-07-21T03:49:36.356228+00:00,3819.0,37.0,98.45,33.0,1712.875,491.6783253066242
2026-07-21T03:49:36.663956+00:00,3819.0,37.0,98.39,33.0,1712.875,491.98605467379093
2026-07-21T03:49:36.969284+00:00,3819.0,37.0,98.27,33.0,1712.875,492.29138220101595
2026-07-21T03:49:37.260735+00:00,3819.0,36.0,98.24,33.0,1712.875,492.58283246308565
2026-07-21T03:49:37.591125+00:00,3819.0,37.0,98.35,33.0,1712.875,492.91322311386466
2026-07-21T03:49:37.898934+00:00,3819.0,37.0,98.24,33.0,1712.875,493.2210317365825
2026-07-21T03:49:38.203577+00:00,3819.0,37.0,98.44,33.0,1712.875,493.5256744809449
2026-07-21T03:49:38.512703+00:00,3819.0,36.0,98.34,33.0,1712.8828125,493.8348017297685
2026-07-21T03:49:38.821101+00:00,3819.0,37.0,98.39,33.0,1712.8828125,494.14319843426347
2026-07-21T03:49:39.108118+00:00,3819.0,38.0,98.19,33.0,1712.8828125,494.4302152618766
2026-07-21T03:49:39.415808+00:00,3819.0,25.0,98.59,33.0,1712.90625,494.73790522292256
2026-07-21T03:49:39.703646+00:00,3819.0,38.0,98.61,33.0,1712.90625,495.0257426202297
2026-07-21T03:49:40.074386+00:00,3819.0,37.0,98.58,33.0,1712.90625,495.3964844495058
2026-07-21T03:49:40.402721+00:00,3819.0,37.0,98.12,33.0,1712.90625,495.72481917589903
2026-07-21T03:49:40.735017+00:00,3819.0,37.0,98.25,33.0,1712.90625,496.057115431875
2026-07-21T03:49:41.047999+00:00,3819.0,36.0,98.28,33.0,1712.90625,496.3700871542096
2026-07-21T03:49:41.356017+00:00,3819.0,28.0,98.46,33.0,1712.9296875,496.6781125664711
2026-07-21T03:49:41.664339+00:00,3819.0,37.0,98.42,33.0,1712.9296875,496.98643620312214
2026-07-21T03:49:41.972735+00:00,3819.0,36.0,98.38,33.0,1712.9296875,497.29483276605606
2026-07-21T03:49:42.302887+00:00,3819.0,37.0,98.45,33.0,1712.9296875,497.6249853782356
2026-07-21T03:49:42.614984+00:00,3819.0,36.0,98.48,33.0,1712.9296875,497.9370815232396
2026-07-21T03:49:42.925350+00:00,3819.0,37.0,98.6,33.0,1712.9296875,498.247447937727
2026-07-21T03:49:43.277908+00:00,3819.0,36.0,98.71,33.0,1712.94921875,498.6000046506524
2026-07-21T03:49:43.627429+00:00,3819.0,37.0,98.6,33.0,1712.953125,498.949527323246
2026-07-21T03:49:43.914755+00:00,3819.0,38.0,98.49,33.0,1712.953125,499.23685267940164
2026-07-21T03:49:44.219893+00:00,3819.0,38.0,98.21,33.0,1712.953125,499.54199031740427
2026-07-21T03:49:44.508269+00:00,3819.0,37.0,98.24,33.0,1712.953125,499.83036721870303
2026-07-21T03:49:44.816020+00:00,3819.0,35.0,98.28,33.0,1712.97265625,500.1381165534258
2026-07-21T03:49:45.146252+00:00,3819.0,36.0,98.7,33.0,1712.97265625,500.46835024654865
2026-07-21T03:49:45.455516+00:00,3819.0,36.0,98.79,33.0,1712.97265625,500.77761409059167
2026-07-21T03:49:45.762421+00:00,3819.0,38.0,98.77,33.0,1712.9765625,501.084519084543
2026-07-21T03:49:46.049484+00:00,3819.0,38.0,98.12,33.0,1712.9765625,501.37158240005374
2026-07-21T03:49:46.366606+00:00,3819.0,37.0,98.34,33.0,1712.9765625,501.6887036859989
2026-07-21T03:49:46.672739+00:00,3819.0,37.0,98.34,33.0,1713.00390625,501.99483665823936
2026-07-21T03:49:47.025065+00:00,3819.0,36.0,98.57,33.0,1713.00390625,502.34716280177236
2026-07-21T03:49:47.332518+00:00,3819.0,37.0,98.29,33.0,1713.00390625,502.6546170115471
2026-07-21T03:49:47.642314+00:00,3819.0,36.0,98.37,33.0,1713.00390625,502.9644122123718
2026-07-21T03:49:47.971136+00:00,3819.0,37.0,97.88,33.0,1713.01171875,503.29323287308216
2026-07-21T03:49:48.284160+00:00,3819.0,37.0,97.98,33.0,1713.01171875,503.6062570810318
2026-07-21T03:49:48.611512+00:00,3819.0,37.0,98.07,33.0,1713.01171875,503.93361004814506
2026-07-21T03:49:48.920903+00:00,3819.0,35.0,97.99,33.0,1713.09765625,504.24299966543913
2026-07-21T03:49:49.279553+00:00,3819.0,36.0,97.26,33.0,1713.09765625,504.6016510091722
2026-07-21T03:49:49.588851+00:00,3819.0,21.0,96.4,33.0,1713.09765625,504.91094770655036
2026-07-21T03:49:49.923824+00:00,3819.0,36.0,95.12,33.0,1713.109375,505.2459219619632
2026-07-21T03:49:50.235789+00:00,3819.0,35.0,96.07,33.0,1713.109375,505.5578872412443
2026-07-21T03:49:50.544751+00:00,3819.0,35.0,96.48,33.0,1713.12109375,505.86684887483716
2026-07-21T03:49:50.887143+00:00,3819.0,37.0,98.09,33.0,1713.12109375,506.2092411443591
2026-07-21T03:49:51.193175+00:00,3819.0,37.0,98.22,33.0,1713.17578125,506.51527117192745
2026-07-21T03:49:51.504207+00:00,3819.0,37.0,98.75,33.0,1713.1796875,506.82630394026637
2026-07-21T03:49:51.809657+00:00,3819.0,37.0,98.58,33.0,1713.1796875,507.1317542269826
2026-07-21T03:49:52.122968+00:00,3819.0,37.0,98.78,33.0,1713.19140625,507.4450661353767
2026-07-21T03:49:52.432038+00:00,3819.0,36.0,98.34,33.0,1713.19140625,507.75413677096367
2026-07-21T03:49:52.741035+00:00,3819.0,37.0,98.43,33.0,1713.203125,508.0631328113377
2026-07-21T03:49:53.033427+00:00,3819.0,36.0,98.43,33.0,1713.203125,508.3555257432163
2026-07-21T03:49:53.344091+00:00,3819.0,36.0,98.32,33.0,1713.203125,508.6661895290017
2026-07-21T03:49:53.632413+00:00,3819.0,36.0,98.16,33.0,1713.203125,508.9545104652643
2026-07-21T03:49:53.982839+00:00,3819.0,37.0,98.44,33.0,1713.22265625,509.3049362972379
2026-07-21T03:49:54.287529+00:00,3819.0,36.0,98.62,33.0,1713.234375,509.60962610691786
2026-07-21T03:49:54.596435+00:00,3819.0,37.0,98.83,33.0,1713.234375,509.9185326695442
2026-07-21T03:49:54.885071+00:00,3819.0,37.0,98.85,33.0,1713.2421875,510.20716965943575
2026-07-21T03:49:55.195484+00:00,3819.0,38.0,98.87,33.0,1713.2421875,510.51758148148656
2026-07-21T03:49:55.504659+00:00,3819.0,37.0,98.91,33.0,1713.24609375,510.8267576210201
2026-07-21T03:49:55.839082+00:00,3819.0,37.0,98.79,33.0,1713.24609375,511.16118063405156
2026-07-21T03:49:56.150454+00:00,3819.0,37.0,98.79,33.0,1713.26171875,511.47255227714777
2026-07-21T03:49:56.459802+00:00,3819.0,37.0,98.68,33.0,1713.26171875,511.7818993218243
2026-07-21T03:49:56.747702+00:00,3819.0,28.0,99.1,33.0,1713.36328125,512.0698006227612
2026-07-21T03:49:57.035907+00:00,3819.0,37.0,99.02,33.0,1713.37109375,512.3580056838691
2026-07-21T03:49:57.343879+00:00,3819.0,38.0,99.01,33.0,1713.37109375,512.6659775301814
2026-07-21T03:49:57.659012+00:00,3819.0,37.0,98.37,33.0,1713.38671875,512.9811099134386
2026-07-21T03:49:58.008877+00:00,3819.0,36.0,98.32,33.0,1713.38671875,513.3309742175043
2026-07-21T03:49:58.297828+00:00,3819.0,37.0,98.27,33.0,1713.3984375,513.6199267283082
2026-07-21T03:49:58.608712+00:00,3819.0,38.0,98.36,33.0,1713.3984375,513.9308101311326
2026-07-21T03:49:58.897499+00:00,3819.0,38.0,98.56,33.0,1713.40234375,514.2195982187986
2026-07-21T03:49:59.206684+00:00,3819.0,37.0,98.52,33.0,1713.41796875,514.5287819728255
2026-07-21T03:49:59.559261+00:00,3819.0,28.0,99.23,33.0,1713.55078125,514.8813585713506
2026-07-21T03:49:59.927542+00:00,3819.0,0.0,97.28,33.0,1713.5625,515.2496407143772
2026-07-21T03:50:00.213114+00:00,3819.0,38.0,97.24,33.0,1713.5625,515.5352130681276
2026-07-21T03:50:00.544700+00:00,3819.0,37.0,96.58,33.0,1713.5625,515.866798274219
2026-07-21T03:50:00.846388+00:00,3819.0,38.0,97.87,33.0,1713.5625,516.1684872098267
2026-07-21T03:50:01.160697+00:00,3819.0,38.0,98.53,33.0,1713.5625,516.4827950447798
2026-07-21T03:50:01.472247+00:00,3819.0,37.0,98.27,33.0,1713.5625,516.7943453043699
2026-07-21T03:50:01.758219+00:00,3819.0,38.0,98.7,33.0,1713.578125,517.0803156681359
2026-07-21T03:50:02.063712+00:00,3819.0,38.0,98.45,33.0,1713.578125,517.3858102187514
2026-07-21T03:50:02.414018+00:00,3819.0,38.0,98.55,33.0,1713.578125,517.7361164242029
2026-07-21T03:50:02.743127+00:00,3819.0,38.0,98.79,33.0,1713.578125,518.0652244724333
2026-07-21T03:50:03.052168+00:00,3819.0,37.0,98.5,33.0,1713.578125,518.3742663860321
2026-07-21T03:50:03.356668+00:00,3819.0,37.0,98.75,33.0,1713.578125,518.6787658669055
2026-07-21T03:50:03.695243+00:00,3819.0,37.0,98.49,33.0,1713.578125,519.0173395983875
2026-07-21T03:50:04.004022+00:00,3819.0,36.0,98.74,33.0,1713.578125,519.3261195868254
2026-07-21T03:50:04.339631+00:00,3819.0,36.0,98.5,33.0,1713.578125,519.6617271602154
2026-07-21T03:50:04.652976+00:00,3819.0,36.0,98.66,33.0,1713.578125,519.9750739187002
2026-07-21T03:50:04.979426+00:00,3819.0,24.0,97.53,33.0,1713.578125,520.3015226535499
2026-07-21T03:50:05.291015+00:00,3819.0,37.0,96.99,33.0,1713.578125,520.6131111681461
2026-07-21T03:50:05.629171+00:00,3819.0,36.0,96.81,33.0,1713.578125,520.9512682147324
2026-07-21T03:50:05.941176+00:00,3819.0,36.0,97.46,33.0,1713.59765625,521.2632739618421
2026-07-21T03:50:06.278750+00:00,3819.0,36.0,97.92,33.0,1713.59765625,521.6008474193513
2026-07-21T03:50:06.583991+00:00,3819.0,35.0,97.86,33.0,1713.59765625,521.906088553369
2026-07-21T03:50:06.914271+00:00,3819.0,36.0,97.72,33.0,1713.59765625,522.2363701313734
2026-07-21T03:50:07.224019+00:00,3819.0,35.0,97.78,33.0,1713.59765625,522.5461175218225
2026-07-21T03:50:07.528686+00:00,3819.0,35.0,97.96,33.0,1713.59765625,522.8507841564715
2026-07-21T03:50:07.841576+00:00,3819.0,35.0,98.04,33.0,1713.59765625,523.1636738665402
2026-07-21T03:50:08.178088+00:00,3819.0,37.0,98.07,33.0,1713.59765625,523.5001846589148
2026-07-21T03:50:08.530668+00:00,3819.0,37.0,98.14,33.0,1713.59765625,523.8527662046254
2026-07-21T03:50:08.843877+00:00,3819.0,37.0,98.45,33.0,1713.59765625,524.1659747697413
2026-07-21T03:50:09.194582+00:00,3819.0,37.0,98.56,33.0,1713.59765625,524.5166799984872
2026-07-21T03:50:09.527779+00:00,3819.0,35.0,98.51,33.0,1713.59765625,524.8498755469918
2026-07-21T03:50:09.859586+00:00,3819.0,36.0,98.65,33.0,1713.59765625,525.181684397161
2026-07-21T03:50:10.194438+00:00,3819.0,36.0,98.42,33.0,1713.59765625,525.5165360942483
2026-07-21T03:50:10.504047+00:00,3819.0,37.0,98.82,33.0,1713.62109375,525.8261446841061
2026-07-21T03:50:10.813410+00:00,3819.0,35.0,98.34,33.0,1713.62109375,526.1355082727969
2026-07-21T03:50:11.150185+00:00,3819.0,37.0,98.39,33.0,1713.62109375,526.4722827263176
2026-07-21T03:50:11.483301+00:00,3819.0,36.0,97.9,33.0,1713.62109375,526.8053992018104
2026-07-21T03:50:11.841404+00:00,3819.0,37.0,97.89,33.0,1713.62109375,527.1635003052652
2026-07-21T03:50:12.169666+00:00,3819.0,37.0,97.65,33.0,1713.62109375,527.4917635209858
2026-07-21T03:50:12.494183+00:00,3819.0,37.0,97.96,33.0,1713.62109375,527.8162808455527
2026-07-21T03:50:12.827529+00:00,3819.0,36.0,98.22,33.0,1713.62109375,528.1496268510818
2026-07-21T03:50:13.143355+00:00,3819.0,37.0,98.42,33.0,1713.62109375,528.4654526598752
2026-07-21T03:50:13.452119+00:00,3819.0,37.0,98.29,33.0,1713.62109375,528.7742170542479
2026-07-21T03:50:13.763192+00:00,3819.0,37.0,98.34,33.0,1713.62109375,529.0852892622352
2026-07-21T03:50:14.095107+00:00,3819.0,37.0,98.44,33.0,1713.62109375,529.4172048978508
2026-07-21T03:50:14.426699+00:00,3819.0,36.0,98.62,33.0,1713.640625,529.7487959936261
2026-07-21T03:50:14.780002+00:00,3819.0,36.0,98.38,33.0,1713.640625,530.1020991057158
2026-07-21T03:50:15.110933+00:00,3819.0,35.0,98.16,33.0,1713.640625,530.4330309331417
2026-07-21T03:50:15.438083+00:00,3819.0,37.0,97.97,33.0,1713.640625,530.7601809538901
2026-07-21T03:50:15.746446+00:00,3819.0,37.0,98.15,33.0,1713.640625,531.0685266852379
2026-07-21T03:50:16.082773+00:00,3819.0,37.0,98.43,33.0,1713.640625,531.4048706255853
2026-07-21T03:50:16.392034+00:00,3819.0,36.0,98.18,33.0,1713.640625,531.7141324393451
2026-07-21T03:50:16.719408+00:00,3819.0,36.0,97.98,33.0,1713.640625,532.0415062494576
2026-07-21T03:50:17.031617+00:00,3819.0,38.0,97.85,33.0,1713.640625,532.3537149131298
2026-07-21T03:50:17.386748+00:00,3819.0,36.0,97.9,33.0,1713.640625,532.7088439464569
2026-07-21T03:50:17.729220+00:00,3819.0,37.0,97.95,33.0,1713.640625,533.0513171814382
2026-07-21T03:50:18.044458+00:00,3819.0,38.0,98.04,33.0,1713.640625,533.3665568828583
2026-07-21T03:50:18.386352+00:00,3819.0,35.0,98.39,33.0,1713.6484375,533.7084493525326
2026-07-21T03:50:18.719383+00:00,3819.0,36.0,98.32,33.0,1713.6484375,534.0414804853499
2026-07-21T03:50:19.046211+00:00,3819.0,36.0,98.55,33.0,1713.6484375,534.3683084324002
2026-07-21T03:50:19.376860+00:00,3819.0,36.0,98.25,33.0,1713.6484375,534.6989583335817
2026-07-21T03:50:19.711345+00:00,3819.0,36.0,98.21,33.0,1713.6484375,535.0334428660572
2026-07-21T03:50:20.020888+00:00,3819.0,37.0,98.1,33.0,1713.6484375,535.3429861068726
2026-07-21T03:50:20.378147+00:00,3819.0,37.0,98.31,33.0,1713.6484375,535.7002449147403
2026-07-21T03:50:20.689679+00:00,3819.0,36.0,98.3,33.0,1713.6484375,536.0117768533528
2026-07-21T03:50:21.026643+00:00,3819.0,38.0,98.67,33.0,1713.6484375,536.3487413227558
2026-07-21T03:50:21.354319+00:00,3819.0,36.0,98.47,33.0,1713.6484375,536.6764164753258
2026-07-21T03:50:21.688166+00:00,3819.0,36.0,98.61,33.0,1713.6484375,537.0102639682591
2026-07-21T03:50:22.001301+00:00,3819.0,35.0,98.35,33.0,1713.6484375,537.323399066925
2026-07-21T03:50:22.314306+00:00,3819.0,37.0,98.65,33.0,1713.6484375,537.6364033073187
2026-07-21T03:50:22.621145+00:00,3819.0,35.0,98.63,33.0,1713.6484375,537.9432424008846
2026-07-21T03:50:22.935136+00:00,3819.0,37.0,98.5,33.0,1713.6484375,538.2572336010635
2026-07-21T03:50:23.278367+00:00,3819.0,35.0,98.4,33.0,1713.6484375,538.6004653610289
2026-07-21T03:50:23.587988+00:00,3819.0,36.0,98.75,33.0,1713.6484375,538.9100857786834
2026-07-21T03:50:23.944363+00:00,3819.0,38.0,99.17,33.0,1713.65234375,539.2664606645703
2026-07-21T03:50:24.251759+00:00,3819.0,36.0,99.2,33.0,1713.65234375,539.5738576091826
2026-07-21T03:50:24.584324+00:00,3819.0,36.0,98.98,33.0,1713.65234375,539.9064216390252
2026-07-21T03:50:24.893491+00:00,3819.0,37.0,98.52,33.0,1713.65234375,540.2155887894332
2026-07-21T03:50:25.226414+00:00,3819.0,35.0,98.09,33.0,1713.65234375,540.5485115386546
2026-07-21T03:50:25.536155+00:00,3819.0,37.0,98.04,33.0,1713.65234375,540.8582529872656
2026-07-21T03:50:25.851929+00:00,3819.0,36.0,98.59,33.0,1713.65234375,541.1740271002054
2026-07-21T03:50:26.139903+00:00,3819.0,36.0,98.66,33.0,1713.65234375,541.4620017074049
2026-07-21T03:50:26.448275+00:00,3819.0,23.0,98.85,33.0,1713.65234375,541.7703725360334
2026-07-21T03:50:26.737010+00:00,3819.0,36.0,98.46,33.0,1713.65234375,542.0591080449522
2026-07-21T03:50:27.030077+00:00,3819.0,37.0,98.35,33.0,1713.65234375,542.3521754257381
2026-07-21T03:50:27.344219+00:00,3819.0,36.0,98.66,33.0,1713.65234375,542.6663163080812
2026-07-21T03:50:27.678411+00:00,3819.0,37.0,97.93,33.0,1713.65234375,543.0005085766315
2026-07-21T03:50:28.030161+00:00,3819.0,35.0,97.54,33.0,1713.65234375,543.3522587418556
2026-07-21T03:50:28.391624+00:00,3819.0,35.0,97.69,33.0,1713.65234375,543.7137226834893
2026-07-21T03:50:28.701369+00:00,3819.0,35.0,98.25,33.0,1713.65234375,544.023466411978
2026-07-21T03:50:29.019536+00:00,3819.0,36.0,98.29,33.0,1713.65234375,544.3416335955262
2026-07-21T03:50:29.370105+00:00,3819.0,36.0,98.48,33.0,1713.65625,544.6922015212476
2026-07-21T03:50:29.680663+00:00,3819.0,37.0,98.63,33.0,1713.65625,545.0027615204453
2026-07-21T03:50:29.993037+00:00,3819.0,37.0,98.71,33.0,1713.65625,545.3151350915432
2026-07-21T03:50:30.327275+00:00,3819.0,35.0,98.39,33.0,1713.65625,545.6493727304041
2026-07-21T03:50:30.680949+00:00,3819.0,35.0,98.14,33.0,1713.65625,546.003046836704
2026-07-21T03:50:30.993120+00:00,3819.0,36.0,97.83,33.0,1713.65625,546.3152183555067
2026-07-21T03:50:31.303840+00:00,3819.0,37.0,98.08,33.0,1713.65625,546.6259378120303
2026-07-21T03:50:31.612888+00:00,3819.0,37.0,98.25,33.0,1713.65625,546.934985883534
2026-07-21T03:50:31.925302+00:00,3819.0,37.0,98.51,33.0,1713.65625,547.2474006824195
2026-07-21T03:50:32.256659+00:00,3819.0,37.0,98.76,33.0,1713.66015625,547.5787572190166
2026-07-21T03:50:32.568067+00:00,3819.0,38.0,98.84,33.0,1713.66015625,547.8901647441089
2026-07-21T03:50:32.873376+00:00,3819.0,37.0,98.56,33.0,1713.66015625,548.1954745464027
2026-07-21T03:50:33.226190+00:00,3819.0,37.0,98.29,33.0,1713.66015625,548.5482881851494
2026-07-21T03:50:33.585674+00:00,3819.0,36.0,98.09,33.0,1713.66015625,548.9077715799212
2026-07-21T03:50:33.893487+00:00,3819.0,35.0,98.16,33.0,1713.66015625,549.2155843414366
2026-07-21T03:50:34.204347+00:00,3819.0,37.0,98.11,33.0,1713.66015625,549.5264448300004
2026-07-21T03:50:34.559437+00:00,3819.0,33.0,97.55,33.0,1713.66015625,549.881534922868
2026-07-21T03:50:34.873398+00:00,3819.0,38.0,97.09,33.0,1713.66015625,550.1954959481955
2026-07-21T03:50:35.210665+00:00,3819.0,35.0,97.12,33.0,1713.66015625,550.5327619612217
2026-07-21T03:50:35.521532+00:00,3819.0,37.0,97.6,33.0,1713.66015625,550.8436285667121
2026-07-21T03:50:35.837719+00:00,3819.0,36.0,98.21,33.0,1713.66015625,551.1598173119128
2026-07-21T03:50:36.176188+00:00,3819.0,36.0,98.11,33.0,1713.68359375,551.4982847608626
2026-07-21T03:50:36.530613+00:00,3819.0,35.0,97.83,33.0,1713.68359375,551.8527117073536
2026-07-21T03:50:36.842426+00:00,3819.0,37.0,97.99,33.0,1713.68359375,552.1645237281919
2026-07-21T03:50:37.148194+00:00,3819.0,35.0,97.91,33.0,1713.68359375,552.4702918082476
2026-07-21T03:50:37.485398+00:00,3819.0,35.0,98.13,33.0,1713.68359375,552.8074953891337
2026-07-21T03:50:37.797135+00:00,3819.0,37.0,98.21,33.0,1713.6875,553.1192330121994
2026-07-21T03:50:38.159496+00:00,3819.0,38.0,97.9,33.0,1713.70703125,553.4815933443606
2026-07-21T03:50:38.449513+00:00,3819.0,36.0,98.13,33.0,1713.70703125,553.7716103941202
2026-07-21T03:50:38.803860+00:00,3819.0,35.0,98.17,33.0,1713.70703125,554.1259576566517
2026-07-21T03:50:39.111879+00:00,3819.0,35.0,98.0,33.0,1713.70703125,554.4339770376682
2026-07-21T03:50:39.419848+00:00,3819.0,37.0,98.21,33.0,1713.70703125,554.7419464439154
2026-07-21T03:50:39.755357+00:00,3819.0,35.0,98.0,33.0,1713.70703125,555.0774544999003
2026-07-21T03:50:40.102805+00:00,3819.0,37.0,98.02,33.0,1713.70703125,555.424901753664
2026-07-21T03:50:40.414029+00:00,3819.0,36.0,97.78,33.0,1713.70703125,555.7361269444227
2026-07-21T03:50:40.747186+00:00,3819.0,37.0,97.91,33.0,1713.70703125,556.069284465164
2026-07-21T03:50:41.078154+00:00,3819.0,27.0,97.82,33.0,1713.72265625,556.4002509489655
2026-07-21T03:50:41.393535+00:00,3819.0,36.0,97.94,33.0,1713.72265625,556.7156328745186
2026-07-21T03:50:41.706238+00:00,3819.0,34.0,97.85,33.0,1713.72265625,557.028336647898
2026-07-21T03:50:42.022851+00:00,3819.0,37.0,98.34,33.0,1713.72265625,557.3449495062232
2026-07-21T03:50:42.335663+00:00,3819.0,36.0,97.69,33.0,1713.72265625,557.6577609032393
2026-07-21T03:50:42.664026+00:00,3819.0,36.0,98.24,33.0,1713.72265625,557.9861243069172
2026-07-21T03:50:43.028182+00:00,3819.0,26.0,98.12,33.0,1713.7421875,558.3502790480852
2026-07-21T03:50:43.340824+00:00,3819.0,36.0,98.12,33.0,1713.7421875,558.6629220321774
2026-07-21T03:50:43.699933+00:00,3819.0,37.0,97.89,33.0,1713.7421875,559.0220314115286
2026-07-21T03:50:44.050035+00:00,3819.0,35.0,97.86,33.0,1713.7421875,559.3721327930689
2026-07-21T03:50:44.402527+00:00,3819.0,35.0,97.97,33.0,1713.7421875,559.7246245332062
2026-07-21T03:50:44.712682+00:00,3819.0,37.0,97.84,33.0,1713.7421875,560.0347796417773
2026-07-21T03:50:45.033830+00:00,3819.0,34.0,97.98,33.0,1713.7578125,560.3559266701341
2026-07-21T03:50:45.382715+00:00,3819.0,35.0,97.9,33.0,1713.7578125,560.7048124484718
2026-07-21T03:50:45.696303+00:00,3819.0,37.0,97.78,33.0,1713.7578125,561.0184006653726
2026-07-21T03:50:46.009047+00:00,3819.0,26.0,97.93,33.0,1713.7734375,561.3311448693275
2026-07-21T03:50:46.342522+00:00,3819.0,37.0,98.04,33.0,1713.7734375,561.6646197400987
2026-07-21T03:50:46.655123+00:00,3819.0,37.0,98.02,33.0,1713.7734375,561.977220531553
2026-07-21T03:50:46.961618+00:00,3819.0,37.0,97.99,33.0,1713.7734375,562.2837156541646
2026-07-21T03:50:47.255703+00:00,3819.0,37.0,98.1,33.0,1713.7734375,562.5778009928763
2026-07-21T03:50:47.565458+00:00,3819.0,36.0,98.41,33.0,1713.7734375,562.8875569105148
2026-07-21T03:50:47.872736+00:00,3819.0,37.0,98.44,33.0,1713.7734375,563.1948339119554
2026-07-21T03:50:48.184165+00:00,3819.0,36.0,98.54,33.0,1713.7734375,563.506263025105
2026-07-21T03:50:48.496792+00:00,3819.0,36.0,98.51,33.0,1713.7890625,563.8188899047673
2026-07-21T03:50:48.809387+00:00,3819.0,37.0,98.37,33.0,1713.7890625,564.1314858086407
2026-07-21T03:50:49.097166+00:00,3819.0,37.0,98.25,33.0,1713.7890625,564.419264536351
2026-07-21T03:50:49.389980+00:00,3819.0,37.0,98.12,33.0,1713.7890625,564.71207812801
2026-07-21T03:50:49.697864+00:00,3819.0,29.0,97.85,33.0,1713.7890625,565.0199617482722
2026-07-21T03:50:50.011162+00:00,3819.0,35.0,96.81,33.0,1713.7890625,565.3332596682012
2026-07-21T03:50:50.340924+00:00,3819.0,35.0,96.52,33.0,1713.8046875,565.6630222015083
2026-07-21T03:50:50.653369+00:00,3819.0,37.0,96.77,33.0,1713.8046875,565.9754672721028
2026-07-21T03:50:50.943375+00:00,3819.0,37.0,98.16,33.0,1713.8046875,566.2654738947749
2026-07-21T03:50:51.232222+00:00,3819.0,37.0,97.97,33.0,1713.8046875,566.554321128875
2026-07-21T03:50:51.587240+00:00,3819.0,24.0,97.25,33.0,1713.8046875,566.9093381874263
2026-07-21T03:50:51.897388+00:00,3819.0,36.0,97.24,33.0,1713.8046875,567.2194862663746
2026-07-21T03:50:52.207679+00:00,3819.0,37.0,97.36,33.0,1713.8046875,567.5297766886652
2026-07-21T03:50:52.496094+00:00,3819.0,37.0,97.65,33.0,1713.8046875,567.8181911297143
2026-07-21T03:50:52.785062+00:00,3819.0,37.0,98.47,33.0,1713.8046875,568.1071603298187
2026-07-21T03:50:53.094232+00:00,3819.0,37.0,98.42,33.0,1713.8046875,568.4163300991058
2026-07-21T03:50:53.384847+00:00,3819.0,37.0,98.5,33.0,1713.8046875,568.7069453150034
2026-07-21T03:50:53.692727+00:00,3819.0,37.0,98.63,33.0,1713.8046875,569.0148253291845
2026-07-21T03:50:54.029161+00:00,3819.0,37.0,98.52,33.0,1713.8046875,569.3512593843043
2026-07-21T03:50:54.339608+00:00,3819.0,27.0,98.72,33.0,1713.82421875,569.6617065928876
2026-07-21T03:50:54.645437+00:00,3819.0,38.0,98.67,33.0,1713.82421875,569.9675346724689
2026-07-21T03:50:54.956465+00:00,3819.0,38.0,98.73,33.0,1713.82421875,570.278562746942
2026-07-21T03:50:55.247689+00:00,3819.0,37.0,99.0,33.0,1713.82421875,570.5697862170637
2026-07-21T03:50:55.556529+00:00,3819.0,37.0,98.64,33.0,1713.82421875,570.8786270022392
2026-07-21T03:50:55.845118+00:00,3819.0,37.0,99.03,33.0,1713.82421875,571.1672154739499
2026-07-21T03:50:56.173832+00:00,3819.0,36.0,98.83,33.0,1713.82421875,571.4959301501513
2026-07-21T03:50:56.483391+00:00,3819.0,37.0,98.74,33.0,1713.82421875,571.8054893091321
2026-07-21T03:50:56.790921+00:00,3819.0,37.0,98.75,33.0,1713.82421875,572.1130191460252
2026-07-21T03:50:57.102413+00:00,3819.0,38.0,98.9,33.0,1713.82421875,572.4245110824704
2026-07-21T03:50:57.406662+00:00,3819.0,38.0,98.93,33.0,1713.82421875,572.7287599928677
2026-07-21T03:50:57.758776+00:00,3819.0,38.0,99.09,33.0,1713.92578125,573.0808728970587
2026-07-21T03:50:58.068184+00:00,3819.0,37.0,99.14,33.0,1713.92578125,573.3902815766633
2026-07-21T03:50:58.383626+00:00,3819.0,37.0,99.0,33.0,1713.92578125,573.7057244107127
2026-07-21T03:50:58.692447+00:00,3819.0,37.0,98.9,33.0,1713.92578125,574.0145450942218
2026-07-21T03:50:59.004092+00:00,3819.0,35.0,98.5,33.0,1713.92578125,574.3261898830533
2026-07-21T03:50:59.337111+00:00,3819.0,26.0,98.77,33.0,1713.9453125,574.6592090241611
2026-07-21T03:50:59.666649+00:00,3819.0,36.0,98.6,33.0,1713.9453125,574.9887470528483
2026-07-21T03:50:59.976499+00:00,3819.0,36.0,98.69,33.0,1713.9453125,575.2985980883241
2026-07-21T03:51:00.334199+00:00,3819.0,34.0,98.58,33.0,1713.9453125,575.6562966704369
2026-07-21T03:51:00.645361+00:00,3819.0,35.0,98.37,33.0,1713.9453125,575.9674588106573
2026-07-21T03:51:00.959495+00:00,3819.0,37.0,98.05,33.0,1713.9453125,576.2815925814211
2026-07-21T03:51:01.294420+00:00,3819.0,35.0,96.78,33.0,1713.9453125,576.6165178269148
2026-07-21T03:51:01.605128+00:00,3819.0,37.0,96.88,33.0,1713.9453125,576.9272260256112
2026-07-21T03:51:01.917610+00:00,3819.0,36.0,96.93,33.0,1713.9453125,577.2397079728544
2026-07-21T03:51:02.278221+00:00,3819.0,36.0,98.33,33.0,1713.9453125,577.6003171540797
2026-07-21T03:51:02.620927+00:00,3819.0,35.0,97.58,33.0,1714.0078125,577.9430220015347
2026-07-21T03:51:02.987040+00:00,3819.0,37.0,98.12,33.0,1714.0078125,578.3091345727444
2026-07-21T03:51:03.325977+00:00,3819.0,37.0,98.26,33.0,1714.0078125,578.6480703130364
2026-07-21T03:51:03.662969+00:00,3819.0,37.0,98.74,33.0,1714.0078125,578.985063098371
2026-07-21T03:51:03.985712+00:00,3819.0,38.0,98.1,33.0,1714.0078125,579.307806070894
2026-07-21T03:51:04.305023+00:00,3819.0,38.0,97.94,33.0,1714.0078125,579.6271217279136
2026-07-21T03:51:04.639129+00:00,3819.0,37.0,98.11,33.0,1714.0078125,579.9612239040434
2026-07-21T03:51:04.957185+00:00,3819.0,38.0,98.29,33.0,1714.0078125,580.2792793624103
2026-07-21T03:51:05.276665+00:00,3819.0,38.0,98.33,33.0,1714.0078125,580.5987590514123
2026-07-21T03:51:05.595796+00:00,3819.0,37.0,98.05,33.0,1714.109375,580.9178937748075
2026-07-21T03:51:05.923350+00:00,3819.0,37.0,97.95,33.0,1714.109375,581.2454480864108
2026-07-21T03:51:06.227378+00:00,3819.0,37.0,98.12,33.0,1714.109375,581.5494758114219
2026-07-21T03:51:06.533305+00:00,3819.0,37.0,98.43,33.0,1714.11328125,581.8554014898837
2026-07-21T03:51:06.879762+00:00,3819.0,36.0,98.27,33.0,1714.11328125,582.2018593885005
2026-07-21T03:51:07.191629+00:00,3819.0,36.0,98.21,33.0,1714.11328125,582.5137270614505
2026-07-21T03:51:07.504301+00:00,3819.0,37.0,98.32,33.0,1714.11328125,582.8263986855745
2026-07-21T03:51:07.826308+00:00,3819.0,38.0,98.66,33.0,1714.11328125,583.1484049893916
2026-07-21T03:51:08.142225+00:00,3819.0,38.0,98.86,33.0,1714.26171875,583.4643230959773
2026-07-21T03:51:08.452231+00:00,3819.0,37.0,98.61,33.0,1714.26171875,583.7743282839656
2026-07-21T03:51:08.764476+00:00,3819.0,37.0,98.25,33.0,1714.265625,584.0865737944841
2026-07-21T03:51:09.076763+00:00,3819.0,37.0,98.14,33.0,1714.265625,584.398861002177
2026-07-21T03:51:09.369123+00:00,3819.0,37.0,98.16,33.0,1714.3125,584.6912209503353
2026-07-21T03:51:09.723884+00:00,3819.0,37.0,98.32,33.0,1714.3125,585.0459814965725
2026-07-21T03:51:10.038180+00:00,3819.0,36.0,98.55,33.0,1714.39453125,585.360276889056
2026-07-21T03:51:10.343051+00:00,3819.0,37.0,98.74,33.0,1714.39453125,585.6651492379606
2026-07-21T03:51:10.655310+00:00,3819.0,38.0,98.63,33.0,1714.39453125,585.9774080179632
2026-07-21T03:51:10.965954+00:00,3819.0,38.0,98.4,33.0,1714.3984375,586.2880515791476
2026-07-21T03:51:11.258600+00:00,3819.0,37.0,98.32,33.0,1714.3984375,586.580697722733
2026-07-21T03:51:11.568331+00:00,3819.0,37.0,98.28,33.0,1714.3984375,586.8904285132885
2026-07-21T03:51:11.857371+00:00,3819.0,37.0,98.32,33.0,1714.3984375,587.1794693060219
2026-07-21T03:51:12.185899+00:00,3819.0,37.0,98.58,33.0,1714.3984375,587.507997173816
2026-07-21T03:51:12.497012+00:00,3819.0,36.0,98.8,33.0,1714.44140625,587.8191091530025
2026-07-21T03:51:12.787302+00:00,3819.0,37.0,98.56,33.0,1714.44140625,588.1094006001949
2026-07-21T03:51:13.100369+00:00,3819.0,37.0,98.21,33.0,1714.44140625,588.4224663935602
2026-07-21T03:51:13.388835+00:00,3819.0,37.0,98.16,33.0,1714.44140625,588.7109330967069
2026-07-21T03:51:13.700983+00:00,3819.0,38.0,98.0,33.0,1714.44140625,589.0230812653899
2026-07-21T03:51:14.013383+00:00,3819.0,37.0,98.39,33.0,1714.44140625,589.3354812897742
2026-07-21T03:51:14.369642+00:00,3819.0,31.0,98.43,33.0,1714.47265625,589.6917392574251
2026-07-21T03:51:14.704135+00:00,3819.0,38.0,98.25,33.0,1714.47265625,590.0262325704098
2026-07-21T03:51:15.032237+00:00,3819.0,37.0,98.13,33.0,1714.47265625,590.3543349839747
2026-07-21T03:51:15.343935+00:00,3819.0,37.0,98.1,33.0,1714.47265625,590.6660330444574
2026-07-21T03:51:15.702777+00:00,3819.0,38.0,98.37,33.0,1714.47265625,591.0248746350408
2026-07-21T03:51:16.016768+00:00,3819.0,35.0,98.18,33.0,1714.51953125,591.3388648219407
2026-07-21T03:51:16.329994+00:00,3819.0,37.0,98.04,33.0,1714.51953125,591.6520915776491
2026-07-21T03:51:16.687593+00:00,3819.0,36.0,97.87,33.0,1714.51953125,592.0096909441054
2026-07-21T03:51:17.054609+00:00,3819.0,36.0,97.87,33.0,1714.51953125,592.3767064101994
2026-07-21T03:51:17.364789+00:00,3819.0,36.0,98.17,33.0,1714.51953125,592.6868858896196
2026-07-21T03:51:17.699247+00:00,3819.0,35.0,97.95,33.0,1714.51953125,593.0213443040848
2026-07-21T03:51:18.081663+00:00,3819.0,35.0,98.18,33.0,1714.5234375,593.4037499129772
2026-07-21T03:51:18.409778+00:00,3819.0,37.0,98.29,33.0,1714.5703125,593.7318766079843
2026-07-21T03:51:18.719408+00:00,3819.0,31.0,97.94,33.0,1714.5703125,594.0415056608617
2026-07-21T03:51:19.036405+00:00,3819.0,32.0,96.7,33.0,1714.5703125,594.35850340873
2026-07-21T03:51:19.348477+00:00,3819.0,37.0,96.85,33.0,1714.5703125,594.6705748774111
2026-07-21T03:51:19.657431+00:00,3819.0,36.0,96.86,33.0,1714.5703125,594.9795296899974
2026-07-21T03:51:19.973545+00:00,3819.0,36.0,98.23,33.0,1714.5703125,595.2956426031888
2026-07-21T03:51:20.265522+00:00,3819.0,37.0,97.87,33.0,1714.5703125,595.5876199267805
2026-07-21T03:51:20.571504+00:00,3819.0,37.0,97.86,33.0,1714.57421875,595.893601436168
2026-07-21T03:51:20.909254+00:00,3819.0,26.0,98.11,33.0,1714.640625,596.231352057308
2026-07-21T03:51:21.221314+00:00,3819.0,37.0,98.2,33.0,1714.64453125,596.5434120856225
2026-07-21T03:51:21.532562+00:00,3819.0,38.0,98.37,33.0,1714.64453125,596.8546605147421
2026-07-21T03:51:21.844650+00:00,3819.0,37.0,98.3,33.0,1714.64453125,597.1667485125363
2026-07-21T03:51:22.156808+00:00,3819.0,38.0,98.15,33.0,1714.64453125,597.4789061322808
2026-07-21T03:51:22.463769+00:00,3819.0,37.0,98.11,33.0,1714.64453125,597.7858667559922
2026-07-21T03:51:22.824031+00:00,3819.0,37.0,98.12,33.0,1714.6484375,598.1461297869682
2026-07-21T03:51:23.163208+00:00,3819.0,37.0,97.91,33.0,1714.73828125,598.4853055849671
2026-07-21T03:51:23.471609+00:00,3819.0,36.0,98.06,33.0,1714.73828125,598.7937070988119
2026-07-21T03:51:23.806275+00:00,3819.0,38.0,98.22,33.0,1714.73828125,599.1283737160265
2026-07-21T03:51:24.167130+00:00,3819.0,37.0,98.43,33.0,1714.73828125,599.4892279207706
2026-07-21T03:51:24.476313+00:00,3819.0,37.0,98.28,33.0,1714.73828125,599.7984111569822
2026-07-21T03:51:24.789107+00:00,3819.0,37.0,98.29,33.0,1714.73828125,600.1112057007849
2026-07-21T03:51:25.108955+00:00,3819.0,37.0,98.4,33.0,1714.73828125,600.4310520216823
2026-07-21T03:51:25.419882+00:00,3819.0,37.0,98.53,33.0,1714.73828125,600.7419798485935
2026-07-21T03:51:25.733376+00:00,3819.0,38.0,98.44,33.0,1714.73828125,601.0554735027254
2026-07-21T03:51:26.043651+00:00,3819.0,37.0,98.35,33.0,1714.73828125,601.3657493554056
2026-07-21T03:51:26.401963+00:00,3819.0,37.0,98.26,33.0,1714.73828125,601.7240601293743
2026-07-21T03:51:26.712464+00:00,3819.0,36.0,98.5,33.0,1714.8359375,602.0345596671104
2026-07-21T03:51:27.029521+00:00,3819.0,36.0,98.36,33.0,1714.8359375,602.3516178652644
2026-07-21T03:51:27.340157+00:00,3819.0,37.0,98.48,33.0,1714.8359375,602.6622554138303
2026-07-21T03:51:27.649826+00:00,3819.0,37.0,98.5,33.0,1714.8359375,602.9719234593213
2026-07-21T03:51:27.957962+00:00,3819.0,38.0,98.62,33.0,1714.8359375,603.2800603732467
2026-07-21T03:51:28.268580+00:00,3819.0,37.0,98.54,33.0,1714.8359375,603.5906777605414
2026-07-21T03:51:28.619581+00:00,3819.0,37.0,98.37,33.0,1714.8359375,603.9416787140071
2026-07-21T03:51:28.955183+00:00,3819.0,37.0,98.42,33.0,1714.8359375,604.2772809490561
2026-07-21T03:51:29.288146+00:00,3819.0,38.0,98.81,33.0,1714.83984375,604.6102448105812
2026-07-21T03:51:29.576756+00:00,3819.0,37.0,98.91,33.0,1714.83984375,604.8988541290164
2026-07-21T03:51:29.884223+00:00,3819.0,37.0,99.19,33.0,1714.83984375,605.2063208408654
2026-07-21T03:51:30.193915+00:00,3819.0,37.0,98.9,33.0,1714.83984375,605.5160130262375
2026-07-21T03:51:30.505548+00:00,3819.0,38.0,98.82,33.0,1714.90625,605.8276449069381
2026-07-21T03:51:30.839172+00:00,3819.0,37.0,98.36,33.0,1714.90625,606.1612699106336
2026-07-21T03:51:31.149319+00:00,3819.0,37.0,98.31,33.0,1714.90625,606.4714160189033
2026-07-21T03:51:31.437967+00:00,3819.0,38.0,98.11,33.0,1714.90625,606.7600654400885
2026-07-21T03:51:31.745328+00:00,3819.0,38.0,98.5,33.0,1714.90625,607.0674255751073
2026-07-21T03:51:32.056193+00:00,3819.0,37.0,98.49,33.0,1714.90625,607.3782905340195
2026-07-21T03:51:32.345239+00:00,3819.0,37.0,98.53,33.0,1714.90625,607.6673368103802
2026-07-21T03:51:32.703836+00:00,3819.0,29.0,98.37,33.0,1715.10546875,608.0259337686002
2026-07-21T03:51:32.994204+00:00,3819.0,37.0,98.13,33.0,1715.10546875,608.3163012564182
2026-07-21T03:51:33.299274+00:00,3819.0,37.0,98.15,33.0,1715.10546875,608.6213717870414
2026-07-21T03:51:33.630749+00:00,3819.0,38.0,98.55,33.0,1715.10546875,608.9528462849557
2026-07-21T03:51:33.937605+00:00,3819.0,37.0,98.18,33.0,1715.10546875,609.2597026638687
2026-07-21T03:51:34.248025+00:00,3819.0,36.0,98.25,33.0,1715.11328125,609.5701224282384
2026-07-21T03:51:34.579152+00:00,3819.0,37.0,98.27,33.0,1715.1328125,609.901248909533
2026-07-21T03:51:34.915592+00:00,3819.0,37.0,98.23,33.0,1715.13671875,610.2376899980009
2026-07-21T03:51:35.203844+00:00,3819.0,38.0,98.36,33.0,1715.13671875,610.5259427726269
2026-07-21T03:51:35.517034+00:00,3819.0,36.0,98.25,33.0,1715.13671875,610.8391311690211
2026-07-21T03:51:35.847218+00:00,3819.0,37.0,98.48,33.0,1715.140625,611.1693148091435
2026-07-21T03:51:36.142170+00:00,3819.0,36.0,98.46,33.0,1715.140625,611.4642678163946
2026-07-21T03:51:36.456912+00:00,3819.0,36.0,98.35,33.0,1715.18359375,611.7790094949305
2026-07-21T03:51:36.805093+00:00,3819.0,38.0,98.29,33.0,1715.18359375,612.1271914727986
2026-07-21T03:51:37.138672+00:00,3819.0,37.0,98.07,33.0,1715.1953125,612.4607699513435
2026-07-21T03:51:37.467659+00:00,3819.0,36.0,98.26,33.0,1715.1953125,612.7897565700114
2026-07-21T03:51:37.757499+00:00,3819.0,36.0,98.43,33.0,1715.1953125,613.0795975066721
2026-07-21T03:51:38.066887+00:00,3819.0,38.0,98.68,33.0,1715.19921875,613.3889854624867
2026-07-21T03:51:38.397750+00:00,3819.0,33.0,98.3,33.0,1715.265625,613.7198480181396
2026-07-21T03:51:38.726491+00:00,3819.0,37.0,98.47,33.0,1715.27734375,614.0485892444849
2026-07-21T03:51:39.019224+00:00,3819.0,38.0,98.37,33.0,1715.27734375,614.3413213193417
2026-07-21T03:51:39.328041+00:00,3819.0,38.0,98.3,33.0,1715.28515625,614.6501390486956
2026-07-21T03:51:39.641172+00:00,3819.0,37.0,98.11,33.0,1715.28515625,614.9632697366178
2026-07-21T03:51:39.952807+00:00,3819.0,37.0,98.28,33.0,1715.29296875,615.2749053947628
2026-07-21T03:51:40.242624+00:00,3819.0,38.0,98.53,33.0,1715.29296875,615.5647214539349
2026-07-21T03:51:40.532242+00:00,3819.0,38.0,98.52,33.0,1715.29296875,615.85433896631
2026-07-21T03:51:40.844604+00:00,3819.0,37.0,98.48,33.0,1715.3125,616.1667020022869
2026-07-21T03:51:41.154296+00:00,3819.0,39.0,98.46,33.0,1715.38671875,616.4763936512172
2026-07-21T03:51:41.464555+00:00,3819.0,38.0,98.51,33.0,1715.39453125,616.7866530641913
2026-07-21T03:51:41.771351+00:00,3819.0,37.0,98.46,33.0,1715.39453125,617.0934493541718
2026-07-21T03:51:42.084029+00:00,3819.0,38.0,98.48,33.0,1715.3984375,617.4061267785728
2026-07-21T03:51:42.399905+00:00,3819.0,37.0,98.43,33.0,1715.41015625,617.7220038883388
2026-07-21T03:51:42.734820+00:00,3819.0,37.0,98.38,33.0,1715.4140625,618.0569178499281
2026-07-21T03:51:43.061853+00:00,3819.0,37.0,98.5,33.0,1715.421875,618.3839507736266
2026-07-21T03:51:43.371742+00:00,3819.0,38.0,98.54,33.0,1715.421875,618.693839546293
2026-07-21T03:51:43.661589+00:00,3819.0,38.0,98.79,33.0,1715.42578125,618.983687594533
2026-07-21T03:51:43.972776+00:00,3819.0,37.0,98.94,33.0,1715.42578125,619.294874150306
2026-07-21T03:51:44.305384+00:00,3819.0,38.0,98.99,33.0,1715.53515625,619.6274812221527
2026-07-21T03:51:44.655653+00:00,3819.0,33.0,97.13,33.0,1715.53515625,619.9777502976358
2026-07-21T03:51:44.968986+00:00,3819.0,37.0,96.86,33.0,1715.53515625,620.2910841628909
2026-07-21T03:51:45.262694+00:00,3819.0,38.0,96.63,33.0,1715.5390625,620.584791790694
2026-07-21T03:51:45.571741+00:00,3819.0,38.0,98.58,33.0,1715.5390625,620.8938393965364
2026-07-21T03:51:45.884972+00:00,3819.0,38.0,98.65,33.0,1715.5390625,621.2070695348084
2026-07-21T03:51:46.196188+00:00,3819.0,37.0,98.75,33.0,1715.5390625,621.5182862170041
2026-07-21T03:51:46.504346+00:00,3819.0,37.0,98.67,33.0,1715.5390625,621.8264445848763
2026-07-21T03:51:46.836317+00:00,3819.0,38.0,98.72,33.0,1715.5390625,622.1584153845906
2026-07-21T03:51:47.124798+00:00,3819.0,28.0,98.81,33.0,1715.54296875,622.4468959160149
2026-07-21T03:51:47.435149+00:00,3819.0,38.0,98.69,33.0,1715.54296875,622.7572470828891
2026-07-21T03:51:47.787087+00:00,3819.0,38.0,98.69,33.0,1715.54296875,623.109185449779
2026-07-21T03:51:48.091436+00:00,3819.0,37.0,98.89,33.0,1715.54296875,623.4135338664055
2026-07-21T03:51:48.399700+00:00,3819.0,37.0,98.49,33.0,1715.54296875,623.7217982113361
2026-07-21T03:51:48.712492+00:00,3819.0,38.0,98.73,33.0,1715.54296875,624.0345903299749
2026-07-21T03:51:49.029983+00:00,3819.0,38.0,98.69,33.0,1715.54296875,624.3520810008049
2026-07-21T03:51:49.339424+00:00,3819.0,37.0,98.83,33.0,1715.54296875,624.6615225113928
2026-07-21T03:51:49.652308+00:00,3819.0,33.0,99.39,33.0,1715.546875,624.9744050242007
2026-07-21T03:51:49.965182+00:00,3819.0,37.0,99.21,33.0,1715.546875,625.2872796244919
2026-07-21T03:51:50.276879+00:00,3819.0,37.0,98.94,33.0,1715.546875,625.5989768393338
2026-07-21T03:51:50.610599+00:00,3819.0,37.0,98.94,33.0,1715.546875,625.9326966814697
2026-07-21T03:51:50.924479+00:00,3819.0,35.0,98.15,33.0,1715.546875,626.2465766370296
2026-07-21T03:51:51.232786+00:00,3819.0,33.0,98.19,33.0,1715.546875,626.5548835322261
2026-07-21T03:51:51.559135+00:00,3819.0,37.0,97.99,33.0,1715.546875,626.8812331520021
2026-07-21T03:51:51.869345+00:00,3819.0,36.0,98.41,33.0,1715.546875,627.1914431788027
2026-07-21T03:51:52.198252+00:00,3819.0,37.0,98.58,33.0,1715.546875,627.5203494392335
2026-07-21T03:51:52.509252+00:00,3819.0,37.0,98.92,33.0,1715.546875,627.8313493728638
2026-07-21T03:51:52.843207+00:00,3819.0,36.0,98.89,33.0,1715.546875,628.1653045155108
2026-07-21T03:51:53.199098+00:00,3819.0,37.0,98.89,33.0,1715.546875,628.5211956128478
2026-07-21T03:51:53.535092+00:00,3819.0,38.0,98.95,33.0,1715.546875,628.8571896627545
2026-07-21T03:51:53.849348+00:00,3819.0,37.0,98.76,33.0,1715.546875,629.1714460663497
2026-07-21T03:51:54.182930+00:00,3819.0,38.0,98.98,33.0,1715.546875,629.5050265491009
2026-07-21T03:51:54.475546+00:00,3819.0,36.0,98.68,33.0,1715.546875,629.7976441159844
2026-07-21T03:51:54.788899+00:00,3819.0,38.0,99.23,33.0,1715.546875,630.110997390002
2026-07-21T03:51:55.124030+00:00,3819.0,38.0,99.19,33.0,1715.546875,630.4461281523108
2026-07-21T03:51:55.435582+00:00,3819.0,38.0,99.28,33.0,1715.55859375,630.7576794885099
2026-07-21T03:51:55.748517+00:00,3819.0,38.0,99.1,33.0,1715.55859375,631.0706146024168
2026-07-21T03:51:56.059286+00:00,3819.0,37.0,98.84,33.0,1715.55859375,631.3813832402229
2026-07-21T03:51:56.371717+00:00,3819.0,37.0,98.86,33.0,1715.55859375,631.6938107125461
2026-07-21T03:51:56.685208+00:00,3819.0,37.0,98.92,33.0,1715.55859375,632.0073048062623
2026-07-21T03:51:56.990989+00:00,3819.0,37.0,98.89,33.0,1715.55859375,632.3130876347423
2026-07-21T03:51:57.320867+00:00,3819.0,38.0,98.94,33.0,1715.55859375,632.6429658085108
2026-07-21T03:51:57.629286+00:00,3819.0,37.0,98.9,33.0,1715.55859375,632.9513840563595
2026-07-21T03:51:57.918410+00:00,3819.0,37.0,98.79,33.0,1715.55859375,633.2405072674155
2026-07-21T03:51:58.232622+00:00,3819.0,22.0,98.55,33.0,1715.58203125,633.5547202192247
2026-07-21T03:51:58.562470+00:00,3819.0,37.0,98.5,33.0,1715.58203125,633.8845678903162
2026-07-21T03:51:58.850546+00:00,3819.0,37.0,98.39,33.0,1715.58203125,634.1726438291371
2026-07-21T03:51:59.138675+00:00,3819.0,38.0,98.15,33.0,1715.58203125,634.4607736952603
2026-07-21T03:51:59.425270+00:00,3819.0,38.0,98.42,33.0,1715.58203125,634.7473691552877
2026-07-21T03:51:59.752511+00:00,3819.0,37.0,98.61,33.0,1715.58203125,635.0746096000075
2026-07-21T03:52:00.051876+00:00,3819.0,37.0,98.98,33.0,1715.58203125,635.3739739060402
2026-07-21T03:52:00.340308+00:00,3819.0,27.0,99.02,33.0,1715.6015625,635.6624050326645
2026-07-21T03:52:00.628879+00:00,3819.0,38.0,98.74,33.0,1715.6015625,635.9509769454598
2026-07-21T03:52:00.983521+00:00,3819.0,36.0,98.28,33.0,1715.6015625,636.3056184723973
2026-07-21T03:52:01.295629+00:00,3819.0,36.0,98.12,33.0,1715.6015625,636.6177277304232
2026-07-21T03:52:01.608860+00:00,3819.0,37.0,98.09,33.0,1715.6015625,636.93095844239
2026-07-21T03:52:01.921298+00:00,3819.0,37.0,98.37,33.0,1715.6015625,637.2433951310813
2026-07-21T03:52:02.258990+00:00,3819.0,32.0,98.46,33.0,1715.625,637.5810884088278
2026-07-21T03:52:02.571543+00:00,3819.0,37.0,98.54,33.0,1715.625,637.8936405219138
2026-07-21T03:52:02.903262+00:00,3819.0,37.0,98.39,33.0,1715.625,638.2253593280911
2026-07-21T03:52:03.212145+00:00,3819.0,37.0,98.1,33.0,1715.625,638.5342421792448
2026-07-21T03:52:03.525589+00:00,3819.0,38.0,98.36,33.0,1715.625,638.8476866669953
2026-07-21T03:52:03.815482+00:00,3819.0,38.0,98.61,33.0,1715.63671875,639.1375791840255
2026-07-21T03:52:04.128650+00:00,3819.0,37.0,98.68,33.0,1715.63671875,639.4507475607097
2026-07-21T03:52:04.462645+00:00,3819.0,37.0,98.3,33.0,1715.63671875,639.7847428023815
2026-07-21T03:52:04.751563+00:00,3819.0,37.0,98.06,33.0,1715.63671875,640.0736605040729
2026-07-21T03:52:05.062930+00:00,3819.0,38.0,98.08,33.0,1715.63671875,640.3850279189646
2026-07-21T03:52:05.351201+00:00,3819.0,38.0,98.28,33.0,1715.63671875,640.6732992008328
2026-07-21T03:52:05.640504+00:00,3819.0,27.0,98.41,33.0,1715.65625,640.9626006633043
2026-07-21T03:52:05.953706+00:00,3819.0,37.0,98.26,33.0,1715.65625,641.2758040577173
2026-07-21T03:52:06.312777+00:00,3819.0,37.0,98.31,33.0,1715.65625,641.6348748728633
2026-07-21T03:52:06.674420+00:00,3819.0,36.0,98.11,33.0,1715.67578125,641.99651780352
2026-07-21T03:52:07.033582+00:00,3819.0,37.0,98.38,33.0,1715.67578125,642.355680026114
2026-07-21T03:52:07.391636+00:00,3819.0,36.0,98.17,33.0,1715.67578125,642.7137337550521
2026-07-21T03:52:07.723636+00:00,3819.0,36.0,98.36,33.0,1715.67578125,643.0457343123853
2026-07-21T03:52:08.057312+00:00,3819.0,38.0,98.13,33.0,1715.67578125,643.3794102184474
2026-07-21T03:52:08.376366+00:00,3819.0,37.0,98.21,33.0,1715.67578125,643.6984639205039
2026-07-21T03:52:08.763101+00:00,3819.0,25.0,98.46,33.0,1715.6953125,644.0851987041533
2026-07-21T03:52:09.094601+00:00,3819.0,37.0,98.42,33.0,1715.6953125,644.4166987501085
2026-07-21T03:52:09.426152+00:00,3819.0,37.0,98.42,33.0,1715.6953125,644.7482491992414
2026-07-21T03:52:09.757217+00:00,3819.0,37.0,97.94,33.0,1715.71484375,645.0793149247766
2026-07-21T03:52:10.076967+00:00,3819.0,38.0,98.36,33.0,1715.71484375,645.3990656509995
2026-07-21T03:52:10.387565+00:00,3819.0,32.0,98.19,33.0,1715.71484375,645.709662925452
2026-07-21T03:52:10.697274+00:00,3819.0,34.0,97.63,33.0,1715.71484375,646.0193715766072
2026-07-21T03:52:11.036011+00:00,3819.0,35.0,97.35,33.0,1715.71484375,646.3581072501838
2026-07-21T03:52:11.352526+00:00,3819.0,37.0,97.0,33.0,1715.71484375,646.6746242791414
2026-07-21T03:52:11.661169+00:00,3819.0,36.0,97.78,33.0,1715.71484375,646.9832669682801
2026-07-21T03:52:12.019476+00:00,3819.0,38.0,98.0,33.0,1715.73046875,647.3415731489658
2026-07-21T03:52:12.327561+00:00,3819.0,36.0,98.18,33.0,1715.73046875,647.6496595963836
2026-07-21T03:52:12.641668+00:00,3819.0,38.0,98.11,33.0,1715.73046875,647.9637658670545
2026-07-21T03:52:12.975081+00:00,3819.0,26.0,96.79,33.0,1715.73046875,648.2971784099936
2026-07-21T03:52:13.288299+00:00,3819.0,37.0,96.62,33.0,1715.73046875,648.610396463424
2026-07-21T03:52:13.648381+00:00,3819.0,36.0,96.61,33.0,1715.75,648.9704779759049
2026-07-21T03:52:13.965310+00:00,3819.0,37.0,98.06,33.0,1715.75,649.2874084189534
2026-07-21T03:52:14.322230+00:00,3819.0,36.0,98.27,33.0,1715.75,649.6443279311061
2026-07-21T03:52:14.633215+00:00,3819.0,36.0,98.52,33.0,1715.75,649.9553124271333
2026-07-21T03:52:14.924495+00:00,3819.0,37.0,98.26,33.0,1715.75,650.2465925067663
2026-07-21T03:52:15.237030+00:00,3819.0,36.0,98.24,33.0,1715.75,650.5591277442873
2026-07-21T03:52:15.590767+00:00,3819.0,34.0,98.29,33.0,1715.76953125,650.9128641411662
2026-07-21T03:52:15.924071+00:00,3819.0,36.0,98.02,33.0,1715.76953125,651.2461693547666
2026-07-21T03:52:16.235702+00:00,3819.0,36.0,98.05,33.0,1715.76953125,651.5577996559441
2026-07-21T03:52:16.591590+00:00,3819.0,36.0,97.89,33.0,1715.76953125,651.9136878289282
2026-07-21T03:52:16.923355+00:00,3819.0,37.0,98.19,33.0,1715.76953125,652.2454517781734
2026-07-21T03:52:17.235813+00:00,3819.0,36.0,98.33,33.0,1715.76953125,652.5579111017287
2026-07-21T03:52:17.551142+00:00,3819.0,37.0,98.43,33.0,1715.76953125,652.8732398413122
2026-07-21T03:52:17.875285+00:00,3819.0,35.0,98.11,33.0,1715.76953125,653.1973812431097
2026-07-21T03:52:18.211357+00:00,3819.0,37.0,98.42,33.0,1715.7890625,653.5334553681314
2026-07-21T03:52:18.525123+00:00,3819.0,37.0,98.26,33.0,1715.7890625,653.8472203351557
2026-07-21T03:52:18.833895+00:00,3819.0,37.0,98.43,33.0,1715.7890625,654.1559922471642
2026-07-21T03:52:19.146468+00:00,3819.0,36.0,98.25,33.0,1715.7890625,654.4685657322407
2026-07-21T03:52:19.452915+00:00,3819.0,37.0,98.16,33.0,1715.7890625,654.7750128544867
2026-07-21T03:52:19.783285+00:00,3819.0,36.0,98.58,33.0,1715.7890625,655.1053821071982
2026-07-21T03:52:20.111972+00:00,3819.0,24.0,98.44,33.0,1715.8125,655.4340688921511
2026-07-21T03:52:20.419973+00:00,3819.0,31.0,98.24,33.0,1715.8125,655.74207046628
2026-07-21T03:52:20.752021+00:00,3819.0,31.0,96.75,33.0,1715.8125,656.074117552489
2026-07-21T03:52:21.063972+00:00,3819.0,29.0,96.33,33.0,1715.8125,656.3860696405172
2026-07-21T03:52:21.384182+00:00,3819.0,35.0,96.04,33.0,1715.8125,656.7062794975936
2026-07-21T03:52:21.696979+00:00,3819.0,36.0,97.47,33.0,1715.8125,657.0190774947405
2026-07-21T03:52:22.011764+00:00,3819.0,37.0,98.06,33.0,1715.8125,657.3338616043329
2026-07-21T03:52:22.321014+00:00,3819.0,36.0,98.5,33.0,1715.8125,657.6431131884456
2026-07-21T03:52:22.651969+00:00,3819.0,35.0,98.61,33.0,1715.8125,657.9740675762296
2026-07-21T03:52:23.003054+00:00,3819.0,36.0,98.44,33.0,1715.83203125,658.3251517675817
2026-07-21T03:52:23.315892+00:00,3819.0,37.0,98.52,33.0,1715.83203125,658.6379898674786
2026-07-21T03:52:23.625060+00:00,3819.0,35.0,98.62,33.0,1715.83203125,658.9471580833197
2026-07-21T03:52:23.955596+00:00,3819.0,36.0,98.59,33.0,1715.83203125,659.277693208307
2026-07-21T03:52:24.268562+00:00,3819.0,37.0,98.26,33.0,1715.83203125,659.5906600169837
2026-07-21T03:52:24.598908+00:00,3819.0,27.0,97.94,33.0,1715.84765625,659.9210062883794
2026-07-21T03:52:24.913780+00:00,3819.0,37.0,98.47,33.0,1715.84765625,660.2358784526587
2026-07-21T03:52:25.223846+00:00,3819.0,37.0,98.61,33.0,1715.84765625,660.545944608748
2026-07-21T03:52:25.536379+00:00,3819.0,37.0,98.3,33.0,1715.84765625,660.8584767654538
2026-07-21T03:52:25.867241+00:00,3819.0,37.0,98.1,33.0,1715.84765625,661.1893384866416
2026-07-21T03:52:26.180042+00:00,3819.0,36.0,98.04,33.0,1715.84765625,661.5021401681006
2026-07-21T03:52:26.469750+00:00,3819.0,37.0,98.3,33.0,1715.84765625,661.7918488048017
2026-07-21T03:52:26.777616+00:00,3819.0,36.0,98.37,33.0,1715.84765625,662.0997140221298
2026-07-21T03:52:27.083838+00:00,3819.0,36.0,98.3,33.0,1715.87109375,662.4059358052909
2026-07-21T03:52:27.413828+00:00,3819.0,36.0,98.29,33.0,1715.87109375,662.7359260320663
2026-07-21T03:52:27.724934+00:00,3819.0,36.0,98.27,33.0,1715.87109375,663.0470320805907
2026-07-21T03:52:28.040755+00:00,3819.0,36.0,98.08,33.0,1715.87109375,663.3628534674644
2026-07-21T03:52:28.351839+00:00,3819.0,36.0,97.98,33.0,1715.87109375,663.6739360578358
2026-07-21T03:52:28.687175+00:00,3819.0,37.0,98.01,33.0,1715.87109375,664.0092725604773
2026-07-21T03:52:28.997817+00:00,3819.0,37.0,98.0,33.0,1715.87109375,664.3199148960412
2026-07-21T03:52:29.330308+00:00,3819.0,38.0,98.29,33.0,1715.89453125,664.6524052359164
2026-07-21T03:52:29.640185+00:00,3819.0,37.0,98.38,33.0,1715.89453125,664.9622827880085
2026-07-21T03:52:29.952893+00:00,3819.0,37.0,98.35,33.0,1715.89453125,665.2749907970428
2026-07-21T03:52:30.264284+00:00,3819.0,35.0,97.95,33.0,1715.89453125,665.5863820575178
2026-07-21T03:52:30.577347+00:00,3819.0,35.0,97.89,33.0,1715.89453125,665.8994440622628
2026-07-21T03:52:30.889062+00:00,3819.0,35.0,97.98,33.0,1715.89453125,666.2111604958773
2026-07-21T03:52:31.227431+00:00,3819.0,36.0,97.89,33.0,1715.89453125,666.5495282486081
2026-07-21T03:52:31.583029+00:00,3819.0,35.0,98.04,33.0,1715.9140625,666.9051259607077
2026-07-21T03:52:31.892760+00:00,3819.0,37.0,97.79,33.0,1715.9140625,667.2148580253124
2026-07-21T03:52:32.199874+00:00,3819.0,36.0,98.03,33.0,1715.9140625,667.5219716988504
2026-07-21T03:52:32.559387+00:00,3819.0,36.0,98.27,33.0,1715.9140625,667.8814846649766
2026-07-21T03:52:32.873976+00:00,3819.0,37.0,98.78,33.0,1715.93359375,668.1960726343095
2026-07-21T03:52:33.203339+00:00,3819.0,35.0,98.53,33.0,1715.93359375,668.5254375860095
2026-07-21T03:52:33.517507+00:00,3819.0,36.0,98.32,33.0,1715.93359375,668.8396057747304
2026-07-21T03:52:33.832780+00:00,3819.0,25.0,98.13,33.0,1715.94921875,669.15487748757
2026-07-21T03:52:34.165956+00:00,3819.0,36.0,98.15,33.0,1715.94921875,669.4880547262728
2026-07-21T03:52:34.476025+00:00,3819.0,36.0,98.11,33.0,1715.94921875,669.7981229387224
2026-07-21T03:52:34.814960+00:00,3819.0,37.0,98.16,33.0,1715.94921875,670.1370575875044
2026-07-21T03:52:35.155630+00:00,3819.0,37.0,98.38,33.0,1715.94921875,670.4777272306383
2026-07-21T03:52:35.490846+00:00,3819.0,36.0,98.54,33.0,1715.94921875,670.8129438534379
2026-07-21T03:52:35.837129+00:00,3819.0,37.0,98.34,33.0,1715.96875,671.1592270620167
2026-07-21T03:52:36.149688+00:00,3819.0,36.0,98.08,33.0,1715.96875,671.4717865139246
2026-07-21T03:52:36.457758+00:00,3819.0,37.0,97.89,33.0,1715.96875,671.7798560969532
2026-07-21T03:52:36.769005+00:00,3819.0,37.0,98.01,33.0,1715.96875,672.0911031067371
2026-07-21T03:52:37.079860+00:00,3819.0,37.0,98.04,33.0,1715.96875,672.401957411319
2026-07-21T03:52:37.397225+00:00,3819.0,34.0,98.29,33.0,1716.0390625,672.7193205803633
2026-07-21T03:52:37.710252+00:00,3819.0,36.0,98.21,33.0,1716.0546875,673.0323380492628
2026-07-21T03:52:38.071626+00:00,3819.0,36.0,98.07,33.0,1716.0546875,673.3937235549092
2026-07-21T03:52:38.384112+00:00,3819.0,37.0,97.96,33.0,1716.0546875,673.7062103450298
2026-07-21T03:52:38.701907+00:00,3819.0,36.0,97.6,33.0,1716.0546875,674.0240044780076
2026-07-21T03:52:39.009256+00:00,3819.0,37.0,97.58,33.0,1716.0546875,674.331354059279
2026-07-21T03:52:39.320158+00:00,3819.0,36.0,97.55,33.0,1716.07421875,674.6422552503645
2026-07-21T03:52:39.655783+00:00,3819.0,35.0,97.74,33.0,1716.07421875,674.9778802320361
2026-07-21T03:52:39.972817+00:00,3819.0,36.0,98.04,33.0,1716.07421875,675.2949147708714
2026-07-21T03:52:40.288080+00:00,3819.0,36.0,98.06,33.0,1716.07421875,675.6101782694459
2026-07-21T03:52:40.645857+00:00,3819.0,37.0,97.97,33.0,1716.07421875,675.9679548107088
2026-07-21T03:52:40.960500+00:00,3819.0,37.0,97.91,33.0,1716.07421875,676.2825980782509
2026-07-21T03:52:41.315139+00:00,3819.0,35.0,97.95,33.0,1716.09375,676.6372355520725
2026-07-21T03:52:41.630295+00:00,3819.0,37.0,97.98,33.0,1716.09375,676.9523921534419
2026-07-21T03:52:41.945167+00:00,3819.0,36.0,97.93,33.0,1716.09375,677.267265226692
2026-07-21T03:52:42.303608+00:00,3819.0,37.0,98.0,33.0,1716.09375,677.6257060728967
2026-07-21T03:52:42.595395+00:00,3819.0,36.0,98.26,33.0,1716.109375,677.9174915999174
2026-07-21T03:52:42.938725+00:00,3819.0,37.0,98.2,33.0,1716.109375,678.2608219310641
2026-07-21T03:52:43.256535+00:00,3819.0,37.0,98.18,33.0,1716.109375,678.5786329135299
2026-07-21T03:52:43.611092+00:00,3819.0,36.0,97.89,33.0,1716.109375,678.9331896193326
2026-07-21T03:52:43.921350+00:00,3819.0,35.0,97.85,33.0,1716.109375,679.2434483170509
2026-07-21T03:52:44.279245+00:00,3819.0,36.0,97.99,33.0,1716.109375,679.6013419479132
2026-07-21T03:52:44.593038+00:00,3819.0,36.0,97.9,33.0,1716.125,679.9151351079345
2026-07-21T03:52:44.904897+00:00,3819.0,37.0,98.1,33.0,1716.125,680.2269945181906
2026-07-21T03:52:45.193869+00:00,3819.0,37.0,98.02,33.0,1716.125,680.5159665122628
2026-07-21T03:52:45.530475+00:00,3819.0,36.0,98.04,33.0,1716.125,680.8525724858046
2026-07-21T03:52:45.840853+00:00,3819.0,37.0,97.92,33.0,1716.125,681.1629515700042
2026-07-21T03:52:46.181867+00:00,3819.0,24.0,98.06,33.0,1716.14453125,681.5039506778121
2026-07-21T03:52:46.488604+00:00,3819.0,37.0,98.11,33.0,1716.14453125,681.8107017427683
2026-07-21T03:52:46.846772+00:00,3819.0,37.0,98.23,33.0,1716.14453125,682.1688704155385
2026-07-21T03:52:47.183697+00:00,3819.0,36.0,98.43,33.0,1716.14453125,682.5057943761349
2026-07-21T03:52:47.518429+00:00,3819.0,37.0,98.29,33.0,1716.14453125,682.8405270092189
2026-07-21T03:52:47.834796+00:00,3819.0,37.0,98.11,33.0,1716.14453125,683.1568941622972
2026-07-21T03:52:48.176010+00:00,3819.0,37.0,98.31,33.0,1716.14453125,683.4981083162129
2026-07-21T03:52:48.511749+00:00,3819.0,36.0,98.59,34.0,1716.1640625,683.8338467478752
2026-07-21T03:52:48.824844+00:00,3819.0,37.0,98.76,34.0,1716.1640625,684.146942153573
2026-07-21T03:52:49.114082+00:00,3819.0,37.0,98.69,34.0,1716.1640625,684.4361804611981
2026-07-21T03:52:49.404880+00:00,3819.0,37.0,98.76,34.0,1716.16796875,684.726977840066
2026-07-21T03:52:49.717138+00:00,3819.0,36.0,98.58,34.0,1716.16796875,685.0392359122634
2026-07-21T03:52:50.055153+00:00,3819.0,37.0,98.68,34.0,1716.171875,685.3772510401905
2026-07-21T03:52:50.413714+00:00,3819.0,36.0,98.99,34.0,1716.171875,685.7358118034899
2026-07-21T03:52:50.743045+00:00,3819.0,37.0,99.03,34.0,1716.171875,686.0651438832283
2026-07-21T03:52:51.078888+00:00,3819.0,37.0,99.21,34.0,1716.171875,686.4009865932167
2026-07-21T03:52:51.369891+00:00,3819.0,37.0,99.38,34.0,1716.171875,686.6919888034463
2026-07-21T03:52:51.706666+00:00,3819.0,37.0,99.29,34.0,1716.171875,687.0287635214627
2026-07-21T03:52:52.023695+00:00,3819.0,37.0,99.26,34.0,1716.171875,687.3457930795848
2026-07-21T03:52:52.358238+00:00,3819.0,37.0,99.05,34.0,1716.17578125,687.6803365387022
2026-07-21T03:52:52.672245+00:00,3819.0,37.0,98.97,34.0,1716.17578125,687.9943419359624
2026-07-21T03:52:52.985200+00:00,3819.0,37.0,98.98,34.0,1716.19921875,688.3072977513075
2026-07-21T03:52:53.296693+00:00,3819.0,37.0,98.53,34.0,1716.19921875,688.6187912784517
2026-07-21T03:52:53.609981+00:00,3819.0,37.0,98.3,34.0,1716.19921875,688.9320792555809
2026-07-21T03:52:53.943639+00:00,3819.0,37.0,98.34,34.0,1716.19921875,689.2657372429967
2026-07-21T03:52:54.232469+00:00,3819.0,37.0,98.62,34.0,1716.19921875,689.5545678585768
2026-07-21T03:52:54.567838+00:00,3819.0,37.0,98.81,34.0,1716.20703125,689.8899356983602
2026-07-21T03:52:54.881117+00:00,3819.0,37.0,98.84,34.0,1716.23046875,690.2032141983509
2026-07-21T03:52:55.213871+00:00,3819.0,37.0,98.75,34.0,1716.23046875,690.5359690897167
2026-07-21T03:52:55.523207+00:00,3819.0,37.0,98.62,34.0,1716.23046875,690.8453048914671
2026-07-21T03:52:55.836583+00:00,3819.0,38.0,98.29,34.0,1716.23046875,691.1586809530854
2026-07-21T03:52:56.146797+00:00,3819.0,37.0,98.47,34.0,1716.23046875,691.4688959084451
2026-07-21T03:52:56.460608+00:00,3819.0,37.0,98.58,34.0,1716.23046875,691.7827061936259
2026-07-21T03:52:56.818725+00:00,3819.0,37.0,98.66,34.0,1716.23046875,692.1408225931227
2026-07-21T03:52:57.132395+00:00,3819.0,37.0,98.49,34.0,1716.23046875,692.4544925540686
2026-07-21T03:52:57.444047+00:00,3819.0,37.0,98.43,34.0,1716.23046875,692.7661445140839
2026-07-21T03:52:57.754102+00:00,3819.0,37.0,98.57,34.0,1716.23046875,693.0762002617121
2026-07-21T03:52:58.062271+00:00,3819.0,36.0,98.62,34.0,1716.23046875,693.3843686506152
2026-07-21T03:52:58.402271+00:00,3819.0,38.0,98.78,34.0,1716.23046875,693.7243692390621
2026-07-21T03:52:58.690005+00:00,3819.0,36.0,98.87,34.0,1716.234375,694.0121025405824
2026-07-21T03:52:59.055216+00:00,3819.0,36.0,98.92,34.0,1716.234375,694.3773135654628
2026-07-21T03:52:59.343438+00:00,3819.0,37.0,98.87,34.0,1716.234375,694.6655374541879
2026-07-21T03:52:59.658142+00:00,3819.0,38.0,98.99,34.0,1721.81640625,694.9802388474345
2026-07-21T03:52:59.949065+00:00,3819.0,37.0,98.98,34.0,1721.81640625,695.271162096411
2026-07-21T03:53:00.235967+00:00,3819.0,37.0,98.9,34.0,1721.81640625,695.5580648444593
2026-07-21T03:53:00.572832+00:00,3819.0,37.0,99.09,34.0,1721.81640625,695.8949291817844
2026-07-21T03:53:00.880375+00:00,3819.0,38.0,99.02,34.0,1721.81640625,696.2024729624391
2026-07-21T03:53:01.206571+00:00,3819.0,37.0,99.33,34.0,1721.81640625,696.5286685787141
2026-07-21T03:53:01.570630+00:00,3819.0,33.0,99.04,34.0,1725.56640625,696.8927271440625
2026-07-21T03:53:01.885273+00:00,3819.0,36.0,99.03,34.0,1725.56640625,697.2073712646961
2026-07-21T03:53:02.215603+00:00,3819.0,36.0,98.6,34.0,1725.56640625,697.5376997999847
2026-07-21T03:53:02.551287+00:00,3819.0,36.0,98.69,34.0,1725.56640625,697.8733851388097
2026-07-21T03:53:02.887138+00:00,3819.0,37.0,98.12,34.0,1725.56640625,698.2092360965908
2026-07-21T03:53:03.242122+00:00,3819.0,37.0,98.3,34.0,1725.56640625,698.5642198473215
2026-07-21T03:53:03.557001+00:00,3819.0,37.0,98.43,34.0,1725.56640625,698.8790987841785
2026-07-21T03:53:03.869852+00:00,3819.0,37.0,98.97,34.0,1725.56640625,699.191950455308
2026-07-21T03:53:04.181334+00:00,3819.0,37.0,99.07,34.0,1725.56640625,699.5034320428967
2026-07-21T03:53:04.492900+00:00,3819.0,36.0,99.11,34.0,1725.56640625,699.8149975091219
2026-07-21T03:53:04.801595+00:00,3819.0,38.0,98.81,34.0,1725.59375,700.1236907206476
2026-07-21T03:53:05.138942+00:00,3819.0,36.0,98.81,34.0,1725.59375,700.4610399380326
2026-07-21T03:53:05.452744+00:00,3819.0,38.0,98.62,34.0,1725.59375,700.7748409993947
2026-07-21T03:53:05.764312+00:00,3819.0,36.0,98.51,34.0,1725.59375,701.0864095464349
2026-07-21T03:53:06.098801+00:00,3819.0,37.0,98.44,34.0,1725.59765625,701.420899130404
2026-07-21T03:53:06.433936+00:00,3819.0,37.0,98.43,34.0,1725.59765625,701.7560349069536
2026-07-21T03:53:06.725264+00:00,3819.0,37.0,98.43,34.0,1725.59765625,702.047362357378
2026-07-21T03:53:07.041812+00:00,3819.0,37.0,98.72,34.0,1725.59765625,702.3639096915722
2026-07-21T03:53:07.331138+00:00,3819.0,37.0,98.95,34.0,1725.59765625,702.6532365866005
2026-07-21T03:53:07.688067+00:00,3819.0,37.0,99.07,34.0,1725.6015625,703.0101643204689
2026-07-21T03:53:08.000690+00:00,3819.0,22.0,98.64,34.0,1725.6953125,703.3227871097624
2026-07-21T03:53:08.307619+00:00,3819.0,37.0,98.35,34.0,1725.6953125,703.6297171972692
2026-07-21T03:53:08.620335+00:00,3819.0,37.0,98.35,34.0,1725.6953125,703.9424330592155
2026-07-21T03:53:08.910254+00:00,3819.0,37.0,98.54,34.0,1725.69921875,704.2323520593345
2026-07-21T03:53:09.199936+00:00,3819.0,37.0,98.48,34.0,1725.69921875,704.52203406021
2026-07-21T03:53:09.489796+00:00,3819.0,37.0,98.58,34.0,1725.69921875,704.8118939846754
2026-07-21T03:53:09.819235+00:00,3819.0,36.0,98.15,34.0,1725.69921875,705.1413323953748
2026-07-21T03:53:10.131240+00:00,3819.0,37.0,98.28,34.0,1725.69921875,705.4533383063972
2026-07-21T03:53:10.440242+00:00,3819.0,37.0,98.1,34.0,1725.69921875,705.7623397745192
2026-07-21T03:53:10.731109+00:00,3819.0,38.0,98.3,34.0,1725.69921875,706.0532079488039
2026-07-21T03:53:11.044525+00:00,3819.0,38.0,98.7,34.0,1725.69921875,706.3666220903397
2026-07-21T03:53:11.358077+00:00,3819.0,21.0,98.7,34.0,1725.7578125,706.6801738925278
2026-07-21T03:53:11.647782+00:00,3819.0,37.0,98.54,34.0,1725.7578125,706.9698798619211
2026-07-21T03:53:12.003294+00:00,3819.0,36.0,98.36,34.0,1725.7578125,707.325392421335
2026-07-21T03:53:12.338076+00:00,3819.0,37.0,98.55,34.0,1725.7578125,707.6601739451289
2026-07-21T03:53:12.652430+00:00,3819.0,37.0,98.79,34.0,1725.7578125,707.9745279029012
2026-07-21T03:53:13.014556+00:00,3819.0,26.0,98.82,34.0,1725.8515625,708.3366532884538
2026-07-21T03:53:13.303688+00:00,3819.0,37.0,98.85,34.0,1725.8515625,708.625785972923
2026-07-21T03:53:13.633879+00:00,3819.0,37.0,98.92,34.0,1725.8515625,708.9559765867889
2026-07-21T03:53:13.966893+00:00,3819.0,37.0,99.08,34.0,1725.8515625,709.2889916673303
2026-07-21T03:53:14.288088+00:00,3819.0,36.0,98.57,34.0,1725.8515625,709.6101855225861
2026-07-21T03:53:14.599661+00:00,3819.0,37.0,98.47,34.0,1725.8515625,709.9217597469687
2026-07-21T03:53:14.889588+00:00,3819.0,37.0,98.68,34.0,1725.8515625,710.2116860300303
2026-07-21T03:53:15.206606+00:00,3819.0,37.0,98.83,34.0,1725.8515625,710.5287035852671
2026-07-21T03:53:15.531257+00:00,3819.0,29.0,98.36,34.0,1726.0859375,710.8533537089825
2026-07-21T03:53:15.822928+00:00,3819.0,37.0,98.32,34.0,1726.0859375,711.1450258493423
2026-07-21T03:53:16.156698+00:00,3819.0,37.0,97.98,34.0,1726.0859375,711.4787964448333
2026-07-21T03:53:16.467523+00:00,3819.0,37.0,98.3,34.0,1726.0859375,711.7896217107773
2026-07-21T03:53:16.780694+00:00,3819.0,37.0,98.91,34.0,1726.0859375,712.102791633457
2026-07-21T03:53:17.070554+00:00,3819.0,37.0,98.91,34.0,1726.0859375,712.39265210554
2026-07-21T03:53:17.406278+00:00,3819.0,37.0,98.7,34.0,1726.16015625,712.7283761315048
2026-07-21T03:53:17.720716+00:00,3819.0,38.0,98.43,34.0,1726.16015625,713.0428143031895
2026-07-21T03:53:18.059266+00:00,3819.0,37.0,98.58,34.0,1726.16015625,713.3813645392656
2026-07-21T03:53:18.399513+00:00,3819.0,35.0,98.52,34.0,1726.1640625,713.7216110788286
2026-07-21T03:53:18.709433+00:00,3819.0,35.0,98.51,34.0,1726.1640625,714.031531251967
2026-07-21T03:53:19.023426+00:00,3819.0,24.0,98.27,34.0,1726.41015625,714.3455239385366
2026-07-21T03:53:19.336831+00:00,3819.0,37.0,98.32,34.0,1726.41015625,714.6589288972318
2026-07-21T03:53:19.671507+00:00,3819.0,38.0,98.49,34.0,1726.4140625,714.9936051219702
2026-07-21T03:53:19.986109+00:00,3819.0,37.0,98.28,34.0,1726.421875,715.3082066327333
2026-07-21T03:53:20.304318+00:00,3819.0,35.0,98.31,34.0,1726.421875,715.6264163218439
2026-07-21T03:53:20.665700+00:00,3819.0,36.0,97.96,34.0,1726.42578125,715.9877974577248
2026-07-21T03:53:20.989500+00:00,3819.0,20.0,98.12,34.0,1726.46875,716.3115977495909
2026-07-21T03:53:21.302406+00:00,3819.0,38.0,98.23,34.0,1726.4765625,716.6245041005313
2026-07-21T03:53:21.612655+00:00,3819.0,37.0,98.62,34.0,1726.4765625,716.9347523674369
2026-07-21T03:53:21.971479+00:00,3819.0,38.0,98.96,34.0,1726.4765625,717.2935778051615
2026-07-21T03:53:22.285490+00:00,3819.0,37.0,98.6,34.0,1726.484375,717.6075877472758
2026-07-21T03:53:22.601020+00:00,3819.0,35.0,98.34,34.0,1726.484375,717.9231179133058
2026-07-21T03:53:22.909079+00:00,3819.0,38.0,98.56,34.0,1726.484375,718.2311768382788
2026-07-21T03:53:23.219605+00:00,3819.0,37.0,98.62,34.0,1726.484375,718.5417027771473
2026-07-21T03:53:23.531798+00:00,3819.0,36.0,98.79,34.0,1726.49609375,718.8538962900639
2026-07-21T03:53:23.845889+00:00,3819.0,37.0,99.02,34.0,1726.49609375,719.1679872274399
2026-07-21T03:53:24.160767+00:00,3819.0,37.0,99.15,34.0,1726.5078125,719.482866473496
2026-07-21T03:53:24.471545+00:00,3819.0,38.0,99.11,34.0,1726.5078125,719.7936440259218
2026-07-21T03:53:24.827316+00:00,3819.0,37.0,99.0,34.0,1726.51953125,720.1494131982327
2026-07-21T03:53:25.138332+00:00,3819.0,37.0,99.19,34.0,1726.52734375,720.4604298174381
2026-07-21T03:53:25.452056+00:00,3819.0,37.0,99.35,34.0,1726.52734375,720.7741534821689
2026-07-21T03:53:25.765693+00:00,3819.0,37.0,99.31,34.0,1726.53515625,721.0877908468246
2026-07-21T03:53:26.076941+00:00,3819.0,38.0,99.28,34.0,1726.53515625,721.3990381769836
2026-07-21T03:53:26.407465+00:00,3819.0,37.0,99.36,34.0,1726.54296875,721.7295638173819
2026-07-21T03:53:26.742896+00:00,3819.0,37.0,99.33,34.0,1726.54296875,722.0649941675365
2026-07-21T03:53:27.034470+00:00,3819.0,37.0,99.59,34.0,1726.55859375,722.356567889452
2026-07-21T03:53:27.370399+00:00,3819.0,37.0,99.46,34.0,1726.55859375,722.6924965195358
2026-07-21T03:53:27.685092+00:00,3819.0,37.0,99.74,34.0,1726.55859375,723.0071897469461
2026-07-21T03:53:27.993122+00:00,3819.0,36.0,99.32,34.0,1726.89453125,723.3152200207114
2026-07-21T03:53:28.283433+00:00,3819.0,37.0,99.26,34.0,1726.90234375,723.6055308319628
2026-07-21T03:53:28.596800+00:00,3819.0,38.0,98.85,34.0,1726.9140625,723.9188990332186
2026-07-21T03:53:28.932157+00:00,3819.0,38.0,99.04,34.0,1726.9140625,724.2542562559247
2026-07-21T03:53:29.360503+00:00,3819.0,20.0,98.1,34.0,1726.93359375,724.6826007179916
2026-07-21T03:53:29.672782+00:00,3819.0,37.0,96.84,34.0,1726.93359375,724.9948803447187
2026-07-21T03:53:30.036313+00:00,3819.0,38.0,97.04,34.0,1726.93359375,725.3584106974304
2026-07-21T03:53:30.370176+00:00,3819.0,37.0,98.76,34.0,1727.0703125,725.6922735311091
2026-07-21T03:53:30.706847+00:00,3819.0,37.0,99.11,34.0,1727.0703125,726.0289436355233
2026-07-21T03:53:31.026083+00:00,3819.0,37.0,98.67,34.0,1727.0703125,726.3481817990541
2026-07-21T03:53:31.389426+00:00,3819.0,37.0,98.56,34.0,1727.0703125,726.711524259299
2026-07-21T03:53:31.704688+00:00,3819.0,37.0,98.65,34.0,1727.0703125,727.0267856381834
2026-07-21T03:53:32.043343+00:00,3819.0,37.0,98.66,34.0,1727.0703125,727.3654410652816
2026-07-21T03:53:32.356587+00:00,3819.0,37.0,98.58,34.0,1727.08984375,727.678684193641
2026-07-21T03:53:32.714800+00:00,3819.0,36.0,98.65,34.0,1727.08984375,728.0368985310197
2026-07-21T03:53:33.008412+00:00,3819.0,38.0,98.77,34.0,1727.08984375,728.3305103033781
2026-07-21T03:53:33.297992+00:00,3819.0,38.0,98.85,34.0,1727.08984375,728.6200893744826
2026-07-21T03:53:33.613003+00:00,3819.0,37.0,99.11,34.0,1727.08984375,728.9351015016437
2026-07-21T03:53:33.924533+00:00,3819.0,37.0,98.99,34.0,1727.08984375,729.2466308251023
2026-07-21T03:53:34.235538+00:00,3819.0,35.0,98.99,34.0,1727.109375,729.5576355680823
2026-07-21T03:53:34.548479+00:00,3819.0,37.0,99.07,34.0,1727.109375,729.8705767393112
2026-07-21T03:53:34.861065+00:00,3819.0,37.0,99.11,34.0,1727.109375,730.183163009584
2026-07-21T03:53:35.176125+00:00,3819.0,38.0,99.06,34.0,1727.109375,730.4982238933444
2026-07-21T03:53:35.488273+00:00,3819.0,37.0,99.02,34.0,1727.109375,730.8103704303503
2026-07-21T03:53:35.823955+00:00,3819.0,37.0,98.9,34.0,1727.109375,731.146053083241
2026-07-21T03:53:36.164790+00:00,3819.0,36.0,98.71,34.0,1727.109375,731.4868879467249
2026-07-21T03:53:36.479901+00:00,3819.0,36.0,98.63,34.0,1727.109375,731.8019991442561
2026-07-21T03:53:36.815508+00:00,3819.0,36.0,98.56,34.0,1727.109375,732.137605778873
2026-07-21T03:53:37.134781+00:00,3819.0,37.0,98.52,34.0,1727.109375,732.4568790644407
2026-07-21T03:53:37.448914+00:00,3819.0,36.0,98.77,34.0,1727.109375,732.7710119113326
2026-07-21T03:53:37.784247+00:00,3819.0,36.0,98.99,34.0,1727.109375,733.1063436754048
2026-07-21T03:53:38.134623+00:00,3819.0,36.0,99.25,34.0,1727.109375,733.4567200802267
2026-07-21T03:53:38.490894+00:00,3819.0,38.0,99.07,34.0,1727.1328125,733.8129917532206
2026-07-21T03:53:38.827292+00:00,3819.0,38.0,98.83,34.0,1727.1328125,734.1493903435767
2026-07-21T03:53:39.136242+00:00,3819.0,37.0,98.53,34.0,1727.1328125,734.4583403542638
2026-07-21T03:53:39.426390+00:00,3819.0,37.0,98.51,34.0,1727.1328125,734.748488292098
2026-07-21T03:53:39.741196+00:00,3819.0,37.0,98.65,34.0,1727.1328125,735.0632938705385
2026-07-21T03:53:40.117267+00:00,3819.0,37.0,98.69,34.0,1727.1328125,735.4393653161824
2026-07-21T03:53:40.436491+00:00,3819.0,38.0,98.83,34.0,1727.15625,735.758588604629
2026-07-21T03:53:40.728033+00:00,3819.0,37.0,98.79,34.0,1727.15625,736.050130750984
2026-07-21T03:53:41.082200+00:00,3819.0,36.0,98.72,34.0,1727.15625,736.404297888279
2026-07-21T03:53:41.372775+00:00,3819.0,37.0,98.69,34.0,1727.15625,736.6948731206357
2026-07-21T03:53:41.711549+00:00,3819.0,37.0,98.66,34.0,1727.15625,737.0336468964815
2026-07-21T03:53:42.029771+00:00,3819.0,37.0,98.73,34.0,1727.15625,737.3518692702055
2026-07-21T03:53:42.343805+00:00,3819.0,37.0,98.59,34.0,1727.15625,737.6659024581313
2026-07-21T03:53:42.656819+00:00,3819.0,38.0,98.59,34.0,1727.15625,737.9789168909192
2026-07-21T03:53:42.968850+00:00,3819.0,38.0,98.79,34.0,1727.15625,738.2909483909607
2026-07-21T03:53:43.279694+00:00,3819.0,37.0,98.96,34.0,1727.15625,738.6017922461033
2026-07-21T03:53:43.592600+00:00,3819.0,38.0,99.23,34.0,1727.15625,738.9146978445351
2026-07-21T03:53:43.905082+00:00,3819.0,38.0,99.14,34.0,1727.15625,739.2271801754832
2026-07-21T03:53:44.218290+00:00,3819.0,37.0,99.25,34.0,1727.15625,739.5403881967068
2026-07-21T03:53:44.532044+00:00,3819.0,37.0,99.25,34.0,1727.15625,739.8541410379112
2026-07-21T03:53:44.866762+00:00,3819.0,38.0,99.35,34.0,1727.15625,740.1888596080244
2026-07-21T03:53:45.157146+00:00,3819.0,38.0,99.36,34.0,1727.15625,740.4792442880571
2026-07-21T03:53:45.446931+00:00,3819.0,39.0,99.54,34.0,1727.15625,740.7690297029912
2026-07-21T03:53:45.784752+00:00,3819.0,38.0,99.4,34.0,1727.15625,741.1068499162793
2026-07-21T03:53:46.092487+00:00,3819.0,38.0,99.58,34.0,1727.15625,741.414585467428
2026-07-21T03:53:46.405059+00:00,3819.0,25.0,99.86,34.0,1727.16015625,741.7271562106907
2026-07-21T03:53:46.735263+00:00,3819.0,38.0,99.57,34.0,1727.16015625,742.0573606081307
2026-07-21T03:53:47.067967+00:00,3819.0,38.0,99.56,34.0,1727.16015625,742.3900649361312
2026-07-21T03:53:47.381692+00:00,3819.0,37.0,99.47,34.0,1727.16015625,742.7037908509374
2026-07-21T03:53:47.695581+00:00,3819.0,30.0,98.8,34.0,1727.1640625,743.0176783129573
2026-07-21T03:53:47.986735+00:00,3819.0,37.0,99.03,34.0,1727.1640625,743.3088329993188
2026-07-21T03:53:48.299820+00:00,3819.0,38.0,98.77,34.0,1727.1640625,743.6219176463783
2026-07-21T03:53:48.659158+00:00,3819.0,37.0,98.8,34.0,1727.1640625,743.9812555722892
2026-07-21T03:53:48.991132+00:00,3819.0,37.0,99.01,34.0,1727.1640625,744.3132298588753
2026-07-21T03:53:49.299858+00:00,3819.0,38.0,98.96,34.0,1727.1640625,744.6219562999904
2026-07-21T03:53:49.679099+00:00,3819.0,29.0,98.99,34.0,1727.16796875,745.0011963546276
2026-07-21T03:53:49.993486+00:00,3819.0,37.0,98.84,34.0,1727.16796875,745.3155836388469
2026-07-21T03:53:50.283289+00:00,3819.0,37.0,98.84,34.0,1727.16796875,745.6053870208561
2026-07-21T03:53:50.619946+00:00,3819.0,37.0,99.15,34.0,1727.16796875,745.942043852061
2026-07-21T03:53:50.932063+00:00,3819.0,38.0,98.74,34.0,1727.16796875,746.2541614919901
2026-07-21T03:53:51.294929+00:00,3819.0,37.0,99.08,34.0,1727.16796875,746.6170270144939
2026-07-21T03:53:51.654878+00:00,3819.0,24.0,99.03,34.0,1727.16796875,746.9769757725298
2026-07-21T03:53:51.971765+00:00,3819.0,37.0,99.06,34.0,1727.16796875,747.293862849474
2026-07-21T03:53:52.288491+00:00,3819.0,37.0,98.51,34.0,1727.16796875,747.6105888001621
2026-07-21T03:53:52.602950+00:00,3819.0,38.0,98.39,34.0,1727.16796875,747.9250476621091
2026-07-21T03:53:52.960848+00:00,3819.0,36.0,98.13,34.0,1727.16796875,748.2829462513328
2026-07-21T03:53:53.274940+00:00,3819.0,37.0,98.6,34.0,1727.16796875,748.5970389842987
2026-07-21T03:53:53.611500+00:00,3819.0,35.0,98.72,34.0,1727.16796875,748.9335984811187
2026-07-21T03:53:53.923961+00:00,3819.0,38.0,98.48,34.0,1727.171875,749.2460583783686
2026-07-21T03:53:54.236273+00:00,3819.0,37.0,98.92,34.0,1727.171875,749.558371424675
2026-07-21T03:53:54.544768+00:00,3819.0,35.0,98.88,34.0,1727.171875,749.8668661043048
2026-07-21T03:53:54.875646+00:00,3819.0,38.0,98.89,34.0,1727.171875,750.1977444365621
2026-07-21T03:53:55.167473+00:00,3819.0,36.0,98.63,34.0,1727.171875,750.489571288228
2026-07-21T03:53:55.484742+00:00,3819.0,36.0,98.61,34.0,1727.171875,750.8068409003317
2026-07-21T03:53:55.775463+00:00,3819.0,36.0,98.7,34.0,1727.171875,751.0975611582398
2026-07-21T03:53:56.085957+00:00,3819.0,35.0,98.68,34.0,1727.171875,751.4080554582179
2026-07-21T03:53:56.446386+00:00,3819.0,31.0,98.88,34.0,1727.171875,751.76848468557
2026-07-21T03:53:56.787752+00:00,3819.0,25.0,98.66,34.0,1727.1953125,752.1098502650857
2026-07-21T03:53:57.100927+00:00,3819.0,37.0,98.69,34.0,1727.1953125,752.4230253174901
2026-07-21T03:53:57.411703+00:00,3819.0,37.0,98.84,34.0,1727.1953125,752.7338015697896
2026-07-21T03:53:57.723356+00:00,3819.0,38.0,98.85,34.0,1727.1953125,753.0454546920955
2026-07-21T03:53:58.041876+00:00,3819.0,38.0,99.16,34.0,1727.1953125,753.3639744818211
2026-07-21T03:53:58.361941+00:00,3819.0,37.0,98.72,34.0,1727.21484375,753.684038694948
2026-07-21T03:53:58.676547+00:00,3819.0,37.0,99.32,34.0,1727.21484375,753.9986456595361
2026-07-21T03:53:58.988739+00:00,3819.0,37.0,99.12,34.0,1727.21484375,754.3108376525342
2026-07-21T03:53:59.295062+00:00,3819.0,37.0,99.1,34.0,1727.21484375,754.6171605326235
2026-07-21T03:53:59.610711+00:00,3819.0,38.0,99.03,34.0,1727.21484375,754.9328095167875
2026-07-21T03:53:59.924552+00:00,3819.0,21.0,98.08,34.0,1727.21484375,755.246649980545
2026-07-21T03:54:00.236432+00:00,3819.0,35.0,97.06,34.0,1727.21484375,755.5585300922394
2026-07-21T03:54:00.549587+00:00,3819.0,34.0,96.56,34.0,1727.21484375,755.8716855868697
2026-07-21T03:54:00.911945+00:00,3819.0,37.0,97.26,35.0,1727.21484375,756.2340428456664
2026-07-21T03:54:01.223588+00:00,3819.0,34.0,98.23,34.0,1727.21484375,756.5456855855882
2026-07-21T03:54:01.575164+00:00,3819.0,34.0,98.35,35.0,1727.23828125,756.8972616419196
2026-07-21T03:54:01.888679+00:00,3819.0,36.0,98.45,35.0,1727.23828125,757.2107776366174
2026-07-21T03:54:02.195528+00:00,3819.0,35.0,98.22,35.0,1727.23828125,757.5176261216402
2026-07-21T03:54:02.485606+00:00,3819.0,35.0,97.98,34.0,1727.23828125,757.8077043034136
2026-07-21T03:54:02.819433+00:00,3819.0,36.0,98.14,35.0,1727.23828125,758.1415314003825
2026-07-21T03:54:03.132555+00:00,3819.0,34.0,98.39,35.0,1727.23828125,758.4546530134976
2026-07-21T03:54:03.444376+00:00,3819.0,36.0,98.51,35.0,1727.23828125,758.7664737552404
2026-07-21T03:54:03.756637+00:00,3819.0,37.0,98.61,35.0,1727.23828125,759.078735370189
2026-07-21T03:54:04.047515+00:00,3819.0,37.0,98.61,35.0,1727.23828125,759.3696135431528
2026-07-21T03:54:04.360384+00:00,3819.0,35.0,98.94,35.0,1727.23828125,759.6824828349054
2026-07-21T03:54:04.674788+00:00,3819.0,24.0,99.07,35.0,1727.26171875,759.9968856163323
2026-07-21T03:54:04.988822+00:00,3819.0,37.0,98.78,35.0,1727.265625,760.3109205700457
2026-07-21T03:54:05.322903+00:00,3819.0,36.0,98.45,35.0,1727.265625,760.6450008489192
2026-07-21T03:54:05.633861+00:00,3819.0,37.0,98.39,35.0,1727.265625,760.9559588730335
2026-07-21T03:54:05.949151+00:00,3819.0,24.0,98.33,35.0,1727.28515625,761.2712490707636
2026-07-21T03:54:06.279985+00:00,3819.0,35.0,98.52,35.0,1727.28515625,761.6020822040737
2026-07-21T03:54:06.639136+00:00,3819.0,37.0,98.43,35.0,1727.28515625,761.9612342752516
2026-07-21T03:54:06.953605+00:00,3819.0,38.0,98.42,35.0,1727.28515625,762.2757031470537
2026-07-21T03:54:07.267801+00:00,3819.0,35.0,98.75,35.0,1727.28515625,762.5898998454213
2026-07-21T03:54:07.599456+00:00,3819.0,36.0,98.46,35.0,1727.3046875,762.9215541779995
2026-07-21T03:54:07.890769+00:00,3819.0,37.0,98.59,35.0,1727.3046875,763.212867256254
2026-07-21T03:54:08.226406+00:00,3819.0,35.0,98.34,35.0,1727.3046875,763.5485041551292
2026-07-21T03:54:08.540812+00:00,3819.0,34.0,98.29,35.0,1727.3046875,763.8629102483392
2026-07-21T03:54:08.895652+00:00,3819.0,37.0,98.31,35.0,1727.3046875,764.2177500985563
2026-07-21T03:54:09.212017+00:00,3819.0,35.0,98.52,35.0,1727.3046875,764.5341149866581
2026-07-21T03:54:09.542470+00:00,3819.0,34.0,98.36,35.0,1727.3046875,764.8645676225424
2026-07-21T03:54:09.857252+00:00,3819.0,37.0,98.18,35.0,1727.3046875,765.1793501451612
2026-07-21T03:54:10.216905+00:00,3819.0,35.0,97.98,35.0,1727.3046875,765.5390026345849
2026-07-21T03:54:10.539037+00:00,3819.0,34.0,97.98,35.0,1727.32421875,765.8611350618303
2026-07-21T03:54:10.855091+00:00,3819.0,36.0,98.63,35.0,1727.32421875,766.1771892681718
2026-07-21T03:54:11.172059+00:00,3819.0,32.0,98.89,35.0,1727.32421875,766.4941566810012
2026-07-21T03:54:11.501934+00:00,3819.0,33.0,98.8,35.0,1727.32421875,766.8240317776799
2026-07-21T03:54:11.817549+00:00,3819.0,37.0,98.83,35.0,1727.32421875,767.1396462619305
2026-07-21T03:54:12.155785+00:00,3819.0,34.0,99.01,35.0,1727.32421875,767.477882605046
2026-07-21T03:54:12.492218+00:00,3819.0,34.0,98.96,35.0,1727.32421875,767.8143164627254
2026-07-21T03:54:12.809579+00:00,3819.0,36.0,98.85,35.0,1727.32421875,768.1316772885621
2026-07-21T03:54:13.145873+00:00,3819.0,33.0,98.78,35.0,1727.32421875,768.4679713249207
2026-07-21T03:54:13.460145+00:00,3819.0,35.0,98.92,35.0,1727.32421875,768.7822433188558
2026-07-21T03:54:13.769118+00:00,3819.0,37.0,98.93,35.0,1727.32421875,769.0912154354155
2026-07-21T03:54:14.061456+00:00,3819.0,37.0,98.93,35.0,1727.32421875,769.3835485726595
2026-07-21T03:54:14.375968+00:00,3819.0,33.0,98.71,35.0,1727.32421875,769.6980661153793
2026-07-21T03:54:14.712074+00:00,3819.0,37.0,98.82,35.0,1727.32421875,770.0341722145677
2026-07-21T03:54:15.071972+00:00,3819.0,20.0,98.39,35.0,1727.34765625,770.39406998083
2026-07-21T03:54:15.414069+00:00,3819.0,36.0,98.6,35.0,1727.390625,770.7361674644053
2026-07-21T03:54:15.729278+00:00,3819.0,32.0,98.1,35.0,1727.390625,771.051376029849
2026-07-21T03:54:16.051647+00:00,3819.0,36.0,98.44,35.0,1727.390625,771.3737446330488
2026-07-21T03:54:16.393099+00:00,3819.0,33.0,98.24,35.0,1727.390625,771.7151962444186
2026-07-21T03:54:16.709084+00:00,3819.0,29.0,98.16,35.0,1727.4140625,772.0311822742224
2026-07-21T03:54:17.045551+00:00,3819.0,34.0,97.79,35.0,1727.4140625,772.367649435997
2026-07-21T03:54:17.356119+00:00,3819.0,37.0,97.89,35.0,1727.4140625,772.6782176420093
2026-07-21T03:54:17.668640+00:00,3819.0,36.0,98.24,35.0,1727.4140625,772.9907388202846
2026-07-21T03:54:18.011540+00:00,3819.0,37.0,98.32,35.0,1727.4140625,773.3336381055415
2026-07-21T03:54:18.375582+00:00,3819.0,14.0,96.76,35.0,1727.4140625,773.697679694742
2026-07-21T03:54:18.689651+00:00,3819.0,37.0,96.77,35.0,1727.4140625,774.0117488503456
2026-07-21T03:54:19.027851+00:00,3819.0,37.0,96.22,35.0,1727.43359375,774.3499474823475
2026-07-21T03:54:19.339754+00:00,3819.0,37.0,98.39,35.0,1727.43359375,774.6618519946933
2026-07-21T03:54:19.671151+00:00,3819.0,36.0,98.7,35.0,1727.43359375,774.9932487569749
2026-07-21T03:54:19.985420+00:00,3819.0,38.0,98.89,35.0,1727.43359375,775.3075175881386
2026-07-21T03:54:20.300210+00:00,3819.0,37.0,98.8,35.0,1727.43359375,775.6223081126809
2026-07-21T03:54:20.592380+00:00,3819.0,38.0,98.76,35.0,1727.43359375,775.9144786521792
2026-07-21T03:54:20.905069+00:00,3819.0,36.0,98.98,35.0,1727.43359375,776.2271669656038
2026-07-21T03:54:21.243023+00:00,3819.0,36.0,99.02,35.0,1727.4375,776.5651212967932
2026-07-21T03:54:21.607250+00:00,3819.0,35.0,98.81,35.0,1727.4375,776.929347474128
2026-07-21T03:54:21.917595+00:00,3819.0,38.0,98.65,35.0,1727.4375,777.2396929338574
2026-07-21T03:54:22.233797+00:00,3819.0,36.0,98.9,35.0,1727.4375,777.5558944009244
2026-07-21T03:54:22.548647+00:00,3819.0,38.0,99.01,35.0,1727.4375,777.8707444779575
2026-07-21T03:54:22.857357+00:00,3819.0,36.0,99.11,35.0,1727.4375,778.1794555000961
2026-07-21T03:54:23.188026+00:00,3819.0,36.0,99.0,35.0,1727.4375,778.5101235210896
2026-07-21T03:54:23.501867+00:00,3819.0,36.0,98.9,35.0,1727.4375,778.8239641189575
2026-07-21T03:54:23.835745+00:00,3819.0,37.0,98.66,35.0,1727.4375,779.1578326486051
2026-07-21T03:54:24.148209+00:00,3819.0,29.0,98.2,35.0,1727.4375,779.4703069925308
2026-07-21T03:54:24.457691+00:00,3819.0,36.0,98.28,35.0,1727.4375,779.7797884345055
2026-07-21T03:54:24.773745+00:00,3819.0,36.0,98.21,35.0,1727.4609375,780.0958374589682
2026-07-21T03:54:25.098309+00:00,3819.0,36.0,98.63,35.0,1727.4609375,780.4204071126878
2026-07-21T03:54:25.434205+00:00,3819.0,35.0,98.5,35.0,1727.4609375,780.7563025429845
2026-07-21T03:54:25.771777+00:00,3819.0,36.0,98.46,35.0,1727.4609375,781.0938744656742
2026-07-21T03:54:26.085305+00:00,3819.0,36.0,98.58,35.0,1727.4609375,781.4074027352035
2026-07-21T03:54:26.403939+00:00,3819.0,35.0,98.53,35.0,1727.4609375,781.7260370627046
2026-07-21T03:54:26.718592+00:00,3819.0,36.0,98.93,35.0,1727.4609375,782.0406894907355
2026-07-21T03:54:27.040190+00:00,3819.0,36.0,98.82,35.0,1727.4609375,782.3622874766588
2026-07-21T03:54:27.397307+00:00,3819.0,37.0,99.26,35.0,1727.4609375,782.7194038592279
2026-07-21T03:54:27.717738+00:00,3819.0,24.0,99.39,35.0,1727.484375,783.039835460484
2026-07-21T03:54:28.073823+00:00,3819.0,37.0,99.28,35.0,1727.484375,783.3959201723337
2026-07-21T03:54:28.389952+00:00,3819.0,36.0,98.96,35.0,1727.484375,783.7120500393212
2026-07-21T03:54:28.728193+00:00,3819.0,35.0,98.48,35.0,1727.484375,784.0502902641892
2026-07-21T03:54:29.067133+00:00,3819.0,37.0,98.57,35.0,1727.484375,784.3892307728529
2026-07-21T03:54:29.376368+00:00,3819.0,37.0,98.82,35.0,1727.484375,784.6984660886228
2026-07-21T03:54:29.707895+00:00,3819.0,36.0,98.96,35.0,1727.484375,785.0299932584167
2026-07-21T03:54:30.024005+00:00,3819.0,37.0,99.03,35.0,1727.484375,785.3461027555168
2026-07-21T03:54:30.339612+00:00,3819.0,36.0,98.87,35.0,1727.484375,785.6617089621723
2026-07-21T03:54:30.691592+00:00,3819.0,21.0,98.96,35.0,1727.484375,786.0136890895665
2026-07-21T03:54:31.023627+00:00,3819.0,36.0,98.83,35.0,1727.484375,786.3457253053784
2026-07-21T03:54:31.335584+00:00,3819.0,36.0,98.73,35.0,1727.484375,786.6576822809875
2026-07-21T03:54:31.648811+00:00,3819.0,36.0,99.27,35.0,1727.484375,786.9709091372788
2026-07-21T03:54:31.965640+00:00,3819.0,35.0,98.74,35.0,1727.484375,787.2877372652292
2026-07-21T03:54:32.284974+00:00,3819.0,36.0,98.74,35.0,1727.484375,787.60707128793
2026-07-21T03:54:32.622990+00:00,3819.0,36.0,98.11,35.0,1727.484375,787.945087198168
2026-07-21T03:54:32.936208+00:00,3819.0,36.0,98.17,35.0,1727.484375,788.2583066448569
2026-07-21T03:54:33.271754+00:00,3819.0,36.0,98.31,35.0,1727.484375,788.5938522741199
2026-07-21T03:54:33.579353+00:00,3819.0,37.0,98.9,35.0,1727.484375,788.9014514312148
2026-07-21T03:54:33.939720+00:00,3819.0,37.0,99.09,35.0,1727.484375,789.2618114352226
2026-07-21T03:54:34.298447+00:00,3819.0,36.0,99.45,35.0,1727.484375,789.6205443292856
2026-07-21T03:54:34.591462+00:00,3819.0,36.0,99.43,35.0,1727.484375,789.9135595448315
2026-07-21T03:54:34.905985+00:00,3819.0,37.0,99.33,35.0,1727.484375,790.2280829995871
2026-07-21T03:54:35.221861+00:00,3819.0,22.0,99.11,35.0,1727.53125,790.5439589060843
2026-07-21T03:54:35.536723+00:00,3819.0,36.0,98.8,35.0,1727.53125,790.8588215187192
2026-07-21T03:54:35.849382+00:00,3819.0,37.0,98.88,35.0,1727.53125,791.1714800484478
2026-07-21T03:54:36.206162+00:00,3819.0,36.0,99.25,35.0,1727.53125,791.5282601378858
2026-07-21T03:54:36.538131+00:00,3819.0,36.0,98.73,35.0,1727.53125,791.8602289780974
2026-07-21T03:54:36.853734+00:00,3819.0,36.0,98.66,35.0,1727.53515625,792.1758323386312
2026-07-21T03:54:37.186716+00:00,3819.0,35.0,98.75,35.0,1727.53515625,792.5088138915598
2026-07-21T03:54:37.500553+00:00,3819.0,37.0,98.62,35.0,1727.53515625,792.822651013732
2026-07-21T03:54:37.835407+00:00,3819.0,37.0,98.63,35.0,1727.5546875,793.1575048081577
2026-07-21T03:54:38.153195+00:00,3819.0,36.0,98.71,35.0,1727.5546875,793.4752928055823
2026-07-21T03:54:38.476039+00:00,3819.0,34.0,98.55,35.0,1727.5546875,793.7981369420886
2026-07-21T03:54:38.807254+00:00,3819.0,37.0,98.48,35.0,1727.5546875,794.129352234304
2026-07-21T03:54:39.146652+00:00,3819.0,36.0,98.39,35.0,1727.5546875,794.4687496758997
2026-07-21T03:54:39.504284+00:00,3819.0,36.0,98.72,35.0,1727.5546875,794.8263817057014
2026-07-21T03:54:39.819343+00:00,3819.0,36.0,98.74,35.0,1727.57421875,795.1414406262338
2026-07-21T03:54:40.155547+00:00,3819.0,36.0,98.71,35.0,1727.57421875,795.4776451811194
2026-07-21T03:54:40.510991+00:00,3819.0,36.0,98.86,35.0,1727.57421875,795.8330890089273
2026-07-21T03:54:40.824817+00:00,3819.0,31.0,97.83,35.0,1727.57421875,796.1469148881733
2026-07-21T03:54:41.185766+00:00,3819.0,19.0,97.54,35.0,1727.58984375,796.5078638233244
2026-07-21T03:54:41.505903+00:00,3819.0,35.0,97.27,35.0,1727.58984375,796.8280007690191
2026-07-21T03:54:41.820463+00:00,3819.0,37.0,98.27,35.0,1727.58984375,797.1425609625876
2026-07-21T03:54:42.130059+00:00,3819.0,37.0,98.4,35.0,1727.58984375,797.4521571211517
2026-07-21T03:54:42.492789+00:00,3819.0,36.0,98.98,35.0,1727.58984375,797.8148874305189
2026-07-21T03:54:42.827197+00:00,3819.0,37.0,99.06,35.0,1727.58984375,798.1492950506508
2026-07-21T03:54:43.155211+00:00,3819.0,36.0,98.94,35.0,1727.609375,798.4773072861135
2026-07-21T03:54:43.467401+00:00,3819.0,24.0,98.26,35.0,1727.609375,798.7894988246262
2026-07-21T03:54:43.760030+00:00,3819.0,37.0,98.15,35.0,1727.609375,799.0821278318763
2026-07-21T03:54:44.093341+00:00,3819.0,36.0,98.41,35.0,1727.609375,799.4154383987188
2026-07-21T03:54:44.412289+00:00,3819.0,35.0,98.81,35.0,1727.609375,799.734387114644
2026-07-21T03:54:44.770410+00:00,3819.0,35.0,99.02,35.0,1727.609375,800.0925078764558
2026-07-21T03:54:45.115785+00:00,3819.0,34.0,98.85,35.0,1727.609375,800.4378821328282
2026-07-21T03:54:45.423184+00:00,3819.0,38.0,98.93,35.0,1727.609375,800.7452818080783
2026-07-21T03:54:45.737999+00:00,3819.0,37.0,99.06,35.0,1727.609375,801.0600959733129
2026-07-21T03:54:46.073271+00:00,3819.0,36.0,99.47,35.0,1727.609375,801.3953686617315
2026-07-21T03:54:46.386869+00:00,3819.0,36.0,99.25,35.0,1727.609375,801.708967383951
2026-07-21T03:54:46.704725+00:00,3819.0,22.0,98.87,35.0,1727.6328125,802.0268227458
2026-07-21T03:54:47.023711+00:00,3819.0,36.0,98.71,35.0,1727.6328125,802.3458087928593
2026-07-21T03:54:47.388040+00:00,3819.0,35.0,98.71,35.0,1727.6328125,802.7101378291845
2026-07-21T03:54:47.701295+00:00,3819.0,37.0,99.22,35.0,1727.6328125,803.0233931839466
2026-07-21T03:54:48.013388+00:00,3819.0,34.0,98.62,35.0,1727.63671875,803.335485573858
2026-07-21T03:54:48.347821+00:00,3819.0,37.0,98.86,35.0,1727.63671875,803.6699191965163
2026-07-21T03:54:48.683158+00:00,3819.0,36.0,99.01,35.0,1727.63671875,804.005254521966
2026-07-21T03:54:48.996849+00:00,3819.0,36.0,99.31,35.0,1727.63671875,804.318946596235
2026-07-21T03:54:49.353969+00:00,3819.0,36.0,99.22,35.0,1727.63671875,804.6760661154985
2026-07-21T03:54:49.691586+00:00,3819.0,38.0,98.98,35.0,1727.63671875,805.0136835500598
2026-07-21T03:54:50.043466+00:00,3819.0,36.0,98.92,35.0,1727.63671875,805.3655632026494
2026-07-21T03:54:50.359150+00:00,3819.0,38.0,98.96,35.0,1727.63671875,805.6812475137413
2026-07-21T03:54:50.711129+00:00,3819.0,37.0,99.74,35.0,1727.6640625,806.0332267768681
2026-07-21T03:54:51.027283+00:00,3819.0,36.0,99.68,35.0,1727.6640625,806.3493810929358
2026-07-21T03:54:51.335252+00:00,3819.0,37.0,99.4,35.0,1727.6640625,806.6573497466743
2026-07-21T03:54:51.644442+00:00,3819.0,37.0,99.07,35.0,1727.6640625,806.9665404930711
2026-07-21T03:54:51.955926+00:00,3819.0,37.0,98.94,35.0,1727.66796875,807.2780233845115
2026-07-21T03:54:52.289961+00:00,3819.0,38.0,99.09,35.0,1727.66796875,807.6120584607124
2026-07-21T03:54:52.603562+00:00,3819.0,37.0,98.93,35.0,1727.69921875,807.925658762455
2026-07-21T03:54:52.916429+00:00,3819.0,37.0,98.99,35.0,1727.69921875,808.2385272979736
2026-07-21T03:54:53.250586+00:00,3819.0,37.0,98.92,35.0,1727.69921875,808.5726840682328
2026-07-21T03:54:53.563706+00:00,3819.0,37.0,99.2,35.0,1727.69921875,808.8858043029904
2026-07-21T03:54:53.876507+00:00,3819.0,37.0,99.01,35.0,1727.703125,809.1986045204103
2026-07-21T03:54:54.166458+00:00,3819.0,38.0,99.26,35.0,1727.703125,809.4885557703674
2026-07-21T03:54:54.478319+00:00,3819.0,38.0,99.23,35.0,1727.703125,809.8004171848297
2026-07-21T03:54:54.767070+00:00,3819.0,38.0,99.41,35.0,1727.703125,810.0891681425273
2026-07-21T03:54:55.103810+00:00,3819.0,37.0,99.77,35.0,1727.703125,810.4259084649384
2026-07-21T03:54:55.438736+00:00,3819.0,36.0,99.43,35.0,1727.77734375,810.7608336731791
2026-07-21T03:54:55.751349+00:00,3819.0,38.0,99.08,35.0,1727.77734375,811.0734469778836
2026-07-21T03:54:56.044966+00:00,3819.0,37.0,98.8,35.0,1727.78125,811.3670639283955
2026-07-21T03:54:56.355282+00:00,3819.0,37.0,98.94,35.0,1727.7890625,811.677379578352
2026-07-21T03:54:56.666161+00:00,3819.0,37.0,99.23,35.0,1727.7890625,811.9882592484355
2026-07-21T03:54:56.955287+00:00,3819.0,32.0,99.21,35.0,1727.83984375,812.2773849926889
2026-07-21T03:54:57.243437+00:00,3819.0,37.0,99.46,35.0,1727.83984375,812.5655359737575
2026-07-21T03:54:57.531569+00:00,3819.0,37.0,99.62,35.0,1727.84375,812.8536673225462
2026-07-21T03:54:57.839539+00:00,3819.0,37.0,99.43,35.0,1727.84375,813.1616381295025
2026-07-21T03:54:58.154267+00:00,3819.0,37.0,99.46,35.0,1727.84375,813.4763650670648
2026-07-21T03:54:58.443481+00:00,3819.0,38.0,99.51,35.0,1727.84375,813.7655798569322
2026-07-21T03:54:58.730989+00:00,3819.0,38.0,99.64,35.0,1727.84375,814.0530879795551
2026-07-21T03:54:59.047837+00:00,3819.0,37.0,99.73,35.0,1727.84375,814.3699344545603
2026-07-21T03:54:59.359865+00:00,3819.0,37.0,99.69,35.0,1727.91796875,814.6819617785513
2026-07-21T03:54:59.677365+00:00,3819.0,38.0,99.6,35.0,1727.97265625,814.9994632564485
2026-07-21T03:55:00.011285+00:00,3819.0,37.0,99.51,35.0,1727.97265625,815.333382666111
2026-07-21T03:55:00.321729+00:00,3819.0,37.0,99.35,35.0,1727.97265625,815.6438275128603
2026-07-21T03:55:00.678359+00:00,3819.0,37.0,99.6,35.0,1727.97265625,816.0004572719336
2026-07-21T03:55:01.000461+00:00,3819.0,19.0,99.06,35.0,1728.00390625,816.3225577622652
2026-07-21T03:55:01.311398+00:00,3819.0,36.0,99.04,35.0,1728.00390625,816.6334954164922
2026-07-21T03:55:01.627746+00:00,3819.0,37.0,98.89,35.0,1728.00390625,816.9498423263431
2026-07-21T03:55:01.971739+00:00,3819.0,37.0,99.25,35.0,1728.0078125,817.2938358262181
2026-07-21T03:55:02.287939+00:00,3819.0,37.0,98.97,35.0,1728.0078125,817.6100354455411
2026-07-21T03:55:02.579171+00:00,3819.0,37.0,98.81,35.0,1728.0078125,817.9012681953609
2026-07-21T03:55:02.887394+00:00,3819.0,36.0,98.94,35.0,1728.01171875,818.2094914913177
2026-07-21T03:55:03.222753+00:00,3819.0,38.0,99.28,35.0,1728.01171875,818.5448507852852
2026-07-21T03:55:03.556886+00:00,3819.0,35.0,99.14,35.0,1728.015625,818.8789837062359
2026-07-21T03:55:03.896308+00:00,3819.0,37.0,99.71,35.0,1728.015625,819.2184058614075
2026-07-21T03:55:04.234204+00:00,3819.0,37.0,99.49,35.0,1728.015625,819.5563013628125
2026-07-21T03:55:04.595474+00:00,3819.0,36.0,99.79,35.0,1728.015625,819.9175712801516
2026-07-21T03:55:04.905043+00:00,3819.0,37.0,99.43,35.0,1728.01953125,820.2271406687796
2026-07-21T03:55:05.246336+00:00,3819.0,36.0,99.52,35.0,1728.01953125,820.5684336274862
2026-07-21T03:55:05.576048+00:00,3819.0,20.0,99.26,35.0,1728.13671875,820.8981445766985
2026-07-21T03:55:05.884811+00:00,3819.0,35.0,99.26,35.0,1728.13671875,821.2069091685116
2026-07-21T03:55:06.201883+00:00,3819.0,38.0,99.16,35.0,1728.13671875,821.5239803865552
2026-07-21T03:55:06.544374+00:00,3819.0,32.0,99.25,35.0,1728.13671875,821.8664711564779
2026-07-21T03:55:06.862160+00:00,3819.0,37.0,99.25,35.0,1728.13671875,822.1842572763562
2026-07-21T03:55:07.182379+00:00,3819.0,36.0,99.31,35.0,1728.140625,822.5044773891568
2026-07-21T03:55:07.510416+00:00,3819.0,35.0,99.57,35.0,1728.140625,822.8325147815049
2026-07-21T03:55:07.826193+00:00,3819.0,35.0,98.95,35.0,1728.140625,823.148291118443
2026-07-21T03:55:08.117877+00:00,3819.0,37.0,98.87,35.0,1728.14453125,823.4399746097624
2026-07-21T03:55:08.474784+00:00,3819.0,37.0,99.42,35.0,1728.14453125,823.796882096678
2026-07-21T03:55:08.767830+00:00,3819.0,37.0,99.61,35.0,1728.14453125,824.089927431196
2026-07-21T03:55:09.078702+00:00,3819.0,37.0,99.84,35.0,1728.14453125,824.4007992856205
2026-07-21T03:55:09.399561+00:00,3819.0,37.0,99.75,35.0,1728.15234375,824.7216596975923
2026-07-21T03:55:09.713106+00:00,3819.0,37.0,99.68,35.0,1728.15234375,825.0352041870356
2026-07-21T03:55:10.027398+00:00,3819.0,37.0,99.9,35.0,1728.16796875,825.3494962416589
2026-07-21T03:55:10.339333+00:00,3819.0,38.0,99.72,35.0,1728.16796875,825.6614312529564
2026-07-21T03:55:10.653039+00:00,3819.0,36.0,99.38,35.0,1728.171875,825.9751370660961
2026-07-21T03:55:10.944690+00:00,3819.0,38.0,99.16,35.0,1728.17578125,826.2667876891792
2026-07-21T03:55:11.255829+00:00,3819.0,37.0,99.3,35.0,1728.17578125,826.5779263861477
2026-07-21T03:55:11.547145+00:00,3819.0,37.0,99.41,35.0,1728.1875,826.869242362678
2026-07-21T03:55:11.860960+00:00,3819.0,37.0,99.24,35.0,1728.1875,827.1830584779382
2026-07-21T03:55:12.172449+00:00,3819.0,38.0,99.36,35.0,1728.19921875,827.4945463761687
2026-07-21T03:55:12.507896+00:00,3819.0,37.0,99.0,35.0,1728.19921875,827.8299945220351
2026-07-21T03:55:12.820866+00:00,3819.0,36.0,99.05,35.0,1728.19921875,828.1429645195603
2026-07-21T03:55:13.135880+00:00,3819.0,36.0,98.95,35.0,1728.19921875,828.4579779282212
2026-07-21T03:55:13.428532+00:00,3819.0,37.0,99.21,35.0,1728.19921875,828.7506292574108
2026-07-21T03:55:13.763211+00:00,3819.0,18.0,99.07,35.0,1728.203125,829.0853071548045
2026-07-21T03:55:14.071664+00:00,3819.0,37.0,99.18,35.0,1728.203125,829.3937615007162
2026-07-21T03:55:14.425594+00:00,3819.0,37.0,99.04,35.0,1728.22265625,829.7476923801005
2026-07-21T03:55:14.737982+00:00,3819.0,37.0,99.16,35.0,1728.22265625,830.0600793883204
2026-07-21T03:55:15.127333+00:00,3819.0,36.0,99.55,35.0,1728.234375,830.4494312889874
2026-07-21T03:55:15.435595+00:00,3819.0,36.0,99.4,35.0,1728.234375,830.7576935216784
2026-07-21T03:55:15.770988+00:00,3819.0,37.0,99.34,35.0,1728.609375,831.0930855050683
2026-07-21T03:55:16.104281+00:00,3819.0,4.0,96.91,35.0,1728.609375,831.4263795614243
2026-07-21T03:55:16.433895+00:00,3819.0,38.0,96.64,35.0,1728.609375,831.7559928260744
2026-07-21T03:55:16.748784+00:00,3819.0,38.0,97.06,35.0,1728.609375,832.0708820559084
2026-07-21T03:55:17.085424+00:00,3819.0,38.0,99.36,35.0,1728.609375,832.4075197614729
2026-07-21T03:55:17.421750+00:00,3819.0,38.0,99.49,35.0,1728.609375,832.7438476495445
2026-07-21T03:55:17.713715+00:00,3819.0,39.0,99.42,35.0,1728.609375,833.0358136855066
2026-07-21T03:55:18.033609+00:00,3819.0,37.0,99.32,35.0,1728.609375,833.3557067625225
2026-07-21T03:55:18.323864+00:00,3819.0,37.0,99.41,35.0,1728.609375,833.6459610648453
2026-07-21T03:55:18.655059+00:00,3819.0,37.0,99.33,35.0,1728.609375,833.9771565198898
2026-07-21T03:55:18.946801+00:00,3819.0,38.0,99.26,35.0,1728.625,834.268898576498
2026-07-21T03:55:19.260003+00:00,3819.0,37.0,99.73,35.0,1728.625,834.5821004584432
2026-07-21T03:55:19.573213+00:00,3819.0,37.0,99.62,35.0,1728.625,834.8953108787537
2026-07-21T03:55:19.888840+00:00,3819.0,38.0,99.42,35.0,1728.625,835.2109383679926
2026-07-21T03:55:20.225976+00:00,3819.0,37.0,99.22,35.0,1728.625,835.5480733811855
2026-07-21T03:55:20.563247+00:00,3819.0,37.0,99.29,35.0,1728.625,835.8853451013565
2026-07-21T03:55:20.876610+00:00,3819.0,37.0,99.45,35.0,1728.625,836.1987085863948
2026-07-21T03:55:21.191417+00:00,3819.0,38.0,99.6,35.0,1728.625,836.5135145299137
2026-07-21T03:55:21.521882+00:00,3819.0,36.0,99.23,35.0,1728.64453125,836.8439790681005
2026-07-21T03:55:21.879577+00:00,3819.0,37.0,99.49,35.0,1728.64453125,837.2016742266715
2026-07-21T03:55:22.210117+00:00,3819.0,37.0,99.53,35.0,1728.64453125,837.5322146341205
2026-07-21T03:55:22.570790+00:00,3819.0,37.0,100.17,35.0,1728.64453125,837.8928875550628
2026-07-21T03:55:22.931593+00:00,3819.0,36.0,99.74,35.0,1728.64453125,838.2536911442876
2026-07-21T03:55:23.243485+00:00,3819.0,37.0,99.44,35.0,1728.64453125,838.5655823871493
2026-07-21T03:55:23.571695+00:00,3819.0,37.0,99.07,35.0,1728.64453125,838.893792424351
2026-07-21T03:55:23.864748+00:00,3819.0,37.0,99.11,35.0,1728.64453125,839.186846293509
2026-07-21T03:55:24.198066+00:00,3819.0,36.0,99.24,35.0,1728.64453125,839.5201633349061
2026-07-21T03:55:24.507984+00:00,3819.0,36.0,99.65,35.0,1728.64453125,839.8300806730986
2026-07-21T03:55:24.825156+00:00,3819.0,22.0,97.62,35.0,1728.64453125,840.1472542583942
2026-07-21T03:55:25.139061+00:00,3819.0,37.0,97.72,35.0,1728.64453125,840.4611586928368
2026-07-21T03:55:25.452620+00:00,3819.0,37.0,97.64,36.0,1728.64453125,840.7747174985707
2026-07-21T03:55:25.746634+00:00,3819.0,37.0,99.31,36.0,1728.64453125,841.0687315762043
2026-07-21T03:55:26.097138+00:00,3819.0,35.0,99.83,36.0,1728.64453125,841.4192352592945
2026-07-21T03:55:26.407463+00:00,3819.0,38.0,99.4,36.0,1728.6640625,841.7295604161918
2026-07-21T03:55:26.720506+00:00,3819.0,38.0,99.19,36.0,1728.6640625,842.0426039211452
2026-07-21T03:55:27.013558+00:00,3819.0,37.0,99.06,36.0,1728.6640625,842.335655670613
2026-07-21T03:55:27.327996+00:00,3819.0,37.0,99.42,36.0,1728.6640625,842.6500937975943
2026-07-21T03:55:27.620424+00:00,3819.0,38.0,99.64,36.0,1728.6640625,842.9425211697817
2026-07-21T03:55:27.913667+00:00,3819.0,38.0,99.62,36.0,1728.6640625,843.2357652001083
2026-07-21T03:55:28.227912+00:00,3819.0,37.0,99.62,36.0,1728.68359375,843.5500094592571
2026-07-21T03:55:28.519692+00:00,3819.0,37.0,99.75,36.0,1728.68359375,843.8417896255851
2026-07-21T03:55:28.836852+00:00,3819.0,37.0,99.7,36.0,1728.68359375,844.158950060606
2026-07-21T03:55:29.128268+00:00,3819.0,37.0,99.69,36.0,1728.68359375,844.450365845114
2026-07-21T03:55:29.461522+00:00,3819.0,38.0,98.82,36.0,1728.6875,844.7836189940572
2026-07-21T03:55:29.754396+00:00,3819.0,38.0,99.06,36.0,1728.6875,845.0764952600002
2026-07-21T03:55:30.126441+00:00,3819.0,37.0,99.03,36.0,1728.6875,845.4485390372574
2026-07-21T03:55:30.435729+00:00,3819.0,38.0,99.03,36.0,1728.6875,845.7578272670507
2026-07-21T03:55:30.748139+00:00,3819.0,37.0,99.3,36.0,1728.6875,846.0702372826636
2026-07-21T03:55:31.056046+00:00,3819.0,38.0,99.21,36.0,1728.6875,846.3781437687576
2026-07-21T03:55:31.379642+00:00,3819.0,37.0,99.56,36.0,1728.6875,846.7017399147153
2026-07-21T03:55:31.672849+00:00,3819.0,23.0,99.43,36.0,1728.69140625,846.9949461594224
2026-07-21T03:55:31.982841+00:00,3819.0,37.0,99.63,36.0,1728.69140625,847.30493824929
2026-07-21T03:55:32.301001+00:00,3819.0,37.0,99.42,36.0,1728.69140625,847.6230988800526
2026-07-21T03:55:32.593171+00:00,3819.0,37.0,99.34,36.0,1728.69140625,847.9152696095407
2026-07-21T03:55:32.908519+00:00,3819.0,36.0,99.41,36.0,1728.69140625,848.230617210269
2026-07-21T03:55:33.224718+00:00,3819.0,37.0,99.28,36.0,1728.69140625,848.5468157939613
2026-07-21T03:55:33.561989+00:00,3819.0,38.0,99.43,36.0,1728.69140625,848.8840869441628
2026-07-21T03:55:33.876977+00:00,3819.0,37.0,99.45,36.0,1728.69140625,849.1990749575198
2026-07-21T03:55:34.191129+00:00,3819.0,37.0,99.47,36.0,1728.69140625,849.5132263451815
2026-07-21T03:55:34.483490+00:00,3819.0,37.0,99.69,36.0,1728.69140625,849.8055875524879
2026-07-21T03:55:34.796128+00:00,3819.0,37.0,99.77,36.0,1728.69140625,850.1182255446911
2026-07-21T03:55:35.117835+00:00,3819.0,38.0,99.84,36.0,1728.69140625,850.4399323761463
2026-07-21T03:55:35.431133+00:00,3819.0,38.0,99.93,36.0,1728.69140625,850.753231536597
2026-07-21T03:55:35.723503+00:00,3819.0,38.0,99.95,36.0,1728.69140625,851.0456007011235
2026-07-21T03:55:36.045624+00:00,3819.0,37.0,100.09,36.0,1728.69140625,851.3677214980125
2026-07-21T03:55:36.405843+00:00,3819.0,37.0,100.08,36.0,1728.69140625,851.7279401607811
2026-07-21T03:55:36.721313+00:00,3819.0,22.0,99.84,36.0,1728.6953125,852.0434099286795
2026-07-21T03:55:37.081835+00:00,3819.0,37.0,99.42,36.0,1728.6953125,852.4039330817759
2026-07-21T03:55:37.396709+00:00,3819.0,37.0,99.07,36.0,1728.6953125,852.7188069075346
2026-07-21T03:55:37.714460+00:00,3819.0,37.0,99.22,36.0,1728.6953125,853.0365588776767
2026-07-21T03:55:38.029724+00:00,3819.0,37.0,99.29,36.0,1728.6953125,853.3518217243254
2026-07-21T03:55:38.344162+00:00,3819.0,37.0,99.14,36.0,1728.6953125,853.6662599518895
2026-07-21T03:55:38.657860+00:00,3819.0,19.0,99.31,36.0,1728.69921875,853.9799573495984
2026-07-21T03:55:39.020553+00:00,3819.0,37.0,99.69,36.0,1728.69921875,854.3426507972181
2026-07-21T03:55:39.357745+00:00,3819.0,36.0,99.86,36.0,1728.69921875,854.6798429526389
2026-07-21T03:55:39.676567+00:00,3819.0,37.0,99.63,36.0,1728.69921875,854.9986646473408
2026-07-21T03:55:39.989358+00:00,3819.0,37.0,99.28,36.0,1728.69921875,855.3114557303488
2026-07-21T03:55:40.326557+00:00,3819.0,37.0,99.19,36.0,1728.69921875,855.6486548781395
2026-07-21T03:55:40.687862+00:00,3819.0,37.0,99.29,36.0,1728.69921875,856.0099594220519
2026-07-21T03:55:41.021859+00:00,3819.0,38.0,99.6,36.0,1728.69921875,856.3439566008747
2026-07-21T03:55:41.332346+00:00,3819.0,36.0,99.6,36.0,1728.69921875,856.6544434987009
2026-07-21T03:55:41.670976+00:00,3819.0,37.0,99.43,36.0,1728.69921875,856.9930736646056
2026-07-21T03:55:41.985244+00:00,3819.0,37.0,99.68,36.0,1728.69921875,857.3073425590992
2026-07-21T03:55:42.299757+00:00,3819.0,37.0,99.61,36.0,1728.69921875,857.6218548715115
2026-07-21T03:55:42.592056+00:00,3819.0,37.0,99.84,36.0,1728.69921875,857.9141532480717
2026-07-21T03:55:42.927265+00:00,3819.0,22.0,99.78,36.0,1728.72265625,858.2493620812893
2026-07-21T03:55:43.220033+00:00,3819.0,37.0,99.41,36.0,1728.72265625,858.5421315096319
2026-07-21T03:55:43.512360+00:00,3819.0,37.0,99.61,36.0,1728.72265625,858.8344582803547
2026-07-21T03:55:43.824671+00:00,3819.0,37.0,99.2,36.0,1728.72265625,859.1467693112791
2026-07-21T03:55:44.135692+00:00,3819.0,38.0,99.29,36.0,1728.72265625,859.4577909633517
2026-07-21T03:55:44.465789+00:00,3819.0,38.0,99.32,36.0,1728.72265625,859.7878870591521
2026-07-21T03:55:44.758583+00:00,3819.0,38.0,99.55,36.0,1728.72265625,860.0806810408831
2026-07-21T03:55:45.120899+00:00,3819.0,38.0,99.42,36.0,1728.72265625,860.4429975263774
2026-07-21T03:55:45.453919+00:00,3819.0,38.0,99.0,36.0,1728.74609375,860.7760158665478
2026-07-21T03:55:45.764837+00:00,3819.0,38.0,98.94,36.0,1728.74609375,861.0869341976941
2026-07-21T03:55:46.093861+00:00,3819.0,38.0,99.12,36.0,1728.74609375,861.4159592464566
2026-07-21T03:55:46.407848+00:00,3819.0,38.0,99.64,36.0,1728.74609375,861.7299452014267
2026-07-21T03:55:46.700427+00:00,3819.0,38.0,99.75,36.0,1728.74609375,862.0225252695382
2026-07-21T03:55:47.034021+00:00,3819.0,37.0,99.72,36.0,1728.74609375,862.3561180792749
2026-07-21T03:55:47.362565+00:00,3819.0,37.0,99.69,36.0,1728.74609375,862.68466270715
2026-07-21T03:55:47.676919+00:00,3819.0,38.0,99.47,36.0,1728.74609375,862.9990174099803
2026-07-21T03:55:47.969985+00:00,3819.0,37.0,99.5,36.0,1728.74609375,863.2920833751559
2026-07-21T03:55:48.281697+00:00,3819.0,37.0,99.57,36.0,1728.74609375,863.6037944890559
2026-07-21T03:55:48.591990+00:00,3819.0,37.0,99.81,36.0,1728.74609375,863.9140878580511
2026-07-21T03:55:48.919426+00:00,3819.0,32.0,99.79,36.0,1728.765625,864.2415229231119
2026-07-21T03:55:49.231805+00:00,3819.0,38.0,99.67,36.0,1728.765625,864.5539031289518
2026-07-21T03:55:49.524798+00:00,3819.0,37.0,99.23,36.0,1728.765625,864.8468961045146
2026-07-21T03:55:49.837351+00:00,3819.0,37.0,98.77,36.0,1728.765625,865.1594490967691
2026-07-21T03:55:50.146575+00:00,3819.0,37.0,98.99,36.0,1728.765625,865.4686732515693
2026-07-21T03:55:50.456811+00:00,3819.0,37.0,99.24,36.0,1728.765625,865.7789087891579
2026-07-21T03:55:50.749839+00:00,3819.0,38.0,99.58,36.0,1728.765625,866.071936879307
2026-07-21T03:55:51.042626+00:00,3819.0,38.0,99.69,36.0,1728.765625,866.3647242560983
2026-07-21T03:55:51.353995+00:00,3819.0,38.0,99.78,36.0,1728.765625,866.676093865186
2026-07-21T03:55:51.683836+00:00,3819.0,37.0,99.8,36.0,1728.765625,867.0059344060719
2026-07-21T03:55:52.015211+00:00,3819.0,38.0,99.62,36.0,1728.765625,867.3373082950711
2026-07-21T03:55:52.342585+00:00,3819.0,38.0,99.6,36.0,1728.765625,867.6646822690964
2026-07-21T03:55:52.678968+00:00,3819.0,35.0,99.11,36.0,1728.78515625,868.0010646767914
2026-07-21T03:55:52.972893+00:00,3819.0,38.0,99.18,36.0,1728.87890625,868.2949916422367
2026-07-21T03:55:53.268539+00:00,3819.0,38.0,99.17,36.0,1728.87890625,868.5906371288002
2026-07-21T03:55:53.599973+00:00,3819.0,38.0,99.74,36.0,1728.87890625,868.9220713227987
2026-07-21T03:55:53.940988+00:00,3819.0,38.0,99.82,36.0,1728.87890625,869.2630855627358
2026-07-21T03:55:54.251918+00:00,3819.0,37.0,99.93,36.0,1728.87890625,869.5740159749985
2026-07-21T03:55:54.610499+00:00,3819.0,36.0,99.29,36.0,1728.8984375,869.9325961768627
2026-07-21T03:55:54.946630+00:00,3819.0,38.0,99.57,36.0,1728.8984375,870.2687271498144
2026-07-21T03:55:55.276449+00:00,3819.0,38.0,99.48,36.0,1728.8984375,870.5985466651618
2026-07-21T03:55:55.613727+00:00,3819.0,38.0,99.68,36.0,1728.8984375,870.9358252994716
2026-07-21T03:55:55.951782+00:00,3819.0,38.0,99.45,36.0,1728.8984375,871.273877620697
2026-07-21T03:55:56.293636+00:00,3819.0,37.0,98.59,36.0,1728.8984375,871.6157335527241
2026-07-21T03:55:56.628669+00:00,3819.0,37.0,98.96,36.0,1728.8984375,871.9507663473487
2026-07-21T03:55:56.963824+00:00,3819.0,37.0,99.26,36.0,1728.8984375,872.2859213575721
2026-07-21T03:55:57.281938+00:00,3819.0,38.0,100.25,36.0,1728.8984375,872.6040352135897
2026-07-21T03:55:57.575323+00:00,3819.0,38.0,100.04,36.0,1728.8984375,872.8974209800363
2026-07-21T03:55:57.927546+00:00,3819.0,38.0,100.06,36.0,1728.8984375,873.2496430762112
2026-07-21T03:55:58.221782+00:00,3819.0,38.0,100.18,36.0,1728.8984375,873.5438800863922
2026-07-21T03:55:58.536183+00:00,3819.0,38.0,100.2,36.0,1728.8984375,873.8582804240286
2026-07-21T03:55:58.848627+00:00,3819.0,38.0,100.15,36.0,1728.8984375,874.1707249619067
2026-07-21T03:55:59.161108+00:00,3819.0,38.0,100.24,36.0,1728.8984375,874.4832064136863
2026-07-21T03:55:59.511496+00:00,3819.0,22.0,99.79,36.0,1728.921875,874.833593275398
2026-07-21T03:55:59.859492+00:00,3819.0,38.0,100.06,36.0,1728.921875,875.1815899610519
2026-07-21T03:56:00.189933+00:00,3819.0,35.0,99.71,36.0,1728.921875,875.5120303221047
2026-07-21T03:56:00.482740+00:00,3819.0,37.0,100.29,36.0,1728.921875,875.8048371002078
2026-07-21T03:56:00.777310+00:00,3819.0,37.0,99.8,36.0,1728.921875,876.0994076989591
2026-07-21T03:56:01.087744+00:00,3819.0,38.0,99.81,36.0,1728.921875,876.4098415747285
2026-07-21T03:56:01.407365+00:00,3819.0,38.0,99.87,36.0,1728.921875,876.729462698102
2026-07-21T03:56:01.701765+00:00,3819.0,38.0,99.98,36.0,1728.921875,877.0238535776734
2026-07-21T03:56:01.996689+00:00,3819.0,38.0,99.97,36.0,1728.921875,877.3187862299383
2026-07-21T03:56:02.353727+00:00,3819.0,18.0,99.7,36.0,1728.9453125,877.6758202016354
2026-07-21T03:56:02.663168+00:00,3819.0,37.0,99.57,36.0,1728.9453125,877.9852665327489
2026-07-21T03:56:02.972556+00:00,3819.0,38.0,99.61,36.0,1728.9453125,878.2946542650461
2026-07-21T03:56:03.284666+00:00,3819.0,38.0,100.32,36.0,1728.9453125,878.6067643798888
2026-07-21T03:56:03.597267+00:00,3819.0,37.0,100.02,36.0,1728.9453125,878.9193646945059
2026-07-21T03:56:03.950548+00:00,3819.0,37.0,99.84,36.0,1728.9453125,879.2726458981633
2026-07-21T03:56:04.264565+00:00,3819.0,37.0,99.81,36.0,1728.9453125,879.5866625122726
2026-07-21T03:56:04.580878+00:00,3819.0,37.0,99.64,36.0,1728.9453125,879.9029765948653
2026-07-21T03:56:04.892775+00:00,3819.0,37.0,99.88,36.0,1728.9453125,880.21487300843
2026-07-21T03:56:05.203946+00:00,3819.0,37.0,100.01,36.0,1728.9453125,880.5260429531336
2026-07-21T03:56:05.516047+00:00,3819.0,37.0,100.34,36.0,1728.9453125,880.8381453417242
2026-07-21T03:56:05.850960+00:00,3819.0,37.0,100.49,36.0,1728.9453125,881.1730573698878
2026-07-21T03:56:06.173069+00:00,3819.0,38.0,99.9,36.0,1728.97265625,881.4951659366488
2026-07-21T03:56:06.483744+00:00,3819.0,37.0,99.8,36.0,1728.97265625,881.8058417364955
2026-07-21T03:56:06.815262+00:00,3819.0,38.0,99.36,36.0,1728.97265625,882.1373598352075
2026-07-21T03:56:07.123662+00:00,3819.0,38.0,99.59,36.0,1728.97265625,882.4457589872181
2026-07-21T03:56:07.435555+00:00,3819.0,38.0,99.55,36.0,1728.97265625,882.7576535530388
2026-07-21T03:56:07.748832+00:00,3819.0,37.0,99.76,36.0,1728.97265625,883.0709298960865
2026-07-21T03:56:08.066954+00:00,3819.0,24.0,99.65,36.0,1728.97265625,883.3890510164201
2026-07-21T03:56:08.359423+00:00,3819.0,37.0,99.66,36.0,1728.97265625,883.6815203279257
2026-07-21T03:56:08.652701+00:00,3819.0,37.0,99.68,36.0,1728.97265625,883.9747990705073
2026-07-21T03:56:08.965084+00:00,3819.0,38.0,100.03,36.0,1728.97265625,884.2871822416782
2026-07-21T03:56:09.284009+00:00,3819.0,37.0,99.74,36.0,1728.97265625,884.6061073541641
2026-07-21T03:56:09.614869+00:00,3819.0,37.0,99.82,36.0,1728.97265625,884.9369674399495
2026-07-21T03:56:09.908103+00:00,3819.0,38.0,99.77,36.0,1728.97265625,885.2302005104721
2026-07-21T03:56:10.202924+00:00,3819.0,38.0,100.19,36.0,1728.97265625,885.5250222086906
2026-07-21T03:56:10.512722+00:00,3819.0,32.0,99.7,36.0,1728.97265625,885.8348179981112
2026-07-21T03:56:10.846259+00:00,3819.0,38.0,99.55,36.0,1728.97265625,886.1683562472463
2026-07-21T03:56:11.160231+00:00,3819.0,37.0,99.29,36.0,1728.97265625,886.4823280014098
2026-07-21T03:56:11.476093+00:00,3819.0,38.0,99.34,36.0,1728.97265625,886.7981894388795
2026-07-21T03:56:11.812477+00:00,3819.0,36.0,99.24,36.0,1728.97265625,887.1345744132996
2026-07-21T03:56:12.127973+00:00,3819.0,37.0,99.26,36.0,1728.97265625,887.4500712789595
2026-07-21T03:56:12.439887+00:00,3819.0,37.0,99.12,36.0,1728.97265625,887.7619850374758
2026-07-21T03:56:12.752842+00:00,3819.0,35.0,98.83,36.0,1728.97265625,888.0749402269721
2026-07-21T03:56:13.047132+00:00,3819.0,38.0,98.61,36.0,1728.97265625,888.3692293204367
2026-07-21T03:56:13.378679+00:00,3819.0,37.0,98.28,36.0,1728.97265625,888.7007764875889
2026-07-21T03:56:13.693410+00:00,3819.0,36.0,98.71,36.0,1728.97265625,889.0155073925853
2026-07-21T03:56:14.054581+00:00,3819.0,38.0,99.02,36.0,1728.97265625,889.3766786493361
2026-07-21T03:56:14.410218+00:00,3819.0,35.0,99.33,36.0,1728.97265625,889.7323153913021
2026-07-21T03:56:14.721007+00:00,3819.0,38.0,99.55,36.0,1728.97265625,890.0431053563952
2026-07-21T03:56:15.080169+00:00,3819.0,24.0,98.88,36.0,1728.97265625,890.4022669866681
2026-07-21T03:56:15.417025+00:00,3819.0,24.0,98.87,36.0,1729.0234375,890.739122197032
2026-07-21T03:56:15.728863+00:00,3819.0,37.0,98.54,36.0,1729.0234375,891.0509611703455
2026-07-21T03:56:16.045918+00:00,3819.0,37.0,99.63,36.0,1729.0234375,891.3680157363415
2026-07-21T03:56:16.378865+00:00,3819.0,37.0,99.71,36.0,1729.0234375,891.7009624168277
2026-07-21T03:56:16.693097+00:00,3819.0,37.0,99.59,36.0,1729.0234375,892.0151943154633
2026-07-21T03:56:17.008725+00:00,3819.0,37.0,99.38,36.0,1729.0234375,892.3308224715292
2026-07-21T03:56:17.370412+00:00,3819.0,36.0,99.18,36.0,1729.0234375,892.6925092414021
2026-07-21T03:56:17.708187+00:00,3819.0,37.0,99.35,36.0,1729.0234375,893.0302842855453
2026-07-21T03:56:18.066160+00:00,3819.0,37.0,99.52,36.0,1729.0234375,893.388257689774
2026-07-21T03:56:18.420413+00:00,3819.0,37.0,99.24,36.0,1729.04296875,893.7425101660192
2026-07-21T03:56:18.733198+00:00,3819.0,37.0,99.9,36.0,1729.04296875,894.0552961267531
2026-07-21T03:56:19.054204+00:00,3819.0,38.0,99.63,36.0,1729.04296875,894.3763018324971
2026-07-21T03:56:19.368434+00:00,3819.0,37.0,99.38,36.0,1729.04296875,894.6905317381024
2026-07-21T03:56:19.662228+00:00,3819.0,36.0,99.22,36.0,1729.04296875,894.9843258671463
2026-07-21T03:56:19.980299+00:00,3819.0,36.0,99.39,36.0,1729.04296875,895.3023968040943
2026-07-21T03:56:20.297694+00:00,3819.0,35.0,99.46,36.0,1729.04296875,895.6197915934026
2026-07-21T03:56:20.614827+00:00,3819.0,37.0,99.69,36.0,1729.04296875,895.9369242750108
2026-07-21T03:56:20.974694+00:00,3819.0,37.0,99.72,36.0,1729.04296875,896.2967918738723
2026-07-21T03:56:21.310886+00:00,3819.0,36.0,99.75,36.0,1729.04296875,896.6329836510122
2026-07-21T03:56:21.643051+00:00,3819.0,36.0,99.8,36.0,1729.04296875,896.9651485942304
2026-07-21T03:56:21.957158+00:00,3819.0,37.0,99.81,36.0,1729.046875,897.2792562097311
2026-07-21T03:56:22.276070+00:00,3819.0,23.0,99.74,36.0,1729.06640625,897.5981671512127
2026-07-21T03:56:22.588797+00:00,3819.0,37.0,99.61,36.0,1729.06640625,897.9108946733177
2026-07-21T03:56:22.947095+00:00,3819.0,37.0,98.78,36.0,1729.06640625,898.2691919058561
2026-07-21T03:56:23.261930+00:00,3819.0,24.0,97.58,36.0,1729.06640625,898.5840284153819
2026-07-21T03:56:23.602232+00:00,3819.0,37.0,97.55,36.0,1729.06640625,898.9243291243911
2026-07-21T03:56:23.956580+00:00,3819.0,36.0,97.97,36.0,1729.06640625,899.2786770872772
2026-07-21T03:56:24.297335+00:00,3819.0,37.0,99.47,36.0,1729.06640625,899.6194328591228
2026-07-21T03:56:24.608170+00:00,3819.0,37.0,99.45,36.0,1729.06640625,899.9302676841617
2026-07-21T03:56:24.944190+00:00,3819.0,35.0,99.39,36.0,1729.06640625,900.2662874013186
2026-07-21T03:56:25.280144+00:00,3819.0,37.0,99.61,36.0,1729.08203125,900.6022413857281
2026-07-21T03:56:25.643449+00:00,3819.0,36.0,99.75,36.0,1729.08203125,900.9655465520918
2026-07-21T03:56:25.957382+00:00,3819.0,35.0,99.67,36.0,1729.08203125,901.279479496181
2026-07-21T03:56:26.268073+00:00,3819.0,37.0,99.52,36.0,1729.08203125,901.590171251446
2026-07-21T03:56:26.602442+00:00,3819.0,34.0,99.29,36.0,1729.08203125,901.9245399385691
2026-07-21T03:56:26.917345+00:00,3819.0,37.0,98.55,36.0,1729.08203125,902.239442422986
2026-07-21T03:56:27.279902+00:00,3819.0,37.0,98.41,36.0,1729.08203125,902.6020002178848
2026-07-21T03:56:27.596437+00:00,3819.0,38.0,98.73,36.0,1729.08203125,902.9185343645513
2026-07-21T03:56:27.936127+00:00,3819.0,37.0,100.08,36.0,1729.08203125,903.2582248300314
2026-07-21T03:56:28.299475+00:00,3819.0,36.0,100.34,36.0,1729.0859375,903.6215719543397
2026-07-21T03:56:28.663185+00:00,3819.0,36.0,100.04,36.0,1729.10546875,903.9852827601135
2026-07-21T03:56:28.977266+00:00,3819.0,37.0,99.73,36.0,1729.10546875,904.2993627339602
2026-07-21T03:56:29.314017+00:00,3819.0,35.0,99.39,36.0,1729.10546875,904.6361147761345
2026-07-21T03:56:29.643336+00:00,3819.0,37.0,99.48,36.0,1729.109375,904.9654342643917
2026-07-21T03:56:29.961616+00:00,3819.0,35.0,99.54,36.0,1729.109375,905.2837138473988
2026-07-21T03:56:30.272152+00:00,3819.0,35.0,99.72,36.0,1729.11328125,905.5942496731877
2026-07-21T03:56:30.585650+00:00,3819.0,35.0,99.67,36.0,1729.11328125,905.9077472165227
2026-07-21T03:56:30.900581+00:00,3819.0,37.0,99.32,36.0,1729.11328125,906.2226795777678
2026-07-21T03:56:31.241216+00:00,3819.0,37.0,99.29,36.0,1729.11328125,906.5633131675422
2026-07-21T03:56:31.552438+00:00,3819.0,37.0,99.03,36.0,1729.13671875,906.8745359219611
2026-07-21T03:56:31.890371+00:00,3819.0,36.0,99.14,36.0,1729.13671875,907.2124687470496
2026-07-21T03:56:32.203894+00:00,3819.0,37.0,99.0,36.0,1729.13671875,907.5259918272495
2026-07-21T03:56:32.539016+00:00,3819.0,38.0,99.09,36.0,1729.140625,907.8611142486334
2026-07-21T03:56:32.833240+00:00,3819.0,35.0,99.42,36.0,1729.140625,908.1553376168013
2026-07-21T03:56:33.151293+00:00,3819.0,37.0,99.63,36.0,1729.140625,908.473390802741
2026-07-21T03:56:33.445884+00:00,3819.0,35.0,99.65,36.0,1729.140625,908.7679815627635
2026-07-21T03:56:33.794895+00:00,3819.0,36.0,99.48,36.0,1729.16015625,909.1169914826751
2026-07-21T03:56:34.125628+00:00,3819.0,36.0,99.33,36.0,1729.16015625,909.4477260448039
2026-07-21T03:56:34.482107+00:00,3819.0,36.0,99.53,36.0,1729.16015625,909.8042049147189
2026-07-21T03:56:34.811371+00:00,3819.0,36.0,99.61,36.0,1729.16015625,910.1334684863687
2026-07-21T03:56:35.128089+00:00,3819.0,37.0,99.7,36.0,1729.16015625,910.4501874186099
2026-07-21T03:56:35.450666+00:00,3819.0,37.0,99.5,36.0,1729.16015625,910.7727629467845
2026-07-21T03:56:35.761531+00:00,3819.0,37.0,99.63,36.0,1729.16015625,911.083628974855
2026-07-21T03:56:36.080008+00:00,3819.0,37.0,100.01,36.0,1729.16015625,911.4021062366664
2026-07-21T03:56:36.404014+00:00,3819.0,37.0,100.18,36.0,1729.16015625,911.7261111363769
2026-07-21T03:56:36.717869+00:00,3819.0,37.0,100.22,36.0,1729.16015625,912.0399675108492
2026-07-21T03:56:37.031121+00:00,3819.0,24.0,99.97,36.0,1729.1796875,912.3532192185521
2026-07-21T03:56:37.391317+00:00,3819.0,37.0,99.59,36.0,1729.1796875,912.713414747268
2026-07-21T03:56:37.705010+00:00,3819.0,37.0,99.36,36.0,1729.1796875,913.0271072536707
2026-07-21T03:56:38.017253+00:00,3819.0,37.0,99.18,36.0,1729.1796875,913.3393510431051
2026-07-21T03:56:38.331940+00:00,3819.0,37.0,99.15,36.0,1729.1796875,913.6540381498635
2026-07-21T03:56:38.648685+00:00,3819.0,37.0,99.16,36.0,1729.2109375,913.9707819148898
2026-07-21T03:56:38.982680+00:00,3819.0,36.0,99.28,36.0,1729.2109375,914.3047773353755
2026-07-21T03:56:39.309396+00:00,3819.0,36.0,99.53,36.0,1729.2109375,914.6314939074218
2026-07-21T03:56:39.625942+00:00,3819.0,37.0,99.57,36.0,1729.2109375,914.9480398073792
2026-07-21T03:56:39.941121+00:00,3819.0,36.0,99.71,36.0,1729.21484375,915.2632190734148
2026-07-21T03:56:40.252102+00:00,3819.0,37.0,99.6,36.0,1729.21484375,915.5742002874613
2026-07-21T03:56:40.570101+00:00,3819.0,37.0,99.76,36.0,1729.21484375,915.8921981006861
2026-07-21T03:56:40.906764+00:00,3819.0,36.0,99.79,36.0,1729.21484375,916.2288618423045
2026-07-21T03:56:41.263969+00:00,3819.0,36.0,99.69,36.0,1729.21484375,916.5860657840967
2026-07-21T03:56:41.586444+00:00,3819.0,36.0,99.5,36.0,1729.23828125,916.9085401333869
2026-07-21T03:56:41.904698+00:00,3819.0,34.0,99.16,36.0,1729.23828125,917.2267956882715
2026-07-21T03:56:42.224673+00:00,3819.0,37.0,99.14,36.0,1729.23828125,917.5467706881464
2026-07-21T03:56:42.587625+00:00,3819.0,36.0,99.58,36.0,1729.23828125,917.9097219742835
2026-07-21T03:56:42.951599+00:00,3819.0,36.0,99.81,36.0,1729.23828125,918.2736967802048
2026-07-21T03:56:43.312922+00:00,3819.0,37.0,99.64,36.0,1729.23828125,918.6350194588304
2026-07-21T03:56:43.626166+00:00,3819.0,37.0,99.0,36.0,1729.25390625,918.9482639282942
2026-07-21T03:56:43.990442+00:00,3819.0,37.0,98.82,36.0,1729.25390625,919.3125395551324
2026-07-21T03:56:44.329992+00:00,3819.0,36.0,99.35,36.0,1729.25390625,919.6520896814764
2026-07-21T03:56:44.646368+00:00,3819.0,37.0,99.11,36.0,1729.25390625,919.9684660546482
2026-07-21T03:56:44.957516+00:00,3819.0,35.0,99.15,36.0,1729.25390625,920.279613763094
2026-07-21T03:56:45.296373+00:00,3819.0,31.0,98.67,36.0,1729.41015625,920.6184702180326
2026-07-21T03:56:45.612839+00:00,3819.0,37.0,98.93,36.0,1729.41015625,920.9349367208779
2026-07-21T03:56:45.951174+00:00,3819.0,35.0,99.17,36.0,1729.41015625,921.2732724137604
2026-07-21T03:56:46.271083+00:00,3819.0,38.0,99.4,36.0,1729.41015625,921.5931806229055
2026-07-21T03:56:46.631300+00:00,3819.0,37.0,99.92,36.0,1729.41015625,921.9533970504999
2026-07-21T03:56:46.977188+00:00,3819.0,22.0,99.86,36.0,1729.42578125,922.2992855124176
2026-07-21T03:56:47.316268+00:00,3819.0,38.0,99.72,36.0,1729.42578125,922.6383657380939
2026-07-21T03:56:47.628982+00:00,3819.0,37.0,99.29,36.0,1729.42578125,922.9510792642832
2026-07-21T03:56:48.007731+00:00,3819.0,21.0,99.36,37.0,1729.4453125,923.3298292420805
2026-07-21T03:56:48.371345+00:00,3819.0,37.0,99.57,36.0,1729.4453125,923.6934422627091
2026-07-21T03:56:48.685109+00:00,3819.0,38.0,99.63,36.0,1729.4453125,924.0072069726884
2026-07-21T03:56:49.001317+00:00,3819.0,36.0,99.68,36.0,1729.44921875,924.323413964361
2026-07-21T03:56:49.337980+00:00,3819.0,37.0,99.65,36.0,1729.44921875,924.6600780300796
2026-07-21T03:56:49.654807+00:00,3819.0,38.0,99.55,36.0,1729.45703125,924.9769054576755
2026-07-21T03:56:49.973938+00:00,3819.0,37.0,99.48,36.0,1729.45703125,925.2960352748632
2026-07-21T03:56:50.267394+00:00,3819.0,37.0,99.5,36.0,1729.45703125,925.5894908420742
2026-07-21T03:56:50.564540+00:00,3819.0,37.0,99.63,36.0,1729.45703125,925.8866378106177
2026-07-21T03:56:50.903273+00:00,3819.0,37.0,99.48,36.0,1729.45703125,926.2253704965115
2026-07-21T03:56:51.243077+00:00,3819.0,35.0,99.51,36.0,1729.45703125,926.5651751533151
2026-07-21T03:56:51.591074+00:00,3819.0,21.0,99.34,36.0,1729.5078125,926.9131710343063
2026-07-21T03:56:51.909903+00:00,3819.0,37.0,99.4,36.0,1729.5078125,927.232001196593
2026-07-21T03:56:52.231667+00:00,3819.0,37.0,99.04,36.0,1729.5078125,927.553764835
2026-07-21T03:56:52.570805+00:00,3819.0,36.0,99.17,36.0,1729.5078125,927.8929026909173
2026-07-21T03:56:52.885080+00:00,3819.0,37.0,99.22,36.0,1729.51171875,928.2071775533259
2026-07-21T03:56:53.222398+00:00,3819.0,37.0,99.7,36.0,1729.51171875,928.5444956980646
2026-07-21T03:56:53.536232+00:00,3819.0,20.0,100.03,37.0,1729.51171875,928.8583293184638
2026-07-21T03:56:53.850563+00:00,3819.0,37.0,100.24,36.0,1729.51171875,929.1726606748998
2026-07-21T03:56:54.205428+00:00,3819.0,36.0,99.9,36.0,1729.51171875,929.5275258719921
2026-07-21T03:56:54.496504+00:00,3819.0,38.0,100.07,36.0,1729.51171875,929.8186030685902
2026-07-21T03:56:54.810849+00:00,3819.0,38.0,99.6,36.0,1729.515625,930.1329477503896
2026-07-21T03:56:55.121198+00:00,3819.0,37.0,99.74,36.0,1729.515625,930.4432954639196
2026-07-21T03:56:55.411683+00:00,3819.0,37.0,99.96,36.0,1729.515625,930.7337809465826
2026-07-21T03:56:55.722055+00:00,3819.0,37.0,100.05,36.0,1729.5234375,931.0441534258425
2026-07-21T03:56:56.052465+00:00,3819.0,37.0,100.22,36.0,1729.5234375,931.3745636418462
2026-07-21T03:56:56.393612+00:00,3819.0,36.0,99.91,36.0,1729.52734375,931.715710029006
2026-07-21T03:56:56.792975+00:00,3819.0,21.0,100.06,36.0,1729.6640625,932.1150728389621
2026-07-21T03:56:57.106512+00:00,3819.0,37.0,100.04,36.0,1729.6640625,932.4286105185747
2026-07-21T03:56:57.440402+00:00,3819.0,38.0,100.02,36.0,1729.6640625,932.7625009901822
2026-07-21T03:56:57.730957+00:00,3819.0,37.0,100.03,36.0,1729.66796875,933.0530556105077
2026-07-21T03:56:58.022728+00:00,3819.0,37.0,99.89,36.0,1729.6875,933.3448269814253
2026-07-21T03:56:58.337218+00:00,3819.0,37.0,99.88,36.0,1729.6875,933.6593166105449
2026-07-21T03:56:58.652747+00:00,3819.0,35.0,100.0,36.0,1729.6875,933.9748446568847
2026-07-21T03:56:58.970012+00:00,3819.0,37.0,99.97,36.0,1729.6875,934.2921097055078
2026-07-21T03:56:59.291590+00:00,3819.0,38.0,99.71,36.0,1729.6953125,934.6136882118881
2026-07-21T03:56:59.632047+00:00,3819.0,38.0,99.93,36.0,1729.6953125,934.9541453868151
2026-07-21T03:56:59.987906+00:00,3819.0,38.0,100.04,36.0,1729.70703125,935.3100032806396
2026-07-21T03:57:00.307821+00:00,3819.0,37.0,99.9,36.0,1729.7109375,935.629918191582
2026-07-21T03:57:00.667388+00:00,3819.0,37.0,99.85,36.0,1729.7109375,935.9894858822227
2026-07-21T03:57:01.007425+00:00,3819.0,37.0,100.5,36.0,1729.7109375,936.3295222111046
2026-07-21T03:57:01.324179+00:00,3819.0,36.0,99.81,36.0,1729.72265625,936.6462762765586
2026-07-21T03:57:01.640351+00:00,3819.0,37.0,99.85,36.0,1729.734375,936.9624491780996
2026-07-21T03:57:01.934197+00:00,3819.0,37.0,99.84,36.0,1729.734375,937.2562947683036
2026-07-21T03:57:02.374761+00:00,3819.0,20.0,98.23,36.0,1729.74609375,937.6968582086265
2026-07-21T03:57:02.693061+00:00,3819.0,37.0,98.09,36.0,1729.74609375,938.0151594765484
2026-07-21T03:57:03.009666+00:00,3819.0,37.0,98.3,36.0,1729.74609375,938.331764716655
2026-07-21T03:57:03.303450+00:00,3819.0,37.0,99.11,36.0,1729.9921875,938.6255478486419
2026-07-21T03:57:03.666873+00:00,3819.0,37.0,99.9,36.0,1729.9921875,938.9889709688723
2026-07-21T03:57:04.008048+00:00,3819.0,37.0,99.75,36.0,1729.9921875,939.330145996064
2026-07-21T03:57:04.301143+00:00,3819.0,37.0,99.77,36.0,1729.9921875,939.623240660876
2026-07-21T03:57:04.634916+00:00,3819.0,37.0,100.02,36.0,1729.9921875,939.9570136070251
2026-07-21T03:57:04.975024+00:00,3819.0,38.0,99.87,36.0,1729.9921875,940.2971215136349
2026-07-21T03:57:05.291584+00:00,3819.0,38.0,99.78,36.0,1729.9921875,940.6136812567711
2026-07-21T03:57:05.650947+00:00,3819.0,37.0,99.84,36.0,1729.9921875,940.9730441793799
2026-07-21T03:57:05.965109+00:00,3819.0,37.0,99.85,36.0,1729.9921875,941.2872066311538
2026-07-21T03:57:06.326073+00:00,3819.0,38.0,99.94,36.0,1729.9921875,941.6481703966856
2026-07-21T03:57:06.658995+00:00,3819.0,36.0,99.41,36.0,1729.9921875,941.9810929708183
2026-07-21T03:57:06.999665+00:00,3819.0,36.0,99.43,36.0,1729.9921875,942.3217634744942
2026-07-21T03:57:07.335043+00:00,3819.0,36.0,99.47,36.0,1729.9921875,942.6571409702301
2026-07-21T03:57:07.714892+00:00,3819.0,37.0,99.55,36.0,1729.9921875,943.0369887314737
2026-07-21T03:57:08.055911+00:00,3819.0,35.0,99.66,36.0,1730.03125,943.378008082509
2026-07-21T03:57:08.418562+00:00,3819.0,35.0,99.51,36.0,1730.03125,943.7406594455242
2026-07-21T03:57:08.737339+00:00,3819.0,36.0,99.92,36.0,1730.03125,944.0594372414052
2026-07-21T03:57:09.054407+00:00,3819.0,38.0,99.73,36.0,1730.03125,944.3765042535961
2026-07-21T03:57:09.364151+00:00,3819.0,36.0,99.74,36.0,1730.03125,944.6862484812737
2026-07-21T03:57:09.681078+00:00,3819.0,34.0,99.72,37.0,1730.05078125,945.0031749792397
2026-07-21T03:57:10.062174+00:00,3819.0,36.0,99.39,37.0,1730.05078125,945.3842714056373
2026-07-21T03:57:10.372526+00:00,3819.0,37.0,99.58,36.0,1730.05078125,945.6946234107018
2026-07-21T03:57:10.688341+00:00,3819.0,37.0,99.71,36.0,1730.05078125,946.0104392953217
2026-07-21T03:57:11.054050+00:00,3819.0,37.0,99.72,36.0,1730.05078125,946.376147724688
2026-07-21T03:57:11.406219+00:00,3819.0,36.0,99.67,36.0,1730.05078125,946.7283167429268
2026-07-21T03:57:11.699901+00:00,3819.0,37.0,99.61,37.0,1730.05078125,947.0219985246658
2026-07-21T03:57:12.012193+00:00,3819.0,37.0,100.13,37.0,1730.05078125,947.3342911787331
2026-07-21T03:57:12.329259+00:00,3819.0,38.0,100.12,37.0,1730.05078125,947.6513569355011
2026-07-21T03:57:12.643983+00:00,3819.0,37.0,100.29,37.0,1730.05078125,947.9660813324153
2026-07-21T03:57:12.960419+00:00,3819.0,38.0,100.21,37.0,1730.05078125,948.282517131418
2026-07-21T03:57:13.307845+00:00,3819.0,25.0,100.11,36.0,1730.07421875,948.6299419216812
2026-07-21T03:57:13.643106+00:00,3819.0,37.0,99.87,37.0,1730.07421875,948.965204231441
2026-07-21T03:57:13.936661+00:00,3819.0,37.0,99.72,37.0,1730.07421875,949.2587596438825
2026-07-21T03:57:14.251432+00:00,3819.0,38.0,99.64,37.0,1730.07421875,949.5735300257802
2026-07-21T03:57:14.545998+00:00,3819.0,38.0,99.85,37.0,1730.07421875,949.8680960834026
2026-07-21T03:57:14.857768+00:00,3819.0,38.0,99.97,37.0,1730.07421875,950.1798664368689
2026-07-21T03:57:15.150307+00:00,3819.0,20.0,99.69,37.0,1730.09375,950.4724046811461
2026-07-21T03:57:15.481621+00:00,3819.0,38.0,99.83,37.0,1730.09375,950.8037187792361
2026-07-21T03:57:15.778314+00:00,3819.0,38.0,99.59,37.0,1730.09375,951.1004114970565
2026-07-21T03:57:16.133959+00:00,3819.0,37.0,99.58,37.0,1730.09375,951.4560574404895
2026-07-21T03:57:16.428907+00:00,3819.0,37.0,99.63,37.0,1730.09375,951.7510049790144
2026-07-21T03:57:16.744251+00:00,3819.0,37.0,99.69,37.0,1730.09765625,952.0663487762213
2026-07-21T03:57:17.060582+00:00,3819.0,37.0,99.74,37.0,1730.09765625,952.3826806731522
2026-07-21T03:57:17.376237+00:00,3819.0,37.0,99.68,37.0,1730.09765625,952.6983347982168
2026-07-21T03:57:17.692777+00:00,3819.0,37.0,99.99,37.0,1730.09765625,953.0148752816021
2026-07-21T03:57:18.007300+00:00,3819.0,37.0,100.03,37.0,1730.1015625,953.3293974213302
2026-07-21T03:57:18.369822+00:00,3819.0,37.0,99.82,37.0,1730.1015625,953.691920299083
2026-07-21T03:57:18.663081+00:00,3819.0,37.0,99.53,37.0,1730.1015625,953.9851791858673
2026-07-21T03:57:18.980480+00:00,3819.0,37.0,99.84,37.0,1730.1015625,954.3025776259601
2026-07-21T03:57:19.318156+00:00,3819.0,37.0,100.03,37.0,1730.1015625,954.64025375247
2026-07-21T03:57:19.629116+00:00,3819.0,38.0,100.26,37.0,1730.1015625,954.9512145407498
2026-07-21T03:57:19.947891+00:00,3819.0,38.0,100.04,37.0,1730.1015625,955.2699893675745
2026-07-21T03:57:20.264312+00:00,3819.0,37.0,99.83,37.0,1730.1015625,955.5864091254771
2026-07-21T03:57:20.575836+00:00,3819.0,37.0,99.83,37.0,1730.1015625,955.8979347385466
2026-07-21T03:57:20.933020+00:00,3819.0,32.0,99.91,37.0,1730.10546875,956.2551169991493
2026-07-21T03:57:21.247743+00:00,3819.0,38.0,99.88,37.0,1730.10546875,956.5698408335447
2026-07-21T03:57:21.586706+00:00,3819.0,17.0,99.43,37.0,1730.11328125,956.9088029004633
2026-07-21T03:57:21.880304+00:00,3819.0,37.0,99.31,37.0,1730.11328125,957.2024011313915
2026-07-21T03:57:22.218243+00:00,3819.0,35.0,99.39,37.0,1730.11328125,957.5403404086828
2026-07-21T03:57:22.532077+00:00,3819.0,36.0,100.26,37.0,1730.11328125,957.8541747927666
2026-07-21T03:57:22.895612+00:00,3819.0,36.0,99.74,37.0,1730.1171875,958.2177092507482
2026-07-21T03:57:23.211916+00:00,3819.0,38.0,100.07,37.0,1730.1171875,958.534013658762
2026-07-21T03:57:23.551095+00:00,3819.0,36.0,100.16,37.0,1730.1171875,958.8731927089393
2026-07-21T03:57:23.869359+00:00,3819.0,37.0,100.25,37.0,1730.1171875,959.1914559416473
2026-07-21T03:57:24.202046+00:00,3819.0,36.0,99.87,37.0,1730.1171875,959.5241445526481
2026-07-21T03:57:24.518708+00:00,3819.0,37.0,99.25,37.0,1730.1171875,959.8408062644303
2026-07-21T03:57:24.859320+00:00,3819.0,37.0,99.35,37.0,1730.1171875,960.1814177632332
2026-07-21T03:57:25.197385+00:00,3819.0,37.0,99.45,37.0,1730.1171875,960.5194830261171
2026-07-21T03:57:25.534619+00:00,3819.0,37.0,100.08,37.0,1730.1171875,960.8567163385451
2026-07-21T03:57:25.884920+00:00,3819.0,20.0,99.87,37.0,1730.12109375,961.2070169448853
2026-07-21T03:57:26.200687+00:00,3819.0,36.0,99.8,37.0,1730.12109375,961.5227857418358
2026-07-21T03:57:26.539494+00:00,3819.0,37.0,99.7,37.0,1730.12109375,961.8615926913917
2026-07-21T03:57:26.875452+00:00,3819.0,37.0,100.07,37.0,1730.12109375,962.1975495554507
2026-07-21T03:57:27.214423+00:00,3819.0,38.0,99.88,37.0,1730.12109375,962.536520075053
2026-07-21T03:57:27.523797+00:00,3819.0,37.0,100.02,37.0,1730.12109375,962.8458947241306
2026-07-21T03:57:27.836794+00:00,3819.0,27.0,99.84,37.0,1730.125,963.1588910259306
2026-07-21T03:57:28.129708+00:00,3819.0,36.0,100.06,37.0,1730.125,963.4518060721457
2026-07-21T03:57:28.443826+00:00,3819.0,37.0,100.1,37.0,1730.125,963.7659237831831
2026-07-21T03:57:28.760940+00:00,3819.0,38.0,100.04,37.0,1730.125,964.0830388367176
2026-07-21T03:57:29.077427+00:00,3819.0,37.0,99.91,37.0,1730.125,964.3995235450566
2026-07-21T03:57:29.391609+00:00,3819.0,37.0,99.92,37.0,1730.125,964.7137071602046
2026-07-21T03:57:29.712075+00:00,3819.0,37.0,99.75,37.0,1730.125,965.0341727770865
2026-07-21T03:57:30.007741+00:00,3819.0,38.0,100.09,37.0,1730.12890625,965.32983828336
2026-07-21T03:57:30.332006+00:00,3819.0,37.0,99.97,37.0,1730.12890625,965.6541037783027
2026-07-21T03:57:30.648774+00:00,3819.0,38.0,100.01,37.0,1730.12890625,965.9708722122014
2026-07-21T03:57:30.944240+00:00,3819.0,37.0,99.99,37.0,1730.234375,966.2663369625807
2026-07-21T03:57:31.263104+00:00,3819.0,37.0,100.02,37.0,1730.234375,966.5852019526064
2026-07-21T03:57:31.598247+00:00,3819.0,37.0,99.74,37.0,1730.234375,966.9203456938267
2026-07-21T03:57:31.913435+00:00,3819.0,38.0,99.56,37.0,1730.23828125,967.2355324812233
2026-07-21T03:57:32.228504+00:00,3819.0,37.0,99.63,37.0,1730.23828125,967.5506022199988
2026-07-21T03:57:32.566290+00:00,3819.0,37.0,99.62,37.0,1730.23828125,967.8883886188269
2026-07-21T03:57:32.927353+00:00,3819.0,38.0,99.97,37.0,1730.23828125,968.2494498081505
2026-07-21T03:57:33.243850+00:00,3819.0,38.0,100.13,37.0,1730.23828125,968.565948009491
2026-07-21T03:57:33.537067+00:00,3819.0,38.0,100.22,37.0,1730.23828125,968.8591653034091
2026-07-21T03:57:33.853434+00:00,3819.0,38.0,100.23,37.0,1730.23828125,969.1755318455398
2026-07-21T03:57:34.171255+00:00,3819.0,36.0,100.49,37.0,1730.23828125,969.4933531582355
2026-07-21T03:57:34.488021+00:00,3819.0,36.0,100.44,37.0,1730.23828125,969.8101193085313
2026-07-21T03:57:34.782287+00:00,3819.0,37.0,100.23,37.0,1730.23828125,970.1043853387237
2026-07-21T03:57:35.148919+00:00,3819.0,37.0,100.23,37.0,1730.23828125,970.4710171371698
2026-07-21T03:57:35.487709+00:00,3819.0,20.0,100.07,37.0,1730.2421875,970.8098068162799
2026-07-21T03:57:35.847067+00:00,3819.0,37.0,100.51,37.0,1730.2421875,971.1691657193005
2026-07-21T03:57:36.191492+00:00,3819.0,37.0,100.12,37.0,1730.2421875,971.5135897062719
2026-07-21T03:57:36.508085+00:00,3819.0,38.0,100.15,37.0,1730.2421875,971.83018258214
2026-07-21T03:57:36.824234+00:00,3819.0,38.0,99.9,37.0,1730.2421875,972.1463319286704
2026-07-21T03:57:37.163621+00:00,3819.0,37.0,99.93,37.0,1730.2421875,972.4857191964984
2026-07-21T03:57:37.475811+00:00,3819.0,38.0,99.79,37.0,1730.2421875,972.7979087941349
2026-07-21T03:57:37.827960+00:00,3819.0,38.0,99.97,37.0,1730.2421875,973.1500573791564
2026-07-21T03:57:38.122400+00:00,3819.0,37.0,99.75,37.0,1730.24609375,973.4444984532893
2026-07-21T03:57:38.435182+00:00,3819.0,37.0,99.81,37.0,1730.24609375,973.7572803087533
2026-07-21T03:57:38.749452+00:00,3819.0,37.0,99.91,37.0,1730.24609375,974.071550514549
2026-07-21T03:57:39.063375+00:00,3819.0,38.0,100.06,37.0,1730.24609375,974.3854723572731
2026-07-21T03:57:39.427121+00:00,3819.0,37.0,100.15,37.0,1730.24609375,974.749218672514
2026-07-21T03:57:39.770980+00:00,3819.0,37.0,100.03,37.0,1730.24609375,975.0930690579116
2026-07-21T03:57:40.121620+00:00,3819.0,37.0,99.93,37.0,1730.24609375,975.4437172412872
2026-07-21T03:57:40.459202+00:00,3819.0,37.0,99.91,37.0,1730.26171875,975.7812994457781
2026-07-21T03:57:40.776858+00:00,3819.0,37.0,99.99,37.0,1730.26171875,976.098955925554
2026-07-21T03:57:41.091887+00:00,3819.0,37.0,100.14,37.0,1730.26171875,976.413984734565
2026-07-21T03:57:41.454632+00:00,3819.0,37.0,100.12,37.0,1730.26171875,976.776729889214
2026-07-21T03:57:41.773398+00:00,3819.0,29.0,99.47,37.0,1730.26171875,977.0954965017736
2026-07-21T03:57:42.077878+00:00,3819.0,37.0,99.34,37.0,1730.26171875,977.3999752402306
2026-07-21T03:57:42.392569+00:00,3819.0,37.0,99.27,37.0,1730.26171875,977.714667096734
2026-07-21T03:57:42.712385+00:00,3819.0,38.0,99.78,37.0,1730.26171875,978.0344827845693
2026-07-21T03:57:43.050307+00:00,3819.0,35.0,99.99,37.0,1730.26171875,978.372404448688
2026-07-21T03:57:43.407207+00:00,3819.0,36.0,100.09,37.0,1730.26171875,978.7293051593006
2026-07-21T03:57:43.727857+00:00,3819.0,35.0,100.06,37.0,1730.26171875,979.0499543882906
2026-07-21T03:57:44.053757+00:00,3819.0,36.0,99.82,37.0,1730.28515625,979.375854048878
2026-07-21T03:57:44.382718+00:00,3819.0,35.0,99.74,37.0,1730.28515625,979.704815261066
2026-07-21T03:57:44.743252+00:00,3819.0,37.0,99.78,37.0,1730.28515625,980.0653496347368
2026-07-21T03:57:45.058918+00:00,3819.0,37.0,99.9,37.0,1730.28515625,980.3810162618756
2026-07-21T03:57:45.372338+00:00,3819.0,36.0,99.98,37.0,1730.28515625,980.6944357976317
2026-07-21T03:57:45.687649+00:00,3819.0,36.0,99.9,37.0,1730.28515625,981.0097464583814
2026-07-21T03:57:46.005920+00:00,3819.0,37.0,99.92,37.0,1730.28515625,981.328017745167
2026-07-21T03:57:46.319497+00:00,3819.0,37.0,99.94,37.0,1730.28515625,981.6415952406824
2026-07-21T03:57:46.637687+00:00,3819.0,37.0,99.7,37.0,1730.30859375,981.9597843959928
2026-07-21T03:57:46.952853+00:00,3819.0,38.0,99.66,37.0,1730.30859375,982.2749504558742
2026-07-21T03:57:47.265595+00:00,3819.0,36.0,99.76,37.0,1730.30859375,982.5876930765808
2026-07-21T03:57:47.576512+00:00,3819.0,36.0,99.86,37.0,1730.30859375,982.8986098617315
2026-07-21T03:57:47.890658+00:00,3819.0,36.0,99.73,37.0,1730.30859375,983.212756216526
2026-07-21T03:57:48.208691+00:00,3819.0,37.0,99.85,37.0,1730.30859375,983.5307893007994
2026-07-21T03:57:48.523359+00:00,3819.0,38.0,99.94,37.0,1730.30859375,983.8454574607313
2026-07-21T03:57:48.840367+00:00,3819.0,36.0,99.76,37.0,1730.30859375,984.1624649986625
2026-07-21T03:57:49.133530+00:00,3819.0,37.0,99.63,37.0,1730.30859375,984.4556273594499
2026-07-21T03:57:49.447957+00:00,3819.0,37.0,99.74,37.0,1730.30859375,984.770054616034
2026-07-21T03:57:49.765563+00:00,3819.0,37.0,99.91,37.0,1730.30859375,985.0876606665552
2026-07-21T03:57:50.082388+00:00,3819.0,36.0,100.08,37.0,1730.30859375,985.4044854417443
2026-07-21T03:57:50.377423+00:00,3819.0,38.0,99.98,37.0,1730.30859375,985.6995220035315
2026-07-21T03:57:50.691660+00:00,3819.0,37.0,99.78,37.0,1730.328125,986.0137570723891
2026-07-21T03:57:51.033222+00:00,3819.0,36.0,99.95,37.0,1730.328125,986.3553196378052
2026-07-21T03:57:51.370345+00:00,3819.0,37.0,99.84,37.0,1730.328125,986.692442804575
2026-07-21T03:57:51.686895+00:00,3819.0,37.0,100.07,37.0,1730.328125,987.0089930668473
2026-07-21T03:57:51.980856+00:00,3819.0,37.0,100.0,37.0,1730.328125,987.3029536008835
2026-07-21T03:57:52.299899+00:00,3819.0,35.0,100.05,37.0,1730.328125,987.6219965815544
2026-07-21T03:57:52.592712+00:00,3819.0,37.0,100.06,37.0,1730.328125,987.9148099608719
2026-07-21T03:57:52.902165+00:00,3819.0,37.0,99.94,37.0,1730.328125,988.2242634519935
2026-07-21T03:57:53.193121+00:00,3819.0,37.0,99.89,37.0,1730.328125,988.5152200199664
2026-07-21T03:57:53.485936+00:00,3819.0,37.0,99.9,37.0,1730.328125,988.8080348111689
2026-07-21T03:57:53.776095+00:00,3819.0,37.0,100.07,37.0,1730.328125,989.0981936492026
2026-07-21T03:57:54.065923+00:00,3819.0,36.0,100.06,37.0,1730.328125,989.3880225755274
2026-07-21T03:57:54.396471+00:00,3819.0,37.0,100.15,37.0,1730.328125,989.71856925264
2026-07-21T03:57:54.730159+00:00,3819.0,37.0,100.25,37.0,1730.328125,990.0522566139698
2026-07-21T03:57:55.059700+00:00,3819.0,38.0,100.17,37.0,1730.328125,990.3817974328995
2026-07-21T03:57:55.353070+00:00,3819.0,37.0,100.19,37.0,1730.3515625,990.6751687414944
2026-07-21T03:57:55.667078+00:00,3819.0,36.0,100.18,37.0,1730.3515625,990.9891758710146
2026-07-21T03:57:55.958942+00:00,3819.0,37.0,99.99,37.0,1730.3515625,991.2810405567288
2026-07-21T03:57:56.298227+00:00,3819.0,37.0,99.89,37.0,1730.3515625,991.6203255131841
2026-07-21T03:57:56.658640+00:00,3819.0,37.0,99.64,37.0,1730.3515625,991.9807375520468
2026-07-21T03:57:56.999172+00:00,3819.0,37.0,99.91,37.0,1730.3515625,992.3212699368596
2026-07-21T03:57:57.338310+00:00,3819.0,37.0,99.91,37.0,1730.3515625,992.6604078896344
2026-07-21T03:57:57.652989+00:00,3819.0,21.0,99.77,37.0,1730.3671875,992.9750859439373
2026-07-21T03:57:58.011527+00:00,3819.0,38.0,99.77,37.0,1730.3671875,993.3336243368685
2026-07-21T03:57:58.328304+00:00,3819.0,37.0,99.94,37.0,1730.3671875,993.6504016816616
2026-07-21T03:57:58.663703+00:00,3819.0,36.0,99.96,37.0,1730.3671875,993.9858002252877
2026-07-21T03:57:58.996039+00:00,3819.0,36.0,99.93,37.0,1730.3671875,994.318136330694
2026-07-21T03:57:59.291921+00:00,3819.0,38.0,99.74,37.0,1730.37890625,994.6140178032219
2026-07-21T03:57:59.647389+00:00,3819.0,35.0,99.51,37.0,1730.37890625,994.9694871604443
2026-07-21T03:58:00.011676+00:00,3819.0,37.0,99.44,37.0,1730.37890625,995.333773329854
2026-07-21T03:58:00.311045+00:00,3819.0,35.0,99.62,37.0,1730.37890625,995.633143812418
2026-07-21T03:58:00.628758+00:00,3819.0,37.0,99.69,37.0,1730.37890625,995.9508561082184
2026-07-21T03:58:00.945117+00:00,3819.0,37.0,99.58,37.0,1730.37890625,996.267213832587
2026-07-21T03:58:01.260708+00:00,3819.0,37.0,99.69,37.0,1730.37890625,996.5828053541481
2026-07-21T03:58:01.597717+00:00,3819.0,37.0,99.54,37.0,1730.37890625,996.9198149740696
2026-07-21T03:58:01.914639+00:00,3819.0,37.0,99.49,37.0,1730.39453125,997.2367371991277
2026-07-21T03:58:02.206594+00:00,3819.0,37.0,99.62,37.0,1730.39453125,997.5286919102073
2026-07-21T03:58:02.520911+00:00,3819.0,37.0,99.7,37.0,1730.3984375,997.8430093564093
2026-07-21T03:58:02.837251+00:00,3819.0,37.0,99.92,37.0,1730.3984375,998.1593492366374
2026-07-21T03:58:03.193460+00:00,3819.0,36.0,99.9,37.0,1730.3984375,998.5155574344099
2026-07-21T03:58:03.488029+00:00,3819.0,37.0,99.97,37.0,1730.3984375,998.8101271949708
2026-07-21T03:58:03.804879+00:00,3819.0,37.0,100.14,37.0,1730.3984375,999.1269764751196
2026-07-21T03:58:04.098716+00:00,3819.0,37.0,100.11,37.0,1730.3984375,999.4208145700395
2026-07-21T03:58:04.397650+00:00,3819.0,19.0,99.86,37.0,1730.41796875,999.7197479046881
2026-07-21T03:58:04.691968+00:00,3819.0,38.0,99.56,37.0,1730.41796875,1000.0140665061772
2026-07-21T03:58:05.030571+00:00,3819.0,38.0,99.65,37.0,1730.41796875,1000.3526679612696
2026-07-21T03:58:05.357169+00:00,3819.0,37.0,100.14,37.0,1730.41796875,1000.6792667880654
2026-07-21T03:58:05.673070+00:00,3819.0,37.0,99.83,37.0,1730.41796875,1000.9951678328216
2026-07-21T03:58:05.993147+00:00,3819.0,36.0,99.68,37.0,1730.41796875,1001.3152444846928
2026-07-21T03:58:06.309981+00:00,3819.0,37.0,99.73,37.0,1730.41796875,1001.6320784166455
2026-07-21T03:58:06.629654+00:00,3819.0,36.0,99.75,37.0,1730.41796875,1001.9517521746457
2026-07-21T03:58:06.991632+00:00,3819.0,37.0,99.89,37.0,1730.41796875,1002.3137293308973
2026-07-21T03:58:07.354411+00:00,3819.0,36.0,99.97,37.0,1730.41796875,1002.676509231329
2026-07-21T03:58:07.712559+00:00,3819.0,37.0,100.3,37.0,1730.41796875,1003.0346569679677
2026-07-21T03:58:08.009505+00:00,3819.0,36.0,100.35,37.0,1730.41796875,1003.3316010981798
2026-07-21T03:58:08.347990+00:00,3819.0,37.0,100.47,37.0,1730.41796875,1003.6700866855681
2026-07-21T03:58:08.692763+00:00,3819.0,37.0,100.56,37.0,1730.41796875,1004.0148597545922
2026-07-21T03:58:09.067573+00:00,3819.0,36.0,100.61,37.0,1730.421875,1004.389671433717
2026-07-21T03:58:09.381881+00:00,3819.0,37.0,99.97,37.0,1730.4453125,1004.7039756216109
2026-07-21T03:58:09.749267+00:00,3819.0,37.0,99.71,37.0,1730.4453125,1005.0713635608554
2026-07-21T03:58:10.108903+00:00,3819.0,33.0,99.17,37.0,1730.4453125,1005.4310005381703
2026-07-21T03:58:10.405428+00:00,3819.0,33.0,99.15,37.0,1730.4453125,1005.7275260090828
2026-07-21T03:58:10.717539+00:00,3819.0,34.0,98.67,37.0,1730.4453125,1006.0396361090243
2026-07-21T03:58:11.083354+00:00,3819.0,33.0,98.72,37.0,1730.4453125,1006.4054491445422
2026-07-21T03:58:11.380677+00:00,3819.0,33.0,98.53,37.0,1730.44921875,1006.7027741894126
2026-07-21T03:58:11.697462+00:00,3819.0,33.0,98.79,37.0,1730.44921875,1007.019559673965
2026-07-21T03:58:11.993812+00:00,3819.0,34.0,98.86,37.0,1730.44921875,1007.3159103095531
2026-07-21T03:58:12.307597+00:00,3819.0,34.0,98.61,37.0,1730.45703125,1007.629694674164
2026-07-21T03:58:12.625413+00:00,3819.0,34.0,98.85,37.0,1730.45703125,1007.9475117325783
2026-07-21T03:58:12.954399+00:00,3819.0,33.0,98.8,37.0,1730.45703125,1008.2764965221286
2026-07-21T03:58:13.288042+00:00,3819.0,34.0,99.21,37.0,1730.45703125,1008.6101398169994
2026-07-21T03:58:13.584112+00:00,3819.0,34.0,99.14,37.0,1730.45703125,1008.9062092788517
2026-07-21T03:58:13.898115+00:00,3819.0,34.0,99.0,37.0,1730.45703125,1009.2202131040394
2026-07-21T03:58:14.215403+00:00,3819.0,31.0,98.83,37.0,1730.45703125,1009.5375007875264
2026-07-21T03:58:14.555531+00:00,3819.0,30.0,98.2,37.0,1730.45703125,1009.8776290901005
2026-07-21T03:58:14.918696+00:00,3819.0,19.0,98.65,37.0,1730.484375,1010.2407926172018
2026-07-21T03:58:15.235185+00:00,3819.0,20.0,97.12,37.0,1730.484375,1010.5572830848396
2026-07-21T03:58:15.569925+00:00,3819.0,35.0,97.66,37.0,1730.484375,1010.8920231387019
2026-07-21T03:58:15.907494+00:00,3819.0,36.0,97.97,37.0,1730.484375,1011.2295924238861
2026-07-21T03:58:16.201980+00:00,3819.0,36.0,99.7,37.0,1730.484375,1011.5240780003369
2026-07-21T03:58:16.522022+00:00,3819.0,35.0,99.83,37.0,1730.484375,1011.8441084995866
2026-07-21T03:58:16.841083+00:00,3819.0,36.0,99.52,37.0,1730.484375,1012.1631805561483
2026-07-21T03:58:17.155713+00:00,3819.0,37.0,99.34,37.0,1730.484375,1012.477810792625
2026-07-21T03:58:17.525523+00:00,3819.0,25.0,98.56,37.0,1730.484375,1012.8476210087538
2026-07-21T03:58:17.840761+00:00,3819.0,37.0,98.3,37.0,1730.48828125,1013.1628530286252
2026-07-21T03:58:18.192828+00:00,3819.0,36.0,98.47,37.0,1730.48828125,1013.5149254798889
2026-07-21T03:58:18.530353+00:00,3819.0,37.0,99.11,37.0,1730.48828125,1013.8524501658976
2026-07-21T03:58:18.896958+00:00,3819.0,22.0,99.73,37.0,1730.51171875,1014.2190438099205
2026-07-21T03:58:19.234073+00:00,3819.0,37.0,99.74,37.0,1730.51171875,1014.5561713464558
2026-07-21T03:58:19.598459+00:00,3819.0,37.0,99.98,37.0,1730.51171875,1014.9205567203462
2026-07-21T03:58:19.942703+00:00,3819.0,35.0,100.12,37.0,1730.51171875,1015.2648011110723
2026-07-21T03:58:20.260937+00:00,3819.0,37.0,99.74,37.0,1730.51171875,1015.583034966141
2026-07-21T03:58:20.603249+00:00,3819.0,36.0,99.57,37.0,1730.51171875,1015.9253455549479
2026-07-21T03:58:20.956735+00:00,3819.0,19.0,99.28,37.0,1730.53125,1016.278832744807
2026-07-21T03:58:21.299578+00:00,3819.0,35.0,99.15,37.0,1730.53125,1016.6216641888022
2026-07-21T03:58:21.662033+00:00,3819.0,35.0,99.26,37.0,1730.53125,1016.9841295070946
2026-07-21T03:58:21.978801+00:00,3819.0,36.0,99.67,37.0,1730.53125,1017.3008993528783
2026-07-21T03:58:22.317378+00:00,3819.0,35.0,99.73,37.0,1730.53125,1017.6394765786827
2026-07-21T03:58:22.612859+00:00,3819.0,35.0,99.36,37.0,1730.53125,1017.9349567964673
2026-07-21T03:58:22.951471+00:00,3819.0,37.0,99.07,37.0,1730.53125,1018.2735690511763
2026-07-21T03:58:23.294977+00:00,3819.0,37.0,99.01,37.0,1730.53515625,1018.6170749999583
2026-07-21T03:58:23.612664+00:00,3819.0,36.0,99.34,37.0,1730.53515625,1018.9347623586655
2026-07-21T03:58:23.928914+00:00,3819.0,37.0,99.43,37.0,1730.53515625,1019.2510117292404
2026-07-21T03:58:24.243436+00:00,3819.0,35.0,99.92,37.0,1730.53515625,1019.5655280351639
2026-07-21T03:58:24.583448+00:00,3819.0,33.0,99.75,37.0,1730.53515625,1019.9055441766977
2026-07-21T03:58:24.901179+00:00,3819.0,35.0,99.07,37.0,1730.5390625,1020.2232667952776
2026-07-21T03:58:25.265885+00:00,3819.0,34.0,99.24,37.0,1730.5546875,1020.58798186481
2026-07-21T03:58:25.584872+00:00,3819.0,36.0,99.3,37.0,1730.5546875,1020.9069701209664
2026-07-21T03:58:25.900928+00:00,3819.0,36.0,99.67,37.0,1730.5546875,1021.223025996238
2026-07-21T03:58:26.199431+00:00,3819.0,37.0,99.46,37.0,1730.5546875,1021.5215288773179
2026-07-21T03:58:26.562668+00:00,3819.0,36.0,99.59,37.0,1730.5546875,1021.8847656175494
2026-07-21T03:58:26.928344+00:00,3819.0,36.0,99.96,37.0,1730.5546875,1022.2504421360791
2026-07-21T03:58:27.243989+00:00,3819.0,36.0,100.36,37.0,1730.5546875,1022.5660874433815
2026-07-21T03:58:27.559915+00:00,3819.0,34.0,100.19,37.0,1730.5546875,1022.8820126354694
2026-07-21T03:58:27.899211+00:00,3819.0,37.0,99.88,37.0,1730.55859375,1023.22130908072
2026-07-21T03:58:28.216380+00:00,3819.0,36.0,99.72,37.0,1730.55859375,1023.5384783223271
2026-07-21T03:58:28.580683+00:00,3819.0,37.0,99.8,37.0,1730.55859375,1023.9027811400592
2026-07-21T03:58:28.919074+00:00,3819.0,36.0,99.85,37.0,1730.55859375,1024.241170682013
2026-07-21T03:58:29.254573+00:00,3819.0,35.0,99.22,37.0,1730.59375,1024.5766711384058
2026-07-21T03:58:29.572891+00:00,3819.0,36.0,99.05,37.0,1730.6015625,1024.8949792273343
2026-07-21T03:58:29.893462+00:00,3819.0,34.0,98.82,37.0,1730.6015625,1025.215560566634
2026-07-21T03:58:30.256735+00:00,3819.0,35.0,99.35,37.0,1730.6015625,1025.5788327045739
2026-07-21T03:58:30.572175+00:00,3819.0,36.0,99.33,37.0,1730.6015625,1025.8942737691104
2026-07-21T03:58:30.931627+00:00,3819.0,37.0,99.72,37.0,1730.60546875,1026.2537177465856
2026-07-21T03:58:31.248179+00:00,3819.0,35.0,99.59,37.0,1730.60546875,1026.5702768191695
2026-07-21T03:58:31.584291+00:00,3819.0,37.0,99.52,37.0,1730.60546875,1026.9063893519342
2026-07-21T03:58:31.896380+00:00,3819.0,28.0,99.02,37.0,1730.62890625,1027.2184771187603
2026-07-21T03:58:32.199760+00:00,3819.0,37.0,99.28,37.0,1730.63671875,1027.52185793221
2026-07-21T03:58:32.534487+00:00,3819.0,36.0,99.32,37.0,1730.63671875,1027.8565839901567
2026-07-21T03:58:32.899024+00:00,3819.0,36.0,99.72,37.0,1730.63671875,1028.2211223244667
2026-07-21T03:58:33.215800+00:00,3819.0,36.0,99.85,37.0,1730.63671875,1028.537897553295
2026-07-21T03:58:33.537130+00:00,3819.0,36.0,99.37,37.0,1730.63671875,1028.8592278659344
2026-07-21T03:58:33.852953+00:00,3819.0,37.0,99.02,37.0,1730.63671875,1029.1750508025289
2026-07-21T03:58:34.168964+00:00,3819.0,36.0,99.22,37.0,1730.63671875,1029.4910615980625
2026-07-21T03:58:34.484231+00:00,3819.0,36.0,99.58,37.0,1730.63671875,1029.8063284568489
2026-07-21T03:58:34.805136+00:00,3819.0,35.0,99.93,37.0,1730.64453125,1030.1272318288684
2026-07-21T03:58:35.135737+00:00,3819.0,30.0,99.77,37.0,1730.6640625,1030.4578213691711
2026-07-21T03:58:35.456153+00:00,3819.0,36.0,99.53,37.0,1730.6640625,1030.778251182288
2026-07-21T03:58:35.768818+00:00,3819.0,36.0,98.95,37.0,1730.6640625,1031.0909153409302
2026-07-21T03:58:36.083347+00:00,3819.0,37.0,99.26,37.0,1730.66796875,1031.4054449610412
2026-07-21T03:58:36.383689+00:00,3819.0,37.0,99.35,37.0,1730.66796875,1031.7057873308659
2026-07-21T03:58:36.742447+00:00,3819.0,36.0,99.96,37.0,1730.67578125,1032.064545147121
2026-07-21T03:58:37.064114+00:00,3819.0,34.0,100.16,37.0,1730.67578125,1032.3862112648785
2026-07-21T03:58:37.404939+00:00,3819.0,36.0,100.56,37.0,1730.67578125,1032.7270376496017
2026-07-21T03:58:37.718544+00:00,3819.0,36.0,100.41,37.0,1730.68359375,1033.0406421124935
2026-07-21T03:58:38.051545+00:00,3819.0,37.0,99.67,37.0,1730.703125,1033.3736427687109
2026-07-21T03:58:38.369409+00:00,3819.0,34.0,99.19,37.0,1730.703125,1033.6915067881346
2026-07-21T03:58:38.711561+00:00,3819.0,35.0,98.23,37.0,1730.703125,1034.033659234643
2026-07-21T03:58:39.029408+00:00,3819.0,36.0,98.34,37.0,1730.703125,1034.3515063859522
2026-07-21T03:58:39.344357+00:00,3819.0,35.0,98.53,37.0,1730.703125,1034.666454847902
2026-07-21T03:58:39.707928+00:00,3819.0,37.0,99.65,37.0,1730.703125,1035.0300252735615
2026-07-21T03:58:40.084204+00:00,3819.0,35.0,99.77,37.0,1730.703125,1035.4063010923564
2026-07-21T03:58:40.403283+00:00,3819.0,38.0,100.08,37.0,1730.78515625,1035.725379012525
2026-07-21T03:58:40.721070+00:00,3819.0,35.0,99.76,37.0,1730.78515625,1036.0431675575674
2026-07-21T03:58:41.082798+00:00,3819.0,36.0,99.76,37.0,1730.78515625,1036.4048958718777
2026-07-21T03:58:41.445443+00:00,3819.0,36.0,99.7,37.0,1730.796875,1036.7675406262279
2026-07-21T03:58:41.773088+00:00,3819.0,36.0,99.7,37.0,1730.796875,1037.0951858609915
2026-07-21T03:58:42.133621+00:00,3819.0,36.0,99.75,37.0,1730.80859375,1037.4557174667716
2026-07-21T03:58:42.455616+00:00,3819.0,35.0,99.5,37.0,1730.83984375,1037.7777139507234
2026-07-21T03:58:42.799308+00:00,3819.0,36.0,99.4,37.0,1730.84765625,1038.1213905587792
2026-07-21T03:58:43.134635+00:00,3819.0,36.0,99.09,37.0,1730.84765625,1038.4567334465683
2026-07-21T03:58:43.473862+00:00,3819.0,36.0,99.22,37.0,1730.84765625,1038.7959594912827
2026-07-21T03:58:43.792889+00:00,3819.0,34.0,99.63,37.0,1730.86328125,1039.1149873435497
2026-07-21T03:58:44.132273+00:00,3819.0,35.0,99.73,37.0,1730.86328125,1039.4543714113533
2026-07-21T03:58:44.448430+00:00,3819.0,34.0,99.06,37.0,1730.87890625,1039.7705281600356
2026-07-21T03:58:44.770481+00:00,3819.0,34.0,98.43,37.0,1730.96875,1040.0925761163235
2026-07-21T03:58:45.105628+00:00,3819.0,36.0,98.48,37.0,1730.97265625,1040.4277249127626
2026-07-21T03:58:45.426461+00:00,3819.0,34.0,98.78,37.0,1730.9765625,1040.7485585212708
2026-07-21T03:58:45.789013+00:00,3819.0,37.0,99.04,37.0,1730.9765625,1041.1111111305654
2026-07-21T03:58:46.095600+00:00,3819.0,35.0,99.22,37.0,1730.98828125,1041.4176979474723
2026-07-21T03:58:46.461558+00:00,3819.0,36.0,99.81,37.0,1730.98828125,1041.7836554422975
2026-07-21T03:58:46.955009+00:00,3819.0,34.0,100.28,37.0,1731.046875,1042.2771056704223
2026-07-21T03:58:47.301675+00:00,3819.0,36.0,100.18,37.0,1731.046875,1042.6237733960152
2026-07-21T03:58:47.620217+00:00,3819.0,37.0,100.06,37.0,1731.05859375,1042.942315813154
2026-07-21T03:58:47.933254+00:00,3819.0,36.0,100.15,37.0,1731.05859375,1043.255352012813
2026-07-21T03:58:48.254736+00:00,3819.0,36.0,100.22,37.0,1731.05859375,1043.5768340416253
2026-07-21T03:58:48.620390+00:00,3819.0,35.0,99.97,37.0,1731.06640625,1043.9424888938665
2026-07-21T03:58:48.940833+00:00,3819.0,37.0,100.25,37.0,1731.06640625,1044.2629315555096
2026-07-21T03:58:49.256022+00:00,3819.0,37.0,100.34,37.0,1731.0703125,1044.578120779246
2026-07-21T03:58:49.591337+00:00,3819.0,36.0,100.3,37.0,1731.0703125,1044.9134351089597
2026-07-21T03:58:49.909089+00:00,3819.0,36.0,100.07,37.0,1731.08203125,1045.2311863936484
2026-07-21T03:58:50.253367+00:00,3819.0,37.0,99.67,37.0,1731.08203125,1045.5754647105932
2026-07-21T03:58:50.694506+00:00,3819.0,37.0,99.6,37.0,1731.09375,1046.0166043378413
2026-07-21T03:58:51.030859+00:00,3819.0,37.0,98.33,37.0,1731.09375,1046.352956417948
2026-07-21T03:58:51.395250+00:00,3819.0,36.0,98.23,37.0,1731.8671875,1046.7173467352986
2026-07-21T03:58:51.712540+00:00,3819.0,37.0,99.67,37.0,1731.9296875,1047.0346364304423
2026-07-21T03:58:52.053901+00:00,3819.0,37.0,99.29,37.0,1731.9296875,1047.3759976699948
2026-07-21T03:58:52.402761+00:00,3819.0,37.0,98.98,37.0,1731.9375,1047.7248588502407
2026-07-21T03:58:52.742326+00:00,3819.0,37.0,99.43,37.0,1731.9375,1048.0644155405462
2026-07-21T03:58:53.062811+00:00,3819.0,37.0,99.68,37.0,1731.9375,1048.3849086612463
2026-07-21T03:58:53.394573+00:00,3819.0,36.0,99.62,37.0,1731.9375,1048.716670922935
2026-07-21T03:58:53.754871+00:00,3819.0,36.0,99.54,37.0,1731.94140625,1049.076963249594
2026-07-21T03:58:54.102404+00:00,3819.0,36.0,99.46,37.0,1731.94140625,1049.4245011731982
2026-07-21T03:58:54.422723+00:00,3819.0,36.0,99.88,37.0,1731.94140625,1049.7448204047978
2026-07-21T03:58:54.760302+00:00,3819.0,37.0,99.7,37.0,1731.94140625,1050.0823999233544
2026-07-21T03:58:55.110902+00:00,3819.0,35.0,99.94,37.0,1731.94140625,1050.432999677956
2026-07-21T03:58:55.437716+00:00,3819.0,36.0,100.03,37.0,1731.94140625,1050.7598136104643
2026-07-21T03:58:55.759620+00:00,3819.0,37.0,99.89,37.0,1731.94140625,1051.0817188248038
2026-07-21T03:58:56.114777+00:00,3819.0,37.0,100.02,37.0,1731.94140625,1051.4368748180568
2026-07-21T03:58:56.439775+00:00,3819.0,37.0,100.12,37.0,1731.94140625,1051.7618728093803
2026-07-21T03:58:56.796790+00:00,3819.0,38.0,100.78,37.0,1731.94140625,1052.1188876777887
2026-07-21T03:58:57.110997+00:00,3819.0,37.0,100.53,37.0,1731.94140625,1052.4330945722759
2026-07-21T03:58:57.435706+00:00,3819.0,36.0,100.39,37.0,1731.94140625,1052.7578044086695
2026-07-21T03:58:57.797775+00:00,3819.0,37.0,100.23,37.0,1731.94140625,1053.119872648269
2026-07-21T03:58:58.119435+00:00,3819.0,37.0,99.8,37.0,1731.94921875,1053.4415325000882
2026-07-21T03:58:58.456722+00:00,3819.0,38.0,100.01,37.0,1731.94921875,1053.778817359358
2026-07-21T03:58:58.776997+00:00,3819.0,37.0,99.85,37.0,1731.94921875,1054.099094234407
2026-07-21T03:58:59.095832+00:00,3819.0,38.0,100.11,37.0,1731.94921875,1054.4179297350347
2026-07-21T03:58:59.446973+00:00,3819.0,36.0,99.76,37.0,1731.94921875,1054.7690713480115
2026-07-21T03:58:59.810997+00:00,3819.0,37.0,100.09,37.0,1731.94921875,1055.1330941431224
2026-07-21T03:59:00.142708+00:00,3819.0,37.0,100.34,37.0,1731.94921875,1055.4648055694997
2026-07-21T03:59:00.477251+00:00,3819.0,37.0,100.64,37.0,1731.94921875,1055.7993487529457
2026-07-21T03:59:00.793103+00:00,3819.0,39.0,100.33,37.0,1731.953125,1056.1152000911534
2026-07-21T03:59:01.127849+00:00,3819.0,38.0,100.12,37.0,1731.953125,1056.44994693622
2026-07-21T03:59:01.467364+00:00,3819.0,37.0,99.94,37.0,1731.953125,1056.7894614227116
2026-07-21T03:59:01.799865+00:00,3819.0,37.0,100.0,37.0,1731.953125,1057.1219633854926
2026-07-21T03:59:02.116128+00:00,3819.0,36.0,100.13,37.0,1731.953125,1057.4382259137928
2026-07-21T03:59:02.431556+00:00,3819.0,37.0,100.19,37.0,1731.953125,1057.7536541372538
2026-07-21T03:59:02.749194+00:00,3819.0,37.0,100.12,37.0,1731.953125,1058.0712911486626
2026-07-21T03:59:03.085829+00:00,3819.0,38.0,100.3,37.0,1731.953125,1058.4079265110195
2026-07-21T03:59:03.405688+00:00,3819.0,38.0,100.36,37.0,1731.953125,1058.7277857773006
2026-07-21T03:59:03.755172+00:00,3819.0,36.0,100.48,37.0,1731.953125,1059.0772689655423
2026-07-21T03:59:04.071574+00:00,3819.0,38.0,100.56,37.0,1731.953125,1059.3936726413667
2026-07-21T03:59:04.405241+00:00,3819.0,37.0,100.26,37.0,1731.953125,1059.727337617427
2026-07-21T03:59:04.733107+00:00,3819.0,37.0,100.32,37.0,1731.953125,1060.0552055612206
2026-07-21T03:59:05.114414+00:00,3819.0,38.0,100.27,37.0,1731.953125,1060.436511721462
2026-07-21T03:59:05.431301+00:00,3819.0,38.0,100.93,37.0,1731.953125,1060.7533999159932
2026-07-21T03:59:05.771270+00:00,3819.0,38.0,100.8,37.0,1731.96875,1061.093357346952
2026-07-21T03:59:06.135860+00:00,3819.0,36.0,100.59,37.0,1731.96875,1061.4579576589167
2026-07-21T03:59:06.470743+00:00,3819.0,37.0,100.32,37.0,1731.96875,1061.7928412258625
2026-07-21T03:59:06.806858+00:00,3819.0,38.0,99.96,37.0,1731.96875,1062.1289553120732
2026-07-21T03:59:07.109377+00:00,3819.0,31.0,99.29,37.0,1731.98828125,1062.4314743578434
2026-07-21T03:59:07.428024+00:00,3819.0,37.0,99.83,37.0,1731.98828125,1062.750121831894
2026-07-21T03:59:07.745491+00:00,3819.0,37.0,99.91,37.0,1731.98828125,1063.0675875507295
2026-07-21T03:59:08.078747+00:00,3819.0,38.0,100.45,37.0,1731.98828125,1063.4008451066911
2026-07-21T03:59:08.398132+00:00,3819.0,37.0,100.14,37.0,1731.98828125,1063.7202303931117
2026-07-21T03:59:08.749136+00:00,3819.0,37.0,100.04,37.0,1731.98828125,1064.0712340697646
2026-07-21T03:59:09.072692+00:00,3819.0,37.0,100.02,37.0,1731.98828125,1064.3947902582586
2026-07-21T03:59:09.387742+00:00,3819.0,37.0,99.85,37.0,1731.98828125,1064.7098395079374
2026-07-21T03:59:09.712771+00:00,3819.0,37.0,99.69,37.0,1731.98828125,1065.0348693430424
2026-07-21T03:59:10.028077+00:00,3819.0,36.0,99.76,37.0,1731.98828125,1065.3501740582287
2026-07-21T03:59:10.404743+00:00,3819.0,37.0,99.42,37.0,1732.0078125,1065.7268388830125
2026-07-21T03:59:10.747677+00:00,3819.0,37.0,99.6,37.0,1732.0078125,1066.0697748474777
2026-07-21T03:59:11.068858+00:00,3819.0,36.0,99.65,37.0,1732.0078125,1066.3909558653831
2026-07-21T03:59:11.380319+00:00,3819.0,37.0,99.95,37.0,1732.0078125,1066.7024168148637
2026-07-21T03:59:11.720674+00:00,3819.0,36.0,100.15,37.0,1732.0078125,1067.0427711233497
2026-07-21T03:59:12.041543+00:00,3819.0,36.0,100.29,37.0,1732.0078125,1067.3636399284005
2026-07-21T03:59:12.399830+00:00,3819.0,18.0,100.33,38.0,1732.0234375,1067.7219265550375
2026-07-21T03:59:12.697474+00:00,3819.0,36.0,100.32,37.0,1732.0234375,1068.019571531564
2026-07-21T03:59:13.016016+00:00,3819.0,37.0,100.34,37.0,1732.0234375,1068.3381129056215
2026-07-21T03:59:13.332004+00:00,3819.0,37.0,100.47,37.0,1732.0234375,1068.6541020981967
2026-07-21T03:59:13.647344+00:00,3819.0,36.0,100.02,37.0,1732.0234375,1068.9694412015378
2026-07-21T03:59:13.964514+00:00,3819.0,36.0,99.93,37.0,1732.0234375,1069.2866111062467
2026-07-21T03:59:14.277721+00:00,3819.0,37.0,100.08,37.0,1732.0234375,1069.5998191051185
2026-07-21T03:59:14.609639+00:00,3819.0,38.0,100.2,37.0,1732.0234375,1069.9317366592586
2026-07-21T03:59:14.929659+00:00,3819.0,38.0,100.24,37.0,1732.0234375,1070.2517569288611
2026-07-21T03:59:15.270102+00:00,3819.0,36.0,100.24,37.0,1732.0234375,1070.5922009684145
2026-07-21T03:59:15.564915+00:00,3819.0,18.0,99.79,38.0,1732.02734375,1070.8870123550296
2026-07-21T03:59:15.877037+00:00,3819.0,37.0,99.86,37.0,1732.02734375,1071.1991338990629
2026-07-21T03:59:16.195725+00:00,3819.0,37.0,99.9,37.0,1732.02734375,1071.5178229920566
2026-07-21T03:59:16.556847+00:00,3819.0,36.0,100.41,37.0,1732.02734375,1071.8789440505207
2026-07-21T03:59:16.923221+00:00,3819.0,28.0,99.84,37.0,1732.03515625,1072.2453186511993
2026-07-21T03:59:17.239868+00:00,3819.0,38.0,100.29,37.0,1732.03515625,1072.561966754496
2026-07-21T03:59:17.555794+00:00,3819.0,36.0,100.2,37.0,1732.03515625,1072.877892009914
2026-07-21T03:59:17.895505+00:00,3819.0,37.0,101.01,37.0,1732.03515625,1073.2176032587886
2026-07-21T03:59:18.211951+00:00,3819.0,37.0,100.36,37.0,1732.03515625,1073.5340492241085
2026-07-21T03:59:18.527756+00:00,3819.0,38.0,100.28,37.0,1732.03515625,1073.8498540483415
2026-07-21T03:59:18.845287+00:00,3819.0,38.0,100.09,37.0,1732.03515625,1074.1673852987587
2026-07-21T03:59:19.206045+00:00,3819.0,37.0,100.01,38.0,1732.03515625,1074.5281432904303
2026-07-21T03:59:19.521741+00:00,3819.0,37.0,100.25,37.0,1732.03515625,1074.8438394926488
2026-07-21T03:59:19.859151+00:00,3819.0,38.0,100.55,38.0,1732.03515625,1075.18124929443
2026-07-21T03:59:20.217610+00:00,3819.0,29.0,100.61,37.0,1732.04296875,1075.5397080257535
2026-07-21T03:59:20.536175+00:00,3819.0,38.0,100.55,38.0,1732.04296875,1075.858273178339
2026-07-21T03:59:20.849146+00:00,3819.0,35.0,100.39,38.0,1732.04296875,1076.1712427288294
2026-07-21T03:59:21.174279+00:00,3819.0,36.0,100.44,38.0,1732.04296875,1076.496376927942
2026-07-21T03:59:21.491875+00:00,3819.0,37.0,100.32,38.0,1732.04296875,1076.8139728233218
2026-07-21T03:59:21.831106+00:00,3819.0,37.0,100.05,38.0,1732.04296875,1077.153204139322
2026-07-21T03:59:22.167193+00:00,3819.0,38.0,100.18,38.0,1732.04296875,1077.4892901219428
2026-07-21T03:59:22.462991+00:00,3819.0,38.0,100.37,38.0,1732.04296875,1077.785076342523
2026-07-21T03:59:22.802886+00:00,3819.0,38.0,100.63,38.0,1732.04296875,1078.1249834373593
2026-07-21T03:59:23.165995+00:00,3819.0,37.0,100.67,38.0,1732.04296875,1078.4880933575332
2026-07-21T03:59:23.506081+00:00,3819.0,37.0,100.64,38.0,1732.04296875,1078.8281786814332
2026-07-21T03:59:23.824664+00:00,3819.0,23.0,99.99,37.0,1732.05078125,1079.1467608697712
2026-07-21T03:59:24.143736+00:00,3819.0,37.0,99.89,38.0,1732.05078125,1079.4658340662718
2026-07-21T03:59:24.482241+00:00,3819.0,37.0,99.86,38.0,1732.05078125,1079.804338697344
2026-07-21T03:59:24.800635+00:00,3819.0,37.0,100.31,38.0,1732.05078125,1080.122733131051
2026-07-21T03:59:25.126486+00:00,3819.0,37.0,100.49,38.0,1732.0546875,1080.4485848024487
2026-07-21T03:59:25.444826+00:00,3819.0,37.0,100.42,38.0,1732.0546875,1080.7669239379466
2026-07-21T03:59:25.741928+00:00,3819.0,23.0,100.12,37.0,1732.05859375,1081.0640256479383
2026-07-21T03:59:26.064550+00:00,3819.0,36.0,99.98,38.0,1732.05859375,1081.386647772044
2026-07-21T03:59:26.380988+00:00,3819.0,36.0,99.88,38.0,1732.05859375,1081.703086398542
2026-07-21T03:59:26.723337+00:00,3819.0,37.0,99.96,38.0,1732.05859375,1082.0454351566732
2026-07-21T03:59:27.022431+00:00,3819.0,35.0,99.67,38.0,1732.05859375,1082.344528760761
2026-07-21T03:59:27.362133+00:00,3819.0,35.0,99.78,38.0,1732.05859375,1082.6842310726643
2026-07-21T03:59:27.699825+00:00,3819.0,36.0,99.75,38.0,1732.05859375,1083.021923404187
2026-07-21T03:59:28.065120+00:00,3819.0,35.0,100.13,38.0,1732.0625,1083.387217283249
2026-07-21T03:59:28.391842+00:00,3819.0,37.0,100.04,38.0,1732.0625,1083.7139400988817
2026-07-21T03:59:28.704409+00:00,3819.0,37.0,100.25,38.0,1732.0625,1084.0265069045126
2026-07-21T03:59:29.025660+00:00,3819.0,38.0,100.35,38.0,1732.0625,1084.3477586135268
2026-07-21T03:59:29.367161+00:00,3819.0,38.0,100.31,38.0,1732.0625,1084.6892588287592
2026-07-21T03:59:29.685352+00:00,3819.0,21.0,100.08,38.0,1732.0703125,1085.007448863238
2026-07-21T03:59:30.022461+00:00,3819.0,38.0,100.27,38.0,1732.0703125,1085.3445582911372
2026-07-21T03:59:30.342358+00:00,3819.0,38.0,100.25,38.0,1732.0703125,1085.664455845952
2026-07-21T03:59:30.706913+00:00,3819.0,36.0,100.78,38.0,1732.0703125,1086.0290092937648
2026-07-21T03:59:31.025632+00:00,3819.0,37.0,100.65,38.0,1732.0703125,1086.3477287255228
2026-07-21T03:59:31.341886+00:00,3819.0,37.0,100.51,38.0,1732.0703125,1086.6639835685492
2026-07-21T03:59:31.683228+00:00,3819.0,38.0,100.52,38.0,1732.0703125,1087.005325537175
2026-07-21T03:59:32.047007+00:00,3819.0,37.0,100.44,38.0,1732.0703125,1087.3691041469574
2026-07-21T03:59:32.341817+00:00,3819.0,38.0,100.62,38.0,1732.0703125,1087.6639152020216
2026-07-21T03:59:32.656560+00:00,3819.0,37.0,100.7,38.0,1732.0703125,1087.97865787521
2026-07-21T03:59:32.976914+00:00,3819.0,37.0,100.71,38.0,1732.0703125,1088.2990121021867
2026-07-21T03:59:33.292932+00:00,3819.0,37.0,100.82,38.0,1732.0703125,1088.6150294281542
2026-07-21T03:59:33.612444+00:00,3819.0,28.0,100.65,38.0,1732.07421875,1088.934541285038
2026-07-21T03:59:33.966338+00:00,3819.0,38.0,100.47,38.0,1732.07421875,1089.2884366810322
2026-07-21T03:59:34.287512+00:00,3819.0,38.0,100.26,38.0,1732.07421875,1089.6096093170345
2026-07-21T03:59:34.582591+00:00,3819.0,37.0,100.3,38.0,1732.07421875,1089.9046892672777
2026-07-21T03:59:34.900597+00:00,3819.0,37.0,100.41,38.0,1732.07421875,1090.2226946614683
2026-07-21T03:59:35.237049+00:00,3819.0,37.0,100.58,38.0,1732.07421875,1090.5591470487416
2026-07-21T03:59:35.555967+00:00,3819.0,38.0,100.77,38.0,1732.07421875,1090.8780646249652
2026-07-21T03:59:35.894245+00:00,3819.0,38.0,100.92,38.0,1732.07421875,1091.2163430005312
2026-07-21T03:59:36.211450+00:00,3819.0,33.0,100.75,38.0,1732.08203125,1091.5335467867553
2026-07-21T03:59:36.506093+00:00,3819.0,38.0,100.8,38.0,1732.08203125,1091.82819160074
2026-07-21T03:59:36.820577+00:00,3819.0,38.0,100.38,38.0,1732.08203125,1092.1426749303937
2026-07-21T03:59:37.115532+00:00,3819.0,38.0,100.17,38.0,1732.08203125,1092.437630213797
2026-07-21T03:59:37.431267+00:00,3819.0,38.0,100.23,38.0,1732.08203125,1092.753364302218
2026-07-21T03:59:37.748969+00:00,3819.0,37.0,100.29,38.0,1732.08203125,1093.071066800505
2026-07-21T03:59:38.053256+00:00,3819.0,37.0,100.56,38.0,1732.08203125,1093.3753536120057
2026-07-21T03:59:38.367954+00:00,3819.0,37.0,100.61,38.0,1732.08203125,1093.690051626414
2026-07-21T03:59:38.683772+00:00,3819.0,38.0,100.76,38.0,1732.08203125,1094.0058702379465
2026-07-21T03:59:39.016463+00:00,3819.0,30.0,100.53,38.0,1732.0859375,1094.338560063392
2026-07-21T03:59:39.330735+00:00,3819.0,38.0,100.36,38.0,1732.0859375,1094.6528329141438
2026-07-21T03:59:39.648121+00:00,3819.0,37.0,100.12,38.0,1732.0859375,1094.970218628645
2026-07-21T03:59:39.987039+00:00,3819.0,37.0,100.55,38.0,1732.0859375,1095.309137005359
2026-07-21T03:59:40.345784+00:00,3819.0,37.0,100.03,38.0,1732.0859375,1095.6678796336055
2026-07-21T03:59:40.642345+00:00,3819.0,37.0,100.31,38.0,1732.0859375,1095.9644420929253
2026-07-21T03:59:40.989620+00:00,3819.0,38.0,100.05,38.0,1732.0859375,1096.3117175512016
2026-07-21T03:59:41.291883+00:00,3819.0,37.0,100.29,38.0,1732.09375,1096.6139807403088
2026-07-21T03:59:41.608553+00:00,3819.0,38.0,100.27,38.0,1732.09375,1096.9306508675218
2026-07-21T03:59:41.971183+00:00,3819.0,35.0,100.43,38.0,1732.09375,1097.2932814583182
2026-07-21T03:59:42.290091+00:00,3819.0,37.0,100.16,38.0,1732.09375,1097.6121799498796
2026-07-21T03:59:42.630950+00:00,3819.0,37.0,100.06,38.0,1732.09375,1097.953047890216
2026-07-21T03:59:42.944813+00:00,3819.0,37.0,100.22,38.0,1732.09375,1098.2669108845294
2026-07-21T03:59:43.264150+00:00,3819.0,35.0,100.0,38.0,1732.09375,1098.5862484648824
2026-07-21T03:59:43.576318+00:00,3819.0,37.0,100.07,38.0,1732.09765625,1098.898415993899
2026-07-21T03:59:43.919610+00:00,3819.0,36.0,99.98,38.0,1732.09765625,1099.2417082041502
2026-07-21T03:59:44.235726+00:00,3819.0,16.0,100.03,38.0,1732.1015625,1099.557823970914
2026-07-21T03:59:44.535699+00:00,3819.0,37.0,99.84,38.0,1732.1015625,1099.8577974177897
2026-07-21T03:59:44.852597+00:00,3819.0,36.0,99.75,38.0,1732.1015625,1100.1746948324144
2026-07-21T03:59:45.167685+00:00,3819.0,37.0,99.95,38.0,1732.1015625,1100.4897834546864
2026-07-21T03:59:45.505713+00:00,3819.0,36.0,99.99,38.0,1732.1015625,1100.8278106749058
2026-07-21T03:59:45.825058+00:00,3819.0,37.0,100.22,38.0,1732.1015625,1101.1471564657986
2026-07-21T03:59:46.139571+00:00,3819.0,37.0,100.02,38.0,1732.1015625,1101.4616688340902
2026-07-21T03:59:46.455099+00:00,3819.0,36.0,100.21,38.0,1732.1015625,1101.7771968618035
2026-07-21T03:59:46.772259+00:00,3819.0,37.0,100.29,38.0,1732.1015625,1102.0943574495614
2026-07-21T03:59:47.091458+00:00,3819.0,37.0,100.24,38.0,1732.1015625,1102.4135557711124
2026-07-21T03:59:47.403318+00:00,3819.0,37.0,100.45,38.0,1732.1015625,1102.7254153937101
2026-07-21T03:59:47.720224+00:00,3819.0,37.0,100.62,38.0,1732.1015625,1103.0423220433295
2026-07-21T03:59:48.036791+00:00,3819.0,37.0,100.95,38.0,1732.1015625,1103.358889311552
2026-07-21T03:59:48.355581+00:00,3819.0,37.0,100.92,38.0,1732.1015625,1103.6776787377894
2026-07-21T03:59:48.672597+00:00,3819.0,37.0,100.9,38.0,1732.1015625,1103.9946949929
2026-07-21T03:59:49.035377+00:00,3819.0,39.0,100.17,38.0,1732.109375,1104.357474025339
2026-07-21T03:59:49.351230+00:00,3819.0,38.0,100.17,38.0,1732.109375,1104.6733282506466
2026-07-21T03:59:49.667998+00:00,3819.0,37.0,99.99,38.0,1732.109375,1104.9900963939726
2026-07-21T03:59:49.964215+00:00,3819.0,37.0,100.42,38.0,1732.109375,1105.286313932389
2026-07-21T03:59:50.260084+00:00,3819.0,37.0,100.52,38.0,1732.109375,1105.582182649523
2026-07-21T03:59:50.598862+00:00,3819.0,37.0,100.53,38.0,1732.109375,1105.9209598563612
2026-07-21T03:59:50.916456+00:00,3819.0,37.0,100.72,38.0,1732.109375,1106.2385523468256
2026-07-21T03:59:51.231686+00:00,3819.0,37.0,100.73,38.0,1732.109375,1106.5537839457393
2026-07-21T03:59:51.556388+00:00,3819.0,37.0,100.35,38.0,1732.109375,1106.8784857727587
2026-07-21T03:59:51.849838+00:00,3819.0,37.0,100.43,38.0,1732.109375,1107.1719356663525
2026-07-21T03:59:52.144244+00:00,3819.0,37.0,100.39,38.0,1732.109375,1107.4663421399891
2026-07-21T03:59:52.445265+00:00,3819.0,37.0,100.73,38.0,1732.109375,1107.7673634067178
2026-07-21T03:59:52.737385+00:00,3819.0,38.0,100.71,38.0,1732.109375,1108.0594840794802
2026-07-21T03:59:53.055267+00:00,3819.0,37.0,100.68,38.0,1732.109375,1108.377364397049
2026-07-21T03:59:53.374664+00:00,3819.0,38.0,100.41,38.0,1732.109375,1108.696760930121
2026-07-21T03:59:53.693049+00:00,3819.0,38.0,100.35,38.0,1732.109375,1109.015147484839
2026-07-21T03:59:54.019855+00:00,3819.0,37.0,100.39,38.0,1732.109375,1109.3419533893466
2026-07-21T03:59:54.318197+00:00,3819.0,37.0,100.83,38.0,1732.109375,1109.640295702964
2026-07-21T03:59:54.635281+00:00,3819.0,37.0,100.86,38.0,1732.109375,1109.9573786742985
2026-07-21T03:59:54.936038+00:00,3819.0,37.0,100.86,38.0,1732.109375,1110.2581361494958
2026-07-21T03:59:55.251244+00:00,3819.0,38.0,101.05,38.0,1732.109375,1110.57334202528
2026-07-21T03:59:55.571506+00:00,3819.0,38.0,100.6,38.0,1732.1171875,1110.8936036787927
2026-07-21T03:59:55.867177+00:00,3819.0,37.0,100.28,38.0,1732.1171875,1111.1892753727734
2026-07-21T03:59:56.183885+00:00,3819.0,37.0,100.12,38.0,1732.1171875,1111.505983300507
2026-07-21T03:59:56.507781+00:00,3819.0,37.0,100.22,38.0,1732.1171875,1111.829879578203
2026-07-21T03:59:56.838912+00:00,3819.0,37.0,100.27,38.0,1732.1171875,1112.161010377109
2026-07-21T03:59:57.156001+00:00,3819.0,37.0,100.11,38.0,1732.1171875,1112.4780974499881
2026-07-21T03:59:57.476151+00:00,3819.0,38.0,100.02,38.0,1732.1171875,1112.798249464482
2026-07-21T03:59:57.796294+00:00,3819.0,38.0,100.01,38.0,1732.1171875,1113.1183923743665
2026-07-21T03:59:58.142547+00:00,3819.0,37.0,100.29,38.0,1732.1171875,1113.4646452888846
2026-07-21T03:59:58.481952+00:00,3819.0,37.0,100.45,38.0,1732.1171875,1113.8040506243706
2026-07-21T03:59:58.833431+00:00,3819.0,38.0,100.52,38.0,1732.1171875,1114.1555289514363
2026-07-21T03:59:59.177166+00:00,3819.0,37.0,100.55,38.0,1732.1171875,1114.499264586717
2026-07-21T03:59:59.496771+00:00,3819.0,37.0,100.36,38.0,1732.12109375,1114.8188691362739
2026-07-21T03:59:59.840497+00:00,3819.0,37.0,100.73,38.0,1732.12109375,1115.1625937372446
2026-07-21T04:00:00.156003+00:00,3819.0,36.0,100.77,38.0,1732.12109375,1115.478100758046
2026-07-21T04:00:00.494350+00:00,3819.0,37.0,100.65,38.0,1732.12109375,1115.8164470754564
2026-07-21T04:00:00.859914+00:00,3819.0,37.0,100.62,38.0,1732.12109375,1116.182011730969
2026-07-21T04:00:01.247174+00:00,3819.0,27.0,100.74,38.0,1732.12890625,1116.569270811975
2026-07-21T04:00:01.564493+00:00,3819.0,35.0,100.58,38.0,1732.12890625,1116.886589884758
2026-07-21T04:00:01.930773+00:00,3819.0,37.0,100.4,38.0,1732.12890625,1117.2528710737824
2026-07-21T04:00:02.255828+00:00,3819.0,35.0,99.93,38.0,1732.12890625,1117.5779252573848
2026-07-21T04:00:02.584759+00:00,3819.0,37.0,99.46,38.0,1732.12890625,1117.9068567194045
2026-07-21T04:00:02.901156+00:00,3819.0,36.0,98.95,38.0,1732.12890625,1118.223254494369
2026-07-21T04:00:03.243017+00:00,3819.0,36.0,99.0,38.0,1732.12890625,1118.5651138275862
2026-07-21T04:00:03.556058+00:00,3819.0,37.0,98.86,38.0,1732.1328125,1118.8781555630267
2026-07-21T04:00:03.895542+00:00,3819.0,37.0,98.98,38.0,1732.1328125,1119.217640388757
2026-07-21T04:00:04.213759+00:00,3819.0,35.0,98.93,38.0,1732.1328125,1119.535856232047
2026-07-21T04:00:04.532516+00:00,3819.0,36.0,99.46,38.0,1732.1328125,1119.8546138219535
2026-07-21T04:00:04.899350+00:00,3819.0,37.0,99.62,38.0,1732.1328125,1120.2214488834143
2026-07-21T04:00:05.215423+00:00,3819.0,37.0,99.93,38.0,1732.1328125,1120.5375207848847
2026-07-21T04:00:05.509590+00:00,3819.0,37.0,99.81,38.0,1732.1328125,1120.8316884301603
2026-07-21T04:00:05.847261+00:00,3819.0,38.0,99.84,38.0,1732.1328125,1121.169358227402
2026-07-21T04:00:06.142295+00:00,3819.0,37.0,99.76,38.0,1732.1328125,1121.4643926732242
2026-07-21T04:00:06.506090+00:00,3819.0,37.0,99.88,38.0,1732.1328125,1121.8281882330775
2026-07-21T04:00:06.820681+00:00,3819.0,36.0,99.89,38.0,1732.1328125,1122.142779033631
2026-07-21T04:00:07.135023+00:00,3819.0,36.0,99.8,38.0,1732.1328125,1122.4571208804846
2026-07-21T04:00:07.451300+00:00,3819.0,37.0,99.89,38.0,1732.1328125,1122.773397821933
2026-07-21T04:00:07.802823+00:00,3819.0,36.0,99.96,38.0,1732.1328125,1123.1249212101102
2026-07-21T04:00:08.122114+00:00,3819.0,37.0,99.89,38.0,1732.1328125,1123.4442107342184
2026-07-21T04:00:08.478288+00:00,3819.0,37.0,99.93,38.0,1732.1328125,1123.8003861680627
2026-07-21T04:00:08.775255+00:00,3819.0,38.0,99.79,38.0,1732.1328125,1124.0973530896008
2026-07-21T04:00:09.091589+00:00,3819.0,37.0,99.96,38.0,1732.1328125,1124.413687068969
2026-07-21T04:00:09.386725+00:00,3819.0,36.0,100.13,38.0,1732.1328125,1124.7088233605027
2026-07-21T04:00:09.728780+00:00,3819.0,37.0,100.22,38.0,1732.1328125,1125.050877287984
2026-07-21T04:00:10.055778+00:00,3819.0,37.0,100.0,38.0,1732.1328125,1125.3778766170144
2026-07-21T04:00:10.351802+00:00,3819.0,36.0,100.03,38.0,1732.1328125,1125.6739000454545
2026-07-21T04:00:10.691745+00:00,3819.0,37.0,99.98,38.0,1732.1328125,1126.0138331763446
2026-07-21T04:00:11.008713+00:00,3819.0,37.0,99.72,38.0,1732.140625,1126.3308057412505
2026-07-21T04:00:11.328175+00:00,3819.0,36.0,99.43,38.0,1732.140625,1126.6502735055983
2026-07-21T04:00:11.690561+00:00,3819.0,37.0,99.35,38.0,1732.140625,1127.012659072876
2026-07-21T04:00:11.986922+00:00,3819.0,37.0,99.67,38.0,1732.140625,1127.3090189248323
2026-07-21T04:00:12.303590+00:00,3819.0,37.0,99.94,38.0,1732.140625,1127.6256880648434
2026-07-21T04:00:12.646467+00:00,3819.0,37.0,99.89,38.0,1732.140625,1127.9685647673905
2026-07-21T04:00:12.964824+00:00,3819.0,37.0,99.72,38.0,1732.140625,1128.2869214564562
2026-07-21T04:00:13.283464+00:00,3819.0,36.0,99.7,38.0,1732.140625,1128.6055620349944
2026-07-21T04:00:13.578158+00:00,3819.0,37.0,99.6,38.0,1732.140625,1128.900256741792
2026-07-21T04:00:13.918936+00:00,3819.0,36.0,99.74,38.0,1732.140625,1129.2410331219435
2026-07-21T04:00:14.279703+00:00,3819.0,37.0,99.6,38.0,1732.15234375,1129.6017995849252
2026-07-21T04:00:14.596927+00:00,3819.0,37.0,99.45,38.0,1732.15234375,1129.919025272131
2026-07-21T04:00:14.960297+00:00,3819.0,36.0,99.2,38.0,1732.15234375,1130.282394234091
2026-07-21T04:00:15.255432+00:00,3819.0,37.0,99.28,38.0,1732.15234375,1130.5775308199227
2026-07-21T04:00:15.551120+00:00,3819.0,37.0,99.34,38.0,1732.15234375,1130.8732176795602
2026-07-21T04:00:15.887229+00:00,3819.0,36.0,99.33,38.0,1732.15625,1131.20932758227
2026-07-21T04:00:16.226527+00:00,3819.0,36.0,99.25,38.0,1732.15625,1131.5486238971353
2026-07-21T04:00:16.540476+00:00,3819.0,37.0,99.16,38.0,1732.15625,1131.8625729456544
2026-07-21T04:00:16.861268+00:00,3819.0,35.0,99.41,38.0,1732.15625,1132.1833652071655
2026-07-21T04:00:17.185779+00:00,3819.0,36.0,99.07,38.0,1732.51953125,1132.5078764483333
2026-07-21T04:00:17.560408+00:00,3819.0,37.0,98.63,38.0,1732.53125,1132.8825054354966
2026-07-21T04:00:17.902932+00:00,3819.0,36.0,98.36,38.0,1732.53515625,1133.2250308841467
2026-07-21T04:00:18.215743+00:00,3819.0,35.0,98.71,38.0,1732.546875,1133.5378405153751
2026-07-21T04:00:18.554785+00:00,3819.0,34.0,98.76,38.0,1732.5546875,1133.8768826499581
2026-07-21T04:00:18.873256+00:00,3819.0,38.0,98.71,38.0,1732.5546875,1134.1953533403575
2026-07-21T04:00:19.222588+00:00,3819.0,35.0,98.57,38.0,1732.5625,1134.544686511159
2026-07-21T04:00:19.520207+00:00,3819.0,38.0,98.82,38.0,1732.5625,1134.842305097729
2026-07-21T04:00:19.896133+00:00,3819.0,37.0,98.73,38.0,1732.578125,1135.2182304672897
2026-07-21T04:00:20.192228+00:00,3819.0,35.0,99.0,38.0,1732.578125,1135.5143261700869
2026-07-21T04:00:20.534732+00:00,3819.0,35.0,98.93,38.0,1732.5859375,1135.8568299226463
2026-07-21T04:00:20.861108+00:00,3819.0,36.0,99.03,38.0,1732.59375,1136.1832059808075
2026-07-21T04:00:21.206719+00:00,3819.0,34.0,98.95,38.0,1732.59375,1136.528816767037
2026-07-21T04:00:21.531573+00:00,3819.0,35.0,98.7,38.0,1732.6015625,1136.8536711409688
2026-07-21T04:00:21.870712+00:00,3819.0,32.0,98.37,38.0,1732.609375,1137.1928102523088
2026-07-21T04:00:22.210076+00:00,3819.0,37.0,98.42,38.0,1732.61328125,1137.5321740359068
2026-07-21T04:00:22.529224+00:00,3819.0,36.0,98.5,38.0,1732.61328125,1137.851321849972
2026-07-21T04:00:22.871185+00:00,3819.0,36.0,98.64,38.0,1732.625,1138.193282790482
2026-07-21T04:00:23.187488+00:00,3819.0,35.0,98.93,38.0,1732.63671875,1138.5095861665905
2026-07-21T04:00:23.524287+00:00,3819.0,36.0,98.94,38.0,1732.63671875,1138.8463845439255
2026-07-21T04:00:23.890890+00:00,3819.0,36.0,99.2,38.0,1732.640625,1139.2129874825478
2026-07-21T04:00:24.238268+00:00,3819.0,35.0,99.22,38.0,1732.65234375,1139.5603655651212
2026-07-21T04:00:24.556626+00:00,3819.0,34.0,99.07,38.0,1732.65625,1139.8787230737507
2026-07-21T04:00:24.879865+00:00,3819.0,36.0,98.8,38.0,1732.65625,1140.2019630298018
2026-07-21T04:00:25.218186+00:00,3819.0,36.0,98.7,38.0,1732.6640625,1140.5402837507427
2026-07-21T04:00:25.537069+00:00,3819.0,36.0,98.74,38.0,1732.66796875,1140.8591670542955
2026-07-21T04:00:25.860699+00:00,3819.0,36.0,98.48,38.0,1732.66796875,1141.1827967390418
2026-07-21T04:00:26.189103+00:00,3819.0,36.0,98.42,38.0,1732.671875,1141.5112014859915
2026-07-21T04:00:26.522101+00:00,3819.0,35.0,98.76,38.0,1732.671875,1141.844198204577
2026-07-21T04:00:26.886358+00:00,3819.0,36.0,99.12,38.0,1732.69140625,1142.2084531895816
2026-07-21T04:00:27.184426+00:00,3819.0,35.0,99.15,38.0,1732.69140625,1142.5065232105553
2026-07-21T04:00:27.483725+00:00,3819.0,36.0,99.26,38.0,1732.69140625,1142.805822558701
2026-07-21T04:00:27.781137+00:00,3819.0,36.0,99.1,38.0,1732.69921875,1143.1032355688512
2026-07-21T04:00:28.119203+00:00,3819.0,16.0,98.75,38.0,1732.70703125,1143.4413014426827
2026-07-21T04:00:28.458745+00:00,3819.0,34.0,98.27,38.0,1732.71484375,1143.7808429151773
2026-07-21T04:00:28.781401+00:00,3819.0,35.0,98.14,38.0,1732.71484375,1144.1034987345338
2026-07-21T04:00:29.113787+00:00,3819.0,36.0,98.17,38.0,1732.73828125,1144.4358852021396
2026-07-21T04:00:29.430958+00:00,3819.0,36.0,98.48,38.0,1732.73828125,1144.7530567087233
2026-07-21T04:00:29.749214+00:00,3819.0,35.0,98.4,38.0,1732.73828125,1145.0713118314743
2026-07-21T04:00:30.129540+00:00,3819.0,35.0,98.63,38.0,1732.74609375,1145.451637621969
2026-07-21T04:00:30.451195+00:00,3819.0,35.0,98.64,38.0,1732.74609375,1145.7732928842306
2026-07-21T04:00:30.791930+00:00,3819.0,36.0,98.86,38.0,1732.7578125,1146.114027891308
2026-07-21T04:00:31.090093+00:00,3819.0,34.0,98.06,38.0,1732.80078125,1146.4121907874942
2026-07-21T04:00:31.411924+00:00,3819.0,36.0,98.19,38.0,1732.8046875,1146.7340207137167
2026-07-21T04:00:31.732927+00:00,3819.0,36.0,98.29,38.0,1732.8046875,1147.0550245903432
2026-07-21T04:00:32.062189+00:00,3819.0,37.0,98.65,38.0,1732.8046875,1147.3842862546444
2026-07-21T04:00:32.409775+00:00,3819.0,36.0,98.33,38.0,1732.81640625,1147.7318732179701
2026-07-21T04:00:32.727631+00:00,3819.0,37.0,98.3,38.0,1732.81640625,1148.0497297793627
2026-07-21T04:00:33.138687+00:00,3819.0,30.0,97.94,38.0,1732.82421875,1148.4607852324843
2026-07-21T04:00:33.451793+00:00,3819.0,36.0,97.0,38.0,1732.8203125,1148.7738910987973
2026-07-21T04:00:33.787566+00:00,3819.0,37.0,96.87,38.0,1732.8203125,1149.1096645593643
2026-07-21T04:00:34.088330+00:00,3819.0,36.0,97.6,38.0,1732.8203125,1149.4104281552136
2026-07-21T04:00:34.404871+00:00,3819.0,36.0,98.75,38.0,1732.8203125,1149.7269684374332
2026-07-21T04:00:34.747068+00:00,3819.0,36.0,98.63,38.0,1732.8203125,1150.0691655501723
2026-07-21T04:00:35.089381+00:00,3819.0,37.0,98.91,38.0,1732.8203125,1150.411479022354
2026-07-21T04:00:35.412096+00:00,3819.0,37.0,99.01,38.0,1732.8203125,1150.734194058925
2026-07-21T04:00:35.753852+00:00,3819.0,37.0,99.21,38.0,1732.8203125,1151.0759497359395
2026-07-21T04:00:36.070819+00:00,3819.0,36.0,99.33,38.0,1732.8203125,1151.3929175026715
2026-07-21T04:00:36.412468+00:00,3819.0,36.0,99.57,38.0,1732.8203125,1151.7345661856234
2026-07-21T04:00:36.733460+00:00,3819.0,36.0,99.66,38.0,1732.8203125,1152.0555588826537
2026-07-21T04:00:37.063646+00:00,3819.0,37.0,99.53,38.0,1732.8203125,1152.385741636157
2026-07-21T04:00:37.433898+00:00,3819.0,37.0,99.19,38.0,1732.8203125,1152.7559961304069
2026-07-21T04:00:37.753220+00:00,3819.0,15.0,98.56,38.0,1732.828125,1153.075317543
2026-07-21T04:00:38.093241+00:00,3819.0,37.0,98.74,38.0,1732.828125,1153.4153387919068
2026-07-21T04:00:38.457834+00:00,3819.0,35.0,98.85,38.0,1732.828125,1153.7799306213856
2026-07-21T04:00:38.798676+00:00,3819.0,36.0,99.31,38.0,1732.828125,1154.12077409029
2026-07-21T04:00:39.116226+00:00,3819.0,36.0,99.39,38.0,1732.828125,1154.438322905451
2026-07-21T04:00:39.435560+00:00,3819.0,35.0,99.23,38.0,1732.828125,1154.7576584257185
2026-07-21T04:00:39.801384+00:00,3819.0,37.0,99.13,38.0,1732.828125,1155.1234825663269
2026-07-21T04:00:40.126565+00:00,3819.0,37.0,99.08,38.0,1732.828125,1155.4486630149186
2026-07-21T04:00:40.466137+00:00,3819.0,37.0,99.21,38.0,1732.828125,1155.7882354594767
2026-07-21T04:00:40.831414+00:00,3819.0,36.0,99.19,38.0,1732.828125,1156.1535114645958
2026-07-21T04:00:41.174212+00:00,3819.0,37.0,99.15,38.0,1732.828125,1156.4963099509478
2026-07-21T04:00:41.515239+00:00,3819.0,31.0,99.14,38.0,1732.828125,1156.8373370990157
2026-07-21T04:00:41.835493+00:00,3819.0,36.0,98.87,38.0,1732.828125,1157.1575904414058
2026-07-21T04:00:42.152910+00:00,3819.0,37.0,99.02,38.0,1732.828125,1157.4750075526536
2026-07-21T04:00:42.471731+00:00,3819.0,38.0,99.36,38.0,1732.828125,1157.7938291616738
2026-07-21T04:00:42.814715+00:00,3819.0,38.0,99.69,38.0,1732.828125,1158.136813275516
2026-07-21T04:00:43.128233+00:00,3819.0,37.0,99.97,38.0,1732.828125,1158.4503310620785
2026-07-21T04:00:43.443115+00:00,3819.0,37.0,99.88,38.0,1732.828125,1158.7652136906981
2026-07-21T04:00:43.761638+00:00,3819.0,37.0,99.87,38.0,1732.828125,1159.083736859262
2026-07-21T04:00:44.101707+00:00,3819.0,37.0,99.76,38.0,1732.9296875,1159.4238024391234
2026-07-21T04:00:44.416168+00:00,3819.0,37.0,99.72,38.0,1732.9296875,1159.738266069442
2026-07-21T04:00:44.755523+00:00,3819.0,37.0,99.66,38.0,1732.9296875,1160.0776203908026
2026-07-21T04:00:45.094244+00:00,3819.0,37.0,99.77,38.0,1732.9296875,1160.4163425602019
2026-07-21T04:00:45.411777+00:00,3819.0,37.0,99.81,38.0,1732.9296875,1160.7338758669794
2026-07-21T04:00:45.733667+00:00,3819.0,24.0,99.35,38.0,1732.9375,1161.0557642355561
2026-07-21T04:00:46.056727+00:00,3819.0,37.0,98.98,38.0,1732.9375,1161.3788246288896
2026-07-21T04:00:46.400015+00:00,3819.0,37.0,98.55,38.0,1732.9375,1161.7221122942865
2026-07-21T04:00:46.697864+00:00,3819.0,35.0,98.84,38.0,1732.9375,1162.0199621766806
2026-07-21T04:00:47.013628+00:00,3819.0,38.0,98.59,38.0,1732.9375,1162.3357258886099
2026-07-21T04:00:47.354238+00:00,3819.0,35.0,98.63,38.0,1732.9375,1162.6763264015317
2026-07-21T04:00:47.673273+00:00,3819.0,37.0,99.14,38.0,1732.9375,1162.9953714981675
2026-07-21T04:00:47.993282+00:00,3819.0,36.0,99.12,38.0,1732.9375,1163.315380372107
2026-07-21T04:00:48.357762+00:00,3819.0,37.0,99.51,38.0,1732.9375,1163.6798595786095
2026-07-21T04:00:48.677186+00:00,3819.0,37.0,99.47,38.0,1732.9375,1163.9992849119008
2026-07-21T04:00:49.004972+00:00,3819.0,16.0,98.92,38.0,1732.94140625,1164.3270640783012
2026-07-21T04:00:49.323827+00:00,3819.0,35.0,98.91,38.0,1732.94140625,1164.6459248252213
2026-07-21T04:00:49.645032+00:00,3819.0,36.0,98.71,38.0,1732.94140625,1164.9671291150153
2026-07-21T04:00:49.974057+00:00,3819.0,37.0,99.24,38.0,1732.94140625,1165.2961461767554
2026-07-21T04:00:50.292186+00:00,3819.0,36.0,99.1,38.0,1732.94140625,1165.6142832525074
2026-07-21T04:00:50.620115+00:00,3819.0,37.0,99.12,38.0,1732.94140625,1165.9422129578888
2026-07-21T04:00:50.963214+00:00,3819.0,37.0,99.04,38.0,1732.94140625,1166.2853125035763
2026-07-21T04:00:51.310631+00:00,3819.0,37.0,99.05,38.0,1732.94140625,1166.632728241384
2026-07-21T04:00:51.666556+00:00,3819.0,37.0,99.42,38.0,1732.94140625,1166.9886532612145
2026-07-21T04:00:52.007256+00:00,3819.0,38.0,99.49,38.0,1732.94140625,1167.3293542787433
2026-07-21T04:00:52.323123+00:00,3819.0,38.0,99.65,38.0,1732.94140625,1167.6452206224203
2026-07-21T04:00:52.686654+00:00,3819.0,38.0,99.81,38.0,1732.94140625,1168.0087526254356
2026-07-21T04:00:53.026928+00:00,3819.0,38.0,99.77,38.0,1732.94140625,1168.349025823176
2026-07-21T04:00:53.343858+00:00,3819.0,36.0,99.46,38.0,1732.94140625,1168.6659557782114
2026-07-21T04:00:53.685877+00:00,3819.0,37.0,99.5,38.0,1732.94140625,1169.007974408567
2026-07-21T04:00:54.007537+00:00,3819.0,38.0,99.46,38.0,1732.94140625,1169.329635232687
2026-07-21T04:00:54.369907+00:00,3819.0,37.0,99.62,38.0,1732.94140625,1169.6920051723719
2026-07-21T04:00:54.688714+00:00,3819.0,36.0,99.4,38.0,1732.94140625,1170.010811842978
2026-07-21T04:00:55.046922+00:00,3819.0,38.0,99.52,38.0,1732.94140625,1170.369019664824
2026-07-21T04:00:55.363239+00:00,3819.0,37.0,99.54,38.0,1732.94140625,1170.6853372491896
2026-07-21T04:00:55.680861+00:00,3819.0,37.0,99.71,38.0,1732.94140625,1171.0029581040144
2026-07-21T04:00:56.051070+00:00,3819.0,34.0,99.35,38.0,1732.94140625,1171.3731675222516
2026-07-21T04:00:56.367810+00:00,3819.0,38.0,99.44,38.0,1732.94140625,1171.6899084113538
2026-07-21T04:00:56.711306+00:00,3819.0,38.0,99.67,38.0,1732.94140625,1172.0334035381675
2026-07-21T04:00:57.033331+00:00,3819.0,37.0,99.28,38.0,1732.94921875,1172.3554279953241
2026-07-21T04:00:57.356448+00:00,3819.0,35.0,98.93,38.0,1732.94921875,1172.678546000272
2026-07-21T04:00:57.676972+00:00,3819.0,36.0,98.93,38.0,1732.94921875,1172.9990691654384
2026-07-21T04:00:57.996612+00:00,3819.0,37.0,99.23,38.0,1732.94921875,1173.3187096342444
2026-07-21T04:00:58.339744+00:00,3819.0,37.0,99.28,38.0,1732.94921875,1173.661840658635
2026-07-21T04:00:58.660681+00:00,3819.0,37.0,99.32,38.0,1732.94921875,1173.9827787093818
2026-07-21T04:00:58.980258+00:00,3819.0,37.0,99.25,38.0,1732.94921875,1174.3023560270667
2026-07-21T04:00:59.345915+00:00,3819.0,37.0,99.59,38.0,1732.94921875,1174.6680130884051
2026-07-21T04:00:59.662909+00:00,3819.0,37.0,99.96,38.0,1732.94921875,1174.9850076399744
2026-07-21T04:01:00.004584+00:00,3819.0,37.0,100.32,38.0,1732.94921875,1175.326681546867
2026-07-21T04:01:00.334148+00:00,3819.0,35.0,100.13,38.0,1732.94921875,1175.6562466360629
2026-07-21T04:01:00.649588+00:00,3819.0,37.0,99.99,38.0,1732.94921875,1175.971686128527
2026-07-21T04:01:00.969211+00:00,3819.0,37.0,100.15,38.0,1732.94921875,1176.2913087755442
2026-07-21T04:01:01.273829+00:00,3819.0,38.0,100.22,38.0,1732.94921875,1176.595927156508
2026-07-21T04:01:01.593040+00:00,3819.0,37.0,100.12,38.0,1732.94921875,1176.9151381924748
2026-07-21T04:01:01.913048+00:00,3819.0,38.0,100.35,38.0,1732.94921875,1177.235145803541
2026-07-21T04:01:02.216494+00:00,3819.0,38.0,100.29,38.0,1732.94921875,1177.5385925024748
2026-07-21T04:01:02.536840+00:00,3819.0,37.0,100.17,38.0,1732.94921875,1177.858938060701
2026-07-21T04:01:02.863701+00:00,3819.0,37.0,99.6,38.0,1732.95703125,1178.1857988759875
2026-07-21T04:01:03.205991+00:00,3819.0,38.0,99.55,38.0,1732.95703125,1178.5280892439187
2026-07-21T04:01:03.519944+00:00,3819.0,37.0,99.38,38.0,1732.95703125,1178.8420415073633
2026-07-21T04:01:03.824277+00:00,3819.0,37.0,99.56,38.0,1732.95703125,1179.1463746987283
2026-07-21T04:01:04.119308+00:00,3819.0,38.0,99.34,38.0,1732.95703125,1179.4414064660668
2026-07-21T04:01:04.442981+00:00,3819.0,37.0,99.15,38.0,1732.95703125,1179.7650798223913
2026-07-21T04:01:04.820261+00:00,3819.0,27.0,97.79,38.0,1733.78515625,1180.1423580348492
2026-07-21T04:01:05.137406+00:00,3819.0,37.0,97.42,38.0,1733.9296875,1180.4595038183033
2026-07-21T04:01:05.486430+00:00,3819.0,37.0,97.37,38.0,1733.984375,1180.8085268326104
2026-07-21T04:01:05.783223+00:00,3819.0,37.0,99.03,38.0,1733.9921875,1181.105320584029
2026-07-21T04:01:06.130343+00:00,3819.0,37.0,99.4,38.0,1734.03125,1181.4524412192404
2026-07-21T04:01:06.447498+00:00,3819.0,37.0,99.66,38.0,1734.03515625,1181.7695958912373
2026-07-21T04:01:06.791079+00:00,3819.0,36.0,99.52,38.0,1734.046875,1182.11317737028
2026-07-21T04:01:07.111202+00:00,3819.0,37.0,99.74,38.0,1734.05859375,1182.4332999400795
2026-07-21T04:01:07.432034+00:00,3819.0,37.0,99.51,38.0,1734.05859375,1182.754131052643
2026-07-21T04:01:07.760600+00:00,3819.0,38.0,99.82,38.0,1734.0703125,1183.0826979540288
2026-07-21T04:01:08.079658+00:00,3819.0,38.0,99.9,38.0,1734.0703125,1183.4017564728856
2026-07-21T04:01:08.383804+00:00,3819.0,37.0,99.8,38.0,1734.08984375,1183.705901823938
2026-07-21T04:01:08.711791+00:00,3819.0,37.0,99.42,38.0,1734.08984375,1184.0338889211416
2026-07-21T04:01:09.032524+00:00,3819.0,37.0,99.19,38.0,1734.09765625,1184.3546215705574
2026-07-21T04:01:09.407260+00:00,3819.0,17.0,99.16,38.0,1734.11328125,1184.7293568402529
2026-07-21T04:01:09.746762+00:00,3819.0,37.0,99.38,38.0,1734.11328125,1185.0688595995307
2026-07-21T04:01:10.098844+00:00,3819.0,38.0,99.55,38.0,1734.12109375,1185.4209414348006
2026-07-21T04:01:10.441197+00:00,3819.0,37.0,99.65,38.0,1734.12109375,1185.7632951773703
2026-07-21T04:01:10.783381+00:00,3819.0,36.0,99.35,38.0,1734.1328125,1186.1054787151515
2026-07-21T04:01:11.153900+00:00,3819.0,37.0,99.69,38.0,1734.1328125,1186.4759977906942
2026-07-21T04:01:11.472320+00:00,3819.0,12.0,97.82,38.0,1734.14453125,1186.7944177612662
2026-07-21T04:01:11.770172+00:00,3819.0,37.0,97.67,38.0,1734.15234375,1187.0922703146935
2026-07-21T04:01:12.092246+00:00,3819.0,27.0,96.32,38.0,1734.15234375,1187.4143438264728
2026-07-21T04:01:12.412327+00:00,3819.0,37.0,97.0,38.0,1734.1640625,1187.7344245873392
2026-07-21T04:01:12.779886+00:00,3819.0,12.0,95.87,38.0,1734.27734375,1188.1019833013415
2026-07-21T04:01:13.082699+00:00,3819.0,36.0,96.83,38.0,1734.28125,1188.4047972261906
2026-07-21T04:01:13.402049+00:00,3819.0,37.0,97.47,38.0,1734.29296875,1188.7241467870772
2026-07-21T04:01:13.700118+00:00,3819.0,37.0,98.78,38.0,1734.29296875,1189.022215936333
2026-07-21T04:01:14.022173+00:00,3819.0,36.0,99.14,38.0,1734.31640625,1189.344270747155
2026-07-21T04:01:14.359033+00:00,3819.0,37.0,99.01,38.0,1734.31640625,1189.6811300441623
2026-07-21T04:01:14.698721+00:00,3819.0,37.0,99.12,38.0,1734.32421875,1190.0208187624812
2026-07-21T04:01:15.013278+00:00,3819.0,37.0,99.28,38.0,1734.3359375,1190.3353762328625
2026-07-21T04:01:15.334209+00:00,3819.0,37.0,99.54,38.0,1734.33984375,1190.6563069447875
2026-07-21T04:01:15.656812+00:00,3819.0,37.0,99.6,38.0,1734.34375,1190.9789097644389
2026-07-21T04:01:15.975488+00:00,3819.0,36.0,99.75,38.0,1734.34375,1191.297585554421
2026-07-21T04:01:16.295143+00:00,3819.0,37.0,99.72,38.0,1734.359375,1191.617240831256
2026-07-21T04:01:16.611793+00:00,3819.0,37.0,99.69,38.0,1734.359375,1191.9338898211718
2026-07-21T04:01:16.932035+00:00,3819.0,37.0,99.76,38.0,1734.37890625,1192.254133194685
2026-07-21T04:01:17.273265+00:00,3819.0,38.0,99.71,38.0,1734.37890625,1192.595362894237
2026-07-21T04:01:17.592736+00:00,3819.0,37.0,99.89,38.0,1734.3828125,1192.9148337729275
2026-07-21T04:01:17.911742+00:00,3819.0,37.0,99.34,38.0,1734.4140625,1193.2338397055864
2026-07-21T04:01:18.231622+00:00,3819.0,37.0,99.35,38.0,1734.4140625,1193.5537203475833
2026-07-21T04:01:18.550764+00:00,3819.0,37.0,99.17,38.0,1734.4296875,1193.8728622421622
2026-07-21T04:01:18.886580+00:00,3819.0,36.0,99.18,38.0,1734.4296875,1194.208678767085
2026-07-21T04:01:19.186996+00:00,3819.0,37.0,99.03,38.0,1734.4375,1194.5090942755342
2026-07-21T04:01:19.503446+00:00,3819.0,36.0,99.29,38.0,1734.4375,1194.8255439139903
2026-07-21T04:01:19.824713+00:00,3819.0,37.0,99.56,38.0,1734.4453125,1195.1468112654984
2026-07-21T04:01:20.162350+00:00,3819.0,37.0,99.62,38.0,1734.44921875,1195.4844482839108
2026-07-21T04:01:20.475501+00:00,3819.0,37.0,99.73,38.0,1734.44921875,1195.7975986413658
2026-07-21T04:01:20.791957+00:00,3819.0,38.0,99.94,38.0,1734.44921875,1196.1140551902354
2026-07-21T04:01:21.089648+00:00,3819.0,37.0,99.95,38.0,1734.44921875,1196.4117458313704
2026-07-21T04:01:21.411522+00:00,3819.0,36.0,99.8,38.0,1734.4609375,1196.7336199209094
2026-07-21T04:01:21.732162+00:00,3819.0,38.0,99.49,38.0,1734.4609375,1197.0542610995471
2026-07-21T04:01:22.049506+00:00,3819.0,38.0,99.62,38.0,1734.46875,1197.3716043047607
2026-07-21T04:01:22.389685+00:00,3819.0,35.0,99.45,38.0,1734.59375,1197.7117821536958
2026-07-21T04:01:22.707576+00:00,3819.0,36.0,99.59,38.0,1734.59375,1198.0296741053462
2026-07-21T04:01:23.058050+00:00,3819.0,24.0,98.96,38.0,1734.7109375,1198.3801477849483
2026-07-21T04:01:23.377304+00:00,3819.0,37.0,99.03,38.0,1734.7109375,1198.6994021311402
2026-07-21T04:01:23.718305+00:00,3819.0,36.0,98.87,38.0,1734.71484375,1199.0404023453593
2026-07-21T04:01:24.077946+00:00,3819.0,37.0,99.19,38.0,1734.71484375,1199.4000441394746
2026-07-21T04:01:24.403127+00:00,3819.0,36.0,99.43,38.0,1734.73046875,1199.7252251282334
2026-07-21T04:01:24.699833+00:00,3819.0,38.0,99.15,38.0,1734.73046875,1200.0219311602414
2026-07-21T04:01:25.059598+00:00,3819.0,37.0,99.33,38.0,1734.734375,1200.3816954419017
2026-07-21T04:01:25.359334+00:00,3819.0,37.0,99.2,38.0,1734.73828125,1200.6814321652055
2026-07-21T04:01:25.680832+00:00,3819.0,36.0,99.29,38.0,1734.73828125,1201.0029302760959
2026-07-21T04:01:25.977341+00:00,3819.0,37.0,99.22,38.0,1734.74609375,1201.2994390800595
2026-07-21T04:01:26.296412+00:00,3819.0,36.0,99.34,38.0,1734.7734375,1201.6185092441738
2026-07-21T04:01:26.615860+00:00,3819.0,37.0,99.21,38.0,1734.7890625,1201.9379487074912
2026-07-21T04:01:26.959624+00:00,3819.0,37.0,99.3,38.0,1734.7890625,1202.2817220799625
2026-07-21T04:01:27.321623+00:00,3819.0,38.0,99.78,38.0,1734.79296875,1202.6437154188752
2026-07-21T04:01:27.640497+00:00,3819.0,38.0,100.2,38.0,1734.79296875,1202.9625943675637
2026-07-21T04:01:27.959815+00:00,3819.0,38.0,100.15,38.0,1734.796875,1203.2819124870002
2026-07-21T04:01:28.320518+00:00,3819.0,37.0,100.13,38.0,1734.828125,1203.6426154486835
2026-07-21T04:01:28.663647+00:00,3819.0,37.0,100.05,38.0,1734.828125,1203.9857443086803
2026-07-21T04:01:29.009101+00:00,3819.0,37.0,100.2,38.0,1734.83203125,1204.3311980701983
2026-07-21T04:01:29.324156+00:00,3819.0,25.0,99.6,38.0,1734.9765625,1204.6462536044419
2026-07-21T04:01:29.621419+00:00,3819.0,37.0,99.45,38.0,1734.98046875,1204.9435175806284
2026-07-21T04:01:29.959708+00:00,3819.0,37.0,99.26,38.0,1734.98046875,1205.2818053513765
2026-07-21T04:01:30.278766+00:00,3819.0,36.0,99.15,38.0,1734.984375,1205.6008641421795
2026-07-21T04:01:30.624582+00:00,3819.0,36.0,98.74,38.0,1734.99609375,1205.9466798119247
2026-07-21T04:01:30.941161+00:00,3819.0,36.0,98.72,38.0,1734.99609375,1206.263258818537
2026-07-21T04:01:31.274857+00:00,3819.0,37.0,98.95,38.0,1735.0078125,1206.5969552509487
2026-07-21T04:01:31.596663+00:00,3819.0,37.0,99.2,38.0,1735.0078125,1206.9187618084252
2026-07-21T04:01:31.917677+00:00,3819.0,37.0,99.56,38.0,1735.01171875,1207.2397753074765
2026-07-21T04:01:32.261230+00:00,3819.0,37.0,99.55,38.0,1735.05078125,1207.5833281241357
2026-07-21T04:01:32.580495+00:00,3819.0,36.0,99.56,38.0,1735.0546875,1207.9025927595794
2026-07-21T04:01:32.879275+00:00,3819.0,38.0,99.71,38.0,1735.0546875,1208.2013728506863
2026-07-21T04:01:33.245153+00:00,3819.0,24.0,99.52,38.0,1735.203125,1208.5672505535185
2026-07-21T04:01:33.542127+00:00,3819.0,37.0,99.39,38.0,1735.20703125,1208.86422502622
2026-07-21T04:01:33.910811+00:00,3819.0,36.0,99.44,38.0,1735.20703125,1209.2329083047807
2026-07-21T04:01:34.230228+00:00,3819.0,38.0,99.42,38.0,1735.2421875,1209.5523265078664
2026-07-21T04:01:34.547151+00:00,3819.0,37.0,99.31,38.0,1735.2421875,1209.8692485243082
2026-07-21T04:01:34.860714+00:00,3819.0,37.0,99.17,38.0,1735.2421875,1210.182812191546
2026-07-21T04:01:35.178722+00:00,3819.0,36.0,99.28,38.0,1735.2421875,1210.5008201859891
2026-07-21T04:01:35.490963+00:00,3819.0,37.0,99.17,38.0,1735.26171875,1210.813060130924
2026-07-21T04:01:35.808532+00:00,3819.0,37.0,99.23,38.0,1735.265625,1211.1306297443807
2026-07-21T04:01:36.169874+00:00,3819.0,36.0,99.4,38.0,1735.26953125,1211.4919714964926
2026-07-21T04:01:36.506408+00:00,3819.0,37.0,99.52,38.0,1735.27734375,1211.8285057470202
2026-07-21T04:01:36.824885+00:00,3819.0,23.0,99.0,38.0,1735.3359375,1212.1469828486443
2026-07-21T04:01:37.165769+00:00,3819.0,37.0,99.18,38.0,1735.34375,1212.487867925316
2026-07-21T04:01:37.462155+00:00,3819.0,37.0,99.03,38.0,1735.34375,1212.784252770245
2026-07-21T04:01:37.779868+00:00,3819.0,37.0,99.09,38.0,1735.34765625,1213.1019651331007
2026-07-21T04:01:38.097559+00:00,3819.0,38.0,99.34,38.0,1735.34765625,1213.4196573495865
2026-07-21T04:01:38.422971+00:00,3819.0,37.0,99.41,38.0,1735.34765625,1213.7450689822435
2026-07-21T04:01:38.762855+00:00,3819.0,38.0,99.42,38.0,1735.36328125,1214.084952827543
2026-07-21T04:01:39.086742+00:00,3819.0,37.0,99.63,38.0,1735.36328125,1214.4088398106396
2026-07-21T04:01:39.403769+00:00,3819.0,38.0,99.63,38.0,1735.37109375,1214.725866444409
2026-07-21T04:01:39.700635+00:00,3819.0,37.0,99.6,38.0,1735.37109375,1215.0227335169911
2026-07-21T04:01:40.023150+00:00,3819.0,37.0,99.5,38.0,1735.375,1215.345247965306
2026-07-21T04:01:40.373237+00:00,3819.0,33.0,98.9,38.0,1735.4921875,1215.695334881544
2026-07-21T04:01:40.693414+00:00,3819.0,37.0,99.04,38.0,1735.49609375,1216.0155124925077
2026-07-21T04:01:40.991408+00:00,3819.0,37.0,98.84,38.0,1735.50390625,1216.3135057128966
2026-07-21T04:01:41.317801+00:00,3819.0,38.0,98.92,38.0,1735.50390625,1216.6398994363844
2026-07-21T04:01:41.636019+00:00,3819.0,37.0,99.28,38.0,1735.51171875,1216.9581175073981
2026-07-21T04:01:41.956099+00:00,3819.0,38.0,99.35,38.0,1735.51171875,1217.278196528554
2026-07-21T04:01:42.271705+00:00,3819.0,37.0,99.32,38.0,1735.5234375,1217.5938034430146
2026-07-21T04:01:42.614394+00:00,3819.0,37.0,99.57,38.0,1735.5234375,1217.9364917650819
2026-07-21T04:01:42.928728+00:00,3819.0,37.0,99.8,38.0,1735.52734375,1218.2508256323636
2026-07-21T04:01:43.270218+00:00,3819.0,38.0,100.03,38.0,1735.53125,1218.5923152416945
2026-07-21T04:01:43.567517+00:00,3819.0,38.0,99.91,38.0,1735.53125,1218.8896153122187
2026-07-21T04:01:43.884137+00:00,3819.0,38.0,99.89,38.0,1735.53515625,1219.2062352858484
2026-07-21T04:01:44.221924+00:00,3819.0,37.0,99.86,38.0,1735.53515625,1219.5440217927098
2026-07-21T04:01:44.558980+00:00,3819.0,37.0,99.37,38.0,1735.59375,1219.8810781687498
2026-07-21T04:01:44.880965+00:00,3819.0,36.0,99.02,38.0,1735.59375,1220.2030621543527
2026-07-21T04:01:45.195591+00:00,3819.0,37.0,98.78,38.0,1735.59765625,1220.5176877826452
2026-07-21T04:01:45.537946+00:00,3819.0,36.0,99.19,38.0,1735.59765625,1220.860043618828
2026-07-21T04:01:45.859102+00:00,3819.0,37.0,99.0,38.0,1735.59765625,1221.1812001764774
2026-07-21T04:01:46.180784+00:00,3819.0,37.0,98.87,38.0,1735.60546875,1221.502882193774
2026-07-21T04:01:46.543118+00:00,3819.0,37.0,99.04,38.0,1735.60546875,1221.865214034915
2026-07-21T04:01:46.893153+00:00,3819.0,37.0,98.89,38.0,1735.6796875,1222.2152487523854
2026-07-21T04:01:47.227588+00:00,3819.0,35.0,98.52,38.0,1735.69140625,1222.5496832989156
2026-07-21T04:01:47.562420+00:00,3819.0,36.0,98.02,38.0,1735.6953125,1222.8845179602504
2026-07-21T04:01:47.906748+00:00,3819.0,35.0,98.57,38.0,1735.6953125,1223.2288459725678
2026-07-21T04:01:48.253756+00:00,3819.0,37.0,98.9,38.0,1735.69921875,1223.5758540220559
2026-07-21T04:01:48.573383+00:00,3819.0,37.0,99.09,38.0,1735.70703125,1223.8954805247486
2026-07-21T04:01:48.871803+00:00,3819.0,37.0,99.36,38.0,1735.70703125,1224.1939007639885
2026-07-21T04:01:49.191672+00:00,3819.0,37.0,99.33,38.0,1735.7109375,1224.5137705691159
2026-07-21T04:01:49.511728+00:00,3819.0,37.0,99.34,38.0,1735.7109375,1224.8338267020881
2026-07-21T04:01:49.828177+00:00,3819.0,38.0,99.59,38.0,1735.72265625,1225.1502754800022
2026-07-21T04:01:50.133969+00:00,3819.0,18.0,98.97,38.0,1735.76953125,1225.4560660012066
2026-07-21T04:01:50.450640+00:00,3819.0,37.0,99.03,38.0,1735.76953125,1225.7727376781404
2026-07-21T04:01:50.765415+00:00,3819.0,37.0,98.84,38.0,1735.77734375,1226.0875129960477
2026-07-21T04:01:51.127063+00:00,3819.0,38.0,99.19,38.0,1735.77734375,1226.4491605944932
2026-07-21T04:01:51.446367+00:00,3819.0,38.0,99.17,38.0,1735.7890625,1226.768464293331
2026-07-21T04:01:51.744085+00:00,3819.0,37.0,99.26,38.0,1735.7890625,1227.0661829262972
2026-07-21T04:01:52.105768+00:00,3819.0,38.0,99.24,38.0,1735.796875,1227.4278647378087
2026-07-21T04:01:52.425503+00:00,3819.0,38.0,99.37,38.0,1735.796875,1227.7476009130478
2026-07-21T04:01:52.770271+00:00,3819.0,38.0,98.73,38.0,1735.890625,1228.0923689864576
2026-07-21T04:01:53.093439+00:00,3819.0,37.0,98.85,38.0,1735.890625,1228.415537059307
2026-07-21T04:01:53.415275+00:00,3819.0,37.0,98.7,38.0,1735.890625,1228.7373726405203
2026-07-21T04:01:53.736177+00:00,3819.0,38.0,98.74,38.0,1736.11328125,1229.0582752749324
2026-07-21T04:01:54.059407+00:00,3819.0,37.0,99.15,38.0,1736.11328125,1229.3815056160092
2026-07-21T04:01:54.380278+00:00,3819.0,37.0,99.28,38.0,1736.125,1229.702376179397
2026-07-21T04:01:54.742968+00:00,3819.0,37.0,99.38,38.0,1736.125,1230.0650653764606
2026-07-21T04:01:55.106162+00:00,3819.0,35.0,99.25,38.0,1736.12890625,1230.428259383887
2026-07-21T04:01:55.427570+00:00,3819.0,38.0,99.04,38.0,1736.12890625,1230.749667007476
2026-07-21T04:01:55.748345+00:00,3819.0,37.0,98.85,38.0,1736.14453125,1231.070443496108
2026-07-21T04:01:56.091833+00:00,3819.0,37.0,99.24,38.0,1736.14453125,1231.4139299839735
2026-07-21T04:01:56.433572+00:00,3819.0,37.0,99.31,38.0,1736.1484375,1231.7556699626148
2026-07-21T04:01:56.755798+00:00,3819.0,38.0,99.29,38.0,1736.15234375,1232.0778962485492
2026-07-21T04:01:57.083078+00:00,3819.0,37.0,99.48,38.0,1736.15234375,1232.405175883323
2026-07-21T04:01:57.382665+00:00,3819.0,37.0,99.61,38.0,1736.16015625,1232.7047602199018
2026-07-21T04:01:57.786932+00:00,3819.0,25.0,99.35,38.0,1736.30078125,1233.109028276056
2026-07-21T04:01:58.132228+00:00,3819.0,37.0,99.32,38.0,1736.30078125,1233.4543233029544
2026-07-21T04:01:58.451519+00:00,3819.0,38.0,99.24,38.0,1736.30078125,1233.7736167497933
2026-07-21T04:01:58.771019+00:00,3819.0,38.0,99.27,38.0,1736.3203125,1234.0931178703904
2026-07-21T04:01:59.093457+00:00,3819.0,37.0,99.38,38.0,1736.3203125,1234.4155550412834
2026-07-21T04:01:59.433524+00:00,3819.0,37.0,99.57,38.0,1736.328125,1234.755622278899
2026-07-21T04:01:59.754824+00:00,3819.0,38.0,99.49,38.0,1736.328125,1235.0769199691713
2026-07-21T04:02:00.118521+00:00,3819.0,37.0,99.47,38.0,1736.33203125,1235.4406173937023
2026-07-21T04:02:00.504434+00:00,3819.0,37.0,99.36,38.0,1736.33984375,1235.8265308514237
2026-07-21T04:02:00.847876+00:00,3819.0,36.0,99.26,38.0,1736.36328125,1236.1699736900628
2026-07-21T04:02:01.196643+00:00,3819.0,36.0,99.29,38.0,1736.36328125,1236.5187409296632
2026-07-21T04:02:01.517099+00:00,3819.0,36.0,99.35,38.0,1736.36328125,1236.83919595927
2026-07-21T04:02:01.849875+00:00,3819.0,37.0,98.98,38.0,1736.36328125,1237.1719730943441
2026-07-21T04:02:02.146895+00:00,3819.0,37.0,99.03,38.0,1736.36328125,1237.468992486596
2026-07-21T04:02:02.468658+00:00,3819.0,37.0,99.31,38.0,1736.37890625,1237.790755905211
2026-07-21T04:02:02.834607+00:00,3819.0,37.0,99.51,38.0,1736.37890625,1238.1567045971751
2026-07-21T04:02:03.202500+00:00,3819.0,36.0,99.83,38.0,1736.38671875,1238.5245974734426
2026-07-21T04:02:03.524315+00:00,3819.0,37.0,99.74,38.0,1736.38671875,1238.8464121297002
2026-07-21T04:02:03.844530+00:00,3819.0,38.0,99.5,38.0,1736.38671875,1239.1666279099882
2026-07-21T04:02:04.204654+00:00,3819.0,16.0,99.22,39.0,1736.5703125,1239.5267511233687
2026-07-21T04:02:04.523086+00:00,3819.0,37.0,99.2,38.0,1736.5703125,1239.8451840169728
2026-07-21T04:02:04.846369+00:00,3819.0,36.0,99.11,38.0,1736.578125,1240.1684672571719
2026-07-21T04:02:05.164517+00:00,3819.0,37.0,99.67,38.0,1736.578125,1240.486615192145
2026-07-21T04:02:05.488110+00:00,3819.0,37.0,99.36,38.0,1736.58984375,1240.8102063052356
2026-07-21T04:02:05.812910+00:00,3819.0,36.0,99.52,38.0,1736.58984375,1241.1350067928433
2026-07-21T04:02:06.154726+00:00,3819.0,38.0,99.39,38.0,1736.58984375,1241.476824145764
2026-07-21T04:02:06.475316+00:00,3819.0,37.0,99.34,38.0,1736.59375,1241.797414470464
2026-07-21T04:02:06.796305+00:00,3819.0,38.0,99.42,38.0,1736.59375,1242.1184031553566
2026-07-21T04:02:07.112350+00:00,3819.0,38.0,99.24,38.0,1736.671875,1242.43444705382
2026-07-21T04:02:07.409936+00:00,3819.0,36.0,99.24,38.0,1736.671875,1242.7320333123207
2026-07-21T04:02:07.732496+00:00,3819.0,37.0,99.31,38.0,1736.671875,1243.0545936226845
2026-07-21T04:02:08.061671+00:00,3819.0,37.0,99.48,38.0,1736.671875,1243.3837695792317
2026-07-21T04:02:08.408483+00:00,3819.0,38.0,99.35,38.0,1736.671875,1243.7305814251304
2026-07-21T04:02:08.751288+00:00,3819.0,7.0,97.27,38.0,1736.67578125,1244.0733865611255
2026-07-21T04:02:09.087490+00:00,3819.0,37.0,97.61,38.0,1736.67578125,1244.409588560462
2026-07-21T04:02:09.385104+00:00,3819.0,37.0,97.63,38.0,1736.67578125,1244.7072018794715
2026-07-21T04:02:09.704930+00:00,3819.0,33.0,98.59,38.0,1736.69140625,1245.0270275771618
2026-07-21T04:02:10.021224+00:00,3819.0,38.0,98.5,38.0,1736.69140625,1245.343322314322
2026-07-21T04:02:10.320490+00:00,3819.0,38.0,98.42,38.0,1736.69140625,1245.6425882913172
2026-07-21T04:02:10.641174+00:00,3819.0,37.0,99.44,38.0,1736.69140625,1245.9632716961205
2026-07-21T04:02:10.937948+00:00,3819.0,37.0,99.57,38.0,1736.69140625,1246.2600458860397
2026-07-21T04:02:11.257831+00:00,3819.0,37.0,99.42,38.0,1736.69140625,1246.5799290835857
2026-07-21T04:02:11.576419+00:00,3819.0,38.0,99.7,38.0,1736.69140625,1246.8985170722008
2026-07-21T04:02:11.895766+00:00,3819.0,38.0,99.78,38.0,1736.69140625,1247.2178646475077
2026-07-21T04:02:12.237707+00:00,3819.0,37.0,99.67,38.0,1736.69140625,1247.5598057843745
2026-07-21T04:02:12.555933+00:00,3819.0,37.0,99.72,38.0,1736.69140625,1247.8780312687159
2026-07-21T04:02:12.876796+00:00,3819.0,38.0,99.78,38.0,1736.69140625,1248.1988936290145
2026-07-21T04:02:13.194565+00:00,3819.0,38.0,99.8,38.0,1736.69140625,1248.5166625641286
2026-07-21T04:02:13.490721+00:00,3819.0,38.0,99.43,38.0,1736.69921875,1248.8128186240792
2026-07-21T04:02:13.831328+00:00,3819.0,36.0,99.46,38.0,1736.69921875,1249.1534260585904
2026-07-21T04:02:14.147080+00:00,3819.0,36.0,99.34,38.0,1736.69921875,1249.4691775292158
2026-07-21T04:02:14.514468+00:00,3819.0,37.0,99.6,38.0,1736.69921875,1249.8365659154952
2026-07-21T04:02:14.837067+00:00,3819.0,36.0,99.31,38.0,1736.69921875,1250.1591645255685
2026-07-21T04:02:15.193716+00:00,3819.0,37.0,99.64,38.0,1736.69921875,1250.515814654529
2026-07-21T04:02:15.512276+00:00,3819.0,37.0,99.5,38.0,1736.69921875,1250.8343731760979
2026-07-21T04:02:15.855105+00:00,3819.0,37.0,99.94,38.0,1736.69921875,1251.1772028841078
2026-07-21T04:02:16.152970+00:00,3819.0,37.0,99.71,38.0,1736.69921875,1251.475067216903
2026-07-21T04:02:16.470715+00:00,3819.0,38.0,99.82,38.0,1736.69921875,1251.7928129807115
2026-07-21T04:02:16.835279+00:00,3819.0,38.0,99.91,38.0,1736.69921875,1252.1573767364025
2026-07-21T04:02:17.182674+00:00,3819.0,37.0,99.93,38.0,1736.69921875,1252.5047721154988
2026-07-21T04:02:17.503882+00:00,3819.0,37.0,99.95,38.0,1736.69921875,1252.8259798251092
2026-07-21T04:02:17.802870+00:00,3819.0,37.0,99.73,38.0,1736.88671875,1253.1249656751752
2026-07-21T04:02:18.163049+00:00,3819.0,37.0,99.79,38.0,1736.88671875,1253.4851459786296
2026-07-21T04:02:18.507463+00:00,3819.0,36.0,98.97,38.0,1736.9140625,1253.82955994457
2026-07-21T04:02:18.829190+00:00,3819.0,36.0,98.78,38.0,1736.9140625,1254.1512878648937
2026-07-21T04:02:19.126641+00:00,3819.0,37.0,98.59,38.0,1736.9140625,1254.4487394690514
2026-07-21T04:02:19.431893+00:00,3819.0,37.0,99.03,38.0,1736.9140625,1254.7539903074503
2026-07-21T04:02:19.730145+00:00,3819.0,37.0,99.1,38.0,1736.9140625,1255.0522433780134
2026-07-21T04:02:20.125933+00:00,3819.0,37.0,99.1,38.0,1736.9140625,1255.4480296559632
2026-07-21T04:02:20.466525+00:00,3819.0,36.0,99.05,38.0,1736.9140625,1255.788622636348
2026-07-21T04:02:20.837006+00:00,3819.0,36.0,99.25,38.0,1736.9140625,1256.1591036133468
2026-07-21T04:02:21.174067+00:00,3819.0,36.0,99.27,38.0,1736.9140625,1256.4961653724313
2026-07-21T04:02:21.538837+00:00,3819.0,36.0,99.41,38.0,1736.9140625,1256.860933676362
2026-07-21T04:02:21.860881+00:00,3819.0,38.0,99.5,38.0,1736.9140625,1257.1829788200557
2026-07-21T04:02:22.226827+00:00,3819.0,36.0,99.97,38.0,1736.9140625,1257.5489247962832
2026-07-21T04:02:22.545030+00:00,3819.0,37.0,99.99,38.0,1736.9140625,1257.86712776497
2026-07-21T04:02:22.904833+00:00,3819.0,37.0,99.69,38.0,1736.9140625,1258.2269301451743
2026-07-21T04:02:23.227539+00:00,3819.0,37.0,99.05,38.0,1736.91796875,1258.5496365241706
2026-07-21T04:02:23.571934+00:00,3819.0,34.0,98.66,38.0,1736.91796875,1258.8940202705562
2026-07-21T04:02:23.911206+00:00,3819.0,36.0,99.38,38.0,1736.91796875,1259.2333041504025
2026-07-21T04:02:24.232491+00:00,3819.0,37.0,99.22,38.0,1736.91796875,1259.554588470608
2026-07-21T04:02:24.569809+00:00,3819.0,37.0,99.36,38.0,1736.91796875,1259.8919074125588
2026-07-21T04:02:24.884843+00:00,3819.0,37.0,99.38,38.0,1736.91796875,1260.2069411315024
2026-07-21T04:02:25.181591+00:00,3819.0,37.0,99.3,38.0,1736.91796875,1260.503689609468
2026-07-21T04:02:25.506560+00:00,3819.0,37.0,99.45,38.0,1736.91796875,1260.8286572359502
2026-07-21T04:02:25.805807+00:00,3819.0,37.0,99.61,38.0,1736.91796875,1261.127899531275
2026-07-21T04:02:26.123518+00:00,3819.0,37.0,99.68,38.0,1736.91796875,1261.4456158094108
2026-07-21T04:02:26.444289+00:00,3819.0,37.0,99.29,38.0,1736.92578125,1261.766386166215
2026-07-21T04:02:26.760993+00:00,3819.0,37.0,99.18,38.0,1736.92578125,1262.0830908566713
2026-07-21T04:02:27.084045+00:00,3819.0,37.0,99.24,38.0,1736.92578125,1262.4061436727643
2026-07-21T04:02:27.406205+00:00,3819.0,37.0,99.53,38.0,1736.92578125,1262.728302616626
2026-07-21T04:02:27.720998+00:00,3819.0,36.0,99.61,38.0,1736.92578125,1263.0430963300169
2026-07-21T04:02:28.069059+00:00,3819.0,37.0,99.74,38.0,1736.92578125,1263.3911571130157
2026-07-21T04:02:28.393000+00:00,3819.0,37.0,99.62,38.0,1736.92578125,1263.7150982767344
2026-07-21T04:02:28.760165+00:00,3819.0,37.0,99.83,38.0,1736.92578125,1264.0822618082166
2026-07-21T04:02:29.099664+00:00,3819.0,37.0,99.55,38.0,1736.92578125,1264.4217621721327
2026-07-21T04:02:29.433649+00:00,3819.0,37.0,99.8,38.0,1736.92578125,1264.7557470910251
2026-07-21T04:02:29.757724+00:00,3819.0,37.0,99.45,38.0,1736.92578125,1265.0798222571611
2026-07-21T04:02:30.115989+00:00,3819.0,36.0,99.83,38.0,1736.92578125,1265.4380867555737
2026-07-21T04:02:30.443372+00:00,3819.0,30.0,98.82,38.0,1736.9296875,1265.7654695473611
2026-07-21T04:02:30.765437+00:00,3819.0,36.0,98.78,38.0,1736.9296875,1266.0875346027315
2026-07-21T04:02:31.084523+00:00,3819.0,36.0,98.37,38.0,1736.9296875,1266.4066205620766
2026-07-21T04:02:31.446679+00:00,3819.0,36.0,98.89,38.0,1736.9296875,1266.7687770351768
2026-07-21T04:02:31.769041+00:00,3819.0,36.0,98.45,39.0,1736.9375,1267.091137867421
2026-07-21T04:02:32.087416+00:00,3819.0,37.0,98.52,38.0,1736.9375,1267.4095138087869
2026-07-21T04:02:32.454167+00:00,3819.0,36.0,98.78,38.0,1736.9375,1267.7762643098831
2026-07-21T04:02:32.778611+00:00,3819.0,38.0,99.44,38.0,1736.9375,1268.1007092446089
2026-07-21T04:02:33.122242+00:00,3819.0,37.0,99.68,38.0,1736.9375,1268.4443385228515
2026-07-21T04:02:33.439688+00:00,3819.0,37.0,99.56,38.0,1736.9375,1268.7617858685553
2026-07-21T04:02:33.762741+00:00,3819.0,37.0,99.66,38.0,1736.9375,1269.084838759154
2026-07-21T04:02:34.133198+00:00,3819.0,38.0,99.71,39.0,1736.9375,1269.4552961178124
2026-07-21T04:02:34.448307+00:00,3819.0,38.0,99.83,38.0,1736.9375,1269.7704042308033
2026-07-21T04:02:34.771781+00:00,3819.0,38.0,99.54,38.0,1736.9375,1270.0938780084252
2026-07-21T04:02:35.130200+00:00,3819.0,37.0,99.77,38.0,1736.9375,1270.4522977545857
2026-07-21T04:02:35.460135+00:00,3819.0,36.0,99.54,38.0,1736.9375,1270.7822322286665
2026-07-21T04:02:35.760257+00:00,3819.0,36.0,99.63,38.0,1736.9375,1271.0823545791209
2026-07-21T04:02:36.097921+00:00,3819.0,37.0,99.52,39.0,1736.9375,1271.4200190342963
2026-07-21T04:02:36.438734+00:00,3819.0,37.0,99.59,38.0,1736.9375,1271.7608315609396
2026-07-21T04:02:36.763416+00:00,3819.0,36.0,99.64,39.0,1736.9375,1272.0855135023594
2026-07-21T04:02:37.084995+00:00,3819.0,36.0,99.82,39.0,1736.9375,1272.4070931822062
2026-07-21T04:02:37.425942+00:00,3819.0,35.0,99.8,39.0,1736.9375,1272.748040240258
2026-07-21T04:02:37.767824+00:00,3819.0,35.0,99.72,39.0,1736.9375,1273.0899213030934
2026-07-21T04:02:38.067190+00:00,3819.0,37.0,99.58,39.0,1736.9375,1273.389287777245
2026-07-21T04:02:38.410435+00:00,3819.0,36.0,99.79,39.0,1736.9375,1273.7325330264866
2026-07-21T04:02:38.709708+00:00,3819.0,35.0,99.82,39.0,1736.9375,1274.031806178391
2026-07-21T04:02:39.043500+00:00,3819.0,38.0,99.53,39.0,1736.9609375,1274.3655972667038
2026-07-21T04:02:39.484425+00:00,3819.0,36.0,97.43,39.0,1736.984375,1274.8065211772919
2026-07-21T04:02:39.851539+00:00,3819.0,37.0,97.17,38.0,1736.984375,1275.1736368834972
2026-07-21T04:02:40.215415+00:00,3819.0,36.0,99.64,39.0,1736.984375,1275.5375138781965
2026-07-21T04:02:40.532390+00:00,3819.0,37.0,99.46,39.0,1736.98828125,1275.854487158358
2026-07-21T04:02:40.877057+00:00,3819.0,37.0,98.78,39.0,1736.9921875,1276.199154369533
2026-07-21T04:02:41.198853+00:00,3819.0,37.0,98.83,39.0,1736.99609375,1276.5209503918886
2026-07-21T04:02:41.519638+00:00,3819.0,37.0,98.93,39.0,1737.0,1276.8417356610298
2026-07-21T04:02:41.892084+00:00,3819.0,37.0,99.49,39.0,1737.0,1277.2141812108457
2026-07-21T04:02:42.209427+00:00,3819.0,38.0,98.7,39.0,1737.01171875,1277.5315241590142
2026-07-21T04:02:42.528396+00:00,3819.0,36.0,98.72,39.0,1737.01171875,1277.8504935130477
2026-07-21T04:02:42.849195+00:00,3819.0,37.0,98.66,39.0,1737.01171875,1278.1712924167514
2026-07-21T04:02:43.214414+00:00,3819.0,36.0,99.26,39.0,1737.01171875,1278.536511681974
2026-07-21T04:02:43.535752+00:00,3819.0,37.0,99.15,39.0,1737.01171875,1278.8578499630094
2026-07-21T04:02:43.900043+00:00,3819.0,37.0,99.43,39.0,1737.01171875,1279.2221399135888
2026-07-21T04:02:44.238228+00:00,3819.0,37.0,99.32,39.0,1737.01171875,1279.5603264458477
2026-07-21T04:02:44.537588+00:00,3819.0,37.0,99.53,39.0,1737.01171875,1279.8596852980554
2026-07-21T04:02:44.861213+00:00,3819.0,38.0,99.17,39.0,1737.01171875,1280.1833111979067
2026-07-21T04:02:45.181811+00:00,3819.0,37.0,99.56,39.0,1737.015625,1280.5039081834257
2026-07-21T04:02:45.500505+00:00,3819.0,38.0,99.7,39.0,1737.015625,1280.8226024657488
2026-07-21T04:02:45.824611+00:00,3819.0,38.0,100.13,39.0,1737.015625,1281.1467092558742
2026-07-21T04:02:46.124033+00:00,3819.0,37.0,99.82,39.0,1737.015625,1281.4461304657161
2026-07-21T04:02:46.461486+00:00,3819.0,36.0,100.18,39.0,1737.015625,1281.7835835292935
2026-07-21T04:02:46.795397+00:00,3819.0,37.0,99.95,39.0,1737.01953125,1282.117494199425
2026-07-21T04:02:47.157551+00:00,3819.0,36.0,100.0,39.0,1737.01953125,1282.4796492829919
2026-07-21T04:02:47.476503+00:00,3819.0,36.0,99.86,39.0,1737.01953125,1282.7986013777554
2026-07-21T04:02:47.797565+00:00,3819.0,37.0,100.02,39.0,1737.01953125,1283.119663041085
2026-07-21T04:02:48.116306+00:00,3819.0,38.0,100.25,39.0,1737.0234375,1283.4384041130543
2026-07-21T04:02:48.439647+00:00,3819.0,38.0,100.01,39.0,1737.0234375,1283.7617447301745
2026-07-21T04:02:48.761447+00:00,3819.0,25.0,99.39,39.0,1737.03515625,1284.0835446193814
2026-07-21T04:02:49.063288+00:00,3819.0,37.0,99.04,39.0,1737.03515625,1284.3853859379888
2026-07-21T04:02:49.384801+00:00,3819.0,36.0,98.96,39.0,1737.03515625,1284.7068991288543
2026-07-21T04:02:49.707691+00:00,3819.0,37.0,99.03,39.0,1737.04296875,1285.0297887176275
2026-07-21T04:02:50.087670+00:00,3819.0,37.0,99.15,39.0,1737.04296875,1285.4097681380808
2026-07-21T04:02:50.452572+00:00,3819.0,36.0,99.52,39.0,1737.046875,1285.7746690139174
2026-07-21T04:02:50.772005+00:00,3819.0,38.0,99.78,39.0,1737.046875,1286.0941031388938
2026-07-21T04:02:51.100148+00:00,3819.0,35.0,99.55,39.0,1737.0546875,1286.4222457520664
2026-07-21T04:02:51.444287+00:00,3819.0,37.0,99.54,39.0,1737.0546875,1286.7663846164942
2026-07-21T04:02:51.806079+00:00,3819.0,25.0,98.9,38.0,1737.21875,1287.128175035119
2026-07-21T04:02:52.173612+00:00,3819.0,36.0,98.46,39.0,1737.26171875,1287.4957104176283
2026-07-21T04:02:52.513614+00:00,3819.0,36.0,98.57,39.0,1737.26953125,1287.835711557418
2026-07-21T04:02:52.832601+00:00,3819.0,37.0,99.75,39.0,1737.26953125,1288.1546986922622
2026-07-21T04:02:53.146776+00:00,3819.0,37.0,99.31,39.0,1737.27734375,1288.4688741862774
2026-07-21T04:02:53.485547+00:00,3819.0,37.0,99.34,39.0,1737.27734375,1288.8076446577907
2026-07-21T04:02:53.827451+00:00,3819.0,36.0,99.15,39.0,1737.27734375,1289.1495486088097
2026-07-21T04:02:54.167008+00:00,3819.0,36.0,99.01,39.0,1737.28515625,1289.489105526358
2026-07-21T04:02:54.561355+00:00,3819.0,37.0,98.9,39.0,1737.28515625,1289.8834522813559
2026-07-21T04:02:54.885393+00:00,3819.0,37.0,98.74,39.0,1737.30859375,1290.207491002977
2026-07-21T04:02:55.205709+00:00,3819.0,37.0,98.82,39.0,1737.30859375,1290.527806919068
2026-07-21T04:02:55.524180+00:00,3819.0,36.0,98.91,39.0,1737.3125,1290.8462781310081
2026-07-21T04:02:55.891239+00:00,3819.0,34.0,99.23,39.0,1737.3125,1291.213336057961
2026-07-21T04:02:56.230132+00:00,3819.0,37.0,99.21,39.0,1737.328125,1291.5522288680077
2026-07-21T04:02:56.570694+00:00,3819.0,37.0,99.43,39.0,1737.328125,1291.8927923366427
2026-07-21T04:02:56.938641+00:00,3819.0,35.0,99.39,39.0,1737.33984375,1292.2607389427722
2026-07-21T04:02:57.276973+00:00,3819.0,36.0,99.57,39.0,1737.33984375,1292.5990706421435
2026-07-21T04:02:57.601232+00:00,3819.0,36.0,99.32,39.0,1737.34375,1292.9233298115432
2026-07-21T04:02:57.922682+00:00,3819.0,28.0,98.83,39.0,1737.3671875,1293.2447790652514
2026-07-21T04:02:58.244204+00:00,3819.0,35.0,98.77,39.0,1737.37109375,1293.566302165389
2026-07-21T04:02:58.610953+00:00,3819.0,37.0,98.79,39.0,1737.375,1293.9330498874187
2026-07-21T04:02:58.977647+00:00,3819.0,34.0,99.46,39.0,1737.375,1294.2997440844774
2026-07-21T04:02:59.301997+00:00,3819.0,37.0,99.22,39.0,1737.390625,1294.624094285071
2026-07-21T04:02:59.648425+00:00,3819.0,37.0,99.15,39.0,1737.390625,1294.970522917807
2026-07-21T04:02:59.988839+00:00,3819.0,37.0,98.7,39.0,1737.3984375,1295.3109370805323
2026-07-21T04:03:00.312918+00:00,3819.0,36.0,99.11,39.0,1737.3984375,1295.635017104447
2026-07-21T04:03:00.633068+00:00,3819.0,36.0,99.21,39.0,1737.40234375,1295.9551664628088
2026-07-21T04:03:00.976247+00:00,3819.0,36.0,99.72,39.0,1737.4140625,1296.2983449846506
2026-07-21T04:03:01.295642+00:00,3819.0,38.0,99.76,39.0,1737.4140625,1296.617739520967
2026-07-21T04:03:01.616779+00:00,3819.0,38.0,99.85,39.0,1737.421875,1296.9388767704368
2026-07-21T04:03:01.938445+00:00,3819.0,37.0,99.78,39.0,1737.421875,1297.2605422213674
2026-07-21T04:03:02.259756+00:00,3819.0,33.0,99.25,39.0,1737.46484375,1297.5818529613316
2026-07-21T04:03:02.557368+00:00,3819.0,38.0,99.25,39.0,1737.47265625,1297.8794659934938
2026-07-21T04:03:02.875851+00:00,3819.0,37.0,99.1,39.0,1737.48046875,1298.1979497931898
2026-07-21T04:03:03.173422+00:00,3819.0,37.0,99.01,39.0,1737.48828125,1298.4955191537738
2026-07-21T04:03:03.495268+00:00,3819.0,36.0,99.21,39.0,1737.48828125,1298.8173648416996
2026-07-21T04:03:03.839263+00:00,3819.0,38.0,99.06,39.0,1737.50390625,1299.161360681057
2026-07-21T04:03:04.137027+00:00,3819.0,38.0,98.93,39.0,1737.50390625,1299.4591245390475
2026-07-21T04:03:04.454972+00:00,3819.0,37.0,99.18,39.0,1737.515625,1299.7770694606006
2026-07-21T04:03:04.775731+00:00,3819.0,35.0,99.24,39.0,1737.515625,1300.0978283286095
2026-07-21T04:03:05.130053+00:00,3819.0,37.0,99.69,39.0,1737.53515625,1300.452150311321
2026-07-21T04:03:05.498050+00:00,3819.0,37.0,100.02,39.0,1737.53515625,1300.8201473131776
2026-07-21T04:03:05.863228+00:00,3819.0,38.0,100.31,39.0,1737.55078125,1301.1853262521327
2026-07-21T04:03:06.205246+00:00,3819.0,37.0,100.11,39.0,1737.55078125,1301.5273440405726
2026-07-21T04:03:06.545910+00:00,3819.0,37.0,100.18,39.0,1737.5546875,1301.8680086657405
2026-07-21T04:03:06.891012+00:00,3819.0,38.0,100.14,39.0,1737.56640625,1302.2131101600826
2026-07-21T04:03:07.226807+00:00,3819.0,37.0,99.65,39.0,1737.56640625,1302.548904582858
2026-07-21T04:03:07.567332+00:00,3819.0,36.0,99.35,39.0,1737.6015625,1302.8894297331572
2026-07-21T04:03:07.892656+00:00,3819.0,37.0,99.16,39.0,1737.6015625,1303.2147541120648
2026-07-21T04:03:08.234072+00:00,3819.0,37.0,99.64,39.0,1737.61328125,1303.5561704747379
2026-07-21T04:03:08.555943+00:00,3819.0,37.0,99.61,39.0,1737.61328125,1303.878040753305
2026-07-21T04:03:08.922843+00:00,3819.0,37.0,99.79,39.0,1737.6328125,1304.2449407540262
2026-07-21T04:03:09.243786+00:00,3819.0,36.0,99.67,39.0,1737.6328125,1304.5658832788467
2026-07-21T04:03:09.581916+00:00,3819.0,38.0,99.59,39.0,1737.6484375,1304.9040128737688
2026-07-21T04:03:09.904816+00:00,3819.0,37.0,99.35,39.0,1737.6484375,1305.2269126661122
2026-07-21T04:03:10.227512+00:00,3819.0,37.0,99.45,39.0,1737.65234375,1305.5496093034744
2026-07-21T04:03:10.561763+00:00,3819.0,38.0,99.54,39.0,1737.66015625,1305.8838604204357
2026-07-21T04:03:10.880354+00:00,3819.0,37.0,99.58,39.0,1737.66015625,1306.2024520635605
2026-07-21T04:03:11.207093+00:00,3819.0,37.0,99.8,39.0,1737.67578125,1306.5291904211044
2026-07-21T04:03:11.549462+00:00,3819.0,37.0,100.12,39.0,1737.67578125,1306.8715601600707
2026-07-21T04:03:11.895097+00:00,3819.0,38.0,100.32,39.0,1737.6796875,1307.2171949222684
2026-07-21T04:03:12.212047+00:00,3819.0,38.0,100.21,39.0,1737.6796875,1307.5341448299587
2026-07-21T04:03:12.527938+00:00,3819.0,37.0,100.16,39.0,1737.69921875,1307.8500354103744
2026-07-21T04:03:12.848071+00:00,3819.0,37.0,100.13,39.0,1737.69921875,1308.170168850571
2026-07-21T04:03:13.167563+00:00,3819.0,37.0,99.28,39.0,1737.73046875,1308.489660359919
2026-07-21T04:03:13.487164+00:00,3819.0,36.0,98.86,39.0,1737.73046875,1308.8092616982758
2026-07-21T04:03:13.810410+00:00,3819.0,37.0,98.63,39.0,1737.73046875,1309.1325076594949
2026-07-21T04:03:14.154353+00:00,3819.0,37.0,99.26,39.0,1737.74609375,1309.4764512218535
2026-07-21T04:03:14.515645+00:00,3819.0,37.0,99.58,39.0,1737.74609375,1309.8377423137426
2026-07-21T04:03:14.815011+00:00,3819.0,37.0,99.49,39.0,1737.76171875,1310.1371087953448
2026-07-21T04:03:15.155151+00:00,3819.0,35.0,99.31,39.0,1737.76171875,1310.4772464074194
2026-07-21T04:03:15.491879+00:00,3819.0,13.0,98.75,39.0,1737.8046875,1310.8139761462808
2026-07-21T04:03:15.809481+00:00,3819.0,37.0,98.93,39.0,1737.8125,1311.1315778493881
2026-07-21T04:03:16.128072+00:00,3819.0,35.0,98.77,39.0,1737.8125,1311.4501686282456
2026-07-21T04:03:16.469623+00:00,3819.0,37.0,99.62,39.0,1737.83203125,1311.7917203232646
2026-07-21T04:03:16.793589+00:00,3819.0,37.0,99.1,39.0,1737.83203125,1312.1156867146492
2026-07-21T04:03:17.161854+00:00,3819.0,36.0,99.32,39.0,1737.85546875,1312.483950715512
2026-07-21T04:03:17.483855+00:00,3819.0,37.0,99.41,39.0,1737.85546875,1312.8059527389705
2026-07-21T04:03:17.806149+00:00,3819.0,35.0,99.63,39.0,1737.87109375,1313.1282462999225
2026-07-21T04:03:18.127777+00:00,3819.0,38.0,99.76,39.0,1737.87109375,1313.4498749189079
2026-07-21T04:03:18.487181+00:00,3819.0,36.0,99.48,39.0,1737.875,1313.8092785924673
2026-07-21T04:03:18.786751+00:00,3819.0,16.0,98.7,39.0,1737.9375,1314.108848452568
2026-07-21T04:03:19.105523+00:00,3819.0,37.0,98.87,39.0,1737.94140625,1314.4276203624904
2026-07-21T04:03:19.436048+00:00,3819.0,37.0,98.53,39.0,1737.94921875,1314.7581451684237
2026-07-21T04:03:19.756272+00:00,3819.0,38.0,99.38,39.0,1737.94921875,1315.0783698931336
2026-07-21T04:03:20.103373+00:00,3819.0,36.0,99.34,39.0,1737.96875,1315.4254705123603
2026-07-21T04:03:20.423527+00:00,3819.0,37.0,99.62,39.0,1737.97265625,1315.7456250786781
2026-07-21T04:03:20.791602+00:00,3819.0,37.0,99.54,39.0,1737.98046875,1316.11370017007
2026-07-21T04:03:21.107942+00:00,3819.0,37.0,99.52,39.0,1737.98828125,1316.4300401508808
2026-07-21T04:03:21.413297+00:00,3819.0,38.0,99.51,39.0,1737.98828125,1316.7353947013617
2026-07-21T04:03:21.732456+00:00,3819.0,38.0,99.74,39.0,1737.99609375,1317.0545539781451
2026-07-21T04:03:22.054552+00:00,3819.0,16.0,99.34,39.0,1738.9453125,1317.3766490332782
2026-07-21T04:03:22.371010+00:00,3819.0,37.0,99.18,39.0,1738.9609375,1317.6931084990501
2026-07-21T04:03:22.693413+00:00,3819.0,37.0,99.15,39.0,1738.96484375,1318.0155035704374
2026-07-21T04:03:23.016163+00:00,3819.0,37.0,99.57,39.0,1738.96484375,1318.3382599651814
2026-07-21T04:03:23.336018+00:00,3819.0,6.0,99.64,39.0,1738.984375,1318.6581155322492
2026-07-21T04:03:23.636176+00:00,3819.0,38.0,99.77,39.0,1738.984375,1318.9582743681967
2026-07-21T04:03:23.957783+00:00,3819.0,38.0,99.85,39.0,1738.98828125,1319.2798801846802
2026-07-21T04:03:24.255668+00:00,3819.0,38.0,101.19,39.0,1738.98828125,1319.577765289694
2026-07-21T04:03:24.576510+00:00,3819.0,37.0,100.14,39.0,1739.00390625,1319.8986075147986
2026-07-21T04:03:24.919406+00:00,3819.0,37.0,100.38,39.0,1739.01953125,1320.2415030933917
2026-07-21T04:03:25.261423+00:00,3819.0,37.0,100.56,39.0,1739.01953125,1320.583520244807
2026-07-21T04:03:25.559571+00:00,3819.0,38.0,100.61,39.0,1739.03125,1320.881669126451
2026-07-21T04:03:25.880169+00:00,3819.0,37.0,100.11,39.0,1739.03125,1321.2022671177983
2026-07-21T04:03:26.204375+00:00,3819.0,37.0,100.44,39.0,1739.04296875,1321.5264737457037
2026-07-21T04:03:26.523430+00:00,3819.0,38.0,100.36,39.0,1739.04296875,1321.8455275706947
2026-07-21T04:03:26.844614+00:00,3819.0,37.0,100.61,39.0,1739.0625,1322.1667118892074
2026-07-21T04:03:27.143149+00:00,3819.0,38.0,100.43,39.0,1739.0625,1322.4652471803129
2026-07-21T04:03:27.463791+00:00,3819.0,37.0,100.43,39.0,1739.0625,1322.7858889102936
2026-07-21T04:03:27.783952+00:00,3819.0,37.0,100.37,39.0,1739.08203125,1323.106050055474
2026-07-21T04:03:28.138234+00:00,3819.0,38.0,100.48,39.0,1739.08203125,1323.460331749171
2026-07-21T04:03:28.459143+00:00,3819.0,38.0,100.52,39.0,1739.09765625,1323.781240683049
2026-07-21T04:03:28.806903+00:00,3819.0,37.0,100.26,39.0,1739.1015625,1324.1290003620088
2026-07-21T04:03:29.146303+00:00,3819.0,38.0,100.72,39.0,1739.125,1324.468400735408
2026-07-21T04:03:29.490105+00:00,3819.0,37.0,100.83,39.0,1739.125,1324.8122032359242
2026-07-21T04:03:29.834911+00:00,3819.0,38.0,101.59,39.0,1739.140625,1325.1570091433823
2026-07-21T04:03:30.132972+00:00,3819.0,37.0,100.36,39.0,1739.140625,1325.4550703465939
2026-07-21T04:03:30.458656+00:00,3819.0,38.0,100.13,39.0,1739.140625,1325.7807534113526
2026-07-21T04:03:30.784476+00:00,3819.0,37.0,100.04,39.0,1739.15625,1326.1065735854208
2026-07-21T04:03:31.108472+00:00,3819.0,36.0,99.9,39.0,1739.17578125,1326.4305697456002
2026-07-21T04:03:31.474278+00:00,3819.0,36.0,99.98,39.0,1739.1953125,1326.7963751852512
2026-07-21T04:03:31.796825+00:00,3819.0,37.0,100.07,39.0,1739.1953125,1327.1189221069217
2026-07-21T04:03:32.158149+00:00,3819.0,38.0,100.3,39.0,1739.2109375,1327.4802462272346
2026-07-21T04:03:32.479084+00:00,3819.0,38.0,100.2,39.0,1739.2109375,1327.8011821322143
2026-07-21T04:03:32.823383+00:00,3819.0,37.0,100.4,39.0,1739.2265625,1328.1454812549055
2026-07-21T04:03:33.145720+00:00,3819.0,37.0,100.36,39.0,1739.2265625,1328.467817362398
2026-07-21T04:03:33.506664+00:00,3819.0,36.0,100.24,39.0,1739.234375,1328.8287610672414
2026-07-21T04:03:33.876097+00:00,3819.0,38.0,100.4,39.0,1739.24609375,1329.1981945708394
2026-07-21T04:03:34.230202+00:00,3821.0,36.0,100.35,39.0,1739.25390625,1329.5523001290858
2026-07-21T04:03:34.573461+00:00,3821.0,36.0,100.49,39.0,1739.26171875,1329.8955588527024
2026-07-21T04:03:34.915749+00:00,3821.0,37.0,100.4,39.0,1739.26171875,1330.237847507
2026-07-21T04:03:35.235384+00:00,3821.0,37.0,100.58,39.0,1739.26953125,1330.5574821680784
2026-07-21T04:03:35.535822+00:00,3821.0,38.0,100.68,39.0,1739.26953125,1330.8579199016094
2026-07-21T04:03:35.856629+00:00,3821.0,39.0,100.93,39.0,1739.2890625,1331.1787276417017
2026-07-21T04:03:36.205584+00:00,3821.0,37.0,101.07,39.0,1739.2890625,1331.5276778414845
2026-07-21T04:03:36.528283+00:00,3821.0,37.0,100.82,39.0,1739.30078125,1331.8503806702793
2026-07-21T04:03:36.891074+00:00,3823.0,28.0,101.15,39.0,1740.01171875,1332.2131712809205
2026-07-21T04:03:37.216573+00:00,3823.0,37.0,100.46,39.0,1740.015625,1332.5386705771089
2026-07-21T04:03:37.536087+00:00,3823.0,38.0,100.43,39.0,1740.015625,1332.8581850640476
2026-07-21T04:03:37.880242+00:00,3823.0,37.0,99.82,39.0,1740.01953125,1333.2023396342993
2026-07-21T04:03:38.246588+00:00,3823.0,38.0,100.42,39.0,1740.03515625,1333.5686849467456
2026-07-21T04:03:38.563826+00:00,3823.0,37.0,100.43,39.0,1740.03515625,1333.88592415303
2026-07-21T04:03:38.902822+00:00,3823.0,37.0,100.56,39.0,1740.05078125,1334.2249194383621
2026-07-21T04:03:39.241682+00:00,3823.0,38.0,99.42,39.0,1740.06640625,1334.5637786090374
2026-07-21T04:03:39.565028+00:00,3823.0,37.0,100.34,39.0,1740.078125,1334.887125696987
2026-07-21T04:03:39.884978+00:00,3823.0,38.0,100.11,39.0,1740.078125,1335.2070763371885
2026-07-21T04:03:40.226996+00:00,3823.0,37.0,100.49,39.0,1740.078125,1335.5490933209658
2026-07-21T04:03:40.525270+00:00,3823.0,38.0,99.72,39.0,1740.1015625,1335.8473678268492
2026-07-21T04:03:40.866104+00:00,3823.0,37.0,100.12,39.0,1740.1015625,1336.1882015354931
2026-07-21T04:03:41.202135+00:00,3823.0,36.0,100.3,39.0,1740.11328125,1336.5242321267724
2026-07-21T04:03:41.523154+00:00,3823.0,21.0,100.57,39.0,1740.12109375,1336.8452525176108
2026-07-21T04:03:41.823236+00:00,3823.0,38.0,100.38,39.0,1740.12109375,1337.1453336440027
2026-07-21T04:03:42.143758+00:00,3823.0,37.0,100.15,39.0,1740.125,1337.4658555686474
2026-07-21T04:03:42.485872+00:00,3823.0,38.0,100.94,39.0,1740.1328125,1337.8079701252282
2026-07-21T04:03:42.808517+00:00,3823.0,38.0,100.06,39.0,1740.15625,1338.1306154243648
2026-07-21T04:03:43.125642+00:00,3823.0,38.0,100.31,39.0,1740.15625,1338.4477403499186
2026-07-21T04:03:43.443574+00:00,3823.0,37.0,100.28,39.0,1740.1640625,1338.7656725011766
2026-07-21T04:03:43.743215+00:00,3823.0,37.0,100.34,39.0,1740.1640625,1339.0653132423759
2026-07-21T04:03:44.068808+00:00,3823.0,38.0,100.54,39.0,1740.1875,1339.3909061960876
2026-07-21T04:03:44.417297+00:00,3823.0,37.0,100.53,39.0,1740.1875,1339.7393939569592
2026-07-21T04:03:44.738920+00:00,3823.0,38.0,100.54,39.0,1740.1953125,1340.0610179714859
2026-07-21T04:03:45.054550+00:00,3823.0,10.0,99.48,39.0,1740.20703125,1340.3766475692391
2026-07-21T04:03:45.397559+00:00,3823.0,37.0,99.14,39.0,1740.2109375,1340.7196566611528
2026-07-21T04:03:45.721500+00:00,3823.0,37.0,98.83,39.0,1740.21484375,1341.0435980521142
2026-07-21T04:03:46.040974+00:00,3823.0,38.0,99.48,39.0,1740.21484375,1341.3630721904337
2026-07-21T04:03:46.402894+00:00,3823.0,36.0,99.46,39.0,1740.24609375,1341.7249924652278
2026-07-21T04:03:46.746549+00:00,3823.0,36.0,99.71,39.0,1740.24609375,1342.0686468444765
2026-07-21T04:03:47.096597+00:00,3823.0,36.0,99.39,39.0,1740.24609375,1342.4186952002347
2026-07-21T04:03:47.444982+00:00,3823.0,36.0,99.54,39.0,1740.26953125,1342.7670803703368
2026-07-21T04:03:47.822915+00:00,3823.0,13.0,99.01,39.0,1740.28125,1343.145012639463
2026-07-21T04:03:48.190555+00:00,3823.0,35.0,98.94,39.0,1740.2890625,1343.5126537643373
2026-07-21T04:03:48.559451+00:00,3823.0,36.0,98.93,39.0,1740.2890625,1343.8815496452153
2026-07-21T04:03:48.879639+00:00,3823.0,36.0,99.15,39.0,1740.30078125,1344.2017368972301
2026-07-21T04:03:49.211725+00:00,3823.0,37.0,99.23,39.0,1740.30078125,1344.5338232070208
2026-07-21T04:03:49.691982+00:00,3823.0,12.0,97.39,39.0,1740.31640625,1345.0140795186162
2026-07-21T04:03:50.081388+00:00,3823.0,36.0,97.55,39.0,1740.31640625,1345.4034851305187
2026-07-21T04:03:50.430377+00:00,3823.0,36.0,97.78,39.0,1740.31640625,1345.7524744421244
2026-07-21T04:03:50.796048+00:00,3823.0,38.0,99.86,39.0,1740.31640625,1346.118145748973
2026-07-21T04:03:51.136163+00:00,3823.0,37.0,99.95,39.0,1740.31640625,1346.458260614425
2026-07-21T04:03:51.525743+00:00,3823.0,17.0,99.11,39.0,1740.32421875,1346.8478401489556
2026-07-21T04:03:51.871235+00:00,3823.0,38.0,99.21,39.0,1740.32421875,1347.193332720548
2026-07-21T04:03:52.191595+00:00,3823.0,38.0,99.1,39.0,1740.32421875,1347.513693254441
2026-07-21T04:03:52.489886+00:00,3823.0,38.0,99.5,39.0,1740.32421875,1347.811983846128
2026-07-21T04:03:52.847673+00:00,3823.0,32.0,98.1,39.0,1740.33203125,1348.169769126922
2026-07-21T04:03:53.195415+00:00,3823.0,37.0,98.11,39.0,1740.33203125,1348.517512731254
2026-07-21T04:03:53.515428+00:00,3823.0,37.0,98.43,39.0,1740.33203125,1348.837525330484
2026-07-21T04:03:53.815408+00:00,3823.0,37.0,98.93,39.0,1740.33203125,1349.1375062949955
2026-07-21T04:03:54.113593+00:00,3823.0,37.0,99.39,39.0,1740.33203125,1349.4356912896037
2026-07-21T04:03:54.438582+00:00,3823.0,37.0,99.53,39.0,1740.33203125,1349.7606799788773
2026-07-21T04:03:54.762804+00:00,3823.0,36.0,99.43,39.0,1740.33203125,1350.084899622947
2026-07-21T04:03:55.148689+00:00,3823.0,37.0,98.8,39.0,1740.34375,1350.4707860946655
2026-07-21T04:03:55.471307+00:00,3823.0,37.0,98.58,39.0,1740.34375,1350.7934054881334
2026-07-21T04:03:55.771301+00:00,3823.0,38.0,98.54,39.0,1740.34375,1351.0933985747397
2026-07-21T04:03:56.092558+00:00,3823.0,37.0,99.24,39.0,1740.34375,1351.414655558765
2026-07-21T04:03:56.454909+00:00,3823.0,37.0,99.74,39.0,1740.34375,1351.777006033808
2026-07-21T04:03:56.798968+00:00,3823.0,38.0,99.8,39.0,1740.34375,1352.121065761894
2026-07-21T04:03:57.096511+00:00,3823.0,38.0,99.85,39.0,1740.34375,1352.4186093583703
2026-07-21T04:03:57.419807+00:00,3823.0,37.0,99.79,39.0,1740.34375,1352.7419049143791
2026-07-21T04:03:57.741169+00:00,3823.0,37.0,99.84,39.0,1740.34375,1353.0632668733597
2026-07-21T04:03:58.082321+00:00,3823.0,21.0,99.16,39.0,1740.3515625,1353.4044184572995
2026-07-21T04:03:58.425644+00:00,3823.0,37.0,99.08,39.0,1740.3515625,1353.7477425783873
2026-07-21T04:03:58.771000+00:00,3823.0,38.0,99.31,39.0,1740.3515625,1354.0930980332196
2026-07-21T04:03:59.114163+00:00,3823.0,38.0,99.82,39.0,1740.3515625,1354.4362605772913
2026-07-21T04:03:59.431075+00:00,3823.0,36.0,99.78,39.0,1740.3515625,1354.7531730942428
2026-07-21T04:03:59.753284+00:00,3823.0,37.0,99.68,39.0,1740.3515625,1355.0753815621138
2026-07-21T04:04:00.112323+00:00,3823.0,38.0,99.76,39.0,1740.3515625,1355.4344212897122
2026-07-21T04:04:00.438635+00:00,3823.0,37.0,99.83,39.0,1740.3515625,1355.7607308924198
2026-07-21T04:04:00.757753+00:00,3823.0,37.0,99.89,39.0,1740.3515625,1356.0798503048718
2026-07-21T04:04:01.080054+00:00,3823.0,38.0,99.9,39.0,1740.3515625,1356.402151890099
2026-07-21T04:04:01.378988+00:00,3823.0,37.0,100.12,39.0,1740.3515625,1356.7010859809816
2026-07-21T04:04:01.702344+00:00,3823.0,37.0,100.36,39.0,1740.3515625,1357.0244425013661
2026-07-21T04:04:02.024550+00:00,3823.0,38.0,100.33,39.0,1740.3515625,1357.346647966653
2026-07-21T04:04:02.366680+00:00,3823.0,37.0,100.11,39.0,1740.3515625,1357.6887780353427
2026-07-21T04:04:02.688177+00:00,3823.0,37.0,100.36,39.0,1740.3515625,1358.010275516659
2026-07-21T04:04:03.056288+00:00,3823.0,38.0,100.22,39.0,1740.3515625,1358.3783853910863
2026-07-21T04:04:03.354610+00:00,3823.0,38.0,100.39,39.0,1740.3515625,1358.676708906889
2026-07-21T04:04:03.723137+00:00,3823.0,37.0,100.43,39.0,1740.3515625,1359.04523505643
2026-07-21T04:04:04.045615+00:00,3823.0,38.0,100.12,39.0,1740.3515625,1359.367712147534
2026-07-21T04:04:04.392570+00:00,3823.0,38.0,100.52,39.0,1740.3515625,1359.7146673202515
2026-07-21T04:04:04.717540+00:00,3823.0,35.0,100.34,39.0,1740.3515625,1360.0396387390792
2026-07-21T04:04:05.044870+00:00,3823.0,38.0,100.31,39.0,1740.3515625,1360.366968743503
2026-07-21T04:04:05.366360+00:00,3823.0,35.0,100.05,39.0,1740.3515625,1360.6884582415223
2026-07-21T04:04:05.711274+00:00,3823.0,37.0,100.16,39.0,1740.3515625,1361.033372696489
2026-07-21T04:04:06.056145+00:00,3823.0,20.0,99.98,39.0,1740.3671875,1361.378243189305
2026-07-21T04:04:06.395880+00:00,3823.0,36.0,99.93,39.0,1740.3671875,1361.717977527529
2026-07-21T04:04:06.735511+00:00,3823.0,37.0,99.44,39.0,1740.3671875,1362.0576084293425
2026-07-21T04:04:07.069619+00:00,3823.0,35.0,99.45,39.0,1740.3671875,1362.3917165771127
2026-07-21T04:04:07.392761+00:00,3823.0,38.0,99.54,39.0,1740.3671875,1362.71485927701
2026-07-21T04:04:07.755949+00:00,3823.0,36.0,99.51,39.0,1740.3671875,1363.0780466869473
2026-07-21T04:04:08.093330+00:00,3823.0,33.0,99.16,39.0,1740.3671875,1363.4154278747737
2026-07-21T04:04:08.423384+00:00,3823.0,37.0,99.39,39.0,1740.3671875,1363.7454815655947
2026-07-21T04:04:08.745080+00:00,3823.0,37.0,99.31,39.0,1740.3671875,1364.0671775341034
2026-07-21T04:04:09.075439+00:00,3823.0,37.0,100.05,39.0,1740.3671875,1364.3975374810398
2026-07-21T04:04:09.443327+00:00,3823.0,37.0,100.49,39.0,1740.3671875,1364.7654248550534
2026-07-21T04:04:09.787152+00:00,3823.0,38.0,100.6,39.0,1740.3671875,1365.1092496439815
2026-07-21T04:04:10.133462+00:00,3823.0,36.0,100.4,39.0,1740.3671875,1365.455560375005
2026-07-21T04:04:10.457669+00:00,3823.0,37.0,100.03,39.0,1740.3671875,1365.7797672189772
2026-07-21T04:04:10.756747+00:00,3823.0,38.0,100.06,39.0,1740.3671875,1366.0788448378444
2026-07-21T04:04:11.059696+00:00,3823.0,38.0,100.07,39.0,1740.3671875,1366.3817939572036
2026-07-21T04:04:11.403303+00:00,3823.0,38.0,100.11,39.0,1740.3671875,1366.7254013307393
2026-07-21T04:04:11.726524+00:00,3823.0,38.0,100.09,39.0,1740.3671875,1367.0486226938665
2026-07-21T04:04:12.049603+00:00,3823.0,38.0,100.35,39.0,1740.3671875,1367.3717013262212
2026-07-21T04:04:12.373564+00:00,3823.0,37.0,100.47,39.0,1740.3671875,1367.6956622041762
2026-07-21T04:04:12.697707+00:00,3823.0,15.0,100.17,39.0,1740.3828125,1368.0198046155274
2026-07-21T04:04:13.021458+00:00,3823.0,37.0,99.9,39.0,1740.3828125,1368.3435568995774
2026-07-21T04:04:13.330354+00:00,3823.0,38.0,99.51,39.0,1740.3828125,1368.6524520926178
2026-07-21T04:04:13.653115+00:00,3823.0,37.0,100.21,39.0,1740.3828125,1368.9752133749425
2026-07-21T04:04:14.000404+00:00,3823.0,37.0,99.65,39.0,1740.3828125,1369.3225008882582
2026-07-21T04:04:14.321069+00:00,3823.0,37.0,99.57,39.0,1740.3828125,1369.6431666314602
2026-07-21T04:04:14.644866+00:00,3823.0,37.0,99.51,39.0,1740.3828125,1369.9669644087553
2026-07-21T04:04:14.966346+00:00,3823.0,37.0,99.76,39.0,1740.3828125,1370.2884439527988
2026-07-21T04:04:15.311527+00:00,3823.0,37.0,99.81,39.0,1740.3828125,1370.6336250267923
2026-07-21T04:04:15.678176+00:00,3823.0,37.0,99.95,39.0,1740.3828125,1371.0002743154764
2026-07-21T04:04:16.019666+00:00,3823.0,37.0,99.75,39.0,1740.3828125,1371.3417633101344
2026-07-21T04:04:16.341102+00:00,3823.0,37.0,99.72,39.0,1740.3828125,1371.663199994713
2026-07-21T04:04:16.687645+00:00,3823.0,36.0,99.86,39.0,1740.3828125,1372.0097430683672
2026-07-21T04:04:17.055227+00:00,3823.0,37.0,99.91,39.0,1740.3828125,1372.377324629575
2026-07-21T04:04:17.376970+00:00,3823.0,36.0,99.93,39.0,1740.3828125,1372.6990682668984
2026-07-21T04:04:17.723273+00:00,3823.0,37.0,100.38,39.0,1740.3828125,1373.045371979475
2026-07-21T04:04:18.045641+00:00,3823.0,37.0,100.11,39.0,1740.3828125,1373.3677385151386
2026-07-21T04:04:18.391363+00:00,3823.0,38.0,100.17,39.0,1740.3828125,1373.713461190462
2026-07-21T04:04:18.713474+00:00,3823.0,37.0,100.12,39.0,1740.3828125,1374.035572025925
2026-07-21T04:04:19.036348+00:00,3823.0,35.0,99.9,39.0,1740.39453125,1374.3584457188845
2026-07-21T04:04:19.383178+00:00,3823.0,37.0,100.05,39.0,1740.39453125,1374.705276016146
2026-07-21T04:04:19.704830+00:00,3823.0,37.0,99.69,39.0,1740.39453125,1375.0269289650023
2026-07-21T04:04:20.027507+00:00,3823.0,37.0,99.85,39.0,1740.39453125,1375.3496053628623
2026-07-21T04:04:20.390359+00:00,3823.0,37.0,99.54,39.0,1740.39453125,1375.7124572955072
2026-07-21T04:04:20.712670+00:00,3823.0,36.0,99.59,39.0,1740.39453125,1376.0347684174776
2026-07-21T04:04:21.036613+00:00,3823.0,35.0,99.43,39.0,1740.39453125,1376.3587112091482
2026-07-21T04:04:21.382892+00:00,3823.0,36.0,99.47,39.0,1740.39453125,1376.7049887999892
2026-07-21T04:04:21.683999+00:00,3823.0,37.0,99.71,39.0,1740.39453125,1377.0060970410705
2026-07-21T04:04:22.024255+00:00,3823.0,37.0,99.75,39.0,1740.39453125,1377.346352878958
2026-07-21T04:04:22.349946+00:00,3823.0,37.0,99.96,39.0,1740.39453125,1377.672043710947
2026-07-21T04:04:22.697900+00:00,3823.0,37.0,100.16,39.0,1740.39453125,1378.0199982002378
2026-07-21T04:04:23.042300+00:00,3823.0,37.0,100.34,39.0,1740.3984375,1378.3643976002932
2026-07-21T04:04:23.365635+00:00,3823.0,36.0,100.37,39.0,1740.3984375,1378.6877337545156
2026-07-21T04:04:23.689135+00:00,3823.0,37.0,100.15,39.0,1740.3984375,1379.0112326182425
2026-07-21T04:04:24.035703+00:00,3823.0,37.0,100.33,39.0,1740.3984375,1379.3578020259738
2026-07-21T04:04:24.379381+00:00,3823.0,36.0,100.18,39.0,1740.3984375,1379.7014789544046
2026-07-21T04:04:24.696755+00:00,3823.0,37.0,100.23,39.0,1740.3984375,1380.0188528858125
2026-07-21T04:04:25.053577+00:00,3823.0,38.0,100.06,39.0,1740.3984375,1380.3756744079292
2026-07-21T04:04:25.376560+00:00,3823.0,37.0,99.94,39.0,1740.3984375,1380.6986587494612
2026-07-21T04:04:25.676723+00:00,3823.0,36.0,100.05,39.0,1740.3984375,1380.9988217242062
2026-07-21T04:04:25.997325+00:00,3823.0,37.0,100.12,39.0,1740.3984375,1381.3194232434034
2026-07-21T04:04:26.367915+00:00,3823.0,36.0,100.44,39.0,1740.3984375,1381.6900135688484
2026-07-21T04:04:26.707237+00:00,3823.0,34.0,100.36,39.0,1740.3984375,1382.029335282743
2026-07-21T04:04:27.029171+00:00,3823.0,38.0,100.09,39.0,1740.4140625,1382.3512686938047
2026-07-21T04:04:27.351281+00:00,3823.0,37.0,99.86,39.0,1740.4140625,1382.6733789257705
2026-07-21T04:04:27.673430+00:00,3823.0,37.0,99.54,39.0,1740.4140625,1382.9955284669995
2026-07-21T04:04:27.993061+00:00,3823.0,37.0,99.45,39.0,1740.4140625,1383.3151590786874
2026-07-21T04:04:28.317228+00:00,3823.0,38.0,99.34,39.0,1740.4140625,1383.6393256820738
2026-07-21T04:04:28.663952+00:00,3823.0,37.0,99.44,39.0,1740.4140625,1383.986049823463
2026-07-21T04:04:29.003525+00:00,3823.0,35.0,99.55,39.0,1740.4140625,1384.325622446835
2026-07-21T04:04:29.345724+00:00,3823.0,38.0,99.67,39.0,1740.4140625,1384.6678209975362
2026-07-21T04:04:29.691327+00:00,3823.0,36.0,99.78,39.0,1740.4140625,1385.0134245604277
2026-07-21T04:04:30.012633+00:00,3823.0,36.0,99.6,39.0,1740.4140625,1385.3347309790552
2026-07-21T04:04:30.333667+00:00,3823.0,36.0,99.63,39.0,1740.4140625,1385.655765529722
2026-07-21T04:04:30.656518+00:00,3823.0,38.0,99.48,39.0,1740.4140625,1385.9786156788468
2026-07-21T04:04:30.976442+00:00,3823.0,38.0,99.72,39.0,1740.4140625,1386.2985404618084
2026-07-21T04:04:31.323155+00:00,3823.0,37.0,99.89,39.0,1740.4140625,1386.645253058523
2026-07-21T04:04:31.641354+00:00,3823.0,36.0,100.08,39.0,1740.4140625,1386.9634518101811
2026-07-21T04:04:32.007240+00:00,3823.0,36.0,100.04,39.0,1740.4140625,1387.3293382897973
2026-07-21T04:04:32.335012+00:00,3823.0,37.0,99.72,39.0,1740.4140625,1387.657109901309
2026-07-21T04:04:32.653216+00:00,3823.0,37.0,99.66,39.0,1740.4140625,1387.9753136821091
2026-07-21T04:04:32.977807+00:00,3823.0,38.0,99.92,39.0,1740.4140625,1388.299905281514
2026-07-21T04:04:33.303495+00:00,3823.0,37.0,100.06,39.0,1740.4140625,1388.6255937293172
2026-07-21T04:04:33.629222+00:00,3823.0,37.0,100.17,39.0,1740.4140625,1388.9513197615743
2026-07-21T04:04:33.951913+00:00,3823.0,36.0,100.25,39.0,1740.4140625,1389.2740118727088
2026-07-21T04:04:34.251115+00:00,3823.0,36.0,100.29,39.0,1740.4140625,1389.573213469237
2026-07-21T04:04:34.573633+00:00,3823.0,36.0,100.2,39.0,1740.4140625,1389.8957303352654
2026-07-21T04:04:34.913179+00:00,3823.0,20.0,99.53,39.0,1740.4609375,1390.235276184976
2026-07-21T04:04:35.236045+00:00,3823.0,34.0,99.39,39.0,1740.4609375,1390.5581341721117
2026-07-21T04:04:35.578899+00:00,3823.0,36.0,98.98,39.0,1740.4609375,1390.9009963981807
2026-07-21T04:04:35.901403+00:00,3823.0,36.0,99.73,39.0,1740.4609375,1391.2235008329153
2026-07-21T04:04:36.224756+00:00,3823.0,35.0,99.07,39.0,1740.4609375,1391.5468538329005
2026-07-21T04:04:36.550168+00:00,3823.0,23.0,98.14,39.0,1740.4609375,1391.8722661547363
2026-07-21T04:04:36.873319+00:00,3823.0,38.0,98.4,39.0,1740.4609375,1392.1954173371196
2026-07-21T04:04:37.220344+00:00,3823.0,36.0,98.66,39.0,1740.4609375,1392.542442008853
2026-07-21T04:04:37.540079+00:00,3823.0,37.0,99.71,39.0,1740.4609375,1392.8621771633625
2026-07-21T04:04:37.883547+00:00,3823.0,36.0,99.66,39.0,1740.4609375,1393.2056448347867
2026-07-21T04:04:38.251619+00:00,3823.0,37.0,99.86,39.0,1740.4609375,1393.573716931045
2026-07-21T04:04:38.573081+00:00,3823.0,36.0,99.8,39.0,1740.4609375,1393.8951792791486
2026-07-21T04:04:38.940868+00:00,3823.0,37.0,100.0,39.0,1740.4609375,1394.2629665955901
2026-07-21T04:04:39.266402+00:00,3823.0,38.0,99.91,39.0,1740.4609375,1394.5885008610785
2026-07-21T04:04:39.636302+00:00,3823.0,36.0,100.26,39.0,1740.4609375,1394.9584000483155
2026-07-21T04:04:39.958838+00:00,3823.0,36.0,100.3,39.0,1740.4609375,1395.2809355705976
2026-07-21T04:04:40.303565+00:00,3823.0,36.0,100.47,39.0,1740.4609375,1395.625662919134
2026-07-21T04:04:40.628257+00:00,3823.0,37.0,100.18,39.0,1740.4609375,1395.9503539279103
2026-07-21T04:04:40.953075+00:00,3823.0,36.0,100.04,39.0,1740.4609375,1396.275167632848
2026-07-21T04:04:41.277214+00:00,3823.0,35.0,99.95,39.0,1740.4609375,1396.5993113927543
2026-07-21T04:04:41.600864+00:00,3823.0,38.0,99.95,39.0,1740.4609375,1396.9229618497193
2026-07-21T04:04:41.948208+00:00,3823.0,37.0,100.06,39.0,1740.4609375,1397.2703063115478
2026-07-21T04:04:42.268544+00:00,3823.0,37.0,100.17,39.0,1740.4609375,1397.5906419306993
2026-07-21T04:04:42.639167+00:00,3823.0,35.0,99.83,39.0,1740.4765625,1397.96126460284
2026-07-21T04:04:42.959665+00:00,3823.0,37.0,99.26,39.0,1740.4765625,1398.2817626409233
2026-07-21T04:04:43.303003+00:00,3823.0,37.0,99.18,39.0,1740.4765625,1398.6251005120575
2026-07-21T04:04:43.642944+00:00,3823.0,37.0,99.52,39.0,1740.4765625,1398.9650427363813
2026-07-21T04:04:43.986868+00:00,3823.0,38.0,100.17,39.0,1740.4765625,1399.308966346085
2026-07-21T04:04:44.334841+00:00,3823.0,35.0,100.45,39.0,1740.4765625,1399.656938560307
2026-07-21T04:04:44.681103+00:00,3823.0,37.0,100.47,39.0,1740.4765625,1400.0032011903822
2026-07-21T04:04:45.080877+00:00,3823.0,36.0,100.48,39.0,1740.4765625,1400.4029746353626
2026-07-21T04:04:45.405119+00:00,3823.0,38.0,100.29,39.0,1740.4765625,1400.7272171340883
2026-07-21T04:04:45.753035+00:00,3823.0,35.0,100.27,39.0,1740.4765625,1401.075132187456
2026-07-21T04:04:46.097438+00:00,3823.0,37.0,99.9,39.0,1740.4765625,1401.419535305351
2026-07-21T04:04:46.415358+00:00,3823.0,35.0,100.05,39.0,1740.4765625,1401.7374556809664
2026-07-21T04:04:46.737873+00:00,3823.0,37.0,100.15,39.0,1740.4765625,1402.059971358627
2026-07-21T04:04:47.111338+00:00,3823.0,37.0,100.15,39.0,1740.4765625,1402.4334357976913
2026-07-21T04:04:47.428674+00:00,3823.0,36.0,99.93,39.0,1740.4765625,1402.7507709488273
2026-07-21T04:04:47.776924+00:00,3823.0,37.0,99.86,39.0,1740.4765625,1403.099021088332
2026-07-21T04:04:48.104561+00:00,3823.0,38.0,100.05,39.0,1740.4765625,1403.4266594275832
2026-07-21T04:04:48.425426+00:00,3823.0,37.0,100.52,39.0,1740.4765625,1403.7475242093205
2026-07-21T04:04:48.762923+00:00,3823.0,38.0,100.68,39.0,1740.4765625,1404.0850208625197
2026-07-21T04:04:49.121556+00:00,3823.0,37.0,100.35,39.0,1740.4765625,1404.4436539635062
2026-07-21T04:04:49.461707+00:00,3823.0,37.0,100.43,39.0,1740.4765625,1404.7838047333062
2026-07-21T04:04:49.822101+00:00,3823.0,37.0,100.44,39.0,1740.4765625,1405.1441989913583
2026-07-21T04:04:50.143162+00:00,3823.0,37.0,100.65,39.0,1740.4765625,1405.4652593806386
2026-07-21T04:04:50.490678+00:00,3823.0,17.0,100.26,39.0,1740.4921875,1405.8127753175795
2026-07-21T04:04:50.831159+00:00,3823.0,37.0,99.98,39.0,1740.4921875,1406.15325717628
2026-07-21T04:04:51.207165+00:00,3823.0,35.0,99.9,39.0,1740.4921875,1406.5292632430792
2026-07-21T04:04:51.528359+00:00,3823.0,36.0,99.74,39.0,1740.4921875,1406.8504569232464
2026-07-21T04:04:51.883751+00:00,3823.0,36.0,99.65,39.0,1740.4921875,1407.2058483213186
2026-07-21T04:04:52.213147+00:00,3823.0,37.0,99.4,39.0,1740.4921875,1407.5352456271648
2026-07-21T04:04:52.558893+00:00,3823.0,36.0,99.62,39.0,1740.4921875,1407.8809910155833
2026-07-21T04:04:52.898919+00:00,3823.0,35.0,99.83,39.0,1740.4921875,1408.221017561853
2026-07-21T04:04:53.221387+00:00,3823.0,38.0,99.8,39.0,1740.4921875,1408.5434844009578
2026-07-21T04:04:53.566095+00:00,3823.0,36.0,99.51,39.0,1740.4921875,1408.8881923109293
2026-07-21T04:04:53.910747+00:00,3823.0,37.0,99.98,39.0,1740.4921875,1409.2328451387584
2026-07-21T04:04:54.236753+00:00,3823.0,38.0,99.92,39.0,1740.4921875,1409.558850672096
2026-07-21T04:04:54.560381+00:00,3823.0,38.0,100.26,39.0,1740.4921875,1409.8824781253934
2026-07-21T04:04:54.886416+00:00,3823.0,37.0,100.09,39.0,1740.4921875,1410.2085135616362
2026-07-21T04:04:55.211670+00:00,3823.0,35.0,100.0,39.0,1740.4921875,1410.533767208457
2026-07-21T04:04:55.578650+00:00,3823.0,35.0,99.9,39.0,1740.4921875,1410.9007472097874
2026-07-21T04:04:55.928828+00:00,3823.0,36.0,100.13,39.0,1740.4921875,1411.2509254030883
2026-07-21T04:04:56.250022+00:00,3823.0,37.0,99.93,39.0,1740.4921875,1411.5721189714968
2026-07-21T04:04:56.573200+00:00,3823.0,36.0,100.01,39.0,1740.4921875,1411.8952977061272
2026-07-21T04:04:56.894545+00:00,3823.0,38.0,100.03,39.0,1740.4921875,1412.2166428491473
2026-07-21T04:04:57.263410+00:00,3823.0,38.0,100.2,39.0,1740.4921875,1412.5855072885752
2026-07-21T04:04:57.607554+00:00,3823.0,37.0,100.29,39.0,1740.4921875,1412.9296518415213
2026-07-21T04:04:57.925390+00:00,3823.0,37.0,100.33,39.0,1740.4921875,1413.2474881373346
2026-07-21T04:04:58.296047+00:00,3823.0,37.0,100.25,39.0,1740.4921875,1413.6181446947157
2026-07-21T04:04:58.621150+00:00,3823.0,36.0,99.51,39.0,1740.5078125,1413.9432467669249
2026-07-21T04:04:58.963419+00:00,3823.0,37.0,99.72,39.0,1740.5078125,1414.285516358912
2026-07-21T04:04:59.285023+00:00,3823.0,36.0,99.35,39.0,1740.5078125,1414.6071217395365
2026-07-21T04:04:59.631261+00:00,3823.0,38.0,99.76,39.0,1740.5078125,1414.953358836472
2026-07-21T04:04:59.949613+00:00,3823.0,35.0,99.1,39.0,1740.5078125,1415.271711308509
2026-07-21T04:05:00.249882+00:00,3823.0,35.0,98.69,39.0,1740.5078125,1415.5719792097807
2026-07-21T04:05:00.573160+00:00,3823.0,37.0,98.51,39.0,1740.5078125,1415.895258270204
2026-07-21T04:05:00.892458+00:00,3823.0,36.0,98.69,39.0,1740.5078125,1416.2145566865802
2026-07-21T04:05:01.221157+00:00,3823.0,37.0,99.71,39.0,1740.5078125,1416.5432549268007
2026-07-21T04:05:01.566800+00:00,3823.0,36.0,99.87,39.0,1740.5078125,1416.88889728114
2026-07-21T04:05:01.891290+00:00,3823.0,37.0,99.84,39.0,1740.5078125,1417.2133870497346
2026-07-21T04:05:02.231547+00:00,3823.0,37.0,99.65,39.0,1740.5078125,1417.5536443218589
2026-07-21T04:05:02.549330+00:00,3823.0,36.0,99.45,39.0,1740.5078125,1417.8714282512665
2026-07-21T04:05:02.869009+00:00,3823.0,37.0,99.71,39.0,1740.5078125,1418.1911070793867
2026-07-21T04:05:03.193893+00:00,3823.0,36.0,100.11,39.0,1740.5078125,1418.5159907862544
2026-07-21T04:05:03.512971+00:00,3823.0,38.0,100.03,39.0,1740.5078125,1418.835068602115
2026-07-21T04:05:03.854670+00:00,3823.0,37.0,99.93,39.0,1740.5078125,1419.1767677366734
2026-07-21T04:05:04.221041+00:00,3823.0,20.0,99.59,39.0,1740.5234375,1419.543137807399
2026-07-21T04:05:04.559167+00:00,3823.0,36.0,100.08,39.0,1740.5234375,1419.8812643885612
2026-07-21T04:05:04.860526+00:00,3823.0,37.0,99.88,39.0,1740.5234375,1420.1826235204935
2026-07-21T04:05:05.179563+00:00,3823.0,37.0,100.64,39.0,1740.5234375,1420.5016608461738
2026-07-21T04:05:05.500770+00:00,3823.0,38.0,99.95,39.0,1740.5234375,1420.8228685855865
2026-07-21T04:05:05.800847+00:00,3823.0,38.0,99.97,39.0,1740.5234375,1421.1229451857507
2026-07-21T04:05:06.139906+00:00,3823.0,37.0,99.88,39.0,1740.5234375,1421.4620029069483
2026-07-21T04:05:06.464333+00:00,3823.0,38.0,99.86,39.0,1740.5234375,1421.7864306420088
2026-07-21T04:05:06.810880+00:00,3823.0,38.0,99.86,39.0,1740.5234375,1422.132978066802
2026-07-21T04:05:07.109896+00:00,3823.0,37.0,100.01,39.0,1740.5234375,1422.431993842125
2026-07-21T04:05:07.437776+00:00,3823.0,37.0,100.14,39.0,1740.5234375,1422.759874328971
2026-07-21T04:05:07.760096+00:00,3823.0,38.0,100.12,39.0,1740.5234375,1423.0821942538023
2026-07-21T04:05:08.086548+00:00,3823.0,37.0,100.08,39.0,1740.5234375,1423.408645927906
2026-07-21T04:05:08.428204+00:00,3823.0,37.0,100.03,39.0,1740.5234375,1423.7503017634153
2026-07-21T04:05:08.775678+00:00,3823.0,37.0,99.97,39.0,1740.5234375,1424.0977755710483
2026-07-21T04:05:09.075466+00:00,3823.0,37.0,100.03,39.0,1740.52734375,1424.397564087063
2026-07-21T04:05:09.419320+00:00,3823.0,38.0,100.18,39.0,1740.52734375,1424.7414182983339
2026-07-21T04:05:09.718801+00:00,3823.0,38.0,100.22,39.0,1740.52734375,1425.040898643434
2026-07-21T04:05:10.094245+00:00,3823.0,38.0,100.45,39.0,1740.52734375,1425.4163425378501
2026-07-21T04:05:10.445031+00:00,3823.0,38.0,100.82,39.0,1740.52734375,1425.7671289853752
2026-07-21T04:05:10.769156+00:00,3823.0,38.0,100.96,39.0,1740.52734375,1426.0912530645728
2026-07-21T04:05:11.092499+00:00,3823.0,38.0,100.83,39.0,1740.52734375,1426.414596632123
2026-07-21T04:05:11.426349+00:00,3823.0,38.0,100.69,39.0,1740.52734375,1426.7484471574426
2026-07-21T04:05:11.744405+00:00,3823.0,37.0,100.88,39.0,1740.52734375,1427.0665033385158
2026-07-21T04:05:12.086647+00:00,3823.0,13.0,100.14,39.0,1740.55859375,1427.4087443649769
2026-07-21T04:05:12.386704+00:00,3823.0,37.0,99.93,39.0,1740.55859375,1427.7088022641838
2026-07-21T04:05:12.708371+00:00,3823.0,38.0,99.42,39.0,1740.55859375,1428.0304686017334
2026-07-21T04:05:13.033399+00:00,3823.0,38.0,99.39,39.0,1740.55859375,1428.3554958961904
2026-07-21T04:05:13.375923+00:00,3823.0,37.0,99.24,39.0,1740.55859375,1428.698020890355
2026-07-21T04:05:13.680331+00:00,3823.0,38.0,99.45,39.0,1740.55859375,1429.002429176122
2026-07-21T04:05:14.004168+00:00,3823.0,37.0,99.62,39.0,1740.55859375,1429.3262665942311
2026-07-21T04:05:14.325806+00:00,3823.0,37.0,99.8,39.0,1740.56640625,1429.6479040049016
2026-07-21T04:05:14.670456+00:00,3823.0,37.0,99.9,39.0,1740.56640625,1429.9925537221134
2026-07-21T04:05:14.993878+00:00,3823.0,37.0,99.91,39.0,1740.5703125,1430.3159764409065
2026-07-21T04:05:15.341426+00:00,3823.0,37.0,99.96,39.0,1740.5703125,1430.6635245792568
2026-07-21T04:05:15.711195+00:00,3823.0,26.0,98.89,39.0,1740.58203125,1431.0332921110094
2026-07-21T04:05:16.056073+00:00,3823.0,37.0,99.41,39.0,1740.58203125,1431.378171749413
2026-07-21T04:05:16.381185+00:00,3823.0,35.0,99.34,39.0,1740.58203125,1431.7032840363681
2026-07-21T04:05:16.701517+00:00,3823.0,38.0,100.06,39.0,1740.58203125,1432.0236140750349
2026-07-21T04:05:17.021878+00:00,3823.0,36.0,99.74,39.0,1740.58203125,1432.3439741767943
2026-07-21T04:05:17.394065+00:00,3823.0,37.0,99.64,39.0,1740.58203125,1432.7161620818079
2026-07-21T04:05:17.718246+00:00,3823.0,37.0,99.46,39.0,1740.58203125,1433.0403444878757
2026-07-21T04:05:18.071748+00:00,3823.0,36.0,99.71,39.0,1740.58984375,1433.3938464857638
2026-07-21T04:05:18.397622+00:00,3823.0,36.0,99.45,39.0,1740.58984375,1433.7197204194963
2026-07-21T04:05:18.720641+00:00,3823.0,37.0,99.42,39.0,1740.59375,1434.0427389852703
2026-07-21T04:05:19.045465+00:00,3823.0,36.0,99.32,39.0,1740.59765625,1434.3675633221865
2026-07-21T04:05:19.389987+00:00,3823.0,36.0,99.47,39.0,1740.59765625,1434.712084196508
2026-07-21T04:05:19.712721+00:00,3823.0,37.0,99.58,39.0,1740.60546875,1435.0348190888762
2026-07-21T04:05:20.053627+00:00,3823.0,36.0,98.61,39.0,1740.70703125,1435.3757243603468
2026-07-21T04:05:20.373197+00:00,3823.0,36.0,98.48,39.0,1740.71484375,1435.6952944509685
2026-07-21T04:05:20.697557+00:00,3823.0,37.0,98.44,39.0,1740.71484375,1436.0196545235813
2026-07-21T04:05:21.072462+00:00,3823.0,37.0,99.54,39.0,1740.734375,1436.394559521228
2026-07-21T04:05:21.438093+00:00,3823.0,36.0,99.64,39.0,1740.734375,1436.76019031927
2026-07-21T04:05:21.783429+00:00,3823.0,37.0,99.84,39.0,1740.74609375,1437.105526074767
2026-07-21T04:05:22.104953+00:00,3823.0,37.0,99.72,39.0,1740.74609375,1437.4270512983203
2026-07-21T04:05:22.428932+00:00,3823.0,37.0,99.65,39.0,1740.7578125,1437.7510305605829
2026-07-21T04:05:22.730185+00:00,3823.0,37.0,99.59,39.0,1740.7578125,1438.052283089608
2026-07-21T04:05:23.048941+00:00,3823.0,38.0,99.7,39.0,1740.7578125,1438.3710388839245
2026-07-21T04:05:23.372216+00:00,3823.0,37.0,99.67,39.0,1740.76953125,1438.6943138763309
2026-07-21T04:05:23.696888+00:00,3823.0,37.0,100.08,39.0,1740.76953125,1439.0189860835671
2026-07-21T04:05:24.020300+00:00,3823.0,37.0,100.04,39.0,1740.77734375,1439.3423982672393
2026-07-21T04:05:24.382680+00:00,3823.0,38.0,100.09,39.0,1740.77734375,1439.7047775313258
2026-07-21T04:05:24.683519+00:00,3823.0,38.0,99.88,39.0,1740.7890625,1440.0056158229709
2026-07-21T04:05:25.005152+00:00,3823.0,31.0,99.42,39.0,1740.8125,1440.3272494338453
2026-07-21T04:05:25.331419+00:00,3823.0,37.0,99.29,39.0,1740.8203125,1440.6535167954862
2026-07-21T04:05:25.678882+00:00,3823.0,37.0,99.03,39.0,1740.828125,1441.0009799227118
2026-07-21T04:05:26.046886+00:00,3823.0,36.0,99.59,39.0,1740.83203125,1441.3689834736288
2026-07-21T04:05:26.368282+00:00,3823.0,37.0,99.56,39.0,1740.83984375,1441.690380871296
2026-07-21T04:05:26.734035+00:00,3823.0,37.0,99.72,39.0,1740.83984375,1442.0561330281198
2026-07-21T04:05:27.052660+00:00,3823.0,13.0,99.0,39.0,1740.859375,1442.374756783247
2026-07-21T04:05:27.376008+00:00,3823.0,37.0,99.1,39.0,1740.859375,1442.6981058083475
2026-07-21T04:05:27.700163+00:00,3823.0,37.0,98.96,39.0,1740.875,1443.0222613625228
2026-07-21T04:05:28.024010+00:00,3823.0,37.0,99.6,39.0,1740.875,1443.3461075127125
2026-07-21T04:05:28.348773+00:00,3823.0,37.0,99.72,39.0,1740.875,1443.6708717346191
2026-07-21T04:05:28.649026+00:00,3823.0,37.0,99.72,39.0,1740.8984375,1443.9711246304214
2026-07-21T04:05:28.990209+00:00,3823.0,37.0,99.6,39.0,1740.8984375,1444.3123078793287
2026-07-21T04:05:29.319445+00:00,3823.0,36.0,99.74,39.0,1740.90234375,1444.6415429376066
2026-07-21T04:05:29.645252+00:00,3823.0,37.0,99.68,39.0,1740.90234375,1444.9673496559262
2026-07-21T04:05:29.991128+00:00,3823.0,36.0,99.6,39.0,1740.921875,1445.3132259212434
2026-07-21T04:05:30.315267+00:00,3823.0,38.0,99.7,39.0,1740.921875,1445.637362793088
2026-07-21T04:05:30.659490+00:00,3823.0,37.0,99.75,39.0,1740.9453125,1445.9815877974033
2026-07-21T04:05:30.984526+00:00,3823.0,38.0,99.78,39.0,1740.9453125,1446.3066237978637
2026-07-21T04:05:31.312678+00:00,3823.0,37.0,99.76,39.0,1740.9453125,1446.6347761452198
2026-07-21T04:05:31.658569+00:00,3823.0,38.0,100.11,39.0,1740.953125,1446.9806671366096
2026-07-21T04:05:32.023311+00:00,3823.0,37.0,100.29,39.0,1740.953125,1447.3454084694386
2026-07-21T04:05:32.345246+00:00,3823.0,37.0,100.52,39.0,1740.96484375,1447.6673434600234
2026-07-21T04:05:32.691753+00:00,3823.0,36.0,100.23,39.0,1740.96484375,1448.0138509497046
2026-07-21T04:05:33.033962+00:00,3823.0,26.0,99.24,39.0,1742.953125,1448.3560604825616
2026-07-21T04:05:33.353663+00:00,3823.0,36.0,98.94,39.0,1742.953125,1448.6757605448365
2026-07-21T04:05:33.699866+00:00,3823.0,35.0,98.59,39.0,1742.96875,1449.0219636969268
2026-07-21T04:05:34.020062+00:00,3823.0,38.0,99.04,39.0,1742.96875,1449.3421602621675
2026-07-21T04:05:34.362725+00:00,3823.0,36.0,98.89,39.0,1742.9765625,1449.6848226189613
2026-07-21T04:05:34.771153+00:00,3823.0,24.0,98.71,39.0,1742.9921875,1450.0932497568429
2026-07-21T04:05:35.141197+00:00,3823.0,37.0,98.76,39.0,1742.99609375,1450.4632949754596
2026-07-21T04:05:35.487638+00:00,3823.0,37.0,98.86,39.0,1743.0078125,1450.8097362592816
2026-07-21T04:05:35.826997+00:00,3823.0,36.0,99.26,39.0,1743.0078125,1451.1490943022072
2026-07-21T04:05:36.151949+00:00,3823.0,37.0,99.04,39.0,1743.02734375,1451.4740465953946
2026-07-21T04:05:36.523369+00:00,3823.0,34.0,99.28,39.0,1743.02734375,1451.8454667441547
2026-07-21T04:05:36.845381+00:00,3823.0,37.0,98.96,39.0,1743.046875,1452.1674790978432
2026-07-21T04:05:37.164842+00:00,3823.0,36.0,98.54,39.0,1743.0625,1452.4869392588735
2026-07-21T04:05:37.466833+00:00,3823.0,37.0,98.59,39.0,1743.0703125,1452.7889313548803
2026-07-21T04:05:37.789304+00:00,3823.0,37.0,98.73,39.0,1743.078125,1453.1114025525749
2026-07-21T04:05:38.108937+00:00,3823.0,37.0,99.22,39.0,1743.078125,1453.4310357309878
2026-07-21T04:05:38.474431+00:00,3823.0,37.0,99.63,39.0,1743.09765625,1453.7965284399688
2026-07-21T04:05:38.845735+00:00,3823.0,37.0,99.69,39.0,1743.09765625,1454.167831145227
2026-07-21T04:05:39.193695+00:00,3823.0,36.0,99.23,39.0,1743.1171875,1454.5157924480736
2026-07-21T04:05:39.516453+00:00,3823.0,36.0,98.81,39.0,1743.1171875,1454.83855111897
2026-07-21T04:05:39.878925+00:00,3823.0,36.0,99.7,39.0,1743.14453125,1455.201022889465
2026-07-21T04:05:40.180272+00:00,3823.0,37.0,99.16,39.0,1743.14453125,1455.5023695379496
2026-07-21T04:05:40.503825+00:00,3823.0,37.0,99.26,39.0,1743.14453125,1455.8259235955775
2026-07-21T04:05:40.885230+00:00,3823.0,29.0,98.88,39.0,1743.15625,1456.2073272131383
2026-07-21T04:05:41.251171+00:00,3823.0,36.0,98.99,39.0,1743.171875,1456.5732683986425
2026-07-21T04:05:41.570901+00:00,3823.0,37.0,98.96,39.0,1743.17578125,1456.892999008298
2026-07-21T04:05:41.899137+00:00,3823.0,36.0,99.62,39.0,1743.17578125,1457.2212356738746
2026-07-21T04:05:42.226149+00:00,3823.0,37.0,99.07,39.0,1743.203125,1457.5482472665608
2026-07-21T04:05:42.549637+00:00,3823.0,37.0,99.1,39.0,1743.203125,1457.8717351555824
2026-07-21T04:05:42.872880+00:00,3823.0,37.0,99.19,39.0,1743.20703125,1458.1949787251651
2026-07-21T04:05:43.226388+00:00,3823.0,37.0,99.25,39.0,1743.2265625,1458.5484857819974
2026-07-21T04:05:43.549062+00:00,3823.0,37.0,99.37,39.0,1743.2265625,1458.8711588457227
2026-07-21T04:05:43.868080+00:00,3823.0,37.0,99.48,39.0,1743.23828125,1459.1901771724224
2026-07-21T04:05:44.215800+00:00,3823.0,37.0,99.65,39.0,1743.27734375,1459.537896040827
2026-07-21T04:05:44.584405+00:00,3823.0,36.0,99.81,39.0,1743.3046875,1459.9065030999482
2026-07-21T04:05:44.887352+00:00,3823.0,37.0,99.49,39.0,1743.3046875,1460.2094488292933
2026-07-21T04:05:45.233938+00:00,3823.0,35.0,99.54,39.0,1743.3203125,1460.5560348331928
2026-07-21T04:05:45.553346+00:00,3823.0,31.0,97.19,39.0,1743.3203125,1460.8754439726472
2026-07-21T04:05:45.899730+00:00,3823.0,37.0,97.2,39.0,1743.3203125,1461.221826609224
2026-07-21T04:05:46.204810+00:00,3823.0,37.0,97.38,39.0,1743.3203125,1461.526907466352
2026-07-21T04:05:46.566977+00:00,3823.0,37.0,99.78,39.0,1743.3203125,1461.8890685550869
2026-07-21T04:05:46.868009+00:00,3823.0,37.0,100.34,39.0,1743.3203125,1462.1901018321514
2026-07-21T04:05:47.210969+00:00,3823.0,38.0,100.35,39.0,1743.3203125,1462.5330658964813
2026-07-21T04:05:47.511797+00:00,3823.0,38.0,100.56,39.0,1743.3203125,1462.8338948749006
2026-07-21T04:05:47.812746+00:00,3823.0,38.0,100.11,39.0,1743.3203125,1463.134843736887
2026-07-21T04:05:48.116729+00:00,3823.0,36.0,100.02,39.0,1743.3203125,1463.438826881349
2026-07-21T04:05:48.440846+00:00,3823.0,38.0,100.06,39.0,1743.3203125,1463.7629434913397
2026-07-21T04:05:48.743672+00:00,3823.0,38.0,100.07,39.0,1743.3203125,1464.0657698847353
2026-07-21T04:05:49.090170+00:00,3823.0,37.0,100.23,39.0,1743.3203125,1464.4122674763203
2026-07-21T04:05:49.430960+00:00,3823.0,38.0,100.08,39.0,1743.3203125,1464.7530578784645
2026-07-21T04:05:49.775394+00:00,3823.0,38.0,100.14,39.0,1743.3203125,1465.097492158413
2026-07-21T04:05:50.125220+00:00,3823.0,37.0,100.25,39.0,1743.3203125,1465.4473185688257
2026-07-21T04:05:50.495186+00:00,3823.0,38.0,100.5,39.0,1743.3203125,1465.8172835446894
2026-07-21T04:05:50.817236+00:00,3823.0,37.0,100.72,39.0,1743.3203125,1466.139333691448
2026-07-21T04:05:51.186675+00:00,3823.0,11.0,100.77,39.0,1743.34375,1466.5087718106806
2026-07-21T04:05:51.508425+00:00,3823.0,36.0,100.3,39.0,1743.34375,1466.8305230662227
2026-07-21T04:05:51.829619+00:00,3823.0,38.0,99.71,39.0,1743.34375,1467.1517173536122
2026-07-21T04:05:52.173596+00:00,3823.0,38.0,100.21,39.0,1743.34375,1467.495692577213
2026-07-21T04:05:52.542605+00:00,3823.0,37.0,99.75,39.0,1743.34375,1467.8647024184465
2026-07-21T04:05:52.865359+00:00,3823.0,38.0,99.8,39.0,1743.34375,1468.187456972897
2026-07-21T04:05:53.214201+00:00,3823.0,36.0,100.06,39.0,1743.34375,1468.536299135536
2026-07-21T04:05:53.535049+00:00,3823.0,37.0,100.01,39.0,1743.34375,1468.857147179544
2026-07-21T04:05:53.853605+00:00,3823.0,37.0,100.18,39.0,1743.34375,1469.1757028885186
2026-07-21T04:05:54.155239+00:00,3823.0,37.0,100.26,39.0,1743.34375,1469.4773370176554
2026-07-21T04:05:54.456422+00:00,3823.0,37.0,100.25,39.0,1743.34375,1469.7785203792155
2026-07-21T04:05:54.803052+00:00,3823.0,37.0,100.15,39.0,1743.34375,1470.1251501999795
2026-07-21T04:05:55.141779+00:00,3823.0,38.0,100.05,39.0,1743.34375,1470.4638773687184
2026-07-21T04:05:55.445852+00:00,3823.0,37.0,100.16,39.0,1743.34375,1470.7679511643946
2026-07-21T04:05:55.769145+00:00,3823.0,37.0,100.0,39.0,1743.34375,1471.0912429913878
2026-07-21T04:05:56.070159+00:00,3823.0,37.0,100.04,39.0,1743.34375,1471.392256245017
2026-07-21T04:05:56.393706+00:00,3823.0,37.0,100.12,39.0,1743.34375,1471.7158031463623
2026-07-21T04:05:56.717440+00:00,3823.0,38.0,100.26,39.0,1743.34375,1472.0395387373865
2026-07-21T04:05:57.019171+00:00,3823.0,38.0,100.34,39.0,1743.34375,1472.341268349439
2026-07-21T04:05:57.341069+00:00,3823.0,37.0,100.24,39.0,1743.34375,1472.6631669551134
2026-07-21T04:05:57.707264+00:00,3823.0,37.0,100.37,39.0,1743.34375,1473.029361691326
2026-07-21T04:05:58.052360+00:00,3823.0,37.0,100.5,39.0,1743.34375,1473.3744569793344
2026-07-21T04:05:58.377451+00:00,3823.0,37.0,100.67,39.0,1743.34375,1473.6995484754443
2026-07-21T04:05:58.780194+00:00,3823.0,23.0,100.36,39.0,1743.3671875,1474.1022920012474
2026-07-21T04:05:59.083810+00:00,3823.0,37.0,100.03,39.0,1743.3671875,1474.4059085324407
2026-07-21T04:05:59.387078+00:00,3823.0,37.0,99.49,39.0,1743.3671875,1474.7091752961278
2026-07-21T04:05:59.709063+00:00,3823.0,37.0,100.07,39.0,1743.3671875,1475.0311616510153
2026-07-21T04:06:00.028843+00:00,3823.0,38.0,99.68,39.0,1743.3671875,1475.3509410731494
2026-07-21T04:06:00.375346+00:00,3823.0,37.0,99.97,39.0,1743.3671875,1475.697443973273
2026-07-21T04:06:00.700728+00:00,3823.0,37.0,99.81,39.0,1743.3671875,1476.0228255577385
2026-07-21T04:06:01.024805+00:00,3823.0,37.0,99.72,39.0,1743.3671875,1476.346902128309
2026-07-21T04:06:01.367176+00:00,3823.0,37.0,99.77,39.0,1743.3671875,1476.6892737708986
2026-07-21T04:06:01.711195+00:00,3823.0,37.0,99.87,39.0,1743.3671875,1477.0332921221852
2026-07-21T04:06:02.013174+00:00,3823.0,38.0,100.07,39.0,1743.3671875,1477.3352723158896
2026-07-21T04:06:02.375409+00:00,3823.0,37.0,100.15,39.0,1743.3671875,1477.6975064501166
2026-07-21T04:06:02.696836+00:00,3823.0,38.0,100.52,39.0,1743.3671875,1478.0189342983067
2026-07-21T04:06:03.021047+00:00,3823.0,38.0,100.46,39.0,1743.3671875,1478.3431444987655
2026-07-21T04:06:03.344526+00:00,3823.0,37.0,100.38,39.0,1743.3671875,1478.6666233539581
2026-07-21T04:06:03.687584+00:00,3823.0,38.0,100.1,39.0,1743.3671875,1479.00968195498
2026-07-21T04:06:03.989507+00:00,3823.0,37.0,100.03,39.0,1743.3671875,1479.3116052746773
2026-07-21T04:06:04.331909+00:00,3823.0,38.0,100.09,39.0,1743.3671875,1479.6540073044598
2026-07-21T04:06:04.656956+00:00,3823.0,37.0,100.28,39.0,1743.3671875,1479.9790541678667
2026-07-21T04:06:04.976321+00:00,3823.0,37.0,100.34,39.0,1743.3671875,1480.298418942839
2026-07-21T04:06:05.300875+00:00,3823.0,38.0,100.41,39.0,1743.3671875,1480.6229726858437
2026-07-21T04:06:05.625162+00:00,3823.0,38.0,100.45,39.0,1743.3671875,1480.9472602307796
2026-07-21T04:06:05.949973+00:00,3823.0,23.0,100.06,39.0,1743.390625,1481.2720706425607
2026-07-21T04:06:06.316195+00:00,3823.0,37.0,99.79,39.0,1743.390625,1481.6382927820086
2026-07-21T04:06:06.641302+00:00,3823.0,38.0,99.61,39.0,1743.390625,1481.9633994325995
2026-07-21T04:06:06.990742+00:00,3823.0,38.0,99.83,39.0,1743.390625,1482.3128405101597
2026-07-21T04:06:07.355497+00:00,3823.0,37.0,100.03,39.0,1743.390625,1482.6775946840644
2026-07-21T04:06:07.684308+00:00,3823.0,38.0,100.06,39.0,1743.390625,1483.0064056254923
2026-07-21T04:06:08.008577+00:00,3823.0,38.0,99.71,39.0,1743.390625,1483.3306747078896
2026-07-21T04:06:08.378765+00:00,3823.0,37.0,99.87,39.0,1743.390625,1483.7008636668324
2026-07-21T04:06:08.724299+00:00,3823.0,37.0,100.29,39.0,1743.390625,1484.04639756307
2026-07-21T04:06:09.049466+00:00,3823.0,37.0,99.88,39.0,1743.390625,1484.3715644478798
2026-07-21T04:06:09.369013+00:00,3823.0,36.0,99.78,39.0,1743.390625,1484.691111817956
2026-07-21T04:06:09.711173+00:00,3823.0,37.0,99.72,39.0,1743.390625,1485.0332714952528
2026-07-21T04:06:10.092900+00:00,3823.0,37.0,100.27,39.0,1743.390625,1485.4149974435568
2026-07-21T04:06:10.467102+00:00,3823.0,37.0,100.37,39.0,1743.390625,1485.7891998887062
2026-07-21T04:06:10.807493+00:00,3823.0,37.0,100.37,39.0,1743.390625,1486.129591986537
2026-07-21T04:06:11.133219+00:00,3823.0,37.0,100.05,39.0,1743.390625,1486.455317080021
2026-07-21T04:06:11.454778+00:00,3823.0,37.0,100.01,39.0,1743.390625,1486.776876207441
2026-07-21T04:06:11.814803+00:00,3823.0,36.0,100.23,39.0,1743.390625,1487.1369004808366
2026-07-21T04:06:12.133404+00:00,3823.0,37.0,100.44,39.0,1743.390625,1487.4555017985404
2026-07-21T04:06:12.461610+00:00,3823.0,38.0,100.51,39.0,1743.390625,1487.7837085351348
2026-07-21T04:06:12.784760+00:00,3823.0,38.0,100.26,39.0,1743.390625,1488.1068582199514
2026-07-21T04:06:13.147080+00:00,3823.0,36.0,100.33,39.0,1743.390625,1488.4691786170006
2026-07-21T04:06:13.468620+00:00,3823.0,38.0,100.33,39.0,1743.390625,1488.790718112141
2026-07-21T04:06:13.825711+00:00,3823.0,37.0,100.38,39.0,1743.390625,1489.147808816284
2026-07-21T04:06:14.129032+00:00,3823.0,38.0,99.94,39.0,1743.4140625,1489.451130013913
2026-07-21T04:06:14.452481+00:00,3823.0,38.0,99.75,39.0,1743.4140625,1489.7745790965855
2026-07-21T04:06:14.776814+00:00,3843.0,37.0,99.84,39.0,1743.421875,1490.0989115387201
2026-07-21T04:06:15.122400+00:00,3843.0,37.0,100.18,39.0,1743.421875,1490.4444977603853
2026-07-21T04:06:15.423692+00:00,3843.0,37.0,100.25,39.0,1743.421875,1490.7457908838987
2026-07-21T04:06:15.747329+00:00,3843.0,37.0,99.94,39.0,1743.421875,1491.069427009672
2026-07-21T04:06:16.091779+00:00,3843.0,37.0,100.06,39.0,1743.421875,1491.413877889514
2026-07-21T04:06:16.463357+00:00,3843.0,37.0,100.32,39.0,1743.421875,1491.7854546383023
2026-07-21T04:06:16.789103+00:00,3843.0,37.0,100.57,39.0,1743.421875,1492.1112011149526
2026-07-21T04:06:17.095454+00:00,3843.0,37.0,100.3,39.0,1743.421875,1492.417552523315
2026-07-21T04:06:17.452709+00:00,3843.0,38.0,100.36,39.0,1743.421875,1492.7748061679304
2026-07-21T04:06:17.753155+00:00,3843.0,38.0,100.52,39.0,1743.421875,1493.0752529613674
2026-07-21T04:06:18.099818+00:00,3843.0,38.0,100.84,39.0,1743.421875,1493.4219164587557
2026-07-21T04:06:18.449247+00:00,3843.0,38.0,101.15,39.0,1743.421875,1493.7713449783623
2026-07-21T04:06:18.773022+00:00,3843.0,39.0,101.04,39.0,1743.421875,1494.09512078017
2026-07-21T04:06:19.118564+00:00,3843.0,39.0,101.08,39.0,1743.421875,1494.440662831068
2026-07-21T04:06:19.440988+00:00,3843.0,37.0,100.95,39.0,1743.421875,1494.7630858421326
2026-07-21T04:06:19.744497+00:00,3843.0,13.0,101.32,39.0,1743.44140625,1495.0665950775146
2026-07-21T04:06:20.065544+00:00,3843.0,38.0,101.17,39.0,1743.44140625,1495.387642931193
2026-07-21T04:06:20.388351+00:00,3843.0,38.0,100.94,39.0,1743.44140625,1495.7104493789375
2026-07-21T04:06:20.758927+00:00,3843.0,37.0,100.44,39.0,1743.44140625,1496.0810256749392
2026-07-21T04:06:21.061353+00:00,3843.0,37.0,100.37,39.0,1743.44140625,1496.3834511004388
2026-07-21T04:06:21.385486+00:00,3843.0,37.0,100.61,39.0,1743.44140625,1496.7075846754014
2026-07-21T04:06:21.751557+00:00,3843.0,37.0,100.72,39.0,1743.44140625,1497.0736553780735
2026-07-21T04:06:22.099428+00:00,3843.0,37.0,100.75,39.0,1743.44140625,1497.4215258732438
2026-07-21T04:06:22.431382+00:00,3843.0,37.0,100.59,39.0,1743.44140625,1497.7534795328975
2026-07-21T04:06:22.757104+00:00,3843.0,37.0,100.4,39.0,1743.44140625,1498.0792019218206
2026-07-21T04:06:23.088913+00:00,3843.0,37.0,100.44,39.0,1743.44140625,1498.4110113792121
2026-07-21T04:06:23.432721+00:00,3843.0,37.0,100.19,39.0,1743.44140625,1498.7548194862902
2026-07-21T04:06:23.759505+00:00,3843.0,38.0,101.22,39.0,1743.45703125,1499.0816022902727
2026-07-21T04:06:24.093136+00:00,3843.0,36.0,101.27,39.0,1743.45703125,1499.415233105421
2026-07-21T04:06:24.414706+00:00,3843.0,38.0,101.45,39.0,1743.45703125,1499.7368046082556
2026-07-21T04:06:24.743110+00:00,3843.0,36.0,100.44,39.0,1743.45703125,1500.0652087293565
2026-07-21T04:06:25.063707+00:00,3843.0,37.0,100.24,39.0,1743.45703125,1500.3858054168522
2026-07-21T04:06:25.389704+00:00,3843.0,37.0,100.18,39.0,1743.45703125,1500.7118019610643
2026-07-21T04:06:25.691223+00:00,3843.0,36.0,100.18,39.0,1743.45703125,1501.0133209563792
2026-07-21T04:06:26.039243+00:00,3843.0,37.0,100.28,39.0,1743.45703125,1501.3613404147327
2026-07-21T04:06:26.365059+00:00,3843.0,37.0,100.57,39.0,1743.45703125,1501.6871564500034
2026-07-21T04:06:26.689160+00:00,3843.0,38.0,100.6,39.0,1743.45703125,1502.0112574882805
2026-07-21T04:06:27.018557+00:00,3843.0,36.0,100.54,39.0,1743.45703125,1502.340655311942
2026-07-21T04:06:27.341904+00:00,3843.0,37.0,100.64,39.0,1743.45703125,1502.664002288133
2026-07-21T04:06:27.665231+00:00,3843.0,37.0,100.71,39.0,1743.45703125,1502.9873292893171
2026-07-21T04:06:27.988627+00:00,3843.0,37.0,101.21,39.0,1743.47265625,1503.3107244111598
2026-07-21T04:06:28.359165+00:00,3843.0,38.0,100.92,39.0,1743.47265625,1503.6812636777759
2026-07-21T04:06:28.698985+00:00,3843.0,36.0,101.02,39.0,1743.47265625,1504.02108284086
2026-07-21T04:06:29.047683+00:00,3843.0,38.0,100.69,39.0,1743.47265625,1504.3697808273137
2026-07-21T04:06:29.369071+00:00,3843.0,38.0,100.33,39.0,1743.47265625,1504.6911699660122
2026-07-21T04:06:29.694455+00:00,3843.0,37.0,100.46,39.0,1743.47265625,1505.016554031521
2026-07-21T04:06:30.049347+00:00,3843.0,37.0,100.37,39.0,1743.47265625,1505.3714442886412
2026-07-21T04:06:30.423378+00:00,3843.0,37.0,100.87,39.0,1743.48046875,1505.7454733587801
2026-07-21T04:06:30.751923+00:00,3843.0,37.0,100.9,39.0,1743.48046875,1506.074021190405
2026-07-21T04:06:31.083170+00:00,3843.0,37.0,100.85,39.0,1743.48046875,1506.405268009752
2026-07-21T04:06:31.385370+00:00,3843.0,37.0,100.49,39.0,1743.48046875,1506.7074688524008
2026-07-21T04:06:31.709426+00:00,3843.0,38.0,100.46,39.0,1743.48046875,1507.031524375081
2026-07-21T04:06:32.033138+00:00,3843.0,37.0,100.48,39.0,1743.48046875,1507.3552359864116
2026-07-21T04:06:32.357252+00:00,3843.0,36.0,100.33,39.0,1743.48046875,1507.6793493665755
2026-07-21T04:06:32.659339+00:00,3843.0,37.0,100.45,39.0,1743.48046875,1507.9814375974238
2026-07-21T04:06:32.985298+00:00,3843.0,38.0,100.45,39.0,1743.48046875,1508.307386610657
2026-07-21T04:06:33.315350+00:00,3845.0,16.0,100.71,39.0,1743.5,1508.637447591871
2026-07-21T04:06:33.660254+00:00,3845.0,37.0,100.64,39.0,1743.5,1508.9823505729437
2026-07-21T04:06:34.002906+00:00,3845.0,38.0,100.95,39.0,1743.5,1509.3250040002167
2026-07-21T04:06:34.326208+00:00,3845.0,37.0,100.57,39.0,1743.5,1509.6483056657016
2026-07-21T04:06:34.653483+00:00,3845.0,37.0,100.56,39.0,1743.5,1509.9755801260471
2026-07-21T04:06:34.995519+00:00,3845.0,37.0,100.26,39.0,1743.5,1510.317617252469
2026-07-21T04:06:35.316763+00:00,3845.0,36.0,100.34,39.0,1743.5,1510.6388603784144
2026-07-21T04:06:35.644216+00:00,3845.0,39.0,100.45,39.0,1743.5,1510.9663142561913
2026-07-21T04:06:35.967295+00:00,3845.0,38.0,100.45,39.0,1743.5,1511.289391465485
2026-07-21T04:06:36.296092+00:00,3845.0,38.0,100.55,39.0,1743.5,1511.6181896179914
2026-07-21T04:06:36.666894+00:00,3845.0,37.0,100.59,39.0,1743.5,1511.9889916181564
2026-07-21T04:06:37.085347+00:00,3845.0,37.0,100.67,39.0,1743.5,1512.407443586737
2026-07-21T04:06:37.389339+00:00,3845.0,34.0,99.63,39.0,1743.515625,1512.7114372067153
2026-07-21T04:06:37.712987+00:00,3845.0,37.0,98.88,39.0,1743.515625,1513.035084720701
2026-07-21T04:06:38.036843+00:00,3845.0,34.0,98.52,39.0,1743.515625,1513.358941089362
2026-07-21T04:06:38.399436+00:00,3845.0,35.0,98.93,39.0,1743.515625,1513.7215333878994
2026-07-21T04:06:38.771112+00:00,3845.0,36.0,99.4,39.0,1743.515625,1514.0932089872658
2026-07-21T04:06:39.119100+00:00,3845.0,36.0,99.45,39.0,1743.515625,1514.4411972984672
2026-07-21T04:06:39.446045+00:00,3845.0,37.0,99.55,39.0,1743.515625,1514.7681427374482
2026-07-21T04:06:39.769857+00:00,3845.0,36.0,99.38,39.0,1743.515625,1515.0919548161328
2026-07-21T04:06:40.105550+00:00,3845.0,38.0,99.63,39.0,1743.515625,1515.4276475049555
2026-07-21T04:06:40.428672+00:00,3845.0,35.0,99.69,39.0,1743.515625,1515.7507691010833
2026-07-21T04:06:40.791240+00:00,3845.0,36.0,99.85,39.0,1743.515625,1516.1133365780115
2026-07-21T04:06:41.118746+00:00,3845.0,37.0,99.9,39.0,1743.515625,1516.4408434703946
2026-07-21T04:06:41.421338+00:00,3845.0,37.0,99.88,39.0,1743.515625,1516.743435729295
2026-07-21T04:06:41.746070+00:00,3845.0,36.0,99.8,39.0,1743.515625,1517.0681682229042
2026-07-21T04:06:42.050698+00:00,3845.0,35.0,99.13,39.0,1743.53515625,1517.3727962337434
2026-07-21T04:06:42.378041+00:00,3845.0,37.0,98.89,39.0,1743.53515625,1517.7001369856298
2026-07-21T04:06:42.701736+00:00,3845.0,36.0,98.66,39.0,1743.53515625,1518.023834388703
2026-07-21T04:06:43.052477+00:00,3845.0,35.0,99.01,39.0,1743.53515625,1518.3745748661458
2026-07-21T04:06:43.376953+00:00,3845.0,36.0,98.9,39.0,1743.53515625,1518.6990502886474
2026-07-21T04:06:43.726978+00:00,3845.0,37.0,98.81,39.0,1743.53515625,1519.0490752123296
2026-07-21T04:06:44.048766+00:00,3845.0,37.0,98.9,39.0,1743.53515625,1519.3708643838763
2026-07-21T04:06:44.399063+00:00,3845.0,37.0,98.95,39.0,1743.53515625,1519.7211615704
2026-07-21T04:06:44.725467+00:00,3845.0,37.0,99.16,39.0,1743.53515625,1520.047565355897
2026-07-21T04:06:45.093056+00:00,3845.0,34.0,99.16,39.0,1743.53515625,1520.415154185146
2026-07-21T04:06:45.442218+00:00,3845.0,36.0,99.08,39.0,1743.53515625,1520.7643169686198
2026-07-21T04:06:45.783434+00:00,3845.0,37.0,99.53,39.0,1743.53515625,1521.1055327542126
2026-07-21T04:06:46.109525+00:00,3845.0,36.0,99.32,39.0,1743.53515625,1521.4316230267286
2026-07-21T04:06:46.455552+00:00,3845.0,35.0,99.19,39.0,1743.53515625,1521.7776497974992
2026-07-21T04:06:46.776457+00:00,3845.0,36.0,98.95,39.0,1743.53515625,1522.0985545553267
2026-07-21T04:06:47.085341+00:00,3845.0,36.0,99.23,39.0,1743.53515625,1522.4074393622577
2026-07-21T04:06:47.406411+00:00,3845.0,36.0,99.27,39.0,1743.53515625,1522.7285087294877
2026-07-21T04:06:47.728269+00:00,3845.0,34.0,99.64,39.0,1743.53515625,1523.0503665208817
2026-07-21T04:06:48.053182+00:00,3845.0,37.0,98.97,39.0,1743.5546875,1523.3752789646387
2026-07-21T04:06:48.373609+00:00,3845.0,36.0,98.82,39.0,1743.5546875,1523.6957066096365
2026-07-21T04:06:48.696182+00:00,3845.0,37.0,98.71,39.0,1743.5546875,1524.0182806104422
2026-07-21T04:06:49.039211+00:00,3845.0,36.0,98.92,39.0,1743.5546875,1524.361307863146
2026-07-21T04:06:49.364093+00:00,3845.0,37.0,98.91,39.0,1743.5546875,1524.6861915811896
2026-07-21T04:06:49.707206+00:00,3845.0,35.0,98.94,39.0,1743.5546875,1525.0293036103249
2026-07-21T04:06:50.033873+00:00,3845.0,37.0,99.05,39.0,1743.5546875,1525.3559713065624
2026-07-21T04:06:50.360586+00:00,3845.0,36.0,99.2,39.0,1743.5546875,1525.6826826743782
2026-07-21T04:06:50.702658+00:00,3845.0,36.0,99.34,39.0,1743.5546875,1526.0247565992177
2026-07-21T04:06:51.043343+00:00,3845.0,36.0,99.29,39.0,1743.5546875,1526.3654412031174
2026-07-21T04:06:51.369326+00:00,3845.0,37.0,99.41,39.0,1743.5546875,1526.6914239488542
2026-07-21T04:06:51.693218+00:00,3845.0,31.0,98.55,38.0,1743.5546875,1527.015316735953
2026-07-21T04:06:52.012853+00:00,3845.0,23.0,97.23,38.0,1743.5546875,1527.3349516801536
2026-07-21T04:06:52.362463+00:00,3845.0,36.0,97.32,39.0,1743.5546875,1527.684561021626
2026-07-21T04:06:52.681449+00:00,3845.0,36.0,97.79,39.0,1743.5546875,1528.0035469643772
2026-07-21T04:06:53.027414+00:00,3845.0,36.0,99.45,39.0,1743.5546875,1528.3495120741427
2026-07-21T04:06:53.352651+00:00,3845.0,36.0,99.18,39.0,1743.5546875,1528.674748700112
2026-07-21T04:06:53.728733+00:00,3845.0,36.0,99.0,39.0,1743.5546875,1529.0508300885558
2026-07-21T04:06:54.053719+00:00,3845.0,35.0,99.15,39.0,1743.5703125,1529.3758177272975
2026-07-21T04:06:54.425815+00:00,3845.0,36.0,99.24,38.0,1743.5703125,1529.7479126751423
2026-07-21T04:06:54.791131+00:00,3845.0,35.0,99.72,38.0,1743.5703125,1530.1132291443646
2026-07-21T04:06:55.122873+00:00,3845.0,37.0,99.29,38.0,1743.5703125,1530.4449710808694
2026-07-21T04:06:55.452717+00:00,3845.0,35.0,99.1,38.0,1743.5703125,1530.7748148404062
2026-07-21T04:06:55.826700+00:00,3845.0,37.0,99.65,39.0,1743.5703125,1531.1487968973815
2026-07-21T04:06:56.193567+00:00,3845.0,37.0,100.0,38.0,1743.5703125,1531.5156648270786
2026-07-21T04:06:56.516701+00:00,3845.0,37.0,99.61,38.0,1743.5703125,1531.8387990891933
2026-07-21T04:06:56.859768+00:00,3845.0,26.0,98.79,38.0,1743.5859375,1532.181864541024
2026-07-21T04:06:57.228730+00:00,3845.0,37.0,98.15,38.0,1743.5859375,1532.550826780498
2026-07-21T04:06:57.550212+00:00,3845.0,35.0,98.09,38.0,1743.5859375,1532.8723100200295
2026-07-21T04:06:57.916013+00:00,3845.0,36.0,98.82,38.0,1743.5859375,1533.2381112612784
2026-07-21T04:06:58.237301+00:00,3845.0,34.0,98.79,38.0,1743.5859375,1533.559398777783
2026-07-21T04:06:58.587204+00:00,3845.0,37.0,98.93,38.0,1743.5859375,1533.9093019887805
2026-07-21T04:06:58.931849+00:00,3845.0,35.0,99.08,38.0,1743.5859375,1534.2539477460086
2026-07-21T04:06:59.279904+00:00,3845.0,36.0,99.17,38.0,1743.5859375,1534.6020024828613
2026-07-21T04:06:59.651016+00:00,3845.0,36.0,99.41,38.0,1743.5859375,1534.9731134548783
2026-07-21T04:06:59.999912+00:00,3845.0,36.0,99.38,38.0,1743.5859375,1535.3220098651946
2026-07-21T04:07:00.324725+00:00,3845.0,35.0,99.61,38.0,1743.5859375,1535.6468225680292
2026-07-21T04:07:00.648998+00:00,3845.0,36.0,99.31,38.0,1743.5859375,1535.971095584333
2026-07-21T04:07:00.973190+00:00,3845.0,37.0,99.4,38.0,1743.5859375,1536.2952877990901
2026-07-21T04:07:01.297028+00:00,3845.0,37.0,99.29,38.0,1743.5859375,1536.6191252544522
2026-07-21T04:07:01.621510+00:00,3845.0,37.0,99.35,38.0,1743.58984375,1536.9436074011028
2026-07-21T04:07:01.983383+00:00,3845.0,36.0,99.26,38.0,1743.58984375,1537.3054807372391
2026-07-21T04:07:02.319873+00:00,3845.0,37.0,99.16,38.0,1743.59375,1537.6419710852206
2026-07-21T04:07:02.695105+00:00,3845.0,11.0,98.89,39.0,1743.61328125,1538.0172026194632
2026-07-21T04:07:03.040025+00:00,3845.0,35.0,98.48,38.0,1743.61328125,1538.3621231727302
2026-07-21T04:07:03.387152+00:00,3845.0,36.0,98.52,38.0,1743.61328125,1538.709250368178
2026-07-21T04:07:03.760021+00:00,3845.0,36.0,99.07,38.0,1743.6171875,1539.0821187905967
2026-07-21T04:07:04.113494+00:00,3845.0,36.0,99.38,38.0,1743.6171875,1539.4355924986303
2026-07-21T04:07:04.444833+00:00,3845.0,37.0,99.15,38.0,1743.6171875,1539.7669302783906
2026-07-21T04:07:04.769240+00:00,3845.0,35.0,98.66,38.0,1743.62109375,1540.0913373790681
2026-07-21T04:07:05.117866+00:00,3845.0,36.0,98.67,38.0,1743.62109375,1540.4399640411139
2026-07-21T04:07:05.446725+00:00,3845.0,37.0,98.68,38.0,1743.62109375,1540.7688234113157
2026-07-21T04:07:05.768702+00:00,3845.0,12.0,98.15,39.0,1743.63671875,1541.090799190104
2026-07-21T04:07:06.112374+00:00,3845.0,36.0,98.19,38.0,1743.63671875,1541.4344730488956
2026-07-21T04:07:06.444787+00:00,3845.0,37.0,98.32,38.0,1743.640625,1541.7668841928244
2026-07-21T04:07:06.812535+00:00,3845.0,37.0,99.18,38.0,1743.640625,1542.1346330940723
2026-07-21T04:07:07.137399+00:00,3845.0,37.0,99.05,38.0,1743.640625,1542.4594967849553
2026-07-21T04:07:07.461149+00:00,3845.0,37.0,99.09,38.0,1743.640625,1542.7832466512918
2026-07-21T04:07:07.784917+00:00,3845.0,36.0,99.22,38.0,1743.640625,1543.107015158981
2026-07-21T04:07:08.091480+00:00,3845.0,37.0,99.19,38.0,1743.640625,1543.4135782569647
2026-07-21T04:07:08.417670+00:00,3845.0,37.0,99.42,38.0,1743.64453125,1543.739768344909
2026-07-21T04:07:08.719108+00:00,3845.0,36.0,99.5,38.0,1743.64453125,1544.0412063226104
2026-07-21T04:07:09.070200+00:00,3845.0,24.0,98.98,38.0,1743.66015625,1544.3922969214618
2026-07-21T04:07:09.392561+00:00,3845.0,36.0,98.48,38.0,1743.66015625,1544.7146591804922
2026-07-21T04:07:09.712840+00:00,3845.0,37.0,98.5,38.0,1743.66015625,1545.0349385105073
2026-07-21T04:07:10.051354+00:00,3845.0,37.0,98.89,38.0,1743.66015625,1545.3734515830874
2026-07-21T04:07:10.395539+00:00,3845.0,37.0,99.26,38.0,1743.66015625,1545.717637654394
2026-07-21T04:07:10.720353+00:00,3845.0,37.0,99.09,38.0,1743.6640625,1546.042451068759
2026-07-21T04:07:11.070932+00:00,3845.0,37.0,99.08,38.0,1743.6640625,1546.393030539155
2026-07-21T04:07:11.425285+00:00,3845.0,35.0,99.04,38.0,1743.6640625,1546.7473838292062
2026-07-21T04:07:11.744995+00:00,3845.0,37.0,99.14,38.0,1743.6640625,1547.067092616111
2026-07-21T04:07:12.046822+00:00,3845.0,36.0,99.22,38.0,1743.6640625,1547.3689201250672
2026-07-21T04:07:12.395347+00:00,3845.0,37.0,99.12,38.0,1743.6640625,1547.7174454890192
2026-07-21T04:07:12.697106+00:00,3845.0,37.0,99.16,38.0,1743.6640625,1548.019204262644
2026-07-21T04:07:13.040722+00:00,3845.0,38.0,99.23,38.0,1743.6640625,1548.3628199622035
2026-07-21T04:07:13.365281+00:00,3845.0,37.0,99.3,38.0,1743.6640625,1548.6873792819679
2026-07-21T04:07:13.688854+00:00,3845.0,37.0,99.22,38.0,1743.6640625,1549.0109522268176
2026-07-21T04:07:13.991739+00:00,3845.0,12.0,98.34,38.0,1743.68359375,1549.313836362213
2026-07-21T04:07:14.318173+00:00,3845.0,36.0,98.35,38.0,1743.68359375,1549.640271205455
2026-07-21T04:07:14.640782+00:00,3845.0,37.0,98.41,38.0,1743.68359375,1549.9628802910447
2026-07-21T04:07:14.979415+00:00,3845.0,36.0,99.42,38.0,1743.68359375,1550.3015124462545
2026-07-21T04:07:15.280266+00:00,3845.0,37.0,99.04,38.0,1743.68359375,1550.6023643873632
2026-07-21T04:07:15.605413+00:00,3845.0,37.0,99.03,38.0,1743.68359375,1550.9275110214949
2026-07-21T04:07:15.907704+00:00,3845.0,36.0,98.74,38.0,1743.68359375,1551.2298016175628
2026-07-21T04:07:16.228916+00:00,3845.0,37.0,98.98,38.0,1743.68359375,1551.5510137714446
2026-07-21T04:07:16.553097+00:00,3845.0,37.0,99.22,38.0,1743.68359375,1551.875194273889
2026-07-21T04:07:16.873782+00:00,3845.0,36.0,99.46,38.0,1743.68359375,1552.195880152285
2026-07-21T04:07:17.224661+00:00,3845.0,35.0,98.79,38.0,1743.69921875,1552.5467580072582
2026-07-21T04:07:17.572039+00:00,3845.0,35.0,98.47,38.0,1743.69921875,1552.8941349349916
2026-07-21T04:07:17.922032+00:00,3845.0,35.0,98.08,38.0,1743.69921875,1553.2441274523735
2026-07-21T04:07:18.249189+00:00,3845.0,36.0,98.3,38.0,1743.69921875,1553.571285739541
2026-07-21T04:07:18.590321+00:00,3845.0,36.0,98.15,38.0,1743.69921875,1553.9124181568623
2026-07-21T04:07:18.928604+00:00,3845.0,35.0,98.11,38.0,1743.69921875,1554.250702034682
2026-07-21T04:07:19.248691+00:00,3845.0,35.0,98.14,38.0,1743.69921875,1554.5707892291248
2026-07-21T04:07:19.618546+00:00,3845.0,37.0,98.64,38.0,1743.69921875,1554.940643262118
2026-07-21T04:07:19.995897+00:00,3845.0,29.0,98.7,38.0,1743.71875,1555.3179944343865
2026-07-21T04:07:20.298072+00:00,3845.0,37.0,98.68,38.0,1743.71875,1555.6201697923243
2026-07-21T04:07:20.622123+00:00,3845.0,34.0,98.38,38.0,1743.71875,1555.9442212209105
2026-07-21T04:07:20.967496+00:00,3845.0,36.0,98.82,38.0,1743.71875,1556.2895924784243
2026-07-21T04:07:21.330535+00:00,3845.0,37.0,98.36,38.0,1743.71875,1556.6526319012046
2026-07-21T04:07:21.690930+00:00,3845.0,35.0,98.11,38.0,1743.71875,1557.0130286403
2026-07-21T04:07:22.013527+00:00,3845.0,37.0,98.42,38.0,1743.71875,1557.3356245830655
2026-07-21T04:07:22.339062+00:00,3845.0,37.0,98.42,38.0,1743.72265625,1557.661160144955
2026-07-21T04:07:22.664759+00:00,3845.0,37.0,99.11,38.0,1743.72265625,1557.9868562370539
2026-07-21T04:07:22.991814+00:00,3845.0,37.0,99.3,38.0,1743.7265625,1558.3139121942222
2026-07-21T04:07:23.325550+00:00,3845.0,37.0,99.49,38.0,1743.7265625,1558.6476471871138
2026-07-21T04:07:23.648801+00:00,3845.0,37.0,99.25,38.0,1743.7265625,1558.9708980955184
2026-07-21T04:07:23.989388+00:00,3845.0,36.0,98.81,38.0,1743.7265625,1559.3114847131073
2026-07-21T04:07:24.366512+00:00,3845.0,36.0,98.55,38.0,1743.7265625,1559.688609469682
2026-07-21T04:07:24.694995+00:00,3845.0,37.0,99.23,38.0,1743.73046875,1560.017092179507
2026-07-21T04:07:25.020778+00:00,3845.0,37.0,99.29,38.0,1743.73046875,1560.3428755775094
2026-07-21T04:07:25.349903+00:00,3845.0,35.0,99.39,38.0,1743.734375,1560.6719999983907
2026-07-21T04:07:25.691520+00:00,3845.0,34.0,98.47,38.0,1743.75390625,1561.0136167220771
2026-07-21T04:07:25.994356+00:00,3845.0,37.0,98.45,38.0,1743.75390625,1561.316454000771
2026-07-21T04:07:26.324540+00:00,3845.0,37.0,98.16,38.0,1743.75390625,1561.6466356515884
2026-07-21T04:07:26.664521+00:00,3845.0,36.0,98.57,38.0,1743.75390625,1561.9866182431579
2026-07-21T04:07:27.019635+00:00,3845.0,37.0,98.28,38.0,1743.765625,1562.3417321816087
2026-07-21T04:07:27.344895+00:00,3845.0,37.0,98.41,38.0,1743.765625,1562.6669931188226
2026-07-21T04:07:27.647184+00:00,3845.0,37.0,98.8,38.0,1743.765625,1562.9692814089358
2026-07-21T04:07:27.973259+00:00,3845.0,37.0,98.9,38.0,1743.76953125,1563.2953548580408
2026-07-21T04:07:28.278006+00:00,3845.0,36.0,98.8,38.0,1743.76953125,1563.6001040413976
2026-07-21T04:07:28.619217+00:00,3845.0,36.0,98.85,38.0,1743.7734375,1563.941316217184
2026-07-21T04:07:28.944872+00:00,3845.0,36.0,99.11,38.0,1743.7734375,1564.2669618465006
2026-07-21T04:07:29.268709+00:00,3845.0,36.0,99.21,38.0,1743.78125,1564.59080202505
2026-07-21T04:07:29.571765+00:00,3845.0,37.0,99.22,38.0,1743.78125,1564.8938630968332
2026-07-21T04:07:29.893307+00:00,3845.0,36.0,99.29,38.0,1743.78515625,1565.215404521674
2026-07-21T04:07:30.195916+00:00,3845.0,37.0,99.19,38.0,1743.7890625,1565.5180135704577
2026-07-21T04:07:30.518873+00:00,3845.0,36.0,99.25,38.0,1743.7890625,1565.8409701883793
2026-07-21T04:07:30.824570+00:00,3845.0,36.0,99.17,38.0,1743.7890625,1566.1466682367027
2026-07-21T04:07:31.166822+00:00,3845.0,27.0,99.04,38.0,1743.7890625,1566.4889204241335
2026-07-21T04:07:31.493008+00:00,3845.0,34.0,98.24,38.0,1743.7890625,1566.8151055946946
2026-07-21T04:07:31.817171+00:00,3845.0,36.0,98.2,38.0,1743.79296875,1567.1392669342458
2026-07-21T04:07:32.153144+00:00,3845.0,36.0,97.94,38.0,1743.79296875,1567.4752399250865
2026-07-21T04:07:32.511670+00:00,3845.0,37.0,98.98,38.0,1743.79296875,1567.8337679952383
2026-07-21T04:07:32.833071+00:00,3845.0,14.0,98.26,38.0,1743.8125,1568.155168235302
2026-07-21T04:07:33.161436+00:00,3845.0,36.0,98.35,38.0,1743.8125,1568.4835346974432
2026-07-21T04:07:33.489663+00:00,3845.0,37.0,98.07,38.0,1743.82421875,1568.8117611855268
2026-07-21T04:07:33.834648+00:00,3845.0,36.0,98.5,38.0,1743.82421875,1569.1567470654845
2026-07-21T04:07:34.137259+00:00,3845.0,38.0,98.71,38.0,1743.828125,1569.459356520325
2026-07-21T04:07:34.465235+00:00,3845.0,30.0,98.57,38.0,1743.828125,1569.7873321063817
2026-07-21T04:07:34.811381+00:00,3845.0,37.0,98.49,38.0,1743.8359375,1570.1334792003036
2026-07-21T04:07:35.158581+00:00,3845.0,34.0,98.33,38.0,1743.8359375,1570.4806779175997
2026-07-21T04:07:35.548323+00:00,3845.0,36.0,98.59,38.0,1743.84765625,1570.8704212084413
2026-07-21T04:07:35.873341+00:00,3845.0,37.0,98.79,38.0,1743.84765625,1571.1954394094646
2026-07-21T04:07:36.197262+00:00,3845.0,35.0,98.42,38.0,1743.8515625,1571.5193587057292
2026-07-21T04:07:36.516674+00:00,3845.0,36.0,98.59,38.0,1743.86328125,1571.8387721069157
2026-07-21T04:07:36.859501+00:00,3845.0,36.0,98.46,38.0,1743.86328125,1572.1815988309681
2026-07-21T04:07:37.226695+00:00,3845.0,37.0,98.92,38.0,1743.875,1572.5487928166986
2026-07-21T04:07:37.565009+00:00,3845.0,36.0,98.64,38.0,1743.875,1572.8871057927608
2026-07-21T04:07:37.908910+00:00,3845.0,37.0,98.86,38.0,1743.90234375,1573.2310037873685
2026-07-21T04:07:38.233851+00:00,3845.0,36.0,98.64,38.0,1743.90234375,1573.5559496432543
2026-07-21T04:07:38.575599+00:00,3845.0,36.0,98.93,38.0,1743.91015625,1573.897696904838
2026-07-21T04:07:38.919953+00:00,3845.0,37.0,99.24,38.0,1743.91015625,1574.2420510053635
2026-07-21T04:07:39.267951+00:00,3845.0,38.0,99.54,38.0,1743.9296875,1574.5900488682091
2026-07-21T04:07:39.575137+00:00,3845.0,36.0,99.47,38.0,1743.9296875,1574.8972344882786
2026-07-21T04:07:39.947607+00:00,3845.0,37.0,99.46,38.0,1743.9296875,1575.2697049863636
2026-07-21T04:07:40.270316+00:00,3845.0,37.0,99.38,38.0,1743.94921875,1575.5924136601388
2026-07-21T04:07:40.572747+00:00,3845.0,38.0,99.6,38.0,1743.94921875,1575.894844967872
2026-07-21T04:07:40.953221+00:00,3845.0,13.0,98.85,38.0,1743.98046875,1576.2753192149103
2026-07-21T04:07:41.301113+00:00,3845.0,37.0,98.78,38.0,1743.98046875,1576.6232107505202
2026-07-21T04:07:41.621520+00:00,3845.0,35.0,98.42,38.0,1743.98828125,1576.9436182826757
2026-07-21T04:07:41.963555+00:00,3845.0,37.0,98.82,38.0,1743.98828125,1577.2856526896358
2026-07-21T04:07:42.288994+00:00,3845.0,37.0,98.72,38.0,1744.00390625,1577.6110921502113
2026-07-21T04:07:42.613288+00:00,3845.0,37.0,98.97,38.0,1744.015625,1577.9353858567774
2026-07-21T04:07:42.936833+00:00,3845.0,37.0,99.02,38.0,1744.01953125,1578.2589317411184
2026-07-21T04:07:43.239639+00:00,3845.0,38.0,99.1,38.0,1744.03125,1578.5617383308709
2026-07-21T04:07:43.561580+00:00,3845.0,37.0,98.82,38.0,1744.03125,1578.883678548038
2026-07-21T04:07:43.885762+00:00,3845.0,36.0,98.61,38.0,1744.05078125,1579.207860160619
2026-07-21T04:07:44.211415+00:00,3845.0,37.0,98.62,38.0,1744.05078125,1579.533513352275
2026-07-21T04:07:44.536601+00:00,3845.0,37.0,98.71,38.0,1744.0625,1579.8586994744837
2026-07-21T04:07:44.878991+00:00,3845.0,37.0,99.1,38.0,1744.0625,1580.201088514179
2026-07-21T04:07:45.203805+00:00,3845.0,37.0,98.86,38.0,1744.0625,1580.5259035043418
2026-07-21T04:07:45.546385+00:00,3845.0,37.0,99.04,38.0,1744.07421875,1580.8684820905328
2026-07-21T04:07:45.918779+00:00,3845.0,37.0,99.19,38.0,1744.07421875,1581.2408773079515
2026-07-21T04:07:46.265249+00:00,3845.0,10.0,97.19,38.0,1744.08203125,1581.5873474925756
2026-07-21T04:07:46.568139+00:00,3845.0,38.0,96.97,38.0,1744.08203125,1581.8902382701635
2026-07-21T04:07:46.935147+00:00,3845.0,38.0,97.23,38.0,1744.08203125,1582.2572454959154
2026-07-21T04:07:47.235343+00:00,3845.0,37.0,99.45,38.0,1744.08203125,1582.5574421100318
2026-07-21T04:07:47.602667+00:00,3845.0,38.0,99.81,38.0,1744.08203125,1582.9247653186321
2026-07-21T04:07:47.905023+00:00,3845.0,38.0,99.77,38.0,1744.08203125,1583.2271213121712
2026-07-21T04:07:48.213993+00:00,3845.0,37.0,99.78,38.0,1744.08203125,1583.536091670394
2026-07-21T04:07:48.584147+00:00,3845.0,37.0,99.71,38.0,1744.09375,1583.9062443301082
2026-07-21T04:07:48.904830+00:00,3845.0,37.0,98.9,38.0,1744.10546875,1584.2269281744957
2026-07-21T04:07:49.229110+00:00,3845.0,38.0,98.77,38.0,1744.10546875,1584.5512077324092
2026-07-21T04:07:49.552944+00:00,3845.0,37.0,98.66,38.0,1744.10546875,1584.8750415407121
2026-07-21T04:07:49.876423+00:00,3845.0,38.0,99.21,38.0,1744.10546875,1585.1985218338668
2026-07-21T04:07:50.245571+00:00,3845.0,37.0,99.09,38.0,1744.10546875,1585.5676689445972
2026-07-21T04:07:50.568681+00:00,3845.0,38.0,98.98,38.0,1744.10546875,1585.8907790966332
2026-07-21T04:07:50.892889+00:00,3845.0,38.0,98.99,38.0,1744.10546875,1586.214986730367
2026-07-21T04:07:51.224289+00:00,3845.0,37.0,99.12,38.0,1744.10546875,1586.5463870055974
2026-07-21T04:07:51.548868+00:00,3845.0,38.0,99.03,38.0,1744.10546875,1586.8709664195776
2026-07-21T04:07:51.874226+00:00,3845.0,37.0,98.97,38.0,1744.10546875,1587.196324583143
2026-07-21T04:07:52.203408+00:00,3845.0,37.0,98.74,38.0,1744.10546875,1587.525505322963
2026-07-21T04:07:52.546898+00:00,3845.0,37.0,99.04,38.0,1744.10546875,1587.868995808065
2026-07-21T04:07:52.872949+00:00,3845.0,37.0,99.16,38.0,1744.10546875,1588.195047877729
2026-07-21T04:07:53.197135+00:00,3845.0,36.0,99.21,38.0,1744.10546875,1588.519232813269
2026-07-21T04:07:53.520320+00:00,3845.0,36.0,98.96,38.0,1744.10546875,1588.8424181304872
2026-07-21T04:07:53.842191+00:00,3845.0,37.0,98.93,38.0,1744.10546875,1589.1642886400223
2026-07-21T04:07:54.213053+00:00,3845.0,36.0,98.84,38.0,1744.10546875,1589.5351511761546
2026-07-21T04:07:54.555117+00:00,3845.0,36.0,99.28,38.0,1744.10546875,1589.8772143125534
2026-07-21T04:07:54.885457+00:00,3845.0,36.0,99.14,38.0,1744.10546875,1590.207555681467
2026-07-21T04:07:55.211304+00:00,3845.0,38.0,98.95,38.0,1744.10546875,1590.5334018580616
2026-07-21T04:07:55.533150+00:00,3845.0,35.0,98.89,38.0,1744.10546875,1590.8552483841777
2026-07-21T04:07:55.857946+00:00,3845.0,36.0,98.71,38.0,1744.10546875,1591.1800442151725
2026-07-21T04:07:56.182536+00:00,3845.0,37.0,98.92,38.0,1744.10546875,1591.5046334974468
2026-07-21T04:07:56.531237+00:00,3845.0,37.0,99.11,38.0,1744.10546875,1591.8533359654248
2026-07-21T04:07:56.834837+00:00,3845.0,35.0,98.7,38.0,1744.12890625,1592.1569347046316
2026-07-21T04:07:57.161825+00:00,3845.0,37.0,98.53,38.0,1744.12890625,1592.4839232973754
2026-07-21T04:07:57.465040+00:00,3845.0,37.0,98.42,38.0,1744.12890625,1592.7871387787163
2026-07-21T04:07:57.791262+00:00,3845.0,37.0,98.76,38.0,1744.12890625,1593.1133606620133
2026-07-21T04:07:58.119016+00:00,3845.0,37.0,98.84,38.0,1744.12890625,1593.441114075482
2026-07-21T04:07:58.452418+00:00,3845.0,37.0,98.86,38.0,1744.12890625,1593.7745168730617
2026-07-21T04:07:58.823496+00:00,3845.0,36.0,98.89,38.0,1744.12890625,1594.145594060421
2026-07-21T04:07:59.126572+00:00,3845.0,37.0,98.78,38.0,1744.12890625,1594.4486708380282
2026-07-21T04:07:59.451610+00:00,3845.0,37.0,98.39,38.0,1744.140625,1594.7737074494362
2026-07-21T04:07:59.777056+00:00,3845.0,36.0,98.29,38.0,1744.140625,1595.0991544090211
2026-07-21T04:08:00.121593+00:00,3845.0,37.0,98.17,38.0,1744.140625,1595.443690776825
2026-07-21T04:08:00.463727+00:00,3845.0,37.0,98.49,38.0,1744.140625,1595.7858257554471
2026-07-21T04:08:00.766076+00:00,3845.0,37.0,98.61,38.0,1744.140625,1596.088174123317
2026-07-21T04:08:01.112868+00:00,3845.0,37.0,98.66,38.0,1744.140625,1596.4349660351872
2026-07-21T04:08:01.435889+00:00,3845.0,37.0,98.69,38.0,1744.140625,1596.7579876333475
2026-07-21T04:08:01.761079+00:00,3845.0,37.0,98.81,38.0,1744.140625,1597.083177793771
2026-07-21T04:08:02.091076+00:00,3845.0,36.0,98.77,38.0,1744.140625,1597.413174714893
2026-07-21T04:08:02.437932+00:00,3845.0,37.0,98.96,38.0,1744.140625,1597.7600300833583
2026-07-21T04:08:02.761750+00:00,3845.0,36.0,98.91,38.0,1744.140625,1598.083847977221
2026-07-21T04:08:03.134029+00:00,3845.0,37.0,99.1,38.0,1744.140625,1598.4561274684966
2026-07-21T04:08:03.438305+00:00,3845.0,37.0,98.93,38.0,1744.140625,1598.7604029290378
2026-07-21T04:08:03.764716+00:00,3845.0,36.0,99.07,38.0,1744.140625,1599.0868141762912
2026-07-21T04:08:04.110575+00:00,3845.0,37.0,99.22,38.0,1744.140625,1599.432673431933
2026-07-21T04:08:04.459056+00:00,3845.0,36.0,99.42,38.0,1744.140625,1599.7811538092792
2026-07-21T04:08:04.763234+00:00,3845.0,37.0,99.31,38.0,1744.140625,1600.0853320248425
2026-07-21T04:08:05.091267+00:00,3845.0,36.0,99.41,38.0,1744.140625,1600.4133647456765
2026-07-21T04:08:05.416861+00:00,3845.0,37.0,99.27,38.0,1744.140625,1600.738959427923
2026-07-21T04:08:05.740597+00:00,3845.0,38.0,99.36,38.0,1744.140625,1601.0626954101026
2026-07-21T04:08:06.060931+00:00,3845.0,37.0,99.36,38.0,1744.140625,1601.3830295428634
2026-07-21T04:08:06.402874+00:00,3845.0,37.0,99.31,38.0,1744.140625,1601.7249727137387
2026-07-21T04:08:06.729966+00:00,3845.0,38.0,99.26,38.0,1744.140625,1602.0520618110895
2026-07-21T04:08:07.103397+00:00,3845.0,37.0,99.41,38.0,1744.140625,1602.4254953935742
2026-07-21T04:08:07.467815+00:00,3845.0,36.0,99.33,38.0,1744.1640625,1602.7899121940136
2026-07-21T04:08:07.806853+00:00,3845.0,37.0,99.09,38.0,1744.1640625,1603.1289511285722
2026-07-21T04:08:08.118457+00:00,3845.0,36.0,98.43,38.0,1744.1640625,1603.4405556172132
2026-07-21T04:08:08.453573+00:00,3845.0,37.0,98.74,38.0,1744.1640625,1603.7756706401706
2026-07-21T04:08:08.805237+00:00,3845.0,37.0,98.94,38.0,1744.1640625,1604.1273353472352
2026-07-21T04:08:09.151861+00:00,3845.0,37.0,99.04,38.0,1744.1640625,1604.4739592522383
2026-07-21T04:08:09.494624+00:00,3845.0,36.0,98.99,38.0,1744.1640625,1604.816721841693
2026-07-21T04:08:09.821318+00:00,3845.0,37.0,98.45,38.0,1744.1640625,1605.1434167698026
2026-07-21T04:08:10.139475+00:00,3845.0,35.0,98.25,38.0,1744.1640625,1605.4615733884275
2026-07-21T04:08:10.462015+00:00,3845.0,35.0,98.16,38.0,1744.1640625,1605.7841133624315
2026-07-21T04:08:10.789420+00:00,3845.0,37.0,98.43,38.0,1744.1640625,1606.11151856184
2026-07-21T04:08:11.140465+00:00,3845.0,37.0,98.59,38.0,1744.1640625,1606.4625629521906
2026-07-21T04:08:11.464428+00:00,3845.0,36.0,98.94,38.0,1744.1640625,1606.7865261621773
2026-07-21T04:08:11.811638+00:00,3845.0,31.0,98.75,38.0,1744.1640625,1607.1337364278734
2026-07-21T04:08:12.130612+00:00,3845.0,36.0,98.82,38.0,1744.1640625,1607.452710673213
2026-07-21T04:08:12.460184+00:00,3845.0,37.0,98.78,38.0,1744.1640625,1607.7822817713022
2026-07-21T04:08:12.764145+00:00,3845.0,37.0,98.79,38.0,1744.1640625,1608.0862428322434
2026-07-21T04:08:13.089334+00:00,3845.0,38.0,99.29,38.0,1744.1640625,1608.4114318862557
2026-07-21T04:08:13.413437+00:00,3845.0,36.0,99.34,38.0,1744.1640625,1608.7355349771678
2026-07-21T04:08:13.764019+00:00,3845.0,36.0,99.5,38.0,1744.1640625,1609.0861168541014
2026-07-21T04:08:14.114500+00:00,3845.0,37.0,99.65,38.0,1744.1640625,1609.4365987926722
2026-07-21T04:08:14.448194+00:00,3845.0,36.0,99.27,38.0,1744.1640625,1609.7702927924693
2026-07-21T04:08:14.773168+00:00,3845.0,38.0,99.01,38.0,1744.1640625,1610.0952656976879
2026-07-21T04:08:15.112140+00:00,3845.0,37.0,99.13,38.0,1744.1640625,1610.4342375844717
2026-07-21T04:08:15.503080+00:00,3845.0,11.0,99.19,38.0,1744.1875,1610.8251774124801
2026-07-21T04:08:15.847267+00:00,3845.0,36.0,98.87,38.0,1744.1875,1611.1693656481802
2026-07-21T04:08:16.187317+00:00,3845.0,35.0,98.23,38.0,1744.1875,1611.5094151981175
2026-07-21T04:08:16.535272+00:00,3845.0,37.0,98.33,38.0,1744.1875,1611.857370134443
2026-07-21T04:08:16.861462+00:00,3845.0,37.0,98.65,38.0,1744.1875,1612.1835595555604
2026-07-21T04:08:17.206850+00:00,3845.0,36.0,98.88,38.0,1744.1875,1612.5289491154253
2026-07-21T04:08:17.532719+00:00,3845.0,38.0,98.74,38.0,1744.1875,1612.8548171520233
2026-07-21T04:08:17.879257+00:00,3845.0,37.0,98.76,37.0,1744.1875,1613.2013547122478
2026-07-21T04:08:18.247476+00:00,3845.0,36.0,98.54,37.0,1744.1875,1613.5695746093988
2026-07-21T04:08:18.573257+00:00,3845.0,37.0,98.79,38.0,1744.1875,1613.8953550048172
2026-07-21T04:08:18.900873+00:00,3845.0,37.0,98.5,38.0,1744.1875,1614.222970355302
2026-07-21T04:08:19.203812+00:00,3845.0,38.0,99.09,38.0,1744.1875,1614.5259107723832
2026-07-21T04:08:19.507655+00:00,3845.0,37.0,99.03,37.0,1744.1875,1614.8297523781657
2026-07-21T04:08:19.832630+00:00,3845.0,37.0,99.15,37.0,1744.1875,1615.1547286510468
2026-07-21T04:08:20.133441+00:00,3845.0,38.0,99.1,37.0,1744.1875,1615.4555393010378
2026-07-21T04:08:20.467006+00:00,3845.0,38.0,99.05,37.0,1744.1875,1615.789104655385
2026-07-21T04:08:20.793356+00:00,3845.0,37.0,98.97,37.0,1744.1875,1616.1154540143907
2026-07-21T04:08:21.139399+00:00,3845.0,37.0,98.98,37.0,1744.1875,1616.4614982195199
2026-07-21T04:08:21.462785+00:00,3845.0,37.0,99.03,37.0,1744.1875,1616.7848826646805
2026-07-21T04:08:21.766282+00:00,3845.0,37.0,99.19,37.0,1744.1875,1617.088380601257
2026-07-21T04:08:22.096737+00:00,3845.0,37.0,99.27,37.0,1744.1875,1617.4188352487981
2026-07-21T04:08:22.420717+00:00,3845.0,38.0,99.46,37.0,1744.1875,1617.742815170437
2026-07-21T04:08:22.744630+00:00,3845.0,38.0,99.49,37.0,1744.1875,1618.0667281895876
2026-07-21T04:08:23.068113+00:00,3845.0,38.0,99.55,37.0,1744.1875,1618.3902113586664
2026-07-21T04:08:23.414926+00:00,3845.0,23.0,97.63,37.0,1744.1875,1618.7370242513716
2026-07-21T04:08:23.759004+00:00,3845.0,36.0,97.11,37.0,1744.2109375,1619.0811017006636
2026-07-21T04:08:24.093031+00:00,3845.0,36.0,97.05,37.0,1744.2109375,1619.4151290655136
2026-07-21T04:08:24.415658+00:00,3845.0,37.0,98.67,37.0,1744.2109375,1619.7377559579909
2026-07-21T04:08:24.756799+00:00,3845.0,37.0,98.94,37.0,1744.2109375,1620.078897215426
2026-07-21T04:08:25.100649+00:00,3845.0,36.0,98.71,37.0,1744.2109375,1620.4227474182844
2026-07-21T04:08:25.448359+00:00,3845.0,37.0,98.67,37.0,1744.2109375,1620.7704552821815
2026-07-21T04:08:25.799886+00:00,3845.0,36.0,98.86,37.0,1744.2109375,1621.1219846308231
2026-07-21T04:08:26.172249+00:00,3845.0,35.0,98.95,37.0,1744.2109375,1621.4943469539285
2026-07-21T04:08:26.542885+00:00,3845.0,37.0,98.92,37.0,1744.2109375,1621.864982753992
2026-07-21T04:08:26.892289+00:00,3845.0,36.0,99.07,37.0,1744.2109375,1622.2143864370883
2026-07-21T04:08:27.216949+00:00,3845.0,37.0,98.81,37.0,1744.2109375,1622.539047140628
2026-07-21T04:08:27.520392+00:00,3845.0,37.0,98.62,37.0,1744.2109375,1622.8424900770187
2026-07-21T04:08:27.823041+00:00,3845.0,37.0,98.43,37.0,1744.2109375,1623.1451395265758
2026-07-21T04:08:28.149571+00:00,3845.0,37.0,98.62,37.0,1744.2109375,1623.4716682247818
2026-07-21T04:08:28.534437+00:00,3845.0,35.0,98.34,37.0,1744.2109375,1623.856535360217
2026-07-21T04:08:28.860623+00:00,3845.0,37.0,98.4,37.0,1744.2109375,1624.1827212125063
2026-07-21T04:08:29.213502+00:00,3845.0,38.0,98.93,37.0,1744.2109375,1624.5356009155512
2026-07-21T04:08:29.564060+00:00,3845.0,38.0,99.36,37.0,1744.2109375,1624.8861584328115
2026-07-21T04:08:29.892973+00:00,3845.0,35.0,99.69,37.0,1744.2109375,1625.2150709554553
2026-07-21T04:08:30.218048+00:00,3845.0,10.0,98.65,37.0,1744.23046875,1625.5401465632021
2026-07-21T04:08:30.546307+00:00,3845.0,36.0,98.34,37.0,1744.23046875,1625.8684045262635
2026-07-21T04:08:30.869352+00:00,3845.0,35.0,97.8,37.0,1744.23046875,1626.1914509497583
2026-07-21T04:08:31.214502+00:00,3845.0,36.0,98.63,37.0,1744.23046875,1626.5365987159312
2026-07-21T04:08:31.541100+00:00,3845.0,36.0,98.6,37.0,1744.23046875,1626.8631973713636
2026-07-21T04:08:31.902357+00:00,3845.0,37.0,98.96,37.0,1744.23046875,1627.224455524236
2026-07-21T04:08:32.229139+00:00,3845.0,36.0,98.88,37.0,1744.23046875,1627.5512376725674
2026-07-21T04:08:32.556555+00:00,3845.0,36.0,98.56,37.0,1744.23046875,1627.8786531575024
2026-07-21T04:08:32.927482+00:00,3845.0,36.0,98.72,37.0,1744.23046875,1628.249580834061
2026-07-21T04:08:33.275484+00:00,3845.0,35.0,98.9,37.0,1744.23046875,1628.5975792482495
2026-07-21T04:08:33.601457+00:00,3845.0,36.0,99.07,37.0,1744.23046875,1628.9235561527312
2026-07-21T04:08:33.947160+00:00,3845.0,37.0,98.69,37.0,1744.23046875,1629.2692579515278
2026-07-21T04:08:34.273770+00:00,3845.0,36.0,98.8,37.0,1744.23046875,1629.59586731717
2026-07-21T04:08:34.601333+00:00,3845.0,37.0,98.68,37.0,1744.23046875,1629.9234306663275
2026-07-21T04:08:34.925779+00:00,3845.0,37.0,98.67,37.0,1744.23046875,1630.247877266258
2026-07-21T04:08:35.337029+00:00,3845.0,38.0,98.5,37.0,1744.23046875,1630.6591263450682
2026-07-21T04:08:35.664700+00:00,3845.0,19.0,96.27,37.0,1744.25390625,1630.9867981225252
2026-07-21T04:08:35.991193+00:00,3845.0,37.0,96.07,37.0,1744.25390625,1631.3132915645838
2026-07-21T04:08:36.312717+00:00,3845.0,35.0,95.29,37.0,1744.25390625,1631.6348149590194
2026-07-21T04:08:36.678970+00:00,3845.0,37.0,96.86,37.0,1744.25390625,1632.0010679885745
2026-07-21T04:08:37.027725+00:00,3845.0,12.0,95.35,37.0,1744.25390625,1632.349821984768
2026-07-21T04:08:37.355057+00:00,3845.0,37.0,96.35,37.0,1744.25390625,1632.6771548427641
2026-07-21T04:08:37.686019+00:00,3845.0,11.0,95.46,37.0,1744.25390625,1633.0081172063947
2026-07-21T04:08:38.016187+00:00,3845.0,37.0,96.92,37.0,1744.25390625,1633.3382845297456
2026-07-21T04:08:38.347728+00:00,3845.0,16.0,95.72,37.0,1744.25390625,1633.6698263771832
2026-07-21T04:08:38.698643+00:00,3845.0,37.0,96.8,37.0,1744.25390625,1634.020741071552
2026-07-21T04:08:39.050919+00:00,3845.0,14.0,96.23,37.0,1744.25390625,1634.3730178251863
2026-07-21T04:08:39.398685+00:00,3845.0,37.0,97.06,37.0,1744.25390625,1634.7207836806774
2026-07-21T04:08:39.703677+00:00,3845.0,16.0,95.69,37.0,1744.25390625,1635.0257753394544
2026-07-21T04:08:40.028452+00:00,3845.0,37.0,96.18,37.0,1744.25390625,1635.3505501747131
2026-07-21T04:08:40.399103+00:00,3845.0,12.0,95.54,37.0,1744.25390625,1635.7212014645338
2026-07-21T04:08:40.725053+00:00,3845.0,36.0,96.58,37.0,1744.25390625,1636.04715102911
2026-07-21T04:08:41.056207+00:00,3845.0,36.0,96.61,37.0,1744.25390625,1636.3783050104976
2026-07-21T04:08:41.402911+00:00,3845.0,35.0,98.37,37.0,1744.25390625,1636.7250095382333
2026-07-21T04:08:41.777338+00:00,3845.0,26.0,98.21,37.0,1744.25390625,1637.099435660988
2026-07-21T04:08:42.106085+00:00,3845.0,37.0,97.93,37.0,1744.26953125,1637.4281826652586
2026-07-21T04:08:42.458899+00:00,3845.0,36.0,97.34,37.0,1744.28515625,1637.7809952422976
2026-07-21T04:08:42.785485+00:00,3845.0,37.0,97.99,37.0,1744.28515625,1638.1075834669173
2026-07-21T04:08:43.091098+00:00,3845.0,37.0,98.04,37.0,1744.28515625,1638.4131960980594
2026-07-21T04:08:43.416885+00:00,3845.0,37.0,98.24,37.0,1744.28515625,1638.738982848823
2026-07-21T04:08:43.737224+00:00,3845.0,37.0,98.42,37.0,1744.28515625,1639.0593227408826
2026-07-21T04:08:44.108271+00:00,3845.0,36.0,98.44,37.0,1744.28515625,1639.4303681701422
2026-07-21T04:08:44.457968+00:00,3845.0,37.0,98.88,37.0,1744.28515625,1639.7800658009946
2026-07-21T04:08:44.784981+00:00,3845.0,36.0,98.46,37.0,1744.28515625,1640.107079014182
2026-07-21T04:08:45.116980+00:00,3845.0,38.0,98.39,37.0,1744.28515625,1640.439077846706
2026-07-21T04:08:45.462853+00:00,3845.0,37.0,98.54,37.0,1744.28515625,1640.7849510386586
2026-07-21T04:08:45.807164+00:00,3845.0,37.0,98.76,37.0,1744.28515625,1641.1292617246509
2026-07-21T04:08:46.128843+00:00,3845.0,36.0,98.92,37.0,1744.28515625,1641.4509321339428
2026-07-21T04:08:46.464615+00:00,3845.0,37.0,99.07,37.0,1744.28515625,1641.7867132350802
2026-07-21T04:08:46.810547+00:00,3845.0,37.0,99.01,37.0,1744.28515625,1642.1326446682215
2026-07-21T04:08:47.135823+00:00,3845.0,37.0,98.82,37.0,1744.28515625,1642.457921795547
2026-07-21T04:08:47.482779+00:00,3845.0,37.0,98.84,37.0,1744.28515625,1642.8048775307834
2026-07-21T04:08:47.812654+00:00,3845.0,36.0,98.1,37.0,1744.3046875,1643.1347516700625
2026-07-21T04:08:48.137102+00:00,3845.0,37.0,98.01,37.0,1744.3046875,1643.4592003300786
2026-07-21T04:08:48.502993+00:00,3845.0,35.0,97.5,37.0,1744.3046875,1643.8250902555883
2026-07-21T04:08:48.834237+00:00,3845.0,36.0,98.37,37.0,1744.3046875,1644.1563357971609
2026-07-21T04:08:49.160557+00:00,3845.0,36.0,98.47,37.0,1744.3046875,1644.4826554059982
2026-07-21T04:08:49.483013+00:00,3845.0,35.0,98.68,37.0,1744.3046875,1644.8051116243005
2026-07-21T04:08:49.805961+00:00,3845.0,38.0,98.55,37.0,1744.3046875,1645.1280574984848
2026-07-21T04:08:50.147652+00:00,3845.0,37.0,98.4,37.0,1744.3046875,1645.4697480984032
2026-07-21T04:08:50.481306+00:00,3845.0,36.0,97.99,37.0,1744.3046875,1645.8034037537873
2026-07-21T04:08:50.829383+00:00,3845.0,38.0,97.67,37.0,1744.3046875,1646.15147960186
2026-07-21T04:08:51.178958+00:00,3845.0,37.0,97.84,37.0,1744.3046875,1646.5010564178228
2026-07-21T04:08:51.521047+00:00,3845.0,37.0,98.1,37.0,1744.3046875,1646.8431450426579
2026-07-21T04:08:51.865884+00:00,3845.0,37.0,98.37,37.0,1744.3046875,1647.187982212752
2026-07-21T04:08:52.213505+00:00,3845.0,36.0,99.04,37.0,1744.3046875,1647.5356023944914
2026-07-21T04:08:52.583264+00:00,3845.0,37.0,98.91,37.0,1744.3046875,1647.9053626954556
2026-07-21T04:08:52.911654+00:00,3845.0,37.0,99.09,37.0,1744.3046875,1648.2337506525218
2026-07-21T04:08:53.255356+00:00,3845.0,36.0,98.64,37.0,1744.3046875,1648.577454071492
2026-07-21T04:08:53.580658+00:00,3845.0,37.0,98.78,37.0,1744.3046875,1648.9027568809688
2026-07-21T04:08:53.941645+00:00,3845.0,31.0,98.23,37.0,1744.32421875,1649.263742838055
2026-07-21T04:08:54.291847+00:00,3845.0,37.0,98.39,37.0,1744.32421875,1649.6139454878867
2026-07-21T04:08:54.639453+00:00,3845.0,35.0,98.18,37.0,1744.32421875,1649.9615507684648
2026-07-21T04:08:54.965161+00:00,3845.0,29.0,97.77,37.0,1744.32421875,1650.2872591130435
2026-07-21T04:08:55.289097+00:00,3845.0,27.0,95.78,37.0,1744.32421875,1650.611194819212
2026-07-21T04:08:55.630696+00:00,3845.0,37.0,95.76,37.0,1744.32421875,1650.9527943581343
2026-07-21T04:08:55.981477+00:00,3845.0,36.0,96.68,37.0,1744.32421875,1651.3035752549767
2026-07-21T04:08:56.308847+00:00,3845.0,37.0,98.53,37.0,1744.32421875,1651.6309458129108
2026-07-21T04:08:56.637169+00:00,3845.0,37.0,98.53,37.0,1744.32421875,1651.9592669345438
2026-07-21T04:08:56.991238+00:00,3845.0,36.0,98.44,37.0,1744.32421875,1652.3133362345397
2026-07-21T04:08:57.321916+00:00,3845.0,36.0,98.47,37.0,1744.32421875,1652.644014403224
2026-07-21T04:08:57.672136+00:00,3845.0,36.0,98.6,37.0,1744.32421875,1652.9942346401513
2026-07-21T04:08:58.015886+00:00,3845.0,38.0,98.38,37.0,1744.32421875,1653.337983969599
2026-07-21T04:08:58.355691+00:00,3845.0,38.0,98.73,37.0,1744.32421875,1653.6777889989316
2026-07-21T04:08:58.685650+00:00,3845.0,20.0,97.8,37.0,1744.33984375,1654.0077476091683
2026-07-21T04:08:59.013539+00:00,3845.0,35.0,98.11,37.0,1744.33984375,1654.3356373384595
2026-07-21T04:08:59.382631+00:00,3845.0,36.0,97.85,37.0,1744.33984375,1654.7047288902104
2026-07-21T04:08:59.709169+00:00,3845.0,35.0,98.32,37.0,1744.34375,1655.0312670432031
2026-07-21T04:09:00.084365+00:00,3845.0,35.0,98.48,37.0,1744.34375,1655.4064632318914
2026-07-21T04:09:00.427846+00:00,3845.0,37.0,98.74,37.0,1744.34375,1655.7499445416033
2026-07-21T04:09:00.757368+00:00,3845.0,34.0,98.61,37.0,1744.34375,1656.0794661603868
2026-07-21T04:09:01.090830+00:00,3845.0,36.0,98.28,37.0,1744.34765625,1656.412929072976
2026-07-21T04:09:01.458822+00:00,3845.0,36.0,98.16,37.0,1744.34765625,1656.7809203527868
2026-07-21T04:09:01.785166+00:00,3845.0,35.0,98.08,37.0,1744.3515625,1657.1072635650635
2026-07-21T04:09:02.091123+00:00,3845.0,36.0,98.36,37.0,1744.3515625,1657.4132214039564
2026-07-21T04:09:02.421110+00:00,3845.0,36.0,98.43,37.0,1744.3515625,1657.743208218366
2026-07-21T04:09:02.748793+00:00,3845.0,36.0,98.63,37.0,1744.3515625,1658.0708918124437
2026-07-21T04:09:03.072294+00:00,3845.0,37.0,98.53,37.0,1744.3515625,1658.3943922109902
2026-07-21T04:09:03.393587+00:00,3845.0,36.0,98.65,37.0,1744.3515625,1658.7156855203211
2026-07-21T04:09:03.717072+00:00,3845.0,36.0,98.42,37.0,1744.3515625,1659.0391701981425
2026-07-21T04:09:04.063483+00:00,3845.0,35.0,98.58,37.0,1744.35546875,1659.385581560433
2026-07-21T04:09:04.440204+00:00,3845.0,38.0,99.02,37.0,1744.35546875,1659.7623026967049
2026-07-21T04:09:04.769113+00:00,3845.0,36.0,99.15,37.0,1744.35546875,1660.0912110991776
2026-07-21T04:09:05.112429+00:00,3845.0,36.0,99.12,37.0,1744.35546875,1660.4345273822546
2026-07-21T04:09:05.500285+00:00,3845.0,31.0,98.58,37.0,1744.35546875,1660.8223820738494
2026-07-21T04:09:05.830566+00:00,3845.0,37.0,98.27,37.0,1744.37890625,1661.1526632383466
2026-07-21T04:09:06.152155+00:00,3845.0,37.0,97.35,37.0,1744.37890625,1661.4742528684437
2026-07-21T04:09:06.502965+00:00,3845.0,35.0,97.42,37.0,1744.37890625,1661.8250626176596
2026-07-21T04:09:06.868081+00:00,3845.0,34.0,97.89,37.0,1744.37890625,1662.1901786252856
2026-07-21T04:09:07.172339+00:00,3845.0,36.0,97.71,37.0,1744.3828125,1662.4944375865161
2026-07-21T04:09:07.497376+00:00,3845.0,37.0,97.84,37.0,1744.3828125,1662.8194739297032
2026-07-21T04:09:07.825580+00:00,3845.0,36.0,97.83,37.0,1744.3828125,1663.1476779952645
2026-07-21T04:09:08.153230+00:00,3845.0,36.0,98.62,37.0,1744.3828125,1663.4753281027079
2026-07-21T04:09:08.481105+00:00,3845.0,37.0,98.48,37.0,1744.3828125,1663.803203266114
2026-07-21T04:09:08.805118+00:00,3845.0,36.0,98.61,37.0,1744.3828125,1664.1272157207131
2026-07-21T04:09:09.116884+00:00,3845.0,37.0,98.56,37.0,1744.3828125,1664.4389827176929
2026-07-21T04:09:09.449110+00:00,3845.0,31.0,97.82,37.0,1744.3984375,1664.7712083421648
2026-07-21T04:09:09.771074+00:00,3845.0,37.0,97.72,37.0,1744.3984375,1665.093171812594
2026-07-21T04:09:10.139425+00:00,3845.0,36.0,97.49,37.0,1744.3984375,1665.4615220874548
2026-07-21T04:09:10.472384+00:00,3845.0,36.0,98.07,37.0,1744.3984375,1665.7944817394018
2026-07-21T04:09:10.819065+00:00,3845.0,37.0,98.5,37.0,1744.3984375,1666.141163930297
2026-07-21T04:09:11.167438+00:00,3845.0,38.0,98.54,37.0,1744.40234375,1666.4895355291665
2026-07-21T04:09:11.518300+00:00,3845.0,37.0,98.93,37.0,1744.40234375,1666.8403981179
2026-07-21T04:09:11.867227+00:00,3845.0,37.0,98.85,37.0,1744.40625,1667.1893256530166
2026-07-21T04:09:12.213220+00:00,3845.0,37.0,98.91,37.0,1744.40625,1667.535317812115
2026-07-21T04:09:12.518106+00:00,3845.0,37.0,98.77,37.0,1744.41015625,1667.8402039259672
2026-07-21T04:09:12.862501+00:00,3845.0,37.0,98.86,37.0,1744.41015625,1668.1845994852483
2026-07-21T04:09:13.212549+00:00,3845.0,37.0,98.86,37.0,1744.41015625,1668.5346472412348
2026-07-21T04:09:13.536554+00:00,3845.0,38.0,98.86,37.0,1744.41015625,1668.8586526848376
2026-07-21T04:09:13.840020+00:00,3845.0,37.0,98.74,37.0,1744.41015625,1669.1621184833348
2026-07-21T04:09:14.214827+00:00,3845.0,38.0,98.84,37.0,1744.4140625,1669.5369252748787
2026-07-21T04:09:14.518713+00:00,3845.0,37.0,98.89,37.0,1744.4140625,1669.8408115841448
2026-07-21T04:09:14.823220+00:00,3845.0,38.0,99.0,37.0,1744.4140625,1670.1453178934753
2026-07-21T04:09:15.144968+00:00,3845.0,37.0,99.13,37.0,1744.4140625,1670.4670656733215
2026-07-21T04:09:15.448484+00:00,3845.0,37.0,99.0,37.0,1744.4140625,1670.770582113415
2026-07-21T04:09:15.774030+00:00,3845.0,37.0,99.02,37.0,1744.4140625,1671.0961280018091
2026-07-21T04:09:16.100475+00:00,3845.0,38.0,98.74,37.0,1744.4140625,1671.4225727692246
2026-07-21T04:09:16.459179+00:00,3845.0,15.0,98.17,37.0,1744.4375,1671.7812763527036
2026-07-21T04:09:16.764780+00:00,3845.0,37.0,98.0,37.0,1744.4375,1672.0868783332407
2026-07-21T04:09:17.102714+00:00,3845.0,36.0,97.83,37.0,1744.4375,1672.4248126074672
2026-07-21T04:09:17.446015+00:00,3845.0,36.0,98.32,37.0,1744.4375,1672.768113154918
2026-07-21T04:09:17.772135+00:00,3845.0,37.0,98.11,37.0,1744.4375,1673.0942336134613
2026-07-21T04:09:18.097322+00:00,3845.0,36.0,98.28,37.0,1744.4375,1673.41942031309
2026-07-21T04:09:18.420822+00:00,3845.0,37.0,98.18,37.0,1744.4375,1673.742920961231
2026-07-21T04:09:18.767153+00:00,3845.0,38.0,98.39,37.0,1744.4375,1674.0892517194152
2026-07-21T04:09:19.107612+00:00,3845.0,37.0,98.5,37.0,1744.4375,1674.429710574448
2026-07-21T04:09:19.454876+00:00,3845.0,37.0,98.82,37.0,1744.4375,1674.7769742421806
2026-07-21T04:09:19.799302+00:00,3845.0,36.0,98.82,37.0,1744.4375,1675.1213999688625
2026-07-21T04:09:20.113956+00:00,3845.0,37.0,98.49,37.0,1744.4375,1675.4360541254282
2026-07-21T04:09:20.441169+00:00,3845.0,37.0,98.43,37.0,1744.4375,1675.7632674574852
2026-07-21T04:09:20.764883+00:00,3845.0,36.0,98.32,37.0,1744.4375,1676.0869810432196
2026-07-21T04:09:21.139183+00:00,3845.0,38.0,97.99,37.0,1744.44140625,1676.4612804986537
2026-07-21T04:09:21.490510+00:00,3845.0,36.0,98.22,37.0,1744.4609375,1676.8125755228102
2026-07-21T04:09:21.835330+00:00,3845.0,37.0,98.34,37.0,1744.46484375,1677.15742790699
2026-07-21T04:09:22.160685+00:00,3845.0,37.0,98.78,37.0,1744.46484375,1677.4827839285135
2026-07-21T04:09:22.506363+00:00,3845.0,36.0,98.39,37.0,1744.46875,1677.8284606263041
2026-07-21T04:09:22.876747+00:00,3845.0,36.0,98.39,37.0,1744.46875,1678.1988450400531
2026-07-21T04:09:23.205004+00:00,3845.0,37.0,98.64,37.0,1744.4765625,1678.527102433145
2026-07-21T04:09:23.533059+00:00,3845.0,37.0,98.54,37.0,1744.4765625,1678.855156648904
2026-07-21T04:09:23.875291+00:00,3845.0,36.0,98.54,37.0,1744.484375,1679.1973884254694
2026-07-21T04:09:24.224884+00:00,3845.0,37.0,98.65,37.0,1744.484375,1679.546982012689
2026-07-21T04:09:24.571175+00:00,3845.0,37.0,98.97,37.0,1744.4921875,1679.8932729549706
2026-07-21T04:09:24.874331+00:00,3845.0,37.0,98.74,37.0,1744.4921875,1680.196429349482
2026-07-21T04:09:25.237528+00:00,3845.0,25.0,97.64,37.0,1744.49609375,1680.5596265792847
2026-07-21T04:09:25.541849+00:00,3845.0,37.0,97.6,37.0,1744.50390625,1680.8639470264316
2026-07-21T04:09:25.869061+00:00,3845.0,37.0,97.75,37.0,1744.50390625,1681.1911580003798
2026-07-21T04:09:26.195358+00:00,3845.0,38.0,98.99,37.0,1744.51171875,1681.517456099391
2026-07-21T04:09:26.516097+00:00,3845.0,37.0,98.96,37.0,1744.51171875,1681.838194552809
2026-07-21T04:09:26.842930+00:00,3845.0,37.0,98.8,37.0,1744.515625,1682.16502654925
2026-07-21T04:09:27.191960+00:00,3845.0,37.0,98.84,37.0,1744.5234375,1682.5140576846898
2026-07-21T04:09:27.567037+00:00,3845.0,37.0,99.38,37.0,1744.53125,1682.8891346640885
2026-07-21T04:09:27.894600+00:00,3845.0,38.0,99.42,37.0,1744.5390625,1683.2166979052126
2026-07-21T04:09:28.203070+00:00,3845.0,37.0,98.63,37.0,1744.5390625,1683.525167632848
2026-07-21T04:09:28.524989+00:00,3845.0,37.0,98.47,37.0,1744.54296875,1683.8470869772136
2026-07-21T04:09:28.850561+00:00,3845.0,36.0,98.45,37.0,1744.54296875,1684.1726594418287
2026-07-21T04:09:29.173382+00:00,3845.0,37.0,98.68,37.0,1744.5546875,1684.4954797364771
2026-07-21T04:09:29.543299+00:00,3845.0,34.0,97.69,37.0,1744.58203125,1684.8653960712254
2026-07-21T04:09:29.891439+00:00,3845.0,36.0,97.64,37.0,1744.58984375,1685.2135374732316
2026-07-21T04:09:30.212730+00:00,3845.0,37.0,97.38,37.0,1744.58984375,1685.5348281040788
2026-07-21T04:09:30.562304+00:00,3845.0,37.0,98.19,37.0,1744.58984375,1685.884402628988
2026-07-21T04:09:30.867247+00:00,3845.0,37.0,98.39,37.0,1744.60546875,1686.189344380051
2026-07-21T04:09:31.212351+00:00,3845.0,36.0,98.41,37.0,1744.60546875,1686.5344493091106
2026-07-21T04:09:31.516541+00:00,3845.0,37.0,98.23,37.0,1744.62109375,1686.8386398106813
2026-07-21T04:09:31.863639+00:00,3845.0,37.0,98.24,37.0,1744.62109375,1687.185737527907
2026-07-21T04:09:32.185410+00:00,3845.0,37.0,98.38,37.0,1744.62109375,1687.5075084082782
2026-07-21T04:09:32.512208+00:00,3845.0,37.0,98.47,37.0,1744.62890625,1687.8343062736094
2026-07-21T04:09:32.836951+00:00,3845.0,36.0,98.59,37.0,1744.62890625,1688.159049320966
2026-07-21T04:09:33.164493+00:00,3845.0,37.0,98.67,37.0,1744.63671875,1688.4865919537842
2026-07-21T04:09:33.468894+00:00,3845.0,37.0,98.78,37.0,1744.63671875,1688.7909919768572
2026-07-21T04:09:33.888714+00:00,3845.0,36.0,98.63,37.0,1744.65625,1689.2108107991517
2026-07-21T04:09:34.214357+00:00,3845.0,36.0,98.29,37.0,1744.67578125,1689.5364540219307
2026-07-21T04:09:34.540956+00:00,3845.0,37.0,98.04,37.0,1744.6796875,1689.8630528338253
2026-07-21T04:09:34.865433+00:00,3845.0,37.0,98.04,37.0,1744.68359375,1690.1875303052366
2026-07-21T04:09:35.187542+00:00,3845.0,36.0,98.41,37.0,1744.6875,1690.5096395537257
2026-07-21T04:09:35.516426+00:00,3845.0,37.0,98.34,37.0,1744.6953125,1690.8385241180658
2026-07-21T04:09:35.880276+00:00,3845.0,37.0,98.3,37.0,1744.6953125,1691.2023735418916
2026-07-21T04:09:36.204992+00:00,3845.0,35.0,98.02,37.0,1744.70703125,1691.527089972049
2026-07-21T04:09:36.579358+00:00,3845.0,36.0,98.47,37.0,1744.70703125,1691.9014570564032
2026-07-21T04:09:36.901110+00:00,3845.0,36.0,98.02,37.0,1744.71484375,1692.2232070602477
2026-07-21T04:09:37.238005+00:00,3845.0,36.0,98.26,37.0,1744.71484375,1692.5601029582322
2026-07-21T04:09:37.585570+00:00,3845.0,35.0,97.97,37.0,1744.74609375,1692.9076666012406
2026-07-21T04:09:37.917454+00:00,3845.0,37.0,98.03,37.0,1744.74609375,1693.2395518161356
2026-07-21T04:09:38.246715+00:00,3845.0,37.0,98.09,37.0,1744.74609375,1693.568812634796
2026-07-21T04:09:38.595833+00:00,3845.0,37.0,98.21,37.0,1744.75390625,1693.9179303050041
2026-07-21T04:09:38.922370+00:00,3845.0,36.0,98.43,37.0,1744.75390625,1694.2444681338966
2026-07-21T04:09:39.233382+00:00,3845.0,37.0,98.47,37.0,1744.76953125,1694.5554797425866
2026-07-21T04:09:39.560611+00:00,3845.0,37.0,98.62,37.0,1744.76953125,1694.882708594203
2026-07-21T04:09:39.935676+00:00,3845.0,36.0,98.68,37.0,1744.7890625,1695.2577736601233
2026-07-21T04:09:40.279284+00:00,3845.0,34.0,98.73,37.0,1744.7890625,1695.6013817377388
2026-07-21T04:09:40.623006+00:00,3845.0,35.0,98.35,37.0,1744.796875,1695.9451042898
2026-07-21T04:09:40.971794+00:00,3845.0,36.0,98.2,37.0,1744.796875,1696.2938919179142
2026-07-21T04:09:41.277225+00:00,3845.0,37.0,98.11,37.0,1744.796875,1696.599323619157
2026-07-21T04:09:41.605039+00:00,3845.0,37.0,98.56,37.0,1744.8203125,1696.927136939019
2026-07-21T04:09:41.933403+00:00,3845.0,38.0,98.9,37.0,1744.8203125,1697.2555002085865
2026-07-21T04:09:42.260883+00:00,3845.0,37.0,98.36,37.0,1744.84765625,1697.582980480045
2026-07-21T04:09:42.635236+00:00,3845.0,35.0,98.09,37.0,1744.85546875,1697.957334432751
2026-07-21T04:09:42.979991+00:00,3845.0,36.0,97.51,37.0,1744.859375,1698.3020887635648
2026-07-21T04:09:43.286786+00:00,3845.0,37.0,98.15,37.0,1744.859375,1698.6088840700686
2026-07-21T04:09:43.591932+00:00,3845.0,36.0,97.97,37.0,1744.859375,1698.9140299148858
2026-07-21T04:09:43.916487+00:00,3845.0,37.0,98.15,37.0,1744.8828125,1699.2385851219296
2026-07-21T04:09:44.245025+00:00,3845.0,37.0,98.1,37.0,1744.8828125,1699.5671218968928
2026-07-21T04:09:44.592311+00:00,3845.0,37.0,98.34,37.0,1744.89453125,1699.9144096523523
2026-07-21T04:09:44.920930+00:00,3845.0,37.0,98.44,37.0,1744.89453125,1700.2430281415582
2026-07-21T04:09:45.268878+00:00,3845.0,36.0,98.55,37.0,1744.91796875,1700.5909755565226
2026-07-21T04:09:45.597540+00:00,3845.0,22.0,96.17,37.0,1744.91796875,1700.9196369461715
2026-07-21T04:09:45.899138+00:00,3845.0,37.0,96.25,37.0,1744.91796875,1701.2212356887758
2026-07-21T04:09:46.228684+00:00,3845.0,37.0,96.36,37.0,1744.91796875,1701.5507813841105
2026-07-21T04:09:46.532278+00:00,3845.0,37.0,98.76,37.0,1744.91796875,1701.8543757312
2026-07-21T04:09:46.874538+00:00,3845.0,38.0,98.87,37.0,1744.94140625,1702.196626279503
2026-07-21T04:09:47.199471+00:00,3845.0,38.0,98.69,37.0,1744.94140625,1702.5215687528253
2026-07-21T04:09:47.500547+00:00,3845.0,37.0,98.57,37.0,1744.94140625,1702.8226395733654
2026-07-21T04:09:47.822405+00:00,3845.0,37.0,98.77,37.0,1744.94140625,1703.1445037685335
2026-07-21T04:09:48.144938+00:00,3845.0,37.0,98.93,37.0,1744.94140625,1703.4670361168683
2026-07-21T04:09:48.467039+00:00,3845.0,37.0,98.92,37.0,1744.94140625,1703.7891372144222
2026-07-21T04:09:48.811332+00:00,3845.0,38.0,98.91,37.0,1744.94140625,1704.133430711925
2026-07-21T04:09:49.136178+00:00,3845.0,38.0,98.94,37.0,1744.94140625,1704.4582747146487
2026-07-21T04:09:49.460403+00:00,3845.0,38.0,98.98,37.0,1744.94140625,1704.7825004942715
2026-07-21T04:09:49.785189+00:00,3845.0,37.0,98.81,37.0,1744.94140625,1705.10728706792
2026-07-21T04:09:50.119484+00:00,3845.0,38.0,98.79,37.0,1744.94140625,1705.4415818862617
2026-07-21T04:09:50.444748+00:00,3845.0,36.0,97.85,37.0,1744.96484375,1705.766846202314
2026-07-21T04:09:50.752571+00:00,3845.0,33.0,97.66,37.0,1744.96484375,1706.07466917485
2026-07-21T04:09:51.109755+00:00,3845.0,36.0,97.32,37.0,1744.96484375,1706.4318527281284
2026-07-21T04:09:51.437021+00:00,3845.0,36.0,98.04,37.0,1744.96484375,1706.7591189667583
2026-07-21T04:09:51.741545+00:00,3845.0,38.0,97.98,37.0,1744.96484375,1707.063639368862
2026-07-21T04:09:52.047750+00:00,3845.0,37.0,98.08,37.0,1744.96484375,1707.3698474131525
2026-07-21T04:09:52.399407+00:00,3845.0,37.0,98.12,37.0,1744.96484375,1707.721504855901
2026-07-21T04:09:52.724184+00:00,3845.0,37.0,98.34,37.0,1744.96484375,1708.0462821386755
2026-07-21T04:09:53.054074+00:00,3845.0,37.0,98.45,37.0,1744.96484375,1708.3761722408235
2026-07-21T04:09:53.380920+00:00,3845.0,36.0,98.29,37.0,1744.96484375,1708.703017897904
2026-07-21T04:09:53.709409+00:00,3845.0,37.0,98.11,37.0,1744.96484375,1709.0315064564347
2026-07-21T04:09:54.037364+00:00,3845.0,36.0,98.02,37.0,1744.96484375,1709.3594610653818
2026-07-21T04:09:54.407540+00:00,3845.0,30.0,98.3,36.0,1744.96484375,1709.7296377494931
2026-07-21T04:09:54.746983+00:00,3845.0,36.0,98.35,36.0,1744.96484375,1710.069080464542
2026-07-21T04:09:55.109709+00:00,3845.0,35.0,97.64,36.0,1744.984375,1710.4318071864545
2026-07-21T04:09:55.438039+00:00,3845.0,36.0,97.05,36.0,1744.984375,1710.7601367980242
2026-07-21T04:09:55.765200+00:00,3845.0,35.0,97.01,36.0,1744.984375,1711.0872981622815
2026-07-21T04:09:56.120614+00:00,3845.0,37.0,97.44,36.0,1744.984375,1711.4427125789225
2026-07-21T04:09:56.445322+00:00,3845.0,37.0,97.87,36.0,1744.984375,1711.7674193680286
2026-07-21T04:09:56.772901+00:00,3845.0,37.0,97.92,36.0,1744.984375,1712.0950000993907
2026-07-21T04:09:57.110766+00:00,3845.0,37.0,97.73,36.0,1744.984375,1712.432864062488
2026-07-21T04:09:57.437202+00:00,3845.0,36.0,97.07,36.0,1744.984375,1712.759299725294
2026-07-21T04:09:57.764859+00:00,3845.0,36.0,97.29,36.0,1744.984375,1713.086956795305
2026-07-21T04:09:58.114803+00:00,3845.0,38.0,97.79,36.0,1744.984375,1713.4369003213942
2026-07-21T04:09:58.443811+00:00,3845.0,38.0,98.59,36.0,1744.984375,1713.7659078985453
2026-07-21T04:09:58.773275+00:00,3845.0,37.0,98.57,36.0,1744.984375,1714.0953724831343
2026-07-21T04:09:59.102316+00:00,3845.0,37.0,98.53,36.0,1744.984375,1714.424413781613
2026-07-21T04:09:59.438189+00:00,3845.0,38.0,98.54,36.0,1744.984375,1714.760286387056
2026-07-21T04:09:59.764971+00:00,3845.0,36.0,98.48,36.0,1744.984375,1715.087068617344
2026-07-21T04:10:00.101375+00:00,3845.0,37.0,98.45,36.0,1744.984375,1715.423472393304
2026-07-21T04:10:00.428366+00:00,3845.0,38.0,98.57,36.0,1744.984375,1715.7504633329809
2026-07-21T04:10:00.732457+00:00,3845.0,38.0,98.78,36.0,1744.984375,1716.0545554943383
2026-07-21T04:10:01.056982+00:00,3845.0,38.0,98.97,36.0,1744.984375,1716.3790804371238
2026-07-21T04:10:01.384434+00:00,3845.0,37.0,99.02,36.0,1744.984375,1716.706531751901
2026-07-21T04:10:01.688084+00:00,3845.0,37.0,98.81,36.0,1744.984375,1717.010181799531
2026-07-21T04:10:02.014003+00:00,3845.0,37.0,98.83,36.0,1744.984375,1717.3361011520028
2026-07-21T04:10:02.340768+00:00,3845.0,37.0,98.69,36.0,1744.984375,1717.662866026163
2026-07-21T04:10:02.668934+00:00,3845.0,37.0,98.87,36.0,1744.984375,1717.9910316169262
2026-07-21T04:10:03.024949+00:00,3845.0,26.0,97.85,36.0,1745.0078125,1718.3470470830798
2026-07-21T04:10:03.352355+00:00,3845.0,36.0,97.99,36.0,1745.0078125,1718.6744531206787
2026-07-21T04:10:03.656893+00:00,3845.0,37.0,97.68,36.0,1745.0078125,1718.978991035372
2026-07-21T04:10:04.003456+00:00,3845.0,38.0,98.43,36.0,1745.0078125,1719.3255537450314
2026-07-21T04:10:04.308793+00:00,3845.0,36.0,98.29,36.0,1745.0078125,1719.6308907344937
2026-07-21T04:10:04.637300+00:00,3845.0,37.0,98.17,36.0,1745.0078125,1719.9593980312347
2026-07-21T04:10:04.964780+00:00,3845.0,37.0,97.97,36.0,1745.0078125,1720.28687819466
2026-07-21T04:10:05.288561+00:00,3845.0,36.0,97.94,36.0,1745.0078125,1720.6106591001153
2026-07-21T04:10:05.592838+00:00,3845.0,37.0,97.96,36.0,1745.0078125,1720.9149356484413
2026-07-21T04:10:05.921860+00:00,3845.0,38.0,98.22,36.0,1745.0078125,1721.2439581751823
2026-07-21T04:10:06.287420+00:00,3845.0,37.0,98.43,36.0,1745.0078125,1721.6095177531242
2026-07-21T04:10:06.613427+00:00,3845.0,37.0,98.5,36.0,1745.0078125,1721.9355243705213
2026-07-21T04:10:06.987167+00:00,3845.0,36.0,98.5,36.0,1745.0078125,1722.309263765812
2026-07-21T04:10:07.309547+00:00,3845.0,37.0,98.24,36.0,1745.0078125,1722.6316448561847
2026-07-21T04:10:07.636622+00:00,3845.0,36.0,98.11,36.0,1745.0078125,1722.958720214665
2026-07-21T04:10:07.960548+00:00,3845.0,36.0,98.28,36.0,1745.0078125,1723.282646484673
2026-07-21T04:10:08.336006+00:00,3845.0,37.0,98.7,36.0,1745.0078125,1723.658102761954
2026-07-21T04:10:08.664869+00:00,3845.0,37.0,98.63,36.0,1745.0078125,1723.9869678355753
2026-07-21T04:10:08.970403+00:00,3845.0,37.0,98.34,36.0,1745.0078125,1724.2925006784499
2026-07-21T04:10:09.297024+00:00,3845.0,38.0,98.09,36.0,1745.0078125,1724.619122043252
2026-07-21T04:10:09.603888+00:00,3845.0,37.0,98.18,36.0,1745.0078125,1724.925986688584
2026-07-21T04:10:09.947455+00:00,3845.0,36.0,98.51,36.0,1745.0078125,1725.269552860409
2026-07-21T04:10:10.332038+00:00,3845.0,29.0,97.74,36.0,1745.02734375,1725.6541351228952
2026-07-21T04:10:10.660732+00:00,3845.0,35.0,97.83,36.0,1745.02734375,1725.9828304685652
2026-07-21T04:10:10.988762+00:00,3845.0,37.0,97.45,36.0,1745.02734375,1726.3108599372208
2026-07-21T04:10:11.315172+00:00,3845.0,37.0,98.1,36.0,1745.02734375,1726.637270655483
2026-07-21T04:10:11.637776+00:00,3845.0,37.0,97.87,36.0,1745.02734375,1726.9598737694323
2026-07-21T04:10:11.964341+00:00,3845.0,37.0,97.87,36.0,1745.02734375,1727.2864386811852
2026-07-21T04:10:12.316348+00:00,3845.0,37.0,97.75,36.0,1745.02734375,1727.6384459622204
2026-07-21T04:10:12.645055+00:00,3845.0,36.0,97.5,36.0,1745.02734375,1727.967153802514
2026-07-21T04:10:12.973686+00:00,3845.0,35.0,97.58,36.0,1745.02734375,1728.2957838252187
2026-07-21T04:10:13.302784+00:00,3845.0,37.0,97.46,36.0,1745.02734375,1728.6248819939792
2026-07-21T04:10:13.632814+00:00,3845.0,36.0,97.68,36.0,1745.02734375,1728.954912174493
2026-07-21T04:10:13.966533+00:00,3845.0,37.0,97.72,36.0,1745.02734375,1729.288631170988
2026-07-21T04:10:14.315295+00:00,3845.0,37.0,98.01,36.0,1745.02734375,1729.6373927518725
2026-07-21T04:10:14.663453+00:00,3845.0,37.0,98.33,36.0,1745.02734375,1729.985550738871
2026-07-21T04:10:14.989729+00:00,3845.0,37.0,98.87,36.0,1745.02734375,1730.311826504767
2026-07-21T04:10:15.316350+00:00,3845.0,38.0,98.86,36.0,1745.02734375,1730.6384477242827
2026-07-21T04:10:15.645513+00:00,3845.0,38.0,98.93,36.0,1745.02734375,1730.9676112607121
2026-07-21T04:10:15.995030+00:00,3845.0,37.0,98.57,36.0,1745.02734375,1731.3171274885535
2026-07-21T04:10:16.330928+00:00,3845.0,37.0,98.37,36.0,1745.02734375,1731.6530247926712
2026-07-21T04:10:16.698846+00:00,3845.0,37.0,98.57,36.0,1745.02734375,1732.0209437534213
2026-07-21T04:10:17.071344+00:00,3845.0,37.0,98.77,36.0,1745.02734375,1732.3934408538043
2026-07-21T04:10:17.396559+00:00,3845.0,38.0,98.01,36.0,1745.05078125,1732.7186564803123
2026-07-21T04:10:17.701207+00:00,3845.0,37.0,97.64,36.0,1745.05078125,1733.0233052484691
2026-07-21T04:10:18.028368+00:00,3845.0,38.0,97.59,36.0,1745.05078125,1733.3504666946828
2026-07-21T04:10:18.357170+00:00,3845.0,37.0,98.41,36.0,1745.05078125,1733.6792686395347
2026-07-21T04:10:18.728370+00:00,3845.0,37.0,98.52,36.0,1745.05078125,1734.050468608737
2026-07-21T04:10:19.055475+00:00,3845.0,37.0,98.4,36.0,1745.05078125,1734.377572555095
2026-07-21T04:10:19.403317+00:00,3845.0,37.0,98.5,36.0,1745.05078125,1734.7254151813686
2026-07-21T04:10:19.724662+00:00,3845.0,38.0,98.28,36.0,1745.05078125,1735.0467596910894
2026-07-21T04:10:20.086010+00:00,3845.0,37.0,98.62,36.0,1745.05078125,1735.4081078842282
2026-07-21T04:10:20.435799+00:00,3845.0,38.0,98.38,36.0,1745.05078125,1735.7578973434865
2026-07-21T04:10:20.756944+00:00,3845.0,33.0,98.17,36.0,1745.05078125,1736.0790413245559
2026-07-21T04:10:21.109110+00:00,3845.0,37.0,98.07,36.0,1745.05078125,1736.4312076494098
2026-07-21T04:10:21.437100+00:00,3845.0,36.0,97.99,36.0,1745.05078125,1736.7591980323195
2026-07-21T04:10:21.742013+00:00,3845.0,36.0,97.97,36.0,1745.05078125,1737.064111366868
2026-07-21T04:10:22.115141+00:00,3845.0,36.0,98.25,36.0,1745.05078125,1737.4372392743826
2026-07-21T04:10:22.445806+00:00,3845.0,36.0,98.34,36.0,1745.05078125,1737.7679037600756
2026-07-21T04:10:22.772599+00:00,3845.0,37.0,98.74,36.0,1745.05078125,1738.09469666332
2026-07-21T04:10:23.104093+00:00,3845.0,36.0,98.36,36.0,1745.05078125,1738.4261911772192
2026-07-21T04:10:23.408687+00:00,3845.0,38.0,98.64,36.0,1745.05078125,1738.7307851873338
2026-07-21T04:10:23.741161+00:00,3845.0,37.0,98.65,36.0,1745.05078125,1739.0632594190538
2026-07-21T04:10:24.068313+00:00,3845.0,37.0,98.86,36.0,1745.05078125,1739.3904113955796
2026-07-21T04:10:24.414881+00:00,3845.0,37.0,98.88,36.0,1745.05078125,1739.736979600042
2026-07-21T04:10:24.798482+00:00,3845.0,36.0,99.0,36.0,1745.05078125,1740.1205796897411
2026-07-21T04:10:25.138446+00:00,3845.0,37.0,98.34,36.0,1745.07421875,1740.4605444855988
2026-07-21T04:10:25.487326+00:00,3845.0,37.0,98.02,36.0,1745.07421875,1740.809424072504
2026-07-21T04:10:25.817210+00:00,3845.0,37.0,98.3,36.0,1745.07421875,1741.139308154583
2026-07-21T04:10:26.144687+00:00,3845.0,38.0,97.97,36.0,1745.07421875,1741.4667858742177
2026-07-21T04:10:26.473925+00:00,3845.0,38.0,97.77,36.0,1745.07421875,1741.7960229068995
2026-07-21T04:10:26.801490+00:00,3845.0,36.0,97.93,36.0,1745.07421875,1742.1235872283578
2026-07-21T04:10:27.129006+00:00,3845.0,38.0,97.92,36.0,1745.07421875,1742.4511040709913
2026-07-21T04:10:27.479190+00:00,3845.0,37.0,98.2,36.0,1745.07421875,1742.8012887462974
2026-07-21T04:10:27.855498+00:00,3845.0,37.0,98.33,36.0,1745.07421875,1743.1775939539075
2026-07-21T04:10:28.160652+00:00,3845.0,37.0,98.4,36.0,1745.07421875,1743.4827492907643
2026-07-21T04:10:28.488887+00:00,3845.0,37.0,98.1,36.0,1745.07421875,1743.8109852075577
2026-07-21T04:10:28.817504+00:00,3845.0,37.0,97.97,36.0,1745.07421875,1744.1396013982594
2026-07-21T04:10:29.146680+00:00,3845.0,37.0,98.19,36.0,1745.07421875,1744.468777038157
2026-07-21T04:10:29.503250+00:00,3845.0,36.0,97.46,36.0,1745.08984375,1744.8253386802971
2026-07-21T04:10:29.826402+00:00,3845.0,37.0,97.51,36.0,1745.08984375,1745.1484998092055
2026-07-21T04:10:30.173620+00:00,3845.0,36.0,97.29,36.0,1745.08984375,1745.4957178272307
2026-07-21T04:10:30.481317+00:00,3845.0,37.0,97.94,36.0,1745.08984375,1745.803415670991
2026-07-21T04:10:30.805927+00:00,3845.0,36.0,97.94,36.0,1745.08984375,1746.1280249245465
2026-07-21T04:10:31.130058+00:00,3845.0,37.0,97.98,36.0,1745.08984375,1746.452155329287
2026-07-21T04:10:31.503580+00:00,3845.0,37.0,98.11,36.0,1745.08984375,1746.825677294284
2026-07-21T04:10:31.872223+00:00,3845.0,37.0,98.55,36.0,1745.08984375,1747.1943070180714
2026-07-21T04:10:32.244466+00:00,3845.0,35.0,98.31,36.0,1745.08984375,1747.5665642991662
2026-07-21T04:10:32.570322+00:00,3845.0,36.0,98.07,36.0,1745.08984375,1747.8924203701317
2026-07-21T04:10:32.921818+00:00,3845.0,36.0,98.14,36.0,1745.08984375,1748.243914987892
2026-07-21T04:10:33.249645+00:00,3845.0,38.0,97.96,36.0,1745.08984375,1748.5717438720167
2026-07-21T04:10:33.555872+00:00,3845.0,37.0,98.13,36.0,1745.08984375,1748.8779691457748
2026-07-21T04:10:33.885235+00:00,3845.0,36.0,97.94,36.0,1745.08984375,1749.2073325701058
2026-07-21T04:10:34.258479+00:00,3845.0,35.0,97.96,36.0,1745.08984375,1749.5805764347315
2026-07-21T04:10:34.610876+00:00,3845.0,36.0,98.12,36.0,1745.08984375,1749.932973049581
2026-07-21T04:10:34.955839+00:00,3845.0,36.0,98.27,36.0,1745.08984375,1750.277936656028
2026-07-21T04:10:35.331538+00:00,3845.0,18.0,97.44,36.0,1745.109375,1750.6536346003413
2026-07-21T04:10:35.681404+00:00,3845.0,37.0,97.18,36.0,1745.109375,1751.003500726074
2026-07-21T04:10:36.009152+00:00,3845.0,35.0,97.06,36.0,1745.109375,1751.331249177456
2026-07-21T04:10:36.343542+00:00,3845.0,37.0,97.61,36.0,1745.109375,1751.6656397804618
2026-07-21T04:10:36.695950+00:00,3845.0,36.0,97.63,36.0,1745.109375,1752.018046732992
2026-07-21T04:10:37.047415+00:00,3845.0,36.0,97.86,36.0,1745.109375,1752.369513168931
2026-07-21T04:10:37.409977+00:00,3845.0,37.0,97.81,36.0,1745.11328125,1752.7320744507015
2026-07-21T04:10:37.762984+00:00,3845.0,36.0,97.41,36.0,1745.12890625,1753.0850816592574
2026-07-21T04:10:38.130671+00:00,3845.0,38.0,97.29,36.0,1745.12890625,1753.4527682811022
2026-07-21T04:10:38.457137+00:00,3845.0,38.0,98.15,36.0,1745.12890625,1753.7792336083949
2026-07-21T04:10:38.801533+00:00,3845.0,37.0,97.68,36.0,1745.12890625,1754.1236299313605
2026-07-21T04:10:39.125898+00:00,3845.0,36.0,97.25,36.0,1745.12890625,1754.4479949101806
2026-07-21T04:10:39.455492+00:00,3845.0,35.0,97.58,36.0,1745.12890625,1754.7775902338326
2026-07-21T04:10:39.827513+00:00,3845.0,37.0,97.85,36.0,1745.12890625,1755.1496098190546
2026-07-21T04:10:40.134838+00:00,3845.0,37.0,97.93,36.0,1745.12890625,1755.4569350369275
2026-07-21T04:10:40.469186+00:00,3845.0,37.0,97.79,36.0,1745.12890625,1755.791284430772
2026-07-21T04:10:40.844135+00:00,3845.0,35.0,97.65,36.0,1745.12890625,1756.1662325039506
2026-07-21T04:10:41.170616+00:00,3845.0,36.0,98.11,36.0,1745.12890625,1756.4927128478885
2026-07-21T04:10:41.497460+00:00,3845.0,36.0,98.03,36.0,1745.12890625,1756.8195584788918
2026-07-21T04:10:41.821228+00:00,3845.0,37.0,98.12,36.0,1745.12890625,1757.1433257833123
2026-07-21T04:10:42.149863+00:00,3845.0,37.0,98.27,36.0,1745.12890625,1757.4719609506428
2026-07-21T04:10:42.480636+00:00,3845.0,36.0,98.17,36.0,1745.12890625,1757.8027344495058
2026-07-21T04:10:42.808803+00:00,3845.0,37.0,98.16,36.0,1745.12890625,1758.1309012137353
2026-07-21T04:10:43.137731+00:00,3845.0,35.0,98.01,36.0,1745.12890625,1758.4598288722336
2026-07-21T04:10:43.470862+00:00,3845.0,36.0,98.35,36.0,1745.12890625,1758.7929594665766
2026-07-21T04:10:43.840776+00:00,3845.0,36.0,98.59,36.0,1745.12890625,1759.1628737188876
2026-07-21T04:10:44.191890+00:00,3845.0,37.0,98.93,36.0,1745.12890625,1759.5139878615737
2026-07-21T04:10:44.525885+00:00,3845.0,37.0,98.61,36.0,1745.12890625,1759.8479811921716
2026-07-21T04:10:44.857453+00:00,3845.0,37.0,98.32,36.0,1745.12890625,1760.1795502789319
2026-07-21T04:10:45.185871+00:00,3845.0,36.0,98.18,36.0,1745.12890625,1760.5079681761563
2026-07-21T04:10:45.514004+00:00,3845.0,37.0,98.53,36.0,1745.12890625,1760.8361021056771
2026-07-21T04:10:45.867863+00:00,3845.0,37.0,97.99,36.0,1745.1484375,1761.189959384501
2026-07-21T04:10:46.221474+00:00,3845.0,37.0,98.19,36.0,1745.1484375,1761.5435713939369
2026-07-21T04:10:46.546525+00:00,3845.0,37.0,97.81,36.0,1745.1484375,1761.868623625487
2026-07-21T04:10:46.872914+00:00,3845.0,37.0,98.17,36.0,1745.1484375,1762.195012331009
2026-07-21T04:10:47.232371+00:00,3845.0,37.0,97.96,36.0,1745.1484375,1762.5544698052108
2026-07-21T04:10:47.560658+00:00,3845.0,37.0,98.06,36.0,1745.1484375,1762.8827563859522
2026-07-21T04:10:47.930995+00:00,3845.0,38.0,98.57,36.0,1745.1484375,1763.253093123436
2026-07-21T04:10:48.280936+00:00,3845.0,37.0,98.31,36.0,1745.1484375,1763.6030326858163
2026-07-21T04:10:48.628573+00:00,3845.0,36.0,98.18,36.0,1745.1484375,1763.9506715424359
2026-07-21T04:10:48.957363+00:00,3845.0,37.0,97.77,36.0,1745.1484375,1764.2794597670436
2026-07-21T04:10:49.332430+00:00,3845.0,36.0,98.21,36.0,1745.1484375,1764.6545282229781
2026-07-21T04:10:49.666518+00:00,3845.0,37.0,98.14,36.0,1745.1484375,1764.9886159263551
2026-07-21T04:10:50.019111+00:00,3845.0,37.0,98.07,36.0,1745.1484375,1765.3412095420063
2026-07-21T04:10:50.354551+00:00,3845.0,36.0,98.05,36.0,1745.1484375,1765.6766486912966
2026-07-21T04:10:50.699401+00:00,3845.0,36.0,98.36,36.0,1745.1484375,1766.0214990340173
2026-07-21T04:10:51.011074+00:00,3845.0,36.0,98.32,36.0,1745.1484375,1766.3331717178226
2026-07-21T04:10:51.363009+00:00,3845.0,37.0,98.27,36.0,1745.1484375,1766.6851078011096
2026-07-21T04:10:51.689609+00:00,3845.0,36.0,98.47,36.0,1745.1484375,1767.0117073208094
2026-07-21T04:10:52.017926+00:00,3845.0,36.0,98.58,36.0,1745.1484375,1767.3400231450796
2026-07-21T04:10:52.354448+00:00,3845.0,37.0,98.42,36.0,1745.1484375,1767.6765457950532
2026-07-21T04:10:52.682497+00:00,3845.0,36.0,98.41,36.0,1745.1484375,1768.0045947395265
2026-07-21T04:10:53.009392+00:00,3845.0,37.0,98.68,36.0,1745.1484375,1768.3314899764955
2026-07-21T04:10:53.364288+00:00,3845.0,37.0,98.54,36.0,1745.1484375,1768.686385974288
2026-07-21T04:10:53.696316+00:00,3845.0,37.0,98.51,36.0,1745.1484375,1769.0184133686125
2026-07-21T04:10:54.042986+00:00,3845.0,36.0,97.69,36.0,1745.171875,1769.365083195269
2026-07-21T04:10:54.368830+00:00,3845.0,36.0,97.63,36.0,1745.171875,1769.6909286230803
2026-07-21T04:10:54.696819+00:00,3845.0,37.0,97.18,36.0,1745.171875,1770.0189167931676
2026-07-21T04:10:55.046833+00:00,3845.0,36.0,97.81,36.0,1745.171875,1770.3689316995442
2026-07-21T04:10:55.423906+00:00,3845.0,37.0,98.1,36.0,1745.171875,1770.7460033372045
2026-07-21T04:10:55.774982+00:00,3845.0,37.0,98.29,36.0,1745.171875,1771.0970799289644
2026-07-21T04:10:56.113982+00:00,3845.0,37.0,98.15,36.0,1745.171875,1771.4360796026886
2026-07-21T04:10:56.441243+00:00,3845.0,36.0,97.69,36.0,1745.171875,1771.763341203332
2026-07-21T04:10:56.812800+00:00,3845.0,37.0,98.35,36.0,1745.171875,1772.1348973587155
2026-07-21T04:10:57.183367+00:00,3845.0,37.0,98.72,36.0,1745.171875,1772.505464978516
2026-07-21T04:10:57.513401+00:00,3845.0,36.0,98.83,36.0,1745.171875,1772.8354986160994
2026-07-21T04:10:57.837233+00:00,3845.0,38.0,98.23,36.0,1745.171875,1773.1593306697905
2026-07-21T04:10:58.187520+00:00,3845.0,37.0,98.13,36.0,1745.171875,1773.509618036449
2026-07-21T04:10:58.517455+00:00,3845.0,35.0,98.11,36.0,1745.171875,1773.8395526260138
2026-07-21T04:10:58.871122+00:00,3845.0,36.0,98.12,36.0,1745.171875,1774.1932200863957
2026-07-21T04:10:59.246318+00:00,3845.0,37.0,98.43,36.0,1745.171875,1774.568416133523
2026-07-21T04:10:59.569271+00:00,3845.0,36.0,98.52,36.0,1745.171875,1774.891368739307
2026-07-21T04:10:59.919507+00:00,3845.0,38.0,98.41,36.0,1745.171875,1775.241605002433
2026-07-21T04:11:00.287410+00:00,3845.0,37.0,98.52,36.0,1745.171875,1775.609507754445
2026-07-21T04:11:00.629230+00:00,3845.0,36.0,98.19,36.0,1745.171875,1775.9513282887638
2026-07-21T04:11:00.975541+00:00,3845.0,37.0,98.26,36.0,1745.171875,1776.297639489174
2026-07-21T04:11:01.301010+00:00,3845.0,37.0,98.19,36.0,1745.171875,1776.6231084428728
2026-07-21T04:11:01.651081+00:00,3845.0,37.0,98.85,36.0,1745.171875,1776.9731790088117
2026-07-21T04:11:02.007559+00:00,3845.0,37.0,98.6,36.0,1745.171875,1777.3296556547284
2026-07-21T04:11:02.335634+00:00,3845.0,37.0,97.89,36.0,1745.1953125,1777.657731384039
2026-07-21T04:11:02.686962+00:00,3845.0,35.0,97.65,36.0,1745.1953125,1778.009060960263
2026-07-21T04:11:03.055636+00:00,3845.0,37.0,98.71,36.0,1745.1953125,1778.3777333050966
2026-07-21T04:11:03.384446+00:00,3845.0,35.0,98.16,36.0,1745.1953125,1778.7065438330173
2026-07-21T04:11:03.730954+00:00,3845.0,37.0,97.81,36.0,1745.1953125,1779.0530504658818
2026-07-21T04:11:04.061510+00:00,3845.0,35.0,97.52,36.0,1745.1953125,1779.3836080394685
2026-07-21T04:11:04.412518+00:00,3845.0,37.0,97.77,36.0,1745.1953125,1779.734615713358
2026-07-21T04:11:04.762924+00:00,3845.0,35.0,97.72,36.0,1745.1953125,1780.0850222446024
2026-07-21T04:11:05.112127+00:00,3845.0,37.0,98.07,36.0,1745.1953125,1780.4342253133655
2026-07-21T04:11:05.441166+00:00,3845.0,35.0,97.85,36.0,1745.1953125,1780.7632635943592
2026-07-21T04:11:05.768833+00:00,3845.0,38.0,98.09,36.0,1745.1953125,1781.0909304618835
2026-07-21T04:11:06.119295+00:00,3845.0,36.0,98.28,36.0,1745.1953125,1781.4413916096091
2026-07-21T04:11:06.448545+00:00,3845.0,37.0,98.31,36.0,1745.1953125,1781.7706436179578
2026-07-21T04:11:06.799417+00:00,3845.0,37.0,98.44,36.0,1745.1953125,1782.1215140111744
2026-07-21T04:11:07.143398+00:00,3845.0,37.0,98.19,36.0,1745.1953125,1782.4654960744083
2026-07-21T04:11:07.472639+00:00,3845.0,36.0,98.02,36.0,1745.1953125,1782.7947378493845
2026-07-21T04:11:07.801145+00:00,3845.0,37.0,97.95,36.0,1745.1953125,1783.1232430301607
2026-07-21T04:11:08.147778+00:00,3845.0,36.0,98.24,36.0,1745.1953125,1783.4698759280145
2026-07-21T04:11:08.477078+00:00,3845.0,38.0,98.57,36.0,1745.1953125,1783.7991766296327
2026-07-21T04:11:08.851615+00:00,3845.0,35.0,98.78,36.0,1745.1953125,1784.1737135238945
2026-07-21T04:11:09.203017+00:00,3845.0,38.0,98.54,36.0,1745.1953125,1784.5251151286066
2026-07-21T04:11:09.528668+00:00,3845.0,37.0,98.99,36.0,1745.1953125,1784.8507661521435
2026-07-21T04:11:09.853550+00:00,3845.0,29.0,98.42,36.0,1745.21484375,1785.1756471693516
2026-07-21T04:11:10.179241+00:00,3845.0,37.0,98.22,36.0,1745.21484375,1785.501338928938
2026-07-21T04:11:10.522958+00:00,3845.0,37.0,97.74,36.0,1745.21484375,1785.8450560346246
2026-07-21T04:11:10.871894+00:00,3845.0,38.0,98.18,36.0,1745.21484375,1786.1939925700426
2026-07-21T04:11:11.227411+00:00,3845.0,36.0,98.42,36.0,1745.21484375,1786.54950857535
2026-07-21T04:11:11.552770+00:00,3845.0,37.0,98.06,36.0,1745.21484375,1786.8748674429953
2026-07-21T04:11:11.880899+00:00,3845.0,38.0,97.84,36.0,1745.21484375,1787.202996660024
2026-07-21T04:11:12.255023+00:00,3845.0,38.0,98.03,36.0,1745.21484375,1787.577120359987
2026-07-21T04:11:12.580408+00:00,3845.0,37.0,98.12,36.0,1745.21484375,1787.9025061689317
2026-07-21T04:11:12.908362+00:00,3845.0,37.0,98.19,36.0,1745.21484375,1788.2304599024355
2026-07-21T04:11:13.259282+00:00,3845.0,37.0,98.18,36.0,1745.21484375,1788.5813806802034
2026-07-21T04:11:13.588535+00:00,3845.0,38.0,98.28,36.0,1745.21484375,1788.9106339626014
2026-07-21T04:11:13.917466+00:00,3845.0,38.0,98.2,36.0,1745.21484375,1789.239564217627
2026-07-21T04:11:14.244561+00:00,3845.0,38.0,98.44,36.0,1745.21875,1789.5666581392288
2026-07-21T04:11:14.573123+00:00,3845.0,37.0,98.56,36.0,1745.21875,1789.8952215313911
2026-07-21T04:11:14.881011+00:00,3845.0,37.0,98.63,36.0,1745.21875,1790.203109048307
2026-07-21T04:11:15.187554+00:00,3845.0,38.0,98.92,36.0,1745.21875,1790.509652659297
2026-07-21T04:11:15.516810+00:00,3845.0,37.0,99.03,36.0,1745.21875,1790.8389083184302
2026-07-21T04:11:15.846029+00:00,3845.0,38.0,99.08,36.0,1745.21875,1791.1681264787912
2026-07-21T04:11:16.174006+00:00,3845.0,37.0,98.85,36.0,1745.21875,1791.4961035512388
2026-07-21T04:11:16.520982+00:00,3845.0,37.0,98.32,36.0,1745.22265625,1791.843079417944
2026-07-21T04:11:16.826457+00:00,3845.0,38.0,98.3,36.0,1745.22265625,1792.1485555246472
2026-07-21T04:11:17.132884+00:00,3845.0,37.0,98.54,36.0,1745.22265625,1792.4549816697836
2026-07-21T04:11:17.439611+00:00,3845.0,37.0,98.75,36.0,1745.22265625,1792.7617096491158
2026-07-21T04:11:17.821720+00:00,3845.0,24.0,98.02,36.0,1745.24609375,1793.1438164375722
2026-07-21T04:11:18.151995+00:00,3845.0,37.0,97.68,36.0,1745.25,1793.474092129618
2026-07-21T04:11:18.495126+00:00,3845.0,38.0,97.75,36.0,1745.25,1793.8172241859138
2026-07-21T04:11:18.825328+00:00,3845.0,38.0,97.53,36.0,1745.2578125,1794.1474267281592
2026-07-21T04:11:19.131388+00:00,3845.0,37.0,97.64,36.0,1745.2578125,1794.4534855745733
2026-07-21T04:11:19.476036+00:00,3845.0,37.0,97.84,36.0,1745.2578125,1794.7981333732605
2026-07-21T04:11:19.804966+00:00,3845.0,37.0,98.14,36.0,1745.2578125,1795.1270638071
2026-07-21T04:11:20.114397+00:00,3845.0,38.0,98.26,36.0,1745.2578125,1795.436494704336
2026-07-21T04:11:20.440894+00:00,3845.0,37.0,98.25,36.0,1745.2578125,1795.762993056327
2026-07-21T04:11:20.746627+00:00,3845.0,37.0,98.29,36.0,1745.2578125,1796.0687250383198
2026-07-21T04:11:21.073164+00:00,3845.0,38.0,98.04,36.0,1745.2578125,1796.3952625282109
2026-07-21T04:11:21.451550+00:00,3845.0,37.0,98.1,36.0,1745.2578125,1796.7736479081213
2026-07-21T04:11:21.826629+00:00,3845.0,36.0,98.34,36.0,1745.26171875,1797.1487269699574
2026-07-21T04:11:22.175732+00:00,3845.0,36.0,98.45,36.0,1745.26171875,1797.4978301227093
2026-07-21T04:11:22.554861+00:00,3845.0,16.0,98.14,36.0,1745.28125,1797.8769582882524
2026-07-21T04:11:22.882089+00:00,3845.0,37.0,97.88,36.0,1745.28125,1798.2041865959764
2026-07-21T04:11:23.205115+00:00,3845.0,36.0,97.62,36.0,1745.28515625,1798.527212716639
2026-07-21T04:11:23.559758+00:00,3845.0,36.0,97.79,36.0,1745.28515625,1798.8818563222885
2026-07-21T04:11:23.907693+00:00,3845.0,37.0,98.01,36.0,1745.28515625,1799.229791622609
2026-07-21T04:11:24.242183+00:00,3845.0,38.0,98.08,36.0,1745.2890625,1799.564280603081
2026-07-21T04:11:24.590924+00:00,3845.0,36.0,98.13,36.0,1745.2890625,1799.9130222685635
2026-07-21T04:11:24.963678+00:00,3845.0,36.0,98.61,36.0,1745.29296875,1800.2857755683362
2026-07-21T04:11:25.345749+00:00,3845.0,9.0,97.54,36.0,1745.30859375,1800.667846687138
2026-07-21T04:11:25.655413+00:00,3845.0,36.0,98.04,36.0,1745.30859375,1800.9775115698576
2026-07-21T04:11:26.008828+00:00,3845.0,37.0,97.62,36.0,1745.30859375,1801.3309257142246
2026-07-21T04:11:26.360951+00:00,3845.0,37.0,98.26,36.0,1745.30859375,1801.6830489262938
2026-07-21T04:11:26.707914+00:00,3845.0,36.0,98.01,36.0,1745.30859375,1802.030011061579
2026-07-21T04:11:27.036903+00:00,3845.0,37.0,97.91,36.0,1745.30859375,1802.3590004481375
2026-07-21T04:11:27.365495+00:00,3845.0,37.0,97.76,36.0,1745.30859375,1802.6875923499465
2026-07-21T04:11:27.671607+00:00,3845.0,36.0,97.76,36.0,1745.30859375,1802.9937050491571
2026-07-21T04:11:28.063758+00:00,3845.0,15.0,97.48,36.0,1745.31640625,1803.3858557231724
2026-07-21T04:11:28.415863+00:00,3845.0,37.0,97.59,36.0,1745.31640625,1803.737961601466
2026-07-21T04:11:28.766875+00:00,3845.0,37.0,97.44,36.0,1745.31640625,1804.0889734327793
2026-07-21T04:11:29.098496+00:00,3845.0,37.0,97.59,36.0,1745.31640625,1804.4205930493772
2026-07-21T04:11:29.435684+00:00,3845.0,37.0,97.43,36.0,1745.3203125,1804.7577814087272
2026-07-21T04:11:29.787066+00:00,3845.0,37.0,97.79,36.0,1745.3203125,1805.1091638170183
2026-07-21T04:11:30.098971+00:00,3845.0,37.0,97.87,36.0,1745.3203125,1805.4210686720908
2026-07-21T04:11:30.428888+00:00,3845.0,36.0,97.59,36.0,1745.3203125,1805.7509860731661
2026-07-21T04:11:30.756033+00:00,3845.0,37.0,97.49,36.0,1745.3203125,1806.0781315751374
2026-07-21T04:11:31.085222+00:00,3845.0,38.0,97.61,36.0,1745.328125,1806.4073192961514
2026-07-21T04:11:31.457496+00:00,3845.0,12.0,97.35,36.0,1745.35546875,1806.7795936353505
2026-07-21T04:11:31.784688+00:00,3845.0,36.0,97.64,36.0,1745.36328125,1807.106786493212
2026-07-21T04:11:32.113843+00:00,3845.0,37.0,97.31,36.0,1745.36328125,1807.435940567404
2026-07-21T04:11:32.448731+00:00,3845.0,37.0,97.98,36.0,1745.36328125,1807.7708295695484
2026-07-21T04:11:32.773517+00:00,3845.0,36.0,97.36,36.0,1745.3671875,1808.0956151299179
2026-07-21T04:11:33.105396+00:00,3845.0,37.0,97.58,36.0,1745.3671875,1808.427494712174
2026-07-21T04:11:33.440484+00:00,3845.0,36.0,97.62,36.0,1745.375,1808.762582410127
2026-07-21T04:11:33.768769+00:00,3845.0,36.0,98.01,36.0,1745.375,1809.0908671803772
2026-07-21T04:11:34.097968+00:00,3845.0,37.0,97.88,36.0,1745.375,1809.4200665056705
2026-07-21T04:11:34.424961+00:00,3845.0,36.0,98.15,36.0,1745.375,1809.7470594085753
2026-07-21T04:11:34.795144+00:00,3845.0,35.0,98.2,36.0,1745.38671875,1810.1172417663038
2026-07-21T04:11:35.121621+00:00,3845.0,38.0,98.36,36.0,1745.38671875,1810.4437190331519
2026-07-21T04:11:35.471380+00:00,3845.0,37.0,98.04,36.0,1745.40234375,1810.7934774421155
2026-07-21T04:11:35.801097+00:00,3845.0,36.0,97.66,36.0,1745.41015625,1811.1231947280467
2026-07-21T04:11:36.151845+00:00,3845.0,35.0,97.42,36.0,1745.41015625,1811.473942745477
2026-07-21T04:11:36.481118+00:00,3845.0,37.0,97.43,36.0,1745.421875,1811.8032156601548
2026-07-21T04:11:36.809275+00:00,3845.0,37.0,97.61,36.0,1745.421875,1812.131373733282
2026-07-21T04:11:37.159644+00:00,3845.0,37.0,97.78,36.0,1745.44140625,1812.4817406982183
2026-07-21T04:11:37.511237+00:00,3845.0,36.0,98.09,36.0,1745.44921875,1812.8333325050771
2026-07-21T04:11:37.841398+00:00,3845.0,36.0,97.77,36.0,1745.46484375,1813.1634952761233
2026-07-21T04:11:38.191040+00:00,3845.0,36.0,97.79,36.0,1745.46484375,1813.513137433678
2026-07-21T04:11:38.521126+00:00,3845.0,37.0,97.88,36.0,1745.46875,1813.8432231023908
2026-07-21T04:11:38.899668+00:00,3845.0,7.0,97.2,36.0,1745.4921875,1814.221765704453
2026-07-21T04:11:39.247721+00:00,3845.0,37.0,96.96,36.0,1745.49609375,1814.56981786713
2026-07-21T04:11:39.577650+00:00,3845.0,36.0,96.67,36.0,1745.5,1814.8997474312782
2026-07-21T04:11:39.947530+00:00,3845.0,37.0,97.67,36.0,1745.5,1815.2696279101074
2026-07-21T04:11:40.322420+00:00,3845.0,36.0,97.76,36.0,1745.51953125,1815.6445183344185
2026-07-21T04:11:40.649931+00:00,3845.0,37.0,97.73,36.0,1745.51953125,1815.972028721124
2026-07-21T04:11:40.977845+00:00,3845.0,36.0,97.43,36.0,1745.53515625,1816.29994238168
2026-07-21T04:11:41.284503+00:00,3845.0,35.0,97.53,36.0,1745.53515625,1816.6066009067
2026-07-21T04:11:41.608751+00:00,3845.0,36.0,97.43,36.0,1745.53515625,1816.9308469444513
2026-07-21T04:11:41.933162+00:00,3845.0,37.0,97.29,36.0,1745.546875,1817.2552600167692
2026-07-21T04:11:42.313270+00:00,3845.0,37.0,97.6,36.0,1745.55078125,1817.6353681199253
2026-07-21T04:11:42.683691+00:00,3845.0,33.0,97.7,36.0,1745.5625,1818.0057885535061
2026-07-21T04:11:42.990206+00:00,3845.0,25.0,97.01,36.0,1745.58203125,1818.3123038113117
2026-07-21T04:11:43.337250+00:00,3845.0,37.0,96.93,36.0,1745.59375,1818.6593474969268
2026-07-21T04:11:43.668091+00:00,3845.0,37.0,97.03,36.0,1745.59375,1818.9901892468333
2026-07-21T04:11:43.973143+00:00,3845.0,37.0,97.8,36.0,1745.59375,1819.295241046697
2026-07-21T04:11:44.298383+00:00,3845.0,38.0,97.53,36.0,1745.61328125,1819.6204810291529
2026-07-21T04:11:44.601236+00:00,3845.0,38.0,97.82,36.0,1745.61328125,1819.9233347922564
2026-07-21T04:11:44.923243+00:00,3845.0,37.0,98.01,36.0,1745.62890625,1820.2453414201736
2026-07-21T04:11:45.230570+00:00,3845.0,37.0,98.26,36.0,1745.62890625,1820.5526680499315
2026-07-21T04:11:45.574887+00:00,3845.0,36.0,98.14,36.0,1745.6484375,1820.8969853930175
2026-07-21T04:11:45.894983+00:00,3845.0,38.0,98.14,36.0,1745.6484375,1821.2170816734433
2026-07-21T04:11:46.224344+00:00,3845.0,37.0,98.05,36.0,1745.6484375,1821.5464421212673
2026-07-21T04:11:46.550864+00:00,3845.0,38.0,97.97,36.0,1745.67578125,1821.8729547783732
2026-07-21T04:11:46.875757+00:00,3845.0,37.0,97.05,36.0,1745.67578125,1822.197852090001
2026-07-21T04:11:47.325265+00:00,3845.0,38.0,96.56,36.0,1745.68359375,1822.6473630741239
2026-07-21T04:11:47.677601+00:00,3845.0,37.0,95.36,36.0,1745.68359375,1822.9996992461383
2026-07-21T04:11:48.004934+00:00,3845.0,37.0,96.12,36.0,1745.68359375,1823.3270317688584
2026-07-21T04:11:48.336178+00:00,3845.0,37.0,97.6,36.0,1745.68359375,1823.6582762300968
2026-07-21T04:11:48.664612+00:00,3845.0,37.0,97.78,36.0,1745.68359375,1823.9867092445493
2026-07-21T04:11:48.993138+00:00,3845.0,37.0,97.7,36.0,1745.68359375,1824.315235413611
2026-07-21T04:11:49.326143+00:00,3845.0,38.0,97.59,36.0,1745.68359375,1824.6482403688133
2026-07-21T04:11:49.652643+00:00,3845.0,38.0,97.58,36.0,1745.68359375,1824.9747404828668
2026-07-21T04:11:49.958772+00:00,3845.0,37.0,97.54,36.0,1745.68359375,1825.2808697633445
2026-07-21T04:11:50.288888+00:00,3845.0,38.0,97.67,36.0,1745.68359375,1825.6109856702387
2026-07-21T04:11:50.595252+00:00,3845.0,38.0,97.94,36.0,1745.68359375,1825.9173502847552
2026-07-21T04:11:50.924472+00:00,3845.0,37.0,98.41,36.0,1745.68359375,1826.2465705759823
2026-07-21T04:11:51.252920+00:00,3845.0,38.0,98.33,36.0,1745.68359375,1826.5750181302428
2026-07-21T04:11:51.557062+00:00,3845.0,28.0,97.88,36.0,1745.71484375,1826.8791600093246
2026-07-21T04:11:51.881906+00:00,3845.0,37.0,97.42,36.0,1745.71484375,1827.2040034420788
2026-07-21T04:11:52.259723+00:00,3845.0,37.0,97.51,36.0,1745.71484375,1827.5818217135966
2026-07-21T04:11:52.589604+00:00,3845.0,37.0,98.02,36.0,1745.71484375,1827.9117025919259
2026-07-21T04:11:52.913111+00:00,3845.0,38.0,98.06,36.0,1745.71484375,1828.2352089360356
2026-07-21T04:11:53.287572+00:00,3845.0,38.0,97.96,36.0,1745.71484375,1828.6096701100469
2026-07-21T04:11:53.659867+00:00,3845.0,37.0,98.27,36.0,1745.71484375,1828.9819647446275
2026-07-21T04:11:53.989370+00:00,3845.0,38.0,98.46,36.0,1745.71484375,1829.311467602849
2026-07-21T04:11:54.295231+00:00,3845.0,37.0,98.24,36.0,1745.71484375,1829.6173297092319
2026-07-21T04:11:54.625147+00:00,3845.0,37.0,98.22,36.0,1745.71484375,1829.9472452029586
2026-07-21T04:11:54.953065+00:00,3845.0,37.0,98.12,36.0,1745.71484375,1830.275163616985
2026-07-21T04:11:55.303610+00:00,3845.0,38.0,98.02,36.0,1745.71484375,1830.62570797652
2026-07-21T04:11:55.683077+00:00,3845.0,37.0,98.25,36.0,1745.71484375,1831.0051754899323
2026-07-21T04:11:56.056601+00:00,3845.0,36.0,98.31,36.0,1745.71484375,1831.3786984570324
2026-07-21T04:11:56.388732+00:00,3845.0,37.0,98.18,36.0,1745.71484375,1831.7108292542398
2026-07-21T04:11:56.717800+00:00,3845.0,37.0,97.98,36.0,1745.71484375,1832.0398980528116
2026-07-21T04:11:57.063797+00:00,3845.0,33.0,97.5,36.0,1745.71484375,1832.3858950808644
2026-07-21T04:11:57.388548+00:00,3845.0,36.0,97.7,36.0,1745.71484375,1832.7106459066272
2026-07-21T04:11:57.713698+00:00,3845.0,38.0,97.84,36.0,1745.71484375,1833.0357960611582
2026-07-21T04:11:58.131252+00:00,3845.0,20.0,97.88,36.0,1745.734375,1833.4533490501344
2026-07-21T04:11:58.466162+00:00,3845.0,36.0,97.44,36.0,1745.734375,1833.7882594428957
2026-07-21T04:11:58.797643+00:00,3845.0,36.0,97.0,36.0,1745.734375,1834.1197405159473
2026-07-21T04:11:59.127156+00:00,3845.0,37.0,97.27,36.0,1745.734375,1834.449254207313
2026-07-21T04:11:59.460248+00:00,3845.0,36.0,96.99,36.0,1745.734375,1834.782346047461
2026-07-21T04:11:59.835007+00:00,3845.0,38.0,97.09,36.0,1745.734375,1835.157105281949
2026-07-21T04:12:00.139268+00:00,3845.0,37.0,97.34,36.0,1745.734375,1835.4613657519221
2026-07-21T04:12:00.467837+00:00,3845.0,37.0,97.79,36.0,1745.734375,1835.7899360768497
2026-07-21T04:12:00.792885+00:00,3845.0,38.0,97.8,36.0,1745.734375,1836.114983331412
2026-07-21T04:12:01.123796+00:00,3845.0,38.0,97.82,36.0,1745.734375,1836.445893228054
2026-07-21T04:12:01.479939+00:00,3845.0,38.0,97.79,36.0,1745.734375,1836.8020367398858
2026-07-21T04:12:01.785873+00:00,3845.0,38.0,98.18,36.0,1745.734375,1837.1079711988568
2026-07-21T04:12:02.127575+00:00,3845.0,37.0,98.36,36.0,1745.734375,1837.4496727995574
2026-07-21T04:12:02.452702+00:00,3845.0,38.0,98.36,36.0,1745.734375,1837.7748003043234
2026-07-21T04:12:02.781686+00:00,3845.0,37.0,98.06,36.0,1745.734375,1838.1037831939757
2026-07-21T04:12:03.111154+00:00,3845.0,38.0,98.17,36.0,1745.734375,1838.43325240165
2026-07-21T04:12:03.446980+00:00,3845.0,37.0,98.18,36.0,1745.734375,1838.7690781652927
2026-07-21T04:12:03.777223+00:00,3845.0,38.0,98.22,36.0,1745.734375,1839.0993209443986
2026-07-21T04:12:04.109997+00:00,3845.0,37.0,98.23,36.0,1745.734375,1839.432094272226
2026-07-21T04:12:04.459454+00:00,3845.0,38.0,98.32,36.0,1745.734375,1839.7815516628325
2026-07-21T04:12:04.823042+00:00,3845.0,37.0,98.72,36.0,1745.734375,1840.1451404094696
2026-07-21T04:12:05.127122+00:00,3845.0,38.0,98.59,36.0,1745.734375,1840.4492205642164
2026-07-21T04:12:05.456474+00:00,3845.0,38.0,98.44,36.0,1745.734375,1840.778573025018
2026-07-21T04:12:05.764945+00:00,3845.0,38.0,98.37,36.0,1745.734375,1841.0870437026024
2026-07-21T04:12:06.160234+00:00,3845.0,23.0,97.61,36.0,1745.7578125,1841.4823305606842
2026-07-21T04:12:06.488605+00:00,3845.0,38.0,97.51,36.0,1745.7578125,1841.8107025250793
2026-07-21T04:12:06.812590+00:00,3845.0,37.0,97.25,36.0,1745.7578125,1842.1346881501377
2026-07-21T04:12:07.140646+00:00,3845.0,37.0,97.91,36.0,1745.7578125,1842.4627438224852
2026-07-21T04:12:07.472960+00:00,3845.0,37.0,97.81,36.0,1745.7578125,1842.795058671385
2026-07-21T04:12:07.800807+00:00,3845.0,38.0,97.92,36.0,1745.7578125,1843.1229037567973
2026-07-21T04:12:08.175372+00:00,3845.0,37.0,97.82,36.0,1745.7578125,1843.4974698983133
2026-07-21T04:12:08.481614+00:00,3845.0,38.0,97.77,36.0,1745.7578125,1843.8037126101553
2026-07-21T04:12:08.831544+00:00,3845.0,38.0,97.58,36.0,1745.7578125,1844.1536430604756
2026-07-21T04:12:09.183377+00:00,3845.0,38.0,97.5,36.0,1745.7578125,1844.5054747983813
2026-07-21T04:12:09.512365+00:00,3845.0,37.0,98.04,36.0,1745.7578125,1844.8344627134502
2026-07-21T04:12:09.843924+00:00,3845.0,37.0,98.31,36.0,1745.7578125,1845.1660223603249
2026-07-21T04:12:10.167610+00:00,3845.0,37.0,98.22,36.0,1745.7578125,1845.4897081702948
2026-07-21T04:12:10.496563+00:00,3845.0,38.0,97.99,36.0,1745.7578125,1845.8186600096524
2026-07-21T04:12:10.818655+00:00,3845.0,37.0,97.96,36.0,1745.7578125,1846.140752978623
2026-07-21T04:12:11.169478+00:00,3845.0,38.0,97.77,36.0,1745.7578125,1846.49157577008
2026-07-21T04:12:11.543347+00:00,3845.0,38.0,98.31,36.0,1745.7578125,1846.8654450252652
2026-07-21T04:12:11.868825+00:00,3845.0,37.0,98.4,36.0,1745.7578125,1847.190923307091
2026-07-21T04:12:12.215346+00:00,3845.0,37.0,98.52,36.0,1745.7578125,1847.5374441109598
2026-07-21T04:12:12.541340+00:00,3845.0,37.0,98.46,36.0,1745.7578125,1847.8634384498
2026-07-21T04:12:12.886272+00:00,3845.0,38.0,98.2,36.0,1745.7578125,1848.2083691209555
2026-07-21T04:12:13.209479+00:00,3845.0,37.0,98.21,36.0,1745.7578125,1848.5315769463778
2026-07-21T04:12:13.556957+00:00,3845.0,37.0,98.05,36.0,1745.7578125,1848.87905369699
2026-07-21T04:12:13.885419+00:00,3845.0,38.0,98.01,36.0,1745.7578125,1849.2075175754726
2026-07-21T04:12:14.240649+00:00,3845.0,37.0,97.11,36.0,1745.78125,1849.5627467520535
2026-07-21T04:12:14.569329+00:00,3845.0,35.0,96.7,36.0,1745.78125,1849.891426730901
2026-07-21T04:12:14.943095+00:00,3845.0,36.0,96.83,36.0,1745.78125,1850.2651935443282
2026-07-21T04:12:15.273045+00:00,3845.0,37.0,97.35,36.0,1745.78125,1850.5951427295804
2026-07-21T04:12:15.646959+00:00,3845.0,37.0,97.89,36.0,1745.78125,1850.969057150185
2026-07-21T04:12:15.975632+00:00,3845.0,36.0,97.32,35.0,1745.78125,1851.2977281846106
2026-07-21T04:12:16.282059+00:00,3845.0,37.0,97.42,35.0,1745.78125,1851.6041573286057
2026-07-21T04:12:16.613308+00:00,3845.0,37.0,97.38,36.0,1745.78125,1851.9354057498276
2026-07-21T04:12:16.940952+00:00,3845.0,37.0,97.57,36.0,1745.78125,1852.2630501762033
2026-07-21T04:12:17.268513+00:00,3845.0,38.0,97.49,36.0,1745.78125,1852.590610627085
2026-07-21T04:12:17.592840+00:00,3845.0,38.0,97.62,35.0,1745.78125,1852.9149382449687
2026-07-21T04:12:17.935241+00:00,3845.0,37.0,97.76,35.0,1745.78125,1853.2573393285275
2026-07-21T04:12:18.261100+00:00,3845.0,37.0,97.91,35.0,1745.78125,1853.583195168525
2026-07-21T04:12:18.627885+00:00,3845.0,37.0,97.54,35.0,1745.78125,1853.9499825686216
2026-07-21T04:12:18.972939+00:00,3845.0,12.0,96.68,36.0,1745.796875,1854.2950360253453
2026-07-21T04:12:19.297105+00:00,3845.0,37.0,96.58,35.0,1745.796875,1854.6192039735615
2026-07-21T04:12:19.603355+00:00,3845.0,37.0,96.69,35.0,1745.796875,1854.9254534691572
2026-07-21T04:12:19.975914+00:00,3845.0,38.0,97.75,35.0,1745.796875,1855.2980125844479
2026-07-21T04:12:20.322607+00:00,3845.0,37.0,97.85,35.0,1745.796875,1855.6447059847414
2026-07-21T04:12:20.628278+00:00,3845.0,37.0,97.8,35.0,1745.796875,1855.9503766857088
2026-07-21T04:12:20.957131+00:00,3845.0,37.0,97.49,35.0,1745.796875,1856.2792296782136
2026-07-21T04:12:21.303399+00:00,3845.0,38.0,97.55,35.0,1745.796875,1856.6254970133305
2026-07-21T04:12:21.629992+00:00,3845.0,37.0,97.43,35.0,1745.796875,1856.9520900659263
2026-07-21T04:12:21.953203+00:00,3845.0,37.0,97.6,35.0,1745.796875,1857.2753010690212
2026-07-21T04:12:22.283366+00:00,3845.0,37.0,97.6,35.0,1745.796875,1857.6054639071226
2026-07-21T04:12:22.608872+00:00,3845.0,38.0,97.48,35.0,1745.796875,1857.9309704974294
2026-07-21T04:12:22.915061+00:00,3845.0,36.0,97.51,35.0,1745.796875,1858.2371601723135
2026-07-21T04:12:23.247192+00:00,3845.0,37.0,97.6,35.0,1745.796875,1858.5692907385528
2026-07-21T04:12:23.598985+00:00,3845.0,37.0,97.99,35.0,1745.796875,1858.9210828021169
2026-07-21T04:12:23.928755+00:00,3845.0,38.0,98.18,35.0,1745.796875,1859.2508532740176
2026-07-21T04:12:24.299586+00:00,3845.0,36.0,98.51,35.0,1745.796875,1859.6216842085123
2026-07-21T04:12:24.629475+00:00,3845.0,37.0,98.34,35.0,1745.796875,1859.9515729285777
2026-07-21T04:12:24.938585+00:00,3845.0,37.0,98.22,35.0,1745.796875,1860.2606837823987
2026-07-21T04:12:25.287000+00:00,3845.0,37.0,98.35,35.0,1745.796875,1860.6090986691415
2026-07-21T04:12:25.592832+00:00,3845.0,38.0,98.11,35.0,1745.796875,1860.914930779487
2026-07-21T04:12:25.921149+00:00,3845.0,37.0,98.22,35.0,1745.796875,1861.2432473264635
2026-07-21T04:12:26.248740+00:00,3845.0,37.0,98.35,35.0,1745.796875,1861.5708382725716
2026-07-21T04:12:26.619092+00:00,3845.0,38.0,98.33,35.0,1745.796875,1861.9411898255348
2026-07-21T04:12:27.014997+00:00,3845.0,7.0,98.07,36.0,1745.8203125,1862.3370951451361
2026-07-21T04:12:27.349977+00:00,3845.0,37.0,97.79,35.0,1745.8203125,1862.672075677663
2026-07-21T04:12:27.676972+00:00,3845.0,38.0,97.36,35.0,1745.8203125,1862.9990704022348
2026-07-21T04:12:28.000944+00:00,3845.0,38.0,97.68,35.0,1745.8203125,1863.323042690754
2026-07-21T04:12:28.329210+00:00,3845.0,37.0,97.66,35.0,1745.8203125,1863.6513081975281
2026-07-21T04:12:28.676378+00:00,3845.0,37.0,97.71,35.0,1745.8203125,1863.9984763041139
2026-07-21T04:12:29.051855+00:00,3845.0,37.0,98.24,35.0,1745.8203125,1864.3739528730512
2026-07-21T04:12:29.380927+00:00,3845.0,37.0,98.05,35.0,1745.8203125,1864.7030252330005
2026-07-21T04:12:29.705151+00:00,3845.0,36.0,97.56,35.0,1745.8203125,1865.0272494889796
2026-07-21T04:12:30.082487+00:00,3845.0,38.0,97.72,35.0,1745.8203125,1865.4045846574008
2026-07-21T04:12:30.388533+00:00,3845.0,37.0,97.82,35.0,1745.8203125,1865.7106316499412
2026-07-21T04:12:30.742560+00:00,3845.0,37.0,98.04,35.0,1745.8203125,1866.0646582432091
2026-07-21T04:12:31.073709+00:00,3845.0,30.0,96.82,35.0,1745.8359375,1866.3958062455058
2026-07-21T04:12:31.401074+00:00,3845.0,37.0,96.7,35.0,1745.8359375,1866.7231727428734
2026-07-21T04:12:31.752725+00:00,3845.0,36.0,96.78,35.0,1745.8359375,1867.0748238675296
2026-07-21T04:12:32.081211+00:00,3845.0,38.0,97.41,35.0,1745.8359375,1867.403308749199
2026-07-21T04:12:32.430085+00:00,3845.0,37.0,97.74,35.0,1745.8359375,1867.7521830946207
2026-07-21T04:12:32.752440+00:00,3845.0,36.0,97.24,35.0,1745.8359375,1868.0745386853814
2026-07-21T04:12:33.085331+00:00,3845.0,38.0,97.56,35.0,1745.8359375,1868.4074295461178
2026-07-21T04:12:33.463091+00:00,3845.0,36.0,97.57,35.0,1745.8359375,1868.7851886972785
2026-07-21T04:12:33.792810+00:00,3845.0,37.0,97.71,35.0,1745.8359375,1869.1149070113897
2026-07-21T04:12:34.140116+00:00,3845.0,36.0,97.74,35.0,1745.8359375,1869.4622140973806
2026-07-21T04:12:34.491951+00:00,3845.0,36.0,97.43,35.0,1745.8359375,1869.8140489943326
2026-07-21T04:12:34.843600+00:00,3845.0,36.0,96.41,35.0,1745.8359375,1870.1656980253756
2026-07-21T04:12:35.175225+00:00,3845.0,35.0,96.15,35.0,1745.8359375,1870.4973235614598
2026-07-21T04:12:35.508450+00:00,3845.0,37.0,95.64,35.0,1745.8359375,1870.8305483795702
2026-07-21T04:12:35.837042+00:00,3845.0,33.0,95.87,35.0,1745.8359375,1871.1591398827732
2026-07-21T04:12:36.161288+00:00,3845.0,36.0,96.21,35.0,1745.8359375,1871.4833862185478
2026-07-21T04:12:36.484816+00:00,3845.0,38.0,96.46,35.0,1745.8359375,1871.8069145679474
2026-07-21T04:12:36.855108+00:00,3845.0,37.0,97.76,35.0,1745.8359375,1872.1772053353488
2026-07-21T04:12:37.211788+00:00,3845.0,35.0,98.25,35.0,1745.8359375,1872.5338857360184
2026-07-21T04:12:37.537976+00:00,3845.0,36.0,98.31,35.0,1745.8359375,1872.860073722899
2026-07-21T04:12:37.869060+00:00,3845.0,36.0,98.24,35.0,1745.8359375,1873.1911581754684
2026-07-21T04:12:38.216845+00:00,3845.0,37.0,98.15,35.0,1745.8359375,1873.5389430299401
2026-07-21T04:12:38.545939+00:00,3845.0,37.0,98.21,35.0,1745.8359375,1873.868037585169
2026-07-21T04:12:38.877484+00:00,3845.0,37.0,98.09,35.0,1745.8359375,1874.199581231922
2026-07-21T04:12:39.285422+00:00,3845.0,29.0,97.85,35.0,1745.8359375,1874.6075191609561
2026-07-21T04:12:39.617066+00:00,3845.0,36.0,97.07,35.0,1745.859375,1874.9391641542315
2026-07-21T04:12:39.987739+00:00,3845.0,36.0,96.58,35.0,1745.859375,1875.309837296605
2026-07-21T04:12:40.338111+00:00,3845.0,36.0,97.32,35.0,1745.859375,1875.6602093689144
2026-07-21T04:12:40.691686+00:00,3845.0,36.0,97.43,35.0,1745.859375,1876.0137838423252
2026-07-21T04:12:41.025220+00:00,3845.0,36.0,97.24,35.0,1745.859375,1876.3473180159926
2026-07-21T04:12:41.398195+00:00,3845.0,36.0,97.35,35.0,1745.859375,1876.7202935479581
2026-07-21T04:12:41.730325+00:00,3845.0,36.0,97.12,35.0,1745.859375,1877.0524229332805
2026-07-21T04:12:42.079825+00:00,3845.0,35.0,97.31,35.0,1745.859375,1877.4019217714667
2026-07-21T04:12:42.409371+00:00,3845.0,36.0,97.03,35.0,1745.859375,1877.731468271464
2026-07-21T04:12:42.787956+00:00,3845.0,36.0,96.44,35.0,1745.875,1878.1100540049374
2026-07-21T04:12:43.116075+00:00,3845.0,35.0,96.2,35.0,1745.875,1878.4381727650762
2026-07-21T04:12:43.466414+00:00,3845.0,23.0,95.08,35.0,1745.875,1878.788511812687
2026-07-21T04:12:43.820145+00:00,3845.0,37.0,95.62,35.0,1745.875,1879.1422426365316
2026-07-21T04:12:44.166533+00:00,3845.0,36.0,96.17,35.0,1745.875,1879.4886314421892
2026-07-21T04:12:44.518958+00:00,3845.0,35.0,97.5,35.0,1745.875,1879.841056395322
2026-07-21T04:12:44.890804+00:00,3845.0,36.0,97.63,35.0,1745.875,1880.2129017673433
2026-07-21T04:12:45.221052+00:00,3845.0,36.0,97.67,35.0,1745.875,1880.5431505851448
2026-07-21T04:12:45.553848+00:00,3845.0,35.0,97.67,35.0,1745.875,1880.8759455382824
2026-07-21T04:12:45.881694+00:00,3845.0,29.0,96.42,35.0,1745.88671875,1881.2037918195128
2026-07-21T04:12:46.255565+00:00,3845.0,35.0,96.41,35.0,1745.88671875,1881.5776623003185
2026-07-21T04:12:46.583761+00:00,3845.0,37.0,96.21,35.0,1745.88671875,1881.9058593474329
2026-07-21T04:12:46.913018+00:00,3845.0,36.0,97.09,35.0,1745.88671875,1882.2351160645485
2026-07-21T04:12:47.282622+00:00,3845.0,35.0,96.86,35.0,1745.88671875,1882.6047198958695
2026-07-21T04:12:47.638313+00:00,3845.0,35.0,97.08,35.0,1745.88671875,1882.9604115709662
2026-07-21T04:12:48.012108+00:00,3845.0,36.0,97.87,35.0,1745.88671875,1883.3342058174312
2026-07-21T04:12:48.342559+00:00,3845.0,35.0,97.29,35.0,1745.90234375,1883.6646572872996
2026-07-21T04:12:48.673131+00:00,3845.0,36.0,96.68,35.0,1745.90234375,1883.99522857368
2026-07-21T04:12:49.027764+00:00,3845.0,35.0,96.46,35.0,1745.90234375,1884.3498625941575
2026-07-21T04:12:49.381369+00:00,3845.0,35.0,97.15,35.0,1745.90234375,1884.7034673132002
2026-07-21T04:12:49.709233+00:00,3845.0,36.0,97.0,35.0,1745.90234375,1885.0313315987587
2026-07-21T04:12:50.069914+00:00,3845.0,35.0,96.96,35.0,1745.90234375,1885.3920110799372
2026-07-21T04:12:50.400901+00:00,3845.0,36.0,96.96,35.0,1745.90234375,1885.7229997813702
2026-07-21T04:12:50.776039+00:00,3845.0,34.0,97.22,35.0,1745.90234375,1886.0981359519064
2026-07-21T04:12:51.110600+00:00,3845.0,35.0,97.38,35.0,1745.90234375,1886.4326986894011
2026-07-21T04:12:51.444357+00:00,3845.0,38.0,97.69,35.0,1745.90234375,1886.7664543688297
2026-07-21T04:12:51.816423+00:00,3845.0,36.0,96.79,35.0,1745.90234375,1887.1385214328766
2026-07-21T04:12:52.148350+00:00,3845.0,36.0,96.71,35.0,1745.91796875,1887.4704484976828
2026-07-21T04:12:52.479290+00:00,3845.0,35.0,96.4,35.0,1745.91796875,1887.8013884872198
2026-07-21T04:12:52.858268+00:00,3845.0,36.0,97.62,35.0,1745.91796875,1888.1803665682673
2026-07-21T04:12:53.232119+00:00,3845.0,35.0,97.21,35.0,1745.91796875,1888.5542172007263
2026-07-21T04:12:53.560789+00:00,3845.0,36.0,97.17,35.0,1745.91796875,1888.882887352258
2026-07-21T04:12:53.889352+00:00,3845.0,36.0,97.06,35.0,1745.91796875,1889.2114508002996
2026-07-21T04:12:54.222270+00:00,3845.0,37.0,97.38,35.0,1745.91796875,1889.5443683303893
2026-07-21T04:12:54.552925+00:00,3845.0,36.0,97.46,35.0,1745.91796875,1889.8750234246254
2026-07-21T04:12:54.927117+00:00,3845.0,37.0,97.78,35.0,1745.91796875,1890.2492152005434
2026-07-21T04:12:55.256448+00:00,3845.0,35.0,97.49,35.0,1745.91796875,1890.5785464644432
2026-07-21T04:12:55.585682+00:00,3845.0,38.0,97.51,35.0,1745.91796875,1890.9077802039683
2026-07-21T04:12:55.935482+00:00,3845.0,37.0,97.4,35.0,1745.91796875,1891.257579535246
2026-07-21T04:12:56.265577+00:00,3845.0,13.0,96.64,35.0,1745.93359375,1891.5876743867993
2026-07-21T04:12:56.639705+00:00,3845.0,37.0,96.52,35.0,1745.93359375,1891.9618030562997
2026-07-21T04:12:57.011430+00:00,3845.0,37.0,96.94,35.0,1745.93359375,1892.3335264995694
2026-07-21T04:12:57.345525+00:00,3845.0,37.0,97.34,35.0,1745.93359375,1892.6676231399179
2026-07-21T04:12:57.677643+00:00,3845.0,35.0,97.15,35.0,1745.93359375,1892.9997410662472
2026-07-21T04:12:58.002956+00:00,3845.0,37.0,96.98,35.0,1745.93359375,1893.325053948909
2026-07-21T04:12:58.379340+00:00,3845.0,37.0,97.5,35.0,1745.93359375,1893.701437793672
2026-07-21T04:12:58.705099+00:00,3845.0,37.0,97.56,35.0,1745.93359375,1894.02719688043
2026-07-21T04:12:59.079822+00:00,3845.0,36.0,97.91,35.0,1745.93359375,1894.4019211381674
2026-07-21T04:12:59.440954+00:00,3845.0,37.0,97.77,35.0,1745.93359375,1894.7630521766841
2026-07-21T04:12:59.769480+00:00,3845.0,36.0,97.91,35.0,1745.93359375,1895.0915778800845
2026-07-21T04:13:00.152247+00:00,3845.0,36.0,97.45,35.0,1745.93359375,1895.474344264716
2026-07-21T04:13:00.491558+00:00,3845.0,30.0,95.83,35.0,1745.94921875,1895.8136559054255
2026-07-21T04:13:00.847784+00:00,3845.0,36.0,96.06,35.0,1745.94921875,1896.1698821857572
2026-07-21T04:13:01.181137+00:00,3845.0,36.0,96.74,35.0,1745.94921875,1896.5032351762056
2026-07-21T04:13:01.509128+00:00,3845.0,37.0,97.23,35.0,1745.94921875,1896.831225477159
2026-07-21T04:13:01.859728+00:00,3845.0,36.0,97.27,35.0,1745.94921875,1897.1818263195455
2026-07-21T04:13:02.187551+00:00,3845.0,37.0,97.19,35.0,1745.94921875,1897.5096487104893
2026-07-21T04:13:02.517907+00:00,3845.0,36.0,96.86,35.0,1745.94921875,1897.840005416423
2026-07-21T04:13:02.875195+00:00,3845.0,37.0,96.79,35.0,1745.94921875,1898.1972925439477
2026-07-21T04:13:03.205132+00:00,3845.0,36.0,96.99,35.0,1745.94921875,1898.5272297933698
2026-07-21T04:13:03.532889+00:00,3845.0,36.0,97.2,35.0,1745.94921875,1898.8549874536693
2026-07-21T04:13:03.883128+00:00,3845.0,35.0,97.27,35.0,1745.94921875,1899.2052239626646
2026-07-21T04:13:04.213129+00:00,3845.0,37.0,97.29,35.0,1745.94921875,1899.535226073116
2026-07-21T04:13:04.541901+00:00,3845.0,34.0,97.15,35.0,1745.94921875,1899.863998875022
2026-07-21T04:13:04.895531+00:00,3845.0,37.0,97.32,35.0,1745.94921875,1900.2176290042698
2026-07-21T04:13:05.272060+00:00,3845.0,35.0,97.87,35.0,1745.953125,1900.5941572785378
2026-07-21T04:13:05.600840+00:00,3845.0,37.0,98.03,35.0,1745.953125,1900.9229383543134
2026-07-21T04:13:05.932797+00:00,3845.0,37.0,97.82,35.0,1745.953125,1901.2548940591514
2026-07-21T04:13:06.291940+00:00,3845.0,11.0,96.93,35.0,1745.97265625,1901.6140370480716
2026-07-21T04:13:06.620902+00:00,3845.0,36.0,96.82,35.0,1745.97265625,1901.9430001080036
2026-07-21T04:13:06.970624+00:00,3845.0,37.0,96.67,35.0,1745.9765625,1902.2927223406732
2026-07-21T04:13:07.354339+00:00,3845.0,35.0,97.41,35.0,1745.9765625,1902.6764357760549
2026-07-21T04:13:07.703162+00:00,3845.0,37.0,97.7,35.0,1745.9765625,1903.0252580679953
2026-07-21T04:13:08.029211+00:00,3845.0,37.0,97.88,35.0,1745.9765625,1903.3513088785112
2026-07-21T04:13:08.371298+00:00,3845.0,36.0,97.5,35.0,1745.9765625,1903.6933952346444
2026-07-21T04:13:08.702450+00:00,3845.0,36.0,97.66,35.0,1745.9765625,1904.0245479382575
2026-07-21T04:13:09.056337+00:00,3845.0,36.0,97.57,35.0,1745.9765625,1904.3784349784255
2026-07-21T04:13:09.436654+00:00,3845.0,36.0,96.98,35.0,1745.98828125,1904.758751064539
2026-07-21T04:13:09.787583+00:00,3845.0,37.0,96.73,35.0,1745.98828125,1905.1096800528467
2026-07-21T04:13:10.116470+00:00,3845.0,36.0,96.73,35.0,1745.98828125,1905.43856728822
2026-07-21T04:13:10.473668+00:00,3845.0,35.0,97.18,35.0,1745.98828125,1905.795766029507
2026-07-21T04:13:10.830529+00:00,3845.0,37.0,97.57,35.0,1745.98828125,1906.152626208961
2026-07-21T04:13:11.161738+00:00,3845.0,35.0,97.17,35.0,1745.98828125,1906.483836028725
2026-07-21T04:13:11.515830+00:00,3845.0,37.0,97.15,35.0,1745.98828125,1906.8379280380905
2026-07-21T04:13:11.845127+00:00,3845.0,37.0,97.22,35.0,1745.98828125,1907.1672251820564
2026-07-21T04:13:12.172172+00:00,3845.0,37.0,97.55,35.0,1745.98828125,1907.4942687824368
2026-07-21T04:13:12.496852+00:00,3845.0,37.0,97.6,35.0,1745.98828125,1907.8189500942826
2026-07-21T04:13:12.824913+00:00,3845.0,37.0,97.89,35.0,1745.98828125,1908.1470104977489
2026-07-21T04:13:13.150907+00:00,3845.0,38.0,97.85,35.0,1745.9921875,1908.4730051495135
2026-07-21T04:13:13.477055+00:00,3845.0,17.0,97.05,35.0,1746.015625,1908.79915291816
2026-07-21T04:13:13.800659+00:00,3845.0,37.0,96.9,35.0,1746.01953125,1909.122756920755
2026-07-21T04:13:14.139407+00:00,3845.0,37.0,96.53,35.0,1746.01953125,1909.4615058265626
2026-07-21T04:13:14.475367+00:00,3845.0,37.0,97.18,35.0,1746.01953125,1909.7974649444222
2026-07-21T04:13:14.804576+00:00,3845.0,37.0,97.29,35.0,1746.01953125,1910.1266750730574
2026-07-21T04:13:15.148319+00:00,3845.0,37.0,97.51,35.0,1746.01953125,1910.4704174101353
2026-07-21T04:13:15.485353+00:00,3845.0,37.0,97.5,35.0,1746.0234375,1910.8074511289597
2026-07-21T04:13:15.813116+00:00,3845.0,37.0,97.38,35.0,1746.0234375,1911.1352144479752
2026-07-21T04:13:16.140546+00:00,3845.0,37.0,97.59,35.0,1746.0234375,1911.4626447930932
2026-07-21T04:13:16.476510+00:00,3845.0,37.0,97.63,35.0,1746.0234375,1911.7986080907285
2026-07-21T04:13:16.832212+00:00,3845.0,37.0,97.71,35.0,1746.02734375,1912.1543102227151
2026-07-21T04:13:17.138574+00:00,3845.0,38.0,97.64,35.0,1746.02734375,1912.4606725946069
2026-07-21T04:13:17.490860+00:00,3845.0,37.0,97.61,35.0,1746.02734375,1912.8129589483142
2026-07-21T04:13:17.817153+00:00,3845.0,37.0,97.57,35.0,1746.02734375,1913.1392513364553
2026-07-21T04:13:18.140692+00:00,3845.0,37.0,97.58,35.0,1746.02734375,1913.4627890214324
2026-07-21T04:13:18.503252+00:00,3845.0,35.0,97.31,35.0,1746.02734375,1913.8253492824733
2026-07-21T04:13:18.836235+00:00,3845.0,37.0,97.31,35.0,1746.04296875,1914.1583336293697
2026-07-21T04:13:19.164560+00:00,3845.0,37.0,97.45,35.0,1746.04296875,1914.4866583496332
2026-07-21T04:13:19.488164+00:00,3845.0,36.0,97.64,35.0,1746.04296875,1914.8102532848716
2026-07-21T04:13:19.794559+00:00,3845.0,37.0,97.79,35.0,1746.04296875,1915.1166552454233
2026-07-21T04:13:20.141609+00:00,3845.0,37.0,97.9,35.0,1746.04296875,1915.463706791401
2026-07-21T04:13:20.478703+00:00,3845.0,37.0,98.08,35.0,1746.04296875,1915.8008012995124
2026-07-21T04:13:20.808471+00:00,3845.0,38.0,97.99,35.0,1746.04296875,1916.130568884313
2026-07-21T04:13:21.155375+00:00,3845.0,37.0,98.05,35.0,1746.04296875,1916.4774726331234
2026-07-21T04:13:21.480567+00:00,3845.0,37.0,98.02,35.0,1746.04296875,1916.8026653081179
2026-07-21T04:13:21.808569+00:00,3845.0,38.0,98.0,35.0,1746.04296875,1917.130667090416
2026-07-21T04:13:22.140985+00:00,3845.0,37.0,98.01,35.0,1746.04296875,1917.4630823284388
2026-07-21T04:13:22.520272+00:00,3845.0,37.0,98.3,35.0,1746.04296875,1917.8423701711
2026-07-21T04:13:22.870847+00:00,3845.0,37.0,98.43,35.0,1746.04296875,1918.1929454021156
2026-07-21T04:13:23.203295+00:00,3845.0,37.0,98.34,35.0,1746.04296875,1918.5253929682076
2026-07-21T04:13:23.529093+00:00,3845.0,37.0,97.75,35.0,1746.04296875,1918.851190712303
2026-07-21T04:13:23.879410+00:00,3845.0,37.0,97.81,35.0,1746.04296875,1919.201508358121
2026-07-21T04:13:24.209187+00:00,3845.0,36.0,97.95,35.0,1746.04296875,1919.5312854498625
2026-07-21T04:13:24.560514+00:00,3845.0,38.0,98.21,35.0,1746.04296875,1919.882611900568
2026-07-21T04:13:24.892662+00:00,3845.0,36.0,98.32,35.0,1746.04296875,1920.2147608399391
2026-07-21T04:13:25.222369+00:00,3845.0,36.0,98.47,35.0,1746.04296875,1920.5444674417377
2026-07-21T04:13:25.571433+00:00,3845.0,37.0,98.31,35.0,1746.04296875,1920.8935310915112
2026-07-21T04:13:25.878997+00:00,3845.0,36.0,98.2,35.0,1746.046875,1921.2010959461331
2026-07-21T04:13:26.209414+00:00,3845.0,38.0,98.22,35.0,1746.046875,1921.531511876732
2026-07-21T04:13:26.541042+00:00,3845.0,26.0,98.06,35.0,1746.046875,1921.8631402514875
2026-07-21T04:13:26.869740+00:00,3845.0,13.0,96.14,35.0,1746.0546875,1922.191836513579
2026-07-21T04:13:27.203089+00:00,3845.0,36.0,95.79,35.0,1746.0546875,1922.5251700282097
2026-07-21T04:13:27.555531+00:00,3845.0,37.0,95.66,35.0,1746.05859375,1922.8776295296848
2026-07-21T04:13:27.884898+00:00,3845.0,35.0,97.18,35.0,1746.0625,1923.2069952599704
2026-07-21T04:13:28.208858+00:00,3845.0,37.0,97.02,35.0,1746.0625,1923.5309563353658
2026-07-21T04:13:28.536709+00:00,3845.0,37.0,97.04,35.0,1746.06640625,1923.8588077016175
2026-07-21T04:13:28.887279+00:00,3845.0,37.0,97.26,35.0,1746.078125,1924.2093773074448
2026-07-21T04:13:29.197322+00:00,3845.0,36.0,97.16,35.0,1746.08203125,1924.51942050457
2026-07-21T04:13:29.525510+00:00,3845.0,38.0,97.36,35.0,1746.08203125,1924.8476074934006
2026-07-21T04:13:29.881204+00:00,3845.0,10.0,96.68,35.0,1746.0859375,1925.2033013030887
2026-07-21T04:13:30.188106+00:00,3845.0,36.0,96.86,35.0,1746.08984375,1925.5102045163512
2026-07-21T04:13:30.495672+00:00,3845.0,37.0,96.81,35.0,1746.08984375,1925.8177699409425
2026-07-21T04:13:30.824677+00:00,3845.0,37.0,97.36,35.0,1746.09375,1926.1467748358846
2026-07-21T04:13:31.171591+00:00,3845.0,36.0,97.52,35.0,1746.09375,1926.4936893098056
2026-07-21T04:13:31.477826+00:00,3845.0,37.0,97.37,35.0,1746.09375,1926.7999236099422
2026-07-21T04:13:31.809027+00:00,3845.0,37.0,97.3,35.0,1746.09375,1927.131124816835
2026-07-21T04:13:32.136494+00:00,3845.0,37.0,97.28,35.0,1746.09765625,1927.4585918821394
2026-07-21T04:13:32.483215+00:00,3845.0,37.0,97.52,35.0,1746.1015625,1927.8053137809038
2026-07-21T04:13:32.834752+00:00,3845.0,37.0,97.42,35.0,1746.1015625,1928.1568497605622
2026-07-21T04:13:33.183425+00:00,3845.0,37.0,97.95,35.0,1746.1015625,1928.5055224709213
2026-07-21T04:13:33.531123+00:00,3845.0,37.0,97.72,35.0,1746.1015625,1928.8532210625708
2026-07-21T04:13:33.860971+00:00,3845.0,36.0,97.83,35.0,1746.109375,1929.1830688789487
2026-07-21T04:13:34.191245+00:00,3845.0,21.0,96.84,35.0,1748.36328125,1929.5133423507214
2026-07-21T04:13:34.520872+00:00,3845.0,36.0,96.72,35.0,1748.36328125,1929.8429700434208
2026-07-21T04:13:34.848563+00:00,3845.0,36.0,96.43,35.0,1748.37109375,1930.1706608645618
2026-07-21T04:13:35.171522+00:00,3845.0,37.0,97.13,35.0,1748.37109375,1930.4936192259192
2026-07-21T04:13:35.501130+00:00,3845.0,37.0,96.89,35.0,1748.37109375,1930.823228482157
2026-07-21T04:13:35.850434+00:00,3845.0,37.0,96.82,35.0,1748.37109375,1931.1725320704281
2026-07-21T04:13:36.203314+00:00,3845.0,36.0,96.88,35.0,1748.375,1931.5254126414657
2026-07-21T04:13:36.532344+00:00,3845.0,37.0,97.21,35.0,1748.375,1931.8544416166842
2026-07-21T04:13:36.886711+00:00,3845.0,37.0,97.55,35.0,1748.37890625,1932.208808593452
2026-07-21T04:13:37.243476+00:00,3845.0,37.0,97.52,35.0,1748.37890625,1932.5655733533204
2026-07-21T04:13:37.619122+00:00,3845.0,36.0,97.25,35.0,1748.38671875,1932.9412191212177
2026-07-21T04:13:37.945042+00:00,3845.0,37.0,97.37,35.0,1748.38671875,1933.267140597105
2026-07-21T04:13:38.272764+00:00,3845.0,36.0,97.41,35.0,1748.38671875,1933.5948619320989
2026-07-21T04:13:38.601618+00:00,3845.0,37.0,97.57,35.0,1748.39453125,1933.9237162582576
2026-07-21T04:13:38.932659+00:00,3845.0,37.0,97.6,35.0,1748.39453125,1934.254756309092
2026-07-21T04:13:39.256731+00:00,3845.0,37.0,97.65,35.0,1748.3984375,1934.5788282081485
2026-07-21T04:13:39.584476+00:00,3845.0,37.0,97.72,35.0,1748.3984375,1934.9065736494958
2026-07-21T04:13:39.935402+00:00,3845.0,37.0,97.82,35.0,1748.41015625,1935.2574995793402
2026-07-21T04:13:40.287035+00:00,3845.0,36.0,97.89,35.0,1748.41015625,1935.6091336011887
2026-07-21T04:13:40.672429+00:00,3845.0,35.0,97.56,35.0,1748.41796875,1935.9945266097784
2026-07-21T04:13:41.004745+00:00,3845.0,37.0,97.25,35.0,1748.4453125,1936.326842918992
2026-07-21T04:13:41.328505+00:00,3845.0,37.0,96.67,35.0,1748.44921875,1936.65060287714
2026-07-21T04:13:41.679493+00:00,3845.0,37.0,97.0,35.0,1748.453125,1937.0015909522772
2026-07-21T04:13:42.027725+00:00,3845.0,37.0,96.82,35.0,1748.453125,1937.3498230911791
2026-07-21T04:13:42.356044+00:00,3845.0,37.0,96.91,35.0,1748.46484375,1937.678142439574
2026-07-21T04:13:42.706924+00:00,3845.0,36.0,96.88,35.0,1748.46484375,1938.0290222540498
2026-07-21T04:13:43.055323+00:00,3845.0,36.0,96.84,35.0,1748.4765625,1938.377420693636
2026-07-21T04:13:43.384980+00:00,3845.0,37.0,97.41,35.0,1748.4765625,1938.7070772498846
2026-07-21T04:13:43.716773+00:00,3845.0,38.0,96.86,35.0,1748.48046875,1939.0388718880713
2026-07-21T04:13:44.067323+00:00,3845.0,36.0,96.42,35.0,1748.48828125,1939.389420941472
2026-07-21T04:13:44.418460+00:00,3845.0,6.0,95.65,35.0,1748.5078125,1939.7405578233302
2026-07-21T04:13:44.748283+00:00,3845.0,37.0,96.21,35.0,1748.51171875,1940.0703810043633
2026-07-21T04:13:45.100293+00:00,3845.0,36.0,96.36,35.0,1748.51171875,1940.4223903529346
2026-07-21T04:13:45.426881+00:00,3845.0,37.0,96.85,35.0,1748.53515625,1940.7489791922271
2026-07-21T04:13:45.771569+00:00,3845.0,37.0,97.13,35.0,1748.53515625,1941.093667652458
2026-07-21T04:13:46.143545+00:00,3845.0,36.0,97.32,35.0,1748.5390625,1941.4656430184841
2026-07-21T04:13:46.471890+00:00,3845.0,37.0,97.5,35.0,1748.546875,1941.7939867712557
2026-07-21T04:13:46.797309+00:00,3845.0,37.0,97.26,35.0,1748.546875,1942.1194070652127
2026-07-21T04:13:47.109047+00:00,3845.0,37.0,97.26,35.0,1748.5625,1942.4311450272799
2026-07-21T04:13:47.436830+00:00,3845.0,37.0,97.4,35.0,1748.5625,1942.7589275538921
2026-07-21T04:13:47.765639+00:00,3845.0,37.0,97.21,35.0,1748.5703125,1943.0877363048494
2026-07-21T04:13:48.073813+00:00,3845.0,37.0,97.38,35.0,1748.5703125,1943.3959111645818
2026-07-21T04:13:48.427421+00:00,3845.0,35.0,97.33,35.0,1748.57421875,1943.749519817531
2026-07-21T04:13:48.752768+00:00,3845.0,36.0,96.84,35.0,1748.609375,1944.0748648494482
2026-07-21T04:13:49.109527+00:00,3845.0,37.0,96.73,35.0,1748.609375,1944.4316240400076
2026-07-21T04:13:49.595321+00:00,3845.0,0.0,95.49,35.0,1748.6171875,1944.9174194149673
2026-07-21T04:13:49.924224+00:00,3845.0,38.0,95.3,35.0,1748.6171875,1945.246321618557
2026-07-21T04:13:50.249281+00:00,3845.0,37.0,95.46,35.0,1748.6171875,1945.5713786520064
2026-07-21T04:13:50.577214+00:00,3845.0,37.0,97.31,35.0,1748.6171875,1945.8993109948933
2026-07-21T04:13:50.885160+00:00,3845.0,37.0,97.47,35.0,1748.6171875,1946.2072584442794
2026-07-21T04:13:51.212400+00:00,3845.0,37.0,97.38,35.0,1748.6171875,1946.5344975553453
2026-07-21T04:13:51.559354+00:00,3845.0,36.0,97.41,35.0,1748.6171875,1946.8814526833594
2026-07-21T04:13:51.869352+00:00,3845.0,37.0,97.25,35.0,1748.6171875,1947.1914497092366
2026-07-21T04:13:52.176662+00:00,3845.0,37.0,97.49,35.0,1748.6171875,1947.49876068905
2026-07-21T04:13:52.552096+00:00,3845.0,38.0,97.38,35.0,1748.6171875,1947.8741939999163
2026-07-21T04:13:52.858736+00:00,3845.0,37.0,97.55,35.0,1748.6171875,1948.1808341927826
2026-07-21T04:13:53.188526+00:00,3845.0,37.0,97.59,35.0,1748.6171875,1948.5106239654124
2026-07-21T04:13:53.516861+00:00,3845.0,38.0,97.6,35.0,1748.6171875,1948.8389590010047
2026-07-21T04:13:53.844800+00:00,3845.0,38.0,97.64,35.0,1748.6171875,1949.1668983250856
2026-07-21T04:13:54.174808+00:00,3845.0,37.0,97.68,35.0,1748.6171875,1949.4969048537314
2026-07-21T04:13:54.524305+00:00,3845.0,37.0,97.73,35.0,1748.6171875,1949.846402976662
2026-07-21T04:13:54.871634+00:00,3845.0,37.0,97.61,35.0,1748.6171875,1950.1937324739993
2026-07-21T04:13:55.178683+00:00,3845.0,37.0,97.5,35.0,1748.6171875,1950.5007811710238
2026-07-21T04:13:55.530843+00:00,3845.0,38.0,97.51,35.0,1748.6171875,1950.8529409095645
2026-07-21T04:13:55.861712+00:00,3845.0,37.0,97.76,35.0,1748.6171875,1951.1838099882007
2026-07-21T04:13:56.169348+00:00,3845.0,37.0,97.83,35.0,1748.6171875,1951.4914463087916
2026-07-21T04:13:56.500592+00:00,3845.0,38.0,97.97,35.0,1748.6171875,1951.8226905204356
2026-07-21T04:13:56.888998+00:00,3845.0,11.0,97.53,35.0,1748.640625,1952.2110955044627
2026-07-21T04:13:57.224852+00:00,3845.0,37.0,97.62,35.0,1748.640625,1952.5469495095313
2026-07-21T04:13:57.575105+00:00,3845.0,35.0,97.36,35.0,1748.640625,1952.897202719003
2026-07-21T04:13:57.905427+00:00,3845.0,38.0,97.51,35.0,1748.640625,1953.2275242060423
2026-07-21T04:13:58.244859+00:00,3845.0,37.0,97.18,35.0,1748.640625,1953.566956665367
2026-07-21T04:13:58.620919+00:00,3845.0,37.0,97.34,35.0,1748.640625,1953.943016409874
2026-07-21T04:13:58.993329+00:00,3845.0,37.0,97.21,35.0,1748.640625,1954.3154267407954
2026-07-21T04:13:59.327235+00:00,3845.0,38.0,97.36,35.0,1748.640625,1954.6493325047195
2026-07-21T04:13:59.695480+00:00,3845.0,36.0,97.46,35.0,1748.640625,1955.017577264458
2026-07-21T04:14:00.028018+00:00,3845.0,36.0,97.28,35.0,1748.640625,1955.3501168377697
2026-07-21T04:14:00.380772+00:00,3845.0,37.0,97.7,35.0,1748.640625,1955.7028703279793
2026-07-21T04:14:00.709133+00:00,3845.0,36.0,97.28,35.0,1748.640625,1956.031230993569
2026-07-21T04:14:01.083614+00:00,3845.0,35.0,97.52,35.0,1748.640625,1956.4057108350098
2026-07-21T04:14:01.413214+00:00,3845.0,38.0,97.17,35.0,1748.640625,1956.7353119887412
2026-07-21T04:14:01.745392+00:00,3845.0,38.0,97.43,35.0,1748.640625,1957.067489337176
2026-07-21T04:14:02.077031+00:00,3845.0,37.0,97.67,35.0,1748.640625,1957.3991285301745
2026-07-21T04:14:02.408864+00:00,3845.0,38.0,97.83,35.0,1748.640625,1957.7309619151056
2026-07-21T04:14:02.736804+00:00,3845.0,38.0,97.97,35.0,1748.640625,1958.0589016526937
2026-07-21T04:14:03.045240+00:00,3845.0,37.0,98.19,35.0,1748.640625,1958.3673378452659
2026-07-21T04:14:03.419690+00:00,3845.0,37.0,98.13,35.0,1748.640625,1958.741786301136
2026-07-21T04:14:03.747274+00:00,3845.0,38.0,98.06,35.0,1748.640625,1959.0693724304438
2026-07-21T04:14:04.054896+00:00,3845.0,38.0,97.98,35.0,1748.640625,1959.3769936412573
2026-07-21T04:14:04.430909+00:00,3845.0,37.0,98.31,35.0,1748.640625,1959.7530070580542
2026-07-21T04:14:04.738099+00:00,3845.0,37.0,98.18,35.0,1748.640625,1960.0601971559227
2026-07-21T04:14:05.087906+00:00,3845.0,10.0,97.61,35.0,1748.65625,1960.4100028909743
2026-07-21T04:14:05.416717+00:00,3845.0,37.0,97.11,35.0,1748.65625,1960.7388152480125
2026-07-21T04:14:05.725831+00:00,3845.0,37.0,96.93,35.0,1748.65625,1961.0479294992983
2026-07-21T04:14:06.053023+00:00,3845.0,38.0,97.49,35.0,1748.65625,1961.375120908022
2026-07-21T04:14:06.399037+00:00,3845.0,36.0,96.91,35.0,1748.65625,1961.7211351953447
2026-07-21T04:14:06.724748+00:00,3845.0,37.0,96.98,35.0,1748.65625,1962.046845663339
2026-07-21T04:14:07.031980+00:00,3845.0,38.0,97.15,35.0,1748.65625,1962.3540784530342
2026-07-21T04:14:07.356906+00:00,3845.0,38.0,97.34,35.0,1748.65625,1962.6790040172637
2026-07-21T04:14:07.689629+00:00,3845.0,37.0,97.58,35.0,1748.65625,1963.0117266513407
2026-07-21T04:14:08.020976+00:00,3845.0,38.0,97.54,35.0,1748.65625,1963.3430736847222
2026-07-21T04:14:08.335029+00:00,3845.0,37.0,97.42,35.0,1748.65625,1963.6571272462606
2026-07-21T04:14:08.684749+00:00,3845.0,38.0,97.07,35.0,1748.65625,1964.006847962737
2026-07-21T04:14:09.012073+00:00,3845.0,37.0,97.15,35.0,1748.65625,1964.3341705054045
2026-07-21T04:14:09.367172+00:00,3845.0,37.0,97.19,35.0,1748.65625,1964.6892687417567
2026-07-21T04:14:09.692463+00:00,3845.0,38.0,97.5,35.0,1748.65625,1965.0145600363612
2026-07-21T04:14:10.057017+00:00,3845.0,38.0,97.67,35.0,1748.65625,1965.3791149295866
2026-07-21T04:14:10.388323+00:00,3845.0,37.0,97.88,35.0,1748.65625,1965.7104207538068
2026-07-21T04:14:10.735434+00:00,3845.0,37.0,97.93,35.0,1748.65625,1966.0575316101313
2026-07-21T04:14:11.115323+00:00,3845.0,37.0,98.47,35.0,1748.65625,1966.437420450151
2026-07-21T04:14:11.467165+00:00,3845.0,37.0,98.48,35.0,1748.65625,1966.7892627306283
2026-07-21T04:14:11.792607+00:00,3845.0,38.0,98.33,35.0,1748.65625,1967.1147053577006
2026-07-21T04:14:12.143021+00:00,3845.0,37.0,98.34,35.0,1748.65625,1967.465120010078
2026-07-21T04:14:12.491289+00:00,3845.0,37.0,98.25,35.0,1748.65625,1967.813387710601
2026-07-21T04:14:12.843036+00:00,3845.0,38.0,98.65,35.0,1748.65625,1968.1651340462267
2026-07-21T04:14:13.223784+00:00,3845.0,20.0,97.88,35.0,1751.25390625,1968.5458819530904
2026-07-21T04:14:13.548956+00:00,3845.0,38.0,97.32,35.0,1751.25390625,1968.8710547573864
2026-07-21T04:14:13.922993+00:00,3845.0,36.0,96.68,35.0,1751.25390625,1969.2450912073255
2026-07-21T04:14:14.299763+00:00,3845.0,35.0,97.01,35.0,1751.25390625,1969.621861308813
2026-07-21T04:14:14.670891+00:00,3845.0,35.0,96.9,35.0,1751.25390625,1969.9929880611598
2026-07-21T04:14:15.024203+00:00,3845.0,37.0,97.18,35.0,1751.25390625,1970.3463015854359
2026-07-21T04:14:15.353552+00:00,3845.0,38.0,97.53,35.0,1751.25390625,1970.6756507121027
2026-07-21T04:14:15.683210+00:00,3845.0,37.0,97.47,35.0,1751.25390625,1971.005307301879
2026-07-21T04:14:16.013095+00:00,3845.0,36.0,97.46,35.0,1751.25390625,1971.3351925313473
2026-07-21T04:14:16.343656+00:00,3845.0,35.0,97.29,35.0,1751.25390625,1971.6657544635236
2026-07-21T04:14:16.675494+00:00,3845.0,38.0,97.2,35.0,1751.25390625,1971.9975919686258
2026-07-21T04:14:17.027266+00:00,3845.0,36.0,97.2,35.0,1751.25390625,1972.349364105612
2026-07-21T04:14:17.370763+00:00,3845.0,36.0,97.28,35.0,1751.25390625,1972.6928604990244
2026-07-21T04:14:17.747043+00:00,3845.0,36.0,97.68,35.0,1751.25390625,1973.0691407062113
2026-07-21T04:14:18.099565+00:00,3845.0,24.0,96.96,35.0,1751.25390625,1973.4216627143323
2026-07-21T04:14:18.480832+00:00,3845.0,38.0,96.84,35.0,1751.25390625,1973.8029301464558
2026-07-21T04:14:18.855088+00:00,3845.0,36.0,97.14,35.0,1751.25390625,1974.1771856546402
2026-07-21T04:14:19.206924+00:00,3845.0,37.0,98.19,35.0,1751.25390625,1974.529020935297
2026-07-21T04:14:19.555397+00:00,3845.0,38.0,98.5,35.0,1751.25390625,1974.8774958588183
2026-07-21T04:14:19.884574+00:00,3845.0,37.0,98.17,35.0,1751.25390625,1975.2066730968654
2026-07-21T04:14:20.258038+00:00,3845.0,37.0,98.32,35.0,1751.25390625,1975.5801355801523
2026-07-21T04:14:20.606443+00:00,3845.0,37.0,98.16,35.0,1751.25390625,1975.9285420142114
2026-07-21T04:14:20.936843+00:00,3845.0,37.0,98.32,35.0,1751.25390625,1976.2589414715767
2026-07-21T04:14:21.351290+00:00,3845.0,16.0,97.54,35.0,1751.2734375,1976.673387594521
2026-07-21T04:14:21.681232+00:00,3845.0,37.0,97.2,35.0,1751.2734375,1977.0033302642405
2026-07-21T04:14:22.031241+00:00,3845.0,37.0,96.87,35.0,1751.2734375,1977.353339832276
2026-07-21T04:14:22.356953+00:00,3845.0,36.0,97.29,35.0,1751.2734375,1977.679050732404
2026-07-21T04:14:22.711082+00:00,3845.0,37.0,97.32,35.0,1751.2734375,1978.0331803448498
2026-07-21T04:14:23.063936+00:00,3845.0,36.0,97.74,35.0,1751.2734375,1978.3860339708626
2026-07-21T04:14:23.411543+00:00,3845.0,37.0,97.71,35.0,1751.2734375,1978.7336412221193
2026-07-21T04:14:23.719396+00:00,3845.0,37.0,97.31,35.0,1751.2734375,1979.0414944142103
2026-07-21T04:14:24.072229+00:00,3845.0,38.0,97.18,35.0,1751.28515625,1979.3943274021149
2026-07-21T04:14:24.380031+00:00,3845.0,36.0,97.67,35.0,1751.28515625,1979.7021298483014
2026-07-21T04:14:24.708714+00:00,3845.0,37.0,97.47,35.0,1751.28515625,1980.0308052115142
2026-07-21T04:14:25.068652+00:00,3845.0,36.0,97.49,35.0,1751.28515625,1980.3907495364547
2026-07-21T04:14:25.434499+00:00,3845.0,37.0,97.39,35.0,1751.28515625,1980.7565971761942
2026-07-21T04:14:25.764816+00:00,3845.0,37.0,98.01,35.0,1751.28515625,1981.0869141332805
2026-07-21T04:14:26.117604+00:00,3845.0,38.0,97.95,35.0,1751.28515625,1981.4397011883557
2026-07-21T04:14:26.454728+00:00,3845.0,37.0,97.95,35.0,1751.28515625,1981.7768257819116
2026-07-21T04:14:26.799237+00:00,3845.0,37.0,98.13,35.0,1751.28515625,1982.1213293895125
2026-07-21T04:14:27.171606+00:00,3845.0,37.0,98.21,35.0,1751.28515625,1982.4937035888433
2026-07-21T04:14:27.518671+00:00,3845.0,37.0,98.04,35.0,1751.28515625,1982.8407689221203
2026-07-21T04:14:27.848772+00:00,3845.0,38.0,98.17,35.0,1751.28515625,1983.1708697751164
2026-07-21T04:14:28.203304+00:00,3845.0,37.0,98.36,35.0,1751.28515625,1983.5254022590816
2026-07-21T04:14:28.511584+00:00,3845.0,37.0,98.16,35.0,1751.28515625,1983.8336828313768
2026-07-21T04:14:28.841371+00:00,3845.0,37.0,98.05,35.0,1751.28515625,1984.1634688004851
2026-07-21T04:14:29.151563+00:00,3845.0,37.0,97.96,35.0,1751.28515625,1984.4736611619592
2026-07-21T04:14:29.507086+00:00,3845.0,5.0,96.87,35.0,1751.3125,1984.8291833214462
2026-07-21T04:14:29.815454+00:00,3845.0,37.0,96.58,35.0,1751.31640625,1985.1375515386462
2026-07-21T04:14:30.146841+00:00,3845.0,37.0,96.54,35.0,1751.31640625,1985.4689390175045
2026-07-21T04:14:30.458901+00:00,3845.0,38.0,97.59,35.0,1751.31640625,1985.780998710543
2026-07-21T04:14:30.811520+00:00,3845.0,36.0,96.94,35.0,1751.31640625,1986.1336169987917
2026-07-21T04:14:31.144812+00:00,3845.0,37.0,96.78,35.0,1751.31640625,1986.466910239309
2026-07-21T04:14:31.514988+00:00,3845.0,35.0,96.72,35.0,1751.31640625,1986.837085660547
2026-07-21T04:14:31.891911+00:00,3845.0,37.0,97.01,35.0,1751.31640625,1987.2140085361898
2026-07-21T04:14:32.244339+00:00,3845.0,37.0,96.95,35.0,1751.31640625,1987.5664372704923
2026-07-21T04:14:32.577190+00:00,3845.0,37.0,97.21,35.0,1751.31640625,1987.8992887474597
2026-07-21T04:14:32.909543+00:00,3845.0,38.0,97.16,35.0,1751.31640625,1988.2316420450807
2026-07-21T04:14:33.265598+00:00,3845.0,37.0,97.54,35.0,1751.31640625,1988.5876960866153
2026-07-21T04:14:33.643258+00:00,3845.0,36.0,97.51,34.0,1751.31640625,1988.965356066823
2026-07-21T04:14:33.975438+00:00,3845.0,37.0,97.14,35.0,1751.31640625,1989.2975357323885
2026-07-21T04:14:34.284256+00:00,3845.0,36.0,96.97,34.0,1751.31640625,1989.6063530184329
2026-07-21T04:14:34.617322+00:00,3845.0,38.0,97.29,34.0,1751.31640625,1989.9394197948277
2026-07-21T04:14:34.957540+00:00,3845.0,1.0,96.08,35.0,1751.3359375,1990.279637746513
2026-07-21T04:14:35.307091+00:00,3845.0,36.0,95.9,34.0,1751.3359375,1990.6291888467968
2026-07-21T04:14:35.683477+00:00,3845.0,37.0,95.78,34.0,1751.3359375,1991.0055742822587
2026-07-21T04:14:36.016924+00:00,3845.0,35.0,96.74,34.0,1751.3359375,1991.339021410793
2026-07-21T04:14:36.354719+00:00,3845.0,37.0,96.77,34.0,1751.3359375,1991.6768162250519
2026-07-21T04:14:36.711556+00:00,3845.0,37.0,96.63,34.0,1751.3359375,1992.0336545668542
2026-07-21T04:14:37.041589+00:00,3845.0,37.0,96.77,34.0,1751.3359375,1992.3636872321367
2026-07-21T04:14:37.373216+00:00,3845.0,36.0,96.54,34.0,1751.3359375,1992.6953139789402
2026-07-21T04:14:37.705457+00:00,3845.0,38.0,96.71,34.0,1751.3359375,1993.0275548100471
2026-07-21T04:14:38.083819+00:00,3845.0,38.0,96.59,34.0,1751.3359375,1993.405917007476
2026-07-21T04:14:38.471778+00:00,3845.0,37.0,96.92,34.0,1751.3359375,1993.7938761599362
2026-07-21T04:14:38.822665+00:00,3845.0,37.0,97.43,34.0,1751.3359375,1994.144762210548
2026-07-21T04:14:39.139153+00:00,3845.0,35.0,97.55,34.0,1751.3359375,1994.4612511135638
2026-07-21T04:14:39.478619+00:00,3845.0,37.0,97.12,34.0,1751.3359375,1994.800716754049
2026-07-21T04:14:39.809562+00:00,3845.0,35.0,96.81,34.0,1751.3359375,1995.1316597610712
2026-07-21T04:14:40.163208+00:00,3845.0,37.0,96.79,34.0,1751.3359375,1995.485306672752
2026-07-21T04:14:40.537238+00:00,3845.0,35.0,97.04,34.0,1751.3359375,1995.859336256981
2026-07-21T04:14:40.890424+00:00,3845.0,35.0,97.28,34.0,1751.3359375,1996.2125226333737
2026-07-21T04:14:41.223997+00:00,3845.0,11.0,96.39,34.0,1751.35546875,1996.5460940487683
2026-07-21T04:14:41.552872+00:00,3845.0,37.0,95.87,34.0,1751.35546875,1996.8749699741602
2026-07-21T04:14:41.885472+00:00,3845.0,36.0,95.57,34.0,1751.35546875,1997.2075696885586
2026-07-21T04:14:42.219360+00:00,3845.0,36.0,96.2,34.0,1751.35546875,1997.5414587892592
2026-07-21T04:14:42.552965+00:00,3845.0,24.0,95.46,34.0,1751.35546875,1997.8750621415675
2026-07-21T04:14:42.926990+00:00,3845.0,37.0,95.71,34.0,1751.35546875,1998.2490875646472
2026-07-21T04:14:43.302907+00:00,3845.0,36.0,95.9,34.0,1751.35546875,1998.6250037886202
2026-07-21T04:14:43.634665+00:00,3845.0,36.0,96.64,34.0,1751.35546875,1998.9567632004619
2026-07-21T04:14:43.965179+00:00,3845.0,35.0,96.44,34.0,1751.35546875,1999.2872768901289
2026-07-21T04:14:44.293866+00:00,3845.0,38.0,96.52,34.0,1751.35546875,1999.6159649714828
2026-07-21T04:14:44.625050+00:00,3845.0,38.0,96.64,34.0,1751.35546875,1999.9471476376057
2026-07-21T04:14:45.000255+00:00,3845.0,37.0,96.87,34.0,1751.35546875,2000.3223533444107
2026-07-21T04:14:45.310141+00:00,3845.0,36.0,96.92,34.0,1751.35546875,2000.63223862648
2026-07-21T04:14:45.641220+00:00,3845.0,37.0,97.15,34.0,1751.35546875,2000.9633187390864
2026-07-21T04:14:45.996202+00:00,3845.0,38.0,97.11,34.0,1751.35546875,2001.318299472332
2026-07-21T04:14:46.351378+00:00,3845.0,36.0,97.46,34.0,1751.35546875,2001.673476241529
2026-07-21T04:14:46.681944+00:00,3845.0,36.0,97.66,34.0,1751.35546875,2002.0040417984128
2026-07-21T04:14:47.012824+00:00,3845.0,37.0,97.14,34.0,1751.35546875,2002.3349213413894
2026-07-21T04:14:47.399522+00:00,3845.0,7.0,96.41,34.0,1751.375,2002.7216195128858
2026-07-21T04:14:47.737491+00:00,3845.0,36.0,95.84,34.0,1751.375,2003.0595888830721
2026-07-21T04:14:48.072805+00:00,3845.0,36.0,95.92,34.0,1751.375,2003.3949030973017
2026-07-21T04:14:48.419094+00:00,3845.0,37.0,96.49,34.0,1751.375,2003.7411925382912
2026-07-21T04:14:48.795994+00:00,3845.0,36.0,96.93,34.0,1751.375,2004.1180912591517
2026-07-21T04:14:49.129915+00:00,3845.0,35.0,96.74,34.0,1751.375,2004.4520131014287
2026-07-21T04:14:49.464536+00:00,3845.0,35.0,96.86,34.0,1751.375,2004.7866346240044
2026-07-21T04:14:49.840722+00:00,3845.0,35.0,97.06,34.0,1751.375,2005.1628197692335
2026-07-21T04:14:50.194217+00:00,3845.0,37.0,97.04,34.0,1751.375,2005.516313817352
2026-07-21T04:14:50.550512+00:00,3845.0,36.0,97.34,34.0,1751.375,2005.872610539198
2026-07-21T04:14:50.926738+00:00,3845.0,20.0,96.34,34.0,1751.38671875,2006.2488358579576
2026-07-21T04:14:51.279965+00:00,3845.0,35.0,96.25,34.0,1751.38671875,2006.6020623147488
2026-07-21T04:14:51.605067+00:00,3845.0,37.0,95.75,34.0,1751.38671875,2006.9271651282907
2026-07-21T04:14:51.954846+00:00,3845.0,36.0,96.62,34.0,1751.38671875,2007.2769432254136
2026-07-21T04:14:52.319079+00:00,3845.0,35.0,96.73,34.0,1751.38671875,2007.64117635414
2026-07-21T04:14:52.671961+00:00,3845.0,37.0,97.08,34.0,1751.38671875,2007.9940588362515
2026-07-21T04:14:53.027051+00:00,3845.0,35.0,96.89,34.0,1751.38671875,2008.3491493612528
2026-07-21T04:14:53.383643+00:00,3845.0,37.0,96.94,34.0,1751.38671875,2008.705741200596
2026-07-21T04:14:53.718000+00:00,3845.0,34.0,96.58,34.0,1751.38671875,2009.0400984883308
2026-07-21T04:14:54.073445+00:00,3845.0,37.0,97.09,34.0,1751.38671875,2009.395543012768
2026-07-21T04:14:54.404882+00:00,3845.0,35.0,96.95,34.0,1751.38671875,2009.7269798256457
2026-07-21T04:14:54.779521+00:00,3845.0,36.0,97.32,34.0,1751.38671875,2010.1016184948385
2026-07-21T04:14:55.137598+00:00,3845.0,35.0,96.96,34.0,1751.38671875,2010.4596965163946
2026-07-21T04:14:55.517041+00:00,3845.0,37.0,96.99,34.0,1751.38671875,2010.8391386158764
2026-07-21T04:14:55.826321+00:00,3845.0,37.0,96.86,34.0,1751.38671875,2011.148418534547
2026-07-21T04:14:56.153389+00:00,3845.0,36.0,96.88,34.0,1751.38671875,2011.4754869788885
2026-07-21T04:14:56.484805+00:00,3845.0,37.0,96.85,34.0,1751.38671875,2011.8069034330547
2026-07-21T04:14:56.915120+00:00,3845.0,13.0,96.6,34.0,1751.41015625,2012.2372169233859
2026-07-21T04:14:57.250625+00:00,3845.0,37.0,96.4,34.0,1751.41015625,2012.5727231688797
2026-07-21T04:14:57.619327+00:00,3845.0,37.0,96.06,34.0,1751.41015625,2012.9414241164923
2026-07-21T04:14:57.949437+00:00,3845.0,35.0,96.29,34.0,1751.41015625,2013.2715360186994
2026-07-21T04:14:58.259606+00:00,3845.0,37.0,96.08,34.0,1751.41015625,2013.5817041136324
2026-07-21T04:14:58.615516+00:00,3845.0,36.0,96.43,34.0,1751.41015625,2013.9376141689718
2026-07-21T04:14:58.997083+00:00,3845.0,12.0,95.5,34.0,1751.421875,2014.3191803060472
2026-07-21T04:14:59.331806+00:00,3845.0,37.0,96.13,34.0,1751.421875,2014.6539034172893
2026-07-21T04:14:59.703494+00:00,3845.0,35.0,95.9,34.0,1751.421875,2015.0255913250148
2026-07-21T04:15:00.077768+00:00,3845.0,35.0,96.63,34.0,1751.421875,2015.3998657613993
2026-07-21T04:15:00.489095+00:00,3845.0,5.0,95.83,34.0,1751.43359375,2015.8111928924918
2026-07-21T04:15:00.821690+00:00,3845.0,37.0,96.15,34.0,1751.43359375,2016.1437878385186
2026-07-21T04:15:01.157104+00:00,3845.0,34.0,96.15,34.0,1751.43359375,2016.4792009554803
2026-07-21T04:15:01.531428+00:00,3845.0,36.0,96.53,34.0,1751.43359375,2016.8535258285701
2026-07-21T04:15:01.911780+00:00,3845.0,35.0,96.98,34.0,1751.43359375,2017.2338785491884
2026-07-21T04:15:02.250633+00:00,3845.0,38.0,97.4,34.0,1751.43359375,2017.5727313235402
2026-07-21T04:15:02.580947+00:00,3845.0,35.0,97.12,34.0,1751.43359375,2017.9030451700091
2026-07-21T04:15:02.935626+00:00,3845.0,36.0,96.69,34.0,1751.43359375,2018.2577239908278
2026-07-21T04:15:03.265366+00:00,3845.0,24.0,95.86,34.0,1751.43359375,2018.5874637030065
2026-07-21T04:15:03.643117+00:00,3845.0,37.0,96.28,34.0,1751.43359375,2018.9652151949704
2026-07-21T04:15:03.969864+00:00,3845.0,36.0,96.05,34.0,1751.43359375,2019.2919616103172
2026-07-21T04:15:04.345965+00:00,3845.0,37.0,97.45,34.0,1751.43359375,2019.6680619902909
2026-07-21T04:15:04.660150+00:00,3845.0,37.0,97.12,34.0,1751.43359375,2019.982247773558
2026-07-21T04:15:04.991772+00:00,3845.0,37.0,97.28,34.0,1751.43359375,2020.3138693720102
2026-07-21T04:15:05.329739+00:00,3845.0,37.0,96.9,34.0,1751.43359375,2020.6518366262317
2026-07-21T04:15:05.677235+00:00,3845.0,37.0,96.99,34.0,1751.43359375,2020.9993322491646
2026-07-21T04:15:06.056636+00:00,3845.0,36.0,97.28,34.0,1751.43359375,2021.37873352319
2026-07-21T04:15:06.439311+00:00,3845.0,37.0,97.53,34.0,1751.43359375,2021.7614084593952
2026-07-21T04:15:06.788144+00:00,3845.0,36.0,96.38,34.0,1751.453125,2022.110241074115
2026-07-21T04:15:07.122315+00:00,3845.0,37.0,96.44,34.0,1751.453125,2022.4444104246795
2026-07-21T04:15:07.502848+00:00,3845.0,36.0,96.0,34.0,1751.453125,2022.824945461005
2026-07-21T04:15:07.837380+00:00,3845.0,34.0,96.62,34.0,1751.453125,2023.1594779789448
2026-07-21T04:15:08.212056+00:00,3845.0,36.0,96.98,34.0,1751.453125,2023.534153662622
2026-07-21T04:15:08.583648+00:00,3845.0,36.0,96.94,34.0,1751.453125,2023.9057455807924
2026-07-21T04:15:08.927016+00:00,3845.0,37.0,97.17,34.0,1751.453125,2024.24911403656
2026-07-21T04:15:09.238607+00:00,3845.0,37.0,96.1,34.0,1751.453125,2024.5607052110136
2026-07-21T04:15:09.595028+00:00,3845.0,36.0,96.29,34.0,1751.453125,2024.9171252511442
2026-07-21T04:15:09.967078+00:00,3845.0,37.0,96.67,34.0,1751.45703125,2025.289175517857
2026-07-21T04:15:10.319745+00:00,3845.0,36.0,97.35,34.0,1751.45703125,2025.6418427973986
2026-07-21T04:15:10.652318+00:00,3845.0,36.0,97.2,34.0,1751.45703125,2025.9744160883129
2026-07-21T04:15:10.988810+00:00,3845.0,37.0,97.03,34.0,1751.45703125,2026.3109079003334
2026-07-21T04:15:11.369839+00:00,3845.0,36.0,97.05,34.0,1751.46484375,2026.691934492439
2026-07-21T04:15:11.703079+00:00,3845.0,37.0,95.9,34.0,1751.48046875,2027.0251760669053
2026-07-21T04:15:12.033440+00:00,3845.0,35.0,95.64,34.0,1751.48046875,2027.3555378764868
2026-07-21T04:15:12.406853+00:00,3845.0,36.0,95.54,34.0,1751.484375,2027.7289501093328
2026-07-21T04:15:12.764372+00:00,3845.0,36.0,96.58,34.0,1751.484375,2028.0864694975317
2026-07-21T04:15:13.121992+00:00,3845.0,35.0,96.55,34.0,1751.484375,2028.4440896585584
2026-07-21T04:15:13.456710+00:00,3845.0,37.0,96.55,34.0,1751.484375,2028.7788075059652
2026-07-21T04:15:13.765353+00:00,3845.0,36.0,96.34,34.0,1751.484375,2029.0874508172274
2026-07-21T04:15:14.101964+00:00,3845.0,37.0,96.3,34.0,1751.484375,2029.4240617118776
2026-07-21T04:15:14.434089+00:00,3845.0,35.0,96.33,34.0,1751.484375,2029.7561878822744
2026-07-21T04:15:14.787681+00:00,3845.0,36.0,96.3,34.0,1751.484375,2030.1097794622183
2026-07-21T04:15:15.132383+00:00,3845.0,37.0,96.53,34.0,1751.484375,2030.4544801488519
2026-07-21T04:15:15.471895+00:00,3845.0,36.0,96.9,34.0,1751.484375,2030.7939933016896
2026-07-21T04:15:15.800261+00:00,3845.0,37.0,97.25,34.0,1751.484375,2031.122358839959
2026-07-21T04:15:16.110265+00:00,3845.0,33.0,97.09,34.0,1751.484375,2031.4323633946478
2026-07-21T04:15:16.439735+00:00,3845.0,33.0,96.61,34.0,1751.484375,2031.7618323601782
2026-07-21T04:15:16.811567+00:00,3845.0,37.0,96.27,34.0,1751.484375,2032.133665010333
2026-07-21T04:15:17.140255+00:00,3845.0,35.0,96.68,34.0,1751.484375,2032.4623523689806
2026-07-21T04:15:17.472787+00:00,3845.0,38.0,97.34,34.0,1751.484375,2032.7948844730854
2026-07-21T04:15:17.804027+00:00,3845.0,34.0,97.16,34.0,1751.484375,2033.1261252984405
2026-07-21T04:15:18.142204+00:00,3845.0,35.0,96.94,34.0,1751.484375,2033.464301880449
2026-07-21T04:15:18.479266+00:00,3845.0,35.0,96.33,34.0,1751.484375,2033.801364094019
2026-07-21T04:15:18.834584+00:00,3845.0,38.0,96.7,34.0,1751.484375,2034.156682305038
2026-07-21T04:15:19.146292+00:00,3845.0,36.0,97.09,34.0,1751.484375,2034.4683892168105
2026-07-21T04:15:19.503147+00:00,3845.0,38.0,97.86,34.0,1751.484375,2034.8252448290586
2026-07-21T04:15:19.934303+00:00,3845.0,24.0,97.44,34.0,1751.5078125,2035.256399706006
2026-07-21T04:15:20.247804+00:00,3845.0,36.0,96.95,34.0,1751.5078125,2035.5699021853507
2026-07-21T04:15:20.576315+00:00,3845.0,37.0,96.67,34.0,1751.5078125,2035.898403994739
2026-07-21T04:15:20.926906+00:00,3845.0,37.0,96.69,34.0,1751.5078125,2036.2490037232637
2026-07-21T04:15:21.259834+00:00,3845.0,37.0,96.89,34.0,1751.5078125,2036.581932079047
2026-07-21T04:15:21.634965+00:00,3845.0,37.0,97.16,34.0,1751.5078125,2036.9570629224181
2026-07-21T04:15:21.964486+00:00,3845.0,37.0,97.16,34.0,1751.5078125,2037.286584801972
2026-07-21T04:15:22.296378+00:00,3845.0,37.0,97.11,34.0,1751.5078125,2037.6184764914215
2026-07-21T04:15:22.606002+00:00,3845.0,37.0,97.08,34.0,1751.5078125,2037.928100310266
2026-07-21T04:15:22.936873+00:00,3845.0,36.0,96.88,34.0,1751.5078125,2038.258971184492
2026-07-21T04:15:23.314456+00:00,3845.0,37.0,97.02,34.0,1751.5078125,2038.636553131044
2026-07-21T04:15:23.644264+00:00,3845.0,36.0,97.35,34.0,1751.5078125,2038.9663616418839
2026-07-21T04:15:23.994214+00:00,3845.0,37.0,97.34,34.0,1751.5078125,2039.3163068965077
2026-07-21T04:15:24.302496+00:00,3845.0,37.0,97.03,34.0,1751.5078125,2039.624593064189
2026-07-21T04:15:24.658065+00:00,3845.0,36.0,97.24,34.0,1751.5078125,2039.980163089931
2026-07-21T04:15:25.010818+00:00,3845.0,38.0,97.27,34.0,1751.51171875,2040.3329167366028
2026-07-21T04:15:25.336659+00:00,3845.0,33.0,97.05,34.0,1751.51171875,2040.6587574407458
2026-07-21T04:15:25.669177+00:00,3845.0,35.0,96.87,34.0,1751.51171875,2040.9912750720978
2026-07-21T04:15:26.019175+00:00,3845.0,36.0,96.62,34.0,1751.51171875,2041.3412728607655
2026-07-21T04:15:26.400221+00:00,3845.0,33.0,96.63,34.0,1751.51171875,2041.7223180830479
2026-07-21T04:15:26.779264+00:00,3845.0,37.0,96.92,34.0,1751.51171875,2042.1013622395694
2026-07-21T04:15:27.114939+00:00,3845.0,37.0,97.0,34.0,1751.51171875,2042.4370373375714
2026-07-21T04:15:27.465955+00:00,3845.0,33.0,97.47,34.0,1751.51171875,2042.7880522720516
2026-07-21T04:15:27.818219+00:00,3845.0,34.0,96.87,34.0,1751.51171875,2043.1403166353703
2026-07-21T04:15:28.205323+00:00,3845.0,32.0,96.24,34.0,1751.515625,2043.5274199694395
2026-07-21T04:15:28.536151+00:00,3845.0,33.0,95.61,34.0,1751.5390625,2043.8582492247224
2026-07-21T04:15:28.894585+00:00,3845.0,36.0,95.44,34.0,1751.54296875,2044.216682344675
2026-07-21T04:15:29.257142+00:00,3845.0,33.0,96.53,34.0,1751.54296875,2044.5792390704155
2026-07-21T04:15:29.588473+00:00,3845.0,33.0,95.71,34.0,1751.54296875,2044.910571306944
2026-07-21T04:15:29.959730+00:00,3845.0,36.0,95.91,34.0,1751.54296875,2045.2818271555007
2026-07-21T04:15:30.288490+00:00,3845.0,36.0,96.13,34.0,1751.54296875,2045.6105874106288
2026-07-21T04:15:30.596600+00:00,3845.0,37.0,96.48,34.0,1751.54296875,2045.9186974577606
2026-07-21T04:15:30.928926+00:00,3845.0,37.0,96.83,34.0,1751.54296875,2046.2510234713554
2026-07-21T04:15:31.302522+00:00,3845.0,16.0,96.0,34.0,1751.5546875,2046.6246200464666
2026-07-21T04:15:31.632559+00:00,3845.0,36.0,95.93,34.0,1751.55859375,2046.9546578079462
2026-07-21T04:15:31.964373+00:00,3845.0,37.0,95.85,34.0,1751.55859375,2047.2864708974957
2026-07-21T04:15:32.296585+00:00,3845.0,37.0,96.84,34.0,1751.5625,2047.6186827793717
2026-07-21T04:15:32.628346+00:00,3845.0,37.0,96.79,34.0,1751.5625,2047.9504438079894
2026-07-21T04:15:32.982821+00:00,3845.0,37.0,96.71,34.0,1751.5625,2048.3049195185304
2026-07-21T04:15:33.358768+00:00,3845.0,37.0,97.06,34.0,1751.5625,2048.680865161121
2026-07-21T04:15:33.730941+00:00,3845.0,37.0,97.17,34.0,1751.56640625,2049.0530385524035
2026-07-21T04:15:34.075215+00:00,3845.0,36.0,97.26,34.0,1751.56640625,2049.3973122537136
2026-07-21T04:15:34.427920+00:00,3845.0,36.0,97.17,34.0,1751.5703125,2049.7500181794167
2026-07-21T04:15:34.822270+00:00,3845.0,4.0,95.68,34.0,1751.65625,2050.1443675532937
2026-07-21T04:15:35.134751+00:00,3845.0,37.0,95.56,34.0,1751.66796875,2050.4568497166038
2026-07-21T04:15:35.443183+00:00,3845.0,37.0,95.19,34.0,1751.66796875,2050.765280906111
2026-07-21T04:15:35.772689+00:00,3845.0,36.0,96.46,34.0,1751.6953125,2051.0947870910168
2026-07-21T04:15:36.101003+00:00,3845.0,38.0,96.53,34.0,1751.6953125,2051.423100169748
2026-07-21T04:15:36.479278+00:00,3845.0,37.0,96.63,34.0,1751.72265625,2051.801375437528
2026-07-21T04:15:36.808619+00:00,3845.0,37.0,96.29,34.0,1751.72265625,2052.1307181678712
2026-07-21T04:15:37.140099+00:00,3845.0,37.0,96.63,34.0,1751.72265625,2052.4621976204216
2026-07-21T04:15:37.494045+00:00,3845.0,37.0,96.64,34.0,1751.734375,2052.816144056618
2026-07-21T04:15:37.829134+00:00,3845.0,37.0,97.09,34.0,1751.734375,2053.151232216507
2026-07-21T04:15:38.184030+00:00,3845.0,38.0,97.45,34.0,1751.7421875,2053.5061277486384
2026-07-21T04:15:38.512654+00:00,3845.0,35.0,97.03,34.0,1751.7421875,2053.8347514271736
2026-07-21T04:15:38.842177+00:00,3845.0,37.0,97.0,34.0,1751.76171875,2054.1642750762403
2026-07-21T04:15:39.172653+00:00,3845.0,38.0,96.88,34.0,1751.76171875,2054.4947513230145
2026-07-21T04:15:39.499968+00:00,3845.0,37.0,97.11,34.0,1751.7734375,2054.822065502405
2026-07-21T04:15:39.833656+00:00,3845.0,38.0,97.16,34.0,1751.7734375,2055.155755158514
2026-07-21T04:15:40.158803+00:00,3845.0,37.0,97.35,34.0,1751.78125,2055.480900544673
2026-07-21T04:15:40.511682+00:00,3845.0,37.0,97.27,34.0,1751.7890625,2055.8337807022035
2026-07-21T04:15:40.866611+00:00,3845.0,37.0,97.28,34.0,1751.79296875,2056.188709191978
2026-07-21T04:15:41.196626+00:00,3845.0,37.0,97.46,34.0,1751.8125,2056.518725004047
2026-07-21T04:15:41.550916+00:00,3845.0,38.0,97.57,34.0,1751.8125,2056.873013652861
2026-07-21T04:15:41.918451+00:00,3845.0,37.0,97.88,34.0,1751.8203125,2057.240549314767
2026-07-21T04:15:42.310612+00:00,3845.0,38.0,97.61,34.0,1751.82421875,2057.6327084600925
2026-07-21T04:15:42.691255+00:00,3845.0,35.0,96.51,34.0,1751.85546875,2058.013352379203
2026-07-21T04:15:43.019894+00:00,3845.0,37.0,96.01,34.0,1751.85546875,2058.3419922813773
2026-07-21T04:15:43.348726+00:00,3845.0,36.0,96.88,34.0,1751.87109375,2058.6708238609135
2026-07-21T04:15:43.657033+00:00,3845.0,37.0,96.44,34.0,1751.87890625,2058.979130487889
2026-07-21T04:15:44.030556+00:00,3845.0,36.0,96.34,34.0,1751.87890625,2059.352655030787
2026-07-21T04:15:44.402630+00:00,3845.0,36.0,96.59,34.0,1751.89453125,2059.724727243185
2026-07-21T04:15:44.758822+00:00,3845.0,36.0,96.75,34.0,1751.89453125,2060.080919571221
2026-07-21T04:15:45.087928+00:00,3845.0,2.0,95.57,34.0,1751.91796875,2060.410025008023
2026-07-21T04:15:45.428926+00:00,3845.0,36.0,95.22,34.0,1751.91796875,2060.7510237954557
2026-07-21T04:15:45.765401+00:00,3845.0,34.0,94.94,34.0,1751.921875,2061.087499283254
2026-07-21T04:15:46.117531+00:00,3845.0,36.0,95.85,34.0,1751.9375,2061.439627200365
2026-07-21T04:15:46.461059+00:00,3845.0,36.0,95.81,34.0,1751.9375,2061.7831568829715
2026-07-21T04:15:46.795495+00:00,3845.0,36.0,96.06,34.0,1751.9453125,2062.11759359017
2026-07-21T04:15:47.137618+00:00,3845.0,35.0,96.21,34.0,1751.9453125,2062.4597152099013
2026-07-21T04:15:47.464736+00:00,3845.0,36.0,96.57,34.0,1751.9609375,2062.7868345342577
2026-07-21T04:15:47.796319+00:00,3845.0,38.0,96.68,34.0,1751.9609375,2063.118417736143
2026-07-21T04:15:48.124814+00:00,3845.0,37.0,96.74,34.0,1751.984375,2063.4469116963446
2026-07-21T04:15:48.479751+00:00,3845.0,37.0,96.49,34.0,1751.984375,2063.80184962973
2026-07-21T04:15:48.789183+00:00,3845.0,36.0,96.51,34.0,1751.984375,2064.111281041056
2026-07-21T04:15:49.126538+00:00,3845.0,38.0,96.53,34.0,1752.00390625,2064.448636274785
2026-07-21T04:15:49.506308+00:00,3845.0,37.0,96.67,34.0,1752.00390625,2064.828406304121
2026-07-21T04:15:49.909347+00:00,3845.0,0.0,94.75,34.0,1752.01953125,2065.2314447127283
2026-07-21T04:15:50.259066+00:00,3845.0,38.0,93.9,34.0,1752.0390625,2065.581162814051
2026-07-21T04:15:50.588579+00:00,3845.0,37.0,93.74,34.0,1752.0390625,2065.91067667678
2026-07-21T04:15:50.897281+00:00,3845.0,38.0,95.67,34.0,1752.0390625,2066.2193786129355
2026-07-21T04:15:51.256359+00:00,3845.0,38.0,96.65,34.0,1752.0390625,2066.5784562826157
2026-07-21T04:15:51.610242+00:00,3845.0,37.0,96.79,34.0,1752.0390625,2066.9323404990137
2026-07-21T04:15:51.936848+00:00,3845.0,36.0,96.92,34.0,1752.0390625,2067.258946042508
2026-07-21T04:15:52.245921+00:00,3845.0,38.0,96.62,34.0,1752.0390625,2067.568019270897
2026-07-21T04:15:52.594443+00:00,3845.0,37.0,96.41,34.0,1752.0390625,2067.9165413714945
2026-07-21T04:15:52.921048+00:00,3845.0,38.0,96.53,34.0,1752.0390625,2068.2431466653943
2026-07-21T04:15:53.253299+00:00,3845.0,38.0,96.59,34.0,1752.0390625,2068.5753969065845
2026-07-21T04:15:53.584631+00:00,3845.0,36.0,96.9,34.0,1752.0390625,2068.9067292399704
2026-07-21T04:15:53.916907+00:00,3845.0,38.0,97.02,34.0,1752.0390625,2069.239004340023
2026-07-21T04:15:54.246868+00:00,3845.0,38.0,97.17,34.0,1752.0390625,2069.568965408951
2026-07-21T04:15:54.572208+00:00,3845.0,24.0,96.19,34.0,1752.0546875,2069.894305896014
2026-07-21T04:15:54.904206+00:00,3845.0,37.0,95.8,34.0,1752.0546875,2070.226303294301
2026-07-21T04:15:55.213125+00:00,3845.0,38.0,95.75,34.0,1752.0546875,2070.5352229624987
2026-07-21T04:15:55.521602+00:00,3845.0,11.0,95.78,34.0,1752.06640625,2070.8436989448965
2026-07-21T04:15:55.851148+00:00,3845.0,37.0,95.89,34.0,1752.06640625,2071.1732461191714
2026-07-21T04:15:56.180612+00:00,3845.0,37.0,95.88,34.0,1752.06640625,2071.5027096942067
2026-07-21T04:15:56.488031+00:00,3845.0,37.0,97.26,34.0,1752.06640625,2071.8101294003427
2026-07-21T04:15:56.905622+00:00,3845.0,38.0,96.6,34.0,1752.06640625,2072.2277200110257
2026-07-21T04:15:57.283162+00:00,3845.0,37.0,95.99,34.0,1752.078125,2072.60526028648
2026-07-21T04:15:57.616480+00:00,3845.0,37.0,95.95,34.0,1752.078125,2072.938577245921
2026-07-21T04:15:57.963438+00:00,3845.0,37.0,97.15,34.0,1752.078125,2073.2855360247195
2026-07-21T04:15:58.292467+00:00,3845.0,37.0,96.5,34.0,1752.078125,2073.6145649179816
2026-07-21T04:15:58.624481+00:00,3845.0,37.0,96.44,34.0,1752.078125,2073.9465799443424
2026-07-21T04:15:58.976261+00:00,3845.0,37.0,96.7,34.0,1752.078125,2074.2983593270183
2026-07-21T04:15:59.329610+00:00,3845.0,38.0,96.89,34.0,1752.078125,2074.6517082490027
2026-07-21T04:15:59.660590+00:00,3845.0,38.0,97.39,34.0,1752.078125,2074.9826884008944
2026-07-21T04:15:59.992135+00:00,3845.0,36.0,96.71,34.0,1752.078125,2075.3142325617373
2026-07-21T04:16:00.367639+00:00,3845.0,34.0,96.76,34.0,1752.078125,2075.6897370666265
2026-07-21T04:16:00.700590+00:00,3845.0,32.0,96.18,34.0,1752.078125,2076.022688522935
2026-07-21T04:16:01.012269+00:00,3845.0,31.0,95.67,34.0,1752.078125,2076.334367763251
2026-07-21T04:16:01.346253+00:00,3845.0,36.0,95.8,34.0,1752.078125,2076.668351214379
2026-07-21T04:16:01.722470+00:00,3845.0,35.0,95.92,34.0,1752.078125,2077.0445686280727
2026-07-21T04:16:02.079749+00:00,3845.0,35.0,96.32,34.0,1752.078125,2077.40184699744
2026-07-21T04:16:02.408602+00:00,3845.0,33.0,96.04,34.0,1752.078125,2077.7306998744607
2026-07-21T04:16:02.766398+00:00,3845.0,34.0,95.83,34.0,1752.078125,2078.088495284319
2026-07-21T04:16:03.121482+00:00,3845.0,33.0,96.05,34.0,1752.078125,2078.4435796514153
2026-07-21T04:16:03.470791+00:00,3845.0,33.0,96.03,34.0,1752.078125,2078.7928888611495
2026-07-21T04:16:03.804118+00:00,3845.0,33.0,96.14,34.0,1752.078125,2079.1262162178755
2026-07-21T04:16:04.140155+00:00,3845.0,33.0,96.02,34.0,1752.078125,2079.4622534401715
2026-07-21T04:16:04.487487+00:00,3845.0,3.0,95.29,34.0,1752.1015625,2079.809584286064
2026-07-21T04:16:04.821430+00:00,3845.0,37.0,95.13,34.0,1752.1015625,2080.1435289233923
2026-07-21T04:16:05.128853+00:00,3845.0,33.0,94.75,34.0,1752.1015625,2080.4509503506124
2026-07-21T04:16:05.461871+00:00,3845.0,34.0,95.71,34.0,1752.1015625,2080.783968921751
2026-07-21T04:16:05.792872+00:00,3845.0,34.0,95.36,34.0,1752.1015625,2081.114969432354
2026-07-21T04:16:06.166231+00:00,3845.0,35.0,96.04,34.0,1752.1015625,2081.4883287101984
2026-07-21T04:16:06.492938+00:00,3845.0,37.0,95.99,34.0,1752.1015625,2081.8150356262922
2026-07-21T04:16:06.824856+00:00,3845.0,34.0,95.89,34.0,1752.1015625,2082.1469531282783
2026-07-21T04:16:07.133258+00:00,3845.0,34.0,95.64,34.0,1752.1015625,2082.455354627222
2026-07-21T04:16:07.467846+00:00,3845.0,34.0,95.53,34.0,1752.11328125,2082.7899438515306
2026-07-21T04:16:07.776923+00:00,3845.0,36.0,95.89,34.0,1752.11328125,2083.0990211367607
2026-07-21T04:16:08.123845+00:00,3845.0,37.0,95.92,34.0,1752.11328125,2083.4459422826767
2026-07-21T04:16:08.432273+00:00,3845.0,37.0,95.91,34.0,1752.11328125,2083.7543713264167
2026-07-21T04:16:08.806158+00:00,3845.0,36.0,95.82,34.0,1752.11328125,2084.1282559633255
2026-07-21T04:16:09.154685+00:00,3845.0,36.0,95.94,34.0,1752.11328125,2084.4767829701304
2026-07-21T04:16:09.480718+00:00,3845.0,34.0,96.38,34.0,1752.11328125,2084.802815824747
2026-07-21T04:16:09.812516+00:00,3845.0,33.0,96.04,34.0,1752.11328125,2085.134613201022
2026-07-21T04:16:10.130727+00:00,3845.0,34.0,96.13,34.0,1752.11328125,2085.4528250582516
2026-07-21T04:16:10.460061+00:00,3845.0,34.0,96.29,34.0,1752.11328125,2085.7821586355567
2026-07-21T04:16:10.838598+00:00,3845.0,35.0,96.53,34.0,1752.11328125,2086.1606958061457
2026-07-21T04:16:11.202704+00:00,3845.0,33.0,96.43,34.0,1752.11328125,2086.524801827967
2026-07-21T04:16:11.529407+00:00,3845.0,35.0,96.2,34.0,1752.11328125,2086.851505357772
2026-07-21T04:16:11.882341+00:00,3845.0,35.0,96.18,34.0,1752.11328125,2087.2044386938214
2026-07-21T04:16:12.236313+00:00,3845.0,34.0,95.98,34.0,1752.11328125,2087.558410938829
2026-07-21T04:16:12.545787+00:00,3845.0,33.0,96.23,34.0,1752.11328125,2087.86788520962
2026-07-21T04:16:12.893691+00:00,3845.0,34.0,96.31,34.0,1752.11328125,2088.215789016336
2026-07-21T04:16:13.264793+00:00,3845.0,10.0,95.49,34.0,1752.1328125,2088.58689109236
2026-07-21T04:16:13.596164+00:00,3845.0,36.0,95.25,34.0,1752.1328125,2088.9182622246444
2026-07-21T04:16:13.928328+00:00,3845.0,34.0,95.18,34.0,1752.1328125,2089.2504259832203
2026-07-21T04:16:14.260110+00:00,3845.0,33.0,95.65,34.0,1752.1328125,2089.5822076387703
2026-07-21T04:16:14.588073+00:00,3845.0,33.0,95.38,34.0,1752.1328125,2089.9101712964475
2026-07-21T04:16:14.916405+00:00,3845.0,34.0,95.25,34.0,1752.1328125,2090.238502841443
2026-07-21T04:16:15.265836+00:00,3845.0,33.0,95.26,34.0,1752.1328125,2090.587933920324
2026-07-21T04:16:15.596041+00:00,3845.0,37.0,95.84,34.0,1752.1328125,2090.918139297515
2026-07-21T04:16:15.930229+00:00,3845.0,35.0,95.93,34.0,1752.1328125,2091.25232732296
2026-07-21T04:16:16.311219+00:00,3845.0,37.0,95.93,34.0,1752.1328125,2091.633309740573
2026-07-21T04:16:16.640278+00:00,3845.0,35.0,96.05,34.0,1752.1328125,2091.962372392416
2026-07-21T04:16:16.991967+00:00,3845.0,34.0,96.01,34.0,1752.1328125,2092.314064592123
2026-07-21T04:16:17.342456+00:00,3845.0,35.0,96.01,34.0,1752.1328125,2092.664554104209
2026-07-21T04:16:17.710610+00:00,3845.0,33.0,96.06,34.0,1752.1328125,2093.032708507031
2026-07-21T04:16:18.066579+00:00,3845.0,34.0,96.16,34.0,1752.1328125,2093.3886769600213
2026-07-21T04:16:18.442553+00:00,3845.0,34.0,96.03,34.0,1752.1328125,2093.7646511159837
2026-07-21T04:16:18.767887+00:00,3845.0,33.0,95.96,34.0,1752.1328125,2094.0899849049747
2026-07-21T04:16:19.123496+00:00,3845.0,35.0,96.13,34.0,1752.1328125,2094.44559436664
2026-07-21T04:16:19.499502+00:00,3845.0,35.0,96.14,34.0,1752.1328125,2094.8216007575393
2026-07-21T04:16:19.833624+00:00,3845.0,31.0,95.76,34.0,1752.1328125,2095.155721794814
2026-07-21T04:16:20.212650+00:00,3845.0,31.0,95.59,34.0,1752.1328125,2095.534748006612
2026-07-21T04:16:20.544975+00:00,3845.0,33.0,95.64,34.0,1752.1328125,2095.867072414607
2026-07-21T04:16:20.872712+00:00,3845.0,36.0,95.97,34.0,1752.1328125,2096.1948097124696
2026-07-21T04:16:21.203476+00:00,3845.0,35.0,96.34,34.0,1752.1328125,2096.52557368204
2026-07-21T04:16:21.561766+00:00,3845.0,33.0,96.29,34.0,1752.1328125,2096.883863694966
2026-07-21T04:16:21.893420+00:00,3845.0,37.0,96.46,34.0,1752.1328125,2097.215517528355
2026-07-21T04:16:22.224512+00:00,3845.0,26.0,95.54,34.0,1752.15625,2097.546610273421
2026-07-21T04:16:22.578925+00:00,3845.0,36.0,95.64,34.0,1752.15625,2097.9010228589177
2026-07-21T04:16:22.908029+00:00,3845.0,37.0,95.26,34.0,1752.15625,2098.230127032846
2026-07-21T04:16:23.216516+00:00,3845.0,37.0,96.5,34.0,1752.15625,2098.5386139303446
2026-07-21T04:16:23.589812+00:00,3845.0,37.0,96.93,34.0,1752.15625,2098.91191021353
2026-07-21T04:16:23.917089+00:00,3845.0,37.0,97.2,34.0,1752.15625,2099.239187128842
2026-07-21T04:16:24.294346+00:00,3845.0,32.0,96.75,34.0,1752.15625,2099.616442937404
2026-07-21T04:16:24.627985+00:00,3845.0,37.0,95.9,34.0,1752.16796875,2099.950082793832
2026-07-21T04:16:24.936668+00:00,3845.0,38.0,95.91,34.0,1752.16796875,2100.2587658166885
2026-07-21T04:16:25.270910+00:00,3845.0,37.0,96.32,34.0,1752.16796875,2100.593008350581
2026-07-21T04:16:25.622229+00:00,3845.0,37.0,96.84,34.0,1752.16796875,2100.9443278089166
2026-07-21T04:16:25.999506+00:00,3845.0,38.0,97.18,34.0,1752.16796875,2101.321604464203
2026-07-21T04:16:26.333734+00:00,3845.0,37.0,96.92,34.0,1752.16796875,2101.6558326110244
2026-07-21T04:16:26.687416+00:00,3845.0,37.0,97.21,34.0,1752.16796875,2102.009514141828
2026-07-21T04:16:27.034680+00:00,3845.0,37.0,96.78,34.0,1752.16796875,2102.3567785806954
2026-07-21T04:16:27.345584+00:00,3845.0,38.0,96.88,34.0,1752.16796875,2102.66768001765
2026-07-21T04:16:27.658056+00:00,3845.0,37.0,96.82,34.0,1752.16796875,2102.980153784156
2026-07-21T04:16:28.030522+00:00,3845.0,23.0,94.9,34.0,1752.18359375,2103.3526189439
2026-07-21T04:16:28.370505+00:00,3845.0,37.0,94.82,34.0,1752.18359375,2103.692602328956
2026-07-21T04:16:28.700658+00:00,3845.0,37.0,94.83,34.0,1752.18359375,2104.0227562002838
2026-07-21T04:16:29.033425+00:00,3845.0,37.0,96.39,34.0,1752.18359375,2104.3555235750973
2026-07-21T04:16:29.398264+00:00,3845.0,37.0,96.52,34.0,1752.18359375,2104.720362432301
2026-07-21T04:16:29.708329+00:00,3845.0,37.0,96.53,34.0,1752.18359375,2105.0304266922176
2026-07-21T04:16:30.103141+00:00,3845.0,37.0,97.0,34.0,1752.18359375,2105.4252394139767
2026-07-21T04:16:30.435516+00:00,3845.0,15.0,93.95,34.0,1752.19921875,2105.757612552494
2026-07-21T04:16:30.786783+00:00,3845.0,37.0,94.26,34.0,1752.19921875,2106.108881186694
2026-07-21T04:16:31.138665+00:00,3845.0,37.0,93.88,34.0,1752.19921875,2106.4607628285885
2026-07-21T04:16:31.468187+00:00,3845.0,37.0,96.22,34.0,1752.19921875,2106.7902846746147
2026-07-21T04:16:31.818239+00:00,3845.0,37.0,96.67,34.0,1752.19921875,2107.140337690711
2026-07-21T04:16:32.170119+00:00,3845.0,37.0,96.73,34.0,1752.19921875,2107.492216438055
2026-07-21T04:16:32.500089+00:00,3845.0,37.0,97.14,34.0,1752.19921875,2107.8221877999604
2026-07-21T04:16:32.878623+00:00,3845.0,36.0,97.18,34.0,1752.19921875,2108.2007206603885
2026-07-21T04:16:33.210618+00:00,3845.0,6.0,95.54,34.0,1752.2109375,2108.53271497041
2026-07-21T04:16:33.540152+00:00,3845.0,36.0,95.69,34.0,1752.2109375,2108.8622497469187
2026-07-21T04:16:33.895227+00:00,3845.0,37.0,95.16,34.0,1752.2109375,2109.217325296253
2026-07-21T04:16:34.204874+00:00,3845.0,36.0,96.15,34.0,1752.2109375,2109.526972427964
2026-07-21T04:16:34.586630+00:00,3845.0,35.0,96.08,34.0,1752.2109375,2109.908728491515
2026-07-21T04:16:34.960577+00:00,3845.0,37.0,96.3,34.0,1752.2109375,2110.282674498856
2026-07-21T04:16:35.323028+00:00,3845.0,36.0,96.43,34.0,1752.2109375,2110.645126271993
2026-07-21T04:16:35.751234+00:00,3845.0,14.0,95.71,34.0,1752.2265625,2111.0733302235603
2026-07-21T04:16:36.104943+00:00,3845.0,36.0,95.96,34.0,1752.2265625,2111.4270404167473
2026-07-21T04:16:36.432796+00:00,3845.0,37.0,96.0,34.0,1752.2265625,2111.7548940591514
2026-07-21T04:16:36.811095+00:00,3845.0,35.0,96.89,34.0,1752.2265625,2112.133192781359
2026-07-21T04:16:37.166486+00:00,3845.0,37.0,97.04,34.0,1752.2265625,2112.4885837100446
2026-07-21T04:16:37.493362+00:00,3845.0,36.0,97.21,34.0,1752.2265625,2112.8154591321945
2026-07-21T04:16:37.820975+00:00,3845.0,37.0,96.95,34.0,1752.2265625,2113.1430728435516
2026-07-21T04:16:38.156489+00:00,3845.0,36.0,96.9,34.0,1752.2265625,2113.47858678177
2026-07-21T04:16:38.526040+00:00,3845.0,38.0,96.77,34.0,1752.2265625,2113.848138604313
2026-07-21T04:16:38.875275+00:00,3845.0,32.0,96.71,34.0,1752.2265625,2114.197373598814
2026-07-21T04:16:39.207184+00:00,3845.0,37.0,95.91,34.0,1752.2265625,2114.5292811244726
2026-07-21T04:16:39.554699+00:00,3845.0,37.0,95.73,34.0,1752.2265625,2114.876796398312
2026-07-21T04:16:39.902915+00:00,3845.0,37.0,96.26,34.0,1752.2265625,2115.225012563169
2026-07-21T04:16:40.259796+00:00,3845.0,37.0,97.61,34.0,1752.2265625,2115.581893954426
2026-07-21T04:16:40.587690+00:00,3845.0,38.0,97.07,34.0,1752.2265625,2115.909787274897
2026-07-21T04:16:40.942390+00:00,3845.0,37.0,97.53,34.0,1752.2265625,2116.2644878402352
2026-07-21T04:16:41.311926+00:00,3845.0,37.0,97.23,34.0,1752.2265625,2116.634024210274
2026-07-21T04:16:41.666675+00:00,3845.0,37.0,97.85,34.0,1752.2265625,2116.9887731671333
2026-07-21T04:16:42.042411+00:00,3845.0,37.0,97.83,34.0,1752.2265625,2117.3645088262856
2026-07-21T04:16:42.417990+00:00,3845.0,37.0,97.63,34.0,1752.2265625,2117.7400872185826
2026-07-21T04:16:42.748326+00:00,3845.0,38.0,97.61,34.0,1752.2265625,2118.0704236738384
2026-07-21T04:16:43.080267+00:00,3845.0,37.0,97.29,34.0,1752.2265625,2118.402364552021
2026-07-21T04:16:43.434929+00:00,3845.0,38.0,97.04,34.0,1752.2265625,2118.7570262029767
2026-07-21T04:16:43.744916+00:00,3845.0,37.0,97.04,34.0,1752.2265625,2119.067013800144
2026-07-21T04:16:44.143315+00:00,3845.0,27.0,95.68,34.0,1752.28515625,2119.4654116258025
2026-07-21T04:16:44.522685+00:00,3845.0,35.0,95.22,34.0,1752.29296875,2119.844782870263
2026-07-21T04:16:44.875564+00:00,3845.0,36.0,94.99,34.0,1752.296875,2120.1976614892483
2026-07-21T04:16:45.207415+00:00,3845.0,35.0,96.45,34.0,1752.296875,2120.52951252833
2026-07-21T04:16:45.536543+00:00,3845.0,38.0,96.06,34.0,1752.30078125,2120.8586407974362
2026-07-21T04:16:45.865505+00:00,3845.0,36.0,96.21,34.0,1752.30078125,2121.187602419406
2026-07-21T04:16:46.222741+00:00,3845.0,37.0,96.21,34.0,1752.3046875,2121.544838760048
2026-07-21T04:16:46.548660+00:00,3845.0,27.0,95.86,34.0,1752.30859375,2121.8707579150796
2026-07-21T04:16:46.929061+00:00,3845.0,37.0,96.08,34.0,1752.30859375,2122.2511589303613
2026-07-21T04:16:47.310175+00:00,3845.0,37.0,96.4,34.0,1752.3125,2122.6322724819183
2026-07-21T04:16:47.707281+00:00,3845.0,7.0,95.65,33.0,1752.3671875,2123.0293778404593
2026-07-21T04:16:48.040807+00:00,3845.0,36.0,95.53,34.0,1752.37109375,2123.36290493235
2026-07-21T04:16:48.397192+00:00,3845.0,37.0,95.3,34.0,1752.375,2123.7192898243666
2026-07-21T04:16:48.729560+00:00,3845.0,35.0,95.57,34.0,1752.37890625,2124.051658369601
2026-07-21T04:16:49.061639+00:00,3845.0,27.0,95.08,33.0,1752.37890625,2124.383737001568
2026-07-21T04:16:49.415179+00:00,3845.0,30.0,94.88,33.0,1752.3828125,2124.7372770011425
2026-07-21T04:16:49.748743+00:00,3845.0,37.0,95.21,34.0,1752.38671875,2125.070841308683
2026-07-21T04:16:50.116993+00:00,3845.0,35.0,96.31,34.0,1752.38671875,2125.439089987427
2026-07-21T04:16:50.449945+00:00,3845.0,36.0,96.06,34.0,1752.390625,2125.772042699158
2026-07-21T04:16:50.784107+00:00,3845.0,38.0,96.31,34.0,1752.390625,2126.1062050126493
2026-07-21T04:16:51.138349+00:00,3845.0,36.0,95.36,34.0,1752.41796875,2126.4604455307126
2026-07-21T04:16:51.513906+00:00,3845.0,34.0,94.41,33.0,1752.421875,2126.836004000157
2026-07-21T04:16:51.887328+00:00,3845.0,36.0,94.27,33.0,1752.421875,2127.2094259671867
2026-07-21T04:16:52.263245+00:00,3845.0,35.0,94.99,33.0,1752.421875,2127.5853427387774
2026-07-21T04:16:52.595234+00:00,3845.0,37.0,95.88,33.0,1752.421875,2127.9173310138285
2026-07-21T04:16:52.928819+00:00,3845.0,36.0,96.18,33.0,1752.42578125,2128.2509172335267
2026-07-21T04:16:53.262122+00:00,3845.0,24.0,95.11,33.0,1752.42578125,2128.584220264107
2026-07-21T04:16:53.610773+00:00,3845.0,37.0,95.04,33.0,1752.4296875,2128.932870194316
2026-07-21T04:16:53.987289+00:00,3845.0,32.0,95.18,33.0,1752.43359375,2129.3093846961856
2026-07-21T04:16:54.321455+00:00,3845.0,37.0,95.91,33.0,1752.43359375,2129.6435534246266
2026-07-21T04:16:54.652745+00:00,3845.0,37.0,95.63,33.0,1752.44140625,2129.9748434200883
2026-07-21T04:16:54.988233+00:00,3845.0,37.0,95.77,33.0,1752.44140625,2130.3103310093284
2026-07-21T04:16:55.320000+00:00,3845.0,34.0,95.96,33.0,1752.4453125,2130.642098952085
2026-07-21T04:16:55.656555+00:00,3845.0,37.0,95.29,33.0,1752.4453125,2130.9786529242992
2026-07-21T04:16:56.011560+00:00,3845.0,36.0,95.36,33.0,1752.44921875,2131.33365694806
2026-07-21T04:16:56.428184+00:00,3845.0,24.0,95.84,33.0,1752.46875,2131.750281121582
2026-07-21T04:16:56.781506+00:00,3845.0,37.0,96.13,33.0,1752.46875,2132.103604283184
2026-07-21T04:16:57.109281+00:00,3845.0,36.0,96.09,33.0,1752.48046875,2132.4313786663115
2026-07-21T04:16:57.458931+00:00,3845.0,35.0,96.74,33.0,1752.48046875,2132.781028561294
2026-07-21T04:16:57.792972+00:00,3845.0,36.0,96.41,33.0,1752.48046875,2133.1150696091354
2026-07-21T04:16:58.145179+00:00,3845.0,36.0,96.56,33.0,1752.48046875,2133.4672766663134
2026-07-21T04:16:58.481750+00:00,3845.0,37.0,96.28,33.0,1752.484375,2133.803848013282
2026-07-21T04:16:58.831624+00:00,3845.0,25.0,94.77,33.0,1752.484375,2134.153721898794
2026-07-21T04:16:59.178949+00:00,3845.0,36.0,94.71,33.0,1752.484375,2134.5010475702584
2026-07-21T04:16:59.530592+00:00,3845.0,36.0,94.8,33.0,1752.48828125,2134.8526904582977
2026-07-21T04:16:59.886825+00:00,3845.0,21.0,95.17,33.0,1752.5078125,2135.208922829479
2026-07-21T04:17:00.243760+00:00,3845.0,36.0,95.34,33.0,1752.51171875,2135.5658579431474
2026-07-21T04:17:00.576267+00:00,3845.0,35.0,95.49,33.0,1752.515625,2135.898365356028
2026-07-21T04:17:00.908759+00:00,3845.0,35.0,96.18,33.0,1752.515625,2136.2308572754264
2026-07-21T04:17:01.261855+00:00,3845.0,35.0,96.26,33.0,1752.5234375,2136.5839536376297
2026-07-21T04:17:01.614407+00:00,3845.0,36.0,96.49,33.0,1752.5234375,2136.9365028962493
2026-07-21T04:17:01.945234+00:00,3845.0,36.0,96.15,33.0,1752.53125,2137.2673306651413
2026-07-21T04:17:02.298391+00:00,3845.0,35.0,96.63,33.0,1752.53125,2137.620489127934
2026-07-21T04:17:02.650642+00:00,3845.0,37.0,96.38,33.0,1752.5390625,2137.9727400951087
2026-07-21T04:17:03.026649+00:00,3845.0,36.0,96.63,33.0,1752.54296875,2138.3487383835018
2026-07-21T04:17:03.385691+00:00,3845.0,36.0,96.57,33.0,1752.546875,2138.7077897004783
2026-07-21T04:17:03.766959+00:00,3845.0,36.0,96.61,33.0,1752.546875,2139.089057404548
2026-07-21T04:17:04.121965+00:00,3845.0,37.0,96.6,33.0,1752.546875,2139.4440628774464
2026-07-21T04:17:04.504159+00:00,3845.0,36.0,96.65,33.0,1752.5546875,2139.8262560740113
2026-07-21T04:17:04.856113+00:00,3845.0,34.0,96.44,33.0,1752.55859375,2140.178209684789
2026-07-21T04:17:05.231192+00:00,3845.0,37.0,96.69,33.0,1752.56640625,2140.553289487958
2026-07-21T04:17:05.564828+00:00,3845.0,37.0,96.77,33.0,1752.56640625,2140.8869262374938
2026-07-21T04:17:05.880342+00:00,3845.0,37.0,96.82,33.0,1752.57421875,2141.202440086752
2026-07-21T04:17:06.235984+00:00,3845.0,37.0,96.77,33.0,1752.57421875,2141.5580818504095
2026-07-21T04:17:06.564805+00:00,3845.0,36.0,96.72,33.0,1752.578125,2141.886903345585
2026-07-21T04:17:06.942836+00:00,3845.0,35.0,97.19,33.0,1752.58203125,2142.2649339847267
2026-07-21T04:17:07.272868+00:00,3845.0,36.0,97.04,33.0,1752.5859375,2142.594965506345
2026-07-21T04:17:07.621982+00:00,3845.0,36.0,97.74,33.0,1752.59375,2142.9440799616277
2026-07-21T04:17:08.002354+00:00,3845.0,37.0,97.77,33.0,1752.59375,2143.324452519417
2026-07-21T04:17:08.350734+00:00,3845.0,36.0,96.35,33.0,1752.62109375,2143.6728320270777
2026-07-21T04:17:08.684064+00:00,3845.0,36.0,95.73,33.0,1752.62109375,2144.0061613209546
2026-07-21T04:17:09.041344+00:00,3845.0,36.0,95.21,33.0,1752.62890625,2144.3634424321353
2026-07-21T04:17:09.377450+00:00,3845.0,36.0,96.12,33.0,1752.62890625,2144.6995482183993
2026-07-21T04:17:09.712494+00:00,3845.0,36.0,95.91,33.0,1752.6328125,2145.0345917008817
2026-07-21T04:17:10.102523+00:00,3845.0,34.0,95.76,33.0,1752.64453125,2145.424618650228
2026-07-21T04:17:10.432668+00:00,3845.0,36.0,95.64,33.0,1752.6640625,2145.754765857011
2026-07-21T04:17:10.786414+00:00,3845.0,36.0,95.96,33.0,1752.66796875,2146.1085117571056
2026-07-21T04:17:11.142715+00:00,3845.0,37.0,96.93,33.0,1752.66796875,2146.464813232422
2026-07-21T04:17:11.503232+00:00,3845.0,36.0,96.23,33.0,1752.67578125,2146.825329720974
2026-07-21T04:17:11.833847+00:00,3845.0,35.0,96.17,33.0,1752.67578125,2147.1559419333935
2026-07-21T04:17:12.168427+00:00,3845.0,37.0,95.99,33.0,1752.67578125,2147.4905258901417
2026-07-21T04:17:12.503551+00:00,3845.0,35.0,95.95,33.0,1752.68359375,2147.8256497494876
2026-07-21T04:17:12.854529+00:00,3845.0,36.0,95.9,33.0,1752.68359375,2148.1766267754138
2026-07-21T04:17:13.232050+00:00,3845.0,35.0,95.53,33.0,1752.69140625,2148.5541468262672
2026-07-21T04:17:13.606887+00:00,3845.0,36.0,95.73,33.0,1752.703125,2148.9289857149124
2026-07-21T04:17:13.959337+00:00,3845.0,37.0,95.71,33.0,1752.7109375,2149.2814349494874
2026-07-21T04:17:14.293588+00:00,3845.0,36.0,96.94,33.0,1752.7109375,2149.615686196834
2026-07-21T04:17:14.647213+00:00,3845.0,37.0,96.44,33.0,1752.71484375,2149.969311017543
2026-07-21T04:17:14.977644+00:00,3845.0,35.0,96.43,33.0,1752.71875,2150.2997421473265
2026-07-21T04:17:15.308135+00:00,3845.0,37.0,96.02,33.0,1752.71875,2150.63023397699
2026-07-21T04:17:15.689556+00:00,3845.0,36.0,96.51,33.0,1752.73046875,2151.0116539523005
2026-07-21T04:17:16.048124+00:00,3845.0,37.0,96.78,33.0,1752.73046875,2151.3702221922576
2026-07-21T04:17:16.383948+00:00,3845.0,37.0,96.88,33.0,1752.734375,2151.706046346575
2026-07-21T04:17:16.734625+00:00,3845.0,36.0,96.51,33.0,1752.734375,2152.056722778827
2026-07-21T04:17:17.068486+00:00,3845.0,37.0,96.52,33.0,1752.74609375,2152.3905844800174
2026-07-21T04:17:17.422402+00:00,3845.0,37.0,97.16,33.0,1752.74609375,2152.744500953704
2026-07-21T04:17:17.795201+00:00,3845.0,37.0,97.19,33.0,1752.75390625,2153.117298670113
2026-07-21T04:17:18.135007+00:00,3845.0,37.0,97.02,33.0,1752.75390625,2153.4571051821113
2026-07-21T04:17:18.464549+00:00,3845.0,37.0,97.17,33.0,1752.7578125,2153.7866479232907
2026-07-21T04:17:18.818873+00:00,3845.0,38.0,96.8,33.0,1752.76171875,2154.140971314162
2026-07-21T04:17:19.174252+00:00,3845.0,37.0,97.21,33.0,1752.765625,2154.496350489557
2026-07-21T04:17:19.504070+00:00,3845.0,38.0,97.11,33.0,1752.7734375,2154.826167549938
2026-07-21T04:17:19.854329+00:00,3845.0,38.0,97.21,33.0,1752.7734375,2155.17642724514
2026-07-21T04:17:20.182741+00:00,3845.0,38.0,97.16,33.0,1752.7890625,2155.5048393048346
2026-07-21T04:17:20.492624+00:00,3845.0,36.0,97.19,33.0,1752.7890625,2155.8147227428854
2026-07-21T04:17:20.846967+00:00,3845.0,37.0,97.4,33.0,1752.79296875,2156.1690653190017
2026-07-21T04:17:21.157475+00:00,3845.0,38.0,97.29,33.0,1752.79296875,2156.4795734733343
2026-07-21T04:17:21.554945+00:00,3845.0,11.0,96.25,33.0,1752.828125,2156.877042092383
2026-07-21T04:17:21.887740+00:00,3845.0,36.0,95.86,33.0,1752.83203125,2157.2098379693925
2026-07-21T04:17:22.217221+00:00,3845.0,36.0,95.68,33.0,1752.83203125,2157.539319436997
2026-07-21T04:17:22.548206+00:00,3845.0,36.0,96.2,33.0,1752.84765625,2157.8703042455018
2026-07-21T04:17:22.902802+00:00,3845.0,37.0,96.26,33.0,1752.84765625,2158.224899608642
2026-07-21T04:17:23.254721+00:00,3845.0,37.0,96.44,33.0,1752.8515625,2158.576819047332
2026-07-21T04:17:23.588136+00:00,3845.0,6.0,95.3,33.0,1752.87109375,2158.910233553499
2026-07-21T04:17:23.938777+00:00,3845.0,37.0,95.34,33.0,1752.875,2159.260873924941
2026-07-21T04:17:24.318173+00:00,3845.0,37.0,95.55,33.0,1752.875,2159.640271168202
2026-07-21T04:17:24.647975+00:00,3845.0,37.0,96.58,33.0,1752.875,2159.970072813332
2026-07-21T04:17:24.981148+00:00,3845.0,37.0,96.37,33.0,1752.890625,2160.303245421499
2026-07-21T04:17:25.308046+00:00,3845.0,3.0,95.06,33.0,1752.90234375,2160.6301437467337
2026-07-21T04:17:25.662868+00:00,3845.0,36.0,95.16,33.0,1752.90234375,2160.9849653840065
2026-07-21T04:17:25.973267+00:00,3845.0,37.0,95.38,33.0,1752.90625,2161.295365098864
2026-07-21T04:17:26.325864+00:00,3845.0,37.0,96.4,33.0,1752.9140625,2161.6479620821774
2026-07-21T04:17:26.654309+00:00,3845.0,37.0,96.3,33.0,1752.91796875,2161.9764075130224
2026-07-21T04:17:26.983748+00:00,3845.0,37.0,96.23,33.0,1752.91796875,2162.305846489966
2026-07-21T04:17:27.316031+00:00,3845.0,36.0,96.39,33.0,1752.9296875,2162.638129722327
2026-07-21T04:17:27.691817+00:00,3845.0,12.0,95.35,33.0,1752.94921875,2163.0139143504202
2026-07-21T04:17:28.024845+00:00,3845.0,36.0,95.27,33.0,1752.94921875,2163.3469435870647
2026-07-21T04:17:28.380690+00:00,3845.0,37.0,95.44,33.0,1752.95703125,2163.7027887664735
2026-07-21T04:17:28.762511+00:00,3845.0,35.0,96.23,33.0,1752.95703125,2164.0846094861627
2026-07-21T04:17:29.120863+00:00,3845.0,37.0,96.46,33.0,1752.96484375,2164.4429610706866
2026-07-21T04:17:29.470512+00:00,3845.0,25.0,95.49,33.0,1752.9765625,2164.792610075325
2026-07-21T04:17:29.805493+00:00,3845.0,35.0,95.1,33.0,1752.984375,2165.127591177821
2026-07-21T04:17:30.117854+00:00,3845.0,35.0,95.07,33.0,1752.984375,2165.4399520531297
2026-07-21T04:17:30.471705+00:00,3845.0,35.0,95.88,33.0,1752.9921875,2165.7938031107187
2026-07-21T04:17:30.827453+00:00,3845.0,35.0,95.94,33.0,1752.99609375,2166.149550896138
2026-07-21T04:17:31.151392+00:00,3845.0,35.0,95.81,33.0,1752.99609375,2166.4734902232885
2026-07-21T04:17:31.507145+00:00,3845.0,38.0,95.82,33.0,1753.0078125,2166.829243466258
2026-07-21T04:17:31.888028+00:00,3845.0,37.0,96.18,33.0,1753.0078125,2167.2101263441145
2026-07-21T04:17:32.219901+00:00,3845.0,36.0,96.39,33.0,1753.0078125,2167.5419987626374
2026-07-21T04:17:32.623031+00:00,3845.0,36.0,96.26,33.0,1753.0078125,2167.945127658546
2026-07-21T04:17:32.960489+00:00,3845.0,37.0,95.65,33.0,1753.03515625,2168.28258690238
2026-07-21T04:17:33.292953+00:00,3845.0,36.0,95.98,33.0,1753.03515625,2168.6150512099266
2026-07-21T04:17:33.624090+00:00,3845.0,37.0,96.46,33.0,1753.046875,2168.946188427508
2026-07-21T04:17:33.957212+00:00,3845.0,36.0,96.52,33.0,1753.0546875,2169.2793106883764
2026-07-21T04:17:34.266420+00:00,3845.0,37.0,96.41,33.0,1753.0546875,2169.5885182879865
2026-07-21T04:17:34.614905+00:00,3845.0,37.0,96.45,33.0,1753.0703125,2169.937003131956
2026-07-21T04:17:34.970153+00:00,3845.0,37.0,96.43,33.0,1753.0703125,2170.292251981795
2026-07-21T04:17:35.304617+00:00,3845.0,37.0,96.54,33.0,1753.078125,2170.626714859158
2026-07-21T04:17:35.615049+00:00,3845.0,38.0,96.49,33.0,1753.078125,2170.9371477626264
2026-07-21T04:17:35.945015+00:00,3845.0,37.0,96.78,33.0,1753.09375,2171.2671137936413
2026-07-21T04:17:36.278608+00:00,3845.0,38.0,96.96,33.0,1753.1015625,2171.600706592202
2026-07-21T04:17:36.611846+00:00,3845.0,37.0,96.95,33.0,1753.10546875,2171.933944955468
2026-07-21T04:17:36.990822+00:00,3845.0,37.0,97.14,33.0,1753.1171875,2172.3129198290408
2026-07-21T04:17:37.319709+00:00,3845.0,38.0,97.49,33.0,1753.1171875,2172.641806449741
2026-07-21T04:17:37.647452+00:00,3845.0,38.0,97.15,33.0,1753.12890625,2172.9695510044694
2026-07-21T04:17:37.976016+00:00,3845.0,37.0,97.16,33.0,1753.12890625,2173.298114795238
2026-07-21T04:17:38.304722+00:00,3845.0,38.0,97.13,33.0,1753.140625,2173.6268209181726
2026-07-21T04:17:38.652356+00:00,3845.0,38.0,97.23,33.0,1753.140625,2173.9744542241096
2026-07-21T04:17:38.959704+00:00,3845.0,37.0,97.11,33.0,1753.14453125,2174.281803075224
2026-07-21T04:17:39.287525+00:00,3845.0,37.0,96.94,33.0,1753.16796875,2174.6096238195896
2026-07-21T04:17:39.643533+00:00,3845.0,38.0,96.97,33.0,1753.16796875,2174.9656308703125
2026-07-21T04:17:39.951064+00:00,3845.0,37.0,97.01,33.0,1753.171875,2175.273161970079
2026-07-21T04:17:40.258331+00:00,3845.0,38.0,97.41,33.0,1753.171875,2175.580428957939
2026-07-21T04:17:40.566913+00:00,3845.0,37.0,97.29,33.0,1753.1796875,2175.889011826366
2026-07-21T04:17:40.873903+00:00,3845.0,8.0,96.23,34.0,1753.20703125,2176.196000985801
2026-07-21T04:17:41.223123+00:00,3845.0,38.0,95.94,33.0,1753.2109375,2176.545221053064
2026-07-21T04:17:41.552354+00:00,3845.0,37.0,95.67,33.0,1753.21484375,2176.8744511045516
2026-07-21T04:17:41.902700+00:00,3845.0,37.0,96.58,33.0,1753.21875,2177.224798437208
2026-07-21T04:17:42.237067+00:00,3845.0,37.0,96.62,33.0,1753.2421875,2177.5591655932367
2026-07-21T04:17:42.568315+00:00,3845.0,38.0,96.64,33.0,1753.2421875,2177.8904134631157
2026-07-21T04:17:42.878228+00:00,3845.0,37.0,96.63,33.0,1753.2578125,2178.200325846672
2026-07-21T04:17:43.208649+00:00,3845.0,38.0,96.46,33.0,1753.2578125,2178.530747510493
2026-07-21T04:17:43.559857+00:00,3845.0,37.0,96.75,33.0,1753.26953125,2178.8819541707635
2026-07-21T04:17:43.896479+00:00,3845.0,37.0,96.63,33.0,1753.28125,2179.2185774184763
2026-07-21T04:17:44.224723+00:00,3845.0,36.0,96.47,33.0,1753.28125,2179.546821434051
2026-07-21T04:17:44.535398+00:00,3845.0,37.0,95.36,33.0,1753.3046875,2179.857495184988
2026-07-21T04:17:44.911245+00:00,3845.0,36.0,95.52,33.0,1753.3046875,2180.2333435304463
2026-07-21T04:17:45.267743+00:00,3845.0,35.0,95.44,33.0,1753.30859375,2180.589840706438
2026-07-21T04:17:45.599567+00:00,3845.0,1.0,94.38,33.0,1753.3203125,2180.921664185822
2026-07-21T04:17:45.979210+00:00,3845.0,35.0,93.94,33.0,1753.3203125,2181.301306884736
2026-07-21T04:17:46.315679+00:00,3845.0,36.0,93.63,33.0,1753.3203125,2181.63777641207
2026-07-21T04:17:46.649417+00:00,3845.0,38.0,96.12,33.0,1753.3203125,2181.9715140983462
2026-07-21T04:17:46.984899+00:00,3845.0,37.0,96.31,33.0,1753.3203125,2182.3069971501827
2026-07-21T04:17:47.361042+00:00,3845.0,38.0,96.92,33.0,1753.3203125,2182.6831400878727
2026-07-21T04:17:47.714843+00:00,3845.0,36.0,96.9,33.0,1753.3203125,2183.036941073835
2026-07-21T04:17:48.067135+00:00,3845.0,37.0,96.96,33.0,1753.3203125,2183.389232762158
2026-07-21T04:17:48.400354+00:00,3845.0,37.0,96.58,33.0,1753.3203125,2183.7224516011775
2026-07-21T04:17:48.733812+00:00,3845.0,37.0,96.49,33.0,1753.3203125,2184.0559098422527
2026-07-21T04:17:49.065235+00:00,3845.0,37.0,96.74,33.0,1753.3203125,2184.3873329125345
2026-07-21T04:17:49.397005+00:00,3845.0,36.0,96.75,33.0,1753.3203125,2184.719103079289
2026-07-21T04:17:49.726723+00:00,3845.0,37.0,96.74,33.0,1753.3203125,2185.0488187223673
2026-07-21T04:17:50.075591+00:00,3845.0,37.0,97.01,33.0,1753.3203125,2185.397689048201
2026-07-21T04:17:50.434584+00:00,3845.0,38.0,97.24,33.0,1753.3203125,2185.7566833011806
2026-07-21T04:17:50.746163+00:00,3845.0,37.0,97.3,33.0,1753.3203125,2186.0682611241937
2026-07-21T04:17:51.101368+00:00,3845.0,38.0,97.42,33.0,1753.3203125,2186.423466000706
2026-07-21T04:17:51.474496+00:00,3845.0,38.0,97.42,33.0,1753.3203125,2186.7965941280127
2026-07-21T04:17:51.805332+00:00,3845.0,38.0,97.9,33.0,1753.3203125,2187.127429969609
2026-07-21T04:17:52.145526+00:00,3845.0,37.0,97.95,33.0,1753.3203125,2187.4676233530045
2026-07-21T04:17:52.476957+00:00,3845.0,38.0,97.65,33.0,1753.3203125,2187.799054760486
2026-07-21T04:17:52.787151+00:00,3845.0,33.0,96.59,33.0,1753.34375,2188.1092487685382
2026-07-21T04:17:53.129476+00:00,3845.0,37.0,96.13,33.0,1753.34375,2188.4515744894743
2026-07-21T04:17:53.439773+00:00,3845.0,37.0,95.62,33.0,1753.34375,2188.761870983988
2026-07-21T04:17:53.768865+00:00,3845.0,38.0,96.37,33.0,1753.34375,2189.090963177383
2026-07-21T04:17:54.100294+00:00,3845.0,37.0,96.5,33.0,1753.34375,2189.422393050045
2026-07-21T04:17:54.483311+00:00,3845.0,24.0,96.06,33.0,1753.34375,2189.805409375578
2026-07-21T04:17:54.816663+00:00,3845.0,37.0,96.22,33.0,1753.34375,2190.138761330396
2026-07-21T04:17:55.131295+00:00,3845.0,38.0,95.9,33.0,1753.34375,2190.453392162919
2026-07-21T04:17:55.441275+00:00,3845.0,37.0,96.72,33.0,1753.34375,2190.763368625194
2026-07-21T04:17:55.819371+00:00,3845.0,37.0,96.65,33.0,1753.34375,2191.141469873488
2026-07-21T04:17:56.154878+00:00,3845.0,38.0,96.62,33.0,1753.34375,2191.4769768752158
2026-07-21T04:17:56.490214+00:00,3845.0,37.0,96.86,33.0,1753.34375,2191.812312398106
2026-07-21T04:17:56.820681+00:00,3845.0,38.0,96.68,33.0,1753.34375,2192.142778530717
2026-07-21T04:17:57.207090+00:00,3845.0,4.0,96.24,33.0,1753.359375,2192.5291875451803
2026-07-21T04:17:57.562501+00:00,3845.0,37.0,96.34,33.0,1753.359375,2192.8845991529524
2026-07-21T04:17:57.893163+00:00,3845.0,38.0,96.18,33.0,1753.359375,2193.215260040015
2026-07-21T04:17:58.240197+00:00,3845.0,38.0,97.1,33.0,1753.359375,2193.5622955858707
2026-07-21T04:17:58.569935+00:00,3845.0,37.0,96.64,33.0,1753.359375,2193.8920334503055
2026-07-21T04:17:58.946459+00:00,3845.0,37.0,96.95,33.0,1753.359375,2194.268556714058
2026-07-21T04:17:59.299343+00:00,3845.0,38.0,96.64,33.0,1753.375,2194.6214407272637
2026-07-21T04:17:59.632347+00:00,3845.0,38.0,96.58,33.0,1753.375,2194.9544450491667
2026-07-21T04:17:59.960492+00:00,3845.0,37.0,96.79,33.0,1753.375,2195.282590147108
2026-07-21T04:18:00.288421+00:00,3845.0,38.0,96.84,33.0,1753.375,2195.6105191782117
2026-07-21T04:18:00.639034+00:00,3845.0,38.0,97.01,33.0,1753.375,2195.961131889373
2026-07-21T04:18:00.972253+00:00,3845.0,37.0,96.4,33.0,1753.375,2196.294350694865
2026-07-21T04:18:01.326858+00:00,3845.0,38.0,96.81,33.0,1753.375,2196.648956514895
2026-07-21T04:18:01.658078+00:00,3845.0,38.0,96.68,33.0,1753.375,2196.980176024139
2026-07-21T04:18:02.014738+00:00,3845.0,37.0,97.02,33.0,1753.375,2197.3368361108005
2026-07-21T04:18:02.349130+00:00,3845.0,37.0,96.65,33.0,1753.375,2197.6712281294167
2026-07-21T04:18:02.703347+00:00,3845.0,38.0,97.05,33.0,1753.375,2198.025444611907
2026-07-21T04:18:03.034893+00:00,3845.0,37.0,96.61,33.0,1753.375,2198.3569921702147
2026-07-21T04:18:03.387583+00:00,3845.0,37.0,96.73,33.0,1753.375,2198.709681250155
2026-07-21T04:18:03.721391+00:00,3845.0,38.0,96.67,33.0,1753.375,2199.0434889532626
2026-07-21T04:18:04.057034+00:00,3845.0,13.0,95.96,33.0,1753.39453125,2199.3791305311024
2026-07-21T04:18:04.411360+00:00,3845.0,35.0,95.48,33.0,1753.39453125,2199.7334585897624
2026-07-21T04:18:04.769411+00:00,3845.0,37.0,95.46,33.0,1753.39453125,2200.0914807394147
2026-07-21T04:18:05.114460+00:00,3845.0,35.0,96.59,33.0,1753.39453125,2200.4365590289235
2026-07-21T04:18:05.448465+00:00,3845.0,37.0,96.39,33.0,1753.39453125,2200.7705623954535
2026-07-21T04:18:05.776297+00:00,3845.0,37.0,96.45,33.0,1753.39453125,2201.09839515388
2026-07-21T04:18:06.104780+00:00,3845.0,33.0,95.99,33.0,1753.39453125,2201.4268782809377
2026-07-21T04:18:06.475817+00:00,3845.0,13.0,94.84,33.0,1753.3984375,2201.7979140765965
2026-07-21T04:18:06.834342+00:00,3845.0,38.0,94.62,33.0,1753.4140625,2202.1564400307834
2026-07-21T04:18:07.187567+00:00,3845.0,37.0,95.11,33.0,1753.4140625,2202.509664926678
2026-07-21T04:18:07.521183+00:00,3845.0,38.0,97.0,33.0,1753.4140625,2202.843281764537
2026-07-21T04:18:07.848570+00:00,3845.0,37.0,96.4,33.0,1753.4140625,2203.170668296516
2026-07-21T04:18:08.178887+00:00,3845.0,38.0,96.39,33.0,1753.4140625,2203.5009850896895
2026-07-21T04:18:08.642011+00:00,3845.0,38.0,96.58,33.0,1753.42578125,2203.9640947319567
2026-07-21T04:18:08.980059+00:00,3845.0,34.0,95.61,33.0,1753.42578125,2204.302157510072
2026-07-21T04:18:09.309575+00:00,3845.0,33.0,95.3,33.0,1753.42578125,2204.631673179567
2026-07-21T04:18:09.644502+00:00,3845.0,33.0,95.46,33.0,1753.42578125,2204.9666002467275
2026-07-21T04:18:10.019728+00:00,3845.0,34.0,95.14,33.0,1753.42578125,2205.341826159507
2026-07-21T04:18:10.348954+00:00,3845.0,36.0,94.18,33.0,1753.42578125,2205.671052288264
2026-07-21T04:18:10.699821+00:00,3845.0,37.0,95.07,33.0,1753.42578125,2206.0219189301133
2026-07-21T04:18:11.054939+00:00,3845.0,37.0,95.2,33.0,1753.42578125,2206.3770370967686
2026-07-21T04:18:11.371095+00:00,3845.0,38.0,96.33,33.0,1753.42578125,2206.6931932382286
2026-07-21T04:18:11.748279+00:00,3845.0,36.0,96.87,33.0,1753.42578125,2207.0703766830266
2026-07-21T04:18:12.084784+00:00,3845.0,38.0,96.58,33.0,1753.42578125,2207.4068818092346
2026-07-21T04:18:12.473958+00:00,3845.0,15.0,96.09,33.0,1753.44140625,2207.796055238694
2026-07-21T04:18:12.804570+00:00,3845.0,38.0,95.86,33.0,1753.44140625,2208.1266678459942
2026-07-21T04:18:13.154043+00:00,3845.0,38.0,95.82,33.0,1753.44140625,2208.47614152357
2026-07-21T04:18:13.483280+00:00,3845.0,37.0,96.21,33.0,1753.44140625,2208.8053775541484
2026-07-21T04:18:13.877107+00:00,3845.0,38.0,96.15,33.0,1753.44140625,2209.1992037706077
2026-07-21T04:18:14.212714+00:00,3845.0,36.0,95.58,33.0,1753.453125,2209.5348114147782
2026-07-21T04:18:14.544817+00:00,3845.0,37.0,95.53,33.0,1753.453125,2209.866914909333
2026-07-21T04:18:14.898863+00:00,3845.0,37.0,96.45,33.0,1753.453125,2210.220961868763
2026-07-21T04:18:15.234591+00:00,3845.0,36.0,96.09,33.0,1753.453125,2210.556689172983
2026-07-21T04:18:15.587046+00:00,3845.0,37.0,96.26,33.0,1753.453125,2210.909143548459
2026-07-21T04:18:15.922379+00:00,3845.0,36.0,96.36,33.0,1753.453125,2211.2444772683084
2026-07-21T04:18:16.252844+00:00,3845.0,37.0,96.25,33.0,1753.453125,2211.5749415531754
2026-07-21T04:18:16.584859+00:00,3845.0,36.0,96.25,33.0,1753.453125,2211.9069573171437
2026-07-21T04:18:17.034164+00:00,3845.0,37.0,97.05,33.0,1753.453125,2212.3562617748976
2026-07-21T04:18:17.370696+00:00,3845.0,37.0,96.99,33.0,1753.453125,2212.692793302238
2026-07-21T04:18:17.704316+00:00,3845.0,37.0,97.18,33.0,1753.453125,2213.026414260268
2026-07-21T04:18:18.115342+00:00,3845.0,12.0,95.81,33.0,1753.46875,2213.437439225614
2026-07-21T04:18:18.463333+00:00,3845.0,36.0,95.52,33.0,1753.46875,2213.7854307740927
2026-07-21T04:18:18.792680+00:00,3845.0,37.0,95.33,33.0,1753.46875,2214.1147788874805
2026-07-21T04:18:19.129766+00:00,3845.0,36.0,95.85,33.0,1753.46875,2214.4518634565175
2026-07-21T04:18:19.491654+00:00,3845.0,35.0,95.88,33.0,1753.46875,2214.8137521892786
2026-07-21T04:18:19.848774+00:00,3845.0,36.0,96.28,33.0,1753.46875,2215.17087219283
2026-07-21T04:18:20.201940+00:00,3845.0,36.0,96.75,33.0,1753.46875,2215.524037986994
2026-07-21T04:18:20.558730+00:00,3845.0,37.0,96.47,33.0,1753.46875,2215.8808279521763
2026-07-21T04:18:20.897326+00:00,3845.0,37.0,96.13,33.0,1753.46875,2216.2194244526327
2026-07-21T04:18:21.275761+00:00,3845.0,36.0,96.07,33.0,1753.46875,2216.597859464586
2026-07-21T04:18:21.630689+00:00,3845.0,37.0,96.17,33.0,1753.46875,2216.9527871347964
2026-07-21T04:18:21.986969+00:00,3845.0,36.0,96.54,33.0,1753.46875,2217.309067696333
2026-07-21T04:18:22.320461+00:00,3845.0,38.0,96.88,33.0,1753.46875,2217.6425590850413
2026-07-21T04:18:22.775285+00:00,3845.0,16.0,95.88,33.0,1753.48828125,2218.0973825007677
2026-07-21T04:18:23.157096+00:00,3845.0,36.0,95.51,33.0,1753.48828125,2218.479193981737
2026-07-21T04:18:23.490434+00:00,3845.0,37.0,95.24,33.0,1753.48828125,2218.8125320263207
2026-07-21T04:18:23.824184+00:00,3845.0,37.0,96.2,33.0,1753.48828125,2219.146282531321
2026-07-21T04:18:24.140626+00:00,3845.0,37.0,96.25,33.0,1753.48828125,2219.462724339217
2026-07-21T04:18:24.452105+00:00,3845.0,37.0,96.46,33.0,1753.48828125,2219.7742037326097
2026-07-21T04:18:24.830754+00:00,3845.0,37.0,96.36,33.0,1753.48828125,2220.152852140367
2026-07-21T04:18:25.202114+00:00,3845.0,37.0,96.86,33.0,1753.48828125,2220.524212293327
2026-07-21T04:18:25.536429+00:00,3845.0,37.0,96.77,33.0,1753.48828125,2220.8585271388292
2026-07-21T04:18:25.847542+00:00,3845.0,38.0,96.17,33.0,1753.48828125,2221.169639483094
2026-07-21T04:18:26.176534+00:00,3845.0,37.0,96.19,33.0,1753.4921875,2221.4986323043704
2026-07-21T04:18:26.510339+00:00,3845.0,38.0,96.04,33.0,1753.4921875,2221.832437168807
2026-07-21T04:18:26.887370+00:00,3845.0,36.0,96.54,33.0,1753.4921875,2222.2094673216343
2026-07-21T04:18:27.267847+00:00,3845.0,37.0,96.81,33.0,1753.4921875,2222.589945793152
2026-07-21T04:18:27.642457+00:00,3845.0,37.0,96.77,33.0,1753.4921875,2222.964554104954
2026-07-21T04:18:27.976828+00:00,3845.0,38.0,97.02,33.0,1753.4921875,2223.2989261820912
2026-07-21T04:18:28.304224+00:00,3845.0,38.0,96.65,33.0,1753.4921875,2223.6263220347464
2026-07-21T04:18:28.636913+00:00,3845.0,37.0,96.69,33.0,1753.4921875,2223.9590116925538
2026-07-21T04:18:29.050573+00:00,3845.0,16.0,96.13,33.0,1753.51171875,2224.3726701810956
2026-07-21T04:18:29.380423+00:00,3845.0,37.0,95.78,33.0,1753.51171875,2224.7025217600167
2026-07-21T04:18:29.712078+00:00,3845.0,36.0,95.68,33.0,1753.51171875,2225.0341759324074
2026-07-21T04:18:30.041351+00:00,3845.0,37.0,96.12,33.0,1753.51171875,2225.3634494021535
2026-07-21T04:18:30.380075+00:00,3845.0,36.0,96.07,33.0,1753.51171875,2225.702173244208
2026-07-21T04:18:30.753703+00:00,3845.0,37.0,96.11,33.0,1753.51171875,2226.075800165534
2026-07-21T04:18:31.085061+00:00,3845.0,37.0,96.36,33.0,1753.51171875,2226.4071589522064
2026-07-21T04:18:31.416336+00:00,3845.0,37.0,96.53,33.0,1753.51171875,2226.7384347505867
2026-07-21T04:18:31.766893+00:00,3845.0,36.0,96.14,33.0,1753.51171875,2227.0889912843704
2026-07-21T04:18:32.096324+00:00,3845.0,37.0,96.42,33.0,1753.51171875,2227.4184216968715
2026-07-21T04:18:32.407648+00:00,3845.0,37.0,96.43,33.0,1753.51171875,2227.729746501893
2026-07-21T04:18:32.778857+00:00,3845.0,37.0,96.68,33.0,1753.51171875,2228.1009544320405
2026-07-21T04:18:33.114570+00:00,3845.0,37.0,96.65,33.0,1753.51171875,2228.4366679415107
2026-07-21T04:18:33.448779+00:00,3845.0,37.0,96.72,33.0,1753.51171875,2228.7708765417337
2026-07-21T04:18:33.784822+00:00,3845.0,38.0,96.68,33.0,1753.51171875,2229.1069201640785
2026-07-21T04:18:34.125681+00:00,3845.0,37.0,96.54,33.0,1753.51171875,2229.4477781541646
2026-07-21T04:18:34.484443+00:00,3845.0,18.0,95.62,33.0,1753.53125,2229.806541081518
2026-07-21T04:18:34.815631+00:00,3845.0,38.0,95.7,33.0,1753.53125,2230.137729756534
2026-07-21T04:18:35.164788+00:00,3845.0,38.0,95.51,33.0,1753.53125,2230.486886512488
2026-07-21T04:18:35.514607+00:00,3845.0,36.0,96.24,33.0,1753.53125,2230.8367053046823
2026-07-21T04:18:35.870649+00:00,3845.0,36.0,96.3,33.0,1753.53125,2231.19274751842
2026-07-21T04:18:36.244222+00:00,3845.0,37.0,96.64,33.0,1753.53125,2231.566319603473
2026-07-21T04:18:36.554126+00:00,3845.0,37.0,96.18,33.0,1753.53125,2231.876224230975
2026-07-21T04:18:36.884056+00:00,3845.0,38.0,96.21,33.0,1753.53125,2232.2061539404094
2026-07-21T04:18:37.220441+00:00,3845.0,38.0,96.03,33.0,1753.53125,2232.5425391308963
2026-07-21T04:18:37.552261+00:00,3845.0,37.0,96.08,33.0,1753.53125,2232.8743591047823
2026-07-21T04:18:37.884356+00:00,3845.0,37.0,96.25,33.0,1753.53125,2233.2064535059035
2026-07-21T04:18:38.262171+00:00,3845.0,37.0,96.96,33.0,1753.53125,2233.5842698961496
2026-07-21T04:18:38.621825+00:00,3845.0,37.0,97.11,33.0,1753.53125,2233.9439233727753
2026-07-21T04:18:38.932967+00:00,3845.0,37.0,96.73,33.0,1753.53125,2234.255064930767
2026-07-21T04:18:39.283211+00:00,3845.0,36.0,96.45,33.0,1753.53125,2234.605308908969
2026-07-21T04:18:39.641827+00:00,3845.0,36.0,96.38,33.0,1753.53125,2234.963924396783
2026-07-21T04:18:39.977578+00:00,3845.0,37.0,96.53,33.0,1753.53125,2235.2996763661504
2026-07-21T04:18:40.308270+00:00,3845.0,37.0,96.2,33.0,1753.53125,2235.6303677000105
2026-07-21T04:18:40.639963+00:00,3845.0,37.0,96.26,33.0,1753.53125,2235.9620608091354
2026-07-21T04:18:40.972238+00:00,3845.0,38.0,96.39,33.0,1753.53125,2236.2943362891674
2026-07-21T04:18:41.330492+00:00,3845.0,36.0,96.86,33.0,1753.53125,2236.6525902338326
2026-07-21T04:18:41.665502+00:00,3845.0,37.0,96.92,33.0,1753.53125,2236.987600143999
2026-07-21T04:18:42.043433+00:00,3845.0,35.0,97.28,33.0,1753.53125,2237.365521542728
2026-07-21T04:18:42.381780+00:00,3845.0,38.0,96.99,33.0,1753.53125,2237.70387840271
2026-07-21T04:18:42.717756+00:00,3845.0,8.0,96.32,33.0,1753.5546875,2238.0398539043963
2026-07-21T04:18:43.075793+00:00,3845.0,36.0,95.99,33.0,1753.5546875,2238.3978899903595
2026-07-21T04:18:43.455608+00:00,3845.0,37.0,95.94,33.0,1753.5546875,2238.7777049206197
2026-07-21T04:18:43.788966+00:00,3845.0,37.0,96.39,33.0,1753.5546875,2239.1110646501184
2026-07-21T04:18:44.166800+00:00,3845.0,37.0,96.51,33.0,1753.5546875,2239.488897945732
2026-07-21T04:18:44.503206+00:00,3845.0,38.0,96.18,33.0,1753.5546875,2239.8253034725785
2026-07-21T04:18:44.859972+00:00,3845.0,37.0,96.78,33.0,1753.5546875,2240.1820700503886
2026-07-21T04:18:45.192513+00:00,3845.0,37.0,96.28,33.0,1753.5546875,2240.5146109834313
2026-07-21T04:18:45.527476+00:00,3845.0,36.0,96.12,33.0,1753.5546875,2240.8495731912553
2026-07-21T04:18:45.983159+00:00,3845.0,12.0,95.78,33.0,1753.5703125,2241.3052560538054
2026-07-21T04:18:46.365118+00:00,3845.0,35.0,96.02,33.0,1753.5703125,2241.6872161775827
2026-07-21T04:18:46.719312+00:00,3845.0,36.0,96.19,33.0,1753.5703125,2242.041409712285
2026-07-21T04:18:47.058315+00:00,3845.0,35.0,96.61,33.0,1753.5703125,2242.3804120980203
2026-07-21T04:18:47.434714+00:00,3845.0,35.0,96.07,33.0,1753.5703125,2242.7568121775985
2026-07-21T04:18:47.817935+00:00,3845.0,35.0,95.44,33.0,1753.5703125,2243.1400313824415
2026-07-21T04:18:48.182562+00:00,3845.0,35.0,95.12,33.0,1753.58203125,2243.504659950733
2026-07-21T04:18:48.516872+00:00,3845.0,35.0,94.96,33.0,1753.58203125,2243.838970221579
2026-07-21T04:18:48.853366+00:00,3845.0,36.0,95.6,33.0,1753.58203125,2244.175464246422
2026-07-21T04:18:49.188644+00:00,3845.0,36.0,95.11,33.0,1753.58203125,2244.5107419602573
2026-07-21T04:18:49.524261+00:00,3845.0,36.0,95.32,33.0,1753.58203125,2244.8463585935533
2026-07-21T04:18:49.859876+00:00,3845.0,37.0,95.18,33.0,1753.58203125,2245.181960683316
2026-07-21T04:18:50.191625+00:00,3845.0,36.0,95.2,33.0,1753.58203125,2245.51372313872
2026-07-21T04:18:50.566816+00:00,3845.0,35.0,95.18,33.0,1753.58203125,2245.8889132775366
2026-07-21T04:18:50.896127+00:00,3845.0,35.0,95.36,33.0,1753.58203125,2246.2182247154415
2026-07-21T04:18:51.269567+00:00,3845.0,38.0,95.74,33.0,1753.58203125,2246.5916656665504
2026-07-21T04:18:51.603826+00:00,3845.0,36.0,95.57,33.0,1753.58203125,2246.925923977047
2026-07-21T04:18:51.936433+00:00,3845.0,35.0,95.78,33.0,1753.58203125,2247.2585302479565
2026-07-21T04:18:52.290494+00:00,3845.0,37.0,95.67,33.0,1753.58203125,2247.612591229379
2026-07-21T04:18:52.650749+00:00,3845.0,35.0,95.76,33.0,1753.58203125,2247.9728461056948
2026-07-21T04:18:52.984710+00:00,3845.0,36.0,96.24,33.0,1753.58203125,2248.306808192283
2026-07-21T04:18:53.352696+00:00,3845.0,1.0,94.23,33.0,1753.6015625,2248.674793276936
2026-07-21T04:18:53.707307+00:00,3845.0,35.0,94.27,33.0,1753.6015625,2249.029404655099
2026-07-21T04:18:54.180951+00:00,3845.0,37.0,94.17,33.0,1753.6015625,2249.503048799932
2026-07-21T04:18:54.562716+00:00,3845.0,35.0,95.52,33.0,1753.6015625,2249.884813707322
2026-07-21T04:18:54.894883+00:00,3845.0,36.0,95.53,33.0,1753.6015625,2250.2169807627797
2026-07-21T04:18:55.275814+00:00,3845.0,35.0,95.53,33.0,1753.6015625,2250.5979117527604
2026-07-21T04:18:55.609057+00:00,3845.0,37.0,95.22,33.0,1753.6015625,2250.931153897196
2026-07-21T04:18:55.963034+00:00,3845.0,36.0,95.46,33.0,1753.6015625,2251.285131510347
2026-07-21T04:18:56.314235+00:00,3845.0,38.0,95.43,33.0,1753.6015625,2251.636331986636
2026-07-21T04:18:56.664311+00:00,3845.0,36.0,95.75,33.0,1753.6015625,2251.986408174038
2026-07-21T04:18:57.014772+00:00,3845.0,36.0,95.75,33.0,1753.6015625,2252.336870457977
2026-07-21T04:18:57.348898+00:00,3845.0,37.0,95.17,33.0,1753.6015625,2252.670994553715
2026-07-21T04:18:57.698047+00:00,3845.0,35.0,95.46,33.0,1753.6015625,2253.020143736154
2026-07-21T04:18:58.029222+00:00,3845.0,36.0,95.28,33.0,1753.6015625,2253.351320620626
2026-07-21T04:18:58.366242+00:00,3845.0,35.0,95.71,33.0,1753.6015625,2253.6883397735655
2026-07-21T04:18:58.701236+00:00,3845.0,36.0,95.68,33.0,1753.6015625,2254.023332607001
2026-07-21T04:18:59.036533+00:00,3845.0,37.0,95.95,33.0,1753.60546875,2254.3586311861873
2026-07-21T04:18:59.378074+00:00,3845.0,36.0,95.9,33.0,1753.60546875,2254.700172290206
2026-07-21T04:18:59.728490+00:00,3845.0,35.0,95.71,33.0,1753.60546875,2255.0505874343216
2026-07-21T04:19:00.150800+00:00,3845.0,36.0,95.75,33.0,1753.609375,2255.4728970490396
2026-07-21T04:19:00.510786+00:00,3845.0,37.0,95.11,33.0,1753.625,2255.8328836373985
2026-07-21T04:19:00.855452+00:00,3845.0,36.0,94.88,33.0,1753.625,2256.1775494143367
2026-07-21T04:19:01.188863+00:00,3845.0,34.0,95.32,33.0,1753.625,2256.5109608881176
2026-07-21T04:19:01.520102+00:00,3845.0,35.0,95.14,33.0,1753.62890625,2256.8422006219625
2026-07-21T04:19:01.853938+00:00,3845.0,37.0,95.34,33.0,1753.62890625,2257.176035530865
2026-07-21T04:19:02.226198+00:00,3845.0,35.0,95.41,33.0,1753.62890625,2257.5482950508595
2026-07-21T04:19:02.580323+00:00,3845.0,36.0,95.24,33.0,1753.62890625,2257.9024201780558
2026-07-21T04:19:02.963388+00:00,3845.0,37.0,95.11,33.0,1753.62890625,2258.2854852490127
2026-07-21T04:19:03.318262+00:00,3845.0,35.0,95.05,33.0,1753.62890625,2258.640358168632
2026-07-21T04:19:03.672892+00:00,3845.0,35.0,94.81,33.0,1753.62890625,2258.9949893951416
2026-07-21T04:19:04.044006+00:00,3845.0,36.0,95.18,33.0,1753.62890625,2259.3661035336554
2026-07-21T04:19:04.419146+00:00,3845.0,36.0,95.73,33.0,1753.62890625,2259.7412434741855
2026-07-21T04:19:04.770228+00:00,3845.0,37.0,95.77,33.0,1753.62890625,2260.092324912548
2026-07-21T04:19:05.123959+00:00,3845.0,37.0,95.5,33.0,1753.62890625,2260.4460517279804
2026-07-21T04:19:05.480576+00:00,3845.0,35.0,94.83,33.0,1753.62890625,2260.8026731200516
2026-07-21T04:19:05.890983+00:00,3845.0,36.0,94.97,33.0,1753.62890625,2261.2130801565945
2026-07-21T04:19:06.278864+00:00,3845.0,35.0,94.58,33.0,1753.62890625,2261.600961524993
2026-07-21T04:19:06.641113+00:00,3845.0,35.0,94.75,33.0,1753.62890625,2261.963209465146
2026-07-21T04:19:07.000596+00:00,3845.0,36.0,95.0,33.0,1753.62890625,2262.322693128139
2026-07-21T04:19:07.371054+00:00,3845.0,35.0,95.0,33.0,1753.62890625,2262.6931509003043
2026-07-21T04:19:07.779115+00:00,3845.0,36.0,95.0,33.0,1753.62890625,2263.1012121774256
2026-07-21T04:19:08.181511+00:00,3845.0,37.0,95.11,33.0,1753.6328125,2263.5036078915
2026-07-21T04:19:08.516777+00:00,3845.0,35.0,95.81,33.0,1753.6328125,2263.8388750739396
2026-07-21T04:19:08.853891+00:00,3845.0,37.0,96.0,33.0,1753.6328125,2264.175988778472
2026-07-21T04:19:09.214572+00:00,3845.0,31.0,95.21,33.0,1753.66015625,2264.536670062691
2026-07-21T04:19:09.595577+00:00,3845.0,36.0,95.1,33.0,1753.66015625,2264.917674690485
2026-07-21T04:19:09.951287+00:00,3845.0,37.0,94.92,33.0,1753.66015625,2265.2733844965696
2026-07-21T04:19:10.268687+00:00,3845.0,36.0,95.68,33.0,1753.66015625,2265.590785201639
2026-07-21T04:19:10.646317+00:00,3845.0,37.0,95.88,33.0,1753.6640625,2265.9684139229357
2026-07-21T04:19:10.985695+00:00,3845.0,37.0,95.84,33.0,1753.6640625,2266.3077923208475
2026-07-21T04:19:11.320207+00:00,3845.0,36.0,95.88,33.0,1753.6640625,2266.642305377871
2026-07-21T04:19:11.652778+00:00,3845.0,37.0,95.01,33.0,1753.6640625,2266.974876523018
2026-07-21T04:19:12.006919+00:00,3845.0,37.0,95.0,33.0,1753.6640625,2267.329017031938
2026-07-21T04:19:12.344955+00:00,3845.0,36.0,95.19,33.0,1753.671875,2267.6670528016984
2026-07-21T04:19:12.702539+00:00,3845.0,36.0,95.87,33.0,1753.671875,2268.024636492133
2026-07-21T04:19:13.036668+00:00,3845.0,37.0,95.52,33.0,1753.67578125,2268.358765915036
2026-07-21T04:19:13.369674+00:00,3845.0,36.0,95.3,33.0,1753.67578125,2268.69177114591
2026-07-21T04:19:13.722608+00:00,3845.0,36.0,95.37,33.0,1753.67578125,2269.0447059497237
2026-07-21T04:19:14.074967+00:00,3845.0,37.0,95.31,33.0,1753.67578125,2269.39706466347
2026-07-21T04:19:14.446782+00:00,3845.0,35.0,95.66,33.0,1753.68359375,2269.768871948123
2026-07-21T04:19:14.780663+00:00,3845.0,35.0,95.55,33.0,1753.68359375,2270.1027614586055
2026-07-21T04:19:15.157339+00:00,3845.0,35.0,96.17,33.0,1753.6875,2270.479437209666
2026-07-21T04:19:15.514553+00:00,3845.0,35.0,96.19,33.0,1753.6875,2270.836651068181
2026-07-21T04:19:15.872786+00:00,3845.0,37.0,96.41,33.0,1753.6875,2271.1948831528425
2026-07-21T04:19:16.205283+00:00,3845.0,36.0,96.21,33.0,1753.6875,2271.527380619198
2026-07-21T04:19:16.541019+00:00,3845.0,36.0,96.03,33.0,1753.6875,2271.863116476685
2026-07-21T04:19:16.881276+00:00,3845.0,36.0,96.1,33.0,1753.6953125,2272.203373681754
2026-07-21T04:19:17.214576+00:00,3845.0,38.0,96.14,33.0,1753.6953125,2272.536673966795
2026-07-21T04:19:17.590992+00:00,3845.0,34.0,95.02,33.0,1753.72265625,2272.9130887314677
2026-07-21T04:19:17.952709+00:00,3845.0,36.0,94.37,33.0,1753.7265625,2273.274807266891
2026-07-21T04:19:18.334836+00:00,3845.0,37.0,93.81,33.0,1753.7265625,2273.6569325961173
2026-07-21T04:19:18.719858+00:00,3845.0,36.0,94.91,33.0,1753.734375,2274.0419547073543
2026-07-21T04:19:19.102600+00:00,3845.0,37.0,95.11,33.0,1753.734375,2274.424696870148
2026-07-21T04:19:19.460195+00:00,3845.0,37.0,94.97,33.0,1753.7421875,2274.782291315496
2026-07-21T04:19:19.814575+00:00,3845.0,37.0,95.36,33.0,1753.7421875,2275.1366732791066
2026-07-21T04:19:20.149327+00:00,3845.0,35.0,94.2,33.0,1753.7734375,2275.4714251309633
2026-07-21T04:19:20.498333+00:00,3845.0,36.0,94.88,33.0,1753.77734375,2275.8204306662083
2026-07-21T04:19:20.874758+00:00,3845.0,36.0,94.7,33.0,1753.77734375,2276.196855712682
2026-07-21T04:19:21.208781+00:00,3845.0,36.0,95.59,33.0,1753.78125,2276.5308796986938
2026-07-21T04:19:21.565798+00:00,3845.0,37.0,95.82,33.0,1753.78125,2276.8878962919116
2026-07-21T04:19:21.900612+00:00,3845.0,36.0,95.73,33.0,1753.79296875,2277.222710169852
2026-07-21T04:19:22.232305+00:00,3845.0,37.0,95.53,33.0,1753.79296875,2277.5544030293822
2026-07-21T04:19:22.564100+00:00,3845.0,37.0,95.48,33.0,1753.80078125,2277.886197708547
2026-07-21T04:19:22.892330+00:00,3845.0,36.0,95.49,33.0,1753.80078125,2278.214428074658
2026-07-21T04:19:23.238420+00:00,3845.0,37.0,95.5,33.0,1753.8046875,2278.5605174414814
2026-07-21T04:19:23.591890+00:00,3845.0,37.0,95.43,33.0,1753.80859375,2278.9139885380864
2026-07-21T04:19:23.942415+00:00,3845.0,37.0,95.55,33.0,1753.80859375,2279.2645127363503
2026-07-21T04:19:24.319153+00:00,3845.0,37.0,96.03,33.0,1753.8203125,2279.64125116542
2026-07-21T04:19:24.650115+00:00,3845.0,37.0,95.92,33.0,1753.8203125,2279.9722134806216
2026-07-21T04:19:24.986651+00:00,3845.0,37.0,96.29,33.0,1753.83203125,2280.3087494261563
2026-07-21T04:19:25.320954+00:00,3845.0,37.0,95.87,33.0,1753.83203125,2280.643052637577
2026-07-21T04:19:25.656246+00:00,3845.0,37.0,96.03,33.0,1753.83984375,2280.9783442802727
2026-07-21T04:19:25.986670+00:00,3845.0,38.0,95.89,33.0,1753.83984375,2281.3087683841586
2026-07-21T04:19:26.335685+00:00,3845.0,37.0,96.02,33.0,1753.84375,2281.6577825024724
2026-07-21T04:19:26.670698+00:00,3845.0,37.0,95.9,33.0,1753.859375,2281.9927965551615
2026-07-21T04:19:27.006003+00:00,3845.0,37.0,96.05,33.0,1753.859375,2282.3281010873616
2026-07-21T04:19:27.340881+00:00,3845.0,36.0,95.99,33.0,1753.86328125,2282.6629790216684
2026-07-21T04:19:27.672202+00:00,3845.0,36.0,96.21,33.0,1753.86328125,2282.9942999109626
2026-07-21T04:19:28.002665+00:00,3845.0,35.0,96.13,33.0,1753.8671875,2283.3247632719576
2026-07-21T04:19:28.425971+00:00,3845.0,20.0,95.22,33.0,1753.8984375,2283.7480675689876
2026-07-21T04:19:28.760344+00:00,3845.0,34.0,94.8,33.0,1753.90234375,2284.082442816347
2026-07-21T04:19:29.125328+00:00,3845.0,35.0,94.46,33.0,1753.9140625,2284.4474266804755
2026-07-21T04:19:29.485187+00:00,3845.0,35.0,94.88,33.0,1753.9140625,2284.8072846345603
2026-07-21T04:19:29.842649+00:00,3845.0,34.0,95.1,33.0,1753.921875,2285.1647474728525
2026-07-21T04:19:30.153126+00:00,3845.0,35.0,94.72,33.0,1753.921875,2285.4752247072756
2026-07-21T04:19:30.464707+00:00,3845.0,35.0,94.68,33.0,1753.9296875,2285.7868055701256
2026-07-21T04:19:30.796674+00:00,3845.0,34.0,94.61,33.0,1753.9375,2286.1187721043825
2026-07-21T04:19:31.177649+00:00,3845.0,35.0,94.51,33.0,1753.94140625,2286.4997468926013
2026-07-21T04:19:31.508120+00:00,3845.0,35.0,94.73,33.0,1753.95703125,2286.8302185051143
2026-07-21T04:19:31.842320+00:00,3845.0,35.0,94.93,33.0,1753.95703125,2287.1644181348383
2026-07-21T04:19:32.198746+00:00,3845.0,37.0,94.93,33.0,1753.96484375,2287.52084421739
2026-07-21T04:19:32.535271+00:00,3845.0,36.0,95.07,33.0,1753.96484375,2287.857366837561
2026-07-21T04:19:32.884834+00:00,3845.0,35.0,95.22,33.0,1753.97265625,2288.206932067871
2026-07-21T04:19:33.257527+00:00,3845.0,35.0,95.27,33.0,1753.98828125,2288.5796241387725
2026-07-21T04:19:33.599787+00:00,3845.0,37.0,95.13,33.0,1753.98828125,2288.9218849763274
2026-07-21T04:19:33.959457+00:00,3845.0,36.0,95.44,33.0,1753.99609375,2289.2815542444587
2026-07-21T04:19:34.296496+00:00,3845.0,37.0,95.38,33.0,1753.99609375,2289.6185941137373
2026-07-21T04:19:34.650906+00:00,3845.0,38.0,95.99,33.0,1754.015625,2289.9730044975877
2026-07-21T04:19:34.963205+00:00,3845.0,36.0,95.81,33.0,1754.015625,2290.285303518176
2026-07-21T04:19:35.274306+00:00,3845.0,38.0,96.04,33.0,1754.01953125,2290.5964047946036
2026-07-21T04:19:35.630754+00:00,3845.0,37.0,96.19,33.0,1754.02734375,2290.952852014452
2026-07-21T04:19:36.013741+00:00,3845.0,37.0,96.86,33.0,1754.03125,2291.335839290172
2026-07-21T04:19:36.348187+00:00,3845.0,38.0,96.98,33.0,1754.046875,2291.6702850945294
2026-07-21T04:19:36.706140+00:00,3845.0,37.0,97.04,33.0,1754.046875,2292.0282381922007
2026-07-21T04:19:37.057959+00:00,3923.0,20.0,98.66,34.0,1754.1484375,2292.3800563924015
2026-07-21T04:19:37.387609+00:00,3925.0,38.0,98.78,33.0,1754.1484375,2292.7097071632743
2026-07-21T04:19:37.699426+00:00,3931.0,38.0,99.19,33.0,1754.15234375,2293.021523781121
2026-07-21T04:19:38.034658+00:00,3931.0,38.0,98.18,33.0,1754.15625,2293.356755115092
2026-07-21T04:19:38.391913+00:00,3931.0,38.0,97.87,33.0,1754.1640625,2293.7140109986067
2026-07-21T04:19:38.741617+00:00,3931.0,38.0,98.23,33.0,1754.17578125,2294.0637145228684
2026-07-21T04:19:39.078578+00:00,3931.0,39.0,97.95,33.0,1754.17578125,2294.400675226003
2026-07-21T04:19:39.434191+00:00,3931.0,38.0,98.0,33.0,1754.19921875,2294.7562890462577
2026-07-21T04:19:39.747735+00:00,3931.0,39.0,97.68,33.0,1754.19921875,2295.0698330514133
2026-07-21T04:19:40.100908+00:00,3931.0,39.0,98.02,33.0,1754.2109375,2295.423004731536
2026-07-21T04:19:40.462234+00:00,3931.0,38.0,97.96,33.0,1754.2109375,2295.7843303643167
2026-07-21T04:19:40.814588+00:00,3931.0,38.0,98.28,33.0,1754.23046875,2296.1366847492754
2026-07-21T04:19:41.171756+00:00,3931.0,37.0,97.8,33.0,1754.23046875,2296.4938545264304
2026-07-21T04:19:41.507986+00:00,3931.0,37.0,97.68,33.0,1754.234375,2296.8300836235285
2026-07-21T04:19:41.836584+00:00,3931.0,32.0,96.65,33.0,1754.265625,2297.158681489527
2026-07-21T04:19:42.172490+00:00,3931.0,37.0,96.13,33.0,1754.265625,2297.494587842375
2026-07-21T04:19:42.508707+00:00,3931.0,36.0,95.24,33.0,1754.265625,2297.8308049850166
2026-07-21T04:19:42.863175+00:00,3931.0,36.0,95.51,33.0,1754.265625,2298.1852724924684
2026-07-21T04:19:43.194586+00:00,3931.0,36.0,95.62,33.0,1754.26953125,2298.5166840590537
2026-07-21T04:19:43.551121+00:00,3931.0,37.0,95.9,33.0,1754.28515625,2298.8732191622257
2026-07-21T04:19:43.901450+00:00,3931.0,36.0,96.4,33.0,1754.28515625,2299.2235479690135
2026-07-21T04:19:44.259298+00:00,3931.0,38.0,96.34,33.0,1754.30078125,2299.581395510584
2026-07-21T04:19:44.631054+00:00,3931.0,36.0,96.09,33.0,1754.3046875,2299.953150957823
2026-07-21T04:19:45.050043+00:00,3931.0,11.0,95.03,33.0,1754.3359375,2300.3721414990723
2026-07-21T04:19:45.381820+00:00,3931.0,37.0,95.21,33.0,1754.33984375,2300.7039176002145
2026-07-21T04:19:45.712358+00:00,3931.0,36.0,95.08,33.0,1754.34375,2301.0344558879733
2026-07-21T04:19:46.068367+00:00,3931.0,36.0,95.38,33.0,1754.34375,2301.3904638662934
2026-07-21T04:19:46.400935+00:00,3931.0,37.0,95.29,33.0,1754.35546875,2301.7230334170163
2026-07-21T04:19:46.778479+00:00,3931.0,35.0,95.69,33.0,1754.36328125,2302.100576069206
2026-07-21T04:19:47.112880+00:00,3931.0,36.0,95.87,33.0,1754.36328125,2302.4349771291018
2026-07-21T04:19:47.448955+00:00,3931.0,36.0,96.13,33.0,1754.375,2302.7710518613458
2026-07-21T04:19:47.785146+00:00,3931.0,38.0,95.9,33.0,1754.375,2303.1072388254106
2026-07-21T04:19:48.149751+00:00,3931.0,37.0,95.43,33.0,1754.3984375,2303.471849039197
2026-07-21T04:19:48.507155+00:00,3931.0,37.0,95.66,33.0,1754.3984375,2303.8292519934475
2026-07-21T04:19:48.842770+00:00,3931.0,36.0,96.07,33.0,1754.4140625,2304.1648674085736
2026-07-21T04:19:49.176325+00:00,3931.0,36.0,96.1,33.0,1754.4140625,2304.4984232336283
2026-07-21T04:19:49.512013+00:00,3931.0,36.0,95.8,33.0,1754.4140625,2304.8341116309166
2026-07-21T04:19:49.841317+00:00,3931.0,36.0,95.52,33.0,1754.42578125,2305.1634141132236
2026-07-21T04:19:50.219029+00:00,3931.0,36.0,95.91,33.0,1754.42578125,2305.5411266051233
2026-07-21T04:19:50.552314+00:00,3931.0,35.0,95.49,33.0,1754.43359375,2305.874411288649
2026-07-21T04:19:50.884838+00:00,3931.0,37.0,95.98,33.0,1754.43359375,2306.2069356255233
2026-07-21T04:19:51.273820+00:00,3931.0,36.0,95.97,33.0,1754.4609375,2306.5959177799523
2026-07-21T04:19:51.626220+00:00,3931.0,35.0,96.16,33.0,1754.4609375,2306.9483180195093
2026-07-21T04:19:51.975604+00:00,3931.0,35.0,96.25,33.0,1754.47265625,2307.297700908035
2026-07-21T04:19:52.312048+00:00,3931.0,17.0,93.52,33.0,1754.47265625,2307.634146273136
2026-07-21T04:19:52.648478+00:00,3931.0,37.0,93.79,33.0,1754.47265625,2307.970575582236
2026-07-21T04:19:52.980544+00:00,3931.0,39.0,94.11,33.0,1754.47265625,2308.3026418313384
2026-07-21T04:19:53.312732+00:00,3931.0,36.0,96.44,33.0,1754.47265625,2308.6348296180367
2026-07-21T04:19:53.648967+00:00,3931.0,20.0,95.25,33.0,1754.49609375,2308.9710645005107
2026-07-21T04:19:53.984259+00:00,3931.0,38.0,94.89,33.0,1754.49609375,2309.30635625124
2026-07-21T04:19:54.320638+00:00,3931.0,37.0,94.91,33.0,1754.49609375,2309.6427354067564
2026-07-21T04:19:54.651993+00:00,3931.0,37.0,95.77,33.0,1754.49609375,2309.9740904457867
2026-07-21T04:19:54.965022+00:00,3931.0,38.0,95.72,33.0,1754.49609375,2310.2871197499335
2026-07-21T04:19:55.324900+00:00,3931.0,37.0,95.38,33.0,1754.49609375,2310.646997448057
2026-07-21T04:19:55.681839+00:00,3931.0,38.0,95.66,33.0,1754.49609375,2311.003937393427
2026-07-21T04:19:55.995720+00:00,3931.0,37.0,95.62,33.0,1754.49609375,2311.3178108669817
2026-07-21T04:19:56.379039+00:00,3931.0,37.0,96.22,33.0,1754.49609375,2311.7011365890503
2026-07-21T04:19:56.716717+00:00,3931.0,38.0,96.12,33.0,1754.49609375,2312.0388141460717
2026-07-21T04:19:57.028473+00:00,3931.0,38.0,96.03,33.0,1754.49609375,2312.3505701459944
2026-07-21T04:19:57.387262+00:00,3931.0,38.0,96.09,33.0,1754.49609375,2312.7093593627214
2026-07-21T04:19:57.723926+00:00,3931.0,36.0,96.09,33.0,1754.49609375,2313.046023417264
2026-07-21T04:19:58.060324+00:00,3931.0,38.0,96.19,33.0,1754.49609375,2313.3824204578996
2026-07-21T04:19:58.396225+00:00,3931.0,37.0,96.01,33.0,1754.49609375,2313.7183230891824
2026-07-21T04:19:58.754613+00:00,3931.0,37.0,96.08,33.0,1754.49609375,2314.0767107009888
2026-07-21T04:19:59.088486+00:00,3931.0,38.0,95.96,33.0,1754.49609375,2314.410583857447
2026-07-21T04:19:59.424202+00:00,3931.0,18.0,95.12,33.0,1754.51171875,2314.7462993375957
2026-07-21T04:19:59.756432+00:00,3931.0,37.0,94.89,33.0,1754.51171875,2315.0785296969116
2026-07-21T04:20:00.118579+00:00,3931.0,37.0,94.51,33.0,1754.51171875,2315.440676588565
2026-07-21T04:20:00.473557+00:00,3931.0,38.0,95.43,33.0,1754.51171875,2315.795654438436
2026-07-21T04:20:00.831624+00:00,3931.0,38.0,95.72,33.0,1754.51171875,2316.1537219285965
2026-07-21T04:20:01.186878+00:00,3931.0,38.0,95.87,33.0,1754.51171875,2316.5089763104916
2026-07-21T04:20:01.520540+00:00,3931.0,37.0,95.69,33.0,1754.51171875,2316.8426382653415
2026-07-21T04:20:01.894629+00:00,3931.0,36.0,96.04,33.0,1754.51171875,2317.2167269922793
2026-07-21T04:20:02.252542+00:00,3931.0,37.0,95.79,33.0,1754.51171875,2317.5746404267848
2026-07-21T04:20:02.598492+00:00,3931.0,38.0,96.29,33.0,1754.51171875,2317.9205887652934
2026-07-21T04:20:02.932077+00:00,3931.0,38.0,95.9,33.0,1754.51171875,2318.2541744858027
2026-07-21T04:20:03.269166+00:00,3931.0,37.0,96.35,33.0,1754.51171875,2318.591263704002
2026-07-21T04:20:03.604217+00:00,3931.0,38.0,96.39,33.0,1754.51171875,2318.926314625889
2026-07-21T04:20:03.938070+00:00,3931.0,24.0,95.6,33.0,1754.53125,2319.260166808963
2026-07-21T04:20:04.310139+00:00,3931.0,36.0,95.25,33.0,1754.53125,2319.6322360001504
2026-07-21T04:20:04.666973+00:00,3931.0,37.0,95.04,33.0,1754.53125,2319.9890707544982
2026-07-21T04:20:05.000146+00:00,3931.0,35.0,95.73,33.0,1754.53125,2320.3222434408963
2026-07-21T04:20:05.334298+00:00,3931.0,36.0,95.36,33.0,1754.53125,2320.6563963368535
2026-07-21T04:20:05.668235+00:00,3931.0,31.0,94.85,33.0,1754.53125,2320.990332059562
2026-07-21T04:20:06.005371+00:00,3931.0,35.0,94.41,33.0,1754.53125,2321.327468570322
2026-07-21T04:20:06.386663+00:00,3931.0,37.0,94.9,33.0,1754.53125,2321.7087596952915
2026-07-21T04:20:06.746849+00:00,3931.0,37.0,95.82,33.0,1754.53125,2322.0689463950694
2026-07-21T04:20:07.084659+00:00,3931.0,36.0,96.13,33.0,1754.53125,2322.4067559428513
2026-07-21T04:20:07.471747+00:00,3931.0,21.0,94.67,33.0,1754.53125,2322.793842881918
2026-07-21T04:20:07.808125+00:00,3931.0,35.0,94.11,33.0,1754.53125,2323.130222763866
2026-07-21T04:20:08.166708+00:00,3931.0,36.0,94.24,33.0,1754.53125,2323.4888057410717
2026-07-21T04:20:08.538352+00:00,3931.0,36.0,95.76,33.0,1754.53125,2323.8604501634836
2026-07-21T04:20:08.891514+00:00,3931.0,37.0,96.02,33.0,1754.53125,2324.213612113148
2026-07-21T04:20:09.246339+00:00,3931.0,38.0,96.41,33.0,1754.53125,2324.568437423557
2026-07-21T04:20:09.576502+00:00,3931.0,37.0,96.22,33.0,1754.53125,2324.8985993899405
2026-07-21T04:20:09.912498+00:00,3931.0,38.0,96.15,33.0,1754.53125,2325.234594706446
2026-07-21T04:20:10.241462+00:00,3931.0,37.0,95.83,33.0,1754.53125,2325.5635603815317
2026-07-21T04:20:10.598497+00:00,3931.0,31.0,94.74,33.0,1754.55078125,2325.9205936305225
2026-07-21T04:20:10.976744+00:00,3931.0,34.0,94.79,33.0,1754.55078125,2326.298841960728
2026-07-21T04:20:11.334711+00:00,3931.0,37.0,94.66,33.0,1754.55078125,2326.6568085178733
2026-07-21T04:20:11.669917+00:00,3931.0,36.0,95.06,33.0,1754.55078125,2326.9920137040317
2026-07-21T04:20:12.050461+00:00,3931.0,36.0,95.05,33.0,1754.58203125,2327.372558608651
2026-07-21T04:20:12.402068+00:00,3931.0,36.0,95.29,33.0,1754.58203125,2327.7241662219167
2026-07-21T04:20:12.736481+00:00,3931.0,36.0,95.7,33.0,1754.58203125,2328.0585787706077
2026-07-21T04:20:13.068867+00:00,3931.0,37.0,95.36,33.0,1754.58203125,2328.3909652270377
2026-07-21T04:20:13.422406+00:00,3931.0,38.0,95.57,33.0,1754.58203125,2328.744504991919
2026-07-21T04:20:13.816349+00:00,3931.0,20.0,95.19,33.0,1754.59765625,2329.138446994126
2026-07-21T04:20:14.128590+00:00,3931.0,36.0,95.08,33.0,1754.59765625,2329.4506884664297
2026-07-21T04:20:14.464608+00:00,3931.0,36.0,95.09,33.0,1754.59765625,2329.7867058739066
2026-07-21T04:20:14.838479+00:00,3931.0,37.0,95.66,33.0,1754.59765625,2330.1605773866177
2026-07-21T04:20:15.171163+00:00,3931.0,36.0,95.79,33.0,1754.59765625,2330.493260946125
2026-07-21T04:20:15.482804+00:00,3931.0,36.0,95.71,33.0,1754.59765625,2330.8049020804465
2026-07-21T04:20:15.834291+00:00,3931.0,37.0,95.94,33.0,1754.59765625,2331.1563878171146
2026-07-21T04:20:16.168353+00:00,3931.0,36.0,95.84,33.0,1754.59765625,2331.4904507286847
2026-07-21T04:20:16.503603+00:00,3931.0,37.0,95.84,33.0,1754.59765625,2331.8257012739778
2026-07-21T04:20:16.832652+00:00,3931.0,36.0,95.6,33.0,1754.59765625,2332.1547496318817
2026-07-21T04:20:17.167900+00:00,3931.0,37.0,95.72,33.0,1754.59765625,2332.4899987988174
2026-07-21T04:20:17.496022+00:00,3931.0,27.0,94.36,33.0,1754.61328125,2332.8181198611856
2026-07-21T04:20:17.846786+00:00,3931.0,37.0,94.28,33.0,1754.61328125,2333.1688833646476
2026-07-21T04:20:18.178365+00:00,3931.0,36.0,94.2,33.0,1754.61328125,2333.5004623383284
2026-07-21T04:20:18.507937+00:00,3931.0,37.0,95.47,33.0,1754.61328125,2333.830034624785
2026-07-21T04:20:18.836648+00:00,3931.0,36.0,95.78,33.0,1754.61328125,2334.158745471388
2026-07-21T04:20:19.214147+00:00,3931.0,36.0,96.02,33.0,1754.61328125,2334.536245249212
2026-07-21T04:20:19.548560+00:00,3931.0,36.0,95.32,33.0,1754.61328125,2334.8706584461033
2026-07-21T04:20:19.884479+00:00,3931.0,37.0,95.52,33.0,1754.61328125,2335.2065765857697
2026-07-21T04:20:20.271282+00:00,3931.0,21.0,94.98,33.0,1754.61328125,2335.5933789275587
2026-07-21T04:20:20.587569+00:00,3931.0,36.0,94.54,33.0,1754.625,2335.909666981548
2026-07-21T04:20:20.924618+00:00,3931.0,36.0,94.4,33.0,1754.625,2336.2467063739896
2026-07-21T04:20:21.260349+00:00,3931.0,35.0,95.15,33.0,1754.625,2336.5824468657374
2026-07-21T04:20:21.595985+00:00,3931.0,36.0,95.25,33.0,1754.625,2336.9180822484195
2026-07-21T04:20:21.948264+00:00,3931.0,35.0,95.42,33.0,1754.625,2337.2703629024327
2026-07-21T04:20:22.306429+00:00,3931.0,36.0,95.93,33.0,1754.625,2337.628526877612
2026-07-21T04:20:22.655008+00:00,3931.0,37.0,96.0,33.0,1754.625,2337.977105386555
2026-07-21T04:20:22.992893+00:00,3931.0,37.0,95.46,33.0,1754.625,2338.314990617335
2026-07-21T04:20:23.357777+00:00,3931.0,36.0,95.66,33.0,1754.625,2338.679875154048
2026-07-21T04:20:23.715402+00:00,3931.0,37.0,95.69,33.0,1754.625,2339.037500306964
2026-07-21T04:20:24.102218+00:00,3931.0,36.0,95.42,33.0,1754.625,2339.4243153631687
2026-07-21T04:20:24.436306+00:00,3931.0,37.0,95.57,33.0,1754.625,2339.75840408355
2026-07-21T04:20:24.806383+00:00,3931.0,36.0,95.88,33.0,1754.625,2340.128481004387
2026-07-21T04:20:25.178213+00:00,3931.0,34.0,96.05,33.0,1754.625,2340.500311072916
2026-07-21T04:20:25.530929+00:00,3931.0,36.0,95.83,33.0,1754.625,2340.8530269525945
2026-07-21T04:20:25.891038+00:00,3931.0,37.0,95.69,33.0,1754.625,2341.213135920465
2026-07-21T04:20:26.247898+00:00,3931.0,37.0,95.78,33.0,1754.625,2341.5699953511357
2026-07-21T04:20:26.602521+00:00,3931.0,36.0,96.01,33.0,1754.625,2341.924618717283
2026-07-21T04:20:26.932394+00:00,3931.0,37.0,96.01,33.0,1754.625,2342.2544928975403
2026-07-21T04:20:27.264818+00:00,3931.0,37.0,95.86,33.0,1754.625,2342.586915489286
2026-07-21T04:20:27.596333+00:00,3931.0,37.0,96.0,33.0,1754.625,2342.9184299707413
2026-07-21T04:20:27.928132+00:00,3931.0,10.0,94.89,33.0,1754.6484375,2343.2502298541367
2026-07-21T04:20:28.241233+00:00,3931.0,36.0,94.82,33.0,1754.6484375,2343.5633296221495
2026-07-21T04:20:28.596124+00:00,3931.0,37.0,94.23,33.0,1754.6484375,2343.918220948428
2026-07-21T04:20:28.952721+00:00,3931.0,37.0,94.62,33.0,1754.6484375,2344.2748194262385
2026-07-21T04:20:29.287938+00:00,3931.0,38.0,94.79,33.0,1754.6484375,2344.6100351288915
2026-07-21T04:20:29.658584+00:00,3931.0,37.0,95.88,33.0,1754.6484375,2344.9806813895702
2026-07-21T04:20:29.996303+00:00,3931.0,36.0,96.06,33.0,1754.6484375,2345.3184006772935
2026-07-21T04:20:30.332014+00:00,3931.0,35.0,96.13,33.0,1754.6484375,2345.6541120000184
2026-07-21T04:20:30.711562+00:00,3931.0,36.0,96.0,33.0,1754.6484375,2346.0336597897112
2026-07-21T04:20:31.049187+00:00,3931.0,37.0,96.0,33.0,1754.6484375,2346.371283363551
2026-07-21T04:20:31.422428+00:00,3931.0,36.0,95.88,33.0,1754.6484375,2346.744525797665
2026-07-21T04:20:31.778992+00:00,3931.0,37.0,95.95,33.0,1754.6484375,2347.101090360433
2026-07-21T04:20:32.150250+00:00,3931.0,36.0,95.92,33.0,1754.6484375,2347.472347229719
2026-07-21T04:20:32.485238+00:00,3931.0,37.0,95.97,33.0,1754.6484375,2347.8073356747627
2026-07-21T04:20:32.817072+00:00,3931.0,37.0,95.75,33.0,1754.6484375,2348.139170411974
2026-07-21T04:20:33.161284+00:00,3931.0,36.0,95.82,33.0,1754.6484375,2348.4833820685744
2026-07-21T04:20:33.496699+00:00,3931.0,36.0,95.87,33.0,1754.6484375,2348.8187974132597
2026-07-21T04:20:33.874522+00:00,3931.0,37.0,96.56,33.0,1754.6484375,2349.1966205351055
2026-07-21T04:20:34.244134+00:00,3931.0,34.0,96.56,33.0,1754.6484375,2349.5662313066423
2026-07-21T04:20:34.557547+00:00,3931.0,38.0,96.59,33.0,1754.6484375,2349.879643280059
2026-07-21T04:20:34.897364+00:00,3931.0,38.0,96.29,33.0,1754.6484375,2350.2194624580443
2026-07-21T04:20:35.298306+00:00,3931.0,37.0,96.36,33.0,1754.6484375,2350.620403520763
2026-07-21T04:20:35.631305+00:00,3931.0,36.0,96.02,33.0,1754.66796875,2350.953403390944
2026-07-21T04:20:35.942012+00:00,3931.0,37.0,95.76,33.0,1754.66796875,2351.2641102150083
2026-07-21T04:20:36.276025+00:00,3931.0,37.0,96.08,33.0,1754.66796875,2351.59812226519
2026-07-21T04:20:36.630575+00:00,3931.0,36.0,95.52,33.0,1754.66796875,2351.952672753483
2026-07-21T04:20:36.959782+00:00,3931.0,37.0,95.62,33.0,1754.66796875,2352.2818798832595
2026-07-21T04:20:37.292222+00:00,3931.0,37.0,95.65,33.0,1754.66796875,2352.6143201589584
2026-07-21T04:20:37.604548+00:00,3931.0,37.0,95.71,33.0,1754.66796875,2352.9266455695033
2026-07-21T04:20:37.982975+00:00,3931.0,35.0,95.69,33.0,1754.66796875,2353.3050734959543
2026-07-21T04:20:38.312603+00:00,3931.0,36.0,95.45,33.0,1754.66796875,2353.634701151401
2026-07-21T04:20:38.648339+00:00,3931.0,35.0,95.4,33.0,1754.66796875,2353.970436297357
2026-07-21T04:20:38.996139+00:00,3931.0,36.0,95.3,33.0,1754.66796875,2354.318237736821
2026-07-21T04:20:39.368166+00:00,3931.0,37.0,95.86,33.0,1754.66796875,2354.6902645230293
2026-07-21T04:20:39.704512+00:00,3931.0,21.0,94.86,33.0,1754.6875,2355.026609674096
2026-07-21T04:20:40.058454+00:00,3931.0,35.0,94.62,33.0,1754.6875,2355.380551006645
2026-07-21T04:20:40.435890+00:00,3931.0,35.0,94.06,33.0,1754.6875,2355.7579870447516
2026-07-21T04:20:40.819536+00:00,3931.0,35.0,94.91,33.0,1754.6875,2356.1416331790388
2026-07-21T04:20:41.201514+00:00,3931.0,36.0,94.98,33.0,1754.6875,2356.5236119031906
2026-07-21T04:20:41.532679+00:00,3931.0,36.0,95.19,33.0,1754.6875,2356.8547773212194
2026-07-21T04:20:41.910692+00:00,3931.0,37.0,95.36,33.0,1754.6875,2357.2327890098095
2026-07-21T04:20:42.273322+00:00,3931.0,34.0,95.43,33.0,1754.6875,2357.595420114696
2026-07-21T04:20:42.627280+00:00,3931.0,36.0,95.4,33.0,1754.6875,2357.949377991259
2026-07-21T04:20:42.965986+00:00,3931.0,35.0,94.66,33.0,1754.6875,2358.288084089756
2026-07-21T04:20:43.304081+00:00,3931.0,37.0,94.76,33.0,1754.6875,2358.6261792108417
2026-07-21T04:20:43.679954+00:00,3931.0,37.0,95.48,33.0,1754.6875,2359.0020514652133
2026-07-21T04:20:44.017602+00:00,3931.0,37.0,96.11,33.0,1754.6875,2359.3397005684674
2026-07-21T04:20:44.371857+00:00,3931.0,35.0,96.21,33.0,1754.6875,2359.6939547024667
2026-07-21T04:20:44.708647+00:00,3931.0,36.0,95.48,33.0,1754.6875,2360.030745025724
2026-07-21T04:20:45.097804+00:00,3931.0,35.0,95.91,33.0,1754.6875,2360.419902089983
2026-07-21T04:20:45.456535+00:00,3931.0,36.0,95.77,33.0,1754.6875,2360.7786335870624
2026-07-21T04:20:45.815266+00:00,3931.0,37.0,96.27,33.0,1754.6875,2361.1373637132347
2026-07-21T04:20:46.161172+00:00,3931.0,36.0,95.95,33.0,1754.6875,2361.4832701310515
2026-07-21T04:20:46.502582+00:00,3931.0,37.0,95.92,33.0,1754.6875,2361.8246793225408
2026-07-21T04:20:46.861303+00:00,3931.0,36.0,95.83,33.0,1754.6875,2362.183400757611
2026-07-21T04:20:47.174000+00:00,3931.0,35.0,95.71,33.0,1754.6875,2362.496097482741
2026-07-21T04:20:47.531171+00:00,3931.0,38.0,95.79,33.0,1754.6875,2362.8532685264945
2026-07-21T04:20:47.903372+00:00,3931.0,36.0,96.25,33.0,1754.6875,2363.225470010191
2026-07-21T04:20:48.257173+00:00,3931.0,28.0,95.44,33.0,1754.7109375,2363.579271018505
2026-07-21T04:20:48.614886+00:00,3931.0,36.0,95.07,33.0,1754.7109375,2363.936983704567
2026-07-21T04:20:48.967368+00:00,3931.0,37.0,94.44,33.0,1754.7109375,2364.289465881884
2026-07-21T04:20:49.342760+00:00,3931.0,37.0,95.66,33.0,1754.7109375,2364.6648580618203
2026-07-21T04:20:49.699184+00:00,3931.0,37.0,95.76,33.0,1754.7109375,2365.021281771362
2026-07-21T04:20:50.051791+00:00,3931.0,36.0,95.68,33.0,1754.7109375,2365.3738889172673
2026-07-21T04:20:50.414982+00:00,3931.0,35.0,95.67,33.0,1754.7109375,2365.7370804324746
2026-07-21T04:20:50.782974+00:00,3931.0,36.0,95.61,33.0,1754.7109375,2366.1050716489553
2026-07-21T04:20:51.123167+00:00,3931.0,36.0,95.75,33.0,1754.7109375,2366.4452647045255
2026-07-21T04:20:51.452160+00:00,3931.0,36.0,95.44,33.0,1754.7109375,2366.774258464575
2026-07-21T04:20:51.840326+00:00,3931.0,36.0,95.71,33.0,1754.7109375,2367.162424515933
2026-07-21T04:20:52.194439+00:00,3931.0,36.0,95.58,33.0,1754.7109375,2367.5165370739996
2026-07-21T04:20:52.524570+00:00,3931.0,37.0,95.25,33.0,1754.7109375,2367.8466678857803
2026-07-21T04:20:52.856250+00:00,3931.0,36.0,95.2,33.0,1754.7109375,2368.1783471666276
2026-07-21T04:20:53.268951+00:00,3931.0,35.0,95.17,33.0,1754.7109375,2368.591048449278
2026-07-21T04:20:53.610220+00:00,3931.0,36.0,95.04,33.0,1754.7265625,2368.932317506522
2026-07-21T04:20:53.948144+00:00,3931.0,34.0,94.59,33.0,1754.7265625,2369.270242739469
2026-07-21T04:20:54.330814+00:00,3931.0,27.0,95.61,33.0,1754.7265625,2369.6529115736485
2026-07-21T04:20:54.664544+00:00,3931.0,36.0,94.28,33.0,1754.7265625,2369.9866422340274
2026-07-21T04:20:55.050807+00:00,3931.0,17.0,94.07,33.0,1754.73828125,2370.3729038722813
2026-07-21T04:20:55.381159+00:00,3931.0,36.0,94.38,33.0,1754.73828125,2370.7032575048506
2026-07-21T04:20:55.735441+00:00,3931.0,36.0,94.94,33.0,1754.73828125,2371.0575385577977
2026-07-21T04:20:56.072471+00:00,3931.0,35.0,94.81,33.0,1754.73828125,2371.3945690616965
2026-07-21T04:20:56.410351+00:00,3931.0,37.0,94.81,33.0,1754.73828125,2371.73244876042
2026-07-21T04:20:56.748628+00:00,3931.0,24.0,93.94,32.0,1754.73828125,2372.0707259625196
2026-07-21T04:20:57.133572+00:00,3931.0,35.0,94.12,33.0,1754.73828125,2372.4556702002883
2026-07-21T04:20:57.465495+00:00,3931.0,27.0,93.58,32.0,1754.73828125,2372.787592936307
2026-07-21T04:20:57.805195+00:00,3931.0,34.0,94.37,33.0,1754.73828125,2373.127293538302
2026-07-21T04:20:58.162512+00:00,3931.0,36.0,94.26,33.0,1754.73828125,2373.484610453248
2026-07-21T04:20:58.532124+00:00,3931.0,13.0,93.8,32.0,1754.75390625,2373.8542213328183
2026-07-21T04:20:58.910438+00:00,3931.0,36.0,94.24,32.0,1754.75390625,2374.232536122203
2026-07-21T04:20:59.244026+00:00,3931.0,37.0,94.34,33.0,1754.75390625,2374.566123522818
2026-07-21T04:20:59.580557+00:00,3931.0,36.0,95.39,33.0,1754.75390625,2374.902655545622
2026-07-21T04:20:59.938637+00:00,3931.0,36.0,95.5,33.0,1754.75390625,2375.260735757649
2026-07-21T04:21:00.277462+00:00,3931.0,37.0,95.21,33.0,1754.75390625,2375.5995605923235
2026-07-21T04:21:00.634786+00:00,3931.0,36.0,95.46,33.0,1754.75390625,2375.956883572042
2026-07-21T04:21:01.003019+00:00,3931.0,36.0,95.49,33.0,1754.75390625,2376.3251177743077
2026-07-21T04:21:01.362576+00:00,3931.0,36.0,95.72,33.0,1754.75390625,2376.6846743039787
2026-07-21T04:21:01.696436+00:00,3931.0,37.0,95.75,33.0,1754.75390625,2377.0185339935124
2026-07-21T04:21:02.032830+00:00,3931.0,36.0,95.25,32.0,1754.75390625,2377.3549278229475
2026-07-21T04:21:02.369285+00:00,3931.0,36.0,94.0,33.0,1754.76953125,2377.6913822852075
2026-07-21T04:21:02.754702+00:00,3931.0,37.0,94.09,33.0,1754.76953125,2378.0768000483513
2026-07-21T04:21:03.111305+00:00,3931.0,37.0,94.0,32.0,1754.76953125,2378.433403067291
2026-07-21T04:21:03.449590+00:00,3931.0,36.0,95.14,32.0,1754.76953125,2378.7716884352267
2026-07-21T04:21:03.823351+00:00,3931.0,37.0,95.45,32.0,1754.76953125,2379.1454477459192
2026-07-21T04:21:04.142374+00:00,3931.0,36.0,95.32,33.0,1754.76953125,2379.4644711613655
2026-07-21T04:21:04.522901+00:00,3931.0,35.0,95.57,32.0,1754.76953125,2379.8449991308153
2026-07-21T04:21:04.862542+00:00,3931.0,35.0,95.17,32.0,1754.76953125,2380.1846400387585
2026-07-21T04:21:05.239081+00:00,3931.0,35.0,95.22,33.0,1754.76953125,2380.5611795559525
2026-07-21T04:21:05.570671+00:00,3931.0,35.0,95.32,33.0,1754.76953125,2380.8927693627775
2026-07-21T04:21:05.901517+00:00,3931.0,35.0,95.47,33.0,1754.76953125,2381.223614655435
2026-07-21T04:21:06.237907+00:00,3931.0,37.0,95.5,33.0,1754.76953125,2381.5600053332746
2026-07-21T04:21:06.568628+00:00,3931.0,38.0,95.51,32.0,1754.76953125,2381.8907259367406
2026-07-21T04:21:06.918095+00:00,3931.0,37.0,95.34,33.0,1754.76953125,2382.2401926890016
2026-07-21T04:21:07.251022+00:00,3931.0,36.0,95.33,33.0,1754.76953125,2382.5731195919216
2026-07-21T04:21:07.606306+00:00,3931.0,37.0,95.65,33.0,1754.76953125,2382.9284045808017
2026-07-21T04:21:07.955786+00:00,3931.0,36.0,95.92,33.0,1754.76953125,2383.277883723378
2026-07-21T04:21:08.314372+00:00,3931.0,36.0,96.21,33.0,1754.76953125,2383.636469528079
2026-07-21T04:21:08.667169+00:00,3931.0,37.0,95.92,33.0,1754.76953125,2383.9892675615847
2026-07-21T04:21:09.004473+00:00,3931.0,15.0,94.73,32.0,1754.79296875,2384.3265693448484
2026-07-21T04:21:09.363414+00:00,3931.0,36.0,94.3,32.0,1754.79296875,2384.6855117827654
2026-07-21T04:21:09.699226+00:00,3931.0,36.0,94.16,32.0,1754.79296875,2385.0213243737817
2026-07-21T04:21:10.064426+00:00,3931.0,35.0,95.01,32.0,1754.79296875,2385.3865247406065
2026-07-21T04:21:10.446830+00:00,3931.0,35.0,94.98,32.0,1754.79296875,2385.768927861005
2026-07-21T04:21:10.780444+00:00,3931.0,36.0,95.12,32.0,1754.796875,2386.1025418825448
2026-07-21T04:21:11.160228+00:00,3931.0,35.0,95.22,32.0,1754.796875,2386.482325602323
2026-07-21T04:21:11.537972+00:00,3931.0,35.0,95.53,32.0,1754.796875,2386.860070168972
2026-07-21T04:21:11.872304+00:00,3931.0,36.0,95.65,32.0,1754.796875,2387.1944020688534
2026-07-21T04:21:12.210252+00:00,3931.0,34.0,95.18,32.0,1754.80078125,2387.5323497205973
2026-07-21T04:21:12.595834+00:00,3931.0,35.0,95.14,32.0,1754.80078125,2387.917932242155
2026-07-21T04:21:12.955146+00:00,3931.0,36.0,95.51,32.0,1754.80078125,2388.277244605124
2026-07-21T04:21:13.328758+00:00,3931.0,36.0,95.49,32.0,1754.80078125,2388.650856010616
2026-07-21T04:21:13.664713+00:00,3931.0,34.0,95.31,32.0,1754.8046875,2388.9868105612695
2026-07-21T04:21:14.043806+00:00,3931.0,35.0,95.62,32.0,1754.8046875,2389.3659043461084
2026-07-21T04:21:14.379024+00:00,3931.0,37.0,95.71,32.0,1754.8046875,2389.701121468097
2026-07-21T04:21:14.712589+00:00,3931.0,36.0,95.66,33.0,1754.8046875,2390.034686971456
2026-07-21T04:21:15.050829+00:00,3931.0,36.0,95.03,32.0,1754.8046875,2390.3729271776974
2026-07-21T04:21:15.493868+00:00,3931.0,36.0,95.25,32.0,1754.8046875,2390.8159648515284
2026-07-21T04:21:15.831024+00:00,3931.0,36.0,94.7,32.0,1754.82421875,2391.153121948242
2026-07-21T04:21:16.164816+00:00,3931.0,37.0,94.48,32.0,1754.82421875,2391.486914753914
2026-07-21T04:21:16.546937+00:00,3931.0,34.0,95.51,32.0,1754.82421875,2391.8690342642367
2026-07-21T04:21:16.903127+00:00,3931.0,0.0,94.1,32.0,1754.8359375,2392.225223429501
2026-07-21T04:21:17.281610+00:00,3931.0,34.0,94.0,32.0,1754.8359375,2392.603707768023
2026-07-21T04:21:17.612517+00:00,3931.0,34.0,93.91,32.0,1754.8359375,2392.934615306556
2026-07-21T04:21:17.971251+00:00,3931.0,33.0,94.89,32.0,1754.8359375,2393.2933488599956
2026-07-21T04:21:18.306660+00:00,3931.0,36.0,94.96,32.0,1754.8359375,2393.6287580803037
2026-07-21T04:21:18.645452+00:00,3931.0,36.0,95.16,32.0,1754.8359375,2393.9675497598946
2026-07-21T04:21:19.002357+00:00,3931.0,37.0,95.77,32.0,1754.8359375,2394.3244548626244
2026-07-21T04:21:19.336956+00:00,3931.0,36.0,95.56,32.0,1754.8359375,2394.6590538583696
2026-07-21T04:21:19.694931+00:00,3931.0,36.0,95.95,32.0,1754.8359375,2395.0170291624963
2026-07-21T04:21:20.032935+00:00,3931.0,35.0,94.47,32.0,1754.84765625,2395.3550313971937
2026-07-21T04:21:20.370099+00:00,3931.0,36.0,94.45,32.0,1754.84765625,2395.692196737975
2026-07-21T04:21:20.700569+00:00,3931.0,35.0,94.32,32.0,1754.84765625,2396.022666696459
2026-07-21T04:21:21.054730+00:00,3931.0,37.0,95.09,32.0,1754.84765625,2396.3768275491893
2026-07-21T04:21:21.390631+00:00,3931.0,37.0,95.26,32.0,1754.84765625,2396.7127293385565
2026-07-21T04:21:21.720899+00:00,3931.0,37.0,95.32,32.0,1754.84765625,2397.0429971180856
2026-07-21T04:21:22.057071+00:00,3931.0,37.0,95.55,32.0,1754.84765625,2397.3791698515415
2026-07-21T04:21:22.415048+00:00,3931.0,37.0,95.59,32.0,1754.84765625,2397.7371458113194
2026-07-21T04:21:22.749715+00:00,3931.0,37.0,95.64,32.0,1754.84765625,2398.071813337505
2026-07-21T04:21:23.084187+00:00,3931.0,37.0,95.5,32.0,1754.84765625,2398.406284879893
2026-07-21T04:21:23.421023+00:00,3931.0,36.0,95.66,32.0,1754.84765625,2398.7431204654276
2026-07-21T04:21:23.750938+00:00,3931.0,38.0,95.7,32.0,1754.84765625,2399.073036327958
2026-07-21T04:21:24.127543+00:00,3931.0,37.0,95.65,32.0,1754.84765625,2399.4496407844126
2026-07-21T04:21:24.463931+00:00,3931.0,37.0,95.15,32.0,1754.93359375,2399.786028534174
2026-07-21T04:21:24.796886+00:00,3931.0,37.0,95.24,32.0,1754.93359375,2400.1189836524427
2026-07-21T04:21:25.131477+00:00,3931.0,36.0,95.35,32.0,1754.93359375,2400.4535751640797
2026-07-21T04:21:25.444308+00:00,3931.0,37.0,96.3,32.0,1754.93359375,2400.7664059475064
2026-07-21T04:21:25.799322+00:00,3931.0,37.0,96.4,32.0,1754.93359375,2401.1214202791452
2026-07-21T04:21:26.140506+00:00,3931.0,36.0,96.18,32.0,1754.93359375,2401.4626037292182
2026-07-21T04:21:26.471908+00:00,3931.0,38.0,96.06,32.0,1754.93359375,2401.7940067648888
2026-07-21T04:21:26.831457+00:00,3931.0,37.0,96.03,32.0,1754.93359375,2402.1535553969443
2026-07-21T04:21:27.148719+00:00,3931.0,36.0,95.84,32.0,1754.93359375,2402.4708175063133
2026-07-21T04:21:27.484733+00:00,3931.0,38.0,95.82,32.0,1754.93359375,2402.806830883026
2026-07-21T04:21:27.835396+00:00,3931.0,37.0,95.9,32.0,1754.93359375,2403.157493505627
2026-07-21T04:21:28.167288+00:00,3931.0,37.0,96.02,32.0,1754.93359375,2403.489386305213
2026-07-21T04:21:28.486400+00:00,3931.0,38.0,96.23,32.0,1754.93359375,2403.8084988184273
2026-07-21T04:21:28.838979+00:00,3931.0,37.0,96.28,32.0,1754.93359375,2404.1610770858824
2026-07-21T04:21:29.174169+00:00,3931.0,37.0,96.31,32.0,1754.93359375,2404.496266823262
2026-07-21T04:21:29.531324+00:00,3931.0,37.0,96.21,32.0,1754.93359375,2404.8534215055406
2026-07-21T04:21:29.886675+00:00,3931.0,37.0,96.23,32.0,1754.93359375,2405.20877257362
2026-07-21T04:21:30.198707+00:00,3931.0,38.0,96.34,32.0,1754.93359375,2405.520804949105
2026-07-21T04:21:30.511503+00:00,3931.0,37.0,96.36,32.0,1754.93359375,2405.833601284772
2026-07-21T04:21:30.824279+00:00,3931.0,38.0,96.44,32.0,1754.93359375,2406.14637670666
2026-07-21T04:21:31.203518+00:00,3931.0,36.0,96.42,32.0,1754.93359375,2406.525615811348
2026-07-21T04:21:31.540432+00:00,3931.0,38.0,96.66,32.0,1754.93359375,2406.8625306002796
2026-07-21T04:21:31.895033+00:00,3931.0,37.0,96.87,32.0,1754.93359375,2407.2171311229467
2026-07-21T04:21:32.228897+00:00,3931.0,37.0,96.58,32.0,1754.9375,2407.550995718688
2026-07-21T04:21:32.621893+00:00,3931.0,38.0,96.02,32.0,1754.9453125,2407.9439893849194
2026-07-21T04:21:33.007190+00:00,3931.0,37.0,95.75,32.0,1754.9609375,2408.3292879760265
2026-07-21T04:21:33.392418+00:00,3931.0,36.0,95.27,32.0,1754.9609375,2408.7145164571702
2026-07-21T04:21:33.746458+00:00,3931.0,36.0,95.78,32.0,1754.9609375,2409.068556673825
2026-07-21T04:21:34.084854+00:00,3931.0,36.0,95.8,32.0,1754.9609375,2409.4069527983665
2026-07-21T04:21:34.434222+00:00,3931.0,36.0,95.93,32.0,1754.9609375,2409.756320863962
2026-07-21T04:21:34.790761+00:00,3931.0,36.0,95.88,32.0,1754.9609375,2410.1128590367734
2026-07-21T04:21:35.152858+00:00,3931.0,34.0,95.96,32.0,1754.9609375,2410.474956199527
2026-07-21T04:21:35.530415+00:00,3931.0,34.0,95.54,32.0,1754.9609375,2410.852512985468
2026-07-21T04:21:35.911590+00:00,3931.0,36.0,95.35,32.0,1754.9609375,2411.233687657863
2026-07-21T04:21:36.248515+00:00,3931.0,35.0,95.04,32.0,1754.9609375,2411.570613473654
2026-07-21T04:21:36.583874+00:00,3931.0,36.0,95.12,32.0,1754.9609375,2411.905970469117
2026-07-21T04:21:36.920258+00:00,3931.0,34.0,94.79,32.0,1754.9609375,2412.2423563823104
2026-07-21T04:21:37.259366+00:00,3931.0,37.0,94.93,32.0,1754.9609375,2412.5814506933093
2026-07-21T04:21:37.614592+00:00,3931.0,34.0,95.14,32.0,1754.9609375,2412.936690647155
2026-07-21T04:21:37.944391+00:00,3931.0,36.0,94.95,32.0,1754.9609375,2413.266488082707
2026-07-21T04:21:38.259958+00:00,3931.0,35.0,95.04,32.0,1754.9609375,2413.5820561386645
2026-07-21T04:21:38.614742+00:00,3931.0,36.0,95.35,32.0,1754.9609375,2413.9368400909007
2026-07-21T04:21:38.944789+00:00,3931.0,34.0,95.27,32.0,1754.9609375,2414.2668853849173
2026-07-21T04:21:39.315698+00:00,3931.0,36.0,95.24,32.0,1754.96484375,2414.637794878334
2026-07-21T04:21:39.691112+00:00,3931.0,36.0,94.86,32.0,1754.96875,2415.013208143413
2026-07-21T04:21:40.079985+00:00,3931.0,35.0,94.98,32.0,1754.96875,2415.4020826146007
2026-07-21T04:21:40.395846+00:00,3931.0,34.0,95.32,32.0,1754.96875,2415.717943418771
2026-07-21T04:21:40.731566+00:00,3931.0,34.0,94.46,32.0,1754.96875,2416.053662817925
2026-07-21T04:21:41.133841+00:00,3931.0,34.0,94.81,32.0,1754.97265625,2416.4559392891824
2026-07-21T04:21:41.493377+00:00,3931.0,6.0,94.47,32.0,1755.0,2416.8154689520597
2026-07-21T04:21:41.887428+00:00,3931.0,35.0,93.99,32.0,1755.0,2417.20952533558
2026-07-21T04:21:42.224750+00:00,3931.0,35.0,93.96,32.0,1755.0,2417.5468473136425
2026-07-21T04:21:42.557152+00:00,3931.0,37.0,95.05,32.0,1755.0,2417.879250023514
2026-07-21T04:21:42.871454+00:00,3931.0,36.0,95.05,32.0,1755.0078125,2418.193552259356
2026-07-21T04:21:43.186225+00:00,3931.0,35.0,94.78,32.0,1755.0078125,2418.5083229206502
2026-07-21T04:21:43.534814+00:00,3931.0,34.0,94.51,32.0,1755.0078125,2418.85691139102
2026-07-21T04:21:43.886402+00:00,3931.0,34.0,94.33,32.0,1755.015625,2419.208499353379
2026-07-21T04:21:44.216608+00:00,3931.0,34.0,94.39,32.0,1755.015625,2419.5387068912387
2026-07-21T04:21:44.575296+00:00,3931.0,33.0,94.71,32.0,1755.01953125,2419.8973940461874
2026-07-21T04:21:44.914107+00:00,3931.0,35.0,94.64,32.0,1755.01953125,2420.2362051084638
2026-07-21T04:21:45.280895+00:00,3931.0,34.0,94.97,32.0,1755.0234375,2420.6029920987785
2026-07-21T04:21:45.684652+00:00,3931.0,5.0,94.09,32.0,1755.04296875,2421.006749700755
2026-07-21T04:21:46.022640+00:00,3931.0,34.0,93.94,32.0,1755.046875,2421.3447278887033
2026-07-21T04:21:46.360708+00:00,3931.0,36.0,94.24,32.0,1755.05078125,2421.6828060112894
2026-07-21T04:21:46.697076+00:00,3931.0,36.0,94.84,32.0,1755.05078125,2422.019174210727
2026-07-21T04:21:47.028310+00:00,3931.0,37.0,95.09,32.0,1755.05859375,2422.350407425314
2026-07-21T04:21:47.364648+00:00,3931.0,37.0,95.21,32.0,1755.05859375,2422.68674614653
2026-07-21T04:21:47.738016+00:00,3931.0,36.0,95.58,32.0,1755.0703125,2423.0601134747267
2026-07-21T04:21:48.074901+00:00,3931.0,37.0,95.9,32.0,1755.0703125,2423.3969971612096
2026-07-21T04:21:48.412724+00:00,3931.0,37.0,95.37,32.0,1755.07421875,2423.7348222360015
2026-07-21T04:21:48.748900+00:00,3931.0,36.0,94.77,32.0,1755.08203125,2424.0709971785545
2026-07-21T04:21:49.080619+00:00,3931.0,37.0,94.7,32.0,1755.08203125,2424.4027173928916
2026-07-21T04:21:49.435021+00:00,3931.0,36.0,95.15,32.0,1755.0859375,2424.7571192979813
2026-07-21T04:21:49.810653+00:00,3931.0,35.0,95.54,32.0,1755.0859375,2425.1327508352697
2026-07-21T04:21:50.132249+00:00,3931.0,36.0,95.37,32.0,1755.09375,2425.454346280545
2026-07-21T04:21:50.482704+00:00,3931.0,36.0,95.01,32.0,1755.09375,2425.804796613753
2026-07-21T04:21:50.812517+00:00,3931.0,37.0,94.87,32.0,1755.09375,2426.1346155181527
2026-07-21T04:21:51.157610+00:00,3931.0,37.0,95.08,32.0,1755.09765625,2426.479708749801
2026-07-21T04:21:51.518228+00:00,3931.0,36.0,95.68,32.0,1755.1015625,2426.840325973928
2026-07-21T04:21:51.895396+00:00,3931.0,36.0,95.82,32.0,1755.1171875,2427.217494547367
2026-07-21T04:21:52.232477+00:00,3931.0,37.0,95.68,32.0,1755.1171875,2427.5545753091574
2026-07-21T04:21:52.568773+00:00,3931.0,37.0,95.82,32.0,1755.125,2427.8908709697425
2026-07-21T04:21:52.908890+00:00,3931.0,37.0,95.51,32.0,1755.125,2428.230987660587
2026-07-21T04:21:53.245849+00:00,3931.0,36.0,95.61,32.0,1755.140625,2428.5679463520646
2026-07-21T04:21:53.580374+00:00,3931.0,37.0,95.62,32.0,1755.140625,2428.9024728536606
2026-07-21T04:21:53.931376+00:00,3931.0,37.0,95.98,32.0,1755.140625,2429.253474202007
2026-07-21T04:21:54.275936+00:00,3931.0,33.0,94.96,32.0,1755.1796875,2429.598034452647
2026-07-21T04:21:54.627673+00:00,3931.0,36.0,95.03,32.0,1755.1796875,2429.949771616608
2026-07-21T04:21:54.964248+00:00,3931.0,37.0,94.4,32.0,1755.19140625,2430.2863467969
2026-07-21T04:21:55.322707+00:00,3931.0,37.0,95.46,32.0,1755.19140625,2430.6448056809604
2026-07-21T04:21:55.652180+00:00,3931.0,37.0,95.15,32.0,1755.203125,2430.9742785058916
2026-07-21T04:21:56.035212+00:00,3931.0,36.0,95.73,32.0,1755.2109375,2431.3573089279234
2026-07-21T04:21:56.369564+00:00,3931.0,36.0,95.5,32.0,1755.21484375,2431.6916622817516
2026-07-21T04:21:56.723166+00:00,3931.0,37.0,95.99,32.0,1755.2265625,2432.0452638417482
2026-07-21T04:21:57.060325+00:00,3931.0,36.0,95.79,32.0,1755.2265625,2432.3824226371944
2026-07-21T04:21:57.396670+00:00,3931.0,38.0,95.71,32.0,1755.2421875,2432.7187675349414
2026-07-21T04:21:57.732001+00:00,3931.0,36.0,95.36,32.0,1755.2421875,2433.0540993362665
2026-07-21T04:21:58.069880+00:00,3931.0,37.0,95.1,32.0,1755.25,2433.391977161169
2026-07-21T04:21:58.418392+00:00,3931.0,38.0,95.44,32.0,1755.25,2433.7404895313084
2026-07-21T04:21:58.862969+00:00,3931.0,37.0,95.92,32.0,1755.265625,2434.1850660331547
2026-07-21T04:21:59.200377+00:00,3931.0,37.0,95.11,32.0,1755.2890625,2434.5224750600755
2026-07-21T04:21:59.559372+00:00,3931.0,36.0,94.87,32.0,1755.29296875,2434.881469782442
2026-07-21T04:21:59.917813+00:00,3931.0,37.0,96.32,32.0,1755.296875,2435.2399102933705
2026-07-21T04:22:00.231136+00:00,3931.0,36.0,95.37,32.0,1755.296875,2435.553233575076
2026-07-21T04:22:00.568797+00:00,3931.0,36.0,95.14,32.0,1755.31640625,2435.890895728022
2026-07-21T04:22:00.904730+00:00,3931.0,37.0,94.98,32.0,1755.31640625,2436.2268280424178
2026-07-21T04:22:01.264486+00:00,3931.0,36.0,95.17,32.0,1755.328125,2436.5865849666297
2026-07-21T04:22:01.577707+00:00,3931.0,36.0,95.44,32.0,1755.328125,2436.8998051658273
2026-07-21T04:22:01.935305+00:00,3931.0,36.0,95.57,32.0,1755.35546875,2437.2574034146965
2026-07-21T04:22:02.274063+00:00,3931.0,36.0,95.5,32.0,1755.35546875,2437.5961611419916
2026-07-21T04:22:02.630349+00:00,3931.0,37.0,95.55,32.0,1755.359375,2437.9524473287165
2026-07-21T04:22:02.964732+00:00,3931.0,36.0,95.56,32.0,1755.359375,2438.2868296653032
2026-07-21T04:22:03.300406+00:00,3931.0,36.0,95.66,32.0,1755.359375,2438.6225034594536
2026-07-21T04:22:03.754744+00:00,3931.0,12.0,93.48,32.0,1755.3828125,2439.076841533184
2026-07-21T04:22:04.140261+00:00,3931.0,38.0,93.6,32.0,1755.3828125,2439.462359070778
2026-07-21T04:22:04.482687+00:00,3931.0,37.0,93.66,32.0,1755.3828125,2439.804784603417
2026-07-21T04:22:04.863029+00:00,3931.0,37.0,96.45,32.0,1755.3828125,2440.1851271763444
2026-07-21T04:22:05.192095+00:00,3931.0,36.0,96.18,32.0,1755.3828125,2440.51419281587
2026-07-21T04:22:05.524493+00:00,3931.0,38.0,96.25,32.0,1755.3828125,2440.8465904071927
2026-07-21T04:22:05.898336+00:00,3931.0,37.0,96.26,32.0,1755.3828125,2441.2204338163137
2026-07-21T04:22:06.232855+00:00,3931.0,37.0,96.23,32.0,1755.3828125,2441.554952841252
2026-07-21T04:22:06.606410+00:00,3931.0,38.0,96.47,32.0,1755.3828125,2441.9285078905523
2026-07-21T04:22:06.957617+00:00,3931.0,36.0,96.33,32.0,1755.3828125,2442.2797145545483
2026-07-21T04:22:07.352465+00:00,3931.0,5.0,95.37,32.0,1755.40234375,2442.674562714994
2026-07-21T04:22:07.704964+00:00,3931.0,36.0,94.82,32.0,1755.40234375,2443.0270619131625
2026-07-21T04:22:08.040503+00:00,3931.0,35.0,94.63,32.0,1755.40234375,2443.362600930035
2026-07-21T04:22:08.382783+00:00,3931.0,36.0,94.63,32.0,1755.40234375,2443.70488139987
2026-07-21T04:22:08.720424+00:00,3931.0,36.0,94.79,32.0,1755.40234375,2444.0425221323967
2026-07-21T04:22:09.103216+00:00,3931.0,37.0,95.14,32.0,1755.40234375,2444.425314474851
2026-07-21T04:22:09.440497+00:00,3931.0,36.0,95.35,32.0,1755.40234375,2444.762595757842
2026-07-21T04:22:09.776485+00:00,3931.0,37.0,95.43,32.0,1755.40234375,2445.098583675921
2026-07-21T04:22:10.120383+00:00,3931.0,37.0,94.99,32.0,1755.40234375,2445.442481212318
2026-07-21T04:22:10.480511+00:00,3931.0,35.0,95.06,32.0,1755.40234375,2445.8026098161936
2026-07-21T04:22:10.831589+00:00,3931.0,37.0,95.2,32.0,1755.40234375,2446.1536864228547
2026-07-21T04:22:11.206591+00:00,3931.0,36.0,95.7,32.0,1755.40234375,2446.5286896452308
2026-07-21T04:22:11.541335+00:00,3931.0,35.0,95.73,32.0,1755.40234375,2446.8634331561625
2026-07-21T04:22:11.876047+00:00,3931.0,37.0,95.36,32.0,1755.40234375,2447.198145914823
2026-07-21T04:22:12.208760+00:00,3931.0,36.0,95.12,32.0,1755.40234375,2447.5308574326336
2026-07-21T04:22:12.544634+00:00,3931.0,37.0,94.99,32.0,1755.40234375,2447.8667324632406
2026-07-21T04:22:12.918604+00:00,3931.0,37.0,95.36,32.0,1755.40234375,2448.240702264011
2026-07-21T04:22:13.231945+00:00,3931.0,37.0,95.22,32.0,1755.40234375,2448.554041862488
2026-07-21T04:22:13.570215+00:00,3931.0,35.0,95.34,32.0,1755.40234375,2448.892313249409
2026-07-21T04:22:13.908228+00:00,3931.0,24.0,93.95,32.0,1755.421875,2449.230325385928
2026-07-21T04:22:14.244734+00:00,3931.0,34.0,93.61,32.0,1755.421875,2449.5668320581317
2026-07-21T04:22:14.576774+00:00,3931.0,37.0,93.71,32.0,1755.421875,2449.8988721631467
2026-07-21T04:22:14.931211+00:00,3931.0,37.0,94.91,32.0,1755.421875,2450.25330837816
2026-07-21T04:22:15.244751+00:00,3931.0,36.0,95.2,32.0,1755.421875,2450.5668492503464
2026-07-21T04:22:15.583789+00:00,3931.0,37.0,95.56,32.0,1755.421875,2450.905886474997
2026-07-21T04:22:15.897769+00:00,3931.0,37.0,95.81,32.0,1755.421875,2451.2198667265475
2026-07-21T04:22:16.232728+00:00,3931.0,36.0,95.75,32.0,1755.421875,2451.554826002568
2026-07-21T04:22:16.568570+00:00,3931.0,37.0,95.53,32.0,1755.421875,2451.890668209642
2026-07-21T04:22:16.922863+00:00,3931.0,38.0,95.75,32.0,1755.421875,2452.244961090386
2026-07-21T04:22:17.284658+00:00,3931.0,36.0,96.31,32.0,1755.421875,2452.6067555472255
2026-07-21T04:22:17.621763+00:00,3931.0,37.0,96.32,32.0,1755.421875,2452.943860284984
2026-07-21T04:22:17.956427+00:00,3931.0,36.0,95.48,32.0,1755.421875,2453.27852505818
2026-07-21T04:22:18.363121+00:00,3931.0,37.0,95.19,32.0,1755.421875,2453.685217920691
2026-07-21T04:22:18.704657+00:00,3931.0,38.0,98.72,32.0,1755.44140625,2454.026754759252
2026-07-21T04:22:19.063557+00:00,3931.0,37.0,99.38,32.0,1755.44140625,2454.3856550380588
2026-07-21T04:22:19.399412+00:00,3931.0,38.0,101.39,32.0,1755.44140625,2454.7215102910995
2026-07-21T04:22:19.751361+00:00,3931.0,37.0,97.57,32.0,1755.44140625,2455.073459059
2026-07-21T04:22:20.119114+00:00,3931.0,37.0,97.72,32.0,1755.44140625,2455.4412117786705
2026-07-21T04:22:20.456648+00:00,3931.0,38.0,97.71,32.0,1755.44140625,2455.7787460908294
2026-07-21T04:22:20.814699+00:00,3931.0,39.0,97.85,32.0,1755.44140625,2456.1367966905236
2026-07-21T04:22:21.175412+00:00,3931.0,38.0,97.67,32.0,1755.44140625,2456.4975097738206
2026-07-21T04:22:21.508247+00:00,3931.0,39.0,97.63,32.0,1755.44140625,2456.8303453065455
2026-07-21T04:22:21.890622+00:00,3931.0,37.0,97.71,32.0,1755.44140625,2457.2127198055387
2026-07-21T04:22:22.242519+00:00,3931.0,38.0,97.81,32.0,1755.44140625,2457.5646168403327
2026-07-21T04:22:22.577310+00:00,3931.0,38.0,97.74,32.0,1755.44140625,2457.899408042431
2026-07-21T04:22:22.930454+00:00,3931.0,39.0,97.08,32.0,1755.44140625,2458.252552166581
2026-07-21T04:22:23.348957+00:00,3931.0,38.0,97.31,32.0,1755.44140625,2458.671054325998
2026-07-21T04:22:23.684500+00:00,3931.0,37.0,95.84,32.0,1755.45703125,2459.006597429514
2026-07-21T04:22:24.062426+00:00,3931.0,36.0,95.1,32.0,1755.45703125,2459.3845233097672
2026-07-21T04:22:24.438618+00:00,3931.0,37.0,95.76,32.0,1755.45703125,2459.760715648532
2026-07-21T04:22:24.772804+00:00,3931.0,36.0,95.71,32.0,1755.45703125,2460.094901867211
2026-07-21T04:22:25.106172+00:00,3931.0,36.0,95.3,32.0,1755.45703125,2460.428270224482
2026-07-21T04:22:25.440542+00:00,3931.0,37.0,95.29,32.0,1755.45703125,2460.7626404203475
2026-07-21T04:22:25.776224+00:00,3931.0,36.0,94.92,32.0,1755.45703125,2461.09832232818
2026-07-21T04:22:26.162593+00:00,3931.0,36.0,95.48,32.0,1755.45703125,2461.484690323472
2026-07-21T04:22:26.506986+00:00,3931.0,37.0,95.45,32.0,1755.45703125,2461.8290845528245
2026-07-21T04:22:26.823961+00:00,3931.0,37.0,95.57,32.0,1755.45703125,2462.1460594162345
2026-07-21T04:22:27.165782+00:00,3931.0,36.0,95.43,32.0,1755.45703125,2462.487879950553
2026-07-21T04:22:27.505726+00:00,3931.0,36.0,95.35,32.0,1755.45703125,2462.8278234787285
2026-07-21T04:22:27.867183+00:00,3931.0,37.0,95.53,32.0,1755.45703125,2463.189280908555
2026-07-21T04:22:28.201098+00:00,3931.0,36.0,95.51,32.0,1755.45703125,2463.523196272552
2026-07-21T04:22:28.533502+00:00,3931.0,37.0,95.56,32.0,1755.45703125,2463.8555998951197
2026-07-21T04:22:28.864991+00:00,3931.0,35.0,95.12,32.0,1755.45703125,2464.1870895549655
2026-07-21T04:22:29.223056+00:00,3931.0,36.0,95.14,32.0,1755.45703125,2464.5451538972557
2026-07-21T04:22:29.556323+00:00,3931.0,36.0,95.32,32.0,1755.45703125,2464.8784214369953
2026-07-21T04:22:29.888621+00:00,3931.0,35.0,95.21,32.0,1755.45703125,2465.2107191458344
2026-07-21T04:22:30.201651+00:00,3931.0,35.0,95.1,32.0,1755.45703125,2465.5237498246133
2026-07-21T04:22:30.515373+00:00,3931.0,35.0,95.11,32.0,1755.45703125,2465.8374714255333
2026-07-21T04:22:30.876106+00:00,3931.0,34.0,95.15,32.0,1755.45703125,2466.1982030421495
2026-07-21T04:22:31.195629+00:00,3931.0,36.0,95.16,32.0,1755.45703125,2466.5177274122834
2026-07-21T04:22:31.532886+00:00,3931.0,36.0,95.35,32.0,1755.45703125,2466.854984011501
2026-07-21T04:22:31.945961+00:00,3931.0,6.0,94.39,32.0,1755.4765625,2467.2680571600795
2026-07-21T04:22:32.277445+00:00,3931.0,36.0,94.56,32.0,1755.4765625,2467.5995433926582
2026-07-21T04:22:32.612266+00:00,3931.0,36.0,94.04,32.0,1755.4765625,2467.9343630485237
2026-07-21T04:22:32.987084+00:00,3931.0,34.0,94.73,32.0,1755.4765625,2468.3091820143163
2026-07-21T04:22:33.371443+00:00,3931.0,34.0,94.78,32.0,1755.4765625,2468.693541344255
2026-07-21T04:22:33.726233+00:00,3931.0,35.0,94.79,32.0,1755.4765625,2469.0483306348324
2026-07-21T04:22:34.062999+00:00,3931.0,35.0,94.67,32.0,1755.4765625,2469.3850970081985
2026-07-21T04:22:34.380351+00:00,3931.0,35.0,94.47,32.0,1755.4765625,2469.702448312193
2026-07-21T04:22:34.711953+00:00,3931.0,35.0,94.72,32.0,1755.4765625,2470.034051440656
2026-07-21T04:22:35.133101+00:00,3931.0,20.0,94.05,32.0,1755.49609375,2470.455198880285
2026-07-21T04:22:35.465055+00:00,3931.0,37.0,94.22,32.0,1755.49609375,2470.7871529720724
2026-07-21T04:22:35.799821+00:00,3931.0,35.0,94.29,32.0,1755.49609375,2471.121918786317
2026-07-21T04:22:36.136613+00:00,3931.0,36.0,94.84,32.0,1755.49609375,2471.45871059224
2026-07-21T04:22:36.503648+00:00,3931.0,35.0,95.03,32.0,1755.49609375,2471.825746037066
2026-07-21T04:22:36.836196+00:00,3931.0,35.0,94.95,32.0,1755.49609375,2472.158293481916
2026-07-21T04:22:37.218534+00:00,3931.0,36.0,95.22,32.0,1755.49609375,2472.5406311675906
2026-07-21T04:22:37.556271+00:00,3931.0,35.0,94.82,32.0,1755.49609375,2472.878368034959
2026-07-21T04:22:37.984838+00:00,3931.0,5.0,93.95,32.0,1755.51171875,2473.306934580207
2026-07-21T04:22:38.316940+00:00,3931.0,35.0,94.02,32.0,1755.51171875,2473.639037322253
2026-07-21T04:22:38.656793+00:00,3931.0,34.0,93.88,32.0,1755.51171875,2473.9788911938667
2026-07-21T04:22:39.039013+00:00,3931.0,35.0,94.6,32.0,1755.51171875,2474.3611107841134
2026-07-21T04:22:39.381705+00:00,3931.0,36.0,94.68,32.0,1755.51171875,2474.7038022466004
2026-07-21T04:22:39.696062+00:00,3931.0,36.0,94.78,32.0,1755.51171875,2475.018159274012
2026-07-21T04:22:40.081280+00:00,3931.0,34.0,94.66,32.0,1755.51171875,2475.40337767452
2026-07-21T04:22:40.416526+00:00,3931.0,36.0,94.76,32.0,1755.51171875,2475.7386240698397
2026-07-21T04:22:40.791222+00:00,3931.0,36.0,95.23,32.0,1755.51171875,2476.113319940865
2026-07-21T04:22:41.156948+00:00,3931.0,37.0,95.5,32.0,1755.51171875,2476.4790448248386
2026-07-21T04:22:41.517664+00:00,3931.0,3.0,94.49,32.0,1755.5234375,2476.839761570096
2026-07-21T04:22:41.852883+00:00,3931.0,36.0,94.54,32.0,1755.5234375,2477.1749811954796
2026-07-21T04:22:42.219803+00:00,3931.0,36.0,94.43,32.0,1755.5390625,2477.5418996848166
2026-07-21T04:22:42.556617+00:00,3931.0,36.0,94.82,32.0,1755.5390625,2477.878714725375
2026-07-21T04:22:42.891634+00:00,3931.0,36.0,94.55,32.0,1755.5390625,2478.21372217685
2026-07-21T04:22:43.225522+00:00,3931.0,35.0,94.26,32.0,1755.5390625,2478.547619484365
2026-07-21T04:22:43.598844+00:00,3931.0,37.0,94.75,32.0,1755.5390625,2478.9209421128035
2026-07-21T04:22:43.950984+00:00,3931.0,35.0,94.73,32.0,1755.5390625,2479.2730810269713
2026-07-21T04:22:44.304580+00:00,3931.0,36.0,95.31,32.0,1755.5390625,2479.6266779601574
2026-07-21T04:22:44.641359+00:00,3931.0,37.0,95.63,32.0,1755.5390625,2479.963457059115
2026-07-21T04:22:44.980495+00:00,3931.0,36.0,95.33,32.0,1755.5390625,2480.302592176944
2026-07-21T04:22:45.358238+00:00,3931.0,37.0,95.61,32.0,1755.5390625,2480.680330336094
2026-07-21T04:22:45.693199+00:00,3931.0,35.0,95.83,32.0,1755.5390625,2481.0152971446514
2026-07-21T04:22:46.055646+00:00,3931.0,36.0,95.8,32.0,1755.5390625,2481.3777430206537
2026-07-21T04:22:46.399790+00:00,3931.0,37.0,95.74,32.0,1755.5390625,2481.721886627376
2026-07-21T04:22:46.831229+00:00,3931.0,37.0,95.76,32.0,1758.21875,2482.153326500207
2026-07-21T04:22:47.190619+00:00,3931.0,36.0,94.58,32.0,1758.30859375,2482.512717489153
2026-07-21T04:22:47.551442+00:00,3931.0,38.0,94.3,32.0,1758.30859375,2482.873540431261
2026-07-21T04:22:47.884750+00:00,3931.0,36.0,95.58,32.0,1758.30859375,2483.206848245114
2026-07-21T04:22:48.242904+00:00,3931.0,36.0,94.73,32.0,1758.30859375,2483.565001770854
2026-07-21T04:22:48.586917+00:00,3931.0,36.0,94.59,32.0,1758.30859375,2483.9090155400336
2026-07-21T04:22:48.921706+00:00,3931.0,34.0,94.81,32.0,1758.30859375,2484.2438044659793
2026-07-21T04:22:49.256797+00:00,3931.0,35.0,94.87,32.0,1758.30859375,2484.5788936391473
2026-07-21T04:22:49.592456+00:00,3931.0,38.0,94.67,32.0,1758.30859375,2484.914553772658
2026-07-21T04:22:49.929063+00:00,3931.0,37.0,94.58,32.0,1758.30859375,2485.2511600591242
2026-07-21T04:22:50.302491+00:00,3931.0,36.0,94.82,32.0,1758.30859375,2485.624589189887
2026-07-21T04:22:50.642257+00:00,3931.0,34.0,95.31,32.0,1758.30859375,2485.9643544480205
2026-07-21T04:22:51.003095+00:00,3931.0,36.0,95.53,32.0,1758.30859375,2486.3251925222576
2026-07-21T04:22:51.340997+00:00,3931.0,37.0,95.5,32.0,1758.30859375,2486.6630949378014
2026-07-21T04:22:51.680065+00:00,3931.0,38.0,95.65,32.0,1758.30859375,2487.0021628662944
2026-07-21T04:22:52.052924+00:00,3931.0,4.0,94.22,32.0,1758.328125,2487.3750209473073
2026-07-21T04:22:52.431226+00:00,3931.0,34.0,94.04,32.0,1758.328125,2487.75332448259
2026-07-21T04:22:52.769019+00:00,3931.0,36.0,93.99,32.0,1758.328125,2488.0911168269813
2026-07-21T04:22:53.113138+00:00,3931.0,35.0,95.34,32.0,1758.328125,2488.435235913843
2026-07-21T04:22:53.449810+00:00,3931.0,35.0,94.81,32.0,1758.328125,2488.7719081304967
2026-07-21T04:22:53.781209+00:00,3931.0,37.0,94.82,32.0,1758.328125,2489.10330638662
2026-07-21T04:22:54.116217+00:00,3931.0,35.0,94.9,32.0,1758.328125,2489.4383151121438
2026-07-21T04:22:54.501173+00:00,3931.0,35.0,95.24,32.0,1758.328125,2489.823270212859
2026-07-21T04:22:54.855642+00:00,3931.0,38.0,95.7,32.0,1758.328125,2490.177739866078
2026-07-21T04:22:55.171932+00:00,3931.0,37.0,95.48,32.0,1758.328125,2490.494030557573
2026-07-21T04:22:55.512294+00:00,3931.0,37.0,95.22,32.0,1758.328125,2490.8343924731016
2026-07-21T04:22:55.856813+00:00,3931.0,35.0,95.18,32.0,1758.328125,2491.1789109930396
2026-07-21T04:22:56.187803+00:00,3931.0,35.0,95.23,32.0,1758.328125,2491.5099014379084
2026-07-21T04:22:56.546682+00:00,3931.0,36.0,95.43,32.0,1758.328125,2491.8687804453075
2026-07-21T04:22:56.922073+00:00,3931.0,36.0,95.72,32.0,1758.328125,2492.2441698536277
2026-07-21T04:22:57.256565+00:00,3931.0,35.0,95.89,32.0,1758.328125,2492.578662902117
2026-07-21T04:22:57.592661+00:00,3931.0,36.0,95.99,32.0,1758.328125,2492.9147582501173
2026-07-21T04:22:57.954959+00:00,3931.0,35.0,95.85,32.0,1758.328125,2493.277057442814
2026-07-21T04:22:58.292864+00:00,3931.0,38.0,95.65,32.0,1758.328125,2493.614962618798
2026-07-21T04:22:58.650716+00:00,3931.0,36.0,95.57,32.0,1758.328125,2493.972813718021
2026-07-21T04:22:58.966438+00:00,3931.0,3.0,93.35,32.0,1758.34765625,2494.2885353267193
2026-07-21T04:22:59.304133+00:00,3931.0,37.0,94.28,32.0,1758.34765625,2494.6262314990163
2026-07-21T04:22:59.640028+00:00,3931.0,36.0,94.51,32.0,1758.34765625,2494.962124891579
2026-07-21T04:23:00.022815+00:00,3931.0,35.0,95.76,32.0,1758.34765625,2495.344912827015
2026-07-21T04:23:00.360188+00:00,3931.0,36.0,95.65,32.0,1758.34765625,2495.6822850182652
2026-07-21T04:23:00.692978+00:00,3931.0,37.0,95.75,32.0,1758.34765625,2496.0150763355196
2026-07-21T04:23:01.067657+00:00,3931.0,23.0,94.81,32.0,1758.34765625,2496.389754589647
2026-07-21T04:23:01.403951+00:00,3931.0,37.0,94.85,32.0,1758.34765625,2496.7260496988893
2026-07-21T04:23:01.759228+00:00,3931.0,35.0,95.09,32.0,1758.34765625,2497.0813255384564
2026-07-21T04:23:02.116919+00:00,3931.0,37.0,95.63,32.0,1758.34765625,2497.439017288387
2026-07-21T04:23:02.506139+00:00,3931.0,36.0,95.65,32.0,1758.34765625,2497.8282359056175
2026-07-21T04:23:02.882550+00:00,3931.0,35.0,95.99,32.0,1758.34765625,2498.204647284001
2026-07-21T04:23:03.235342+00:00,3931.0,36.0,96.45,32.0,1758.34765625,2498.5574404001236
2026-07-21T04:23:03.572182+00:00,3931.0,38.0,96.33,32.0,1758.34765625,2498.8942802250385
2026-07-21T04:23:03.904782+00:00,3931.0,36.0,95.92,32.0,1758.34765625,2499.226879592985
2026-07-21T04:23:04.268831+00:00,3931.0,37.0,96.02,32.0,1758.34765625,2499.590928643942
2026-07-21T04:23:04.653697+00:00,3931.0,37.0,96.74,32.0,1758.34765625,2499.97579472512
2026-07-21T04:23:04.984689+00:00,3931.0,34.0,96.23,32.0,1758.34765625,2500.3067870400846
2026-07-21T04:23:05.325056+00:00,3931.0,37.0,95.98,32.0,1758.34765625,2500.6471529453993
2026-07-21T04:23:05.685103+00:00,3931.0,38.0,95.59,32.0,1758.34765625,2501.0072008371353
2026-07-21T04:23:06.042685+00:00,3931.0,37.0,96.18,32.0,1758.34765625,2501.364783503115
2026-07-21T04:23:06.419196+00:00,3931.0,38.0,96.77,32.0,1758.34765625,2501.741293989122
2026-07-21T04:23:06.772492+00:00,3931.0,37.0,96.75,32.0,1758.34765625,2502.094590563327
2026-07-21T04:23:07.154387+00:00,3931.0,38.0,96.68,32.0,1758.34765625,2502.476484745741
2026-07-21T04:23:07.550166+00:00,3931.0,14.0,95.33,32.0,1758.37109375,2502.872262969613
2026-07-21T04:23:07.906588+00:00,3931.0,35.0,94.75,32.0,1758.37109375,2503.22868604213
2026-07-21T04:23:08.290383+00:00,3931.0,37.0,94.04,32.0,1758.37109375,2503.612481839955
2026-07-21T04:23:08.668537+00:00,3931.0,36.0,95.3,32.0,1758.37109375,2503.9906344898045
2026-07-21T04:23:09.027828+00:00,3931.0,36.0,95.3,32.0,1758.37109375,2504.349926158786
2026-07-21T04:23:09.400073+00:00,3931.0,37.0,95.51,32.0,1758.37109375,2504.722171202302
2026-07-21T04:23:09.740040+00:00,3931.0,34.0,95.61,32.0,1758.37109375,2505.062138210982
2026-07-21T04:23:10.101070+00:00,3931.0,36.0,95.4,32.0,1758.37109375,2505.423166617751
2026-07-21T04:23:10.436816+00:00,3931.0,36.0,95.13,32.0,1758.37109375,2505.758913360536
2026-07-21T04:23:10.791198+00:00,3931.0,37.0,94.63,32.0,1758.37109375,2506.113295376301
2026-07-21T04:23:11.159584+00:00,3931.0,36.0,95.06,32.0,1758.37109375,2506.481681380421
2026-07-21T04:23:11.520116+00:00,3931.0,37.0,95.24,32.0,1758.37109375,2506.8422144018114
2026-07-21T04:23:11.910808+00:00,3931.0,36.0,94.21,32.0,1758.38671875,2507.232905138284
2026-07-21T04:23:12.251073+00:00,3931.0,36.0,94.4,32.0,1758.38671875,2507.5731708928943
2026-07-21T04:23:12.566612+00:00,3931.0,34.0,93.87,32.0,1758.38671875,2507.8887098282576
2026-07-21T04:23:12.918700+00:00,3931.0,36.0,94.84,32.0,1758.38671875,2508.240798588842
2026-07-21T04:23:13.259262+00:00,3931.0,35.0,94.41,32.0,1758.38671875,2508.581359140575
2026-07-21T04:23:13.610910+00:00,3931.0,37.0,94.64,32.0,1758.38671875,2508.9330084361136
2026-07-21T04:23:13.987421+00:00,3931.0,36.0,94.69,32.0,1758.38671875,2509.309518802911
2026-07-21T04:23:14.325263+00:00,3931.0,37.0,94.94,32.0,1758.38671875,2509.6473610810935
2026-07-21T04:23:14.702462+00:00,3931.0,37.0,95.27,32.0,1758.38671875,2510.0245593376458
2026-07-21T04:23:15.069470+00:00,3931.0,37.0,95.73,32.0,1758.38671875,2510.3915677703917
2026-07-21T04:23:15.404796+00:00,3931.0,37.0,95.7,32.0,1758.38671875,2510.7268932573497
2026-07-21T04:23:15.740672+00:00,3931.0,35.0,95.4,32.0,1758.38671875,2511.0627699270844
2026-07-21T04:23:16.127622+00:00,3931.0,36.0,95.02,32.0,1758.38671875,2511.44972031191
2026-07-21T04:23:16.460505+00:00,3931.0,36.0,94.96,32.0,1758.38671875,2511.782602787018
2026-07-21T04:23:16.797129+00:00,3931.0,35.0,94.71,32.0,1758.38671875,2512.1192281730473
2026-07-21T04:23:17.148760+00:00,3931.0,35.0,94.66,32.0,1758.38671875,2512.4708581864834
2026-07-21T04:23:17.514736+00:00,3931.0,37.0,95.33,32.0,1758.38671875,2512.8368341065943
2026-07-21T04:23:17.848555+00:00,3931.0,35.0,95.57,32.0,1758.38671875,2513.1706521362066
2026-07-21T04:23:18.215227+00:00,3931.0,36.0,95.5,32.0,1758.38671875,2513.537324219942
2026-07-21T04:23:18.674572+00:00,3931.0,6.0,93.96,32.0,1758.40625,2513.99667019397
2026-07-21T04:23:19.056609+00:00,3931.0,36.0,93.82,32.0,1758.40625,2514.3787071816623
2026-07-21T04:23:19.414281+00:00,3931.0,37.0,94.18,32.0,1758.40625,2514.736378211528
2026-07-21T04:23:19.753243+00:00,3931.0,35.0,95.27,32.0,1758.40625,2515.0753409042954
2026-07-21T04:23:20.099854+00:00,3931.0,34.0,95.23,32.0,1758.40625,2515.4219516068697
2026-07-21T04:23:20.459987+00:00,3931.0,36.0,95.13,32.0,1758.40625,2515.7820846512914
2026-07-21T04:23:20.823437+00:00,3931.0,35.0,95.24,32.0,1758.40625,2516.145535558462
2026-07-21T04:23:21.182594+00:00,3931.0,36.0,95.47,32.0,1758.40625,2516.504692133516
2026-07-21T04:23:21.543100+00:00,3931.0,36.0,95.78,32.0,1758.40625,2516.8651969991624
2026-07-21T04:23:21.926810+00:00,3931.0,36.0,95.71,32.0,1758.40625,2517.248907893896
2026-07-21T04:23:22.288476+00:00,3931.0,35.0,95.56,32.0,1758.40625,2517.6105732247233
2026-07-21T04:23:22.665412+00:00,3931.0,36.0,95.08,32.0,1758.40625,2517.987508546561
2026-07-21T04:23:23.004701+00:00,3931.0,36.0,95.34,32.0,1758.40625,2518.326799530536
2026-07-21T04:23:23.336245+00:00,3931.0,36.0,95.25,32.0,1758.40625,2518.6583429835737
2026-07-21T04:23:23.690674+00:00,3931.0,37.0,95.43,32.0,1758.40625,2519.0127723813057
2026-07-21T04:23:24.066712+00:00,3931.0,36.0,95.75,32.0,1758.40625,2519.3888087011874
2026-07-21T04:23:24.451892+00:00,3931.0,36.0,96.12,32.0,1758.40625,2519.7739890292287
2026-07-21T04:23:24.826500+00:00,3931.0,37.0,96.13,32.0,1758.40625,2520.148597598076
2026-07-21T04:23:25.183158+00:00,3931.0,36.0,96.19,32.0,1758.40625,2520.5052546821535
2026-07-21T04:23:25.520601+00:00,3931.0,37.0,95.95,32.0,1758.40625,2520.842699125409
2026-07-21T04:23:25.857855+00:00,3931.0,36.0,95.69,32.0,1758.40625,2521.179953210056
2026-07-21T04:23:26.192225+00:00,3931.0,36.0,95.8,32.0,1758.40625,2521.51432364434
2026-07-21T04:23:26.524035+00:00,3931.0,12.0,95.02,32.0,1758.4296875,2521.8461331166327
2026-07-21T04:23:26.878565+00:00,3931.0,36.0,94.78,32.0,1758.4296875,2522.200663357973
2026-07-21T04:23:27.230987+00:00,3931.0,37.0,94.67,32.0,1758.4296875,2522.553085293621
2026-07-21T04:23:27.590241+00:00,3931.0,38.0,95.46,32.0,1758.43359375,2522.912339169532
2026-07-21T04:23:27.942453+00:00,3931.0,37.0,95.75,32.0,1758.43359375,2523.2645517773926
2026-07-21T04:23:28.322459+00:00,3931.0,38.0,95.85,32.0,1758.43359375,2523.6445554979146
2026-07-21T04:23:28.660734+00:00,3931.0,36.0,95.95,32.0,1758.43359375,2523.9828323051333
2026-07-21T04:23:28.996562+00:00,3931.0,38.0,95.79,32.0,1758.43359375,2524.3186603710055
2026-07-21T04:23:29.332088+00:00,3931.0,37.0,95.43,32.0,1758.43359375,2524.6541855558753
2026-07-21T04:23:29.668446+00:00,3931.0,37.0,95.45,32.0,1758.43359375,2524.9905436187983
2026-07-21T04:23:29.983013+00:00,3931.0,38.0,95.56,32.0,1758.43359375,2525.305111721158
2026-07-21T04:23:30.320579+00:00,3931.0,37.0,95.46,32.0,1758.43359375,2525.6426775604486
2026-07-21T04:23:30.694949+00:00,3931.0,35.0,95.29,32.0,1758.43359375,2526.0170464664698
2026-07-21T04:23:31.050692+00:00,3931.0,37.0,95.4,32.0,1758.43359375,2526.3727901242673
2026-07-21T04:23:31.410951+00:00,3931.0,36.0,95.57,32.0,1758.43359375,2526.7330484502017
2026-07-21T04:23:31.762113+00:00,3931.0,37.0,95.93,32.0,1758.43359375,2527.084210932255
2026-07-21T04:23:32.122905+00:00,3931.0,31.0,95.13,32.0,1758.453125,2527.4450022503734
2026-07-21T04:23:32.455784+00:00,3931.0,37.0,94.91,32.0,1758.453125,2527.77788176015
2026-07-21T04:23:32.768871+00:00,3931.0,37.0,94.6,32.0,1758.453125,2528.090969234705
2026-07-21T04:23:33.118666+00:00,3931.0,38.0,95.77,32.0,1758.453125,2528.4407636225224
2026-07-21T04:23:33.480911+00:00,3931.0,35.0,95.91,32.0,1758.453125,2528.8030091896653
2026-07-21T04:23:33.812235+00:00,3931.0,38.0,96.43,32.0,1758.453125,2529.1343324258924
2026-07-21T04:23:34.126433+00:00,3931.0,38.0,95.72,32.0,1758.453125,2529.448531076312
2026-07-21T04:23:34.510945+00:00,3931.0,37.0,95.95,32.0,1758.453125,2529.833042446524
2026-07-21T04:23:34.870394+00:00,3931.0,37.0,96.14,32.0,1758.453125,2530.1924916803837
2026-07-21T04:23:35.206985+00:00,3931.0,36.0,96.4,32.0,1758.45703125,2530.5290834270418
2026-07-21T04:23:35.600948+00:00,3931.0,27.0,95.77,32.0,1758.45703125,2530.923044115305
2026-07-21T04:23:35.986903+00:00,3931.0,35.0,94.25,32.0,1758.47265625,2531.3090003579855
2026-07-21T04:23:36.366063+00:00,3931.0,35.0,93.31,32.0,1758.47265625,2531.688160520047
2026-07-21T04:23:36.702328+00:00,3931.0,37.0,94.57,32.0,1758.47265625,2532.0244258008897
2026-07-21T04:23:37.074856+00:00,3931.0,35.0,94.36,32.0,1758.47265625,2532.3969542123377
2026-07-21T04:23:37.409597+00:00,3931.0,36.0,94.18,32.0,1758.47265625,2532.7316947244108
2026-07-21T04:23:37.791211+00:00,3931.0,34.0,94.92,32.0,1758.47265625,2533.1133081763983
2026-07-21T04:23:38.134701+00:00,3931.0,35.0,94.96,32.0,1758.47265625,2533.456798378378
2026-07-21T04:23:38.468779+00:00,3931.0,36.0,94.76,32.0,1758.47265625,2533.790876634419
2026-07-21T04:23:38.848452+00:00,3931.0,36.0,93.53,32.0,1758.484375,2534.1705482937396
2026-07-21T04:23:39.169040+00:00,3931.0,37.0,93.14,32.0,1758.484375,2534.4911385327578
2026-07-21T04:23:39.543830+00:00,3931.0,36.0,93.62,32.0,1758.484375,2534.865927450359
2026-07-21T04:23:39.879541+00:00,3931.0,35.0,94.26,32.0,1758.484375,2535.201638504863
2026-07-21T04:23:40.217850+00:00,3931.0,33.0,94.54,32.0,1758.484375,2535.539947088808
2026-07-21T04:23:40.556221+00:00,3931.0,36.0,94.56,32.0,1758.484375,2535.8783185854554
2026-07-21T04:23:40.889984+00:00,3931.0,37.0,94.67,32.0,1758.484375,2536.212082065642
2026-07-21T04:23:41.205235+00:00,3931.0,37.0,95.04,32.0,1758.484375,2536.5273340791464
2026-07-21T04:23:41.540512+00:00,3931.0,36.0,95.02,32.0,1758.484375,2536.862607832998
2026-07-21T04:23:41.881352+00:00,3931.0,36.0,95.13,32.0,1758.48828125,2537.203449923545
2026-07-21T04:23:42.196473+00:00,3931.0,35.0,95.08,32.0,1758.48828125,2537.5185710452497
2026-07-21T04:23:42.558181+00:00,3931.0,37.0,95.26,32.0,1758.48828125,2537.880278378725
2026-07-21T04:23:42.915109+00:00,3931.0,37.0,95.56,32.0,1758.48828125,2538.2372009530663
2026-07-21T04:23:43.230763+00:00,3931.0,36.0,95.39,32.0,1758.48828125,2538.552861467004
2026-07-21T04:23:43.568483+00:00,3931.0,36.0,95.18,32.0,1758.48828125,2538.8905810788274
2026-07-21T04:23:43.954579+00:00,3931.0,36.0,94.05,32.0,1758.5078125,2539.2766769714653
2026-07-21T04:23:44.292752+00:00,3931.0,36.0,93.93,32.0,1758.51171875,2539.6148497387767
2026-07-21T04:23:44.628394+00:00,3931.0,37.0,93.52,32.0,1758.51171875,2539.95049181208
2026-07-21T04:23:44.982320+00:00,3931.0,36.0,94.73,32.0,1758.51171875,2540.3044187687337
2026-07-21T04:23:45.321806+00:00,3931.0,37.0,94.88,32.0,1758.51171875,2540.6439022533596
2026-07-21T04:23:45.636180+00:00,3931.0,36.0,94.93,32.0,1758.51171875,2540.9582781121135
2026-07-21T04:23:45.969326+00:00,3931.0,36.0,94.98,32.0,1758.51171875,2541.2914239242673
2026-07-21T04:23:46.308833+00:00,3931.0,36.0,94.72,32.0,1758.51171875,2541.630931328982
2026-07-21T04:23:46.644368+00:00,3931.0,37.0,94.82,32.0,1758.51171875,2541.966464024037
2026-07-21T04:23:46.984992+00:00,3931.0,32.0,94.61,32.0,1758.54296875,2542.3070888742805
2026-07-21T04:23:47.316238+00:00,3931.0,38.0,95.25,32.0,1758.54296875,2542.638336457312
2026-07-21T04:23:47.674395+00:00,3931.0,37.0,95.65,32.0,1758.546875,2542.996493652463
2026-07-21T04:23:48.013081+00:00,3931.0,38.0,95.91,32.0,1758.546875,2543.3351798914373
2026-07-21T04:23:48.348461+00:00,3931.0,37.0,95.93,32.0,1758.55078125,2543.670558601618
2026-07-21T04:23:48.684610+00:00,3931.0,36.0,95.65,32.0,1758.5546875,2544.006707057357
2026-07-21T04:23:48.999002+00:00,3931.0,37.0,95.91,32.0,1758.5546875,2544.321100089699
2026-07-21T04:23:49.388049+00:00,3931.0,38.0,95.87,32.0,1758.5546875,2544.7101464122534
2026-07-21T04:23:49.724279+00:00,3931.0,38.0,96.26,32.0,1758.5546875,2545.0463756024837
2026-07-21T04:23:50.045537+00:00,3931.0,37.0,96.61,32.0,1758.55859375,2545.3676356449723
2026-07-21T04:23:50.360453+00:00,3931.0,37.0,96.36,32.0,1758.55859375,2545.6825503371656
2026-07-21T04:23:50.715693+00:00,3931.0,37.0,96.38,32.0,1758.5625,2546.037791505456
2026-07-21T04:23:51.052632+00:00,3931.0,37.0,96.45,32.0,1758.56640625,2546.374730080366
2026-07-21T04:23:51.388413+00:00,3931.0,38.0,96.42,32.0,1758.56640625,2546.710511505604
2026-07-21T04:23:51.742290+00:00,3931.0,37.0,96.61,32.0,1758.56640625,2547.0643878616393
2026-07-21T04:23:52.081577+00:00,3931.0,38.0,96.3,32.0,1758.56640625,2547.403674673289
2026-07-21T04:23:52.462441+00:00,3931.0,37.0,96.67,32.0,1758.5703125,2547.7845399975777
2026-07-21T04:23:52.867832+00:00,3931.0,38.0,95.95,32.0,1758.57421875,2548.1899285949767
2026-07-21T04:23:53.234636+00:00,3931.0,35.0,94.61,32.0,1758.58984375,2548.5567341186106
2026-07-21T04:23:53.594538+00:00,3931.0,35.0,94.05,32.0,1758.58984375,2548.916635610163
2026-07-21T04:23:53.974733+00:00,3931.0,36.0,94.93,32.0,1758.58984375,2549.2968309931457
2026-07-21T04:23:54.334854+00:00,3931.0,37.0,95.03,32.0,1758.59375,2549.6569516435266
2026-07-21T04:23:54.715740+00:00,3931.0,36.0,95.28,32.0,1758.59375,2550.0378373861313
2026-07-21T04:23:55.066193+00:00,3931.0,35.0,95.28,32.0,1758.59375,2550.388291079551
2026-07-21T04:23:55.404832+00:00,3931.0,36.0,95.08,32.0,1758.59375,2550.7269297242165
2026-07-21T04:23:55.744293+00:00,3931.0,37.0,94.47,32.0,1758.6015625,2551.066390402615
2026-07-21T04:23:56.107116+00:00,3931.0,36.0,94.71,32.0,1758.6015625,2551.429213628173
2026-07-21T04:23:56.466382+00:00,3931.0,35.0,95.0,32.0,1758.609375,2551.788479991257
2026-07-21T04:23:56.804977+00:00,3931.0,36.0,95.16,32.0,1758.609375,2552.1270748972893
2026-07-21T04:23:57.141150+00:00,3931.0,35.0,95.0,32.0,1758.609375,2552.4632490091026
2026-07-21T04:23:57.480154+00:00,3931.0,37.0,95.4,32.0,1758.61328125,2552.8022513650358
2026-07-21T04:23:57.858207+00:00,3931.0,37.0,95.92,32.0,1758.61328125,2553.1803059466183
2026-07-21T04:23:58.195159+00:00,3931.0,13.0,94.79,32.0,1758.6484375,2553.517257332802
2026-07-21T04:23:58.554133+00:00,3931.0,37.0,94.26,32.0,1758.6484375,2553.8762318193913
2026-07-21T04:23:58.892035+00:00,3931.0,37.0,93.55,32.0,1758.65625,2554.2141333967447
2026-07-21T04:23:59.274080+00:00,3931.0,35.0,95.13,32.0,1758.65625,2554.5961776413023
2026-07-21T04:23:59.634615+00:00,3931.0,37.0,95.45,32.0,1758.6640625,2554.956713721156
2026-07-21T04:23:59.968292+00:00,3931.0,37.0,95.45,32.0,1758.6640625,2555.2903899401426
2026-07-21T04:24:00.330054+00:00,3931.0,37.0,95.56,32.0,1758.6640625,2555.6521523930132
2026-07-21T04:24:00.686548+00:00,3931.0,37.0,95.31,32.0,1758.66796875,2556.0086455382407
2026-07-21T04:24:01.021088+00:00,3931.0,36.0,95.4,32.0,1758.66796875,2556.3431854769588
2026-07-21T04:24:01.353174+00:00,3931.0,38.0,95.03,32.0,1758.6796875,2556.6752719022334
2026-07-21T04:24:01.714034+00:00,3931.0,26.0,94.71,32.0,1758.69921875,2557.036131616682
2026-07-21T04:24:02.098142+00:00,3931.0,37.0,95.12,32.0,1758.703125,2557.4202390760183
2026-07-21T04:24:02.458423+00:00,3931.0,36.0,95.49,32.0,1758.703125,2557.7805202826858
2026-07-21T04:24:02.792272+00:00,3931.0,36.0,95.84,32.0,1758.703125,2558.114369571209
2026-07-21T04:24:03.173135+00:00,3931.0,37.0,95.72,32.0,1758.71484375,2558.495232641697
2026-07-21T04:24:03.554228+00:00,3931.0,37.0,95.82,32.0,1758.71484375,2558.876326713711
2026-07-21T04:24:03.896134+00:00,3931.0,37.0,95.94,32.0,1758.71484375,2559.2182323150337
2026-07-21T04:24:04.255093+00:00,3931.0,36.0,96.17,32.0,1758.71484375,2559.577191580087
2026-07-21T04:24:04.614110+00:00,3931.0,37.0,94.71,32.0,1758.74609375,2559.9362074323
2026-07-21T04:24:04.948038+00:00,3931.0,36.0,94.24,32.0,1758.74609375,2560.2701348625124
2026-07-21T04:24:05.279981+00:00,3931.0,36.0,93.51,32.0,1758.75,2560.60207791999
2026-07-21T04:24:05.634482+00:00,3931.0,37.0,94.74,32.0,1758.765625,2560.9565799720585
2026-07-21T04:24:06.031703+00:00,3931.0,37.0,94.82,32.0,1758.765625,2561.353798493743
2026-07-21T04:24:06.378055+00:00,3931.0,37.0,94.92,32.0,1758.76953125,2561.700152568519
2026-07-21T04:24:06.693488+00:00,3931.0,37.0,94.83,32.0,1758.76953125,2562.0155870467424
2026-07-21T04:24:07.054909+00:00,3931.0,36.0,94.85,32.0,1758.79296875,2562.3770076818764
2026-07-21T04:24:07.388486+00:00,3931.0,37.0,94.95,32.0,1758.79296875,2562.7105830572546
2026-07-21T04:24:07.843387+00:00,3931.0,36.0,95.29,32.0,1758.8125,2563.165483571589
2026-07-21T04:24:08.207115+00:00,3931.0,37.0,94.13,32.0,1758.828125,2563.529213037342
2026-07-21T04:24:08.540106+00:00,3931.0,37.0,94.2,32.0,1758.83203125,2563.862204320729
2026-07-21T04:24:08.876121+00:00,3931.0,37.0,95.17,32.0,1758.83203125,2564.198219947517
2026-07-21T04:24:09.208827+00:00,3931.0,37.0,94.98,32.0,1758.8359375,2564.5309252925217
2026-07-21T04:24:09.567239+00:00,3931.0,36.0,94.74,32.0,1758.8515625,2564.889337092638
2026-07-21T04:24:09.930993+00:00,3931.0,37.0,94.8,32.0,1758.8515625,2565.253090657294
2026-07-21T04:24:10.289597+00:00,3931.0,37.0,94.97,32.0,1758.87109375,2565.6116944514215
2026-07-21T04:24:10.679157+00:00,3931.0,36.0,95.01,32.0,1758.87109375,2566.0012544207275
2026-07-21T04:24:11.054654+00:00,3931.0,33.0,94.89,32.0,1758.88671875,2566.376751895994
2026-07-21T04:24:11.401935+00:00,3931.0,36.0,94.79,32.0,1758.88671875,2566.7240323610604
2026-07-21T04:24:11.741425+00:00,3931.0,36.0,94.73,32.0,1758.90234375,2567.0635232143104
2026-07-21T04:24:12.077556+00:00,3931.0,35.0,94.54,32.0,1758.90234375,2567.3996541947126
2026-07-21T04:24:12.415950+00:00,3931.0,35.0,94.73,32.0,1758.90234375,2567.7380474321544
2026-07-21T04:24:12.749126+00:00,3931.0,34.0,94.73,32.0,1758.9140625,2568.071222819388
2026-07-21T04:24:13.134528+00:00,3931.0,19.0,93.92,32.0,1758.9375,2568.4566249363124
2026-07-21T04:24:13.475343+00:00,3931.0,37.0,93.89,32.0,1758.94921875,2568.7974409349263
2026-07-21T04:24:13.834910+00:00,3931.0,37.0,93.9,32.0,1758.94921875,2569.1570068635046
2026-07-21T04:24:14.210428+00:00,3931.0,37.0,95.11,32.0,1758.95703125,2569.5325253866613
2026-07-21T04:24:14.545403+00:00,3931.0,36.0,95.02,32.0,1758.96484375,2569.867499258369
2026-07-21T04:24:14.880050+00:00,3931.0,36.0,95.02,32.0,1758.96484375,2570.202146936208
2026-07-21T04:24:15.316481+00:00,3931.0,0.0,92.8,32.0,1758.97265625,2570.6385795660317
2026-07-21T04:24:15.630150+00:00,3931.0,37.0,92.67,32.0,1758.97265625,2570.952247656882
2026-07-21T04:24:15.964143+00:00,3931.0,37.0,92.86,32.0,1758.97265625,2571.2862404733896
2026-07-21T04:24:16.284028+00:00,3931.0,37.0,94.74,32.0,1758.97265625,2571.606125421822
2026-07-21T04:24:16.638902+00:00,3931.0,36.0,95.47,32.0,1758.97265625,2571.9609990678728
2026-07-21T04:24:16.993965+00:00,3931.0,37.0,95.53,32.0,1758.97265625,2572.316062454134
2026-07-21T04:24:17.332096+00:00,3931.0,28.0,94.35,32.0,1758.98828125,2572.6541939489543
2026-07-21T04:24:17.668019+00:00,3931.0,37.0,94.05,32.0,1758.98828125,2572.9901169873774
2026-07-21T04:24:18.004462+00:00,3931.0,37.0,93.68,32.0,1758.98828125,2573.326560113579
2026-07-21T04:24:18.342030+00:00,3931.0,37.0,94.91,32.0,1758.98828125,2573.664127316326
2026-07-21T04:24:18.726847+00:00,3931.0,37.0,95.36,32.0,1758.98828125,2574.0489441491663
2026-07-21T04:24:19.082285+00:00,3931.0,37.0,95.46,32.0,1758.98828125,2574.4043835885823
2026-07-21T04:24:19.402507+00:00,3931.0,37.0,95.48,32.0,1758.98828125,2574.7246052771807
2026-07-21T04:24:19.740432+00:00,3931.0,37.0,95.13,32.0,1758.98828125,2575.0625301524997
2026-07-21T04:24:20.099536+00:00,3931.0,37.0,95.09,32.0,1758.98828125,2575.4216339439154
2026-07-21T04:24:20.458364+00:00,3931.0,37.0,95.28,32.0,1758.98828125,2575.7804616093636
2026-07-21T04:24:20.824718+00:00,3931.0,19.0,94.18,32.0,1759.00390625,2576.1468156911433
2026-07-21T04:24:21.182563+00:00,3931.0,36.0,94.39,32.0,1759.00390625,2576.5046608410776
2026-07-21T04:24:21.520179+00:00,3931.0,37.0,94.3,32.0,1759.00390625,2576.8422761186957
2026-07-21T04:24:21.878581+00:00,3931.0,37.0,95.34,32.0,1759.00390625,2577.2006792500615
2026-07-21T04:24:22.193326+00:00,3931.0,37.0,95.16,32.0,1759.00390625,2577.5154243074358
2026-07-21T04:24:22.570643+00:00,3931.0,37.0,95.1,32.0,1759.00390625,2577.8927403613925
2026-07-21T04:24:22.888015+00:00,3931.0,37.0,95.14,32.0,1759.00390625,2578.2101128697395
2026-07-21T04:24:23.242116+00:00,3931.0,37.0,95.47,32.0,1759.00390625,2578.5642131455243
2026-07-21T04:24:23.576105+00:00,3931.0,37.0,95.11,32.0,1759.00390625,2578.8982026018202
2026-07-21T04:24:23.930009+00:00,3931.0,37.0,94.95,32.0,1759.00390625,2579.252106882632
2026-07-21T04:24:24.288464+00:00,3931.0,37.0,95.39,32.0,1759.00390625,2579.610562682152
2026-07-21T04:24:24.623874+00:00,3931.0,37.0,95.19,32.0,1759.00390625,2579.9459712430835
2026-07-21T04:24:24.960149+00:00,3931.0,38.0,95.6,32.0,1759.00390625,2580.2822470366955
2026-07-21T04:24:25.296422+00:00,3931.0,36.0,95.25,32.0,1759.00390625,2580.6185205094516
2026-07-21T04:24:25.632840+00:00,3931.0,37.0,95.16,32.0,1759.00390625,2580.9549381434917
2026-07-21T04:24:26.014356+00:00,3931.0,38.0,95.52,32.0,1759.00390625,2581.336453564465
2026-07-21T04:24:26.352739+00:00,3931.0,34.0,95.58,32.0,1759.00390625,2581.6748367622495
2026-07-21T04:24:26.688712+00:00,3931.0,37.0,95.96,32.0,1759.00390625,2582.010809354484
2026-07-21T04:24:27.047051+00:00,3931.0,36.0,95.39,32.0,1759.00390625,2582.369149148464
2026-07-21T04:24:27.495811+00:00,3931.0,0.0,94.63,32.0,1759.01953125,2582.8179085738957
2026-07-21T04:24:27.836865+00:00,3931.0,36.0,94.12,32.0,1759.02734375,2583.1589625887573
2026-07-21T04:24:28.221283+00:00,3931.0,37.0,94.07,32.0,1759.02734375,2583.5433807633817
2026-07-21T04:24:28.556093+00:00,3931.0,37.0,95.37,32.0,1759.02734375,2583.8781907074153
2026-07-21T04:24:28.935541+00:00,3931.0,37.0,95.55,32.0,1759.02734375,2584.257638949901
2026-07-21T04:24:29.280648+00:00,3931.0,37.0,95.44,32.0,1759.02734375,2584.6027448661625
2026-07-21T04:24:29.639478+00:00,3931.0,35.0,95.45,32.0,1759.02734375,2584.9615751355886
2026-07-21T04:24:30.018859+00:00,3931.0,36.0,95.42,32.0,1759.02734375,2585.340956322849
2026-07-21T04:24:30.385754+00:00,3931.0,36.0,95.75,32.0,1759.02734375,2585.7078525945544
2026-07-21T04:24:30.780182+00:00,3931.0,5.0,94.74,32.0,1759.046875,2586.1022804528475
2026-07-21T04:24:31.116805+00:00,3931.0,36.0,94.59,32.0,1759.046875,2586.4389034435153
2026-07-21T04:24:31.470287+00:00,3931.0,37.0,94.28,32.0,1759.046875,2586.7923847548664
2026-07-21T04:24:31.786071+00:00,3931.0,37.0,94.77,32.0,1759.046875,2587.108169544488
2026-07-21T04:24:32.149246+00:00,3931.0,37.0,94.68,32.0,1759.046875,2587.4713436067104
2026-07-21T04:24:32.463810+00:00,3931.0,38.0,94.61,32.0,1759.046875,2587.785908050835
2026-07-21T04:24:32.802260+00:00,3931.0,37.0,94.96,32.0,1759.046875,2588.1243578009307
2026-07-21T04:24:33.143242+00:00,3931.0,37.0,95.38,32.0,1759.046875,2588.465339884162
2026-07-21T04:24:33.484663+00:00,3931.0,37.0,95.4,32.0,1759.046875,2588.8067612722516
2026-07-21T04:24:33.824627+00:00,3931.0,37.0,95.2,32.0,1759.046875,2589.1467250324786
2026-07-21T04:24:34.156146+00:00,3931.0,37.0,95.31,32.0,1759.046875,2589.478243868798
2026-07-21T04:24:34.492533+00:00,3931.0,37.0,95.35,32.0,1759.046875,2589.8146318010986
2026-07-21T04:24:34.806766+00:00,3931.0,37.0,95.43,32.0,1759.046875,2590.1288640648127
2026-07-21T04:24:35.147416+00:00,3931.0,37.0,95.37,32.0,1759.046875,2590.4695139192045
2026-07-21T04:24:35.534220+00:00,3931.0,37.0,95.79,32.0,1759.046875,2590.856318064034
2026-07-21T04:24:35.872146+00:00,3931.0,38.0,96.02,32.0,1759.046875,2591.19424424693
2026-07-21T04:24:36.230988+00:00,3931.0,36.0,96.08,32.0,1759.046875,2591.5530791059136
2026-07-21T04:24:36.567946+00:00,3931.0,2.0,93.9,32.0,1759.0625,2591.8900385200977
2026-07-21T04:24:36.905238+00:00,3931.0,36.0,93.71,32.0,1759.0625,2592.2273357994854
2026-07-21T04:24:37.245946+00:00,3931.0,35.0,93.09,32.0,1759.0625,2592.568044450134
2026-07-21T04:24:37.603122+00:00,3931.0,36.0,94.81,32.0,1759.0625,2592.925219833851
2026-07-21T04:24:37.921425+00:00,3931.0,35.0,94.84,32.0,1759.0625,2593.2435233294964
2026-07-21T04:24:38.260202+00:00,3931.0,10.0,94.28,32.0,1759.078125,2593.582299504429
2026-07-21T04:24:38.596522+00:00,3931.0,36.0,93.86,32.0,1759.078125,2593.9186195246875
2026-07-21T04:24:38.932852+00:00,3931.0,36.0,93.48,32.0,1759.078125,2594.2549496144056
2026-07-21T04:24:39.294803+00:00,3931.0,37.0,94.05,32.0,1759.078125,2594.616900652647
2026-07-21T04:24:39.655391+00:00,3931.0,36.0,94.64,32.0,1759.078125,2594.97748895362
2026-07-21T04:24:40.063280+00:00,3931.0,37.0,95.19,32.0,1759.078125,2595.385378293693
2026-07-21T04:24:40.423343+00:00,3931.0,37.0,95.6,32.0,1759.078125,2595.745441094041
2026-07-21T04:24:40.761532+00:00,3931.0,36.0,95.74,32.0,1759.078125,2596.083631005138
2026-07-21T04:24:41.139350+00:00,3931.0,35.0,95.9,32.0,1759.078125,2596.4614478349686
2026-07-21T04:24:41.476535+00:00,3931.0,37.0,95.75,32.0,1759.078125,2596.798633031547
2026-07-21T04:24:41.809123+00:00,3931.0,37.0,95.14,32.0,1759.078125,2597.1312204040587
2026-07-21T04:24:42.147445+00:00,3931.0,36.0,94.76,32.0,1759.078125,2597.469542570412
2026-07-21T04:24:42.511252+00:00,3931.0,36.0,95.1,32.0,1759.078125,2597.8333494104445
2026-07-21T04:24:42.844395+00:00,3931.0,37.0,95.59,32.0,1759.078125,2598.1664930842817
2026-07-21T04:24:43.223818+00:00,3931.0,36.0,96.06,32.0,1759.078125,2598.545916352421
2026-07-21T04:24:43.564043+00:00,3931.0,37.0,95.72,32.0,1759.078125,2598.886141344905
2026-07-21T04:24:43.900988+00:00,3931.0,36.0,95.74,32.0,1759.078125,2599.2230863384902
2026-07-21T04:24:44.240955+00:00,3931.0,34.0,95.24,32.0,1759.078125,2599.5630530565977
2026-07-21T04:24:44.627228+00:00,3931.0,36.0,95.63,32.0,1759.078125,2599.949325233698
2026-07-21T04:24:44.995432+00:00,3931.0,36.0,96.06,32.0,1759.078125,2600.317528951913
2026-07-21T04:24:45.334297+00:00,3931.0,37.0,95.7,32.0,1759.078125,2600.6563944481313
2026-07-21T04:24:45.714503+00:00,3931.0,36.0,95.75,32.0,1759.078125,2601.0366010963917
2026-07-21T04:24:46.052805+00:00,3931.0,35.0,95.59,32.0,1759.078125,2601.3749024048448
2026-07-21T04:24:46.407322+00:00,3931.0,36.0,96.04,32.0,1759.078125,2601.7294200621545
2026-07-21T04:24:46.950871+00:00,3931.0,14.0,92.72,32.0,1759.16015625,2602.2729686647654
2026-07-21T04:24:47.287664+00:00,3931.0,36.0,92.5,32.0,1759.16015625,2602.6097623221576
2026-07-21T04:24:47.624238+00:00,3931.0,37.0,92.37,32.0,1759.16015625,2602.9463367052376
2026-07-21T04:24:47.960736+00:00,3931.0,36.0,94.67,32.0,1759.16015625,2603.2828332930803
2026-07-21T04:24:48.300713+00:00,3931.0,35.0,94.93,32.0,1759.16015625,2603.6228112764657
2026-07-21T04:24:48.659128+00:00,3931.0,35.0,95.19,32.0,1759.16015625,2603.981226056814
2026-07-21T04:24:48.997315+00:00,3931.0,35.0,95.11,32.0,1759.16015625,2604.319412473589
2026-07-21T04:24:49.336999+00:00,3931.0,35.0,95.23,32.0,1759.16015625,2604.6590965539217
2026-07-21T04:24:49.700304+00:00,3931.0,36.0,95.47,32.0,1759.16015625,2605.0224015042186
2026-07-21T04:24:50.045413+00:00,3931.0,37.0,95.51,32.0,1759.16015625,2605.367510803044
2026-07-21T04:24:50.385693+00:00,3931.0,36.0,95.59,32.0,1759.16015625,2605.7077903337777
2026-07-21T04:24:50.724319+00:00,3931.0,35.0,95.24,32.0,1759.16015625,2606.0464172698557
2026-07-21T04:24:51.062902+00:00,3931.0,35.0,95.09,32.0,1759.16015625,2606.3849989138544
2026-07-21T04:24:51.406574+00:00,3931.0,35.0,94.92,32.0,1759.16015625,2606.7286730781198
2026-07-21T04:24:51.811224+00:00,3931.0,35.0,95.27,32.0,1759.16015625,2607.133321609348
2026-07-21T04:24:52.157966+00:00,3931.0,36.0,94.56,32.0,1759.1796875,2607.4800638072193
2026-07-21T04:24:52.523214+00:00,3931.0,37.0,94.48,32.0,1759.1796875,2607.845311526209
2026-07-21T04:24:52.906637+00:00,3931.0,37.0,95.7,32.0,1759.1796875,2608.228734537959
2026-07-21T04:24:53.294898+00:00,3931.0,24.0,95.07,32.0,1759.1796875,2608.61699571833
2026-07-21T04:24:53.633289+00:00,3931.0,37.0,94.97,32.0,1759.1796875,2608.9553870633245
2026-07-21T04:24:53.976496+00:00,3931.0,37.0,94.91,32.0,1759.1796875,2609.2985939122736
2026-07-21T04:24:54.316773+00:00,3931.0,37.0,95.48,32.0,1759.1796875,2609.6388708129525
2026-07-21T04:24:54.702505+00:00,3931.0,36.0,95.77,32.0,1759.1796875,2610.024602405727
2026-07-21T04:24:55.057948+00:00,3931.0,36.0,96.0,32.0,1759.1796875,2610.3800461255014
2026-07-21T04:24:55.442925+00:00,3931.0,35.0,95.86,32.0,1759.1796875,2610.7650181800127
2026-07-21T04:24:55.788983+00:00,3931.0,36.0,95.85,32.0,1759.1796875,2611.111080877483
2026-07-21T04:24:56.180425+00:00,3931.0,35.0,95.57,32.0,1759.1796875,2611.502521753311
2026-07-21T04:24:56.523732+00:00,3931.0,37.0,95.91,32.0,1759.1796875,2611.8458301089704
2026-07-21T04:24:56.864517+00:00,3931.0,36.0,95.78,32.0,1759.1796875,2612.1866149269044
2026-07-21T04:24:57.223287+00:00,3931.0,37.0,95.4,32.0,1759.1796875,2612.54538436234
2026-07-21T04:24:57.588805+00:00,3931.0,35.0,95.45,32.0,1759.1796875,2612.9109031371772
2026-07-21T04:24:57.928372+00:00,3931.0,36.0,95.62,32.0,1759.1796875,2613.250470034778
2026-07-21T04:24:58.246285+00:00,3931.0,37.0,95.34,32.0,1759.1796875,2613.5683824010193
2026-07-21T04:24:58.611092+00:00,3931.0,36.0,95.03,32.0,1759.1796875,2613.9331901930273
2026-07-21T04:24:58.944790+00:00,3931.0,37.0,95.24,32.0,1759.1796875,2614.266888089478
2026-07-21T04:24:59.310746+00:00,3931.0,34.0,95.79,32.0,1759.1796875,2614.6328450143337
2026-07-21T04:24:59.691187+00:00,3931.0,36.0,96.21,32.0,1759.1796875,2615.0132855065167
2026-07-21T04:25:00.104559+00:00,3931.0,37.0,96.0,32.0,1759.1796875,2615.42665681988
2026-07-21T04:25:00.515484+00:00,3931.0,33.0,95.97,32.0,1759.18359375,2615.837580345571
2026-07-21T04:25:00.856657+00:00,3931.0,36.0,94.84,32.0,1759.19921875,2616.1787553168833
2026-07-21T04:25:01.196897+00:00,3931.0,36.0,94.68,32.0,1759.19921875,2616.518994871527
2026-07-21T04:25:01.558939+00:00,3931.0,36.0,95.71,32.0,1759.19921875,2616.8810367546976
2026-07-21T04:25:01.940963+00:00,3931.0,36.0,95.47,32.0,1759.19921875,2617.2630611918867
2026-07-21T04:25:02.280499+00:00,3931.0,35.0,95.8,32.0,1759.19921875,2617.6025967933238
2026-07-21T04:25:02.639358+00:00,3931.0,34.0,95.78,32.0,1759.19921875,2617.961455233395
2026-07-21T04:25:02.981240+00:00,3931.0,37.0,95.25,32.0,1759.19921875,2618.303337059915
2026-07-21T04:25:03.337733+00:00,3931.0,35.0,95.01,32.0,1759.19921875,2618.6598306931555
2026-07-21T04:25:03.735016+00:00,3931.0,35.0,93.75,32.0,1759.21875,2619.057112619281
2026-07-21T04:25:04.107621+00:00,3931.0,37.0,93.64,32.0,1759.21875,2619.429718978703
2026-07-21T04:25:04.500438+00:00,3931.0,36.0,94.07,32.0,1759.21875,2619.822535727173
2026-07-21T04:25:04.848889+00:00,3931.0,36.0,94.97,32.0,1759.21875,2620.170987151563
2026-07-21T04:25:05.188518+00:00,3931.0,35.0,94.99,32.0,1759.21875,2620.510616160929
2026-07-21T04:25:05.532769+00:00,3931.0,36.0,94.55,32.0,1759.22265625,2620.854865025729
2026-07-21T04:25:05.876720+00:00,3931.0,36.0,94.72,32.0,1759.22265625,2621.1988172270358
2026-07-21T04:25:06.267655+00:00,3931.0,36.0,95.25,32.0,1759.22265625,2621.5897507332265
2026-07-21T04:25:06.604252+00:00,3931.0,35.0,95.13,32.0,1759.22265625,2621.9263495467603
2026-07-21T04:25:06.956744+00:00,3931.0,36.0,95.35,32.0,1759.22265625,2622.278841789812
2026-07-21T04:25:07.342687+00:00,3931.0,35.0,95.46,32.0,1759.22265625,2622.664785001427
2026-07-21T04:25:07.698813+00:00,3931.0,35.0,95.65,32.0,1759.22265625,2623.0209105424583
2026-07-21T04:25:08.040817+00:00,3931.0,36.0,95.57,32.0,1759.22265625,2623.3629146441817
2026-07-21T04:25:08.371246+00:00,3931.0,36.0,94.94,32.0,1759.22265625,2623.693344105035
2026-07-21T04:25:08.708658+00:00,3931.0,36.0,95.19,32.0,1759.22265625,2624.03075639531
2026-07-21T04:25:09.048820+00:00,3931.0,36.0,95.23,32.0,1759.22265625,2624.3709176406264
2026-07-21T04:25:09.412627+00:00,3931.0,36.0,95.87,32.0,1759.22265625,2624.7347257882357
2026-07-21T04:25:09.771033+00:00,3931.0,26.0,95.21,32.0,1759.22265625,2625.0931292250752
2026-07-21T04:25:10.118762+00:00,3931.0,34.0,95.36,32.0,1759.22265625,2625.4408593811095
2026-07-21T04:25:10.483468+00:00,3931.0,1.0,93.86,32.0,1759.23828125,2625.8055654354393
2026-07-21T04:25:10.870633+00:00,3931.0,35.0,94.35,32.0,1759.23828125,2626.1927315704525
2026-07-21T04:25:11.208908+00:00,3931.0,34.0,94.19,32.0,1759.23828125,2626.5310056731105
2026-07-21T04:25:11.566023+00:00,3931.0,36.0,95.17,32.0,1759.23828125,2626.8881210684776
2026-07-21T04:25:11.922720+00:00,3931.0,35.0,95.27,32.0,1759.23828125,2627.244818624109
2026-07-21T04:25:12.290514+00:00,3931.0,36.0,95.53,32.0,1759.23828125,2627.6126128174365
2026-07-21T04:25:12.677347+00:00,3931.0,36.0,95.43,32.0,1759.23828125,2627.999445337802
2026-07-21T04:25:13.038931+00:00,3931.0,37.0,95.25,32.0,1759.23828125,2628.361028879881
2026-07-21T04:25:13.373049+00:00,3931.0,35.0,95.26,32.0,1759.23828125,2628.695146098733
2026-07-21T04:25:13.758929+00:00,3931.0,36.0,95.08,32.0,1759.23828125,2629.0810271315277
2026-07-21T04:25:14.076115+00:00,3931.0,36.0,94.68,32.0,1759.23828125,2629.3982129581273
2026-07-21T04:25:14.410660+00:00,3931.0,37.0,95.08,32.0,1759.23828125,2629.7327587790787
2026-07-21T04:25:14.766921+00:00,3931.0,35.0,95.15,32.0,1759.23828125,2630.089019201696
2026-07-21T04:25:15.145778+00:00,3931.0,34.0,95.44,32.0,1759.23828125,2630.4678665287793
2026-07-21T04:25:15.515024+00:00,3931.0,36.0,95.84,32.0,1759.23828125,2630.8371216617525
2026-07-21T04:25:15.875710+00:00,3931.0,32.0,95.33,32.0,1759.23828125,2631.1978066004813
2026-07-21T04:25:16.215056+00:00,3931.0,34.0,94.63,32.0,1759.23828125,2631.5371546968818
2026-07-21T04:25:16.569968+00:00,3931.0,36.0,93.84,32.0,1759.23828125,2631.8920654579997
2026-07-21T04:25:16.927035+00:00,3931.0,37.0,94.86,32.0,1759.23828125,2632.249132528901
2026-07-21T04:25:17.354845+00:00,3931.0,37.0,95.52,32.0,1759.23828125,2632.676934402436
2026-07-21T04:25:17.710620+00:00,3931.0,36.0,94.86,32.0,1759.26171875,2633.0327180102468
2026-07-21T04:25:18.073279+00:00,3931.0,37.0,94.82,32.0,1759.26171875,2633.3953768908978
2026-07-21T04:25:18.451260+00:00,3931.0,37.0,94.88,32.0,1759.26171875,2633.7733574435115
2026-07-21T04:25:18.820635+00:00,3931.0,36.0,94.99,32.0,1759.26171875,2634.1427322141826
2026-07-21T04:25:19.277271+00:00,3931.0,20.0,94.37,32.0,1759.26171875,2634.5993667952716
2026-07-21T04:25:19.649102+00:00,3931.0,36.0,93.49,32.0,1759.27734375,2634.971199106425
2026-07-21T04:25:20.039826+00:00,3931.0,35.0,93.28,32.0,1759.27734375,2635.3619239740074
2026-07-21T04:25:20.427143+00:00,3931.0,37.0,94.2,32.0,1759.27734375,2635.749240666628
2026-07-21T04:25:20.761416+00:00,3931.0,37.0,94.58,32.0,1759.27734375,2636.0835143215954
2026-07-21T04:25:21.147200+00:00,3931.0,36.0,95.32,32.0,1759.27734375,2636.469297770411
2026-07-21T04:25:21.489476+00:00,3931.0,7.0,93.96,32.0,1759.2890625,2636.8115734905005
2026-07-21T04:25:21.875230+00:00,3931.0,37.0,93.91,32.0,1759.2890625,2637.19732812047
2026-07-21T04:25:22.191427+00:00,3931.0,37.0,93.34,32.0,1759.2890625,2637.5135251022875
2026-07-21T04:25:22.527654+00:00,3931.0,36.0,94.58,32.0,1759.2890625,2637.849751845002
2026-07-21T04:25:22.886693+00:00,3931.0,36.0,94.38,32.0,1759.2890625,2638.208789616823
2026-07-21T04:25:23.260447+00:00,3931.0,35.0,94.77,32.0,1759.2890625,2638.582545619458
2026-07-21T04:25:23.598248+00:00,3931.0,35.0,94.7,32.0,1759.2890625,2638.9203456528485
2026-07-21T04:25:23.936028+00:00,3933.0,36.0,93.09,32.0,1759.30078125,2639.2581257745624
2026-07-21T04:25:24.270344+00:00,3933.0,35.0,93.02,32.0,1759.30078125,2639.5924420282245
2026-07-21T04:25:24.654940+00:00,3933.0,35.0,93.12,32.0,1759.30078125,2639.977036949247
2026-07-21T04:25:25.084102+00:00,3933.0,0.0,93.42,32.0,1759.3125,2640.406199425459
2026-07-21T04:25:25.439976+00:00,3933.0,35.0,93.67,32.0,1759.3125,2640.762074314058
2026-07-21T04:25:25.795091+00:00,3933.0,35.0,93.7,32.0,1759.3125,2641.1171892620623
2026-07-21T04:25:26.180615+00:00,3933.0,35.0,94.27,32.0,1759.3125,2641.502712443471
2026-07-21T04:25:26.538696+00:00,3933.0,36.0,94.58,32.0,1759.3125,2641.860793661326
2026-07-21T04:25:26.881432+00:00,3933.0,35.0,94.76,32.0,1759.3125,2642.2035304382443
2026-07-21T04:25:27.197312+00:00,3933.0,36.0,94.93,32.0,1759.3125,2642.519411087036
2026-07-21T04:25:27.559493+00:00,3933.0,36.0,94.96,32.0,1759.3125,2642.8815917521715
2026-07-21T04:25:27.935098+00:00,3933.0,37.0,95.4,32.0,1759.3125,2643.2571962065995
2026-07-21T04:25:28.275356+00:00,3933.0,37.0,95.42,32.0,1759.3125,2643.5974537059665
2026-07-21T04:25:28.635088+00:00,3933.0,36.0,95.41,32.0,1759.3125,2643.957185856998
2026-07-21T04:25:28.977023+00:00,3933.0,36.0,95.29,32.0,1759.3125,2644.2991207391024
2026-07-21T04:25:29.316819+00:00,3933.0,37.0,95.33,32.0,1759.3125,2644.6389182545245
2026-07-21T04:25:29.738679+00:00,3933.0,17.0,94.38,32.0,1759.328125,2645.0607767775655
2026-07-21T04:25:30.115525+00:00,3933.0,35.0,93.98,32.0,1759.328125,2645.43762357533
2026-07-21T04:25:30.431590+00:00,3933.0,37.0,93.69,32.0,1759.328125,2645.753688644618
2026-07-21T04:25:30.747457+00:00,3933.0,38.0,94.29,32.0,1759.328125,2646.0695547685027
2026-07-21T04:25:31.089496+00:00,3933.0,37.0,94.39,32.0,1759.328125,2646.4115936644375
2026-07-21T04:25:31.450777+00:00,3933.0,37.0,94.49,32.0,1759.328125,2646.772875316441
2026-07-21T04:25:31.767024+00:00,3933.0,37.0,94.42,32.0,1759.328125,2647.089122131467
2026-07-21T04:25:32.105031+00:00,3933.0,37.0,94.63,32.0,1759.328125,2647.4271297864616
2026-07-21T04:25:32.420671+00:00,3933.0,37.0,94.89,32.0,1759.328125,2647.7427692748606
2026-07-21T04:25:32.760705+00:00,3933.0,37.0,95.21,32.0,1759.328125,2648.0828030891716
2026-07-21T04:25:33.100429+00:00,3933.0,38.0,95.34,32.0,1759.33203125,2648.4225271120667
2026-07-21T04:25:33.415711+00:00,3933.0,38.0,95.35,32.0,1759.33203125,2648.737809345126
2026-07-21T04:25:33.756299+00:00,3933.0,37.0,95.28,32.0,1759.33203125,2649.0783976353705
2026-07-21T04:25:34.096734+00:00,3933.0,0.0,93.91,32.0,1759.34765625,2649.4188321083784
2026-07-21T04:25:34.436510+00:00,3933.0,35.0,93.88,32.0,1759.34765625,2649.7586078755558
2026-07-21T04:25:34.752594+00:00,3933.0,36.0,93.76,32.0,1759.34765625,2650.0746921263635
2026-07-21T04:25:35.112660+00:00,3933.0,36.0,94.94,32.0,1759.34765625,2650.434757824987
2026-07-21T04:25:35.471371+00:00,3933.0,37.0,95.11,32.0,1759.34765625,2650.79346806556
2026-07-21T04:25:35.812987+00:00,3933.0,36.0,94.92,32.0,1759.34765625,2651.1350850351155
2026-07-21T04:25:36.171749+00:00,3933.0,35.0,94.87,32.0,1759.34765625,2651.493846450001
2026-07-21T04:25:36.534452+00:00,3933.0,31.0,93.78,32.0,1759.36328125,2651.8565490432084
2026-07-21T04:25:36.873534+00:00,3933.0,36.0,93.81,32.0,1759.36328125,2652.195632748306
2026-07-21T04:25:37.230833+00:00,3933.0,36.0,93.46,32.0,1759.36328125,2652.5529315434396
2026-07-21T04:25:37.568603+00:00,3933.0,37.0,94.32,32.0,1759.36328125,2652.890701122582
2026-07-21T04:25:37.885463+00:00,3933.0,36.0,94.26,32.0,1759.3671875,2653.2075614333153
2026-07-21T04:25:38.247471+00:00,3933.0,35.0,94.47,32.0,1759.3671875,2653.5695685446262
2026-07-21T04:25:38.628734+00:00,3933.0,34.0,94.98,32.0,1759.3671875,2653.950831349939
2026-07-21T04:25:38.970618+00:00,3933.0,35.0,93.56,32.0,1759.37890625,2654.2927156835794
2026-07-21T04:25:39.309435+00:00,3933.0,36.0,93.0,32.0,1759.37890625,2654.6315334104
2026-07-21T04:25:39.651930+00:00,3933.0,37.0,92.98,32.0,1759.37890625,2654.9740283824503
2026-07-21T04:25:40.015580+00:00,3933.0,36.0,94.55,32.0,1759.37890625,2655.3376784026623
2026-07-21T04:25:40.353375+00:00,3933.0,36.0,94.65,32.0,1759.3828125,2655.67547332868
2026-07-21T04:25:40.688802+00:00,3933.0,36.0,94.27,32.0,1759.3828125,2656.0109000988305
2026-07-21T04:25:41.008483+00:00,3933.0,36.0,94.28,32.0,1759.3828125,2656.330581802875
2026-07-21T04:25:41.370381+00:00,3933.0,36.0,94.5,32.0,1759.3828125,2656.6924778707325
2026-07-21T04:25:41.734829+00:00,3933.0,36.0,94.88,32.0,1759.3828125,2657.056927446276
2026-07-21T04:25:42.180644+00:00,3933.0,36.0,93.94,32.0,1759.39453125,2657.5027411840856
2026-07-21T04:25:42.522104+00:00,3933.0,35.0,93.76,32.0,1759.39453125,2657.844202131033
2026-07-21T04:25:42.900317+00:00,3933.0,37.0,95.03,32.0,1759.39453125,2658.222415409982
2026-07-21T04:25:43.240948+00:00,3933.0,36.0,94.53,32.0,1759.39453125,2658.5630464330316
2026-07-21T04:25:43.580066+00:00,3933.0,36.0,94.73,32.0,1759.39453125,2658.902164515108
2026-07-21T04:25:43.920788+00:00,3933.0,37.0,94.51,32.0,1759.39453125,2659.2428866885602
2026-07-21T04:25:44.236585+00:00,3933.0,37.0,94.79,32.0,1759.39453125,2659.5586830228567
2026-07-21T04:25:44.575968+00:00,3933.0,37.0,94.97,32.0,1759.39453125,2659.8980659767985
2026-07-21T04:25:44.893940+00:00,3933.0,37.0,95.24,32.0,1759.39453125,2660.216037981212
2026-07-21T04:25:45.227898+00:00,3933.0,36.0,94.15,32.0,1759.41015625,2660.5499965287745
2026-07-21T04:25:45.544341+00:00,3933.0,37.0,94.18,32.0,1759.41015625,2660.866439320147
2026-07-21T04:25:45.861224+00:00,3933.0,38.0,94.33,32.0,1759.41015625,2661.1833209879696
2026-07-21T04:25:46.201090+00:00,3933.0,37.0,95.47,32.0,1759.41015625,2661.5231883451343
2026-07-21T04:25:46.562420+00:00,3933.0,37.0,95.4,32.0,1759.41015625,2661.8845184482634
2026-07-21T04:25:46.918333+00:00,3933.0,38.0,95.63,32.0,1759.41015625,2662.2404314763844
2026-07-21T04:25:47.298871+00:00,3933.0,36.0,95.81,32.0,1759.41015625,2662.620968993753
2026-07-21T04:25:47.658012+00:00,3933.0,37.0,95.93,32.0,1759.41015625,2662.980110451579
2026-07-21T04:25:47.996531+00:00,3933.0,37.0,96.12,32.0,1759.41015625,2663.3186301141977
2026-07-21T04:25:48.312691+00:00,3933.0,37.0,95.68,32.0,1759.41015625,2663.634789545089
2026-07-21T04:25:48.690549+00:00,3933.0,37.0,95.61,32.0,1759.41015625,2664.012647498399
2026-07-21T04:25:49.006314+00:00,3933.0,37.0,95.39,32.0,1759.41015625,2664.3284121230245
2026-07-21T04:25:49.339996+00:00,3933.0,37.0,95.62,32.0,1759.41015625,2664.6620944030583
2026-07-21T04:25:49.680231+00:00,3933.0,37.0,95.28,32.0,1759.41015625,2665.002329494804
2026-07-21T04:25:50.020511+00:00,3933.0,0.0,93.91,32.0,1759.44140625,2665.342607676983
2026-07-21T04:25:50.359818+00:00,3933.0,37.0,94.03,32.0,1759.44140625,2665.681917063892
2026-07-21T04:25:50.696069+00:00,3933.0,37.0,94.25,32.0,1759.44140625,2666.0181661993265
2026-07-21T04:25:51.078148+00:00,3933.0,38.0,95.96,32.0,1759.44140625,2666.400246322155
2026-07-21T04:25:51.416296+00:00,3933.0,38.0,96.1,32.0,1759.44140625,2666.738394059241
2026-07-21T04:25:51.779105+00:00,3933.0,37.0,95.91,32.0,1759.44140625,2667.1012028343976
2026-07-21T04:25:52.167301+00:00,3933.0,36.0,95.88,32.0,1759.44140625,2667.4893997870386
2026-07-21T04:25:52.503764+00:00,3933.0,37.0,95.99,32.0,1759.44140625,2667.8258625492454
2026-07-21T04:25:52.859281+00:00,3933.0,38.0,96.33,32.0,1759.44140625,2668.1813792809844
2026-07-21T04:25:53.218817+00:00,3933.0,36.0,95.86,32.0,1759.44140625,2668.5409138426185
2026-07-21T04:25:53.556220+00:00,3933.0,37.0,95.74,32.0,1759.44140625,2668.878318142146
2026-07-21T04:25:53.918928+00:00,3933.0,37.0,95.78,32.0,1759.4453125,2669.2410262711346
2026-07-21T04:25:54.255989+00:00,3933.0,38.0,95.74,32.0,1759.4453125,2669.578086603433
2026-07-21T04:25:54.614533+00:00,3933.0,38.0,96.32,32.0,1759.4453125,2669.9366310574114
2026-07-21T04:25:54.975824+00:00,3933.0,35.0,96.12,32.0,1759.4453125,2670.2979224584997
2026-07-21T04:25:55.315229+00:00,3933.0,37.0,96.35,32.0,1759.4453125,2670.6373267769814
2026-07-21T04:25:55.669936+00:00,3933.0,36.0,95.82,32.0,1759.4453125,2670.9920337684453
2026-07-21T04:25:56.157119+00:00,3933.0,36.0,94.13,32.0,1759.46484375,2671.4792171753943
2026-07-21T04:25:56.546400+00:00,3933.0,35.0,93.68,32.0,1759.46484375,2671.8684986010194
2026-07-21T04:25:56.906698+00:00,3933.0,37.0,95.0,32.0,1759.46484375,2672.228796530515
2026-07-21T04:25:57.294448+00:00,3933.0,37.0,94.79,32.0,1759.46484375,2672.616545461118
2026-07-21T04:25:57.669515+00:00,3933.0,34.0,94.8,32.0,1759.46484375,2672.991612840444
2026-07-21T04:25:58.054975+00:00,3933.0,36.0,94.83,32.0,1759.47265625,2673.377073381096
2026-07-21T04:25:58.484604+00:00,3933.0,4.0,94.01,32.0,1759.48828125,2673.806702118367
2026-07-21T04:25:58.824294+00:00,3933.0,36.0,94.29,32.0,1759.4921875,2674.146391674876
2026-07-21T04:25:59.187783+00:00,3933.0,37.0,94.36,32.0,1759.4921875,2674.5098805576563
2026-07-21T04:25:59.546663+00:00,3933.0,37.0,95.11,32.0,1759.4921875,2674.868760596961
2026-07-21T04:25:59.883709+00:00,3933.0,38.0,95.11,32.0,1759.5,2675.2058063708246
2026-07-21T04:26:00.265805+00:00,3933.0,35.0,95.41,32.0,1759.5,2675.5879019759595
2026-07-21T04:26:00.630440+00:00,3933.0,37.0,95.45,32.0,1759.50390625,2675.9525382891297
2026-07-21T04:26:00.963914+00:00,3933.0,37.0,95.46,32.0,1759.50390625,2676.2860124595463
2026-07-21T04:26:01.285357+00:00,3933.0,37.0,94.92,32.0,1759.515625,2676.607455190271
2026-07-21T04:26:01.645948+00:00,3933.0,37.0,95.09,32.0,1759.515625,2676.9680465087295
2026-07-21T04:26:02.026576+00:00,3933.0,37.0,95.31,32.0,1759.51953125,2677.348673313856
2026-07-21T04:26:02.413221+00:00,3933.0,37.0,95.86,32.0,1759.51953125,2677.7353184632957
2026-07-21T04:26:02.774700+00:00,3933.0,37.0,96.03,32.0,1759.52734375,2678.096789225936
2026-07-21T04:26:03.112045+00:00,3933.0,37.0,96.14,32.0,1759.52734375,2678.4341431744397
2026-07-21T04:26:03.450088+00:00,3933.0,38.0,95.81,32.0,1759.53125,2678.772186540067
2026-07-21T04:26:03.787770+00:00,3933.0,38.0,95.36,32.0,1759.53515625,2679.109868273139
2026-07-21T04:26:04.170167+00:00,3933.0,38.0,95.39,32.0,1759.5390625,2679.4922650009394
2026-07-21T04:26:04.504093+00:00,3933.0,38.0,95.46,32.0,1759.54296875,2679.8261864595115
2026-07-21T04:26:04.867279+00:00,3933.0,37.0,96.06,32.0,1759.54296875,2680.1893773451447
2026-07-21T04:26:05.202063+00:00,3933.0,37.0,95.99,32.0,1759.5546875,2680.5241607949138
2026-07-21T04:26:05.540043+00:00,3933.0,37.0,95.72,32.0,1759.5546875,2680.8621414378285
2026-07-21T04:26:05.875898+00:00,3933.0,37.0,95.69,32.0,1759.55859375,2681.1979954726994
2026-07-21T04:26:06.212135+00:00,3933.0,36.0,95.5,32.0,1759.55859375,2681.5342325866222
2026-07-21T04:26:06.550560+00:00,3933.0,38.0,95.48,32.0,1759.5625,2681.872658021748
2026-07-21T04:26:06.911518+00:00,3933.0,6.0,94.57,32.0,1759.59375,2682.2336156740785
2026-07-21T04:26:07.248049+00:00,3933.0,37.0,94.02,32.0,1759.59375,2682.5701466724277
2026-07-21T04:26:07.609798+00:00,3933.0,37.0,93.64,32.0,1759.6015625,2682.9318961128592
2026-07-21T04:26:07.947731+00:00,3933.0,36.0,94.69,32.0,1759.6015625,2683.2698284834623
2026-07-21T04:26:08.305953+00:00,3933.0,36.0,95.16,32.0,1759.609375,2683.6280511282384
2026-07-21T04:26:08.643653+00:00,3933.0,37.0,95.04,32.0,1759.609375,2683.9657511673868
2026-07-21T04:26:09.030826+00:00,3933.0,36.0,95.5,32.0,1759.61328125,2684.352924723178
2026-07-21T04:26:09.395092+00:00,3933.0,36.0,95.47,32.0,1759.61328125,2684.7171903960407
2026-07-21T04:26:09.746653+00:00,3933.0,37.0,95.47,32.0,1759.61328125,2685.068751666695
2026-07-21T04:26:10.097109+00:00,3933.0,37.0,95.08,32.0,1759.625,2685.4192070811987
2026-07-21T04:26:10.454187+00:00,3933.0,36.0,95.56,32.0,1759.625,2685.7762850299478
2026-07-21T04:26:10.791604+00:00,3933.0,37.0,95.72,32.0,1759.62890625,2686.1137020736933
2026-07-21T04:26:11.150393+00:00,3933.0,36.0,95.83,32.0,1759.62890625,2686.472490761429
2026-07-21T04:26:11.516238+00:00,3933.0,36.0,95.73,32.0,1759.63671875,2686.8383360654116
2026-07-21T04:26:11.853808+00:00,3933.0,37.0,95.67,32.0,1759.63671875,2687.1759061701596
2026-07-21T04:26:12.238715+00:00,3933.0,36.0,94.54,32.0,1759.6640625,2687.560811512172
2026-07-21T04:26:12.602444+00:00,3933.0,35.0,94.19,32.0,1759.66796875,2687.924541901797
2026-07-21T04:26:12.986839+00:00,3933.0,35.0,93.97,32.0,1759.66796875,2688.308936882764
2026-07-21T04:26:13.328280+00:00,3933.0,35.0,94.77,32.0,1759.67578125,2688.6503780968487
2026-07-21T04:26:13.691400+00:00,3933.0,37.0,94.68,32.0,1759.67578125,2689.0134978219867
2026-07-21T04:26:14.031919+00:00,3933.0,36.0,94.56,32.0,1759.68359375,2689.354017559439
2026-07-21T04:26:14.372735+00:00,3933.0,37.0,94.95,32.0,1759.68359375,2689.6948330029845
2026-07-21T04:26:14.742261+00:00,3933.0,16.0,93.73,32.0,1759.703125,2690.064358714968
2026-07-21T04:26:15.118481+00:00,3933.0,36.0,94.24,32.0,1759.71484375,2690.4405787698925
2026-07-21T04:26:15.452216+00:00,3933.0,36.0,94.09,32.0,1759.71484375,2690.774314042181
2026-07-21T04:26:15.792152+00:00,3933.0,35.0,95.18,32.0,1759.71875,2691.1142506971955
2026-07-21T04:26:16.179923+00:00,3933.0,35.0,94.73,32.0,1759.71875,2691.5020220018923
2026-07-21T04:26:16.525434+00:00,3933.0,35.0,94.74,32.0,1759.73046875,2691.847532901913
2026-07-21T04:26:16.887677+00:00,3933.0,37.0,94.96,32.0,1759.73046875,2692.2097752802074
2026-07-21T04:26:17.246071+00:00,3933.0,36.0,95.01,32.0,1759.7421875,2692.5681677497923
2026-07-21T04:26:17.594370+00:00,3933.0,36.0,95.28,32.0,1759.7421875,2692.9164688028395
2026-07-21T04:26:17.929298+00:00,3933.0,37.0,94.9,32.0,1759.75390625,2693.2513963617384
2026-07-21T04:26:18.248424+00:00,3933.0,37.0,95.02,32.0,1759.7578125,2693.5705223567784
2026-07-21T04:26:18.588665+00:00,3933.0,37.0,95.03,32.0,1759.7578125,2693.910762872547
2026-07-21T04:26:18.905125+00:00,3933.0,37.0,94.91,32.0,1759.76953125,2694.227223407477
2026-07-21T04:26:19.240569+00:00,3933.0,36.0,94.93,32.0,1759.76953125,2694.562667351216
2026-07-21T04:26:19.627213+00:00,3933.0,36.0,95.14,32.0,1759.78125,2694.9493117816746
2026-07-21T04:26:19.987253+00:00,3933.0,36.0,95.61,32.0,1759.78125,2695.3093511611223
2026-07-21T04:26:20.328290+00:00,3933.0,37.0,95.54,32.0,1759.8046875,2695.650388330221
2026-07-21T04:26:20.664184+00:00,3933.0,37.0,95.18,32.0,1759.8046875,2695.9862822405994
2026-07-21T04:26:21.004762+00:00,3933.0,37.0,95.27,32.0,1759.8046875,2696.326860245317
2026-07-21T04:26:21.343689+00:00,3933.0,36.0,95.49,32.0,1759.81640625,2696.665786642581
2026-07-21T04:26:21.683889+00:00,3933.0,36.0,95.5,32.0,1759.81640625,2697.005987416953
2026-07-21T04:26:22.046297+00:00,3933.0,37.0,95.78,32.0,1759.82421875,2697.3683951720595
2026-07-21T04:26:22.383958+00:00,3933.0,37.0,95.77,32.0,1759.82421875,2697.7060557752848
2026-07-21T04:26:22.723509+00:00,3933.0,37.0,95.74,32.0,1759.83984375,2698.045606870204
2026-07-21T04:26:23.060325+00:00,3933.0,38.0,95.41,32.0,1759.83984375,2698.3824233040214
2026-07-21T04:26:23.419137+00:00,3933.0,30.0,93.85,32.0,1759.86328125,2698.7412337698042
2026-07-21T04:26:23.754294+00:00,3933.0,36.0,93.36,32.0,1759.87109375,2699.076392017305
2026-07-21T04:26:24.092536+00:00,3933.0,36.0,92.84,32.0,1759.87109375,2699.4146343432367
2026-07-21T04:26:24.431420+00:00,3933.0,35.0,94.07,32.0,1759.88671875,2699.7535182014108
2026-07-21T04:26:24.768422+00:00,3933.0,36.0,94.19,32.0,1759.88671875,2700.0905195213854
2026-07-21T04:26:25.105509+00:00,3933.0,36.0,94.49,32.0,1759.8984375,2700.427606653422
2026-07-21T04:26:25.443958+00:00,3933.0,36.0,93.56,32.0,1759.91796875,2700.7660558633506
2026-07-21T04:26:25.784320+00:00,3933.0,36.0,93.76,32.0,1759.91796875,2701.106418672949
2026-07-21T04:26:26.319332+00:00,3933.0,36.0,94.08,32.0,1759.92578125,2701.6414293944836
2026-07-21T04:26:26.653843+00:00,3933.0,36.0,92.67,32.0,1759.92578125,2701.9759408459067
2026-07-21T04:26:26.991894+00:00,3933.0,37.0,92.61,32.0,1759.92578125,2702.3139918744564
2026-07-21T04:26:27.332402+00:00,3933.0,36.0,94.62,32.0,1759.92578125,2702.654499810189
2026-07-21T04:26:27.648411+00:00,3933.0,38.0,94.83,32.0,1759.92578125,2702.9705093689263
2026-07-21T04:26:27.988599+00:00,3933.0,37.0,94.85,32.0,1759.92578125,2703.310696877539
2026-07-21T04:26:28.328786+00:00,3933.0,36.0,95.13,32.0,1759.92578125,2703.650883436203
2026-07-21T04:26:28.667589+00:00,3933.0,36.0,94.96,32.0,1759.92578125,2703.9896872788668
2026-07-21T04:26:29.050796+00:00,3933.0,36.0,95.52,32.0,1759.92578125,2704.372892934829
2026-07-21T04:26:29.415002+00:00,3933.0,37.0,95.6,32.0,1759.92578125,2704.7370999976993
2026-07-21T04:26:29.752338+00:00,3933.0,37.0,95.84,32.0,1759.92578125,2705.0744349472225
2026-07-21T04:26:30.115004+00:00,3933.0,37.0,95.81,32.0,1759.92578125,2705.437101356685
2026-07-21T04:26:30.452127+00:00,3933.0,36.0,95.53,32.0,1759.92578125,2705.774224936962
2026-07-21T04:26:30.792188+00:00,3933.0,36.0,95.08,32.0,1759.92578125,2706.114285711199
2026-07-21T04:26:31.132329+00:00,3933.0,36.0,95.17,32.0,1759.92578125,2706.4544270969927
2026-07-21T04:26:31.518806+00:00,3933.0,36.0,95.44,32.0,1759.92578125,2706.840903736651
2026-07-21T04:26:31.878949+00:00,3933.0,37.0,95.88,32.0,1759.92578125,2707.201047282666
2026-07-21T04:26:32.261294+00:00,3933.0,37.0,94.23,32.0,1759.9453125,2707.583390928805
2026-07-21T04:26:32.618443+00:00,3933.0,36.0,93.96,32.0,1759.9453125,2707.9405419752
2026-07-21T04:26:33.045055+00:00,3933.0,36.0,93.66,32.0,1759.9453125,2708.3671525307
2026-07-21T04:26:33.430164+00:00,3933.0,36.0,94.0,32.0,1759.9609375,2708.752261042595
2026-07-21T04:26:33.767810+00:00,3933.0,36.0,94.33,32.0,1759.9609375,2709.089908607304
2026-07-21T04:26:34.108313+00:00,3933.0,37.0,95.99,32.0,1759.9609375,2709.4304111227393
2026-07-21T04:26:34.447735+00:00,3933.0,36.0,94.96,32.0,1759.9609375,2709.769833818078
2026-07-21T04:26:34.826929+00:00,3933.0,36.0,95.61,32.0,1759.9609375,2710.149026148021
2026-07-21T04:26:35.179049+00:00,3933.0,37.0,95.64,32.0,1759.9609375,2710.501146622002
2026-07-21T04:26:35.512624+00:00,3933.0,37.0,95.61,32.0,1759.9609375,2710.834722276777
2026-07-21T04:26:35.890856+00:00,3933.0,37.0,95.41,32.0,1759.9609375,2711.2129534967244
2026-07-21T04:26:36.224620+00:00,3933.0,37.0,94.94,32.0,1759.9609375,2711.5467177554965
2026-07-21T04:26:36.541106+00:00,3933.0,37.0,95.03,32.0,1759.9609375,2711.8632038608193
2026-07-21T04:26:36.927779+00:00,3933.0,37.0,95.19,32.0,1759.9609375,2712.2498764172196
2026-07-21T04:26:37.288540+00:00,3933.0,37.0,95.78,32.0,1759.9609375,2712.6106374263763
2026-07-21T04:26:37.650849+00:00,3933.0,37.0,95.85,32.0,1759.9609375,2712.9729470536113
2026-07-21T04:26:38.023831+00:00,3933.0,36.0,95.99,32.0,1759.9609375,2713.345928672701
2026-07-21T04:26:38.341332+00:00,3933.0,38.0,96.17,32.0,1759.9609375,2713.6634298190475
2026-07-21T04:26:38.698847+00:00,3933.0,38.0,95.98,32.0,1759.9609375,2714.020944520831
2026-07-21T04:26:39.078793+00:00,3933.0,37.0,95.88,32.0,1759.9609375,2714.400891099125
2026-07-21T04:26:39.434688+00:00,3933.0,37.0,96.17,32.0,1759.9609375,2714.7567863352597
2026-07-21T04:26:39.795190+00:00,3933.0,37.0,96.35,32.0,1759.9609375,2715.1172876134515
2026-07-21T04:26:40.160001+00:00,3933.0,37.0,96.07,32.0,1759.9609375,2715.482098251581
2026-07-21T04:26:40.500230+00:00,3933.0,38.0,95.84,32.0,1759.9609375,2715.822327978909
2026-07-21T04:26:40.863067+00:00,3933.0,37.0,96.0,32.0,1759.9609375,2716.1851650178432
2026-07-21T04:26:41.243625+00:00,3933.0,37.0,96.34,32.0,1759.9609375,2716.5657229423523
2026-07-21T04:26:41.584287+00:00,3933.0,24.0,94.92,32.0,1759.9765625,2716.9063846617937
2026-07-21T04:26:41.939004+00:00,3933.0,36.0,94.62,32.0,1759.9765625,2717.2611019536853
2026-07-21T04:26:42.255336+00:00,3933.0,36.0,93.68,32.0,1759.9765625,2717.5774341262877
2026-07-21T04:26:42.615130+00:00,3933.0,37.0,94.88,32.0,1759.9765625,2717.937228474766
2026-07-21T04:26:42.932478+00:00,3933.0,37.0,94.77,32.0,1759.9765625,2718.2545765414834
2026-07-21T04:26:43.318770+00:00,3933.0,37.0,95.39,32.0,1759.9765625,2718.6408684179187
2026-07-21T04:26:43.660167+00:00,3933.0,3.0,94.45,32.0,1759.99609375,2718.9822633452713
2026-07-21T04:26:44.000813+00:00,3933.0,36.0,94.46,32.0,1759.99609375,2719.3229112811387
2026-07-21T04:26:44.382308+00:00,3933.0,37.0,94.24,32.0,1759.99609375,2719.704405348748
2026-07-21T04:26:44.717433+00:00,3933.0,37.0,95.16,32.0,1759.99609375,2720.0395308174193
2026-07-21T04:26:45.048233+00:00,3933.0,36.0,95.03,32.0,1759.99609375,2720.370331581682
2026-07-21T04:26:45.392434+00:00,3933.0,36.0,95.04,32.0,1759.99609375,2720.7145321778953
2026-07-21T04:26:45.736601+00:00,3933.0,35.0,93.71,32.0,1760.0078125,2721.0586984604597
2026-07-21T04:26:46.076261+00:00,3933.0,36.0,93.67,32.0,1760.0078125,2721.3983592428267
2026-07-21T04:26:46.416253+00:00,3933.0,36.0,93.48,32.0,1760.0078125,2721.73835073784
2026-07-21T04:26:46.782501+00:00,3933.0,36.0,95.0,32.0,1760.0078125,2722.104598712176
2026-07-21T04:26:47.120730+00:00,3933.0,37.0,95.26,32.0,1760.0078125,2722.4428279288113
2026-07-21T04:26:47.514204+00:00,3933.0,37.0,95.19,32.0,1760.0078125,2722.836301520467
2026-07-21T04:26:47.852301+00:00,3933.0,36.0,94.91,32.0,1760.0078125,2723.1743983589113
2026-07-21T04:26:48.238673+00:00,3933.0,36.0,94.96,32.0,1760.0078125,2723.56077048555
2026-07-21T04:26:48.578690+00:00,3933.0,37.0,95.02,32.0,1760.0078125,2723.9007877260447
2026-07-21T04:26:48.954540+00:00,3933.0,35.0,93.86,32.0,1760.0078125,2724.276637747884
2026-07-21T04:26:49.310562+00:00,3933.0,38.0,93.82,32.0,1760.0078125,2724.6326600685716
2026-07-21T04:26:49.694844+00:00,3933.0,36.0,94.29,32.0,1760.0078125,2725.016941498965
2026-07-21T04:26:50.059104+00:00,3933.0,35.0,95.27,32.0,1760.0078125,2725.3812022581697
2026-07-21T04:26:50.379763+00:00,3933.0,35.0,95.08,32.0,1760.0078125,2725.701861858368
2026-07-21T04:26:50.768576+00:00,3933.0,0.0,93.7,32.0,1760.0234375,2726.0906730666757
2026-07-21T04:26:51.127143+00:00,3933.0,34.0,93.62,32.0,1760.0234375,2726.449240922928
2026-07-21T04:26:51.467008+00:00,3933.0,37.0,93.81,32.0,1760.0234375,2726.789105746895
2026-07-21T04:26:51.808679+00:00,3933.0,31.0,93.71,32.0,1760.0234375,2727.130777243525
2026-07-21T04:26:52.178196+00:00,3933.0,36.0,94.4,32.0,1760.0234375,2727.5002936273813
2026-07-21T04:26:52.539075+00:00,3933.0,36.0,94.3,32.0,1760.0234375,2727.861172758043
2026-07-21T04:26:52.898368+00:00,3933.0,36.0,94.8,32.0,1760.0234375,2728.2204659208655
2026-07-21T04:26:53.262619+00:00,3933.0,36.0,94.68,32.0,1760.0234375,2728.5847165472806
2026-07-21T04:26:53.628469+00:00,3933.0,36.0,94.75,32.0,1760.0234375,2728.950566418469
2026-07-21T04:26:54.006475+00:00,3933.0,37.0,94.72,32.0,1760.0234375,2729.3285734169185
2026-07-21T04:26:54.341079+00:00,3933.0,37.0,94.78,32.0,1760.0234375,2729.6631765961647
2026-07-21T04:26:54.680183+00:00,3933.0,38.0,94.99,32.0,1760.0234375,2730.0022818148136
2026-07-21T04:26:55.021043+00:00,3933.0,36.0,94.84,32.0,1760.0234375,2730.34314103052
2026-07-21T04:26:55.449274+00:00,3933.0,36.0,94.67,32.0,1760.0234375,2730.7713711485267
2026-07-21T04:26:55.770117+00:00,3933.0,36.0,93.75,32.0,1760.0390625,2731.0922143384814
2026-07-21T04:26:56.112481+00:00,3933.0,35.0,93.58,32.0,1760.0390625,2731.4345797859132
2026-07-21T04:26:56.474858+00:00,3933.0,35.0,94.43,32.0,1760.0390625,2731.7969562336802
2026-07-21T04:26:56.808154+00:00,3933.0,37.0,94.24,32.0,1760.0390625,2732.1302525922656
2026-07-21T04:26:57.156648+00:00,3933.0,36.0,94.72,32.0,1760.0390625,2732.4787460565567
2026-07-21T04:26:57.508227+00:00,3933.0,35.0,94.4,32.0,1760.0390625,2732.830325052142
2026-07-21T04:26:57.885801+00:00,3933.0,37.0,94.64,32.0,1760.0390625,2733.207898788154
2026-07-21T04:26:58.242575+00:00,3933.0,35.0,93.91,32.0,1760.0390625,2733.564673077315
2026-07-21T04:26:58.579914+00:00,3933.0,36.0,93.82,32.0,1760.0390625,2733.902012426406
2026-07-21T04:26:58.958652+00:00,3933.0,35.0,93.21,32.0,1760.0546875,2734.2807499840856
2026-07-21T04:26:59.297300+00:00,3933.0,37.0,93.86,32.0,1760.0546875,2734.6193979121745
2026-07-21T04:26:59.654245+00:00,3933.0,35.0,94.14,32.0,1760.0546875,2734.9763430543244
2026-07-21T04:26:59.973457+00:00,3933.0,36.0,94.53,32.0,1760.0546875,2735.295554820448
2026-07-21T04:27:00.326587+00:00,3933.0,36.0,94.47,32.0,1760.0546875,2735.6486842408776
2026-07-21T04:27:00.682729+00:00,3933.0,35.0,94.55,32.0,1760.0546875,2736.0048267282546
2026-07-21T04:27:01.046619+00:00,3933.0,36.0,95.13,32.0,1760.0546875,2736.3687165789306
2026-07-21T04:27:01.437337+00:00,3933.0,20.0,94.03,32.0,1760.07421875,2736.7594338729978
2026-07-21T04:27:01.802835+00:00,3933.0,36.0,93.93,32.0,1760.07421875,2737.124932322651
2026-07-21T04:27:02.169159+00:00,3933.0,37.0,93.95,32.0,1760.07421875,2737.491255965084
2026-07-21T04:27:02.516780+00:00,3933.0,36.0,95.01,32.0,1760.07421875,2737.838878441602
2026-07-21T04:27:02.873981+00:00,3933.0,36.0,95.23,32.0,1760.07421875,2738.1960791125894
2026-07-21T04:27:03.258057+00:00,3933.0,37.0,95.18,32.0,1760.07421875,2738.580154672265
2026-07-21T04:27:03.600511+00:00,3933.0,35.0,95.12,32.0,1760.07421875,2738.922607835382
2026-07-21T04:27:03.982594+00:00,3933.0,38.0,95.37,32.0,1760.07421875,2739.304691106081
2026-07-21T04:27:04.346741+00:00,3933.0,38.0,95.64,32.0,1760.07421875,2739.668839316815
2026-07-21T04:27:04.706569+00:00,3933.0,38.0,95.77,32.0,1760.07421875,2740.028666842729
2026-07-21T04:27:05.042754+00:00,3933.0,35.0,95.44,32.0,1760.07421875,2740.364852014929
2026-07-21T04:27:05.411894+00:00,3933.0,37.0,95.55,32.0,1760.07421875,2740.733990777284
2026-07-21T04:27:05.752477+00:00,3933.0,37.0,95.46,32.0,1760.07421875,2741.074574250728
2026-07-21T04:27:06.114675+00:00,3933.0,35.0,95.46,32.0,1760.07421875,2741.436772301793
2026-07-21T04:27:06.478832+00:00,3933.0,37.0,95.51,32.0,1760.07421875,2741.8009291552007
2026-07-21T04:27:06.838919+00:00,3933.0,37.0,95.54,32.0,1760.07421875,2742.1610168255866
2026-07-21T04:27:07.206008+00:00,3933.0,36.0,95.45,32.0,1760.07421875,2742.5281052328646
2026-07-21T04:27:07.594141+00:00,3933.0,37.0,95.71,32.0,1760.07421875,2742.916238076985
2026-07-21T04:27:07.935034+00:00,3933.0,37.0,95.78,32.0,1760.07421875,2743.2571325935423
2026-07-21T04:27:08.310115+00:00,3933.0,37.0,96.01,32.0,1760.07421875,2743.6322128959
2026-07-21T04:27:08.647997+00:00,3933.0,36.0,95.84,32.0,1760.07421875,2743.9700941815972
2026-07-21T04:27:09.034997+00:00,3933.0,37.0,96.0,32.0,1760.07421875,2744.357095398009
2026-07-21T04:27:09.424314+00:00,3933.0,38.0,95.77,32.0,1760.07421875,2744.746412076056
2026-07-21T04:27:09.868668+00:00,3933.0,0.0,94.17,32.0,1760.09375,2745.19076481089
2026-07-21T04:27:10.249876+00:00,3933.0,36.0,93.91,32.0,1760.09375,2745.5719748325646
2026-07-21T04:27:10.611847+00:00,3933.0,37.0,93.75,32.0,1760.09375,2745.93394485116
2026-07-21T04:27:10.956275+00:00,3933.0,35.0,94.81,32.0,1760.09375,2746.2783725112677
2026-07-21T04:27:11.301180+00:00,3933.0,37.0,95.2,32.0,1760.09375,2746.623277466744
2026-07-21T04:27:11.640093+00:00,3933.0,36.0,95.12,32.0,1760.09375,2746.962190531194
2026-07-21T04:27:11.981401+00:00,3933.0,37.0,95.54,32.0,1760.09375,2747.3034986443818
2026-07-21T04:27:12.372719+00:00,3933.0,36.0,95.56,32.0,1760.09375,2747.694816764444
2026-07-21T04:27:12.708296+00:00,3933.0,28.0,94.46,32.0,1760.109375,2748.0303928367794
2026-07-21T04:27:13.066729+00:00,3933.0,36.0,94.67,32.0,1760.109375,2748.3888270407915
2026-07-21T04:27:13.410055+00:00,3933.0,36.0,94.34,32.0,1760.109375,2748.7321529090405
2026-07-21T04:27:13.790681+00:00,3933.0,36.0,95.62,32.0,1760.109375,2749.1127777807415
2026-07-21T04:27:14.128960+00:00,3933.0,37.0,95.28,32.0,1760.109375,2749.4510576464236
2026-07-21T04:27:14.472304+00:00,3933.0,37.0,95.44,32.0,1760.109375,2749.7944029793143
2026-07-21T04:27:14.834281+00:00,3933.0,37.0,95.48,32.0,1760.109375,2750.1563793085515
2026-07-21T04:27:15.153299+00:00,3933.0,36.0,95.29,32.0,1760.109375,2750.4753971993923
2026-07-21T04:27:15.519086+00:00,3933.0,37.0,95.3,32.0,1760.109375,2750.841183744371
2026-07-21T04:27:15.901984+00:00,3933.0,35.0,95.5,32.0,1760.109375,2751.2240818440914
2026-07-21T04:27:16.243844+00:00,3933.0,36.0,95.57,32.0,1760.109375,2751.5659420639277
2026-07-21T04:27:16.601636+00:00,3933.0,37.0,95.68,32.0,1760.109375,2751.923733048141
2026-07-21T04:27:16.940484+00:00,3933.0,38.0,95.35,32.0,1760.109375,2752.2625816725194
2026-07-21T04:27:17.282299+00:00,3933.0,36.0,95.45,32.0,1760.109375,2752.6043972447515
2026-07-21T04:27:17.642646+00:00,3933.0,38.0,95.8,32.0,1760.109375,2752.9647443443537
2026-07-21T04:27:17.980761+00:00,3933.0,35.0,95.33,32.0,1760.109375,2753.3028590492904
2026-07-21T04:27:18.338596+00:00,3933.0,36.0,95.54,32.0,1760.109375,2753.660694409162
2026-07-21T04:27:18.718027+00:00,3933.0,38.0,95.77,32.0,1760.109375,2754.040124222636
2026-07-21T04:27:19.079226+00:00,3933.0,37.0,95.81,32.0,1760.109375,2754.4013241380453
2026-07-21T04:27:19.535469+00:00,3933.0,38.0,95.72,32.0,1760.109375,2754.8575656972826
2026-07-21T04:27:19.903537+00:00,3933.0,36.0,94.41,32.0,1760.12890625,2755.225634831935
2026-07-21T04:27:20.266639+00:00,3933.0,35.0,94.13,32.0,1760.12890625,2755.5887358523905
2026-07-21T04:27:20.631274+00:00,3933.0,34.0,95.25,32.0,1760.12890625,2755.953370831907
2026-07-21T04:27:20.974723+00:00,3933.0,36.0,95.07,32.0,1760.12890625,2756.296820305288
2026-07-21T04:27:21.338208+00:00,3933.0,37.0,95.26,32.0,1760.12890625,2756.6603057049215
2026-07-21T04:27:21.702762+00:00,3933.0,35.0,95.02,32.0,1760.12890625,2757.0248605795205
2026-07-21T04:27:22.058386+00:00,3933.0,31.0,94.79,32.0,1760.12890625,2757.3804834224284
2026-07-21T04:27:22.460772+00:00,3933.0,36.0,94.3,32.0,1760.12890625,2757.7828697934747
2026-07-21T04:27:22.800450+00:00,3933.0,36.0,94.42,32.0,1760.12890625,2758.1225478984416
2026-07-21T04:27:23.163610+00:00,3933.0,36.0,95.34,32.0,1760.12890625,2758.4857073798776
2026-07-21T04:27:23.550141+00:00,3933.0,36.0,95.48,32.0,1760.12890625,2758.872238047421
2026-07-21T04:27:23.934739+00:00,3933.0,35.0,95.37,32.0,1760.12890625,2759.2568370215595
2026-07-21T04:27:24.396606+00:00,3933.0,1.0,93.64,32.0,1763.375,2759.7187030389905
2026-07-21T04:27:24.736384+00:00,3933.0,36.0,93.87,32.0,1763.375,2760.0584815628827
2026-07-21T04:27:25.097810+00:00,3933.0,36.0,93.8,32.0,1763.375,2760.41990853101
2026-07-21T04:27:25.462492+00:00,3933.0,37.0,94.83,32.0,1763.375,2760.7845891155303
2026-07-21T04:27:25.804751+00:00,3933.0,36.0,94.59,32.0,1763.375,2761.1268477849662
2026-07-21T04:27:26.190389+00:00,3933.0,36.0,94.73,32.0,1763.375,2761.5124878659844
2026-07-21T04:27:26.528014+00:00,3933.0,35.0,94.68,32.0,1763.375,2761.850112337619
2026-07-21T04:27:26.868585+00:00,3933.0,35.0,94.82,32.0,1763.375,2762.190682705492
2026-07-21T04:27:27.220885+00:00,3933.0,38.0,94.47,32.0,1763.375,2762.5429818965495
2026-07-21T04:27:27.594387+00:00,3933.0,14.0,93.71,32.0,1763.390625,2762.916484735906
2026-07-21T04:27:27.932171+00:00,3933.0,36.0,93.82,32.0,1763.390625,2763.2542690970004
2026-07-21T04:27:28.313971+00:00,3933.0,35.0,93.78,32.0,1763.390625,2763.636069241911
2026-07-21T04:27:28.694094+00:00,3933.0,37.0,95.17,32.0,1763.390625,2764.016192328185
2026-07-21T04:27:29.036362+00:00,3933.0,36.0,94.86,32.0,1763.390625,2764.3584603592753
2026-07-21T04:27:29.395012+00:00,3933.0,37.0,95.24,32.0,1763.390625,2764.717109873891
2026-07-21T04:27:29.714266+00:00,3933.0,36.0,94.82,32.0,1763.390625,2765.0363641902804
2026-07-21T04:27:30.093262+00:00,3933.0,37.0,95.5,32.0,1763.390625,2765.415360171348
2026-07-21T04:27:30.503790+00:00,3933.0,30.0,94.79,32.0,1763.390625,2765.8258868977427
2026-07-21T04:27:30.849898+00:00,3933.0,37.0,94.07,32.0,1763.40234375,2766.1719954423606
2026-07-21T04:27:31.195630+00:00,3933.0,35.0,93.9,32.0,1763.40625,2766.517726831138
2026-07-21T04:27:31.554775+00:00,3933.0,37.0,95.26,32.0,1763.40625,2766.8768731206656
2026-07-21T04:27:31.891893+00:00,3933.0,38.0,95.14,32.0,1763.40625,2767.2139913737774
2026-07-21T04:27:32.249961+00:00,3933.0,37.0,95.2,32.0,1763.40625,2767.5720583572984
2026-07-21T04:27:32.565969+00:00,3933.0,37.0,94.69,32.0,1763.40625,2767.888066165149
2026-07-21T04:27:32.903922+00:00,3933.0,38.0,94.95,32.0,1763.40625,2768.2260198034346
2026-07-21T04:27:33.240019+00:00,3933.0,37.0,94.95,32.0,1763.40625,2768.5621176473796
2026-07-21T04:27:33.598196+00:00,3933.0,38.0,95.01,32.0,1763.40625,2768.9202864542603
2026-07-21T04:27:33.936377+00:00,3933.0,37.0,94.87,32.0,1763.40625,2769.258474394679
2026-07-21T04:27:34.314775+00:00,3933.0,36.0,95.55,32.0,1763.40625,2769.636872474104
2026-07-21T04:27:34.698456+00:00,3933.0,37.0,95.63,32.0,1763.40625,2770.0205536708236
2026-07-21T04:27:35.090840+00:00,3933.0,36.0,95.7,32.0,1763.40625,2770.4129377231
2026-07-21T04:27:35.428642+00:00,3933.0,36.0,95.79,32.0,1763.40625,2770.7507400512695
2026-07-21T04:27:35.854951+00:00,3933.0,8.0,94.19,32.0,1763.42578125,2771.1770487055182
2026-07-21T04:27:36.196362+00:00,3933.0,37.0,94.11,32.0,1763.42578125,2771.518459994346
2026-07-21T04:27:36.533177+00:00,3933.0,37.0,93.84,32.0,1763.42578125,2771.8552745059133
2026-07-21T04:27:36.890427+00:00,3933.0,37.0,95.04,32.0,1763.42578125,2772.212524496019
2026-07-21T04:27:37.277913+00:00,3933.0,38.0,95.17,32.0,1763.42578125,2772.600011341274
2026-07-21T04:27:37.616410+00:00,3933.0,38.0,95.23,32.0,1763.42578125,2772.9385084547102
2026-07-21T04:27:37.956516+00:00,3933.0,37.0,95.36,32.0,1763.42578125,2773.278613805771
2026-07-21T04:27:38.319409+00:00,3933.0,38.0,95.22,32.0,1763.42578125,2773.6415062583983
2026-07-21T04:27:38.741115+00:00,3933.0,36.0,95.06,32.0,1763.4296875,2774.0632119327784
2026-07-21T04:27:39.131069+00:00,3933.0,37.0,93.98,32.0,1763.4375,2774.4531671106815
2026-07-21T04:27:39.477157+00:00,3933.0,37.0,93.78,32.0,1763.4375,2774.799254592508
2026-07-21T04:27:39.840541+00:00,3933.0,37.0,95.35,32.0,1763.4375,2775.1626392379403
2026-07-21T04:27:40.179467+00:00,3933.0,37.0,95.11,32.0,1763.4375,2775.5015652813017
2026-07-21T04:27:40.528165+00:00,3933.0,13.0,93.75,32.0,1763.44921875,2775.8502630107105
2026-07-21T04:27:40.910655+00:00,3933.0,37.0,93.95,32.0,1763.44921875,2776.232753377408
2026-07-21T04:27:41.297712+00:00,3933.0,37.0,93.91,32.0,1763.44921875,2776.619810499251
2026-07-21T04:27:41.658751+00:00,3933.0,36.0,95.31,32.0,1763.44921875,2776.9808485135436
2026-07-21T04:27:42.019309+00:00,3933.0,36.0,95.53,32.0,1763.44921875,2777.341407109052
2026-07-21T04:27:42.386525+00:00,3933.0,38.0,95.57,32.0,1763.44921875,2777.708623673767
2026-07-21T04:27:42.732413+00:00,3933.0,36.0,95.57,32.0,1763.44921875,2778.0545110031962
2026-07-21T04:27:43.095042+00:00,3933.0,35.0,95.35,32.0,1763.44921875,2778.4171403869987
2026-07-21T04:27:43.478822+00:00,3933.0,37.0,95.17,32.0,1763.44921875,2778.8009203858674
2026-07-21T04:27:43.858789+00:00,3933.0,36.0,95.27,32.0,1763.44921875,2779.1808874495327
2026-07-21T04:27:44.200743+00:00,3933.0,37.0,95.15,32.0,1763.44921875,2779.522840913385
2026-07-21T04:27:44.650919+00:00,3933.0,22.0,93.96,32.0,1763.46875,2779.973017219454
2026-07-21T04:27:45.035792+00:00,3933.0,36.0,93.84,32.0,1763.46875,2780.357890535146
2026-07-21T04:27:45.378306+00:00,3933.0,37.0,93.54,32.0,1763.46875,2780.7004046589136
2026-07-21T04:27:45.724322+00:00,3933.0,37.0,94.85,32.0,1763.46875,2781.0464200899005
2026-07-21T04:27:46.060781+00:00,3933.0,35.0,94.85,32.0,1763.46875,2781.382878970355
2026-07-21T04:27:46.422313+00:00,3933.0,36.0,94.79,32.0,1763.46875,2781.7444117479026
2026-07-21T04:27:46.760374+00:00,3933.0,37.0,95.01,32.0,1763.46875,2782.08247243613
2026-07-21T04:27:47.115218+00:00,3933.0,7.0,94.05,32.0,1763.48046875,2782.437315583229
2026-07-21T04:27:47.433653+00:00,3933.0,36.0,93.76,32.0,1763.48046875,2782.7557515464723
2026-07-21T04:27:47.814758+00:00,3933.0,36.0,93.83,32.0,1763.48046875,2783.1368552930653
2026-07-21T04:27:48.194259+00:00,3933.0,37.0,95.1,32.0,1763.48046875,2783.5163571424782
2026-07-21T04:27:48.550288+00:00,3933.0,36.0,95.09,32.0,1763.48046875,2783.8723860904574
2026-07-21T04:27:48.888100+00:00,3933.0,37.0,95.07,32.0,1763.48046875,2784.210198815912
2026-07-21T04:27:49.246297+00:00,3933.0,36.0,94.81,32.0,1763.48046875,2784.5683957226574
2026-07-21T04:27:49.610622+00:00,3933.0,36.0,95.19,32.0,1763.48046875,2784.9327203147113
2026-07-21T04:27:49.948088+00:00,3933.0,37.0,95.35,32.0,1763.48046875,2785.2701862975955
2026-07-21T04:27:50.325893+00:00,3933.0,36.0,95.47,32.0,1763.48046875,2785.6479912102222
2026-07-21T04:27:50.682628+00:00,3933.0,37.0,95.45,32.0,1763.48046875,2786.004726473242
2026-07-21T04:27:51.024104+00:00,3933.0,38.0,95.46,32.0,1763.48046875,2786.3462026268244
2026-07-21T04:27:51.468355+00:00,3933.0,0.0,93.97,32.0,1763.49609375,2786.790453515947
2026-07-21T04:27:51.830831+00:00,3933.0,36.0,93.94,32.0,1763.49609375,2787.152928389609
2026-07-21T04:27:52.168605+00:00,3933.0,36.0,93.66,32.0,1763.49609375,2787.490703701973
2026-07-21T04:27:52.551620+00:00,3933.0,37.0,95.06,32.0,1763.49609375,2787.873718097806
2026-07-21T04:27:52.892292+00:00,3933.0,38.0,95.06,32.0,1763.49609375,2788.214390832931
2026-07-21T04:27:53.256402+00:00,3933.0,37.0,95.34,32.0,1763.49609375,2788.57850003615
2026-07-21T04:27:53.595564+00:00,3933.0,38.0,95.24,32.0,1763.49609375,2788.9176618270576
2026-07-21T04:27:53.913332+00:00,3933.0,37.0,95.03,32.0,1763.49609375,2789.2354309223592
2026-07-21T04:27:54.252379+00:00,3933.0,36.0,95.18,32.0,1763.49609375,2789.5744778066874
2026-07-21T04:27:54.587880+00:00,3933.0,36.0,94.93,32.0,1763.49609375,2789.9099786654115
2026-07-21T04:27:54.946736+00:00,3933.0,37.0,94.96,32.0,1763.49609375,2790.2688336782157
2026-07-21T04:27:55.283726+00:00,3933.0,20.0,93.69,32.0,1763.51171875,2790.60582370311
2026-07-21T04:27:55.628888+00:00,3933.0,37.0,93.75,32.0,1763.51171875,2790.9509852565825
2026-07-21T04:27:55.965459+00:00,3933.0,37.0,93.38,32.0,1763.51171875,2791.287556193769
2026-07-21T04:27:56.308320+00:00,3933.0,36.0,94.71,32.0,1763.51171875,2791.6304181180894
2026-07-21T04:27:56.666412+00:00,3933.0,37.0,94.95,32.0,1763.51171875,2791.9885098971426
2026-07-21T04:27:56.984051+00:00,3933.0,37.0,94.77,32.0,1763.51171875,2792.306148812175
2026-07-21T04:27:57.338936+00:00,3933.0,37.0,93.34,32.0,1763.5234375,2792.661033704877
2026-07-21T04:27:57.721950+00:00,3933.0,37.0,93.69,32.0,1763.5234375,2793.044048640877
2026-07-21T04:27:58.078566+00:00,3933.0,36.0,93.63,32.0,1763.5234375,2793.400663871318
2026-07-21T04:27:58.421962+00:00,3933.0,36.0,94.77,32.0,1763.5234375,2793.7440604195
2026-07-21T04:27:58.782897+00:00,3933.0,35.0,94.61,32.0,1763.5234375,2794.104994941503
2026-07-21T04:27:59.124782+00:00,3933.0,35.0,94.59,32.0,1763.5234375,2794.4468799494207
2026-07-21T04:27:59.518764+00:00,3933.0,36.0,95.06,32.0,1763.5234375,2794.840861361474
2026-07-21T04:27:59.983853+00:00,3933.0,37.0,94.64,32.0,1763.52734375,2795.305950216949
2026-07-21T04:28:00.346967+00:00,3933.0,36.0,93.42,32.0,1763.54296875,2795.669065479189
2026-07-21T04:28:00.689301+00:00,3933.0,35.0,93.37,32.0,1763.54296875,2796.0113989934325
2026-07-21T04:28:01.054849+00:00,3933.0,37.0,95.1,32.0,1763.54296875,2796.376947835088
2026-07-21T04:28:01.442621+00:00,3933.0,35.0,94.64,32.0,1763.546875,2796.76471972093
2026-07-21T04:28:01.788115+00:00,3933.0,36.0,94.7,32.0,1763.546875,2797.110213216394
2026-07-21T04:28:02.151264+00:00,3933.0,36.0,94.89,32.0,1763.546875,2797.4733630008996
2026-07-21T04:28:02.522659+00:00,3933.0,37.0,94.91,32.0,1763.546875,2797.8447572775185
2026-07-21T04:28:02.840808+00:00,3933.0,28.0,93.53,32.0,1763.55859375,2798.1629052832723
2026-07-21T04:28:03.188018+00:00,3933.0,37.0,93.19,32.0,1763.56640625,2798.510116752237
2026-07-21T04:28:03.532522+00:00,3933.0,37.0,93.37,32.0,1763.56640625,2798.8546194173396
2026-07-21T04:28:03.872426+00:00,3933.0,37.0,94.86,32.0,1763.56640625,2799.194523744285
2026-07-21T04:28:04.208384+00:00,3933.0,36.0,94.63,32.0,1763.56640625,2799.530482456088
2026-07-21T04:28:04.547496+00:00,3933.0,37.0,94.61,32.0,1763.56640625,2799.869593895972
2026-07-21T04:28:04.888447+00:00,3933.0,37.0,94.9,32.0,1763.56640625,2800.210545361042
2026-07-21T04:28:05.250074+00:00,3933.0,36.0,95.41,32.0,1763.56640625,2800.5721719563007
2026-07-21T04:28:05.614652+00:00,3933.0,36.0,95.32,32.0,1763.56640625,2800.9367508105934
2026-07-21T04:28:05.956737+00:00,3933.0,36.0,95.01,32.0,1763.56640625,2801.2788355872035
2026-07-21T04:28:06.302485+00:00,3933.0,36.0,95.08,32.0,1763.56640625,2801.6245844326913
2026-07-21T04:28:06.644061+00:00,3933.0,37.0,94.91,32.0,1763.56640625,2801.9661586880684
2026-07-21T04:28:07.026516+00:00,3933.0,37.0,95.4,32.0,1763.5703125,2802.3486146330833
2026-07-21T04:28:07.365588+00:00,3933.0,36.0,95.15,32.0,1763.5703125,2802.6876860819757
2026-07-21T04:28:07.704811+00:00,3933.0,34.0,95.06,32.0,1763.57421875,2803.026909403503
2026-07-21T04:28:08.044614+00:00,3933.0,37.0,94.76,32.0,1763.57421875,2803.366712898016
2026-07-21T04:28:08.404000+00:00,3933.0,37.0,94.93,32.0,1763.57421875,2803.726098611951
2026-07-21T04:28:08.744202+00:00,3933.0,36.0,95.1,32.0,1763.58203125,2804.066300317645
2026-07-21T04:28:09.084706+00:00,3933.0,36.0,95.41,32.0,1763.58203125,2804.406804513186
2026-07-21T04:28:09.422260+00:00,3933.0,36.0,95.44,32.0,1763.5859375,2804.7443585321307
2026-07-21T04:28:09.787285+00:00,3933.0,37.0,95.47,32.0,1763.5859375,2805.1093825548887
2026-07-21T04:28:10.127966+00:00,3933.0,36.0,95.56,32.0,1763.5859375,2805.450064919889
2026-07-21T04:28:10.487089+00:00,3933.0,36.0,95.61,32.0,1763.5859375,2805.80918719247
2026-07-21T04:28:10.858308+00:00,3933.0,36.0,95.85,32.0,1763.58984375,2806.180406484753
2026-07-21T04:28:11.260434+00:00,3933.0,0.0,94.52,32.0,1763.62890625,2806.582531671971
2026-07-21T04:28:11.604226+00:00,3933.0,37.0,95.21,32.0,1763.62890625,2806.9263244755566
2026-07-21T04:28:11.986878+00:00,3933.0,37.0,94.78,32.0,1763.6328125,2807.3089760132134
2026-07-21T04:28:12.328376+00:00,3933.0,36.0,95.26,32.0,1763.6328125,2807.6504744440317
2026-07-21T04:28:12.691050+00:00,3933.0,37.0,95.7,32.0,1763.6328125,2808.0131481066346
2026-07-21T04:28:13.050327+00:00,3933.0,37.0,95.8,32.0,1763.6328125,2808.3724249377847
2026-07-21T04:28:13.397200+00:00,3933.0,38.0,95.8,32.0,1763.640625,2808.719297759235
2026-07-21T04:28:13.741510+00:00,3933.0,36.0,95.42,32.0,1763.640625,2809.0636088103056
2026-07-21T04:28:14.126781+00:00,3933.0,36.0,95.87,32.0,1763.640625,2809.448879249394
2026-07-21T04:28:14.469052+00:00,3933.0,38.0,95.9,32.0,1763.640625,2809.7911510430276
2026-07-21T04:28:14.850538+00:00,3933.0,37.0,96.06,32.0,1763.640625,2810.1726363562047
2026-07-21T04:28:15.218250+00:00,3933.0,26.0,94.39,32.0,1763.6640625,2810.5403477177024
2026-07-21T04:28:15.556556+00:00,3933.0,36.0,93.82,32.0,1763.6640625,2810.8786542229354
2026-07-21T04:28:15.896591+00:00,3933.0,36.0,93.3,32.0,1763.6640625,2811.2186897210777
2026-07-21T04:28:16.286409+00:00,3933.0,35.0,94.39,32.0,1763.6640625,2811.6085074953735
2026-07-21T04:28:16.650133+00:00,3933.0,36.0,94.79,32.0,1763.6640625,2811.9722311608493
2026-07-21T04:28:17.046616+00:00,3933.0,36.0,94.95,32.0,1763.66796875,2812.3687141872942
2026-07-21T04:28:17.384471+00:00,3933.0,24.0,94.31,32.0,1763.66796875,2812.706568799913
2026-07-21T04:28:17.724240+00:00,3933.0,38.0,94.12,32.0,1763.67578125,2813.0463374741375
2026-07-21T04:28:18.079085+00:00,3933.0,36.0,93.67,32.0,1763.67578125,2813.4011820070446
2026-07-21T04:28:18.440346+00:00,3933.0,37.0,95.31,32.0,1763.6796875,2813.762444026768
2026-07-21T04:28:18.781260+00:00,3933.0,37.0,95.03,32.0,1763.6796875,2814.1033582873642
2026-07-21T04:28:19.172343+00:00,3933.0,36.0,95.41,32.0,1763.68359375,2814.4944415949285
2026-07-21T04:28:19.538562+00:00,3933.0,37.0,95.1,32.0,1763.68359375,2814.860660497099
2026-07-21T04:28:19.876519+00:00,3933.0,37.0,93.79,32.0,1763.70703125,2815.1986167281866
2026-07-21T04:28:20.212034+00:00,3933.0,36.0,93.29,32.0,1763.70703125,2815.5341322496533
2026-07-21T04:28:20.574933+00:00,3933.0,37.0,93.54,32.0,1763.70703125,2815.8970310017467
2026-07-21T04:28:20.916069+00:00,3933.0,37.0,94.49,32.0,1763.7109375,2816.2381669282913
2026-07-21T04:28:21.233809+00:00,3933.0,37.0,94.5,32.0,1763.7109375,2816.555907409638
2026-07-21T04:28:21.552496+00:00,3933.0,37.0,94.34,32.0,1763.71484375,2816.8745943941176
2026-07-21T04:28:21.931186+00:00,3933.0,31.0,94.15,32.0,1763.73828125,2817.2532841302454
2026-07-21T04:28:22.276622+00:00,3933.0,37.0,94.35,32.0,1763.73828125,2817.598720420152
2026-07-21T04:28:22.615979+00:00,3933.0,38.0,94.94,32.0,1763.73828125,2817.938077993691
2026-07-21T04:28:22.998377+00:00,3933.0,36.0,95.73,32.0,1763.73828125,2818.3204751498997
2026-07-21T04:28:23.362709+00:00,3933.0,37.0,95.85,32.0,1763.75,2818.6848072707653
2026-07-21T04:28:23.704407+00:00,3933.0,37.0,95.97,32.0,1763.75,2819.0265045948327
2026-07-21T04:28:24.067349+00:00,3933.0,37.0,95.62,32.0,1763.75,2819.3894469179213
2026-07-21T04:28:24.407889+00:00,3933.0,37.0,95.79,32.0,1763.7578125,2819.729987181723
2026-07-21T04:28:24.744038+00:00,3933.0,38.0,95.84,32.0,1763.7578125,2820.0661355778575
2026-07-21T04:28:25.130735+00:00,3933.0,13.0,94.68,32.0,1763.77734375,2820.4528316780925
2026-07-21T04:28:25.468029+00:00,3933.0,37.0,94.11,32.0,1763.77734375,2820.790126413107
2026-07-21T04:28:25.804196+00:00,3933.0,38.0,93.91,32.0,1763.78125,2821.126294180751
2026-07-21T04:28:26.124292+00:00,3933.0,37.0,94.81,32.0,1763.78125,2821.4463901519775
2026-07-21T04:28:26.502315+00:00,3933.0,37.0,94.32,32.0,1763.79296875,2821.8244132474065
2026-07-21T04:28:26.887009+00:00,3933.0,37.0,94.91,32.0,1763.796875,2822.2091071605682
2026-07-21T04:28:27.270781+00:00,3933.0,37.0,95.21,32.0,1763.80078125,2822.5928796231747
2026-07-21T04:28:27.611676+00:00,3933.0,38.0,95.39,32.0,1763.8125,2822.9337743371725
2026-07-21T04:28:27.970271+00:00,3933.0,37.0,95.53,32.0,1763.8125,2823.292370032519
2026-07-21T04:28:28.308601+00:00,3933.0,38.0,95.19,32.0,1763.8203125,2823.630699593574
2026-07-21T04:28:28.641832+00:00,3933.0,37.0,95.24,32.0,1763.8203125,2823.9639299847186
2026-07-21T04:28:28.980165+00:00,3933.0,36.0,94.89,32.0,1763.83203125,2824.302263684571
2026-07-21T04:28:29.315824+00:00,3933.0,34.0,94.64,32.0,1763.83203125,2824.637921836227
2026-07-21T04:28:29.633566+00:00,3933.0,35.0,94.37,32.0,1763.8359375,2824.9556643776596
2026-07-21T04:28:29.971892+00:00,3933.0,36.0,94.46,32.0,1763.84375,2825.2939900420606
2026-07-21T04:28:30.307219+00:00,3933.0,35.0,94.61,32.0,1763.84375,2825.6293174251914
2026-07-21T04:28:30.644008+00:00,3933.0,36.0,94.53,32.0,1763.8515625,2825.9661065526307
2026-07-21T04:28:30.980059+00:00,3933.0,36.0,94.55,32.0,1763.8515625,2826.302156601101
2026-07-21T04:28:31.320204+00:00,3933.0,36.0,94.68,32.0,1763.8671875,2826.6423018574715
2026-07-21T04:28:31.660058+00:00,3933.0,36.0,93.32,32.0,1763.89453125,2826.9821551442146
2026-07-21T04:28:31.997218+00:00,3933.0,36.0,93.01,32.0,1763.89453125,2827.3193164281547
2026-07-21T04:28:32.353768+00:00,3933.0,36.0,92.58,32.0,1763.8984375,2827.6758664511144
2026-07-21T04:28:32.710695+00:00,3933.0,36.0,94.29,32.0,1763.8984375,2828.032793454826
2026-07-21T04:28:33.102578+00:00,3933.0,35.0,94.4,32.0,1763.91796875,2828.424675576389
2026-07-21T04:28:33.467020+00:00,3933.0,36.0,94.56,32.0,1763.91796875,2828.789117448032
2026-07-21T04:28:33.808949+00:00,3933.0,36.0,94.18,32.0,1763.91796875,2829.131046641618
2026-07-21T04:28:34.171746+00:00,3933.0,35.0,94.1,32.0,1763.9296875,2829.4938434250653
2026-07-21T04:28:34.550722+00:00,3933.0,35.0,94.63,32.0,1763.9296875,2829.872819982469
2026-07-21T04:28:34.893079+00:00,3933.0,37.0,94.78,32.0,1763.953125,2830.215175434947
2026-07-21T04:28:35.265616+00:00,3933.0,36.0,94.79,32.0,1763.953125,2830.587701320648
2026-07-21T04:28:35.634796+00:00,3933.0,35.0,94.71,32.0,1763.97265625,2830.956894028932
2026-07-21T04:28:35.998874+00:00,3933.0,34.0,94.81,32.0,1763.97265625,2831.320972073823
2026-07-21T04:28:36.362788+00:00,3933.0,34.0,94.75,32.0,1763.98828125,2831.684886805713
2026-07-21T04:28:36.722581+00:00,3933.0,24.0,93.68,32.0,1764.0078125,2832.044679041952
2026-07-21T04:28:37.063315+00:00,3933.0,34.0,93.53,32.0,1764.0078125,2832.3854127451777
2026-07-21T04:28:37.426884+00:00,3933.0,34.0,93.28,32.0,1764.01953125,2832.7489818409085
2026-07-21T04:28:37.810531+00:00,3933.0,35.0,94.49,32.0,1764.01953125,2833.132629521191
2026-07-21T04:28:38.161850+00:00,3933.0,35.0,94.62,32.0,1764.0390625,2833.483948316425
2026-07-21T04:28:38.523373+00:00,3933.0,11.0,92.27,32.0,1764.0390625,2833.845471352339
2026-07-21T04:28:38.861271+00:00,3933.0,35.0,92.44,32.0,1764.0390625,2834.1833686456084
2026-07-21T04:28:39.204423+00:00,3933.0,36.0,92.24,32.0,1764.0390625,2834.526520714164
2026-07-21T04:28:39.544500+00:00,3933.0,36.0,94.55,32.0,1764.0390625,2834.8665981963277
2026-07-21T04:28:39.906755+00:00,3933.0,36.0,94.53,32.0,1764.0390625,2835.2288532815874
2026-07-21T04:28:40.248621+00:00,3933.0,35.0,94.34,32.0,1764.0390625,2835.5707199648023
2026-07-21T04:28:40.566629+00:00,3933.0,37.0,94.37,32.0,1764.0390625,2835.8887269347906
2026-07-21T04:28:40.930372+00:00,3933.0,36.0,94.12,32.0,1764.0390625,2836.2524708099663
2026-07-21T04:28:41.275462+00:00,3933.0,33.0,94.08,32.0,1764.0390625,2836.597560405731
2026-07-21T04:28:41.613132+00:00,3933.0,31.0,94.01,32.0,1764.0390625,2836.9352300278842
2026-07-21T04:28:41.931230+00:00,3933.0,34.0,93.62,32.0,1764.0390625,2837.253328308463
2026-07-21T04:28:42.300616+00:00,3933.0,32.0,93.55,32.0,1764.0390625,2837.622714161873
2026-07-21T04:28:42.678898+00:00,3933.0,33.0,94.12,32.0,1764.0390625,2838.0009960755706
2026-07-21T04:28:43.016814+00:00,3933.0,35.0,94.72,32.0,1764.0390625,2838.33891203627
2026-07-21T04:28:43.370443+00:00,3933.0,33.0,95.01,32.0,1764.0390625,2838.692540641874
2026-07-21T04:28:43.712757+00:00,3933.0,35.0,94.86,32.0,1764.0390625,2839.034854888916
2026-07-21T04:28:44.090768+00:00,3933.0,34.0,95.11,32.0,1764.0390625,2839.412866450846
2026-07-21T04:28:44.467225+00:00,3933.0,6.0,93.76,32.0,1764.05859375,2839.789322398603
2026-07-21T04:28:44.812147+00:00,3933.0,35.0,93.56,32.0,1764.05859375,2840.1342448480427
2026-07-21T04:28:45.151431+00:00,3933.0,34.0,93.15,32.0,1764.05859375,2840.473529431969
2026-07-21T04:28:45.497999+00:00,3933.0,35.0,93.95,32.0,1764.05859375,2840.820097051561
2026-07-21T04:28:45.862535+00:00,3933.0,36.0,94.2,32.0,1764.05859375,2841.184633255005
2026-07-21T04:28:46.189984+00:00,3933.0,34.0,94.13,32.0,1764.05859375,2841.512082528323
2026-07-21T04:28:46.570742+00:00,3933.0,36.0,94.56,32.0,1764.05859375,2841.8928405828774
2026-07-21T04:28:46.908548+00:00,3933.0,34.0,93.75,32.0,1764.05859375,2842.2306468635798
2026-07-21T04:28:47.246583+00:00,3933.0,35.0,94.22,32.0,1764.05859375,2842.568681087345
2026-07-21T04:28:47.584261+00:00,3933.0,34.0,93.97,32.0,1764.05859375,2842.9063586480916
2026-07-21T04:28:48.003986+00:00,3933.0,7.0,93.4,32.0,1764.07421875,2843.326083473861
2026-07-21T04:28:48.344417+00:00,3933.0,33.0,92.96,32.0,1764.07421875,2843.6665150150657
2026-07-21T04:28:48.680286+00:00,3933.0,33.0,92.88,32.0,1764.07421875,2844.002384491265
2026-07-21T04:28:49.054889+00:00,3933.0,33.0,93.75,32.0,1764.07421875,2844.376987028867
2026-07-21T04:28:49.401813+00:00,3933.0,34.0,94.25,32.0,1764.07421875,2844.723909948021
2026-07-21T04:28:49.766904+00:00,3933.0,33.0,94.04,32.0,1764.07421875,2845.089002098888
2026-07-21T04:28:50.158260+00:00,3933.0,32.0,93.52,32.0,1764.07421875,2845.480358377099
2026-07-21T04:28:50.509558+00:00,3933.0,34.0,93.33,32.0,1764.07421875,2845.8316561616957
2026-07-21T04:28:50.898772+00:00,3933.0,36.0,93.87,32.0,1764.07421875,2846.220869526267
2026-07-21T04:28:51.236185+00:00,3933.0,31.0,93.43,32.0,1764.07421875,2846.5582834407687
2026-07-21T04:28:51.624294+00:00,3933.0,24.0,92.69,32.0,1764.07421875,2846.9463914111257
2026-07-21T04:28:51.986438+00:00,3933.0,14.0,91.24,32.0,1764.08984375,2847.308535616845
2026-07-21T04:28:52.374374+00:00,3933.0,35.0,92.61,32.0,1764.08984375,2847.6964715644717
2026-07-21T04:28:52.734297+00:00,3933.0,32.0,93.27,32.0,1764.08984375,2848.0563948452473
2026-07-21T04:28:53.076415+00:00,3933.0,36.0,94.66,32.0,1764.08984375,2848.3985130414367
2026-07-21T04:28:53.423740+00:00,3933.0,36.0,94.19,32.0,1764.08984375,2848.745838113129
2026-07-21T04:28:53.764017+00:00,3933.0,33.0,94.18,32.0,1764.08984375,2849.0861151590943
2026-07-21T04:28:54.144321+00:00,3933.0,35.0,94.33,32.0,1764.08984375,2849.4664186500013
2026-07-21T04:28:54.506758+00:00,3933.0,35.0,94.33,32.0,1764.08984375,2849.8288556300104
2026-07-21T04:28:54.871048+00:00,3933.0,34.0,94.3,32.0,1764.08984375,2850.193145312369
2026-07-21T04:28:55.219894+00:00,3933.0,35.0,94.23,32.0,1764.08984375,2850.541992254555
2026-07-21T04:28:55.559765+00:00,3933.0,36.0,94.18,32.0,1764.08984375,2850.8818632140756
2026-07-21T04:28:55.927542+00:00,3933.0,37.0,94.23,32.0,1764.08984375,2851.2496395148337
2026-07-21T04:28:56.311071+00:00,3933.0,35.0,94.61,32.0,1764.08984375,2851.633167937398
2026-07-21T04:28:56.670705+00:00,3933.0,35.0,94.63,32.0,1764.08984375,2851.992803618312
2026-07-21T04:28:56.990376+00:00,3933.0,35.0,94.6,32.0,1764.08984375,2852.312474463135
2026-07-21T04:28:57.355784+00:00,3933.0,31.0,94.58,32.0,1764.08984375,2852.6778817661107
2026-07-21T04:28:57.818561+00:00,3933.0,31.0,94.42,32.0,1764.08984375,2853.140657477081
2026-07-21T04:28:58.165812+00:00,3933.0,35.0,93.39,32.0,1764.109375,2853.4879092238843
2026-07-21T04:28:58.530570+00:00,3933.0,36.0,93.86,32.0,1764.109375,2853.8526683934033
2026-07-21T04:28:58.871893+00:00,3933.0,36.0,95.4,32.0,1764.109375,2854.193990729749
2026-07-21T04:28:59.258321+00:00,3933.0,24.0,94.24,32.0,1764.12109375,2854.58041799441
2026-07-21T04:28:59.622510+00:00,3933.0,35.0,93.85,32.0,1764.12109375,2854.944607075304
2026-07-21T04:28:59.964501+00:00,3933.0,34.0,93.72,32.0,1764.12109375,2855.2865986078978
2026-07-21T04:29:00.322147+00:00,3933.0,36.0,94.59,32.0,1764.12109375,2855.644245069474
2026-07-21T04:29:00.686346+00:00,3933.0,35.0,94.62,32.0,1764.12109375,2856.008443903178
2026-07-21T04:29:01.028352+00:00,3933.0,35.0,94.59,32.0,1764.12109375,2856.3504492901266
2026-07-21T04:29:01.395042+00:00,3933.0,36.0,94.96,32.0,1764.12109375,2856.7171403691173
2026-07-21T04:29:01.736718+00:00,3933.0,36.0,94.85,32.0,1764.12109375,2857.0588157363236
2026-07-21T04:29:02.094359+00:00,3933.0,35.0,94.88,32.0,1764.12109375,2857.416456744075
2026-07-21T04:29:02.432126+00:00,3933.0,36.0,94.87,32.0,1764.12109375,2857.7542248629034
2026-07-21T04:29:02.772572+00:00,3933.0,34.0,94.62,32.0,1764.12109375,2858.0946707315743
2026-07-21T04:29:03.134992+00:00,3933.0,35.0,95.04,32.0,1764.12109375,2858.457090523094
2026-07-21T04:29:03.522367+00:00,3933.0,34.0,93.26,32.0,1764.140625,2858.844464406371
2026-07-21T04:29:03.910256+00:00,3933.0,34.0,93.05,32.0,1764.140625,2859.232354130596
2026-07-21T04:29:04.276318+00:00,3933.0,32.0,93.74,32.0,1764.140625,2859.598415289074
2026-07-21T04:29:04.617949+00:00,3933.0,35.0,94.32,32.0,1764.140625,2859.9400464482605
2026-07-21T04:29:04.978665+00:00,3933.0,35.0,94.48,32.0,1764.140625,2860.3007627017796
2026-07-21T04:29:05.320331+00:00,3933.0,36.0,94.17,32.0,1764.140625,2860.6424290426075
2026-07-21T04:29:05.659691+00:00,3933.0,37.0,94.54,32.0,1764.140625,2860.98178909719
2026-07-21T04:29:06.045950+00:00,3933.0,36.0,95.27,32.0,1764.140625,2861.3680473975837
2026-07-21T04:29:06.388219+00:00,3933.0,35.0,95.29,32.0,1764.140625,2861.710317168385
2026-07-21T04:29:06.771249+00:00,3933.0,36.0,95.27,32.0,1764.140625,2862.093346349895
2026-07-21T04:29:07.112530+00:00,3933.0,38.0,95.03,32.0,1764.140625,2862.4346284903586
2026-07-21T04:29:07.474252+00:00,3933.0,35.0,95.4,32.0,1764.140625,2862.796350121498
2026-07-21T04:29:07.839111+00:00,3933.0,37.0,95.46,32.0,1764.140625,2863.1612096987665
2026-07-21T04:29:08.202169+00:00,3933.0,36.0,95.61,32.0,1764.140625,2863.524266935885
2026-07-21T04:29:08.620565+00:00,3933.0,25.0,94.18,32.0,1764.140625,2863.9426618367434
2026-07-21T04:29:08.982407+00:00,3933.0,35.0,93.18,32.0,1764.15625,2864.3045046813786
2026-07-21T04:29:09.323932+00:00,3933.0,34.0,93.07,32.0,1764.15625,2864.646029572934
2026-07-21T04:29:09.664282+00:00,3933.0,34.0,94.58,32.0,1764.15625,2864.9863806441426
2026-07-21T04:29:10.100620+00:00,3933.0,37.0,94.77,32.0,1764.15625,2865.4227182529867
2026-07-21T04:29:10.436174+00:00,3933.0,36.0,94.86,32.0,1764.15625,2865.758272282779
2026-07-21T04:29:10.800396+00:00,3933.0,36.0,95.06,32.0,1764.15625,2866.1224945001304
2026-07-21T04:29:11.158859+00:00,3933.0,37.0,94.68,32.0,1764.15625,2866.48095703125
2026-07-21T04:29:11.533849+00:00,3933.0,34.0,94.87,32.0,1764.15625,2866.8559476435184
2026-07-21T04:29:11.898769+00:00,3933.0,36.0,95.13,32.0,1764.15625,2867.2208665274084
2026-07-21T04:29:12.237733+00:00,3933.0,36.0,95.51,32.0,1764.15625,2867.559831932187
2026-07-21T04:29:12.622553+00:00,3933.0,36.0,95.9,32.0,1764.15625,2867.9446508213878
2026-07-21T04:29:12.963763+00:00,3933.0,37.0,95.92,32.0,1764.15625,2868.2858610600233
2026-07-21T04:29:13.322601+00:00,3933.0,33.0,95.54,32.0,1764.15625,2868.6446989774704
2026-07-21T04:29:13.664521+00:00,3933.0,36.0,94.93,32.0,1764.15625,2868.9866190627217
2026-07-21T04:29:14.004498+00:00,3933.0,36.0,94.92,32.0,1764.15625,2869.326596044004
2026-07-21T04:29:14.358977+00:00,3933.0,38.0,95.14,32.0,1764.15625,2869.681075450033
2026-07-21T04:29:14.708518+00:00,3933.0,35.0,94.95,32.0,1764.15625,2870.0306157283485
2026-07-21T04:29:15.094810+00:00,3933.0,36.0,95.67,32.0,1764.15625,2870.4169083200395
2026-07-21T04:29:15.479221+00:00,3933.0,38.0,95.7,32.0,1764.15625,2870.8013198152184
2026-07-21T04:29:15.820981+00:00,3933.0,35.0,95.61,32.0,1764.15625,2871.1430799514055
2026-07-21T04:29:16.170680+00:00,3933.0,35.0,95.37,32.0,1764.15625,2871.492778144777
2026-07-21T04:29:16.519862+00:00,3933.0,35.0,95.21,32.0,1764.15625,2871.8419590368867
2026-07-21T04:29:16.860738+00:00,3933.0,35.0,94.9,32.0,1764.15625,2872.182835984975
2026-07-21T04:29:17.188688+00:00,3933.0,34.0,95.04,32.0,1764.15625,2872.510786641389
2026-07-21T04:29:17.548897+00:00,3933.0,34.0,93.49,32.0,1764.1796875,2872.87099403888
2026-07-21T04:29:17.892825+00:00,3933.0,33.0,93.13,32.0,1764.1796875,2873.214923553169
2026-07-21T04:29:18.228405+00:00,3933.0,37.0,92.86,32.0,1764.1796875,2873.55050316453
2026-07-21T04:29:18.592280+00:00,3933.0,37.0,94.07,32.0,1764.1796875,2873.9143779948354
2026-07-21T04:29:18.978435+00:00,3933.0,36.0,94.83,32.0,1764.1796875,2874.300533466041
2026-07-21T04:29:19.338790+00:00,3933.0,35.0,94.94,32.0,1764.1796875,2874.660888198763
2026-07-21T04:29:19.698730+00:00,3933.0,35.0,95.09,32.0,1764.1796875,2875.020827885717
2026-07-21T04:29:20.050002+00:00,3933.0,34.0,94.54,32.0,1764.1796875,2875.37209912017
2026-07-21T04:29:20.398024+00:00,3933.0,0.0,93.28,32.0,1764.1953125,2875.720120962709
2026-07-21T04:29:20.754444+00:00,3933.0,36.0,93.21,32.0,1764.1953125,2876.076541736722
2026-07-21T04:29:21.144065+00:00,3933.0,35.0,93.64,32.0,1764.1953125,2876.466161504388
2026-07-21T04:29:21.531495+00:00,3933.0,36.0,94.47,32.0,1764.1953125,2876.8535922951996
2026-07-21T04:29:21.914240+00:00,3933.0,37.0,94.13,32.0,1764.1953125,2877.236338034272
2026-07-21T04:29:22.305760+00:00,3933.0,38.0,94.29,32.0,1764.1953125,2877.627858120948
2026-07-21T04:29:22.644734+00:00,3933.0,37.0,94.7,32.0,1764.1953125,2877.9668317623436
2026-07-21T04:29:22.984811+00:00,3933.0,37.0,94.86,32.0,1764.1953125,2878.3069094121456
2026-07-21T04:29:23.321268+00:00,3933.0,37.0,94.45,32.0,1764.1953125,2878.643365506083
2026-07-21T04:29:23.675969+00:00,3933.0,36.0,94.99,32.0,1764.1953125,2878.998066574335
2026-07-21T04:29:24.012534+00:00,3933.0,36.0,95.0,32.0,1764.1953125,2879.3346312195063
2026-07-21T04:29:24.374284+00:00,3933.0,38.0,95.21,32.0,1764.1953125,2879.6963824741542
2026-07-21T04:29:24.717343+00:00,3933.0,36.0,95.54,32.0,1764.1953125,2880.039441060275
2026-07-21T04:29:25.106445+00:00,3933.0,36.0,95.64,32.0,1764.1953125,2880.4285421855748
2026-07-21T04:29:25.470257+00:00,3933.0,32.0,94.75,32.0,1764.1953125,2880.7923544980586
2026-07-21T04:29:25.813540+00:00,3933.0,37.0,94.97,32.0,1764.1953125,2881.1356373354793
2026-07-21T04:29:26.185336+00:00,3933.0,27.0,93.72,32.0,1764.1953125,2881.507434029132
2026-07-21T04:29:26.530635+00:00,3933.0,31.0,93.56,32.0,1764.1953125,2881.8527325354517
2026-07-21T04:29:26.897323+00:00,3933.0,29.0,93.08,32.0,1764.1953125,2882.219421364367
2026-07-21T04:29:27.240175+00:00,3933.0,29.0,93.2,32.0,1764.1953125,2882.5622725635767
2026-07-21T04:29:27.602258+00:00,3933.0,36.0,93.32,32.0,1764.1953125,2882.92435554415
2026-07-21T04:29:27.984838+00:00,3933.0,38.0,94.18,32.0,1764.1953125,2883.3069363832474
2026-07-21T04:29:28.327843+00:00,3933.0,37.0,95.36,32.0,1764.1953125,2883.649936400354
2026-07-21T04:29:28.672480+00:00,3933.0,37.0,95.81,32.0,1764.1953125,2883.99457776919
2026-07-21T04:29:29.009575+00:00,3933.0,36.0,95.36,32.0,1764.1953125,2884.3316731527448
2026-07-21T04:29:29.428066+00:00,3933.0,0.0,94.47,32.0,1764.21875,2884.7501636482775
2026-07-21T04:29:29.788140+00:00,3933.0,36.0,94.59,32.0,1764.21875,2885.110237978399
2026-07-21T04:29:30.141124+00:00,3933.0,37.0,94.75,32.0,1764.21875,2885.4632224850357
2026-07-21T04:29:30.484314+00:00,3933.0,36.0,95.37,32.0,1764.21875,2885.8064122721553
2026-07-21T04:29:30.823623+00:00,3933.0,37.0,95.01,32.0,1764.21875,2886.1457146406174
2026-07-21T04:29:31.188411+00:00,3933.0,33.0,95.0,32.0,1764.21875,2886.5105093456805
2026-07-21T04:29:31.555680+00:00,3933.0,33.0,94.82,32.0,1764.21875,2886.877777889371
2026-07-21T04:29:31.942784+00:00,3933.0,34.0,94.76,32.0,1764.21875,2887.2648820467293
2026-07-21T04:29:32.307805+00:00,3933.0,34.0,94.84,32.0,1764.21875,2887.629903227091
2026-07-21T04:29:32.649599+00:00,3933.0,34.0,94.97,32.0,1764.21875,2887.971696484834
2026-07-21T04:29:32.993242+00:00,3933.0,35.0,94.71,32.0,1764.21875,2888.3153392001987
2026-07-21T04:29:33.356704+00:00,3933.0,35.0,94.88,32.0,1764.21875,2888.6788025014102
2026-07-21T04:29:33.696355+00:00,3933.0,36.0,95.38,32.0,1764.21875,2889.018453154713
2026-07-21T04:29:34.083183+00:00,3933.0,37.0,95.52,32.0,1764.21875,2889.405280467123
2026-07-21T04:29:34.424158+00:00,3933.0,36.0,95.48,32.0,1764.21875,2889.7462567947805
2026-07-21T04:29:34.743071+00:00,3933.0,37.0,95.36,32.0,1764.21875,2890.065169557929
2026-07-21T04:29:35.114820+00:00,3933.0,35.0,95.18,32.0,1764.21875,2890.4369178898633
2026-07-21T04:29:35.435202+00:00,3933.0,36.0,95.1,32.0,1764.21875,2890.757300004363
2026-07-21T04:29:35.776764+00:00,3933.0,37.0,95.1,32.0,1764.21875,2891.0988624431193
2026-07-21T04:29:36.164083+00:00,3933.0,37.0,94.98,32.0,1764.21875,2891.486180499196
2026-07-21T04:29:36.504549+00:00,3933.0,35.0,95.44,32.0,1764.21875,2891.82664700225
2026-07-21T04:29:36.870829+00:00,3933.0,35.0,95.87,32.0,1764.21875,2892.192926853895
2026-07-21T04:29:37.212140+00:00,3933.0,37.0,95.66,32.0,1764.21875,2892.5342379547656
2026-07-21T04:29:37.575013+00:00,3933.0,38.0,95.95,32.0,1764.21875,2892.897111337632
2026-07-21T04:29:37.920285+00:00,3933.0,37.0,95.83,32.0,1764.21875,2893.2423828803003
2026-07-21T04:29:38.257406+00:00,3933.0,37.0,94.31,32.0,1764.2421875,2893.5795031264424
2026-07-21T04:29:38.595886+00:00,3933.0,37.0,93.81,32.0,1764.2421875,2893.9179843366146
2026-07-21T04:29:38.936312+00:00,3933.0,36.0,93.34,32.0,1764.2421875,2894.258410960436
2026-07-21T04:29:39.307046+00:00,3933.0,36.0,95.11,32.0,1764.2421875,2894.6291445046663
2026-07-21T04:29:39.643481+00:00,3933.0,37.0,95.14,32.0,1764.2421875,2894.9655789248645
2026-07-21T04:29:40.027869+00:00,3933.0,37.0,95.6,32.0,1764.2421875,2895.349967416376
2026-07-21T04:29:40.346228+00:00,3933.0,38.0,95.44,32.0,1764.2421875,2895.6683265045285
2026-07-21T04:29:40.688806+00:00,3933.0,35.0,95.38,32.0,1764.2421875,2896.0109046660364
2026-07-21T04:29:41.007927+00:00,3933.0,35.0,94.56,32.0,1764.2421875,2896.3300255425274
2026-07-21T04:29:41.344812+00:00,3933.0,35.0,94.1,32.0,1764.2421875,2896.6669099107385
2026-07-21T04:29:41.684766+00:00,3933.0,35.0,94.02,32.0,1764.2421875,2897.006863668561
2026-07-21T04:29:42.024071+00:00,3933.0,34.0,94.2,32.0,1764.2421875,2897.346169665456
2026-07-21T04:29:42.363959+00:00,3933.0,35.0,94.7,32.0,1764.2421875,2897.6860574148595
2026-07-21T04:29:42.722662+00:00,3933.0,35.0,94.92,32.0,1764.2421875,2898.0447596795857
2026-07-21T04:29:43.102554+00:00,3933.0,35.0,95.2,32.0,1764.2421875,2898.424652788788
2026-07-21T04:29:43.444188+00:00,3933.0,35.0,95.18,32.0,1764.2421875,2898.7662862613797
2026-07-21T04:29:43.780648+00:00,3933.0,36.0,95.47,32.0,1764.2421875,2899.1027451083064
2026-07-21T04:29:44.166132+00:00,3933.0,37.0,93.95,32.0,1764.2578125,2899.4882290661335
2026-07-21T04:29:44.550576+00:00,3933.0,37.0,93.88,32.0,1764.2578125,2899.872673649341
2026-07-21T04:29:44.909132+00:00,3933.0,36.0,93.92,32.0,1764.2578125,2900.23123036325
2026-07-21T04:29:45.297822+00:00,3933.0,36.0,95.22,32.0,1764.2578125,2900.6199201121926
2026-07-21T04:29:45.682267+00:00,3933.0,35.0,95.15,32.0,1764.2578125,2901.004364337772
2026-07-21T04:29:46.038643+00:00,3933.0,36.0,94.94,32.0,1764.2578125,2901.360741276294
2026-07-21T04:29:46.402308+00:00,3933.0,36.0,95.15,32.0,1764.2578125,2901.7244062423706
2026-07-21T04:29:46.744711+00:00,3933.0,37.0,95.23,32.0,1764.2578125,2902.066808398813
2026-07-21T04:29:47.122615+00:00,3933.0,37.0,95.54,32.0,1764.2578125,2902.4447128139436
2026-07-21T04:29:47.468656+00:00,3933.0,1.0,93.85,32.0,1764.2734375,2902.7907538339496
2026-07-21T04:29:47.847099+00:00,3933.0,35.0,93.95,32.0,1764.2734375,2903.1691962629557
2026-07-21T04:29:48.194620+00:00,3933.0,36.0,93.67,32.0,1764.2734375,2903.5167177803814
2026-07-21T04:29:48.536728+00:00,3933.0,37.0,95.11,32.0,1764.2734375,2903.8588251024485
2026-07-21T04:29:48.899143+00:00,3933.0,37.0,95.04,32.0,1764.2734375,2904.2212403304875
2026-07-21T04:29:49.240858+00:00,3933.0,37.0,95.16,32.0,1764.2734375,2904.5629561543465
2026-07-21T04:29:49.618271+00:00,3933.0,37.0,95.38,32.0,1764.2734375,2904.9403685107827
2026-07-21T04:29:49.998935+00:00,3933.0,37.0,95.56,32.0,1764.2734375,2905.3210333175957
2026-07-21T04:29:50.340263+00:00,3933.0,37.0,95.57,32.0,1764.2734375,2905.6623605266213
2026-07-21T04:29:50.677447+00:00,3933.0,37.0,95.23,32.0,1764.2734375,2905.9995440728962
2026-07-21T04:29:51.016471+00:00,3933.0,37.0,95.05,32.0,1764.2734375,2906.3385695926845
2026-07-21T04:29:51.356905+00:00,3933.0,38.0,94.94,32.0,1764.2734375,2906.6790024861693
2026-07-21T04:29:51.696097+00:00,3933.0,38.0,94.77,32.0,1764.2734375,2907.0181951373816
2026-07-21T04:29:52.050912+00:00,3933.0,35.0,94.98,32.0,1764.2734375,2907.373007584363
2026-07-21T04:29:52.392390+00:00,3933.0,36.0,94.94,32.0,1764.2734375,2907.714487504214
2026-07-21T04:29:52.728590+00:00,3933.0,36.0,94.88,32.0,1764.2734375,2908.0506878905
2026-07-21T04:29:53.090965+00:00,3933.0,37.0,95.14,32.0,1764.2734375,2908.413062930107
2026-07-21T04:29:53.478382+00:00,3933.0,36.0,95.66,32.0,1764.2734375,2908.800479505211
2026-07-21T04:29:53.820053+00:00,3933.0,37.0,95.83,32.0,1764.2734375,2909.1421507298946
2026-07-21T04:29:54.168585+00:00,3933.0,37.0,95.96,32.0,1764.2734375,2909.4906831867993
2026-07-21T04:29:54.554507+00:00,3933.0,36.0,95.89,32.0,1764.2734375,2909.8766048774123
2026-07-21T04:29:54.892185+00:00,3933.0,36.0,96.09,32.0,1764.2734375,2910.21428315714
2026-07-21T04:29:55.249810+00:00,3933.0,38.0,96.05,32.0,1764.2734375,2910.5719073712826
2026-07-21T04:29:55.680271+00:00,3933.0,0.0,91.66,32.0,1764.27734375,2911.002367991954
2026-07-21T04:29:56.042970+00:00,3933.0,37.0,90.67,32.0,1764.31640625,2911.3650688901544
2026-07-21T04:29:56.384209+00:00,3933.0,37.0,90.86,32.0,1764.31640625,2911.7063074819744
2026-07-21T04:29:56.725328+00:00,3933.0,37.0,95.56,32.0,1764.31640625,2912.0474258176982
2026-07-21T04:29:57.090311+00:00,3933.0,37.0,95.2,32.0,1764.31640625,2912.412408079952
2026-07-21T04:29:57.409773+00:00,3933.0,37.0,94.85,32.0,1764.31640625,2912.7318696789443
2026-07-21T04:29:57.795178+00:00,3933.0,36.0,95.47,32.0,1764.31640625,2913.1172760240734
2026-07-21T04:29:58.114890+00:00,3933.0,37.0,94.93,32.0,1764.31640625,2913.4369871132076
2026-07-21T04:29:58.452746+00:00,3933.0,13.0,93.62,32.0,1764.328125,2913.7748433835804
2026-07-21T04:29:58.772541+00:00,3933.0,37.0,93.16,32.0,1764.328125,2914.0946384333074
2026-07-21T04:29:59.134628+00:00,3933.0,37.0,93.11,32.0,1764.328125,2914.4567256495357
2026-07-21T04:29:59.518366+00:00,3933.0,36.0,94.88,32.0,1764.328125,2914.8404635861516
2026-07-21T04:29:59.898045+00:00,3933.0,37.0,94.85,32.0,1764.328125,2915.220141876489
2026-07-21T04:30:00.217173+00:00,3933.0,37.0,94.98,32.0,1764.328125,2915.5392703339458
2026-07-21T04:30:00.559613+00:00,3933.0,36.0,94.67,32.0,1764.328125,2915.8817103281617
2026-07-21T04:30:00.896559+00:00,3933.0,35.0,94.62,32.0,1764.328125,2916.2186566740274
2026-07-21T04:30:01.262583+00:00,3933.0,34.0,93.48,32.0,1764.34765625,2916.5846799984574
2026-07-21T04:30:01.627060+00:00,3933.0,37.0,93.49,32.0,1764.34765625,2916.94914688915
2026-07-21T04:30:01.976433+00:00,3933.0,36.0,93.29,32.0,1764.34765625,2917.298531115055
2026-07-21T04:30:02.315912+00:00,3933.0,35.0,94.21,32.0,1764.34765625,2917.6380095034838
2026-07-21T04:30:02.656603+00:00,3933.0,36.0,94.44,32.0,1764.34765625,2917.978700581938
2026-07-21T04:30:02.996369+00:00,3933.0,37.0,94.51,32.0,1764.34765625,2918.3184665851295
2026-07-21T04:30:03.358594+00:00,3933.0,36.0,94.96,32.0,1764.34765625,2918.680685646832
2026-07-21T04:30:03.695765+00:00,3933.0,37.0,94.87,32.0,1764.34765625,2919.017862956971
2026-07-21T04:30:04.036597+00:00,3933.0,37.0,94.66,32.0,1764.34765625,2919.358694240451
2026-07-21T04:30:04.400235+00:00,3933.0,10.0,93.45,32.0,1764.390625,2919.722331032157
2026-07-21T04:30:04.742482+00:00,3933.0,38.0,93.51,32.0,1764.390625,2920.0645796246827
2026-07-21T04:30:05.122095+00:00,3933.0,36.0,94.12,32.0,1764.390625,2920.444192633033
2026-07-21T04:30:05.482855+00:00,3933.0,36.0,95.31,32.0,1764.390625,2920.8049533106387
2026-07-21T04:30:05.824404+00:00,3933.0,37.0,95.51,32.0,1764.390625,2921.146501827985
2026-07-21T04:30:06.202493+00:00,3933.0,38.0,95.72,32.0,1764.390625,2921.524591177702
2026-07-21T04:30:06.540856+00:00,3933.0,37.0,95.98,32.0,1764.390625,2921.8629532903433
2026-07-21T04:30:06.861424+00:00,3933.0,37.0,95.64,32.0,1764.390625,2922.183520961553
2026-07-21T04:30:07.202153+00:00,3933.0,38.0,95.4,32.0,1764.390625,2922.524249520153
2026-07-21T04:30:07.527051+00:00,3933.0,38.0,95.27,32.0,1764.390625,2922.8491488322616
2026-07-21T04:30:07.890938+00:00,3933.0,37.0,95.36,32.0,1764.390625,2923.2130363471806
2026-07-21T04:30:08.246517+00:00,3933.0,38.0,95.45,32.0,1764.390625,2923.5686155594885
2026-07-21T04:30:08.667669+00:00,3933.0,36.0,95.51,32.0,1764.390625,2923.989766344428
2026-07-21T04:30:09.008047+00:00,3933.0,37.0,94.37,32.0,1764.40625,2924.33014466241
2026-07-21T04:30:09.329196+00:00,3933.0,38.0,94.04,32.0,1764.40625,2924.651294220239
2026-07-21T04:30:09.694917+00:00,3933.0,37.0,94.68,32.0,1764.40625,2925.017014618963
2026-07-21T04:30:10.048453+00:00,3933.0,38.0,94.87,32.0,1764.40625,2925.3705514110625
2026-07-21T04:30:10.406840+00:00,3933.0,37.0,95.49,32.0,1764.40625,2925.7289372980595
2026-07-21T04:30:10.745411+00:00,3933.0,36.0,95.16,32.0,1764.41015625,2926.0675089359283
2026-07-21T04:30:11.088391+00:00,3933.0,38.0,94.94,32.0,1764.41015625,2926.4104889519513
2026-07-21T04:30:11.446210+00:00,3933.0,37.0,93.56,32.0,1764.421875,2926.768307480961
2026-07-21T04:30:11.788198+00:00,3933.0,37.0,93.72,32.0,1764.421875,2927.11029644683
2026-07-21T04:30:12.147211+00:00,3933.0,38.0,93.91,32.0,1764.42578125,2927.469308182597
2026-07-21T04:30:12.484347+00:00,3933.0,38.0,94.93,32.0,1764.42578125,2927.8064439445734
2026-07-21T04:30:12.842142+00:00,3933.0,38.0,95.05,32.0,1764.43359375,2928.1642397753894
2026-07-21T04:30:13.192611+00:00,3933.0,38.0,95.06,32.0,1764.43359375,2928.514708608389
2026-07-21T04:30:13.538295+00:00,3933.0,37.0,95.08,32.0,1764.44140625,2928.8603929914534
2026-07-21T04:30:13.923250+00:00,3933.0,38.0,95.4,32.0,1764.44140625,2929.2453476823866
2026-07-21T04:30:14.290856+00:00,3933.0,37.0,95.64,32.0,1764.4453125,2929.612954195589
2026-07-21T04:30:14.632328+00:00,3933.0,24.0,94.26,32.0,1764.4609375,2929.9544251672924
2026-07-21T04:30:14.990233+00:00,3933.0,36.0,93.95,32.0,1764.4609375,2930.3123302422464
2026-07-21T04:30:15.329331+00:00,3933.0,37.0,93.33,32.0,1764.46484375,2930.65142859146
2026-07-21T04:30:15.770683+00:00,3933.0,8.0,93.81,32.0,1764.4765625,2931.092781737447
2026-07-21T04:30:16.169438+00:00,3933.0,37.0,93.99,32.0,1764.484375,2931.4915350191295
2026-07-21T04:30:16.531899+00:00,3933.0,37.0,93.97,32.0,1764.484375,2931.8539972417057
2026-07-21T04:30:16.890884+00:00,3933.0,38.0,95.2,32.0,1764.49609375,2932.212981056422
2026-07-21T04:30:17.250387+00:00,3933.0,37.0,95.47,32.0,1764.49609375,2932.5724850408733
2026-07-21T04:30:17.592252+00:00,3933.0,38.0,95.55,32.0,1764.5,2932.914349898696
2026-07-21T04:30:17.933783+00:00,3933.0,38.0,95.53,32.0,1764.5,2933.2558806613088
2026-07-21T04:30:18.318140+00:00,3933.0,37.0,95.17,32.0,1764.50390625,2933.640237633139
2026-07-21T04:30:18.677499+00:00,3933.0,38.0,95.12,32.0,1764.50390625,2933.99959660694
2026-07-21T04:30:19.016741+00:00,3933.0,37.0,95.07,32.0,1764.50390625,2934.338838465512
2026-07-21T04:30:19.399117+00:00,3933.0,36.0,95.33,32.0,1764.51171875,2934.7212145999074
2026-07-21T04:30:19.758289+00:00,3933.0,37.0,95.43,32.0,1764.51171875,2935.0803868733346
2026-07-21T04:30:20.113681+00:00,3933.0,36.0,95.23,32.0,1764.5234375,2935.435778681189
2026-07-21T04:30:20.532988+00:00,3933.0,3.0,93.93,32.0,1764.5390625,2935.85508582741
2026-07-21T04:30:20.877088+00:00,3933.0,36.0,93.86,32.0,1764.546875,2936.199185464531
2026-07-21T04:30:21.221642+00:00,3933.0,36.0,94.05,32.0,1764.546875,2936.5437396094203
2026-07-21T04:30:21.586628+00:00,3933.0,35.0,95.01,32.0,1764.5546875,2936.908725567162
2026-07-21T04:30:22.050198+00:00,3933.0,16.0,93.4,32.0,1764.578125,2937.3722952753305
2026-07-21T04:30:22.401407+00:00,3933.0,37.0,92.72,32.0,1764.578125,2937.723505087197
2026-07-21T04:30:22.758777+00:00,3933.0,37.0,92.9,32.0,1764.58203125,2938.080874245614
2026-07-21T04:30:23.078601+00:00,3933.0,37.0,94.36,32.0,1764.58203125,2938.400698967278
2026-07-21T04:30:23.468126+00:00,3933.0,37.0,95.54,32.0,1764.59765625,2938.790224760771
2026-07-21T04:30:23.787271+00:00,3933.0,38.0,95.01,32.0,1764.59765625,2939.1093686297536
2026-07-21T04:30:24.204018+00:00,3933.0,37.0,94.74,32.0,1764.59765625,2939.526114810258
2026-07-21T04:30:24.586389+00:00,3933.0,37.0,94.15,32.0,1764.625,2939.9084862843156
2026-07-21T04:30:24.924396+00:00,3933.0,38.0,94.12,32.0,1764.625,2940.246493976563
2026-07-21T04:30:25.267628+00:00,3933.0,37.0,95.47,32.0,1764.6328125,2940.58972556144
2026-07-21T04:30:25.621950+00:00,3933.0,37.0,94.97,32.0,1764.6328125,2940.9440484568477
2026-07-21T04:30:25.963661+00:00,3933.0,38.0,94.83,32.0,1764.640625,2941.2857592105865
2026-07-21T04:30:26.311986+00:00,3933.0,37.0,94.92,32.0,1764.640625,2941.6340841911733
2026-07-21T04:30:26.655596+00:00,3933.0,37.0,94.8,32.0,1764.65234375,2941.9776934571564
2026-07-21T04:30:26.974249+00:00,3933.0,38.0,94.88,32.0,1764.65234375,2942.296346206218
2026-07-21T04:30:27.292515+00:00,3933.0,37.0,95.19,32.0,1764.65234375,2942.614613227546
2026-07-21T04:30:27.631579+00:00,3933.0,37.0,95.33,32.0,1764.66015625,2942.9536768086255
2026-07-21T04:30:28.006509+00:00,3933.0,36.0,95.51,32.0,1764.66015625,2943.3286072015762
2026-07-21T04:30:28.325359+00:00,3933.0,38.0,95.36,32.0,1764.6796875,2943.6474563851953
2026-07-21T04:30:28.667363+00:00,3933.0,38.0,95.12,32.0,1764.6796875,2943.9894609339535
2026-07-21T04:30:28.985793+00:00,3933.0,38.0,95.07,32.0,1764.6875,2944.307891011238
2026-07-21T04:30:29.327055+00:00,3933.0,38.0,94.98,32.0,1764.6875,2944.649152584374
2026-07-21T04:30:29.661623+00:00,3933.0,37.0,94.86,32.0,1764.6875,2944.9837213493884
2026-07-21T04:30:29.981107+00:00,3933.0,38.0,94.82,32.0,1764.69921875,2945.303205180913
2026-07-21T04:30:30.319480+00:00,3933.0,38.0,95.1,32.0,1764.69921875,2945.6415780186653
2026-07-21T04:30:30.694379+00:00,3933.0,37.0,95.46,32.0,1764.70703125,2946.0164769105613
2026-07-21T04:30:31.015221+00:00,3933.0,25.0,94.0,32.0,1764.734375,2946.337318994105
2026-07-21T04:30:31.352535+00:00,3933.0,37.0,93.95,32.0,1764.73828125,2946.6746330522
2026-07-21T04:30:31.692134+00:00,3933.0,37.0,93.7,32.0,1764.7421875,2947.014232777059
2026-07-21T04:30:32.108363+00:00,3933.0,37.0,94.72,32.0,1764.7421875,2947.4304596185684
2026-07-21T04:30:32.452139+00:00,3933.0,36.0,94.03,32.0,1764.765625,2947.774237368256
2026-07-21T04:30:32.792246+00:00,3933.0,36.0,94.03,32.0,1764.765625,2948.1143444031477
2026-07-21T04:30:33.129091+00:00,3933.0,37.0,95.0,32.0,1764.77734375,2948.4511891417205
2026-07-21T04:30:33.470744+00:00,3933.0,37.0,94.83,32.0,1764.78515625,2948.7928422018886
2026-07-21T04:30:33.859355+00:00,3933.0,37.0,95.03,32.0,1764.78515625,2949.1814524270594
2026-07-21T04:30:34.199416+00:00,3933.0,37.0,93.6,32.0,1764.8125,2949.52151247859
2026-07-21T04:30:34.543552+00:00,3933.0,37.0,93.58,32.0,1764.8125,2949.8656498007476
2026-07-21T04:30:34.880724+00:00,3933.0,36.0,93.0,32.0,1764.8203125,2950.2028218582273
2026-07-21T04:30:35.304883+00:00,3933.0,0.0,93.77,32.0,1764.83984375,2950.6269803382456
2026-07-21T04:30:35.644591+00:00,3933.0,36.0,93.74,32.0,1764.84375,2950.96668837592
2026-07-21T04:30:35.993129+00:00,3933.0,37.0,93.8,32.0,1764.85546875,2951.3152280002832
2026-07-21T04:30:36.337659+00:00,3933.0,37.0,94.57,32.0,1764.85546875,2951.6597564034164
2026-07-21T04:30:36.680332+00:00,3933.0,35.0,94.36,32.0,1764.8671875,2952.0024298764765
2026-07-21T04:30:37.042825+00:00,3933.0,35.0,94.31,32.0,1764.8671875,2952.3649228960276
2026-07-21T04:30:37.430506+00:00,3933.0,37.0,94.92,32.0,1764.8828125,2952.7526033967733
2026-07-21T04:30:37.791201+00:00,3933.0,37.0,95.11,32.0,1764.8828125,2953.1132979765534
2026-07-21T04:30:38.150756+00:00,3933.0,37.0,95.29,32.0,1764.890625,2953.472854103893
2026-07-21T04:30:38.488092+00:00,3933.0,36.0,95.51,32.0,1764.89453125,2953.8101904653013
2026-07-21T04:30:38.828379+00:00,3933.0,36.0,95.37,32.0,1764.89453125,2954.150477617979
2026-07-21T04:30:39.170787+00:00,3933.0,37.0,94.8,32.0,1764.90625,2954.492884889245
2026-07-21T04:30:39.541955+00:00,3933.0,35.0,94.96,32.0,1764.90625,2954.864052992314
2026-07-21T04:30:39.881500+00:00,3933.0,37.0,94.92,32.0,1764.9140625,2955.203598462045
2026-07-21T04:30:40.269980+00:00,3933.0,23.0,93.93,32.0,1764.9375,2955.592077318579
2026-07-21T04:30:40.608972+00:00,3933.0,38.0,93.86,32.0,1764.94140625,2955.9310699924827
2026-07-21T04:30:40.948124+00:00,3933.0,36.0,93.83,32.0,1764.94140625,2956.2702218815684
2026-07-21T04:30:41.295480+00:00,3933.0,36.0,94.79,32.0,1764.94140625,2956.6175777614117
2026-07-21T04:30:41.636964+00:00,3933.0,36.0,95.03,32.0,1764.96484375,2956.959062680602
2026-07-21T04:30:41.980648+00:00,3933.0,37.0,94.89,32.0,1764.96484375,2957.3027458786964
2026-07-21T04:30:42.338531+00:00,3933.0,0.0,94.04,32.0,1764.984375,2957.6606291532516
2026-07-21T04:30:42.676421+00:00,3933.0,36.0,93.67,32.0,1764.984375,2957.9985185414553
2026-07-21T04:30:43.055093+00:00,3933.0,37.0,94.01,32.0,1764.98828125,2958.377191156149
2026-07-21T04:30:43.401661+00:00,3933.0,37.0,94.75,32.0,1765.01171875,2958.7237597107887
2026-07-21T04:30:43.766465+00:00,3933.0,37.0,95.16,32.0,1765.01171875,2959.0885624587536
2026-07-21T04:30:44.202457+00:00,3933.0,0.0,93.94,32.0,1765.04296875,2959.524554748088
2026-07-21T04:30:44.566718+00:00,3933.0,36.0,94.22,32.0,1765.04296875,2959.8888169191778
2026-07-21T04:30:44.888247+00:00,3933.0,37.0,94.19,32.0,1765.0546875,2960.2103449217975
2026-07-21T04:30:45.250726+00:00,3933.0,37.0,95.27,32.0,1765.0546875,2960.572823163122
2026-07-21T04:30:45.570985+00:00,3933.0,37.0,94.91,32.0,1765.0546875,2960.893083266914
2026-07-21T04:30:45.979319+00:00,3933.0,0.0,93.69,32.0,1765.0859375,2961.3014161512256
2026-07-21T04:30:46.321868+00:00,3933.0,37.0,93.72,32.0,1765.0859375,2961.6439655683935
2026-07-21T04:30:46.660510+00:00,3933.0,37.0,93.85,32.0,1765.10546875,2961.982607334852
2026-07-21T04:30:47.030402+00:00,3933.0,38.0,95.26,32.0,1765.10546875,2962.3524999022484
2026-07-21T04:30:47.422672+00:00,3933.0,35.0,95.1,32.0,1765.12109375,2962.7447702251375
2026-07-21T04:30:47.764234+00:00,3933.0,37.0,92.84,32.0,1765.12109375,2963.0863322503865
2026-07-21T04:30:48.099565+00:00,3933.0,38.0,92.93,32.0,1765.12109375,2963.42166326195
2026-07-21T04:30:48.440230+00:00,3933.0,38.0,92.95,32.0,1765.12109375,2963.762327939272
2026-07-21T04:30:48.760665+00:00,3933.0,38.0,95.38,32.0,1765.12109375,2964.0827628336847
2026-07-21T04:30:49.099971+00:00,3933.0,38.0,95.26,32.0,1765.12109375,2964.422069452703
2026-07-21T04:30:49.485866+00:00,3933.0,36.0,95.07,32.0,1765.12109375,2964.80796379596
2026-07-21T04:30:49.862932+00:00,3933.0,37.0,95.65,32.0,1765.12109375,2965.1850300244987
2026-07-21T04:30:50.181990+00:00,3933.0,37.0,95.49,32.0,1765.12109375,2965.5040886588395
2026-07-21T04:30:50.541271+00:00,3933.0,38.0,95.58,32.0,1765.12109375,2965.863369766623
2026-07-21T04:30:50.898341+00:00,3933.0,38.0,95.42,32.0,1765.12109375,2966.220438785851
2026-07-21T04:30:51.236535+00:00,3933.0,37.0,95.85,32.0,1765.12109375,2966.5586323067546
2026-07-21T04:30:51.623810+00:00,3933.0,38.0,96.19,32.0,1765.12109375,2966.9459082446992
2026-07-21T04:30:51.998895+00:00,3933.0,37.0,96.05,32.0,1765.12109375,2967.3209926448762
2026-07-21T04:30:52.383550+00:00,3933.0,37.0,95.85,32.0,1765.12109375,2967.7056481949985
2026-07-21T04:30:52.728201+00:00,3933.0,37.0,95.9,32.0,1765.12109375,2968.050298754126
2026-07-21T04:30:53.165622+00:00,3933.0,37.0,95.86,32.0,1765.125,2968.4877196848392
2026-07-21T04:30:53.511827+00:00,3933.0,37.0,94.36,32.0,1765.140625,2968.833924666047
2026-07-21T04:30:53.852366+00:00,3933.0,36.0,93.96,32.0,1765.140625,2969.174463748932
2026-07-21T04:30:54.237968+00:00,3933.0,37.0,95.46,32.0,1765.140625,2969.5600648336112
2026-07-21T04:30:54.660118+00:00,3933.0,15.0,93.68,32.0,1765.15234375,2969.9822147749364
2026-07-21T04:30:55.000414+00:00,3933.0,37.0,93.82,32.0,1765.15234375,2970.322511456907
2026-07-21T04:30:55.366557+00:00,3933.0,35.0,93.68,32.0,1765.15234375,2970.6886548399925
2026-07-21T04:30:55.730684+00:00,3933.0,37.0,95.17,32.0,1765.15234375,2971.052781753242
2026-07-21T04:30:56.111189+00:00,3933.0,34.0,95.23,32.0,1765.15234375,2971.433287408203
2026-07-21T04:30:56.498848+00:00,3933.0,38.0,95.41,32.0,1765.15234375,2971.820945482701
2026-07-21T04:30:56.840564+00:00,3933.0,36.0,95.36,32.0,1765.15234375,2972.162662602961
2026-07-21T04:30:57.223637+00:00,3933.0,36.0,95.52,32.0,1765.15234375,2972.545734796673
2026-07-21T04:30:57.590242+00:00,3933.0,34.0,95.82,32.0,1765.15234375,2972.9123393408954
2026-07-21T04:30:57.975025+00:00,3933.0,35.0,95.68,32.0,1765.15234375,2973.297122567892
2026-07-21T04:30:58.352458+00:00,3933.0,37.0,95.09,32.0,1765.15234375,2973.6745560765266
2026-07-21T04:30:58.715689+00:00,3933.0,37.0,94.94,32.0,1765.15234375,2974.037786588073
2026-07-21T04:30:59.056374+00:00,3933.0,38.0,94.91,32.0,1765.15234375,2974.37847154215
2026-07-21T04:30:59.446171+00:00,3933.0,36.0,95.35,32.0,1765.15234375,2974.768269520253
2026-07-21T04:30:59.792003+00:00,3933.0,38.0,95.54,32.0,1765.15234375,2975.1141015589237
2026-07-21T04:31:00.149089+00:00,3933.0,37.0,95.72,32.0,1765.15234375,2975.4711875915527
2026-07-21T04:31:00.531185+00:00,3933.0,38.0,95.66,32.0,1765.15234375,2975.853282235563
2026-07-21T04:31:00.851550+00:00,3933.0,37.0,95.89,32.0,1765.15234375,2976.1736487857997
2026-07-21T04:31:01.206600+00:00,3933.0,37.0,95.7,32.0,1765.15234375,2976.5286979973316
2026-07-21T04:31:01.548547+00:00,3933.0,38.0,95.14,32.0,1765.15234375,2976.8706448189914
2026-07-21T04:31:01.938656+00:00,3933.0,36.0,95.63,32.0,1765.15234375,2977.2607534863055
2026-07-21T04:31:02.299932+00:00,3933.0,35.0,95.72,32.0,1765.15234375,2977.6220298185945
2026-07-21T04:31:02.662120+00:00,3933.0,38.0,95.75,32.0,1765.15234375,2977.984218608588
2026-07-21T04:31:03.088788+00:00,3933.0,38.0,95.33,32.0,1765.15234375,2978.410886183381
2026-07-21T04:31:03.437881+00:00,3933.0,37.0,94.2,32.0,1765.17578125,2978.7599740065634
2026-07-21T04:31:03.784253+00:00,3933.0,35.0,94.0,32.0,1765.17578125,2979.106348052621
2026-07-21T04:31:04.200643+00:00,3933.0,37.0,94.38,32.0,1765.17578125,2979.5227409228683
2026-07-21T04:31:04.546227+00:00,3933.0,36.0,94.46,32.0,1765.17578125,2979.8683255016804
2026-07-21T04:31:04.884711+00:00,3933.0,37.0,94.5,32.0,1765.17578125,2980.206810120493
2026-07-21T04:31:05.297019+00:00,3933.0,36.0,94.42,32.0,1765.17578125,2980.619117036462
2026-07-21T04:31:05.760418+00:00,3933.0,36.0,92.96,32.0,1765.1875,2981.0825151391327
2026-07-21T04:31:06.100461+00:00,3933.0,35.0,93.12,32.0,1765.1875,2981.4225583039224
2026-07-21T04:31:06.482668+00:00,3933.0,35.0,95.12,32.0,1765.1875,2981.8047650679946
2026-07-21T04:31:06.840425+00:00,3933.0,34.0,94.5,32.0,1765.1875,2982.162522826344
2026-07-21T04:31:07.199174+00:00,3933.0,35.0,94.43,32.0,1765.1875,2982.521271519363
2026-07-21T04:31:07.581130+00:00,3933.0,37.0,94.79,32.0,1765.1875,2982.9032277464867
2026-07-21T04:31:08.041627+00:00,3933.0,5.0,93.57,32.0,1765.203125,2983.3637250736356
2026-07-21T04:31:08.400300+00:00,3933.0,36.0,93.76,32.0,1765.203125,2983.7223977819085
2026-07-21T04:31:08.790492+00:00,3933.0,35.0,93.48,32.0,1765.203125,2984.1125894598663
2026-07-21T04:31:09.136189+00:00,3933.0,34.0,94.93,32.0,1765.203125,2984.4582840912044
2026-07-21T04:31:09.479674+00:00,3933.0,36.0,94.95,32.0,1765.234375,2984.801772866398
2026-07-21T04:31:09.799755+00:00,3933.0,37.0,94.25,32.0,1765.234375,2985.1218522824347
2026-07-21T04:31:10.185967+00:00,3933.0,35.0,92.75,32.0,1765.24609375,2985.5080633573234
2026-07-21T04:31:10.583115+00:00,3933.0,37.0,92.99,32.0,1765.24609375,2985.905212249607
2026-07-21T04:31:10.993207+00:00,3933.0,36.0,94.43,32.0,1765.24609375,2986.315304234624
2026-07-21T04:31:11.366456+00:00,3933.0,36.0,94.24,32.0,1765.24609375,2986.688553158194
2026-07-21T04:31:11.746506+00:00,3933.0,36.0,94.32,32.0,1765.24609375,2987.068602770567
2026-07-21T04:31:12.122866+00:00,3933.0,36.0,94.54,32.0,1765.24609375,2987.444963224232
2026-07-21T04:31:12.464743+00:00,3933.0,36.0,94.86,32.0,1765.24609375,2987.7868412286043
2026-07-21T04:31:12.810726+00:00,3933.0,37.0,94.94,32.0,1765.24609375,2988.1328227706254
2026-07-21T04:31:13.214607+00:00,3933.0,35.0,94.74,32.0,1765.24609375,2988.5367033593357
2026-07-21T04:31:13.597344+00:00,3933.0,36.0,94.39,32.0,1765.24609375,2988.9194424413145
2026-07-21T04:31:13.941371+00:00,3933.0,8.0,93.16,32.0,1765.26171875,2989.26346867159
2026-07-21T04:31:14.309662+00:00,3933.0,36.0,93.39,32.0,1765.26171875,2989.631759714335
2026-07-21T04:31:14.694138+00:00,3933.0,37.0,93.25,32.0,1765.26171875,2990.0162359923124
2026-07-21T04:31:15.061624+00:00,3933.0,35.0,94.88,32.0,1765.26171875,2990.383721422404
2026-07-21T04:31:15.383015+00:00,3933.0,36.0,95.21,32.0,1765.26171875,2990.7051127403975
2026-07-21T04:31:15.728888+00:00,3933.0,0.0,93.59,32.0,1765.2734375,2991.0509852580726
2026-07-21T04:31:16.051287+00:00,3933.0,35.0,93.33,32.0,1765.2734375,2991.3733851462603
2026-07-21T04:31:16.419772+00:00,3933.0,36.0,93.26,32.0,1765.2734375,2991.7418699897826
2026-07-21T04:31:16.782509+00:00,3933.0,35.0,94.89,32.0,1765.2734375,2992.104606807232
2026-07-21T04:31:17.147096+00:00,3933.0,37.0,95.16,32.0,1765.2734375,2992.469193212688
2026-07-21T04:31:17.541159+00:00,3933.0,35.0,94.76,32.0,1765.2734375,2992.863257050514
2026-07-21T04:31:17.902744+00:00,3933.0,35.0,94.65,32.0,1765.2734375,2993.2248412817717
2026-07-21T04:31:18.270060+00:00,3933.0,36.0,94.76,32.0,1765.2734375,2993.592151172459
2026-07-21T04:31:18.649662+00:00,3933.0,34.0,95.04,32.0,1765.2734375,2993.971759971231
2026-07-21T04:31:19.014957+00:00,3933.0,36.0,94.88,32.0,1765.2734375,2994.3370551243424
2026-07-21T04:31:19.352073+00:00,3933.0,37.0,94.92,32.0,1765.2734375,2994.674171600491
2026-07-21T04:31:19.742472+00:00,3933.0,37.0,94.86,32.0,1765.2734375,2995.064570248127
2026-07-21T04:31:20.110770+00:00,3933.0,37.0,95.38,32.0,1765.2734375,2995.4328675977886
2026-07-21T04:31:20.458012+00:00,3933.0,37.0,95.64,32.0,1765.2734375,2995.780109040439
2026-07-21T04:31:20.781698+00:00,3933.0,36.0,95.11,32.0,1765.2734375,2996.1037956625223
2026-07-21T04:31:21.173509+00:00,3933.0,37.0,95.59,32.0,1765.2734375,2996.495606251061
2026-07-21T04:31:21.658672+00:00,3933.0,25.0,94.05,32.0,1765.29296875,2996.9807693362236
2026-07-21T04:31:22.000563+00:00,3933.0,35.0,93.65,32.0,1765.29296875,2997.3226612508297
2026-07-21T04:31:22.391041+00:00,3933.0,35.0,93.23,32.0,1765.29296875,2997.7131386101246
2026-07-21T04:31:22.728662+00:00,3933.0,37.0,94.31,32.0,1765.29296875,2998.0507598929107
2026-07-21T04:31:23.114754+00:00,3933.0,36.0,94.56,32.0,1765.29296875,2998.4368517287076
2026-07-21T04:31:23.452386+00:00,3933.0,36.0,94.72,32.0,1765.29296875,2998.774483732879
2026-07-21T04:31:23.874073+00:00,3933.0,35.0,94.14,32.0,1765.29296875,2999.196169555187
2026-07-21T04:31:24.220161+00:00,3933.0,34.0,93.57,32.0,1765.3046875,2999.5422585085034
2026-07-21T04:31:24.588285+00:00,3933.0,35.0,93.45,32.0,1765.3046875,2999.910382539034
2026-07-21T04:31:24.927794+00:00,3933.0,37.0,95.14,32.0,1765.3046875,3000.249891553074
2026-07-21T04:31:25.267758+00:00,3933.0,37.0,94.59,32.0,1765.3046875,3000.589856337756
2026-07-21T04:31:25.728401+00:00,3933.0,36.0,94.82,32.0,1765.3046875,3001.0504967793822
