timestamp,gpu_memory_used_mb,gpu_utilization_pct,power_draw_w,temperature_c,process_rss_mb,elapsed_seconds
2026-07-21T02:22:24.979415+00:00,4.0,0.0,49.66,29.0,524.3984375,0.2972513735294342
2026-07-21T02:22:25.284844+00:00,4.0,0.0,49.67,29.0,533.03515625,0.6026698797941208
2026-07-21T02:22:25.588669+00:00,4.0,0.0,49.67,29.0,533.88671875,0.9065077528357506
2026-07-21T02:22:25.898573+00:00,4.0,0.0,49.64,29.0,559.27734375,1.2164111323654652
2026-07-21T02:22:26.223168+00:00,4.0,0.0,49.67,29.0,633.17578125,1.541004542261362
2026-07-21T02:22:26.507897+00:00,4.0,0.0,49.67,29.0,656.125,1.8257001042366028
2026-07-21T02:22:26.826563+00:00,4.0,0.0,49.67,29.0,737.74609375,2.1444017253816128
2026-07-21T02:22:27.125057+00:00,4.0,0.0,49.65,29.0,762.9765625,2.442895706743002
2026-07-21T02:22:27.430814+00:00,21.0,0.0,52.58,29.0,828.234375,2.74863975122571
2026-07-21T02:22:27.729317+00:00,1319.0,10.0,61.73,29.0,1699.578125,3.0471554696559906
2026-07-21T02:22:28.028171+00:00,2551.0,9.0,71.32,29.0,2853.203125,3.346010323613882
2026-07-21T02:22:28.512218+00:00,3597.0,1.0,80.78,29.0,857.91796875,3.8300565145909786
2026-07-21T02:22:28.813139+00:00,3779.0,0.0,80.48,30.0,1207.44921875,4.130977340042591
2026-07-21T02:22:29.109469+00:00,3811.0,1.0,81.5,30.0,1523.4296875,4.427307866513729
2026-07-21T02:22:29.408470+00:00,3811.0,37.0,84.06,30.0,1695.53125,4.726309236139059
2026-07-21T02:22:29.706388+00:00,3811.0,37.0,88.9,30.0,1695.66796875,5.024227596819401
2026-07-21T02:22:30.006470+00:00,3811.0,38.0,93.84,30.0,1695.7421875,5.324309308081865
2026-07-21T02:22:30.301605+00:00,3811.0,37.0,97.06,30.0,1695.76171875,5.619444243609905
2026-07-21T02:22:30.605106+00:00,3811.0,38.0,97.24,30.0,1695.77734375,5.9229444563388824
2026-07-21T02:22:30.909473+00:00,3811.0,36.0,98.38,30.0,1695.8359375,6.227309994399548
2026-07-21T02:22:31.206475+00:00,3811.0,38.0,98.41,30.0,1695.8359375,6.5243143029510975
2026-07-21T02:22:31.506451+00:00,3811.0,37.0,98.55,30.0,1695.85546875,6.824289549142122
2026-07-21T02:22:31.824095+00:00,3811.0,39.0,98.47,30.0,1695.85546875,7.141933519393206
2026-07-21T02:22:32.125247+00:00,3811.0,38.0,97.79,30.0,1695.87890625,7.443086411803961
2026-07-21T02:22:32.426738+00:00,3811.0,38.0,97.56,30.0,1695.87890625,7.744577020406723
2026-07-21T02:22:32.725998+00:00,3811.0,37.0,98.18,30.0,1695.9140625,8.043834988027811
2026-07-21T02:22:33.048283+00:00,3811.0,37.0,98.1,30.0,1695.921875,8.366121858358383
2026-07-21T02:22:33.350801+00:00,3811.0,37.0,98.01,30.0,1695.9296875,8.668629970401525
2026-07-21T02:22:33.652116+00:00,3811.0,37.0,97.47,30.0,1695.94921875,8.969954889267683
2026-07-21T02:22:33.955957+00:00,3811.0,35.0,97.38,30.0,1695.94921875,9.27379422262311
2026-07-21T02:22:34.234609+00:00,3811.0,38.0,97.53,30.0,1695.97265625,9.552447233349085
2026-07-21T02:22:34.552236+00:00,3811.0,37.0,98.1,30.0,1696.015625,9.870068438351154
2026-07-21T02:22:34.854677+00:00,3811.0,37.0,98.2,30.0,1696.03125,10.17251681536436
2026-07-21T02:22:35.132068+00:00,3811.0,37.0,98.36,30.0,1696.0390625,10.449905943125486
2026-07-21T02:22:35.480985+00:00,3811.0,37.0,98.5,31.0,1696.046875,10.79882351309061
2026-07-21T02:22:35.824365+00:00,3811.0,37.0,97.81,31.0,1696.06640625,11.142203439027071
2026-07-21T02:22:36.103814+00:00,3811.0,37.0,97.75,31.0,1696.06640625,11.42165294289589
2026-07-21T02:22:36.406302+00:00,3811.0,38.0,97.78,31.0,1696.0859375,11.724140796810389
2026-07-21T02:22:36.702332+00:00,3811.0,38.0,97.62,31.0,1696.09375,12.020171169191599
2026-07-21T02:22:37.044160+00:00,3811.0,36.0,98.49,31.0,1696.1953125,12.361997287720442
2026-07-21T02:22:37.387782+00:00,3811.0,38.0,98.23,31.0,1696.1953125,12.705620370805264
2026-07-21T02:22:37.666780+00:00,3811.0,37.0,98.28,31.0,1696.2109375,12.984618972986937
2026-07-21T02:22:37.945753+00:00,3811.0,36.0,97.52,31.0,1696.21484375,13.263591773808002
2026-07-21T02:22:38.244984+00:00,3811.0,38.0,97.82,31.0,1696.21875,13.562823321670294
2026-07-21T02:22:38.561432+00:00,3811.0,37.0,97.98,31.0,1696.24609375,13.879270412027836
2026-07-21T02:22:38.858477+00:00,3811.0,37.0,98.05,31.0,1696.24609375,14.176316354423761
2026-07-21T02:22:39.205009+00:00,3811.0,37.0,98.0,31.0,1696.26171875,14.52284761890769
2026-07-21T02:22:39.544828+00:00,3813.0,38.0,98.01,31.0,1696.3125,14.862665999680758
2026-07-21T02:22:39.823408+00:00,3813.0,37.0,98.07,31.0,1696.34765625,15.14124584570527
2026-07-21T02:22:40.120512+00:00,3813.0,29.0,98.19,31.0,1699.4296875,15.438350062817335
2026-07-21T02:22:40.418808+00:00,3813.0,37.0,98.33,31.0,1699.44140625,15.736637469381094
2026-07-21T02:22:40.719602+00:00,3813.0,37.0,98.06,31.0,1699.45703125,16.037439543753862
2026-07-21T02:22:41.026413+00:00,3813.0,38.0,98.02,31.0,1699.4609375,16.34424703940749
2026-07-21T02:22:41.372447+00:00,3813.0,36.0,97.93,31.0,1699.48046875,16.690279610455036
2026-07-21T02:22:41.674339+00:00,3813.0,38.0,98.35,31.0,1699.48046875,16.99217836931348
2026-07-21T02:22:41.999927+00:00,3813.0,37.0,98.34,31.0,1699.5,17.317765194922686
2026-07-21T02:22:42.302443+00:00,3813.0,37.0,98.78,31.0,1699.5,17.620282106101513
2026-07-21T02:22:42.625301+00:00,3813.0,38.0,98.42,31.0,1699.515625,17.943139258772135
2026-07-21T02:22:42.944867+00:00,3813.0,37.0,98.53,31.0,1699.515625,18.262705739587545
2026-07-21T02:22:43.242138+00:00,3813.0,38.0,98.12,31.0,1699.53515625,18.559977758675814
2026-07-21T02:22:43.588952+00:00,3813.0,37.0,98.1,31.0,1699.53515625,18.906789898872375
2026-07-21T02:22:43.929407+00:00,3813.0,38.0,97.87,31.0,1699.55078125,19.24724554270506
2026-07-21T02:22:44.249227+00:00,3813.0,38.0,97.49,31.0,1699.55078125,19.5670651383698
2026-07-21T02:22:44.552313+00:00,3813.0,27.0,96.34,31.0,1699.5546875,19.87015190720558
2026-07-21T02:22:44.851606+00:00,3813.0,38.0,96.57,31.0,1699.56640625,20.169445354491472
2026-07-21T02:22:45.197743+00:00,3813.0,37.0,96.63,31.0,1699.56640625,20.515581890940666
2026-07-21T02:22:45.499000+00:00,3813.0,38.0,97.96,31.0,1699.58203125,20.816839326173067
2026-07-21T02:22:45.800659+00:00,3813.0,38.0,98.61,31.0,1699.5859375,21.118497889488935
2026-07-21T02:22:46.119478+00:00,3813.0,37.0,98.31,31.0,1699.58984375,21.43731640279293
2026-07-21T02:22:46.437412+00:00,3813.0,38.0,98.43,31.0,1699.58984375,21.755251076072454
2026-07-21T02:22:46.716045+00:00,3813.0,38.0,97.59,31.0,1699.60546875,22.033883403986692
2026-07-21T02:22:47.037785+00:00,3813.0,37.0,97.72,31.0,1699.62109375,22.355623420327902
2026-07-21T02:22:47.356481+00:00,3813.0,38.0,97.85,31.0,1699.625,22.674320179969072
2026-07-21T02:22:47.674528+00:00,3813.0,38.0,98.44,31.0,1699.6484375,22.992365922778845
2026-07-21T02:22:47.974538+00:00,3813.0,36.0,98.66,31.0,1699.6484375,23.292375072836876
2026-07-21T02:22:48.269444+00:00,3813.0,37.0,98.69,31.0,1699.6640625,23.587282571941614
2026-07-21T02:22:48.570131+00:00,3813.0,38.0,98.06,31.0,1699.6640625,23.887969952076674
2026-07-21T02:22:48.888583+00:00,3813.0,37.0,97.99,31.0,1699.68359375,24.20641276612878
2026-07-21T02:22:49.190630+00:00,3813.0,38.0,97.88,31.0,1699.68359375,24.508469451218843
2026-07-21T02:22:49.490843+00:00,3813.0,38.0,98.1,32.0,1699.69140625,24.808681294322014
2026-07-21T02:22:49.835930+00:00,3813.0,38.0,98.33,32.0,1699.7109375,25.153769586235285
2026-07-21T02:22:50.119696+00:00,3813.0,36.0,98.97,32.0,1699.71484375,25.43752984330058
2026-07-21T02:22:50.398257+00:00,3813.0,38.0,98.64,32.0,1699.72265625,25.716096226125956
2026-07-21T02:22:50.676776+00:00,3813.0,37.0,98.67,32.0,1699.72265625,25.99461068212986
2026-07-21T02:22:50.982664+00:00,3813.0,37.0,98.65,32.0,1699.734375,26.300502933561802
2026-07-21T02:22:51.282497+00:00,3813.0,37.0,98.22,32.0,1699.734375,26.600335516035557
2026-07-21T02:22:51.586940+00:00,3813.0,36.0,98.06,32.0,1699.73828125,26.90477814897895
2026-07-21T02:22:51.886328+00:00,3813.0,37.0,97.82,32.0,1699.75,27.204165939241648
2026-07-21T02:22:52.191127+00:00,3813.0,37.0,97.81,32.0,1699.75390625,27.5089661963284
2026-07-21T02:22:52.491019+00:00,3813.0,37.0,97.95,32.0,1699.76171875,27.80885786190629
2026-07-21T02:22:52.773722+00:00,3813.0,36.0,98.01,32.0,1699.76171875,28.09156035631895
2026-07-21T02:22:53.075455+00:00,3813.0,37.0,98.4,32.0,1700.9296875,28.39329319819808
2026-07-21T02:22:53.405231+00:00,3813.0,37.0,98.18,32.0,1700.9296875,28.723069354891777
2026-07-21T02:22:53.706560+00:00,3813.0,36.0,97.85,32.0,1700.94921875,29.024398155510426
2026-07-21T02:22:54.003950+00:00,3813.0,37.0,97.49,32.0,1700.95703125,29.321788489818573
2026-07-21T02:22:54.329889+00:00,3813.0,37.0,97.26,32.0,1700.95703125,29.64772818237543
2026-07-21T02:22:54.649312+00:00,3813.0,37.0,97.45,32.0,1700.98828125,29.967151001095772
2026-07-21T02:22:54.979420+00:00,3813.0,38.0,97.51,32.0,1700.98828125,30.29725805297494
2026-07-21T02:22:55.283463+00:00,3813.0,36.0,97.81,32.0,1700.99609375,30.60130151361227
2026-07-21T02:22:55.582334+00:00,3813.0,37.0,97.89,32.0,1700.99609375,30.90017293021083
2026-07-21T02:22:55.906602+00:00,3813.0,37.0,98.16,32.0,1701.01953125,31.224441558122635
2026-07-21T02:22:56.207395+00:00,3813.0,38.0,98.86,32.0,1701.0234375,31.52523296326399
2026-07-21T02:22:56.511133+00:00,3813.0,36.0,98.69,32.0,1701.02734375,31.828972171992064
2026-07-21T02:22:56.833478+00:00,3813.0,35.0,98.78,32.0,1701.03125,32.15131634473801
2026-07-21T02:22:57.152530+00:00,3813.0,38.0,98.32,32.0,1701.03125,32.4703687094152
2026-07-21T02:22:57.455152+00:00,3813.0,36.0,98.16,32.0,1701.0546875,32.77299012243748
2026-07-21T02:22:57.753574+00:00,3813.0,36.0,97.97,32.0,1701.0546875,33.071413319557905
2026-07-21T02:22:58.057815+00:00,3813.0,37.0,97.8,32.0,1701.07421875,33.375651717185974
2026-07-21T02:22:58.394434+00:00,3813.0,36.0,97.76,32.0,1701.0859375,33.712272986769676
2026-07-21T02:22:58.717343+00:00,3813.0,34.0,97.57,32.0,1701.10546875,34.03517073392868
2026-07-21T02:22:58.997240+00:00,3813.0,36.0,98.26,32.0,1701.109375,34.3150778375566
2026-07-21T02:22:59.277057+00:00,3813.0,38.0,98.6,32.0,1701.11328125,34.59488921239972
2026-07-21T02:22:59.574847+00:00,3813.0,37.0,98.6,32.0,1701.12109375,34.89268611371517
2026-07-21T02:22:59.901292+00:00,3813.0,35.0,98.1,32.0,1701.12109375,35.21912993118167
2026-07-21T02:23:00.216971+00:00,3813.0,38.0,98.07,32.0,1701.14453125,35.534810334444046
2026-07-21T02:23:00.541914+00:00,3813.0,37.0,98.04,32.0,1701.14453125,35.85975283756852
2026-07-21T02:23:00.843710+00:00,3813.0,38.0,98.05,32.0,1701.16015625,36.16154903545976
2026-07-21T02:23:01.165607+00:00,3813.0,36.0,98.12,32.0,1701.16015625,36.48344036191702
2026-07-21T02:23:01.466254+00:00,3813.0,36.0,98.08,32.0,1701.1640625,36.784092362970114
2026-07-21T02:23:01.767113+00:00,3813.0,38.0,98.07,32.0,1701.171875,37.08495223522186
2026-07-21T02:23:02.093594+00:00,3813.0,35.0,98.11,32.0,1701.171875,37.41143238171935
2026-07-21T02:23:02.395060+00:00,3813.0,36.0,98.09,32.0,1701.19140625,37.71289823949337
2026-07-21T02:23:02.685416+00:00,3813.0,38.0,98.22,32.0,1701.19921875,38.00325394794345
2026-07-21T02:23:02.983918+00:00,3813.0,36.0,98.87,32.0,1701.203125,38.30175679549575
2026-07-21T02:23:03.324722+00:00,3813.0,37.0,98.78,32.0,1701.203125,38.64256066828966
2026-07-21T02:23:03.623170+00:00,3813.0,38.0,98.36,32.0,1701.21484375,38.941007882356644
2026-07-21T02:23:03.927266+00:00,3813.0,37.0,97.65,32.0,1701.22265625,39.245104014873505
2026-07-21T02:23:04.226251+00:00,3813.0,37.0,97.87,32.0,1701.22265625,39.54408983141184
2026-07-21T02:23:04.572686+00:00,3813.0,37.0,98.11,32.0,1701.234375,39.89052436128259
2026-07-21T02:23:04.893929+00:00,3813.0,37.0,98.28,32.0,1701.23828125,40.21176825091243
2026-07-21T02:23:05.222392+00:00,3813.0,35.0,98.23,32.0,1701.24609375,40.54022886604071
2026-07-21T02:23:05.523435+00:00,3813.0,38.0,98.19,32.0,1701.24609375,40.84127305075526
2026-07-21T02:23:05.828055+00:00,3813.0,38.0,98.68,32.0,1701.26953125,41.14589340239763
2026-07-21T02:23:06.149413+00:00,3813.0,37.0,98.69,32.0,1701.26953125,41.467251636087894
2026-07-21T02:23:06.447568+00:00,3813.0,38.0,98.74,32.0,1701.29296875,41.76540534943342
2026-07-21T02:23:06.751004+00:00,3813.0,38.0,98.1,32.0,1701.29296875,42.06884219124913
2026-07-21T02:23:07.089447+00:00,3813.0,37.0,98.12,32.0,1701.30078125,42.40728623792529
2026-07-21T02:23:07.428424+00:00,3813.0,37.0,98.39,32.0,1701.30078125,42.74626304209232
2026-07-21T02:23:07.727232+00:00,3813.0,38.0,98.55,32.0,1701.30078125,43.045070711523294
2026-07-21T02:23:08.053746+00:00,3813.0,37.0,98.56,32.0,1701.3125,43.371584713459015
2026-07-21T02:23:08.482854+00:00,3813.0,36.0,98.31,32.0,1701.3203125,43.80069313570857
2026-07-21T02:23:08.825247+00:00,3813.0,36.0,98.07,32.0,1701.32421875,44.143085952848196
2026-07-21T02:23:09.126349+00:00,3813.0,36.0,98.2,32.0,1701.328125,44.44418789818883
2026-07-21T02:23:09.471051+00:00,3815.0,36.0,98.3,32.0,1702.125,44.788888562470675
2026-07-21T02:23:09.770977+00:00,3815.0,29.0,97.51,32.0,1702.171875,45.0888141207397
2026-07-21T02:23:10.075140+00:00,3815.0,37.0,97.31,32.0,1702.19140625,45.392979331314564
2026-07-21T02:23:10.378990+00:00,3815.0,36.0,96.75,32.0,1702.19140625,45.69682851806283
2026-07-21T02:23:10.720725+00:00,3815.0,36.0,97.49,32.0,1702.1953125,46.03856372088194
2026-07-21T02:23:11.026639+00:00,3815.0,35.0,97.74,32.0,1702.20703125,46.34446766227484
2026-07-21T02:23:11.327683+00:00,3815.0,37.0,97.85,32.0,1702.20703125,46.64552165567875
2026-07-21T02:23:11.679061+00:00,3815.0,36.0,98.14,32.0,1702.21875,46.9969000518322
2026-07-21T02:23:12.010606+00:00,3815.0,36.0,98.2,32.0,1702.21875,47.32844467461109
2026-07-21T02:23:12.332435+00:00,3815.0,37.0,99.0,32.0,1702.24609375,47.650272849947214
2026-07-21T02:23:12.611560+00:00,3815.0,38.0,98.72,32.0,1702.24609375,47.929399721324444
2026-07-21T02:23:12.891671+00:00,3815.0,36.0,98.59,32.0,1702.25390625,48.20950338989496
2026-07-21T02:23:13.194303+00:00,3815.0,35.0,98.0,32.0,1702.265625,48.512142580002546
2026-07-21T02:23:13.543164+00:00,3815.0,36.0,98.21,32.0,1702.26953125,48.8610023856163
2026-07-21T02:23:13.892963+00:00,3815.0,36.0,98.32,32.0,1702.26953125,49.210801258683205
2026-07-21T02:23:14.213111+00:00,3815.0,37.0,98.34,32.0,1702.2734375,49.530950509011745
2026-07-21T02:23:14.510600+00:00,3815.0,38.0,98.32,32.0,1702.28515625,49.82843849807978
2026-07-21T02:23:14.814553+00:00,3815.0,37.0,98.65,32.0,1702.28515625,50.13239138200879
2026-07-21T02:23:15.132082+00:00,3815.0,38.0,98.71,32.0,1702.296875,50.449920389801264
2026-07-21T02:23:15.411728+00:00,3815.0,38.0,98.6,32.0,1702.296875,50.72956706956029
2026-07-21T02:23:15.739023+00:00,3815.0,38.0,98.71,32.0,1702.3125,51.05686082690954
2026-07-21T02:23:16.065580+00:00,3815.0,38.0,98.86,32.0,1702.3125,51.38341899216175
2026-07-21T02:23:16.389619+00:00,3815.0,37.0,99.1,32.0,1702.33984375,51.707456681877375
2026-07-21T02:23:16.690902+00:00,3815.0,37.0,98.95,32.0,1702.33984375,52.00874076411128
2026-07-21T02:23:16.990959+00:00,3815.0,38.0,98.75,32.0,1702.33984375,52.30879790708423
2026-07-21T02:23:17.270053+00:00,3817.0,37.0,98.77,32.0,1702.34765625,52.58789198100567
2026-07-21T02:23:17.586545+00:00,3817.0,38.0,98.86,32.0,1702.34765625,52.90438397228718
2026-07-21T02:23:17.882918+00:00,3817.0,37.0,98.91,32.0,1702.35546875,53.200757563114166
2026-07-21T02:23:18.200913+00:00,3817.0,23.0,98.35,32.0,1702.35546875,53.51875241845846
2026-07-21T02:23:18.524769+00:00,3817.0,38.0,97.32,32.0,1702.359375,53.842606492340565
2026-07-21T02:23:18.822530+00:00,3817.0,36.0,97.86,32.0,1702.36328125,54.14036915823817
2026-07-21T02:23:19.103488+00:00,3817.0,38.0,97.86,32.0,1702.36328125,54.42132719606161
2026-07-21T02:23:19.404557+00:00,3817.0,36.0,99.02,32.0,1702.3828125,54.72239540144801
2026-07-21T02:23:19.690702+00:00,3817.0,38.0,98.13,32.0,1702.3828125,55.00854091346264
2026-07-21T02:23:19.990566+00:00,3817.0,37.0,98.12,32.0,1702.40234375,55.308405105024576
2026-07-21T02:23:20.296152+00:00,3817.0,36.0,98.38,32.0,1702.40234375,55.61399122700095
2026-07-21T02:23:20.598150+00:00,3817.0,38.0,98.45,32.0,1702.41015625,55.91598857566714
2026-07-21T02:23:20.900447+00:00,3817.0,36.0,98.31,32.0,1702.4140625,56.2182860262692
2026-07-21T02:23:21.225046+00:00,3817.0,38.0,99.15,32.0,1702.421875,56.54288452491164
2026-07-21T02:23:21.522263+00:00,3817.0,38.0,99.23,32.0,1702.421875,56.84010246023536
2026-07-21T02:23:21.844840+00:00,3817.0,38.0,99.36,33.0,1702.421875,57.16267944872379
2026-07-21T02:23:22.145928+00:00,3817.0,39.0,98.78,33.0,1702.44140625,57.46376744285226
2026-07-21T02:23:22.446449+00:00,3817.0,38.0,98.7,33.0,1702.44140625,57.76428826153278
2026-07-21T02:23:22.742553+00:00,3817.0,38.0,98.74,33.0,1702.45703125,58.06039271131158
2026-07-21T02:23:23.064035+00:00,3817.0,37.0,98.79,33.0,1702.45703125,58.38187408819795
2026-07-21T02:23:23.343248+00:00,3817.0,38.0,98.98,33.0,1702.51171875,58.6610865034163
2026-07-21T02:23:23.619556+00:00,3817.0,38.0,98.91,33.0,1702.5234375,58.937396228313446
2026-07-21T02:23:23.923911+00:00,3817.0,37.0,99.07,33.0,1702.5234375,59.24174774810672
2026-07-21T02:23:24.225991+00:00,3817.0,38.0,98.81,33.0,1702.54296875,59.54382175579667
2026-07-21T02:23:24.531258+00:00,3817.0,38.0,98.93,33.0,1702.546875,59.84909625723958
2026-07-21T02:23:24.852887+00:00,3817.0,38.0,98.61,33.0,1702.55859375,60.170724514871836
2026-07-21T02:23:25.154382+00:00,3817.0,38.0,98.75,33.0,1702.55859375,60.472220201045275
2026-07-21T02:23:25.454529+00:00,3817.0,37.0,99.02,33.0,1702.5703125,60.77235859632492
2026-07-21T02:23:25.781346+00:00,3817.0,37.0,98.92,33.0,1702.578125,61.09918534755707
2026-07-21T02:23:26.060101+00:00,3817.0,37.0,99.04,33.0,1702.58203125,61.3779405541718
2026-07-21T02:23:26.362979+00:00,3817.0,37.0,99.48,33.0,1702.6015625,61.680817902088165
2026-07-21T02:23:26.689059+00:00,3817.0,38.0,99.5,33.0,1702.6015625,62.006898533552885
2026-07-21T02:23:26.990812+00:00,3817.0,37.0,99.19,33.0,1702.625,62.3086511939764
2026-07-21T02:23:27.308760+00:00,3817.0,37.0,98.39,33.0,1702.625,62.6265987791121
2026-07-21T02:23:27.609236+00:00,3817.0,38.0,98.42,33.0,1702.640625,62.9270752184093
2026-07-21T02:23:27.928802+00:00,3817.0,38.0,99.05,33.0,1702.6484375,63.24663503468037
2026-07-21T02:23:28.231002+00:00,3817.0,39.0,99.16,33.0,1702.6484375,63.54884146526456
2026-07-21T02:23:28.552879+00:00,3817.0,39.0,99.26,33.0,1702.6640625,63.87071807682514
2026-07-21T02:23:28.855142+00:00,3817.0,38.0,99.04,33.0,1702.6640625,64.172976013273
2026-07-21T02:23:29.205186+00:00,3817.0,38.0,99.13,33.0,1702.68359375,64.52302376180887
2026-07-21T02:23:29.506590+00:00,3817.0,39.0,99.17,33.0,1702.68359375,64.82442933320999
2026-07-21T02:23:29.825128+00:00,3817.0,38.0,99.7,33.0,1703.140625,65.14296536520123
2026-07-21T02:23:30.121082+00:00,3817.0,38.0,99.75,33.0,1703.140625,65.4389214888215
2026-07-21T02:23:30.440890+00:00,3817.0,39.0,99.45,33.0,1703.15234375,65.75872905552387
2026-07-21T02:23:30.743935+00:00,3817.0,36.0,98.83,33.0,1703.15234375,66.0617739520967
2026-07-21T02:23:31.027421+00:00,3817.0,38.0,98.92,33.0,1703.1640625,66.34526010975242
2026-07-21T02:23:31.330735+00:00,3817.0,38.0,99.04,33.0,1703.1640625,66.64857390522957
2026-07-21T02:23:31.626058+00:00,3817.0,39.0,99.18,33.0,1703.17578125,66.94389756396413
2026-07-21T02:23:31.949525+00:00,3817.0,38.0,99.14,33.0,1703.1875,67.26736458018422
2026-07-21T02:23:32.269759+00:00,3817.0,38.0,99.31,33.0,1703.1875,67.58759804442525
2026-07-21T02:23:32.617394+00:00,3817.0,39.0,99.27,33.0,1703.20703125,67.93523326516151
2026-07-21T02:23:32.920061+00:00,3817.0,39.0,99.51,33.0,1703.20703125,68.23789979889989
2026-07-21T02:23:33.248387+00:00,3817.0,37.0,99.56,33.0,1703.21875,68.56622323021293
2026-07-21T02:23:33.576236+00:00,3817.0,38.0,99.61,33.0,1703.21875,68.89407550171018
2026-07-21T02:23:33.925411+00:00,3817.0,37.0,99.18,33.0,1703.234375,69.24324939027429
2026-07-21T02:23:34.226339+00:00,3817.0,38.0,100.01,33.0,1703.2421875,69.54417717456818
2026-07-21T02:23:34.551769+00:00,3817.0,26.0,98.84,33.0,1703.24609375,69.86960741877556
2026-07-21T02:23:34.832349+00:00,3817.0,35.0,98.19,33.0,1703.24609375,70.15018698573112
2026-07-21T02:23:35.135078+00:00,3817.0,38.0,96.99,33.0,1703.24609375,70.45291736721992
2026-07-21T02:23:35.439519+00:00,3817.0,37.0,97.19,33.0,1703.26171875,70.75735867395997
2026-07-21T02:23:35.766412+00:00,3817.0,38.0,98.27,33.0,1703.26171875,71.08425099402666
2026-07-21T02:23:36.109748+00:00,3817.0,37.0,98.48,33.0,1703.27734375,71.42758712545037
2026-07-21T02:23:36.429718+00:00,3817.0,36.0,98.6,33.0,1703.28125,71.74755730479956
2026-07-21T02:23:36.753863+00:00,3817.0,39.0,98.79,33.0,1703.30078125,72.07170174643397
2026-07-21T02:23:37.036589+00:00,3817.0,37.0,98.56,33.0,1703.30078125,72.35442825034261
2026-07-21T02:23:37.339330+00:00,3817.0,36.0,98.76,33.0,1703.30859375,72.65716864168644
2026-07-21T02:23:37.669612+00:00,3817.0,37.0,99.07,33.0,1703.3125,72.9874514080584
2026-07-21T02:23:37.989853+00:00,3817.0,37.0,99.23,33.0,1703.3125,73.30769171565771
2026-07-21T02:23:38.290817+00:00,3817.0,39.0,99.46,33.0,1703.328125,73.60865638405085
2026-07-21T02:23:38.641827+00:00,3817.0,38.0,99.55,33.0,1703.328125,73.9596654959023
2026-07-21T02:23:38.939368+00:00,3817.0,37.0,99.39,33.0,1703.3359375,74.25720721110702
2026-07-21T02:23:39.220118+00:00,3817.0,37.0,99.22,33.0,1703.3359375,74.53795738145709
2026-07-21T02:23:39.562427+00:00,3817.0,38.0,99.69,33.0,1703.4765625,74.88026536256075
2026-07-21T02:23:39.884625+00:00,3817.0,37.0,99.57,33.0,1703.4765625,75.20246496424079
2026-07-21T02:23:40.209322+00:00,3817.0,37.0,99.71,33.0,1703.49609375,75.52716013044119
2026-07-21T02:23:40.511582+00:00,3817.0,38.0,98.83,33.0,1703.49609375,75.82942043617368
2026-07-21T02:23:40.794146+00:00,3817.0,37.0,98.85,33.0,1703.49609375,76.11198429390788
2026-07-21T02:23:41.141523+00:00,3817.0,38.0,98.92,33.0,1703.50390625,76.45936061441898
2026-07-21T02:23:41.442685+00:00,3817.0,38.0,99.08,33.0,1703.50390625,76.76052329316735
2026-07-21T02:23:41.747816+00:00,3817.0,37.0,99.29,33.0,1703.5625,77.0656544342637
2026-07-21T02:23:42.093459+00:00,3817.0,37.0,98.94,33.0,1703.5625,77.41129774600267
2026-07-21T02:23:42.390499+00:00,3817.0,38.0,98.82,33.0,1703.58203125,77.70833835378289
2026-07-21T02:23:42.741193+00:00,3817.0,38.0,98.93,33.0,1703.58203125,78.05903175100684
2026-07-21T02:23:43.061477+00:00,3817.0,37.0,98.92,33.0,1703.59375,78.37930368632078
2026-07-21T02:23:43.381253+00:00,3817.0,37.0,99.32,33.0,1703.59375,78.69909192994237
2026-07-21T02:23:43.688750+00:00,3817.0,38.0,99.1,33.0,1703.62109375,79.0065888017416
2026-07-21T02:23:44.013936+00:00,3817.0,37.0,99.27,33.0,1703.62109375,79.33177467808127
2026-07-21T02:23:44.361344+00:00,3817.0,38.0,99.56,33.0,1703.77734375,79.67918089404702
2026-07-21T02:23:44.665164+00:00,3817.0,38.0,99.99,33.0,1703.78125,79.98300044238567
2026-07-21T02:23:44.969198+00:00,3817.0,38.0,99.64,33.0,1703.78515625,80.28703502938151
2026-07-21T02:23:45.289858+00:00,3817.0,37.0,99.69,33.0,1703.79296875,80.60769645124674
2026-07-21T02:23:45.611456+00:00,3817.0,38.0,98.92,33.0,1703.79296875,80.92929532006383
2026-07-21T02:23:45.933166+00:00,3817.0,37.0,99.02,33.0,1703.8125,81.2510048262775
2026-07-21T02:23:46.256980+00:00,3817.0,39.0,99.04,33.0,1703.8125,81.57481901720166
2026-07-21T02:23:46.579886+00:00,3817.0,39.0,99.12,33.0,1703.81640625,81.89772484079003
2026-07-21T02:23:46.929924+00:00,3817.0,38.0,99.08,33.0,1703.8203125,82.24776248633862
2026-07-21T02:23:47.208255+00:00,3817.0,39.0,99.09,33.0,1703.83203125,82.52609387412667
2026-07-21T02:23:47.532571+00:00,3817.0,37.0,99.27,33.0,1703.83203125,82.85040952637792
2026-07-21T02:23:47.880564+00:00,3817.0,38.0,99.3,33.0,1703.84765625,83.19840267300606
2026-07-21T02:23:48.200134+00:00,3817.0,38.0,99.56,33.0,1703.84765625,83.51797349005938
2026-07-21T02:23:48.499946+00:00,3817.0,38.0,99.33,33.0,1703.86328125,83.81778546795249
2026-07-21T02:23:48.808202+00:00,3817.0,39.0,99.53,33.0,1703.86328125,84.12604125216603
2026-07-21T02:23:49.106787+00:00,3817.0,37.0,99.74,33.0,1703.8828125,84.4246262833476
2026-07-21T02:23:49.410617+00:00,3817.0,38.0,99.78,33.0,1704.0234375,84.72845536097884
2026-07-21T02:23:49.751010+00:00,3817.0,36.0,100.2,33.0,1704.03125,85.06884817406535
2026-07-21T02:23:50.072963+00:00,3817.0,38.0,99.85,33.0,1704.03125,85.39080188795924
2026-07-21T02:23:50.374597+00:00,3817.0,36.0,99.47,33.0,1704.03125,85.69243561848998
2026-07-21T02:23:50.701943+00:00,3817.0,36.0,98.71,33.0,1704.05078125,86.01978286728263
2026-07-21T02:23:51.003129+00:00,3817.0,38.0,98.79,33.0,1704.05078125,86.32096849381924
2026-07-21T02:23:51.309055+00:00,3817.0,36.0,98.96,33.0,1704.06640625,86.62689423561096
2026-07-21T02:23:51.654122+00:00,3817.0,37.0,99.04,33.0,1704.06640625,86.97195921838284
2026-07-21T02:23:51.959878+00:00,3817.0,39.0,99.22,33.0,1704.07421875,87.27771697938442
2026-07-21T02:23:52.302067+00:00,3817.0,38.0,99.13,33.0,1704.07421875,87.61990530788898
2026-07-21T02:23:52.607047+00:00,3817.0,38.0,98.99,33.0,1704.1015625,87.92488588020205
2026-07-21T02:23:52.929233+00:00,3817.0,38.0,98.53,33.0,1704.1015625,88.24707202613354
2026-07-21T02:23:53.280364+00:00,3817.0,38.0,98.88,33.0,1704.10546875,88.59820275008678
2026-07-21T02:23:53.622211+00:00,3817.0,32.0,99.25,33.0,1704.22265625,88.94004908204079
2026-07-21T02:23:53.974964+00:00,3817.0,35.0,99.22,33.0,1704.22265625,89.29280165582895
2026-07-21T02:23:54.301772+00:00,3817.0,38.0,98.81,33.0,1704.22265625,89.61960988491774
2026-07-21T02:23:54.627061+00:00,3817.0,37.0,98.25,33.0,1704.23046875,89.9449003636837
2026-07-21T02:23:54.973530+00:00,3817.0,37.0,98.65,33.0,1704.25,90.29136871919036
2026-07-21T02:23:55.276146+00:00,3817.0,39.0,99.08,33.0,1704.25,90.59398449212313
2026-07-21T02:23:55.597046+00:00,3817.0,37.0,99.3,33.0,1704.26953125,90.91488482803106
2026-07-21T02:23:55.923320+00:00,3817.0,37.0,99.93,33.0,1704.36328125,91.24115753918886
2026-07-21T02:23:56.274061+00:00,3817.0,37.0,99.65,33.0,1704.37109375,91.59189959615469
2026-07-21T02:23:56.601225+00:00,3817.0,38.0,99.37,33.0,1704.37109375,91.91906295344234
2026-07-21T02:23:56.898973+00:00,3817.0,38.0,98.75,33.0,1704.38671875,92.21681157872081
2026-07-21T02:23:57.223334+00:00,3817.0,38.0,98.41,33.0,1704.38671875,92.54117244109511
2026-07-21T02:23:57.569229+00:00,3817.0,38.0,97.72,33.0,1704.40625,92.88706759735942
2026-07-21T02:23:57.870435+00:00,3817.0,37.0,97.75,33.0,1704.40625,93.1882741227746
2026-07-21T02:23:58.217297+00:00,3817.0,36.0,98.03,33.0,1704.4140625,93.53513619676232
2026-07-21T02:23:58.518016+00:00,3817.0,38.0,98.85,33.0,1704.421875,93.83585473150015
2026-07-21T02:23:58.865314+00:00,3817.0,36.0,99.31,33.0,1704.5625,94.18315199762583
2026-07-21T02:23:59.185709+00:00,3817.0,37.0,98.93,33.0,1704.5703125,94.50354732945561
2026-07-21T02:23:59.529672+00:00,3817.0,38.0,98.63,33.0,1704.5703125,94.84751097857952
2026-07-21T02:23:59.831535+00:00,3817.0,37.0,98.67,33.0,1704.58984375,95.14937358722091
2026-07-21T02:24:00.118161+00:00,3817.0,38.0,98.21,33.0,1704.58984375,95.43599964678288
2026-07-21T02:24:00.437183+00:00,3817.0,37.0,98.53,33.0,1704.59765625,95.75502190366387
2026-07-21T02:24:00.741189+00:00,3817.0,37.0,98.6,33.0,1704.59765625,96.05902733281255
2026-07-21T02:24:01.022121+00:00,3817.0,37.0,98.8,33.0,1704.59765625,96.33996027708054
2026-07-21T02:24:01.369566+00:00,3817.0,39.0,99.33,33.0,1704.65625,96.68740412965417
2026-07-21T02:24:01.694249+00:00,3817.0,37.0,99.39,33.0,1704.6640625,97.01208855584264
2026-07-21T02:24:02.021051+00:00,3817.0,5.0,97.01,33.0,1704.66796875,97.33888961747289
2026-07-21T02:24:02.323438+00:00,3817.0,39.0,96.43,33.0,1704.66796875,97.64127668365836
2026-07-21T02:24:02.623557+00:00,3817.0,38.0,96.49,33.0,1704.66796875,97.9413961879909
2026-07-21T02:24:02.922765+00:00,3817.0,38.0,97.83,33.0,1704.66796875,98.24060416221619
2026-07-21T02:24:03.249251+00:00,3817.0,38.0,98.64,33.0,1704.66796875,98.56708990037441
2026-07-21T02:24:03.574173+00:00,3817.0,23.0,98.32,33.0,1704.66796875,98.89201148971915
2026-07-21T02:24:03.880045+00:00,3817.0,37.0,98.06,33.0,1704.74609375,99.19787571579218
2026-07-21T02:24:04.176995+00:00,3817.0,37.0,98.27,33.0,1704.74609375,99.49483439698815
2026-07-21T02:24:04.478939+00:00,3817.0,38.0,98.4,33.0,1704.74609375,99.79677823930979
2026-07-21T02:24:04.806590+00:00,3817.0,37.0,99.35,33.0,1704.74609375,100.12442781031132
2026-07-21T02:24:05.133083+00:00,3817.0,37.0,99.33,33.0,1704.74609375,100.45092172920704
2026-07-21T02:24:05.414689+00:00,3817.0,38.0,99.29,33.0,1704.74609375,100.73252765461802
2026-07-21T02:24:05.719736+00:00,3817.0,34.0,98.74,33.0,1704.74609375,101.03756676986814
2026-07-21T02:24:06.069322+00:00,3817.0,36.0,98.75,33.0,1704.74609375,101.38716027140617
2026-07-21T02:24:06.417518+00:00,3817.0,37.0,98.68,33.0,1704.74609375,101.73535637557507
2026-07-21T02:24:06.769469+00:00,3817.0,37.0,99.28,33.0,1704.74609375,102.08730668574572
2026-07-21T02:24:07.071950+00:00,3817.0,37.0,99.03,33.0,1704.74609375,102.38978897035122
2026-07-21T02:24:07.398728+00:00,3817.0,37.0,99.43,33.0,1704.74609375,102.71656038612127
2026-07-21T02:24:07.681360+00:00,3817.0,36.0,99.18,33.0,1704.74609375,102.99919866025448
2026-07-21T02:24:08.030588+00:00,3817.0,36.0,98.85,33.0,1704.74609375,103.34842709079385
2026-07-21T02:24:08.335967+00:00,3817.0,38.0,98.07,33.0,1704.74609375,103.65380593761802
2026-07-21T02:24:08.683336+00:00,3817.0,37.0,98.12,33.0,1704.74609375,104.00117388740182
2026-07-21T02:24:08.982632+00:00,3817.0,36.0,98.17,33.0,1704.74609375,104.3004699498415
2026-07-21T02:24:09.327107+00:00,3817.0,37.0,98.1,33.0,1704.74609375,104.6449457257986
2026-07-21T02:24:09.634505+00:00,3817.0,37.0,98.2,33.0,1704.74609375,104.95234298333526
2026-07-21T02:24:09.939208+00:00,3817.0,38.0,98.38,33.0,1704.74609375,105.25704611465335
2026-07-21T02:24:10.243473+00:00,3817.0,35.0,98.56,33.0,1704.74609375,105.56131174042821
2026-07-21T02:24:10.569546+00:00,3817.0,37.0,99.22,33.0,1704.74609375,105.88738381490111
2026-07-21T02:24:10.885219+00:00,3817.0,37.0,99.58,33.0,1704.74609375,106.20305673032999
2026-07-21T02:24:11.209169+00:00,3817.0,38.0,99.55,33.0,1704.74609375,106.52700755745173
2026-07-21T02:24:11.533105+00:00,3817.0,38.0,99.4,33.0,1704.74609375,106.85094424709678
2026-07-21T02:24:11.831034+00:00,3817.0,38.0,98.62,33.0,1704.74609375,107.14887299388647
2026-07-21T02:24:12.154697+00:00,3817.0,37.0,98.5,33.0,1704.74609375,107.47253626585007
2026-07-21T02:24:12.477739+00:00,3817.0,37.0,98.32,33.0,1704.74609375,107.79557777568698
2026-07-21T02:24:12.779098+00:00,3817.0,37.0,99.08,33.0,1704.74609375,108.0969358459115
2026-07-21T02:24:13.079815+00:00,3817.0,38.0,99.48,33.0,1704.74609375,108.39765359088778
2026-07-21T02:24:13.428075+00:00,3817.0,37.0,99.72,33.0,1704.74609375,108.74591405689716
2026-07-21T02:24:13.749142+00:00,3817.0,38.0,98.95,33.0,1704.74609375,109.0669813901186
2026-07-21T02:24:14.065144+00:00,3817.0,38.0,98.86,33.0,1704.74609375,109.38298241049051
2026-07-21T02:24:14.386428+00:00,3817.0,36.0,99.37,33.0,1704.74609375,109.70426563173532
2026-07-21T02:24:14.691708+00:00,3817.0,37.0,99.16,33.0,1704.74609375,110.00954671576619
2026-07-21T02:24:15.017703+00:00,3817.0,38.0,99.34,33.0,1704.74609375,110.33554239943624
2026-07-21T02:24:15.341499+00:00,3817.0,38.0,98.55,33.0,1704.74609375,110.6593370065093
2026-07-21T02:24:15.642984+00:00,3817.0,38.0,99.0,33.0,1704.74609375,110.96082289144397
2026-07-21T02:24:15.969406+00:00,3817.0,37.0,98.93,33.0,1704.74609375,111.28724350780249
2026-07-21T02:24:16.271169+00:00,3817.0,38.0,98.9,33.0,1704.74609375,111.58900831639767
2026-07-21T02:24:16.622401+00:00,3817.0,36.0,99.02,33.0,1704.74609375,111.94023787975311
2026-07-21T02:24:16.946351+00:00,3817.0,37.0,98.88,33.0,1704.74609375,112.26419000327587
2026-07-21T02:24:17.247149+00:00,3817.0,37.0,98.97,33.0,1704.74609375,112.56498766690493
2026-07-21T02:24:17.573295+00:00,3817.0,37.0,98.74,33.0,1704.74609375,112.89113380014896
2026-07-21T02:24:17.875666+00:00,3817.0,38.0,98.79,33.0,1704.74609375,113.19350502640009
2026-07-21T02:24:18.222207+00:00,3817.0,37.0,98.73,33.0,1704.74609375,113.54004491493106
2026-07-21T02:24:18.570042+00:00,3817.0,37.0,98.37,33.0,1704.74609375,113.88788048177958
2026-07-21T02:24:18.894136+00:00,3817.0,38.0,98.32,33.0,1704.74609375,114.21197551116347
2026-07-21T02:24:19.195190+00:00,3817.0,37.0,98.33,33.0,1704.74609375,114.51302887871861
2026-07-21T02:24:19.538024+00:00,3817.0,37.0,98.38,33.0,1704.74609375,114.85586252808571
2026-07-21T02:24:19.819139+00:00,3817.0,38.0,98.36,33.0,1704.74609375,115.13697851449251
2026-07-21T02:24:20.149555+00:00,3817.0,38.0,99.21,33.0,1704.74609375,115.46739253029227
2026-07-21T02:24:20.446846+00:00,3817.0,38.0,99.58,33.0,1704.74609375,115.76468520611525
2026-07-21T02:24:20.749570+00:00,3817.0,37.0,99.58,33.0,1704.74609375,116.06740871816874
2026-07-21T02:24:21.093306+00:00,3817.0,37.0,98.76,33.0,1704.74609375,116.41114506497979
2026-07-21T02:24:21.394975+00:00,3817.0,37.0,98.58,33.0,1704.74609375,116.71281327307224
2026-07-21T02:24:21.701103+00:00,3817.0,38.0,98.45,33.0,1704.74609375,117.0189414061606
2026-07-21T02:24:22.030260+00:00,3817.0,37.0,98.39,33.0,1704.74609375,117.34809817746282
2026-07-21T02:24:22.358260+00:00,3817.0,38.0,98.71,33.0,1704.75,117.67609814926982
2026-07-21T02:24:22.705416+00:00,3817.0,38.0,98.58,33.0,1704.75,118.02325429394841
2026-07-21T02:24:23.057388+00:00,3817.0,37.0,98.68,33.0,1704.75,118.37522649765015
2026-07-21T02:24:23.359941+00:00,3817.0,36.0,98.18,33.0,1704.75,118.67778009176254
2026-07-21T02:24:23.668966+00:00,3817.0,37.0,98.72,33.0,1704.75,118.98680420592427
2026-07-21T02:24:23.990120+00:00,3817.0,37.0,98.56,33.0,1704.75,119.30795900151134
2026-07-21T02:24:24.296550+00:00,3817.0,36.0,98.67,33.0,1704.75,119.61438921838999
2026-07-21T02:24:24.641501+00:00,3817.0,37.0,97.96,33.0,1704.75,119.95933981239796
2026-07-21T02:24:24.989391+00:00,3817.0,38.0,98.08,33.0,1704.75,120.30722975358367
2026-07-21T02:24:25.292115+00:00,3817.0,38.0,98.4,33.0,1704.75390625,120.6099524796009
2026-07-21T02:24:25.599734+00:00,3817.0,37.0,98.33,33.0,1704.75390625,120.91757263615727
2026-07-21T02:24:25.907794+00:00,3817.0,38.0,98.56,33.0,1704.75390625,121.22563261911273
2026-07-21T02:24:26.254154+00:00,3817.0,35.0,98.3,33.0,1704.75390625,121.57199280336499
2026-07-21T02:24:26.605994+00:00,3817.0,34.0,98.51,33.0,1704.75390625,121.92383076623082
2026-07-21T02:24:26.933592+00:00,3817.0,37.0,98.51,33.0,1704.75390625,122.25143077224493
2026-07-21T02:24:27.285105+00:00,3817.0,37.0,98.18,33.0,1704.7578125,122.60294199362397
2026-07-21T02:24:27.634446+00:00,3817.0,37.0,97.89,33.0,1704.7578125,122.95228499546647
2026-07-21T02:24:27.981465+00:00,3817.0,38.0,98.07,33.0,1704.7578125,123.2993033118546
2026-07-21T02:24:28.284489+00:00,3817.0,37.0,98.0,33.0,1704.7578125,123.60232695937157
2026-07-21T02:24:28.586880+00:00,3817.0,37.0,98.51,33.0,1704.7578125,123.9047183021903
2026-07-21T02:24:28.911909+00:00,3817.0,35.0,99.02,33.0,1704.76171875,124.22973683476448
2026-07-21T02:24:29.192448+00:00,3817.0,38.0,99.23,33.0,1704.76171875,124.51028668135405
2026-07-21T02:24:29.513309+00:00,3817.0,36.0,98.9,33.0,1704.76171875,124.83114701509476
2026-07-21T02:24:29.837711+00:00,3817.0,38.0,98.7,33.0,1704.76171875,125.15555030107498
2026-07-21T02:24:30.140137+00:00,3817.0,37.0,98.37,33.0,1704.76171875,125.4579755552113
2026-07-21T02:24:30.468130+00:00,3817.0,37.0,98.57,33.0,1704.76171875,125.78596871346235
2026-07-21T02:24:30.770752+00:00,3817.0,37.0,98.48,33.0,1704.76953125,126.08858985081315
2026-07-21T02:24:31.117028+00:00,3817.0,38.0,98.49,33.0,1704.77734375,126.43486633896828
2026-07-21T02:24:31.437916+00:00,3817.0,37.0,98.46,33.0,1704.77734375,126.75575409084558
2026-07-21T02:24:31.785410+00:00,3817.0,37.0,98.8,33.0,1704.78125,127.1032492518425
2026-07-21T02:24:32.110135+00:00,3817.0,37.0,98.68,33.0,1704.78125,127.42797347530723
2026-07-21T02:24:32.411634+00:00,3817.0,38.0,98.94,33.0,1704.85546875,127.7294671498239
2026-07-21T02:24:32.737313+00:00,3817.0,38.0,98.77,33.0,1704.85546875,128.05515202879906
2026-07-21T02:24:33.062632+00:00,3817.0,38.0,98.54,33.0,1704.85546875,128.38047100231051
2026-07-21T02:24:33.389393+00:00,3817.0,37.0,98.54,33.0,1704.85546875,128.7072319276631
2026-07-21T02:24:33.713278+00:00,3817.0,38.0,98.49,33.0,1704.85546875,129.03111640363932
2026-07-21T02:24:34.035185+00:00,3817.0,35.0,98.8,33.0,1704.859375,129.35301615297794
2026-07-21T02:24:34.381874+00:00,3817.0,37.0,98.66,33.0,1704.859375,129.69971266388893
2026-07-21T02:24:34.705611+00:00,3817.0,38.0,98.77,33.0,1704.859375,130.02344885841012
2026-07-21T02:24:35.002823+00:00,3817.0,36.0,98.47,33.0,1704.859375,130.32066129148006
2026-07-21T02:24:35.329344+00:00,3817.0,37.0,98.53,33.0,1704.859375,130.6471836604178
2026-07-21T02:24:35.626922+00:00,3817.0,38.0,98.65,33.0,1704.9609375,130.94476065784693
2026-07-21T02:24:35.934838+00:00,3817.0,38.0,98.79,33.0,1704.9609375,131.25267756730318
2026-07-21T02:24:36.237908+00:00,3817.0,37.0,98.58,33.0,1704.9609375,131.5557468533516
2026-07-21T02:24:36.557992+00:00,3817.0,38.0,98.66,33.0,1704.9609375,131.8758316077292
2026-07-21T02:24:36.878533+00:00,3817.0,38.0,98.79,33.0,1704.9609375,132.19637141004205
2026-07-21T02:24:37.161223+00:00,3817.0,36.0,99.01,33.0,1704.9765625,132.47906059771776
2026-07-21T02:24:37.467672+00:00,3817.0,37.0,98.82,33.0,1704.9765625,132.78551068529487
2026-07-21T02:24:37.767176+00:00,3817.0,37.0,98.9,33.0,1704.9765625,133.08501522615552
2026-07-21T02:24:38.048494+00:00,3817.0,38.0,98.45,33.0,1704.9765625,133.3663327768445
2026-07-21T02:24:38.400560+00:00,3817.0,38.0,98.39,33.0,1704.9765625,133.71839857846498
2026-07-21T02:24:38.717467+00:00,3817.0,37.0,98.22,33.0,1705.265625,134.03530482575297
2026-07-21T02:24:39.021655+00:00,3817.0,37.0,98.55,33.0,1705.265625,134.3394938223064
2026-07-21T02:24:39.347857+00:00,3817.0,37.0,98.64,33.0,1705.265625,134.66569539159536
2026-07-21T02:24:39.676838+00:00,3817.0,38.0,98.67,33.0,1705.265625,134.9946762174368
2026-07-21T02:24:39.998781+00:00,3817.0,37.0,98.44,33.0,1705.265625,135.31662093102932
2026-07-21T02:24:40.323365+00:00,3817.0,36.0,98.49,33.0,1705.265625,135.64120360836387
2026-07-21T02:24:40.605192+00:00,3817.0,35.0,98.39,33.0,1705.265625,135.92303036153316
2026-07-21T02:24:40.937113+00:00,3817.0,37.0,98.66,33.0,1705.265625,136.25494887679815
2026-07-21T02:24:41.265619+00:00,3817.0,36.0,99.06,33.0,1705.37890625,136.58345741778612
2026-07-21T02:24:41.605900+00:00,3817.0,38.0,98.89,33.0,1705.37890625,136.92373924702406
2026-07-21T02:24:41.926208+00:00,3817.0,37.0,98.67,33.0,1705.37890625,137.24404751509428
2026-07-21T02:24:42.253565+00:00,3817.0,37.0,98.31,33.0,1705.37890625,137.57140331342816
2026-07-21T02:24:42.584482+00:00,3817.0,35.0,98.16,33.0,1705.37890625,137.90232080221176
2026-07-21T02:24:42.933078+00:00,3817.0,38.0,98.47,33.0,1705.37890625,138.25091614201665
2026-07-21T02:24:43.281225+00:00,3817.0,36.0,98.41,33.0,1705.37890625,138.59906358644366
2026-07-21T02:24:43.606203+00:00,3817.0,38.0,98.44,33.0,1705.37890625,138.92404137924314
2026-07-21T02:24:43.888996+00:00,3817.0,38.0,98.89,33.0,1705.44140625,139.2068339176476
2026-07-21T02:24:44.170749+00:00,3817.0,36.0,98.9,33.0,1705.44140625,139.4885882101953
2026-07-21T02:24:44.475428+00:00,3817.0,38.0,98.83,33.0,1705.44140625,139.7932671047747
2026-07-21T02:24:44.821021+00:00,3817.0,37.0,98.32,33.0,1705.44140625,140.13885958492756
2026-07-21T02:24:45.143624+00:00,3817.0,24.0,97.36,33.0,1705.44140625,140.46146328002214
2026-07-21T02:24:45.443328+00:00,3817.0,37.0,97.26,33.0,1705.44140625,140.76116665825248
2026-07-21T02:24:45.746971+00:00,3817.0,38.0,97.4,33.0,1705.44140625,141.06480917334557
2026-07-21T02:24:46.069600+00:00,3817.0,35.0,98.46,33.0,1705.52734375,141.3874384276569
2026-07-21T02:24:46.372203+00:00,3817.0,38.0,99.2,33.0,1705.52734375,141.69004144147038
2026-07-21T02:24:46.697741+00:00,3817.0,36.0,99.0,33.0,1705.52734375,142.01557982340455
2026-07-21T02:24:47.021576+00:00,3817.0,37.0,99.04,33.0,1705.52734375,142.33941542357206
2026-07-21T02:24:47.369758+00:00,3817.0,36.0,98.46,33.0,1705.52734375,142.68759636580944
2026-07-21T02:24:47.675116+00:00,3817.0,38.0,98.62,33.0,1705.52734375,142.99295435100794
2026-07-21T02:24:47.978497+00:00,3817.0,37.0,99.18,33.0,1705.52734375,143.29633560404181
2026-07-21T02:24:48.283078+00:00,3817.0,36.0,99.19,33.0,1705.52734375,143.6009167395532
2026-07-21T02:24:48.605675+00:00,3817.0,38.0,98.98,33.0,1705.52734375,143.9235143698752
2026-07-21T02:24:48.954083+00:00,3817.0,35.0,98.68,33.0,1705.52734375,144.27192210778594
2026-07-21T02:24:49.281749+00:00,3817.0,36.0,98.49,33.0,1705.52734375,144.5995874516666
2026-07-21T02:24:49.629415+00:00,3817.0,37.0,98.69,33.0,1705.52734375,144.9472536817193
2026-07-21T02:24:49.928832+00:00,3817.0,36.0,98.69,33.0,1705.52734375,145.2466703876853
2026-07-21T02:24:50.230721+00:00,3817.0,38.0,98.91,33.0,1705.52734375,145.54855830594897
2026-07-21T02:24:50.532155+00:00,3817.0,36.0,98.98,33.0,1705.52734375,145.84999302774668
2026-07-21T02:24:50.837106+00:00,3817.0,37.0,98.47,33.0,1705.69140625,146.1549432873726
2026-07-21T02:24:51.154800+00:00,3817.0,37.0,98.71,33.0,1705.69140625,146.4726392813027
2026-07-21T02:24:51.459609+00:00,3817.0,37.0,98.76,33.0,1705.69140625,146.77744822576642
2026-07-21T02:24:51.814572+00:00,3817.0,37.0,99.06,33.0,1705.69140625,147.13241066038609
2026-07-21T02:24:52.165944+00:00,3817.0,38.0,98.83,33.0,1705.69140625,147.48378294706345
2026-07-21T02:24:52.517355+00:00,3817.0,38.0,98.94,33.0,1705.69140625,147.83519266545773
2026-07-21T02:24:52.832158+00:00,3817.0,37.0,98.96,33.0,1705.69140625,148.14999585971236
2026-07-21T02:24:53.136195+00:00,3817.0,37.0,98.96,33.0,1705.69140625,148.4540334455669
2026-07-21T02:24:53.462130+00:00,3817.0,35.0,98.43,33.0,1705.69140625,148.77996893972158
2026-07-21T02:24:53.789085+00:00,3817.0,38.0,98.57,33.0,1705.6953125,149.1069231927395
2026-07-21T02:24:54.109150+00:00,3817.0,35.0,98.44,33.0,1705.6953125,149.42698815092444
2026-07-21T02:24:54.453647+00:00,3817.0,37.0,98.71,33.0,1705.6953125,149.77148561924696
2026-07-21T02:24:54.782079+00:00,3817.0,36.0,98.62,33.0,1705.6953125,150.09991696104407
2026-07-21T02:24:55.099323+00:00,3817.0,38.0,99.58,33.0,1706.06640625,150.41716080904007
2026-07-21T02:24:55.442209+00:00,3817.0,35.0,99.13,33.0,1706.06640625,150.76004603505135
2026-07-21T02:24:55.790153+00:00,3817.0,37.0,99.09,33.0,1706.0703125,151.1079915612936
2026-07-21T02:24:56.094137+00:00,3817.0,37.0,98.05,33.0,1706.0703125,151.41197449713945
2026-07-21T02:24:56.445427+00:00,3817.0,36.0,98.3,33.0,1706.0703125,151.76326088234782
2026-07-21T02:24:56.776034+00:00,3817.0,36.0,98.4,33.0,1706.0703125,152.09387223795056
2026-07-21T02:24:57.074827+00:00,3817.0,35.0,98.49,33.0,1706.0703125,152.39266373589635
2026-07-21T02:24:57.430247+00:00,3817.0,37.0,98.46,33.0,1706.0703125,152.74808382615447
2026-07-21T02:24:57.779429+00:00,3817.0,36.0,98.39,33.0,1706.0703125,153.09726643934846
2026-07-21T02:24:58.082047+00:00,3817.0,38.0,98.59,33.0,1706.0703125,153.3998843729496
2026-07-21T02:24:58.408405+00:00,3817.0,36.0,98.76,33.0,1706.0703125,153.72624166682363
2026-07-21T02:24:58.728101+00:00,3817.0,36.0,99.75,33.0,1706.21875,154.04593763127923
2026-07-21T02:24:59.036937+00:00,3817.0,37.0,99.57,33.0,1706.21875,154.35475922748446
2026-07-21T02:24:59.342098+00:00,3817.0,35.0,99.44,33.0,1706.21875,154.65993613749743
2026-07-21T02:24:59.669332+00:00,3817.0,37.0,98.04,33.0,1706.21875,154.9871688708663
2026-07-21T02:24:59.972046+00:00,3817.0,37.0,98.04,33.0,1706.21875,155.2898829355836
2026-07-21T02:25:00.292738+00:00,3817.0,38.0,98.27,33.0,1706.21875,155.61057634279132
2026-07-21T02:25:00.595590+00:00,3817.0,37.0,98.67,33.0,1706.21875,155.91342831403017
2026-07-21T02:25:00.925697+00:00,3817.0,37.0,98.68,33.0,1706.21875,156.24353520199656
2026-07-21T02:25:01.247136+00:00,3817.0,38.0,98.78,33.0,1706.21875,156.56497349590063
2026-07-21T02:25:01.569795+00:00,3817.0,38.0,98.8,33.0,1706.21875,156.88763293996453
2026-07-21T02:25:01.918020+00:00,3817.0,36.0,98.66,33.0,1706.21875,157.23585653677583
2026-07-21T02:25:02.249013+00:00,3817.0,29.0,97.41,33.0,1706.21875,157.56685062497854
2026-07-21T02:25:02.554069+00:00,3817.0,37.0,97.61,33.0,1706.22265625,157.87190717831254
2026-07-21T02:25:02.860313+00:00,3817.0,35.0,97.34,33.0,1706.22265625,158.1781504675746
2026-07-21T02:25:03.141636+00:00,3817.0,37.0,98.51,33.0,1706.22265625,158.45947401225567
2026-07-21T02:25:03.446068+00:00,3817.0,39.0,98.87,33.0,1706.22265625,158.76390524953604
2026-07-21T02:25:03.799563+00:00,3817.0,38.0,99.44,33.0,1706.2265625,159.11740044876933
2026-07-21T02:25:04.136169+00:00,3817.0,37.0,99.68,33.0,1706.2265625,159.45399679243565
2026-07-21T02:25:04.478079+00:00,3817.0,37.0,99.57,33.0,1706.2265625,159.79591599851847
2026-07-21T02:25:04.830669+00:00,3817.0,37.0,99.41,33.0,1706.2265625,160.14850622788072
2026-07-21T02:25:05.152060+00:00,3817.0,37.0,99.43,33.0,1706.2265625,160.46989732980728
2026-07-21T02:25:05.496695+00:00,3819.0,35.0,99.94,33.0,1706.375,160.8145320340991
2026-07-21T02:25:05.816985+00:00,3819.0,37.0,99.62,33.0,1706.375,161.13482335209846
2026-07-21T02:25:06.172341+00:00,3819.0,36.0,99.43,33.0,1706.375,161.49016354978085
2026-07-21T02:25:06.478223+00:00,3819.0,37.0,98.72,33.0,1706.375,161.79605899378657
2026-07-21T02:25:06.803642+00:00,3819.0,37.0,98.79,33.0,1706.375,162.12147875130177
2026-07-21T02:25:07.106050+00:00,3819.0,36.0,98.87,33.0,1706.375,162.42388765141368
2026-07-21T02:25:07.457211+00:00,3819.0,38.0,98.77,33.0,1706.375,162.77504877001047
2026-07-21T02:25:07.812360+00:00,3819.0,36.0,98.64,33.0,1706.375,163.13019736111164
2026-07-21T02:25:08.132442+00:00,3819.0,35.0,99.12,33.0,1706.44921875,163.45027808472514
2026-07-21T02:25:08.456801+00:00,3819.0,36.0,99.17,33.0,1706.44921875,163.774637658149
2026-07-21T02:25:08.737436+00:00,3819.0,37.0,99.08,33.0,1706.44921875,164.05527390912175
2026-07-21T02:25:09.079463+00:00,3819.0,37.0,98.53,33.0,1706.44921875,164.39730066806078
2026-07-21T02:25:09.383965+00:00,3819.0,38.0,98.51,33.0,1706.44921875,164.70180270075798
2026-07-21T02:25:09.693589+00:00,3819.0,37.0,98.83,33.0,1706.44921875,165.01142659038305
2026-07-21T02:25:10.016121+00:00,3819.0,37.0,98.73,33.0,1706.44921875,165.33395884931087
2026-07-21T02:25:10.340590+00:00,3819.0,38.0,98.48,33.0,1706.44921875,165.65842761471868
2026-07-21T02:25:10.682773+00:00,3819.0,38.0,98.47,33.0,1706.44921875,166.00061102211475
2026-07-21T02:25:11.015096+00:00,3819.0,37.0,98.84,33.0,1706.44921875,166.33293326571584
2026-07-21T02:25:11.340596+00:00,3819.0,37.0,99.07,33.0,1706.44921875,166.6584338992834
2026-07-21T02:25:11.688114+00:00,3819.0,37.0,99.14,33.0,1706.44921875,167.00595162808895
2026-07-21T02:25:11.990088+00:00,3819.0,38.0,99.04,33.0,1706.44921875,167.30792558565736
2026-07-21T02:25:12.316386+00:00,3819.0,37.0,99.14,33.0,1706.44921875,167.63422460108995
2026-07-21T02:25:12.664660+00:00,3819.0,37.0,99.2,33.0,1706.44921875,167.98249496519566
2026-07-21T02:25:12.965440+00:00,3819.0,37.0,99.17,33.0,1706.44921875,168.28327771276236
2026-07-21T02:25:13.269740+00:00,3819.0,38.0,99.2,33.0,1706.44921875,168.58757708966732
2026-07-21T02:25:13.620161+00:00,3819.0,38.0,99.23,33.0,1706.44921875,168.93799863383174
2026-07-21T02:25:13.943315+00:00,3819.0,34.0,99.76,33.0,1706.59765625,169.26115077733994
2026-07-21T02:25:14.245169+00:00,3819.0,38.0,99.49,33.0,1706.59765625,169.56300653517246
2026-07-21T02:25:14.548489+00:00,3819.0,37.0,99.37,33.0,1706.59765625,169.8663269802928
2026-07-21T02:25:14.892822+00:00,3819.0,37.0,98.49,33.0,1706.65234375,170.21065766736865
2026-07-21T02:25:15.241553+00:00,3819.0,37.0,99.19,33.0,1706.65234375,170.55938947945833
2026-07-21T02:25:15.560171+00:00,3819.0,36.0,98.87,33.0,1706.65234375,170.87800861895084
2026-07-21T02:25:15.884604+00:00,3819.0,37.0,98.89,33.0,1706.65234375,171.20244110003114
2026-07-21T02:25:16.185553+00:00,3819.0,36.0,98.55,33.0,1706.65234375,171.50339052081108
2026-07-21T02:25:16.531867+00:00,3819.0,37.0,98.64,33.0,1706.65234375,171.84970435127616
2026-07-21T02:25:16.861358+00:00,3819.0,38.0,98.7,33.0,1706.65234375,172.17919481918216
2026-07-21T02:25:17.188669+00:00,3819.0,37.0,98.6,33.0,1706.65234375,172.50650721043348
2026-07-21T02:25:17.535942+00:00,3819.0,38.0,99.36,33.0,1706.71484375,172.85377933830023
2026-07-21T02:25:17.839768+00:00,3819.0,37.0,99.29,33.0,1706.71484375,173.15760539472103
2026-07-21T02:25:18.191732+00:00,3819.0,37.0,99.35,33.0,1706.71484375,173.50956873223186
2026-07-21T02:25:18.540315+00:00,3819.0,37.0,98.57,33.0,1706.71484375,173.85815113037825
2026-07-21T02:25:18.859977+00:00,3819.0,37.0,98.54,33.0,1706.71484375,174.17781403288245
2026-07-21T02:25:19.170118+00:00,3819.0,36.0,98.2,33.0,1706.71484375,174.48795467242599
2026-07-21T02:25:19.472432+00:00,3819.0,35.0,98.68,33.0,1706.7734375,174.7902670390904
2026-07-21T02:25:19.777350+00:00,3819.0,36.0,98.62,33.0,1706.7734375,175.09518237784505
2026-07-21T02:25:20.074473+00:00,3819.0,36.0,98.48,33.0,1706.7734375,175.39230980724096
2026-07-21T02:25:20.416943+00:00,3819.0,37.0,97.97,33.0,1706.7734375,175.73478017747402
2026-07-21T02:25:20.718142+00:00,3819.0,35.0,98.11,33.0,1706.7734375,176.0359783768654
2026-07-21T02:25:21.021646+00:00,3819.0,38.0,98.22,33.0,1706.7734375,176.33948385715485
2026-07-21T02:25:21.322211+00:00,3819.0,37.0,98.97,33.0,1706.7734375,176.6400471292436
2026-07-21T02:25:21.651744+00:00,3819.0,36.0,99.13,33.0,1706.7734375,176.96958189085126
2026-07-21T02:25:21.995516+00:00,3819.0,34.0,98.89,33.0,1706.7734375,177.31335461884737
2026-07-21T02:25:22.344158+00:00,3819.0,35.0,98.07,33.0,1706.7734375,177.66199523210526
2026-07-21T02:25:22.668485+00:00,3819.0,32.0,98.08,33.0,1706.87109375,177.98632125928998
2026-07-21T02:25:22.969277+00:00,3819.0,38.0,98.63,33.0,1706.87109375,178.28711447492242
2026-07-21T02:25:23.319699+00:00,3819.0,38.0,98.75,33.0,1706.875,178.63753551989794
2026-07-21T02:25:23.660056+00:00,3819.0,37.0,98.88,33.0,1706.875,178.97789407894015
2026-07-21T02:25:23.961258+00:00,3819.0,38.0,98.43,33.0,1706.875,179.27909440919757
2026-07-21T02:25:24.283808+00:00,3819.0,37.0,98.46,33.0,1706.875,179.6016454808414
2026-07-21T02:25:24.608231+00:00,3819.0,38.0,98.29,33.0,1706.875,179.92606895044446
2026-07-21T02:25:24.905236+00:00,3819.0,37.0,98.4,33.0,1706.8828125,180.22307323291898
2026-07-21T02:25:25.256182+00:00,3819.0,38.0,98.5,33.0,1706.8828125,180.57401921600103
2026-07-21T02:25:25.604220+00:00,3819.0,38.0,98.89,33.0,1706.88671875,180.9220575541258
2026-07-21T02:25:25.927579+00:00,3819.0,37.0,99.02,33.0,1706.88671875,181.24541652947664
2026-07-21T02:25:26.253193+00:00,3819.0,38.0,99.22,33.0,1706.96484375,181.57102982327342
2026-07-21T02:25:26.557562+00:00,3819.0,37.0,99.0,33.0,1706.96484375,181.87540033832192
2026-07-21T02:25:26.883388+00:00,3819.0,37.0,98.84,33.0,1706.98046875,182.20122531428933
2026-07-21T02:25:27.232042+00:00,3819.0,37.0,98.4,33.0,1706.98046875,182.54988051950932
2026-07-21T02:25:27.533730+00:00,3819.0,38.0,98.41,33.0,1706.98828125,182.85156878083944
2026-07-21T02:25:27.882633+00:00,3819.0,37.0,98.36,33.0,1706.98828125,183.20046958327293
2026-07-21T02:25:28.208315+00:00,3819.0,37.0,98.58,33.0,1706.99609375,183.52615198493004
2026-07-21T02:25:28.512586+00:00,3819.0,37.0,98.76,33.0,1706.99609375,183.83042350411415
2026-07-21T02:25:28.821568+00:00,3819.0,37.0,98.84,33.0,1707.0,184.13940651342273
2026-07-21T02:25:29.143333+00:00,3819.0,37.0,99.04,33.0,1707.00390625,184.461170155555
2026-07-21T02:25:29.468255+00:00,3819.0,36.0,98.87,33.0,1707.00390625,184.7860921882093
2026-07-21T02:25:29.771390+00:00,3819.0,37.0,98.88,33.0,1707.01171875,185.08922728151083
2026-07-21T02:25:30.077669+00:00,3819.0,36.0,98.79,33.0,1707.01171875,185.39550647512078
2026-07-21T02:25:30.403707+00:00,3819.0,37.0,98.68,33.0,1707.01953125,185.72154496237636
2026-07-21T02:25:30.710278+00:00,3819.0,38.0,98.76,33.0,1707.01953125,186.028115414083
2026-07-21T02:25:31.015417+00:00,3819.0,38.0,99.08,33.0,1707.04296875,186.33325532078743
2026-07-21T02:25:31.320394+00:00,3819.0,37.0,99.14,33.0,1707.21484375,186.6382305957377
2026-07-21T02:25:31.621449+00:00,3819.0,38.0,98.83,33.0,1707.21875,186.9392863921821
2026-07-21T02:25:31.948120+00:00,3819.0,37.0,98.26,33.0,1707.21875,187.2659579142928
2026-07-21T02:25:32.272003+00:00,3819.0,37.0,97.92,33.0,1707.22265625,187.58983148261905
2026-07-21T02:25:32.619567+00:00,3819.0,38.0,97.84,33.0,1707.26171875,187.93740414828062
2026-07-21T02:25:32.930022+00:00,3819.0,37.0,98.13,33.0,1707.26171875,188.2478583343327
2026-07-21T02:25:33.256747+00:00,3819.0,37.0,98.2,33.0,1707.26953125,188.5745852664113
2026-07-21T02:25:33.538559+00:00,3819.0,37.0,98.35,33.0,1707.26953125,188.85639695450664
2026-07-21T02:25:33.863868+00:00,3819.0,37.0,98.27,33.0,1707.29296875,189.18170585855842
2026-07-21T02:25:34.194287+00:00,3819.0,37.0,98.34,33.0,1707.29296875,189.51212349161506
2026-07-21T02:25:34.520405+00:00,3819.0,37.0,98.44,33.0,1707.29296875,189.83824207633734
2026-07-21T02:25:34.843487+00:00,3819.0,38.0,98.42,33.0,1707.3046875,190.16132491454482
2026-07-21T02:25:35.180336+00:00,3819.0,25.0,97.66,33.0,1707.3046875,190.4981736280024
2026-07-21T02:25:35.528309+00:00,3819.0,36.0,97.96,33.0,1707.46484375,190.84609884768724
2026-07-21T02:25:35.829325+00:00,3819.0,38.0,97.87,33.0,1707.46484375,191.14716325700283
2026-07-21T02:25:36.136689+00:00,3819.0,37.0,98.35,33.0,1707.47265625,191.45452558621764
2026-07-21T02:25:36.418659+00:00,3819.0,37.0,97.92,33.0,1707.47265625,191.73649611324072
2026-07-21T02:25:36.744790+00:00,3819.0,37.0,97.84,33.0,1707.484375,192.06259825080633
2026-07-21T02:25:37.073381+00:00,3819.0,37.0,97.82,33.0,1707.484375,192.39121763408184
2026-07-21T02:25:37.424395+00:00,3819.0,37.0,97.78,33.0,1707.50390625,192.74223222583532
2026-07-21T02:25:37.747570+00:00,3819.0,38.0,97.93,33.0,1707.50390625,193.06540871411562
2026-07-21T02:25:38.052525+00:00,3819.0,37.0,98.14,33.0,1707.50390625,193.3703633248806
2026-07-21T02:25:38.377133+00:00,3819.0,37.0,98.31,33.0,1707.51171875,193.69497187063098
2026-07-21T02:25:38.704017+00:00,3819.0,36.0,98.46,33.0,1707.51171875,194.02185589075089
2026-07-21T02:25:39.028146+00:00,3819.0,37.0,98.6,33.0,1707.609375,194.3459820188582
2026-07-21T02:25:39.330021+00:00,3819.0,36.0,98.61,33.0,1707.62109375,194.6478591002524
2026-07-21T02:25:39.633615+00:00,3819.0,36.0,98.4,33.0,1707.65234375,194.95145369693637
2026-07-21T02:25:39.937092+00:00,3819.0,37.0,97.72,33.0,1707.65234375,195.2549295388162
2026-07-21T02:25:40.264359+00:00,3819.0,36.0,97.73,33.0,1707.65234375,195.58219785243273
2026-07-21T02:25:40.561758+00:00,3819.0,37.0,98.06,33.0,1707.6640625,195.87959617003798
2026-07-21T02:25:40.862014+00:00,3819.0,36.0,98.32,33.0,1707.6640625,196.17983329296112
2026-07-21T02:25:41.209602+00:00,3819.0,37.0,98.56,33.0,1707.6640625,196.5274398960173
2026-07-21T02:25:41.536123+00:00,3819.0,37.0,98.65,33.0,1707.6640625,196.85396115854383
2026-07-21T02:25:41.819198+00:00,3819.0,38.0,98.65,33.0,1707.68359375,197.1370362751186
2026-07-21T02:25:42.143653+00:00,3819.0,37.0,98.74,33.0,1707.68359375,197.4614913314581
2026-07-21T02:25:42.445979+00:00,3819.0,37.0,98.45,33.0,1707.69921875,197.76381739974022
2026-07-21T02:25:42.771392+00:00,3819.0,36.0,98.36,33.0,1707.69921875,198.08923018723726
2026-07-21T02:25:43.072974+00:00,3819.0,38.0,98.41,33.0,1707.71484375,198.39081316813827
2026-07-21T02:25:43.423971+00:00,3819.0,27.0,98.75,33.0,1707.8828125,198.7418076954782
2026-07-21T02:25:43.767906+00:00,3819.0,38.0,98.95,33.0,1707.88671875,199.0857436582446
2026-07-21T02:25:44.112062+00:00,3819.0,25.0,96.58,33.0,1707.89453125,199.4299003481865
2026-07-21T02:25:44.436335+00:00,3819.0,38.0,96.09,33.0,1707.89453125,199.75417213141918
2026-07-21T02:25:44.736735+00:00,3819.0,37.0,95.93,33.0,1707.89453125,200.05457386747003
2026-07-21T02:25:45.045584+00:00,3819.0,38.0,98.43,33.0,1707.89453125,200.3634221367538
2026-07-21T02:25:45.368085+00:00,3819.0,38.0,98.49,33.0,1707.89453125,200.68592361733317
2026-07-21T02:25:45.688708+00:00,3819.0,38.0,98.73,33.0,1707.89453125,201.0065459869802
2026-07-21T02:25:45.992538+00:00,3819.0,38.0,98.74,33.0,1707.89453125,201.3103756569326
2026-07-21T02:25:46.288844+00:00,3819.0,38.0,99.17,33.0,1708.06640625,201.60668132826686
2026-07-21T02:25:46.593813+00:00,3819.0,38.0,99.17,33.0,1708.06640625,201.9116513468325
2026-07-21T02:25:46.896822+00:00,3819.0,37.0,99.24,33.0,1708.06640625,202.2146603129804
2026-07-21T02:25:47.240566+00:00,3819.0,38.0,98.83,33.0,1708.06640625,202.55840423330665
2026-07-21T02:25:47.587748+00:00,3819.0,37.0,98.52,33.0,1708.06640625,202.9055866189301
2026-07-21T02:25:47.891160+00:00,3819.0,37.0,98.72,33.0,1708.0859375,203.20899740606546
2026-07-21T02:25:48.192752+00:00,3819.0,37.0,98.67,33.0,1708.0859375,203.5105908587575
2026-07-21T02:25:48.493080+00:00,3819.0,37.0,98.82,33.0,1708.0859375,203.81091962754726
2026-07-21T02:25:48.822460+00:00,3819.0,38.0,98.62,33.0,1708.0859375,204.1402980275452
2026-07-21T02:25:49.147491+00:00,3819.0,37.0,98.62,33.0,1708.0859375,204.46533025056124
2026-07-21T02:25:49.491583+00:00,3819.0,37.0,98.69,33.0,1708.0859375,204.80942207947373
2026-07-21T02:25:49.794803+00:00,3819.0,38.0,98.46,33.0,1708.0859375,205.11264220252633
2026-07-21T02:25:50.118197+00:00,3819.0,37.0,98.55,33.0,1708.0859375,205.43603556603193
2026-07-21T02:25:50.441347+00:00,3819.0,38.0,98.44,33.0,1708.0859375,205.75918560102582
2026-07-21T02:25:50.741164+00:00,3819.0,37.0,98.95,33.0,1708.109375,206.05900102481246
2026-07-21T02:25:51.039990+00:00,3819.0,38.0,98.88,33.0,1708.109375,206.35782900080085
2026-07-21T02:25:51.385237+00:00,3819.0,37.0,98.97,33.0,1708.109375,206.70307526737452
2026-07-21T02:25:51.715354+00:00,3819.0,37.0,98.71,33.0,1708.109375,207.03319177031517
2026-07-21T02:25:52.048075+00:00,3819.0,37.0,98.43,33.0,1708.109375,207.36591289192438
2026-07-21T02:25:52.373704+00:00,3819.0,37.0,98.13,33.0,1708.109375,207.691542532295
2026-07-21T02:25:52.680645+00:00,3819.0,36.0,97.98,33.0,1708.109375,207.99848318472505
2026-07-21T02:25:53.032264+00:00,3819.0,35.0,98.53,33.0,1708.12890625,208.35010067373514
2026-07-21T02:25:53.380948+00:00,3819.0,37.0,98.64,33.0,1708.12890625,208.6987865306437
2026-07-21T02:25:53.729381+00:00,3819.0,37.0,98.5,33.0,1708.12890625,209.04721849411726
2026-07-21T02:25:54.051941+00:00,3819.0,38.0,98.02,33.0,1708.1328125,209.3697796948254
2026-07-21T02:25:54.354561+00:00,3819.0,38.0,97.9,33.0,1708.1328125,209.67239953577518
2026-07-21T02:25:54.658501+00:00,3819.0,36.0,97.94,33.0,1708.1328125,209.97633773833513
2026-07-21T02:25:54.979452+00:00,3819.0,36.0,98.78,33.0,1708.15625,210.2972892895341
2026-07-21T02:25:55.300830+00:00,3819.0,38.0,98.7,33.0,1708.15625,210.6186683997512
2026-07-21T02:25:55.647879+00:00,3819.0,38.0,98.84,33.0,1708.15625,210.96571733802557
2026-07-21T02:25:55.949397+00:00,3819.0,37.0,98.42,33.0,1708.15625,211.2672354504466
2026-07-21T02:25:56.254626+00:00,3819.0,38.0,98.65,33.0,1708.15625,211.57246490940452
2026-07-21T02:25:56.554560+00:00,3819.0,37.0,98.61,33.0,1708.15625,211.87239830568433
2026-07-21T02:25:56.875591+00:00,3819.0,38.0,98.63,33.0,1708.15625,212.19342963397503
2026-07-21T02:25:57.224089+00:00,3819.0,37.0,98.68,33.0,1708.15625,212.54192776978016
2026-07-21T02:25:57.526045+00:00,3819.0,39.0,98.97,33.0,1708.15625,212.84388425201178
2026-07-21T02:25:57.806070+00:00,3819.0,38.0,99.31,33.0,1708.15625,213.12390910089016
2026-07-21T02:25:58.109469+00:00,3819.0,38.0,99.25,33.0,1708.15625,213.42730686441064
2026-07-21T02:25:58.435678+00:00,3819.0,38.0,99.13,33.0,1708.15625,213.75351689383388
2026-07-21T02:25:58.759379+00:00,3819.0,39.0,98.86,33.0,1708.15625,214.07721765339375
2026-07-21T02:25:59.060901+00:00,3819.0,38.0,98.91,33.0,1708.15625,214.3787393718958
2026-07-21T02:25:59.411902+00:00,3819.0,38.0,99.19,33.0,1708.15625,214.7297404743731
2026-07-21T02:25:59.739559+00:00,3819.0,31.0,98.32,33.0,1708.15625,215.0573978945613
2026-07-21T02:26:00.061607+00:00,3819.0,37.0,98.23,33.0,1708.15625,215.37944502010942
2026-07-21T02:26:00.416581+00:00,3819.0,36.0,98.0,33.0,1708.15625,215.73441935703158
2026-07-21T02:26:00.743577+00:00,3819.0,37.0,98.95,33.0,1708.15625,216.06141404807568
2026-07-21T02:26:01.047045+00:00,3819.0,37.0,98.93,33.0,1708.15625,216.3648835979402
2026-07-21T02:26:01.395980+00:00,3819.0,37.0,99.33,33.0,1708.18359375,216.71381655335426
2026-07-21T02:26:01.682583+00:00,3819.0,37.0,98.87,33.0,1708.18359375,217.00042187422514
2026-07-21T02:26:02.003671+00:00,3819.0,36.0,98.51,33.0,1708.18359375,217.32150983065367
2026-07-21T02:26:02.351982+00:00,3819.0,36.0,97.84,33.0,1708.18359375,217.66982076317072
2026-07-21T02:26:02.633470+00:00,3819.0,37.0,97.99,33.0,1708.18359375,217.95130890235305
2026-07-21T02:26:02.983540+00:00,3819.0,37.0,98.18,33.0,1708.18359375,218.30137819051743
2026-07-21T02:26:03.307850+00:00,3819.0,34.0,99.5,33.0,1708.20703125,218.62568778917193
2026-07-21T02:26:03.609522+00:00,3819.0,36.0,99.29,33.0,1708.20703125,218.92736085131764
2026-07-21T02:26:03.915022+00:00,3819.0,37.0,99.44,33.0,1708.20703125,219.2328605800867
2026-07-21T02:26:04.239903+00:00,3819.0,37.0,98.96,33.0,1708.20703125,219.5577424801886
2026-07-21T02:26:04.564167+00:00,3819.0,36.0,98.51,33.0,1708.20703125,219.88200609758496
2026-07-21T02:26:04.865210+00:00,3819.0,37.0,98.49,33.0,1708.20703125,220.1830477975309
2026-07-21T02:26:05.167170+00:00,3819.0,36.0,98.58,33.0,1708.20703125,220.48500837013125
2026-07-21T02:26:05.448216+00:00,3819.0,36.0,98.52,33.0,1708.20703125,220.76605533063412
2026-07-21T02:26:05.800218+00:00,3819.0,37.0,98.36,33.0,1708.20703125,221.11805680766702
2026-07-21T02:26:06.119653+00:00,3819.0,37.0,98.49,33.0,1708.20703125,221.43749040737748
2026-07-21T02:26:06.467940+00:00,3819.0,37.0,98.7,33.0,1708.20703125,221.78577870875597
2026-07-21T02:26:06.769379+00:00,3819.0,36.0,98.79,33.0,1708.20703125,222.08721730485559
2026-07-21T02:26:07.073354+00:00,3819.0,36.0,98.75,33.0,1708.20703125,222.39119118079543
2026-07-21T02:26:07.377682+00:00,3819.0,36.0,98.74,33.0,1708.20703125,222.69552116841078
2026-07-21T02:26:07.723642+00:00,3819.0,37.0,98.53,33.0,1708.20703125,223.04148039221764
2026-07-21T02:26:08.026541+00:00,3819.0,37.0,98.59,33.0,1708.20703125,223.3443784378469
2026-07-21T02:26:08.348917+00:00,3819.0,37.0,98.5,33.0,1708.20703125,223.666754771024
2026-07-21T02:26:08.630976+00:00,3819.0,37.0,98.64,33.0,1708.20703125,223.94881458580494
2026-07-21T02:26:08.933683+00:00,3819.0,37.0,98.83,33.0,1708.20703125,224.2515213340521
2026-07-21T02:26:09.285442+00:00,3819.0,36.0,99.19,33.0,1708.20703125,224.60328037291765
2026-07-21T02:26:09.590347+00:00,3819.0,34.0,99.45,33.0,1708.234375,224.90818294510245
2026-07-21T02:26:09.897217+00:00,3819.0,37.0,99.07,33.0,1708.234375,225.2150549404323
2026-07-21T02:26:10.248398+00:00,3819.0,35.0,98.46,33.0,1708.234375,225.56623501330614
2026-07-21T02:26:10.576909+00:00,3819.0,37.0,97.83,33.0,1708.234375,225.89474711194634
2026-07-21T02:26:10.932568+00:00,3819.0,36.0,98.27,33.0,1708.234375,226.2504064552486
2026-07-21T02:26:11.280519+00:00,3819.0,37.0,98.48,33.0,1708.234375,226.5983567982912
2026-07-21T02:26:11.628066+00:00,3819.0,37.0,98.73,33.0,1708.234375,226.94590500742197
2026-07-21T02:26:11.975410+00:00,3819.0,37.0,98.66,33.0,1708.234375,227.2932483367622
2026-07-21T02:26:12.315695+00:00,3819.0,37.0,98.74,33.0,1708.234375,227.6335339359939
2026-07-21T02:26:12.663595+00:00,3819.0,37.0,98.58,33.0,1708.234375,227.9814345240593
2026-07-21T02:26:12.983651+00:00,3819.0,36.0,98.62,33.0,1708.234375,228.3014894388616
2026-07-21T02:26:13.328413+00:00,3819.0,36.0,98.82,33.0,1708.234375,228.64625193178654
2026-07-21T02:26:13.671826+00:00,3819.0,38.0,99.1,33.0,1708.234375,228.98966400697827
2026-07-21T02:26:13.995211+00:00,3819.0,37.0,99.13,33.0,1708.234375,229.31304939463735
2026-07-21T02:26:14.340301+00:00,3819.0,37.0,98.97,33.0,1708.234375,229.658139962703
2026-07-21T02:26:14.667864+00:00,3819.0,37.0,99.8,33.0,1708.265625,229.98570122942328
2026-07-21T02:26:15.015397+00:00,3819.0,34.0,99.37,33.0,1708.265625,230.33323361352086
2026-07-21T02:26:15.332035+00:00,3819.0,36.0,99.03,33.0,1708.28515625,230.64987319335341
2026-07-21T02:26:15.680039+00:00,3819.0,37.0,97.96,33.0,1708.28515625,230.9978774562478
2026-07-21T02:26:15.981581+00:00,3819.0,37.0,98.24,33.0,1708.28515625,231.29941880702972
2026-07-21T02:26:16.283810+00:00,3819.0,37.0,98.52,33.0,1708.28515625,231.60164834558964
2026-07-21T02:26:16.581954+00:00,3819.0,36.0,98.64,33.0,1708.28515625,231.89979216083884
2026-07-21T02:26:16.932175+00:00,3819.0,38.0,98.65,33.0,1708.28515625,232.2500125952065
2026-07-21T02:26:17.233415+00:00,3819.0,37.0,98.62,33.0,1708.28515625,232.55125333741307
2026-07-21T02:26:17.533607+00:00,3819.0,35.0,98.87,33.0,1708.31640625,232.8514451943338
2026-07-21T02:26:17.883280+00:00,3819.0,37.0,98.43,33.0,1708.31640625,233.2011178843677
2026-07-21T02:26:18.185531+00:00,3819.0,37.0,98.26,33.0,1708.31640625,233.5033695437014
2026-07-21T02:26:18.490666+00:00,3819.0,37.0,98.53,33.0,1708.31640625,233.808504357934
2026-07-21T02:26:18.817346+00:00,3819.0,37.0,98.66,33.0,1708.3203125,234.13518423959613
2026-07-21T02:26:19.168166+00:00,3819.0,36.0,98.52,33.0,1708.3203125,234.48599585145712
2026-07-21T02:26:19.470071+00:00,3819.0,37.0,98.93,33.0,1708.34375,234.7879075780511
2026-07-21T02:26:19.795886+00:00,3819.0,36.0,98.6,33.0,1708.34375,235.1137235723436
2026-07-21T02:26:20.110131+00:00,3819.0,36.0,98.81,33.0,1708.34375,235.42796881869435
2026-07-21T02:26:20.437295+00:00,3819.0,37.0,98.04,33.0,1708.34375,235.75513391569257
2026-07-21T02:26:20.759692+00:00,3819.0,35.0,98.02,33.0,1708.34375,236.0775234811008
2026-07-21T02:26:21.083695+00:00,3819.0,38.0,98.3,33.0,1708.34375,236.4015338346362
2026-07-21T02:26:21.385648+00:00,3819.0,37.0,98.4,33.0,1708.34375,236.70348647236824
2026-07-21T02:26:21.689141+00:00,3819.0,36.0,98.71,33.0,1708.34375,237.0069796666503
2026-07-21T02:26:22.019501+00:00,3819.0,37.0,98.53,33.0,1708.34375,237.337339527905
2026-07-21T02:26:22.367892+00:00,3819.0,36.0,98.45,33.0,1708.34375,237.68573116138577
2026-07-21T02:26:22.715447+00:00,3819.0,36.0,98.56,33.0,1708.34375,238.03328598290682
2026-07-21T02:26:23.045611+00:00,3819.0,32.0,99.4,33.0,1708.3671875,238.3634487465024
2026-07-21T02:26:23.392279+00:00,3819.0,37.0,99.4,33.0,1708.3671875,238.7101179882884
2026-07-21T02:26:23.689376+00:00,3819.0,37.0,99.06,33.0,1708.3671875,239.00721246376634
2026-07-21T02:26:23.989604+00:00,3819.0,36.0,98.65,33.0,1708.3671875,239.3074425533414
2026-07-21T02:26:24.314425+00:00,3819.0,37.0,98.0,33.0,1708.38671875,239.63225551322103
2026-07-21T02:26:24.637041+00:00,3819.0,36.0,98.41,33.0,1708.38671875,239.95487977191806
2026-07-21T02:26:24.964020+00:00,3819.0,37.0,98.76,33.0,1708.38671875,240.28185825049877
2026-07-21T02:26:25.291539+00:00,3819.0,37.0,99.07,33.0,1708.38671875,240.60937740281224
2026-07-21T02:26:25.589847+00:00,3819.0,36.0,98.45,33.0,1708.38671875,240.90768578276038
2026-07-21T02:26:25.894721+00:00,3819.0,37.0,98.27,33.0,1708.38671875,241.21255949139595
2026-07-21T02:26:26.201163+00:00,3819.0,36.0,98.12,33.0,1708.38671875,241.51900085806847
2026-07-21T02:26:26.527578+00:00,3819.0,38.0,98.33,33.0,1708.38671875,241.84541602805257
2026-07-21T02:26:26.868244+00:00,3819.0,37.0,98.34,33.0,1708.38671875,242.18608210608363
2026-07-21T02:26:27.174227+00:00,3819.0,36.0,98.4,33.0,1708.38671875,242.49206532910466
2026-07-21T02:26:27.492209+00:00,3819.0,36.0,98.66,33.0,1708.41015625,242.81004652380943
2026-07-21T02:26:27.796763+00:00,3819.0,37.0,98.48,33.0,1708.41015625,243.11460168659687
2026-07-21T02:26:28.148544+00:00,3819.0,37.0,98.1,33.0,1708.41015625,243.4663825929165
2026-07-21T02:26:28.468350+00:00,3819.0,37.0,97.5,33.0,1708.41015625,243.7861878760159
2026-07-21T02:26:28.795157+00:00,3819.0,36.0,97.6,33.0,1708.41015625,244.11299523338675
2026-07-21T02:26:29.097170+00:00,3819.0,37.0,97.76,33.0,1708.41015625,244.41500901058316
2026-07-21T02:26:29.447941+00:00,3819.0,36.0,98.23,33.0,1708.41015625,244.76577868312597
2026-07-21T02:26:29.749084+00:00,3819.0,38.0,98.27,33.0,1708.41015625,245.06692257151008
2026-07-21T02:26:30.105853+00:00,3819.0,36.0,98.22,33.0,1708.41015625,245.42369158938527
2026-07-21T02:26:30.452406+00:00,3819.0,37.0,98.52,33.0,1708.43359375,245.77024289220572
2026-07-21T02:26:30.752296+00:00,3819.0,36.0,98.67,33.0,1708.43359375,246.07013399526477
2026-07-21T02:26:31.077009+00:00,3819.0,36.0,98.62,33.0,1708.43359375,246.3948468491435
2026-07-21T02:26:31.427791+00:00,3819.0,37.0,98.32,33.0,1708.43359375,246.74562917277217
2026-07-21T02:26:31.743247+00:00,3819.0,38.0,98.18,33.0,1708.43359375,247.0610861107707
2026-07-21T02:26:32.088117+00:00,3819.0,37.0,98.37,33.0,1708.43359375,247.40595464408398
2026-07-21T02:26:32.393275+00:00,3819.0,38.0,98.26,33.0,1708.43359375,247.71111222356558
2026-07-21T02:26:32.703668+00:00,3819.0,37.0,98.18,33.0,1708.43359375,248.02150643989444
2026-07-21T02:26:33.051945+00:00,3819.0,37.0,98.24,33.0,1708.43359375,248.3697825782001
2026-07-21T02:26:33.376030+00:00,3819.0,38.0,98.28,33.0,1708.43359375,248.6938676275313
2026-07-21T02:26:33.702174+00:00,3819.0,37.0,98.57,33.0,1708.43359375,249.02001201733947
2026-07-21T02:26:34.009127+00:00,3819.0,38.0,98.73,33.0,1708.43359375,249.3269660025835
2026-07-21T02:26:34.313674+00:00,3819.0,37.0,99.13,33.0,1708.453125,249.63151205331087
2026-07-21T02:26:34.659853+00:00,3819.0,38.0,98.88,33.0,1708.453125,249.97769148275256
2026-07-21T02:26:34.961528+00:00,3819.0,37.0,98.8,33.0,1708.453125,250.2793659940362
2026-07-21T02:26:35.311703+00:00,3819.0,37.0,98.17,33.0,1708.453125,250.62954111024737
2026-07-21T02:26:35.615191+00:00,3819.0,39.0,98.5,33.0,1708.453125,250.93302869796753
2026-07-21T02:26:35.963783+00:00,3819.0,37.0,98.51,33.0,1708.453125,251.28162084892392
2026-07-21T02:26:36.269900+00:00,3819.0,38.0,98.46,33.0,1708.453125,251.5877388007939
2026-07-21T02:26:36.618946+00:00,3819.0,36.0,98.32,33.0,1708.453125,251.9367822483182
2026-07-21T02:26:36.959250+00:00,3819.0,37.0,98.69,33.0,1708.47265625,252.2770874015987
2026-07-21T02:26:37.283468+00:00,3819.0,37.0,98.71,33.0,1708.47265625,252.6013062670827
2026-07-21T02:26:37.607709+00:00,3819.0,38.0,98.7,33.0,1708.47265625,252.925547786057
2026-07-21T02:26:37.912260+00:00,3819.0,38.0,98.28,33.0,1708.47265625,253.23009879514575
2026-07-21T02:26:38.238177+00:00,3819.0,37.0,98.43,33.0,1708.47265625,253.55601565539837
2026-07-21T02:26:38.564183+00:00,3819.0,37.0,98.48,33.0,1708.47265625,253.88202105090022
2026-07-21T02:26:38.887659+00:00,3819.0,37.0,98.59,33.0,1708.47265625,254.2054973617196
2026-07-21T02:26:39.207404+00:00,3819.0,37.0,98.55,33.0,1708.47265625,254.52524248883128
2026-07-21T02:26:39.509656+00:00,3819.0,38.0,98.6,33.0,1708.47265625,254.82749420404434
2026-07-21T02:26:39.831591+00:00,3819.0,38.0,98.51,33.0,1708.47265625,255.14942986518145
2026-07-21T02:26:40.150864+00:00,3819.0,37.0,98.74,33.0,1708.47265625,255.46870194748044
2026-07-21T02:26:40.453185+00:00,3819.0,38.0,99.26,33.0,1708.49609375,255.77102137729526
2026-07-21T02:26:40.804279+00:00,3819.0,36.0,99.13,33.0,1708.49609375,256.12211698666215
2026-07-21T02:26:41.148631+00:00,3819.0,37.0,99.01,33.0,1708.49609375,256.46646881103516
2026-07-21T02:26:41.476761+00:00,3819.0,36.0,98.29,33.0,1708.49609375,256.79459908232093
2026-07-21T02:26:41.800641+00:00,3819.0,37.0,98.24,33.0,1708.49609375,257.1184790916741
2026-07-21T02:26:42.127629+00:00,3819.0,35.0,98.14,33.0,1708.49609375,257.4454675130546
2026-07-21T02:26:42.472875+00:00,3819.0,36.0,98.17,33.0,1708.49609375,257.7907132282853
2026-07-21T02:26:42.795986+00:00,3819.0,38.0,98.22,33.0,1708.49609375,258.1138240247965
2026-07-21T02:26:43.123864+00:00,3819.0,37.0,98.36,33.0,1708.51953125,258.441698551178
2026-07-21T02:26:43.472814+00:00,3819.0,36.0,98.34,33.0,1708.51953125,258.7906522192061
2026-07-21T02:26:43.823988+00:00,3819.0,36.0,98.35,33.0,1708.51953125,259.1418266668916
2026-07-21T02:26:44.148617+00:00,3819.0,37.0,98.22,33.0,1708.51953125,259.4664549008012
2026-07-21T02:26:44.475803+00:00,3819.0,36.0,98.11,33.0,1708.51953125,259.79363876208663
2026-07-21T02:26:44.805128+00:00,3819.0,37.0,98.42,33.0,1708.51953125,260.12296644225717
2026-07-21T02:26:45.098964+00:00,3819.0,38.0,98.25,33.0,1708.51953125,260.4168018400669
2026-07-21T02:26:45.424670+00:00,3819.0,38.0,98.24,33.0,1708.51953125,260.74250807613134
2026-07-21T02:26:45.710324+00:00,3819.0,34.0,97.84,33.0,1708.51953125,261.0281620807946
2026-07-21T02:26:45.991736+00:00,3819.0,37.0,98.02,33.0,1708.51953125,261.30957459285855
2026-07-21T02:26:46.343116+00:00,3819.0,24.0,96.68,33.0,1708.51953125,261.66095431149006
2026-07-21T02:26:46.687707+00:00,3819.0,37.0,97.33,33.0,1708.51953125,262.0055462680757
2026-07-21T02:26:47.011453+00:00,3819.0,38.0,97.47,33.0,1708.51953125,262.3292912170291
2026-07-21T02:26:47.360155+00:00,3819.0,38.0,99.23,33.0,1708.51953125,262.67799390107393
2026-07-21T02:26:47.715644+00:00,3819.0,29.0,99.28,33.0,1708.54296875,263.0334799475968
2026-07-21T02:26:48.021029+00:00,3819.0,38.0,98.94,33.0,1708.54296875,263.3388666585088
2026-07-21T02:26:48.348047+00:00,3819.0,37.0,98.49,33.0,1708.546875,263.665885489434
2026-07-21T02:26:48.695233+00:00,3819.0,37.0,98.34,33.0,1708.546875,264.01306976377964
2026-07-21T02:26:49.035674+00:00,3819.0,36.0,98.08,33.0,1708.546875,264.35351179912686
2026-07-21T02:26:49.364070+00:00,3819.0,24.0,97.28,33.0,1708.546875,264.6819080635905
2026-07-21T02:26:49.670268+00:00,3819.0,36.0,97.01,33.0,1708.55078125,264.9881052710116
2026-07-21T02:26:50.002755+00:00,3819.0,37.0,97.0,33.0,1708.55078125,265.3205922469497
2026-07-21T02:26:50.333483+00:00,3819.0,36.0,98.17,33.0,1708.55078125,265.6513200439513
2026-07-21T02:26:50.637875+00:00,3819.0,36.0,98.22,33.0,1708.55078125,265.95571357756853
2026-07-21T02:26:50.995931+00:00,3819.0,36.0,98.25,33.0,1708.55078125,266.3137698173523
2026-07-21T02:26:51.344403+00:00,3819.0,35.0,97.63,33.0,1708.55078125,266.6622395068407
2026-07-21T02:26:51.682357+00:00,3819.0,36.0,97.76,33.0,1708.55078125,267.00019408762455
2026-07-21T02:26:51.990576+00:00,3819.0,36.0,98.08,33.0,1708.578125,267.30841087922454
2026-07-21T02:26:52.298262+00:00,3819.0,34.0,97.87,33.0,1708.578125,267.6160979196429
2026-07-21T02:26:52.651381+00:00,3819.0,37.0,98.0,33.0,1708.578125,267.96921848878264
2026-07-21T02:26:52.980476+00:00,3819.0,37.0,97.56,33.0,1708.578125,268.2983142733574
2026-07-21T02:26:53.282576+00:00,3819.0,37.0,98.0,33.0,1708.578125,268.60041319578886
2026-07-21T02:26:53.636570+00:00,3819.0,35.0,98.08,33.0,1708.578125,268.95440842583776
2026-07-21T02:26:53.944844+00:00,3819.0,38.0,98.15,33.0,1708.578125,269.2626807242632
2026-07-21T02:26:54.273126+00:00,3819.0,37.0,98.28,33.0,1708.58203125,269.5909644179046
2026-07-21T02:26:54.620806+00:00,3819.0,37.0,98.4,33.0,1708.6015625,269.9386424832046
2026-07-21T02:26:54.925208+00:00,3819.0,38.0,98.44,33.0,1708.6015625,270.24304593354464
2026-07-21T02:26:55.231982+00:00,3819.0,37.0,98.29,33.0,1708.6015625,270.549819201231
2026-07-21T02:26:55.538390+00:00,3819.0,35.0,97.56,33.0,1708.6015625,270.85622815415263
2026-07-21T02:26:55.828055+00:00,3819.0,36.0,97.64,33.0,1708.6015625,271.14589440077543
2026-07-21T02:26:56.113640+00:00,3819.0,37.0,97.8,33.0,1708.6015625,271.43147817626595
2026-07-21T02:26:56.418961+00:00,3819.0,38.0,97.86,33.0,1708.6015625,271.73679861053824
2026-07-21T02:26:56.727537+00:00,3819.0,36.0,97.81,33.0,1708.6015625,272.04537151381373
2026-07-21T02:26:57.075479+00:00,3819.0,35.0,97.72,33.0,1708.6015625,272.3933156616986
2026-07-21T02:26:57.381971+00:00,3819.0,37.0,98.18,33.0,1708.65625,272.69980810955167
2026-07-21T02:26:57.727137+00:00,3819.0,37.0,98.2,33.0,1708.65625,273.0449749715626
2026-07-21T02:26:58.039698+00:00,3819.0,37.0,98.33,33.0,1708.65625,273.3575359620154
2026-07-21T02:26:58.345835+00:00,3819.0,38.0,97.97,33.0,1708.65625,273.6636689156294
2026-07-21T02:26:58.674744+00:00,3819.0,37.0,97.91,33.0,1708.65625,273.9925824329257
2026-07-21T02:26:58.973089+00:00,3819.0,35.0,97.68,33.0,1708.65625,274.2909270338714
2026-07-21T02:26:59.279398+00:00,3819.0,37.0,97.69,33.0,1708.65625,274.5972346998751
2026-07-21T02:26:59.624170+00:00,3819.0,35.0,97.91,33.0,1708.65625,274.9420072026551
2026-07-21T02:26:59.934792+00:00,3819.0,35.0,98.61,33.0,1708.71484375,275.2526293583214
2026-07-21T02:27:00.276239+00:00,3819.0,36.0,98.02,33.0,1708.71484375,275.59407687932253
2026-07-21T02:27:00.584142+00:00,3819.0,37.0,98.13,33.0,1708.71484375,275.9019795022905
2026-07-21T02:27:00.940501+00:00,3819.0,38.0,97.52,33.0,1708.71484375,276.25833797827363
2026-07-21T02:27:01.268151+00:00,3819.0,37.0,97.96,33.0,1708.71484375,276.58598839491606
2026-07-21T02:27:01.624027+00:00,3819.0,35.0,97.82,33.0,1708.71484375,276.9418653063476
2026-07-21T02:27:01.975622+00:00,3819.0,36.0,97.75,33.0,1708.71484375,277.29345966503024
2026-07-21T02:27:02.281222+00:00,3819.0,24.0,96.43,32.0,1708.71484375,277.59905898943543
2026-07-21T02:27:02.608171+00:00,3819.0,36.0,96.36,33.0,1708.71484375,277.92600893974304
2026-07-21T02:27:02.915544+00:00,3819.0,36.0,96.8,33.0,1708.77734375,278.2333815060556
2026-07-21T02:27:03.261774+00:00,3819.0,37.0,97.97,33.0,1708.77734375,278.57961133122444
2026-07-21T02:27:03.592389+00:00,3819.0,37.0,98.26,32.0,1708.77734375,278.9102273322642
2026-07-21T02:27:03.944296+00:00,3819.0,37.0,97.75,32.0,1708.77734375,279.2621344514191
2026-07-21T02:27:04.296508+00:00,3819.0,36.0,97.8,33.0,1708.77734375,279.61434614658356
2026-07-21T02:27:04.628770+00:00,3819.0,37.0,97.83,32.0,1708.77734375,279.9466087669134
2026-07-21T02:27:04.936327+00:00,3819.0,37.0,98.08,33.0,1708.77734375,280.2541642040014
2026-07-21T02:27:05.241394+00:00,3819.0,35.0,97.97,33.0,1708.77734375,280.5592321306467
2026-07-21T02:27:05.544965+00:00,3819.0,33.0,98.14,33.0,1709.47265625,280.86280274763703
2026-07-21T02:27:05.872447+00:00,3819.0,35.0,97.88,32.0,1709.47265625,281.19028333202004
2026-07-21T02:27:06.224197+00:00,3819.0,37.0,97.76,33.0,1709.47265625,281.5420353412628
2026-07-21T02:27:06.548760+00:00,3819.0,37.0,97.83,32.0,1709.4765625,281.8665943853557
2026-07-21T02:27:06.856975+00:00,3819.0,37.0,97.85,33.0,1709.49609375,282.1748085319996
2026-07-21T02:27:07.212413+00:00,3819.0,37.0,98.18,32.0,1709.49609375,282.5302485153079
2026-07-21T02:27:07.517642+00:00,3819.0,37.0,98.12,33.0,1709.49609375,282.8354801759124
2026-07-21T02:27:07.844060+00:00,3819.0,38.0,98.42,33.0,1709.49609375,283.1618982218206
2026-07-21T02:27:08.149324+00:00,3819.0,38.0,98.53,32.0,1709.49609375,283.46716249361634
2026-07-21T02:27:08.500844+00:00,3819.0,37.0,99.04,32.0,1709.515625,283.8186814673245
2026-07-21T02:27:08.851366+00:00,3819.0,36.0,98.85,32.0,1709.515625,284.16920479387045
2026-07-21T02:27:09.200303+00:00,3819.0,38.0,98.69,32.0,1709.515625,284.5181412547827
2026-07-21T02:27:09.524529+00:00,3819.0,36.0,98.44,32.0,1709.5234375,284.84236815571785
2026-07-21T02:27:09.851214+00:00,3819.0,36.0,98.53,32.0,1709.5234375,285.1690534502268
2026-07-21T02:27:10.153335+00:00,3819.0,36.0,98.52,32.0,1709.53125,285.4711732417345
2026-07-21T02:27:10.481161+00:00,3819.0,37.0,98.27,32.0,1709.53125,285.7989996187389
2026-07-21T02:27:10.834260+00:00,3819.0,37.0,98.73,32.0,1709.75,286.1520971916616
2026-07-21T02:27:11.151670+00:00,3819.0,37.0,98.72,32.0,1709.75,286.4695076830685
2026-07-21T02:27:11.500683+00:00,3819.0,36.0,98.73,32.0,1709.75,286.8185008317232
2026-07-21T02:27:11.848206+00:00,3819.0,37.0,98.1,32.0,1709.75,287.16604425758123
2026-07-21T02:27:12.192395+00:00,3819.0,36.0,98.34,32.0,1709.75,287.51023334637284
2026-07-21T02:27:12.536169+00:00,3819.0,37.0,98.4,32.0,1709.75,287.85400791466236
2026-07-21T02:27:12.863787+00:00,3819.0,38.0,98.39,32.0,1709.75,288.1816247291863
2026-07-21T02:27:13.193127+00:00,3819.0,37.0,98.56,32.0,1709.75,288.510965757072
2026-07-21T02:27:13.536103+00:00,3819.0,33.0,98.86,33.0,1709.7734375,288.85393972322345
2026-07-21T02:27:13.888447+00:00,3819.0,37.0,98.74,32.0,1709.7734375,289.2062826603651
2026-07-21T02:27:14.193464+00:00,3819.0,37.0,98.46,32.0,1709.7734375,289.5113028585911
2026-07-21T02:27:14.478364+00:00,3819.0,37.0,97.81,32.0,1709.7734375,289.7961947955191
2026-07-21T02:27:14.760915+00:00,3819.0,37.0,97.96,32.0,1709.7734375,290.0787540115416
2026-07-21T02:27:15.120767+00:00,3819.0,37.0,98.19,32.0,1709.7734375,290.4386045075953
2026-07-21T02:27:15.475163+00:00,3819.0,37.0,98.45,32.0,1709.7734375,290.79300090670586
2026-07-21T02:27:15.833987+00:00,3819.0,37.0,98.42,32.0,1709.77734375,291.1518249064684
2026-07-21T02:27:16.188482+00:00,3819.0,37.0,98.14,33.0,1709.796875,291.5063192844391
2026-07-21T02:27:16.512315+00:00,3819.0,37.0,98.23,32.0,1709.80078125,291.8301532305777
2026-07-21T02:27:16.843365+00:00,3819.0,38.0,98.09,32.0,1709.80078125,292.1612036637962
2026-07-21T02:27:17.149942+00:00,3819.0,37.0,98.07,32.0,1709.8046875,292.46778010204434
2026-07-21T02:27:17.454318+00:00,3819.0,37.0,97.96,32.0,1709.8125,292.77215530350804
2026-07-21T02:27:17.757316+00:00,3819.0,36.0,98.18,32.0,1709.8125,293.0751545988023
2026-07-21T02:27:18.100043+00:00,3819.0,36.0,98.27,32.0,1709.8203125,293.41787239536643
2026-07-21T02:27:18.448387+00:00,3819.0,36.0,98.26,32.0,1709.8203125,293.7662257440388
2026-07-21T02:27:18.780231+00:00,3819.0,37.0,98.41,32.0,1709.82421875,294.0980684608221
2026-07-21T02:27:19.118035+00:00,3819.0,37.0,97.92,32.0,1709.82421875,294.4358732327819
2026-07-21T02:27:19.464286+00:00,3819.0,33.0,98.22,32.0,1709.94140625,294.78212285786867
2026-07-21T02:27:19.791126+00:00,3819.0,35.0,97.94,32.0,1709.94140625,295.10896384716034
2026-07-21T02:27:20.098227+00:00,3819.0,37.0,97.93,32.0,1709.94921875,295.4160658791661
2026-07-21T02:27:20.426253+00:00,3819.0,37.0,97.63,32.0,1709.94921875,295.7440905496478
2026-07-21T02:27:20.791516+00:00,3819.0,37.0,97.7,32.0,1709.9609375,296.1093536503613
2026-07-21T02:27:21.140709+00:00,3819.0,35.0,98.16,32.0,1709.96484375,296.4585460908711
2026-07-21T02:27:21.493089+00:00,3819.0,37.0,98.43,32.0,1709.96875,296.81092708930373
2026-07-21T02:27:21.843428+00:00,3819.0,34.0,98.11,32.0,1709.9765625,297.1612670123577
2026-07-21T02:27:22.168256+00:00,3819.0,34.0,97.66,32.0,1709.9765625,297.4860940910876
2026-07-21T02:27:22.515845+00:00,3819.0,37.0,97.29,32.0,1710.07421875,297.83368195593357
2026-07-21T02:27:22.864292+00:00,3819.0,36.0,97.93,32.0,1710.07421875,298.1821294911206
2026-07-21T02:27:23.208239+00:00,3819.0,37.0,97.98,32.0,1710.08984375,298.52607759833336
2026-07-21T02:27:23.563315+00:00,3819.0,37.0,98.12,32.0,1710.08984375,298.88115372136235
2026-07-21T02:27:23.887789+00:00,3819.0,37.0,97.88,32.0,1710.1015625,299.2056277580559
2026-07-21T02:27:24.194550+00:00,3819.0,37.0,97.88,32.0,1710.1015625,299.51238841190934
2026-07-21T02:27:24.497137+00:00,3819.0,32.0,98.36,33.0,1710.16796875,299.81497418507934
2026-07-21T02:27:24.797118+00:00,3819.0,36.0,97.62,32.0,1710.16796875,300.1149568334222
2026-07-21T02:27:25.129809+00:00,3819.0,37.0,97.63,32.0,1710.18359375,300.44764606654644
2026-07-21T02:27:25.433542+00:00,3819.0,37.0,97.6,32.0,1710.1875,300.7513805218041
2026-07-21T02:27:25.736493+00:00,3819.0,37.0,98.18,32.0,1710.1875,301.054331574589
2026-07-21T02:27:26.062986+00:00,3819.0,37.0,98.24,32.0,1710.20703125,301.38082476332784
2026-07-21T02:27:26.407844+00:00,3819.0,37.0,98.18,32.0,1710.20703125,301.7256826199591
2026-07-21T02:27:26.716441+00:00,3819.0,36.0,98.27,32.0,1710.22265625,302.03427854925394
2026-07-21T02:27:27.048509+00:00,3819.0,38.0,98.65,32.0,1710.359375,302.36634665727615
2026-07-21T02:27:27.353619+00:00,3819.0,37.0,98.66,32.0,1710.36328125,302.6714571081102
2026-07-21T02:27:27.675561+00:00,3819.0,37.0,96.32,32.0,1710.36328125,302.9933994971216
2026-07-21T02:27:27.957131+00:00,3819.0,38.0,95.98,32.0,1710.36328125,303.27496937289834
2026-07-21T02:27:28.280185+00:00,3819.0,38.0,95.75,32.0,1710.36328125,303.59802340716124
2026-07-21T02:27:28.606827+00:00,3819.0,37.0,98.0,32.0,1710.36328125,303.9246659241617
2026-07-21T02:27:28.931565+00:00,3819.0,37.0,98.12,32.0,1710.36328125,304.2494036220014
2026-07-21T02:27:29.239569+00:00,3819.0,37.0,98.11,32.0,1710.36328125,304.55740704387426
2026-07-21T02:27:29.540298+00:00,3819.0,38.0,98.3,32.0,1710.36328125,304.85813673585653
2026-07-21T02:27:29.840793+00:00,3819.0,37.0,98.38,32.0,1710.3828125,305.1586291305721
2026-07-21T02:27:30.139462+00:00,3819.0,38.0,98.34,32.0,1710.3828125,305.4573008865118
2026-07-21T02:27:30.445350+00:00,3819.0,38.0,98.28,32.0,1710.3828125,305.76318826526403
2026-07-21T02:27:30.748861+00:00,3819.0,37.0,98.07,32.0,1710.3828125,306.0666991248727
2026-07-21T02:27:31.095909+00:00,3819.0,35.0,98.35,32.0,1710.3828125,306.41374645009637
2026-07-21T02:27:31.400768+00:00,3819.0,38.0,98.31,32.0,1710.3828125,306.7186063453555
2026-07-21T02:27:31.704260+00:00,3819.0,33.0,99.15,33.0,1710.3984375,307.02209885790944
2026-07-21T02:27:32.009595+00:00,3819.0,39.0,99.04,32.0,1710.3984375,307.3274335488677
2026-07-21T02:27:32.337256+00:00,3819.0,38.0,98.86,32.0,1710.3984375,307.6550944671035
2026-07-21T02:27:32.641593+00:00,3819.0,38.0,98.89,32.0,1710.3984375,307.95943196490407
2026-07-21T02:27:32.988621+00:00,3819.0,38.0,98.11,32.0,1710.3984375,308.3064590394497
2026-07-21T02:27:33.312296+00:00,3819.0,37.0,98.25,32.0,1710.3984375,308.6301343254745
2026-07-21T02:27:33.616694+00:00,3819.0,32.0,98.37,33.0,1710.4140625,308.93453169986606
2026-07-21T02:27:33.896995+00:00,3819.0,37.0,98.63,32.0,1710.4140625,309.2148346044123
2026-07-21T02:27:34.199764+00:00,3819.0,38.0,98.72,32.0,1710.4140625,309.5176035873592
2026-07-21T02:27:34.506912+00:00,3819.0,37.0,98.77,32.0,1710.4140625,309.8247494250536
2026-07-21T02:27:34.852018+00:00,3819.0,38.0,98.2,32.0,1710.4140625,310.16985684260726
2026-07-21T02:27:35.135771+00:00,3819.0,32.0,98.49,33.0,1710.43359375,310.453607711941
2026-07-21T02:27:35.441824+00:00,3819.0,37.0,98.25,32.0,1710.43359375,310.7596624419093
2026-07-21T02:27:35.744985+00:00,3819.0,38.0,98.34,32.0,1710.43359375,311.0628233961761
2026-07-21T02:27:36.052779+00:00,3819.0,37.0,98.48,32.0,1710.43359375,311.3706176057458
2026-07-21T02:27:36.380135+00:00,3819.0,37.0,98.29,32.0,1710.43359375,311.69797271490097
2026-07-21T02:27:36.689893+00:00,3819.0,37.0,98.11,32.0,1710.43359375,312.00773119181395
2026-07-21T02:27:37.010440+00:00,3819.0,37.0,98.55,32.0,1710.453125,312.32827781140804
2026-07-21T02:27:37.314695+00:00,3819.0,35.0,98.49,32.0,1710.453125,312.6325332559645
2026-07-21T02:27:37.644284+00:00,3819.0,37.0,98.41,32.0,1710.453125,312.96212112903595
2026-07-21T02:27:37.997410+00:00,3819.0,36.0,98.11,32.0,1710.453125,313.3152484372258
2026-07-21T02:27:38.346615+00:00,3819.0,36.0,98.3,32.0,1710.453125,313.6644527092576
2026-07-21T02:27:38.680222+00:00,3819.0,38.0,98.34,32.0,1710.453125,313.99805934354663
2026-07-21T02:27:38.986051+00:00,3819.0,38.0,98.37,32.0,1710.453125,314.30388931930065
2026-07-21T02:27:39.290409+00:00,3819.0,36.0,98.25,32.0,1710.453125,314.60824728757143
2026-07-21T02:27:39.616148+00:00,3819.0,37.0,98.14,32.0,1710.453125,314.9339874573052
2026-07-21T02:27:39.947162+00:00,3819.0,38.0,97.85,32.0,1710.47265625,315.26499938964844
2026-07-21T02:27:40.254177+00:00,3819.0,35.0,97.79,32.0,1710.47265625,315.5720149539411
2026-07-21T02:27:40.599980+00:00,3819.0,36.0,97.69,32.0,1710.47265625,315.9178191833198
2026-07-21T02:27:40.901658+00:00,3819.0,37.0,98.61,32.0,1710.47265625,316.21949707344174
2026-07-21T02:27:41.231733+00:00,3819.0,38.0,98.35,32.0,1710.47265625,316.5495709814131
2026-07-21T02:27:41.533514+00:00,3819.0,35.0,98.22,32.0,1710.47265625,316.85135312378407
2026-07-21T02:27:41.881260+00:00,3819.0,36.0,98.08,32.0,1710.47265625,317.19909834489226
2026-07-21T02:27:42.185057+00:00,3819.0,38.0,98.1,32.0,1710.47265625,317.5028956383467
2026-07-21T02:27:42.466400+00:00,3819.0,38.0,98.44,32.0,1710.47265625,317.7842390947044
2026-07-21T02:27:42.769219+00:00,3819.0,37.0,98.6,32.0,1710.47265625,318.0870570987463
2026-07-21T02:27:43.073295+00:00,3819.0,38.0,98.79,32.0,1710.47265625,318.39113331213593
2026-07-21T02:27:43.355603+00:00,3819.0,38.0,99.14,32.0,1710.4765625,318.67344084754586
2026-07-21T02:27:43.702845+00:00,3819.0,38.0,98.98,32.0,1710.4765625,319.020682875067
2026-07-21T02:27:44.031424+00:00,3819.0,37.0,99.08,32.0,1710.4765625,319.34926242008805
2026-07-21T02:27:44.359632+00:00,3819.0,39.0,98.43,32.0,1710.4765625,319.67747058719397
2026-07-21T02:27:44.665565+00:00,3819.0,39.0,98.21,32.0,1710.4765625,319.9834029637277
2026-07-21T02:27:44.969204+00:00,3819.0,37.0,98.02,32.0,1710.4765625,320.28704235330224
2026-07-21T02:27:45.272958+00:00,3819.0,39.0,98.24,32.0,1710.4765625,320.59079602360725
2026-07-21T02:27:45.555037+00:00,3819.0,38.0,98.56,32.0,1710.4765625,320.87287591025233
2026-07-21T02:27:45.858741+00:00,3819.0,38.0,98.62,32.0,1710.4765625,321.1765798032284
2026-07-21T02:27:46.176637+00:00,3819.0,33.0,98.92,33.0,1710.48046875,321.4944735094905
2026-07-21T02:27:46.481325+00:00,3819.0,38.0,98.73,32.0,1710.48046875,321.7991630397737
2026-07-21T02:27:46.780828+00:00,3819.0,38.0,98.53,32.0,1710.48046875,322.0986666716635
2026-07-21T02:27:47.085424+00:00,3819.0,38.0,98.58,32.0,1710.48046875,322.403263412416
2026-07-21T02:27:47.405388+00:00,3819.0,37.0,98.38,32.0,1710.48046875,322.72322691604495
2026-07-21T02:27:47.696813+00:00,3819.0,37.0,98.37,32.0,1710.48046875,323.0146513916552
2026-07-21T02:27:48.001334+00:00,3819.0,38.0,98.54,32.0,1710.48046875,323.3191721960902
2026-07-21T02:27:48.328800+00:00,3819.0,37.0,98.35,32.0,1710.48046875,323.6466375552118
2026-07-21T02:27:48.656415+00:00,3819.0,38.0,98.39,32.0,1710.48046875,323.97425271198153
2026-07-21T02:27:48.961318+00:00,3819.0,38.0,98.4,32.0,1710.48046875,324.2791555374861
2026-07-21T02:27:49.298517+00:00,3819.0,38.0,98.46,32.0,1710.48046875,324.6163557469845
2026-07-21T02:27:49.628161+00:00,3819.0,38.0,98.84,32.0,1710.484375,324.94599770382047
2026-07-21T02:27:49.952055+00:00,3819.0,37.0,98.71,32.0,1710.484375,325.2698940113187
2026-07-21T02:27:50.253988+00:00,3819.0,37.0,98.66,32.0,1710.484375,325.5718264095485
2026-07-21T02:27:50.580720+00:00,3819.0,37.0,98.2,32.0,1710.484375,325.8985584080219
2026-07-21T02:27:50.886189+00:00,3819.0,38.0,98.5,32.0,1710.484375,326.2040273025632
2026-07-21T02:27:51.189997+00:00,3819.0,38.0,98.73,32.0,1710.484375,326.5078361593187
2026-07-21T02:27:51.494079+00:00,3819.0,37.0,98.8,32.0,1710.484375,326.81191720440984
2026-07-21T02:27:51.793554+00:00,3819.0,38.0,98.57,32.0,1710.484375,327.1113927513361
2026-07-21T02:27:52.076241+00:00,3819.0,37.0,98.36,32.0,1710.484375,327.39407961815596
2026-07-21T02:27:52.375989+00:00,3819.0,38.0,98.39,32.0,1710.484375,327.6938269212842
2026-07-21T02:27:52.680787+00:00,3819.0,38.0,98.32,32.0,1710.484375,327.99862463772297
2026-07-21T02:27:52.983409+00:00,3819.0,37.0,98.63,32.0,1710.484375,328.3012477681041
2026-07-21T02:27:53.289721+00:00,3819.0,38.0,99.31,32.0,1710.48828125,328.60755828022957
2026-07-21T02:27:53.590731+00:00,3819.0,36.0,99.21,32.0,1710.48828125,328.90856947749853
2026-07-21T02:27:53.943735+00:00,3819.0,27.0,98.25,32.0,1710.48828125,329.26157262548804
2026-07-21T02:27:54.250612+00:00,3819.0,38.0,97.32,32.0,1710.48828125,329.5684500820935
2026-07-21T02:27:54.558768+00:00,3819.0,38.0,97.38,32.0,1710.48828125,329.87660662829876
2026-07-21T02:27:54.866666+00:00,3819.0,38.0,97.64,32.0,1710.48828125,330.18450532481074
2026-07-21T02:27:55.174342+00:00,3819.0,38.0,98.42,32.0,1710.48828125,330.4921811670065
2026-07-21T02:27:55.488311+00:00,3819.0,36.0,98.36,32.0,1710.48828125,330.80614909157157
2026-07-21T02:27:55.794149+00:00,3819.0,37.0,98.43,32.0,1710.48828125,331.1119872778654
2026-07-21T02:27:56.127444+00:00,3819.0,37.0,98.1,32.0,1710.48828125,331.4452820159495
2026-07-21T02:27:56.434487+00:00,3819.0,36.0,97.99,32.0,1710.48828125,331.752325437963
2026-07-21T02:27:56.739755+00:00,3819.0,38.0,98.43,32.0,1710.4921875,332.0575928501785
2026-07-21T02:27:57.051680+00:00,3819.0,35.0,98.22,32.0,1710.4921875,332.369518250227
2026-07-21T02:27:57.357866+00:00,3819.0,38.0,98.13,32.0,1710.4921875,332.675704523921
2026-07-21T02:27:57.685028+00:00,3819.0,37.0,97.96,32.0,1710.4921875,333.0028656683862
2026-07-21T02:27:58.005854+00:00,3819.0,36.0,98.19,32.0,1710.4921875,333.32369269803166
2026-07-21T02:27:58.309817+00:00,3819.0,38.0,98.48,32.0,1710.4921875,333.62765526771545
2026-07-21T02:27:58.592806+00:00,3819.0,37.0,98.73,32.0,1710.4921875,333.9106451869011
2026-07-21T02:27:58.899539+00:00,3819.0,37.0,98.5,32.0,1710.4921875,334.2173778899014
2026-07-21T02:27:59.206482+00:00,3819.0,38.0,98.57,32.0,1710.4921875,334.52432003989816
2026-07-21T02:27:59.536631+00:00,3819.0,38.0,98.74,32.0,1710.4921875,334.85446994006634
2026-07-21T02:27:59.845116+00:00,3819.0,38.0,98.9,32.0,1710.4921875,335.1629547215998
2026-07-21T02:28:00.172176+00:00,3819.0,38.0,99.09,32.0,1710.4921875,335.4900150075555
2026-07-21T02:28:00.478099+00:00,3819.0,38.0,98.99,32.0,1710.4921875,335.79593727365136
2026-07-21T02:28:00.782298+00:00,3819.0,37.0,99.18,32.0,1710.4921875,336.10013607144356
2026-07-21T02:28:01.108207+00:00,3819.0,37.0,99.09,32.0,1710.4921875,336.4260453544557
2026-07-21T02:28:01.391507+00:00,3819.0,38.0,99.15,32.0,1710.4921875,336.7093459330499
2026-07-21T02:28:01.701521+00:00,3819.0,37.0,99.04,32.0,1710.4921875,337.01935981959105
2026-07-21T02:28:02.030920+00:00,3819.0,34.0,99.43,32.0,1710.49609375,337.34875712916255
2026-07-21T02:28:02.338129+00:00,3819.0,38.0,99.1,32.0,1710.49609375,337.6559672988951
2026-07-21T02:28:02.638751+00:00,3819.0,39.0,99.0,32.0,1710.49609375,337.9565901309252
2026-07-21T02:28:02.968739+00:00,3819.0,38.0,98.32,32.0,1710.49609375,338.28657669201493
2026-07-21T02:28:03.273788+00:00,3819.0,38.0,98.49,32.0,1710.49609375,338.5916266813874
2026-07-21T02:28:03.558857+00:00,3819.0,38.0,98.52,32.0,1710.49609375,338.87669572234154
2026-07-21T02:28:03.909672+00:00,3819.0,38.0,98.69,32.0,1710.49609375,339.22751036658883
2026-07-21T02:28:04.214905+00:00,3819.0,37.0,98.63,32.0,1710.49609375,339.53274400159717
2026-07-21T02:28:04.541108+00:00,3819.0,39.0,98.59,32.0,1710.49609375,339.8589469194412
2026-07-21T02:28:04.848608+00:00,3819.0,34.0,98.9,32.0,1710.5,340.16644559428096
2026-07-21T02:28:05.198260+00:00,3819.0,38.0,98.56,32.0,1710.5,340.5160980038345
2026-07-21T02:28:05.501270+00:00,3819.0,38.0,98.49,32.0,1710.5,340.8191081993282
2026-07-21T02:28:05.783094+00:00,3819.0,38.0,98.97,32.0,1710.5,341.1009327508509
2026-07-21T02:28:06.064900+00:00,3819.0,38.0,98.7,32.0,1710.5,341.382738918066
2026-07-21T02:28:06.369555+00:00,3819.0,37.0,98.8,32.0,1710.5,341.68739380687475
2026-07-21T02:28:06.652907+00:00,3819.0,38.0,99.14,32.0,1710.5,341.97074560076
2026-07-21T02:28:06.978697+00:00,3819.0,37.0,98.97,32.0,1710.5,342.2965348623693
2026-07-21T02:28:07.303978+00:00,3819.0,38.0,98.96,32.0,1710.5,342.6218170337379
2026-07-21T02:28:07.607767+00:00,3819.0,38.0,98.65,32.0,1710.5,342.9256066568196
2026-07-21T02:28:07.913588+00:00,3819.0,39.0,98.76,32.0,1710.5,343.2314265705645
2026-07-21T02:28:08.217131+00:00,3819.0,38.0,98.82,32.0,1710.5,343.5349701792002
2026-07-21T02:28:08.515991+00:00,3819.0,38.0,98.83,32.0,1710.5,343.8338300809264
2026-07-21T02:28:08.796386+00:00,3819.0,38.0,98.69,32.0,1710.5234375,344.11422234401107
2026-07-21T02:28:09.124282+00:00,3819.0,37.0,98.54,32.0,1710.5234375,344.44211944937706
2026-07-21T02:28:09.411329+00:00,3819.0,37.0,98.9,32.0,1710.5234375,344.72916758432984
2026-07-21T02:28:09.699689+00:00,3819.0,39.0,98.88,32.0,1710.5234375,345.01752707362175
2026-07-21T02:28:10.028578+00:00,3819.0,38.0,99.16,32.0,1710.5234375,345.3464165851474
2026-07-21T02:28:10.376548+00:00,3819.0,38.0,99.18,32.0,1710.5234375,345.69438610225916
2026-07-21T02:28:10.716027+00:00,3819.0,27.0,99.73,32.0,1710.53515625,346.03386480361223
2026-07-21T02:28:11.029175+00:00,3819.0,37.0,99.37,32.0,1710.53515625,346.3470139913261
2026-07-21T02:28:11.334186+00:00,3819.0,38.0,98.89,32.0,1710.53515625,346.6520245708525
2026-07-21T02:28:11.617544+00:00,3819.0,37.0,98.42,32.0,1710.53515625,346.9353823252022
2026-07-21T02:28:11.940283+00:00,3819.0,38.0,97.96,32.0,1710.53515625,347.2581213079393
2026-07-21T02:28:12.246349+00:00,3819.0,38.0,97.92,32.0,1710.53515625,347.56418695673347
2026-07-21T02:28:12.568509+00:00,3819.0,32.0,98.5,32.0,1710.5625,347.88634580373764
2026-07-21T02:28:12.896323+00:00,3819.0,37.0,98.76,32.0,1710.5625,348.21416119113564
2026-07-21T02:28:13.201695+00:00,3819.0,36.0,98.5,32.0,1710.5625,348.51953215152025
2026-07-21T02:28:13.483934+00:00,3819.0,38.0,98.32,32.0,1710.5625,348.80177204310894
2026-07-21T02:28:13.790851+00:00,3819.0,37.0,97.66,32.0,1710.5625,349.1086898185313
2026-07-21T02:28:14.135819+00:00,3819.0,38.0,98.23,32.0,1710.5625,349.45365768671036
2026-07-21T02:28:14.484731+00:00,3819.0,38.0,98.2,32.0,1710.5625,349.8025695383549
2026-07-21T02:28:14.769533+00:00,3819.0,38.0,98.33,32.0,1710.5625,350.0873541943729
2026-07-21T02:28:15.103327+00:00,3819.0,31.0,98.33,33.0,1710.58203125,350.4211645424366
2026-07-21T02:28:15.410836+00:00,3819.0,38.0,98.33,32.0,1710.58203125,350.72867412120104
2026-07-21T02:28:15.716657+00:00,3819.0,37.0,98.19,32.0,1710.58203125,351.0344893857837
2026-07-21T02:28:16.023852+00:00,3819.0,38.0,98.25,32.0,1710.58203125,351.3416912332177
2026-07-21T02:28:16.331406+00:00,3819.0,38.0,98.05,32.0,1710.58203125,351.6492441855371
2026-07-21T02:28:16.615253+00:00,3819.0,37.0,98.12,32.0,1710.58203125,351.93309116363525
2026-07-21T02:28:16.899693+00:00,3819.0,38.0,98.12,32.0,1710.58203125,352.21753219515085
2026-07-21T02:28:17.207167+00:00,3819.0,38.0,98.12,32.0,1710.58203125,352.52500550821424
2026-07-21T02:28:17.514074+00:00,3819.0,38.0,98.23,32.0,1710.58203125,352.83191300183535
2026-07-21T02:28:17.837979+00:00,3819.0,32.0,98.7,32.0,1710.6015625,353.1558155119419
2026-07-21T02:28:18.123654+00:00,3819.0,38.0,98.54,32.0,1710.6015625,353.44149167463183
2026-07-21T02:28:18.453895+00:00,3819.0,38.0,98.49,32.0,1710.6015625,353.7717338241637
2026-07-21T02:28:18.738068+00:00,3819.0,37.0,98.28,32.0,1710.6015625,354.0559062808752
2026-07-21T02:28:19.049086+00:00,3819.0,38.0,97.85,32.0,1710.6015625,354.3669236935675
2026-07-21T02:28:19.351934+00:00,3819.0,38.0,98.03,32.0,1710.6015625,354.66977194696665
2026-07-21T02:28:19.662612+00:00,3819.0,38.0,98.19,32.0,1710.6015625,354.98045010119677
2026-07-21T02:28:19.970419+00:00,3819.0,38.0,98.52,32.0,1710.62109375,355.28825606033206
2026-07-21T02:28:20.289065+00:00,3819.0,38.0,98.58,32.0,1710.62109375,355.6069044470787
2026-07-21T02:28:20.595664+00:00,3819.0,38.0,98.42,32.0,1710.62109375,355.91350189596415
2026-07-21T02:28:20.927483+00:00,3819.0,38.0,98.43,32.0,1710.62109375,356.24532113969326
2026-07-21T02:28:21.234631+00:00,3819.0,38.0,98.31,32.0,1710.62109375,356.5524694658816
2026-07-21T02:28:21.540858+00:00,3819.0,37.0,98.14,32.0,1710.625,356.85869640111923
2026-07-21T02:28:21.868547+00:00,3819.0,30.0,97.93,32.0,1710.64453125,357.1863801777363
2026-07-21T02:28:22.171951+00:00,3819.0,38.0,98.19,32.0,1710.64453125,357.4897866025567
2026-07-21T02:28:22.501718+00:00,3819.0,37.0,98.34,32.0,1710.64453125,357.8195567317307
2026-07-21T02:28:22.850267+00:00,3819.0,39.0,98.57,32.0,1710.64453125,358.1681055761874
2026-07-21T02:28:23.133601+00:00,3819.0,38.0,98.28,32.0,1710.64453125,358.45144003629684
2026-07-21T02:28:23.457105+00:00,3819.0,39.0,98.88,32.0,1710.64453125,358.77494337037206
2026-07-21T02:28:23.741296+00:00,3819.0,38.0,98.77,32.0,1710.64453125,359.0591350980103
2026-07-21T02:28:24.049138+00:00,3819.0,39.0,98.9,32.0,1710.64453125,359.36697658896446
2026-07-21T02:28:24.359221+00:00,3819.0,38.0,98.6,32.0,1710.64453125,359.67705976963043
2026-07-21T02:28:24.666700+00:00,3819.0,37.0,98.46,32.0,1710.64453125,359.9845381192863
2026-07-21T02:28:25.027042+00:00,3819.0,32.0,98.98,33.0,1710.66796875,360.3448794223368
2026-07-21T02:28:25.356995+00:00,3819.0,38.0,99.15,32.0,1710.66796875,360.67483373358846
2026-07-21T02:28:25.660156+00:00,3819.0,38.0,99.07,32.0,1710.66796875,360.97799419239163
2026-07-21T02:28:25.966425+00:00,3819.0,38.0,99.05,32.0,1710.66796875,361.28426261618733
2026-07-21T02:28:26.274571+00:00,3819.0,38.0,98.3,32.0,1710.66796875,361.5924100242555
2026-07-21T02:28:26.627101+00:00,3819.0,37.0,98.45,32.0,1710.69140625,361.94493747502565
2026-07-21T02:28:26.943405+00:00,3819.0,37.0,99.15,32.0,1710.69140625,362.26124424114823
2026-07-21T02:28:27.250719+00:00,3819.0,37.0,99.07,32.0,1710.69140625,362.5685580037534
2026-07-21T02:28:27.535077+00:00,3819.0,38.0,99.12,32.0,1710.69140625,362.8529148064554
2026-07-21T02:28:27.862504+00:00,3819.0,38.0,98.52,32.0,1710.69140625,363.18034188076854
2026-07-21T02:28:28.172374+00:00,3819.0,38.0,98.45,32.0,1710.69140625,363.490212533623
2026-07-21T02:28:28.480997+00:00,3819.0,38.0,98.25,32.0,1710.69140625,363.79883539676666
2026-07-21T02:28:28.782982+00:00,3819.0,37.0,98.67,32.0,1710.69140625,364.1008206233382
2026-07-21T02:28:29.114349+00:00,3819.0,38.0,98.66,32.0,1710.69140625,364.43218801915646
2026-07-21T02:28:29.441633+00:00,3819.0,38.0,98.91,32.0,1710.69140625,364.7594706788659
2026-07-21T02:28:29.726467+00:00,3819.0,37.0,98.54,32.0,1710.69140625,365.04430565983057
2026-07-21T02:28:30.075594+00:00,3819.0,37.0,98.42,32.0,1710.69140625,365.39343229681253
2026-07-21T02:28:30.379992+00:00,3819.0,36.0,98.49,32.0,1710.71484375,365.6978288702667
2026-07-21T02:28:30.687570+00:00,3819.0,36.0,98.3,32.0,1710.71484375,366.00540747866035
2026-07-21T02:28:30.995092+00:00,3819.0,38.0,98.07,32.0,1710.71484375,366.3129307888448
2026-07-21T02:28:31.300781+00:00,3819.0,38.0,97.78,32.0,1710.71484375,366.6186205819249
2026-07-21T02:28:31.605556+00:00,3819.0,37.0,97.93,32.0,1710.71484375,366.923393458128
2026-07-21T02:28:31.911029+00:00,3819.0,38.0,98.18,32.0,1710.71484375,367.2288681380451
2026-07-21T02:28:32.265936+00:00,3819.0,37.0,98.44,32.0,1710.71484375,367.58377331495285
2026-07-21T02:28:32.601513+00:00,3819.0,31.0,97.34,32.0,1710.71484375,367.91935101151466
2026-07-21T02:28:32.936300+00:00,3819.0,35.0,97.66,32.0,1710.73828125,368.2541371807456
2026-07-21T02:28:33.238547+00:00,3819.0,36.0,97.4,32.0,1710.73828125,368.55638448894024
2026-07-21T02:28:33.547057+00:00,3819.0,36.0,98.26,32.0,1710.73828125,368.86489526182413
2026-07-21T02:28:33.855344+00:00,3819.0,35.0,97.46,32.0,1710.7421875,369.1731815598905
2026-07-21T02:28:34.159108+00:00,3819.0,35.0,97.27,32.0,1710.7421875,369.4769463837147
2026-07-21T02:28:34.505857+00:00,3819.0,35.0,97.23,32.0,1710.7421875,369.82369542494416
2026-07-21T02:28:34.816688+00:00,3819.0,35.0,97.57,32.0,1710.7421875,370.1345255188644
2026-07-21T02:28:35.116684+00:00,3819.0,31.0,98.22,32.0,1710.76171875,370.43452076241374
2026-07-21T02:28:35.400596+00:00,3819.0,35.0,98.11,32.0,1710.76171875,370.71843469142914
2026-07-21T02:28:35.750748+00:00,3819.0,36.0,97.69,32.0,1710.76171875,371.0685846693814
2026-07-21T02:28:36.072910+00:00,3819.0,36.0,97.11,32.0,1710.765625,371.39074770733714
2026-07-21T02:28:36.375545+00:00,3819.0,34.0,97.22,32.0,1710.765625,371.6933789625764
2026-07-21T02:28:36.664871+00:00,3819.0,35.0,97.14,32.0,1710.765625,371.9826695583761
2026-07-21T02:28:36.975128+00:00,3819.0,34.0,97.15,32.0,1710.765625,372.2929669506848
2026-07-21T02:28:37.279553+00:00,3819.0,35.0,97.23,32.0,1710.765625,372.59737825393677
2026-07-21T02:28:37.587046+00:00,3819.0,35.0,97.37,32.0,1710.765625,372.90488443523645
2026-07-21T02:28:37.934867+00:00,3819.0,33.0,97.41,32.0,1710.765625,373.2527055181563
2026-07-21T02:28:38.242705+00:00,3819.0,26.0,96.84,32.0,1710.7890625,373.5605430342257
2026-07-21T02:28:38.593239+00:00,3819.0,35.0,96.57,32.0,1710.7890625,373.9110593944788
2026-07-21T02:28:38.879367+00:00,3819.0,34.0,96.88,32.0,1710.7890625,374.19720554351807
2026-07-21T02:28:39.186340+00:00,3819.0,35.0,97.76,32.0,1710.7890625,374.5041788518429
2026-07-21T02:28:39.469537+00:00,3819.0,34.0,97.71,32.0,1710.7890625,374.7873764038086
2026-07-21T02:28:39.775317+00:00,3819.0,35.0,97.44,32.0,1710.7890625,375.0931476280093
2026-07-21T02:28:40.078785+00:00,3819.0,35.0,97.08,32.0,1710.7890625,375.3966232612729
2026-07-21T02:28:40.433386+00:00,3819.0,34.0,97.16,32.0,1710.7890625,375.7512122988701
2026-07-21T02:28:40.738649+00:00,3819.0,35.0,97.14,32.0,1710.7890625,376.0564874112606
2026-07-21T02:28:41.070498+00:00,3819.0,35.0,97.52,32.0,1710.7890625,376.3883366920054
2026-07-21T02:28:41.379019+00:00,3819.0,36.0,97.74,32.0,1710.7890625,376.69685795530677
2026-07-21T02:28:41.663279+00:00,3819.0,35.0,98.01,32.0,1710.7890625,376.98111812770367
2026-07-21T02:28:41.967332+00:00,3819.0,36.0,98.59,32.0,1710.8125,377.28516551852226
2026-07-21T02:28:42.275242+00:00,3819.0,34.0,98.4,32.0,1710.8125,377.5930784791708
2026-07-21T02:28:42.582692+00:00,3819.0,35.0,98.29,32.0,1710.8125,377.90051675215364
2026-07-21T02:28:42.936002+00:00,3819.0,36.0,97.73,32.0,1710.8125,378.25384011492133
2026-07-21T02:28:43.288382+00:00,3819.0,33.0,97.46,32.0,1710.8125,378.60622012242675
2026-07-21T02:28:43.617073+00:00,3819.0,36.0,97.45,32.0,1710.8125,378.9349057227373
2026-07-21T02:28:43.926880+00:00,3819.0,36.0,97.37,32.0,1710.8125,379.24471248686314
2026-07-21T02:28:44.256892+00:00,3819.0,34.0,97.73,32.0,1710.8125,379.57472958788276
2026-07-21T02:28:44.567981+00:00,3819.0,34.0,97.52,32.0,1710.8125,379.8858175948262
2026-07-21T02:28:44.916460+00:00,3819.0,33.0,97.32,32.0,1710.8125,380.2342615276575
2026-07-21T02:28:45.221334+00:00,3819.0,35.0,97.11,32.0,1710.8125,380.5391728170216
2026-07-21T02:28:45.525667+00:00,3819.0,34.0,97.88,32.0,1710.8359375,380.8434918373823
2026-07-21T02:28:45.851697+00:00,3819.0,36.0,98.11,32.0,1710.8359375,381.16953571140766
2026-07-21T02:28:46.157793+00:00,3819.0,34.0,98.19,32.0,1710.8359375,381.47563261166215
2026-07-21T02:28:46.462806+00:00,3819.0,36.0,97.25,32.0,1710.8359375,381.78064553812146
2026-07-21T02:28:46.766055+00:00,3819.0,35.0,97.34,32.0,1710.8359375,382.0838941447437
2026-07-21T02:28:47.071219+00:00,3819.0,34.0,97.48,32.0,1710.8359375,382.3890577554703
2026-07-21T02:28:47.400202+00:00,3819.0,35.0,97.37,32.0,1710.8359375,382.7180358916521
2026-07-21T02:28:47.705985+00:00,3819.0,35.0,97.18,32.0,1710.8359375,383.02381467819214
2026-07-21T02:28:48.055905+00:00,3819.0,34.0,96.86,32.0,1710.8359375,383.37374199554324
2026-07-21T02:28:48.387871+00:00,3819.0,36.0,97.04,32.0,1710.83984375,383.7057100087404
2026-07-21T02:28:48.738673+00:00,3819.0,33.0,97.91,32.0,1710.86328125,384.05650613084435
2026-07-21T02:28:49.048624+00:00,3819.0,36.0,97.84,32.0,1710.86328125,384.3664627559483
2026-07-21T02:28:49.350292+00:00,3819.0,36.0,97.73,32.0,1710.86328125,384.6681305281818
2026-07-21T02:28:49.701328+00:00,3819.0,36.0,97.51,32.0,1710.86328125,385.01916636154056
2026-07-21T02:28:49.984421+00:00,3819.0,35.0,97.12,32.0,1710.86328125,385.30225940421224
2026-07-21T02:28:50.292163+00:00,3819.0,35.0,97.43,32.0,1710.86328125,385.6099949143827
2026-07-21T02:28:50.599967+00:00,3819.0,33.0,97.51,32.0,1710.86328125,385.9178061373532
2026-07-21T02:28:50.932228+00:00,3819.0,33.0,97.3,32.0,1710.86328125,386.25006583705544
2026-07-21T02:28:51.238210+00:00,3819.0,32.0,97.07,32.0,1710.86328125,386.55603935569525
2026-07-21T02:28:51.522463+00:00,3819.0,36.0,97.11,32.0,1710.86328125,386.8403024151921
2026-07-21T02:28:51.851623+00:00,3819.0,35.0,97.23,32.0,1710.88671875,387.1694565229118
2026-07-21T02:28:52.176500+00:00,3819.0,26.0,97.74,32.0,1710.88671875,387.49433858692646
2026-07-21T02:28:52.505003+00:00,3819.0,33.0,97.16,32.0,1710.88671875,387.822842143476
2026-07-21T02:28:52.814613+00:00,3819.0,33.0,97.09,32.0,1710.88671875,388.13245245069265
2026-07-21T02:28:53.143655+00:00,3819.0,34.0,96.75,32.0,1710.89453125,388.46149453148246
2026-07-21T02:28:53.427694+00:00,3819.0,35.0,97.08,32.0,1710.89453125,388.74553310498595
2026-07-21T02:28:53.732594+00:00,3819.0,36.0,97.2,32.0,1710.89453125,389.0504335388541
2026-07-21T02:28:54.045325+00:00,3819.0,29.0,97.68,32.0,1710.921875,389.3631631433964
2026-07-21T02:28:54.372752+00:00,3819.0,35.0,97.8,32.0,1710.921875,389.69059159979224
2026-07-21T02:28:54.700424+00:00,3819.0,34.0,97.63,32.0,1710.921875,390.01826299726963
2026-07-21T02:28:55.001467+00:00,3819.0,34.0,97.12,32.0,1710.921875,390.31930438801646
2026-07-21T02:28:55.306343+00:00,3819.0,33.0,96.91,32.0,1710.921875,390.62417140603065
2026-07-21T02:28:55.660471+00:00,3819.0,36.0,96.95,32.0,1710.921875,390.97830921784043
2026-07-21T02:28:55.965752+00:00,3819.0,35.0,97.23,32.0,1710.9375,391.28358932211995
2026-07-21T02:28:56.270372+00:00,3819.0,34.0,97.59,32.0,1710.9375,391.5882114432752
2026-07-21T02:28:56.599762+00:00,3819.0,36.0,97.57,32.0,1710.9375,391.91760098561645
2026-07-21T02:28:56.952103+00:00,3819.0,35.0,97.25,32.0,1710.9375,392.26994179561734
2026-07-21T02:28:57.257896+00:00,3819.0,34.0,97.0,32.0,1710.9375,392.5757349394262
2026-07-21T02:28:57.562919+00:00,3819.0,34.0,96.86,32.0,1710.9375,392.88075871393085
2026-07-21T02:28:57.869950+00:00,3819.0,34.0,97.07,32.0,1710.94140625,393.1877882182598
2026-07-21T02:28:58.228580+00:00,3819.0,35.0,97.36,32.0,1710.95703125,393.54641784727573
2026-07-21T02:28:58.553171+00:00,3819.0,34.0,97.66,32.0,1710.95703125,393.87100986018777
2026-07-21T02:28:58.857315+00:00,3819.0,36.0,97.44,32.0,1710.95703125,394.17515420913696
2026-07-21T02:28:59.166407+00:00,3819.0,35.0,97.48,32.0,1710.9765625,394.48424591869116
2026-07-21T02:28:59.469182+00:00,3819.0,35.0,97.76,32.0,1710.98046875,394.78701458498836
2026-07-21T02:28:59.774212+00:00,3819.0,34.0,97.54,32.0,1710.98046875,395.0920502357185
2026-07-21T02:29:00.102053+00:00,3819.0,36.0,97.74,32.0,1710.984375,395.41989209502935
2026-07-21T02:29:00.419244+00:00,3819.0,32.0,96.86,32.0,1711.015625,395.737072955817
2026-07-21T02:29:00.768648+00:00,3819.0,32.0,97.0,32.0,1711.015625,396.0864846520126
2026-07-21T02:29:01.115831+00:00,3819.0,33.0,96.79,32.0,1711.01953125,396.4336695857346
2026-07-21T02:29:01.422089+00:00,3819.0,35.0,96.94,32.0,1711.01953125,396.7399282492697
2026-07-21T02:29:01.752610+00:00,3819.0,34.0,96.79,32.0,1711.03125,397.0704487301409
2026-07-21T02:29:02.079701+00:00,3819.0,24.0,95.95,32.0,1711.03125,397.39753979444504
2026-07-21T02:29:02.408944+00:00,3819.0,35.0,96.52,32.0,1711.06640625,397.7267767339945
2026-07-21T02:29:02.695615+00:00,3819.0,34.0,96.47,32.0,1711.0703125,398.0134543739259
2026-07-21T02:29:02.978231+00:00,3819.0,35.0,97.05,32.0,1711.0703125,398.2960702292621
2026-07-21T02:29:03.324348+00:00,3819.0,35.0,96.88,32.0,1711.0859375,398.6421857699752
2026-07-21T02:29:03.608266+00:00,3819.0,34.0,97.07,32.0,1711.0859375,398.9261051826179
2026-07-21T02:29:03.917181+00:00,3819.0,24.0,96.48,32.0,1711.0859375,399.23501516506076
2026-07-21T02:29:04.244837+00:00,3819.0,36.0,96.78,32.0,1711.09375,399.5626761801541
2026-07-21T02:29:04.558124+00:00,3819.0,34.0,96.76,32.0,1711.1171875,399.8759624660015
2026-07-21T02:29:04.866844+00:00,3819.0,35.0,97.36,32.0,1711.15234375,400.18468177318573
2026-07-21T02:29:05.169131+00:00,3819.0,34.0,97.44,32.0,1711.15234375,400.48697013035417
2026-07-21T02:29:05.469788+00:00,3819.0,36.0,97.19,32.0,1711.15234375,400.78762739151716
2026-07-21T02:29:05.800915+00:00,3819.0,35.0,97.13,32.0,1711.17578125,401.11874770745635
2026-07-21T02:29:06.111885+00:00,3819.0,34.0,97.16,32.0,1711.17578125,401.4297047704458
2026-07-21T02:29:06.402023+00:00,3819.0,36.0,96.85,32.0,1711.18359375,401.7198616042733
2026-07-21T02:29:06.713310+00:00,3819.0,35.0,96.86,32.0,1711.18359375,402.03114864975214
2026-07-21T02:29:07.043434+00:00,3819.0,34.0,96.87,32.0,1711.2421875,402.36126694083214
2026-07-21T02:29:07.396051+00:00,3819.0,34.0,97.01,32.0,1711.25,402.71388951689005
2026-07-21T02:29:07.704287+00:00,3819.0,35.0,97.39,32.0,1711.25,403.0221256390214
2026-07-21T02:29:08.009008+00:00,3819.0,36.0,97.6,32.0,1711.26953125,403.3268461674452
2026-07-21T02:29:08.336833+00:00,3819.0,34.0,97.42,32.0,1711.26953125,403.65467224642634
2026-07-21T02:29:08.659977+00:00,3819.0,35.0,97.29,32.0,1711.32421875,403.97781382501125
2026-07-21T02:29:08.969534+00:00,3819.0,34.0,96.89,32.0,1711.328125,404.28737254440784
2026-07-21T02:29:09.295933+00:00,3819.0,34.0,96.83,32.0,1711.328125,404.61377169936895
2026-07-21T02:29:09.602048+00:00,3819.0,36.0,96.72,32.0,1711.33984375,404.91988657042384
2026-07-21T02:29:09.909878+00:00,3819.0,35.0,96.83,32.0,1711.33984375,405.2277172654867
2026-07-21T02:29:10.193082+00:00,3819.0,36.0,97.04,32.0,1711.34375,405.51092060282826
2026-07-21T02:29:10.511636+00:00,3819.0,35.0,97.55,32.0,1711.40625,405.8294738084078
2026-07-21T02:29:10.818556+00:00,3819.0,35.0,97.62,32.0,1711.40625,406.1363944634795
2026-07-21T02:29:11.167972+00:00,3819.0,35.0,97.61,32.0,1711.41796875,406.4858109354973
2026-07-21T02:29:11.473839+00:00,3819.0,35.0,97.13,32.0,1711.41796875,406.79167767614126
2026-07-21T02:29:11.781515+00:00,3819.0,34.0,96.79,32.0,1711.4296875,407.09935303777456
2026-07-21T02:29:12.176098+00:00,3819.0,17.0,93.0,32.0,1711.44140625,407.4939361140132
2026-07-21T02:29:12.508381+00:00,3819.0,33.0,93.25,32.0,1711.44140625,407.8262194208801
2026-07-21T02:29:12.813656+00:00,3819.0,36.0,93.65,32.0,1711.44140625,408.1314936839044
2026-07-21T02:29:13.122043+00:00,3819.0,34.0,97.24,32.0,1711.45703125,408.43988195061684
2026-07-21T02:29:13.430699+00:00,3819.0,35.0,97.44,32.0,1711.45703125,408.7485278211534
2026-07-21T02:29:13.718601+00:00,3819.0,36.0,97.29,32.0,1711.45703125,409.0364405699074
2026-07-21T02:29:14.067877+00:00,3819.0,32.0,97.0,32.0,1711.45703125,409.38571578636765
2026-07-21T02:29:14.396046+00:00,3819.0,34.0,97.29,32.0,1711.45703125,409.7138850390911
2026-07-21T02:29:14.724643+00:00,3819.0,34.0,97.35,32.0,1711.5390625,410.0424754731357
2026-07-21T02:29:15.008476+00:00,3819.0,34.0,97.98,32.0,1711.5390625,410.32631523907185
2026-07-21T02:29:15.354713+00:00,3819.0,35.0,97.83,32.0,1711.5390625,410.67255180701613
2026-07-21T02:29:15.661464+00:00,3819.0,36.0,97.61,32.0,1711.5390625,410.97930377721786
2026-07-21T02:29:16.007908+00:00,3819.0,36.0,97.06,32.0,1711.5390625,411.3257465995848
2026-07-21T02:29:16.332216+00:00,3819.0,34.0,97.2,32.0,1711.5390625,411.650055333972
2026-07-21T02:29:16.683069+00:00,3819.0,34.0,97.29,32.0,1711.5390625,412.0009075701237
2026-07-21T02:29:17.010222+00:00,3819.0,35.0,97.4,32.0,1711.5390625,412.3280604593456
2026-07-21T02:29:17.364488+00:00,3819.0,34.0,97.4,32.0,1711.5390625,412.6823256649077
2026-07-21T02:29:17.674106+00:00,3819.0,28.0,97.32,32.0,1711.5625,412.99194394797087
2026-07-21T02:29:18.027625+00:00,3819.0,35.0,97.64,32.0,1711.5625,413.34546396136284
2026-07-21T02:29:18.330040+00:00,3819.0,36.0,97.69,32.0,1711.5625,413.6478784829378
2026-07-21T02:29:18.661250+00:00,3819.0,35.0,97.74,32.0,1711.5625,413.97908897697926
2026-07-21T02:29:18.965922+00:00,3819.0,36.0,97.55,32.0,1711.5625,414.28375525027514
2026-07-21T02:29:19.274800+00:00,3819.0,35.0,97.28,32.0,1711.5625,414.5926384180784
2026-07-21T02:29:19.600772+00:00,3819.0,34.0,97.14,32.0,1711.5625,414.9186114668846
2026-07-21T02:29:19.904514+00:00,3819.0,36.0,96.98,32.0,1711.5625,415.22235291451216
2026-07-21T02:29:20.247256+00:00,3819.0,35.0,97.11,32.0,1711.5625,415.5650944188237
2026-07-21T02:29:20.575779+00:00,3819.0,34.0,97.14,32.0,1711.5625,415.89361772313714
2026-07-21T02:29:20.888802+00:00,3819.0,35.0,97.08,32.0,1711.5625,416.2066392414272
2026-07-21T02:29:21.245400+00:00,3819.0,33.0,97.37,32.0,1711.578125,416.56323137134314
2026-07-21T02:29:21.574621+00:00,3819.0,35.0,97.45,32.0,1711.578125,416.89246021956205
2026-07-21T02:29:21.903082+00:00,3819.0,35.0,97.33,32.0,1711.578125,417.2209102585912
2026-07-21T02:29:22.235915+00:00,3819.0,34.0,97.29,32.0,1711.578125,417.553754221648
2026-07-21T02:29:22.592937+00:00,3819.0,34.0,97.18,32.0,1711.578125,417.91077556088567
2026-07-21T02:29:22.897229+00:00,3819.0,35.0,97.39,32.0,1711.578125,418.2150678932667
2026-07-21T02:29:23.244879+00:00,3819.0,35.0,97.32,32.0,1711.59765625,418.5627119317651
2026-07-21T02:29:23.550061+00:00,3819.0,34.0,97.47,32.0,1711.59765625,418.8678996749222
2026-07-21T02:29:23.857308+00:00,3819.0,35.0,97.28,32.0,1711.59765625,419.1751466207206
2026-07-21T02:29:24.161565+00:00,3819.0,34.0,97.04,32.0,1711.6171875,419.47940303757787
2026-07-21T02:29:24.464724+00:00,3819.0,35.0,97.15,32.0,1711.6171875,419.7825619354844
2026-07-21T02:29:24.773841+00:00,3819.0,36.0,97.08,32.0,1711.6171875,420.09167958796024
2026-07-21T02:29:25.063136+00:00,3819.0,36.0,96.99,32.0,1711.6171875,420.3809732235968
2026-07-21T02:29:25.374740+00:00,3819.0,35.0,96.72,32.0,1711.6171875,420.6925784908235
2026-07-21T02:29:25.702366+00:00,3819.0,36.0,96.67,32.0,1711.6328125,421.0202036239207
2026-07-21T02:29:25.989619+00:00,3819.0,34.0,96.58,32.0,1711.6328125,421.307451736182
2026-07-21T02:29:26.340245+00:00,3819.0,36.0,96.63,32.0,1711.6328125,421.65808369219303
2026-07-21T02:29:26.691257+00:00,3819.0,36.0,96.75,32.0,1711.6328125,422.0090953223407
2026-07-21T02:29:26.997341+00:00,3819.0,35.0,97.24,32.0,1711.6328125,422.31517915427685
2026-07-21T02:29:27.323469+00:00,3819.0,36.0,97.3,32.0,1711.6328125,422.6413081921637
2026-07-21T02:29:27.672510+00:00,3819.0,33.0,97.5,32.0,1711.63671875,422.99034825339913
2026-07-21T02:29:27.957511+00:00,3819.0,35.0,97.63,32.0,1711.63671875,423.27534998580813
2026-07-21T02:29:28.265609+00:00,3819.0,36.0,97.21,32.0,1711.63671875,423.58344799280167
2026-07-21T02:29:28.549004+00:00,3819.0,36.0,97.0,32.0,1711.63671875,423.8668430894613
2026-07-21T02:29:28.851757+00:00,3819.0,36.0,97.11,32.0,1711.63671875,424.16959580406547
2026-07-21T02:29:29.156280+00:00,3819.0,35.0,97.24,32.0,1711.63671875,424.4741189479828
2026-07-21T02:29:29.436872+00:00,3819.0,36.0,97.22,32.0,1711.63671875,424.7547121308744
2026-07-21T02:29:29.763168+00:00,3819.0,36.0,97.36,32.0,1711.63671875,425.0810066461563
2026-07-21T02:29:30.070472+00:00,3819.0,36.0,97.26,32.0,1711.640625,425.3883098401129
2026-07-21T02:29:30.403500+00:00,3819.0,36.0,97.51,32.0,1711.640625,425.7213382869959
2026-07-21T02:29:30.727276+00:00,3819.0,34.0,97.05,32.0,1711.640625,426.0451152212918
2026-07-21T02:29:31.080770+00:00,3819.0,34.0,97.12,32.0,1711.640625,426.39860712364316
2026-07-21T02:29:31.366447+00:00,3819.0,35.0,97.2,32.0,1711.64453125,426.68428559601307
2026-07-21T02:29:31.673447+00:00,3819.0,36.0,97.43,32.0,1711.64453125,426.9912866577506
2026-07-21T02:29:31.995355+00:00,3819.0,35.0,97.21,32.0,1711.64453125,427.31318475306034
2026-07-21T02:29:32.299994+00:00,3819.0,35.0,96.87,32.0,1711.64453125,427.61783343553543
2026-07-21T02:29:32.603190+00:00,3819.0,35.0,96.82,32.0,1711.64453125,427.92102920264006
2026-07-21T02:29:32.908847+00:00,3819.0,35.0,96.96,32.0,1711.64453125,428.22668639570475
2026-07-21T02:29:33.210717+00:00,3819.0,25.0,97.18,32.0,1711.6484375,428.52855498343706
2026-07-21T02:29:33.516520+00:00,3819.0,36.0,97.14,32.0,1711.6484375,428.83435920998454
2026-07-21T02:29:33.863764+00:00,3819.0,35.0,97.17,32.0,1711.6484375,429.18160331621766
2026-07-21T02:29:34.169555+00:00,3819.0,34.0,96.95,32.0,1711.6484375,429.4873944334686
2026-07-21T02:29:34.494227+00:00,3819.0,36.0,97.0,32.0,1711.6484375,429.8120669722557
2026-07-21T02:29:34.798997+00:00,3819.0,36.0,97.17,32.0,1711.6484375,430.1168364584446
2026-07-21T02:29:35.094115+00:00,3819.0,36.0,97.21,32.0,1711.6484375,430.4119537062943
2026-07-21T02:29:35.415850+00:00,3819.0,35.0,97.56,32.0,1711.6484375,430.73368499800563
2026-07-21T02:29:35.763511+00:00,3819.0,35.0,97.45,32.0,1711.6484375,431.08135018497705
2026-07-21T02:29:36.065439+00:00,3819.0,36.0,97.45,32.0,1711.6484375,431.3832776360214
2026-07-21T02:29:36.369627+00:00,3819.0,36.0,97.39,32.0,1711.6484375,431.68746599555016
2026-07-21T02:29:36.673173+00:00,3819.0,36.0,97.4,32.0,1711.6484375,431.99101136624813
2026-07-21T02:29:36.999377+00:00,3819.0,36.0,97.83,32.0,1711.6484375,432.3172158561647
2026-07-21T02:29:37.304115+00:00,3819.0,35.0,97.72,32.0,1711.6484375,432.6219546236098
2026-07-21T02:29:37.603050+00:00,3819.0,36.0,97.65,32.0,1711.6484375,432.9208891876042
2026-07-21T02:29:37.908939+00:00,3819.0,36.0,97.78,32.0,1711.6484375,433.22677824646235
2026-07-21T02:29:38.190452+00:00,3819.0,36.0,97.75,32.0,1711.65234375,433.5082912892103
2026-07-21T02:29:38.543744+00:00,3819.0,35.0,98.24,32.0,1711.65625,433.8615818656981
2026-07-21T02:29:38.845743+00:00,3819.0,35.0,98.06,32.0,1711.65625,434.16358184814453
2026-07-21T02:29:39.175705+00:00,3819.0,35.0,97.77,32.0,1711.65625,434.4935440160334
2026-07-21T02:29:39.500011+00:00,3819.0,34.0,97.33,32.0,1711.65625,434.817849971354
2026-07-21T02:29:39.805789+00:00,3819.0,36.0,97.16,32.0,1711.65625,435.12362748757005
2026-07-21T02:29:40.109363+00:00,3819.0,35.0,96.77,32.0,1711.66015625,435.4272013679147
2026-07-21T02:29:40.452864+00:00,3819.0,34.0,97.61,32.0,1711.66015625,435.77070258557796
2026-07-21T02:29:40.809782+00:00,3819.0,36.0,97.58,32.0,1711.66015625,436.12762108817697
2026-07-21T02:29:41.117591+00:00,3819.0,34.0,97.73,32.0,1711.66015625,436.4354300647974
2026-07-21T02:29:41.426825+00:00,3819.0,36.0,96.96,32.0,1711.66015625,436.74466337636113
2026-07-21T02:29:41.721735+00:00,3819.0,34.0,96.99,32.0,1711.66015625,437.03957318887115
2026-07-21T02:29:42.029533+00:00,3819.0,34.0,96.88,32.0,1711.66015625,437.3473714068532
2026-07-21T02:29:42.338479+00:00,3819.0,35.0,97.04,32.0,1711.66015625,437.6563181653619
2026-07-21T02:29:42.647677+00:00,3819.0,35.0,96.82,32.0,1711.66015625,437.9655155390501
2026-07-21T02:29:42.975893+00:00,3819.0,35.0,96.97,32.0,1711.66015625,438.2937322035432
2026-07-21T02:29:43.301050+00:00,3819.0,35.0,96.91,32.0,1711.66015625,438.61888713762164
2026-07-21T02:29:43.606095+00:00,3819.0,35.0,97.28,32.0,1711.66015625,438.92393381148577
2026-07-21T02:29:43.935288+00:00,3819.0,35.0,97.73,32.0,1711.66015625,439.2531269416213
2026-07-21T02:29:44.218801+00:00,3819.0,35.0,98.02,32.0,1711.6640625,439.5366299152374
2026-07-21T02:29:44.519674+00:00,3819.0,36.0,98.08,32.0,1711.6640625,439.83751314505935
2026-07-21T02:29:44.872215+00:00,3819.0,33.0,97.52,32.0,1711.6640625,440.1900478862226
2026-07-21T02:29:45.194371+00:00,3819.0,35.0,97.21,32.0,1711.6640625,440.51221057772636
2026-07-21T02:29:45.499581+00:00,3819.0,35.0,97.19,32.0,1711.6640625,440.8174200281501
2026-07-21T02:29:45.808345+00:00,3819.0,36.0,97.25,32.0,1711.6640625,441.1261848025024
2026-07-21T02:29:46.136845+00:00,3819.0,36.0,97.57,32.0,1711.6640625,441.4546840749681
2026-07-21T02:29:46.462876+00:00,3819.0,35.0,97.34,32.0,1711.66796875,441.78071612119675
2026-07-21T02:29:46.785866+00:00,3819.0,35.0,97.37,32.0,1711.66796875,442.1037059351802
2026-07-21T02:29:47.089225+00:00,3819.0,34.0,97.37,32.0,1711.66796875,442.40706408396363
2026-07-21T02:29:47.397944+00:00,3819.0,34.0,97.33,32.0,1711.66796875,442.7157771214843
2026-07-21T02:29:47.705964+00:00,3819.0,35.0,97.16,32.0,1711.66796875,443.02380323782563
2026-07-21T02:29:48.014063+00:00,3819.0,28.0,97.19,32.0,1711.671875,443.3319008499384
2026-07-21T02:29:48.322403+00:00,3819.0,35.0,97.33,32.0,1711.671875,443.6402421221137
2026-07-21T02:29:48.606283+00:00,3819.0,36.0,97.44,32.0,1711.67578125,443.92412213236094
2026-07-21T02:29:48.919845+00:00,3819.0,36.0,97.67,32.0,1711.67578125,444.23768359422684
2026-07-21T02:29:49.226654+00:00,3819.0,34.0,97.57,32.0,1711.67578125,444.54449208825827
2026-07-21T02:29:49.576042+00:00,3819.0,35.0,97.55,32.0,1711.67578125,444.8938809558749
2026-07-21T02:29:49.904750+00:00,3819.0,35.0,97.5,32.0,1711.67578125,445.2225895188749
2026-07-21T02:29:50.188949+00:00,3819.0,36.0,97.62,32.0,1711.67578125,445.50678723305464
2026-07-21T02:29:50.494300+00:00,3819.0,35.0,97.86,32.0,1711.67578125,445.81213841959834
2026-07-21T02:29:50.777997+00:00,3819.0,36.0,97.81,32.0,1711.67578125,446.095836032182
2026-07-21T02:29:51.108043+00:00,3819.0,36.0,97.51,32.0,1711.67578125,446.42588176205754
2026-07-21T02:29:51.414408+00:00,3819.0,34.0,97.1,32.0,1711.67578125,446.7322476655245
2026-07-21T02:29:51.724553+00:00,3819.0,36.0,97.03,32.0,1711.67578125,447.04239128157496
2026-07-21T02:29:52.026165+00:00,3819.0,35.0,97.31,32.0,1711.67578125,447.34400333464146
2026-07-21T02:29:52.356212+00:00,3819.0,36.0,97.59,32.0,1711.67578125,447.67405065894127
2026-07-21T02:29:52.638373+00:00,3819.0,36.0,97.4,32.0,1711.67578125,447.9562124721706
2026-07-21T02:29:52.943874+00:00,3819.0,36.0,97.42,32.0,1711.67578125,448.26171355322003
2026-07-21T02:29:53.250311+00:00,3819.0,35.0,97.26,32.0,1711.67578125,448.56814977154136
2026-07-21T02:29:53.580521+00:00,3819.0,35.0,97.24,32.0,1711.67578125,448.89836002513766
2026-07-21T02:29:53.887990+00:00,3819.0,35.0,96.97,32.0,1711.67578125,449.20582881197333
2026-07-21T02:29:54.193890+00:00,3819.0,36.0,96.93,32.0,1711.67578125,449.5117289200425
2026-07-21T02:29:54.501691+00:00,3819.0,35.0,96.88,32.0,1711.67578125,449.819529209286
2026-07-21T02:29:54.785153+00:00,3819.0,36.0,97.04,32.0,1711.67578125,450.1029932014644
2026-07-21T02:29:55.086752+00:00,3819.0,36.0,97.08,32.0,1711.67578125,450.40459145605564
2026-07-21T02:29:55.370744+00:00,3819.0,36.0,97.72,32.0,1711.6796875,450.68858190625906
2026-07-21T02:29:55.697496+00:00,3819.0,33.0,97.5,32.0,1711.6796875,451.01533418148756
2026-07-21T02:29:56.005978+00:00,3819.0,35.0,97.14,32.0,1711.6796875,451.3238158971071
2026-07-21T02:29:56.314185+00:00,3819.0,33.0,96.68,32.0,1711.6796875,451.6320241801441
2026-07-21T02:29:56.645358+00:00,3819.0,34.0,96.6,32.0,1711.6796875,451.96319767832756
2026-07-21T02:29:56.953045+00:00,3819.0,35.0,96.81,32.0,1711.6796875,452.27088441699743
2026-07-21T02:29:57.254782+00:00,3819.0,33.0,97.31,32.0,1711.6796875,452.572621203959
2026-07-21T02:29:57.604587+00:00,3819.0,34.0,97.41,32.0,1711.6796875,452.92242397740483
2026-07-21T02:29:57.911442+00:00,3819.0,34.0,97.54,32.0,1711.68359375,453.2292803451419
2026-07-21T02:29:58.218147+00:00,3819.0,35.0,97.26,32.0,1711.68359375,453.53598626703024
2026-07-21T02:29:58.531294+00:00,3819.0,36.0,97.03,32.0,1711.68359375,453.8491327576339
2026-07-21T02:29:58.821481+00:00,3819.0,34.0,96.87,32.0,1711.68359375,454.13930993154645
2026-07-21T02:29:59.179652+00:00,3819.0,33.0,96.74,32.0,1711.68359375,454.49749087542295
2026-07-21T02:29:59.464150+00:00,3819.0,34.0,96.86,32.0,1711.68359375,454.7819892652333
2026-07-21T02:29:59.749301+00:00,3819.0,35.0,97.18,32.0,1711.68359375,455.0671347603202
2026-07-21T02:30:00.076817+00:00,3819.0,34.0,97.33,32.0,1711.6875,455.3946550004184
2026-07-21T02:30:00.381930+00:00,3819.0,36.0,97.25,32.0,1711.6875,455.69976676255465
2026-07-21T02:30:00.706949+00:00,3819.0,36.0,97.1,32.0,1711.6875,456.0247880592942
2026-07-21T02:30:00.989053+00:00,3819.0,36.0,97.2,32.0,1711.6875,456.3068891912699
2026-07-21T02:30:01.289895+00:00,3819.0,35.0,97.15,32.0,1711.6875,456.60773399844766
2026-07-21T02:30:01.597290+00:00,3819.0,36.0,97.15,32.0,1711.6875,456.9151290021837
2026-07-21T02:30:01.901486+00:00,3819.0,36.0,97.19,32.0,1711.6875,457.21932485327125
2026-07-21T02:30:02.232697+00:00,3819.0,35.0,97.13,32.0,1711.6875,457.55053585767746
2026-07-21T02:30:02.570411+00:00,3819.0,36.0,97.16,32.0,1711.6875,457.88825019448996
2026-07-21T02:30:02.876316+00:00,3819.0,35.0,97.31,32.0,1711.6953125,458.1941543854773
2026-07-21T02:30:03.178832+00:00,3819.0,35.0,97.3,32.0,1711.6953125,458.49667209014297
2026-07-21T02:30:03.507185+00:00,3819.0,35.0,97.35,32.0,1711.6953125,458.82502372935414
2026-07-21T02:30:03.847035+00:00,3819.0,35.0,97.35,32.0,1711.6953125,459.16487412154675
2026-07-21T02:30:04.154263+00:00,3819.0,36.0,97.4,32.0,1711.6953125,459.4721015281975
2026-07-21T02:30:04.457682+00:00,3819.0,35.0,97.51,32.0,1711.6953125,459.77552069723606
2026-07-21T02:30:04.766462+00:00,3819.0,35.0,97.32,32.0,1711.6953125,460.0843010507524
2026-07-21T02:30:05.102726+00:00,3819.0,35.0,97.26,32.0,1711.6953125,460.4205652438104
2026-07-21T02:30:05.455448+00:00,3819.0,35.0,97.56,32.0,1711.6953125,460.7732872851193
2026-07-21T02:30:05.758541+00:00,3819.0,36.0,97.81,32.0,1711.71484375,461.07637971639633
2026-07-21T02:30:06.064592+00:00,3819.0,36.0,97.74,32.0,1711.71484375,461.3824308477342
2026-07-21T02:30:06.348747+00:00,3819.0,36.0,97.49,32.0,1711.71484375,461.66658589988947
2026-07-21T02:30:06.650552+00:00,3819.0,35.0,97.4,32.0,1711.71484375,461.96839101985097
2026-07-21T02:30:06.955479+00:00,3819.0,36.0,97.1,32.0,1711.71484375,462.27331832796335
2026-07-21T02:30:07.239263+00:00,3819.0,36.0,97.15,32.0,1711.71484375,462.55710269883275
2026-07-21T02:30:07.545709+00:00,3819.0,36.0,97.21,32.0,1711.71484375,462.8635481894016
2026-07-21T02:30:07.874092+00:00,3819.0,30.0,97.07,32.0,1711.734375,463.19193049520254
2026-07-21T02:30:08.176402+00:00,3819.0,35.0,97.31,32.0,1711.734375,463.49424109235406
2026-07-21T02:30:08.481708+00:00,3819.0,35.0,97.31,32.0,1711.734375,463.79954736307263
2026-07-21T02:30:08.834532+00:00,3819.0,36.0,96.94,32.0,1711.734375,464.1523713693023
2026-07-21T02:30:09.139956+00:00,3819.0,35.0,96.79,32.0,1711.734375,464.4577951170504
2026-07-21T02:30:09.445668+00:00,3819.0,35.0,97.07,32.0,1711.734375,464.763507258147
2026-07-21T02:30:09.744949+00:00,3819.0,36.0,97.49,32.0,1711.734375,465.06278812140226
2026-07-21T02:30:10.082759+00:00,3819.0,35.0,97.87,32.0,1711.75,465.4005970917642
2026-07-21T02:30:10.390014+00:00,3819.0,36.0,97.8,32.0,1711.75,465.70785259082913
2026-07-21T02:30:10.719863+00:00,3819.0,36.0,97.76,32.0,1711.75,466.03770186007023
2026-07-21T02:30:11.030592+00:00,3819.0,36.0,97.24,32.0,1711.75,466.3484313376248
2026-07-21T02:30:11.314873+00:00,3819.0,33.0,97.54,32.0,1711.765625,466.6327107436955
2026-07-21T02:30:11.621685+00:00,3819.0,35.0,97.09,32.0,1711.765625,466.9395234361291
2026-07-21T02:30:11.955801+00:00,3819.0,35.0,97.23,32.0,1711.765625,467.27364045754075
2026-07-21T02:30:12.261859+00:00,3819.0,34.0,97.02,32.0,1711.765625,467.579698368907
2026-07-21T02:30:12.565264+00:00,3819.0,35.0,96.8,32.0,1711.765625,467.8831022232771
2026-07-21T02:30:12.923155+00:00,3819.0,34.0,96.88,32.0,1711.78125,468.2409921772778
2026-07-21T02:30:13.229893+00:00,3819.0,34.0,96.91,32.0,1711.78125,468.54773204773664
2026-07-21T02:30:13.585234+00:00,3819.0,33.0,97.23,32.0,1711.78125,468.903073374182
2026-07-21T02:30:13.939220+00:00,3819.0,36.0,96.92,32.0,1711.78125,469.2570587582886
2026-07-21T02:30:14.246950+00:00,3819.0,26.0,96.96,32.0,1711.80078125,469.5647881142795
2026-07-21T02:30:14.555056+00:00,3819.0,36.0,96.97,32.0,1711.80078125,469.8728945851326
2026-07-21T02:30:14.857387+00:00,3819.0,33.0,96.81,32.0,1711.80078125,470.1752236261964
2026-07-21T02:30:15.160691+00:00,3819.0,33.0,97.25,32.0,1711.80078125,470.47852997109294
2026-07-21T02:30:15.489017+00:00,3819.0,32.0,96.66,32.0,1711.80078125,470.8068563938141
2026-07-21T02:30:15.795805+00:00,3819.0,35.0,97.29,32.0,1711.81640625,471.1136436276138
2026-07-21T02:30:16.124748+00:00,3819.0,33.0,97.39,32.0,1711.81640625,471.4425866752863
2026-07-21T02:30:16.429936+00:00,3819.0,35.0,97.35,32.0,1711.81640625,471.7477656714618
2026-07-21T02:30:16.738174+00:00,3819.0,34.0,96.9,32.0,1711.81640625,472.0560129955411
2026-07-21T02:30:17.052915+00:00,3819.0,35.0,97.02,32.0,1711.81640625,472.3707516044378
2026-07-21T02:30:17.372198+00:00,3819.0,35.0,97.11,32.0,1711.81640625,472.6900368258357
2026-07-21T02:30:17.678272+00:00,3819.0,35.0,97.15,32.0,1711.81640625,472.9961112551391
2026-07-21T02:30:18.034966+00:00,3819.0,35.0,97.0,32.0,1711.81640625,473.3528046272695
2026-07-21T02:30:18.388107+00:00,3819.0,28.0,96.61,32.0,1711.83203125,473.70594399422407
2026-07-21T02:30:18.696892+00:00,3819.0,35.0,97.36,32.0,1711.83203125,474.01473097503185
2026-07-21T02:30:18.999062+00:00,3819.0,35.0,97.42,32.0,1711.83203125,474.3169013634324
2026-07-21T02:30:19.342920+00:00,3819.0,36.0,97.66,32.0,1711.83203125,474.6607598029077
2026-07-21T02:30:19.700812+00:00,3819.0,35.0,97.24,32.0,1711.83203125,475.0186504088342
2026-07-21T02:30:20.004577+00:00,3819.0,36.0,97.13,32.0,1711.83203125,475.32241578027606
2026-07-21T02:30:20.356676+00:00,3819.0,35.0,97.09,32.0,1711.83203125,475.67451482638717
2026-07-21T02:30:20.711158+00:00,3819.0,32.0,97.03,32.0,1711.8359375,476.0289959721267
2026-07-21T02:30:20.998590+00:00,3819.0,35.0,97.42,32.0,1711.859375,476.31642857193947
2026-07-21T02:30:21.284802+00:00,3819.0,34.0,97.13,32.0,1711.859375,476.6026405096054
2026-07-21T02:30:21.570970+00:00,3819.0,35.0,97.35,32.0,1711.859375,476.88880871236324
2026-07-21T02:30:21.895267+00:00,3819.0,34.0,97.1,32.0,1711.859375,477.21310633048415
2026-07-21T02:30:22.248617+00:00,3819.0,35.0,97.52,32.0,1711.859375,477.56645576283336
2026-07-21T02:30:22.553817+00:00,3819.0,36.0,97.24,32.0,1711.859375,477.8716559074819
2026-07-21T02:30:22.871578+00:00,3819.0,35.0,97.28,32.0,1711.86328125,478.189417026937
2026-07-21T02:30:23.200141+00:00,3819.0,35.0,97.62,32.0,1711.87890625,478.5179798491299
2026-07-21T02:30:23.505401+00:00,3819.0,35.0,97.64,32.0,1711.87890625,478.8232402577996
2026-07-21T02:30:23.855821+00:00,3819.0,35.0,97.7,32.0,1711.87890625,479.173660159111
2026-07-21T02:30:24.203668+00:00,3819.0,34.0,97.16,32.0,1711.87890625,479.5215066447854
2026-07-21T02:30:24.532106+00:00,3819.0,35.0,97.18,32.0,1711.89453125,479.8499441817403
2026-07-21T02:30:24.880560+00:00,3819.0,34.0,97.06,32.0,1711.89453125,480.1983990855515
2026-07-21T02:30:25.164442+00:00,3819.0,35.0,97.0,32.0,1711.89453125,480.48228101059794
2026-07-21T02:30:25.488978+00:00,3819.0,34.0,96.8,32.0,1711.89453125,480.80681673809886
2026-07-21T02:30:25.847581+00:00,3819.0,35.0,96.74,32.0,1711.89453125,481.16541948542
2026-07-21T02:30:26.150835+00:00,3819.0,36.0,96.98,32.0,1711.91015625,481.46867333725095
2026-07-21T02:30:26.457756+00:00,3819.0,35.0,97.26,32.0,1711.91015625,481.7755946032703
2026-07-21T02:30:26.787897+00:00,3819.0,35.0,96.99,32.0,1711.91015625,482.1057353131473
2026-07-21T02:30:27.092753+00:00,3819.0,35.0,96.88,32.0,1711.91015625,482.4105917699635
2026-07-21T02:30:27.394454+00:00,3819.0,35.0,96.83,32.0,1711.91015625,482.7122925631702
2026-07-21T02:30:27.704124+00:00,3819.0,34.0,96.89,32.0,1711.91015625,483.0219630114734
2026-07-21T02:30:28.003511+00:00,3819.0,36.0,96.9,32.0,1711.91015625,483.3213504515588
2026-07-21T02:30:28.307019+00:00,3819.0,35.0,96.75,32.0,1711.91015625,483.62485770508647
2026-07-21T02:30:28.615142+00:00,3819.0,34.0,96.98,32.0,1711.91015625,483.93298042565584
2026-07-21T02:30:28.923530+00:00,3819.0,36.0,97.13,32.0,1711.91015625,484.2413679808378
2026-07-21T02:30:29.233236+00:00,3819.0,34.0,97.24,32.0,1711.91015625,484.55107475072145
2026-07-21T02:30:29.589045+00:00,3819.0,33.0,96.84,32.0,1711.93359375,484.9068830832839
2026-07-21T02:30:29.913514+00:00,3819.0,33.0,96.79,32.0,1711.93359375,485.2313525415957
2026-07-21T02:30:30.244820+00:00,3819.0,33.0,96.68,32.0,1711.93359375,485.5626588985324
2026-07-21T02:30:30.592792+00:00,3819.0,35.0,96.99,32.0,1711.93359375,485.9106307551265
2026-07-21T02:30:30.893494+00:00,3819.0,34.0,96.8,32.0,1711.93359375,486.2113329432905
2026-07-21T02:30:31.202278+00:00,3819.0,36.0,96.67,32.0,1711.93359375,486.52011685445905
2026-07-21T02:30:31.548162+00:00,3819.0,36.0,96.62,32.0,1711.93359375,486.86600136756897
2026-07-21T02:30:31.854512+00:00,3819.0,34.0,96.83,32.0,1711.93359375,487.17235089093447
2026-07-21T02:30:32.166506+00:00,3819.0,35.0,97.02,32.0,1711.93359375,487.484345510602
2026-07-21T02:30:32.475063+00:00,3819.0,34.0,97.21,32.0,1711.93359375,487.7929014749825
2026-07-21T02:30:32.835781+00:00,3819.0,35.0,97.07,32.0,1711.95703125,488.1536192074418
2026-07-21T02:30:33.141612+00:00,3819.0,36.0,97.03,32.0,1711.95703125,488.4594516530633
2026-07-21T02:30:33.444116+00:00,3819.0,36.0,97.16,32.0,1711.95703125,488.761955332011
2026-07-21T02:30:33.771581+00:00,3819.0,36.0,97.52,32.0,1711.95703125,489.0894200503826
2026-07-21T02:30:34.077360+00:00,3819.0,36.0,97.68,32.0,1711.95703125,489.3951993882656
2026-07-21T02:30:34.386784+00:00,3819.0,35.0,97.44,32.0,1711.95703125,489.70462314784527
2026-07-21T02:30:34.702502+00:00,3819.0,36.0,97.15,32.0,1711.95703125,490.02034132927656
2026-07-21T02:30:35.056679+00:00,3819.0,35.0,97.09,32.0,1711.95703125,490.3745185136795
2026-07-21T02:30:35.357254+00:00,3819.0,28.0,97.61,32.0,1711.97265625,490.67509258911014
2026-07-21T02:30:35.664522+00:00,3819.0,34.0,97.64,32.0,1711.97265625,490.9823599867523
2026-07-21T02:30:35.967626+00:00,3819.0,35.0,97.71,32.0,1711.97265625,491.28546572104096
2026-07-21T02:30:36.274913+00:00,3819.0,35.0,97.3,32.0,1711.97265625,491.5927512794733
2026-07-21T02:30:36.628578+00:00,3819.0,35.0,97.23,32.0,1711.97265625,491.9464167803526
2026-07-21T02:30:36.934094+00:00,3819.0,34.0,96.9,32.0,1711.97265625,492.2519332282245
2026-07-21T02:30:37.242105+00:00,3819.0,34.0,96.83,32.0,1711.97265625,492.5599445402622
2026-07-21T02:30:37.550352+00:00,3819.0,35.0,96.84,32.0,1711.97265625,492.8681787997484
2026-07-21T02:30:37.856985+00:00,3819.0,37.0,97.12,32.0,1711.99609375,493.1748234592378
2026-07-21T02:30:38.160832+00:00,3819.0,36.0,97.27,32.0,1711.99609375,493.4786719791591
2026-07-21T02:30:38.446011+00:00,3819.0,35.0,97.19,32.0,1711.99609375,493.76384960114956
2026-07-21T02:30:38.777146+00:00,3819.0,34.0,96.96,32.0,1711.99609375,494.0949853770435
2026-07-21T02:30:39.084456+00:00,3819.0,35.0,96.99,32.0,1711.99609375,494.40229469537735
2026-07-21T02:30:39.409107+00:00,3819.0,35.0,96.98,32.0,1711.99609375,494.7269457690418
2026-07-21T02:30:39.739168+00:00,3819.0,36.0,97.07,32.0,1711.99609375,495.05700451508164
2026-07-21T02:30:40.048085+00:00,3819.0,35.0,97.24,32.0,1712.0,495.36592435091734
2026-07-21T02:30:40.353329+00:00,3819.0,35.0,97.54,32.0,1712.0,495.6711673513055
2026-07-21T02:30:40.689151+00:00,3819.0,35.0,97.7,32.0,1712.0,496.00699031725526
2026-07-21T02:30:41.038966+00:00,3819.0,34.0,97.92,32.0,1712.0,496.35679791122675
2026-07-21T02:30:41.369155+00:00,3819.0,36.0,97.78,32.0,1712.00390625,496.6869935542345
2026-07-21T02:30:41.686987+00:00,3819.0,23.0,97.54,32.0,1712.02734375,497.00482581183314
2026-07-21T02:30:41.973263+00:00,3819.0,35.0,98.04,32.0,1712.02734375,497.291101757437
2026-07-21T02:30:42.281382+00:00,3819.0,35.0,98.08,32.0,1712.03125,497.59922129288316
2026-07-21T02:30:42.565990+00:00,3819.0,36.0,97.97,32.0,1712.03125,497.88382981717587
2026-07-21T02:30:42.872525+00:00,3819.0,35.0,97.84,32.0,1712.03515625,498.1903640329838
2026-07-21T02:30:43.193328+00:00,3819.0,34.0,97.6,32.0,1712.03515625,498.5111659541726
2026-07-21T02:30:43.502274+00:00,3819.0,36.0,97.42,32.0,1712.03515625,498.82011242583394
2026-07-21T02:30:43.785822+00:00,3819.0,36.0,97.38,32.0,1712.05859375,499.10366064310074
2026-07-21T02:30:44.068331+00:00,3819.0,35.0,97.29,32.0,1712.05859375,499.3861710727215
2026-07-21T02:30:44.369885+00:00,3819.0,36.0,97.26,32.0,1712.05859375,499.6877235136926
2026-07-21T02:30:44.678094+00:00,3819.0,36.0,97.18,32.0,1712.05859375,499.99593338370323
2026-07-21T02:30:44.986158+00:00,3819.0,35.0,97.24,32.0,1712.05859375,500.30399683862925
2026-07-21T02:30:45.340927+00:00,3819.0,34.0,97.27,32.0,1712.05859375,500.6587653979659
2026-07-21T02:30:45.668964+00:00,3819.0,34.0,97.09,32.0,1712.05859375,500.98680286481977
2026-07-21T02:30:45.996869+00:00,3819.0,36.0,97.02,32.0,1712.05859375,501.3147082142532
2026-07-21T02:30:46.305921+00:00,3819.0,33.0,97.2,32.0,1712.078125,501.62375969067216
2026-07-21T02:30:46.614109+00:00,3819.0,34.0,97.25,32.0,1712.078125,501.9319476261735
2026-07-21T02:30:46.967291+00:00,3819.0,35.0,97.01,32.0,1712.08984375,502.28512981161475
2026-07-21T02:30:47.269843+00:00,3819.0,36.0,96.89,32.0,1712.08984375,502.58768147975206
2026-07-21T02:30:47.555943+00:00,3819.0,33.0,97.11,32.0,1712.09375,502.87378096207976
2026-07-21T02:30:47.840839+00:00,3819.0,35.0,96.81,32.0,1712.09375,503.1586777418852
2026-07-21T02:30:48.169388+00:00,3819.0,33.0,97.01,32.0,1712.09375,503.48722648993134
2026-07-21T02:30:48.500736+00:00,3819.0,34.0,97.45,32.0,1712.09765625,503.81857431307435
2026-07-21T02:30:48.810792+00:00,3819.0,33.0,97.44,32.0,1712.09765625,504.1286310479045
2026-07-21T02:30:49.126542+00:00,3819.0,35.0,97.38,32.0,1712.10546875,504.4443792030215
2026-07-21T02:30:49.417917+00:00,3819.0,34.0,96.82,32.0,1712.10546875,504.73575510829687
2026-07-21T02:30:49.728999+00:00,3819.0,34.0,96.62,32.0,1712.10546875,505.04683785140514
2026-07-21T02:30:50.090741+00:00,3819.0,34.0,96.91,32.0,1712.10546875,505.40857944637537
2026-07-21T02:30:50.398000+00:00,3819.0,35.0,97.3,32.0,1712.2265625,505.71583753451705
2026-07-21T02:30:50.711322+00:00,3819.0,34.0,97.31,32.0,1712.2265625,506.029161170125
2026-07-21T02:30:50.997155+00:00,3819.0,35.0,97.03,32.0,1712.2265625,506.3149941265583
2026-07-21T02:30:51.305995+00:00,3819.0,35.0,97.18,32.0,1712.2265625,506.6238345615566
2026-07-21T02:30:51.614585+00:00,3819.0,36.0,97.07,32.0,1712.234375,506.9324236251414
2026-07-21T02:30:51.968469+00:00,3819.0,35.0,97.18,32.0,1712.234375,507.2863074950874
2026-07-21T02:30:52.274451+00:00,3819.0,35.0,97.23,32.0,1712.23828125,507.5922907628119
2026-07-21T02:30:52.583447+00:00,3819.0,32.0,97.54,32.0,1712.2890625,507.9012852013111
2026-07-21T02:30:52.912927+00:00,3819.0,34.0,97.43,32.0,1712.2890625,508.23076635971665
2026-07-21T02:30:53.245225+00:00,3819.0,35.0,97.32,32.0,1712.2890625,508.563063390553
2026-07-21T02:30:53.553796+00:00,3819.0,34.0,97.24,32.0,1712.2890625,508.87163492292166
2026-07-21T02:30:53.841754+00:00,3819.0,35.0,97.19,32.0,1712.3046875,509.1595924459398
2026-07-21T02:30:54.131233+00:00,3819.0,36.0,97.35,32.0,1712.3046875,509.4490711539984
2026-07-21T02:30:54.438650+00:00,3819.0,36.0,97.11,32.0,1712.30859375,509.7564888931811
2026-07-21T02:30:54.744345+00:00,3819.0,35.0,97.18,32.0,1712.30859375,510.06218396127224
2026-07-21T02:30:55.104465+00:00,3819.0,34.0,97.22,32.0,1712.3125,510.42230393365026
2026-07-21T02:30:55.410453+00:00,3819.0,35.0,97.14,32.0,1712.3203125,510.72829212620854
2026-07-21T02:30:55.739616+00:00,3819.0,35.0,97.02,32.0,1712.3203125,511.057454533875
2026-07-21T02:30:56.047086+00:00,3819.0,33.0,96.9,32.0,1712.33984375,511.3649237975478
2026-07-21T02:30:56.354313+00:00,3819.0,34.0,97.15,32.0,1712.33984375,511.67215226218104
2026-07-21T02:30:56.710430+00:00,3819.0,34.0,97.41,32.0,1712.35546875,512.0282682292163
2026-07-21T02:30:57.018099+00:00,3819.0,35.0,97.69,32.0,1712.35546875,512.3359372727573
2026-07-21T02:30:57.368536+00:00,3819.0,34.0,97.51,32.0,1712.35546875,512.6863748170435
2026-07-21T02:30:57.701125+00:00,3819.0,35.0,97.79,32.0,1712.44921875,513.0189637504518
2026-07-21T02:30:58.062903+00:00,3819.0,36.0,97.6,32.0,1712.453125,513.3807409256697
2026-07-21T02:30:58.389340+00:00,3819.0,34.0,97.55,32.0,1712.45703125,513.7071791142225
2026-07-21T02:30:58.732196+00:00,3819.0,36.0,97.29,32.0,1712.45703125,514.0500352568924
2026-07-21T02:30:59.038428+00:00,3819.0,33.0,97.39,32.0,1712.48046875,514.3562672659755
2026-07-21T02:30:59.325829+00:00,3819.0,36.0,97.48,32.0,1712.48046875,514.6436675041914
2026-07-21T02:30:59.657080+00:00,3819.0,28.0,96.39,32.0,1712.48046875,514.9749195873737
2026-07-21T02:30:59.966108+00:00,3819.0,35.0,96.08,32.0,1712.4921875,515.2839466258883
2026-07-21T02:31:00.273025+00:00,3819.0,35.0,96.23,32.0,1712.4921875,515.5908638648689
2026-07-21T02:31:00.559255+00:00,3819.0,32.0,96.76,32.0,1712.6015625,515.8770917244256
2026-07-21T02:31:00.865655+00:00,3819.0,36.0,97.5,32.0,1712.68359375,516.1834947653115
2026-07-21T02:31:01.196389+00:00,3819.0,35.0,97.49,32.0,1712.68359375,516.514227643609
2026-07-21T02:31:01.626809+00:00,3819.0,0.0,95.13,32.0,1712.703125,516.9446479007602
2026-07-21T02:31:01.930108+00:00,3819.0,36.0,94.64,32.0,1712.703125,517.2479462437332
2026-07-21T02:31:02.233638+00:00,3819.0,35.0,94.72,32.0,1712.703125,517.5514773912728
2026-07-21T02:31:02.584350+00:00,3819.0,32.0,96.3,32.0,1712.703125,517.9021886736155
2026-07-21T02:31:02.889272+00:00,3819.0,35.0,96.81,32.0,1712.70703125,518.2071015760303
2026-07-21T02:31:03.244301+00:00,3819.0,34.0,96.78,32.0,1712.70703125,518.5621404908597
2026-07-21T02:31:03.573066+00:00,3819.0,34.0,97.43,32.0,1712.7265625,518.8909040689468
2026-07-21T02:31:03.923904+00:00,3819.0,36.0,97.51,32.0,1712.7265625,519.2417431361973
2026-07-21T02:31:04.230344+00:00,3819.0,36.0,97.75,32.0,1712.7265625,519.5481836274266
2026-07-21T02:31:04.560960+00:00,3819.0,35.0,97.49,32.0,1712.7265625,519.8787992931902
2026-07-21T02:31:04.865544+00:00,3819.0,35.0,97.56,32.0,1712.7265625,520.1833832748234
2026-07-21T02:31:05.186837+00:00,3819.0,34.0,97.43,32.0,1712.7265625,520.50467627123
2026-07-21T02:31:05.516904+00:00,3819.0,35.0,97.35,32.0,1712.7265625,520.8347426094115
2026-07-21T02:31:05.829180+00:00,3819.0,35.0,97.21,32.0,1712.7265625,521.1470187753439
2026-07-21T02:31:06.156386+00:00,3819.0,25.0,97.53,33.0,1712.7421875,521.4742177352309
2026-07-21T02:31:06.461041+00:00,3819.0,34.0,97.33,32.0,1712.7421875,521.778879635036
2026-07-21T02:31:06.765519+00:00,3819.0,35.0,97.29,32.0,1712.7421875,522.0833580233157
2026-07-21T02:31:07.115593+00:00,3819.0,36.0,96.96,32.0,1712.7421875,522.4334325678647
2026-07-21T02:31:07.464889+00:00,3819.0,35.0,97.36,32.0,1712.7421875,522.782727021724
2026-07-21T02:31:07.773393+00:00,3819.0,35.0,97.52,32.0,1712.7421875,523.0912313312292
2026-07-21T02:31:08.099015+00:00,3819.0,35.0,97.65,32.0,1712.7421875,523.4168539568782
2026-07-21T02:31:08.405824+00:00,3819.0,35.0,97.89,32.0,1712.7421875,523.7236623689532
2026-07-21T02:31:08.713692+00:00,3819.0,35.0,97.76,32.0,1712.7421875,524.0315307714045
2026-07-21T02:31:09.022645+00:00,3819.0,36.0,97.62,32.0,1712.7421875,524.3404835127294
2026-07-21T02:31:09.330943+00:00,3819.0,36.0,97.45,32.0,1712.7421875,524.6487820670009
2026-07-21T02:31:09.661641+00:00,3819.0,35.0,97.5,32.0,1712.7421875,524.9794806577265
2026-07-21T02:31:09.975324+00:00,3819.0,33.0,97.43,32.0,1712.765625,525.2931565344334
2026-07-21T02:31:10.285722+00:00,3819.0,34.0,97.22,32.0,1712.765625,525.6035609394312
2026-07-21T02:31:10.595237+00:00,3819.0,34.0,97.04,32.0,1712.765625,525.9130757302046
2026-07-21T02:31:10.924237+00:00,3819.0,34.0,97.21,32.0,1712.765625,526.2420761287212
2026-07-21T02:31:11.226452+00:00,3819.0,36.0,97.57,32.0,1712.765625,526.5442897379398
2026-07-21T02:31:11.552377+00:00,3819.0,35.0,97.52,32.0,1712.765625,526.8702152818441
2026-07-21T02:31:11.860893+00:00,3819.0,36.0,97.4,32.0,1712.765625,527.1787324026227
2026-07-21T02:31:12.166416+00:00,3819.0,36.0,97.08,32.0,1712.765625,527.4842550270259
2026-07-21T02:31:12.521577+00:00,3819.0,36.0,97.11,32.0,1712.765625,527.8394164443016
2026-07-21T02:31:12.852769+00:00,3819.0,36.0,97.25,32.0,1712.765625,528.1706080511212
2026-07-21T02:31:13.162260+00:00,3819.0,34.0,97.43,32.0,1712.765625,528.4800988137722
2026-07-21T02:31:13.517845+00:00,3819.0,35.0,97.46,32.0,1712.765625,528.8356841355562
2026-07-21T02:31:13.827213+00:00,3819.0,35.0,97.4,32.0,1712.765625,529.1450507827103
2026-07-21T02:31:14.134295+00:00,3819.0,35.0,97.38,32.0,1712.765625,529.4521336518228
2026-07-21T02:31:14.419933+00:00,3819.0,26.0,97.96,32.0,1712.7890625,529.7377711944282
2026-07-21T02:31:14.752444+00:00,3819.0,36.0,97.84,32.0,1712.7890625,530.0702832080424
2026-07-21T02:31:15.063821+00:00,3819.0,33.0,98.06,32.0,1712.7890625,530.3816599696875
2026-07-21T02:31:15.370601+00:00,3819.0,36.0,97.29,32.0,1712.7890625,530.688440296799
2026-07-21T02:31:15.656992+00:00,3819.0,36.0,97.19,32.0,1712.7890625,530.9748305529356
2026-07-21T02:31:15.966036+00:00,3819.0,35.0,97.17,32.0,1712.7890625,531.2838756591082
2026-07-21T02:31:16.275174+00:00,3819.0,36.0,97.11,32.0,1712.7890625,531.5930120684206
2026-07-21T02:31:16.592539+00:00,3819.0,36.0,97.38,32.0,1712.7890625,531.9103778898716
2026-07-21T02:31:16.924507+00:00,3819.0,35.0,97.67,32.0,1712.7890625,532.242345623672
2026-07-21T02:31:17.233546+00:00,3819.0,35.0,97.64,32.0,1712.7890625,532.5513846129179
2026-07-21T02:31:17.542291+00:00,3819.0,35.0,97.5,32.0,1712.7890625,532.8601295873523
2026-07-21T02:31:17.872153+00:00,3819.0,35.0,97.57,32.0,1712.7890625,533.189992390573
2026-07-21T02:31:18.201025+00:00,3819.0,35.0,97.5,32.0,1712.7890625,533.5188638530672
2026-07-21T02:31:18.561184+00:00,3819.0,27.0,97.66,32.0,1712.79296875,533.8790217339993
2026-07-21T02:31:18.868388+00:00,3819.0,34.0,97.64,32.0,1712.79296875,534.1862275861204
2026-07-21T02:31:19.174354+00:00,3819.0,34.0,97.62,32.0,1712.79296875,534.492192927748
2026-07-21T02:31:19.504128+00:00,3819.0,35.0,97.31,32.0,1712.79296875,534.821967240423
2026-07-21T02:31:19.806466+00:00,3819.0,34.0,97.07,32.0,1712.79296875,535.1243049129844
2026-07-21T02:31:20.115212+00:00,3819.0,34.0,97.09,32.0,1712.79296875,535.4330501779914
2026-07-21T02:31:20.469416+00:00,3819.0,33.0,97.09,32.0,1712.79296875,535.7872543893754
2026-07-21T02:31:20.755626+00:00,3819.0,33.0,97.17,32.0,1712.79296875,536.0734647624195
2026-07-21T02:31:21.088276+00:00,3819.0,34.0,97.1,32.0,1712.79296875,536.4061149358749
2026-07-21T02:31:21.394305+00:00,3819.0,35.0,96.95,32.0,1712.79296875,536.7121438011527
2026-07-21T02:31:21.705172+00:00,3819.0,34.0,96.84,32.0,1712.79296875,537.023010827601
2026-07-21T02:31:22.064898+00:00,3819.0,35.0,97.08,32.0,1712.79296875,537.3827362060547
2026-07-21T02:31:22.396028+00:00,3819.0,34.0,97.06,32.0,1712.79296875,537.7138650603592
2026-07-21T02:31:22.705911+00:00,3819.0,33.0,97.15,32.0,1712.796875,538.023749884218
2026-07-21T02:31:23.013574+00:00,3819.0,36.0,97.25,32.0,1712.796875,538.331413321197
2026-07-21T02:31:23.369207+00:00,3819.0,33.0,97.12,32.0,1712.796875,538.6870463043451
2026-07-21T02:31:23.704030+00:00,3819.0,34.0,97.01,32.0,1712.796875,539.0218687802553
2026-07-21T02:31:24.056348+00:00,3819.0,35.0,97.06,32.0,1712.796875,539.3741865903139
2026-07-21T02:31:24.416888+00:00,3819.0,34.0,96.79,32.0,1712.796875,539.7347265221179
2026-07-21T02:31:24.772431+00:00,3819.0,34.0,97.0,32.0,1712.796875,540.0902700200677
2026-07-21T02:31:25.098612+00:00,3819.0,35.0,97.21,32.0,1712.796875,540.416451279074
2026-07-21T02:31:25.424484+00:00,3819.0,34.0,97.2,32.0,1712.796875,540.7423230744898
2026-07-21T02:31:25.733807+00:00,3819.0,33.0,97.37,32.0,1712.796875,541.051646001637
2026-07-21T02:31:26.088868+00:00,3819.0,36.0,97.34,32.0,1712.796875,541.4067066721618
2026-07-21T02:31:26.425227+00:00,3819.0,36.0,97.48,32.0,1712.796875,541.7430654019117
2026-07-21T02:31:26.776374+00:00,3819.0,35.0,97.65,32.0,1712.796875,542.0942131131887
2026-07-21T02:31:27.086035+00:00,3819.0,34.0,97.73,32.0,1712.8046875,542.40387346223
2026-07-21T02:31:27.422393+00:00,3819.0,35.0,97.65,32.0,1712.8046875,542.7402319051325
2026-07-21T02:31:27.748831+00:00,3819.0,34.0,97.4,32.0,1712.8046875,543.0666701607406
2026-07-21T02:31:28.066247+00:00,3819.0,35.0,96.98,32.0,1712.8046875,543.3840852342546
2026-07-21T02:31:28.374844+00:00,3819.0,36.0,96.69,32.0,1712.8046875,543.692682441324
2026-07-21T02:31:28.701346+00:00,3819.0,33.0,97.05,32.0,1712.8046875,544.0191851556301
2026-07-21T02:31:29.009542+00:00,3819.0,36.0,97.25,32.0,1712.8046875,544.3273809961975
2026-07-21T02:31:29.312590+00:00,3819.0,36.0,97.61,32.0,1712.8046875,544.6304293163121
2026-07-21T02:31:29.642646+00:00,3819.0,35.0,97.71,32.0,1712.8046875,544.9604855589569
2026-07-21T02:31:29.972219+00:00,3819.0,35.0,97.72,32.0,1712.8046875,545.2900576107204
2026-07-21T02:31:30.277987+00:00,3819.0,36.0,97.71,32.0,1712.8046875,545.5958255156875
2026-07-21T02:31:30.563705+00:00,3819.0,32.0,97.39,32.0,1712.80859375,545.8815396912396
2026-07-21T02:31:30.872909+00:00,3819.0,36.0,97.28,32.0,1712.80859375,546.1907482780516
2026-07-21T02:31:31.182054+00:00,3819.0,36.0,97.27,32.0,1712.80859375,546.4998926669359
2026-07-21T02:31:31.511892+00:00,3819.0,35.0,97.49,32.0,1712.80859375,546.8297313563526
2026-07-21T02:31:31.795005+00:00,3819.0,36.0,97.31,32.0,1712.80859375,547.1128447949886
2026-07-21T02:31:32.101525+00:00,3819.0,35.0,97.15,32.0,1712.80859375,547.4193648174405
2026-07-21T02:31:32.411421+00:00,3819.0,35.0,97.0,32.0,1712.80859375,547.7292608395219
2026-07-21T02:31:32.715734+00:00,3819.0,35.0,97.25,32.0,1712.80859375,548.033573769033
2026-07-21T02:31:33.047362+00:00,3819.0,36.0,97.4,32.0,1712.80859375,548.365201562643
2026-07-21T02:31:33.353667+00:00,3819.0,35.0,97.53,32.0,1712.80859375,548.6714964210987
2026-07-21T02:31:33.658777+00:00,3819.0,35.0,97.29,32.0,1712.80859375,548.9766165949404
2026-07-21T02:31:34.008015+00:00,3819.0,26.0,97.36,33.0,1712.80859375,549.3258531503379
2026-07-21T02:31:34.340010+00:00,3819.0,36.0,97.33,32.0,1712.80859375,549.6578489802778
2026-07-21T02:31:34.644602+00:00,3819.0,36.0,97.25,32.0,1712.80859375,549.9624404758215
2026-07-21T02:31:34.953208+00:00,3819.0,36.0,96.97,32.0,1712.80859375,550.271047025919
2026-07-21T02:31:35.236320+00:00,3819.0,36.0,96.83,32.0,1712.80859375,550.554159373045
2026-07-21T02:31:35.518935+00:00,3819.0,36.0,97.11,32.0,1712.80859375,550.8367745615542
2026-07-21T02:31:35.807432+00:00,3819.0,36.0,97.16,32.0,1712.80859375,551.125265263021
2026-07-21T02:31:36.113880+00:00,3819.0,34.0,97.33,32.0,1712.80859375,551.431718878448
2026-07-21T02:31:36.436460+00:00,3819.0,36.0,97.44,32.0,1712.8125,551.7542985267937
2026-07-21T02:31:36.725091+00:00,3819.0,36.0,97.36,32.0,1712.8125,552.0429309941828
2026-07-21T02:31:37.033712+00:00,3819.0,35.0,97.31,32.0,1712.8125,552.3515510037541
2026-07-21T02:31:37.342370+00:00,3819.0,36.0,97.1,32.0,1712.8125,552.6602094583213
2026-07-21T02:31:37.701609+00:00,3819.0,36.0,97.47,32.0,1712.8125,553.0194480530918
2026-07-21T02:31:38.009711+00:00,3819.0,35.0,97.44,33.0,1712.8125,553.3275498524308
2026-07-21T02:31:38.319616+00:00,3819.0,35.0,97.39,32.0,1712.8125,553.6374547667801
2026-07-21T02:31:38.628575+00:00,3819.0,36.0,97.34,32.0,1712.8125,553.946413513273
2026-07-21T02:31:38.995764+00:00,3819.0,35.0,97.61,33.0,1712.8125,554.31360283494
2026-07-21T02:31:39.305626+00:00,3819.0,33.0,97.6,32.0,1712.8125,554.623459096998
2026-07-21T02:31:39.632139+00:00,3819.0,35.0,97.33,32.0,1712.8125,554.949977722019
2026-07-21T02:31:39.942272+00:00,3819.0,35.0,97.17,33.0,1712.8125,555.2601106576622
2026-07-21T02:31:40.228413+00:00,3819.0,35.0,97.13,33.0,1712.8125,555.5462514422834
2026-07-21T02:31:40.537046+00:00,3819.0,35.0,96.95,33.0,1712.8125,555.8548857420683
2026-07-21T02:31:40.846019+00:00,3819.0,36.0,96.89,33.0,1712.8125,556.1638568416238
2026-07-21T02:31:41.204779+00:00,3819.0,33.0,97.17,32.0,1712.8125,556.5226182602346
2026-07-21T02:31:41.560690+00:00,3819.0,33.0,97.49,33.0,1712.81640625,556.8785271011293
2026-07-21T02:31:41.891561+00:00,3819.0,35.0,97.22,33.0,1712.81640625,557.2093998603523
2026-07-21T02:31:42.225590+00:00,3819.0,36.0,96.89,33.0,1712.81640625,557.543429158628
2026-07-21T02:31:42.538948+00:00,3819.0,34.0,96.98,33.0,1712.81640625,557.8567867316306
2026-07-21T02:31:42.855121+00:00,3819.0,30.0,96.34,32.0,1712.81640625,558.1729592271149
2026-07-21T02:31:43.184268+00:00,3819.0,36.0,96.09,32.0,1712.81640625,558.5021061971784
2026-07-21T02:31:43.494514+00:00,3819.0,36.0,95.89,32.0,1712.81640625,558.8123524598777
2026-07-21T02:31:43.825321+00:00,3819.0,36.0,96.38,33.0,1712.81640625,559.1431604251266
2026-07-21T02:31:44.179150+00:00,3819.0,36.0,96.87,33.0,1712.81640625,559.4969769641757
2026-07-21T02:31:44.486160+00:00,3819.0,34.0,96.95,33.0,1712.81640625,559.8039989620447
2026-07-21T02:31:44.792874+00:00,3819.0,35.0,97.29,33.0,1712.81640625,560.1107135787606
2026-07-21T02:31:45.103741+00:00,3819.0,34.0,97.66,33.0,1712.81640625,560.4215793609619
2026-07-21T02:31:45.410543+00:00,3819.0,36.0,97.41,33.0,1712.8203125,560.7283812910318
2026-07-21T02:31:45.704234+00:00,3819.0,36.0,97.51,33.0,1712.8203125,561.0220723636448
2026-07-21T02:31:45.989075+00:00,3819.0,35.0,97.19,33.0,1712.8203125,561.306913651526
2026-07-21T02:31:46.297724+00:00,3819.0,36.0,97.32,33.0,1712.8203125,561.6155629232526
2026-07-21T02:31:46.605032+00:00,3819.0,36.0,97.51,33.0,1712.8203125,561.9228703528643
2026-07-21T02:31:46.908557+00:00,3819.0,36.0,97.52,33.0,1712.8203125,562.2263961881399
2026-07-21T02:31:47.247706+00:00,3819.0,33.0,97.72,32.0,1712.82421875,562.5655443407595
2026-07-21T02:31:47.534748+00:00,3819.0,35.0,97.44,33.0,1712.82421875,562.852586299181
2026-07-21T02:31:47.865135+00:00,3819.0,36.0,97.25,33.0,1712.82421875,563.1829744763672
2026-07-21T02:31:48.194489+00:00,3819.0,35.0,97.27,33.0,1712.82421875,563.5123271681368
2026-07-21T02:31:48.521627+00:00,3819.0,36.0,96.89,33.0,1712.82421875,563.8394652269781
2026-07-21T02:31:48.832406+00:00,3819.0,36.0,97.09,33.0,1712.82421875,564.1502447649837
2026-07-21T02:31:49.142420+00:00,3819.0,35.0,96.89,33.0,1712.82421875,564.4602584503591
2026-07-21T02:31:49.492522+00:00,3819.0,34.0,97.26,33.0,1712.828125,564.8103602975607
2026-07-21T02:31:49.777892+00:00,3819.0,35.0,97.4,33.0,1712.828125,565.0957307294011
2026-07-21T02:31:50.128918+00:00,3819.0,35.0,97.53,33.0,1712.828125,565.4467558972538
2026-07-21T02:31:50.456809+00:00,3819.0,35.0,97.81,33.0,1712.83203125,565.7746469974518
2026-07-21T02:31:50.767511+00:00,3819.0,36.0,97.6,33.0,1712.83203125,566.0853497311473
2026-07-21T02:31:51.074097+00:00,3819.0,36.0,97.77,33.0,1712.83203125,566.3919367268682
2026-07-21T02:31:51.405232+00:00,3819.0,35.0,97.08,33.0,1712.83203125,566.7230706512928
2026-07-21T02:31:51.716824+00:00,3819.0,27.0,97.38,33.0,1712.84375,567.0346617996693
2026-07-21T02:31:52.030935+00:00,3819.0,36.0,97.27,33.0,1712.84375,567.3487731777132
2026-07-21T02:31:52.385226+00:00,3819.0,34.0,97.19,33.0,1712.84375,567.7030642814934
2026-07-21T02:31:52.701167+00:00,3819.0,36.0,97.0,33.0,1712.84375,568.0190052948892
2026-07-21T02:31:53.006653+00:00,3819.0,35.0,97.03,33.0,1712.84375,568.3244913294911
2026-07-21T02:31:53.318095+00:00,3819.0,36.0,97.44,33.0,1712.84375,568.6359342858195
2026-07-21T02:31:53.642741+00:00,3819.0,36.0,97.67,33.0,1712.859375,568.9605790264904
2026-07-21T02:31:53.958208+00:00,3819.0,36.0,98.01,33.0,1712.859375,569.2760472930968
2026-07-21T02:31:54.247416+00:00,3819.0,35.0,97.64,33.0,1712.859375,569.5652556754649
2026-07-21T02:31:54.551181+00:00,3819.0,36.0,97.66,33.0,1712.859375,569.8690199777484
2026-07-21T02:31:54.844305+00:00,3819.0,36.0,97.58,33.0,1712.859375,570.1621436588466
2026-07-21T02:31:55.199692+00:00,3819.0,36.0,97.77,33.0,1712.859375,570.5175308547914
2026-07-21T02:31:55.528110+00:00,3819.0,35.0,97.65,33.0,1712.859375,570.8459489680827
2026-07-21T02:31:55.817660+00:00,3819.0,36.0,97.81,33.0,1712.859375,571.1354995183647
2026-07-21T02:31:56.143131+00:00,3819.0,36.0,97.7,33.0,1712.859375,571.4609700329602
2026-07-21T02:31:56.479126+00:00,3819.0,36.0,98.09,33.0,1712.859375,571.7969645932317
2026-07-21T02:31:56.781969+00:00,3819.0,36.0,98.02,33.0,1712.859375,572.0998085215688
2026-07-21T02:31:57.132819+00:00,3819.0,36.0,97.9,33.0,1712.859375,572.4506578482687
2026-07-21T02:31:57.454164+00:00,3819.0,34.0,98.24,33.0,1713.0703125,572.7720025293529
2026-07-21T02:31:57.808271+00:00,3819.0,34.0,98.06,33.0,1713.0703125,573.1261103712022
2026-07-21T02:31:58.122563+00:00,3819.0,36.0,98.0,33.0,1713.0703125,573.4404015317559
2026-07-21T02:31:58.430582+00:00,3819.0,34.0,97.74,33.0,1713.0703125,573.7484211698174
2026-07-21T02:31:58.761349+00:00,3819.0,34.0,97.21,33.0,1713.0703125,574.0791867636144
2026-07-21T02:31:59.097633+00:00,3819.0,36.0,97.1,33.0,1713.0703125,574.4154717959464
2026-07-21T02:31:59.426653+00:00,3819.0,34.0,97.18,33.0,1713.0703125,574.7444920279086
2026-07-21T02:31:59.777147+00:00,3819.0,34.0,97.14,33.0,1713.0703125,575.0949856676161
2026-07-21T02:32:00.087297+00:00,3819.0,36.0,97.23,33.0,1713.0703125,575.4051363691688
2026-07-21T02:32:00.394820+00:00,3819.0,36.0,97.43,33.0,1713.0703125,575.7126583307981
2026-07-21T02:32:00.711173+00:00,3819.0,24.0,97.68,33.0,1713.09375,576.029011130333
2026-07-21T02:32:01.018227+00:00,3819.0,34.0,97.64,33.0,1713.09375,576.3360657058656
2026-07-21T02:32:01.322937+00:00,3819.0,35.0,97.28,33.0,1713.09375,576.6407762914896
2026-07-21T02:32:01.672638+00:00,3819.0,33.0,96.68,33.0,1713.09375,576.9904768578708
2026-07-21T02:32:02.027355+00:00,3819.0,36.0,96.79,33.0,1713.09375,577.345193695277
2026-07-21T02:32:02.333816+00:00,3819.0,36.0,97.11,33.0,1713.09375,577.6516551524401
2026-07-21T02:32:02.638277+00:00,3819.0,35.0,97.23,33.0,1713.09375,577.9561158753932
2026-07-21T02:32:02.925152+00:00,3819.0,36.0,97.13,33.0,1713.09375,578.2429903000593
2026-07-21T02:32:03.236075+00:00,3819.0,35.0,97.88,33.0,1713.12109375,578.5539117679
2026-07-21T02:32:03.546959+00:00,3819.0,36.0,97.64,33.0,1713.12109375,578.8647971078753
2026-07-21T02:32:03.899579+00:00,3819.0,36.0,97.73,33.0,1713.12109375,579.2174180187285
2026-07-21T02:32:04.225139+00:00,3819.0,35.0,97.09,33.0,1713.12109375,579.5429783463478
2026-07-21T02:32:04.509877+00:00,3819.0,35.0,97.52,33.0,1713.12109375,579.8277169466019
2026-07-21T02:32:04.795380+00:00,3819.0,36.0,97.66,33.0,1713.12109375,580.113218523562
2026-07-21T02:32:05.111218+00:00,3819.0,35.0,97.88,33.0,1713.12109375,580.429057341069
2026-07-21T02:32:05.422604+00:00,3819.0,35.0,97.74,33.0,1713.12109375,580.7404429651797
2026-07-21T02:32:05.710015+00:00,3819.0,36.0,97.55,33.0,1713.12109375,581.0278526619077
2026-07-21T02:32:06.018095+00:00,3819.0,35.0,97.55,33.0,1713.12109375,581.3359334655106
2026-07-21T02:32:06.303095+00:00,3819.0,36.0,97.49,33.0,1713.12109375,581.6209347471595
2026-07-21T02:32:06.610372+00:00,3819.0,34.0,97.82,33.0,1713.17578125,581.9282034225762
2026-07-21T02:32:06.921589+00:00,3819.0,36.0,97.57,33.0,1713.17578125,582.2394283413887
2026-07-21T02:32:07.206498+00:00,3819.0,35.0,97.69,33.0,1713.17578125,582.5243376754224
2026-07-21T02:32:07.536853+00:00,3819.0,36.0,97.29,33.0,1713.17578125,582.8546920269728
2026-07-21T02:32:07.823921+00:00,3819.0,36.0,97.58,33.0,1713.17578125,583.1417598053813
2026-07-21T02:32:08.155777+00:00,3819.0,35.0,97.42,33.0,1713.17578125,583.4736153557897
2026-07-21T02:32:08.448101+00:00,3819.0,36.0,97.11,33.0,1713.17578125,583.7659399136901
2026-07-21T02:32:08.777421+00:00,3819.0,35.0,96.89,33.0,1713.25390625,584.095258962363
2026-07-21T02:32:09.104035+00:00,3819.0,35.0,97.0,33.0,1713.25390625,584.4218750745058
2026-07-21T02:32:09.407998+00:00,3819.0,36.0,97.47,33.0,1713.25390625,584.7258373089135
2026-07-21T02:32:09.714316+00:00,3819.0,35.0,97.43,33.0,1713.25390625,585.0321549065411
2026-07-21T02:32:10.080155+00:00,3819.0,35.0,97.4,33.0,1713.25390625,585.3979812562466
2026-07-21T02:32:10.366501+00:00,3819.0,35.0,97.24,33.0,1713.25390625,585.6843405142426
2026-07-21T02:32:10.697512+00:00,3819.0,35.0,97.51,33.0,1713.25390625,586.0153510980308
2026-07-21T02:32:10.985604+00:00,3819.0,25.0,96.97,33.0,1713.41015625,586.3034425117075
2026-07-21T02:32:11.316248+00:00,3819.0,36.0,97.51,33.0,1713.41015625,586.6340863443911
2026-07-21T02:32:11.625264+00:00,3819.0,35.0,97.36,33.0,1713.41015625,586.9431035295129
2026-07-21T02:32:11.958868+00:00,3819.0,36.0,97.6,33.0,1713.41015625,587.2767074592412
2026-07-21T02:32:12.264594+00:00,3819.0,36.0,97.44,33.0,1713.41015625,587.5824335552752
2026-07-21T02:32:12.547978+00:00,3819.0,35.0,97.33,33.0,1713.41015625,587.865817733109
2026-07-21T02:32:12.853262+00:00,3819.0,36.0,97.14,33.0,1713.41015625,588.1711014658213
2026-07-21T02:32:13.161458+00:00,3819.0,27.0,97.39,33.0,1713.4609375,588.4792966172099
2026-07-21T02:32:13.466164+00:00,3819.0,35.0,97.28,33.0,1713.4609375,588.7840030044317
2026-07-21T02:32:13.796936+00:00,3819.0,34.0,97.24,33.0,1713.4609375,589.1147746443748
2026-07-21T02:32:14.127322+00:00,3819.0,34.0,96.65,33.0,1713.4609375,589.4451607018709
2026-07-21T02:32:14.457029+00:00,3819.0,36.0,97.09,33.0,1713.4609375,589.7748625949025
2026-07-21T02:32:14.809342+00:00,3819.0,35.0,97.35,33.0,1713.4609375,590.1271806582808
2026-07-21T02:32:15.117224+00:00,3819.0,34.0,97.68,33.0,1713.4609375,590.4350626729429
2026-07-21T02:32:15.426344+00:00,3819.0,24.0,97.35,33.0,1713.51953125,590.7441823668778
2026-07-21T02:32:15.748306+00:00,3819.0,35.0,97.06,33.0,1713.51953125,591.0661443397403
2026-07-21T02:32:16.096984+00:00,3819.0,33.0,96.84,33.0,1713.51953125,591.4148226827383
2026-07-21T02:32:16.421290+00:00,3819.0,33.0,96.57,33.0,1713.51953125,591.7391282953322
2026-07-21T02:32:16.707771+00:00,3819.0,35.0,96.61,33.0,1713.51953125,592.0256100669503
2026-07-21T02:32:17.018269+00:00,3819.0,33.0,96.69,33.0,1713.51953125,592.3361080735922
2026-07-21T02:32:17.326403+00:00,3819.0,35.0,96.61,33.0,1713.51953125,592.6442415490746
2026-07-21T02:32:17.634806+00:00,3819.0,34.0,96.69,33.0,1713.5625,592.9526448398829
2026-07-21T02:32:17.965245+00:00,3819.0,35.0,96.66,33.0,1713.5625,593.2830836847425
2026-07-21T02:32:18.274665+00:00,3819.0,35.0,96.88,33.0,1713.5625,593.5925044938922
2026-07-21T02:32:18.604472+00:00,3819.0,35.0,97.04,33.0,1713.5625,593.9223114810884
2026-07-21T02:32:18.964088+00:00,3819.0,36.0,97.37,33.0,1713.5625,594.2819256670773
2026-07-21T02:32:19.273762+00:00,3819.0,36.0,97.64,33.0,1713.5625,594.591601267457
2026-07-21T02:32:19.581959+00:00,3819.0,35.0,97.84,33.0,1713.5625,594.8997988030314
2026-07-21T02:32:19.890422+00:00,3819.0,35.0,97.74,33.0,1713.5625,595.208261102438
2026-07-21T02:32:20.196559+00:00,3819.0,36.0,97.53,33.0,1713.5625,595.5143984183669
2026-07-21T02:32:20.506090+00:00,3819.0,36.0,97.58,33.0,1713.609375,595.8239288814366
2026-07-21T02:32:20.819012+00:00,3819.0,36.0,97.49,33.0,1713.609375,596.136851195246
2026-07-21T02:32:21.104964+00:00,3819.0,35.0,97.28,33.0,1713.609375,596.4228032976389
2026-07-21T02:32:21.390366+00:00,3819.0,36.0,97.05,33.0,1713.61328125,596.7082057781518
2026-07-21T02:32:21.711028+00:00,3819.0,35.0,97.06,33.0,1713.61328125,597.0288672409952
2026-07-21T02:32:22.017874+00:00,3819.0,34.0,97.02,33.0,1713.6171875,597.3357135280967
2026-07-21T02:32:22.364161+00:00,3819.0,35.0,97.22,33.0,1713.6171875,597.6820001155138
2026-07-21T02:32:22.699021+00:00,3819.0,36.0,97.38,33.0,1713.6171875,598.0168601945043
2026-07-21T02:32:23.024282+00:00,3819.0,36.0,97.42,33.0,1713.6171875,598.3421210236847
2026-07-21T02:32:23.308925+00:00,3819.0,36.0,97.48,33.0,1713.6171875,598.6267639622092
2026-07-21T02:32:23.615559+00:00,3819.0,36.0,97.68,33.0,1713.62109375,598.9333990029991
2026-07-21T02:32:23.898969+00:00,3819.0,26.0,97.81,33.0,1713.71484375,599.2168078050017
2026-07-21T02:32:24.185343+00:00,3819.0,36.0,97.66,33.0,1713.71484375,599.5031824037433
2026-07-21T02:32:24.494577+00:00,3819.0,36.0,97.3,33.0,1713.71484375,599.812415715307
2026-07-21T02:32:24.801489+00:00,3819.0,36.0,97.18,33.0,1713.71484375,600.1193277090788
2026-07-21T02:32:25.119564+00:00,3819.0,36.0,96.89,33.0,1713.71484375,600.4374029897153
2026-07-21T02:32:25.406335+00:00,3819.0,35.0,96.81,33.0,1713.71484375,600.724174041301
2026-07-21T02:32:25.693339+00:00,3819.0,36.0,96.79,33.0,1713.71484375,601.0111785531044
2026-07-21T02:32:25.999399+00:00,3819.0,36.0,97.07,33.0,1713.71484375,601.3172386176884
2026-07-21T02:32:26.343654+00:00,3819.0,35.0,97.32,33.0,1713.71484375,601.6614935658872
2026-07-21T02:32:26.667657+00:00,3819.0,36.0,97.32,33.0,1713.71875,601.9854965507984
2026-07-21T02:32:27.020969+00:00,3819.0,26.0,97.71,33.0,1713.83203125,602.3388071767986
2026-07-21T02:32:27.330198+00:00,3819.0,35.0,97.58,33.0,1713.83203125,602.6480373553932
2026-07-21T02:32:27.661533+00:00,3819.0,35.0,97.68,33.0,1713.83203125,602.9793708994985
2026-07-21T02:32:27.988814+00:00,3819.0,36.0,97.39,33.0,1713.8359375,603.3066527880728
2026-07-21T02:32:28.297896+00:00,3819.0,36.0,97.33,33.0,1713.83984375,603.6157349050045
2026-07-21T02:32:28.604759+00:00,3819.0,35.0,97.26,33.0,1713.83984375,603.9225980713964
2026-07-21T02:32:28.960299+00:00,3819.0,36.0,97.63,33.0,1713.84375,604.2781373932958
2026-07-21T02:32:29.308893+00:00,3819.0,36.0,97.34,33.0,1713.84375,604.6267327181995
2026-07-21T02:32:29.595741+00:00,3819.0,36.0,97.48,33.0,1713.84375,604.9135804474354
2026-07-21T02:32:29.882101+00:00,3819.0,35.0,97.55,33.0,1713.88671875,605.1999386921525
2026-07-21T02:32:30.208934+00:00,3819.0,35.0,97.33,33.0,1713.88671875,605.526773776859
2026-07-21T02:32:30.519642+00:00,3819.0,36.0,97.13,33.0,1713.88671875,605.8374804742634
2026-07-21T02:32:30.854541+00:00,3819.0,33.0,96.99,33.0,1713.88671875,606.1723793968558
2026-07-21T02:32:31.167043+00:00,3819.0,34.0,96.88,33.0,1713.890625,606.4848813638091
2026-07-21T02:32:31.517847+00:00,3819.0,33.0,96.82,33.0,1713.890625,606.8356848061085
2026-07-21T02:32:31.826828+00:00,3819.0,36.0,96.65,33.0,1713.890625,607.144666608423
2026-07-21T02:32:32.160595+00:00,3819.0,34.0,97.12,33.0,1713.890625,607.4784342199564
2026-07-21T02:32:32.512521+00:00,3819.0,36.0,97.35,33.0,1713.890625,607.8303597010672
2026-07-21T02:32:32.826215+00:00,3819.0,34.0,97.71,33.0,1713.890625,608.1440534703434
2026-07-21T02:32:33.181052+00:00,3819.0,34.0,97.36,33.0,1713.890625,608.4988907054067
2026-07-21T02:32:33.486489+00:00,3819.0,35.0,97.16,33.0,1714.08203125,608.804327018559
2026-07-21T02:32:33.776385+00:00,3819.0,33.0,96.97,33.0,1714.08203125,609.0942235477269
2026-07-21T02:32:34.069419+00:00,3819.0,35.0,96.84,33.0,1714.08203125,609.387257963419
2026-07-21T02:32:34.395630+00:00,3819.0,35.0,97.33,33.0,1714.08203125,609.7134684473276
2026-07-21T02:32:34.728444+00:00,3819.0,35.0,96.91,33.0,1714.08203125,610.0462828762829
2026-07-21T02:32:35.056066+00:00,3819.0,33.0,97.22,33.0,1714.08203125,610.3739052340388
2026-07-21T02:32:35.413566+00:00,3819.0,33.0,97.38,33.0,1714.08203125,610.7314046174288
2026-07-21T02:32:35.727122+00:00,3819.0,35.0,97.45,33.0,1714.0859375,611.0449613854289
2026-07-21T02:32:36.052278+00:00,3819.0,36.0,97.51,33.0,1714.0859375,611.3701167069376
2026-07-21T02:32:36.362452+00:00,3819.0,36.0,97.51,33.0,1714.0859375,611.680291518569
2026-07-21T02:32:36.688478+00:00,3819.0,35.0,97.82,33.0,1714.08984375,612.0063165798783
2026-07-21T02:32:36.997879+00:00,3819.0,35.0,97.99,33.0,1714.08984375,612.3157176822424
2026-07-21T02:32:37.306234+00:00,3819.0,36.0,97.83,33.0,1714.09375,612.624072983861
2026-07-21T02:32:37.614340+00:00,3819.0,31.0,97.61,33.0,1714.1484375,612.9321783296764
2026-07-21T02:32:37.917770+00:00,3819.0,34.0,97.19,33.0,1714.1484375,613.2356091327965
2026-07-21T02:32:38.272135+00:00,3819.0,35.0,97.38,33.0,1714.15234375,613.5899736247957
2026-07-21T02:32:38.579302+00:00,3819.0,35.0,97.35,33.0,1714.15234375,613.8971405252814
2026-07-21T02:32:38.865952+00:00,3819.0,36.0,97.37,33.0,1714.16015625,614.1837911270559
2026-07-21T02:32:39.172949+00:00,3819.0,36.0,97.58,33.0,1714.16015625,614.4907886311412
2026-07-21T02:32:39.458925+00:00,3819.0,35.0,97.28,33.0,1714.16015625,614.7767644263804
2026-07-21T02:32:39.784557+00:00,3819.0,35.0,97.22,33.0,1714.16796875,615.1023951210082
2026-07-21T02:32:40.105122+00:00,3819.0,26.0,97.32,33.0,1714.23828125,615.422960229218
2026-07-21T02:32:40.391287+00:00,3819.0,35.0,97.5,33.0,1714.2421875,615.70912604779
2026-07-21T02:32:40.707479+00:00,3819.0,35.0,98.12,33.0,1714.2421875,616.025318261236
2026-07-21T02:32:41.016232+00:00,3819.0,35.0,98.16,33.0,1714.24609375,616.334071110934
2026-07-21T02:32:41.372652+00:00,3819.0,35.0,97.57,33.0,1714.2578125,616.6904909312725
2026-07-21T02:32:41.704937+00:00,3819.0,35.0,97.57,33.0,1714.3046875,617.0227757953107
2026-07-21T02:32:42.014343+00:00,3819.0,35.0,97.42,33.0,1714.3046875,617.3321823067963
2026-07-21T02:32:42.321496+00:00,3819.0,36.0,97.55,33.0,1714.3046875,617.63933512941
2026-07-21T02:32:42.605720+00:00,3819.0,36.0,97.03,33.0,1714.3046875,617.9235591702163
2026-07-21T02:32:42.916941+00:00,3819.0,35.0,97.16,33.0,1714.30859375,618.2347803004086
2026-07-21T02:32:43.223898+00:00,3819.0,36.0,97.13,33.0,1714.30859375,618.5417376682162
2026-07-21T02:32:43.509834+00:00,3819.0,36.0,97.49,33.0,1714.3203125,618.8276733420789
2026-07-21T02:32:43.793706+00:00,3819.0,26.0,97.88,33.0,1714.37890625,619.1115451306105
2026-07-21T02:32:44.101404+00:00,3819.0,35.0,98.11,33.0,1714.37890625,619.4192428179085
2026-07-21T02:32:44.408696+00:00,3819.0,35.0,98.1,33.0,1714.3828125,619.7265348508954
2026-07-21T02:32:44.693142+00:00,3819.0,35.0,98.8,33.0,1714.3828125,620.0109809562564
2026-07-21T02:32:45.000749+00:00,3819.0,35.0,98.27,33.0,1714.40625,620.3185879960656
2026-07-21T02:32:45.286171+00:00,3819.0,36.0,98.47,33.0,1714.40625,620.6040106639266
2026-07-21T02:32:45.592985+00:00,3819.0,35.0,98.29,33.0,1714.41796875,620.9108245074749
2026-07-21T02:32:45.926067+00:00,3819.0,26.0,98.4,33.0,1714.484375,621.2439053431153
2026-07-21T02:32:46.234815+00:00,3819.0,35.0,97.89,33.0,1714.484375,621.552654851228
2026-07-21T02:32:46.567504+00:00,3819.0,35.0,97.53,33.0,1714.4921875,621.8853430561721
2026-07-21T02:32:46.879791+00:00,3819.0,35.0,97.25,33.0,1714.4921875,622.1976301260293
2026-07-21T02:32:47.212243+00:00,3819.0,35.0,97.17,33.0,1714.5078125,622.5300822593272
2026-07-21T02:32:47.519704+00:00,3819.0,35.0,97.1,33.0,1714.52734375,622.8375432677567
2026-07-21T02:32:47.852921+00:00,3819.0,35.0,97.01,33.0,1714.52734375,623.1707600094378
2026-07-21T02:32:48.166236+00:00,3819.0,35.0,97.22,33.0,1714.53515625,623.4840739555657
2026-07-21T02:32:48.453731+00:00,3819.0,35.0,97.02,33.0,1714.53515625,623.7715694867074
2026-07-21T02:32:48.741198+00:00,3819.0,19.0,97.25,33.0,1714.6015625,624.0590359643102
2026-07-21T02:32:49.045974+00:00,3819.0,36.0,97.03,33.0,1714.60546875,624.3638136461377
2026-07-21T02:32:49.378004+00:00,3819.0,35.0,97.07,33.0,1714.60546875,624.6958429887891
2026-07-21T02:32:49.733008+00:00,3819.0,33.0,96.93,33.0,1714.62890625,625.0508466921747
2026-07-21T02:32:50.068142+00:00,3819.0,35.0,97.13,33.0,1714.62890625,625.3859764784575
2026-07-21T02:32:50.397586+00:00,3819.0,34.0,97.15,33.0,1714.65625,625.7154250144958
2026-07-21T02:32:50.713030+00:00,3819.0,35.0,96.99,33.0,1714.66015625,626.0308692641556
2026-07-21T02:32:51.024829+00:00,3819.0,34.0,97.29,33.0,1714.66015625,626.3426689021289
2026-07-21T02:32:51.407636+00:00,3819.0,1.0,95.59,33.0,1714.671875,626.7254755795002
2026-07-21T02:32:51.721605+00:00,3819.0,32.0,95.63,33.0,1714.83203125,627.0394430719316
2026-07-21T02:32:52.058026+00:00,3819.0,33.0,95.4,33.0,1714.83203125,627.3758645579219
2026-07-21T02:32:52.366225+00:00,3819.0,34.0,96.64,33.0,1714.83203125,627.6840642541647
2026-07-21T02:32:52.724014+00:00,3819.0,34.0,96.82,33.0,1714.83203125,628.0418523065746
2026-07-21T02:32:53.034211+00:00,3819.0,35.0,96.77,33.0,1714.83203125,628.3520497195423
2026-07-21T02:32:53.343092+00:00,3819.0,35.0,97.0,33.0,1714.83203125,628.6609315611422
2026-07-21T02:32:53.673254+00:00,3819.0,33.0,96.98,33.0,1714.83203125,628.9910927191377
2026-07-21T02:32:54.000775+00:00,3819.0,34.0,97.1,33.0,1714.83203125,629.3186039626598
2026-07-21T02:32:54.306980+00:00,3819.0,35.0,97.12,33.0,1714.83203125,629.6248195506632
2026-07-21T02:32:54.622838+00:00,3819.0,35.0,97.21,33.0,1714.83203125,629.9406767264009
2026-07-21T02:32:54.934168+00:00,3819.0,25.0,97.81,33.0,1714.8515625,630.252006277442
2026-07-21T02:32:55.221154+00:00,3819.0,34.0,97.96,33.0,1714.8515625,630.5389926359057
2026-07-21T02:32:55.553465+00:00,3819.0,36.0,97.46,33.0,1714.8515625,630.8713033534586
2026-07-21T02:32:55.857728+00:00,3819.0,34.0,97.46,33.0,1714.8515625,631.1755669265985
2026-07-21T02:32:56.189176+00:00,3819.0,34.0,96.75,33.0,1714.8515625,631.5070145279169
2026-07-21T02:32:56.522803+00:00,3819.0,35.0,97.14,33.0,1714.8515625,631.8406416624784
2026-07-21T02:32:56.868618+00:00,3819.0,35.0,97.02,33.0,1714.8515625,632.1864563375711
2026-07-21T02:32:57.179264+00:00,3819.0,35.0,97.7,33.0,1714.875,632.4971024058759
2026-07-21T02:32:57.490343+00:00,3819.0,35.0,97.71,33.0,1714.875,632.8081823550165
2026-07-21T02:32:57.798431+00:00,3819.0,34.0,97.75,33.0,1714.875,633.1162643842399
2026-07-21T02:32:58.084935+00:00,3819.0,35.0,97.44,33.0,1714.875,633.4027743302286
2026-07-21T02:32:58.394934+00:00,3819.0,35.0,97.51,33.0,1714.875,633.7127726078033
2026-07-21T02:32:58.681398+00:00,3819.0,34.0,97.23,33.0,1714.875,633.9992364607751
2026-07-21T02:32:59.033115+00:00,3819.0,34.0,97.21,33.0,1714.875,634.3509536236525
2026-07-21T02:32:59.343019+00:00,3819.0,34.0,96.85,33.0,1714.875,634.6608580313623
2026-07-21T02:32:59.673294+00:00,3819.0,35.0,97.23,33.0,1714.875,634.9911330379546
2026-07-21T02:33:00.008769+00:00,3819.0,35.0,97.44,33.0,1714.875,635.3266081027687
2026-07-21T02:33:00.298684+00:00,3819.0,36.0,97.72,33.0,1714.875,635.6165230572224
2026-07-21T02:33:00.603322+00:00,3819.0,35.0,97.7,33.0,1714.875,635.9211609736085
2026-07-21T02:33:00.961064+00:00,3819.0,35.0,97.89,33.0,1714.8984375,636.2789018303156
2026-07-21T02:33:01.322290+00:00,3819.0,34.0,97.74,33.0,1714.8984375,636.640126939863
2026-07-21T02:33:01.634874+00:00,3819.0,33.0,97.75,33.0,1714.8984375,636.9527123905718
2026-07-21T02:33:01.969150+00:00,3819.0,35.0,97.25,33.0,1714.8984375,637.2869883701205
2026-07-21T02:33:02.279141+00:00,3819.0,35.0,97.01,33.0,1714.8984375,637.5969800651073
2026-07-21T02:33:02.630978+00:00,3819.0,35.0,96.73,33.0,1714.8984375,637.9488165602088
2026-07-21T02:33:02.979653+00:00,3819.0,35.0,97.08,33.0,1714.8984375,638.2974918037653
2026-07-21T02:33:03.309416+00:00,3819.0,34.0,97.33,33.0,1714.8984375,638.6272548809648
2026-07-21T02:33:03.665485+00:00,3819.0,34.0,97.62,33.0,1714.8984375,638.9833239540458
2026-07-21T02:33:03.974131+00:00,3819.0,34.0,97.52,33.0,1714.8984375,639.2919695153832
2026-07-21T02:33:04.283020+00:00,3819.0,35.0,97.89,33.0,1714.8984375,639.6008588559926
2026-07-21T02:33:04.633042+00:00,3819.0,35.0,97.65,33.0,1714.921875,639.9508803226054
2026-07-21T02:33:04.940521+00:00,3819.0,34.0,97.59,33.0,1714.921875,640.2583599537611
2026-07-21T02:33:05.321733+00:00,3819.0,33.0,96.99,33.0,1714.921875,640.6395702920854
2026-07-21T02:33:05.668643+00:00,3819.0,34.0,97.09,33.0,1714.921875,640.9864809289575
2026-07-21T02:33:05.976148+00:00,3819.0,35.0,97.1,33.0,1714.921875,641.2939869724214
2026-07-21T02:33:06.264018+00:00,3819.0,35.0,97.04,33.0,1714.921875,641.5818567276001
2026-07-21T02:33:06.647450+00:00,3819.0,35.0,97.19,33.0,1714.921875,641.9652894921601
2026-07-21T02:33:07.006716+00:00,3819.0,33.0,97.49,33.0,1714.92578125,642.3245535232127
2026-07-21T02:33:07.426968+00:00,3819.0,34.0,97.46,33.0,1714.92578125,642.7448064573109
2026-07-21T02:33:07.716958+00:00,3819.0,35.0,97.53,33.0,1714.92578125,643.0347968973219
2026-07-21T02:33:08.005957+00:00,3819.0,35.0,97.31,33.0,1714.92578125,643.3237957432866
2026-07-21T02:33:08.364295+00:00,3819.0,34.0,97.26,33.0,1714.92578125,643.6821341179311
2026-07-21T02:33:08.699091+00:00,3819.0,33.0,97.04,33.0,1714.92578125,644.0169296711683
2026-07-21T02:33:08.990740+00:00,3819.0,35.0,96.7,33.0,1714.9296875,644.3085773549974
2026-07-21T02:33:09.292133+00:00,3819.0,35.0,96.65,33.0,1714.9296875,644.609972037375
2026-07-21T02:33:09.606005+00:00,3819.0,34.0,96.51,33.0,1714.9296875,644.9238441251218
2026-07-21T02:33:09.989708+00:00,3819.0,33.0,96.71,33.0,1714.9296875,645.3075448200107
2026-07-21T02:33:10.333909+00:00,3819.0,35.0,97.08,33.0,1714.9296875,645.6517480053008
2026-07-21T02:33:10.622124+00:00,3819.0,35.0,97.13,33.0,1714.93359375,645.939961720258
2026-07-21T02:33:10.925866+00:00,3819.0,34.0,97.12,33.0,1714.93359375,646.243705123663
2026-07-21T02:33:11.237706+00:00,3819.0,35.0,97.06,33.0,1714.93359375,646.5555451773107
2026-07-21T02:33:11.545801+00:00,3819.0,35.0,96.79,33.0,1714.93359375,646.8636392094195
2026-07-21T02:33:11.849337+00:00,3819.0,34.0,96.87,33.0,1714.93359375,647.167176079005
2026-07-21T02:33:12.153362+00:00,3819.0,34.0,96.99,33.0,1714.93359375,647.4712007641792
2026-07-21T02:33:12.461147+00:00,3819.0,33.0,97.09,33.0,1714.93359375,647.7789867594838
2026-07-21T02:33:12.747867+00:00,3819.0,34.0,97.47,33.0,1714.93359375,648.0657049715519
2026-07-21T02:33:13.053391+00:00,3819.0,35.0,97.61,33.0,1714.9375,648.3712302185595
2026-07-21T02:33:13.341418+00:00,3819.0,35.0,97.5,33.0,1714.9375,648.6592571102083
2026-07-21T02:33:13.628868+00:00,3819.0,36.0,97.48,33.0,1714.9375,648.9467071518302
2026-07-21T02:33:13.942954+00:00,3819.0,36.0,97.36,33.0,1714.9375,649.2607925534248
2026-07-21T02:33:14.250273+00:00,3819.0,26.0,97.03,33.0,1714.9375,649.5681095309556
2026-07-21T02:33:14.534740+00:00,3819.0,36.0,96.95,33.0,1714.9375,649.8525791615248
2026-07-21T02:33:14.865183+00:00,3819.0,35.0,96.72,33.0,1714.9375,650.1830220967531
2026-07-21T02:33:15.173204+00:00,3819.0,34.0,96.95,33.0,1714.9375,650.4910434186459
2026-07-21T02:33:15.477536+00:00,3819.0,34.0,96.96,33.0,1714.9375,650.7953749001026
2026-07-21T02:33:15.785364+00:00,3819.0,34.0,96.91,33.0,1714.94140625,651.1032020263374
2026-07-21T02:33:16.094837+00:00,3819.0,34.0,96.85,33.0,1714.94140625,651.412675421685
2026-07-21T02:33:16.387884+00:00,3819.0,34.0,97.08,33.0,1714.94140625,651.7057232297957
2026-07-21T02:33:16.716643+00:00,3819.0,34.0,97.21,33.0,1714.94140625,652.0344828031957
2026-07-21T02:33:17.026174+00:00,3819.0,33.0,97.33,33.0,1714.94140625,652.3440132215619
2026-07-21T02:33:17.311699+00:00,3819.0,36.0,97.24,33.0,1714.94140625,652.6295381635427
2026-07-21T02:33:17.616282+00:00,3819.0,26.0,97.51,33.0,1714.9453125,652.934120669961
2026-07-21T02:33:17.927233+00:00,3819.0,35.0,97.55,33.0,1714.9453125,653.2450724281371
2026-07-21T02:33:18.241434+00:00,3819.0,36.0,97.47,33.0,1714.9453125,653.559272274375
2026-07-21T02:33:18.558095+00:00,3819.0,34.0,97.62,33.0,1714.9453125,653.8759343698621
2026-07-21T02:33:18.880337+00:00,3819.0,35.0,97.11,33.0,1714.9453125,654.1981767527759
2026-07-21T02:33:19.215979+00:00,3819.0,34.0,96.86,33.0,1714.94921875,654.5338170304894
2026-07-21T02:33:19.521265+00:00,3819.0,34.0,96.94,33.0,1714.94921875,654.8391038961709
2026-07-21T02:33:19.808886+00:00,3819.0,35.0,96.95,33.0,1714.94921875,655.1267253533006
2026-07-21T02:33:20.117366+00:00,3819.0,35.0,97.04,33.0,1714.94921875,655.4352052211761
2026-07-21T02:33:20.407378+00:00,3819.0,36.0,97.47,33.0,1714.94921875,655.7252166830003
2026-07-21T02:33:20.718875+00:00,3819.0,33.0,97.31,33.0,1714.94921875,656.0367143377662
2026-07-21T02:33:21.020248+00:00,3819.0,36.0,96.8,33.0,1714.953125,656.3380855955184
2026-07-21T02:33:21.313067+00:00,3819.0,34.0,96.88,33.0,1714.953125,656.6309061795473
2026-07-21T02:33:21.601688+00:00,3819.0,36.0,97.01,33.0,1714.953125,656.9195270426571
2026-07-21T02:33:21.913868+00:00,3819.0,34.0,97.27,33.0,1714.953125,657.2317069843411
2026-07-21T02:33:22.222215+00:00,3819.0,35.0,97.21,33.0,1714.953125,657.5400537252426
2026-07-21T02:33:22.514240+00:00,3819.0,36.0,97.0,33.0,1714.953125,657.8320783041418
2026-07-21T02:33:22.803934+00:00,3819.0,34.0,97.13,33.0,1714.953125,658.1217729412019
2026-07-21T02:33:23.113304+00:00,3819.0,34.0,97.36,33.0,1714.953125,658.4311431199312
2026-07-21T02:33:23.425185+00:00,3819.0,34.0,97.4,33.0,1714.953125,658.7430236004293
2026-07-21T02:33:23.709742+00:00,3819.0,35.0,97.5,33.0,1714.953125,659.0275816880167
2026-07-21T02:33:24.014518+00:00,3819.0,35.0,97.54,33.0,1714.95703125,659.3323566578329
2026-07-21T02:33:24.319898+00:00,3819.0,34.0,97.21,33.0,1714.95703125,659.6377370767295
2026-07-21T02:33:24.628442+00:00,3819.0,35.0,97.26,33.0,1714.95703125,659.9462813474238
2026-07-21T02:33:24.966073+00:00,3819.0,35.0,97.04,33.0,1714.95703125,660.2839107848704
2026-07-21T02:33:25.298243+00:00,3819.0,35.0,97.1,33.0,1714.95703125,660.616081379354
2026-07-21T02:33:25.585637+00:00,3819.0,33.0,96.99,33.0,1714.95703125,660.903476268053
2026-07-21T02:33:25.895428+00:00,3819.0,35.0,96.95,33.0,1714.95703125,661.2132670171559
2026-07-21T02:33:26.229775+00:00,3819.0,34.0,96.6,33.0,1714.96484375,661.5476133264601
2026-07-21T02:33:26.555685+00:00,3819.0,35.0,97.27,33.0,1714.96484375,661.8735238574445
2026-07-21T02:33:26.887643+00:00,3819.0,35.0,97.45,33.0,1714.96484375,662.2054820023477
2026-07-21T02:33:27.198601+00:00,3819.0,33.0,97.4,33.0,1714.96484375,662.5164393000305
2026-07-21T02:33:27.508906+00:00,3819.0,33.0,96.85,33.0,1714.96484375,662.8267445787787
2026-07-21T02:33:27.795466+00:00,3819.0,34.0,96.72,33.0,1714.96484375,663.1133055314422
2026-07-21T02:33:28.109394+00:00,3819.0,36.0,96.82,33.0,1714.96484375,663.4272327795625
2026-07-21T02:33:28.422408+00:00,3819.0,35.0,97.19,33.0,1714.96484375,663.7402465976775
2026-07-21T02:33:28.729143+00:00,3819.0,35.0,97.28,33.0,1714.984375,664.0469811148942
2026-07-21T02:33:29.033474+00:00,3819.0,34.0,97.43,33.0,1714.984375,664.3513130918145
2026-07-21T02:33:29.320673+00:00,3819.0,33.0,97.33,33.0,1714.984375,664.6385118104517
2026-07-21T02:33:29.623228+00:00,3819.0,35.0,97.15,33.0,1714.984375,664.9410673491657
2026-07-21T02:33:29.940034+00:00,3819.0,35.0,96.89,33.0,1714.984375,665.2578724808991
2026-07-21T02:33:30.251858+00:00,3819.0,33.0,96.9,33.0,1714.984375,665.5696900971234
2026-07-21T02:33:30.566785+00:00,3819.0,35.0,97.01,33.0,1714.984375,665.8846244327724
2026-07-21T02:33:30.918320+00:00,3819.0,34.0,97.06,33.0,1714.984375,666.2361583448946
2026-07-21T02:33:31.209699+00:00,3819.0,35.0,97.62,33.0,1715.00390625,666.5275371707976
2026-07-21T02:33:31.494987+00:00,3819.0,35.0,97.44,33.0,1715.00390625,666.812827065587
2026-07-21T02:33:31.831441+00:00,3819.0,33.0,97.21,33.0,1715.00390625,667.1492794752121
2026-07-21T02:33:32.162178+00:00,3819.0,35.0,97.12,33.0,1715.00390625,667.4800169281662
2026-07-21T02:33:32.471512+00:00,3819.0,34.0,97.11,33.0,1715.00390625,667.789351247251
2026-07-21T02:33:32.786229+00:00,3819.0,36.0,97.31,33.0,1715.00390625,668.1040678992867
2026-07-21T02:33:33.094032+00:00,3819.0,35.0,97.25,33.0,1715.00390625,668.411871727556
2026-07-21T02:33:33.404505+00:00,3819.0,35.0,97.5,33.0,1715.00390625,668.7223448343575
2026-07-21T02:33:33.713602+00:00,3819.0,36.0,97.51,33.0,1715.00390625,669.031440731138
2026-07-21T02:33:33.999167+00:00,3819.0,24.0,97.82,33.0,1715.02734375,669.3170056119561
2026-07-21T02:33:34.335076+00:00,3819.0,35.0,97.58,33.0,1715.02734375,669.6529148258269
2026-07-21T02:33:34.659024+00:00,3819.0,35.0,97.36,33.0,1715.02734375,669.9768634140491
2026-07-21T02:33:35.026694+00:00,3819.0,35.0,97.4,33.0,1715.02734375,670.3445336259902
2026-07-21T02:33:35.314569+00:00,3819.0,36.0,97.87,33.0,1715.02734375,670.6324074938893
2026-07-21T02:33:35.602256+00:00,3819.0,36.0,98.08,33.0,1715.02734375,670.9200950190425
2026-07-21T02:33:35.950133+00:00,3819.0,35.0,97.87,33.0,1715.02734375,671.2679715901613
2026-07-21T02:33:36.262544+00:00,3819.0,36.0,97.63,33.0,1715.02734375,671.5803828574717
2026-07-21T02:33:36.587626+00:00,3819.0,35.0,97.41,33.0,1715.05078125,671.9054642729461
2026-07-21T02:33:36.872946+00:00,3819.0,35.0,97.48,33.0,1715.05078125,672.1907853409648
2026-07-21T02:33:37.158184+00:00,3819.0,35.0,97.39,33.0,1715.05078125,672.4760241210461
2026-07-21T02:33:37.468048+00:00,3819.0,36.0,97.48,33.0,1715.05078125,672.7858871556818
2026-07-21T02:33:37.758753+00:00,3819.0,36.0,97.4,33.0,1715.05078125,673.0765923857689
2026-07-21T02:33:38.108482+00:00,3819.0,36.0,97.16,33.0,1715.05078125,673.4263212904334
2026-07-21T02:33:38.456426+00:00,3819.0,36.0,97.43,33.0,1715.05078125,673.7742643542588
2026-07-21T02:33:38.767911+00:00,3819.0,35.0,97.37,33.0,1715.0703125,674.0857496410608
2026-07-21T02:33:39.057543+00:00,3819.0,35.0,97.41,33.0,1715.0703125,674.3753819949925
2026-07-21T02:33:39.350076+00:00,3819.0,35.0,97.3,33.0,1715.0703125,674.6679144836962
2026-07-21T02:33:39.699741+00:00,3819.0,34.0,97.56,33.0,1715.0703125,675.0175799056888
2026-07-21T02:33:39.984590+00:00,3819.0,36.0,97.58,33.0,1715.0703125,675.3024293705821
2026-07-21T02:33:40.290312+00:00,3819.0,35.0,97.74,33.0,1715.0703125,675.6081507056952
2026-07-21T02:33:40.601603+00:00,3819.0,36.0,97.65,33.0,1715.0703125,675.9194416180253
2026-07-21T02:33:40.890148+00:00,3819.0,24.0,97.3,33.0,1715.08984375,676.2079866714776
2026-07-21T02:33:41.215587+00:00,3819.0,35.0,97.88,33.0,1715.08984375,676.5334263704717
2026-07-21T02:33:41.519705+00:00,3819.0,35.0,97.82,33.0,1715.08984375,676.8375442065299
2026-07-21T02:33:41.850975+00:00,3819.0,35.0,97.55,33.0,1715.1015625,677.1688134893775
2026-07-21T02:33:42.188429+00:00,3819.0,25.0,97.29,33.0,1715.12109375,677.5062671080232
2026-07-21T02:33:42.498875+00:00,3819.0,35.0,97.48,33.0,1715.12109375,677.8167141675949
2026-07-21T02:33:42.785760+00:00,3819.0,26.0,97.06,33.0,1715.12109375,678.1035988666117
2026-07-21T02:33:43.094711+00:00,3819.0,34.0,96.41,33.0,1715.12109375,678.4125502035022
2026-07-21T02:33:43.380520+00:00,3819.0,35.0,96.06,33.0,1715.12109375,678.6983600221574
2026-07-21T02:33:43.726265+00:00,3819.0,33.0,96.24,33.0,1715.12109375,679.044104102999
2026-07-21T02:33:44.012083+00:00,3819.0,35.0,97.05,33.0,1715.12109375,679.3299217149615
2026-07-21T02:33:44.366187+00:00,3819.0,34.0,97.31,33.0,1715.12109375,679.6840267218649
2026-07-21T02:33:44.672136+00:00,3819.0,34.0,97.16,33.0,1715.12109375,679.9899745956063
2026-07-21T02:33:44.957528+00:00,3819.0,29.0,97.4,33.0,1715.140625,680.2753663063049
2026-07-21T02:33:45.268902+00:00,3819.0,35.0,97.2,33.0,1715.140625,680.5867410302162
2026-07-21T02:33:45.556001+00:00,3819.0,33.0,97.37,33.0,1715.140625,680.8738402090967
2026-07-21T02:33:45.841816+00:00,3819.0,35.0,97.32,33.0,1715.140625,681.1596550829709
2026-07-21T02:33:46.147389+00:00,3819.0,34.0,97.33,33.0,1715.140625,681.4652281478047
2026-07-21T02:33:46.457982+00:00,3819.0,34.0,97.41,33.0,1715.140625,681.7758203186095
2026-07-21T02:33:46.792869+00:00,3819.0,34.0,97.01,33.0,1715.16015625,682.1106965579093
2026-07-21T02:33:47.110158+00:00,3819.0,34.0,96.61,33.0,1715.16015625,682.427997007966
2026-07-21T02:33:47.425908+00:00,3819.0,35.0,96.35,33.0,1715.16015625,682.7437400221825
2026-07-21T02:33:47.715700+00:00,3819.0,35.0,96.67,33.0,1715.16015625,683.0335393399
2026-07-21T02:33:48.003104+00:00,3819.0,35.0,96.91,33.0,1715.16015625,683.3209426179528
2026-07-21T02:33:48.313085+00:00,3819.0,35.0,97.12,33.0,1715.16015625,683.6309238113463
2026-07-21T02:33:48.668061+00:00,3819.0,35.0,97.1,33.0,1715.1640625,683.9859001077712
2026-07-21T02:33:48.978464+00:00,3819.0,35.0,97.14,33.0,1715.1640625,684.2963028997183
2026-07-21T02:33:49.337993+00:00,3819.0,36.0,97.03,33.0,1715.18359375,684.6558311022818
2026-07-21T02:33:49.626060+00:00,3819.0,35.0,97.08,33.0,1715.18359375,684.9438993372023
2026-07-21T02:33:49.934770+00:00,3819.0,35.0,97.18,33.0,1715.18359375,685.2526092641056
2026-07-21T02:33:50.222162+00:00,3819.0,35.0,97.19,33.0,1715.18359375,685.5400014482439
2026-07-21T02:33:50.506292+00:00,3819.0,36.0,97.55,33.0,1715.18359375,685.8241313025355
2026-07-21T02:33:50.815237+00:00,3819.0,35.0,97.62,33.0,1715.18359375,686.1330767944455
2026-07-21T02:33:51.147690+00:00,3819.0,29.0,97.73,33.0,1715.203125,686.4655282534659
2026-07-21T02:33:51.434832+00:00,3819.0,35.0,97.67,33.0,1715.203125,686.7526712194085
2026-07-21T02:33:51.746313+00:00,3819.0,35.0,97.3,33.0,1715.203125,687.0641515217721
2026-07-21T02:33:52.033700+00:00,3819.0,35.0,97.63,33.0,1715.203125,687.3515384010971
2026-07-21T02:33:52.341576+00:00,3819.0,35.0,97.19,33.0,1715.203125,687.6594145558774
2026-07-21T02:33:52.629466+00:00,3819.0,35.0,97.1,33.0,1715.203125,687.9473050460219
2026-07-21T02:33:52.916165+00:00,3819.0,35.0,97.25,33.0,1715.203125,688.2340037710965
2026-07-21T02:33:53.226634+00:00,3819.0,35.0,97.27,33.0,1715.22265625,688.5444677211344
2026-07-21T02:33:53.534692+00:00,3819.0,34.0,97.42,33.0,1715.22265625,688.8525313064456
2026-07-21T02:33:53.863770+00:00,3819.0,35.0,97.4,33.0,1715.22265625,689.1816092841327
2026-07-21T02:33:54.173934+00:00,3819.0,35.0,97.04,33.0,1715.22265625,689.4917729273438
2026-07-21T02:33:54.501764+00:00,3819.0,35.0,97.06,33.0,1715.22265625,689.8196033239365
2026-07-21T02:33:54.809909+00:00,3819.0,35.0,97.0,33.0,1715.22265625,690.1277482323349
2026-07-21T02:33:55.104081+00:00,3819.0,24.0,97.06,33.0,1715.2421875,690.4219196401536
2026-07-21T02:33:55.413554+00:00,3819.0,35.0,97.11,33.0,1715.2421875,690.7313929237425
2026-07-21T02:33:55.720875+00:00,3819.0,35.0,97.32,33.0,1715.2421875,691.0387144312263
2026-07-21T02:33:56.023810+00:00,3819.0,35.0,97.55,33.0,1715.2421875,691.3416495397687
2026-07-21T02:33:56.310879+00:00,3819.0,35.0,97.56,33.0,1715.2421875,691.6287181265652
2026-07-21T02:33:56.622381+00:00,3819.0,35.0,97.65,33.0,1715.2421875,691.9402208216488
2026-07-21T02:33:56.911960+00:00,3819.0,35.0,97.29,33.0,1715.2421875,692.2297990992665
2026-07-21T02:33:57.197762+00:00,3819.0,20.0,97.25,33.0,1715.26171875,692.5156005136669
2026-07-21T02:33:57.552578+00:00,3819.0,34.0,96.93,33.0,1715.26171875,692.8704171068966
2026-07-21T02:33:57.859711+00:00,3819.0,35.0,96.96,33.0,1715.26171875,693.1775505393744
2026-07-21T02:33:58.163687+00:00,3819.0,35.0,97.17,33.0,1715.26171875,693.4815258830786
2026-07-21T02:33:58.471476+00:00,3819.0,35.0,97.09,33.0,1715.26171875,693.7893159873784
2026-07-21T02:33:58.775454+00:00,3819.0,25.0,97.55,33.0,1715.28125,694.0932920910418
2026-07-21T02:33:59.069240+00:00,3819.0,35.0,97.64,33.0,1715.28125,694.3870787210763
2026-07-21T02:33:59.356089+00:00,3819.0,34.0,97.77,33.0,1715.28125,694.6739278435707
2026-07-21T02:33:59.686216+00:00,3819.0,34.0,97.27,33.0,1715.28125,695.004053954035
2026-07-21T02:33:59.973386+00:00,3819.0,34.0,97.23,33.0,1715.28125,695.2912249527872
2026-07-21T02:34:00.299125+00:00,3819.0,35.0,97.05,33.0,1715.28125,695.6169641278684
2026-07-21T02:34:00.628435+00:00,3819.0,36.0,97.04,33.0,1715.28125,695.94627411291
2026-07-21T02:34:00.939765+00:00,3819.0,29.0,96.7,33.0,1715.28125,696.2576039619744
2026-07-21T02:34:01.247528+00:00,3819.0,34.0,96.85,33.0,1715.28125,696.5653674416244
2026-07-21T02:34:01.579887+00:00,3819.0,33.0,97.04,33.0,1715.30078125,696.8977242819965
2026-07-21T02:34:01.868084+00:00,3819.0,33.0,96.84,33.0,1715.30078125,697.185923345387
2026-07-21T02:34:02.202151+00:00,3819.0,35.0,97.27,33.0,1715.30078125,697.5199893116951
2026-07-21T02:34:02.487481+00:00,3819.0,36.0,97.08,33.0,1715.30078125,697.8053198494017
2026-07-21T02:34:02.798602+00:00,3819.0,29.0,96.65,33.0,1715.3046875,698.1164408661425
2026-07-21T02:34:03.109812+00:00,3819.0,35.0,96.86,33.0,1715.3046875,698.4276513755322
2026-07-21T02:34:03.397542+00:00,3819.0,36.0,96.95,33.0,1715.3046875,698.7153809927404
2026-07-21T02:34:03.704432+00:00,3819.0,36.0,97.58,33.0,1715.30859375,699.0222711078823
2026-07-21T02:34:04.010125+00:00,3819.0,36.0,97.72,33.0,1715.30859375,699.3279641978443
2026-07-21T02:34:04.323738+00:00,3819.0,35.0,98.0,33.0,1715.30859375,699.6415775083005
2026-07-21T02:34:04.611353+00:00,3819.0,36.0,98.06,33.0,1715.30859375,699.9291916973889
2026-07-21T02:34:04.921178+00:00,3819.0,36.0,98.16,33.0,1715.30859375,700.2390171177685
2026-07-21T02:34:05.207933+00:00,3819.0,36.0,98.11,33.0,1715.3125,700.5257723033428
2026-07-21T02:34:05.493045+00:00,3819.0,36.0,98.12,33.0,1715.3125,700.8108844347298
2026-07-21T02:34:05.798564+00:00,3819.0,35.0,97.94,33.0,1715.3125,701.1164031550288
2026-07-21T02:34:06.127928+00:00,3819.0,32.0,97.58,33.0,1715.3125,701.4457670673728
2026-07-21T02:34:06.437104+00:00,3819.0,35.0,97.34,33.0,1715.3125,701.7549433410168
2026-07-21T02:34:06.744547+00:00,3819.0,35.0,97.37,33.0,1715.31640625,702.0623853094876
2026-07-21T02:34:07.076433+00:00,3819.0,34.0,97.26,33.0,1715.34375,702.3942699171603
2026-07-21T02:34:07.363187+00:00,3819.0,34.0,97.42,33.0,1715.34375,702.6810262426734
2026-07-21T02:34:07.696826+00:00,3819.0,35.0,97.12,33.0,1715.34375,703.0146653614938
2026-07-21T02:34:08.010438+00:00,3819.0,35.0,97.0,33.0,1715.34375,703.3282768465579
2026-07-21T02:34:08.345041+00:00,3819.0,36.0,97.13,33.0,1715.34375,703.6628795228899
2026-07-21T02:34:08.651901+00:00,3819.0,35.0,97.08,33.0,1715.34375,703.9697402268648
2026-07-21T02:34:08.938891+00:00,3819.0,36.0,97.09,33.0,1715.34375,704.2567307054996
2026-07-21T02:34:09.247246+00:00,3819.0,35.0,97.1,33.0,1715.36328125,704.5650851652026
2026-07-21T02:34:09.553860+00:00,3819.0,35.0,97.61,33.0,1715.36328125,704.8716995194554
2026-07-21T02:34:09.871139+00:00,3819.0,34.0,97.55,33.0,1715.36328125,705.1889786943793
2026-07-21T02:34:10.181143+00:00,3819.0,34.0,97.37,33.0,1715.36328125,705.4989822357893
2026-07-21T02:34:10.522239+00:00,3819.0,35.0,97.05,33.0,1715.3671875,705.8400784432888
2026-07-21T02:34:10.827554+00:00,3819.0,35.0,97.02,33.0,1715.3671875,706.145392857492
2026-07-21T02:34:11.139707+00:00,3819.0,35.0,97.11,33.0,1715.3671875,706.4575459435582
2026-07-21T02:34:11.424990+00:00,3819.0,35.0,97.27,33.0,1715.37109375,706.7428285218775
2026-07-21T02:34:11.739340+00:00,3819.0,36.0,97.42,33.0,1715.37109375,707.057179145515
2026-07-21T02:34:12.065902+00:00,3819.0,35.0,97.12,33.0,1715.37109375,707.3837408237159
2026-07-21T02:34:12.373900+00:00,3819.0,35.0,97.25,33.0,1715.37109375,707.6917384192348
2026-07-21T02:34:12.710711+00:00,3819.0,35.0,97.44,33.0,1715.37109375,708.0285503864288
2026-07-21T02:34:13.051736+00:00,3819.0,35.0,97.57,33.0,1715.37109375,708.3695744425058
2026-07-21T02:34:13.382370+00:00,3819.0,36.0,97.79,33.0,1715.37109375,708.7002089694142
2026-07-21T02:34:13.737060+00:00,3819.0,36.0,96.95,33.0,1720.4375,709.0548980683088
2026-07-21T02:34:14.021964+00:00,3819.0,35.0,97.75,33.0,1721.05078125,709.3398025743663
2026-07-21T02:34:14.332717+00:00,3819.0,36.0,97.7,33.0,1721.05078125,709.6505545079708
2026-07-21T02:34:14.618838+00:00,3819.0,35.0,97.88,33.0,1721.05078125,709.9366775304079
2026-07-21T02:34:14.924567+00:00,3819.0,36.0,97.78,33.0,1721.05078125,710.2424062080681
2026-07-21T02:34:15.239895+00:00,3819.0,34.0,97.6,33.0,1721.05078125,710.5577339120209
2026-07-21T02:34:15.553299+00:00,3819.0,36.0,97.46,33.0,1721.05078125,710.8711375147104
2026-07-21T02:34:15.844081+00:00,3819.0,34.0,97.38,33.0,1721.05078125,711.1619203202426
2026-07-21T02:34:16.131783+00:00,3819.0,33.0,97.14,33.0,1721.05078125,711.4496220014989
2026-07-21T02:34:16.417359+00:00,3819.0,36.0,97.42,33.0,1721.05078125,711.7351987361908
2026-07-21T02:34:16.706332+00:00,3819.0,34.0,97.66,33.0,1721.05078125,712.0241712145507
2026-07-21T02:34:17.061977+00:00,3819.0,24.0,98.17,33.0,1724.8515625,712.3798147551715
2026-07-21T02:34:17.374683+00:00,3819.0,34.0,97.95,33.0,1724.8515625,712.6925225257874
2026-07-21T02:34:17.680135+00:00,3819.0,35.0,97.64,33.0,1724.8515625,712.9979739561677
2026-07-21T02:34:17.983811+00:00,3819.0,34.0,96.86,33.0,1724.8515625,713.3016495853662
2026-07-21T02:34:18.272739+00:00,3819.0,35.0,96.9,33.0,1724.8515625,713.5905778221786
2026-07-21T02:34:18.560871+00:00,3819.0,35.0,96.87,33.0,1724.8515625,713.8787099532783
2026-07-21T02:34:18.851982+00:00,3819.0,35.0,97.1,33.0,1724.8515625,714.1698211990297
2026-07-21T02:34:19.199811+00:00,3819.0,34.0,97.18,33.0,1724.8515625,714.5176497250795
2026-07-21T02:34:19.543984+00:00,3819.0,27.0,96.99,33.0,1724.875,714.8618219643831
2026-07-21T02:34:19.878782+00:00,3819.0,34.0,97.37,33.0,1724.875,715.1966212503612
2026-07-21T02:34:20.188368+00:00,3819.0,34.0,97.32,33.0,1724.875,715.5062071271241
2026-07-21T02:34:20.519941+00:00,3819.0,36.0,97.73,33.0,1724.875,715.8377791717649
2026-07-21T02:34:20.829966+00:00,3819.0,35.0,97.22,33.0,1724.875,716.1478052213788
2026-07-21T02:34:21.188098+00:00,3819.0,34.0,97.37,33.0,1724.875,716.5059374496341
2026-07-21T02:34:21.495093+00:00,3819.0,35.0,97.21,33.0,1724.875,716.8129320703447
2026-07-21T02:34:21.829415+00:00,3819.0,36.0,97.46,33.0,1724.875,717.1472543664277
2026-07-21T02:34:22.131362+00:00,3819.0,36.0,97.43,33.0,1724.875,717.4492012709379
2026-07-21T02:34:22.461493+00:00,3819.0,35.0,97.89,33.0,1724.875,717.7793322056532
2026-07-21T02:34:22.770180+00:00,3819.0,36.0,97.79,33.0,1724.875,718.0880191102624
2026-07-21T02:34:23.073147+00:00,3819.0,36.0,97.75,33.0,1724.875,718.3909869790077
2026-07-21T02:34:23.428629+00:00,3819.0,35.0,97.76,33.0,1724.875,718.7464673668146
2026-07-21T02:34:23.719681+00:00,3819.0,31.0,97.44,33.0,1724.90625,719.0375196114182
2026-07-21T02:34:24.007365+00:00,3819.0,36.0,97.57,33.0,1724.90625,719.3252047337592
2026-07-21T02:34:24.295285+00:00,3819.0,35.0,97.35,33.0,1724.90625,719.6131241209805
2026-07-21T02:34:24.601012+00:00,3819.0,35.0,97.09,33.0,1724.90625,719.9188509844244
2026-07-21T02:34:24.914815+00:00,3819.0,35.0,97.24,33.0,1724.90625,720.2326543554664
2026-07-21T02:34:25.246532+00:00,3819.0,36.0,97.12,33.0,1724.91015625,720.5643708631396
2026-07-21T02:34:25.595877+00:00,3819.0,35.0,97.35,33.0,1724.91015625,720.9137164093554
2026-07-21T02:34:25.900172+00:00,3819.0,36.0,97.19,33.0,1724.91015625,721.2180117629468
2026-07-21T02:34:26.188795+00:00,3819.0,35.0,97.05,33.0,1724.91015625,721.5066345147789
2026-07-21T02:34:26.498947+00:00,3819.0,35.0,97.08,33.0,1724.91015625,721.8167848773301
2026-07-21T02:34:26.787072+00:00,3819.0,35.0,97.32,33.0,1724.91015625,722.1049103923142
2026-07-21T02:34:27.074928+00:00,3819.0,36.0,97.36,33.0,1724.91015625,722.3927665688097
2026-07-21T02:34:27.362694+00:00,3819.0,36.0,97.33,33.0,1725.23828125,722.6805320307612
2026-07-21T02:34:27.672885+00:00,3819.0,35.0,97.27,33.0,1725.2421875,722.9907238222659
2026-07-21T02:34:27.980601+00:00,3819.0,35.0,97.14,33.0,1725.2421875,723.2984403893352
2026-07-21T02:34:28.266080+00:00,3819.0,35.0,97.16,33.0,1725.25,723.5839192681015
2026-07-21T02:34:28.553160+00:00,3819.0,36.0,97.28,33.0,1725.25,723.8709991537035
2026-07-21T02:34:28.861236+00:00,3819.0,35.0,97.37,33.0,1725.25,724.1790747456253
2026-07-21T02:34:29.174388+00:00,3819.0,35.0,97.42,33.0,1725.25,724.4922268949449
2026-07-21T02:34:29.509116+00:00,3819.0,34.0,97.33,33.0,1725.27734375,724.8269542641938
2026-07-21T02:34:29.798595+00:00,3819.0,36.0,97.27,33.0,1725.27734375,725.1164342202246
2026-07-21T02:34:30.103509+00:00,3819.0,34.0,97.44,33.0,1725.28515625,725.4213479608297
2026-07-21T02:34:30.410694+00:00,3819.0,35.0,97.23,33.0,1725.28515625,725.7285330742598
2026-07-21T02:34:30.725927+00:00,3819.0,35.0,97.28,33.0,1725.29296875,726.0437664836645
2026-07-21T02:34:31.061206+00:00,3819.0,36.0,97.46,33.0,1725.29296875,726.3790443874896
2026-07-21T02:34:31.372207+00:00,3819.0,35.0,97.49,33.0,1725.29296875,726.6900460384786
2026-07-21T02:34:31.688216+00:00,3819.0,35.0,97.59,33.0,1725.29296875,727.0060550570488
2026-07-21T02:34:32.039980+00:00,3819.0,19.0,97.11,33.0,1725.4140625,727.357817593962
2026-07-21T02:34:32.330168+00:00,3819.0,32.0,96.95,33.0,1725.41796875,727.6480067297816
2026-07-21T02:34:32.638411+00:00,3819.0,35.0,96.65,33.0,1725.41796875,727.9562507234514
2026-07-21T02:34:32.925967+00:00,3819.0,36.0,96.5,33.0,1725.421875,728.2438068501651
2026-07-21T02:34:33.242920+00:00,3819.0,34.0,97.03,33.0,1725.42578125,728.5607590824366
2026-07-21T02:34:33.555013+00:00,3819.0,34.0,96.91,33.0,1725.42578125,728.8728518746793
2026-07-21T02:34:33.864506+00:00,3819.0,36.0,97.09,33.0,1725.55078125,729.182343762368
2026-07-21T02:34:34.171971+00:00,3819.0,36.0,97.16,33.0,1725.55078125,729.4898101687431
2026-07-21T02:34:34.461601+00:00,3819.0,34.0,97.43,33.0,1725.55078125,729.7794397547841
2026-07-21T02:34:34.749468+00:00,3819.0,35.0,97.47,33.0,1725.5546875,730.0673066675663
2026-07-21T02:34:35.087589+00:00,3819.0,36.0,97.17,33.0,1725.5546875,730.405427634716
2026-07-21T02:34:35.402050+00:00,3819.0,23.0,97.3,33.0,1725.77734375,730.7198881953955
2026-07-21T02:34:35.722132+00:00,3819.0,35.0,97.22,33.0,1725.78125,731.0399705842137
2026-07-21T02:34:36.074491+00:00,3819.0,36.0,97.39,33.0,1725.78125,731.392330057919
2026-07-21T02:34:36.385410+00:00,3819.0,35.0,97.31,33.0,1725.78515625,731.7032491602004
2026-07-21T02:34:36.692489+00:00,3819.0,36.0,97.21,33.0,1725.78515625,732.0103286989033
2026-07-21T02:34:37.003105+00:00,3819.0,35.0,97.23,33.0,1725.79296875,732.3209442868829
2026-07-21T02:34:37.295735+00:00,3819.0,35.0,97.51,33.0,1725.79296875,732.613573782146
2026-07-21T02:34:37.629807+00:00,3819.0,35.0,97.53,33.0,1725.79296875,732.9476457163692
2026-07-21T02:34:37.960291+00:00,3819.0,35.0,97.65,33.0,1725.8046875,733.2781299985945
2026-07-21T02:34:38.286705+00:00,3819.0,36.0,97.49,33.0,1725.8046875,733.6045446358621
2026-07-21T02:34:38.600378+00:00,3819.0,35.0,97.43,33.0,1725.81640625,733.9182170592248
2026-07-21T02:34:38.907133+00:00,3819.0,35.0,97.32,33.0,1725.9453125,734.2249710857868
2026-07-21T02:34:39.192220+00:00,3819.0,35.0,97.11,33.0,1725.94921875,734.510059569031
2026-07-21T02:34:39.479805+00:00,3819.0,35.0,97.21,33.0,1725.95703125,734.797644097358
2026-07-21T02:34:39.790622+00:00,3819.0,35.0,97.33,33.0,1725.95703125,735.108460240066
2026-07-21T02:34:40.095887+00:00,3819.0,35.0,97.15,33.0,1725.97265625,735.4137250818312
2026-07-21T02:34:40.423676+00:00,3819.0,35.0,97.44,33.0,1725.97265625,735.741514891386
2026-07-21T02:34:40.738452+00:00,3819.0,35.0,97.33,33.0,1725.984375,736.0562907345593
2026-07-21T02:34:41.047910+00:00,3819.0,35.0,97.26,33.0,1725.984375,736.3657493554056
2026-07-21T02:34:41.333514+00:00,3819.0,36.0,97.55,33.0,1725.98828125,736.6513536423445
2026-07-21T02:34:41.642206+00:00,3819.0,36.0,97.67,33.0,1726.0,736.9600451476872
2026-07-21T02:34:41.997290+00:00,3819.0,35.0,97.9,33.0,1726.0,737.3151287473738
2026-07-21T02:34:42.300404+00:00,3819.0,35.0,97.86,33.0,1726.015625,737.6182435117662
2026-07-21T02:34:42.585557+00:00,3819.0,35.0,97.8,33.0,1726.015625,737.9033967256546
2026-07-21T02:34:42.914321+00:00,3819.0,35.0,97.9,33.0,1726.03125,738.2321599423885
2026-07-21T02:34:43.272558+00:00,3819.0,0.0,95.96,33.0,1726.0390625,738.5903971381485
2026-07-21T02:34:43.559034+00:00,3819.0,35.0,95.89,33.0,1726.0390625,738.8768734298646
2026-07-21T02:34:43.849546+00:00,3819.0,35.0,95.87,33.0,1726.0390625,739.1673854291439
2026-07-21T02:34:44.137636+00:00,3819.0,36.0,97.11,33.0,1726.0390625,739.4554750472307
2026-07-21T02:34:44.428902+00:00,3819.0,36.0,98.04,33.0,1726.0390625,739.7467410676181
2026-07-21T02:34:44.721877+00:00,3819.0,35.0,98.35,33.0,1726.0390625,740.0397142767906
2026-07-21T02:34:45.092295+00:00,3819.0,36.0,97.91,33.0,1726.0625,740.4101334922016
2026-07-21T02:34:45.379043+00:00,3819.0,36.0,98.22,33.0,1726.0625,740.6968818679452
2026-07-21T02:34:45.688137+00:00,3819.0,35.0,98.2,33.0,1726.0625,741.005976267159
2026-07-21T02:34:46.063297+00:00,3819.0,36.0,98.33,33.0,1726.11328125,741.3811363428831
2026-07-21T02:34:46.352707+00:00,3819.0,35.0,97.93,33.0,1726.23828125,741.6705450303853
2026-07-21T02:34:46.640299+00:00,3819.0,35.0,97.94,33.0,1726.23828125,741.9581380859017
2026-07-21T02:34:46.951021+00:00,3819.0,36.0,97.78,33.0,1726.23828125,742.2688596881926
2026-07-21T02:34:47.262404+00:00,3819.0,35.0,97.61,33.0,1726.23828125,742.5802436359227
2026-07-21T02:34:47.573811+00:00,3819.0,35.0,97.7,33.0,1726.23828125,742.8916501402855
2026-07-21T02:34:47.885817+00:00,3819.0,35.0,97.72,33.0,1726.23828125,743.2036563158035
2026-07-21T02:34:48.175017+00:00,3819.0,35.0,97.71,33.0,1726.23828125,743.4928561709821
2026-07-21T02:34:48.463358+00:00,3819.0,36.0,97.9,33.0,1726.23828125,743.7811966501176
2026-07-21T02:34:48.750976+00:00,3819.0,20.0,97.46,33.0,1726.265625,744.0688137561083
2026-07-21T02:34:49.074356+00:00,3819.0,35.0,97.61,33.0,1726.265625,744.3921952620149
2026-07-21T02:34:49.384876+00:00,3819.0,34.0,97.08,33.0,1726.265625,744.7027150541544
2026-07-21T02:34:49.720574+00:00,3819.0,35.0,97.09,33.0,1726.265625,745.0384127683938
2026-07-21T02:34:50.014688+00:00,3819.0,36.0,96.95,33.0,1726.265625,745.332527205348
2026-07-21T02:34:50.303134+00:00,3819.0,33.0,97.16,33.0,1726.265625,745.6209631301463
2026-07-21T02:34:50.617260+00:00,3819.0,35.0,97.18,33.0,1726.265625,745.9350994452834
2026-07-21T02:34:50.906485+00:00,3819.0,33.0,97.06,33.0,1726.265625,746.2243197858334
2026-07-21T02:34:51.214867+00:00,3819.0,33.0,97.25,33.0,1726.265625,746.5327059514821
2026-07-21T02:34:51.553868+00:00,3819.0,32.0,97.01,33.0,1726.265625,746.8717068135738
2026-07-21T02:34:51.842740+00:00,3819.0,26.0,96.76,33.0,1726.2890625,747.1605784036219
2026-07-21T02:34:52.136929+00:00,3819.0,34.0,96.59,33.0,1726.2890625,747.4547679200768
2026-07-21T02:34:52.445880+00:00,3819.0,34.0,96.35,33.0,1726.2890625,747.7637184783816
2026-07-21T02:34:52.780333+00:00,3819.0,34.0,96.85,33.0,1726.2890625,748.0981721431017
2026-07-21T02:34:53.108995+00:00,3819.0,36.0,97.1,33.0,1726.2890625,748.4268326349556
2026-07-21T02:34:53.398297+00:00,3819.0,34.0,97.29,33.0,1726.2890625,748.7161367237568
2026-07-21T02:34:53.717036+00:00,3819.0,34.0,97.07,33.0,1726.2890625,749.0348740331829
2026-07-21T02:34:54.073275+00:00,3819.0,36.0,96.91,33.0,1726.2890625,749.3911138921976
2026-07-21T02:34:54.363005+00:00,3819.0,35.0,97.11,33.0,1726.2890625,749.6808442622423
2026-07-21T02:34:54.685994+00:00,3819.0,22.0,97.54,33.0,1726.30859375,750.0038321092725
2026-07-21T02:34:54.996899+00:00,3819.0,35.0,97.91,33.0,1726.30859375,750.3147377595305
2026-07-21T02:34:55.324362+00:00,3819.0,33.0,97.65,33.0,1726.30859375,750.6422009579837
2026-07-21T02:34:55.633493+00:00,3819.0,36.0,97.55,33.0,1726.30859375,750.9513317756355
2026-07-21T02:34:55.991966+00:00,3819.0,34.0,97.07,33.0,1726.30859375,751.3098051398993
2026-07-21T02:34:56.302063+00:00,3819.0,35.0,97.25,33.0,1726.30859375,751.6199021562934
2026-07-21T02:34:56.615090+00:00,3819.0,36.0,97.11,33.0,1726.30859375,751.9329288378358
2026-07-21T02:34:56.949847+00:00,3819.0,34.0,97.06,33.0,1726.30859375,752.2676859498024
2026-07-21T02:34:57.263273+00:00,3819.0,35.0,97.08,33.0,1726.30859375,752.5811119452119
2026-07-21T02:34:57.574527+00:00,3819.0,34.0,97.08,33.0,1726.30859375,752.8923649415374
2026-07-21T02:34:57.929236+00:00,3819.0,35.0,97.33,33.0,1726.30859375,753.2470752671361
2026-07-21T02:34:58.265880+00:00,3819.0,36.0,97.22,33.0,1726.30859375,753.5837184749544
2026-07-21T02:34:58.602334+00:00,3819.0,36.0,97.63,33.0,1726.30859375,753.9201730042696
2026-07-21T02:34:58.989755+00:00,3819.0,25.0,97.4,33.0,1726.3125,754.3075862489641
2026-07-21T02:34:59.302677+00:00,3819.0,33.0,97.4,33.0,1726.3125,754.6205156184733
2026-07-21T02:34:59.614297+00:00,3819.0,36.0,96.87,33.0,1726.3125,754.9321363940835
2026-07-21T02:34:59.949168+00:00,3819.0,35.0,96.93,33.0,1726.3125,755.267005905509
2026-07-21T02:35:00.258990+00:00,3819.0,34.0,96.98,33.0,1726.3125,755.5768294408917
2026-07-21T02:35:00.593419+00:00,3819.0,36.0,97.06,33.0,1726.3125,755.9112575612962
2026-07-21T02:35:00.910137+00:00,3819.0,33.0,97.2,33.0,1726.3125,756.2279757708311
2026-07-21T02:35:01.269456+00:00,3819.0,22.0,97.88,33.0,1726.31640625,756.5872940830886
2026-07-21T02:35:01.586984+00:00,3819.0,34.0,97.82,33.0,1726.31640625,756.9048224799335
2026-07-21T02:35:01.947479+00:00,3819.0,34.0,97.91,33.0,1726.31640625,757.2653179392219
2026-07-21T02:35:02.305344+00:00,3819.0,35.0,97.97,33.0,1726.31640625,757.6231833547354
2026-07-21T02:35:02.622833+00:00,3819.0,34.0,98.12,33.0,1726.31640625,757.9406724795699
2026-07-21T02:35:02.960963+00:00,3819.0,36.0,97.75,33.0,1726.31640625,758.2788015380502
2026-07-21T02:35:03.312027+00:00,3819.0,35.0,97.21,33.0,1726.31640625,758.629866052419
2026-07-21T02:35:03.645769+00:00,3819.0,34.0,97.29,33.0,1726.31640625,758.9636083394289
2026-07-21T02:35:03.936121+00:00,3819.0,36.0,97.36,33.0,1726.31640625,759.2539603337646
2026-07-21T02:35:04.251159+00:00,3819.0,34.0,97.27,33.0,1726.31640625,759.5689972862601
2026-07-21T02:35:04.564053+00:00,3819.0,34.0,97.23,33.0,1726.31640625,759.8818914033473
2026-07-21T02:35:04.917720+00:00,3819.0,36.0,97.14,33.0,1726.31640625,760.2355593815446
2026-07-21T02:35:05.230523+00:00,3819.0,33.0,97.37,33.0,1726.31640625,760.5483617857099
2026-07-21T02:35:05.548696+00:00,3819.0,35.0,97.47,33.0,1726.31640625,760.866534460336
2026-07-21T02:35:05.863836+00:00,3819.0,34.0,97.67,33.0,1726.31640625,761.1816749535501
2026-07-21T02:35:06.221533+00:00,3819.0,36.0,97.53,33.0,1726.31640625,761.5393721461296
2026-07-21T02:35:06.537861+00:00,3819.0,34.0,97.58,33.0,1726.31640625,761.8557000271976
2026-07-21T02:35:06.857786+00:00,3819.0,34.0,97.48,33.0,1726.31640625,762.1756248958409
2026-07-21T02:35:07.152275+00:00,3819.0,36.0,97.69,33.0,1726.31640625,762.4701139479876
2026-07-21T02:35:07.468189+00:00,3819.0,36.0,97.82,33.0,1726.31640625,762.7860267534852
2026-07-21T02:35:07.777288+00:00,3819.0,26.0,97.4,33.0,1726.3203125,763.0951256155968
2026-07-21T02:35:08.113046+00:00,3819.0,35.0,97.38,33.0,1726.3203125,763.4308852441609
2026-07-21T02:35:08.423179+00:00,3819.0,34.0,97.15,33.0,1726.3203125,763.7410173490644
2026-07-21T02:35:08.776675+00:00,3819.0,33.0,96.89,33.0,1726.3203125,764.0945130214095
2026-07-21T02:35:09.080082+00:00,3819.0,34.0,96.86,33.0,1726.3203125,764.3979217223823
2026-07-21T02:35:09.391399+00:00,3819.0,35.0,97.12,33.0,1726.3203125,764.7092379927635
2026-07-21T02:35:09.706398+00:00,3819.0,35.0,97.52,33.0,1726.3203125,765.024236407131
2026-07-21T02:35:10.019251+00:00,3819.0,35.0,97.79,33.0,1726.3203125,765.3370905704796
2026-07-21T02:35:10.330983+00:00,3819.0,35.0,97.47,33.0,1726.3203125,765.648821670562
2026-07-21T02:35:10.689113+00:00,3819.0,36.0,97.4,33.0,1726.32421875,766.0069512054324
2026-07-21T02:35:11.049299+00:00,3819.0,34.0,97.34,33.0,1726.32421875,766.3671384751797
2026-07-21T02:35:11.367339+00:00,3819.0,34.0,97.44,33.0,1726.32421875,766.6851784102619
2026-07-21T02:35:11.677829+00:00,3819.0,35.0,97.28,33.0,1726.32421875,766.9956677183509
2026-07-21T02:35:11.990186+00:00,3819.0,35.0,97.09,33.0,1726.32421875,767.3080244921148
2026-07-21T02:35:12.301611+00:00,3819.0,35.0,97.29,33.0,1726.32421875,767.619449686259
2026-07-21T02:35:12.614284+00:00,3819.0,34.0,97.25,33.0,1726.32421875,767.9321234337986
2026-07-21T02:35:12.903494+00:00,3819.0,36.0,97.67,33.0,1726.32421875,768.2213330194354
2026-07-21T02:35:13.237080+00:00,3819.0,34.0,97.88,33.0,1726.32421875,768.5549192354083
2026-07-21T02:35:13.561926+00:00,3819.0,34.0,97.65,33.0,1726.328125,768.8797641582787
2026-07-21T02:35:13.892485+00:00,3819.0,35.0,97.32,33.0,1726.328125,769.2103241980076
2026-07-21T02:35:14.202475+00:00,3819.0,34.0,97.24,33.0,1726.328125,769.5203142762184
2026-07-21T02:35:14.533027+00:00,3819.0,36.0,97.26,33.0,1726.328125,769.8508657589555
2026-07-21T02:35:14.888888+00:00,3819.0,35.0,97.42,33.0,1726.33203125,770.2067255713046
2026-07-21T02:35:15.198579+00:00,3819.0,35.0,97.5,33.0,1726.33203125,770.516418132931
2026-07-21T02:35:15.511365+00:00,3819.0,35.0,97.5,33.0,1726.33203125,770.829203799367
2026-07-21T02:35:15.867710+00:00,3819.0,36.0,97.23,33.0,1726.33203125,771.1855492480099
2026-07-21T02:35:16.178520+00:00,3819.0,36.0,97.03,33.0,1726.3359375,771.496358666569
2026-07-21T02:35:16.532690+00:00,3819.0,36.0,97.16,33.0,1726.3359375,771.8505293913186
2026-07-21T02:35:16.864950+00:00,3819.0,35.0,97.48,33.0,1726.3359375,772.1827891655266
2026-07-21T02:35:17.154439+00:00,3819.0,36.0,97.46,33.0,1726.3359375,772.4722778350115
2026-07-21T02:35:17.466632+00:00,3819.0,32.0,97.51,33.0,1726.33984375,772.7844699732959
2026-07-21T02:35:17.777876+00:00,3819.0,35.0,97.28,33.0,1726.33984375,773.0957138501108
2026-07-21T02:35:18.085756+00:00,3819.0,36.0,97.12,33.0,1726.33984375,773.4035954289138
2026-07-21T02:35:18.420302+00:00,3819.0,36.0,97.08,33.0,1726.33984375,773.7381403930485
2026-07-21T02:35:18.730124+00:00,3819.0,35.0,97.49,33.0,1726.33984375,774.04796346277
2026-07-21T02:35:19.087227+00:00,3819.0,36.0,97.64,33.0,1726.33984375,774.4050660580397
2026-07-21T02:35:19.421559+00:00,3819.0,32.0,97.58,33.0,1726.33984375,774.7393976189196
2026-07-21T02:35:19.756655+00:00,3819.0,33.0,97.18,33.0,1726.33984375,775.0744941160083
2026-07-21T02:35:20.060739+00:00,3819.0,36.0,96.85,33.0,1726.33984375,775.3785775080323
2026-07-21T02:35:20.374409+00:00,3819.0,35.0,96.7,33.0,1726.34375,775.6922477409244
2026-07-21T02:35:20.687291+00:00,3819.0,33.0,96.69,33.0,1726.34375,776.0051297172904
2026-07-21T02:35:21.018022+00:00,3819.0,35.0,96.87,33.0,1726.34375,776.3358608186245
2026-07-21T02:35:21.329957+00:00,3819.0,33.0,97.0,33.0,1726.34375,776.6477961242199
2026-07-21T02:35:21.643050+00:00,3819.0,36.0,97.35,33.0,1726.34375,776.9608893953264
2026-07-21T02:35:21.967014+00:00,3819.0,30.0,97.29,33.0,1726.34765625,777.2848526611924
2026-07-21T02:35:22.325339+00:00,3819.0,35.0,97.35,33.0,1726.34765625,777.6431775577366
2026-07-21T02:35:22.639234+00:00,3819.0,35.0,97.12,33.0,1726.34765625,777.957073315978
2026-07-21T02:35:22.972767+00:00,3819.0,35.0,97.37,33.0,1726.34765625,778.2906056270003
2026-07-21T02:35:23.264676+00:00,3819.0,34.0,97.61,33.0,1726.34765625,778.5825144723058
2026-07-21T02:35:23.578764+00:00,3819.0,34.0,97.62,33.0,1726.34765625,778.8966028131545
2026-07-21T02:35:23.936509+00:00,3819.0,34.0,97.41,33.0,1726.34765625,779.2543475590646
2026-07-21T02:35:24.250726+00:00,3819.0,35.0,97.18,33.0,1726.34765625,779.5685639642179
2026-07-21T02:35:24.563112+00:00,3819.0,33.0,97.2,33.0,1726.3515625,779.8809503316879
2026-07-21T02:35:24.896883+00:00,3819.0,34.0,97.01,33.0,1726.3515625,780.2147218063474
2026-07-21T02:35:25.218368+00:00,3819.0,35.0,96.86,33.0,1726.35546875,780.5362061783671
2026-07-21T02:35:25.530701+00:00,3819.0,34.0,96.65,33.0,1726.35546875,780.8485389053822
2026-07-21T02:35:25.884714+00:00,3819.0,34.0,97.01,33.0,1726.35546875,781.2025533169508
2026-07-21T02:35:26.198414+00:00,3819.0,33.0,97.24,33.0,1726.35546875,781.5162521935999
2026-07-21T02:35:26.556961+00:00,3819.0,36.0,97.34,33.0,1726.35546875,781.8747993558645
2026-07-21T02:35:26.916183+00:00,3819.0,34.0,97.06,33.0,1726.35546875,782.2340220883489
2026-07-21T02:35:27.226715+00:00,3819.0,36.0,97.26,33.0,1726.35546875,782.5445539876819
2026-07-21T02:35:27.517102+00:00,3819.0,34.0,97.82,33.0,1726.35546875,782.8349405713379
2026-07-21T02:35:27.830530+00:00,3819.0,36.0,97.82,33.0,1726.35546875,783.1483696252108
2026-07-21T02:35:28.207911+00:00,3819.0,34.0,97.62,33.0,1726.35546875,783.5257494039834
2026-07-21T02:35:28.522300+00:00,3819.0,36.0,96.8,33.0,1726.359375,783.8401376418769
2026-07-21T02:35:28.833620+00:00,3819.0,34.0,96.49,33.0,1726.359375,784.151459723711
2026-07-21T02:35:29.146744+00:00,3819.0,34.0,96.39,33.0,1726.359375,784.4645821228623
2026-07-21T02:35:29.462509+00:00,3819.0,34.0,96.75,33.0,1726.359375,784.7803484722972
2026-07-21T02:35:29.779696+00:00,3819.0,33.0,96.99,33.0,1726.359375,785.0975352078676
2026-07-21T02:35:30.119115+00:00,3819.0,36.0,97.3,33.0,1726.359375,785.4369535371661
2026-07-21T02:35:30.431451+00:00,3819.0,26.0,96.48,33.0,1726.359375,785.7492902129889
2026-07-21T02:35:30.751008+00:00,3819.0,34.0,96.36,33.0,1726.359375,786.068846706301
2026-07-21T02:35:31.092162+00:00,3819.0,35.0,96.45,33.0,1726.359375,786.4100007377565
2026-07-21T02:35:31.382590+00:00,3819.0,35.0,97.57,33.0,1726.359375,786.7004288174212
2026-07-21T02:35:31.721482+00:00,3819.0,33.0,97.67,33.0,1726.359375,787.0393200814724
2026-07-21T02:35:32.078687+00:00,3819.0,27.0,97.55,33.0,1726.36328125,787.3965241387486
2026-07-21T02:35:32.389940+00:00,3819.0,36.0,97.07,33.0,1726.36328125,787.7077785097063
2026-07-21T02:35:32.703445+00:00,3819.0,36.0,97.18,33.0,1726.36328125,788.021284095943
2026-07-21T02:35:33.036222+00:00,3819.0,35.0,97.6,33.0,1726.36328125,788.3540615215898
2026-07-21T02:35:33.367490+00:00,3819.0,36.0,97.81,33.0,1726.36328125,788.6853294745088
2026-07-21T02:35:33.654579+00:00,3819.0,32.0,97.65,33.0,1726.37109375,788.9724174104631
2026-07-21T02:35:33.947369+00:00,3819.0,36.0,97.66,33.0,1726.37109375,789.2652087211609
2026-07-21T02:35:34.254615+00:00,3819.0,35.0,97.57,33.0,1726.37109375,789.5724542476237
2026-07-21T02:35:34.567075+00:00,3819.0,35.0,97.53,33.0,1726.37109375,789.8849147558212
2026-07-21T02:35:34.877356+00:00,3819.0,35.0,97.55,33.0,1726.37109375,790.195195209235
2026-07-21T02:35:35.188353+00:00,3819.0,36.0,97.33,33.0,1726.37109375,790.506192356348
2026-07-21T02:35:35.493337+00:00,3819.0,36.0,97.16,33.0,1726.37109375,790.811176057905
2026-07-21T02:35:35.780062+00:00,3819.0,35.0,97.23,33.0,1726.37109375,791.0979014597833
2026-07-21T02:35:36.112281+00:00,3819.0,36.0,97.19,33.0,1726.37109375,791.4301198273897
2026-07-21T02:35:36.400098+00:00,3819.0,36.0,97.47,33.0,1726.37109375,791.7179373092949
2026-07-21T02:35:36.706293+00:00,3819.0,35.0,97.71,33.0,1726.37109375,792.0241318903863
2026-07-21T02:35:37.017390+00:00,3819.0,36.0,97.83,33.0,1726.37109375,792.335228599608
2026-07-21T02:35:37.329283+00:00,3819.0,35.0,97.79,33.0,1726.37109375,792.6471215374768
2026-07-21T02:35:37.642596+00:00,3819.0,37.0,97.72,33.0,1726.39453125,792.9604343958199
2026-07-21T02:35:37.976702+00:00,3819.0,35.0,97.84,33.0,1726.39453125,793.2945408672094
2026-07-21T02:35:38.305097+00:00,3819.0,36.0,97.65,33.0,1726.39453125,793.6229361072183
2026-07-21T02:35:38.619743+00:00,3819.0,35.0,97.82,33.0,1726.39453125,793.937582090497
2026-07-21T02:35:38.978577+00:00,3819.0,33.0,97.74,33.0,1726.39453125,794.2964152432978
2026-07-21T02:35:39.289719+00:00,3819.0,36.0,97.96,33.0,1726.39453125,794.6075578294694
2026-07-21T02:35:39.602611+00:00,3819.0,36.0,97.75,33.0,1726.39453125,794.9204497039318
2026-07-21T02:35:39.911568+00:00,3819.0,36.0,97.49,33.0,1726.39453125,795.2294073216617
2026-07-21T02:35:40.223611+00:00,3819.0,35.0,97.85,33.0,1726.39453125,795.5414501801133
2026-07-21T02:35:40.512358+00:00,3819.0,36.0,97.76,33.0,1726.39453125,795.830196864903
2026-07-21T02:35:40.845892+00:00,3819.0,35.0,98.04,33.0,1726.39453125,796.1637303866446
2026-07-21T02:35:41.200827+00:00,3819.0,34.0,97.85,33.0,1726.39453125,796.518665689975
2026-07-21T02:35:41.513688+00:00,3819.0,36.0,97.88,33.0,1726.39453125,796.8315263092518
2026-07-21T02:35:41.829661+00:00,3819.0,36.0,97.86,33.0,1726.39453125,797.1474999450147
2026-07-21T02:35:42.187365+00:00,3819.0,35.0,98.21,33.0,1726.39453125,797.5052042342722
2026-07-21T02:35:42.499850+00:00,3819.0,27.0,98.14,33.0,1726.421875,797.8176887631416
2026-07-21T02:35:42.838939+00:00,3819.0,35.0,98.25,33.0,1726.421875,798.156778536737
2026-07-21T02:35:43.149339+00:00,3819.0,36.0,98.02,33.0,1726.421875,798.4671784229577
2026-07-21T02:35:43.484622+00:00,3819.0,36.0,98.31,33.0,1726.421875,798.802461721003
2026-07-21T02:35:43.772061+00:00,3819.0,35.0,97.89,33.0,1726.421875,799.0898999795318
2026-07-21T02:35:44.059434+00:00,3819.0,36.0,97.85,33.0,1726.421875,799.3772734738886
2026-07-21T02:35:44.388692+00:00,3819.0,35.0,97.47,33.0,1726.4453125,799.7065310887992
2026-07-21T02:35:44.725305+00:00,3819.0,36.0,97.37,33.0,1726.4453125,800.0431434996426
2026-07-21T02:35:45.058064+00:00,3819.0,35.0,97.18,33.0,1726.4453125,800.3759032972157
2026-07-21T02:35:45.393324+00:00,3819.0,33.0,97.11,33.0,1726.4453125,800.711163315922
2026-07-21T02:35:45.682825+00:00,3819.0,36.0,97.32,33.0,1726.4453125,801.0006637834013
2026-07-21T02:35:45.981674+00:00,3819.0,34.0,97.16,33.0,1726.4453125,801.299512848258
2026-07-21T02:35:46.295043+00:00,3819.0,36.0,97.46,33.0,1726.4453125,801.6128826066852
2026-07-21T02:35:46.604049+00:00,3819.0,35.0,97.53,33.0,1726.46484375,801.9218868426979
2026-07-21T02:35:46.961702+00:00,3819.0,36.0,97.56,33.0,1726.46484375,802.2795409224927
2026-07-21T02:35:47.324792+00:00,3819.0,33.0,97.22,33.0,1726.46484375,802.642630174756
2026-07-21T02:35:47.634847+00:00,3819.0,35.0,97.26,33.0,1726.46484375,802.9526850506663
2026-07-21T02:35:47.970795+00:00,3819.0,34.0,96.74,33.0,1726.46484375,803.2886334322393
2026-07-21T02:35:48.284985+00:00,3819.0,35.0,96.95,33.0,1726.46484375,803.6028241142631
2026-07-21T02:35:48.621516+00:00,3819.0,35.0,96.73,33.0,1726.46484375,803.9393548853695
2026-07-21T02:35:48.931377+00:00,3819.0,35.0,97.11,33.0,1726.46484375,804.2492167539895
2026-07-21T02:35:49.238208+00:00,3819.0,36.0,97.39,33.0,1726.46484375,804.5560478083789
2026-07-21T02:35:49.597898+00:00,3819.0,36.0,97.65,33.0,1726.46484375,804.9157365858555
2026-07-21T02:35:49.910172+00:00,3819.0,35.0,97.5,33.0,1726.46484375,805.2280111461878
2026-07-21T02:35:50.220476+00:00,3819.0,35.0,97.26,33.0,1726.46484375,805.5383153706789
2026-07-21T02:35:50.579066+00:00,3819.0,36.0,97.64,33.0,1726.48828125,805.896904207766
2026-07-21T02:35:50.867707+00:00,3819.0,35.0,97.88,33.0,1726.48828125,806.1855468116701
2026-07-21T02:35:51.197876+00:00,3819.0,34.0,97.42,33.0,1726.48828125,806.5157143361866
2026-07-21T02:35:51.511167+00:00,3819.0,35.0,97.07,33.0,1726.48828125,806.8290057554841
2026-07-21T02:35:51.822379+00:00,3819.0,35.0,97.18,33.0,1726.48828125,807.1402175761759
2026-07-21T02:35:52.134530+00:00,3819.0,35.0,96.95,33.0,1726.48828125,807.4523693658412
2026-07-21T02:35:52.469228+00:00,3819.0,35.0,97.54,33.0,1726.48828125,807.7870669960976
2026-07-21T02:35:52.758665+00:00,3819.0,36.0,97.47,33.0,1726.48828125,808.0765038356185
2026-07-21T02:35:53.070073+00:00,3819.0,35.0,97.7,33.0,1726.48828125,808.3879103735089
2026-07-21T02:35:53.379738+00:00,3819.0,27.0,97.28,33.0,1726.51171875,808.6975756883621
2026-07-21T02:35:53.717450+00:00,3819.0,36.0,97.36,33.0,1726.51171875,809.0352893508971
2026-07-21T02:35:54.025617+00:00,3819.0,36.0,97.49,33.0,1726.51171875,809.3434562534094
2026-07-21T02:35:54.360815+00:00,3819.0,35.0,97.6,33.0,1726.51171875,809.6786540597677
2026-07-21T02:35:54.693346+00:00,3819.0,35.0,97.5,33.0,1726.51171875,810.0111846700311
2026-07-21T02:35:55.001601+00:00,3819.0,36.0,97.71,33.0,1726.51171875,810.3194401264191
2026-07-21T02:35:55.310101+00:00,3819.0,36.0,97.38,33.0,1726.51171875,810.6279404647648
2026-07-21T02:35:55.616496+00:00,3819.0,36.0,97.48,33.0,1726.515625,810.934335578233
2026-07-21T02:35:55.926255+00:00,3819.0,35.0,97.44,33.0,1726.515625,811.2440935783088
2026-07-21T02:35:56.253361+00:00,3819.0,35.0,97.62,33.0,1726.515625,811.5712002553046
2026-07-21T02:35:56.588116+00:00,3819.0,24.0,97.77,33.0,1726.5390625,811.9059549048543
2026-07-21T02:35:56.878873+00:00,3819.0,35.0,97.53,33.0,1726.5390625,812.1967126093805
2026-07-21T02:35:57.190541+00:00,3819.0,35.0,97.32,33.0,1726.5390625,812.5083803609014
2026-07-21T02:35:57.496912+00:00,3819.0,36.0,97.43,33.0,1726.5390625,812.814751394093
2026-07-21T02:35:57.832710+00:00,3819.0,35.0,97.15,33.0,1726.5390625,813.1505485512316
2026-07-21T02:35:58.141045+00:00,3819.0,36.0,97.29,33.0,1726.54296875,813.4588845409453
2026-07-21T02:35:58.493058+00:00,3819.0,35.0,97.36,33.0,1726.54296875,813.810897205025
2026-07-21T02:35:58.806015+00:00,3819.0,36.0,97.78,33.0,1726.54296875,814.1238539554179
2026-07-21T02:35:59.097573+00:00,3819.0,36.0,97.86,33.0,1726.54296875,814.4154124073684
2026-07-21T02:35:59.429384+00:00,3819.0,36.0,97.85,33.0,1726.54296875,814.7472232840955
2026-07-21T02:35:59.742446+00:00,3819.0,36.0,97.88,33.0,1726.54296875,815.0602844282985
2026-07-21T02:36:00.038657+00:00,3819.0,35.0,98.06,33.0,1726.55078125,815.3564868718386
2026-07-21T02:36:00.344629+00:00,3819.0,36.0,97.69,33.0,1726.57421875,815.6624675914645
2026-07-21T02:36:00.692861+00:00,3819.0,21.0,97.06,33.0,1726.57421875,816.010700315237
2026-07-21T02:36:01.060858+00:00,3819.0,35.0,96.27,33.0,1726.57421875,816.378696102649
2026-07-21T02:36:01.389900+00:00,3819.0,35.0,96.46,33.0,1726.57421875,816.7077396735549
2026-07-21T02:36:01.706736+00:00,3819.0,35.0,96.49,33.0,1726.57421875,817.0245745889843
2026-07-21T02:36:02.018906+00:00,3819.0,34.0,96.77,33.0,1726.57421875,817.3367449827492
2026-07-21T02:36:02.329829+00:00,3819.0,36.0,97.06,33.0,1726.57421875,817.6476679891348
2026-07-21T02:36:02.682244+00:00,3819.0,35.0,97.11,33.0,1726.57421875,818.0000828802586
2026-07-21T02:36:02.998479+00:00,3819.0,35.0,96.91,33.0,1726.59765625,818.3163178414106
2026-07-21T02:36:03.290530+00:00,3819.0,35.0,96.89,33.0,1726.59765625,818.6083683148026
2026-07-21T02:36:03.603153+00:00,3819.0,34.0,97.16,33.0,1726.59765625,818.920991897583
2026-07-21T02:36:03.914283+00:00,3819.0,35.0,97.26,33.0,1726.59765625,819.2321229279041
2026-07-21T02:36:04.250282+00:00,3819.0,36.0,97.29,33.0,1726.59765625,819.5681145265698
2026-07-21T02:36:04.585362+00:00,3819.0,36.0,97.55,33.0,1726.59765625,819.9032003171742
2026-07-21T02:36:04.910329+00:00,3819.0,34.0,97.24,33.0,1726.59765625,820.228167258203
2026-07-21T02:36:05.200340+00:00,3819.0,35.0,97.08,33.0,1726.6171875,820.5181788541377
2026-07-21T02:36:05.509628+00:00,3819.0,35.0,96.78,33.0,1726.6171875,820.8274672888219
2026-07-21T02:36:05.817894+00:00,3819.0,36.0,96.9,33.0,1726.6171875,821.1357331499457
2026-07-21T02:36:06.172053+00:00,3819.0,35.0,96.96,33.0,1726.6171875,821.4898922778666
2026-07-21T02:36:06.489366+00:00,3819.0,18.0,97.21,33.0,1726.63671875,821.8072040528059
2026-07-21T02:36:06.856198+00:00,3819.0,36.0,97.32,33.0,1726.63671875,822.1740364693105
2026-07-21T02:36:07.162307+00:00,3819.0,34.0,97.35,33.0,1726.63671875,822.480145636946
2026-07-21T02:36:07.475268+00:00,3819.0,35.0,97.57,33.0,1726.63671875,822.7931070104241
2026-07-21T02:36:07.808032+00:00,3819.0,35.0,96.95,33.0,1726.63671875,823.1258711181581
2026-07-21T02:36:08.120915+00:00,3819.0,36.0,96.97,33.0,1726.63671875,823.4387547150254
2026-07-21T02:36:08.407793+00:00,3819.0,35.0,97.09,33.0,1726.63671875,823.7256325930357
2026-07-21T02:36:08.721218+00:00,3819.0,35.0,97.6,33.0,1726.65625,824.0390529818833
2026-07-21T02:36:09.062446+00:00,3819.0,35.0,97.66,33.0,1726.65625,824.3802849240601
2026-07-21T02:36:09.422346+00:00,3819.0,35.0,97.53,33.0,1726.65625,824.7401841878891
2026-07-21T02:36:09.734689+00:00,3819.0,35.0,97.48,33.0,1726.65625,825.0525281876326
2026-07-21T02:36:10.027390+00:00,3819.0,35.0,97.48,33.0,1726.65625,825.3452283069491
2026-07-21T02:36:10.317155+00:00,3819.0,35.0,97.68,33.0,1726.65625,825.6349943466485
2026-07-21T02:36:10.630587+00:00,3819.0,36.0,97.8,33.0,1726.65625,825.9484263695776
2026-07-21T02:36:10.921039+00:00,3819.0,35.0,97.86,33.0,1726.65625,826.2388781942427
2026-07-21T02:36:11.228787+00:00,3819.0,36.0,97.79,33.0,1726.66015625,826.5466263368726
2026-07-21T02:36:11.589727+00:00,3819.0,35.0,97.49,33.0,1726.66015625,826.9075661301613
2026-07-21T02:36:11.900806+00:00,3819.0,35.0,97.41,33.0,1726.66015625,827.2186448201537
2026-07-21T02:36:12.191843+00:00,3819.0,35.0,97.51,33.0,1726.66015625,827.5096821114421
2026-07-21T02:36:12.525098+00:00,3819.0,35.0,97.88,33.0,1726.66015625,827.8429369553924
2026-07-21T02:36:12.838870+00:00,3819.0,35.0,97.75,33.0,1726.66015625,828.1567097380757
2026-07-21T02:36:13.150071+00:00,3819.0,35.0,97.64,33.0,1726.68359375,828.4679097011685
2026-07-21T02:36:13.509267+00:00,3819.0,34.0,97.47,33.0,1726.6875,828.8271063938737
2026-07-21T02:36:13.846150+00:00,3819.0,35.0,97.46,33.0,1726.6875,829.163989122957
2026-07-21T02:36:14.180981+00:00,3819.0,35.0,97.5,33.0,1726.6875,829.4988198727369
2026-07-21T02:36:14.540505+00:00,3819.0,35.0,97.46,33.0,1726.6953125,829.85834389925
2026-07-21T02:36:14.837228+00:00,3819.0,35.0,97.42,33.0,1726.6953125,830.1550672799349
2026-07-21T02:36:15.150011+00:00,3819.0,36.0,97.58,33.0,1726.69921875,830.467849753797
2026-07-21T02:36:15.462678+00:00,3819.0,35.0,97.72,33.0,1726.69921875,830.7805173061788
2026-07-21T02:36:15.795898+00:00,3819.0,36.0,97.54,33.0,1726.69921875,831.1137378439307
2026-07-21T02:36:16.152356+00:00,3819.0,36.0,97.93,33.0,1726.703125,831.4701949842274
2026-07-21T02:36:16.441527+00:00,3819.0,36.0,98.02,33.0,1726.703125,831.7593659870327
2026-07-21T02:36:16.730947+00:00,3819.0,35.0,98.16,33.0,1726.7109375,832.0487864091992
2026-07-21T02:36:17.040544+00:00,3819.0,18.0,98.02,33.0,1726.8125,832.3583827242255
2026-07-21T02:36:17.369928+00:00,3819.0,36.0,97.82,33.0,1726.8125,832.6877674609423
2026-07-21T02:36:17.705848+00:00,3819.0,34.0,97.46,33.0,1726.8125,833.0236865095794
2026-07-21T02:36:18.069915+00:00,3819.0,35.0,97.56,33.0,1726.8125,833.3877539113164
2026-07-21T02:36:18.401244+00:00,3819.0,35.0,97.57,33.0,1726.8203125,833.7190834581852
2026-07-21T02:36:18.695731+00:00,3819.0,34.0,97.54,33.0,1726.8203125,834.0135704502463
2026-07-21T02:36:19.002641+00:00,3819.0,36.0,97.83,33.0,1726.8203125,834.3204798921943
2026-07-21T02:36:19.323013+00:00,3819.0,33.0,97.78,33.0,1726.82421875,834.640851508826
2026-07-21T02:36:19.682151+00:00,3819.0,34.0,97.47,33.0,1726.82421875,834.9999892674387
2026-07-21T02:36:19.994098+00:00,3819.0,33.0,97.54,33.0,1726.828125,835.3119367919862
2026-07-21T02:36:20.307643+00:00,3819.0,35.0,97.3,33.0,1726.828125,835.6254818551242
2026-07-21T02:36:20.615466+00:00,3819.0,21.0,96.79,33.0,1726.93359375,835.9333042614162
2026-07-21T02:36:20.953402+00:00,3819.0,36.0,97.32,33.0,1726.9375,836.2712410353124
2026-07-21T02:36:21.284781+00:00,3819.0,35.0,97.57,33.0,1726.9375,836.602619305253
2026-07-21T02:36:21.617231+00:00,3819.0,34.0,98.28,33.0,1726.9453125,836.935070361942
2026-07-21T02:36:21.925558+00:00,3819.0,35.0,97.71,33.0,1726.9453125,837.2433971576393
2026-07-21T02:36:22.260517+00:00,3819.0,36.0,97.67,33.0,1726.9453125,837.5783560574055
2026-07-21T02:36:22.572478+00:00,3819.0,35.0,97.52,33.0,1726.9453125,837.890317697078
2026-07-21T02:36:22.882138+00:00,3819.0,35.0,97.71,33.0,1726.9453125,838.1999779194593
2026-07-21T02:36:23.217207+00:00,3819.0,36.0,98.07,33.0,1726.94921875,838.5350459031761
2026-07-21T02:36:23.507442+00:00,3819.0,35.0,98.31,33.0,1726.94921875,838.8252806812525
2026-07-21T02:36:23.815868+00:00,3819.0,36.0,98.25,33.0,1726.953125,839.1337060257792
2026-07-21T02:36:24.122338+00:00,3819.0,36.0,98.08,33.0,1726.953125,839.4401778429747
2026-07-21T02:36:24.477109+00:00,3819.0,35.0,97.78,33.0,1727.296875,839.7949471883476
2026-07-21T02:36:24.785330+00:00,3819.0,36.0,97.57,33.0,1727.296875,840.1031696014106
2026-07-21T02:36:25.104961+00:00,3819.0,36.0,97.37,33.0,1727.296875,840.4227996841073
2026-07-21T02:36:25.417434+00:00,3819.0,35.0,97.56,33.0,1727.3046875,840.7352730669081
2026-07-21T02:36:25.733327+00:00,3819.0,36.0,97.14,33.0,1727.3046875,841.0511659011245
2026-07-21T02:36:26.070881+00:00,3819.0,36.0,96.99,33.0,1727.3125,841.3887196220458
2026-07-21T02:36:26.383262+00:00,3819.0,36.0,97.79,33.0,1727.3125,841.7011013552547
2026-07-21T02:36:26.716195+00:00,3819.0,36.0,97.88,33.0,1727.3125,842.0340341702104
2026-07-21T02:36:27.026050+00:00,3819.0,35.0,97.94,33.0,1727.31640625,842.3438888937235
2026-07-21T02:36:27.335807+00:00,3819.0,36.0,97.76,33.0,1727.31640625,842.653646029532
2026-07-21T02:36:27.662559+00:00,3819.0,36.0,98.08,33.0,1727.328125,842.9803982749581
2026-07-21T02:36:27.976247+00:00,3819.0,23.0,97.81,33.0,1727.4375,843.2940859347582
2026-07-21T02:36:28.280646+00:00,3819.0,36.0,97.77,33.0,1727.44140625,843.5984859317541
2026-07-21T02:36:28.636941+00:00,3819.0,35.0,97.37,33.0,1727.4453125,843.9547800980508
2026-07-21T02:36:28.926896+00:00,3819.0,36.0,97.27,33.0,1727.4453125,844.2447354272008
2026-07-21T02:36:29.233599+00:00,3819.0,35.0,97.22,33.0,1727.46484375,844.5514376610518
2026-07-21T02:36:29.523801+00:00,3819.0,28.0,97.15,33.0,1727.51171875,844.8416383415461
2026-07-21T02:36:29.830292+00:00,3819.0,36.0,97.6,33.0,1727.51171875,845.1481306105852
2026-07-21T02:36:30.119673+00:00,3819.0,35.0,97.75,33.0,1727.515625,845.437511716038
2026-07-21T02:36:30.431649+00:00,3819.0,36.0,97.41,33.0,1727.515625,845.7494876980782
2026-07-21T02:36:30.726020+00:00,3819.0,36.0,97.78,33.0,1727.53515625,846.0438590198755
2026-07-21T02:36:31.017673+00:00,3819.0,36.0,97.73,33.0,1727.53515625,846.3355098329484
2026-07-21T02:36:31.330232+00:00,3819.0,36.0,97.76,33.0,1727.53515625,846.6480705961585
2026-07-21T02:36:31.642461+00:00,3819.0,35.0,97.91,33.0,1727.5390625,846.9603001959622
2026-07-21T02:36:31.956714+00:00,3819.0,36.0,97.87,33.0,1727.5390625,847.2745528630912
2026-07-21T02:36:32.271878+00:00,3819.0,35.0,98.17,33.0,1727.5546875,847.5897166058421
2026-07-21T02:36:32.602975+00:00,3819.0,35.0,98.48,33.0,1727.5546875,847.920814525336
2026-07-21T02:36:32.908062+00:00,3819.0,35.0,98.48,33.0,1727.578125,848.2259012199938
2026-07-21T02:36:33.272328+00:00,3819.0,36.0,98.27,33.0,1727.578125,848.5901671461761
2026-07-21T02:36:33.584044+00:00,3819.0,35.0,98.01,33.0,1727.578125,848.9018826857209
2026-07-21T02:36:33.922958+00:00,3819.0,35.0,97.76,33.0,1727.58203125,849.2407971322536
2026-07-21T02:36:34.234748+00:00,3819.0,34.0,97.54,33.0,1727.58203125,849.5525866895914
2026-07-21T02:36:34.547354+00:00,3819.0,30.0,97.35,33.0,1727.72265625,849.8651920333505
2026-07-21T02:36:34.870961+00:00,3819.0,33.0,97.25,33.0,1727.72265625,850.1887997724116
2026-07-21T02:36:35.204787+00:00,3819.0,32.0,97.33,33.0,1727.73046875,850.5226260609925
2026-07-21T02:36:35.575764+00:00,3819.0,15.0,95.07,33.0,1727.73828125,850.8936025053263
2026-07-21T02:36:35.909020+00:00,3819.0,35.0,95.5,33.0,1727.81640625,851.2268575616181
2026-07-21T02:36:36.227106+00:00,3819.0,35.0,95.23,33.0,1727.81640625,851.5449451990426
2026-07-21T02:36:36.538615+00:00,3819.0,34.0,97.25,33.0,1727.81640625,851.8564543575048
2026-07-21T02:36:36.852344+00:00,3819.0,35.0,97.44,33.0,1727.81640625,852.17018231377
2026-07-21T02:36:37.166930+00:00,3819.0,34.0,97.42,33.0,1727.81640625,852.4847683943808
2026-07-21T02:36:37.478125+00:00,3819.0,36.0,97.35,33.0,1727.81640625,852.7959641739726
2026-07-21T02:36:37.768604+00:00,3819.0,36.0,96.88,33.0,1727.81640625,853.0864432230592
2026-07-21T02:36:38.087804+00:00,3819.0,36.0,97.2,33.0,1727.81640625,853.405643042177
2026-07-21T02:36:38.377838+00:00,3819.0,36.0,97.35,33.0,1727.81640625,853.6956767626107
2026-07-21T02:36:38.687297+00:00,3819.0,36.0,97.61,33.0,1727.81640625,854.0051357932389
2026-07-21T02:36:38.996190+00:00,3819.0,35.0,97.86,33.0,1727.81640625,854.3140288852155
2026-07-21T02:36:39.288311+00:00,3819.0,36.0,97.86,33.0,1727.81640625,854.6061503589153
2026-07-21T02:36:39.603242+00:00,3819.0,35.0,97.91,33.0,1727.81640625,854.9210806973279
2026-07-21T02:36:39.895328+00:00,3819.0,36.0,97.56,33.0,1727.81640625,855.2131669707596
2026-07-21T02:36:40.205480+00:00,3819.0,35.0,97.59,33.0,1727.81640625,855.5233182795346
2026-07-21T02:36:40.513612+00:00,3819.0,36.0,97.91,33.0,1727.81640625,855.831451009959
2026-07-21T02:36:40.800746+00:00,3819.0,35.0,98.25,33.0,1727.81640625,856.1185862198472
2026-07-21T02:36:41.088484+00:00,3819.0,36.0,98.09,33.0,1727.8359375,856.406322710216
2026-07-21T02:36:41.398316+00:00,3819.0,35.0,97.74,33.0,1727.8359375,856.7161556594074
2026-07-21T02:36:41.732433+00:00,3819.0,35.0,97.21,33.0,1727.8359375,857.050272539258
2026-07-21T02:36:42.072791+00:00,3819.0,36.0,97.45,33.0,1727.8359375,857.3906300589442
2026-07-21T02:36:42.363358+00:00,3819.0,36.0,97.54,33.0,1727.8359375,857.6811968013644
2026-07-21T02:36:42.653820+00:00,3819.0,35.0,97.75,33.0,1727.8359375,857.9716593697667
2026-07-21T02:36:42.963881+00:00,3819.0,36.0,97.66,33.0,1727.8359375,858.2817202694714
2026-07-21T02:36:43.285498+00:00,3819.0,35.0,97.48,33.0,1727.8359375,858.6033365689218
2026-07-21T02:36:43.598676+00:00,3819.0,36.0,97.44,33.0,1727.859375,858.9165143482387
2026-07-21T02:36:43.909843+00:00,3819.0,36.0,97.04,33.0,1727.859375,859.2276824638247
2026-07-21T02:36:44.222112+00:00,3819.0,36.0,97.11,33.0,1727.859375,859.5399512536824
2026-07-21T02:36:44.552982+00:00,3819.0,35.0,97.38,33.0,1727.859375,859.870822083205
2026-07-21T02:36:44.872732+00:00,3819.0,36.0,97.56,33.0,1727.859375,860.1905716322362
2026-07-21T02:36:45.160469+00:00,3819.0,35.0,97.6,33.0,1727.859375,860.4783079698682
2026-07-21T02:36:45.474640+00:00,3819.0,36.0,97.12,33.0,1727.875,860.7924781404436
2026-07-21T02:36:45.763985+00:00,3819.0,35.0,96.78,33.0,1727.875,861.0818236619234
2026-07-21T02:36:46.119648+00:00,3819.0,35.0,96.75,33.0,1727.875,861.4374861232936
2026-07-21T02:36:46.449192+00:00,3819.0,36.0,96.9,33.0,1727.875,861.7670314535499
2026-07-21T02:36:46.747460+00:00,3819.0,35.0,97.1,33.0,1727.875,862.0652991458774
2026-07-21T02:36:47.053458+00:00,3819.0,36.0,97.12,33.0,1727.875,862.3712973333895
2026-07-21T02:36:47.361692+00:00,3819.0,36.0,97.39,33.0,1727.87890625,862.6795311532915
2026-07-21T02:36:47.670242+00:00,3819.0,36.0,97.49,33.0,1727.87890625,862.9880809672177
2026-07-21T02:36:48.004159+00:00,3819.0,35.0,97.72,33.0,1727.87890625,863.3219983279705
2026-07-21T02:36:48.318921+00:00,3819.0,35.0,97.56,33.0,1727.87890625,863.6367595233023
2026-07-21T02:36:48.631045+00:00,3819.0,35.0,97.69,33.0,1727.87890625,863.9488838650286
2026-07-21T02:36:48.943129+00:00,3819.0,36.0,97.45,33.0,1727.87890625,864.2609681636095
2026-07-21T02:36:49.233098+00:00,3819.0,23.0,97.92,34.0,1727.89453125,864.5509363263845
2026-07-21T02:36:49.567732+00:00,3819.0,35.0,97.97,33.0,1727.89453125,864.8855709061027
2026-07-21T02:36:49.861493+00:00,3819.0,36.0,97.89,33.0,1727.89453125,865.1793328523636
2026-07-21T02:36:50.198410+00:00,3819.0,36.0,97.52,33.0,1727.89453125,865.5162482596934
2026-07-21T02:36:50.515219+00:00,3819.0,35.0,97.17,33.0,1727.89453125,865.833058103919
2026-07-21T02:36:50.827608+00:00,3819.0,34.0,97.23,33.0,1727.89453125,866.1454464495182
2026-07-21T02:36:51.137957+00:00,3819.0,34.0,97.38,33.0,1727.89453125,866.455795571208
2026-07-21T02:36:51.446147+00:00,3819.0,36.0,97.31,33.0,1727.89453125,866.7639857903123
2026-07-21T02:36:51.788526+00:00,3819.0,35.0,97.45,33.0,1727.89453125,867.1063646227121
2026-07-21T02:36:52.097950+00:00,3819.0,34.0,97.57,33.0,1727.89453125,867.4157891385257
2026-07-21T02:36:52.484374+00:00,3819.0,24.0,97.95,33.0,1727.8984375,867.8022114671767
2026-07-21T02:36:52.846734+00:00,3819.0,33.0,97.75,33.0,1727.8984375,868.164572417736
2026-07-21T02:36:53.180180+00:00,3819.0,35.0,97.29,33.0,1727.8984375,868.498018424958
2026-07-21T02:36:53.540226+00:00,3819.0,32.0,97.42,33.0,1727.8984375,868.8580647297204
2026-07-21T02:36:53.858065+00:00,3819.0,35.0,97.2,33.0,1727.8984375,869.1759042032063
2026-07-21T02:36:54.189363+00:00,3819.0,35.0,97.3,33.0,1727.8984375,869.5072013922036
2026-07-21T02:36:54.502351+00:00,3819.0,34.0,97.17,33.0,1727.8984375,869.8201901242137
2026-07-21T02:36:54.814884+00:00,3819.0,32.0,96.97,33.0,1727.8984375,870.1327236257493
2026-07-21T02:36:55.118499+00:00,3819.0,34.0,97.1,33.0,1727.8984375,870.4363387078047
2026-07-21T02:36:55.409887+00:00,3819.0,36.0,97.17,33.0,1727.8984375,870.7277247793972
2026-07-21T02:36:55.741164+00:00,3819.0,35.0,97.23,33.0,1727.8984375,871.0590026266873
2026-07-21T02:36:56.059765+00:00,3819.0,35.0,97.42,33.0,1727.8984375,871.377604149282
2026-07-21T02:36:56.376277+00:00,3819.0,34.0,97.49,33.0,1727.8984375,871.6941154040396
2026-07-21T02:36:56.732851+00:00,3819.0,35.0,97.58,33.0,1727.8984375,872.0506897233427
2026-07-21T02:36:57.023730+00:00,3819.0,36.0,97.8,33.0,1727.8984375,872.3415678665042
2026-07-21T02:36:57.338923+00:00,3819.0,20.0,97.67,34.0,1727.90234375,872.6567608825862
2026-07-21T02:36:57.628442+00:00,3819.0,35.0,97.56,33.0,1727.90234375,872.9462815150619
2026-07-21T02:36:57.992977+00:00,3819.0,33.0,96.96,33.0,1727.90234375,873.3108163848519
2026-07-21T02:36:58.349852+00:00,3819.0,34.0,97.04,33.0,1727.90234375,873.667691450566
2026-07-21T02:36:58.644839+00:00,3819.0,35.0,97.02,33.0,1727.90234375,873.9626778811216
2026-07-21T02:36:58.995572+00:00,3819.0,34.0,97.29,33.0,1727.90234375,874.3134112022817
2026-07-21T02:36:59.335423+00:00,3819.0,35.0,97.43,33.0,1727.90234375,874.6532615050673
2026-07-21T02:36:59.646641+00:00,3819.0,34.0,97.49,33.0,1727.90234375,874.9644799865782
2026-07-21T02:36:59.962046+00:00,3819.0,35.0,97.63,33.0,1727.90234375,875.2798851132393
2026-07-21T02:37:00.293357+00:00,3819.0,35.0,97.53,33.0,1727.90234375,875.6111960783601
2026-07-21T02:37:00.606815+00:00,3819.0,35.0,97.58,33.0,1727.90234375,875.9246546439826
2026-07-21T02:37:00.945282+00:00,3819.0,34.0,97.3,33.0,1727.90625,876.263119071722
2026-07-21T02:37:01.259173+00:00,3819.0,34.0,97.21,33.0,1727.90625,876.5770122259855
2026-07-21T02:37:01.570280+00:00,3819.0,33.0,97.2,33.0,1727.90625,876.8881191201508
2026-07-21T02:37:01.885907+00:00,3819.0,35.0,97.24,33.0,1727.90625,877.2037464268506
2026-07-21T02:37:02.194545+00:00,3819.0,36.0,97.39,33.0,1727.90625,877.5123842917383
2026-07-21T02:37:02.505031+00:00,3819.0,36.0,97.3,33.0,1727.90625,877.8228695429862
2026-07-21T02:37:02.814538+00:00,3819.0,33.0,97.15,33.0,1727.90625,878.1323757879436
2026-07-21T02:37:03.124926+00:00,3819.0,36.0,97.32,33.0,1727.90625,878.4427652917802
2026-07-21T02:37:03.461084+00:00,3819.0,33.0,97.56,33.0,1727.90625,878.7789234220982
2026-07-21T02:37:03.774445+00:00,3819.0,36.0,97.62,33.0,1727.90625,879.0922835208476
2026-07-21T02:37:04.088557+00:00,3819.0,35.0,97.72,33.0,1727.90625,879.4063956514001
2026-07-21T02:37:04.451010+00:00,3819.0,23.0,96.17,33.0,1727.90625,879.7688479162753
2026-07-21T02:37:04.805130+00:00,3819.0,35.0,96.03,33.0,1727.90625,880.1229690648615
2026-07-21T02:37:05.139486+00:00,3819.0,35.0,95.86,33.0,1727.90625,880.4573250822723
2026-07-21T02:37:05.473409+00:00,3819.0,34.0,96.88,33.0,1727.90625,880.7912476249039
2026-07-21T02:37:05.763323+00:00,3819.0,35.0,97.11,33.0,1727.90625,881.0811615101993
2026-07-21T02:37:06.097015+00:00,3819.0,34.0,97.25,33.0,1727.90625,881.4148544110358
2026-07-21T02:37:06.429973+00:00,3819.0,35.0,97.31,33.0,1727.90625,881.7478122264147
2026-07-21T02:37:06.792256+00:00,3819.0,23.0,96.74,33.0,1727.90625,882.1100941710174
2026-07-21T02:37:07.147613+00:00,3819.0,36.0,97.26,33.0,1727.96484375,882.4654524028301
2026-07-21T02:37:07.508885+00:00,3819.0,33.0,97.14,33.0,1727.96484375,882.8267234638333
2026-07-21T02:37:07.836918+00:00,3819.0,35.0,97.71,33.0,1727.96484375,883.1547574475408
2026-07-21T02:37:08.172873+00:00,3819.0,36.0,97.33,33.0,1727.96484375,883.4907117635012
2026-07-21T02:37:08.486319+00:00,3819.0,35.0,97.51,33.0,1727.96484375,883.8041583299637
2026-07-21T02:37:08.836479+00:00,3819.0,34.0,97.38,33.0,1727.96484375,884.1543186232448
2026-07-21T02:37:09.151348+00:00,3819.0,34.0,97.46,33.0,1727.96484375,884.4691874161363
2026-07-21T02:37:09.466133+00:00,3819.0,35.0,97.8,33.0,1727.96484375,884.7839717306197
2026-07-21T02:37:09.777892+00:00,3819.0,34.0,97.84,33.0,1727.96484375,885.0957306399941
2026-07-21T02:37:10.105873+00:00,3819.0,34.0,97.65,33.0,1727.96484375,885.4237125255167
2026-07-21T02:37:10.423274+00:00,3819.0,34.0,97.28,33.0,1727.96484375,885.7411122173071
2026-07-21T02:37:10.759936+00:00,3819.0,35.0,97.33,33.0,1727.96484375,886.077775105834
2026-07-21T02:37:11.070581+00:00,3819.0,35.0,97.5,33.0,1727.96484375,886.3884200118482
2026-07-21T02:37:11.403635+00:00,3819.0,35.0,97.53,33.0,1727.96484375,886.7214736863971
2026-07-21T02:37:11.718796+00:00,3819.0,34.0,97.57,33.0,1727.96484375,887.0366355217993
2026-07-21T02:37:12.033629+00:00,3819.0,35.0,97.31,33.0,1727.96484375,887.3514683172107
2026-07-21T02:37:12.346153+00:00,3819.0,33.0,97.34,33.0,1727.96484375,887.6639922335744
2026-07-21T02:37:12.668508+00:00,3819.0,35.0,97.57,33.0,1727.96484375,887.9863463379443
2026-07-21T02:37:12.982708+00:00,3819.0,35.0,97.76,33.0,1727.96875,888.30054596439
2026-07-21T02:37:13.299036+00:00,3819.0,35.0,97.64,33.0,1727.96875,888.6168747618794
2026-07-21T02:37:13.634528+00:00,3819.0,36.0,97.38,33.0,1727.96875,888.9523669481277
2026-07-21T02:37:13.965130+00:00,3819.0,34.0,97.36,33.0,1727.96875,889.28296957165
2026-07-21T02:37:14.275193+00:00,3819.0,35.0,97.3,33.0,1727.96875,889.5930314734578
2026-07-21T02:37:14.591613+00:00,3819.0,36.0,97.22,33.0,1727.96875,889.9094518683851
2026-07-21T02:37:14.945190+00:00,3819.0,33.0,96.95,33.0,1727.96875,890.2630288340151
2026-07-21T02:37:15.258150+00:00,3819.0,32.0,96.69,33.0,1727.96875,890.5759794414043
2026-07-21T02:37:15.593294+00:00,3819.0,33.0,96.84,33.0,1727.97265625,890.9111329093575
2026-07-21T02:37:15.905962+00:00,3819.0,33.0,97.01,33.0,1727.97265625,891.2238011620939
2026-07-21T02:37:16.196716+00:00,3819.0,36.0,97.16,33.0,1727.97265625,891.5145547948778
2026-07-21T02:37:16.511576+00:00,3819.0,33.0,97.01,33.0,1727.97265625,891.8294148035347
2026-07-21T02:37:16.850823+00:00,3819.0,36.0,97.1,33.0,1727.97265625,892.1686625368893
2026-07-21T02:37:17.162086+00:00,3819.0,34.0,97.28,33.0,1727.97265625,892.4799247905612
2026-07-21T02:37:17.497841+00:00,3819.0,34.0,97.48,33.0,1727.97265625,892.815680116415
2026-07-21T02:37:17.805648+00:00,3819.0,34.0,97.5,33.0,1727.97265625,893.1234874948859
2026-07-21T02:37:18.140599+00:00,3819.0,35.0,97.56,33.0,1727.97265625,893.4584374427795
2026-07-21T02:37:18.450751+00:00,3819.0,34.0,97.63,33.0,1727.97265625,893.7685896456242
2026-07-21T02:37:18.784907+00:00,3819.0,36.0,97.51,33.0,1727.97265625,894.1027462296188
2026-07-21T02:37:19.096686+00:00,3819.0,34.0,97.75,33.0,1727.97265625,894.4145243950188
2026-07-21T02:37:19.434293+00:00,3819.0,36.0,97.96,33.0,1727.97265625,894.7521316036582
2026-07-21T02:37:19.749378+00:00,3819.0,35.0,98.45,33.0,1727.97265625,895.0672168880701
2026-07-21T02:37:20.092527+00:00,3819.0,34.0,98.01,34.0,1727.98046875,895.4103643633425
2026-07-21T02:37:20.407524+00:00,3819.0,33.0,97.49,33.0,1727.98046875,895.7253622636199
2026-07-21T02:37:20.722012+00:00,3819.0,34.0,97.12,33.0,1727.98046875,896.0398510657251
2026-07-21T02:37:21.061895+00:00,3819.0,36.0,97.23,33.0,1727.98046875,896.3797333948314
2026-07-21T02:37:21.352909+00:00,3819.0,34.0,97.06,33.0,1727.98046875,896.6707469932735
2026-07-21T02:37:21.707123+00:00,3819.0,36.0,97.31,33.0,1727.98046875,897.0249616354704
2026-07-21T02:37:22.022438+00:00,3819.0,35.0,97.24,33.0,1727.98046875,897.3402771539986
2026-07-21T02:37:22.334560+00:00,3819.0,36.0,97.32,33.0,1727.98046875,897.6523850150406
2026-07-21T02:37:22.693930+00:00,3819.0,33.0,96.96,33.0,1728.0,898.0117622688413
2026-07-21T02:37:23.009160+00:00,3819.0,36.0,97.08,33.0,1728.0,898.3269982524216
2026-07-21T02:37:23.317831+00:00,3819.0,35.0,97.1,33.0,1728.0,898.6356697119772
2026-07-21T02:37:23.634642+00:00,3819.0,35.0,97.26,33.0,1728.0,898.952480956912
2026-07-21T02:37:23.977156+00:00,3819.0,35.0,97.19,33.0,1728.0,899.2949938699603
2026-07-21T02:37:24.294776+00:00,3819.0,34.0,97.25,33.0,1728.0,899.6126145012677
2026-07-21T02:37:24.636282+00:00,3819.0,35.0,97.47,33.0,1728.0,899.9541210196912
2026-07-21T02:37:24.977923+00:00,3819.0,33.0,97.36,33.0,1728.0,900.2957616150379
2026-07-21T02:37:25.337489+00:00,3819.0,35.0,97.62,33.0,1728.0,900.6553264670074
2026-07-21T02:37:25.676389+00:00,3819.0,34.0,97.58,33.0,1728.0,900.9942278973758
2026-07-21T02:37:25.968261+00:00,3819.0,34.0,97.56,33.0,1728.0,901.2860998362303
2026-07-21T02:37:26.305930+00:00,3819.0,35.0,97.46,33.0,1728.0,901.6237685531378
2026-07-21T02:37:26.640321+00:00,3819.0,34.0,97.27,33.0,1728.0234375,901.9581579528749
2026-07-21T02:37:26.996296+00:00,3819.0,34.0,97.02,33.0,1728.0234375,902.3141350932419
2026-07-21T02:37:27.337303+00:00,3819.0,34.0,96.8,33.0,1728.0234375,902.6551422290504
2026-07-21T02:37:27.649375+00:00,3819.0,36.0,96.8,33.0,1728.0234375,902.9672136232257
2026-07-21T02:37:27.986251+00:00,3819.0,36.0,97.18,33.0,1728.0234375,903.3040894307196
2026-07-21T02:37:28.298749+00:00,3819.0,34.0,97.37,33.0,1728.0234375,903.6165874823928
2026-07-21T02:37:28.610760+00:00,3819.0,35.0,97.6,33.0,1728.0234375,903.928598869592
2026-07-21T02:37:28.962018+00:00,3819.0,36.0,97.48,33.0,1728.0234375,904.2798563018441
2026-07-21T02:37:29.271135+00:00,3819.0,34.0,97.5,33.0,1728.0234375,904.5889711864293
2026-07-21T02:37:29.618163+00:00,3819.0,34.0,97.19,33.0,1728.0234375,904.9360018335283
2026-07-21T02:37:29.930326+00:00,3819.0,28.0,96.89,33.0,1728.04296875,905.2481641918421
2026-07-21T02:37:30.242490+00:00,3819.0,36.0,96.86,33.0,1728.04296875,905.5603294298053
2026-07-21T02:37:30.554687+00:00,3819.0,35.0,96.88,33.0,1728.04296875,905.8725263401866
2026-07-21T02:37:30.889209+00:00,3819.0,34.0,97.13,33.0,1728.04296875,906.2070476971567
2026-07-21T02:37:31.202961+00:00,3819.0,28.0,97.27,34.0,1728.0625,906.5207991190255
2026-07-21T02:37:31.513940+00:00,3819.0,34.0,97.23,33.0,1728.0625,906.8317785747349
2026-07-21T02:37:31.867409+00:00,3819.0,34.0,97.42,33.0,1728.0625,907.1852479279041
2026-07-21T02:37:32.196929+00:00,3819.0,33.0,97.38,33.0,1728.0625,907.5147682316601
2026-07-21T02:37:32.511261+00:00,3819.0,34.0,97.75,33.0,1728.0625,907.8290995694697
2026-07-21T02:37:32.850017+00:00,3819.0,36.0,97.81,33.0,1728.0625,908.1678555980325
2026-07-21T02:37:33.184921+00:00,3819.0,35.0,97.95,33.0,1728.0625,908.5027594827116
2026-07-21T02:37:33.537724+00:00,3819.0,36.0,97.77,33.0,1728.0625,908.8555624820292
2026-07-21T02:37:33.829131+00:00,3819.0,35.0,97.97,33.0,1728.0625,909.1469701640308
2026-07-21T02:37:34.121312+00:00,3819.0,34.0,97.86,33.0,1728.0625,909.4391509070992
2026-07-21T02:37:34.412358+00:00,3819.0,36.0,97.98,33.0,1728.0625,909.7301963716745
2026-07-21T02:37:34.730565+00:00,3819.0,34.0,97.95,33.0,1728.0625,910.0484038032591
2026-07-21T02:37:35.091439+00:00,3819.0,35.0,98.02,33.0,1728.0625,910.4092775508761
2026-07-21T02:37:35.405613+00:00,3819.0,35.0,98.03,34.0,1728.0625,910.7234524451196
2026-07-21T02:37:35.738334+00:00,3819.0,34.0,97.98,34.0,1728.0625,911.0561735145748
2026-07-21T02:37:36.050630+00:00,3819.0,16.0,97.81,34.0,1728.0859375,911.3684686943889
2026-07-21T02:37:36.343763+00:00,3819.0,35.0,97.46,34.0,1728.0859375,911.6616019159555
2026-07-21T02:37:36.681350+00:00,3819.0,35.0,97.57,33.0,1728.0859375,911.9991890229285
2026-07-21T02:37:36.994061+00:00,3819.0,35.0,98.21,33.0,1728.0859375,912.3118987306952
2026-07-21T02:37:37.301156+00:00,3819.0,35.0,97.7,33.0,1728.0859375,912.6189947240055
2026-07-21T02:37:37.613792+00:00,3819.0,36.0,97.5,33.0,1728.0859375,912.9316314719617
2026-07-21T02:37:37.946553+00:00,3819.0,34.0,97.39,33.0,1728.0859375,913.2643918991089
2026-07-21T02:37:38.280278+00:00,3819.0,36.0,97.51,34.0,1728.0859375,913.59811636433
2026-07-21T02:37:38.588298+00:00,3819.0,36.0,97.81,34.0,1728.0859375,913.9061376042664
2026-07-21T02:37:38.895706+00:00,3819.0,36.0,97.9,34.0,1728.0859375,914.2135455943644
2026-07-21T02:37:39.222884+00:00,3819.0,35.0,97.73,34.0,1728.0859375,914.5407221131027
2026-07-21T02:37:39.515235+00:00,3819.0,35.0,97.79,34.0,1728.10546875,914.8330733068287
2026-07-21T02:37:39.806193+00:00,3819.0,36.0,97.61,34.0,1728.10546875,915.1240325309336
2026-07-21T02:37:40.151346+00:00,3819.0,33.0,97.72,33.0,1728.10546875,915.4691845439374
2026-07-21T02:37:40.464277+00:00,3819.0,36.0,97.75,34.0,1728.10546875,915.7821164391935
2026-07-21T02:37:40.753673+00:00,3819.0,35.0,97.71,34.0,1728.10546875,916.0715119875968
2026-07-21T02:37:41.045077+00:00,3819.0,36.0,97.97,34.0,1728.10546875,916.3629163913429
2026-07-21T02:37:41.351542+00:00,3819.0,36.0,97.96,34.0,1728.10546875,916.6693809144199
2026-07-21T02:37:41.666566+00:00,3819.0,36.0,97.95,34.0,1728.10546875,916.9844044782221
2026-07-21T02:37:41.986662+00:00,3819.0,36.0,98.06,34.0,1728.10546875,917.3045003637671
2026-07-21T02:37:42.287302+00:00,3819.0,36.0,97.96,34.0,1728.10546875,917.6051397025585
2026-07-21T02:37:42.608764+00:00,3819.0,21.0,98.05,34.0,1728.125,917.9266017898917
2026-07-21T02:37:42.951588+00:00,3819.0,36.0,97.59,34.0,1728.125,918.2694266438484
2026-07-21T02:37:43.296676+00:00,3819.0,35.0,97.39,34.0,1728.125,918.6145145893097
2026-07-21T02:37:43.664201+00:00,3819.0,36.0,97.48,34.0,1728.125,918.982038423419
2026-07-21T02:37:44.009105+00:00,3819.0,35.0,97.64,34.0,1728.125,919.3269431814551
2026-07-21T02:37:44.331212+00:00,3819.0,35.0,97.42,34.0,1728.125,919.6490503400564
2026-07-21T02:37:44.650694+00:00,3819.0,36.0,97.46,34.0,1728.125,919.9685325995088
2026-07-21T02:37:44.977263+00:00,3819.0,26.0,97.23,33.0,1728.14453125,920.2951005920768
2026-07-21T02:37:45.337263+00:00,3819.0,35.0,97.24,34.0,1728.14453125,920.6551016941667
2026-07-21T02:37:45.638484+00:00,3819.0,36.0,96.91,34.0,1728.14453125,920.9563223794103
2026-07-21T02:37:45.983526+00:00,3819.0,36.0,97.09,34.0,1728.14453125,921.3013640902936
2026-07-21T02:37:46.326187+00:00,3819.0,35.0,97.03,34.0,1728.14453125,921.6440250352025
2026-07-21T02:37:46.650121+00:00,3819.0,35.0,97.06,34.0,1728.14453125,921.9679590426385
2026-07-21T02:37:46.964434+00:00,3819.0,34.0,97.1,34.0,1728.14453125,922.2822729498148
2026-07-21T02:37:47.301009+00:00,3819.0,33.0,96.83,34.0,1728.14453125,922.6188474595547
2026-07-21T02:37:47.639694+00:00,3819.0,34.0,97.08,34.0,1728.14453125,922.9575327411294
2026-07-21T02:37:48.000650+00:00,3819.0,33.0,97.45,34.0,1728.14453125,923.318488907069
2026-07-21T02:37:48.337304+00:00,3819.0,36.0,97.62,34.0,1728.14453125,923.6551418676972
2026-07-21T02:37:48.654872+00:00,3819.0,34.0,97.7,34.0,1728.14453125,923.9727104231715
2026-07-21T02:37:48.974175+00:00,3819.0,30.0,96.84,33.0,1728.14453125,924.2920132502913
2026-07-21T02:37:49.290766+00:00,3819.0,20.0,96.5,34.0,1728.16796875,924.6086039692163
2026-07-21T02:37:49.625859+00:00,3819.0,34.0,96.24,34.0,1728.16796875,924.9436989426613
2026-07-21T02:37:49.957130+00:00,3819.0,35.0,96.71,34.0,1728.16796875,925.2749691642821
2026-07-21T02:37:50.284963+00:00,3819.0,34.0,97.45,34.0,1728.16796875,925.6028014421463
2026-07-21T02:37:50.620864+00:00,3819.0,36.0,96.79,34.0,1728.16796875,925.9387021064758
2026-07-21T02:37:50.930519+00:00,3819.0,35.0,96.98,34.0,1728.16796875,926.2483583465219
2026-07-21T02:37:51.238199+00:00,3819.0,35.0,97.0,34.0,1728.16796875,926.5560380704701
2026-07-21T02:37:51.550495+00:00,3819.0,34.0,97.54,34.0,1728.16796875,926.8683343790472
2026-07-21T02:37:51.866381+00:00,3819.0,35.0,98.01,34.0,1728.16796875,927.1842196807265
2026-07-21T02:37:52.178138+00:00,3819.0,36.0,98.06,34.0,1728.16796875,927.4959770217538
2026-07-21T02:37:52.490313+00:00,3819.0,36.0,98.21,34.0,1728.16796875,927.8081517517567
2026-07-21T02:37:52.820713+00:00,3819.0,36.0,98.04,34.0,1728.16796875,928.1385523341596
2026-07-21T02:37:53.134655+00:00,3819.0,36.0,98.0,34.0,1728.19140625,928.4524933695793
2026-07-21T02:37:53.473355+00:00,3819.0,35.0,97.68,34.0,1728.19140625,928.7911945469677
2026-07-21T02:37:53.786283+00:00,3819.0,36.0,97.31,34.0,1728.19140625,929.104121863842
2026-07-21T02:37:54.128733+00:00,3819.0,36.0,97.62,34.0,1728.19140625,929.4465719237924
2026-07-21T02:37:54.437477+00:00,3819.0,36.0,97.67,34.0,1728.19140625,929.7553161047399
2026-07-21T02:37:54.748328+00:00,3819.0,36.0,97.74,34.0,1728.19140625,930.0661671385169
2026-07-21T02:37:55.049217+00:00,3819.0,35.0,97.74,34.0,1728.19140625,930.3670557551086
2026-07-21T02:37:55.362264+00:00,3819.0,35.0,97.43,34.0,1728.19140625,930.6801031827927
2026-07-21T02:37:55.673713+00:00,3819.0,35.0,97.46,34.0,1728.19140625,930.9915516078472
2026-07-21T02:37:55.985492+00:00,3819.0,36.0,97.71,34.0,1728.19140625,931.3033317998052
2026-07-21T02:37:56.322694+00:00,3819.0,22.0,98.14,34.0,1728.21484375,931.6405330970883
2026-07-21T02:37:56.633109+00:00,3819.0,35.0,98.09,34.0,1728.21484375,931.9509488418698
2026-07-21T02:37:56.944021+00:00,3819.0,36.0,97.89,34.0,1728.21484375,932.2618605643511
2026-07-21T02:37:57.237565+00:00,3819.0,36.0,97.55,34.0,1728.21484375,932.5554032623768
2026-07-21T02:37:57.597147+00:00,3819.0,33.0,97.25,34.0,1728.21484375,932.9149861000478
2026-07-21T02:37:57.908826+00:00,3819.0,36.0,97.38,34.0,1728.21484375,933.2266650013626
2026-07-21T02:37:58.221393+00:00,3819.0,35.0,97.49,34.0,1728.21484375,933.5392318330705
2026-07-21T02:37:58.559101+00:00,3819.0,36.0,97.51,34.0,1728.21484375,933.8769400790334
2026-07-21T02:37:58.873450+00:00,3819.0,36.0,97.73,34.0,1728.21484375,934.1912887357175
2026-07-21T02:37:59.185757+00:00,3819.0,35.0,97.98,34.0,1728.21484375,934.5035962350667
2026-07-21T02:37:59.542556+00:00,3819.0,36.0,98.13,34.0,1728.21484375,934.8603947907686
2026-07-21T02:37:59.852159+00:00,3819.0,35.0,97.74,34.0,1728.21484375,935.169997934252
2026-07-21T02:38:00.165643+00:00,3819.0,36.0,97.66,34.0,1728.21484375,935.4834822639823
2026-07-21T02:38:00.453780+00:00,3819.0,37.0,97.43,34.0,1728.2421875,935.771618951112
2026-07-21T02:38:00.786674+00:00,3819.0,35.0,97.5,34.0,1728.2421875,936.1045131087303
2026-07-21T02:38:01.140027+00:00,3819.0,35.0,97.29,34.0,1728.2421875,936.4578664079309
2026-07-21T02:38:01.453261+00:00,3819.0,36.0,97.59,34.0,1728.2421875,936.771100025624
2026-07-21T02:38:01.765070+00:00,3819.0,34.0,97.66,34.0,1728.24609375,937.0829097852111
2026-07-21T02:38:02.078771+00:00,3819.0,36.0,97.75,34.0,1728.25,937.3966108113527
2026-07-21T02:38:02.388702+00:00,3819.0,35.0,97.71,34.0,1728.25,937.7065412700176
2026-07-21T02:38:02.699426+00:00,3819.0,36.0,97.6,34.0,1728.25,938.0172659941018
2026-07-21T02:38:03.028630+00:00,3819.0,34.0,97.55,34.0,1728.25,938.3464694283903
2026-07-21T02:38:03.364673+00:00,3819.0,36.0,97.64,34.0,1728.25390625,938.682511895895
2026-07-21T02:38:03.678995+00:00,3819.0,34.0,97.57,34.0,1728.25390625,938.9968338944018
2026-07-21T02:38:04.017251+00:00,3819.0,36.0,97.2,34.0,1728.25390625,939.3350903466344
2026-07-21T02:38:04.373963+00:00,3819.0,35.0,96.9,34.0,1728.28125,939.6918010003865
2026-07-21T02:38:04.679371+00:00,3819.0,36.0,97.09,34.0,1728.28125,939.9972096197307
2026-07-21T02:38:05.052657+00:00,3819.0,34.0,97.44,34.0,1728.28125,940.3704958744347
2026-07-21T02:38:05.420864+00:00,3819.0,18.0,97.85,34.0,1728.30078125,940.7387020364404
2026-07-21T02:38:05.735752+00:00,3819.0,33.0,97.61,34.0,1728.30078125,941.0535912699997
2026-07-21T02:38:06.072219+00:00,3819.0,34.0,97.45,34.0,1728.30078125,941.390057746321
2026-07-21T02:38:06.387571+00:00,3819.0,35.0,97.41,34.0,1728.30078125,941.7054103910923
2026-07-21T02:38:06.702589+00:00,3819.0,33.0,97.47,34.0,1728.30078125,942.0204278305173
2026-07-21T02:38:07.013670+00:00,3819.0,34.0,97.31,34.0,1728.30078125,942.3315096050501
2026-07-21T02:38:07.345433+00:00,3819.0,36.0,97.06,34.0,1728.30078125,942.663272138685
2026-07-21T02:38:07.700344+00:00,3819.0,35.0,97.03,34.0,1728.30078125,943.0181830003858
2026-07-21T02:38:08.012286+00:00,3819.0,35.0,97.37,34.0,1728.30078125,943.330125067383
2026-07-21T02:38:08.364628+00:00,3819.0,36.0,97.41,34.0,1728.30078125,943.6824666000903
2026-07-21T02:38:08.670808+00:00,3819.0,35.0,97.43,34.0,1728.30078125,943.98864736408
2026-07-21T02:38:08.980158+00:00,3819.0,34.0,96.97,34.0,1728.3984375,944.2979948632419
2026-07-21T02:38:09.294845+00:00,3819.0,36.0,97.59,34.0,1728.3984375,944.6126842200756
2026-07-21T02:38:09.586453+00:00,3819.0,35.0,97.5,34.0,1728.3984375,944.9042920321226
2026-07-21T02:38:09.923775+00:00,3819.0,36.0,97.52,34.0,1728.3984375,945.2416136749089
2026-07-21T02:38:10.259762+00:00,3819.0,35.0,97.44,34.0,1728.3984375,945.5776012539864
2026-07-21T02:38:10.573366+00:00,3819.0,36.0,97.24,34.0,1728.3984375,945.8912048488855
2026-07-21T02:38:10.903500+00:00,3819.0,36.0,97.33,34.0,1728.3984375,946.2213400751352
2026-07-21T02:38:11.216754+00:00,3819.0,35.0,97.73,34.0,1728.3984375,946.5345931723714
2026-07-21T02:38:11.546650+00:00,3819.0,36.0,97.82,34.0,1728.40234375,946.864489145577
2026-07-21T02:38:11.857994+00:00,3819.0,35.0,97.88,34.0,1728.40234375,947.1758335791528
2026-07-21T02:38:12.171822+00:00,3819.0,23.0,97.5,34.0,1728.50390625,947.4896608181298
2026-07-21T02:38:12.501842+00:00,3819.0,36.0,97.76,34.0,1728.50390625,947.8196815624833
2026-07-21T02:38:12.813621+00:00,3819.0,35.0,97.55,34.0,1728.5078125,948.131460480392
2026-07-21T02:38:13.123639+00:00,3819.0,36.0,97.82,34.0,1728.5078125,948.4414772167802
2026-07-21T02:38:13.435824+00:00,3819.0,35.0,97.47,34.0,1728.5078125,948.7536632455885
2026-07-21T02:38:13.790093+00:00,3819.0,35.0,97.61,34.0,1728.51171875,949.1079322062433
2026-07-21T02:38:14.105742+00:00,3819.0,35.0,97.57,34.0,1728.5625,949.4235797300935
2026-07-21T02:38:14.415328+00:00,3819.0,36.0,97.61,34.0,1728.56640625,949.7331669218838
2026-07-21T02:38:14.749150+00:00,3819.0,35.0,97.75,34.0,1728.56640625,950.0669890418649
2026-07-21T02:38:15.092737+00:00,3819.0,36.0,97.61,34.0,1728.56640625,950.4105758219957
2026-07-21T02:38:15.405816+00:00,3819.0,36.0,97.88,34.0,1728.5703125,950.7236545607448
2026-07-21T02:38:15.724079+00:00,3819.0,36.0,97.6,34.0,1728.62109375,951.041917398572
2026-07-21T02:38:16.080470+00:00,3819.0,35.0,97.5,34.0,1728.62109375,951.3983088508248
2026-07-21T02:38:16.370088+00:00,3819.0,35.0,97.3,34.0,1728.62109375,951.6879265010357
2026-07-21T02:38:16.678683+00:00,3819.0,35.0,97.47,34.0,1728.62109375,951.9965213835239
2026-07-21T02:38:17.036830+00:00,3819.0,35.0,97.68,34.0,1728.62109375,952.354669097811
2026-07-21T02:38:17.371572+00:00,3819.0,36.0,97.52,34.0,1728.62109375,952.6894097477198
2026-07-21T02:38:17.685961+00:00,3819.0,36.0,97.51,34.0,1728.625,953.0038004107773
2026-07-21T02:38:17.997846+00:00,3819.0,34.0,97.24,34.0,1728.69140625,953.31568447873
2026-07-21T02:38:18.310594+00:00,3819.0,36.0,97.12,34.0,1728.7109375,953.6284322552383
2026-07-21T02:38:18.618426+00:00,3819.0,36.0,97.0,34.0,1728.7109375,953.9362650327384
2026-07-21T02:38:18.929433+00:00,3819.0,36.0,97.4,34.0,1728.7109375,954.2472723983228
2026-07-21T02:38:19.246769+00:00,3819.0,20.0,97.08,34.0,1728.76953125,954.5646070465446
2026-07-21T02:38:19.585095+00:00,3819.0,34.0,97.15,34.0,1728.76953125,954.9029334820807
2026-07-21T02:38:19.919487+00:00,3819.0,36.0,97.11,34.0,1728.76953125,955.2373256497085
2026-07-21T02:38:20.252857+00:00,3819.0,33.0,97.34,34.0,1728.76953125,955.5706960596144
2026-07-21T02:38:20.612266+00:00,3819.0,27.0,97.07,34.0,1728.76953125,955.930104162544
2026-07-21T02:38:20.922555+00:00,3819.0,35.0,96.29,34.0,1728.78515625,956.2403939552605
2026-07-21T02:38:21.235501+00:00,3819.0,33.0,96.44,34.0,1728.78515625,956.5533401854336
2026-07-21T02:38:21.550878+00:00,3819.0,36.0,96.83,34.0,1728.84375,956.8687160462141
2026-07-21T02:38:21.890064+00:00,3819.0,36.0,97.83,34.0,1728.84375,957.2079025357962
2026-07-21T02:38:22.202843+00:00,3819.0,35.0,97.76,34.0,1728.84375,957.5206819921732
2026-07-21T02:38:22.516144+00:00,3819.0,35.0,97.41,34.0,1728.86328125,957.8339824415743
2026-07-21T02:38:22.845128+00:00,3819.0,35.0,97.18,34.0,1728.86328125,958.1629666276276
2026-07-21T02:38:23.159629+00:00,3819.0,20.0,97.01,34.0,1728.9140625,958.4774671532214
2026-07-21T02:38:23.470836+00:00,3819.0,35.0,96.94,34.0,1728.91796875,958.7886746451259
2026-07-21T02:38:23.788049+00:00,3819.0,34.0,96.93,34.0,1728.91796875,959.1058879233897
2026-07-21T02:38:24.148784+00:00,3819.0,35.0,96.66,34.0,1728.984375,959.4666223265231
2026-07-21T02:38:24.461335+00:00,3819.0,34.0,97.34,34.0,1728.984375,959.7791742198169
2026-07-21T02:38:24.773431+00:00,3819.0,35.0,97.4,34.0,1728.984375,960.0912699960172
2026-07-21T02:38:25.115874+00:00,3819.0,34.0,97.46,34.0,1728.984375,960.4337133616209
2026-07-21T02:38:25.427064+00:00,3819.0,36.0,97.24,34.0,1728.984375,960.7449030764401
2026-07-21T02:38:25.741263+00:00,3819.0,35.0,97.27,34.0,1729.00390625,961.0591017790139
2026-07-21T02:38:26.054364+00:00,3819.0,34.0,97.1,34.0,1729.00390625,961.3722033724189
2026-07-21T02:38:26.370063+00:00,3819.0,36.0,97.25,34.0,1729.01171875,961.687901750207
2026-07-21T02:38:26.724414+00:00,3819.0,35.0,97.5,34.0,1729.03125,962.0422426760197
2026-07-21T02:38:27.035939+00:00,3819.0,35.0,97.74,34.0,1729.03125,962.3537783697248
2026-07-21T02:38:27.348095+00:00,3819.0,35.0,97.83,34.0,1729.04296875,962.6659350655973
2026-07-21T02:38:27.704247+00:00,3819.0,35.0,97.81,34.0,1729.04296875,963.0220868363976
2026-07-21T02:38:27.995176+00:00,3819.0,35.0,97.74,34.0,1729.0625,963.3130153901875
2026-07-21T02:38:28.329935+00:00,3819.0,36.0,97.91,34.0,1729.0625,963.6477737016976
2026-07-21T02:38:28.662081+00:00,3819.0,35.0,98.05,34.0,1729.06640625,963.9799202717841
2026-07-21T02:38:28.954601+00:00,3819.0,0.0,96.19,34.0,1729.24609375,964.2724388241768
2026-07-21T02:38:29.288125+00:00,3819.0,36.0,95.89,34.0,1729.24609375,964.6059639751911
2026-07-21T02:38:29.623818+00:00,3819.0,36.0,96.14,34.0,1729.24609375,964.9416574761271
2026-07-21T02:38:29.934279+00:00,3819.0,36.0,97.95,34.0,1729.24609375,965.2521179914474
2026-07-21T02:38:30.245893+00:00,3819.0,36.0,98.26,34.0,1729.24609375,965.5637319423258
2026-07-21T02:38:30.584636+00:00,3819.0,36.0,97.89,34.0,1729.24609375,965.9024744443595
2026-07-21T02:38:30.897770+00:00,3819.0,36.0,97.82,34.0,1729.24609375,966.2156090140343
2026-07-21T02:38:31.190249+00:00,3819.0,35.0,97.86,34.0,1729.24609375,966.5080882422626
2026-07-21T02:38:31.520944+00:00,3819.0,36.0,97.87,34.0,1729.24609375,966.8387824855745
2026-07-21T02:38:31.836340+00:00,3819.0,36.0,98.0,34.0,1729.24609375,967.1541791297495
2026-07-21T02:38:32.149913+00:00,3819.0,37.0,98.02,34.0,1729.24609375,967.467752084136
2026-07-21T02:38:32.461299+00:00,3819.0,21.0,97.88,34.0,1729.2734375,967.7791371531785
2026-07-21T02:38:32.754920+00:00,3819.0,36.0,97.95,34.0,1729.2734375,968.0727584734559
2026-07-21T02:38:33.064565+00:00,3819.0,36.0,97.76,34.0,1729.2734375,968.3824049457908
2026-07-21T02:38:33.395870+00:00,3819.0,36.0,97.91,34.0,1729.2734375,968.7137084789574
2026-07-21T02:38:33.711392+00:00,3819.0,36.0,97.57,34.0,1729.2734375,969.0292310155928
2026-07-21T02:38:34.027049+00:00,3819.0,35.0,97.81,34.0,1729.2734375,969.3448879159987
2026-07-21T02:38:34.364762+00:00,3819.0,35.0,97.87,34.0,1729.2734375,969.6826004981995
2026-07-21T02:38:34.656389+00:00,3819.0,36.0,97.96,34.0,1729.2734375,969.9742278829217
2026-07-21T02:38:35.016622+00:00,3819.0,36.0,97.99,34.0,1729.2734375,970.3344611413777
2026-07-21T02:38:35.329944+00:00,3819.0,36.0,98.32,34.0,1729.2734375,970.6477828733623
2026-07-21T02:38:35.682560+00:00,3819.0,35.0,98.0,34.0,1729.30859375,971.0003954172134
2026-07-21T02:38:36.015411+00:00,3819.0,34.0,97.83,34.0,1729.30859375,971.3332501277328
2026-07-21T02:38:36.330802+00:00,3819.0,32.0,97.54,34.0,1729.30859375,971.648640807718
2026-07-21T02:38:36.643803+00:00,3819.0,35.0,97.6,34.0,1729.30859375,971.961641985923
2026-07-21T02:38:36.979813+00:00,3819.0,35.0,97.41,34.0,1729.30859375,972.2976519167423
2026-07-21T02:38:37.295085+00:00,3819.0,34.0,97.39,34.0,1729.30859375,972.6129231229424
2026-07-21T02:38:37.613485+00:00,3819.0,36.0,97.44,34.0,1729.30859375,972.9313243627548
2026-07-21T02:38:37.930481+00:00,3819.0,34.0,97.47,34.0,1729.30859375,973.2483199946582
2026-07-21T02:38:38.242931+00:00,3819.0,36.0,97.44,34.0,1729.30859375,973.5607689060271
2026-07-21T02:38:38.568754+00:00,3819.0,32.0,96.96,34.0,1729.33203125,973.8865921013057
2026-07-21T02:38:38.882621+00:00,3819.0,35.0,97.09,34.0,1729.33203125,974.2004599049687
2026-07-21T02:38:39.244469+00:00,3819.0,35.0,97.03,34.0,1729.33203125,974.5623077042401
2026-07-21T02:38:39.578797+00:00,3819.0,35.0,97.53,34.0,1729.33203125,974.8966359943151
2026-07-21T02:38:39.873705+00:00,3819.0,34.0,97.49,34.0,1729.33203125,975.1915424838662
2026-07-21T02:38:40.193282+00:00,3819.0,34.0,97.34,34.0,1729.33203125,975.5111205130816
2026-07-21T02:38:40.506192+00:00,3819.0,35.0,97.33,34.0,1729.33203125,975.8240302093327
2026-07-21T02:38:40.816245+00:00,3819.0,36.0,97.33,34.0,1729.33203125,976.1340843699872
2026-07-21T02:38:41.171922+00:00,3819.0,35.0,98.13,34.0,1729.33203125,976.4897609688342
2026-07-21T02:38:41.483759+00:00,3819.0,36.0,98.03,34.0,1729.33203125,976.8015984930098
2026-07-21T02:38:41.772307+00:00,3819.0,36.0,98.2,34.0,1729.33203125,977.0901464410126
2026-07-21T02:38:42.067115+00:00,3819.0,36.0,97.89,34.0,1729.33203125,977.3849543705583
2026-07-21T02:38:42.356472+00:00,3819.0,36.0,98.05,34.0,1729.33203125,977.6743113547564
2026-07-21T02:38:42.717320+00:00,3819.0,33.0,98.07,34.0,1729.33203125,978.0351590141654
2026-07-21T02:38:43.051338+00:00,3819.0,36.0,98.08,34.0,1729.33203125,978.3691772557795
2026-07-21T02:38:43.341182+00:00,3819.0,35.0,97.98,34.0,1729.33203125,978.6590215936303
2026-07-21T02:38:43.630565+00:00,3819.0,36.0,98.15,34.0,1729.33203125,978.9484048970044
2026-07-21T02:38:43.943700+00:00,3819.0,35.0,98.3,34.0,1729.33203125,979.2615393362939
2026-07-21T02:38:44.256720+00:00,3819.0,36.0,98.17,34.0,1729.33203125,979.5745596475899
2026-07-21T02:38:44.570134+00:00,3819.0,22.0,98.19,34.0,1729.3359375,979.8879725262523
2026-07-21T02:38:44.927206+00:00,3819.0,34.0,97.66,34.0,1729.3359375,980.2450453974307
2026-07-21T02:38:45.261323+00:00,3819.0,35.0,97.7,34.0,1729.3359375,980.5791622102261
2026-07-21T02:38:45.552742+00:00,3819.0,36.0,97.44,34.0,1729.3359375,980.8705809228122
2026-07-21T02:38:45.884733+00:00,3819.0,35.0,97.65,34.0,1729.3359375,981.2025722190738
2026-07-21T02:38:46.197925+00:00,3819.0,35.0,97.46,34.0,1729.3359375,981.5157640315592
2026-07-21T02:38:46.511547+00:00,3819.0,35.0,97.68,34.0,1729.3359375,981.8293854407966
2026-07-21T02:38:46.822002+00:00,3819.0,36.0,97.96,34.0,1729.3359375,982.1398408338428
2026-07-21T02:38:47.130483+00:00,3819.0,35.0,97.75,34.0,1729.3359375,982.4483223743737
2026-07-21T02:38:47.469802+00:00,3819.0,36.0,97.67,34.0,1729.3359375,982.787640478462
2026-07-21T02:38:47.781321+00:00,3819.0,36.0,97.42,34.0,1729.3359375,983.0991594977677
2026-07-21T02:38:48.116823+00:00,3819.0,35.0,97.32,34.0,1729.3359375,983.4346612691879
2026-07-21T02:38:48.432238+00:00,3819.0,36.0,97.29,34.0,1729.3359375,983.7500776015222
2026-07-21T02:38:48.725018+00:00,3819.0,36.0,97.49,34.0,1729.3359375,984.0428567864001
2026-07-21T02:38:49.061449+00:00,3819.0,36.0,97.63,34.0,1729.3359375,984.3792884424329
2026-07-21T02:38:49.353461+00:00,3819.0,32.0,97.8,34.0,1729.33984375,984.671299058944
2026-07-21T02:38:49.666622+00:00,3819.0,35.0,97.64,34.0,1729.33984375,984.9844618104398
2026-07-21T02:38:50.000225+00:00,3819.0,35.0,97.69,34.0,1729.33984375,985.3180640041828
2026-07-21T02:38:50.314130+00:00,3819.0,35.0,98.11,34.0,1729.33984375,985.6319685354829
2026-07-21T02:38:50.627084+00:00,3819.0,35.0,97.5,34.0,1729.33984375,985.9449228644371
2026-07-21T02:38:50.919638+00:00,3819.0,36.0,97.89,34.0,1729.33984375,986.2374769076705
2026-07-21T02:38:51.282928+00:00,3819.0,34.0,97.71,34.0,1729.34375,986.6007661297917
2026-07-21T02:38:51.575577+00:00,3819.0,36.0,97.62,34.0,1729.34375,986.8934162557125
2026-07-21T02:38:51.888695+00:00,3819.0,36.0,97.17,34.0,1729.34375,987.2065349183977
2026-07-21T02:38:52.179406+00:00,3819.0,35.0,97.58,34.0,1729.34375,987.4972446858883
2026-07-21T02:38:52.537261+00:00,3819.0,34.0,97.67,34.0,1729.34375,987.855099927634
2026-07-21T02:38:52.874031+00:00,3819.0,35.0,97.67,34.0,1729.34375,988.1918697841465
2026-07-21T02:38:53.186489+00:00,3819.0,35.0,97.42,34.0,1729.34375,988.5043286494911
2026-07-21T02:38:53.552875+00:00,3819.0,33.0,97.3,34.0,1729.34375,988.8707135617733
2026-07-21T02:38:53.912736+00:00,3819.0,34.0,97.31,34.0,1729.34375,989.2305749207735
2026-07-21T02:38:54.273891+00:00,3819.0,35.0,97.3,34.0,1729.34375,989.5917300991714
2026-07-21T02:38:54.585464+00:00,3819.0,35.0,97.09,34.0,1729.34375,989.9033028893173
2026-07-21T02:38:54.912428+00:00,3819.0,34.0,97.22,34.0,1729.34765625,990.2302667982876
2026-07-21T02:38:55.206133+00:00,3819.0,34.0,97.16,34.0,1729.34765625,990.5239715464413
2026-07-21T02:38:55.570713+00:00,3819.0,36.0,97.43,34.0,1729.34765625,990.8885516524315
2026-07-21T02:38:55.886579+00:00,3819.0,33.0,96.76,34.0,1729.34765625,991.2044176198542
2026-07-21T02:38:56.210840+00:00,3819.0,34.0,96.77,34.0,1729.34765625,991.5286789536476
2026-07-21T02:38:56.556869+00:00,3819.0,34.0,96.47,34.0,1729.34765625,991.874707326293
2026-07-21T02:38:56.926845+00:00,3819.0,21.0,96.9,34.0,1729.34765625,992.2446834519506
2026-07-21T02:38:57.241849+00:00,3819.0,34.0,97.12,34.0,1729.34765625,992.5596874468029
2026-07-21T02:38:57.585966+00:00,3819.0,33.0,97.23,34.0,1729.34765625,992.903804987669
2026-07-21T02:38:57.941077+00:00,3819.0,34.0,97.18,34.0,1729.34765625,993.2589159235358
2026-07-21T02:38:58.276606+00:00,3819.0,35.0,96.51,34.0,1729.34765625,993.5944447480142
2026-07-21T02:38:58.590222+00:00,3819.0,35.0,96.61,34.0,1729.34765625,993.9080611243844
2026-07-21T02:38:58.906086+00:00,3819.0,33.0,96.89,34.0,1729.34765625,994.2239248864353
2026-07-21T02:38:59.198348+00:00,3819.0,36.0,97.1,34.0,1729.34765625,994.516186375171
2026-07-21T02:38:59.509508+00:00,3819.0,35.0,97.14,34.0,1729.34765625,994.8273473232985
2026-07-21T02:38:59.847942+00:00,3819.0,18.0,96.92,34.0,1729.3515625,995.1657798439264
2026-07-21T02:39:00.208632+00:00,3819.0,35.0,97.35,34.0,1729.3515625,995.5264705680311
2026-07-21T02:39:00.522468+00:00,3819.0,34.0,97.6,34.0,1729.3515625,995.8403066247702
2026-07-21T02:39:00.852057+00:00,3819.0,30.0,97.29,34.0,1729.3515625,996.1698948778212
2026-07-21T02:39:01.202415+00:00,3819.0,17.0,96.92,34.0,1729.35546875,996.5202530398965
2026-07-21T02:39:01.515733+00:00,3819.0,34.0,96.83,34.0,1729.35546875,996.8335702978075
2026-07-21T02:39:01.807304+00:00,3819.0,34.0,97.16,34.0,1729.35546875,997.1251429691911
2026-07-21T02:39:02.160704+00:00,3819.0,34.0,97.5,34.0,1729.35546875,997.4785430021584
2026-07-21T02:39:02.513118+00:00,3819.0,34.0,97.14,34.0,1729.35546875,997.8309570997953
2026-07-21T02:39:02.830445+00:00,3819.0,35.0,97.09,34.0,1729.35546875,998.1482841409743
2026-07-21T02:39:03.145449+00:00,3819.0,35.0,97.12,34.0,1729.35546875,998.4632871225476
2026-07-21T02:39:03.438125+00:00,3819.0,35.0,97.36,34.0,1729.35546875,998.7559641972184
2026-07-21T02:39:03.749221+00:00,3819.0,34.0,97.33,34.0,1729.35546875,999.0670595243573
2026-07-21T02:39:04.069322+00:00,3819.0,35.0,97.38,34.0,1729.35546875,999.3871609568596
2026-07-21T02:39:04.388014+00:00,3819.0,34.0,97.35,34.0,1729.35546875,999.7058526948094
2026-07-21T02:39:04.741433+00:00,3819.0,36.0,97.68,34.0,1729.35546875,1000.0592719092965
2026-07-21T02:39:05.109089+00:00,3819.0,34.0,97.68,34.0,1729.359375,1000.4269257672131
2026-07-21T02:39:05.421216+00:00,3819.0,36.0,98.1,34.0,1729.359375,1000.7390547022223
2026-07-21T02:39:05.719567+00:00,3819.0,36.0,97.71,34.0,1729.359375,1001.0374057106674
2026-07-21T02:39:06.058865+00:00,3819.0,35.0,97.83,34.0,1729.359375,1001.3767020180821
2026-07-21T02:39:06.412702+00:00,3819.0,26.0,96.11,34.0,1729.36328125,1001.730539444834
2026-07-21T02:39:06.711376+00:00,3819.0,36.0,96.74,34.0,1729.36328125,1002.0292146131396
2026-07-21T02:39:07.048850+00:00,3819.0,34.0,96.43,34.0,1729.36328125,1002.3666895702481
2026-07-21T02:39:07.343814+00:00,3819.0,36.0,97.19,34.0,1729.36328125,1002.6616529002786
2026-07-21T02:39:07.638383+00:00,3819.0,34.0,97.5,34.0,1729.36328125,1002.9562214389443
2026-07-21T02:39:07.980132+00:00,3819.0,35.0,97.53,34.0,1729.36328125,1003.2979711852968
2026-07-21T02:39:08.297725+00:00,3819.0,33.0,97.76,34.0,1729.36328125,1003.6155635714531
2026-07-21T02:39:08.650221+00:00,3819.0,37.0,97.78,34.0,1729.36328125,1003.9680590592325
2026-07-21T02:39:09.011769+00:00,3819.0,33.0,97.84,34.0,1729.36328125,1004.3296066820621
2026-07-21T02:39:09.324449+00:00,3819.0,35.0,97.51,34.0,1729.36328125,1004.6422873474658
2026-07-21T02:39:09.661085+00:00,3819.0,36.0,97.35,34.0,1729.36328125,1004.9789233058691
2026-07-21T02:39:09.997370+00:00,3819.0,35.0,97.31,34.0,1729.36328125,1005.3152086362243
2026-07-21T02:39:10.332256+00:00,3819.0,36.0,97.44,34.0,1729.36328125,1005.6500947698951
2026-07-21T02:39:10.646910+00:00,3819.0,34.0,97.55,34.0,1729.3671875,1005.964748557657
2026-07-21T02:39:10.966308+00:00,3819.0,34.0,97.66,34.0,1729.3671875,1006.2841467633843
2026-07-21T02:39:11.282267+00:00,3819.0,36.0,97.96,34.0,1729.3671875,1006.6001065969467
2026-07-21T02:39:11.602950+00:00,3819.0,35.0,97.92,34.0,1729.3671875,1006.9207889400423
2026-07-21T02:39:11.917210+00:00,3819.0,20.0,97.72,34.0,1729.375,1007.2350483238697
2026-07-21T02:39:12.231132+00:00,3819.0,36.0,97.35,34.0,1729.375,1007.5489704981446
2026-07-21T02:39:12.568693+00:00,3819.0,36.0,97.33,34.0,1729.375,1007.8865325413644
2026-07-21T02:39:12.904519+00:00,3819.0,35.0,97.54,34.0,1729.375,1008.2223578579724
2026-07-21T02:39:13.245396+00:00,3819.0,33.0,97.1,34.0,1729.375,1008.563235335052
2026-07-21T02:39:13.555757+00:00,3819.0,33.0,96.87,34.0,1729.375,1008.873595725745
2026-07-21T02:39:13.878223+00:00,3819.0,33.0,96.65,34.0,1729.375,1009.1960617639124
2026-07-21T02:39:14.195085+00:00,3819.0,34.0,96.67,34.0,1729.39453125,1009.5129223614931
2026-07-21T02:39:14.532877+00:00,3819.0,34.0,96.7,34.0,1729.39453125,1009.8507152870297
2026-07-21T02:39:14.844565+00:00,3819.0,34.0,96.9,34.0,1729.39453125,1010.16240375489
2026-07-21T02:39:15.201822+00:00,3819.0,34.0,96.94,34.0,1729.39453125,1010.5196608677506
2026-07-21T02:39:15.518668+00:00,3819.0,34.0,96.94,34.0,1729.39453125,1010.836507126689
2026-07-21T02:39:15.829216+00:00,3819.0,34.0,96.72,34.0,1729.39453125,1011.1470548547804
2026-07-21T02:39:16.205162+00:00,3819.0,31.0,96.7,34.0,1729.39453125,1011.5230011455715
2026-07-21T02:39:16.523212+00:00,3819.0,34.0,96.75,34.0,1729.41015625,1011.8410493656993
2026-07-21T02:39:16.879981+00:00,3819.0,33.0,96.84,34.0,1729.41015625,1012.1978192664683
2026-07-21T02:39:17.197541+00:00,3819.0,34.0,96.94,34.0,1729.41015625,1012.5153797380626
2026-07-21T02:39:17.496380+00:00,3819.0,35.0,96.93,34.0,1729.41015625,1012.8142189718783
2026-07-21T02:39:17.810803+00:00,3819.0,35.0,97.11,34.0,1729.41015625,1013.1286414191127
2026-07-21T02:39:18.148055+00:00,3819.0,34.0,97.14,34.0,1729.41015625,1013.4658939987421
2026-07-21T02:39:18.504966+00:00,3819.0,34.0,97.14,34.0,1729.4296875,1013.8228040598333
2026-07-21T02:39:18.838725+00:00,3819.0,33.0,97.07,34.0,1729.4296875,1014.1565629057586
2026-07-21T02:39:19.177346+00:00,3819.0,33.0,97.35,34.0,1729.4296875,1014.4951841272414
2026-07-21T02:39:19.515354+00:00,3819.0,35.0,97.08,34.0,1729.4296875,1014.8331922478974
2026-07-21T02:39:19.829056+00:00,3819.0,35.0,97.31,34.0,1729.4296875,1015.1468944065273
2026-07-21T02:39:20.192567+00:00,3819.0,33.0,97.11,34.0,1729.4296875,1015.510405536741
2026-07-21T02:39:20.550898+00:00,3819.0,36.0,97.0,34.0,1729.4296875,1015.8687361851335
2026-07-21T02:39:20.871014+00:00,3819.0,36.0,97.18,34.0,1729.4296875,1016.1888522170484
2026-07-21T02:39:21.233224+00:00,3819.0,32.0,97.28,34.0,1729.4296875,1016.5510627813637
2026-07-21T02:39:21.548400+00:00,3819.0,36.0,97.69,34.0,1729.4296875,1016.8662388175726
2026-07-21T02:39:21.843200+00:00,3819.0,35.0,97.72,34.0,1729.4296875,1017.1610389091074
2026-07-21T02:39:22.201981+00:00,3819.0,33.0,97.72,34.0,1729.4296875,1017.5198191516101
2026-07-21T02:39:22.519253+00:00,3819.0,35.0,97.43,34.0,1729.4296875,1017.8370919935405
2026-07-21T02:39:22.811428+00:00,3819.0,19.0,97.24,34.0,1729.44921875,1018.1292665228248
2026-07-21T02:39:23.106961+00:00,3819.0,35.0,97.44,34.0,1729.44921875,1018.4248002283275
2026-07-21T02:39:23.441438+00:00,3819.0,35.0,97.39,34.0,1729.44921875,1018.759277138859
2026-07-21T02:39:23.806591+00:00,3819.0,35.0,97.78,34.0,1729.44921875,1019.1244293749332
2026-07-21T02:39:24.162307+00:00,3819.0,36.0,97.92,34.0,1729.44921875,1019.4801458865404
2026-07-21T02:39:24.482211+00:00,3819.0,33.0,97.86,34.0,1729.44921875,1019.8000497296453
2026-07-21T02:39:24.795176+00:00,3819.0,21.0,96.82,34.0,1729.4765625,1020.1130139417946
2026-07-21T02:39:25.132077+00:00,3819.0,33.0,96.79,34.0,1729.4765625,1020.449915073812
2026-07-21T02:39:25.447560+00:00,3819.0,35.0,96.61,34.0,1729.4765625,1020.7653991542757
2026-07-21T02:39:25.744903+00:00,3819.0,34.0,97.4,34.0,1729.4765625,1021.062741946429
2026-07-21T02:39:26.055000+00:00,3819.0,34.0,97.11,34.0,1729.4765625,1021.3728389330208
2026-07-21T02:39:26.364632+00:00,3819.0,36.0,97.08,34.0,1729.4765625,1021.6824708282948
2026-07-21T02:39:26.705633+00:00,3819.0,32.0,96.97,34.0,1729.4765625,1022.0234717838466
2026-07-21T02:39:27.022101+00:00,3819.0,36.0,97.04,34.0,1729.4765625,1022.3399403616786
2026-07-21T02:39:27.344248+00:00,3819.0,33.0,97.03,34.0,1729.4765625,1022.662086930126
2026-07-21T02:39:27.681135+00:00,3819.0,35.0,97.21,34.0,1729.4765625,1022.9989733397961
2026-07-21T02:39:28.016572+00:00,3819.0,35.0,97.3,34.0,1729.4765625,1023.3344104215503
2026-07-21T02:39:28.352768+00:00,3819.0,35.0,97.57,34.0,1729.4765625,1023.6706075742841
2026-07-21T02:39:28.688725+00:00,3819.0,36.0,97.38,34.0,1729.4765625,1024.0065641142428
2026-07-21T02:39:29.002097+00:00,3819.0,35.0,97.47,34.0,1729.4765625,1024.3199357800186
2026-07-21T02:39:29.357802+00:00,3819.0,35.0,97.85,34.0,1729.4765625,1024.6756411530077
2026-07-21T02:39:29.679786+00:00,3819.0,35.0,97.98,34.0,1729.4765625,1024.9976252317429
2026-07-21T02:39:29.995757+00:00,3819.0,33.0,97.57,34.0,1729.4765625,1025.3135951049626
2026-07-21T02:39:30.358431+00:00,3819.0,34.0,97.12,34.0,1729.4765625,1025.6762695610523
2026-07-21T02:39:30.717332+00:00,3819.0,35.0,97.25,34.0,1729.4765625,1026.0351714417338
2026-07-21T02:39:31.052004+00:00,3819.0,34.0,97.48,34.0,1729.4765625,1026.3698429241776
2026-07-21T02:39:31.394113+00:00,3819.0,32.0,97.53,34.0,1729.4765625,1026.711951535195
2026-07-21T02:39:31.711043+00:00,3819.0,19.0,97.23,34.0,1729.4765625,1027.028880789876
2026-07-21T02:39:32.026854+00:00,3819.0,35.0,97.31,34.0,1729.4765625,1027.3446937836707
2026-07-21T02:39:32.366777+00:00,3819.0,35.0,97.12,34.0,1729.4765625,1027.6846152581275
2026-07-21T02:39:32.659841+00:00,3819.0,34.0,97.63,34.0,1729.4765625,1027.977679785341
2026-07-21T02:39:32.979200+00:00,3819.0,34.0,97.09,34.0,1729.4765625,1028.2970393300056
2026-07-21T02:39:33.290740+00:00,3819.0,35.0,97.11,34.0,1729.4765625,1028.608579363674
2026-07-21T02:39:33.629834+00:00,3819.0,34.0,97.15,34.0,1729.4765625,1028.947673521936
2026-07-21T02:39:33.948283+00:00,3819.0,35.0,97.08,34.0,1729.4765625,1029.266121417284
2026-07-21T02:39:34.262978+00:00,3819.0,34.0,97.06,34.0,1729.4765625,1029.5808165073395
2026-07-21T02:39:34.579027+00:00,3819.0,33.0,97.19,34.0,1729.4765625,1029.8968650437891
2026-07-21T02:39:34.897301+00:00,3819.0,34.0,97.19,34.0,1729.53125,1030.2151393294334
2026-07-21T02:39:35.188272+00:00,3819.0,35.0,97.07,34.0,1729.53125,1030.5061104372144
2026-07-21T02:39:35.529976+00:00,3819.0,33.0,96.95,34.0,1729.53125,1030.8478138372302
2026-07-21T02:39:35.825471+00:00,3819.0,35.0,97.27,34.0,1729.53125,1031.1433078348637
2026-07-21T02:39:36.143046+00:00,3819.0,34.0,97.03,34.0,1729.53125,1031.4608850292861
2026-07-21T02:39:36.435451+00:00,3819.0,36.0,97.13,34.0,1729.53125,1031.7532895691693
2026-07-21T02:39:36.793942+00:00,3819.0,36.0,97.38,34.0,1729.53125,1032.111779883504
2026-07-21T02:39:37.109344+00:00,3819.0,36.0,97.92,34.0,1729.53125,1032.4271828308702
2026-07-21T02:39:37.420917+00:00,3819.0,35.0,97.97,34.0,1729.53125,1032.738755453378
2026-07-21T02:39:37.737725+00:00,3819.0,35.0,97.94,34.0,1729.53125,1033.0555636323988
2026-07-21T02:39:38.070561+00:00,3819.0,36.0,97.73,34.0,1729.53125,1033.3883994594216
2026-07-21T02:39:38.387265+00:00,3819.0,35.0,97.85,34.0,1729.53125,1033.7051039785147
2026-07-21T02:39:38.702889+00:00,3819.0,35.0,97.71,34.0,1729.53125,1034.020719986409
2026-07-21T02:39:39.056377+00:00,3819.0,35.0,97.72,34.0,1729.53125,1034.374215502292
2026-07-21T02:39:39.387408+00:00,3819.0,35.0,97.86,34.0,1729.53125,1034.7052472643554
2026-07-21T02:39:39.702835+00:00,3819.0,26.0,97.76,34.0,1729.55078125,1035.0206737443805
2026-07-21T02:39:39.993906+00:00,3819.0,35.0,97.5,34.0,1729.55078125,1035.3117456622422
2026-07-21T02:39:40.310794+00:00,3819.0,35.0,97.54,34.0,1729.55078125,1035.6286329180002
2026-07-21T02:39:40.603968+00:00,3819.0,36.0,97.72,34.0,1729.55078125,1035.9218065962195
2026-07-21T02:39:40.918236+00:00,3819.0,36.0,97.55,34.0,1729.55078125,1036.2360758148134
2026-07-21T02:39:41.234301+00:00,3819.0,35.0,97.45,34.0,1729.55078125,1036.552140071988
2026-07-21T02:39:41.573418+00:00,3819.0,36.0,97.35,34.0,1729.55078125,1036.891257070005
2026-07-21T02:39:41.882496+00:00,3819.0,36.0,97.71,34.0,1729.55078125,1037.2003348506987
2026-07-21T02:39:42.174019+00:00,3819.0,36.0,97.65,34.0,1729.55078125,1037.4918585307896
2026-07-21T02:39:42.522525+00:00,3819.0,21.0,97.74,34.0,1729.56640625,1037.8403634503484
2026-07-21T02:39:42.839511+00:00,3819.0,35.0,97.9,34.0,1729.56640625,1038.1573505103588
2026-07-21T02:39:43.151803+00:00,3819.0,35.0,97.72,34.0,1729.56640625,1038.4696421474218
2026-07-21T02:39:43.461460+00:00,3819.0,36.0,97.49,34.0,1729.5703125,1038.7792988494039
2026-07-21T02:39:43.756704+00:00,3819.0,36.0,97.36,34.0,1729.5703125,1039.0745428651571
2026-07-21T02:39:44.049287+00:00,3819.0,36.0,97.4,34.0,1729.5703125,1039.3671268187463
2026-07-21T02:39:44.384929+00:00,3819.0,35.0,97.67,34.0,1729.5859375,1039.7027669772506
2026-07-21T02:39:44.694239+00:00,3819.0,35.0,97.86,34.0,1729.5859375,1040.012071609497
2026-07-21T02:39:45.006117+00:00,3819.0,35.0,97.72,34.0,1729.5859375,1040.323955643922
2026-07-21T02:39:45.318645+00:00,3819.0,34.0,97.6,34.0,1729.5859375,1040.636479344219
2026-07-21T02:39:45.649547+00:00,3819.0,35.0,97.33,34.0,1729.5859375,1040.9673839397728
2026-07-21T02:39:45.964407+00:00,3819.0,35.0,97.15,34.0,1729.5859375,1041.2822421751916
2026-07-21T02:39:46.277884+00:00,3819.0,35.0,97.13,34.0,1729.5859375,1041.5957227610052
2026-07-21T02:39:46.571228+00:00,3819.0,35.0,97.06,34.0,1729.6015625,1041.8890666291118
2026-07-21T02:39:46.881639+00:00,3819.0,35.0,97.32,34.0,1729.6015625,1042.1994773633778
2026-07-21T02:39:47.216851+00:00,3819.0,35.0,97.47,34.0,1729.6015625,1042.5346902683377
2026-07-21T02:39:47.574374+00:00,3819.0,32.0,97.45,34.0,1729.609375,1042.8922124169767
2026-07-21T02:39:47.913978+00:00,3819.0,34.0,97.52,34.0,1729.609375,1043.2318109236658
2026-07-21T02:39:48.230392+00:00,3819.0,36.0,97.36,34.0,1729.609375,1043.5482318364084
2026-07-21T02:39:48.527451+00:00,3819.0,36.0,97.32,34.0,1729.609375,1043.8452903479338
2026-07-21T02:39:48.838269+00:00,3819.0,34.0,97.0,34.0,1729.6328125,1044.1561073735356
2026-07-21T02:39:49.182876+00:00,3819.0,34.0,96.89,34.0,1729.6328125,1044.5007145516574
2026-07-21T02:39:49.502860+00:00,3819.0,33.0,96.9,34.0,1729.6328125,1044.8206990547478
2026-07-21T02:39:49.868990+00:00,3819.0,35.0,97.07,34.0,1729.6328125,1045.1868285313249
2026-07-21T02:39:50.182156+00:00,3819.0,33.0,97.1,34.0,1729.6328125,1045.499994687736
2026-07-21T02:39:50.475624+00:00,3819.0,34.0,97.23,34.0,1729.6328125,1045.793462883681
2026-07-21T02:39:50.790633+00:00,3819.0,35.0,97.43,34.0,1729.63671875,1046.1084721796215
2026-07-21T02:39:51.152936+00:00,3819.0,34.0,97.47,34.0,1729.63671875,1046.4707752615213
2026-07-21T02:39:51.474354+00:00,3819.0,33.0,97.21,34.0,1729.63671875,1046.7921913862228
2026-07-21T02:39:51.768539+00:00,3819.0,35.0,97.23,34.0,1729.65625,1047.086377184838
2026-07-21T02:39:52.105010+00:00,3819.0,34.0,97.42,34.0,1729.65625,1047.422849074006
2026-07-21T02:39:52.423224+00:00,3819.0,26.0,96.57,34.0,1729.65625,1047.741063222289
2026-07-21T02:39:52.756774+00:00,3819.0,35.0,96.78,34.0,1729.65625,1048.0746122412384
2026-07-21T02:39:53.086934+00:00,3819.0,35.0,96.78,34.0,1729.66015625,1048.4047722741961
2026-07-21T02:39:53.400313+00:00,3819.0,35.0,97.42,34.0,1729.66015625,1048.7181525938213
2026-07-21T02:39:53.707652+00:00,3819.0,36.0,97.63,34.0,1729.66015625,1049.0254913829267
2026-07-21T02:39:54.057697+00:00,3819.0,34.0,97.56,34.0,1729.66015625,1049.3755357638001
2026-07-21T02:39:54.351432+00:00,3819.0,36.0,97.68,34.0,1729.66015625,1049.6692708581686
2026-07-21T02:39:54.683215+00:00,3819.0,35.0,97.64,34.0,1729.66015625,1050.001054547727
2026-07-21T02:39:54.998348+00:00,3819.0,36.0,97.98,34.0,1729.66015625,1050.3161874115467
2026-07-21T02:39:55.312687+00:00,3819.0,35.0,97.92,34.0,1729.66015625,1050.6305256672204
2026-07-21T02:39:55.656212+00:00,3819.0,36.0,97.9,34.0,1729.66015625,1050.9740509986877
2026-07-21T02:39:55.950465+00:00,3819.0,36.0,97.61,34.0,1729.6796875,1051.2683025859296
2026-07-21T02:39:56.266611+00:00,3819.0,35.0,97.24,34.0,1729.6796875,1051.584449954331
2026-07-21T02:39:56.579686+00:00,3819.0,36.0,97.35,34.0,1729.6796875,1051.897524729371
2026-07-21T02:39:56.894384+00:00,3819.0,36.0,97.31,34.0,1729.6796875,1052.2122226916254
2026-07-21T02:39:57.208692+00:00,3819.0,36.0,97.85,34.0,1729.6796875,1052.5265312083066
2026-07-21T02:39:57.521909+00:00,3819.0,36.0,98.06,34.0,1729.6796875,1052.839748494327
2026-07-21T02:39:57.880533+00:00,3819.0,36.0,98.18,34.0,1729.6875,1053.1983722932637
2026-07-21T02:39:58.240500+00:00,3819.0,35.0,98.29,34.0,1729.6875,1053.5583389252424
2026-07-21T02:39:58.533024+00:00,3819.0,36.0,98.03,34.0,1729.69140625,1053.8508634530008
2026-07-21T02:39:58.844716+00:00,3819.0,36.0,97.94,34.0,1729.69140625,1054.162555616349
2026-07-21T02:39:59.156176+00:00,3819.0,36.0,98.04,34.0,1729.69140625,1054.4740152098238
2026-07-21T02:39:59.489075+00:00,3819.0,35.0,97.93,34.0,1729.69140625,1054.8069139197469
2026-07-21T02:39:59.801096+00:00,3819.0,36.0,97.94,34.0,1729.69140625,1055.1189359799027
2026-07-21T02:40:00.134911+00:00,3819.0,25.0,97.67,34.0,1729.72265625,1055.4527471475303
2026-07-21T02:40:00.497842+00:00,3819.0,35.0,97.58,34.0,1729.7265625,1055.8156805746257
2026-07-21T02:40:00.813659+00:00,3819.0,34.0,97.68,34.0,1729.73046875,1056.1314988136292
2026-07-21T02:40:01.143044+00:00,3819.0,36.0,98.04,34.0,1729.73046875,1056.4608837217093
2026-07-21T02:40:01.456962+00:00,3819.0,35.0,97.93,34.0,1729.73046875,1056.7748014815152
2026-07-21T02:40:01.749847+00:00,3819.0,28.0,97.59,34.0,1729.74609375,1057.0676851123571
2026-07-21T02:40:02.064275+00:00,3819.0,35.0,97.37,34.0,1729.74609375,1057.3821139931679
2026-07-21T02:40:02.401415+00:00,3819.0,35.0,97.57,34.0,1729.75,1057.719253487885
2026-07-21T02:40:02.744719+00:00,3819.0,35.0,97.92,34.0,1729.75,1058.0625582672656
2026-07-21T02:40:03.099642+00:00,3819.0,34.0,97.92,34.0,1729.7578125,1058.4174792580307
2026-07-21T02:40:03.430920+00:00,3819.0,35.0,97.35,34.0,1729.7578125,1058.7487588375807
2026-07-21T02:40:03.722641+00:00,3819.0,36.0,97.67,34.0,1729.7578125,1059.040479913354
2026-07-21T02:40:04.060691+00:00,3819.0,36.0,97.53,34.0,1729.7578125,1059.378530330956
2026-07-21T02:40:04.374350+00:00,3819.0,36.0,97.81,34.0,1729.7578125,1059.6921892762184
2026-07-21T02:40:04.692020+00:00,3819.0,35.0,97.69,34.0,1729.76171875,1060.0098583735526
2026-07-21T02:40:05.007613+00:00,3819.0,36.0,97.84,34.0,1729.76171875,1060.3254523724318
2026-07-21T02:40:05.300997+00:00,3819.0,34.0,97.75,34.0,1729.76171875,1060.618836004287
2026-07-21T02:40:05.614438+00:00,3819.0,36.0,97.51,34.0,1729.765625,1060.9322770349681
2026-07-21T02:40:05.912913+00:00,3819.0,35.0,97.64,34.0,1729.765625,1061.2307519614697
2026-07-21T02:40:06.226798+00:00,3819.0,35.0,97.53,34.0,1729.765625,1061.5446367003024
2026-07-21T02:40:06.541617+00:00,3819.0,36.0,97.6,34.0,1729.765625,1061.859456114471
2026-07-21T02:40:06.857737+00:00,3819.0,24.0,97.5,34.0,1729.79296875,1062.1755746230483
2026-07-21T02:40:07.196533+00:00,3819.0,35.0,97.23,34.0,1729.796875,1062.5143717490137
2026-07-21T02:40:07.537038+00:00,3819.0,35.0,97.09,34.0,1729.796875,1062.854876279831
2026-07-21T02:40:07.857954+00:00,3819.0,35.0,97.21,34.0,1729.8046875,1063.1757931113243
2026-07-21T02:40:08.175046+00:00,3819.0,34.0,97.59,34.0,1729.8046875,1063.4928843863308
2026-07-21T02:40:08.508725+00:00,3819.0,35.0,97.71,34.0,1729.8046875,1063.8265630826354
2026-07-21T02:40:08.840609+00:00,3819.0,36.0,97.6,34.0,1729.80859375,1064.1584483459592
2026-07-21T02:40:09.177188+00:00,3819.0,35.0,97.45,34.0,1729.80859375,1064.495026908815
2026-07-21T02:40:09.532235+00:00,3819.0,35.0,97.63,34.0,1729.80859375,1064.8500734120607
2026-07-21T02:40:09.867699+00:00,3819.0,36.0,97.82,34.0,1729.80859375,1065.1855384968221
2026-07-21T02:40:10.186319+00:00,3819.0,35.0,97.61,34.0,1729.8203125,1065.5041578039527
2026-07-21T02:40:10.480532+00:00,3819.0,35.0,97.74,34.0,1729.8203125,1065.7983707934618
2026-07-21T02:40:10.790128+00:00,3819.0,35.0,97.73,34.0,1729.8203125,1066.107966978103
2026-07-21T02:40:11.152121+00:00,3819.0,20.0,97.59,34.0,1729.91015625,1066.469959422946
2026-07-21T02:40:11.466484+00:00,3819.0,35.0,97.6,34.0,1729.91015625,1066.7843223623931
2026-07-21T02:40:11.776308+00:00,3819.0,35.0,97.58,34.0,1729.9140625,1067.0941464602947
2026-07-21T02:40:12.136201+00:00,3819.0,35.0,97.82,34.0,1729.9140625,1067.4540394544601
2026-07-21T02:40:12.463366+00:00,3819.0,36.0,97.81,34.0,1729.921875,1067.781204342842
2026-07-21T02:40:12.753068+00:00,3819.0,35.0,97.88,34.0,1729.921875,1068.070907227695
2026-07-21T02:40:13.092356+00:00,3819.0,35.0,97.88,34.0,1729.921875,1068.4101945385337
2026-07-21T02:40:13.454159+00:00,3819.0,35.0,97.92,34.0,1729.921875,1068.77199787274
2026-07-21T02:40:13.764265+00:00,3819.0,35.0,97.62,34.0,1729.9765625,1069.0821035057306
2026-07-21T02:40:14.085250+00:00,3819.0,34.0,97.36,34.0,1729.98046875,1069.4030888825655
2026-07-21T02:40:14.441617+00:00,3819.0,34.0,97.08,34.0,1729.98046875,1069.7594555541873
2026-07-21T02:40:14.739740+00:00,3819.0,34.0,97.1,34.0,1729.98046875,1070.057579278946
2026-07-21T02:40:15.040027+00:00,3819.0,35.0,97.21,34.0,1729.98828125,1070.3578662648797
2026-07-21T02:40:15.350322+00:00,3819.0,35.0,97.29,34.0,1729.98828125,1070.6681605242193
2026-07-21T02:40:15.689351+00:00,3819.0,34.0,97.56,34.0,1729.9921875,1071.0071902610362
2026-07-21T02:40:15.989413+00:00,3819.0,35.0,97.48,34.0,1729.9921875,1071.3072525449097
2026-07-21T02:40:16.329268+00:00,3819.0,34.0,97.38,34.0,1730.0,1071.6471071317792
2026-07-21T02:40:16.642379+00:00,3819.0,35.0,97.38,34.0,1730.00390625,1071.9602181240916
2026-07-21T02:40:16.952994+00:00,3819.0,36.0,97.56,34.0,1730.00390625,1072.2708334065974
2026-07-21T02:40:17.262890+00:00,3819.0,36.0,97.74,34.0,1730.015625,1072.5807290896773
2026-07-21T02:40:17.575576+00:00,3819.0,34.0,97.64,34.0,1730.015625,1072.8934162072837
2026-07-21T02:40:17.888854+00:00,3819.0,33.0,97.51,34.0,1730.0390625,1073.2066907957196
2026-07-21T02:40:18.244841+00:00,3819.0,35.0,97.12,34.0,1730.0390625,1073.5626795254648
2026-07-21T02:40:18.562136+00:00,3819.0,35.0,97.24,34.0,1730.0390625,1073.8799746185541
2026-07-21T02:40:18.877929+00:00,3819.0,36.0,97.2,34.0,1730.05078125,1074.1957681067288
2026-07-21T02:40:19.189513+00:00,3819.0,35.0,97.46,34.0,1730.05078125,1074.507352206856
2026-07-21T02:40:19.506477+00:00,3819.0,36.0,97.51,34.0,1730.0546875,1074.824316252023
2026-07-21T02:40:19.865796+00:00,3819.0,34.0,97.79,34.0,1730.0625,1075.1836344897747
2026-07-21T02:40:20.176456+00:00,3819.0,35.0,97.6,34.0,1730.0625,1075.494294371456
2026-07-21T02:40:20.491841+00:00,3819.0,35.0,97.75,34.0,1730.06640625,1075.809679929167
2026-07-21T02:40:20.809154+00:00,3819.0,34.0,97.64,34.0,1731.5546875,1076.1269930042326
2026-07-21T02:40:21.168634+00:00,3819.0,35.0,97.87,34.0,1731.55859375,1076.486473582685
2026-07-21T02:40:21.504694+00:00,3819.0,35.0,98.05,34.0,1731.55859375,1076.8225328586996
2026-07-21T02:40:21.861609+00:00,3819.0,35.0,98.19,34.0,1731.5703125,1077.1794482171535
2026-07-21T02:40:22.153087+00:00,3819.0,35.0,97.72,34.0,1731.578125,1077.470925617963
2026-07-21T02:40:22.493818+00:00,3819.0,34.0,97.63,34.0,1731.578125,1077.8116565793753
2026-07-21T02:40:22.961540+00:00,3819.0,0.0,96.07,34.0,1731.640625,1078.2793786600232
2026-07-21T02:40:23.253855+00:00,3819.0,33.0,96.04,34.0,1731.640625,1078.5716939866543
2026-07-21T02:40:23.547605+00:00,3819.0,35.0,95.76,34.0,1731.64453125,1078.8654431961477
2026-07-21T02:40:23.867499+00:00,3819.0,33.0,96.62,34.0,1731.64453125,1079.185337293893
2026-07-21T02:40:24.206086+00:00,3819.0,35.0,97.1,34.0,1731.64453125,1079.5239243619144
2026-07-21T02:40:24.523565+00:00,3819.0,35.0,97.2,34.0,1731.64453125,1079.8414034359157
2026-07-21T02:40:24.881718+00:00,3819.0,34.0,97.2,34.0,1731.64453125,1080.1995569132268
2026-07-21T02:40:25.199423+00:00,3819.0,36.0,97.36,34.0,1731.64453125,1080.5172617807984
2026-07-21T02:40:25.514066+00:00,3819.0,34.0,97.45,34.0,1731.64453125,1080.8319055773318
2026-07-21T02:40:25.879999+00:00,3819.0,19.0,97.4,34.0,1731.6484375,1081.1978375650942
2026-07-21T02:40:26.173394+00:00,3819.0,34.0,97.42,34.0,1731.6484375,1081.4912326969206
2026-07-21T02:40:26.489501+00:00,3819.0,35.0,97.53,34.0,1731.6484375,1081.8073403201997
2026-07-21T02:40:26.829205+00:00,3819.0,36.0,97.64,34.0,1731.6484375,1082.1470440253615
2026-07-21T02:40:27.168976+00:00,3819.0,35.0,97.58,34.0,1731.6484375,1082.48681461066
2026-07-21T02:40:27.481140+00:00,3819.0,35.0,97.46,34.0,1731.6484375,1082.798978727311
2026-07-21T02:40:27.797780+00:00,3819.0,36.0,97.45,34.0,1731.65234375,1083.1156185939908
2026-07-21T02:40:28.109755+00:00,3819.0,35.0,97.99,34.0,1731.65234375,1083.4275939688087
2026-07-21T02:40:28.467351+00:00,3819.0,35.0,97.9,34.0,1731.65234375,1083.7851900495589
2026-07-21T02:40:28.777392+00:00,3819.0,36.0,98.05,34.0,1731.65234375,1084.0952312089503
2026-07-21T02:40:29.116166+00:00,3819.0,36.0,97.75,34.0,1731.65234375,1084.4340056963265
2026-07-21T02:40:29.410408+00:00,3819.0,35.0,97.87,34.0,1731.65234375,1084.728246808052
2026-07-21T02:40:29.704177+00:00,3819.0,35.0,98.0,34.0,1731.65234375,1085.0220161490142
2026-07-21T02:40:30.013905+00:00,3819.0,36.0,97.94,34.0,1731.65234375,1085.3317434340715
2026-07-21T02:40:30.307647+00:00,3819.0,36.0,98.25,34.0,1731.65234375,1085.6254858970642
2026-07-21T02:40:30.662061+00:00,3819.0,35.0,97.99,34.0,1731.65625,1085.9798990860581
2026-07-21T02:40:30.958336+00:00,3819.0,36.0,98.16,34.0,1731.65625,1086.2761758230627
2026-07-21T02:40:31.296061+00:00,3819.0,35.0,97.64,34.0,1731.65625,1086.613900538534
2026-07-21T02:40:31.608593+00:00,3819.0,36.0,97.69,34.0,1731.65625,1086.926432799548
2026-07-21T02:40:31.918119+00:00,3819.0,35.0,97.95,34.0,1731.65625,1087.235958430916
2026-07-21T02:40:32.253981+00:00,3819.0,36.0,97.88,34.0,1731.65625,1087.5718188397586
2026-07-21T02:40:32.571044+00:00,3819.0,36.0,97.76,34.0,1731.65625,1087.8888828083873
2026-07-21T02:40:32.907695+00:00,3819.0,35.0,97.55,34.0,1731.65625,1088.2255335226655
2026-07-21T02:40:33.223386+00:00,3819.0,36.0,97.38,34.0,1731.65625,1088.5412247404456
2026-07-21T02:40:33.538042+00:00,3819.0,35.0,97.64,34.0,1731.65625,1088.855882152915
2026-07-21T02:40:33.894359+00:00,3819.0,35.0,97.76,34.0,1731.65625,1089.2121975757182
2026-07-21T02:40:34.185489+00:00,3819.0,36.0,98.14,34.0,1731.65625,1089.5033279545605
2026-07-21T02:40:34.476317+00:00,3819.0,36.0,98.33,34.0,1731.65625,1089.7941564694047
2026-07-21T02:40:34.808524+00:00,3819.0,36.0,98.57,34.0,1731.65625,1090.1263633705676
2026-07-21T02:40:35.136758+00:00,3819.0,36.0,98.51,34.0,1731.65625,1090.454596683383
2026-07-21T02:40:35.477041+00:00,3819.0,34.0,98.23,34.0,1731.66015625,1090.7948796600103
2026-07-21T02:40:35.791358+00:00,3819.0,36.0,97.91,34.0,1731.66015625,1091.109197575599
2026-07-21T02:40:36.127645+00:00,3819.0,35.0,97.81,34.0,1731.66015625,1091.4454837329686
2026-07-21T02:40:36.460165+00:00,3819.0,36.0,98.06,34.0,1731.66015625,1091.7780046574771
2026-07-21T02:40:36.796326+00:00,3819.0,35.0,97.91,34.0,1731.66015625,1092.1141653768718
2026-07-21T02:40:37.136310+00:00,3819.0,35.0,97.87,34.0,1731.66015625,1092.4541489332914
2026-07-21T02:40:37.473611+00:00,3819.0,35.0,97.63,34.0,1731.66015625,1092.7914506234229
2026-07-21T02:40:37.767054+00:00,3819.0,35.0,97.93,34.0,1731.66015625,1093.084893297404
2026-07-21T02:40:38.059134+00:00,3819.0,35.0,98.17,34.0,1731.66015625,1093.3769734203815
2026-07-21T02:40:38.379034+00:00,3819.0,31.0,97.78,34.0,1731.6640625,1093.6968725696206
2026-07-21T02:40:38.694967+00:00,3819.0,33.0,97.63,34.0,1731.6640625,1094.0128057152033
2026-07-21T02:40:39.055742+00:00,3819.0,36.0,97.5,34.0,1731.6640625,1094.3735811151564
2026-07-21T02:40:39.416751+00:00,3819.0,34.0,97.86,34.0,1731.6640625,1094.7345901243389
2026-07-21T02:40:39.738605+00:00,3819.0,35.0,97.99,34.0,1731.6640625,1095.0564444102347
2026-07-21T02:40:40.063649+00:00,3819.0,36.0,97.65,34.0,1731.6640625,1095.3814886547625
2026-07-21T02:40:40.377505+00:00,3819.0,28.0,96.92,34.0,1731.6640625,1095.6953442506492
2026-07-21T02:40:40.690831+00:00,3819.0,34.0,96.77,34.0,1731.66796875,1096.0086697675288
2026-07-21T02:40:41.028437+00:00,3819.0,34.0,96.74,34.0,1731.66796875,1096.3462761379778
2026-07-21T02:40:41.388185+00:00,3819.0,35.0,97.5,34.0,1731.66796875,1096.7060236223042
2026-07-21T02:40:41.702883+00:00,3819.0,34.0,97.38,34.0,1731.66796875,1097.0207219310105
2026-07-21T02:40:42.045121+00:00,3819.0,34.0,97.59,34.0,1731.66796875,1097.3629595972598
2026-07-21T02:40:42.379386+00:00,3819.0,35.0,97.6,34.0,1731.66796875,1097.6972249671817
2026-07-21T02:40:42.678017+00:00,3819.0,35.0,97.63,34.0,1731.66796875,1097.9958551339805
2026-07-21T02:40:42.999163+00:00,3819.0,35.0,97.65,34.0,1731.66796875,1098.3170027956367
2026-07-21T02:40:43.291641+00:00,3819.0,35.0,97.6,34.0,1731.66796875,1098.6094801425934
2026-07-21T02:40:43.645016+00:00,3819.0,34.0,97.74,34.0,1731.66796875,1098.9628556370735
2026-07-21T02:40:43.937222+00:00,3819.0,35.0,97.95,34.0,1731.66796875,1099.2550612799823
2026-07-21T02:40:44.254617+00:00,3819.0,35.0,97.98,34.0,1731.66796875,1099.5724563635886
2026-07-21T02:40:44.569059+00:00,3819.0,36.0,98.15,34.0,1731.66796875,1099.8868974931538
2026-07-21T02:40:44.909204+00:00,3819.0,34.0,98.14,34.0,1731.66796875,1100.2270422577858
2026-07-21T02:40:45.245675+00:00,3819.0,35.0,98.25,34.0,1731.66796875,1100.5635134279728
2026-07-21T02:40:45.561113+00:00,3819.0,18.0,97.94,34.0,1731.671875,1100.8789508752525
2026-07-21T02:40:45.897900+00:00,3819.0,34.0,97.58,34.0,1731.671875,1101.21573876217
2026-07-21T02:40:46.216283+00:00,3819.0,35.0,97.1,34.0,1731.671875,1101.5341215096414
2026-07-21T02:40:46.514725+00:00,3819.0,35.0,97.81,34.0,1731.671875,1101.8325635828078
2026-07-21T02:40:46.832599+00:00,3819.0,35.0,97.52,34.0,1731.671875,1102.1504374407232
2026-07-21T02:40:47.146568+00:00,3819.0,35.0,98.0,34.0,1731.671875,1102.464406657964
2026-07-21T02:40:47.460782+00:00,3819.0,35.0,98.18,34.0,1731.671875,1102.7786213569343
2026-07-21T02:40:47.775620+00:00,3819.0,35.0,98.07,34.0,1731.671875,1103.0934586413205
2026-07-21T02:40:48.096106+00:00,3819.0,35.0,98.16,34.0,1731.671875,1103.4139449596405
2026-07-21T02:40:48.449618+00:00,3819.0,36.0,97.71,34.0,1731.671875,1103.7674559131265
2026-07-21T02:40:48.747576+00:00,3819.0,35.0,97.71,34.0,1731.67578125,1104.0654140114784
2026-07-21T02:40:49.072041+00:00,3819.0,35.0,97.69,34.0,1731.67578125,1104.389879565686
2026-07-21T02:40:49.428722+00:00,3819.0,35.0,97.75,34.0,1731.67578125,1104.7465609312057
2026-07-21T02:40:49.722865+00:00,3819.0,35.0,98.05,34.0,1731.67578125,1105.0407042056322
2026-07-21T02:40:50.041717+00:00,3819.0,35.0,98.03,34.0,1731.67578125,1105.359556067735
2026-07-21T02:40:50.353865+00:00,3819.0,36.0,98.15,34.0,1731.67578125,1105.6717044189572
2026-07-21T02:40:50.694155+00:00,3819.0,35.0,98.44,34.0,1731.67578125,1106.0119944177568
2026-07-21T02:40:51.007216+00:00,3819.0,35.0,98.13,34.0,1731.67578125,1106.3250547721982
2026-07-21T02:40:51.322664+00:00,3819.0,35.0,97.88,34.0,1731.67578125,1106.6405029706657
2026-07-21T02:40:51.639203+00:00,3819.0,35.0,97.7,34.0,1731.67578125,1106.9570409096777
2026-07-21T02:40:51.999575+00:00,3819.0,34.0,97.66,34.0,1731.67578125,1107.3174141533673
2026-07-21T02:40:52.314105+00:00,3819.0,35.0,97.95,34.0,1731.67578125,1107.6319432407618
2026-07-21T02:40:52.663277+00:00,3819.0,35.0,97.56,34.0,1731.67578125,1107.9811153449118
2026-07-21T02:40:52.961055+00:00,3819.0,34.0,97.39,34.0,1731.6796875,1108.2788932137191
2026-07-21T02:40:53.301278+00:00,3819.0,35.0,97.03,34.0,1731.6796875,1108.6191165857017
2026-07-21T02:40:53.618898+00:00,3819.0,35.0,97.07,34.0,1731.6796875,1108.9367366209626
2026-07-21T02:40:53.921159+00:00,3819.0,36.0,97.15,34.0,1731.6796875,1109.238998234272
2026-07-21T02:40:54.307586+00:00,3819.0,18.0,97.4,34.0,1731.68359375,1109.6254238896072
2026-07-21T02:40:54.645971+00:00,3819.0,35.0,97.71,34.0,1731.68359375,1109.9638092927635
2026-07-21T02:40:54.975432+00:00,3819.0,35.0,97.65,34.0,1731.68359375,1110.2932702191174
2026-07-21T02:40:55.321280+00:00,3819.0,34.0,97.19,34.0,1731.68359375,1110.6391181498766
2026-07-21T02:40:55.634010+00:00,3819.0,33.0,96.95,34.0,1731.68359375,1110.951848834753
2026-07-21T02:40:56.001825+00:00,3819.0,36.0,97.07,34.0,1731.68359375,1111.3196633122861
2026-07-21T02:40:56.326214+00:00,3819.0,34.0,97.21,34.0,1731.68359375,1111.6440533287823
2026-07-21T02:40:56.699155+00:00,3819.0,28.0,96.91,34.0,1731.68359375,1112.0169941708446
2026-07-21T02:40:57.024244+00:00,3819.0,34.0,97.24,34.0,1731.69140625,1112.342082515359
2026-07-21T02:40:57.376082+00:00,3819.0,35.0,97.25,34.0,1731.69140625,1112.6939202733338
2026-07-21T02:40:57.690728+00:00,3819.0,35.0,97.29,34.0,1731.69140625,1113.0085663199425
2026-07-21T02:40:58.010214+00:00,3819.0,34.0,97.09,34.0,1731.69140625,1113.328053560108
2026-07-21T02:40:58.323422+00:00,3819.0,34.0,97.3,34.0,1731.69140625,1113.6412603631616
2026-07-21T02:40:58.646692+00:00,3819.0,35.0,97.15,34.0,1731.6953125,1113.9645305797458
2026-07-21T02:40:58.941250+00:00,3819.0,36.0,97.34,34.0,1731.6953125,1114.2590890303254
2026-07-21T02:40:59.255321+00:00,3819.0,30.0,97.12,34.0,1731.69921875,1114.5731594748795
2026-07-21T02:40:59.581068+00:00,3819.0,33.0,97.3,34.0,1731.69921875,1114.8989064395428
2026-07-21T02:40:59.920368+00:00,3819.0,35.0,96.95,34.0,1731.69921875,1115.2382076121867
2026-07-21T02:41:00.279618+00:00,3819.0,33.0,96.95,34.0,1731.69921875,1115.5974571853876
2026-07-21T02:41:00.594291+00:00,3819.0,35.0,97.01,34.0,1731.69921875,1115.9121305160224
2026-07-21T02:41:00.956830+00:00,3819.0,34.0,97.27,34.0,1731.69921875,1116.2746675536036
2026-07-21T02:41:01.249876+00:00,3819.0,28.0,97.22,34.0,1731.703125,1116.5677138492465
2026-07-21T02:41:01.567951+00:00,3819.0,33.0,97.07,34.0,1731.703125,1116.8857903555036
2026-07-21T02:41:01.909093+00:00,3819.0,34.0,96.7,34.0,1731.703125,1117.2269317880273
2026-07-21T02:41:02.231934+00:00,3819.0,34.0,96.6,34.0,1731.703125,1117.5497728921473
2026-07-21T02:41:02.555395+00:00,3819.0,33.0,96.54,34.0,1731.703125,1117.8732341714203
2026-07-21T02:41:02.883590+00:00,3819.0,36.0,96.75,34.0,1731.703125,1118.2014294229448
2026-07-21T02:41:03.221541+00:00,3819.0,34.0,96.95,34.0,1731.703125,1118.5393799953163
2026-07-21T02:41:03.570241+00:00,3819.0,35.0,96.88,34.0,1731.70703125,1118.8880787752569
2026-07-21T02:41:03.890243+00:00,3819.0,34.0,97.09,34.0,1731.70703125,1119.2080817744136
2026-07-21T02:41:04.215357+00:00,3819.0,35.0,97.05,34.0,1731.70703125,1119.5331958681345
2026-07-21T02:41:04.531391+00:00,3819.0,34.0,97.39,34.0,1731.70703125,1119.8492289930582
2026-07-21T02:41:04.846239+00:00,3819.0,33.0,97.28,34.0,1731.70703125,1120.1640779227018
2026-07-21T02:41:05.189137+00:00,3819.0,35.0,97.14,34.0,1731.7109375,1120.5069765672088
2026-07-21T02:41:05.502168+00:00,3819.0,35.0,97.25,34.0,1731.7109375,1120.8200068250299
2026-07-21T02:41:05.820416+00:00,3819.0,36.0,97.38,34.0,1731.7109375,1121.138254545629
2026-07-21T02:41:06.161550+00:00,3819.0,34.0,97.6,34.0,1731.7109375,1121.4793891608715
2026-07-21T02:41:06.452630+00:00,3819.0,22.0,97.74,34.0,1731.71484375,1121.770468045026
2026-07-21T02:41:06.772579+00:00,3819.0,36.0,97.67,34.0,1731.71484375,1122.090418394655
2026-07-21T02:41:07.090023+00:00,3819.0,36.0,97.67,34.0,1731.71484375,1122.407862201333
2026-07-21T02:41:07.407749+00:00,3819.0,33.0,98.02,34.0,1731.71484375,1122.7255872264504
2026-07-21T02:41:07.719406+00:00,3819.0,35.0,97.24,34.0,1731.71484375,1123.0372451394796
2026-07-21T02:41:08.030512+00:00,3819.0,36.0,97.44,34.0,1731.71484375,1123.3483508899808
2026-07-21T02:41:08.347563+00:00,3819.0,36.0,97.68,34.0,1731.71484375,1123.665401890874
2026-07-21T02:41:08.665809+00:00,3819.0,36.0,97.65,34.0,1731.71484375,1123.9836460985243
2026-07-21T02:41:08.982312+00:00,3819.0,35.0,97.59,34.0,1731.71484375,1124.3001506179571
2026-07-21T02:41:09.299145+00:00,3819.0,34.0,97.36,34.0,1731.71484375,1124.616983924061
2026-07-21T02:41:09.614879+00:00,3819.0,35.0,97.6,34.0,1731.71484375,1124.9327179417014
2026-07-21T02:41:09.926366+00:00,3819.0,34.0,97.48,34.0,1731.71484375,1125.244204968214
2026-07-21T02:41:10.243340+00:00,3819.0,33.0,97.24,34.0,1731.71484375,1125.5611786358058
2026-07-21T02:41:10.555163+00:00,3819.0,36.0,96.99,34.0,1731.71484375,1125.8730017580092
2026-07-21T02:41:10.851305+00:00,3819.0,33.0,96.76,34.0,1731.71484375,1126.16914331913
2026-07-21T02:41:11.183111+00:00,3819.0,33.0,96.97,34.0,1731.71484375,1126.5009492784739
2026-07-21T02:41:11.525708+00:00,3819.0,35.0,96.99,34.0,1731.71484375,1126.8435464836657
2026-07-21T02:41:11.842962+00:00,3819.0,33.0,97.03,34.0,1731.71484375,1127.1608005315065
2026-07-21T02:41:12.159133+00:00,3819.0,35.0,97.28,34.0,1731.71484375,1127.4769716076553
2026-07-21T02:41:12.475092+00:00,3819.0,32.0,97.1,34.0,1731.75390625,1127.7929301038384
2026-07-21T02:41:12.832571+00:00,3819.0,35.0,97.35,34.0,1731.75390625,1128.1504100970924
2026-07-21T02:41:13.173117+00:00,3819.0,34.0,97.24,34.0,1731.75390625,1128.4909549951553
2026-07-21T02:41:13.491403+00:00,3819.0,35.0,97.59,34.0,1731.75390625,1128.8092417232692
2026-07-21T02:41:13.840542+00:00,3819.0,34.0,97.44,34.0,1731.75390625,1129.158381178975
2026-07-21T02:41:14.205781+00:00,3819.0,35.0,97.56,34.0,1731.75390625,1129.5236199088395
2026-07-21T02:41:14.524213+00:00,3819.0,35.0,97.4,34.0,1731.75390625,1129.8420516811311
2026-07-21T02:41:14.844884+00:00,3819.0,35.0,97.36,34.0,1731.75390625,1130.1627225652337
2026-07-21T02:41:15.209005+00:00,3819.0,32.0,97.1,34.0,1731.75390625,1130.526843905449
2026-07-21T02:41:15.527549+00:00,3819.0,34.0,97.16,34.0,1731.75390625,1130.8453879393637
2026-07-21T02:41:15.871040+00:00,3819.0,32.0,97.25,34.0,1731.75390625,1131.1888791136444
2026-07-21T02:41:16.226118+00:00,3819.0,34.0,97.39,34.0,1731.76171875,1131.54395564273
2026-07-21T02:41:16.580919+00:00,3819.0,36.0,97.37,34.0,1731.76171875,1131.8987580351532
2026-07-21T02:41:16.898671+00:00,3819.0,34.0,97.07,34.0,1731.76171875,1132.2165100611746
2026-07-21T02:41:17.216088+00:00,3819.0,32.0,97.25,34.0,1731.76171875,1132.53392617777
2026-07-21T02:41:17.511401+00:00,3819.0,35.0,97.42,34.0,1731.76171875,1132.8292402923107
2026-07-21T02:41:17.827224+00:00,3819.0,32.0,97.4,34.0,1731.76171875,1133.1450518332422
2026-07-21T02:41:18.127609+00:00,3819.0,34.0,97.17,34.0,1731.76171875,1133.445447485894
2026-07-21T02:41:18.443469+00:00,3819.0,36.0,97.0,34.0,1731.76171875,1133.7613087370992
2026-07-21T02:41:18.800406+00:00,3819.0,33.0,97.3,34.0,1731.76171875,1134.1182452253997
2026-07-21T02:41:19.141747+00:00,3819.0,33.0,97.67,34.0,1731.76171875,1134.4595855474472
2026-07-21T02:41:19.497678+00:00,3819.0,35.0,98.11,34.0,1731.76171875,1134.8155168704689
2026-07-21T02:41:19.791254+00:00,3819.0,33.0,97.94,34.0,1731.76171875,1135.1090931370854
2026-07-21T02:41:20.113196+00:00,3819.0,33.0,98.11,34.0,1731.76171875,1135.4310349598527
2026-07-21T02:41:20.409308+00:00,3819.0,35.0,98.27,34.0,1731.7734375,1135.7271408736706
2026-07-21T02:41:20.727380+00:00,3819.0,36.0,98.01,34.0,1731.7734375,1136.045218642801
2026-07-21T02:41:21.065029+00:00,3819.0,35.0,97.97,34.0,1731.7734375,1136.3828675113618
2026-07-21T02:41:21.358680+00:00,3819.0,34.0,97.69,34.0,1731.77734375,1136.6765188239515
2026-07-21T02:41:21.690012+00:00,3819.0,35.0,97.57,34.0,1731.77734375,1137.0078507363796
2026-07-21T02:41:22.008098+00:00,3819.0,34.0,97.6,34.0,1731.77734375,1137.3259372636676
2026-07-21T02:41:22.349972+00:00,3819.0,35.0,97.85,34.0,1731.77734375,1137.66781045869
2026-07-21T02:41:22.685222+00:00,3819.0,35.0,97.92,34.0,1731.77734375,1138.0030609294772
2026-07-21T02:41:23.002148+00:00,3819.0,34.0,97.64,34.0,1731.78125,1138.3199874982238
2026-07-21T02:41:23.319281+00:00,3819.0,35.0,97.55,34.0,1731.78125,1138.637120053172
2026-07-21T02:41:23.642792+00:00,3819.0,26.0,97.03,34.0,1731.7890625,1138.9606300368905
2026-07-21T02:41:23.961085+00:00,3819.0,34.0,97.39,34.0,1731.7890625,1139.2789242379367
2026-07-21T02:41:24.274796+00:00,3819.0,35.0,97.39,34.0,1731.7890625,1139.5926343798637
2026-07-21T02:41:24.615735+00:00,3819.0,35.0,98.06,34.0,1731.7890625,1139.9335732161999
2026-07-21T02:41:24.912689+00:00,3819.0,34.0,97.68,34.0,1731.7890625,1140.2305278480053
2026-07-21T02:41:25.229008+00:00,3819.0,35.0,97.63,34.0,1731.7890625,1140.5468473397195
2026-07-21T02:41:25.523508+00:00,3819.0,35.0,97.93,34.0,1731.7890625,1140.8413475230336
2026-07-21T02:41:25.843090+00:00,3819.0,36.0,98.04,34.0,1731.7890625,1141.1609275750816
2026-07-21T02:41:26.158839+00:00,3819.0,35.0,97.75,34.0,1731.7890625,1141.4766782335937
2026-07-21T02:41:26.496640+00:00,3819.0,35.0,97.46,34.0,1731.7890625,1141.8144789375365
2026-07-21T02:41:26.833660+00:00,3819.0,32.0,97.33,34.0,1731.7890625,1142.1514988429844
2026-07-21T02:41:27.192869+00:00,3819.0,26.0,97.27,34.0,1731.796875,1142.5107019357383
2026-07-21T02:41:27.510620+00:00,3819.0,35.0,96.98,34.0,1731.796875,1142.8284590803087
2026-07-21T02:41:27.826689+00:00,3819.0,33.0,97.1,34.0,1731.796875,1143.1445278823376
2026-07-21T02:41:28.141735+00:00,3819.0,34.0,97.68,34.0,1731.796875,1143.4595741853118
2026-07-21T02:41:28.466555+00:00,3819.0,35.0,97.05,34.0,1731.796875,1143.784393928945
2026-07-21T02:41:28.788177+00:00,3819.0,32.0,96.85,34.0,1731.796875,1144.1060150265694
2026-07-21T02:41:29.112807+00:00,3819.0,33.0,96.83,34.0,1731.796875,1144.4306461699307
2026-07-21T02:41:29.450444+00:00,3819.0,27.0,97.15,34.0,1731.80078125,1144.768282353878
2026-07-21T02:41:29.789166+00:00,3819.0,34.0,97.49,34.0,1731.80078125,1145.1070038340986
2026-07-21T02:41:30.109120+00:00,3819.0,34.0,97.51,34.0,1731.80078125,1145.4269590042531
2026-07-21T02:41:30.404661+00:00,3819.0,35.0,98.06,34.0,1731.80078125,1145.7224999852479
2026-07-21T02:41:30.722427+00:00,3819.0,34.0,97.26,34.0,1731.80078125,1146.0402656011283
2026-07-21T02:41:31.085463+00:00,3819.0,34.0,97.44,34.0,1731.80078125,1146.403301846236
2026-07-21T02:41:31.403630+00:00,3819.0,33.0,97.51,34.0,1731.80078125,1146.721468474716
2026-07-21T02:41:31.754094+00:00,3819.0,36.0,97.65,34.0,1731.80078125,1147.0719328187406
2026-07-21T02:41:32.094843+00:00,3819.0,35.0,97.72,34.0,1731.80078125,1147.4126807041466
2026-07-21T02:41:32.419013+00:00,3819.0,34.0,97.43,34.0,1731.80078125,1147.7368525527418
2026-07-21T02:41:32.739594+00:00,3819.0,34.0,97.68,34.0,1731.80078125,1148.057433385402
2026-07-21T02:41:33.035031+00:00,3819.0,35.0,97.62,34.0,1731.80078125,1148.3528691530228
2026-07-21T02:41:33.359806+00:00,3819.0,34.0,97.76,34.0,1731.80078125,1148.6776451319456
2026-07-21T02:41:33.675161+00:00,3819.0,36.0,97.71,34.0,1731.80078125,1148.993000101298
2026-07-21T02:41:33.991184+00:00,3819.0,36.0,97.87,34.0,1731.80078125,1149.3090224936604
2026-07-21T02:41:34.306801+00:00,3819.0,31.0,97.6,34.0,1731.8125,1149.6246393471956
2026-07-21T02:41:34.645899+00:00,3819.0,36.0,97.33,34.0,1731.8125,1149.9637376852334
2026-07-21T02:41:34.962781+00:00,3819.0,35.0,96.81,34.0,1731.8125,1150.2806198820472
2026-07-21T02:41:35.255485+00:00,3819.0,34.0,96.97,34.0,1731.8125,1150.5733235813677
2026-07-21T02:41:35.601344+00:00,3819.0,33.0,96.74,34.0,1731.8125,1150.9191829189658
2026-07-21T02:41:35.895633+00:00,3819.0,36.0,96.87,34.0,1731.8125,1151.2134717032313
2026-07-21T02:41:36.208576+00:00,3819.0,34.0,97.36,34.0,1731.8125,1151.5264150202274
2026-07-21T02:41:36.509979+00:00,3819.0,36.0,97.49,34.0,1731.8125,1151.827818363905
2026-07-21T02:41:36.826126+00:00,3819.0,34.0,97.58,34.0,1731.8125,1152.143965844065
2026-07-21T02:41:37.160322+00:00,3819.0,35.0,97.5,34.0,1731.8125,1152.4781606979668
2026-07-21T02:41:37.509999+00:00,3819.0,35.0,97.57,34.0,1731.81640625,1152.8278376497328
2026-07-21T02:41:37.870206+00:00,3819.0,35.0,97.66,34.0,1731.81640625,1153.1880445666611
2026-07-21T02:41:38.228806+00:00,3819.0,36.0,97.76,34.0,1731.81640625,1153.5466449782252
2026-07-21T02:41:38.547095+00:00,3819.0,36.0,98.35,34.0,1731.81640625,1153.8649344332516
2026-07-21T02:41:38.842282+00:00,3819.0,36.0,98.41,34.0,1731.81640625,1154.1601212248206
2026-07-21T02:41:39.158410+00:00,3819.0,35.0,98.59,34.0,1731.81640625,1154.4762489050627
2026-07-21T02:41:39.452646+00:00,3819.0,36.0,98.39,34.0,1731.81640625,1154.7704841010273
2026-07-21T02:41:39.773501+00:00,3819.0,35.0,98.24,34.0,1731.81640625,1155.0913395173848
2026-07-21T02:41:40.122478+00:00,3819.0,36.0,98.59,34.0,1731.81640625,1155.4403162524104
2026-07-21T02:41:40.421158+00:00,3819.0,35.0,98.46,34.0,1731.81640625,1155.7389970123768
2026-07-21T02:41:40.715108+00:00,3819.0,36.0,98.54,34.0,1731.81640625,1156.0329471342266
2026-07-21T02:41:41.009500+00:00,3819.0,35.0,98.64,34.0,1731.81640625,1156.3273392096162
2026-07-21T02:41:41.304554+00:00,3819.0,36.0,98.39,34.0,1731.81640625,1156.6223928034306
2026-07-21T02:41:41.599635+00:00,3819.0,36.0,98.48,34.0,1731.81640625,1156.917474012822
2026-07-21T02:41:41.965456+00:00,3819.0,12.0,97.69,35.0,1731.82421875,1157.283293981105
2026-07-21T02:41:42.282204+00:00,3819.0,36.0,97.71,34.0,1731.82421875,1157.6000429354608
2026-07-21T02:41:42.594032+00:00,3819.0,36.0,97.33,34.0,1731.82421875,1157.9118713214993
2026-07-21T02:41:42.887200+00:00,3819.0,35.0,97.93,34.0,1731.82421875,1158.2050393298268
2026-07-21T02:41:43.206220+00:00,3819.0,35.0,97.35,34.0,1731.82421875,1158.5240593068302
2026-07-21T02:41:43.523396+00:00,3819.0,35.0,97.3,34.0,1731.82421875,1158.841234870255
2026-07-21T02:41:43.836275+00:00,3819.0,35.0,97.35,34.0,1731.82421875,1159.1541138328612
2026-07-21T02:41:44.177281+00:00,3819.0,33.0,97.48,34.0,1731.828125,1159.4951196834445
2026-07-21T02:41:44.493613+00:00,3819.0,35.0,97.71,34.0,1731.828125,1159.811451613903
2026-07-21T02:41:44.788897+00:00,3819.0,35.0,97.72,34.0,1731.828125,1160.1067355573177
2026-07-21T02:41:45.114243+00:00,3819.0,36.0,97.82,34.0,1731.828125,1160.4320816099644
2026-07-21T02:41:45.412183+00:00,3819.0,36.0,97.93,34.0,1731.828125,1160.7300218343735
2026-07-21T02:41:45.710541+00:00,3819.0,35.0,97.91,34.0,1731.828125,1161.0283805169165
2026-07-21T02:41:46.026679+00:00,3819.0,36.0,98.21,34.0,1731.828125,1161.3445182964206
2026-07-21T02:41:46.344333+00:00,3819.0,33.0,98.08,34.0,1731.828125,1161.6621716357768
2026-07-21T02:41:46.639108+00:00,3819.0,35.0,98.21,34.0,1731.828125,1161.9569468908012
2026-07-21T02:41:46.950009+00:00,3819.0,36.0,98.27,35.0,1731.828125,1162.2678482830524
2026-07-21T02:41:47.242662+00:00,3819.0,36.0,98.37,35.0,1731.828125,1162.560501422733
2026-07-21T02:41:47.533947+00:00,3819.0,36.0,98.66,35.0,1731.828125,1162.851786967367
2026-07-21T02:41:47.877688+00:00,3819.0,36.0,98.65,35.0,1731.828125,1163.1955272182822
2026-07-21T02:41:48.193211+00:00,3819.0,36.0,98.72,35.0,1731.828125,1163.511050786823
2026-07-21T02:41:48.533232+00:00,3819.0,36.0,98.64,35.0,1731.828125,1163.8510705940425
2026-07-21T02:41:48.875544+00:00,3819.0,35.0,98.49,35.0,1731.83203125,1164.1933823265135
2026-07-21T02:41:49.208121+00:00,3819.0,36.0,98.5,35.0,1731.83203125,1164.525959931314
2026-07-21T02:41:49.503616+00:00,3819.0,36.0,98.54,35.0,1731.83203125,1164.8214553818107
2026-07-21T02:41:49.797457+00:00,3819.0,17.0,98.38,35.0,1731.83984375,1165.11529513821
2026-07-21T02:41:50.118683+00:00,3819.0,34.0,98.08,35.0,1731.83984375,1165.4365210831165
2026-07-21T02:41:50.457821+00:00,3819.0,35.0,97.68,35.0,1731.83984375,1165.7756596691906
2026-07-21T02:41:50.755879+00:00,3819.0,34.0,98.07,35.0,1731.83984375,1166.0737175121903
2026-07-21T02:41:51.098695+00:00,3819.0,34.0,97.62,35.0,1731.83984375,1166.4165339060128
2026-07-21T02:41:51.429723+00:00,3819.0,33.0,97.71,35.0,1731.83984375,1166.7475613169372
2026-07-21T02:41:51.746256+00:00,3819.0,35.0,97.5,35.0,1731.84375,1167.064094889909
2026-07-21T02:41:52.038181+00:00,3819.0,35.0,97.5,35.0,1731.84375,1167.3560201227665
2026-07-21T02:41:52.350770+00:00,3819.0,36.0,97.57,35.0,1731.84375,1167.6686086505651
2026-07-21T02:41:52.685831+00:00,3819.0,33.0,97.66,35.0,1731.85546875,1168.0036698952317
2026-07-21T02:41:53.003065+00:00,3819.0,33.0,97.73,35.0,1731.85546875,1168.3209027945995
2026-07-21T02:41:53.319444+00:00,3819.0,36.0,98.11,35.0,1731.85546875,1168.6372828111053
2026-07-21T02:41:53.678049+00:00,3819.0,36.0,98.15,35.0,1731.85546875,1168.9958877190948
2026-07-21T02:41:54.040849+00:00,3819.0,35.0,98.48,35.0,1731.85546875,1169.3586878441274
2026-07-21T02:41:54.359902+00:00,3819.0,33.0,98.22,35.0,1731.85546875,1169.6777403131127
2026-07-21T02:41:54.678704+00:00,3819.0,34.0,98.15,35.0,1731.85546875,1169.9965429082513
2026-07-21T02:41:54.998116+00:00,3819.0,36.0,98.06,35.0,1731.85546875,1170.3159552142024
2026-07-21T02:41:55.308225+00:00,3819.0,36.0,98.21,35.0,1731.85546875,1170.6260647140443
2026-07-21T02:41:55.624647+00:00,3819.0,36.0,98.43,35.0,1731.859375,1170.9424864389002
2026-07-21T02:41:55.917412+00:00,3819.0,26.0,98.01,35.0,1731.8671875,1171.235250685364
2026-07-21T02:41:56.230767+00:00,3819.0,34.0,97.67,35.0,1731.8671875,1171.548605490476
2026-07-21T02:41:56.546221+00:00,3819.0,36.0,97.32,35.0,1731.8671875,1171.86406089738
2026-07-21T02:41:56.838942+00:00,3819.0,36.0,97.79,35.0,1731.8671875,1172.1567820310593
2026-07-21T02:41:57.149698+00:00,3819.0,34.0,97.73,35.0,1731.87109375,1172.4675372317433
2026-07-21T02:41:57.441265+00:00,3819.0,35.0,97.79,35.0,1731.8828125,1172.7591040693223
2026-07-21T02:41:57.794209+00:00,3819.0,36.0,97.67,35.0,1731.8828125,1173.1120493151248
2026-07-21T02:41:58.113417+00:00,3819.0,17.0,97.74,35.0,1731.8984375,1173.4312556013465
2026-07-21T02:41:58.450493+00:00,3819.0,36.0,97.74,35.0,1731.8984375,1173.768332131207
2026-07-21T02:41:58.745153+00:00,3819.0,35.0,97.85,35.0,1731.8984375,1174.0629920773208
2026-07-21T02:41:59.062112+00:00,3819.0,36.0,98.42,35.0,1731.8984375,1174.3799511864781
2026-07-21T02:41:59.398799+00:00,3819.0,35.0,98.01,35.0,1731.8984375,1174.7166378572583
2026-07-21T02:41:59.709445+00:00,3819.0,36.0,98.03,35.0,1731.90234375,1175.0272841230035
2026-07-21T02:42:00.056348+00:00,3819.0,35.0,97.76,35.0,1731.90234375,1175.374187078327
2026-07-21T02:42:00.374359+00:00,3819.0,34.0,97.9,35.0,1731.90234375,1175.6921980455518
2026-07-21T02:42:00.692694+00:00,3819.0,36.0,97.97,35.0,1731.90234375,1176.01053339988
2026-07-21T02:42:01.051767+00:00,3819.0,36.0,97.91,35.0,1731.90234375,1176.3696059323847
2026-07-21T02:42:01.409742+00:00,3819.0,35.0,98.09,35.0,1731.90625,1176.7275803759694
2026-07-21T02:42:01.724310+00:00,3819.0,36.0,98.36,35.0,1731.90625,1177.042148977518
2026-07-21T02:42:02.060246+00:00,3819.0,35.0,98.25,35.0,1731.90625,1177.3780853673816
2026-07-21T02:42:02.378304+00:00,3819.0,36.0,98.36,35.0,1731.90625,1177.6961419694126
2026-07-21T02:42:02.693601+00:00,3819.0,35.0,98.16,35.0,1731.91796875,1178.011440396309
2026-07-21T02:42:02.987902+00:00,3819.0,36.0,98.57,35.0,1731.91796875,1178.3057414330542
2026-07-21T02:42:03.339687+00:00,3819.0,35.0,98.61,35.0,1731.91796875,1178.6575261801481
2026-07-21T02:42:03.652005+00:00,3819.0,36.0,98.74,35.0,1731.91796875,1178.9698442667723
2026-07-21T02:42:03.990147+00:00,3819.0,35.0,98.66,35.0,1731.91796875,1179.3079865761101
2026-07-21T02:42:04.282010+00:00,3819.0,36.0,98.55,35.0,1731.91796875,1179.5998488552868
2026-07-21T02:42:04.619806+00:00,3819.0,35.0,98.82,35.0,1731.91796875,1179.93764571473
2026-07-21T02:42:04.933789+00:00,3819.0,35.0,98.77,35.0,1731.91796875,1180.2516277953982
2026-07-21T02:42:05.248917+00:00,3819.0,35.0,98.68,35.0,1731.91796875,1180.5667559988797
2026-07-21T02:42:05.542434+00:00,3819.0,36.0,98.48,35.0,1731.91796875,1180.8602737523615
2026-07-21T02:42:05.835755+00:00,3819.0,25.0,97.39,35.0,1731.9296875,1181.1535934731364
2026-07-21T02:42:06.154023+00:00,3819.0,35.0,97.94,35.0,1731.9296875,1181.47186223045
2026-07-21T02:42:06.470135+00:00,3819.0,35.0,97.85,35.0,1731.93359375,1181.7879736199975
2026-07-21T02:42:06.785792+00:00,3819.0,36.0,98.38,35.0,1731.9375,1182.1036315262318
2026-07-21T02:42:07.148039+00:00,3819.0,33.0,98.09,35.0,1731.9375,1182.4658781550825
2026-07-21T02:42:07.466472+00:00,3819.0,33.0,98.11,35.0,1731.94921875,1182.7843107134104
2026-07-21T02:42:07.818585+00:00,3819.0,34.0,98.0,35.0,1731.94921875,1183.1364234946668
2026-07-21T02:42:08.181025+00:00,3819.0,36.0,97.76,35.0,1731.953125,1183.4988632202148
2026-07-21T02:42:08.500079+00:00,3819.0,33.0,97.78,35.0,1731.953125,1183.817917637527
2026-07-21T02:42:08.818207+00:00,3819.0,35.0,97.7,35.0,1731.953125,1184.13604638353
2026-07-21T02:42:09.133744+00:00,3819.0,34.0,97.87,35.0,1731.96484375,1184.4515826553106
2026-07-21T02:42:09.493242+00:00,3819.0,36.0,97.6,35.0,1731.96875,1184.811080235988
2026-07-21T02:42:09.828515+00:00,3819.0,34.0,97.77,35.0,1731.97265625,1185.1463541798294
2026-07-21T02:42:10.167442+00:00,3819.0,34.0,97.9,35.0,1731.97265625,1185.4852805882692
2026-07-21T02:42:10.462163+00:00,3819.0,35.0,98.05,35.0,1731.98046875,1185.7800017595291
2026-07-21T02:42:10.759365+00:00,3819.0,36.0,97.8,35.0,1731.98046875,1186.0772042833269
2026-07-21T02:42:11.075121+00:00,3819.0,35.0,98.04,35.0,1731.98046875,1186.392959881574
2026-07-21T02:42:11.428968+00:00,3819.0,34.0,98.14,35.0,1731.99609375,1186.7468067333102
2026-07-21T02:42:11.724039+00:00,3819.0,36.0,98.28,35.0,1731.99609375,1187.0418783798814
2026-07-21T02:42:12.090896+00:00,3819.0,36.0,98.2,35.0,1732.00390625,1187.4087347388268
2026-07-21T02:42:12.386351+00:00,3819.0,17.0,98.06,35.0,1732.01171875,1187.7041888050735
2026-07-21T02:42:12.698618+00:00,3819.0,36.0,98.21,35.0,1732.01171875,1188.0164569802582
2026-07-21T02:42:13.010651+00:00,3819.0,35.0,98.17,35.0,1732.015625,1188.3284894414246
2026-07-21T02:42:13.302838+00:00,3819.0,35.0,98.09,35.0,1732.015625,1188.6206779070199
2026-07-21T02:42:13.597853+00:00,3819.0,36.0,98.06,35.0,1732.015625,1188.9156918749213
2026-07-21T02:42:13.960901+00:00,3819.0,35.0,98.37,35.0,1732.0234375,1189.2787405215204
2026-07-21T02:42:14.278708+00:00,3819.0,36.0,98.45,35.0,1732.0234375,1189.5965463779867
2026-07-21T02:42:14.599533+00:00,3819.0,35.0,98.43,35.0,1732.03125,1189.9173722527921
2026-07-21T02:42:14.940452+00:00,3819.0,35.0,98.11,35.0,1732.03125,1190.2582905553281
2026-07-21T02:42:15.362247+00:00,3819.0,36.0,98.12,35.0,1732.04296875,1190.6800862960517
2026-07-21T02:42:15.680805+00:00,3819.0,36.0,96.56,35.0,1732.04296875,1190.9986440762877
2026-07-21T02:42:15.996773+00:00,3819.0,36.0,96.53,35.0,1732.04296875,1191.3146121650934
2026-07-21T02:42:16.332752+00:00,3819.0,36.0,97.93,35.0,1732.04296875,1191.6505909636617
2026-07-21T02:42:16.646795+00:00,3819.0,35.0,98.74,35.0,1732.04296875,1191.9646338522434
2026-07-21T02:42:16.958244+00:00,3819.0,36.0,98.86,35.0,1732.04296875,1192.2760828994215
2026-07-21T02:42:17.319490+00:00,3819.0,36.0,98.58,35.0,1732.05078125,1192.6373278945684
2026-07-21T02:42:17.652681+00:00,3819.0,36.0,98.43,35.0,1732.05078125,1192.970519542694
2026-07-21T02:42:17.991283+00:00,3819.0,36.0,98.48,35.0,1732.05078125,1193.3091219812632
2026-07-21T02:42:18.305346+00:00,3819.0,35.0,98.24,35.0,1732.05078125,1193.6231850087643
2026-07-21T02:42:18.621583+00:00,3819.0,36.0,98.17,35.0,1732.05078125,1193.9394220598042
2026-07-21T02:42:18.919756+00:00,3819.0,36.0,98.03,35.0,1732.05078125,1194.2375951185822
2026-07-21T02:42:19.278920+00:00,3819.0,35.0,97.93,35.0,1732.05078125,1194.5967597402632
2026-07-21T02:42:19.571722+00:00,3819.0,36.0,97.78,35.0,1732.0546875,1194.8895602822304
2026-07-21T02:42:19.864222+00:00,3819.0,35.0,97.86,35.0,1732.0546875,1195.182062111795
2026-07-21T02:42:20.174421+00:00,3819.0,36.0,97.98,35.0,1732.0546875,1195.49225981161
2026-07-21T02:42:20.466351+00:00,3819.0,35.0,98.31,35.0,1732.0546875,1195.7841902934015
2026-07-21T02:42:20.781243+00:00,3819.0,36.0,98.12,35.0,1732.0546875,1196.099080890417
2026-07-21T02:42:21.113047+00:00,3819.0,35.0,97.94,35.0,1732.0546875,1196.4308856502175
2026-07-21T02:42:21.425462+00:00,3819.0,36.0,98.3,35.0,1732.0546875,1196.7433011569083
2026-07-21T02:42:21.737152+00:00,3819.0,35.0,98.41,35.0,1732.0546875,1197.0549907013774
2026-07-21T02:42:22.052294+00:00,3819.0,36.0,98.89,35.0,1732.0546875,1197.3701340816915
2026-07-21T02:42:22.346122+00:00,3819.0,35.0,98.58,35.0,1732.0546875,1197.6639612093568
2026-07-21T02:42:22.691612+00:00,3819.0,36.0,98.84,35.0,1732.0546875,1198.009450931102
2026-07-21T02:42:23.052749+00:00,3819.0,17.0,98.1,35.0,1732.0625,1198.3705868795514
2026-07-21T02:42:23.347382+00:00,3819.0,36.0,97.96,35.0,1732.0625,1198.665221080184
2026-07-21T02:42:23.667070+00:00,3819.0,34.0,97.58,35.0,1732.0625,1198.9849090836942
2026-07-21T02:42:24.000681+00:00,3819.0,35.0,98.1,35.0,1732.0625,1199.3185195736587
2026-07-21T02:42:24.341520+00:00,3819.0,35.0,98.01,35.0,1732.0625,1199.6593588329852
2026-07-21T02:42:24.698328+00:00,3819.0,34.0,98.3,35.0,1732.0625,1200.016167011112
2026-07-21T02:42:25.014411+00:00,3819.0,36.0,98.11,35.0,1732.0625,1200.3322502598166
2026-07-21T02:42:25.331452+00:00,3819.0,35.0,97.91,35.0,1732.0625,1200.6492912508547
2026-07-21T02:42:25.647034+00:00,3819.0,33.0,97.83,35.0,1732.0625,1200.9648733623326
2026-07-21T02:42:25.942549+00:00,3819.0,17.0,97.42,35.0,1732.06640625,1201.260387223214
2026-07-21T02:42:26.254750+00:00,3819.0,36.0,97.31,35.0,1732.06640625,1201.5725889913738
2026-07-21T02:42:26.609468+00:00,3819.0,34.0,97.32,35.0,1732.06640625,1201.927305623889
2026-07-21T02:42:26.947493+00:00,3819.0,36.0,97.71,35.0,1732.06640625,1202.265332210809
2026-07-21T02:42:27.309460+00:00,3819.0,34.0,98.16,35.0,1732.06640625,1202.627298489213
2026-07-21T02:42:27.673220+00:00,3819.0,35.0,97.83,35.0,1732.06640625,1202.9910581484437
2026-07-21T02:42:27.971633+00:00,3819.0,34.0,97.51,35.0,1732.06640625,1203.2894723266363
2026-07-21T02:42:28.265299+00:00,3819.0,35.0,97.55,35.0,1732.06640625,1203.5831389315426
2026-07-21T02:42:28.600667+00:00,3819.0,34.0,97.62,35.0,1732.06640625,1203.9185058027506
2026-07-21T02:42:28.913567+00:00,3819.0,35.0,97.72,35.0,1732.06640625,1204.2314063459635
2026-07-21T02:42:29.228986+00:00,3819.0,35.0,97.82,35.0,1732.06640625,1204.5468256026506
2026-07-21T02:42:29.546837+00:00,3819.0,35.0,97.96,35.0,1732.06640625,1204.8646763041615
2026-07-21T02:42:29.883641+00:00,3819.0,35.0,98.03,35.0,1732.06640625,1205.2014807611704
2026-07-21T02:42:30.200192+00:00,3819.0,36.0,98.04,35.0,1732.19140625,1205.518028985709
2026-07-21T02:42:30.512764+00:00,3819.0,35.0,98.08,35.0,1732.19140625,1205.8306032717228
2026-07-21T02:42:30.831059+00:00,3819.0,35.0,98.55,35.0,1732.19140625,1206.1488980092108
2026-07-21T02:42:31.150380+00:00,3819.0,35.0,98.75,35.0,1732.19140625,1206.4682195596397
2026-07-21T02:42:31.463536+00:00,3819.0,36.0,98.74,35.0,1732.19140625,1206.7813755497336
2026-07-21T02:42:31.757123+00:00,3819.0,36.0,98.71,35.0,1732.19140625,1207.0749628171325
2026-07-21T02:42:32.087895+00:00,3819.0,36.0,98.88,35.0,1732.19140625,1207.4057342000306
2026-07-21T02:42:32.427321+00:00,3819.0,36.0,98.97,35.0,1732.19140625,1207.7451605573297
2026-07-21T02:42:32.720428+00:00,3819.0,36.0,99.19,35.0,1732.19140625,1208.0382677391171
2026-07-21T02:42:33.034056+00:00,3819.0,35.0,98.42,35.0,1732.19921875,1208.3518937453628
2026-07-21T02:42:33.350092+00:00,3819.0,36.0,98.24,35.0,1732.19921875,1208.667930521071
2026-07-21T02:42:33.708021+00:00,3819.0,35.0,97.8,35.0,1732.19921875,1209.0258607640862
2026-07-21T02:42:34.002749+00:00,3819.0,34.0,97.77,35.0,1732.19921875,1209.320588722825
2026-07-21T02:42:34.316484+00:00,3819.0,35.0,97.55,35.0,1732.19921875,1209.63432379812
2026-07-21T02:42:34.611710+00:00,3819.0,34.0,97.72,35.0,1732.19921875,1209.9295491874218
2026-07-21T02:42:34.929697+00:00,3819.0,34.0,97.79,35.0,1732.19921875,1210.2475365065038
2026-07-21T02:42:35.242235+00:00,3819.0,34.0,97.98,35.0,1732.19921875,1210.5600734613836
2026-07-21T02:42:35.553253+00:00,3819.0,36.0,97.76,35.0,1732.19921875,1210.8710921108723
2026-07-21T02:42:35.916412+00:00,3819.0,35.0,98.01,35.0,1732.19921875,1211.2342504411936
2026-07-21T02:42:36.234112+00:00,3819.0,36.0,98.23,35.0,1732.19921875,1211.5519510097802
2026-07-21T02:42:36.548780+00:00,3819.0,35.0,98.73,35.0,1732.19921875,1211.8666195720434
2026-07-21T02:42:36.865092+00:00,3819.0,36.0,98.68,35.0,1732.19921875,1212.1829319186509
2026-07-21T02:42:37.175737+00:00,3819.0,36.0,98.49,35.0,1732.19921875,1212.4935767240822
2026-07-21T02:42:37.495199+00:00,3819.0,36.0,98.27,35.0,1732.20703125,1212.813037250191
2026-07-21T02:42:37.813730+00:00,3819.0,35.0,97.94,35.0,1732.20703125,1213.1315690651536
2026-07-21T02:42:38.176884+00:00,3819.0,35.0,97.97,35.0,1732.20703125,1213.4947225637734
2026-07-21T02:42:38.498803+00:00,3819.0,35.0,98.03,35.0,1732.20703125,1213.8166421689093
2026-07-21T02:42:38.792459+00:00,3819.0,36.0,98.07,35.0,1732.20703125,1214.1102982275188
2026-07-21T02:42:39.132778+00:00,3819.0,35.0,98.22,35.0,1732.20703125,1214.4506061673164
2026-07-21T02:42:39.426499+00:00,3819.0,35.0,98.17,35.0,1732.20703125,1214.744333639741
2026-07-21T02:42:39.738808+00:00,3819.0,36.0,98.22,35.0,1732.20703125,1215.0566480122507
2026-07-21T02:42:40.033595+00:00,3819.0,35.0,98.07,35.0,1732.20703125,1215.3514340817928
2026-07-21T02:42:40.369070+00:00,3819.0,33.0,98.1,35.0,1732.20703125,1215.6869095303118
2026-07-21T02:42:40.729574+00:00,3819.0,35.0,98.03,35.0,1732.20703125,1216.047412570566
2026-07-21T02:42:41.094593+00:00,3819.0,34.0,98.27,35.0,1732.20703125,1216.4124316349626
2026-07-21T02:42:41.458261+00:00,3819.0,34.0,98.46,35.0,1732.20703125,1216.7760997638106
2026-07-21T02:42:41.775359+00:00,3819.0,34.0,98.47,35.0,1732.20703125,1217.0931987538934
2026-07-21T02:42:42.098496+00:00,3819.0,35.0,98.4,35.0,1732.20703125,1217.416335593909
2026-07-21T02:42:42.414903+00:00,3819.0,33.0,98.15,35.0,1732.20703125,1217.7327420413494
2026-07-21T02:42:42.755026+00:00,3819.0,34.0,98.26,35.0,1732.20703125,1218.0728645175695
2026-07-21T02:42:43.121011+00:00,3819.0,27.0,96.88,35.0,1732.20703125,1218.438849426806
2026-07-21T02:42:43.489983+00:00,3819.0,35.0,97.06,35.0,1732.20703125,1218.8078217506409
2026-07-21T02:42:43.828998+00:00,3819.0,34.0,96.71,35.0,1732.20703125,1219.146837323904
2026-07-21T02:42:44.124679+00:00,3819.0,36.0,97.76,35.0,1732.20703125,1219.4425184428692
2026-07-21T02:42:44.470064+00:00,3819.0,36.0,97.63,35.0,1732.20703125,1219.7879036664963
2026-07-21T02:42:44.786279+00:00,3819.0,36.0,97.89,35.0,1732.20703125,1220.1041179597378
2026-07-21T02:42:45.117718+00:00,3819.0,35.0,97.95,35.0,1732.20703125,1220.4355574920774
2026-07-21T02:42:45.481828+00:00,3819.0,35.0,98.16,35.0,1732.20703125,1220.7996664196253
2026-07-21T02:42:45.798407+00:00,3819.0,35.0,98.11,35.0,1732.20703125,1221.1162451580167
2026-07-21T02:42:46.152769+00:00,3819.0,36.0,98.13,35.0,1732.20703125,1221.470608510077
2026-07-21T02:42:46.448952+00:00,3819.0,35.0,97.74,35.0,1732.20703125,1221.7667897753417
2026-07-21T02:42:46.813084+00:00,3819.0,34.0,98.07,35.0,1732.20703125,1222.1309221796691
2026-07-21T02:42:47.131000+00:00,3819.0,35.0,98.04,35.0,1732.20703125,1222.4488386176527
2026-07-21T02:42:47.446639+00:00,3819.0,36.0,98.14,35.0,1732.20703125,1222.7644786275923
2026-07-21T02:42:47.746703+00:00,3819.0,36.0,98.01,35.0,1732.20703125,1223.0645421519876
2026-07-21T02:42:48.088944+00:00,3819.0,34.0,98.25,35.0,1732.20703125,1223.4067832231522
2026-07-21T02:42:48.385034+00:00,3819.0,36.0,98.49,35.0,1732.20703125,1223.7028726637363
2026-07-21T02:42:48.679761+00:00,3819.0,36.0,98.67,35.0,1732.20703125,1223.997600223869
2026-07-21T02:42:49.021319+00:00,3819.0,35.0,98.71,35.0,1732.2109375,1224.3391588106751
2026-07-21T02:42:49.364488+00:00,3819.0,36.0,98.6,35.0,1732.2109375,1224.6823276095092
2026-07-21T02:42:49.681736+00:00,3819.0,36.0,98.92,35.0,1732.2109375,1224.9995750635862
2026-07-21T02:42:50.020585+00:00,3819.0,36.0,99.1,35.0,1732.2109375,1225.3384237512946
2026-07-21T02:42:50.361760+00:00,3819.0,35.0,99.28,35.0,1732.2109375,1225.6795990280807
2026-07-21T02:42:50.697259+00:00,3819.0,36.0,98.97,35.0,1732.2109375,1226.01509777084
2026-07-21T02:42:51.052606+00:00,3819.0,36.0,99.4,35.0,1732.2109375,1226.3704442083836
2026-07-21T02:42:51.372161+00:00,3819.0,21.0,98.81,35.0,1732.2265625,1226.689994558692
2026-07-21T02:42:51.667522+00:00,3819.0,36.0,98.84,35.0,1732.2265625,1226.9853614121675
2026-07-21T02:42:51.986845+00:00,3819.0,36.0,98.5,35.0,1732.2265625,1227.3046830408275
2026-07-21T02:42:52.320564+00:00,3819.0,35.0,98.28,35.0,1732.2265625,1227.6384036168456
2026-07-21T02:42:52.634145+00:00,3819.0,36.0,98.27,35.0,1732.2265625,1227.9519838690758
2026-07-21T02:42:52.928417+00:00,3819.0,35.0,98.46,35.0,1732.2265625,1228.2462560683489
2026-07-21T02:42:53.284552+00:00,3819.0,36.0,98.56,35.0,1732.2265625,1228.602391500026
2026-07-21T02:42:53.624746+00:00,3819.0,35.0,98.85,35.0,1732.2265625,1228.9425848349929
2026-07-21T02:42:53.940340+00:00,3819.0,36.0,98.75,35.0,1732.2265625,1229.2581796012819
2026-07-21T02:42:54.254424+00:00,3819.0,36.0,98.83,35.0,1732.2265625,1229.5722631253302
2026-07-21T02:42:54.575168+00:00,3819.0,36.0,98.88,35.0,1732.2265625,1229.8930071629584
2026-07-21T02:42:54.892951+00:00,3819.0,35.0,98.88,35.0,1732.2265625,1230.21079005301
2026-07-21T02:42:55.205355+00:00,3819.0,36.0,98.78,35.0,1732.2265625,1230.5231934599578
2026-07-21T02:42:55.522804+00:00,3819.0,36.0,98.5,35.0,1732.2265625,1230.8406428843737
2026-07-21T02:42:55.816167+00:00,3819.0,36.0,98.43,35.0,1732.2265625,1231.1340066827834
2026-07-21T02:42:56.156306+00:00,3819.0,36.0,98.72,35.0,1732.2265625,1231.474145963788
2026-07-21T02:42:56.519788+00:00,3819.0,34.0,98.81,35.0,1732.2265625,1231.8376271054149
2026-07-21T02:42:56.837951+00:00,3819.0,36.0,99.06,35.0,1732.2265625,1232.155789617449
2026-07-21T02:42:57.156204+00:00,3819.0,36.0,99.21,35.0,1732.2265625,1232.4740427210927
2026-07-21T02:42:57.525066+00:00,3819.0,35.0,99.28,35.0,1732.2265625,1232.8429054133594
2026-07-21T02:42:57.842236+00:00,3819.0,35.0,98.93,35.0,1732.2265625,1233.1600756458938
2026-07-21T02:42:58.196931+00:00,3819.0,36.0,98.93,35.0,1732.2265625,1233.5147701650858
2026-07-21T02:42:58.539730+00:00,3819.0,25.0,98.82,35.0,1732.23046875,1233.8575681634247
2026-07-21T02:42:58.887489+00:00,3819.0,36.0,99.11,35.0,1732.23046875,1234.205328490585
2026-07-21T02:42:59.209028+00:00,3819.0,35.0,99.16,35.0,1732.23046875,1234.526866286993
2026-07-21T02:42:59.573367+00:00,3819.0,36.0,99.07,35.0,1732.23046875,1234.8912055678666
2026-07-21T02:42:59.913225+00:00,3819.0,35.0,98.91,35.0,1732.23046875,1235.2310645319521
2026-07-21T02:43:00.231574+00:00,3819.0,33.0,98.54,35.0,1732.23046875,1235.5494130440056
2026-07-21T02:43:00.551416+00:00,3819.0,35.0,98.27,35.0,1732.23046875,1235.8692544996738
2026-07-21T02:43:00.900726+00:00,3819.0,35.0,98.0,35.0,1732.23046875,1236.2185646817088
2026-07-21T02:43:01.219216+00:00,3819.0,33.0,97.39,35.0,1732.23046875,1236.5370556116104
2026-07-21T02:43:01.543973+00:00,3819.0,30.0,96.88,35.0,1732.23046875,1236.8618120402098
2026-07-21T02:43:01.913768+00:00,3819.0,33.0,96.33,35.0,1732.23046875,1237.2316049598157
2026-07-21T02:43:02.282119+00:00,3819.0,34.0,97.26,35.0,1732.23046875,1237.5999571345747
2026-07-21T02:43:02.651773+00:00,3819.0,34.0,98.26,35.0,1732.23046875,1237.9696119315922
2026-07-21T02:43:02.977295+00:00,3819.0,34.0,98.55,35.0,1732.23046875,1238.295134421438
2026-07-21T02:43:03.318405+00:00,3819.0,33.0,98.45,35.0,1732.23046875,1238.636243507266
2026-07-21T02:43:03.685645+00:00,3819.0,33.0,98.58,35.0,1732.23046875,1239.0034836009145
2026-07-21T02:43:04.050347+00:00,3819.0,35.0,98.79,35.0,1732.23046875,1239.3681843318045
2026-07-21T02:43:04.349501+00:00,3819.0,33.0,98.7,35.0,1732.23046875,1239.6673391386867
2026-07-21T02:43:04.648150+00:00,3819.0,36.0,98.3,35.0,1732.23046875,1239.9659878499806
2026-07-21T02:43:04.948490+00:00,3819.0,35.0,98.43,35.0,1732.23046875,1240.2663279287517
2026-07-21T02:43:05.286404+00:00,3819.0,34.0,98.54,35.0,1732.23046875,1240.6042414419353
2026-07-21T02:43:05.589199+00:00,3819.0,31.0,98.38,35.0,1732.23046875,1240.9070369191468
2026-07-21T02:43:05.906507+00:00,3819.0,32.0,98.1,35.0,1732.23046875,1241.2243453599513
2026-07-21T02:43:06.265721+00:00,3819.0,30.0,97.53,35.0,1732.23046875,1241.5835586674511
2026-07-21T02:43:06.604510+00:00,3819.0,32.0,97.19,35.0,1732.23046875,1241.9223480708897
2026-07-21T02:43:06.905330+00:00,3819.0,32.0,97.04,35.0,1732.23046875,1242.223169453442
2026-07-21T02:43:07.227797+00:00,3819.0,31.0,96.81,35.0,1732.23046875,1242.5456359423697
2026-07-21T02:43:07.577136+00:00,3819.0,33.0,96.91,35.0,1732.23828125,1242.8949735835195
2026-07-21T02:43:07.893385+00:00,3819.0,32.0,97.08,35.0,1732.23828125,1243.2112235501409
2026-07-21T02:43:08.228858+00:00,3819.0,32.0,97.66,35.0,1732.23828125,1243.5466956943274
2026-07-21T02:43:08.551636+00:00,3819.0,32.0,97.61,35.0,1732.23828125,1243.8694741874933
2026-07-21T02:43:08.895855+00:00,3819.0,32.0,97.43,35.0,1732.23828125,1244.2136929892004
2026-07-21T02:43:09.239561+00:00,3819.0,31.0,97.18,35.0,1732.23828125,1244.5573964342475
2026-07-21T02:43:09.580736+00:00,3819.0,32.0,97.19,35.0,1732.23828125,1244.8985746242106
2026-07-21T02:43:09.920001+00:00,3819.0,32.0,97.15,35.0,1732.23828125,1245.2378398664296
2026-07-21T02:43:10.213287+00:00,3819.0,36.0,97.54,35.0,1732.23828125,1245.5311256535351
2026-07-21T02:43:10.530590+00:00,3819.0,34.0,98.02,36.0,1732.23828125,1245.848429583013
2026-07-21T02:43:10.895192+00:00,3819.0,34.0,98.49,36.0,1732.23828125,1246.2130307927728
2026-07-21T02:43:11.213778+00:00,3819.0,36.0,98.54,35.0,1732.23828125,1246.5316173695028
2026-07-21T02:43:11.538378+00:00,3819.0,35.0,98.8,36.0,1732.23828125,1246.856217443943
2026-07-21T02:43:11.856805+00:00,3819.0,34.0,98.66,36.0,1732.23828125,1247.1746437735856
2026-07-21T02:43:12.232064+00:00,3819.0,1.0,97.05,36.0,1733.453125,1247.5499026663601
2026-07-21T02:43:12.584827+00:00,3819.0,36.0,97.05,35.0,1733.54296875,1247.9026663638651
2026-07-21T02:43:12.952733+00:00,3819.0,34.0,97.09,36.0,1733.58203125,1248.2705719135702
2026-07-21T02:43:13.315245+00:00,3819.0,34.0,98.56,36.0,1733.59375,1248.633084218949
2026-07-21T02:43:13.652658+00:00,3819.0,35.0,98.47,36.0,1733.6171875,1248.9704977050424
2026-07-21T02:43:14.023456+00:00,3819.0,36.0,98.62,36.0,1733.6171875,1249.3412946090102
2026-07-21T02:43:14.341631+00:00,3819.0,34.0,98.33,36.0,1733.6328125,1249.659470409155
2026-07-21T02:43:14.653980+00:00,3819.0,34.0,98.25,36.0,1733.6328125,1249.9718188717961
2026-07-21T02:43:15.019931+00:00,3819.0,33.0,97.65,36.0,1733.64453125,1250.337770331651
2026-07-21T02:43:15.354604+00:00,3819.0,35.0,97.61,36.0,1733.6484375,1250.672443356365
2026-07-21T02:43:15.721888+00:00,3819.0,36.0,98.05,36.0,1733.6484375,1251.0397200621665
2026-07-21T02:43:16.055155+00:00,3819.0,35.0,98.65,36.0,1733.6640625,1251.372993811965
2026-07-21T02:43:16.373855+00:00,3819.0,35.0,98.54,36.0,1733.6640625,1251.6916947625577
2026-07-21T02:43:16.690374+00:00,3819.0,35.0,98.72,36.0,1733.67578125,1252.0082134716213
2026-07-21T02:43:17.056895+00:00,3819.0,34.0,98.69,36.0,1733.69140625,1252.37473423779
2026-07-21T02:43:17.420770+00:00,3819.0,34.0,99.14,36.0,1733.6953125,1252.7386085763574
2026-07-21T02:43:17.739812+00:00,3819.0,36.0,98.93,36.0,1733.6953125,1253.0576510168612
2026-07-21T02:43:18.061949+00:00,3819.0,35.0,98.82,36.0,1733.6953125,1253.3797878287733
2026-07-21T02:43:18.379376+00:00,3819.0,36.0,98.8,36.0,1733.7109375,1253.6972154602408
2026-07-21T02:43:18.715443+00:00,3819.0,36.0,98.75,36.0,1733.7109375,1254.0332824513316
2026-07-21T02:43:19.059676+00:00,3819.0,36.0,99.05,36.0,1733.73046875,1254.3775152303278
2026-07-21T02:43:19.355542+00:00,3819.0,34.0,98.98,36.0,1733.73046875,1254.6733810976148
2026-07-21T02:43:19.675231+00:00,3819.0,36.0,99.15,36.0,1733.73046875,1254.9930700026453
2026-07-21T02:43:19.970592+00:00,3819.0,34.0,99.16,36.0,1733.734375,1255.2884307317436
2026-07-21T02:43:20.289628+00:00,3819.0,34.0,99.28,36.0,1733.734375,1255.6074670515954
2026-07-21T02:43:20.658499+00:00,3819.0,27.0,99.03,36.0,1733.75390625,1255.9763372838497
2026-07-21T02:43:21.004145+00:00,3819.0,35.0,98.7,36.0,1733.7578125,1256.3219835944474
2026-07-21T02:43:21.322020+00:00,3819.0,33.0,98.22,36.0,1733.7578125,1256.6398589387536
2026-07-21T02:43:21.636851+00:00,3819.0,33.0,98.79,36.0,1733.765625,1256.9546907395124
2026-07-21T02:43:21.995262+00:00,3819.0,35.0,98.18,36.0,1733.765625,1257.3131009973586
2026-07-21T02:43:22.335675+00:00,3819.0,35.0,98.27,36.0,1733.77734375,1257.6535135880113
2026-07-21T02:43:22.676813+00:00,3819.0,35.0,98.59,36.0,1733.94140625,1257.9946507625282
2026-07-21T02:43:22.998718+00:00,3819.0,35.0,98.43,36.0,1733.9453125,1258.316556993872
2026-07-21T02:43:23.317714+00:00,3819.0,35.0,98.49,36.0,1733.953125,1258.6355526447296
2026-07-21T02:43:23.633919+00:00,3819.0,36.0,98.37,36.0,1733.953125,1258.9517579898238
2026-07-21T02:43:23.967321+00:00,3819.0,34.0,98.51,36.0,1733.96484375,1259.2851599119604
2026-07-21T02:43:24.282637+00:00,3819.0,34.0,98.45,36.0,1733.96484375,1259.6004759557545
2026-07-21T02:43:24.601144+00:00,3819.0,36.0,98.37,36.0,1733.97265625,1259.9189830571413
2026-07-21T02:43:24.918190+00:00,3819.0,35.0,98.4,36.0,1733.9765625,1260.236029073596
2026-07-21T02:43:25.230628+00:00,3819.0,36.0,98.57,36.0,1733.9765625,1260.5484670698643
2026-07-21T02:43:25.573876+00:00,3819.0,36.0,98.81,36.0,1733.984375,1260.8917149603367
2026-07-21T02:43:25.888859+00:00,3819.0,34.0,98.74,36.0,1733.984375,1261.20669798553
2026-07-21T02:43:26.205198+00:00,3819.0,34.0,98.48,36.0,1733.98828125,1261.523037403822
2026-07-21T02:43:26.518515+00:00,3819.0,33.0,98.31,36.0,1733.98828125,1261.8363541141152
2026-07-21T02:43:26.885181+00:00,3819.0,36.0,98.46,36.0,1733.98828125,1262.2030199989676
2026-07-21T02:43:27.202863+00:00,3819.0,36.0,98.63,36.0,1733.9921875,1262.5207016207278
2026-07-21T02:43:27.541069+00:00,3819.0,34.0,98.78,36.0,1733.9921875,1262.858907919377
2026-07-21T02:43:27.900199+00:00,3819.0,35.0,98.99,36.0,1734.00390625,1263.2180383577943
2026-07-21T02:43:28.275002+00:00,3819.0,34.0,99.22,36.0,1734.0078125,1263.59283894673
2026-07-21T02:43:28.595164+00:00,3819.0,33.0,98.74,36.0,1734.0234375,1263.9130021333694
2026-07-21T02:43:28.895943+00:00,3819.0,35.0,98.19,36.0,1734.02734375,1264.2137822657824
2026-07-21T02:43:29.192488+00:00,3819.0,33.0,97.82,36.0,1734.02734375,1264.5103268437088
2026-07-21T02:43:29.511056+00:00,3819.0,35.0,98.19,36.0,1734.03125,1264.828895252198
2026-07-21T02:43:29.868730+00:00,3819.0,34.0,98.07,36.0,1734.03125,1265.1865681484342
2026-07-21T02:43:30.184184+00:00,3819.0,36.0,97.98,36.0,1734.0390625,1265.5020231939852
2026-07-21T02:43:30.524105+00:00,3819.0,34.0,97.85,36.0,1734.04296875,1265.8419436328113
2026-07-21T02:43:30.840956+00:00,3819.0,35.0,98.0,36.0,1734.04296875,1266.1587954238057
2026-07-21T02:43:31.158466+00:00,3819.0,35.0,98.36,36.0,1734.0546875,1266.47630482167
2026-07-21T02:43:31.477972+00:00,3819.0,36.0,98.72,36.0,1734.0546875,1266.7958107963204
2026-07-21T02:43:31.797472+00:00,3819.0,36.0,98.95,36.0,1734.06640625,1267.1153108887374
2026-07-21T02:43:32.119978+00:00,3819.0,34.0,98.96,36.0,1734.06640625,1267.437816850841
2026-07-21T02:43:32.456172+00:00,3819.0,35.0,99.14,36.0,1734.06640625,1267.774011682719
2026-07-21T02:43:32.753306+00:00,3819.0,36.0,98.89,36.0,1734.07421875,1268.071144219488
2026-07-21T02:43:33.114703+00:00,3819.0,36.0,98.66,36.0,1734.07421875,1268.432541463524
2026-07-21T02:43:33.475871+00:00,3819.0,33.0,98.47,36.0,1734.078125,1268.7937099263072
2026-07-21T02:43:33.819305+00:00,3819.0,34.0,98.85,36.0,1734.078125,1269.1371438354254
2026-07-21T02:43:34.137862+00:00,3819.0,36.0,99.03,36.0,1734.08203125,1269.4557002671063
2026-07-21T02:43:34.456562+00:00,3819.0,35.0,98.83,36.0,1734.08203125,1269.774400562048
2026-07-21T02:43:34.773668+00:00,3819.0,14.0,98.3,36.0,1734.15234375,1270.0915061756968
2026-07-21T02:43:35.128158+00:00,3819.0,35.0,97.99,36.0,1734.15625,1270.4459968991578
2026-07-21T02:43:35.484476+00:00,3819.0,34.0,97.93,36.0,1734.15625,1270.8023143447936
2026-07-21T02:43:35.849620+00:00,3819.0,35.0,98.35,36.0,1734.171875,1271.1674586571753
2026-07-21T02:43:36.199946+00:00,3819.0,34.0,98.26,36.0,1734.171875,1271.5177848376334
2026-07-21T02:43:36.534437+00:00,3819.0,34.0,98.21,36.0,1734.17578125,1271.8522755131125
2026-07-21T02:43:36.878030+00:00,3819.0,34.0,98.16,36.0,1734.17578125,1272.1958672963083
2026-07-21T02:43:37.224151+00:00,3819.0,34.0,97.79,36.0,1734.17578125,1272.5419905297458
2026-07-21T02:43:37.542598+00:00,3819.0,36.0,97.93,36.0,1734.1796875,1272.8604363203049
2026-07-21T02:43:37.869938+00:00,3819.0,34.0,97.89,36.0,1734.1796875,1273.187776554376
2026-07-21T02:43:38.185172+00:00,3819.0,36.0,98.29,36.0,1734.19140625,1273.5030105933547
2026-07-21T02:43:38.504421+00:00,3819.0,34.0,98.23,36.0,1734.19140625,1273.8222599104047
2026-07-21T02:43:38.825228+00:00,3819.0,34.0,98.32,36.0,1734.19140625,1274.1430663950741
2026-07-21T02:43:39.161047+00:00,3819.0,35.0,98.21,36.0,1734.1953125,1274.4788856059313
2026-07-21T02:43:39.516393+00:00,3819.0,35.0,98.4,36.0,1734.1953125,1274.8342307843268
2026-07-21T02:43:39.860916+00:00,3819.0,26.0,97.62,36.0,1734.55859375,1275.1787539497018
2026-07-21T02:43:40.185548+00:00,3819.0,33.0,97.37,36.0,1734.56640625,1275.5033867023885
2026-07-21T02:43:40.504972+00:00,3819.0,35.0,97.43,36.0,1734.5703125,1275.822811421007
2026-07-21T02:43:40.835932+00:00,3819.0,34.0,98.22,36.0,1734.58984375,1276.153770122677
2026-07-21T02:43:41.206670+00:00,3819.0,36.0,98.76,36.0,1734.84375,1276.524509679526
2026-07-21T02:43:41.521403+00:00,3819.0,35.0,98.51,36.0,1734.84375,1276.8392419554293
2026-07-21T02:43:41.862494+00:00,3819.0,35.0,98.6,36.0,1734.85546875,1277.1803331300616
2026-07-21T02:43:42.200158+00:00,3819.0,36.0,98.62,36.0,1734.85546875,1277.5179972350597
2026-07-21T02:43:42.511975+00:00,3819.0,35.0,98.41,36.0,1734.85546875,1277.829814426601
2026-07-21T02:43:42.865876+00:00,3819.0,36.0,98.41,36.0,1734.86328125,1278.1837159879506
2026-07-21T02:43:43.181550+00:00,3819.0,35.0,98.44,36.0,1734.86328125,1278.4993891231716
2026-07-21T02:43:43.485766+00:00,3819.0,36.0,98.4,36.0,1734.86328125,1278.8036058917642
2026-07-21T02:43:43.824444+00:00,3819.0,35.0,98.54,36.0,1734.86328125,1279.1422826610506
2026-07-21T02:43:44.121301+00:00,3819.0,36.0,98.5,36.0,1734.8671875,1279.439140431583
2026-07-21T02:43:44.472505+00:00,3819.0,36.0,98.56,36.0,1734.8671875,1279.7903434038162
2026-07-21T02:43:44.789088+00:00,3819.0,35.0,98.6,36.0,1734.87109375,1280.1069258488715
2026-07-21T02:43:45.133034+00:00,3819.0,35.0,98.6,36.0,1734.875,1280.4508731104434
2026-07-21T02:43:45.450025+00:00,3819.0,35.0,98.77,36.0,1734.875,1280.7678641714156
2026-07-21T02:43:45.787740+00:00,3819.0,36.0,98.8,36.0,1734.8828125,1281.1055793873966
2026-07-21T02:43:46.151800+00:00,3819.0,35.0,99.11,36.0,1734.8828125,1281.4696392826736
2026-07-21T02:43:46.493572+00:00,3819.0,35.0,99.48,36.0,1734.8828125,1281.8114104419947
2026-07-21T02:43:46.877034+00:00,3819.0,28.0,99.27,36.0,1735.125,1282.19487304613
2026-07-21T02:43:47.196632+00:00,3819.0,34.0,98.8,36.0,1735.125,1282.5144700668752
2026-07-21T02:43:47.514987+00:00,3819.0,36.0,98.39,36.0,1735.125,1282.8328261561692
2026-07-21T02:43:47.809454+00:00,3819.0,36.0,99.16,36.0,1735.125,1283.1272937208414
2026-07-21T02:43:48.131939+00:00,3819.0,35.0,98.53,36.0,1735.12890625,1283.449778687209
2026-07-21T02:43:48.468702+00:00,3819.0,35.0,98.57,36.0,1735.12890625,1283.7865409478545
2026-07-21T02:43:48.787907+00:00,3819.0,35.0,98.26,36.0,1735.1328125,1284.1057469025254
2026-07-21T02:43:49.123672+00:00,3819.0,35.0,98.34,36.0,1735.1328125,1284.4415120519698
2026-07-21T02:43:49.485450+00:00,3819.0,35.0,98.39,36.0,1735.1328125,1284.8032884933054
2026-07-21T02:43:49.824838+00:00,3819.0,35.0,98.77,36.0,1735.13671875,1285.14267738536
2026-07-21T02:43:50.140996+00:00,3819.0,35.0,98.69,36.0,1735.13671875,1285.4588345251977
2026-07-21T02:43:50.480240+00:00,3819.0,36.0,98.83,36.0,1735.14453125,1285.7980790883303
2026-07-21T02:43:50.794607+00:00,3819.0,34.0,98.76,36.0,1735.14453125,1286.1124462038279
2026-07-21T02:43:51.151531+00:00,3819.0,36.0,98.5,36.0,1735.1484375,1286.4693698175251
2026-07-21T02:43:51.493404+00:00,3819.0,35.0,96.81,36.0,1735.1484375,1286.8112434744835
2026-07-21T02:43:51.857489+00:00,3819.0,35.0,96.57,36.0,1735.1796875,1287.1753275357187
2026-07-21T02:43:52.169769+00:00,3819.0,36.0,96.59,36.0,1735.1796875,1287.4876083992422
2026-07-21T02:43:52.528514+00:00,3819.0,36.0,98.56,36.0,1735.1796875,1287.8463526666164
2026-07-21T02:43:52.846364+00:00,3819.0,36.0,98.74,36.0,1735.1796875,1288.1642032079399
2026-07-21T02:43:53.189921+00:00,3819.0,35.0,98.81,36.0,1735.1796875,1288.507754996419
2026-07-21T02:43:53.510367+00:00,3819.0,33.0,98.29,36.0,1735.1796875,1288.8282064720988
2026-07-21T02:43:53.877920+00:00,3819.0,33.0,98.39,36.0,1735.1796875,1289.1957596354187
2026-07-21T02:43:54.212957+00:00,3819.0,34.0,97.94,36.0,1735.1796875,1289.5307960100472
2026-07-21T02:43:54.535511+00:00,3819.0,35.0,98.05,36.0,1735.1796875,1289.8533492572606
2026-07-21T02:43:54.853504+00:00,3819.0,34.0,98.38,36.0,1735.1796875,1290.1713428348303
2026-07-21T02:43:55.218653+00:00,3819.0,35.0,98.6,36.0,1735.1796875,1290.5364912748337
2026-07-21T02:43:55.565042+00:00,3819.0,34.0,97.79,36.0,1735.203125,1290.8828799836338
2026-07-21T02:43:55.904711+00:00,3819.0,34.0,97.46,36.0,1735.203125,1291.2225504219532
2026-07-21T02:43:56.228869+00:00,3819.0,35.0,97.04,36.0,1735.203125,1291.546707790345
2026-07-21T02:43:56.593026+00:00,3819.0,36.0,97.78,36.0,1735.203125,1291.9108653739095
2026-07-21T02:43:56.914751+00:00,3819.0,34.0,98.0,36.0,1735.203125,1292.2325900942087
2026-07-21T02:43:57.251705+00:00,3819.0,36.0,98.37,36.0,1735.203125,1292.5695450343192
2026-07-21T02:43:57.545471+00:00,3819.0,35.0,98.39,36.0,1735.203125,1292.863311164081
2026-07-21T02:43:57.887774+00:00,3819.0,36.0,98.21,36.0,1735.203125,1293.205611873418
2026-07-21T02:43:58.227865+00:00,3819.0,35.0,98.38,36.0,1735.203125,1293.545703344047
2026-07-21T02:43:58.568949+00:00,3819.0,35.0,98.76,36.0,1735.203125,1293.8867875412107
2026-07-21T02:43:58.903124+00:00,3819.0,35.0,99.05,36.0,1735.203125,1294.220963370055
2026-07-21T02:43:59.220936+00:00,3819.0,36.0,99.11,36.0,1735.203125,1294.5387735664845
2026-07-21T02:43:59.541717+00:00,3819.0,36.0,98.93,36.0,1735.203125,1294.8595568574965
2026-07-21T02:43:59.954975+00:00,3819.0,35.0,98.5,36.0,1735.22265625,1295.272813361138
2026-07-21T02:44:00.292089+00:00,3819.0,35.0,98.68,36.0,1735.22265625,1295.6099279671907
2026-07-21T02:44:00.632223+00:00,3819.0,34.0,99.34,36.0,1735.4453125,1295.950059928
2026-07-21T02:44:00.949741+00:00,3819.0,35.0,98.67,36.0,1735.4453125,1296.2675803899765
2026-07-21T02:44:01.265713+00:00,3819.0,35.0,98.59,36.0,1735.4453125,1296.5835519097745
2026-07-21T02:44:01.599645+00:00,3819.0,34.0,98.49,36.0,1735.4453125,1296.917482957244
2026-07-21T02:44:01.897582+00:00,3819.0,35.0,98.69,36.0,1735.4453125,1297.2154212035239
2026-07-21T02:44:02.212165+00:00,3819.0,35.0,98.48,36.0,1735.4453125,1297.5300035700202
2026-07-21T02:44:02.599142+00:00,3819.0,35.0,98.28,36.0,1735.4453125,1297.9169805720448
2026-07-21T02:44:02.917388+00:00,3819.0,34.0,97.8,36.0,1735.46875,1298.2352264635265
2026-07-21T02:44:03.251922+00:00,3819.0,35.0,97.72,36.0,1735.46875,1298.5697607062757
2026-07-21T02:44:03.567440+00:00,3819.0,36.0,97.74,36.0,1735.46875,1298.8852796442807
2026-07-21T02:44:03.881851+00:00,3819.0,35.0,98.18,36.0,1735.46875,1299.199689514935
2026-07-21T02:44:04.241385+00:00,3819.0,35.0,98.36,36.0,1735.46875,1299.5592235550284
2026-07-21T02:44:04.596977+00:00,3819.0,35.0,98.47,36.0,1735.46875,1299.9148160740733
2026-07-21T02:44:04.917569+00:00,3819.0,35.0,98.8,36.0,1735.46875,1300.235407795757
2026-07-21T02:44:05.212274+00:00,3819.0,35.0,98.54,36.0,1735.46875,1300.5301131382585
2026-07-21T02:44:05.529898+00:00,3819.0,35.0,97.97,36.0,1735.484375,1300.8477363064885
2026-07-21T02:44:05.873832+00:00,3819.0,36.0,97.62,36.0,1735.484375,1301.191671602428
2026-07-21T02:44:06.193951+00:00,3819.0,35.0,97.57,36.0,1735.484375,1301.511790830642
2026-07-21T02:44:06.532723+00:00,3819.0,35.0,98.2,36.0,1735.484375,1301.850561466068
2026-07-21T02:44:06.846035+00:00,3819.0,35.0,98.02,36.0,1735.484375,1302.1638745702803
2026-07-21T02:44:07.187898+00:00,3819.0,35.0,97.97,36.0,1735.484375,1302.5057369880378
2026-07-21T02:44:07.532625+00:00,3819.0,35.0,97.54,36.0,1735.484375,1302.8504635989666
2026-07-21T02:44:07.829368+00:00,3819.0,35.0,97.68,36.0,1735.5078125,1303.1472068168223
2026-07-21T02:44:08.149216+00:00,3819.0,36.0,97.72,36.0,1735.5078125,1303.4670552760363
2026-07-21T02:44:08.446433+00:00,3819.0,36.0,97.65,36.0,1735.5078125,1303.7642723955214
2026-07-21T02:44:08.764098+00:00,3819.0,35.0,97.98,36.0,1735.5078125,1304.0819371715188
2026-07-21T02:44:09.078554+00:00,3819.0,34.0,97.82,36.0,1735.5078125,1304.3963931575418
2026-07-21T02:44:09.398649+00:00,3819.0,35.0,98.22,36.0,1735.5078125,1304.716488007456
2026-07-21T02:44:09.718571+00:00,3819.0,33.0,98.1,36.0,1735.5078125,1305.0363999269903
2026-07-21T02:44:10.052307+00:00,3819.0,21.0,97.86,36.0,1735.51953125,1305.370145238936
2026-07-21T02:44:10.369837+00:00,3819.0,36.0,97.63,36.0,1735.51953125,1305.6876756362617
2026-07-21T02:44:10.742802+00:00,3819.0,33.0,97.79,36.0,1735.51953125,1306.060640849173
2026-07-21T02:44:11.062833+00:00,3819.0,34.0,98.16,36.0,1735.51953125,1306.380671914667
2026-07-21T02:44:11.401774+00:00,3819.0,35.0,98.26,36.0,1735.51953125,1306.7196132391691
2026-07-21T02:44:11.743015+00:00,3819.0,34.0,97.94,36.0,1735.51953125,1307.0608539171517
2026-07-21T02:44:12.058069+00:00,3819.0,36.0,97.93,36.0,1735.51953125,1307.375908523798
2026-07-21T02:44:12.405158+00:00,3819.0,34.0,98.0,36.0,1735.51953125,1307.7229973264039
2026-07-21T02:44:12.776696+00:00,3819.0,34.0,98.19,36.0,1735.51953125,1308.0945350266993
2026-07-21T02:44:13.121601+00:00,3819.0,35.0,98.72,36.0,1735.51953125,1308.4394391216338
2026-07-21T02:44:13.442436+00:00,3819.0,13.0,98.33,36.0,1735.546875,1308.760273937136
2026-07-21T02:44:13.760777+00:00,3819.0,35.0,98.04,36.0,1735.546875,1309.0786162987351
2026-07-21T02:44:14.100663+00:00,3819.0,35.0,98.04,36.0,1735.546875,1309.418502882123
2026-07-21T02:44:14.441709+00:00,3819.0,35.0,98.36,36.0,1735.546875,1309.7595421932638
2026-07-21T02:44:14.804564+00:00,3819.0,35.0,98.91,36.0,1735.546875,1310.1224026493728
2026-07-21T02:44:15.142255+00:00,3819.0,36.0,98.97,36.0,1735.546875,1310.4600947387516
2026-07-21T02:44:15.439264+00:00,3819.0,36.0,98.92,36.0,1735.546875,1310.7571025528014
2026-07-21T02:44:15.758933+00:00,3819.0,35.0,98.65,36.0,1735.546875,1311.0767723582685
2026-07-21T02:44:16.073514+00:00,3819.0,36.0,98.6,36.0,1735.546875,1311.3913530409336
2026-07-21T02:44:16.431202+00:00,3819.0,15.0,98.16,36.0,1735.56640625,1311.7490401752293
2026-07-21T02:44:16.775936+00:00,3819.0,36.0,98.11,36.0,1735.56640625,1312.093775227666
2026-07-21T02:44:17.139988+00:00,3819.0,36.0,98.56,36.0,1735.56640625,1312.4578265324235
2026-07-21T02:44:17.480935+00:00,3819.0,36.0,99.11,36.0,1735.56640625,1312.7987746670842
2026-07-21T02:44:17.797009+00:00,3819.0,35.0,98.86,36.0,1735.56640625,1313.1148488745093
2026-07-21T02:44:18.130946+00:00,3819.0,36.0,98.88,36.0,1735.56640625,1313.4487859793007
2026-07-21T02:44:18.447793+00:00,3819.0,35.0,99.07,36.0,1735.56640625,1313.7656325548887
2026-07-21T02:44:18.787046+00:00,3819.0,36.0,99.11,36.0,1735.56640625,1314.1048857979476
2026-07-21T02:44:19.148229+00:00,3819.0,36.0,98.91,36.0,1735.56640625,1314.4660683721304
2026-07-21T02:44:19.464523+00:00,3819.0,36.0,98.69,36.0,1735.56640625,1314.782362330705
2026-07-21T02:44:19.803708+00:00,3819.0,36.0,98.78,36.0,1735.56640625,1315.1215473487973
2026-07-21T02:44:20.136477+00:00,3819.0,21.0,98.59,36.0,1735.59375,1315.454309873283
2026-07-21T02:44:20.453875+00:00,3819.0,36.0,98.45,36.0,1735.59375,1315.7717133052647
2026-07-21T02:44:20.753467+00:00,3819.0,36.0,98.39,36.0,1735.59375,1316.071306400001
2026-07-21T02:44:21.069676+00:00,3819.0,36.0,98.49,36.0,1735.59375,1316.3875146768987
2026-07-21T02:44:21.385197+00:00,3819.0,35.0,98.87,36.0,1735.59375,1316.7030367515981
2026-07-21T02:44:21.696059+00:00,3819.0,36.0,98.86,36.0,1735.59375,1317.0138988308609
2026-07-21T02:44:22.013288+00:00,3819.0,36.0,98.84,36.0,1735.59375,1317.3311261348426
2026-07-21T02:44:22.333548+00:00,3819.0,35.0,98.92,36.0,1735.59375,1317.6513870358467
2026-07-21T02:44:22.648186+00:00,3819.0,36.0,98.8,36.0,1735.59375,1317.966025609523
2026-07-21T02:44:22.969351+00:00,3819.0,36.0,98.78,36.0,1735.59765625,1318.2871894612908
2026-07-21T02:44:23.341344+00:00,3819.0,35.0,98.2,36.0,1735.6171875,1318.6591826714575
2026-07-21T02:44:23.656602+00:00,3819.0,36.0,98.39,36.0,1735.6171875,1318.974441420287
2026-07-21T02:44:23.996088+00:00,3819.0,35.0,98.51,36.0,1735.6171875,1319.3139272928238
2026-07-21T02:44:24.314148+00:00,3819.0,36.0,99.11,36.0,1735.6171875,1319.6319872997701
2026-07-21T02:44:24.656453+00:00,3819.0,35.0,99.14,36.0,1735.6171875,1319.9742917753756
2026-07-21T02:44:24.970267+00:00,3819.0,36.0,99.2,36.0,1735.6171875,1320.2881058827043
2026-07-21T02:44:25.288778+00:00,3819.0,35.0,99.18,36.0,1735.6171875,1320.6066174842417
2026-07-21T02:44:25.626006+00:00,3819.0,36.0,99.22,36.0,1735.6171875,1320.943845026195
2026-07-21T02:44:25.945807+00:00,3819.0,14.0,98.86,36.0,1735.640625,1321.2636457644403
2026-07-21T02:44:26.266327+00:00,3819.0,34.0,98.67,36.0,1735.640625,1321.584166020155
2026-07-21T02:44:26.636392+00:00,3819.0,34.0,98.18,36.0,1735.640625,1321.9542304202914
2026-07-21T02:44:26.954222+00:00,3819.0,28.0,97.58,36.0,1735.640625,1322.272060405463
2026-07-21T02:44:27.275283+00:00,3819.0,35.0,97.64,36.0,1735.640625,1322.5931222625077
2026-07-21T02:44:27.593936+00:00,3819.0,35.0,98.04,36.0,1735.640625,1322.9117756448686
2026-07-21T02:44:27.955937+00:00,3819.0,35.0,98.45,36.0,1735.640625,1323.273775063455
2026-07-21T02:44:28.293595+00:00,3819.0,34.0,98.69,36.0,1735.640625,1323.611433263868
2026-07-21T02:44:28.610235+00:00,3819.0,34.0,98.44,36.0,1735.640625,1323.9280738644302
2026-07-21T02:44:28.929532+00:00,3819.0,33.0,98.31,36.0,1735.640625,1324.2473713383079
2026-07-21T02:44:29.268977+00:00,3819.0,34.0,98.17,36.0,1735.640625,1324.5868165455759
2026-07-21T02:44:29.586135+00:00,3819.0,36.0,98.13,36.0,1735.640625,1324.9039744250476
2026-07-21T02:44:29.905541+00:00,3819.0,34.0,98.0,36.0,1735.640625,1325.223380126059
2026-07-21T02:44:30.200649+00:00,3819.0,36.0,98.2,36.0,1735.640625,1325.5184883214533
2026-07-21T02:44:30.516625+00:00,3819.0,36.0,98.43,36.0,1735.640625,1325.8344640359282
2026-07-21T02:44:30.811701+00:00,3819.0,35.0,99.1,36.0,1735.640625,1326.1295394450426
2026-07-21T02:44:31.148082+00:00,3819.0,35.0,99.31,36.0,1735.640625,1326.4659212939441
2026-07-21T02:44:31.482550+00:00,3819.0,36.0,99.52,36.0,1735.640625,1326.8003888055682
2026-07-21T02:44:31.847143+00:00,3819.0,35.0,98.74,36.0,1735.6640625,1327.1649814136326
2026-07-21T02:44:32.141530+00:00,3819.0,35.0,98.78,36.0,1735.6640625,1327.4593691639602
2026-07-21T02:44:32.502912+00:00,3819.0,35.0,98.63,36.0,1735.6640625,1327.8207522034645
2026-07-21T02:44:32.821197+00:00,3819.0,31.0,98.32,36.0,1735.6640625,1328.139036577195
2026-07-21T02:44:33.160605+00:00,3819.0,35.0,97.98,36.0,1735.6640625,1328.4784437716007
2026-07-21T02:44:33.476521+00:00,3819.0,29.0,97.52,36.0,1735.6640625,1328.7943598590791
2026-07-21T02:44:33.830255+00:00,3819.0,35.0,98.48,36.0,1735.6640625,1329.1480951160192
2026-07-21T02:44:34.141912+00:00,3819.0,36.0,98.78,36.0,1735.6640625,1329.4597509019077
2026-07-21T02:44:34.459915+00:00,3819.0,36.0,99.44,36.0,1735.6640625,1329.7777541354299
2026-07-21T02:44:34.819771+00:00,3819.0,35.0,99.34,36.0,1735.6640625,1330.1376101784408
2026-07-21T02:44:35.136211+00:00,3819.0,33.0,99.14,36.0,1735.6640625,1330.454050604254
2026-07-21T02:44:35.452924+00:00,3819.0,36.0,98.7,36.0,1735.6640625,1330.770762939006
2026-07-21T02:44:35.767826+00:00,3819.0,36.0,98.5,36.0,1735.6640625,1331.0856660343707
2026-07-21T02:44:36.090604+00:00,3819.0,36.0,98.18,36.0,1735.6640625,1331.4084437191486
2026-07-21T02:44:36.403536+00:00,3819.0,36.0,98.26,36.0,1735.6640625,1331.7213749103248
2026-07-21T02:44:36.721724+00:00,3819.0,35.0,98.42,36.0,1735.6640625,1332.0395621843636
2026-07-21T02:44:37.041305+00:00,3819.0,18.0,98.28,36.0,1735.69140625,1332.3591439984739
2026-07-21T02:44:37.357651+00:00,3819.0,36.0,98.68,36.0,1735.69140625,1332.6754896342754
2026-07-21T02:44:37.699243+00:00,3819.0,36.0,98.8,36.0,1735.69140625,1333.01708188653
2026-07-21T02:44:38.017138+00:00,3819.0,36.0,99.41,36.0,1735.69140625,1333.3349768482149
2026-07-21T02:44:38.333626+00:00,3819.0,34.0,98.78,36.0,1735.69140625,1333.6514658778906
2026-07-21T02:44:38.647458+00:00,3819.0,35.0,98.7,36.0,1735.69140625,1333.9652974456549
2026-07-21T02:44:38.965347+00:00,3819.0,35.0,98.48,36.0,1735.69140625,1334.2831861786544
2026-07-21T02:44:39.300168+00:00,3819.0,35.0,98.43,36.0,1735.69140625,1334.6180075332522
2026-07-21T02:44:39.617347+00:00,3819.0,36.0,98.68,36.0,1735.69140625,1334.935186445713
2026-07-21T02:44:39.937746+00:00,3819.0,35.0,98.97,36.0,1735.69140625,1335.255584873259
2026-07-21T02:44:40.232088+00:00,3819.0,35.0,99.03,36.0,1735.69140625,1335.549927122891
2026-07-21T02:44:40.530073+00:00,3819.0,35.0,98.85,36.0,1735.69140625,1335.8479118347168
2026-07-21T02:44:40.845846+00:00,3819.0,36.0,98.57,36.0,1735.69140625,1336.1636849083006
2026-07-21T02:44:41.189306+00:00,3819.0,35.0,99.02,36.0,1735.69140625,1336.5071448422968
2026-07-21T02:44:41.510341+00:00,3819.0,14.0,98.72,36.0,1735.72265625,1336.8281795755029
2026-07-21T02:44:41.828911+00:00,3819.0,35.0,98.66,36.0,1735.72265625,1337.1467500887811
2026-07-21T02:44:42.175023+00:00,3819.0,36.0,98.19,36.0,1735.72265625,1337.4928616546094
2026-07-21T02:44:42.494689+00:00,3819.0,35.0,98.74,36.0,1735.72265625,1337.8125287219882
2026-07-21T02:44:42.791344+00:00,3819.0,35.0,98.68,36.0,1735.72265625,1338.1091835312545
2026-07-21T02:44:43.109946+00:00,3819.0,35.0,98.66,36.0,1735.7265625,1338.427784793079
2026-07-21T02:44:43.472759+00:00,3819.0,34.0,98.56,36.0,1735.7265625,1338.7905976064503
2026-07-21T02:44:43.793477+00:00,3819.0,33.0,98.38,36.0,1735.7265625,1339.1113155297935
2026-07-21T02:44:44.160754+00:00,3819.0,36.0,98.58,36.0,1735.7265625,1339.4785926826298
2026-07-21T02:44:44.497089+00:00,3819.0,34.0,98.74,36.0,1735.7265625,1339.8149273991585
2026-07-21T02:44:44.817507+00:00,3819.0,35.0,98.72,36.0,1735.7265625,1340.1353454105556
2026-07-21T02:44:45.133380+00:00,3819.0,35.0,98.61,36.0,1735.7265625,1340.4512188211083
2026-07-21T02:44:45.476860+00:00,3819.0,35.0,98.51,36.0,1735.7265625,1340.794698741287
2026-07-21T02:44:45.793084+00:00,3819.0,35.0,98.6,36.0,1735.7265625,1341.1109230183065
2026-07-21T02:44:46.116799+00:00,3819.0,32.0,98.56,36.0,1735.7265625,1341.4346376731992
2026-07-21T02:44:46.434281+00:00,3819.0,34.0,98.65,36.0,1735.7265625,1341.7521202340722
2026-07-21T02:44:46.757640+00:00,3819.0,34.0,98.6,36.0,1735.7265625,1342.0754797123373
2026-07-21T02:44:47.100452+00:00,3819.0,35.0,98.88,36.0,1735.7265625,1342.4182913079858
2026-07-21T02:44:47.436238+00:00,3819.0,35.0,98.68,36.0,1735.7265625,1342.7540775611997
2026-07-21T02:44:47.791177+00:00,3819.0,35.0,98.9,36.0,1735.7265625,1343.1090164110065
2026-07-21T02:44:48.112380+00:00,3819.0,35.0,98.8,36.0,1735.7265625,1343.4302183799446
2026-07-21T02:44:48.424666+00:00,3819.0,36.0,99.04,36.0,1735.7265625,1343.7425057590008
2026-07-21T02:44:48.766345+00:00,3819.0,36.0,99.29,37.0,1735.7265625,1344.0841843113303
2026-07-21T02:44:49.089373+00:00,3819.0,35.0,99.4,37.0,1735.7265625,1344.4072119370103
2026-07-21T02:44:49.408485+00:00,3819.0,36.0,99.38,37.0,1735.7265625,1344.7263238728046
2026-07-21T02:44:49.726016+00:00,3819.0,36.0,99.34,37.0,1735.7265625,1345.0438551530242
2026-07-21T02:44:50.060998+00:00,3819.0,29.0,98.67,37.0,1735.75,1345.3788363859057
2026-07-21T02:44:50.377243+00:00,3819.0,35.0,98.74,36.0,1735.75,1345.69508189708
2026-07-21T02:44:50.699215+00:00,3819.0,35.0,98.32,37.0,1735.75,1346.0170543789864
2026-07-21T02:44:51.015207+00:00,3819.0,35.0,98.61,37.0,1735.75,1346.3330468907952
2026-07-21T02:44:51.379410+00:00,3819.0,35.0,98.44,37.0,1735.75,1346.697248633951
2026-07-21T02:44:51.674924+00:00,3819.0,35.0,98.63,37.0,1735.75,1346.9927635267377
2026-07-21T02:44:51.996769+00:00,3819.0,34.0,98.63,37.0,1735.75,1347.3146081641316
2026-07-21T02:44:52.312661+00:00,3819.0,35.0,98.74,37.0,1735.75,1347.6304995901883
2026-07-21T02:44:52.623486+00:00,3819.0,35.0,98.84,37.0,1735.75,1347.9413258321583
2026-07-21T02:44:52.937728+00:00,3819.0,35.0,98.86,37.0,1735.75,1348.2555673122406
2026-07-21T02:44:53.251707+00:00,3819.0,35.0,98.89,37.0,1735.75,1348.56954658404
2026-07-21T02:44:53.612569+00:00,3819.0,35.0,98.61,37.0,1735.75,1348.9304077401757
2026-07-21T02:44:53.908638+00:00,3819.0,35.0,98.72,37.0,1735.75,1349.2264767996967
2026-07-21T02:44:54.225186+00:00,3819.0,34.0,98.8,37.0,1735.75,1349.543025251478
2026-07-21T02:44:54.545856+00:00,3819.0,36.0,99.2,37.0,1735.75,1349.8636958114803
2026-07-21T02:44:54.897922+00:00,3819.0,34.0,98.4,37.0,1735.78515625,1350.2157609984279
2026-07-21T02:44:55.239028+00:00,3819.0,35.0,98.34,37.0,1735.78515625,1350.5568667426705
2026-07-21T02:44:55.576228+00:00,3819.0,35.0,98.01,37.0,1735.78515625,1350.894067198038
2026-07-21T02:44:55.873621+00:00,3819.0,36.0,98.78,37.0,1735.78515625,1351.1914594881237
2026-07-21T02:44:56.193467+00:00,3819.0,35.0,98.35,37.0,1735.80859375,1351.51130502671
2026-07-21T02:44:56.513256+00:00,3819.0,35.0,98.06,37.0,1735.80859375,1351.8310957960784
2026-07-21T02:44:56.876175+00:00,3819.0,35.0,98.13,37.0,1735.80859375,1352.1940141133964
2026-07-21T02:44:57.215086+00:00,3819.0,34.0,98.54,37.0,1735.80859375,1352.5329252779484
2026-07-21T02:44:57.527491+00:00,3819.0,36.0,98.95,37.0,1735.80859375,1352.8453303575516
2026-07-21T02:44:57.821401+00:00,3819.0,35.0,98.86,37.0,1735.80859375,1353.1392397135496
2026-07-21T02:44:58.136451+00:00,3819.0,35.0,99.05,37.0,1735.80859375,1353.4542900063097
2026-07-21T02:44:58.452277+00:00,3819.0,35.0,99.24,37.0,1735.80859375,1353.7701152898371
2026-07-21T02:44:58.791499+00:00,3819.0,33.0,99.08,37.0,1735.80859375,1354.1093378178775
2026-07-21T02:44:59.123489+00:00,3819.0,35.0,98.62,37.0,1735.82421875,1354.4413278587162
2026-07-21T02:44:59.496144+00:00,3819.0,36.0,98.61,37.0,1735.82421875,1354.8139824345708
2026-07-21T02:44:59.829231+00:00,3819.0,34.0,98.52,37.0,1735.82421875,1355.147069387138
2026-07-21T02:45:00.162129+00:00,3819.0,34.0,98.18,37.0,1735.82421875,1355.4799678176641
2026-07-21T02:45:00.516915+00:00,3819.0,35.0,97.94,37.0,1735.82421875,1355.8347539380193
2026-07-21T02:45:00.833680+00:00,3819.0,17.0,97.9,37.0,1735.84375,1356.1515184342861
2026-07-21T02:45:01.181169+00:00,3819.0,36.0,98.21,37.0,1735.84375,1356.4990076348186
2026-07-21T02:45:01.544980+00:00,3819.0,32.0,97.51,37.0,1735.84375,1356.8628195747733
2026-07-21T02:45:01.905004+00:00,3819.0,34.0,97.96,37.0,1735.84375,1357.22284219414
2026-07-21T02:45:02.248301+00:00,3819.0,36.0,97.98,37.0,1735.84375,1357.566140178591
2026-07-21T02:45:02.561798+00:00,3819.0,18.0,97.99,37.0,1735.8671875,1357.8796367049217
2026-07-21T02:45:02.927257+00:00,3819.0,34.0,97.74,37.0,1735.8671875,1358.2450952678919
2026-07-21T02:45:03.241856+00:00,3819.0,36.0,97.81,37.0,1735.8671875,1358.5596950389445
2026-07-21T02:45:03.557473+00:00,3819.0,34.0,98.33,37.0,1735.8671875,1358.8753117583692
2026-07-21T02:45:03.928310+00:00,3819.0,36.0,98.36,37.0,1735.8671875,1359.2461478374898
2026-07-21T02:45:04.268720+00:00,3819.0,34.0,97.76,37.0,1735.890625,1359.5865556523204
2026-07-21T02:45:04.608486+00:00,3819.0,34.0,97.92,37.0,1735.890625,1359.9263244569302
2026-07-21T02:45:04.971956+00:00,3819.0,36.0,99.08,37.0,1735.890625,1360.2897943779826
2026-07-21T02:45:05.288989+00:00,3819.0,34.0,98.68,37.0,1735.89453125,1360.6068283729255
2026-07-21T02:45:05.609038+00:00,3819.0,36.0,99.02,37.0,1735.89453125,1360.926877103746
2026-07-21T02:45:05.948029+00:00,3819.0,34.0,98.96,37.0,1735.89453125,1361.2658680975437
2026-07-21T02:45:06.265661+00:00,3819.0,36.0,98.83,37.0,1735.89453125,1361.5835000425577
2026-07-21T02:45:06.631197+00:00,3819.0,34.0,98.6,37.0,1735.89453125,1361.9490351714194
2026-07-21T02:45:06.949556+00:00,3819.0,34.0,98.56,37.0,1735.89453125,1362.2673867084086
2026-07-21T02:45:07.315909+00:00,3819.0,36.0,98.94,37.0,1735.89453125,1362.6337473876774
2026-07-21T02:45:07.684522+00:00,3819.0,31.0,98.04,37.0,1735.89453125,1363.0023609288037
2026-07-21T02:45:07.980562+00:00,3819.0,35.0,98.0,37.0,1735.89453125,1363.2984015345573
2026-07-21T02:45:08.299228+00:00,3819.0,35.0,97.81,37.0,1735.89453125,1363.617067284882
2026-07-21T02:45:08.618586+00:00,3819.0,36.0,99.02,37.0,1735.8984375,1363.9364180341363
2026-07-21T02:45:08.955432+00:00,3819.0,35.0,99.05,37.0,1735.8984375,1364.273271419108
2026-07-21T02:45:09.274766+00:00,3819.0,34.0,98.97,37.0,1735.90234375,1364.5926047712564
2026-07-21T02:45:09.573396+00:00,3819.0,35.0,98.89,37.0,1735.90234375,1364.891235254705
2026-07-21T02:45:09.943506+00:00,3819.0,34.0,98.96,37.0,1735.92578125,1365.2613452337682
2026-07-21T02:45:10.240626+00:00,3819.0,35.0,99.01,37.0,1735.9296875,1365.5584648996592
2026-07-21T02:45:10.579526+00:00,3819.0,36.0,99.04,37.0,1735.9296875,1365.8973650597036
2026-07-21T02:45:10.901572+00:00,3819.0,35.0,99.12,37.0,1735.9375,1366.2194112464786
2026-07-21T02:45:11.221864+00:00,3819.0,34.0,98.7,37.0,1735.9609375,1366.5396966040134
2026-07-21T02:45:11.564273+00:00,3819.0,35.0,98.5,37.0,1735.9609375,1366.8821114860475
2026-07-21T02:45:11.927564+00:00,3819.0,35.0,98.11,37.0,1735.9609375,1367.2454025298357
2026-07-21T02:45:12.245768+00:00,3819.0,35.0,98.48,37.0,1735.9609375,1367.5636061057448
2026-07-21T02:45:12.617079+00:00,3819.0,35.0,98.66,37.0,1735.9609375,1367.9349172599614
2026-07-21T02:45:12.992063+00:00,3819.0,35.0,98.75,37.0,1735.9609375,1368.3099015280604
2026-07-21T02:45:13.289068+00:00,3819.0,35.0,98.93,37.0,1735.9609375,1368.6069076173007
2026-07-21T02:45:13.611214+00:00,3819.0,34.0,98.35,37.0,1735.9609375,1368.92905279994
2026-07-21T02:45:13.930446+00:00,3819.0,35.0,98.24,37.0,1735.9609375,1369.248284753412
2026-07-21T02:45:14.276713+00:00,3819.0,24.0,97.04,37.0,1735.9609375,1369.5945520624518
2026-07-21T02:45:14.594258+00:00,3819.0,14.0,96.33,37.0,1736.2109375,1369.9120963551104
2026-07-21T02:45:14.952882+00:00,3819.0,34.0,96.45,37.0,1736.2265625,1370.2707208059728
2026-07-21T02:45:15.297650+00:00,3819.0,34.0,97.47,37.0,1736.23828125,1370.6154886744916
2026-07-21T02:45:15.598281+00:00,3819.0,34.0,98.68,37.0,1736.25390625,1370.916119094938
2026-07-21T02:45:15.965391+00:00,3819.0,34.0,98.4,37.0,1736.25390625,1371.283229995519
2026-07-21T02:45:16.286835+00:00,3819.0,32.0,98.25,37.0,1736.26953125,1371.604674283415
2026-07-21T02:45:16.607724+00:00,3819.0,35.0,98.07,37.0,1736.2734375,1371.925562851131
2026-07-21T02:45:16.937927+00:00,3819.0,34.0,97.93,37.0,1736.2734375,1372.2557659260929
2026-07-21T02:45:17.258796+00:00,3819.0,33.0,97.77,37.0,1736.28515625,1372.5766345225275
2026-07-21T02:45:17.589913+00:00,3819.0,36.0,97.79,37.0,1736.28515625,1372.9077521152794
2026-07-21T02:45:17.953109+00:00,3819.0,33.0,98.05,37.0,1736.3125,1373.2709469161928
2026-07-21T02:45:18.273849+00:00,3819.0,36.0,98.37,37.0,1736.3125,1373.5916874408722
2026-07-21T02:45:18.603792+00:00,3819.0,35.0,98.27,37.0,1736.3125,1373.921631500125
2026-07-21T02:45:18.944239+00:00,3819.0,35.0,98.54,37.0,1736.328125,1374.2620775774121
2026-07-21T02:45:19.309030+00:00,3819.0,35.0,99.07,37.0,1736.328125,1374.6268685162067
2026-07-21T02:45:19.679655+00:00,3819.0,35.0,99.49,37.0,1736.34375,1374.9974933303893
2026-07-21T02:45:20.054716+00:00,3819.0,35.0,99.61,37.0,1736.34375,1375.3725537769496
2026-07-21T02:45:20.401454+00:00,3819.0,36.0,99.54,37.0,1736.359375,1375.7192921116948
2026-07-21T02:45:20.722213+00:00,3819.0,34.0,98.8,37.0,1736.51171875,1376.040051177144
2026-07-21T02:45:21.051699+00:00,3819.0,35.0,98.25,37.0,1736.515625,1376.369537062943
2026-07-21T02:45:21.370563+00:00,3819.0,34.0,98.17,37.0,1736.51953125,1376.6884011663496
2026-07-21T02:45:21.693493+00:00,3819.0,36.0,98.08,37.0,1736.51953125,1377.0113321468234
2026-07-21T02:45:22.056678+00:00,3819.0,28.0,97.02,37.0,1736.546875,1377.374517004937
2026-07-21T02:45:22.378701+00:00,3819.0,35.0,97.32,37.0,1736.546875,1377.696539502591
2026-07-21T02:45:22.720664+00:00,3819.0,35.0,98.0,37.0,1736.546875,1378.0385036505759
2026-07-21T02:45:23.041607+00:00,3819.0,35.0,99.23,37.0,1736.56640625,1378.3594462014735
2026-07-21T02:45:23.404539+00:00,3819.0,36.0,98.99,37.0,1736.56640625,1378.722378153354
2026-07-21T02:45:23.723099+00:00,3819.0,35.0,98.59,37.0,1736.58203125,1379.0409376099706
2026-07-21T02:45:24.042220+00:00,3819.0,34.0,98.03,37.0,1736.66015625,1379.360058389604
2026-07-21T02:45:24.410234+00:00,3819.0,35.0,98.19,37.0,1736.6640625,1379.7280710116029
2026-07-21T02:45:24.751698+00:00,3819.0,36.0,98.05,37.0,1736.6640625,1380.0695366039872
2026-07-21T02:45:25.083889+00:00,3819.0,35.0,98.46,37.0,1736.6640625,1380.4017269909382
2026-07-21T02:45:25.406944+00:00,3819.0,36.0,98.95,37.0,1736.69140625,1380.7247822098434
2026-07-21T02:45:25.742848+00:00,3819.0,35.0,99.19,37.0,1736.69140625,1381.0606867298484
2026-07-21T02:45:26.062323+00:00,3819.0,36.0,99.26,37.0,1736.703125,1381.3801622912288
2026-07-21T02:45:26.383663+00:00,3819.0,36.0,98.7,37.0,1736.703125,1381.7015016674995
2026-07-21T02:45:26.702740+00:00,3819.0,35.0,98.82,37.0,1736.703125,1382.020579393953
2026-07-21T02:45:27.046949+00:00,3819.0,35.0,99.08,37.0,1736.7265625,1382.364787761122
2026-07-21T02:45:27.384281+00:00,3819.0,36.0,98.91,37.0,1736.7265625,1382.7021203450859
2026-07-21T02:45:27.697404+00:00,3819.0,34.0,98.67,37.0,1736.734375,1383.015243217349
2026-07-21T02:45:28.017746+00:00,3819.0,35.0,98.58,37.0,1736.734375,1383.3355845883489
2026-07-21T02:45:28.338207+00:00,3819.0,9.0,98.34,37.0,1737.70703125,1383.656045164913
2026-07-21T02:45:28.658665+00:00,3819.0,34.0,98.36,37.0,1737.72265625,1383.97650462389
2026-07-21T02:45:29.024742+00:00,3819.0,35.0,98.22,37.0,1737.734375,1384.342581026256
2026-07-21T02:45:29.342379+00:00,3819.0,35.0,98.69,37.0,1737.75,1384.6602180562913
2026-07-21T02:45:29.686932+00:00,3819.0,33.0,98.78,37.0,1737.75,1385.0047708041966
2026-07-21T02:45:30.005275+00:00,3819.0,36.0,98.76,37.0,1737.77734375,1385.323114670813
2026-07-21T02:45:30.327053+00:00,3819.0,35.0,98.72,37.0,1737.77734375,1385.6448913030326
2026-07-21T02:45:30.650956+00:00,3819.0,36.0,98.88,37.0,1737.78515625,1385.9687950462103
2026-07-21T02:45:31.013416+00:00,3819.0,33.0,99.11,37.0,1737.7890625,1386.3312549479306
2026-07-21T02:45:31.356250+00:00,3819.0,35.0,99.03,37.0,1737.7890625,1386.6740881465375
2026-07-21T02:45:31.726165+00:00,3819.0,36.0,99.1,37.0,1737.8125,1387.0440041869879
2026-07-21T02:45:32.091603+00:00,3819.0,35.0,99.14,37.0,1737.8125,1387.4094413630664
2026-07-21T02:45:32.433415+00:00,3819.0,13.0,98.72,37.0,1737.83203125,1387.7512534670532
2026-07-21T02:45:32.759099+00:00,3819.0,36.0,98.71,37.0,1737.83203125,1388.076938610524
2026-07-21T02:45:33.085251+00:00,3819.0,34.0,98.1,37.0,1737.8359375,1388.4030892029405
2026-07-21T02:45:33.402495+00:00,3819.0,36.0,98.82,37.0,1737.84375,1388.7203337922692
2026-07-21T02:45:33.721894+00:00,3819.0,34.0,97.86,37.0,1737.84375,1389.0397338345647
2026-07-21T02:45:34.063326+00:00,3819.0,34.0,98.03,37.0,1737.8671875,1389.3811653517187
2026-07-21T02:45:34.409002+00:00,3819.0,35.0,98.09,37.0,1737.8671875,1389.7268411554396
2026-07-21T02:45:34.729734+00:00,3819.0,36.0,98.56,37.0,1737.8828125,1390.0475730374455
2026-07-21T02:45:35.060700+00:00,3819.0,34.0,98.15,37.0,1737.8828125,1390.378538724035
2026-07-21T02:45:35.426905+00:00,3819.0,36.0,98.08,37.0,1737.88671875,1390.7447438798845
2026-07-21T02:45:35.747886+00:00,3819.0,34.0,98.05,37.0,1737.89453125,1391.0657248273492
2026-07-21T02:45:36.112139+00:00,3819.0,34.0,98.91,37.0,1737.89453125,1391.4299768917263
2026-07-21T02:45:36.456159+00:00,3819.0,36.0,98.68,37.0,1737.91015625,1391.773997362703
2026-07-21T02:45:36.816212+00:00,3819.0,36.0,99.15,37.0,1737.91015625,1392.1340510174632
2026-07-21T02:45:37.174441+00:00,3819.0,35.0,98.78,37.0,1737.92578125,1392.4922801107168
2026-07-21T02:45:37.536539+00:00,3819.0,35.0,98.84,37.0,1737.92578125,1392.8543783314526
2026-07-21T02:45:37.857170+00:00,3819.0,34.0,98.49,37.0,1737.9296875,1393.1750089973211
2026-07-21T02:45:38.177450+00:00,3819.0,23.0,97.61,37.0,1737.94921875,1393.4952883943915
2026-07-21T02:45:38.497674+00:00,3819.0,34.0,97.78,37.0,1737.94921875,1393.8155136704445
2026-07-21T02:45:38.794322+00:00,3819.0,27.0,97.18,37.0,1737.95703125,1394.1121583729982
2026-07-21T02:45:39.133307+00:00,3819.0,35.0,97.7,37.0,1737.9609375,1394.4511463306844
2026-07-21T02:45:39.451205+00:00,3819.0,35.0,97.98,37.0,1737.9609375,1394.769044149667
2026-07-21T02:45:39.795603+00:00,3819.0,34.0,98.49,37.0,1737.98046875,1395.1134415715933
2026-07-21T02:45:40.131360+00:00,3819.0,35.0,98.61,37.0,1737.98046875,1395.449198346585
2026-07-21T02:45:40.496949+00:00,3819.0,25.0,98.48,37.0,1738.0,1395.814787633717
2026-07-21T02:45:40.818151+00:00,3819.0,35.0,97.73,37.0,1738.0,1396.135989997536
2026-07-21T02:45:41.138101+00:00,3819.0,35.0,98.0,37.0,1738.0,1396.455938629806
2026-07-21T02:45:41.436590+00:00,3819.0,35.0,97.96,37.0,1738.015625,1396.7544294595718
2026-07-21T02:45:41.754393+00:00,3819.0,35.0,98.9,37.0,1738.015625,1397.0722319371998
2026-07-21T02:45:42.188104+00:00,3819.0,20.0,97.53,37.0,1738.03515625,1397.5059411153197
2026-07-21T02:45:42.510427+00:00,3819.0,33.0,97.79,37.0,1738.03515625,1397.828265439719
2026-07-21T02:45:42.853016+00:00,3819.0,35.0,97.5,37.0,1738.03515625,1398.1708545796573
2026-07-21T02:45:43.174015+00:00,3819.0,34.0,98.48,37.0,1738.0546875,1398.4918536171317
2026-07-21T02:45:43.493274+00:00,3819.0,35.0,98.35,37.0,1738.0546875,1398.8111126571894
2026-07-21T02:45:43.813282+00:00,3819.0,35.0,98.6,37.0,1738.07421875,1399.1311215683818
2026-07-21T02:45:44.129594+00:00,3819.0,35.0,98.67,37.0,1738.07421875,1399.4474321492016
2026-07-21T02:45:44.450069+00:00,3819.0,36.0,98.75,37.0,1738.078125,1399.7679076902568
2026-07-21T02:45:44.774871+00:00,3819.0,35.0,98.77,37.0,1738.0859375,1400.092709157616
2026-07-21T02:45:45.081837+00:00,3819.0,10.0,97.39,37.0,1738.30859375,1400.3996748290956
2026-07-21T02:45:45.378703+00:00,3819.0,0.0,95.36,37.0,1738.30859375,1400.696542289108
2026-07-21T02:45:45.698401+00:00,3819.0,36.0,95.31,37.0,1738.30859375,1401.016240324825
2026-07-21T02:45:46.017607+00:00,3819.0,35.0,96.75,37.0,1738.30859375,1401.3354455158114
2026-07-21T02:45:46.315836+00:00,3819.0,35.0,98.45,37.0,1738.30859375,1401.633675813675
2026-07-21T02:45:46.656657+00:00,3819.0,36.0,98.72,37.0,1738.30859375,1401.9744964838028
2026-07-21T02:45:46.994771+00:00,3819.0,35.0,98.63,37.0,1738.30859375,1402.3126108422875
2026-07-21T02:45:47.334837+00:00,3819.0,36.0,99.25,37.0,1738.30859375,1402.6526761502028
2026-07-21T02:45:47.698383+00:00,3819.0,35.0,99.34,37.0,1738.30859375,1403.0162224210799
2026-07-21T02:45:48.020900+00:00,3819.0,36.0,99.51,37.0,1738.30859375,1403.338739439845
2026-07-21T02:45:48.338963+00:00,3819.0,36.0,99.63,37.0,1738.30859375,1403.6568020656705
2026-07-21T02:45:48.658155+00:00,3819.0,32.0,99.21,37.0,1738.3125,1403.975993618369
2026-07-21T02:45:48.977307+00:00,3819.0,35.0,99.2,37.0,1738.3125,1404.2951464504004
2026-07-21T02:45:49.272218+00:00,3819.0,35.0,99.14,37.0,1738.3125,1404.590057168156
2026-07-21T02:45:49.587744+00:00,3819.0,35.0,99.28,37.0,1738.3125,1404.9055836834013
2026-07-21T02:45:49.927083+00:00,3819.0,35.0,99.51,37.0,1738.3125,1405.244922425598
2026-07-21T02:45:50.239671+00:00,3819.0,37.0,98.91,37.0,1738.3125,1405.5575089715421
2026-07-21T02:45:50.558030+00:00,3819.0,36.0,99.12,37.0,1738.3125,1405.8758690357208
2026-07-21T02:45:50.877409+00:00,3819.0,35.0,99.13,37.0,1738.3125,1406.1952483393252
2026-07-21T02:45:51.173695+00:00,3819.0,35.0,99.54,37.0,1738.3125,1406.491534218192
2026-07-21T02:45:51.494446+00:00,3819.0,36.0,99.49,37.0,1738.3125,1406.8122846260667
2026-07-21T02:45:51.808271+00:00,3819.0,35.0,99.33,37.0,1738.3125,1407.1261104755104
2026-07-21T02:45:52.120647+00:00,3819.0,35.0,99.33,37.0,1738.3125,1407.4384862296283
2026-07-21T02:45:52.458910+00:00,3819.0,36.0,99.5,37.0,1738.3125,1407.7767492346466
2026-07-21T02:45:52.777480+00:00,3819.0,35.0,99.58,37.0,1738.3125,1408.0953181162477
2026-07-21T02:45:53.102449+00:00,3819.0,36.0,99.5,37.0,1738.3125,1408.4202885702252
2026-07-21T02:45:53.416373+00:00,3819.0,35.0,99.72,37.0,1738.3125,1408.73421196267
2026-07-21T02:45:53.763662+00:00,3819.0,36.0,99.96,37.0,1738.3125,1409.0815015211701
2026-07-21T02:45:54.075655+00:00,3819.0,36.0,100.05,37.0,1738.3125,1409.3934950083494
2026-07-21T02:45:54.414139+00:00,3819.0,35.0,100.01,37.0,1738.3125,1409.7319792844355
2026-07-21T02:45:54.770338+00:00,3819.0,34.0,99.73,37.0,1738.3125,1410.088176868856
2026-07-21T02:45:55.139336+00:00,3819.0,34.0,99.89,37.0,1738.3125,1410.4571745693684
2026-07-21T02:45:55.462414+00:00,3819.0,36.0,99.83,37.0,1738.3125,1410.780253045261
2026-07-21T02:45:55.781876+00:00,3819.0,34.0,99.81,37.0,1738.3125,1411.0997154824436
2026-07-21T02:45:56.140871+00:00,3819.0,36.0,99.81,37.0,1738.3125,1411.45871001482
2026-07-21T02:45:56.463105+00:00,3819.0,28.0,98.72,37.0,1738.3125,1411.7809434495866
2026-07-21T02:45:56.765591+00:00,3819.0,34.0,98.57,37.0,1738.3125,1412.0834294073284
2026-07-21T02:45:57.086437+00:00,3819.0,36.0,98.85,37.0,1738.3125,1412.4042754918337
2026-07-21T02:45:57.387735+00:00,3821.0,34.0,99.82,37.0,1738.3125,1412.7055738978088
2026-07-21T02:45:57.728993+00:00,3821.0,34.0,100.18,37.0,1738.3125,1413.0468322373927
2026-07-21T02:45:58.097197+00:00,3823.0,34.0,100.15,37.0,1738.3125,1413.4150361344218
2026-07-21T02:45:58.441845+00:00,3823.0,34.0,100.58,37.0,1738.3125,1413.7596841529012
2026-07-21T02:45:58.740892+00:00,3823.0,34.0,100.53,37.0,1738.32421875,1414.0587310530245
2026-07-21T02:45:59.062735+00:00,3823.0,34.0,100.01,37.0,1738.32421875,1414.3805735111237
2026-07-21T02:45:59.382932+00:00,3823.0,36.0,99.71,37.0,1738.32421875,1414.7007711865008
2026-07-21T02:45:59.702559+00:00,3823.0,36.0,99.18,37.0,1738.32421875,1415.0203983262181
2026-07-21T02:46:00.000166+00:00,3823.0,36.0,99.51,37.0,1738.32421875,1415.3180055618286
2026-07-21T02:46:00.338600+00:00,3823.0,35.0,99.79,37.0,1738.32421875,1415.6564395017922
2026-07-21T02:46:00.632449+00:00,3823.0,36.0,100.22,37.0,1738.32421875,1415.9502888321877
2026-07-21T02:46:00.950514+00:00,3823.0,36.0,100.45,37.0,1738.32421875,1416.2683525644243
2026-07-21T02:46:01.292447+00:00,3823.0,35.0,100.31,37.0,1738.32421875,1416.610285565257
2026-07-21T02:46:01.608507+00:00,3823.0,36.0,100.03,37.0,1738.32421875,1416.9263463132083
2026-07-21T02:46:01.924179+00:00,3823.0,36.0,100.06,37.0,1738.32421875,1417.2420181408525
2026-07-21T02:46:02.266533+00:00,3823.0,35.0,100.07,37.0,1738.32421875,1417.5843723714352
2026-07-21T02:46:02.586487+00:00,3823.0,36.0,100.45,37.0,1738.32421875,1417.904326967895
2026-07-21T02:46:02.907933+00:00,3823.0,35.0,100.42,37.0,1738.32421875,1418.225772537291
2026-07-21T02:46:03.262346+00:00,3823.0,36.0,100.44,37.0,1738.32421875,1418.5801854021847
2026-07-21T02:46:03.560125+00:00,3823.0,20.0,100.27,37.0,1738.328125,1418.8779624216259
2026-07-21T02:46:03.879982+00:00,3823.0,36.0,99.89,37.0,1738.328125,1419.197821520269
2026-07-21T02:46:04.194507+00:00,3823.0,35.0,99.74,37.0,1738.328125,1419.5123457238078
2026-07-21T02:46:04.514121+00:00,3823.0,36.0,100.46,37.0,1738.328125,1419.8319603465497
2026-07-21T02:46:04.911811+00:00,3823.0,23.0,100.14,37.0,1738.33203125,1420.229649193585
2026-07-21T02:46:05.227925+00:00,3823.0,36.0,99.96,37.0,1738.33203125,1420.5457635298371
2026-07-21T02:46:05.592078+00:00,3823.0,34.0,100.11,37.0,1738.33203125,1420.90991749987
2026-07-21T02:46:05.954905+00:00,3823.0,36.0,99.88,37.0,1738.33203125,1421.2727429457009
2026-07-21T02:46:06.272833+00:00,3823.0,36.0,100.07,37.0,1738.33203125,1421.5906723961234
2026-07-21T02:46:06.588592+00:00,3823.0,36.0,99.63,37.0,1738.33203125,1421.9064317643642
2026-07-21T02:46:06.952921+00:00,3823.0,36.0,99.56,37.0,1738.33203125,1422.2707603611052
2026-07-21T02:46:07.273303+00:00,3823.0,36.0,99.57,37.0,1738.3359375,1422.591141808778
2026-07-21T02:46:07.640327+00:00,3823.0,36.0,99.86,37.0,1738.3359375,1422.9581658802927
2026-07-21T02:46:07.961693+00:00,3823.0,36.0,99.38,37.0,1738.3359375,1423.279531918466
2026-07-21T02:46:08.258893+00:00,3823.0,36.0,99.25,37.0,1738.3359375,1423.5767319872975
2026-07-21T02:46:08.596505+00:00,3823.0,36.0,99.19,37.0,1738.3359375,1423.9143441952765
2026-07-21T02:46:08.917877+00:00,3823.0,36.0,99.57,37.0,1738.3359375,1424.2357160784304
2026-07-21T02:46:09.238811+00:00,3823.0,36.0,99.66,37.0,1738.3359375,1424.5566504783928
2026-07-21T02:46:09.555706+00:00,3823.0,36.0,99.74,37.0,1738.3359375,1424.8735441826284
2026-07-21T02:46:09.915771+00:00,3823.0,32.0,99.35,37.0,1738.3359375,1425.2336090877652
2026-07-21T02:46:10.211526+00:00,3823.0,36.0,99.3,37.0,1738.3359375,1425.5293645709753
2026-07-21T02:46:10.555616+00:00,3823.0,36.0,99.19,37.0,1738.3359375,1425.8734539747238
2026-07-21T02:46:10.853506+00:00,3823.0,35.0,99.39,37.0,1738.3359375,1426.1713452078402
2026-07-21T02:46:11.193059+00:00,3823.0,36.0,99.6,37.0,1738.3359375,1426.5108978673816
2026-07-21T02:46:11.557782+00:00,3823.0,35.0,99.19,37.0,1738.3359375,1426.8756207637489
2026-07-21T02:46:11.921049+00:00,3823.0,35.0,99.64,37.0,1738.3359375,1427.2388870753348
2026-07-21T02:46:12.265788+00:00,3823.0,34.0,99.56,37.0,1738.3359375,1427.5836274810135
2026-07-21T02:46:12.609245+00:00,3823.0,35.0,100.31,37.0,1738.3359375,1427.9270843937993
2026-07-21T02:46:12.976084+00:00,3823.0,36.0,100.28,37.0,1738.3359375,1428.2939220927656
2026-07-21T02:46:13.294200+00:00,3823.0,36.0,100.02,37.0,1738.3359375,1428.6120391078293
2026-07-21T02:46:13.618797+00:00,3823.0,35.0,99.87,37.0,1738.3359375,1428.9366356022656
2026-07-21T02:46:13.960647+00:00,3823.0,36.0,100.02,37.0,1738.3359375,1429.2784857153893
2026-07-21T02:46:14.282023+00:00,3823.0,9.0,99.07,37.0,1738.34375,1429.5998614057899
2026-07-21T02:46:14.624436+00:00,3823.0,34.0,98.48,37.0,1738.34375,1429.9422746561468
2026-07-21T02:46:14.923785+00:00,3823.0,35.0,98.0,37.0,1738.34375,1430.2416237741709
2026-07-21T02:46:15.286953+00:00,3823.0,35.0,98.26,37.0,1738.34375,1430.6047917865217
2026-07-21T02:46:15.606702+00:00,3823.0,33.0,98.34,37.0,1738.34375,1430.924540873617
2026-07-21T02:46:15.921356+00:00,3823.0,35.0,98.79,37.0,1738.34375,1431.239195626229
2026-07-21T02:46:16.238631+00:00,3823.0,36.0,99.19,37.0,1738.34375,1431.5564701668918
2026-07-21T02:46:16.558636+00:00,3823.0,35.0,99.12,37.0,1738.34375,1431.8764750659466
2026-07-21T02:46:16.857149+00:00,3823.0,36.0,98.71,37.0,1738.41015625,1432.174987360835
2026-07-21T02:46:17.250091+00:00,3823.0,14.0,98.01,37.0,1738.4140625,1432.5679194815457
2026-07-21T02:46:17.569767+00:00,3823.0,36.0,98.12,37.0,1738.4140625,1432.887606345117
2026-07-21T02:46:17.888763+00:00,3823.0,35.0,98.36,37.0,1738.4140625,1433.2065975777805
2026-07-21T02:46:18.209861+00:00,3823.0,35.0,98.95,37.0,1738.4140625,1433.5277004428208
2026-07-21T02:46:18.552299+00:00,3823.0,36.0,98.89,37.0,1738.4140625,1433.8701367229223
2026-07-21T02:46:18.901122+00:00,3823.0,35.0,98.75,37.0,1738.4140625,1434.218962058425
2026-07-21T02:46:19.221432+00:00,3823.0,31.0,98.54,37.0,1738.41796875,1434.539270747453
2026-07-21T02:46:19.563164+00:00,3823.0,36.0,98.63,37.0,1738.421875,1434.8810024745762
2026-07-21T02:46:19.859525+00:00,3823.0,35.0,98.59,37.0,1738.421875,1435.1773645207286
2026-07-21T02:46:20.179569+00:00,3823.0,36.0,98.78,37.0,1738.421875,1435.4974079243839
2026-07-21T02:46:20.521107+00:00,3823.0,35.0,98.62,37.0,1738.421875,1435.8389463461936
2026-07-21T02:46:20.818025+00:00,3823.0,35.0,98.86,37.0,1738.421875,1436.1358636543155
2026-07-21T02:46:21.136789+00:00,3823.0,35.0,98.79,37.0,1738.421875,1436.4546281509101
2026-07-21T02:46:21.458700+00:00,3823.0,30.0,98.35,37.0,1738.421875,1436.7765382491052
2026-07-21T02:46:21.776480+00:00,3823.0,36.0,98.19,37.0,1738.42578125,1437.0943196378648
2026-07-21T02:46:22.099439+00:00,3823.0,35.0,98.48,37.0,1738.42578125,1437.4172782339156
2026-07-21T02:46:22.416129+00:00,3823.0,36.0,99.12,37.0,1738.42578125,1437.7339689396322
2026-07-21T02:46:22.755661+00:00,3823.0,35.0,99.46,37.0,1738.42578125,1438.0735001601279
2026-07-21T02:46:23.082383+00:00,3823.0,34.0,99.25,37.0,1738.42578125,1438.4002218842506
2026-07-21T02:46:23.379171+00:00,3823.0,35.0,99.15,37.0,1738.42578125,1438.6970111690462
2026-07-21T02:46:23.699828+00:00,3823.0,35.0,98.24,37.0,1738.4296875,1439.0176664479077
2026-07-21T02:46:24.035587+00:00,3823.0,35.0,98.08,37.0,1738.4296875,1439.3534260578454
2026-07-21T02:46:24.333158+00:00,3823.0,34.0,97.97,37.0,1738.4296875,1439.6509976238012
2026-07-21T02:46:24.668572+00:00,3823.0,34.0,98.4,37.0,1738.4296875,1439.9864105321467
2026-07-21T02:46:25.042752+00:00,3823.0,33.0,98.34,37.0,1738.4296875,1440.360591199249
2026-07-21T02:46:25.361682+00:00,3823.0,34.0,98.31,37.0,1738.4296875,1440.6795208901167
2026-07-21T02:46:25.680290+00:00,3823.0,35.0,98.56,37.0,1738.4296875,1440.9981297180057
2026-07-21T02:46:25.999912+00:00,3823.0,35.0,98.78,37.0,1738.4296875,1441.3177503496408
2026-07-21T02:46:26.359865+00:00,3823.0,34.0,98.95,37.0,1738.4296875,1441.6777028813958
2026-07-21T02:46:26.657380+00:00,3823.0,35.0,98.98,37.0,1738.4296875,1441.9752195850015
2026-07-21T02:46:26.977461+00:00,3823.0,12.0,98.56,37.0,1738.43359375,1442.2952945828438
2026-07-21T02:46:27.344273+00:00,3823.0,34.0,98.75,37.0,1738.43359375,1442.6621124781668
2026-07-21T02:46:27.662306+00:00,3823.0,35.0,98.56,37.0,1738.43359375,1442.9801448136568
2026-07-21T02:46:27.985323+00:00,3823.0,34.0,98.78,37.0,1738.43359375,1443.303162176162
2026-07-21T02:46:28.305775+00:00,3823.0,34.0,98.79,37.0,1738.43359375,1443.6236143447459
2026-07-21T02:46:28.625873+00:00,3823.0,34.0,98.85,37.0,1738.43359375,1443.9437115341425
2026-07-21T02:46:28.991073+00:00,3823.0,33.0,99.08,37.0,1738.43359375,1444.308910511434
2026-07-21T02:46:29.349111+00:00,3823.0,34.0,98.99,37.0,1738.43359375,1444.6669493466616
2026-07-21T02:46:29.670318+00:00,3823.0,34.0,98.77,37.0,1738.43359375,1444.9881578981876
2026-07-21T02:46:29.988825+00:00,3823.0,34.0,98.69,37.0,1738.43359375,1445.3066636659205
2026-07-21T02:46:30.306883+00:00,3823.0,34.0,98.64,37.0,1738.43359375,1445.6247222013772
2026-07-21T02:46:30.625800+00:00,3823.0,34.0,98.81,37.0,1738.43359375,1445.943639419973
2026-07-21T02:46:30.944601+00:00,3823.0,34.0,98.75,37.0,1738.43359375,1446.2624400146306
2026-07-21T02:46:31.266527+00:00,3823.0,34.0,98.65,37.0,1738.43359375,1446.5843654982746
2026-07-21T02:46:31.609509+00:00,3823.0,34.0,98.73,37.0,1738.43359375,1446.9273484535515
2026-07-21T02:46:31.951948+00:00,3823.0,34.0,99.0,37.0,1738.43359375,1447.2697870098054
2026-07-21T02:46:32.296623+00:00,3823.0,33.0,99.17,37.0,1738.43359375,1447.6144613809884
2026-07-21T02:46:32.619314+00:00,3823.0,34.0,99.2,37.0,1738.43359375,1447.9371531531215
2026-07-21T02:46:32.983359+00:00,3823.0,35.0,99.2,37.0,1738.43359375,1448.3011982701719
2026-07-21T02:46:33.296411+00:00,3823.0,35.0,99.33,37.0,1738.43359375,1448.614250458777
2026-07-21T02:46:33.666169+00:00,3823.0,34.0,99.66,37.0,1738.43359375,1448.9840074069798
2026-07-21T02:46:33.964275+00:00,3823.0,34.0,99.44,37.0,1738.43359375,1449.282113801688
2026-07-21T02:46:34.285771+00:00,3823.0,34.0,99.45,37.0,1738.43359375,1449.60361032933
2026-07-21T02:46:34.605668+00:00,3823.0,34.0,99.48,37.0,1738.43359375,1449.9235074408352
2026-07-21T02:46:34.903230+00:00,3823.0,34.0,99.67,37.0,1738.43359375,1450.221068419516
2026-07-21T02:46:35.262889+00:00,3823.0,21.0,99.31,37.0,1738.44140625,1450.5807266421616
2026-07-21T02:46:35.581167+00:00,3823.0,34.0,99.05,37.0,1738.44140625,1450.899006780237
2026-07-21T02:46:35.919541+00:00,3823.0,33.0,98.65,37.0,1738.44140625,1451.2373804971576
2026-07-21T02:46:36.217524+00:00,3823.0,35.0,98.72,37.0,1738.44140625,1451.535362686962
2026-07-21T02:46:36.555661+00:00,3823.0,35.0,98.71,37.0,1738.44140625,1451.8735006451607
2026-07-21T02:46:36.872711+00:00,3823.0,35.0,98.92,37.0,1738.44140625,1452.1905500479043
2026-07-21T02:46:37.190952+00:00,3823.0,34.0,98.87,37.0,1738.44140625,1452.5087904781103
2026-07-21T02:46:37.556771+00:00,3823.0,33.0,98.85,37.0,1738.44140625,1452.8746096491814
2026-07-21T02:46:37.881024+00:00,3823.0,34.0,99.02,37.0,1738.44140625,1453.1988623663783
2026-07-21T02:46:38.247386+00:00,3823.0,35.0,99.44,37.0,1738.44140625,1453.5652254074812
2026-07-21T02:46:38.543761+00:00,3823.0,35.0,99.27,37.0,1738.44140625,1453.8615992031991
2026-07-21T02:46:38.839017+00:00,3823.0,35.0,99.32,37.0,1738.44140625,1454.156856674701
2026-07-21T02:46:39.159497+00:00,3823.0,35.0,99.45,37.0,1738.44140625,1454.4773351065814
2026-07-21T02:46:39.477014+00:00,3823.0,34.0,99.54,37.0,1738.44140625,1454.7948528192937
2026-07-21T02:46:39.795095+00:00,3823.0,35.0,99.33,37.0,1738.44140625,1455.1129343621433
2026-07-21T02:46:40.156021+00:00,3823.0,33.0,99.17,37.0,1738.44140625,1455.4738601483405
2026-07-21T02:46:40.499199+00:00,3823.0,35.0,99.31,37.0,1738.44140625,1455.8170384317636
2026-07-21T02:46:40.838804+00:00,3823.0,35.0,99.54,37.0,1738.44140625,1456.156642884016
2026-07-21T02:46:41.179637+00:00,3823.0,35.0,99.52,37.0,1738.44140625,1456.4974752776325
2026-07-21T02:46:41.498142+00:00,3823.0,34.0,99.17,37.0,1738.44140625,1456.815980810672
2026-07-21T02:46:41.860300+00:00,3823.0,35.0,99.52,37.0,1738.44140625,1457.178138833493
2026-07-21T02:46:42.204530+00:00,3823.0,35.0,98.04,37.0,1738.44140625,1457.5223689116538
2026-07-21T02:46:42.548307+00:00,3823.0,35.0,98.36,37.0,1738.44140625,1457.8661458678544
2026-07-21T02:46:42.865711+00:00,3823.0,35.0,98.13,37.0,1738.44140625,1458.1835498549044
2026-07-21T02:46:43.181316+00:00,3823.0,35.0,99.57,37.0,1738.44140625,1458.4991548210382
2026-07-21T02:46:43.497834+00:00,3823.0,35.0,99.67,37.0,1738.44140625,1458.8156723715365
2026-07-21T02:46:43.837238+00:00,3823.0,17.0,99.48,37.0,1738.44921875,1459.1550758555532
2026-07-21T02:46:44.158364+00:00,3823.0,34.0,99.39,37.0,1738.44921875,1459.4762028343976
2026-07-21T02:46:44.501838+00:00,3823.0,33.0,98.97,37.0,1738.44921875,1459.8196766264737
2026-07-21T02:46:44.864409+00:00,3823.0,34.0,98.63,37.0,1738.44921875,1460.1822481527925
2026-07-21T02:46:45.183939+00:00,3823.0,33.0,98.45,37.0,1738.44921875,1460.5017767883837
2026-07-21T02:46:45.486961+00:00,3823.0,33.0,98.75,37.0,1738.44921875,1460.8048003055155
2026-07-21T02:46:45.816142+00:00,3823.0,33.0,99.08,37.0,1738.44921875,1461.1339807510376
2026-07-21T02:46:46.142220+00:00,3823.0,35.0,99.26,37.0,1738.44921875,1461.4600598029792
2026-07-21T02:46:46.504816+00:00,3823.0,32.0,99.08,37.0,1738.44921875,1461.8226537816226
2026-07-21T02:46:46.833080+00:00,3823.0,34.0,98.86,37.0,1738.44921875,1462.1509190276265
2026-07-21T02:46:47.172061+00:00,3823.0,34.0,99.0,37.0,1738.44921875,1462.489899881184
2026-07-21T02:46:47.524314+00:00,3823.0,34.0,98.62,37.0,1738.44921875,1462.8421537689865
2026-07-21T02:46:47.845142+00:00,3823.0,33.0,98.83,37.0,1738.44921875,1463.1629798188806
2026-07-21T02:46:48.204008+00:00,3823.0,34.0,99.2,37.0,1738.44921875,1463.521846640855
2026-07-21T02:46:48.533366+00:00,3823.0,33.0,99.11,37.0,1738.44921875,1463.8512051664293
2026-07-21T02:46:48.859104+00:00,3823.0,34.0,98.97,37.0,1738.44921875,1464.1769423559308
2026-07-21T02:46:49.189171+00:00,3823.0,34.0,98.81,37.0,1738.44921875,1464.5070100799203
2026-07-21T02:46:49.508726+00:00,3823.0,34.0,99.06,37.0,1738.44921875,1464.8265634067357
2026-07-21T02:46:49.829859+00:00,3823.0,35.0,99.16,37.0,1738.44921875,1465.1476975418627
2026-07-21T02:46:50.137191+00:00,3823.0,35.0,99.16,37.0,1738.44921875,1465.4550304748118
2026-07-21T02:46:50.452390+00:00,3823.0,35.0,99.37,37.0,1738.44921875,1465.7702291980386
2026-07-21T02:46:50.765828+00:00,3823.0,35.0,99.14,37.0,1738.44921875,1466.083666820079
2026-07-21T02:46:51.110278+00:00,3823.0,34.0,99.32,37.0,1738.44921875,1466.4281166307628
2026-07-21T02:46:51.450940+00:00,3823.0,35.0,99.53,37.0,1738.44921875,1466.7687800452113
2026-07-21T02:46:51.827898+00:00,3823.0,35.0,99.87,37.0,1738.44921875,1467.145737208426
2026-07-21T02:46:52.125651+00:00,3823.0,35.0,99.62,37.0,1738.44921875,1467.4434907063842
2026-07-21T02:46:52.457412+00:00,3823.0,35.0,99.19,37.0,1738.44921875,1467.7752511277795
2026-07-21T02:46:52.755325+00:00,3823.0,34.0,98.93,37.0,1738.45703125,1468.0731641054153
2026-07-21T02:46:53.126613+00:00,3823.0,32.0,98.4,37.0,1738.45703125,1468.4444525577128
2026-07-21T02:46:53.446295+00:00,3823.0,35.0,98.47,37.0,1738.45703125,1468.7641341723502
2026-07-21T02:46:53.770369+00:00,3823.0,34.0,98.86,37.0,1738.45703125,1469.0882080681622
2026-07-21T02:46:54.123479+00:00,3823.0,35.0,98.8,37.0,1738.45703125,1469.441317576915
2026-07-21T02:46:54.459807+00:00,3823.0,35.0,98.85,37.0,1738.45703125,1469.777646124363
2026-07-21T02:46:54.770041+00:00,3823.0,35.0,98.94,37.0,1738.45703125,1470.0878796502948
2026-07-21T02:46:55.135796+00:00,3823.0,35.0,99.28,37.0,1738.45703125,1470.4536352157593
2026-07-21T02:46:55.459087+00:00,3823.0,33.0,99.15,37.0,1738.45703125,1470.7769263461232
2026-07-21T02:46:55.790765+00:00,3823.0,35.0,99.17,37.0,1738.45703125,1471.1086018681526
2026-07-21T02:46:56.128282+00:00,3823.0,34.0,99.07,37.0,1738.45703125,1471.446120928973
2026-07-21T02:46:56.457133+00:00,3823.0,34.0,99.09,37.0,1738.45703125,1471.7749727591872
2026-07-21T02:46:56.775947+00:00,3823.0,34.0,99.22,37.0,1738.45703125,1472.0937862433493
2026-07-21T02:46:57.075435+00:00,3823.0,35.0,99.23,37.0,1738.45703125,1472.3932735919952
2026-07-21T02:46:57.406302+00:00,3823.0,34.0,99.14,37.0,1738.45703125,1472.7241416275501
2026-07-21T02:46:57.726054+00:00,3823.0,34.0,99.33,37.0,1738.45703125,1473.043893031776
2026-07-21T02:46:58.076670+00:00,3823.0,35.0,99.21,37.0,1738.45703125,1473.3945091739297
2026-07-21T02:46:58.397078+00:00,3823.0,34.0,99.54,37.0,1738.45703125,1473.7149173021317
2026-07-21T02:46:58.716185+00:00,3823.0,34.0,99.44,37.0,1738.45703125,1474.034024823457
2026-07-21T02:46:59.041459+00:00,3823.0,35.0,99.06,37.0,1738.46484375,1474.3592965975404
2026-07-21T02:46:59.380545+00:00,3823.0,34.0,98.71,37.0,1738.46484375,1474.6983837857842
2026-07-21T02:46:59.733397+00:00,3823.0,34.0,98.32,37.0,1738.46484375,1475.0512358173728
2026-07-21T02:47:00.073820+00:00,3823.0,35.0,98.97,37.0,1738.46484375,1475.391658756882
2026-07-21T02:47:00.428182+00:00,3823.0,34.0,98.56,37.0,1738.46484375,1475.7460217252374
2026-07-21T02:47:00.772509+00:00,3823.0,34.0,99.21,37.0,1738.46484375,1476.0903487242758
2026-07-21T02:47:01.140196+00:00,3823.0,33.0,99.56,37.0,1738.46484375,1476.458034619689
2026-07-21T02:47:01.470684+00:00,3823.0,33.0,99.42,37.0,1738.46484375,1476.7885230630636
2026-07-21T02:47:01.840809+00:00,3823.0,34.0,98.78,37.0,1738.46484375,1477.1586480215192
2026-07-21T02:47:02.166348+00:00,3823.0,32.0,98.07,37.0,1738.46484375,1477.484187297523
2026-07-21T02:47:02.535654+00:00,3823.0,32.0,98.64,37.0,1738.46484375,1477.8534929938614
2026-07-21T02:47:02.859039+00:00,3823.0,33.0,98.8,37.0,1738.46484375,1478.1768746338785
2026-07-21T02:47:03.204089+00:00,3823.0,35.0,99.26,37.0,1738.46484375,1478.5219282321632
2026-07-21T02:47:03.553051+00:00,3823.0,34.0,99.05,37.0,1738.46484375,1478.8708904236555
2026-07-21T02:47:03.916819+00:00,3823.0,32.0,99.16,37.0,1738.46484375,1479.2346579879522
2026-07-21T02:47:04.281036+00:00,3823.0,35.0,98.88,38.0,1738.46484375,1479.5988744869828
2026-07-21T02:47:04.620948+00:00,3823.0,35.0,99.21,37.0,1738.46484375,1479.9387870915234
2026-07-21T02:47:04.941919+00:00,3823.0,34.0,99.03,37.0,1738.46484375,1480.2597583420575
2026-07-21T02:47:05.261496+00:00,3823.0,33.0,99.12,38.0,1738.46484375,1480.579335231334
2026-07-21T02:47:05.581900+00:00,3823.0,35.0,99.04,37.0,1738.46484375,1480.8997393287718
2026-07-21T02:47:05.920910+00:00,3823.0,34.0,99.03,38.0,1738.46484375,1481.2387482747436
2026-07-21T02:47:06.265427+00:00,3823.0,34.0,99.0,38.0,1738.46484375,1481.583265800029
2026-07-21T02:47:06.587490+00:00,3823.0,34.0,99.03,38.0,1738.46484375,1481.9053286910057
2026-07-21T02:47:06.932159+00:00,3823.0,32.0,99.09,37.0,1738.46484375,1482.249997574836
2026-07-21T02:47:07.272072+00:00,3823.0,35.0,99.31,38.0,1738.46484375,1482.5899110883474
2026-07-21T02:47:07.595427+00:00,3823.0,33.0,99.41,38.0,1738.46484375,1482.9132655896246
2026-07-21T02:47:07.984786+00:00,3823.0,34.0,98.73,38.0,1739.26171875,1483.3026241473854
2026-07-21T02:47:08.328643+00:00,3823.0,30.0,98.0,37.0,1739.26171875,1483.6464815549552
2026-07-21T02:47:08.676431+00:00,3823.0,35.0,98.36,38.0,1739.26171875,1483.9942692257464
2026-07-21T02:47:09.024114+00:00,3823.0,32.0,98.33,38.0,1739.26171875,1484.3419528268278
2026-07-21T02:47:09.388550+00:00,3823.0,33.0,98.97,38.0,1739.26171875,1484.7063881643116
2026-07-21T02:47:09.721959+00:00,3823.0,34.0,98.64,38.0,1739.26171875,1485.0397983528674
2026-07-21T02:47:10.065776+00:00,3823.0,34.0,98.75,38.0,1739.26171875,1485.3836144953966
2026-07-21T02:47:10.387413+00:00,3823.0,33.0,98.32,38.0,1739.26171875,1485.7052518837154
2026-07-21T02:47:10.708412+00:00,3823.0,34.0,98.61,38.0,1739.26171875,1486.0262507721782
2026-07-21T02:47:11.006709+00:00,3823.0,33.0,98.46,38.0,1739.26171875,1486.3245482742786
2026-07-21T02:47:11.364817+00:00,3823.0,36.0,98.9,38.0,1739.265625,1486.6826554574072
2026-07-21T02:47:11.708704+00:00,3823.0,34.0,99.12,38.0,1739.265625,1487.026542659849
2026-07-21T02:47:12.034107+00:00,3823.0,33.0,99.07,38.0,1739.265625,1487.35193535313
2026-07-21T02:47:12.354250+00:00,3823.0,33.0,99.06,38.0,1739.26953125,1487.672088444233
2026-07-21T02:47:12.678890+00:00,3823.0,33.0,98.74,38.0,1739.26953125,1487.9967288784683
2026-07-21T02:47:13.002186+00:00,3823.0,33.0,99.17,38.0,1739.26953125,1488.3200252577662
2026-07-21T02:47:13.299539+00:00,3823.0,34.0,99.1,38.0,1739.26953125,1488.6173782162368
2026-07-21T02:47:13.644727+00:00,3823.0,33.0,99.24,38.0,1739.26953125,1488.9625655636191
2026-07-21T02:47:13.966277+00:00,3823.0,34.0,99.34,38.0,1739.2734375,1489.284115638584
2026-07-21T02:47:14.285917+00:00,3823.0,34.0,99.31,38.0,1739.2734375,1489.6037555634975
2026-07-21T02:47:14.591421+00:00,3823.0,33.0,99.37,38.0,1739.2734375,1489.9092597216368
2026-07-21T02:47:14.913083+00:00,3823.0,33.0,99.2,38.0,1739.2734375,1490.2309226840734
2026-07-21T02:47:15.211488+00:00,3823.0,35.0,99.19,38.0,1739.2734375,1490.5293271392584
2026-07-21T02:47:15.534340+00:00,3823.0,34.0,99.22,38.0,1739.28125,1490.8521792031825
2026-07-21T02:47:15.857532+00:00,3823.0,34.0,99.37,38.0,1739.28125,1491.1753701232374
2026-07-21T02:47:16.201072+00:00,3823.0,33.0,99.27,38.0,1739.28125,1491.5189109183848
2026-07-21T02:47:16.577555+00:00,3823.0,35.0,99.21,38.0,1739.28515625,1491.8953937068582
2026-07-21T02:47:16.905683+00:00,3823.0,33.0,98.77,38.0,1739.30078125,1492.22351468727
2026-07-21T02:47:17.229109+00:00,3823.0,33.0,98.83,38.0,1739.30078125,1492.5469477511942
2026-07-21T02:47:17.550235+00:00,3823.0,33.0,98.58,38.0,1739.30078125,1492.8680743351579
2026-07-21T02:47:17.870932+00:00,3823.0,35.0,98.57,38.0,1739.30078125,1493.1887712068856
2026-07-21T02:47:18.190471+00:00,3823.0,35.0,98.35,38.0,1739.30859375,1493.5083103105426
2026-07-21T02:47:18.506794+00:00,3823.0,34.0,98.81,38.0,1739.30859375,1493.824633680284
2026-07-21T02:47:18.826013+00:00,3823.0,34.0,98.83,38.0,1739.30859375,1494.1438524350524
2026-07-21T02:47:19.192821+00:00,3823.0,33.0,98.94,38.0,1739.3125,1494.5106594190001
2026-07-21T02:47:19.511192+00:00,3823.0,33.0,98.74,38.0,1739.3125,1494.8290306031704
2026-07-21T02:47:19.833251+00:00,3823.0,33.0,98.89,38.0,1739.3125,1495.1510907001793
2026-07-21T02:47:20.136187+00:00,3823.0,33.0,98.87,38.0,1739.3125,1495.4540266990662
2026-07-21T02:47:20.459538+00:00,3823.0,34.0,99.0,38.0,1739.3203125,1495.7773765288293
2026-07-21T02:47:20.780670+00:00,3823.0,34.0,98.73,38.0,1739.33203125,1496.0985097922385
2026-07-21T02:47:21.111474+00:00,3823.0,33.0,98.73,38.0,1739.33203125,1496.4293135739863
2026-07-21T02:47:21.435440+00:00,3823.0,36.0,98.58,38.0,1739.3359375,1496.7532788142562
2026-07-21T02:47:21.764363+00:00,3823.0,34.0,98.96,38.0,1739.3359375,1497.0822023265064
2026-07-21T02:47:22.086431+00:00,3823.0,33.0,99.26,38.0,1739.3359375,1497.404270119965
2026-07-21T02:47:22.443249+00:00,3823.0,35.0,99.64,38.0,1739.3359375,1497.7610822580755
2026-07-21T02:47:22.790950+00:00,3823.0,36.0,99.72,38.0,1739.3359375,1498.1087887957692
2026-07-21T02:47:23.123534+00:00,3823.0,35.0,99.7,38.0,1739.34375,1498.4413729943335
2026-07-21T02:47:23.447383+00:00,3823.0,34.0,99.46,38.0,1739.34375,1498.7652179710567
2026-07-21T02:47:23.774792+00:00,3823.0,34.0,99.82,38.0,1739.34375,1499.092630919069
2026-07-21T02:47:24.092178+00:00,3823.0,36.0,99.92,38.0,1739.34375,1499.4100171588361
2026-07-21T02:47:24.415807+00:00,3823.0,36.0,100.24,38.0,1739.34375,1499.7336466498673
2026-07-21T02:47:24.757466+00:00,3823.0,36.0,100.22,38.0,1739.3515625,1500.075305301696
2026-07-21T02:47:25.056136+00:00,3823.0,34.0,100.2,38.0,1739.3515625,1500.3739748187363
2026-07-21T02:47:25.401571+00:00,3823.0,26.0,99.44,38.0,1739.3828125,1500.7194088958204
2026-07-21T02:47:25.772448+00:00,3823.0,34.0,99.08,38.0,1739.3828125,1501.0902871340513
2026-07-21T02:47:26.099378+00:00,3823.0,34.0,98.94,38.0,1739.3828125,1501.4172170981765
2026-07-21T02:47:26.441300+00:00,3823.0,36.0,99.42,38.0,1739.3828125,1501.7591393738985
2026-07-21T02:47:26.780778+00:00,3823.0,36.0,99.44,38.0,1739.3828125,1502.0986170209944
2026-07-21T02:47:27.138761+00:00,3823.0,36.0,99.53,38.0,1739.38671875,1502.4565987475216
2026-07-21T02:47:27.458455+00:00,3823.0,34.0,99.37,38.0,1739.38671875,1502.7762945778668
2026-07-21T02:47:27.777369+00:00,3823.0,35.0,99.15,38.0,1739.39453125,1503.0952078029513
2026-07-21T02:47:28.095651+00:00,3823.0,36.0,99.61,38.0,1739.39453125,1503.4134905263782
2026-07-21T02:47:28.438616+00:00,3823.0,36.0,99.81,38.0,1739.39453125,1503.756454627961
2026-07-21T02:47:28.759099+00:00,3823.0,34.0,99.77,38.0,1739.39453125,1504.0769375041127
2026-07-21T02:47:29.074327+00:00,3823.0,36.0,99.54,38.0,1739.39453125,1504.3921666741371
2026-07-21T02:47:29.420869+00:00,3823.0,34.0,99.35,38.0,1739.41015625,1504.7387082241476
2026-07-21T02:47:29.742970+00:00,3823.0,34.0,99.38,38.0,1739.41015625,1505.0608092993498
2026-07-21T02:47:30.083962+00:00,3823.0,36.0,99.61,38.0,1739.41015625,1505.4018013738096
2026-07-21T02:47:30.387223+00:00,3823.0,35.0,99.94,38.0,1739.4140625,1505.7050614319742
2026-07-21T02:47:30.754580+00:00,3823.0,35.0,99.91,38.0,1739.4140625,1506.0724190957844
2026-07-21T02:47:31.073314+00:00,3823.0,35.0,99.81,38.0,1739.41796875,1506.3911534808576
2026-07-21T02:47:31.392813+00:00,3823.0,36.0,99.81,38.0,1739.41796875,1506.7106517590582
2026-07-21T02:47:31.715155+00:00,3823.0,34.0,99.75,38.0,1739.4296875,1507.0329940579832
2026-07-21T02:47:32.084274+00:00,3823.0,34.0,99.8,38.0,1739.4296875,1507.40211250633
2026-07-21T02:47:32.407250+00:00,3823.0,35.0,99.94,38.0,1739.4296875,1507.7250887192786
2026-07-21T02:47:32.726529+00:00,3823.0,33.0,100.14,38.0,1739.4375,1508.0443681962788
2026-07-21T02:47:33.088172+00:00,3823.0,34.0,100.09,38.0,1739.4375,1508.406010914594
2026-07-21T02:47:33.430910+00:00,3823.0,35.0,100.32,38.0,1739.44140625,1508.7487490735948
2026-07-21T02:47:33.790353+00:00,3823.0,34.0,99.91,38.0,1739.44921875,1509.1081924177706
2026-07-21T02:47:34.116148+00:00,3823.0,33.0,99.72,38.0,1739.46875,1509.4339860975742
2026-07-21T02:47:34.439075+00:00,3823.0,35.0,98.96,38.0,1739.47265625,1509.7569142132998
2026-07-21T02:47:34.798353+00:00,3823.0,33.0,99.58,38.0,1739.47265625,1510.1161920279264
2026-07-21T02:47:35.122463+00:00,3823.0,34.0,99.02,38.0,1739.48828125,1510.4403020814061
2026-07-21T02:47:35.446161+00:00,3823.0,34.0,98.87,38.0,1739.48828125,1510.7640007697046
2026-07-21T02:47:35.773372+00:00,3823.0,35.0,98.93,38.0,1739.49609375,1511.091210540384
2026-07-21T02:47:36.094221+00:00,3823.0,36.0,98.82,38.0,1739.49609375,1511.412059839815
2026-07-21T02:47:36.432899+00:00,3823.0,33.0,99.25,38.0,1739.49609375,1511.7507385239005
2026-07-21T02:47:36.779384+00:00,3823.0,36.0,99.25,38.0,1739.51171875,1512.0972224101424
2026-07-21T02:47:37.120198+00:00,3823.0,36.0,99.65,38.0,1739.51171875,1512.4380368106067
2026-07-21T02:47:37.447371+00:00,3823.0,34.0,99.4,38.0,1739.5234375,1512.7652090899646
2026-07-21T02:47:37.815883+00:00,3823.0,33.0,99.71,38.0,1739.5234375,1513.133721522987
2026-07-21T02:47:38.156842+00:00,3823.0,36.0,99.59,38.0,1739.5390625,1513.4746807701886
2026-07-21T02:47:38.483551+00:00,3823.0,36.0,99.49,38.0,1739.5390625,1513.8013897240162
2026-07-21T02:47:38.787223+00:00,3823.0,34.0,99.15,38.0,1739.5390625,1514.1050618588924
2026-07-21T02:47:39.137762+00:00,3823.0,35.0,99.31,38.0,1739.55078125,1514.45560034737
2026-07-21T02:47:39.463144+00:00,3823.0,33.0,99.43,38.0,1739.55078125,1514.780983068049
2026-07-21T02:47:39.808840+00:00,3823.0,34.0,99.61,38.0,1739.56640625,1515.12667940557
2026-07-21T02:47:40.112454+00:00,3823.0,36.0,99.6,38.0,1739.56640625,1515.4302920922637
2026-07-21T02:47:40.434962+00:00,3823.0,35.0,99.82,38.0,1739.56640625,1515.7528005242348
2026-07-21T02:47:40.756125+00:00,3823.0,34.0,99.86,38.0,1739.578125,1516.0739633701742
2026-07-21T02:47:41.096778+00:00,3823.0,33.0,99.87,38.0,1739.578125,1516.4146170802414
2026-07-21T02:47:41.437799+00:00,3823.0,35.0,100.06,38.0,1739.58203125,1516.7556377351284
2026-07-21T02:47:41.808067+00:00,3823.0,35.0,100.0,38.0,1739.58203125,1517.1259058192372
2026-07-21T02:47:42.126156+00:00,3823.0,34.0,100.01,38.0,1739.58984375,1517.4439946264029
2026-07-21T02:47:42.468814+00:00,3823.0,15.0,99.95,38.0,1739.6328125,1517.7866519764066
2026-07-21T02:47:42.770740+00:00,3823.0,32.0,99.36,38.0,1739.6328125,1518.088579505682
2026-07-21T02:47:43.094619+00:00,3823.0,33.0,99.09,38.0,1739.6328125,1518.412457935512
2026-07-21T02:47:43.418455+00:00,3823.0,35.0,99.09,38.0,1739.6328125,1518.736294079572
2026-07-21T02:47:43.772482+00:00,3823.0,33.0,98.43,38.0,1739.63671875,1519.0903210788965
2026-07-21T02:47:44.115906+00:00,3823.0,34.0,98.63,38.0,1739.6484375,1519.4337450787425
2026-07-21T02:47:44.463197+00:00,3823.0,34.0,99.11,38.0,1739.6484375,1519.781033422798
2026-07-21T02:47:44.784686+00:00,3823.0,35.0,99.15,38.0,1739.671875,1520.102524716407
2026-07-21T02:47:45.087846+00:00,3823.0,35.0,99.25,38.0,1739.671875,1520.4056849628687
2026-07-21T02:47:45.433001+00:00,3823.0,35.0,99.43,38.0,1739.6796875,1520.750840011984
2026-07-21T02:47:45.755901+00:00,3823.0,35.0,99.65,38.0,1739.6875,1521.0737400762737
2026-07-21T02:47:46.077810+00:00,3823.0,35.0,99.59,38.0,1739.6875,1521.395648483187
2026-07-21T02:47:46.397166+00:00,3823.0,35.0,99.41,38.0,1739.703125,1521.7150051295757
2026-07-21T02:47:46.712881+00:00,3823.0,35.0,99.57,38.0,1739.703125,1522.030720666051
2026-07-21T02:47:47.081818+00:00,3823.0,35.0,99.63,38.0,1739.72265625,1522.399657357484
2026-07-21T02:47:47.425266+00:00,3823.0,36.0,99.73,38.0,1739.72265625,1522.743105366826
2026-07-21T02:47:47.768814+00:00,3823.0,36.0,99.94,38.0,1739.72265625,1523.0866531059146
2026-07-21T02:47:48.089193+00:00,3823.0,36.0,99.75,38.0,1739.73046875,1523.407031338662
2026-07-21T02:47:48.387762+00:00,3823.0,36.0,100.32,38.0,1739.73046875,1523.7056014463305
2026-07-21T02:47:48.724802+00:00,3823.0,36.0,100.21,38.0,1739.7421875,1524.0426419563591
2026-07-21T02:47:49.068230+00:00,3823.0,35.0,99.99,38.0,1739.7421875,1524.3860696442425
2026-07-21T02:47:49.409325+00:00,3823.0,35.0,99.45,38.0,1739.7734375,1524.727164298296
2026-07-21T02:47:49.730541+00:00,3823.0,35.0,99.38,38.0,1739.7734375,1525.0483794920146
2026-07-21T02:47:50.088926+00:00,3823.0,35.0,99.81,38.0,1739.7734375,1525.4067649394274
2026-07-21T02:47:50.448357+00:00,3823.0,36.0,100.15,38.0,1739.77734375,1525.7661956995726
2026-07-21T02:47:50.771837+00:00,3823.0,35.0,100.18,38.0,1739.77734375,1526.0896757021546
2026-07-21T02:47:51.233108+00:00,3823.0,34.0,99.22,38.0,1741.83984375,1526.550946637988
2026-07-21T02:47:51.602712+00:00,3823.0,34.0,97.32,38.0,1741.83984375,1526.9205513000488
2026-07-21T02:47:51.906137+00:00,3823.0,35.0,97.34,38.0,1741.83984375,1527.223976098001
2026-07-21T02:47:52.208272+00:00,3823.0,36.0,98.39,38.0,1741.83984375,1527.5261112898588
2026-07-21T02:47:52.524542+00:00,3823.0,35.0,99.04,38.0,1741.83984375,1527.8423816263676
2026-07-21T02:47:52.846154+00:00,3823.0,36.0,98.96,38.0,1741.83984375,1528.1639931723475
2026-07-21T02:47:53.204216+00:00,3823.0,36.0,98.77,38.0,1741.83984375,1528.5220552273095
2026-07-21T02:47:53.568665+00:00,3823.0,35.0,99.16,38.0,1741.83984375,1528.8865043707192
2026-07-21T02:47:53.890877+00:00,3823.0,35.0,99.21,38.0,1741.83984375,1529.208716135472
2026-07-21T02:47:54.206038+00:00,3823.0,36.0,99.42,38.0,1741.83984375,1529.5238766819239
2026-07-21T02:47:54.526343+00:00,3823.0,36.0,99.56,38.0,1741.83984375,1529.8441811278462
2026-07-21T02:47:54.846814+00:00,3823.0,36.0,99.65,38.0,1741.83984375,1530.1646537780762
2026-07-21T02:47:55.212234+00:00,3823.0,34.0,99.51,38.0,1741.83984375,1530.530073132366
2026-07-21T02:47:55.576430+00:00,3823.0,29.0,98.43,38.0,1741.85546875,1530.894268207252
2026-07-21T02:47:55.916756+00:00,3823.0,35.0,98.65,38.0,1741.85546875,1531.2345946282148
2026-07-21T02:47:56.253328+00:00,3823.0,35.0,98.82,38.0,1741.85546875,1531.5711664110422
2026-07-21T02:47:56.553709+00:00,3823.0,35.0,99.48,38.0,1741.85546875,1531.8715483397245
2026-07-21T02:47:56.902517+00:00,3823.0,33.0,99.0,38.0,1741.85546875,1532.2203557379544
2026-07-21T02:47:57.218361+00:00,3823.0,33.0,98.67,38.0,1741.85546875,1532.5361991263926
2026-07-21T02:47:57.535457+00:00,3823.0,35.0,98.79,38.0,1741.85546875,1532.853296060115
2026-07-21T02:47:57.853762+00:00,3823.0,35.0,98.77,38.0,1741.85546875,1533.1716009303927
2026-07-21T02:47:58.174422+00:00,3823.0,36.0,98.99,38.0,1741.85546875,1533.492261186242
2026-07-21T02:47:58.494114+00:00,3823.0,35.0,99.03,38.0,1741.85546875,1533.8119523078203
2026-07-21T02:47:58.851610+00:00,3823.0,36.0,98.9,38.0,1741.85546875,1534.1694491654634
2026-07-21T02:47:59.220727+00:00,3823.0,34.0,99.35,38.0,1741.85546875,1534.5385657511652
2026-07-21T02:47:59.583524+00:00,3823.0,35.0,99.89,38.0,1741.85546875,1534.9013629592955
2026-07-21T02:47:59.908274+00:00,3823.0,36.0,99.84,38.0,1741.85546875,1535.2261126860976
2026-07-21T02:48:00.208198+00:00,3823.0,34.0,99.32,38.0,1741.85546875,1535.5260367803276
2026-07-21T02:48:00.507880+00:00,3823.0,34.0,99.44,38.0,1741.85546875,1535.825718730688
2026-07-21T02:48:00.852580+00:00,3823.0,35.0,99.69,38.0,1741.85546875,1536.1704196855426
2026-07-21T02:48:01.175481+00:00,3823.0,36.0,99.79,38.0,1741.85546875,1536.4933207891881
2026-07-21T02:48:01.545606+00:00,3823.0,36.0,100.19,38.0,1741.85546875,1536.8634440600872
2026-07-21T02:48:01.843554+00:00,3823.0,36.0,99.96,38.0,1741.85546875,1537.1613928750157
2026-07-21T02:48:02.163258+00:00,3823.0,35.0,99.85,38.0,1741.85546875,1537.481097303331
2026-07-21T02:48:02.549626+00:00,3823.0,36.0,99.93,38.0,1741.859375,1537.867464337498
2026-07-21T02:48:02.892841+00:00,3823.0,35.0,99.57,38.0,1741.875,1538.2106788791716
2026-07-21T02:48:03.214074+00:00,3823.0,35.0,99.38,38.0,1741.875,1538.531913075596
2026-07-21T02:48:03.534156+00:00,3823.0,36.0,99.36,38.0,1741.875,1538.851995382458
2026-07-21T02:48:03.831727+00:00,3823.0,36.0,99.28,38.0,1741.875,1539.149566207081
2026-07-21T02:48:04.149594+00:00,3823.0,35.0,99.32,38.0,1741.875,1539.467432986945
2026-07-21T02:48:04.515373+00:00,3823.0,36.0,99.56,38.0,1741.875,1539.8332123868167
2026-07-21T02:48:04.813823+00:00,3823.0,35.0,99.72,38.0,1741.875,1540.1316621750593
2026-07-21T02:48:05.110356+00:00,3823.0,13.0,99.28,38.0,1741.890625,1540.4281944967806
2026-07-21T02:48:05.430372+00:00,3823.0,34.0,98.86,38.0,1741.890625,1540.7482111416757
2026-07-21T02:48:05.750683+00:00,3823.0,36.0,98.66,38.0,1741.890625,1541.0685218982399
2026-07-21T02:48:06.074026+00:00,3823.0,36.0,99.38,38.0,1741.890625,1541.39186540246
2026-07-21T02:48:06.393411+00:00,3823.0,36.0,99.25,38.0,1741.890625,1541.711250320077
2026-07-21T02:48:06.714351+00:00,3823.0,36.0,99.7,38.0,1741.890625,1542.0321901105344
2026-07-21T02:48:07.055501+00:00,3823.0,35.0,100.0,38.0,1741.890625,1542.3733402639627
2026-07-21T02:48:07.401071+00:00,3823.0,34.0,99.34,38.0,1741.90234375,1542.718909330666
2026-07-21T02:48:07.724228+00:00,3823.0,36.0,99.39,38.0,1741.90234375,1543.0420673936605
2026-07-21T02:48:08.041844+00:00,3823.0,35.0,99.06,38.0,1741.90234375,1543.3596830256283
2026-07-21T02:48:08.379026+00:00,3823.0,36.0,99.43,38.0,1741.90234375,1543.6968648768961
2026-07-21T02:48:08.698581+00:00,3823.0,36.0,99.27,38.0,1741.90234375,1544.0164202675223
2026-07-21T02:48:08.997504+00:00,3823.0,36.0,99.34,38.0,1741.90234375,1544.315343029797
2026-07-21T02:48:09.340203+00:00,3823.0,36.0,99.04,38.0,1741.9140625,1544.6580413877964
2026-07-21T02:48:09.684691+00:00,3823.0,35.0,98.97,38.0,1741.9140625,1545.0025293268263
2026-07-21T02:48:10.005502+00:00,3823.0,36.0,98.92,38.0,1741.9140625,1545.3233419284225
2026-07-21T02:48:10.323725+00:00,3823.0,36.0,99.4,38.0,1741.9140625,1545.6415643803775
2026-07-21T02:48:10.622184+00:00,3823.0,36.0,99.23,38.0,1741.9140625,1545.940023522824
2026-07-21T02:48:10.963388+00:00,3823.0,35.0,99.29,38.0,1741.9140625,1546.2812258601189
2026-07-21T02:48:11.338135+00:00,3823.0,17.0,99.3,38.0,1741.9296875,1546.655973277986
2026-07-21T02:48:11.675684+00:00,3823.0,36.0,99.57,38.0,1741.9296875,1546.993523746729
2026-07-21T02:48:12.025382+00:00,3823.0,35.0,99.35,38.0,1741.9296875,1547.3432205691934
2026-07-21T02:48:12.346188+00:00,3823.0,36.0,99.03,38.0,1741.9296875,1547.6640276536345
2026-07-21T02:48:12.643312+00:00,3823.0,36.0,99.05,38.0,1741.9296875,1547.9611517041922
2026-07-21T02:48:12.961588+00:00,3823.0,35.0,99.2,38.0,1741.9296875,1548.279427267611
2026-07-21T02:48:13.308218+00:00,3823.0,35.0,99.3,38.0,1741.9296875,1548.62605747208
2026-07-21T02:48:13.630289+00:00,3823.0,34.0,99.26,38.0,1741.9296875,1548.9481289237738
2026-07-21T02:48:13.975346+00:00,3823.0,17.0,98.85,38.0,1741.94140625,1549.2931842952967
2026-07-21T02:48:14.340330+00:00,3823.0,34.0,98.63,38.0,1741.94140625,1549.658168759197
2026-07-21T02:48:14.658545+00:00,3823.0,36.0,98.67,38.0,1741.94140625,1549.9763836488128
2026-07-21T02:48:15.009563+00:00,3823.0,35.0,99.61,38.0,1741.94140625,1550.327401675284
2026-07-21T02:48:15.330187+00:00,3823.0,34.0,99.33,38.0,1741.94140625,1550.648025482893
2026-07-21T02:48:15.650527+00:00,3823.0,36.0,99.29,38.0,1741.94140625,1550.9683660529554
2026-07-21T02:48:15.973714+00:00,3823.0,36.0,99.05,38.0,1741.94140625,1551.2915525957942
2026-07-21T02:48:16.320763+00:00,3823.0,33.0,99.32,38.0,1741.94140625,1551.6386018022895
2026-07-21T02:48:16.690981+00:00,3823.0,24.0,99.13,38.0,1741.95703125,1552.0088189952075
2026-07-21T02:48:17.013750+00:00,3823.0,35.0,98.77,38.0,1741.95703125,1552.3315887339413
2026-07-21T02:48:17.334197+00:00,3823.0,34.0,98.28,38.0,1741.95703125,1552.6520351655781
2026-07-21T02:48:17.661135+00:00,3823.0,34.0,98.6,38.0,1741.95703125,1552.978974223137
2026-07-21T02:48:17.981359+00:00,3823.0,35.0,98.89,38.0,1741.95703125,1553.2991979643703
2026-07-21T02:48:18.324068+00:00,3823.0,36.0,99.31,38.0,1741.95703125,1553.6419077664614
2026-07-21T02:48:18.647025+00:00,3823.0,35.0,99.6,38.0,1741.95703125,1553.964863717556
2026-07-21T02:48:18.970211+00:00,3823.0,36.0,99.59,38.0,1741.95703125,1554.2880499958992
2026-07-21T02:48:19.312596+00:00,3823.0,35.0,99.0,38.0,1741.96875,1554.6304349079728
2026-07-21T02:48:19.657460+00:00,3823.0,33.0,98.62,38.0,1741.96875,1554.9752991981804
2026-07-21T02:48:20.029366+00:00,3823.0,35.0,98.57,38.0,1741.96875,1555.3472057506442
2026-07-21T02:48:20.392495+00:00,3823.0,34.0,98.71,38.0,1741.96875,1555.710334058851
2026-07-21T02:48:20.731523+00:00,3823.0,35.0,99.11,38.0,1741.96875,1556.049362771213
2026-07-21T02:48:21.053798+00:00,3823.0,35.0,98.74,38.0,1741.96875,1556.3716371692717
2026-07-21T02:48:21.353437+00:00,3823.0,16.0,98.26,38.0,1741.984375,1556.671275742352
2026-07-21T02:48:21.722115+00:00,3823.0,36.0,98.08,38.0,1741.984375,1557.0399547964334
2026-07-21T02:48:22.068448+00:00,3823.0,36.0,98.2,38.0,1741.984375,1557.3862874507904
2026-07-21T02:48:22.389637+00:00,3823.0,36.0,98.6,38.0,1741.984375,1557.7074765600264
2026-07-21T02:48:22.712424+00:00,3823.0,35.0,98.56,38.0,1741.984375,1558.0302636511624
2026-07-21T02:48:23.028132+00:00,3823.0,36.0,99.02,38.0,1741.984375,1558.3459712043405
2026-07-21T02:48:23.349292+00:00,3823.0,36.0,99.02,38.0,1741.984375,1558.6671312786639
2026-07-21T02:48:23.691960+00:00,3823.0,35.0,99.43,38.0,1741.984375,1559.0097996667027
2026-07-21T02:48:24.059522+00:00,3823.0,34.0,99.25,38.0,1741.984375,1559.3773615472019
2026-07-21T02:48:24.403112+00:00,3823.0,36.0,99.81,38.0,1741.984375,1559.720951385796
2026-07-21T02:48:24.724305+00:00,3823.0,36.0,99.47,38.0,1741.984375,1560.0421448014677
2026-07-21T02:48:25.045326+00:00,3823.0,36.0,99.61,38.0,1741.984375,1560.3631659708917
2026-07-21T02:48:25.343477+00:00,3823.0,36.0,99.51,38.0,1742.01171875,1560.661315239966
2026-07-21T02:48:25.660842+00:00,3823.0,36.0,99.39,38.0,1742.01171875,1560.9786814637482
2026-07-21T02:48:25.976870+00:00,3823.0,36.0,99.17,38.0,1742.01171875,1561.2947092689574
2026-07-21T02:48:26.297708+00:00,3823.0,36.0,99.37,38.0,1742.01171875,1561.6155471913517
2026-07-21T02:48:26.616927+00:00,3823.0,36.0,99.29,38.0,1742.01171875,1561.9347665272653
2026-07-21T02:48:26.938782+00:00,3823.0,37.0,99.43,38.0,1742.01171875,1562.2566218823195
2026-07-21T02:48:27.256212+00:00,3823.0,35.0,99.31,38.0,1742.01171875,1562.5740507170558
2026-07-21T02:48:27.552439+00:00,3823.0,36.0,99.3,38.0,1742.01171875,1562.870278030634
2026-07-21T02:48:27.849916+00:00,3823.0,36.0,99.5,38.0,1742.01171875,1563.16775521636
2026-07-21T02:48:28.215841+00:00,3823.0,36.0,99.75,38.0,1742.01171875,1563.5336798876524
2026-07-21T02:48:28.583108+00:00,3823.0,36.0,99.92,38.0,1742.01171875,1563.9009475000203
2026-07-21T02:48:28.922771+00:00,3823.0,35.0,100.14,38.0,1742.01171875,1564.2406105995178
2026-07-21T02:48:29.240205+00:00,3823.0,36.0,99.78,38.0,1742.01171875,1564.5580441094935
2026-07-21T02:48:29.558771+00:00,3823.0,25.0,99.47,38.0,1742.03125,1564.8766093216836
2026-07-21T02:48:29.908595+00:00,3823.0,33.0,98.73,38.0,1742.03125,1565.2264331802726
2026-07-21T02:48:30.206318+00:00,3823.0,35.0,98.11,38.0,1742.03125,1565.5241566039622
2026-07-21T02:48:30.530328+00:00,3823.0,34.0,97.69,38.0,1742.03125,1565.8481669835746
2026-07-21T02:48:30.829111+00:00,3823.0,34.0,97.75,38.0,1742.03125,1566.1469497159123
2026-07-21T02:48:31.192028+00:00,3823.0,35.0,98.12,38.0,1742.03125,1566.5098673664033
2026-07-21T02:48:31.513776+00:00,3823.0,35.0,98.4,38.0,1742.03125,1566.8316141217947
2026-07-21T02:48:31.838255+00:00,3823.0,34.0,98.41,38.0,1742.03125,1567.1560942344368
2026-07-21T02:48:32.138026+00:00,3823.0,34.0,98.21,38.0,1742.03125,1567.4558652378619
2026-07-21T02:48:32.508557+00:00,3823.0,34.0,98.1,38.0,1742.03125,1567.826395317912
2026-07-21T02:48:32.808915+00:00,3823.0,35.0,98.19,38.0,1742.03125,1568.1267538107932
2026-07-21T02:48:33.115283+00:00,3823.0,36.0,98.42,38.0,1742.03125,1568.4331222996116
2026-07-21T02:48:33.438351+00:00,3823.0,34.0,98.6,38.0,1742.03125,1568.7561905309558
2026-07-21T02:48:33.779334+00:00,3823.0,36.0,98.49,38.0,1742.03515625,1569.0971728600562
2026-07-21T02:48:34.124046+00:00,3823.0,36.0,98.42,38.0,1742.03515625,1569.4418770112097
2026-07-21T02:48:34.486318+00:00,3823.0,36.0,98.81,38.0,1742.03515625,1569.804156895727
2026-07-21T02:48:34.805108+00:00,3823.0,35.0,98.7,38.0,1742.03515625,1570.1229474842548
2026-07-21T02:48:35.125750+00:00,3823.0,36.0,98.8,38.0,1742.03515625,1570.4435889422894
2026-07-21T02:48:35.486818+00:00,3823.0,35.0,98.72,38.0,1742.03515625,1570.804657123983
2026-07-21T02:48:35.786897+00:00,3823.0,36.0,98.92,38.0,1742.03515625,1571.1047366149724
2026-07-21T02:48:36.109982+00:00,3823.0,36.0,99.0,38.0,1742.03515625,1571.4278150871396
2026-07-21T02:48:36.433122+00:00,3823.0,37.0,99.14,38.0,1742.03515625,1571.7509609796107
2026-07-21T02:48:36.778218+00:00,3823.0,36.0,99.12,38.0,1742.03515625,1572.0960512571037
2026-07-21T02:48:37.120044+00:00,3823.0,36.0,99.1,38.0,1742.03515625,1572.437884066254
2026-07-21T02:48:37.417581+00:00,3823.0,36.0,99.18,38.0,1742.03515625,1572.7354200519621
2026-07-21T02:48:37.714947+00:00,3823.0,36.0,99.5,38.0,1742.03515625,1573.0327865555882
2026-07-21T02:48:38.033421+00:00,3823.0,23.0,99.12,38.0,1742.05078125,1573.351258765906
2026-07-21T02:48:38.331363+00:00,3823.0,35.0,98.93,38.0,1742.05078125,1573.649202156812
2026-07-21T02:48:38.628051+00:00,3823.0,36.0,98.4,38.0,1742.05078125,1573.9458906501532
2026-07-21T02:48:38.924399+00:00,3823.0,36.0,98.86,38.0,1742.05078125,1574.2422380521894
2026-07-21T02:48:39.244909+00:00,3823.0,36.0,98.26,38.0,1742.05078125,1574.5627482756972
2026-07-21T02:48:39.589163+00:00,3823.0,36.0,98.48,38.0,1742.05078125,1574.9070026502013
2026-07-21T02:48:39.909187+00:00,3823.0,36.0,98.98,38.0,1742.05078125,1575.2270264141262
2026-07-21T02:48:40.252053+00:00,3823.0,35.0,98.81,38.0,1742.05078125,1575.569891832769
2026-07-21T02:48:40.572317+00:00,3823.0,35.0,99.02,38.0,1742.05078125,1575.8901560790837
2026-07-21T02:48:40.868712+00:00,3823.0,36.0,98.81,38.0,1742.05078125,1576.186551809311
2026-07-21T02:48:41.236164+00:00,3823.0,35.0,98.83,38.0,1742.05078125,1576.5540017560124
2026-07-21T02:48:41.554585+00:00,3823.0,36.0,98.89,38.0,1742.05078125,1576.8724244907498
2026-07-21T02:48:41.902898+00:00,3823.0,36.0,99.26,38.0,1742.05078125,1577.2207369841635
2026-07-21T02:48:42.202763+00:00,3823.0,35.0,99.26,38.0,1742.05078125,1577.5206021033227
2026-07-21T02:48:42.544299+00:00,3823.0,36.0,99.05,38.0,1742.05078125,1577.8621375709772
2026-07-21T02:48:42.887551+00:00,3823.0,36.0,98.79,38.0,1742.05078125,1578.2053900547326
2026-07-21T02:48:43.209106+00:00,3823.0,35.0,98.66,38.0,1742.05078125,1578.526944514364
2026-07-21T02:48:43.550488+00:00,3823.0,34.0,98.79,38.0,1742.05078125,1578.8683269955218
2026-07-21T02:48:43.873028+00:00,3823.0,35.0,98.76,38.0,1742.05078125,1579.1908668018878
2026-07-21T02:48:44.236060+00:00,3823.0,35.0,98.91,38.0,1742.05078125,1579.5538992360234
2026-07-21T02:48:44.553679+00:00,3823.0,35.0,98.73,38.0,1742.05078125,1579.87151728943
2026-07-21T02:48:44.904495+00:00,3823.0,36.0,99.23,38.0,1742.05078125,1580.2223332896829
2026-07-21T02:48:45.266268+00:00,3823.0,35.0,98.84,38.0,1742.05078125,1580.5841066800058
2026-07-21T02:48:45.613041+00:00,3823.0,33.0,98.9,38.0,1742.07421875,1580.9308793954551
2026-07-21T02:48:45.916003+00:00,3823.0,36.0,98.47,38.0,1742.07421875,1581.2338422499597
2026-07-21T02:48:46.239329+00:00,3823.0,35.0,98.38,38.0,1742.07421875,1581.5571677796543
2026-07-21T02:48:46.558094+00:00,3823.0,35.0,98.32,38.0,1742.07421875,1581.8759328238666
2026-07-21T02:48:46.886609+00:00,3823.0,34.0,98.33,38.0,1742.07421875,1582.204447902739
2026-07-21T02:48:47.255723+00:00,3823.0,35.0,98.26,38.0,1742.07421875,1582.5735614039004
2026-07-21T02:48:47.607771+00:00,3823.0,34.0,98.54,38.0,1742.07421875,1582.925610344857
2026-07-21T02:48:47.934494+00:00,3823.0,36.0,98.71,38.0,1742.07421875,1583.2523321807384
2026-07-21T02:48:48.301663+00:00,3823.0,34.0,99.0,38.0,1742.07421875,1583.6195019073784
2026-07-21T02:48:48.640158+00:00,3823.0,36.0,98.72,38.0,1742.07421875,1583.9579971134663
2026-07-21T02:48:49.003899+00:00,3823.0,36.0,98.74,38.0,1742.07421875,1584.3217378370464
2026-07-21T02:48:49.370607+00:00,3823.0,35.0,98.85,38.0,1742.07421875,1584.6884455494583
2026-07-21T02:48:49.694479+00:00,3823.0,35.0,98.87,38.0,1742.07421875,1585.0123171769083
2026-07-21T02:48:50.050666+00:00,3823.0,35.0,98.7,38.0,1742.07421875,1585.3685042634606
2026-07-21T02:48:50.370593+00:00,3823.0,35.0,98.27,38.0,1742.07421875,1585.6884314119816
2026-07-21T02:48:50.693092+00:00,3823.0,35.0,98.42,38.0,1742.07421875,1586.0109315402806
2026-07-21T02:48:51.035405+00:00,3823.0,36.0,98.52,38.0,1742.07421875,1586.3532441705465
2026-07-21T02:48:51.352198+00:00,3823.0,36.0,98.9,38.0,1742.07421875,1586.6700365878642
2026-07-21T02:48:51.673577+00:00,3823.0,36.0,98.77,38.0,1742.07421875,1586.9914158247411
2026-07-21T02:48:52.039585+00:00,3823.0,34.0,98.97,38.0,1742.07421875,1587.3574238941073
2026-07-21T02:48:52.338400+00:00,3823.0,36.0,98.98,38.0,1742.07421875,1587.6562384590507
2026-07-21T02:48:52.682561+00:00,3823.0,36.0,99.14,38.0,1742.07421875,1588.0004006028175
2026-07-21T02:48:53.004603+00:00,3823.0,35.0,99.27,38.0,1742.07421875,1588.3224424682558
2026-07-21T02:48:53.346218+00:00,3823.0,36.0,99.24,38.0,1742.07421875,1588.6640573367476
2026-07-21T02:48:53.642946+00:00,3823.0,36.0,99.13,38.0,1742.07421875,1588.9607854038477
2026-07-21T02:48:53.964501+00:00,3823.0,37.0,98.79,38.0,1742.09765625,1589.2823397740722
2026-07-21T02:48:54.285783+00:00,3823.0,33.0,98.26,38.0,1742.09765625,1589.6036220826209
2026-07-21T02:48:54.600539+00:00,3823.0,33.0,97.82,38.0,1742.09765625,1589.918377880007
2026-07-21T02:48:54.939379+00:00,3823.0,34.0,97.41,38.0,1742.09765625,1590.2572185322642
2026-07-21T02:48:55.261449+00:00,3823.0,34.0,97.26,38.0,1742.09765625,1590.5792876668274
2026-07-21T02:48:55.602736+00:00,3823.0,34.0,97.39,38.0,1742.09765625,1590.9205744341016
2026-07-21T02:48:55.946339+00:00,3823.0,34.0,97.46,38.0,1742.09765625,1591.264177735895
2026-07-21T02:48:56.308779+00:00,3823.0,33.0,97.94,38.0,1742.09765625,1591.626617923379
2026-07-21T02:48:56.625194+00:00,3823.0,33.0,97.54,38.0,1742.09765625,1591.9430331103504
2026-07-21T02:48:56.944747+00:00,3823.0,35.0,97.74,38.0,1742.09765625,1592.2625861391425
2026-07-21T02:48:57.288614+00:00,3823.0,36.0,97.98,38.0,1742.09765625,1592.606452651322
2026-07-21T02:48:57.612320+00:00,3823.0,35.0,98.42,38.0,1742.09765625,1592.9301592633128
2026-07-21T02:48:57.932788+00:00,3823.0,35.0,98.51,38.0,1742.09765625,1593.250627592206
2026-07-21T02:48:58.253966+00:00,3823.0,36.0,98.67,38.0,1742.09765625,1593.5718056336045
2026-07-21T02:48:58.577715+00:00,3823.0,36.0,98.61,38.0,1742.09765625,1593.8955543152988
2026-07-21T02:48:58.924786+00:00,3823.0,36.0,98.84,38.0,1742.09765625,1594.24262464419
2026-07-21T02:48:59.263605+00:00,3823.0,36.0,98.72,38.0,1742.09765625,1594.5814436860383
2026-07-21T02:48:59.579792+00:00,3823.0,36.0,98.94,38.0,1742.09765625,1594.8976315967739
2026-07-21T02:48:59.877186+00:00,3823.0,35.0,98.91,38.0,1742.09765625,1595.195025138557
2026-07-21T02:49:00.219088+00:00,3823.0,36.0,98.78,38.0,1742.09765625,1595.5369268134236
2026-07-21T02:49:00.568242+00:00,3823.0,36.0,98.84,38.0,1742.09765625,1595.8860810101032
2026-07-21T02:49:00.867409+00:00,3823.0,36.0,98.96,38.0,1742.09765625,1596.1852479353547
2026-07-21T02:49:01.188757+00:00,3823.0,36.0,99.07,38.0,1742.09765625,1596.5065968893468
2026-07-21T02:49:01.532042+00:00,3823.0,36.0,99.14,38.0,1742.09765625,1596.8498810268939
2026-07-21T02:49:01.847359+00:00,3823.0,36.0,98.97,38.0,1742.09765625,1597.1651987694204
2026-07-21T02:49:02.164907+00:00,3823.0,36.0,98.99,38.0,1742.09765625,1597.4827468916774
2026-07-21T02:49:02.508897+00:00,3843.0,35.0,98.92,38.0,1742.1171875,1597.8267350122333
2026-07-21T02:49:02.876412+00:00,3843.0,35.0,99.19,38.0,1742.1171875,1598.194250177592
2026-07-21T02:49:03.197506+00:00,3843.0,34.0,98.8,38.0,1742.1171875,1598.5153445638716
2026-07-21T02:49:03.528330+00:00,3843.0,36.0,98.79,38.0,1742.1171875,1598.8461686372757
2026-07-21T02:49:03.849582+00:00,3843.0,36.0,98.77,38.0,1742.1171875,1599.167421579361
2026-07-21T02:49:04.169512+00:00,3843.0,25.0,98.61,38.0,1742.1171875,1599.4873510971665
2026-07-21T02:49:04.514017+00:00,3843.0,36.0,98.7,38.0,1742.1171875,1599.8318548873067
2026-07-21T02:49:04.858973+00:00,3843.0,36.0,98.68,38.0,1742.1171875,1600.176812402904
2026-07-21T02:49:05.180898+00:00,3843.0,34.0,98.92,38.0,1742.1171875,1600.49873656407
2026-07-21T02:49:05.549409+00:00,3843.0,36.0,98.99,38.0,1742.1171875,1600.8672477789223
2026-07-21T02:49:05.849785+00:00,3843.0,36.0,98.68,38.0,1742.1171875,1601.167623680085
2026-07-21T02:49:06.216597+00:00,3843.0,34.0,99.0,38.0,1742.1171875,1601.5344363860786
2026-07-21T02:49:06.538046+00:00,3843.0,36.0,98.9,38.0,1742.1171875,1601.8558850958943
2026-07-21T02:49:06.862013+00:00,3843.0,34.0,98.97,38.0,1742.1171875,1602.1798524558544
2026-07-21T02:49:07.186123+00:00,3843.0,34.0,99.18,38.0,1742.1171875,1602.503961417824
2026-07-21T02:49:07.545872+00:00,3843.0,22.0,98.81,38.0,1742.13671875,1602.8637102507055
2026-07-21T02:49:07.909582+00:00,3843.0,31.0,99.79,38.0,1742.13671875,1603.2274216003716
2026-07-21T02:49:08.266158+00:00,3843.0,36.0,99.74,38.0,1742.13671875,1603.583996836096
2026-07-21T02:49:08.615810+00:00,3843.0,35.0,98.72,38.0,1742.13671875,1603.9336481243372
2026-07-21T02:49:08.937070+00:00,3843.0,36.0,98.47,38.0,1742.13671875,1604.2549084760249
2026-07-21T02:49:09.297321+00:00,3843.0,34.0,98.85,38.0,1742.140625,1604.6151599027216
2026-07-21T02:49:09.621672+00:00,3843.0,35.0,98.71,38.0,1742.140625,1604.9395115077496
2026-07-21T02:49:09.945641+00:00,3843.0,36.0,98.77,38.0,1742.140625,1605.2634802013636
2026-07-21T02:49:10.268020+00:00,3843.0,34.0,98.56,38.0,1742.140625,1605.585858926177
2026-07-21T02:49:10.590456+00:00,3843.0,36.0,98.74,38.0,1742.140625,1605.9082950875163
2026-07-21T02:49:10.915039+00:00,3843.0,34.0,98.94,38.0,1742.140625,1606.232877779752
2026-07-21T02:49:11.238453+00:00,3843.0,36.0,99.18,38.0,1742.140625,1606.5562922097743
2026-07-21T02:49:11.563253+00:00,3843.0,34.0,99.01,38.0,1742.1484375,1606.8810913451016
2026-07-21T02:49:11.928132+00:00,3843.0,36.0,99.07,38.0,1742.1484375,1607.245970722288
2026-07-21T02:49:12.250824+00:00,3843.0,34.0,99.01,38.0,1742.15234375,1607.5686627551913
2026-07-21T02:49:12.597075+00:00,3843.0,36.0,99.18,38.0,1742.15234375,1607.9149140007794
2026-07-21T02:49:12.923398+00:00,3843.0,27.0,100.02,38.0,1742.171875,1608.2412363030016
2026-07-21T02:49:13.242023+00:00,3843.0,36.0,99.62,38.0,1742.171875,1608.559862088412
2026-07-21T02:49:13.616903+00:00,3843.0,34.0,99.23,38.0,1742.171875,1608.9347418993711
2026-07-21T02:49:13.938696+00:00,3843.0,36.0,98.17,38.0,1742.171875,1609.2565347068012
2026-07-21T02:49:14.289052+00:00,3843.0,35.0,98.65,38.0,1742.171875,1609.606891348958
2026-07-21T02:49:14.653099+00:00,3843.0,35.0,99.1,38.0,1742.171875,1609.9709382019937
2026-07-21T02:49:15.020525+00:00,3843.0,34.0,99.29,38.0,1742.171875,1610.338363431394
2026-07-21T02:49:15.365501+00:00,3843.0,35.0,99.34,38.0,1742.171875,1610.683339446783
2026-07-21T02:49:15.700715+00:00,3843.0,35.0,99.0,38.0,1742.171875,1611.0185537487268
2026-07-21T02:49:16.026083+00:00,3843.0,34.0,99.04,38.0,1742.171875,1611.343922290951
2026-07-21T02:49:16.351438+00:00,3843.0,35.0,99.11,38.0,1742.171875,1611.6692771799862
2026-07-21T02:49:16.675676+00:00,3843.0,34.0,99.38,38.0,1742.171875,1611.9935147687793
2026-07-21T02:49:16.999227+00:00,3843.0,26.0,100.02,38.0,1742.1875,1612.3170655332506
2026-07-21T02:49:17.325779+00:00,3843.0,36.0,99.89,38.0,1742.1875,1612.6436180472374
2026-07-21T02:49:17.650795+00:00,3843.0,36.0,99.82,38.0,1742.1875,1612.9686340428889
2026-07-21T02:49:17.978913+00:00,3843.0,34.0,98.87,38.0,1742.1875,1613.2967522889376
2026-07-21T02:49:18.302779+00:00,3843.0,36.0,98.78,38.0,1742.1875,1613.6206176914275
2026-07-21T02:49:18.626982+00:00,3843.0,34.0,98.78,38.0,1742.1875,1613.944821126759
2026-07-21T02:49:18.950567+00:00,3843.0,37.0,98.67,38.0,1742.1875,1614.2684054039419
2026-07-21T02:49:19.293468+00:00,3843.0,36.0,98.66,38.0,1742.1875,1614.611307580024
2026-07-21T02:49:19.619077+00:00,3843.0,35.0,98.76,38.0,1742.19140625,1614.9369162917137
2026-07-21T02:49:19.941492+00:00,3843.0,36.0,98.81,38.0,1742.19140625,1615.2593309395015
2026-07-21T02:49:20.265731+00:00,3843.0,34.0,98.77,38.0,1742.19140625,1615.5835704132915
2026-07-21T02:49:20.613033+00:00,3843.0,34.0,99.02,38.0,1742.19140625,1615.9308713935316
2026-07-21T02:49:20.935118+00:00,3843.0,36.0,99.25,38.0,1742.19140625,1616.2529568597674
2026-07-21T02:49:21.305464+00:00,3843.0,34.0,99.24,38.0,1742.19140625,1616.6233025677502
2026-07-21T02:49:21.648420+00:00,3843.0,36.0,99.56,38.0,1742.19140625,1616.9662590809166
2026-07-21T02:49:21.973397+00:00,3843.0,35.0,99.47,38.0,1742.19140625,1617.2912357375026
2026-07-21T02:49:22.295026+00:00,3843.0,35.0,99.43,38.0,1742.19140625,1617.6128652058542
2026-07-21T02:49:22.619268+00:00,3843.0,35.0,99.42,38.0,1742.19140625,1617.9371070191264
2026-07-21T02:49:22.988600+00:00,3847.0,24.0,98.8,38.0,1742.19140625,1618.3064386434853
2026-07-21T02:49:23.333112+00:00,3847.0,36.0,98.82,38.0,1742.19140625,1618.6509505435824
2026-07-21T02:49:23.708222+00:00,3847.0,35.0,98.36,38.0,1742.19921875,1619.0260604023933
2026-07-21T02:49:24.083934+00:00,3847.0,34.0,99.76,38.0,1742.2109375,1619.4017726816237
2026-07-21T02:49:24.406561+00:00,3847.0,36.0,99.75,38.0,1742.2109375,1619.7244000658393
2026-07-21T02:49:24.731317+00:00,3847.0,33.0,100.07,38.0,1742.2109375,1620.049156345427
2026-07-21T02:49:25.063775+00:00,3847.0,27.0,97.23,38.0,1742.2109375,1620.3816132210195
2026-07-21T02:49:25.425703+00:00,3847.0,36.0,97.15,38.0,1742.21484375,1620.7435415759683
2026-07-21T02:49:25.750690+00:00,3847.0,35.0,97.65,38.0,1742.21484375,1621.0685284733772
2026-07-21T02:49:26.051075+00:00,3847.0,36.0,98.56,38.0,1742.21484375,1621.3689136728644
2026-07-21T02:49:26.374421+00:00,3847.0,34.0,98.75,38.0,1742.21484375,1621.6922605000436
2026-07-21T02:49:26.698458+00:00,3847.0,34.0,98.85,38.0,1742.21484375,1622.016296826303
2026-07-21T02:49:27.069213+00:00,3847.0,36.0,99.07,38.0,1742.21875,1622.3870518542826
2026-07-21T02:49:27.390334+00:00,3847.0,36.0,99.0,38.0,1742.21875,1622.708172570914
2026-07-21T02:49:27.718319+00:00,3847.0,34.0,99.0,38.0,1742.21875,1623.0361584052444
2026-07-21T02:49:28.043260+00:00,3847.0,9.0,98.08,38.0,1742.23828125,1623.3610980398953
2026-07-21T02:49:28.369074+00:00,3847.0,35.0,97.64,38.0,1742.23828125,1623.6869119144976
2026-07-21T02:49:28.717313+00:00,3847.0,36.0,97.33,38.0,1742.23828125,1624.0351524464786
2026-07-21T02:49:29.028489+00:00,3847.0,36.0,97.82,38.0,1742.23828125,1624.3463274985552
2026-07-21T02:49:29.376015+00:00,3847.0,36.0,97.56,38.0,1742.23828125,1624.6938532665372
2026-07-21T02:49:29.698043+00:00,3847.0,31.0,97.01,38.0,1742.25,1625.0158819630742
2026-07-21T02:49:29.997697+00:00,3847.0,34.0,96.94,38.0,1742.25,1625.31553690508
2026-07-21T02:49:30.298832+00:00,3847.0,33.0,96.84,38.0,1742.25,1625.6166697256267
2026-07-21T02:49:30.619222+00:00,3847.0,33.0,97.72,38.0,1742.25,1625.9370606727898
2026-07-21T02:49:30.956589+00:00,3847.0,34.0,97.55,38.0,1742.25,1626.2744276449084
2026-07-21T02:49:31.298220+00:00,3847.0,34.0,97.92,38.0,1742.25390625,1626.6160594075918
2026-07-21T02:49:31.622794+00:00,3847.0,36.0,97.99,38.0,1742.25390625,1626.940633252263
2026-07-21T02:49:31.988188+00:00,3847.0,35.0,98.54,38.0,1742.2578125,1627.3060265295208
2026-07-21T02:49:32.338387+00:00,3847.0,34.0,98.15,38.0,1742.2578125,1627.6562258452177
2026-07-21T02:49:32.685068+00:00,3847.0,33.0,98.11,38.0,1742.2578125,1628.0029068142176
2026-07-21T02:49:33.011487+00:00,3847.0,35.0,97.61,38.0,1742.2578125,1628.329326864332
2026-07-21T02:49:33.338538+00:00,3847.0,33.0,97.46,38.0,1742.2578125,1628.6563762128353
2026-07-21T02:49:33.665911+00:00,3847.0,35.0,97.54,38.0,1742.2578125,1628.9837503395975
2026-07-21T02:49:34.016331+00:00,3847.0,35.0,97.81,38.0,1742.2578125,1629.3341700024903
2026-07-21T02:49:34.334418+00:00,3847.0,34.0,98.03,38.0,1742.2578125,1629.6522570997477
2026-07-21T02:49:34.658085+00:00,3847.0,36.0,98.13,38.0,1742.2578125,1629.9759233482182
2026-07-21T02:49:35.027310+00:00,3847.0,35.0,98.05,38.0,1742.2578125,1630.3451488055289
2026-07-21T02:49:35.355266+00:00,3847.0,34.0,98.01,38.0,1742.2578125,1630.6731049120426
2026-07-21T02:49:35.680175+00:00,3847.0,36.0,98.14,38.0,1742.2578125,1630.9980143383145
2026-07-21T02:49:36.004607+00:00,3847.0,19.0,97.61,38.0,1744.34765625,1631.3224451169372
2026-07-21T02:49:36.353610+00:00,3847.0,36.0,97.69,38.0,1744.34765625,1631.6714487224817
2026-07-21T02:49:36.679170+00:00,3847.0,33.0,97.46,38.0,1744.34765625,1631.99700884521
2026-07-21T02:49:36.991794+00:00,3847.0,33.0,97.53,38.0,1744.34765625,1632.3096324503422
2026-07-21T02:49:37.318407+00:00,3847.0,36.0,97.45,38.0,1744.34765625,1632.6362460888922
2026-07-21T02:49:37.618276+00:00,3847.0,34.0,97.38,38.0,1744.34765625,1632.9361146613955
2026-07-21T02:49:37.967719+00:00,3847.0,36.0,97.79,38.0,1744.34765625,1633.285552419722
2026-07-21T02:49:38.316677+00:00,3847.0,35.0,97.89,38.0,1744.34765625,1633.6345154121518
2026-07-21T02:49:38.682052+00:00,3847.0,34.0,98.29,38.0,1744.34765625,1633.999885711819
2026-07-21T02:49:39.006222+00:00,3847.0,36.0,98.05,38.0,1744.34765625,1634.3240614496171
2026-07-21T02:49:39.331065+00:00,3847.0,34.0,97.97,38.0,1744.34765625,1634.6489036381245
2026-07-21T02:49:39.657383+00:00,3847.0,36.0,97.88,38.0,1744.34765625,1634.9752218425274
2026-07-21T02:49:40.046457+00:00,3847.0,35.0,98.04,38.0,1744.34765625,1635.3642944060266
2026-07-21T02:49:40.370504+00:00,3847.0,31.0,97.93,38.0,1744.34765625,1635.6883435323834
2026-07-21T02:49:40.741196+00:00,3847.0,34.0,97.84,38.0,1744.34765625,1636.0590352341533
2026-07-21T02:49:41.066542+00:00,3847.0,35.0,97.21,38.0,1744.34765625,1636.384380493313
2026-07-21T02:49:41.411917+00:00,3847.0,34.0,97.98,38.0,1744.34765625,1636.7297560423613
2026-07-21T02:49:41.759447+00:00,3847.0,36.0,98.13,38.0,1744.3515625,1637.0772820971906
2026-07-21T02:49:42.106599+00:00,3847.0,35.0,98.02,38.0,1744.3515625,1637.4244377799332
2026-07-21T02:49:42.453103+00:00,3847.0,35.0,97.94,38.0,1744.3515625,1637.7709418572485
2026-07-21T02:49:42.844702+00:00,3847.0,11.0,97.83,38.0,1744.37109375,1638.1625398620963
2026-07-21T02:49:43.170357+00:00,3847.0,35.0,97.72,38.0,1744.37109375,1638.4881931059062
2026-07-21T02:49:43.519395+00:00,3847.0,35.0,97.52,38.0,1744.37109375,1638.8372338823974
2026-07-21T02:49:43.854942+00:00,3847.0,34.0,97.5,38.0,1744.37109375,1639.1727780997753
2026-07-21T02:49:44.251439+00:00,3847.0,33.0,97.51,38.0,1744.3828125,1639.5692777447402
2026-07-21T02:49:44.575512+00:00,3847.0,35.0,97.18,38.0,1744.390625,1639.8933501541615
2026-07-21T02:49:44.900518+00:00,3847.0,36.0,97.36,38.0,1744.390625,1640.2183564007282
2026-07-21T02:49:45.269108+00:00,3847.0,35.0,97.42,38.0,1744.390625,1640.5869476236403
2026-07-21T02:49:45.586077+00:00,3847.0,36.0,97.62,38.0,1744.390625,1640.9039164111018
2026-07-21T02:49:45.909643+00:00,3847.0,35.0,97.76,38.0,1744.40234375,1641.227482020855
2026-07-21T02:49:46.237804+00:00,3847.0,36.0,97.61,38.0,1744.41796875,1641.555641964078
2026-07-21T02:49:46.608965+00:00,3847.0,35.0,97.37,38.0,1744.41796875,1641.9268039129674
2026-07-21T02:49:46.929267+00:00,3847.0,36.0,97.76,38.0,1744.42578125,1642.2471062503755
2026-07-21T02:49:47.269411+00:00,3847.0,35.0,98.32,38.0,1744.42578125,1642.5872494131327
2026-07-21T02:49:47.595637+00:00,3847.0,36.0,98.41,38.0,1744.4453125,1642.9134760275483
2026-07-21T02:49:47.897385+00:00,3847.0,34.0,98.38,38.0,1744.44921875,1643.2152146808803
2026-07-21T02:49:48.218735+00:00,3847.0,36.0,98.39,38.0,1744.44921875,1643.5365741997957
2026-07-21T02:49:48.541135+00:00,3847.0,36.0,98.28,38.0,1744.46484375,1643.8589745610952
2026-07-21T02:49:48.840191+00:00,3847.0,36.0,98.44,38.0,1744.46484375,1644.1580307781696
2026-07-21T02:49:49.159989+00:00,3847.0,35.0,98.46,38.0,1744.4765625,1644.4778280444443
2026-07-21T02:49:49.482936+00:00,3847.0,34.0,98.25,38.0,1744.4765625,1644.8007746264338
2026-07-21T02:49:49.803821+00:00,3847.0,36.0,98.09,38.0,1744.48046875,1645.121660463512
2026-07-21T02:49:50.146825+00:00,3847.0,18.0,97.72,38.0,1744.51171875,1645.464658793062
2026-07-21T02:49:50.469604+00:00,3847.0,36.0,97.87,38.0,1744.51171875,1645.787443138659
2026-07-21T02:49:50.793590+00:00,3847.0,35.0,97.63,38.0,1744.515625,1646.1114288717508
2026-07-21T02:49:51.140139+00:00,3847.0,36.0,98.19,38.0,1744.515625,1646.4579777941108
2026-07-21T02:49:51.459494+00:00,3847.0,36.0,97.99,38.0,1744.51953125,1646.7773330695927
2026-07-21T02:49:51.763647+00:00,3847.0,36.0,98.22,38.0,1744.54296875,1647.081486042589
2026-07-21T02:49:52.084472+00:00,3847.0,35.0,97.99,38.0,1744.54296875,1647.4023110829294
2026-07-21T02:49:52.405353+00:00,3847.0,36.0,98.0,38.0,1744.55859375,1647.7231924943626
2026-07-21T02:49:52.724757+00:00,3847.0,36.0,98.3,38.0,1744.55859375,1648.0425958670676
2026-07-21T02:49:53.071589+00:00,3847.0,36.0,98.4,38.0,1744.5625,1648.3894272521138
2026-07-21T02:49:53.393924+00:00,3847.0,36.0,98.5,38.0,1744.57421875,1648.7117632254958
2026-07-21T02:49:53.760859+00:00,3847.0,36.0,98.2,38.0,1744.57421875,1649.0786983668804
2026-07-21T02:49:54.078341+00:00,3847.0,27.0,97.54,38.0,1744.6015625,1649.3961793743074
2026-07-21T02:49:54.377637+00:00,3847.0,36.0,97.54,38.0,1744.6015625,1649.6954761706293
2026-07-21T02:49:54.721318+00:00,3847.0,35.0,97.07,38.0,1744.609375,1650.039157398045
2026-07-21T02:49:55.091668+00:00,3847.0,35.0,97.8,38.0,1744.61328125,1650.4095063768327
2026-07-21T02:49:55.435802+00:00,3847.0,35.0,98.29,38.0,1744.61328125,1650.7536405436695
2026-07-21T02:49:55.805691+00:00,3847.0,7.0,96.54,38.0,1744.625,1651.1235284619033
2026-07-21T02:49:56.135542+00:00,3847.0,36.0,96.22,38.0,1744.625,1651.4533806815743
2026-07-21T02:49:56.454511+00:00,3847.0,35.0,95.87,38.0,1744.625,1651.772349756211
2026-07-21T02:49:56.777497+00:00,3847.0,35.0,97.76,38.0,1744.625,1652.0953366570175
2026-07-21T02:49:57.075023+00:00,3847.0,36.0,97.96,38.0,1744.625,1652.3928628340364
2026-07-21T02:49:57.412970+00:00,3847.0,35.0,97.98,38.0,1744.625,1652.7308081910014
2026-07-21T02:49:57.730181+00:00,3847.0,35.0,97.42,38.0,1744.640625,1653.0480184555054
2026-07-21T02:49:58.049608+00:00,3847.0,35.0,97.43,38.0,1744.640625,1653.3674469776452
2026-07-21T02:49:58.412405+00:00,3847.0,36.0,97.39,38.0,1744.640625,1653.730244152248
2026-07-21T02:49:58.782469+00:00,3847.0,36.0,98.15,38.0,1744.640625,1654.100307483226
2026-07-21T02:49:59.110644+00:00,3847.0,35.0,97.94,38.0,1744.640625,1654.4284824803472
2026-07-21T02:49:59.430531+00:00,3847.0,34.0,97.81,38.0,1744.640625,1654.7483698017895
2026-07-21T02:49:59.787965+00:00,3847.0,36.0,97.5,38.0,1744.640625,1655.105804193765
2026-07-21T02:50:00.096726+00:00,3847.0,34.0,97.65,38.0,1744.640625,1655.4145643562078
2026-07-21T02:50:00.421401+00:00,3847.0,34.0,97.43,38.0,1744.640625,1655.73923939839
2026-07-21T02:50:00.748663+00:00,3847.0,36.0,97.51,38.0,1744.640625,1656.0665020793676
2026-07-21T02:50:01.050092+00:00,3847.0,34.0,97.52,38.0,1744.640625,1656.3679308630526
2026-07-21T02:50:01.416341+00:00,3847.0,36.0,97.91,38.0,1744.640625,1656.7341798990965
2026-07-21T02:50:01.738317+00:00,3847.0,36.0,98.0,38.0,1744.640625,1657.0561559051275
2026-07-21T02:50:02.061818+00:00,3847.0,34.0,98.07,38.0,1744.640625,1657.3796572200954
2026-07-21T02:50:02.408758+00:00,3847.0,35.0,98.09,38.0,1744.640625,1657.7265968434513
2026-07-21T02:50:02.758230+00:00,3847.0,35.0,98.34,38.0,1744.640625,1658.0760660357773
2026-07-21T02:50:03.134153+00:00,3847.0,29.0,97.22,38.0,1744.66015625,1658.4519905857742
2026-07-21T02:50:03.455362+00:00,3847.0,36.0,97.03,38.0,1744.66015625,1658.7732014767826
2026-07-21T02:50:03.781588+00:00,3847.0,36.0,96.74,38.0,1744.66015625,1659.0994267240167
2026-07-21T02:50:04.111995+00:00,3847.0,35.0,97.86,38.0,1744.66015625,1659.4298337735236
2026-07-21T02:50:04.434764+00:00,3847.0,36.0,98.31,38.0,1744.66015625,1659.7526035048068
2026-07-21T02:50:04.758818+00:00,3847.0,36.0,98.22,38.0,1744.66015625,1660.0766566768289
2026-07-21T02:50:05.089980+00:00,3847.0,35.0,98.11,38.0,1744.66015625,1660.4078196436167
2026-07-21T02:50:05.435242+00:00,3847.0,36.0,98.4,38.0,1744.66015625,1660.7530810572207
2026-07-21T02:50:05.783121+00:00,3847.0,29.0,97.9,38.0,1744.671875,1661.1009590737522
2026-07-21T02:50:06.107768+00:00,3847.0,36.0,98.46,38.0,1744.671875,1661.425606559962
2026-07-21T02:50:06.429877+00:00,3847.0,36.0,97.89,38.0,1744.671875,1661.7477167621255
2026-07-21T02:50:06.753952+00:00,3847.0,35.0,98.61,38.0,1744.671875,1662.0717910155654
2026-07-21T02:50:07.100154+00:00,3847.0,36.0,98.19,38.0,1744.671875,1662.4179933778942
2026-07-21T02:50:07.416668+00:00,3847.0,36.0,98.32,38.0,1744.671875,1662.7345069870353
2026-07-21T02:50:07.763316+00:00,3847.0,35.0,98.5,38.0,1744.671875,1663.081155501306
2026-07-21T02:50:08.086682+00:00,3847.0,35.0,98.56,38.0,1744.671875,1663.4045208655298
2026-07-21T02:50:08.409902+00:00,3847.0,36.0,98.4,38.0,1744.671875,1663.727740816772
2026-07-21T02:50:08.734822+00:00,3847.0,35.0,98.2,38.0,1744.671875,1664.0526616573334
2026-07-21T02:50:09.074879+00:00,3847.0,22.0,97.46,38.0,1744.6875,1664.3927168659866
2026-07-21T02:50:09.444123+00:00,3847.0,35.0,97.57,38.0,1744.6875,1664.7619624994695
2026-07-21T02:50:09.768715+00:00,3847.0,36.0,97.29,38.0,1744.6875,1665.0865540616214
2026-07-21T02:50:10.094693+00:00,3847.0,35.0,98.29,38.0,1744.6875,1665.4125324711204
2026-07-21T02:50:10.416365+00:00,3847.0,35.0,98.2,38.0,1744.6875,1665.734203916043
2026-07-21T02:50:10.715651+00:00,3847.0,35.0,98.07,38.0,1744.6875,1666.0334907621145
2026-07-21T02:50:11.037569+00:00,3847.0,35.0,97.8,38.0,1744.6875,1666.3554080687463
2026-07-21T02:50:11.383590+00:00,3847.0,36.0,98.1,38.0,1744.6875,1666.7014286667109
2026-07-21T02:50:11.752268+00:00,3847.0,36.0,98.2,38.0,1744.6875,1667.0701068639755
2026-07-21T02:50:12.075026+00:00,3847.0,35.0,98.53,38.0,1744.6875,1667.3928642496467
2026-07-21T02:50:12.418827+00:00,3847.0,35.0,98.25,38.0,1744.6875,1667.7366664297879
2026-07-21T02:50:12.718013+00:00,3847.0,36.0,98.34,38.0,1744.6875,1668.0358525551856
2026-07-21T02:50:13.059588+00:00,3847.0,36.0,98.1,38.0,1744.6875,1668.3774274662137
2026-07-21T02:50:13.508823+00:00,3847.0,36.0,98.5,38.0,1744.6875,1668.8266609609127
2026-07-21T02:50:13.809289+00:00,3847.0,35.0,98.67,38.0,1744.6875,1669.127128329128
2026-07-21T02:50:14.156574+00:00,3847.0,36.0,98.93,38.0,1744.6875,1669.4744129553437
2026-07-21T02:50:14.480615+00:00,3847.0,36.0,98.85,38.0,1744.6875,1669.798454426229
2026-07-21T02:50:14.799774+00:00,3847.0,36.0,98.85,38.0,1744.6875,1670.117613825947
2026-07-21T02:50:15.120756+00:00,3847.0,36.0,98.86,38.0,1744.6875,1670.438594803214
2026-07-21T02:50:15.441965+00:00,3847.0,36.0,98.81,38.0,1744.6875,1670.7598036266863
2026-07-21T02:50:15.807630+00:00,3847.0,35.0,98.55,38.0,1744.6875,1671.125468812883
2026-07-21T02:50:16.200054+00:00,3847.0,24.0,98.37,38.0,1744.7109375,1671.5178919434547
2026-07-21T02:50:16.523896+00:00,3847.0,35.0,98.19,38.0,1744.7109375,1671.8417349420488
2026-07-21T02:50:16.873052+00:00,3847.0,35.0,98.08,38.0,1744.7109375,1672.1908907070756
2026-07-21T02:50:17.216006+00:00,3847.0,35.0,98.05,38.0,1744.7109375,1672.5338452979922
2026-07-21T02:50:17.561323+00:00,3847.0,34.0,98.25,38.0,1744.7109375,1672.8791621401906
2026-07-21T02:50:17.916693+00:00,3847.0,35.0,97.98,38.0,1744.7109375,1673.2345319651067
2026-07-21T02:50:18.261484+00:00,3847.0,34.0,98.06,38.0,1744.7109375,1673.5793226920068
2026-07-21T02:50:18.608259+00:00,3847.0,36.0,98.0,38.0,1744.7109375,1673.9260982647538
2026-07-21T02:50:18.980242+00:00,3847.0,34.0,98.17,38.0,1744.7109375,1674.298080418259
2026-07-21T02:50:19.302322+00:00,3847.0,34.0,98.04,38.0,1744.7109375,1674.620161011815
2026-07-21T02:50:19.672946+00:00,3847.0,35.0,98.19,38.0,1744.7109375,1674.9907850660384
2026-07-21T02:50:19.997759+00:00,3847.0,36.0,97.81,38.0,1744.7109375,1675.3155977241695
2026-07-21T02:50:20.319968+00:00,3847.0,36.0,97.84,38.0,1744.7109375,1675.637807637453
2026-07-21T02:50:20.686474+00:00,3847.0,35.0,98.43,38.0,1744.7109375,1676.0043131932616
2026-07-21T02:50:21.055439+00:00,3847.0,35.0,98.89,38.0,1744.7109375,1676.3732786625624
2026-07-21T02:50:21.356070+00:00,3847.0,36.0,99.03,38.0,1744.7109375,1676.6739100068808
2026-07-21T02:50:21.700380+00:00,3847.0,35.0,98.63,38.0,1744.7109375,1677.018219038844
2026-07-21T02:50:22.025044+00:00,3847.0,35.0,98.43,38.0,1744.7109375,1677.3428834825754
2026-07-21T02:50:22.349033+00:00,3847.0,36.0,98.62,38.0,1744.7109375,1677.6668727509677
2026-07-21T02:50:22.647409+00:00,3847.0,36.0,98.57,38.0,1744.7109375,1677.9652485214174
2026-07-21T02:50:22.969965+00:00,3847.0,36.0,98.7,38.0,1744.7109375,1678.287804402411
2026-07-21T02:50:23.289213+00:00,3847.0,36.0,98.72,38.0,1744.7109375,1678.6070521622896
2026-07-21T02:50:23.587959+00:00,3847.0,36.0,98.69,38.0,1744.7109375,1678.9057982042432
2026-07-21T02:50:23.932861+00:00,3847.0,35.0,98.79,38.0,1744.7109375,1679.2507002912462
2026-07-21T02:50:24.233162+00:00,3847.0,14.0,97.93,38.0,1744.734375,1679.551000393927
2026-07-21T02:50:24.552504+00:00,3847.0,35.0,97.56,38.0,1744.734375,1679.8703430704772
2026-07-21T02:50:24.850850+00:00,3847.0,36.0,97.3,38.0,1744.734375,1680.1686895936728
2026-07-21T02:50:25.186290+00:00,3847.0,35.0,97.9,38.0,1744.734375,1680.5041294172406
2026-07-21T02:50:25.507960+00:00,3847.0,35.0,97.81,38.0,1744.734375,1680.8257989957929
2026-07-21T02:50:25.825942+00:00,3847.0,36.0,98.25,38.0,1744.734375,1681.1437819451094
2026-07-21T02:50:26.150803+00:00,3847.0,35.0,98.28,38.0,1744.734375,1681.4686412997544
2026-07-21T02:50:26.474551+00:00,3847.0,36.0,98.7,38.0,1744.734375,1681.7923900410533
2026-07-21T02:50:26.796606+00:00,3847.0,35.0,98.54,38.0,1744.734375,1682.114445000887
2026-07-21T02:50:27.143400+00:00,3847.0,36.0,98.62,38.0,1744.734375,1682.4612386226654
2026-07-21T02:50:27.442609+00:00,3847.0,36.0,98.3,38.0,1744.734375,1682.7604493238032
2026-07-21T02:50:27.764804+00:00,3847.0,36.0,98.2,38.0,1744.734375,1683.08264343068
2026-07-21T02:50:28.086010+00:00,3847.0,36.0,98.26,38.0,1744.734375,1683.4038491100073
2026-07-21T02:50:28.406221+00:00,3847.0,36.0,97.99,38.0,1744.734375,1683.7240589857101
2026-07-21T02:50:28.729737+00:00,3847.0,36.0,98.05,38.0,1744.734375,1684.0475754849613
2026-07-21T02:50:29.074716+00:00,3847.0,35.0,98.18,38.0,1744.734375,1684.3925550021231
2026-07-21T02:50:29.418796+00:00,3847.0,35.0,98.36,38.0,1744.734375,1684.7366350889206
2026-07-21T02:50:29.742324+00:00,3847.0,36.0,98.33,38.0,1744.734375,1685.0601637586951
2026-07-21T02:50:30.063794+00:00,3847.0,36.0,98.16,38.0,1744.734375,1685.3816334418952
2026-07-21T02:50:30.404672+00:00,3847.0,35.0,98.25,38.0,1744.734375,1685.7225103899837
2026-07-21T02:50:30.731241+00:00,3847.0,35.0,98.38,38.0,1744.734375,1686.0490804873407
2026-07-21T02:50:31.053330+00:00,3847.0,36.0,98.48,38.0,1744.734375,1686.3711689300835
2026-07-21T02:50:31.377624+00:00,3847.0,36.0,98.65,38.0,1744.734375,1686.695463296026
2026-07-21T02:50:31.740633+00:00,3847.0,34.0,98.86,38.0,1744.734375,1687.0584716387093
2026-07-21T02:50:32.112224+00:00,3847.0,35.0,99.19,38.0,1744.734375,1687.4300624020398
2026-07-21T02:50:32.531799+00:00,3847.0,34.0,99.07,38.0,1744.734375,1687.8496373407543
2026-07-21T02:50:32.839147+00:00,3847.0,34.0,98.0,38.0,1744.7578125,1688.15698492527
2026-07-21T02:50:33.157736+00:00,3847.0,36.0,97.64,38.0,1744.7578125,1688.4755744040012
2026-07-21T02:50:33.488270+00:00,3847.0,24.0,96.58,38.0,1744.7578125,1688.8061091303825
2026-07-21T02:50:33.813299+00:00,3847.0,35.0,96.36,38.0,1744.7578125,1689.1311373636127
2026-07-21T02:50:34.160184+00:00,3847.0,34.0,96.09,38.0,1744.7578125,1689.478022634983
2026-07-21T02:50:34.486701+00:00,3847.0,34.0,96.39,38.0,1744.7578125,1689.8045390211046
2026-07-21T02:50:34.827563+00:00,3847.0,34.0,97.47,38.0,1744.7578125,1690.1454016119242
2026-07-21T02:50:35.148968+00:00,3847.0,36.0,97.49,38.0,1744.7578125,1690.4668062664568
2026-07-21T02:50:35.473637+00:00,3847.0,34.0,97.68,38.0,1744.7578125,1690.7914754264057
2026-07-21T02:50:35.819092+00:00,3847.0,34.0,98.01,38.0,1744.7578125,1691.1369311884046
2026-07-21T02:50:36.164261+00:00,3847.0,36.0,98.36,38.0,1744.7578125,1691.4821005053818
2026-07-21T02:50:36.464719+00:00,3847.0,36.0,98.32,38.0,1744.7578125,1691.7825579941273
2026-07-21T02:50:36.793551+00:00,3847.0,34.0,98.65,38.0,1744.7578125,1692.1113905906677
2026-07-21T02:50:37.093296+00:00,3847.0,36.0,98.44,38.0,1744.7578125,1692.4111352600157
2026-07-21T02:50:37.416658+00:00,3847.0,36.0,98.62,38.0,1744.7578125,1692.7344974987209
2026-07-21T02:50:37.717235+00:00,3847.0,36.0,98.36,38.0,1744.7578125,1693.03507418558
2026-07-21T02:50:38.022046+00:00,3847.0,36.0,98.27,38.0,1744.7578125,1693.3398848585784
2026-07-21T02:50:38.346940+00:00,3847.0,35.0,98.22,38.0,1744.7578125,1693.6647795401514
2026-07-21T02:50:38.692048+00:00,3847.0,36.0,98.54,38.0,1744.7578125,1694.009887084365
2026-07-21T02:50:39.052415+00:00,3847.0,35.0,98.58,38.0,1744.7578125,1694.370254766196
2026-07-21T02:50:39.416285+00:00,3847.0,36.0,99.15,38.0,1744.7578125,1694.734124328941
2026-07-21T02:50:39.732681+00:00,3847.0,36.0,98.83,38.0,1744.7578125,1695.0505203902721
2026-07-21T02:50:40.139736+00:00,3847.0,36.0,98.66,38.0,1744.765625,1695.4575746543705
2026-07-21T02:50:40.465931+00:00,3847.0,35.0,97.94,38.0,1744.78515625,1695.7837690338492
2026-07-21T02:50:40.790571+00:00,3847.0,35.0,97.94,38.0,1744.78515625,1696.108409885317
2026-07-21T02:50:41.115916+00:00,3847.0,35.0,97.74,38.0,1744.78515625,1696.4337553158402
2026-07-21T02:50:41.460951+00:00,3847.0,35.0,97.49,38.0,1744.78515625,1696.778789345175
2026-07-21T02:50:41.787137+00:00,3847.0,35.0,97.52,38.0,1744.78515625,1697.104975797236
2026-07-21T02:50:42.087661+00:00,3847.0,35.0,97.83,38.0,1744.78515625,1697.405499778688
2026-07-21T02:50:42.410922+00:00,3847.0,36.0,97.94,38.0,1744.78515625,1697.7287601530552
2026-07-21T02:50:42.734271+00:00,3847.0,36.0,98.07,38.0,1744.78515625,1698.0521096773446
2026-07-21T02:50:43.057297+00:00,3847.0,35.0,98.28,38.0,1744.78515625,1698.3751356191933
2026-07-21T02:50:43.381561+00:00,3847.0,35.0,98.31,38.0,1744.78515625,1698.6994000710547
2026-07-21T02:50:43.683684+00:00,3847.0,36.0,98.26,38.0,1744.78515625,1699.0015232041478
2026-07-21T02:50:43.985095+00:00,3847.0,36.0,98.25,38.0,1744.78515625,1699.3029342591763
2026-07-21T02:50:44.286699+00:00,3847.0,35.0,98.48,38.0,1744.78515625,1699.6045378372073
2026-07-21T02:50:44.610743+00:00,3847.0,35.0,98.34,38.0,1744.78515625,1699.9285818487406
2026-07-21T02:50:44.952386+00:00,3847.0,36.0,98.67,38.0,1744.78515625,1700.2702247053385
2026-07-21T02:50:45.291425+00:00,3847.0,36.0,98.43,38.0,1744.78515625,1700.6092640459538
2026-07-21T02:50:45.613590+00:00,3847.0,36.0,98.49,38.0,1744.78515625,1700.9314290620387
2026-07-21T02:50:45.913955+00:00,3847.0,35.0,98.49,38.0,1744.78515625,1701.2317944429815
2026-07-21T02:50:46.213734+00:00,3847.0,35.0,98.48,38.0,1744.78515625,1701.5315736196935
2026-07-21T02:50:46.516045+00:00,3847.0,36.0,98.67,38.0,1744.78515625,1701.8338834419847
2026-07-21T02:50:46.871869+00:00,3847.0,20.0,97.78,38.0,1744.8046875,1702.18970733881
2026-07-21T02:50:47.192068+00:00,3847.0,34.0,97.53,38.0,1744.8046875,1702.5099067687988
2026-07-21T02:50:47.537855+00:00,3847.0,34.0,97.16,38.0,1744.8046875,1702.85569421947
2026-07-21T02:50:47.861946+00:00,3847.0,35.0,98.08,38.0,1744.8046875,1703.1797853857279
2026-07-21T02:50:48.212546+00:00,3847.0,34.0,98.03,38.0,1744.8046875,1703.5303855538368
2026-07-21T02:50:48.550667+00:00,3847.0,35.0,97.92,38.0,1744.8046875,1703.868505563587
2026-07-21T02:50:48.873720+00:00,3847.0,35.0,97.75,38.0,1744.8046875,1704.191558536142
2026-07-21T02:50:49.248919+00:00,3847.0,33.0,97.6,38.0,1744.8046875,1704.5667583160102
2026-07-21T02:50:49.616624+00:00,3847.0,33.0,97.75,38.0,1744.8046875,1704.9344636462629
2026-07-21T02:50:49.941548+00:00,3847.0,34.0,97.76,38.0,1744.8046875,1705.2593868300319
2026-07-21T02:50:50.261791+00:00,3847.0,34.0,97.55,38.0,1744.8046875,1705.579630099237
2026-07-21T02:50:50.615444+00:00,3847.0,34.0,97.78,38.0,1744.8046875,1705.9332822971046
2026-07-21T02:50:50.988275+00:00,3847.0,34.0,98.13,38.0,1744.8046875,1706.3061140030622
2026-07-21T02:50:51.312640+00:00,3847.0,35.0,97.83,38.0,1744.8046875,1706.6304787248373
2026-07-21T02:50:51.640012+00:00,3847.0,35.0,97.57,38.0,1744.8046875,1706.9578508511186
2026-07-21T02:50:52.004554+00:00,3847.0,33.0,97.56,38.0,1744.8046875,1707.3223927393556
2026-07-21T02:50:52.332118+00:00,3847.0,33.0,97.74,38.0,1744.8046875,1707.6499544493854
2026-07-21T02:50:52.654281+00:00,3847.0,34.0,97.84,38.0,1744.828125,1707.9721196554601
2026-07-21T02:50:52.973583+00:00,3847.0,36.0,98.11,38.0,1744.828125,1708.2914221026003
2026-07-21T02:50:53.319863+00:00,3847.0,36.0,98.22,38.0,1744.828125,1708.6377025283873
2026-07-21T02:50:53.640482+00:00,3847.0,36.0,98.56,38.0,1744.828125,1708.9583211913705
2026-07-21T02:50:53.983600+00:00,3847.0,35.0,98.61,38.0,1744.828125,1709.301439769566
2026-07-21T02:50:54.305199+00:00,3847.0,35.0,98.57,38.0,1744.828125,1709.623037200421
2026-07-21T02:50:54.676272+00:00,3847.0,36.0,97.61,38.0,1744.8515625,1709.9941103607416
2026-07-21T02:50:54.976457+00:00,3847.0,34.0,97.63,38.0,1744.8515625,1710.2942969873548
2026-07-21T02:50:55.321528+00:00,3847.0,35.0,97.56,38.0,1744.8515625,1710.6393665112555
2026-07-21T02:50:55.644837+00:00,3847.0,35.0,97.48,38.0,1744.8515625,1710.9626761935651
2026-07-21T02:50:55.964646+00:00,3847.0,36.0,97.83,38.0,1744.8515625,1711.2824849300086
2026-07-21T02:50:56.333270+00:00,3847.0,35.0,97.64,38.0,1744.8515625,1711.6511093378067
2026-07-21T02:50:56.676474+00:00,3847.0,36.0,97.76,38.0,1744.8515625,1711.9943137578666
2026-07-21T02:50:56.998650+00:00,3847.0,34.0,97.99,38.0,1744.8515625,1712.3164896182716
2026-07-21T02:50:57.363880+00:00,3847.0,35.0,98.13,38.0,1744.8515625,1712.6817193292081
2026-07-21T02:50:57.708263+00:00,3847.0,35.0,98.29,38.0,1744.8515625,1713.0261022411287
2026-07-21T02:50:58.029425+00:00,3847.0,36.0,98.33,38.0,1744.8515625,1713.3472638130188
2026-07-21T02:50:58.329185+00:00,3847.0,36.0,98.22,38.0,1744.8515625,1713.6470246352255
2026-07-21T02:50:58.678033+00:00,3847.0,35.0,98.41,38.0,1744.8515625,1713.9958716258407
2026-07-21T02:50:58.979031+00:00,3847.0,35.0,98.54,38.0,1744.8515625,1714.2968696691096
2026-07-21T02:50:59.297917+00:00,3847.0,36.0,98.52,38.0,1744.8515625,1714.6157562881708
2026-07-21T02:50:59.643229+00:00,3847.0,36.0,98.29,38.0,1744.8515625,1714.9610686823726
2026-07-21T02:50:59.963990+00:00,3847.0,36.0,98.41,38.0,1744.8515625,1715.2818295918405
2026-07-21T02:51:00.284018+00:00,3847.0,35.0,98.6,38.0,1744.8515625,1715.6018571667373
2026-07-21T02:51:00.631706+00:00,3847.0,35.0,98.68,38.0,1744.8515625,1715.9495449699461
2026-07-21T02:51:00.932621+00:00,3847.0,36.0,98.84,38.0,1744.8515625,1716.2504606544971
2026-07-21T02:51:01.292495+00:00,3847.0,36.0,98.7,38.0,1744.8515625,1716.6103342659771
2026-07-21T02:51:01.616047+00:00,3847.0,35.0,98.55,38.0,1744.8515625,1716.9338768348098
2026-07-21T02:51:01.938589+00:00,3847.0,36.0,98.41,38.0,1744.8515625,1717.256428360939
2026-07-21T02:51:02.284292+00:00,3847.0,35.0,98.3,38.0,1744.8515625,1717.6021318174899
2026-07-21T02:51:02.602128+00:00,3847.0,35.0,98.38,38.0,1744.8515625,1717.9199672415853
2026-07-21T02:51:02.972746+00:00,3847.0,34.0,98.46,38.0,1744.8515625,1718.2905848138034
2026-07-21T02:51:03.315763+00:00,3847.0,36.0,97.9,38.0,1744.87109375,1718.6336015500128
2026-07-21T02:51:03.636838+00:00,3847.0,35.0,98.01,38.0,1744.87109375,1718.9546772614121
2026-07-21T02:51:03.935961+00:00,3847.0,35.0,97.61,38.0,1744.87109375,1719.2538015544415
2026-07-21T02:51:04.252185+00:00,3847.0,34.0,97.91,38.0,1744.87109375,1719.5700244903564
2026-07-21T02:51:04.551315+00:00,3847.0,35.0,97.8,38.0,1744.87109375,1719.8691538758576
2026-07-21T02:51:04.870704+00:00,3847.0,34.0,97.66,38.0,1744.87109375,1720.1885430701077
2026-07-21T02:51:05.195634+00:00,3847.0,34.0,97.57,38.0,1744.87109375,1720.5134723074734
2026-07-21T02:51:05.537811+00:00,3847.0,35.0,97.36,38.0,1744.87109375,1720.855649907142
2026-07-21T02:51:05.862792+00:00,3847.0,36.0,97.14,38.0,1744.87109375,1721.180631749332
2026-07-21T02:51:06.209016+00:00,3847.0,35.0,97.4,38.0,1744.87109375,1721.5268551111221
2026-07-21T02:51:06.530674+00:00,3847.0,35.0,97.63,38.0,1744.87109375,1721.8485085107386
2026-07-21T02:51:06.897641+00:00,3847.0,36.0,98.37,38.0,1744.87109375,1722.2154797427356
2026-07-21T02:51:07.221880+00:00,3847.0,34.0,98.14,38.0,1744.87109375,1722.539718799293
2026-07-21T02:51:07.541090+00:00,3847.0,34.0,98.28,38.0,1744.87109375,1722.8589293062687
2026-07-21T02:51:07.861595+00:00,3847.0,35.0,98.23,38.0,1744.87109375,1723.1794335953891
2026-07-21T02:51:08.207418+00:00,3847.0,35.0,98.29,38.0,1744.87109375,1723.5252574197948
2026-07-21T02:51:08.529752+00:00,3847.0,35.0,98.12,38.0,1744.87109375,1723.847591497004
2026-07-21T02:51:08.853956+00:00,3847.0,34.0,98.43,38.0,1744.87109375,1724.171794589609
2026-07-21T02:51:09.201096+00:00,3847.0,34.0,98.4,38.0,1744.87109375,1724.5189351849258
2026-07-21T02:51:09.523215+00:00,3847.0,35.0,98.3,38.0,1744.87109375,1724.8410538062453
2026-07-21T02:51:09.824916+00:00,3847.0,35.0,98.17,38.0,1744.87109375,1725.1427551321685
2026-07-21T02:51:10.172240+00:00,3847.0,36.0,98.1,38.0,1744.87109375,1725.4900788739324
2026-07-21T02:51:10.497717+00:00,3847.0,36.0,98.19,38.0,1744.87109375,1725.8155564181507
2026-07-21T02:51:10.821414+00:00,3847.0,34.0,98.09,38.0,1744.87109375,1726.1392528750002
2026-07-21T02:51:11.150157+00:00,3847.0,34.0,98.04,38.0,1744.87109375,1726.467996187508
2026-07-21T02:51:11.520967+00:00,3847.0,34.0,98.17,38.0,1744.87109375,1726.83880636096
2026-07-21T02:51:11.958100+00:00,3847.0,1.0,97.32,38.0,1744.89453125,1727.2759321294725
2026-07-21T02:51:12.281229+00:00,3847.0,33.0,97.0,38.0,1744.89453125,1727.5990680120885
2026-07-21T02:51:12.608266+00:00,3847.0,35.0,96.77,38.0,1744.89453125,1727.9261053353548
2026-07-21T02:51:12.948078+00:00,3847.0,34.0,97.68,38.0,1744.89453125,1728.2659172825515
2026-07-21T02:51:13.266019+00:00,3847.0,36.0,97.79,38.0,1744.89453125,1728.5838576518
2026-07-21T02:51:13.640489+00:00,3847.0,33.0,97.74,38.0,1744.8984375,1728.9583273865283
2026-07-21T02:51:13.988219+00:00,3847.0,34.0,97.01,38.0,1744.8984375,1729.3060583770275
2026-07-21T02:51:14.314521+00:00,3847.0,36.0,97.13,38.0,1744.8984375,1729.6323600523174
2026-07-21T02:51:14.688664+00:00,3847.0,35.0,97.12,38.0,1744.8984375,1730.0065032094717
2026-07-21T02:51:15.095525+00:00,3847.0,35.0,97.99,38.0,1744.8984375,1730.4133634120226
2026-07-21T02:51:15.449870+00:00,3847.0,34.0,98.06,38.0,1744.8984375,1730.7677085623145
2026-07-21T02:51:15.819847+00:00,3847.0,35.0,98.02,38.0,1744.8984375,1731.1376851946115
2026-07-21T02:51:16.150962+00:00,3847.0,34.0,97.95,38.0,1744.90234375,1731.468801446259
2026-07-21T02:51:16.474802+00:00,3847.0,35.0,97.62,38.0,1744.90234375,1731.7926409952343
2026-07-21T02:51:16.848655+00:00,3847.0,34.0,97.54,38.0,1744.90234375,1732.1664933413267
2026-07-21T02:51:17.196245+00:00,3847.0,35.0,98.2,38.0,1744.90234375,1732.5140835754573
2026-07-21T02:51:17.523593+00:00,3847.0,33.0,98.37,38.0,1744.90234375,1732.841431505978
2026-07-21T02:51:17.897020+00:00,3847.0,32.0,98.37,38.0,1744.90234375,1733.2148575261235
2026-07-21T02:51:18.265588+00:00,3847.0,35.0,98.31,37.0,1744.90234375,1733.5834268815815
2026-07-21T02:51:18.608521+00:00,3847.0,33.0,98.19,38.0,1744.90625,1733.926359731704
2026-07-21T02:51:18.933491+00:00,3847.0,35.0,98.46,38.0,1744.90625,1734.25133048743
2026-07-21T02:51:19.262184+00:00,3847.0,34.0,97.96,38.0,1744.90625,1734.5800238773227
2026-07-21T02:51:19.587770+00:00,3847.0,34.0,98.1,38.0,1744.90625,1734.9056071974337
2026-07-21T02:51:19.955762+00:00,3847.0,36.0,98.59,38.0,1744.90625,1735.2736009135842
2026-07-21T02:51:20.263275+00:00,3847.0,33.0,98.45,38.0,1744.90625,1735.5811132267118
2026-07-21T02:51:20.565531+00:00,3847.0,34.0,98.4,37.0,1744.90625,1735.8833706602454
2026-07-21T02:51:20.866556+00:00,3847.0,22.0,97.65,38.0,1744.9296875,1736.1843939870596
2026-07-21T02:51:21.212035+00:00,3847.0,35.0,97.58,37.0,1744.9296875,1736.5298736579716
2026-07-21T02:51:21.519952+00:00,3847.0,29.0,97.04,37.0,1744.9296875,1736.8377910107374
2026-07-21T02:51:21.873538+00:00,3847.0,35.0,97.39,37.0,1744.9296875,1737.1913770250976
2026-07-21T02:51:22.204426+00:00,3847.0,23.0,96.54,37.0,1744.9296875,1737.5222646854818
2026-07-21T02:51:22.533583+00:00,3847.0,35.0,96.95,37.0,1744.9296875,1737.8514213375747
2026-07-21T02:51:22.905231+00:00,3847.0,35.0,96.85,37.0,1744.9296875,1738.223069716245
2026-07-21T02:51:23.271436+00:00,3847.0,33.0,97.67,37.0,1744.9296875,1738.5892746560276
2026-07-21T02:51:23.617061+00:00,3847.0,33.0,97.6,37.0,1744.9296875,1738.93489972502
2026-07-21T02:51:23.983663+00:00,3847.0,33.0,97.87,37.0,1744.9296875,1739.3015015423298
2026-07-21T02:51:24.356247+00:00,3847.0,35.0,98.02,37.0,1744.9296875,1739.674085944891
2026-07-21T02:51:24.681768+00:00,3847.0,34.0,97.61,37.0,1744.9296875,1739.9996068179607
2026-07-21T02:51:25.005686+00:00,3847.0,31.0,96.18,37.0,1744.9296875,1740.3235253058374
2026-07-21T02:51:25.352639+00:00,3847.0,33.0,96.07,37.0,1744.9296875,1740.6704785972834
2026-07-21T02:51:25.700882+00:00,3847.0,35.0,96.58,37.0,1744.9296875,1741.0187211632729
2026-07-21T02:51:26.045774+00:00,3847.0,33.0,97.51,37.0,1744.9296875,1741.3636128492653
2026-07-21T02:51:26.373863+00:00,3847.0,33.0,97.74,37.0,1744.9296875,1741.6917014941573
2026-07-21T02:51:26.695456+00:00,3847.0,34.0,97.76,37.0,1744.9296875,1742.0132951363921
2026-07-21T02:51:27.020100+00:00,3847.0,33.0,97.54,37.0,1744.9296875,1742.337939120829
2026-07-21T02:51:27.385714+00:00,3847.0,35.0,97.56,37.0,1744.9296875,1742.7035527862608
2026-07-21T02:51:27.713772+00:00,3847.0,33.0,97.92,37.0,1744.9296875,1743.031611777842
2026-07-21T02:51:28.056751+00:00,3847.0,35.0,98.29,37.0,1744.9296875,1743.374589819461
2026-07-21T02:51:28.382653+00:00,3847.0,34.0,98.23,37.0,1744.9296875,1743.700491629541
2026-07-21T02:51:28.706565+00:00,3847.0,34.0,97.99,37.0,1744.9296875,1744.0244046524167
2026-07-21T02:51:29.032241+00:00,3847.0,34.0,98.2,37.0,1744.9296875,1744.3500801622868
2026-07-21T02:51:29.397242+00:00,3847.0,34.0,98.33,37.0,1744.9296875,1744.7150815874338
2026-07-21T02:51:29.722059+00:00,3847.0,10.0,97.94,38.0,1744.953125,1745.0398976132274
2026-07-21T02:51:30.081763+00:00,3847.0,35.0,97.5,37.0,1744.953125,1745.3996020667255
2026-07-21T02:51:30.452780+00:00,3847.0,35.0,97.42,37.0,1744.95703125,1745.7706188373268
2026-07-21T02:51:30.805485+00:00,3847.0,34.0,97.71,37.0,1744.95703125,1746.1233244650066
2026-07-21T02:51:31.133821+00:00,3847.0,35.0,97.92,37.0,1744.9609375,1746.4516599141061
2026-07-21T02:51:31.458976+00:00,3847.0,34.0,97.42,37.0,1744.9609375,1746.77681421116
2026-07-21T02:51:31.763596+00:00,3847.0,33.0,97.74,37.0,1744.9609375,1747.0814347490668
2026-07-21T02:51:32.090618+00:00,3847.0,35.0,97.58,37.0,1744.96484375,1747.408457070589
2026-07-21T02:51:32.413452+00:00,3847.0,35.0,97.69,37.0,1744.96484375,1747.7312904261053
2026-07-21T02:51:32.738965+00:00,3847.0,35.0,97.5,37.0,1744.96875,1748.056803971529
2026-07-21T02:51:33.058353+00:00,3847.0,32.0,97.59,37.0,1744.96875,1748.3761921152472
2026-07-21T02:51:33.383044+00:00,3847.0,36.0,97.71,37.0,1744.96875,1748.700882717967
2026-07-21T02:51:33.714570+00:00,3847.0,34.0,97.84,37.0,1744.96875,1749.0324083305895
2026-07-21T02:51:34.037737+00:00,3847.0,34.0,97.87,37.0,1744.96875,1749.3555757142603
2026-07-21T02:51:34.342274+00:00,3847.0,34.0,97.97,37.0,1744.97265625,1749.660112388432
2026-07-21T02:51:34.676755+00:00,3847.0,20.0,96.67,37.0,1745.0390625,1749.994593217969
2026-07-21T02:51:35.007192+00:00,3847.0,34.0,96.8,37.0,1745.046875,1750.3250299096107
2026-07-21T02:51:35.377046+00:00,3847.0,34.0,96.58,37.0,1745.05078125,1750.6948845535517
2026-07-21T02:51:35.702377+00:00,3847.0,35.0,97.47,37.0,1745.06640625,1751.0202160701156
2026-07-21T02:51:36.005754+00:00,3847.0,34.0,97.39,37.0,1745.06640625,1751.3235924988985
2026-07-21T02:51:36.329570+00:00,3847.0,35.0,97.39,37.0,1745.06640625,1751.6474081613123
2026-07-21T02:51:36.676651+00:00,3847.0,35.0,97.44,37.0,1745.0703125,1751.9944897182286
2026-07-21T02:51:37.001136+00:00,3847.0,35.0,97.36,37.0,1745.0703125,1752.3189749345183
2026-07-21T02:51:37.377830+00:00,3847.0,34.0,97.57,37.0,1745.07421875,1752.6956683062017
2026-07-21T02:51:37.703060+00:00,3847.0,35.0,97.45,37.0,1745.07421875,1753.0208987295628
2026-07-21T02:51:38.039652+00:00,3847.0,34.0,97.45,37.0,1745.078125,1753.3574889078736
2026-07-21T02:51:38.388491+00:00,3847.0,34.0,97.65,37.0,1745.08203125,1753.7063289918005
2026-07-21T02:51:38.762389+00:00,3847.0,35.0,98.06,37.0,1745.08203125,1754.080228175968
2026-07-21T02:51:39.085954+00:00,3847.0,35.0,97.97,37.0,1745.08984375,1754.4037921875715
2026-07-21T02:51:39.452696+00:00,3847.0,35.0,98.07,37.0,1745.08984375,1754.7705348283052
2026-07-21T02:51:39.782847+00:00,3847.0,33.0,97.55,37.0,1745.1015625,1755.1006853990257
2026-07-21T02:51:40.132839+00:00,3847.0,35.0,97.73,37.0,1745.1015625,1755.4506779164076
2026-07-21T02:51:40.459905+00:00,3847.0,33.0,97.6,37.0,1745.1015625,1755.7777436710894
2026-07-21T02:51:40.831751+00:00,3847.0,35.0,97.43,37.0,1745.12109375,1756.1495890915394
2026-07-21T02:51:41.156439+00:00,3847.0,34.0,97.26,37.0,1745.12890625,1756.4742774479091
2026-07-21T02:51:41.459705+00:00,3847.0,35.0,96.92,37.0,1745.13671875,1756.7775437608361
2026-07-21T02:51:41.809109+00:00,3847.0,33.0,97.19,37.0,1745.13671875,1757.1269476301968
2026-07-21T02:51:42.176104+00:00,3847.0,35.0,97.4,37.0,1745.140625,1757.493942309171
2026-07-21T02:51:42.503385+00:00,3847.0,35.0,97.89,37.0,1745.1484375,1757.821224026382
2026-07-21T02:51:42.829832+00:00,3847.0,34.0,97.98,37.0,1745.1484375,1758.1476704515517
2026-07-21T02:51:43.160067+00:00,3847.0,35.0,97.67,37.0,1745.15234375,1758.4779047481716
2026-07-21T02:51:43.534252+00:00,3847.0,32.0,97.5,37.0,1745.15234375,1758.8520909808576
2026-07-21T02:51:43.915283+00:00,3847.0,33.0,97.87,37.0,1745.16015625,1759.233121585101
2026-07-21T02:51:44.241647+00:00,3847.0,35.0,97.92,37.0,1745.16015625,1759.5594863779843
2026-07-21T02:51:44.566462+00:00,3847.0,36.0,97.57,37.0,1745.16015625,1759.8843006268144
2026-07-21T02:51:44.889844+00:00,3847.0,36.0,97.65,37.0,1745.16796875,1760.2076819390059
2026-07-21T02:51:45.217877+00:00,3847.0,34.0,97.82,37.0,1745.16796875,1760.5357157848775
2026-07-21T02:51:45.569427+00:00,3847.0,35.0,97.91,37.0,1745.17578125,1760.887266561389
2026-07-21T02:51:45.889872+00:00,3847.0,36.0,97.94,37.0,1745.17578125,1761.207710441202
2026-07-21T02:51:46.237308+00:00,3847.0,35.0,97.91,37.0,1745.1796875,1761.5551463477314
2026-07-21T02:51:46.558565+00:00,3847.0,33.0,97.78,37.0,1745.1875,1761.8764038980007
2026-07-21T02:51:46.910887+00:00,3847.0,35.0,97.86,37.0,1745.1875,1762.2287257239223
2026-07-21T02:51:47.233902+00:00,3847.0,9.0,97.04,38.0,1745.21875,1762.5517407171428
2026-07-21T02:51:47.601180+00:00,3847.0,33.0,96.93,37.0,1745.21875,1762.9190186038613
2026-07-21T02:51:47.928168+00:00,3847.0,35.0,96.85,37.0,1745.22265625,1763.2460070289671
2026-07-21T02:51:48.301544+00:00,3847.0,34.0,97.63,37.0,1745.234375,1763.6193832419813
2026-07-21T02:51:48.631861+00:00,3847.0,35.0,97.44,37.0,1745.234375,1763.949699897319
2026-07-21T02:51:49.005209+00:00,3847.0,34.0,97.82,37.0,1745.2421875,1764.323047541082
2026-07-21T02:51:49.377911+00:00,3847.0,35.0,98.33,37.0,1745.2421875,1764.6957498677075
2026-07-21T02:51:49.702973+00:00,3847.0,34.0,98.22,37.0,1745.24609375,1765.0208111852407
2026-07-21T02:51:50.084002+00:00,3847.0,35.0,98.17,37.0,1745.24609375,1765.401841469109
2026-07-21T02:51:50.457327+00:00,3847.0,34.0,98.11,37.0,1745.2578125,1765.775165144354
2026-07-21T02:51:50.804007+00:00,3847.0,36.0,98.38,37.0,1745.2578125,1766.121846627444
2026-07-21T02:51:51.129925+00:00,3847.0,34.0,97.78,37.0,1745.27734375,1766.4477636441588
2026-07-21T02:51:51.476135+00:00,3847.0,35.0,97.57,37.0,1745.28125,1766.7939736545086
2026-07-21T02:51:51.801049+00:00,3847.0,35.0,97.25,37.0,1745.28125,1767.118888001889
2026-07-21T02:51:52.129900+00:00,3847.0,35.0,97.72,37.0,1745.3046875,1767.4477395303547
2026-07-21T02:51:52.451184+00:00,3847.0,36.0,97.81,37.0,1745.3046875,1767.7690226361156
2026-07-21T02:51:52.777229+00:00,3847.0,36.0,97.83,37.0,1745.3046875,1768.095067922026
2026-07-21T02:51:53.126379+00:00,3847.0,35.0,97.89,37.0,1745.31640625,1768.444218814373
2026-07-21T02:51:53.448087+00:00,3847.0,35.0,97.69,37.0,1745.31640625,1768.7659270837903
2026-07-21T02:51:53.749260+00:00,3847.0,36.0,97.9,37.0,1745.32421875,1769.0670998692513
2026-07-21T02:51:54.071143+00:00,3847.0,36.0,98.08,37.0,1745.32421875,1769.3889816738665
2026-07-21T02:51:54.392065+00:00,3847.0,36.0,98.03,37.0,1745.328125,1769.7099044024944
2026-07-21T02:51:54.761301+00:00,3847.0,36.0,97.81,37.0,1745.34375,1770.0791392996907
2026-07-21T02:51:55.105528+00:00,3847.0,35.0,97.9,37.0,1745.34375,1770.4233671836555
2026-07-21T02:51:55.429153+00:00,3847.0,35.0,98.1,37.0,1745.3515625,1770.7469929382205
2026-07-21T02:51:55.754550+00:00,3847.0,35.0,98.04,37.0,1745.3515625,1771.0723895579576
2026-07-21T02:51:56.128144+00:00,3847.0,35.0,97.68,37.0,1745.3828125,1771.4459827318788
2026-07-21T02:51:56.448157+00:00,3847.0,35.0,97.58,37.0,1745.3828125,1771.7659961842
2026-07-21T02:51:56.817895+00:00,3847.0,35.0,97.59,37.0,1745.3828125,1772.1357339061797
2026-07-21T02:51:57.164062+00:00,3847.0,36.0,97.54,37.0,1745.3984375,1772.4819016084075
2026-07-21T02:51:57.536712+00:00,3847.0,35.0,97.91,37.0,1745.3984375,1772.8545505441725
2026-07-21T02:51:57.839923+00:00,3847.0,35.0,97.6,37.0,1745.40625,1773.1577618792653
2026-07-21T02:51:58.202273+00:00,3847.0,34.0,97.72,37.0,1745.40625,1773.5201125070453
2026-07-21T02:51:58.548366+00:00,3847.0,35.0,97.72,37.0,1745.421875,1773.866205520928
2026-07-21T02:51:58.868158+00:00,3847.0,35.0,98.05,37.0,1745.421875,1774.1859978586435
2026-07-21T02:51:59.195481+00:00,3847.0,35.0,97.69,37.0,1745.43359375,1774.5133177749813
2026-07-21T02:51:59.544468+00:00,3847.0,0.0,95.81,37.0,1745.44140625,1774.8623060137033
2026-07-21T02:51:59.844564+00:00,3847.0,35.0,95.8,37.0,1745.44140625,1775.1624036468565
2026-07-21T02:52:00.168081+00:00,3847.0,35.0,96.01,37.0,1745.44140625,1775.4859203062952
2026-07-21T02:52:00.487921+00:00,3847.0,36.0,98.01,37.0,1745.44140625,1775.805760215968
2026-07-21T02:52:00.857069+00:00,3847.0,35.0,98.18,37.0,1745.44140625,1776.1749075651169
2026-07-21T02:52:01.233278+00:00,3847.0,33.0,98.32,37.0,1745.44140625,1776.5511079393327
2026-07-21T02:52:01.600251+00:00,3847.0,34.0,98.0,37.0,1745.44140625,1776.9180898815393
2026-07-21T02:52:01.926926+00:00,3847.0,34.0,97.93,37.0,1745.44140625,1777.2447651661932
2026-07-21T02:52:02.332916+00:00,3847.0,14.0,97.27,37.0,1745.46484375,1777.6507537923753
2026-07-21T02:52:02.658212+00:00,3847.0,35.0,97.28,37.0,1745.46484375,1777.9760509431362
2026-07-21T02:52:02.981482+00:00,3847.0,35.0,97.25,37.0,1745.46484375,1778.2993172816932
2026-07-21T02:52:03.337196+00:00,3847.0,33.0,97.56,37.0,1745.46484375,1778.6550345234573
2026-07-21T02:52:03.671573+00:00,3847.0,33.0,97.26,37.0,1745.46484375,1778.9894117116928
2026-07-21T02:52:04.042881+00:00,3847.0,35.0,97.45,37.0,1745.46484375,1779.3607196994126
2026-07-21T02:52:04.388310+00:00,3847.0,35.0,97.9,37.0,1745.46484375,1779.7061489410698
2026-07-21T02:52:04.710161+00:00,3847.0,33.0,98.14,37.0,1745.46484375,1780.0280005261302
2026-07-21T02:52:05.075105+00:00,3847.0,35.0,98.04,37.0,1745.46484375,1780.3929371908307
2026-07-21T02:52:05.419445+00:00,3847.0,34.0,97.88,37.0,1745.46484375,1780.737283874303
2026-07-21T02:52:05.771630+00:00,3847.0,34.0,98.04,37.0,1745.46484375,1781.0894685611129
2026-07-21T02:52:06.143437+00:00,3847.0,34.0,98.35,37.0,1745.46484375,1781.4612761810422
2026-07-21T02:52:06.492389+00:00,3847.0,35.0,98.37,37.0,1745.46484375,1781.8102274499834
2026-07-21T02:52:06.816875+00:00,3847.0,35.0,98.17,37.0,1745.46484375,1782.1347144767642
2026-07-21T02:52:07.141103+00:00,3847.0,11.0,97.07,37.0,1745.48046875,1782.4589409828186
2026-07-21T02:52:07.442207+00:00,3847.0,35.0,96.96,37.0,1745.48046875,1782.7600462287664
2026-07-21T02:52:07.766481+00:00,3847.0,33.0,97.15,37.0,1745.48046875,1783.0843200609088
2026-07-21T02:52:08.085787+00:00,3847.0,34.0,98.07,37.0,1745.48046875,1783.403626319021
2026-07-21T02:52:08.435061+00:00,3847.0,34.0,97.58,37.0,1745.48046875,1783.7529009915888
2026-07-21T02:52:08.778814+00:00,3847.0,35.0,97.29,37.0,1745.48046875,1784.0966530106962
2026-07-21T02:52:09.100521+00:00,3847.0,34.0,97.41,37.0,1745.48046875,1784.4183604493737
2026-07-21T02:52:09.424637+00:00,3847.0,35.0,97.32,37.0,1745.48046875,1784.7424755916
2026-07-21T02:52:09.750508+00:00,3847.0,35.0,97.73,37.0,1745.48046875,1785.0683463513851
2026-07-21T02:52:10.089460+00:00,3847.0,34.0,97.62,37.0,1745.48046875,1785.407297451049
2026-07-21T02:52:10.415016+00:00,3847.0,34.0,97.77,37.0,1745.48046875,1785.7328546792269
2026-07-21T02:52:10.740883+00:00,3847.0,35.0,97.56,37.0,1745.48046875,1786.0587219186127
2026-07-21T02:52:11.083635+00:00,3847.0,35.0,97.85,37.0,1745.48046875,1786.401473570615
2026-07-21T02:52:11.451395+00:00,3847.0,35.0,98.2,37.0,1745.48046875,1786.7692341953516
2026-07-21T02:52:11.772498+00:00,3847.0,36.0,98.37,37.0,1745.48046875,1787.0903367064893
2026-07-21T02:52:12.099022+00:00,3847.0,35.0,98.34,37.0,1745.48046875,1787.4168604761362
2026-07-21T02:52:12.426242+00:00,3847.0,36.0,98.42,37.0,1745.48046875,1787.744079850614
2026-07-21T02:52:12.747626+00:00,3847.0,36.0,98.4,37.0,1745.48046875,1788.0654651597142
2026-07-21T02:52:13.093077+00:00,3847.0,35.0,98.3,37.0,1745.48046875,1788.4109167158604
2026-07-21T02:52:13.415765+00:00,3847.0,35.0,98.18,37.0,1745.48046875,1788.7336032800376
2026-07-21T02:52:13.761288+00:00,3847.0,35.0,98.32,37.0,1745.48046875,1789.0791271291673
2026-07-21T02:52:14.108693+00:00,3847.0,34.0,98.4,37.0,1745.48046875,1789.4265319108963
2026-07-21T02:52:14.431791+00:00,3847.0,36.0,98.27,37.0,1745.48046875,1789.7496300786734
2026-07-21T02:52:14.758464+00:00,3847.0,18.0,97.5,37.0,1745.50390625,1790.0763021707535
2026-07-21T02:52:15.096686+00:00,3847.0,35.0,97.35,37.0,1745.50390625,1790.4145253524184
2026-07-21T02:52:15.417730+00:00,3847.0,35.0,97.16,37.0,1745.50390625,1790.7355698160827
2026-07-21T02:52:15.718097+00:00,3847.0,35.0,97.82,37.0,1745.50390625,1791.0359359197319
2026-07-21T02:52:16.019618+00:00,3847.0,35.0,97.67,37.0,1745.50390625,1791.3374579139054
2026-07-21T02:52:16.342956+00:00,3847.0,33.0,97.64,37.0,1745.50390625,1791.6607953980565
2026-07-21T02:52:16.679767+00:00,3847.0,35.0,97.67,37.0,1745.50390625,1791.997606061399
2026-07-21T02:52:17.009560+00:00,3847.0,35.0,97.89,37.0,1745.50390625,1792.3273987174034
2026-07-21T02:52:17.333875+00:00,3847.0,35.0,98.16,37.0,1745.50390625,1792.6517137363553
2026-07-21T02:52:17.676785+00:00,3847.0,14.0,97.43,37.0,1745.515625,1792.9946221895516
2026-07-21T02:52:18.048232+00:00,3847.0,33.0,97.13,37.0,1745.515625,1793.366070844233
2026-07-21T02:52:18.396663+00:00,3847.0,30.0,96.93,37.0,1745.515625,1793.7145023308694
2026-07-21T02:52:18.722399+00:00,3847.0,34.0,97.16,37.0,1745.515625,1794.0402378216386
2026-07-21T02:52:19.049851+00:00,3847.0,35.0,97.19,37.0,1745.515625,1794.3676903434098
2026-07-21T02:52:19.401280+00:00,3847.0,36.0,97.41,37.0,1745.515625,1794.7191195860505
2026-07-21T02:52:19.726420+00:00,3847.0,34.0,97.49,37.0,1745.515625,1795.0442587509751
2026-07-21T02:52:20.071159+00:00,3847.0,35.0,97.72,37.0,1745.515625,1795.3889981023967
2026-07-21T02:52:20.399374+00:00,3847.0,33.0,97.69,37.0,1745.515625,1795.7172129713
2026-07-21T02:52:20.769945+00:00,3847.0,33.0,98.11,37.0,1745.515625,1796.0877839364111
2026-07-21T02:52:21.143059+00:00,3847.0,35.0,98.16,37.0,1745.515625,1796.4608975425363
2026-07-21T02:52:21.469741+00:00,3847.0,9.0,97.66,37.0,1745.53125,1796.787578240037
2026-07-21T02:52:21.793654+00:00,3847.0,34.0,97.35,37.0,1745.53125,1797.1114926189184
2026-07-21T02:52:22.163114+00:00,3847.0,35.0,97.22,37.0,1745.53125,1797.4809527397156
2026-07-21T02:52:22.489716+00:00,3847.0,34.0,97.81,37.0,1745.53125,1797.8075548410416
2026-07-21T02:52:22.855865+00:00,3847.0,34.0,98.07,37.0,1745.53125,1798.1737039498985
2026-07-21T02:52:23.177818+00:00,3847.0,35.0,97.65,37.0,1745.53125,1798.4956568814814
2026-07-21T02:52:23.497278+00:00,3847.0,36.0,97.94,37.0,1745.53125,1798.815117545426
2026-07-21T02:52:23.820321+00:00,3847.0,36.0,97.9,37.0,1745.53125,1799.1381597220898
2026-07-21T02:52:24.163739+00:00,3847.0,36.0,98.08,37.0,1745.53125,1799.4815784208477
2026-07-21T02:52:24.490167+00:00,3847.0,35.0,97.88,37.0,1745.53125,1799.8080061078072
2026-07-21T02:52:24.795124+00:00,3847.0,35.0,97.7,37.0,1745.53125,1800.1129631698132
2026-07-21T02:52:25.126114+00:00,3847.0,35.0,97.54,37.0,1745.53125,1800.4439521580935
2026-07-21T02:52:25.470847+00:00,3847.0,35.0,97.75,37.0,1745.53125,1800.7886866554618
2026-07-21T02:52:25.794581+00:00,3847.0,35.0,97.93,37.0,1745.53125,1801.1124202013016
2026-07-21T02:52:26.154996+00:00,3847.0,36.0,97.96,37.0,1745.53125,1801.472834866494
2026-07-21T02:52:26.457101+00:00,3847.0,35.0,97.49,37.0,1745.55078125,1801.7749389596283
2026-07-21T02:52:26.789658+00:00,3847.0,35.0,97.41,37.0,1745.55078125,1802.107497844845
2026-07-21T02:52:27.140425+00:00,3847.0,36.0,97.39,37.0,1745.55078125,1802.4582636356354
2026-07-21T02:52:27.512329+00:00,3847.0,36.0,97.95,37.0,1745.55078125,1802.830167543143
2026-07-21T02:52:27.813347+00:00,3847.0,36.0,97.65,37.0,1745.55078125,1803.131186824292
2026-07-21T02:52:28.183690+00:00,3847.0,35.0,97.9,37.0,1745.55078125,1803.5015297830105
2026-07-21T02:52:28.505811+00:00,3847.0,35.0,98.11,37.0,1745.55078125,1803.8236504755914
2026-07-21T02:52:28.811323+00:00,3847.0,36.0,98.33,37.0,1745.55078125,1804.129162427038
2026-07-21T02:52:29.131451+00:00,3847.0,36.0,98.12,37.0,1745.55078125,1804.4492904394865
2026-07-21T02:52:29.453855+00:00,3847.0,34.0,97.69,37.0,1745.55078125,1804.7716939300299
2026-07-21T02:52:29.755783+00:00,3847.0,36.0,97.84,37.0,1745.55078125,1805.0736225657165
2026-07-21T02:52:30.085039+00:00,3847.0,36.0,97.81,37.0,1745.55078125,1805.4028776921332
2026-07-21T02:52:30.409599+00:00,3847.0,36.0,98.02,37.0,1745.55078125,1805.727437902242
2026-07-21T02:52:30.733377+00:00,3847.0,36.0,97.84,37.0,1745.55078125,1806.051215466112
2026-07-21T02:52:31.052331+00:00,3847.0,36.0,97.9,37.0,1745.55078125,1806.3701704517007
2026-07-21T02:52:31.395681+00:00,3847.0,28.0,97.78,37.0,1745.55078125,1806.713520321995
2026-07-21T02:52:31.720947+00:00,3847.0,36.0,97.9,37.0,1745.55078125,1807.0387865714729
2026-07-21T02:52:32.023039+00:00,3847.0,36.0,98.29,37.0,1745.55078125,1807.340877763927
2026-07-21T02:52:32.343226+00:00,3847.0,36.0,98.32,37.0,1745.55078125,1807.6610657945275
2026-07-21T02:52:32.687664+00:00,3847.0,35.0,98.61,37.0,1745.55078125,1808.0055031999946
2026-07-21T02:52:33.055188+00:00,3847.0,36.0,98.47,37.0,1745.55078125,1808.3730266615748
2026-07-21T02:52:33.403127+00:00,3847.0,36.0,98.69,37.0,1745.55078125,1808.720966041088
2026-07-21T02:52:33.724978+00:00,3847.0,37.0,98.5,37.0,1745.55078125,1809.0428168401122
2026-07-21T02:52:34.091906+00:00,3847.0,36.0,98.5,37.0,1745.55078125,1809.4097444228828
2026-07-21T02:52:34.421864+00:00,3847.0,33.0,98.09,37.0,1745.55078125,1809.7397031448781
2026-07-21T02:52:34.796926+00:00,3847.0,17.0,97.47,37.0,1745.55078125,1810.114764612168
2026-07-21T02:52:35.129323+00:00,3847.0,35.0,97.34,37.0,1745.57421875,1810.4471610188484
2026-07-21T02:52:35.456507+00:00,3847.0,35.0,97.11,37.0,1745.57421875,1810.7743457630277
2026-07-21T02:52:35.789289+00:00,3847.0,33.0,96.57,37.0,1745.57421875,1811.1071275882423
2026-07-21T02:52:36.135125+00:00,3847.0,34.0,96.91,37.0,1745.57421875,1811.4529640376568
2026-07-21T02:52:36.508761+00:00,3847.0,35.0,97.03,37.0,1745.57421875,1811.8265993781388
2026-07-21T02:52:36.837177+00:00,3847.0,36.0,97.04,37.0,1745.57421875,1812.1550156362355
2026-07-21T02:52:37.156940+00:00,3847.0,34.0,96.88,37.0,1745.57421875,1812.474779266864
2026-07-21T02:52:37.528440+00:00,3847.0,34.0,97.3,37.0,1745.57421875,1812.8462780043483
2026-07-21T02:52:37.900284+00:00,3847.0,34.0,97.68,37.0,1745.57421875,1813.2181224673986
2026-07-21T02:52:38.234357+00:00,3847.0,33.0,97.71,37.0,1745.57421875,1813.5521920993924
2026-07-21T02:52:38.557441+00:00,3847.0,35.0,97.12,37.0,1745.57421875,1813.8752804733813
2026-07-21T02:52:38.881295+00:00,3847.0,36.0,97.27,37.0,1745.57421875,1814.199133850634
2026-07-21T02:52:39.206109+00:00,3847.0,35.0,97.61,37.0,1745.57421875,1814.5239481851459
2026-07-21T02:52:39.530428+00:00,3847.0,35.0,98.23,37.0,1745.57421875,1814.8482667692006
2026-07-21T02:52:39.849465+00:00,3847.0,36.0,98.21,37.0,1745.57421875,1815.1673034504056
2026-07-21T02:52:40.177673+00:00,3847.0,36.0,98.04,37.0,1745.57421875,1815.4955123439431
2026-07-21T02:52:40.524006+00:00,3847.0,36.0,98.12,37.0,1745.57421875,1815.8418441154063
2026-07-21T02:52:40.849066+00:00,3847.0,36.0,98.47,37.0,1745.57421875,1816.166905093938
2026-07-21T02:52:41.173115+00:00,3847.0,36.0,98.57,37.0,1745.57421875,1816.490954194218
2026-07-21T02:52:41.520259+00:00,3847.0,35.0,98.44,37.0,1745.57421875,1816.8380975350738
2026-07-21T02:52:41.892489+00:00,3847.0,36.0,98.38,37.0,1745.57421875,1817.2103278189898
2026-07-21T02:52:42.264064+00:00,3847.0,34.0,98.37,37.0,1745.57421875,1817.5819023624063
2026-07-21T02:52:42.633245+00:00,3847.0,36.0,98.86,37.0,1745.57421875,1817.9510841295123
2026-07-21T02:52:42.981022+00:00,3847.0,36.0,98.95,37.0,1745.57421875,1818.2988607771695
2026-07-21T02:52:43.304746+00:00,3847.0,36.0,98.88,37.0,1745.57421875,1818.6225845180452
2026-07-21T02:52:43.625153+00:00,3847.0,33.0,97.74,37.0,1745.59375,1818.9429913908243
2026-07-21T02:52:43.948470+00:00,3847.0,36.0,97.39,37.0,1745.59375,1819.2663099952042
2026-07-21T02:52:44.272357+00:00,3847.0,35.0,97.25,37.0,1745.59375,1819.5901957415044
2026-07-21T02:52:44.599466+00:00,3847.0,35.0,97.46,37.0,1745.59375,1819.9173052087426
2026-07-21T02:52:44.902522+00:00,3847.0,35.0,97.58,37.0,1745.59375,1820.2203612923622
2026-07-21T02:52:45.244615+00:00,3847.0,36.0,97.88,37.0,1745.59375,1820.5624538585544
2026-07-21T02:52:45.570752+00:00,3847.0,36.0,97.82,37.0,1745.59375,1820.8885906785727
2026-07-21T02:52:45.872832+00:00,3847.0,36.0,98.09,37.0,1745.59375,1821.190671313554
2026-07-21T02:52:46.198330+00:00,3847.0,35.0,97.89,37.0,1745.59375,1821.516169231385
2026-07-21T02:52:46.564912+00:00,3847.0,36.0,98.11,37.0,1745.59375,1821.8827507384121
2026-07-21T02:52:46.889784+00:00,3847.0,36.0,98.27,37.0,1745.59375,1822.207622922957
2026-07-21T02:52:47.210897+00:00,3847.0,36.0,98.31,37.0,1745.59375,1822.5287357792258
2026-07-21T02:52:47.511120+00:00,3847.0,35.0,98.39,37.0,1745.59375,1822.828960351646
2026-07-21T02:52:47.810653+00:00,3847.0,35.0,98.29,37.0,1745.59375,1823.1284925751388
2026-07-21T02:52:48.129370+00:00,3847.0,36.0,98.38,37.0,1745.59375,1823.4472093172371
2026-07-21T02:52:48.452148+00:00,3847.0,36.0,98.26,37.0,1745.59375,1823.7699870727956
2026-07-21T02:52:48.800598+00:00,3847.0,34.0,98.26,37.0,1745.59375,1824.1184368915856
2026-07-21T02:52:49.129536+00:00,3847.0,35.0,98.21,37.0,1745.59375,1824.447374727577
2026-07-21T02:52:49.495314+00:00,3847.0,36.0,97.77,37.0,1745.61328125,1824.813152719289
2026-07-21T02:52:49.799907+00:00,3847.0,35.0,97.22,37.0,1745.61328125,1825.1177458018064
2026-07-21T02:52:50.115264+00:00,3847.0,35.0,97.14,37.0,1745.61328125,1825.43310258165
2026-07-21T02:52:50.432840+00:00,3847.0,35.0,97.63,37.0,1745.61328125,1825.750679858029
2026-07-21T02:52:50.800614+00:00,3847.0,33.0,97.41,37.0,1745.61328125,1826.1184519715607
2026-07-21T02:52:51.133356+00:00,3847.0,34.0,97.3,37.0,1745.61328125,1826.4511954970658
2026-07-21T02:52:51.505472+00:00,3847.0,34.0,97.44,37.0,1745.61328125,1826.8233103193343
2026-07-21T02:52:51.829565+00:00,3847.0,36.0,97.51,37.0,1745.61328125,1827.1474042087793
2026-07-21T02:52:52.176509+00:00,3847.0,34.0,97.45,37.0,1745.61328125,1827.4943475089967
2026-07-21T02:52:52.549060+00:00,3847.0,36.0,97.6,37.0,1745.61328125,1827.866898600012
2026-07-21T02:52:52.876958+00:00,3847.0,34.0,97.73,37.0,1745.61328125,1828.1947976574302
2026-07-21T02:52:53.202490+00:00,3847.0,36.0,97.52,37.0,1745.61328125,1828.5203293822706
2026-07-21T02:52:53.507230+00:00,3847.0,34.0,97.86,37.0,1745.61328125,1828.825068026781
2026-07-21T02:52:53.852016+00:00,3847.0,35.0,97.93,37.0,1745.61328125,1829.1698543578386
2026-07-21T02:52:54.201267+00:00,3847.0,34.0,98.07,37.0,1745.61328125,1829.5191064588726
2026-07-21T02:52:54.524017+00:00,3847.0,34.0,98.02,37.0,1745.61328125,1829.841855738312
2026-07-21T02:52:54.870078+00:00,3847.0,36.0,97.88,37.0,1745.61328125,1830.1879168190062
2026-07-21T02:52:55.193540+00:00,3847.0,22.0,97.16,37.0,1745.61328125,1830.5113791301847
2026-07-21T02:52:55.497414+00:00,3847.0,35.0,96.92,37.0,1745.61328125,1830.8152524121106
2026-07-21T02:52:55.822327+00:00,3847.0,35.0,97.23,37.0,1745.61328125,1831.1401665881276
2026-07-21T02:52:56.154280+00:00,3847.0,36.0,98.02,37.0,1745.61328125,1831.4721193052828
2026-07-21T02:52:56.476605+00:00,3847.0,36.0,98.46,37.0,1745.61328125,1831.7944442033768
2026-07-21T02:52:56.799949+00:00,3847.0,35.0,98.84,37.0,1745.61328125,1832.1177887767553
2026-07-21T02:52:57.147731+00:00,3847.0,36.0,98.47,37.0,1745.61328125,1832.4655697122216
2026-07-21T02:52:57.474475+00:00,3847.0,27.0,98.33,37.0,1745.61328125,1832.792313773185
2026-07-21T02:52:57.801200+00:00,3847.0,36.0,98.07,37.0,1745.61328125,1833.119039338082
2026-07-21T02:52:58.125859+00:00,3847.0,36.0,97.59,37.0,1745.63671875,1833.443696897477
2026-07-21T02:52:58.449896+00:00,3847.0,36.0,97.82,37.0,1745.63671875,1833.7677351422608
2026-07-21T02:52:58.754048+00:00,3847.0,36.0,97.51,37.0,1745.63671875,1834.0718876495957
2026-07-21T02:52:59.074305+00:00,3847.0,36.0,97.65,37.0,1745.63671875,1834.392143998295
2026-07-21T02:52:59.397039+00:00,3847.0,35.0,97.57,37.0,1745.63671875,1834.7148786000907
2026-07-21T02:52:59.722053+00:00,3847.0,36.0,97.51,37.0,1745.63671875,1835.0398924835026
2026-07-21T02:53:00.061609+00:00,3847.0,35.0,97.82,37.0,1745.63671875,1835.379448324442
2026-07-21T02:53:00.385799+00:00,3847.0,36.0,97.69,37.0,1745.63671875,1835.7036372348666
2026-07-21T02:53:00.708485+00:00,3847.0,36.0,97.69,37.0,1745.63671875,1836.0263243466616
2026-07-21T02:53:01.015924+00:00,3847.0,36.0,97.32,37.0,1745.63671875,1836.3337627239525
2026-07-21T02:53:01.363560+00:00,3847.0,36.0,97.39,37.0,1745.63671875,1836.6813991777599
2026-07-21T02:53:01.684673+00:00,3847.0,36.0,97.54,37.0,1745.63671875,1837.0025125592947
2026-07-21T02:53:01.987136+00:00,3847.0,36.0,97.63,37.0,1745.63671875,1837.304975349456
2026-07-21T02:53:02.290167+00:00,3847.0,35.0,97.11,37.0,1745.65625,1837.6080049574375
2026-07-21T02:53:02.613374+00:00,3847.0,35.0,96.88,37.0,1745.65625,1837.931213427335
2026-07-21T02:53:02.914502+00:00,3847.0,36.0,97.0,37.0,1745.65625,1838.2323413044214
2026-07-21T02:53:03.281039+00:00,3847.0,36.0,97.32,37.0,1745.65625,1838.5988783836365
2026-07-21T02:53:03.583345+00:00,3847.0,36.0,97.62,37.0,1745.65625,1838.9011852107942
2026-07-21T02:53:03.953143+00:00,3847.0,35.0,97.63,37.0,1745.65625,1839.2709805481136
2026-07-21T02:53:04.273603+00:00,3847.0,35.0,97.99,37.0,1745.65625,1839.5914422012866
2026-07-21T02:53:04.619127+00:00,3847.0,36.0,98.09,37.0,1745.65625,1839.9369666948915
2026-07-21T02:53:04.925437+00:00,3847.0,36.0,98.2,37.0,1745.65625,1840.2432753928006
2026-07-21T02:53:05.271122+00:00,3847.0,36.0,97.98,37.0,1745.65625,1840.5889613516629
2026-07-21T02:53:05.593480+00:00,3847.0,36.0,98.02,37.0,1745.65625,1840.9113197177649
2026-07-21T02:53:05.926364+00:00,3847.0,36.0,97.61,37.0,1745.65625,1841.2442032545805
2026-07-21T02:53:06.251883+00:00,3847.0,36.0,97.68,37.0,1745.65625,1841.5697219744325
2026-07-21T02:53:06.578970+00:00,3847.0,36.0,97.54,37.0,1745.65625,1841.8968089558184
2026-07-21T02:53:06.932056+00:00,3847.0,32.0,97.59,37.0,1745.65625,1842.249895017594
2026-07-21T02:53:07.262147+00:00,3847.0,31.0,96.71,37.0,1745.65625,1842.5799857713282
2026-07-21T02:53:07.609339+00:00,3847.0,34.0,97.05,37.0,1745.65625,1842.9271778538823
2026-07-21T02:53:07.936313+00:00,3847.0,34.0,96.9,37.0,1745.65625,1843.2541514262557
2026-07-21T02:53:08.284537+00:00,3847.0,35.0,97.56,37.0,1745.65625,1843.6023761369288
2026-07-21T02:53:08.614380+00:00,3847.0,34.0,97.58,37.0,1745.65625,1843.9322186224163
2026-07-21T02:53:08.937521+00:00,3847.0,36.0,97.57,37.0,1745.65625,1844.2553596682847
2026-07-21T02:53:09.280567+00:00,3847.0,34.0,97.85,37.0,1745.65625,1844.5984045937657
2026-07-21T02:53:09.611859+00:00,3847.0,36.0,97.96,37.0,1745.65625,1844.929697971791
2026-07-21T02:53:09.938021+00:00,3847.0,34.0,98.09,37.0,1745.65625,1845.255859978497
2026-07-21T02:53:10.309094+00:00,3847.0,34.0,98.34,37.0,1745.65625,1845.6269331127405
2026-07-21T02:53:10.660873+00:00,3847.0,35.0,98.26,37.0,1745.65625,1845.978710591793
2026-07-21T02:53:10.966985+00:00,3847.0,36.0,97.47,37.0,1745.6796875,1846.2848129943013
2026-07-21T02:53:11.295508+00:00,3847.0,35.0,97.09,37.0,1745.6796875,1846.6133405975997
2026-07-21T02:53:11.622382+00:00,3847.0,34.0,96.85,37.0,1745.6796875,1846.940221235156
2026-07-21T02:53:11.988960+00:00,3847.0,34.0,97.09,37.0,1745.6796875,1847.3067980520427
2026-07-21T02:53:12.314064+00:00,3847.0,35.0,97.08,37.0,1745.6796875,1847.6319034323096
2026-07-21T02:53:12.655905+00:00,3847.0,34.0,97.17,37.0,1745.6796875,1847.9737429358065
2026-07-21T02:53:13.005043+00:00,3847.0,33.0,97.23,37.0,1745.6796875,1848.3228814527392
2026-07-21T02:53:13.326622+00:00,3847.0,34.0,97.35,37.0,1745.6796875,1848.644459683448
2026-07-21T02:53:13.659981+00:00,3847.0,34.0,97.33,37.0,1745.6796875,1848.977819379419
2026-07-21T02:53:13.982092+00:00,3847.0,33.0,97.21,37.0,1745.6796875,1849.2999315708876
2026-07-21T02:53:14.310134+00:00,3847.0,31.0,96.27,37.0,1745.6796875,1849.6279735416174
2026-07-21T02:53:14.716101+00:00,3847.0,28.0,96.18,37.0,1745.6796875,1850.0339398123324
2026-07-21T02:53:15.111081+00:00,3847.0,34.0,96.45,37.0,1745.6796875,1850.4289188571274
2026-07-21T02:53:15.480776+00:00,3847.0,28.0,96.43,37.0,1745.6796875,1850.798614513129
2026-07-21T02:53:15.803837+00:00,3847.0,34.0,96.86,37.0,1745.6796875,1851.1216761134565
2026-07-21T02:53:16.138406+00:00,3847.0,35.0,96.51,37.0,1745.6796875,1851.4562449231744
2026-07-21T02:53:16.462170+00:00,3847.0,33.0,97.2,37.0,1745.6796875,1851.7800097316504
2026-07-21T02:53:16.792292+00:00,3847.0,33.0,97.05,37.0,1745.6796875,1852.110129803419
2026-07-21T02:53:17.120972+00:00,3847.0,35.0,97.0,37.0,1745.6796875,1852.4388108961284
2026-07-21T02:53:17.446834+00:00,3847.0,34.0,96.95,37.0,1745.6796875,1852.7646730430424
2026-07-21T02:53:17.819913+00:00,3847.0,34.0,97.59,37.0,1745.6796875,1853.1377510465682
2026-07-21T02:53:18.183516+00:00,3847.0,33.0,97.97,37.0,1745.6796875,1853.5013542473316
2026-07-21T02:53:18.516526+00:00,3847.0,36.0,98.08,37.0,1745.6796875,1853.834364529699
2026-07-21T02:53:18.863567+00:00,3847.0,34.0,97.88,37.0,1745.6796875,1854.1814056895673
2026-07-21T02:53:19.190885+00:00,3847.0,34.0,97.64,37.0,1745.6796875,1854.508722987026
2026-07-21T02:53:19.519053+00:00,3847.0,35.0,97.72,37.0,1745.6796875,1854.8368914835155
2026-07-21T02:53:19.851987+00:00,3847.0,24.0,97.06,37.0,1745.703125,1855.1698242388666
2026-07-21T02:53:20.178198+00:00,3847.0,35.0,96.65,37.0,1745.703125,1855.4960362799466
2026-07-21T02:53:20.505936+00:00,3847.0,35.0,96.51,37.0,1745.703125,1855.8237751610577
2026-07-21T02:53:20.856707+00:00,3847.0,33.0,96.9,37.0,1745.70703125,1856.174545723945
2026-07-21T02:53:21.217882+00:00,3847.0,33.0,96.98,37.0,1745.70703125,1856.535720486194
2026-07-21T02:53:21.565234+00:00,3847.0,35.0,96.67,37.0,1745.70703125,1856.8830728419125
2026-07-21T02:53:21.920000+00:00,3847.0,34.0,96.76,37.0,1745.70703125,1857.237838435918
2026-07-21T02:53:22.246768+00:00,3847.0,35.0,96.83,37.0,1745.70703125,1857.5646073631942
2026-07-21T02:53:22.600110+00:00,3847.0,35.0,97.38,37.0,1745.70703125,1857.9179479964077
2026-07-21T02:53:22.968487+00:00,3847.0,34.0,97.77,37.0,1745.70703125,1858.2863260619342
2026-07-21T02:53:23.291144+00:00,3847.0,34.0,97.92,37.0,1745.7109375,1858.6089823953807
2026-07-21T02:53:23.622337+00:00,3847.0,35.0,97.54,37.0,1745.7109375,1858.9401766732335
2026-07-21T02:53:23.971565+00:00,3847.0,34.0,97.5,37.0,1745.7109375,1859.289403602481
2026-07-21T02:53:24.320368+00:00,3847.0,35.0,97.34,37.0,1745.7109375,1859.6382063888013
2026-07-21T02:53:24.692279+00:00,3847.0,35.0,97.75,37.0,1745.7109375,1860.010118354112
2026-07-21T02:53:25.019322+00:00,3847.0,35.0,97.6,37.0,1745.71484375,1860.3371610119939
2026-07-21T02:53:25.346252+00:00,3847.0,35.0,97.51,37.0,1745.71484375,1860.6640905737877
2026-07-21T02:53:25.678350+00:00,3847.0,34.0,97.79,37.0,1745.71875,1860.9961885623634
2026-07-21T02:53:26.098831+00:00,3847.0,36.0,97.78,37.0,1745.71875,1861.4166687503457
2026-07-21T02:53:26.406479+00:00,3847.0,35.0,97.14,37.0,1745.73828125,1861.724316958338
2026-07-21T02:53:26.730174+00:00,3847.0,35.0,97.01,37.0,1745.73828125,1862.0480131693184
2026-07-21T02:53:27.057151+00:00,3847.0,33.0,96.49,37.0,1745.73828125,1862.3749899491668
2026-07-21T02:53:27.382108+00:00,3847.0,32.0,97.0,37.0,1745.7421875,1862.6999468393624
2026-07-21T02:53:27.736385+00:00,3847.0,30.0,96.6,37.0,1745.7421875,1863.054223600775
2026-07-21T02:53:28.067479+00:00,3847.0,35.0,96.75,37.0,1745.7421875,1863.3853181153536
2026-07-21T02:53:28.398102+00:00,3847.0,34.0,96.54,37.0,1745.7421875,1863.7159412279725
2026-07-21T02:53:28.747260+00:00,3847.0,35.0,97.12,37.0,1745.7421875,1864.0650977753103
2026-07-21T02:53:29.096267+00:00,3847.0,35.0,97.25,37.0,1745.74609375,1864.4141062684357
2026-07-21T02:53:29.422598+00:00,3847.0,33.0,97.23,37.0,1745.74609375,1864.7404365353286
2026-07-21T02:53:29.766171+00:00,3847.0,34.0,97.09,37.0,1745.74609375,1865.0840089917183
2026-07-21T02:53:30.116243+00:00,3847.0,33.0,96.9,37.0,1745.75,1865.4340812899172
2026-07-21T02:53:30.460197+00:00,3847.0,34.0,97.13,37.0,1745.75,1865.7780357711017
2026-07-21T02:53:30.786902+00:00,3847.0,32.0,97.11,37.0,1745.75,1866.10474056378
2026-07-21T02:53:31.109969+00:00,3847.0,34.0,96.99,37.0,1745.75,1866.4278076849878
2026-07-21T02:53:31.456686+00:00,3847.0,35.0,96.92,37.0,1745.75,1866.7745244167745
2026-07-21T02:53:31.799654+00:00,3847.0,36.0,96.99,37.0,1745.75390625,1867.1174924857914
2026-07-21T02:53:32.128513+00:00,3847.0,33.0,97.04,37.0,1745.75390625,1867.4463515914977
2026-07-21T02:53:32.454719+00:00,3847.0,34.0,97.04,37.0,1745.75390625,1867.7725579813123
2026-07-21T02:53:32.786129+00:00,3847.0,36.0,97.08,37.0,1745.75390625,1868.103968065232
2026-07-21T02:53:33.114351+00:00,3847.0,35.0,97.17,37.0,1745.75390625,1868.4321898706257
2026-07-21T02:53:33.468937+00:00,3847.0,35.0,97.1,37.0,1745.75390625,1868.786775894463
2026-07-21T02:53:33.798569+00:00,3847.0,33.0,97.04,37.0,1745.75390625,1869.1164073385298
2026-07-21T02:53:34.151925+00:00,3847.0,35.0,97.54,36.0,1745.75390625,1869.4697644189
2026-07-21T02:53:34.478133+00:00,3847.0,15.0,96.79,37.0,1745.77734375,1869.7959712594748
2026-07-21T02:53:34.805377+00:00,3847.0,33.0,96.61,36.0,1745.78125,1870.1232162937522
2026-07-21T02:53:35.156837+00:00,3847.0,33.0,96.25,36.0,1745.78125,1870.4746759198606
2026-07-21T02:53:35.504518+00:00,3847.0,35.0,96.67,36.0,1745.78125,1870.8223567344248
2026-07-21T02:53:35.832054+00:00,3847.0,28.0,96.27,36.0,1745.78125,1871.1498926877975
2026-07-21T02:53:36.157379+00:00,3847.0,35.0,96.37,36.0,1745.78125,1871.4752179831266
2026-07-21T02:53:36.528661+00:00,3847.0,33.0,96.65,36.0,1745.78125,1871.8465002700686
2026-07-21T02:53:36.832232+00:00,3847.0,34.0,97.15,36.0,1745.78125,1872.1500710695982
2026-07-21T02:53:37.155764+00:00,3847.0,36.0,96.89,36.0,1745.78125,1872.4736027382314
2026-07-21T02:53:37.459733+00:00,3847.0,25.0,95.94,36.0,1745.78125,1872.7775717377663
2026-07-21T02:53:37.813069+00:00,3847.0,35.0,96.12,36.0,1745.78125,1873.130907330662
2026-07-21T02:53:38.165025+00:00,3847.0,35.0,96.19,36.0,1745.7890625,1873.4828648380935
2026-07-21T02:53:38.513221+00:00,3847.0,35.0,97.64,36.0,1745.7890625,1873.8310590088367
2026-07-21T02:53:38.841847+00:00,3847.0,35.0,97.36,36.0,1745.7890625,1874.1596857383847
2026-07-21T02:53:39.188068+00:00,3847.0,35.0,97.4,36.0,1745.79296875,1874.505906458944
2026-07-21T02:53:39.537783+00:00,3847.0,33.0,97.34,36.0,1745.79296875,1874.855621818453
2026-07-21T02:53:39.869516+00:00,3847.0,33.0,97.05,36.0,1745.796875,1875.187352474779
2026-07-21T02:53:40.215877+00:00,3847.0,34.0,96.74,36.0,1745.796875,1875.533715289086
2026-07-21T02:53:40.542236+00:00,3847.0,34.0,96.82,36.0,1745.796875,1875.860074929893
2026-07-21T02:53:40.866500+00:00,3847.0,33.0,96.93,36.0,1745.80078125,1876.184338953346
2026-07-21T02:53:41.212464+00:00,3847.0,33.0,96.98,36.0,1745.80078125,1876.5303027667105
2026-07-21T02:53:41.588023+00:00,3847.0,9.0,95.98,36.0,1745.82421875,1876.9058605283499
2026-07-21T02:53:41.912401+00:00,3847.0,34.0,96.34,36.0,1745.82421875,1877.2302401773632
2026-07-21T02:53:42.256389+00:00,3847.0,34.0,95.87,36.0,1745.82421875,1877.574228271842
2026-07-21T02:53:42.622821+00:00,3847.0,34.0,96.95,36.0,1745.83203125,1877.9406598061323
2026-07-21T02:53:42.949919+00:00,3847.0,34.0,96.6,36.0,1745.83203125,1878.2677584439516
2026-07-21T02:53:43.295379+00:00,3847.0,33.0,96.83,36.0,1745.8359375,1878.6132178008556
2026-07-21T02:53:43.623256+00:00,3847.0,33.0,96.49,36.0,1745.8359375,1878.9410948082805
2026-07-21T02:53:43.950297+00:00,3847.0,34.0,96.77,36.0,1745.8359375,1879.2681363746524
2026-07-21T02:53:44.279106+00:00,3847.0,35.0,96.9,36.0,1745.83984375,1879.5969445072114
2026-07-21T02:53:44.602395+00:00,3847.0,33.0,96.97,36.0,1745.83984375,1879.9202342927456
2026-07-21T02:53:44.936079+00:00,3847.0,36.0,96.82,36.0,1745.84765625,1880.2539177015424
2026-07-21T02:53:45.261414+00:00,3847.0,36.0,96.85,36.0,1745.84765625,1880.5792532414198
2026-07-21T02:53:45.607526+00:00,3847.0,35.0,96.87,36.0,1745.8515625,1880.925365805626
2026-07-21T02:53:45.933149+00:00,3847.0,33.0,96.71,36.0,1745.8515625,1881.2509881071746
2026-07-21T02:53:46.310810+00:00,3847.0,35.0,97.46,36.0,1745.8515625,1881.6286486573517
2026-07-21T02:53:46.641184+00:00,3847.0,36.0,97.18,36.0,1745.859375,1881.9590230435133
2026-07-21T02:53:46.970009+00:00,3847.0,34.0,97.53,36.0,1745.859375,1882.2878485135734
2026-07-21T02:53:47.294509+00:00,3847.0,34.0,97.19,36.0,1745.8671875,1882.6123485267162
2026-07-21T02:53:47.619400+00:00,3847.0,34.0,97.15,36.0,1745.8671875,1882.9372379854321
2026-07-21T02:53:47.992808+00:00,3847.0,34.0,97.23,36.0,1745.87109375,1883.3106458820403
2026-07-21T02:53:48.344787+00:00,3847.0,36.0,97.16,36.0,1745.87109375,1883.6626254543662
2026-07-21T02:53:48.670022+00:00,3847.0,34.0,97.45,36.0,1745.87109375,1883.987862046808
2026-07-21T02:53:49.044653+00:00,3847.0,35.0,97.69,36.0,1745.8828125,1884.362491454929
2026-07-21T02:53:49.393382+00:00,3847.0,34.0,97.8,36.0,1745.8828125,1884.7112207859755
2026-07-21T02:53:49.745428+00:00,3847.0,35.0,97.82,36.0,1745.89453125,1885.0632662251592
2026-07-21T02:53:50.089806+00:00,3847.0,35.0,97.56,36.0,1745.89453125,1885.4076451137662
2026-07-21T02:53:50.457996+00:00,3847.0,12.0,97.33,36.0,1745.921875,1885.7758335918188
2026-07-21T02:53:50.828575+00:00,3847.0,33.0,97.01,36.0,1745.9296875,1886.1464145034552
2026-07-21T02:53:51.158681+00:00,3847.0,35.0,96.78,36.0,1745.9296875,1886.4765193648636
2026-07-21T02:53:51.509184+00:00,3847.0,33.0,96.81,36.0,1745.9375,1886.8270232975483
2026-07-21T02:53:51.855755+00:00,3847.0,35.0,96.86,36.0,1745.9375,1887.1735944971442
2026-07-21T02:53:52.177311+00:00,3847.0,35.0,97.18,36.0,1745.94140625,1887.4951500557363
2026-07-21T02:53:52.523053+00:00,3847.0,36.0,97.53,36.0,1745.9453125,1887.8408921472728
2026-07-21T02:53:52.862219+00:00,3847.0,36.0,97.68,36.0,1745.9453125,1888.1800584495068
2026-07-21T02:53:53.184833+00:00,3847.0,34.0,97.53,36.0,1745.95703125,1888.5026725381613
2026-07-21T02:53:53.486377+00:00,3847.0,34.0,97.44,36.0,1745.95703125,1888.8042162656784
2026-07-21T02:53:53.832090+00:00,3847.0,35.0,97.51,36.0,1745.95703125,1889.1499288156629
2026-07-21T02:53:54.158008+00:00,3847.0,35.0,97.34,36.0,1745.96484375,1889.4758477956057
2026-07-21T02:53:54.459797+00:00,3847.0,36.0,97.32,36.0,1745.96484375,1889.7776369862258
2026-07-21T02:53:54.784161+00:00,3847.0,35.0,97.37,36.0,1745.96875,1890.1020007953048
2026-07-21T02:53:55.127288+00:00,3847.0,35.0,97.49,36.0,1745.96875,1890.445126965642
2026-07-21T02:53:55.474791+00:00,3847.0,35.0,97.68,36.0,1745.9765625,1890.7926302142441
2026-07-21T02:53:55.851483+00:00,3847.0,36.0,97.86,36.0,1745.9765625,1891.1693216338754
2026-07-21T02:53:56.199524+00:00,3847.0,36.0,97.99,36.0,1745.9765625,1891.5173630081117
2026-07-21T02:53:56.547941+00:00,3847.0,36.0,98.44,36.0,1745.984375,1891.8657800666988
2026-07-21T02:53:56.868507+00:00,3847.0,36.0,98.54,36.0,1745.984375,1892.1863466873765
2026-07-21T02:53:57.215330+00:00,3847.0,35.0,98.37,36.0,1745.9921875,1892.5331681780517
2026-07-21T02:53:57.541822+00:00,3847.0,35.0,98.03,36.0,1745.9921875,1892.8596605174243
2026-07-21T02:53:57.843461+00:00,3847.0,35.0,98.01,36.0,1746.0,1893.1613002680242
2026-07-21T02:53:58.170383+00:00,3847.0,35.0,97.93,36.0,1746.0,1893.4882217533886
2026-07-21T02:53:58.496768+00:00,3847.0,36.0,98.03,36.0,1746.0,1893.814608041197
2026-07-21T02:53:58.799407+00:00,3847.0,36.0,97.97,36.0,1746.015625,1894.1172458194196
2026-07-21T02:53:59.153492+00:00,3847.0,33.0,97.31,36.0,1746.0390625,1894.471330422908
2026-07-21T02:53:59.473602+00:00,3847.0,36.0,96.93,36.0,1746.04296875,1894.791441898793
2026-07-21T02:53:59.815192+00:00,3847.0,35.0,96.68,36.0,1746.04296875,1895.1330314055085
2026-07-21T02:54:00.130262+00:00,3847.0,33.0,97.0,36.0,1746.04296875,1895.4481006264687
2026-07-21T02:54:00.457725+00:00,3847.0,35.0,97.17,36.0,1746.05859375,1895.7755636572838
2026-07-21T02:54:00.786257+00:00,3847.0,35.0,97.42,36.0,1746.05859375,1896.104095801711
2026-07-21T02:54:01.136019+00:00,3847.0,35.0,97.62,36.0,1746.07421875,1896.453857947141
2026-07-21T02:54:01.485819+00:00,3847.0,35.0,97.42,36.0,1746.07421875,1896.8036577105522
2026-07-21T02:54:01.835228+00:00,3847.0,36.0,97.47,36.0,1746.07421875,1897.1530675776303
2026-07-21T02:54:02.185328+00:00,3847.0,35.0,97.26,36.0,1746.08984375,1897.5031669773161
2026-07-21T02:54:02.510134+00:00,3847.0,36.0,97.0,36.0,1746.08984375,1897.8279725834727
2026-07-21T02:54:02.855302+00:00,3847.0,36.0,97.38,36.0,1746.109375,1898.1731407269835
2026-07-21T02:54:03.181491+00:00,3847.0,36.0,97.55,36.0,1746.109375,1898.4993304237723
2026-07-21T02:54:03.531768+00:00,3847.0,33.0,97.64,36.0,1746.12109375,1898.8496071919799
2026-07-21T02:54:03.878296+00:00,3847.0,36.0,97.39,36.0,1746.12109375,1899.196134287864
2026-07-21T02:54:04.241172+00:00,3847.0,34.0,97.46,36.0,1746.1328125,1899.559011105448
2026-07-21T02:54:04.613985+00:00,3847.0,35.0,97.97,36.0,1746.13671875,1899.93182355538
2026-07-21T02:54:04.943221+00:00,3847.0,35.0,97.99,36.0,1746.13671875,1900.2610603123903
2026-07-21T02:54:05.270260+00:00,3847.0,34.0,97.71,36.0,1746.15234375,1900.5880991332233
2026-07-21T02:54:05.598612+00:00,3847.0,34.0,97.43,36.0,1746.15234375,1900.9164512716234
2026-07-21T02:54:05.929580+00:00,3847.0,35.0,97.52,36.0,1746.1640625,1901.24741910398
2026-07-21T02:54:06.277578+00:00,3847.0,35.0,97.54,36.0,1746.1640625,1901.595416817814
2026-07-21T02:54:06.611444+00:00,3847.0,33.0,97.86,36.0,1746.16796875,1901.9292819574475
2026-07-21T02:54:07.028575+00:00,3847.0,17.0,95.8,36.0,1746.17578125,1902.3464124426246
2026-07-21T02:54:07.373282+00:00,3847.0,35.0,95.77,36.0,1746.17578125,1902.6911208033562
2026-07-21T02:54:07.763404+00:00,3847.0,36.0,96.04,36.0,1746.18359375,1903.0812424980104
2026-07-21T02:54:08.094149+00:00,3847.0,35.0,97.52,36.0,1746.19921875,1903.411987375468
2026-07-21T02:54:08.417169+00:00,3847.0,35.0,97.0,36.0,1746.19921875,1903.7350084334612
2026-07-21T02:54:08.742282+00:00,3847.0,36.0,97.14,36.0,1746.19921875,1904.0601203776896
2026-07-21T02:54:09.091614+00:00,3847.0,36.0,97.16,36.0,1746.19921875,1904.4094529375434
2026-07-21T02:54:09.417847+00:00,3847.0,36.0,97.85,36.0,1746.19921875,1904.7356863804162
2026-07-21T02:54:09.741771+00:00,3847.0,36.0,97.6,36.0,1746.19921875,1905.059609670192
2026-07-21T02:54:10.093313+00:00,3847.0,35.0,97.61,36.0,1746.19921875,1905.4111519008875
2026-07-21T02:54:10.439916+00:00,3847.0,35.0,97.03,36.0,1746.19921875,1905.7577548883855
2026-07-21T02:54:10.763665+00:00,3847.0,36.0,97.3,36.0,1746.19921875,1906.0815038718283
2026-07-21T02:54:11.085844+00:00,3847.0,36.0,97.45,36.0,1746.19921875,1906.4036821871996
2026-07-21T02:54:11.455501+00:00,3847.0,36.0,97.79,36.0,1746.19921875,1906.7733401209116
2026-07-21T02:54:11.780221+00:00,3847.0,36.0,97.71,36.0,1746.19921875,1907.0980604700744
2026-07-21T02:54:12.133397+00:00,3847.0,35.0,97.91,36.0,1746.19921875,1907.4512366838753
2026-07-21T02:54:12.458532+00:00,3847.0,35.0,97.68,36.0,1746.19921875,1907.776370767504
2026-07-21T02:54:12.807314+00:00,3847.0,36.0,97.52,36.0,1746.19921875,1908.1251538172364
2026-07-21T02:54:13.175760+00:00,3847.0,34.0,97.77,36.0,1746.19921875,1908.4935986101627
2026-07-21T02:54:13.502248+00:00,3847.0,36.0,97.84,36.0,1746.19921875,1908.8200865238905
2026-07-21T02:54:13.805508+00:00,3847.0,36.0,97.69,36.0,1746.19921875,1909.1233469955623
2026-07-21T02:54:14.170770+00:00,3847.0,35.0,97.88,36.0,1746.19921875,1909.4886085428298
2026-07-21T02:54:14.520644+00:00,3847.0,36.0,98.07,36.0,1746.19921875,1909.8384832888842
2026-07-21T02:54:14.871490+00:00,3847.0,36.0,98.5,36.0,1746.19921875,1910.1893298849463
2026-07-21T02:54:15.219127+00:00,3847.0,36.0,97.95,36.0,1746.19921875,1910.5369662418962
2026-07-21T02:54:15.545261+00:00,3847.0,36.0,97.99,36.0,1746.19921875,1910.8630994074047
2026-07-21T02:54:15.922039+00:00,3847.0,35.0,97.68,36.0,1746.2265625,1911.2398767396808
2026-07-21T02:54:16.275240+00:00,3847.0,35.0,97.54,36.0,1746.25,1911.5930785052478
2026-07-21T02:54:16.601179+00:00,3847.0,35.0,96.94,36.0,1746.25,1911.9190176837146
2026-07-21T02:54:16.923807+00:00,3847.0,36.0,97.16,36.0,1746.25,1912.2416461668909
2026-07-21T02:54:17.225072+00:00,3847.0,36.0,96.82,36.0,1746.25,1912.542909964919
2026-07-21T02:54:17.551114+00:00,3847.0,35.0,96.86,36.0,1746.25,1912.8689533807337
2026-07-21T02:54:17.853297+00:00,3847.0,35.0,96.9,36.0,1746.25,1913.1711359098554
2026-07-21T02:54:18.176181+00:00,3847.0,35.0,97.06,36.0,1746.25,1913.494020845741
2026-07-21T02:54:18.523731+00:00,3847.0,36.0,97.23,36.0,1746.25,1913.8415698818862
2026-07-21T02:54:18.887251+00:00,3847.0,35.0,97.68,36.0,1746.25,1914.2050908729434
2026-07-21T02:54:19.209815+00:00,3847.0,35.0,97.92,36.0,1746.25,1914.5276541858912
2026-07-21T02:54:19.576416+00:00,3847.0,36.0,97.76,36.0,1746.25,1914.8942549340427
2026-07-21T02:54:19.948244+00:00,3847.0,36.0,97.47,36.0,1746.25,1915.2660828903317
2026-07-21T02:54:20.272251+00:00,3847.0,34.0,97.43,36.0,1746.25,1915.5900907367468
2026-07-21T02:54:20.598190+00:00,3847.0,33.0,96.97,36.0,1746.25,1915.916028816253
2026-07-21T02:54:20.948347+00:00,3847.0,36.0,97.12,36.0,1746.25,1916.2661855891347
2026-07-21T02:54:21.300711+00:00,3847.0,35.0,97.1,36.0,1746.25,1916.6185505017638
2026-07-21T02:54:21.628564+00:00,3847.0,35.0,97.64,36.0,1746.25,1916.9464029669762
2026-07-21T02:54:21.992768+00:00,3847.0,36.0,97.83,36.0,1746.25,1917.3106063231826
2026-07-21T02:54:22.323763+00:00,3847.0,35.0,97.58,36.0,1746.25,1917.641602102667
2026-07-21T02:54:22.651417+00:00,3847.0,34.0,97.69,36.0,1746.25,1917.9692563451827
2026-07-21T02:54:23.025528+00:00,3847.0,34.0,97.67,36.0,1746.25,1918.3433672189713
2026-07-21T02:54:23.375384+00:00,3847.0,34.0,97.89,36.0,1746.25,1918.6932232379913
2026-07-21T02:54:23.702386+00:00,3847.0,34.0,97.68,36.0,1746.25,1919.020225469023
2026-07-21T02:54:24.057125+00:00,3847.0,34.0,97.72,36.0,1746.25,1919.3749645836651
2026-07-21T02:54:24.381700+00:00,3847.0,36.0,97.35,36.0,1746.25,1919.6995391696692
2026-07-21T02:54:24.710011+00:00,3847.0,29.0,96.98,36.0,1746.2734375,1920.02784178406
2026-07-21T02:54:25.054804+00:00,3847.0,36.0,96.98,36.0,1746.2734375,1920.372640490532
2026-07-21T02:54:25.403327+00:00,3847.0,35.0,96.8,36.0,1746.2734375,1920.7211663499475
2026-07-21T02:54:25.730138+00:00,3847.0,36.0,97.09,36.0,1746.2734375,1921.047976627946
2026-07-21T02:54:26.076882+00:00,3847.0,35.0,97.1,36.0,1746.2734375,1921.39472123608
2026-07-21T02:54:26.406559+00:00,3847.0,36.0,97.21,36.0,1746.2734375,1921.7243978269398
2026-07-21T02:54:26.734883+00:00,3847.0,36.0,97.3,36.0,1746.2734375,1922.0527225211263
2026-07-21T02:54:27.060616+00:00,3847.0,36.0,96.97,36.0,1746.2734375,1922.3784554600716
2026-07-21T02:54:27.384970+00:00,3847.0,36.0,97.13,36.0,1746.2734375,1922.7028096541762
2026-07-21T02:54:27.707679+00:00,3847.0,35.0,97.35,36.0,1746.2734375,1923.0255192890763
2026-07-21T02:54:28.033153+00:00,3847.0,35.0,97.57,36.0,1746.2734375,1923.350992873311
2026-07-21T02:54:28.384868+00:00,3847.0,35.0,97.4,36.0,1746.2734375,1923.702707067132
2026-07-21T02:54:28.706126+00:00,3847.0,34.0,97.13,36.0,1746.2734375,1924.0239596553147
2026-07-21T02:54:29.051743+00:00,3847.0,35.0,97.46,36.0,1746.2734375,1924.3695767372847
2026-07-21T02:54:29.377521+00:00,3847.0,35.0,97.62,36.0,1746.2734375,1924.6953603960574
2026-07-21T02:54:29.702438+00:00,3847.0,35.0,97.77,36.0,1746.2734375,1925.0202773883939
2026-07-21T02:54:30.005237+00:00,3847.0,35.0,97.44,36.0,1746.2734375,1925.323075801134
2026-07-21T02:54:30.347414+00:00,3847.0,34.0,97.31,36.0,1746.2734375,1925.6652528345585
2026-07-21T02:54:30.696892+00:00,3847.0,37.0,96.77,36.0,1746.2890625,1926.0147300623357
2026-07-21T02:54:31.039943+00:00,3847.0,36.0,96.53,36.0,1746.2890625,1926.357782267034
2026-07-21T02:54:31.364445+00:00,3847.0,36.0,96.52,36.0,1746.2890625,1926.6822842024267
2026-07-21T02:54:31.690554+00:00,3847.0,35.0,97.02,36.0,1746.2890625,1927.0083931945264
2026-07-21T02:54:32.023724+00:00,3847.0,35.0,97.39,36.0,1746.2890625,1927.341562718153
2026-07-21T02:54:32.349256+00:00,3847.0,35.0,97.72,36.0,1746.2890625,1927.6670954152942
2026-07-21T02:54:32.696088+00:00,3847.0,36.0,97.43,36.0,1746.2890625,1928.0139273963869
2026-07-21T02:54:33.023159+00:00,3847.0,36.0,97.27,36.0,1746.2890625,1928.3409981243312
2026-07-21T02:54:33.368867+00:00,3847.0,36.0,97.19,36.0,1746.2890625,1928.6867063604295
2026-07-21T02:54:33.693560+00:00,3847.0,35.0,96.54,36.0,1746.3046875,1929.0113979540765
2026-07-21T02:54:34.023927+00:00,3847.0,36.0,96.89,36.0,1746.3046875,1929.3417658656836
2026-07-21T02:54:34.349897+00:00,3847.0,36.0,96.75,36.0,1746.3046875,1929.6677360832691
2026-07-21T02:54:34.724298+00:00,3847.0,34.0,97.29,36.0,1746.3046875,1930.042136978358
2026-07-21T02:54:35.074495+00:00,3847.0,36.0,97.46,36.0,1746.3046875,1930.3923334293067
2026-07-21T02:54:35.400940+00:00,3847.0,35.0,97.67,36.0,1746.3046875,1930.718778938055
2026-07-21T02:54:35.724576+00:00,3847.0,36.0,97.44,36.0,1746.3046875,1931.0424156673253
2026-07-21T02:54:36.068450+00:00,3847.0,35.0,97.32,36.0,1746.3046875,1931.3862878642976
2026-07-21T02:54:36.417759+00:00,3847.0,21.0,96.55,36.0,1746.3203125,1931.7355966456234
2026-07-21T02:54:36.767886+00:00,3847.0,34.0,96.64,36.0,1746.3203125,1932.0857253670692
2026-07-21T02:54:37.120743+00:00,3847.0,35.0,96.25,36.0,1746.3203125,1932.4385819137096
2026-07-21T02:54:37.445719+00:00,3847.0,36.0,96.62,36.0,1746.3203125,1932.7635582275689
2026-07-21T02:54:37.816513+00:00,3847.0,34.0,97.0,36.0,1746.3203125,1933.1343523710966
2026-07-21T02:54:38.147462+00:00,3847.0,36.0,96.86,36.0,1746.3203125,1933.4653002656996
2026-07-21T02:54:38.521580+00:00,3847.0,36.0,97.18,36.0,1746.3203125,1933.8394192233682
2026-07-21T02:54:38.865025+00:00,3847.0,36.0,96.92,36.0,1746.3203125,1934.1828630194068
2026-07-21T02:54:39.193554+00:00,3847.0,35.0,97.18,36.0,1746.3203125,1934.511392802
2026-07-21T02:54:39.564607+00:00,3847.0,36.0,96.86,36.0,1746.3203125,1934.8824457079172
2026-07-21T02:54:39.949404+00:00,3847.0,35.0,96.74,36.0,1746.3203125,1935.267240781337
2026-07-21T02:54:40.348260+00:00,3847.0,35.0,96.39,36.0,1746.33203125,1935.6660972349346
2026-07-21T02:54:40.695200+00:00,3847.0,34.0,96.08,36.0,1746.33203125,1936.0130384266376
2026-07-21T02:54:41.021635+00:00,3847.0,34.0,97.15,36.0,1746.33203125,1936.3394740521908
2026-07-21T02:54:41.351207+00:00,3847.0,35.0,96.58,36.0,1746.33203125,1936.669042993337
2026-07-21T02:54:41.704576+00:00,3847.0,35.0,96.57,36.0,1746.33203125,1937.022414561361
2026-07-21T02:54:42.010855+00:00,3847.0,35.0,96.76,36.0,1746.33203125,1937.3286935575306
2026-07-21T02:54:42.336637+00:00,3847.0,36.0,96.69,36.0,1746.33203125,1937.6544768251479
2026-07-21T02:54:42.639806+00:00,3847.0,35.0,97.2,36.0,1746.33203125,1937.9576460123062
2026-07-21T02:54:42.987937+00:00,3847.0,35.0,97.03,36.0,1746.33203125,1938.3057766892016
2026-07-21T02:54:43.360673+00:00,3847.0,33.0,97.06,36.0,1746.33203125,1938.6785124614835
2026-07-21T02:54:43.701863+00:00,3847.0,7.0,96.72,36.0,1746.34765625,1939.0197012983263
2026-07-21T02:54:44.028359+00:00,3847.0,35.0,97.12,36.0,1746.34765625,1939.3461983762681
2026-07-21T02:54:44.352073+00:00,3847.0,35.0,96.8,36.0,1746.34765625,1939.6699126809835
2026-07-21T02:54:44.654595+00:00,3847.0,34.0,97.09,36.0,1746.34765625,1939.972434565425
2026-07-21T02:54:44.981375+00:00,3847.0,34.0,96.96,36.0,1746.34765625,1940.299213577062
2026-07-21T02:54:45.284174+00:00,3847.0,35.0,96.85,36.0,1746.34765625,1940.6020128168166
2026-07-21T02:54:45.632495+00:00,3847.0,34.0,97.17,36.0,1746.34765625,1940.9503334090114
2026-07-21T02:54:45.936423+00:00,3847.0,35.0,97.21,36.0,1746.34765625,1941.254261571914
2026-07-21T02:54:46.287822+00:00,3847.0,34.0,97.1,36.0,1746.34765625,1941.6056614853442
2026-07-21T02:54:46.613703+00:00,3847.0,35.0,97.0,36.0,1746.34765625,1941.9315425679088
2026-07-21T02:54:46.960524+00:00,3847.0,35.0,97.16,36.0,1746.34765625,1942.2783635221422
2026-07-21T02:54:47.263881+00:00,3847.0,35.0,97.6,36.0,1746.34765625,1942.5817206203938
2026-07-21T02:54:47.632509+00:00,3847.0,36.0,96.68,36.0,1746.36328125,1942.9503478556871
2026-07-21T02:54:47.937265+00:00,3847.0,36.0,96.5,36.0,1746.36328125,1943.255104355514
2026-07-21T02:54:48.258161+00:00,3847.0,36.0,96.01,36.0,1746.36328125,1943.5759996511042
2026-07-21T02:54:48.585349+00:00,3847.0,35.0,96.54,36.0,1746.36328125,1943.9031880050898
2026-07-21T02:54:48.887000+00:00,3847.0,36.0,96.77,36.0,1746.36328125,1944.2048391625285
2026-07-21T02:54:49.212714+00:00,3847.0,36.0,96.88,36.0,1746.36328125,1944.530552778393
2026-07-21T02:54:49.514141+00:00,3847.0,36.0,96.94,36.0,1746.36328125,1944.831980921328
2026-07-21T02:54:49.820424+00:00,3847.0,36.0,96.79,36.0,1746.36328125,1945.1382622122765
2026-07-21T02:54:50.122448+00:00,3847.0,36.0,96.78,36.0,1746.36328125,1945.44028743729
2026-07-21T02:54:50.447285+00:00,3847.0,36.0,96.86,36.0,1746.36328125,1945.7651244662702
2026-07-21T02:54:50.749778+00:00,3847.0,35.0,97.05,36.0,1746.36328125,1946.0676174499094
2026-07-21T02:54:51.125705+00:00,3847.0,10.0,96.39,36.0,1746.37890625,1946.4435436017811
2026-07-21T02:54:51.449354+00:00,3847.0,35.0,96.72,36.0,1746.37890625,1946.7671929262578
2026-07-21T02:54:51.774601+00:00,3847.0,36.0,96.67,36.0,1746.37890625,1947.0924402810633
2026-07-21T02:54:52.101411+00:00,3847.0,35.0,97.43,36.0,1746.37890625,1947.4192503355443
2026-07-21T02:54:52.430417+00:00,3847.0,35.0,96.78,36.0,1746.37890625,1947.7482561469078
2026-07-21T02:54:52.803948+00:00,3847.0,35.0,96.82,36.0,1746.37890625,1948.1217870749533
2026-07-21T02:54:53.138680+00:00,3847.0,35.0,96.94,36.0,1746.37890625,1948.4565181992948
2026-07-21T02:54:53.466224+00:00,3847.0,34.0,96.85,36.0,1746.37890625,1948.7840635702014
2026-07-21T02:54:53.796668+00:00,3847.0,34.0,96.7,36.0,1746.37890625,1949.1145064420998
2026-07-21T02:54:54.172083+00:00,3847.0,36.0,96.68,36.0,1746.37890625,1949.4899225458503
2026-07-21T02:54:54.544761+00:00,3847.0,34.0,96.97,36.0,1746.37890625,1949.862599093467
2026-07-21T02:54:54.898807+00:00,3847.0,35.0,97.08,36.0,1746.37890625,1950.2166450209916
2026-07-21T02:54:55.284304+00:00,3847.0,36.0,97.02,36.0,1746.37890625,1950.6021425500512
2026-07-21T02:54:55.610380+00:00,3847.0,34.0,96.86,36.0,1746.37890625,1950.9282189942896
2026-07-21T02:54:55.950571+00:00,3847.0,17.0,96.02,36.0,1746.3984375,1951.268409281969
2026-07-21T02:54:56.321601+00:00,3847.0,33.0,95.92,36.0,1746.3984375,1951.6394399739802
2026-07-21T02:54:56.685123+00:00,3847.0,35.0,96.22,36.0,1746.3984375,1952.002961859107
2026-07-21T02:54:57.038705+00:00,3847.0,34.0,96.78,36.0,1746.3984375,1952.356543097645
2026-07-21T02:54:57.388099+00:00,3847.0,35.0,96.86,36.0,1746.3984375,1952.7059385702014
2026-07-21T02:54:57.712919+00:00,3847.0,35.0,96.35,36.0,1746.3984375,1953.0307583361864
2026-07-21T02:54:58.036135+00:00,3847.0,35.0,96.38,36.0,1746.3984375,1953.3539737462997
2026-07-21T02:54:58.339319+00:00,3847.0,34.0,96.39,36.0,1746.3984375,1953.657157484442
2026-07-21T02:54:58.683918+00:00,3847.0,34.0,96.8,36.0,1746.3984375,1954.001757480204
2026-07-21T02:54:58.987341+00:00,3847.0,35.0,96.82,36.0,1746.3984375,1954.3051800355315
2026-07-21T02:54:59.335447+00:00,3847.0,35.0,96.84,36.0,1746.3984375,1954.653285164386
2026-07-21T02:54:59.660011+00:00,3847.0,36.0,96.73,36.0,1746.3984375,1954.977850396186
2026-07-21T02:54:59.984075+00:00,3847.0,34.0,96.88,36.0,1746.3984375,1955.3019144684076
2026-07-21T02:55:00.306976+00:00,3847.0,35.0,97.08,36.0,1746.3984375,1955.6248159520328
2026-07-21T02:55:00.676282+00:00,3847.0,7.0,96.63,36.0,1746.4140625,1955.9941200129688
2026-07-21T02:55:01.023646+00:00,3847.0,35.0,96.53,36.0,1746.4140625,1956.3414855077863
2026-07-21T02:55:01.401420+00:00,3847.0,34.0,96.25,36.0,1746.4140625,1956.7192585617304
2026-07-21T02:55:01.731043+00:00,3847.0,34.0,96.93,36.0,1746.4140625,1957.0488828234375
2026-07-21T02:55:02.057768+00:00,3847.0,35.0,96.75,36.0,1746.4140625,1957.3756069988012
2026-07-21T02:55:02.361690+00:00,3847.0,35.0,96.91,36.0,1746.4140625,1957.6795295663178
2026-07-21T02:55:02.736238+00:00,3847.0,34.0,96.67,36.0,1746.4140625,1958.054076306522
2026-07-21T02:55:03.062241+00:00,3847.0,35.0,96.54,36.0,1746.4140625,1958.380080729723
2026-07-21T02:55:03.413246+00:00,3847.0,35.0,96.85,36.0,1746.4140625,1958.7310854494572
2026-07-21T02:55:03.722156+00:00,3847.0,35.0,96.44,36.0,1746.4140625,1959.0399950519204
2026-07-21T02:55:04.071654+00:00,3847.0,35.0,96.77,36.0,1746.4140625,1959.3894924148917
2026-07-21T02:55:04.397777+00:00,3847.0,35.0,96.85,36.0,1746.4140625,1959.7156164422631
2026-07-21T02:55:04.726499+00:00,3847.0,35.0,97.05,36.0,1746.4140625,1960.04433837533
2026-07-21T02:55:05.055722+00:00,3847.0,34.0,96.63,36.0,1746.4140625,1960.3735542967916
2026-07-21T02:55:05.378250+00:00,3847.0,34.0,96.53,36.0,1746.4140625,1960.6960897780955
2026-07-21T02:55:05.683811+00:00,3847.0,34.0,96.59,36.0,1746.4140625,1961.0016507580876
2026-07-21T02:55:06.012201+00:00,3847.0,35.0,96.84,36.0,1746.4140625,1961.3300402797759
2026-07-21T02:55:06.357024+00:00,3847.0,35.0,96.93,36.0,1746.4140625,1961.6748635545373
2026-07-21T02:55:06.687342+00:00,3847.0,35.0,97.09,36.0,1746.4140625,1962.0051810517907
2026-07-21T02:55:07.056187+00:00,3847.0,35.0,97.18,36.0,1746.4140625,1962.3740260489285
2026-07-21T02:55:07.378805+00:00,3847.0,34.0,97.22,36.0,1746.4140625,1962.6966435909271
2026-07-21T02:55:07.706664+00:00,3847.0,35.0,97.13,36.0,1746.4140625,1963.0245027579367
2026-07-21T02:55:08.034738+00:00,3847.0,35.0,97.28,36.0,1746.4140625,1963.3525771908462
2026-07-21T02:55:08.356113+00:00,3847.0,35.0,97.39,36.0,1746.4140625,1963.6739526428282
2026-07-21T02:55:08.723060+00:00,3847.0,35.0,97.26,36.0,1746.4140625,1964.0408997237682
2026-07-21T02:55:09.054110+00:00,3847.0,36.0,97.44,36.0,1746.4140625,1964.3719499707222
2026-07-21T02:55:09.378587+00:00,3847.0,5.0,96.31,36.0,1746.4375,1964.6964250020683
2026-07-21T02:55:09.706207+00:00,3847.0,33.0,96.07,36.0,1746.4375,1965.024045497179
2026-07-21T02:55:10.034986+00:00,3847.0,36.0,95.71,36.0,1746.4375,1965.3528254330158
2026-07-21T02:55:10.358215+00:00,3847.0,34.0,96.15,36.0,1746.4375,1965.6760532557964
2026-07-21T02:55:10.686944+00:00,3847.0,35.0,96.08,36.0,1746.4375,1966.004783347249
2026-07-21T02:55:11.045279+00:00,3847.0,35.0,96.37,36.0,1746.4375,1966.363117031753
2026-07-21T02:55:11.374771+00:00,3847.0,34.0,96.7,36.0,1746.4375,1966.6926095373929
2026-07-21T02:55:11.703135+00:00,3847.0,35.0,96.52,36.0,1746.4375,1967.0209735482931
2026-07-21T02:55:12.008623+00:00,3847.0,36.0,96.52,36.0,1746.4375,1967.32646169886
2026-07-21T02:55:12.355348+00:00,3847.0,34.0,96.54,36.0,1746.4375,1967.673187520355
2026-07-21T02:55:12.686482+00:00,3847.0,34.0,96.71,36.0,1746.4375,1968.0043219029903
2026-07-21T02:55:13.014325+00:00,3847.0,34.0,96.47,36.0,1746.4375,1968.332164477557
2026-07-21T02:55:13.341935+00:00,3847.0,35.0,96.48,36.0,1746.4375,1968.6597739234567
2026-07-21T02:55:13.670983+00:00,3847.0,34.0,96.82,36.0,1746.4375,1968.9888213723898
2026-07-21T02:55:14.047485+00:00,3847.0,33.0,96.85,36.0,1746.4375,1969.365324024111
2026-07-21T02:55:14.420925+00:00,3847.0,33.0,97.32,36.0,1746.4375,1969.7387645952404
2026-07-21T02:55:14.773611+00:00,3847.0,35.0,97.19,36.0,1746.4375,1970.0914502069354
2026-07-21T02:55:15.083939+00:00,3847.0,34.0,97.06,36.0,1746.4375,1970.4017779380083
2026-07-21T02:55:15.456467+00:00,3847.0,35.0,96.74,36.0,1746.4375,1970.7743059322238
2026-07-21T02:55:15.813624+00:00,3847.0,33.0,96.96,36.0,1746.4375,1971.1314629018307
2026-07-21T02:55:16.149864+00:00,3847.0,34.0,96.96,36.0,1746.4375,1971.4677025415003
2026-07-21T02:55:16.501827+00:00,3847.0,36.0,96.84,36.0,1746.4375,1971.819666147232
2026-07-21T02:55:16.834366+00:00,3847.0,34.0,97.0,36.0,1746.4375,1972.1522050984204
2026-07-21T02:55:17.164917+00:00,3847.0,35.0,96.78,36.0,1746.4375,1972.4827554374933
2026-07-21T02:55:17.491030+00:00,3847.0,34.0,97.0,36.0,1746.4375,1972.808869034052
2026-07-21T02:55:17.840915+00:00,3847.0,36.0,96.89,36.0,1746.4375,1973.158753655851
2026-07-21T02:55:18.170275+00:00,3847.0,14.0,96.12,36.0,1746.4609375,1973.4881133139133
2026-07-21T02:55:18.500299+00:00,3847.0,35.0,95.97,35.0,1746.4609375,1973.8181374110281
2026-07-21T02:55:18.830053+00:00,3847.0,33.0,95.61,35.0,1746.4609375,1974.1478923223913
2026-07-21T02:55:19.171817+00:00,3847.0,34.0,96.07,35.0,1746.4609375,1974.4896556772292
2026-07-21T02:55:19.544569+00:00,3847.0,35.0,96.29,35.0,1746.4609375,1974.8624081090093
2026-07-21T02:55:19.870002+00:00,3847.0,35.0,96.78,35.0,1746.4609375,1975.1878407299519
2026-07-21T02:55:20.244370+00:00,3847.0,35.0,96.73,35.0,1746.4609375,1975.562208276242
2026-07-21T02:55:20.597642+00:00,3847.0,33.0,96.64,35.0,1746.4609375,1975.915480915457
2026-07-21T02:55:20.931194+00:00,3847.0,33.0,96.47,35.0,1746.4609375,1976.2490329481661
2026-07-21T02:55:21.262405+00:00,3847.0,33.0,96.25,35.0,1746.4609375,1976.5802440196276
2026-07-21T02:55:21.589999+00:00,3847.0,34.0,96.13,35.0,1746.4609375,1976.9078383781016
2026-07-21T02:55:21.923591+00:00,3847.0,34.0,96.2,35.0,1746.4609375,1977.2414297387004
2026-07-21T02:55:22.277123+00:00,3847.0,34.0,96.45,35.0,1746.4609375,1977.594961695373
2026-07-21T02:55:22.606554+00:00,3847.0,34.0,96.57,35.0,1746.4609375,1977.9243934489787
2026-07-21T02:55:22.936221+00:00,3847.0,34.0,96.5,35.0,1746.4609375,1978.2540603876114
2026-07-21T02:55:23.284609+00:00,3847.0,36.0,96.53,35.0,1746.4609375,1978.6024475172162
2026-07-21T02:55:23.628478+00:00,3847.0,36.0,96.82,35.0,1746.4609375,1978.9463171735406
2026-07-21T02:55:23.980076+00:00,3847.0,35.0,97.08,35.0,1746.4609375,1979.2979153841734
2026-07-21T02:55:24.328825+00:00,3847.0,35.0,97.03,35.0,1746.4609375,1979.646664019674
2026-07-21T02:55:24.658383+00:00,3847.0,34.0,96.82,35.0,1746.4609375,1979.9762223176658
2026-07-21T02:55:24.983581+00:00,3847.0,33.0,96.89,35.0,1746.4609375,1980.3014191389084
2026-07-21T02:55:25.332517+00:00,3847.0,35.0,96.91,35.0,1746.4609375,1980.6503559052944
2026-07-21T02:55:25.662712+00:00,3847.0,36.0,96.94,35.0,1746.4609375,1980.98055126518
2026-07-21T02:55:25.993092+00:00,3847.0,35.0,97.25,35.0,1746.4609375,1981.310930557549
2026-07-21T02:55:26.322684+00:00,3847.0,34.0,97.21,35.0,1746.4609375,1981.6405226103961
2026-07-21T02:55:26.650435+00:00,3847.0,34.0,97.42,35.0,1746.4609375,1981.9682738818228
2026-07-21T02:55:27.000520+00:00,3847.0,35.0,96.5,35.0,1746.484375,1982.318358182907
2026-07-21T02:55:27.326314+00:00,3847.0,34.0,96.06,35.0,1746.484375,1982.6441529393196
2026-07-21T02:55:27.658277+00:00,3847.0,35.0,95.92,35.0,1746.484375,1982.9761157371104
2026-07-21T02:55:27.985349+00:00,3847.0,34.0,96.42,35.0,1746.484375,1983.303187597543
2026-07-21T02:55:28.332499+00:00,3847.0,34.0,96.75,35.0,1746.484375,1983.650338679552
2026-07-21T02:55:28.678319+00:00,3847.0,36.0,96.83,35.0,1746.484375,1983.9961571395397
2026-07-21T02:55:29.019898+00:00,3847.0,34.0,96.87,35.0,1746.484375,1984.3377365618944
2026-07-21T02:55:29.368267+00:00,3847.0,36.0,96.5,35.0,1746.484375,1984.686106055975
2026-07-21T02:55:29.719948+00:00,3847.0,36.0,96.52,35.0,1746.484375,1985.0377867370844
2026-07-21T02:55:30.074680+00:00,3847.0,34.0,96.48,35.0,1746.484375,1985.392518274486
2026-07-21T02:55:30.429472+00:00,3847.0,34.0,96.86,35.0,1746.484375,1985.7473107203841
2026-07-21T02:55:30.777467+00:00,3847.0,35.0,96.96,35.0,1746.484375,1986.09530544281
2026-07-21T02:55:31.106880+00:00,3847.0,34.0,96.69,35.0,1746.484375,1986.4247190319002
2026-07-21T02:55:31.485428+00:00,3847.0,34.0,96.75,35.0,1746.484375,1986.8032658435404
2026-07-21T02:55:31.860194+00:00,3847.0,35.0,97.02,35.0,1746.484375,1987.1780324317515
2026-07-21T02:55:32.189563+00:00,3847.0,36.0,97.24,35.0,1746.484375,1987.50740121305
2026-07-21T02:55:32.566851+00:00,3847.0,34.0,97.14,35.0,1746.484375,1987.8846900314093
2026-07-21T02:55:32.893568+00:00,3847.0,33.0,96.72,35.0,1746.484375,1988.2114073857665
2026-07-21T02:55:33.221784+00:00,3847.0,34.0,96.35,35.0,1746.484375,1988.53962257877
2026-07-21T02:55:33.573433+00:00,3847.0,37.0,96.53,35.0,1746.484375,1988.8912695460021
2026-07-21T02:55:33.902035+00:00,3847.0,35.0,95.75,35.0,1746.5078125,1989.2198722660542
2026-07-21T02:55:34.226630+00:00,3847.0,33.0,95.93,35.0,1746.5078125,1989.5444687902927
2026-07-21T02:55:34.558376+00:00,3847.0,36.0,95.63,35.0,1746.5078125,1989.8762153312564
2026-07-21T02:55:34.885059+00:00,3847.0,35.0,96.52,35.0,1746.5078125,1990.2028976604342
2026-07-21T02:55:35.259624+00:00,3847.0,34.0,96.64,35.0,1746.5078125,1990.577463094145
2026-07-21T02:55:35.608993+00:00,3847.0,35.0,96.74,35.0,1746.5078125,1990.9268318749964
2026-07-21T02:55:35.979228+00:00,3847.0,36.0,96.4,35.0,1746.5078125,1991.297066617757
2026-07-21T02:55:36.305688+00:00,3847.0,34.0,96.32,35.0,1746.51171875,1991.6235276572406
2026-07-21T02:55:36.656640+00:00,3847.0,35.0,96.54,35.0,1746.51171875,1991.9744790941477
2026-07-21T02:55:36.961793+00:00,3847.0,36.0,96.28,35.0,1746.51171875,1992.2796320542693
2026-07-21T02:55:37.290453+00:00,3847.0,35.0,96.5,35.0,1746.51171875,1992.6082923822105
2026-07-21T02:55:37.618360+00:00,3847.0,34.0,96.6,35.0,1746.51171875,1992.9361987784505
2026-07-21T02:55:37.991940+00:00,3847.0,36.0,96.78,35.0,1746.51171875,1993.309778675437
2026-07-21T02:55:38.316672+00:00,3847.0,36.0,96.81,35.0,1746.51171875,1993.6345107778907
2026-07-21T02:55:38.668288+00:00,3847.0,36.0,97.15,35.0,1746.51171875,1993.9861268252134
2026-07-21T02:55:38.994178+00:00,3847.0,36.0,97.0,35.0,1746.51171875,1994.3120164573193
2026-07-21T02:55:39.326718+00:00,3847.0,36.0,96.88,35.0,1746.51171875,1994.6445562541485
2026-07-21T02:55:39.653669+00:00,3847.0,30.0,96.56,35.0,1746.51171875,1994.9715058989823
2026-07-21T02:55:39.987944+00:00,3847.0,33.0,96.35,35.0,1746.51171875,1995.3057832308114
2026-07-21T02:55:40.314453+00:00,3847.0,33.0,96.68,35.0,1746.51171875,1995.6322916001081
2026-07-21T02:55:40.687993+00:00,3847.0,33.0,97.1,35.0,1746.51171875,1996.005831681192
2026-07-21T02:55:41.014602+00:00,3847.0,35.0,96.81,35.0,1746.51171875,1996.3324401639402
2026-07-21T02:55:41.338524+00:00,3847.0,36.0,96.77,35.0,1746.51171875,1996.656362272799
2026-07-21T02:55:41.689375+00:00,3847.0,34.0,97.03,35.0,1746.51171875,1997.0072138309479
2026-07-21T02:55:42.065187+00:00,3847.0,34.0,96.9,35.0,1746.51171875,1997.3830256201327
2026-07-21T02:55:42.445334+00:00,3847.0,30.0,96.57,35.0,1746.515625,1997.763172827661
2026-07-21T02:55:42.756440+00:00,3847.0,35.0,95.7,35.0,1746.53125,1998.0742777511477
2026-07-21T02:55:43.130554+00:00,3847.0,34.0,95.89,35.0,1746.53125,1998.4483924992383
2026-07-21T02:55:43.459468+00:00,3847.0,35.0,96.39,35.0,1746.53125,1998.7773070521653
2026-07-21T02:55:43.791953+00:00,3847.0,33.0,96.54,35.0,1746.53125,1999.1097928732634
2026-07-21T02:55:44.149804+00:00,3847.0,35.0,96.14,35.0,1746.53125,1999.467641994357
2026-07-21T02:55:44.509393+00:00,3847.0,33.0,96.21,35.0,1746.53125,1999.8272315785289
2026-07-21T02:55:44.838904+00:00,3847.0,35.0,96.36,35.0,1746.53125,2000.1567427404225
2026-07-21T02:55:45.187207+00:00,3847.0,34.0,96.18,35.0,1746.53125,2000.5050461143255
2026-07-21T02:55:45.515346+00:00,3847.0,34.0,96.19,35.0,1746.53125,2000.8331845514476
2026-07-21T02:55:45.860492+00:00,3847.0,36.0,96.13,35.0,1746.53125,2001.1783300451934
2026-07-21T02:55:46.208570+00:00,3847.0,34.0,96.28,35.0,1746.53125,2001.5264090038836
2026-07-21T02:55:46.535756+00:00,3847.0,35.0,96.16,35.0,1746.53125,2001.8535950742662
2026-07-21T02:55:46.908732+00:00,3847.0,33.0,96.53,35.0,1746.53125,2002.2265709377825
2026-07-21T02:55:47.237940+00:00,3847.0,33.0,96.32,35.0,1746.53125,2002.5557781420648
2026-07-21T02:55:47.566568+00:00,3847.0,36.0,96.37,35.0,1746.53125,2002.8844075612724
2026-07-21T02:55:47.896437+00:00,3847.0,36.0,96.4,35.0,1746.53125,2003.2142756693065
2026-07-21T02:55:48.268761+00:00,3847.0,34.0,96.5,35.0,1746.53125,2003.586599420756
2026-07-21T02:55:48.620435+00:00,3847.0,36.0,96.93,35.0,1746.53515625,2003.9382738433778
2026-07-21T02:55:48.976777+00:00,3847.0,34.0,96.38,35.0,1746.53515625,2004.294605705887
2026-07-21T02:55:49.306347+00:00,3847.0,33.0,95.85,35.0,1746.5546875,2004.624185539782
2026-07-21T02:55:49.656838+00:00,3847.0,35.0,95.68,35.0,1746.55859375,2004.9746773838997
2026-07-21T02:55:49.985780+00:00,3847.0,35.0,95.94,35.0,1746.55859375,2005.3036192469299
2026-07-21T02:55:50.340125+00:00,3847.0,33.0,96.02,35.0,1746.56640625,2005.6579647958279
2026-07-21T02:55:50.712605+00:00,3847.0,34.0,96.62,35.0,1746.56640625,2006.030444379896
2026-07-21T02:55:51.043518+00:00,3847.0,36.0,96.39,35.0,1746.56640625,2006.3613565936685
2026-07-21T02:55:51.388883+00:00,3847.0,35.0,96.6,35.0,1746.57421875,2006.706721443683
2026-07-21T02:55:51.736523+00:00,3847.0,35.0,96.26,35.0,1746.57421875,2007.0543615482748
2026-07-21T02:55:52.062627+00:00,3847.0,34.0,96.22,35.0,1746.57421875,2007.3804659508169
2026-07-21T02:55:52.390033+00:00,3847.0,35.0,96.23,35.0,1746.57421875,2007.7078721746802
2026-07-21T02:55:52.718187+00:00,3847.0,35.0,96.39,35.0,1746.578125,2008.0360258109868
2026-07-21T02:55:53.024500+00:00,3847.0,35.0,96.44,35.0,1746.578125,2008.3423385508358
2026-07-21T02:55:53.371033+00:00,3847.0,36.0,96.71,35.0,1746.578125,2008.6888721100986
2026-07-21T02:55:53.676345+00:00,3847.0,36.0,96.64,35.0,1746.5859375,2008.9941841475666
2026-07-21T02:55:53.997179+00:00,3847.0,35.0,96.66,35.0,1746.5859375,2009.3150189183652
2026-07-21T02:55:54.300010+00:00,3847.0,36.0,96.56,35.0,1746.5859375,2009.6178495287895
2026-07-21T02:55:54.622355+00:00,3847.0,36.0,96.82,35.0,1746.5859375,2009.9401937797666
2026-07-21T02:55:54.926506+00:00,3847.0,36.0,97.19,35.0,1746.5859375,2010.244344882667
2026-07-21T02:55:55.249976+00:00,3847.0,35.0,97.45,35.0,1746.58984375,2010.5678148977458
2026-07-21T02:55:55.576902+00:00,3847.0,36.0,97.39,35.0,1746.58984375,2010.8947412110865
2026-07-21T02:55:55.908923+00:00,3847.0,36.0,97.1,35.0,1746.59375,2011.2267559804022
2026-07-21T02:55:56.237004+00:00,3847.0,35.0,96.86,35.0,1746.59375,2011.554843556136
2026-07-21T02:55:56.555930+00:00,3847.0,35.0,96.76,35.0,1746.59375,2011.8737697303295
2026-07-21T02:55:56.927233+00:00,3847.0,35.0,96.86,35.0,1746.59765625,2012.245071798563
2026-07-21T02:55:57.253340+00:00,3847.0,36.0,97.08,35.0,1746.59765625,2012.5711796730757
2026-07-21T02:55:57.555485+00:00,3847.0,36.0,97.05,35.0,1746.6015625,2012.8733246065676
2026-07-21T02:55:57.877723+00:00,3847.0,33.0,96.26,35.0,1746.625,2013.1955602020025
2026-07-21T02:55:58.204975+00:00,3847.0,34.0,95.82,35.0,1746.625,2013.522813372314
2026-07-21T02:55:58.572993+00:00,3847.0,35.0,95.34,35.0,1746.625,2013.8908309228718
2026-07-21T02:55:58.970321+00:00,3847.0,35.0,96.24,35.0,1746.625,2014.2881594002247
2026-07-21T02:55:59.302068+00:00,3847.0,35.0,96.41,35.0,1746.6328125,2014.6199069172144
2026-07-21T02:55:59.606125+00:00,3847.0,35.0,96.2,35.0,1746.6328125,2014.9239647239447
2026-07-21T02:55:59.917163+00:00,3847.0,35.0,96.28,35.0,1746.6328125,2015.235001962632
2026-07-21T02:56:00.240229+00:00,3847.0,35.0,96.47,35.0,1746.63671875,2015.5580681748688
2026-07-21T02:56:00.569587+00:00,3847.0,35.0,96.64,35.0,1746.63671875,2015.887425020337
2026-07-21T02:56:00.897235+00:00,3847.0,36.0,96.52,35.0,1746.640625,2016.215074159205
2026-07-21T02:56:01.269422+00:00,3847.0,34.0,96.76,35.0,1746.640625,2016.587261378765
2026-07-21T02:56:01.644090+00:00,3847.0,25.0,96.26,35.0,1746.66015625,2016.961922466755
2026-07-21T02:56:01.991665+00:00,3847.0,35.0,96.62,35.0,1746.6640625,2017.3095042034984
2026-07-21T02:56:02.316615+00:00,3847.0,35.0,96.29,35.0,1746.6640625,2017.6344550736248
2026-07-21T02:56:02.664196+00:00,3847.0,34.0,96.62,35.0,1746.6640625,2017.9820350185037
2026-07-21T02:56:02.967662+00:00,3847.0,35.0,96.48,35.0,1746.6640625,2018.2855011336505
2026-07-21T02:56:03.294820+00:00,3847.0,35.0,96.55,35.0,1746.6640625,2018.6126596443355
2026-07-21T02:56:03.621987+00:00,3847.0,34.0,96.5,35.0,1746.6796875,2018.9398257546127
2026-07-21T02:56:03.944371+00:00,3847.0,35.0,96.46,35.0,1746.6796875,2019.2622100003064
2026-07-21T02:56:04.268102+00:00,3847.0,35.0,96.42,35.0,1746.6796875,2019.5859408788383
2026-07-21T02:56:04.592198+00:00,3847.0,35.0,96.73,35.0,1746.6796875,2019.9100370891392
2026-07-21T02:56:04.912513+00:00,3847.0,35.0,96.0,35.0,1746.6953125,2020.2303519062698
2026-07-21T02:56:05.237203+00:00,3847.0,35.0,95.85,35.0,1746.6953125,2020.5550425238907
2026-07-21T02:56:05.589173+00:00,3847.0,34.0,95.58,35.0,1746.6953125,2020.9070115238428
2026-07-21T02:56:05.919553+00:00,3847.0,33.0,96.28,35.0,1746.7109375,2021.2373919673264
2026-07-21T02:56:06.273168+00:00,3847.0,35.0,96.54,35.0,1746.7109375,2021.5910068750381
2026-07-21T02:56:06.648190+00:00,3847.0,34.0,96.69,35.0,1746.71484375,2021.9660295434296
2026-07-21T02:56:06.974631+00:00,3847.0,36.0,96.78,35.0,1746.71875,2022.292469587177
2026-07-21T02:56:07.323659+00:00,3847.0,34.0,96.62,35.0,1746.71875,2022.641497578472
2026-07-21T02:56:07.689047+00:00,3847.0,34.0,95.86,35.0,1746.74609375,2023.0068848207593
2026-07-21T02:56:08.023251+00:00,3847.0,33.0,95.46,35.0,1746.74609375,2023.3410897143185
2026-07-21T02:56:08.354471+00:00,3847.0,34.0,95.76,35.0,1746.75,2023.6723100729287
2026-07-21T02:56:08.733955+00:00,3847.0,33.0,96.33,35.0,1746.75,2024.051793795079
2026-07-21T02:56:09.108628+00:00,3847.0,33.0,96.33,35.0,1746.75,2024.4264662973583
2026-07-21T02:56:09.459782+00:00,3847.0,36.0,96.44,35.0,1746.76171875,2024.7776208035648
2026-07-21T02:56:09.785393+00:00,3847.0,34.0,96.29,35.0,1746.76171875,2025.1032318361104
2026-07-21T02:56:10.130414+00:00,3847.0,35.0,96.64,35.0,1746.76953125,2025.448252286762
2026-07-21T02:56:10.456478+00:00,3847.0,36.0,96.62,35.0,1746.76953125,2025.7743175253272
2026-07-21T02:56:10.761002+00:00,3847.0,36.0,96.65,35.0,1746.77734375,2026.0788414664567
2026-07-21T02:56:11.065273+00:00,3847.0,34.0,96.63,35.0,1746.78515625,2026.3831122927368
2026-07-21T02:56:11.393106+00:00,3847.0,14.0,95.89,35.0,1746.8046875,2026.710944082588
2026-07-21T02:56:11.719668+00:00,3847.0,35.0,95.72,35.0,1746.8125,2027.0375074855983
2026-07-21T02:56:12.067558+00:00,3847.0,34.0,95.53,35.0,1746.8125,2027.3853969052434
2026-07-21T02:56:12.394259+00:00,3847.0,35.0,96.34,35.0,1746.8125,2027.7120980881155
2026-07-21T02:56:12.738944+00:00,3847.0,35.0,96.14,35.0,1746.83203125,2028.0567827932537
2026-07-21T02:56:13.088771+00:00,3847.0,36.0,96.39,35.0,1746.83203125,2028.4066099375486
2026-07-21T02:56:13.392693+00:00,3847.0,36.0,96.47,35.0,1746.84765625,2028.7105326876044
2026-07-21T02:56:13.762747+00:00,3847.0,36.0,97.01,35.0,1746.84765625,2029.080586913973
2026-07-21T02:56:14.137457+00:00,3847.0,34.0,97.32,35.0,1746.8671875,2029.4552956856787
2026-07-21T02:56:14.460421+00:00,3847.0,36.0,97.27,35.0,1746.8671875,2029.7782611772418
2026-07-21T02:56:14.763451+00:00,3847.0,35.0,96.64,35.0,1746.8671875,2030.081290729344
2026-07-21T02:56:15.115791+00:00,3847.0,36.0,96.87,35.0,1746.875,2030.4336304441094
2026-07-21T02:56:15.419804+00:00,3847.0,36.0,97.0,35.0,1746.875,2030.7376434579492
2026-07-21T02:56:15.858843+00:00,3847.0,35.0,97.04,35.0,1746.89453125,2031.1766811534762
2026-07-21T02:56:16.228238+00:00,3847.0,36.0,94.72,35.0,1746.91015625,2031.5460760891438
2026-07-21T02:56:16.553629+00:00,3847.0,36.0,94.53,35.0,1746.91015625,2031.8714683391154
2026-07-21T02:56:16.930404+00:00,3847.0,35.0,96.68,35.0,1746.91015625,2032.2482432238758
2026-07-21T02:56:17.256753+00:00,3847.0,35.0,96.98,35.0,1746.91015625,2032.5745919942856
2026-07-21T02:56:17.602868+00:00,3847.0,36.0,97.41,35.0,1746.91015625,2032.9207072891295
2026-07-21T02:56:17.978617+00:00,3847.0,36.0,97.08,35.0,1746.91015625,2033.2964566275477
2026-07-21T02:56:18.303904+00:00,3847.0,35.0,97.05,35.0,1746.91015625,2033.62174378708
2026-07-21T02:56:18.647572+00:00,3847.0,35.0,97.04,35.0,1746.91015625,2033.9654116109014
2026-07-21T02:56:18.967930+00:00,3847.0,35.0,96.81,35.0,1746.91015625,2034.2857698090374
2026-07-21T02:56:19.289685+00:00,3847.0,35.0,96.78,35.0,1746.91015625,2034.6075248867273
2026-07-21T02:56:19.617686+00:00,3847.0,35.0,96.81,35.0,1746.91015625,2034.9355252832174
2026-07-21T02:56:19.922151+00:00,3847.0,35.0,96.83,35.0,1746.91015625,2035.2399897538126
2026-07-21T02:56:20.249347+00:00,3847.0,5.0,96.14,35.0,1746.92578125,2035.5671851597726
2026-07-21T02:56:20.620567+00:00,3847.0,35.0,95.65,35.0,1746.92578125,2035.9384053610265
2026-07-21T02:56:20.972944+00:00,3847.0,35.0,95.86,35.0,1746.92578125,2036.2907823100686
2026-07-21T02:56:21.279738+00:00,3847.0,35.0,96.22,35.0,1746.92578125,2036.5975772961974
2026-07-21T02:56:21.652354+00:00,3847.0,34.0,96.59,35.0,1746.92578125,2036.9701927937567
2026-07-21T02:56:21.986310+00:00,3847.0,33.0,96.24,35.0,1746.92578125,2037.3041491918266
2026-07-21T02:56:22.355918+00:00,3847.0,33.0,96.44,35.0,1746.92578125,2037.6737567484379
2026-07-21T02:56:22.709359+00:00,3847.0,33.0,96.67,35.0,1746.92578125,2038.0271970629692
2026-07-21T02:56:23.041237+00:00,3847.0,34.0,96.54,35.0,1746.92578125,2038.3590757474303
2026-07-21T02:56:23.370570+00:00,3847.0,35.0,96.29,35.0,1746.92578125,2038.6884091459215
2026-07-21T02:56:23.721117+00:00,3847.0,24.0,95.44,35.0,1746.92578125,2039.0389566011727
2026-07-21T02:56:24.077967+00:00,3847.0,34.0,95.17,35.0,1746.92578125,2039.3958051428199
2026-07-21T02:56:24.403062+00:00,3847.0,35.0,95.1,35.0,1746.92578125,2039.7209016159177
2026-07-21T02:56:24.731092+00:00,3847.0,35.0,95.81,35.0,1746.92578125,2040.0489316359162
2026-07-21T02:56:25.085869+00:00,3847.0,35.0,96.33,35.0,1746.92578125,2040.403707548976
2026-07-21T02:56:25.456646+00:00,3847.0,35.0,96.45,35.0,1746.92578125,2040.7744847610593
2026-07-21T02:56:25.808528+00:00,3847.0,34.0,96.74,35.0,1746.92578125,2041.1263668648899
2026-07-21T02:56:26.134455+00:00,3847.0,34.0,96.91,35.0,1746.92578125,2041.4522941932082
2026-07-21T02:56:26.441947+00:00,3847.0,35.0,96.79,35.0,1746.92578125,2041.7597859501839
2026-07-21T02:56:26.794718+00:00,3847.0,35.0,96.36,35.0,1746.9453125,2042.1125567927957
2026-07-21T02:56:27.122612+00:00,3847.0,35.0,96.16,35.0,1746.9453125,2042.4404516108334
2026-07-21T02:56:27.471225+00:00,3847.0,36.0,96.36,35.0,1746.9453125,2042.7890637367964
2026-07-21T02:56:27.792876+00:00,3847.0,36.0,96.51,35.0,1746.9453125,2043.1107154972851
2026-07-21T02:56:28.095793+00:00,3847.0,36.0,96.34,35.0,1746.9453125,2043.4136327467859
2026-07-21T02:56:28.439657+00:00,3847.0,36.0,96.36,35.0,1746.9453125,2043.7574955560267
2026-07-21T02:56:28.787929+00:00,3847.0,35.0,96.45,35.0,1746.9453125,2044.1057678498328
2026-07-21T02:56:29.114175+00:00,3847.0,34.0,96.79,35.0,1746.9453125,2044.4320137873292
2026-07-21T02:56:29.484342+00:00,3847.0,36.0,96.34,35.0,1746.9453125,2044.8021803982556
2026-07-21T02:56:29.835004+00:00,3847.0,36.0,96.31,35.0,1746.95703125,2045.152842309326
2026-07-21T02:56:30.143757+00:00,3847.0,36.0,95.92,35.0,1746.95703125,2045.461596813053
2026-07-21T02:56:30.468448+00:00,3847.0,36.0,96.8,35.0,1746.95703125,2045.786287356168
2026-07-21T02:56:30.802775+00:00,3847.0,36.0,96.45,35.0,1746.95703125,2046.1206129454076
2026-07-21T02:56:31.154811+00:00,3847.0,36.0,96.51,35.0,1746.95703125,2046.4726503267884
2026-07-21T02:56:31.482528+00:00,3847.0,35.0,96.14,35.0,1746.95703125,2046.8003667145967
2026-07-21T02:56:31.815303+00:00,3847.0,35.0,96.18,35.0,1746.95703125,2047.1331414692104
2026-07-21T02:56:32.119198+00:00,3847.0,35.0,96.27,35.0,1746.95703125,2047.4370374791324
2026-07-21T02:56:32.446052+00:00,3847.0,35.0,96.7,35.0,1746.95703125,2047.7638912312686
2026-07-21T02:56:32.772591+00:00,3847.0,35.0,96.84,35.0,1746.95703125,2048.0904309153557
2026-07-21T02:56:33.098593+00:00,3847.0,36.0,96.82,35.0,1746.95703125,2048.416432481259
2026-07-21T02:56:33.447369+00:00,3847.0,36.0,96.69,35.0,1746.95703125,2048.765208289027
2026-07-21T02:56:33.753821+00:00,3847.0,36.0,96.89,35.0,1746.95703125,2049.071660347283
2026-07-21T02:56:34.059388+00:00,3847.0,30.0,96.2,35.0,1746.9765625,2049.3772261850536
2026-07-21T02:56:34.363274+00:00,3847.0,36.0,96.19,35.0,1746.9765625,2049.6811131201684
2026-07-21T02:56:34.686017+00:00,3847.0,36.0,95.95,35.0,1746.9765625,2050.003856446594
2026-07-21T02:56:35.013743+00:00,3847.0,36.0,96.44,35.0,1746.9765625,2050.331581786275
2026-07-21T02:56:35.339844+00:00,3847.0,36.0,96.39,35.0,1746.9765625,2050.65768269822
2026-07-21T02:56:35.704998+00:00,3847.0,35.0,96.57,35.0,1746.9765625,2051.0228367857635
2026-07-21T02:56:36.037620+00:00,3847.0,36.0,97.19,35.0,1746.9765625,2051.355458930135
2026-07-21T02:56:36.343333+00:00,3847.0,36.0,97.09,35.0,1746.9765625,2051.661172144115
2026-07-21T02:56:36.650333+00:00,3847.0,36.0,96.91,35.0,1746.9765625,2051.9681724123657
2026-07-21T02:56:36.954311+00:00,3847.0,36.0,96.62,35.0,1746.9765625,2052.2721507400274
2026-07-21T02:56:37.281423+00:00,3847.0,36.0,96.37,35.0,1746.9765625,2052.5992620922625
2026-07-21T02:56:37.609956+00:00,3847.0,35.0,96.5,35.0,1746.9765625,2052.92779513821
2026-07-21T02:56:37.979294+00:00,3847.0,35.0,96.73,35.0,1746.9765625,2053.297133628279
2026-07-21T02:56:38.306503+00:00,3847.0,35.0,96.72,35.0,1746.9765625,2053.6243422590196
2026-07-21T02:56:38.629867+00:00,3847.0,35.0,96.54,35.0,1746.9765625,2053.9477063156664
2026-07-21T02:56:39.007441+00:00,3847.0,35.0,96.14,35.0,1746.9765625,2054.3252802193165
2026-07-21T02:56:39.352396+00:00,3847.0,35.0,96.14,35.0,1746.9765625,2054.6702352426946
2026-07-21T02:56:39.803222+00:00,3847.0,15.0,95.79,35.0,1746.9921875,2055.1210599914193
2026-07-21T02:56:40.119475+00:00,3847.0,35.0,95.5,35.0,1746.9921875,2055.437313772738
2026-07-21T02:56:40.425867+00:00,3847.0,34.0,95.38,35.0,1746.9921875,2055.7437059283257
2026-07-21T02:56:40.756934+00:00,3847.0,36.0,96.57,35.0,1746.9921875,2056.0747724734247
2026-07-21T02:56:41.086650+00:00,3847.0,34.0,96.29,35.0,1746.9921875,2056.404489543289
2026-07-21T02:56:41.417647+00:00,3847.0,35.0,96.48,35.0,1746.9921875,2056.735485713929
2026-07-21T02:56:41.745898+00:00,3847.0,34.0,96.28,35.0,1746.9921875,2057.0637372098863
2026-07-21T02:56:42.101237+00:00,3847.0,34.0,96.46,35.0,1746.9921875,2057.4190752208233
2026-07-21T02:56:42.449072+00:00,3847.0,33.0,96.36,35.0,1746.9921875,2057.7669106274843
2026-07-21T02:56:42.777840+00:00,3847.0,36.0,96.5,35.0,1746.9921875,2058.095678832382
2026-07-21T02:56:43.104861+00:00,3847.0,35.0,96.43,35.0,1746.9921875,2058.422700881958
2026-07-21T02:56:43.433072+00:00,3847.0,35.0,96.66,35.0,1746.9921875,2058.75091060251
2026-07-21T02:56:43.760217+00:00,3847.0,36.0,96.74,35.0,1746.9921875,2059.078056205064
2026-07-21T02:56:44.064125+00:00,3847.0,36.0,97.07,35.0,1746.9921875,2059.381964508444
2026-07-21T02:56:44.436720+00:00,3847.0,36.0,97.26,35.0,1746.9921875,2059.7545589096844
2026-07-21T02:56:44.743241+00:00,3847.0,36.0,97.29,35.0,1746.9921875,2060.0610797069967
2026-07-21T02:56:45.063787+00:00,3847.0,36.0,97.32,35.0,1746.9921875,2060.3816262185574
2026-07-21T02:56:45.390138+00:00,3847.0,36.0,97.08,35.0,1746.9921875,2060.7079772129655
2026-07-21T02:56:45.717908+00:00,3847.0,36.0,97.05,35.0,1746.9921875,2061.0357472747564
2026-07-21T02:56:46.030874+00:00,3847.0,36.0,96.87,35.0,1746.9921875,2061.348712515086
2026-07-21T02:56:46.362068+00:00,3847.0,36.0,97.03,35.0,1746.9921875,2061.6799078583717
2026-07-21T02:56:46.708855+00:00,3847.0,36.0,97.24,35.0,1746.9921875,2062.0266936011612
2026-07-21T02:56:47.038400+00:00,3847.0,36.0,97.27,35.0,1746.9921875,2062.356238681823
2026-07-21T02:56:47.342996+00:00,3847.0,37.0,97.33,35.0,1746.9921875,2062.6608353592455
2026-07-21T02:56:47.669812+00:00,3847.0,37.0,97.29,35.0,1746.9921875,2062.987651389092
2026-07-21T02:56:47.997305+00:00,3847.0,35.0,96.48,35.0,1747.015625,2063.3151441030204
2026-07-21T02:56:48.324705+00:00,3847.0,35.0,95.98,35.0,1747.015625,2063.6425447314978
2026-07-21T02:56:48.673001+00:00,3847.0,35.0,95.52,35.0,1747.015625,2063.9908405914903
2026-07-21T02:56:49.026989+00:00,3847.0,36.0,96.15,35.0,1747.015625,2064.3448281884193
2026-07-21T02:56:49.376892+00:00,3847.0,36.0,96.61,35.0,1747.015625,2064.6947310082614
2026-07-21T02:56:49.706381+00:00,3847.0,36.0,96.57,35.0,1747.015625,2065.024220343679
2026-07-21T02:56:50.012592+00:00,3847.0,36.0,96.5,35.0,1747.015625,2065.3304310403764
2026-07-21T02:56:50.341669+00:00,3847.0,36.0,96.57,35.0,1747.015625,2065.659507524222
2026-07-21T02:56:50.646353+00:00,3847.0,36.0,96.86,35.0,1747.015625,2065.9641923718154
2026-07-21T02:56:50.951513+00:00,3847.0,34.0,96.79,35.0,1747.015625,2066.269351672381
2026-07-21T02:56:51.281255+00:00,3847.0,36.0,96.64,35.0,1747.015625,2066.5990944728255
2026-07-21T02:56:51.628943+00:00,3847.0,36.0,96.53,35.0,1747.015625,2066.9467815943062
2026-07-21T02:56:51.936487+00:00,3847.0,36.0,96.66,35.0,1747.015625,2067.2543261907995
2026-07-21T02:56:52.240774+00:00,3847.0,35.0,96.94,35.0,1747.015625,2067.558613628149
2026-07-21T02:56:52.586836+00:00,3847.0,35.0,97.09,35.0,1747.015625,2067.9046750850976
2026-07-21T02:56:52.916074+00:00,3847.0,36.0,97.15,35.0,1747.015625,2068.2339140810072
2026-07-21T02:56:53.242420+00:00,3847.0,30.0,96.29,35.0,1747.0390625,2068.560257896781
2026-07-21T02:56:53.550420+00:00,3847.0,36.0,95.93,35.0,1747.0390625,2068.868258833885
2026-07-21T02:56:53.856524+00:00,3847.0,36.0,95.58,35.0,1747.0390625,2069.1743633300066
2026-07-21T02:56:54.168142+00:00,3847.0,36.0,96.17,35.0,1747.0390625,2069.4859807379544
2026-07-21T02:56:54.493677+00:00,3847.0,35.0,96.35,35.0,1747.0390625,2069.8115160875022
2026-07-21T02:56:54.825694+00:00,3847.0,34.0,96.3,35.0,1747.0390625,2070.1435325220227
2026-07-21T02:56:55.196114+00:00,3847.0,33.0,96.48,35.0,1747.04296875,2070.5139521621168
2026-07-21T02:56:55.526101+00:00,3847.0,33.0,96.08,35.0,1747.04296875,2070.8439400419593
2026-07-21T02:56:55.835196+00:00,3847.0,33.0,96.21,35.0,1747.04296875,2071.1530345268548
2026-07-21T02:56:56.184027+00:00,3847.0,34.0,96.16,35.0,1747.04296875,2071.5018651150167
2026-07-21T02:56:56.560828+00:00,3847.0,35.0,96.41,35.0,1747.04296875,2071.8786658979952
2026-07-21T02:56:56.897701+00:00,3847.0,23.0,96.2,35.0,1747.04296875,2072.215540267527
2026-07-21T02:56:57.228828+00:00,3847.0,35.0,96.0,35.0,1747.04296875,2072.546667523682
2026-07-21T02:56:57.558323+00:00,3847.0,35.0,95.72,35.0,1747.04296875,2072.8761622793972
2026-07-21T02:56:57.908217+00:00,3847.0,34.0,95.5,35.0,1749.3671875,2073.2260555140674
2026-07-21T02:56:58.238538+00:00,3847.0,33.0,95.21,35.0,1749.3671875,2073.5563769452274
2026-07-21T02:56:58.571331+00:00,3847.0,33.0,94.99,35.0,1749.3671875,2073.8891698643565
2026-07-21T02:56:58.928113+00:00,3847.0,34.0,95.55,35.0,1749.3671875,2074.2459519207478
2026-07-21T02:56:59.257508+00:00,3847.0,35.0,95.86,35.0,1749.3671875,2074.5753469988704
2026-07-21T02:56:59.607817+00:00,3847.0,36.0,96.09,35.0,1749.3671875,2074.9256563410163
2026-07-21T02:56:59.942391+00:00,3847.0,36.0,96.09,35.0,1749.3671875,2075.260229729116
2026-07-21T02:57:00.247316+00:00,3847.0,36.0,96.16,35.0,1749.3671875,2075.565155234188
2026-07-21T02:57:00.595654+00:00,3847.0,35.0,96.68,35.0,1749.3671875,2075.9134934172034
2026-07-21T02:57:00.924248+00:00,3847.0,35.0,96.9,35.0,1749.3671875,2076.242087736726
2026-07-21T02:57:01.249197+00:00,3847.0,34.0,96.94,35.0,1749.3671875,2076.5670370571315
2026-07-21T02:57:01.624645+00:00,3847.0,34.0,96.72,35.0,1749.3671875,2076.942483421415
2026-07-21T02:57:01.948571+00:00,3847.0,35.0,96.84,35.0,1749.3671875,2077.266410123557
2026-07-21T02:57:02.275884+00:00,3847.0,35.0,96.64,35.0,1749.3671875,2077.593723386526
2026-07-21T02:57:02.600160+00:00,3847.0,36.0,96.64,35.0,1749.3671875,2077.9179989546537
2026-07-21T02:57:02.925444+00:00,3847.0,36.0,96.84,35.0,1749.3671875,2078.243283446878
2026-07-21T02:57:03.253253+00:00,3847.0,36.0,97.26,35.0,1749.3671875,2078.571092247963
2026-07-21T02:57:03.629108+00:00,3847.0,33.0,97.37,35.0,1749.3671875,2078.946944128722
2026-07-21T02:57:03.958387+00:00,3847.0,35.0,96.87,35.0,1749.3671875,2079.276225656271
2026-07-21T02:57:04.289641+00:00,3847.0,35.0,96.01,35.0,1749.390625,2079.607479095459
2026-07-21T02:57:04.616449+00:00,3847.0,35.0,95.68,35.0,1749.390625,2079.9342881403863
2026-07-21T02:57:04.922094+00:00,3847.0,35.0,95.72,35.0,1749.390625,2080.239933371544
2026-07-21T02:57:05.228926+00:00,3847.0,35.0,96.29,35.0,1749.390625,2080.54676470533
2026-07-21T02:57:05.556420+00:00,3847.0,35.0,96.35,35.0,1749.390625,2080.8742586262524
2026-07-21T02:57:05.884574+00:00,3847.0,36.0,96.29,35.0,1749.390625,2081.2024132870138
2026-07-21T02:57:06.213376+00:00,3847.0,34.0,95.98,35.0,1749.390625,2081.531215045601
2026-07-21T02:57:06.539840+00:00,3847.0,36.0,96.05,35.0,1749.390625,2081.857679657638
2026-07-21T02:57:06.887621+00:00,3847.0,36.0,96.18,35.0,1749.390625,2082.2054603509605
2026-07-21T02:57:07.192928+00:00,3847.0,36.0,96.33,35.0,1749.390625,2082.5107667408884
2026-07-21T02:57:07.543576+00:00,3847.0,36.0,96.37,35.0,1749.390625,2082.8614153563976
2026-07-21T02:57:07.871975+00:00,3847.0,36.0,96.56,35.0,1749.390625,2083.1898138672113
2026-07-21T02:57:08.201222+00:00,3847.0,36.0,96.69,35.0,1749.390625,2083.519061204046
2026-07-21T02:57:08.560464+00:00,3847.0,36.0,96.24,35.0,1749.390625,2083.878302734345
2026-07-21T02:57:08.891390+00:00,3847.0,35.0,95.89,35.0,1749.4140625,2084.2092280574143
2026-07-21T02:57:09.217413+00:00,3847.0,35.0,95.72,35.0,1749.4140625,2084.535252787173
2026-07-21T02:57:09.588464+00:00,3847.0,35.0,96.83,35.0,1749.4140625,2084.9063033796847
2026-07-21T02:57:09.920042+00:00,3847.0,35.0,96.35,35.0,1749.4140625,2085.2378811463714
2026-07-21T02:57:10.273338+00:00,3847.0,35.0,96.57,35.0,1749.4140625,2085.591177031398
2026-07-21T02:57:10.578643+00:00,3847.0,36.0,96.24,35.0,1749.4140625,2085.8964822255075
2026-07-21T02:57:10.884457+00:00,3847.0,35.0,96.25,35.0,1749.4140625,2086.202296063304
2026-07-21T02:57:11.213835+00:00,3847.0,33.0,96.38,35.0,1749.4140625,2086.5316737815738
2026-07-21T02:57:11.573004+00:00,3847.0,35.0,96.37,35.0,1749.4140625,2086.890842463821
2026-07-21T02:57:11.927461+00:00,3847.0,35.0,96.42,35.0,1749.4140625,2087.245299898088
2026-07-21T02:57:12.277114+00:00,3847.0,33.0,96.33,35.0,1749.4140625,2087.594952274114
2026-07-21T02:57:12.633532+00:00,3847.0,35.0,96.36,35.0,1749.4140625,2087.9513610973954
2026-07-21T02:57:13.010422+00:00,3847.0,35.0,96.2,35.0,1749.4140625,2088.328261010349
2026-07-21T02:57:13.382232+00:00,3847.0,33.0,96.48,35.0,1749.4140625,2088.700070094317
2026-07-21T02:57:13.732255+00:00,3847.0,24.0,95.86,35.0,1749.4140625,2089.050094205886
2026-07-21T02:57:14.082985+00:00,3847.0,34.0,95.5,35.0,1749.4140625,2089.40082417801
2026-07-21T02:57:14.409819+00:00,3847.0,35.0,95.04,35.0,1749.4140625,2089.7276582680643
2026-07-21T02:57:14.741000+00:00,3847.0,35.0,95.42,35.0,1749.4140625,2090.0588369444013
2026-07-21T02:57:15.100897+00:00,3847.0,35.0,96.41,35.0,1749.4140625,2090.418735783547
2026-07-21T02:57:15.431171+00:00,3847.0,34.0,96.42,35.0,1749.4140625,2090.749009527266
2026-07-21T02:57:15.757916+00:00,3847.0,34.0,96.45,35.0,1749.4140625,2091.075755238533
2026-07-21T02:57:16.110992+00:00,3847.0,35.0,96.4,35.0,1749.4140625,2091.4288312010467
2026-07-21T02:57:16.435289+00:00,3847.0,34.0,96.28,35.0,1749.4140625,2091.753128245473
2026-07-21T02:57:16.788085+00:00,3847.0,34.0,96.41,35.0,1749.4140625,2092.1059234403074
2026-07-21T02:57:17.143626+00:00,3847.0,36.0,96.82,35.0,1749.4140625,2092.461459439248
2026-07-21T02:57:17.500563+00:00,3847.0,7.0,96.46,35.0,1749.44140625,2092.8184012956917
2026-07-21T02:57:17.808074+00:00,3847.0,33.0,96.15,35.0,1749.44140625,2093.1259137392044
2026-07-21T02:57:18.167513+00:00,3847.0,35.0,95.67,35.0,1749.44140625,2093.485351920128
2026-07-21T02:57:18.524980+00:00,3847.0,31.0,96.08,35.0,1749.44140625,2093.842818081379
2026-07-21T02:57:18.833366+00:00,3847.0,32.0,94.99,35.0,1749.44140625,2094.151204507798
2026-07-21T02:57:19.192312+00:00,3847.0,35.0,95.19,35.0,1749.44140625,2094.5101505741477
2026-07-21T02:57:19.518354+00:00,3847.0,34.0,95.05,35.0,1749.44140625,2094.8361932709813
2026-07-21T02:57:19.846153+00:00,3847.0,36.0,95.84,35.0,1749.44140625,2095.1639922708273
2026-07-21T02:57:20.172852+00:00,3847.0,34.0,95.87,35.0,1749.44140625,2095.4906911700964
2026-07-21T02:57:20.506081+00:00,3847.0,33.0,95.98,35.0,1749.44140625,2095.823920521885
2026-07-21T02:57:20.852026+00:00,3847.0,34.0,96.17,35.0,1749.44140625,2096.1698647625744
2026-07-21T02:57:21.182542+00:00,3847.0,34.0,95.97,35.0,1749.44140625,2096.5003807917237
2026-07-21T02:57:21.514047+00:00,3847.0,34.0,96.16,35.0,1749.44140625,2096.8318852186203
2026-07-21T02:57:21.891697+00:00,3847.0,33.0,96.26,35.0,1749.44140625,2097.209534984082
2026-07-21T02:57:22.288187+00:00,3847.0,33.0,96.36,35.0,1749.44140625,2097.606025803834
2026-07-21T02:57:22.617802+00:00,3847.0,36.0,96.41,35.0,1749.44140625,2097.935641564429
2026-07-21T02:57:22.992272+00:00,3847.0,34.0,96.83,35.0,1749.44140625,2098.3101104833186
2026-07-21T02:57:23.345432+00:00,3847.0,34.0,96.68,35.0,1749.44140625,2098.6632705181837
2026-07-21T02:57:23.674414+00:00,3847.0,35.0,96.7,35.0,1749.44140625,2098.992253277451
2026-07-21T02:57:24.002201+00:00,3847.0,35.0,96.35,35.0,1749.44140625,2099.320039782673
2026-07-21T02:57:24.355411+00:00,3847.0,34.0,96.45,35.0,1749.44140625,2099.6732489727437
2026-07-21T02:57:24.681029+00:00,3847.0,35.0,96.44,35.0,1749.44140625,2099.9988683722913
2026-07-21T02:57:25.062425+00:00,3847.0,35.0,96.71,35.0,1749.44140625,2100.3802640996873
2026-07-21T02:57:25.409129+00:00,3847.0,34.0,97.18,35.0,1749.44140625,2100.7269671820104
2026-07-21T02:57:25.739697+00:00,3847.0,34.0,97.12,35.0,1749.44140625,2101.057536292821
2026-07-21T02:57:26.092401+00:00,3847.0,34.0,96.61,35.0,1749.44140625,2101.4102392680943
2026-07-21T02:57:26.481350+00:00,3847.0,11.0,96.19,34.0,1749.47265625,2101.799188479781
2026-07-21T02:57:26.812873+00:00,3847.0,36.0,96.13,35.0,1749.47265625,2102.1307120509446
2026-07-21T02:57:27.143040+00:00,3847.0,33.0,95.61,35.0,1749.47265625,2102.4608793370426
2026-07-21T02:57:27.493507+00:00,3847.0,29.0,94.48,35.0,1749.47265625,2102.811345718801
2026-07-21T02:57:27.817414+00:00,3847.0,34.0,94.4,35.0,1749.47265625,2103.1352529227734
2026-07-21T02:57:28.144573+00:00,3847.0,35.0,95.24,35.0,1749.47265625,2103.4624122679234
2026-07-21T02:57:28.520432+00:00,3847.0,36.0,96.56,35.0,1749.47265625,2103.8382713384926
2026-07-21T02:57:28.852118+00:00,3847.0,36.0,96.74,35.0,1749.47265625,2104.169957511127
2026-07-21T02:57:29.203451+00:00,3847.0,36.0,96.19,35.0,1749.47265625,2104.5212896317244
2026-07-21T02:57:29.533523+00:00,3847.0,34.0,96.01,35.0,1749.47265625,2104.851361654699
2026-07-21T02:57:29.882690+00:00,3847.0,34.0,95.86,35.0,1749.47265625,2105.2005289159715
2026-07-21T02:57:30.232294+00:00,3847.0,34.0,96.34,35.0,1749.47265625,2105.5501330271363
2026-07-21T02:57:30.585386+00:00,3847.0,33.0,96.21,35.0,1749.47265625,2105.903225209564
2026-07-21T02:57:30.940005+00:00,3847.0,35.0,96.1,35.0,1749.47265625,2106.2578436359763
2026-07-21T02:57:31.313212+00:00,3847.0,34.0,96.19,35.0,1749.47265625,2106.6310502663255
2026-07-21T02:57:31.699827+00:00,3847.0,33.0,95.88,35.0,1749.47265625,2107.0176657401025
2026-07-21T02:57:32.031087+00:00,3847.0,34.0,96.48,35.0,1749.47265625,2107.34892584756
2026-07-21T02:57:32.385472+00:00,3847.0,35.0,96.69,35.0,1749.47265625,2107.7033112980425
2026-07-21T02:57:32.715138+00:00,3847.0,34.0,96.92,35.0,1749.47265625,2108.0329765230417
2026-07-21T02:57:33.050037+00:00,3847.0,34.0,96.85,35.0,1749.47265625,2108.36787475273
2026-07-21T02:57:33.382461+00:00,3847.0,35.0,96.69,35.0,1749.47265625,2108.7002999149263
2026-07-21T02:57:33.715404+00:00,3847.0,35.0,96.69,35.0,1749.47265625,2109.0332421548665
2026-07-21T02:57:34.049719+00:00,3847.0,34.0,96.57,35.0,1749.47265625,2109.3675577901304
2026-07-21T02:57:34.421078+00:00,3847.0,34.0,96.6,35.0,1749.47265625,2109.7389171384275
2026-07-21T02:57:34.777072+00:00,3847.0,35.0,96.91,35.0,1749.47265625,2110.094910170883
2026-07-21T02:57:35.111147+00:00,3847.0,35.0,96.89,35.0,1749.47265625,2110.428985480219
2026-07-21T02:57:35.443507+00:00,3847.0,8.0,95.67,35.0,1749.50390625,2110.761344972998
2026-07-21T02:57:35.770272+00:00,3847.0,32.0,95.49,35.0,1749.50390625,2111.088111318648
2026-07-21T02:57:36.102024+00:00,3847.0,34.0,95.04,35.0,1749.50390625,2111.419863026589
2026-07-21T02:57:36.448547+00:00,3847.0,33.0,95.71,35.0,1749.50390625,2111.7663863040507
2026-07-21T02:57:36.777817+00:00,3847.0,34.0,95.73,35.0,1749.50390625,2112.0956566147506
2026-07-21T02:57:37.129005+00:00,3847.0,34.0,96.14,35.0,1749.50390625,2112.446844473481
2026-07-21T02:57:37.457894+00:00,3847.0,35.0,96.04,35.0,1749.50390625,2112.7757329531014
2026-07-21T02:57:37.786170+00:00,3847.0,35.0,95.93,35.0,1749.50390625,2113.10400949046
2026-07-21T02:57:38.113927+00:00,3847.0,35.0,95.94,35.0,1749.50390625,2113.4317663945258
2026-07-21T02:57:38.441977+00:00,3847.0,36.0,96.06,35.0,1749.50390625,2113.7598159201443
2026-07-21T02:57:38.777310+00:00,3847.0,36.0,96.26,35.0,1749.50390625,2114.0951479561627
2026-07-21T02:57:39.132190+00:00,3847.0,36.0,96.25,35.0,1749.50390625,2114.4500286504626
2026-07-21T02:57:39.462293+00:00,3847.0,33.0,96.16,34.0,1749.50390625,2114.7801322750747
2026-07-21T02:57:39.770332+00:00,3847.0,34.0,96.25,35.0,1749.50390625,2115.088170107454
2026-07-21T02:57:40.104485+00:00,3847.0,35.0,96.42,35.0,1749.50390625,2115.422323510051
2026-07-21T02:57:40.434702+00:00,3847.0,35.0,96.56,35.0,1749.50390625,2115.752541285008
2026-07-21T02:57:40.768917+00:00,3847.0,36.0,96.23,35.0,1749.50390625,2116.086755849421
2026-07-21T02:57:41.144234+00:00,3847.0,35.0,96.41,35.0,1749.50390625,2116.4620731808245
2026-07-21T02:57:41.520550+00:00,3847.0,34.0,97.14,35.0,1749.50390625,2116.838388968259
2026-07-21T02:57:41.872398+00:00,3847.0,36.0,97.27,35.0,1749.50390625,2117.190237145871
2026-07-21T02:57:42.201867+00:00,3847.0,36.0,97.1,35.0,1749.50390625,2117.519706659019
2026-07-21T02:57:42.533299+00:00,3847.0,36.0,96.55,35.0,1749.50390625,2117.8511374145746
2026-07-21T02:57:42.907676+00:00,3847.0,33.0,96.83,35.0,1749.50390625,2118.2255148477852
2026-07-21T02:57:43.237697+00:00,3847.0,36.0,96.8,35.0,1749.50390625,2118.55553612113
2026-07-21T02:57:43.570108+00:00,3847.0,35.0,96.86,35.0,1749.50390625,2118.887947127223
2026-07-21T02:57:43.897071+00:00,3847.0,36.0,97.03,35.0,1749.50390625,2119.214909441769
2026-07-21T02:57:44.233291+00:00,3847.0,10.0,96.26,34.0,1749.53125,2119.551129385829
2026-07-21T02:57:44.583620+00:00,3847.0,34.0,96.01,34.0,1749.53125,2119.9014577269554
2026-07-21T02:57:44.914417+00:00,3847.0,35.0,95.68,34.0,1749.53125,2120.232255101204
2026-07-21T02:57:45.284947+00:00,3847.0,35.0,96.14,34.0,1749.53125,2120.6027852594852
2026-07-21T02:57:45.593174+00:00,3847.0,35.0,96.0,34.0,1749.53125,2120.9110132195055
2026-07-21T02:57:45.968917+00:00,3847.0,35.0,96.33,34.0,1749.53125,2121.2867550849915
2026-07-21T02:57:46.322390+00:00,3847.0,35.0,95.98,34.0,1749.53125,2121.6402286738157
2026-07-21T02:57:46.647224+00:00,3847.0,34.0,96.27,34.0,1749.53125,2121.965063177049
2026-07-21T02:57:46.980609+00:00,3847.0,36.0,96.22,34.0,1749.53125,2122.298448409885
2026-07-21T02:57:47.311834+00:00,3847.0,34.0,96.43,34.0,1749.53125,2122.629673317075
2026-07-21T02:57:47.669674+00:00,3847.0,35.0,96.31,34.0,1749.53125,2122.9875125847757
2026-07-21T02:57:47.994583+00:00,3847.0,35.0,96.18,34.0,1749.53125,2123.3124219179153
2026-07-21T02:57:48.322311+00:00,3847.0,34.0,95.88,34.0,1749.53125,2123.6401499584317
2026-07-21T02:57:48.651054+00:00,3847.0,34.0,96.0,34.0,1749.53125,2123.968891825527
2026-07-21T02:57:49.004802+00:00,3847.0,34.0,96.0,34.0,1749.53125,2124.3226402178407
2026-07-21T02:57:49.381063+00:00,3847.0,33.0,96.29,34.0,1749.53125,2124.6989013962448
2026-07-21T02:57:49.706759+00:00,3847.0,35.0,95.66,34.0,1749.53125,2125.02459782362
2026-07-21T02:57:50.046088+00:00,3847.0,34.0,95.44,34.0,1749.53125,2125.3639263883233
2026-07-21T02:57:50.376171+00:00,3847.0,34.0,95.6,34.0,1749.53125,2125.6940098702908
2026-07-21T02:57:50.753830+00:00,3847.0,34.0,96.75,34.0,1749.53125,2126.071669012308
2026-07-21T02:57:51.129686+00:00,3847.0,32.0,96.71,34.0,1749.53125,2126.4475246332586
2026-07-21T02:57:51.459444+00:00,3847.0,36.0,97.04,34.0,1749.53125,2126.777283202857
2026-07-21T02:57:51.813889+00:00,3847.0,25.0,96.26,34.0,1749.53125,2127.131727553904
2026-07-21T02:57:52.158129+00:00,3847.0,35.0,95.81,34.0,1749.53125,2127.4759682305157
2026-07-21T02:57:52.494981+00:00,3847.0,33.0,95.66,34.0,1749.53125,2127.812819968909
2026-07-21T02:57:52.828480+00:00,3847.0,36.0,96.42,34.0,1749.53125,2128.1463187262416
2026-07-21T02:57:53.194938+00:00,3847.0,10.0,96.2,35.0,1749.56640625,2128.5127758830786
2026-07-21T02:57:53.569479+00:00,3847.0,35.0,96.07,34.0,1749.56640625,2128.8873181194067
2026-07-21T02:57:53.902220+00:00,3847.0,34.0,95.7,34.0,1749.56640625,2129.22005898878
2026-07-21T02:57:54.230496+00:00,3847.0,35.0,96.04,34.0,1749.56640625,2129.548334993422
2026-07-21T02:57:54.581087+00:00,3847.0,34.0,96.18,34.0,1749.56640625,2129.898926127702
2026-07-21T02:57:54.910428+00:00,3847.0,36.0,96.34,34.0,1749.56640625,2130.228267401457
2026-07-21T02:57:55.263503+00:00,3847.0,36.0,96.6,34.0,1749.5703125,2130.581342007965
2026-07-21T02:57:55.570840+00:00,3847.0,36.0,96.46,34.0,1749.5703125,2130.888678673655
2026-07-21T02:57:55.902183+00:00,3847.0,30.0,95.83,34.0,1749.5703125,2131.220021571964
2026-07-21T02:57:56.229992+00:00,3847.0,35.0,96.04,34.0,1749.5703125,2131.5478314757347
2026-07-21T02:57:56.559024+00:00,3847.0,35.0,95.85,34.0,1749.5703125,2131.8768630847335
2026-07-21T02:57:56.912109+00:00,3847.0,35.0,96.54,34.0,1749.57421875,2132.229948539287
2026-07-21T02:57:57.217255+00:00,3847.0,36.0,96.59,34.0,1749.57421875,2132.5350944921374
2026-07-21T02:57:57.544033+00:00,3847.0,36.0,96.74,34.0,1749.57421875,2132.8618720173836
2026-07-21T02:57:57.847504+00:00,3847.0,36.0,96.9,34.0,1749.578125,2133.165343362838
2026-07-21T02:57:58.200627+00:00,3847.0,36.0,96.31,34.0,1749.578125,2133.518465347588
2026-07-21T02:57:58.529019+00:00,3847.0,36.0,96.35,34.0,1749.58203125,2133.846858382225
2026-07-21T02:57:58.879658+00:00,3847.0,36.0,96.58,34.0,1749.58203125,2134.1974975056946
2026-07-21T02:57:59.184728+00:00,3847.0,36.0,97.08,34.0,1749.58203125,2134.502567462623
2026-07-21T02:57:59.512310+00:00,3847.0,36.0,97.08,34.0,1749.5859375,2134.830149665475
2026-07-21T02:57:59.817948+00:00,3847.0,36.0,96.95,34.0,1749.5859375,2135.135787256062
2026-07-21T02:58:00.185146+00:00,3847.0,36.0,96.69,34.0,1749.58984375,2135.502984303981
2026-07-21T02:58:00.513241+00:00,3847.0,36.0,96.91,34.0,1749.58984375,2135.831080071628
2026-07-21T02:58:00.882178+00:00,3847.0,36.0,97.14,34.0,1749.59765625,2136.200017683208
2026-07-21T02:58:01.255957+00:00,3847.0,36.0,97.53,34.0,1749.59765625,2136.5737957321107
2026-07-21T02:58:01.585412+00:00,3847.0,35.0,97.43,34.0,1749.59765625,2136.903251416981
2026-07-21T02:58:01.942889+00:00,3847.0,4.0,97.01,35.0,1749.63671875,2137.2607279904187
2026-07-21T02:58:02.292489+00:00,3847.0,34.0,96.7,34.0,1749.63671875,2137.610327783972
2026-07-21T02:58:02.642812+00:00,3847.0,35.0,96.06,34.0,1749.63671875,2137.960651371628
2026-07-21T02:58:02.987499+00:00,3847.0,36.0,96.33,34.0,1749.63671875,2138.305338576436
2026-07-21T02:58:03.316566+00:00,3847.0,35.0,96.13,34.0,1749.63671875,2138.6344051249325
2026-07-21T02:58:03.660789+00:00,3847.0,35.0,96.41,34.0,1749.6484375,2138.9786283299327
2026-07-21T02:58:03.989323+00:00,3847.0,35.0,96.45,34.0,1749.6484375,2139.3071625493467
2026-07-21T02:58:04.318831+00:00,3847.0,35.0,96.31,34.0,1749.65234375,2139.636669944972
2026-07-21T02:58:04.692791+00:00,3847.0,35.0,96.5,34.0,1749.65234375,2140.0106302239
2026-07-21T02:58:05.020042+00:00,3847.0,35.0,96.31,34.0,1749.65234375,2140.337880689651
2026-07-21T02:58:05.351391+00:00,3847.0,34.0,96.46,34.0,1749.65234375,2140.6692303940654
2026-07-21T02:58:05.682173+00:00,3847.0,35.0,96.41,34.0,1749.65234375,2141.000011883676
2026-07-21T02:58:05.988794+00:00,3847.0,34.0,96.43,34.0,1749.66015625,2141.3066334426403
2026-07-21T02:58:06.340719+00:00,3847.0,35.0,96.75,34.0,1749.66015625,2141.65855845809
2026-07-21T02:58:06.692197+00:00,3847.0,34.0,96.62,34.0,1749.6640625,2142.0100356303155
2026-07-21T02:58:07.046091+00:00,3847.0,35.0,96.8,34.0,1749.6640625,2142.363930556923
2026-07-21T02:58:07.368947+00:00,3847.0,33.0,96.48,34.0,1749.6640625,2142.686786521226
2026-07-21T02:58:07.724269+00:00,3847.0,34.0,96.58,34.0,1749.671875,2143.0421074554324
2026-07-21T02:58:08.057061+00:00,3847.0,33.0,96.34,34.0,1749.671875,2143.374899983406
2026-07-21T02:58:08.431955+00:00,3847.0,35.0,96.49,34.0,1749.67578125,2143.749794419855
2026-07-21T02:58:08.785353+00:00,3847.0,34.0,96.17,34.0,1749.67578125,2144.103191252798
2026-07-21T02:58:09.144999+00:00,3847.0,35.0,96.56,34.0,1749.67578125,2144.462838087231
2026-07-21T02:58:09.475395+00:00,3847.0,34.0,96.52,34.0,1749.67578125,2144.793234411627
2026-07-21T02:58:09.848960+00:00,3847.0,17.0,95.69,34.0,1749.71484375,2145.166798196733
2026-07-21T02:58:10.176127+00:00,3847.0,34.0,95.02,34.0,1749.71484375,2145.493964858353
2026-07-21T02:58:10.521317+00:00,3847.0,33.0,94.73,34.0,1749.71484375,2145.839156202972
2026-07-21T02:58:10.872472+00:00,3847.0,34.0,95.32,34.0,1749.73046875,2146.190310649574
2026-07-21T02:58:11.229799+00:00,3847.0,35.0,95.57,34.0,1749.73046875,2146.547637794167
2026-07-21T02:58:11.580202+00:00,3847.0,36.0,95.94,34.0,1749.73046875,2146.8980410434306
2026-07-21T02:58:11.950836+00:00,3847.0,35.0,96.42,34.0,1749.73046875,2147.268675226718
2026-07-21T02:58:12.277148+00:00,3847.0,35.0,96.51,34.0,1749.73046875,2147.594987180084
2026-07-21T02:58:12.606122+00:00,3847.0,35.0,96.28,34.0,1749.73828125,2147.923960816115
2026-07-21T02:58:12.983234+00:00,3847.0,36.0,96.37,34.0,1749.73828125,2148.3010724149644
2026-07-21T02:58:13.315036+00:00,3847.0,35.0,96.68,34.0,1749.7421875,2148.632874753326
2026-07-21T02:58:13.641586+00:00,3847.0,36.0,96.46,34.0,1749.7421875,2148.9594254381955
2026-07-21T02:58:13.951844+00:00,3847.0,36.0,96.43,34.0,1749.7421875,2149.2696826010942
2026-07-21T02:58:14.281445+00:00,3847.0,35.0,96.52,34.0,1749.75390625,2149.5992844700813
2026-07-21T02:58:14.609754+00:00,3847.0,35.0,96.32,34.0,1749.75390625,2149.9275922328234
2026-07-21T02:58:14.969414+00:00,3847.0,35.0,95.86,34.0,1749.76171875,2150.287252623588
2026-07-21T02:58:15.344653+00:00,3847.0,34.0,96.06,34.0,1749.76171875,2150.6624915339053
2026-07-21T02:58:15.676988+00:00,3847.0,35.0,96.56,34.0,1749.765625,2150.994827169925
2026-07-21T02:58:16.024400+00:00,3847.0,36.0,96.53,34.0,1749.7734375,2151.3422394171357
2026-07-21T02:58:16.464139+00:00,3847.0,4.0,96.25,34.0,1749.8203125,2151.7819770388305
2026-07-21T02:58:16.818687+00:00,3847.0,35.0,95.85,34.0,1749.82421875,2152.136525992304
2026-07-21T02:58:17.125075+00:00,3847.0,35.0,95.82,34.0,1749.82421875,2152.4429144077003
2026-07-21T02:58:17.497954+00:00,3847.0,33.0,95.89,34.0,1749.8359375,2152.815792284906
2026-07-21T02:58:17.826232+00:00,3847.0,35.0,95.73,34.0,1749.8359375,2153.1440705545247
2026-07-21T02:58:18.157590+00:00,3847.0,35.0,95.72,34.0,1749.84375,2153.4754292331636
2026-07-21T02:58:18.486727+00:00,3847.0,35.0,95.75,34.0,1749.84765625,2153.804565794766
2026-07-21T02:58:18.821004+00:00,3847.0,35.0,96.05,34.0,1749.84765625,2154.13884396106
2026-07-21T02:58:19.144504+00:00,3847.0,35.0,96.03,34.0,1749.8671875,2154.4623428992927
2026-07-21T02:58:19.472687+00:00,3847.0,36.0,96.27,34.0,1749.8671875,2154.7905259020627
2026-07-21T02:58:19.806432+00:00,3847.0,35.0,96.12,34.0,1749.87109375,2155.124270737171
2026-07-21T02:58:20.134652+00:00,3847.0,35.0,96.06,34.0,1749.87890625,2155.4524908065796
2026-07-21T02:58:20.489452+00:00,3847.0,36.0,96.18,34.0,1749.87890625,2155.8072907477617
2026-07-21T02:58:20.839320+00:00,3847.0,35.0,96.24,34.0,1749.88671875,2156.1571599319577
2026-07-21T02:58:21.151248+00:00,3847.0,35.0,96.21,34.0,1749.88671875,2156.469086945057
2026-07-21T02:58:21.503042+00:00,3847.0,35.0,95.96,34.0,1749.90234375,2156.820880584419
2026-07-21T02:58:21.833771+00:00,3847.0,34.0,96.41,34.0,1749.90234375,2157.151610594243
2026-07-21T02:58:22.167291+00:00,3847.0,35.0,96.18,34.0,1749.9140625,2157.4851288683712
2026-07-21T02:58:22.498432+00:00,3847.0,36.0,96.5,34.0,1749.921875,2157.8162701129913
2026-07-21T02:58:22.828552+00:00,3847.0,35.0,96.33,34.0,1749.921875,2158.1463908180594
2026-07-21T02:58:23.157178+00:00,3847.0,35.0,96.56,34.0,1749.94140625,2158.4750170707703
2026-07-21T02:58:23.534033+00:00,3847.0,33.0,96.46,34.0,1749.94140625,2158.851870048791
2026-07-21T02:58:23.869448+00:00,3847.0,26.0,95.15,34.0,1749.9453125,2159.1872864104807
2026-07-21T02:58:24.207517+00:00,3847.0,36.0,95.16,34.0,1749.95703125,2159.5253562033176
2026-07-21T02:58:24.538456+00:00,3847.0,34.0,95.07,34.0,1749.95703125,2159.8562954477966
2026-07-21T02:58:24.965264+00:00,3847.0,17.0,95.68,34.0,1749.96875,2160.283101890236
2026-07-21T02:58:25.361727+00:00,3847.0,11.0,94.01,34.0,1749.99609375,2160.6795654930174
2026-07-21T02:58:25.736924+00:00,3847.0,34.0,93.78,34.0,1749.99609375,2161.0547629110515
2026-07-21T02:58:26.089955+00:00,3847.0,27.0,95.28,34.0,1749.99609375,2161.4077936969697
2026-07-21T02:58:26.464568+00:00,3847.0,34.0,95.7,34.0,1749.99609375,2161.782407078892
2026-07-21T02:58:26.841930+00:00,3847.0,34.0,95.72,34.0,1749.99609375,2162.159767370671
2026-07-21T02:58:27.216461+00:00,3847.0,33.0,95.65,34.0,1749.99609375,2162.534298669547
2026-07-21T02:58:27.550701+00:00,3847.0,36.0,95.92,34.0,1750.015625,2162.86853716895
2026-07-21T02:58:27.887264+00:00,3847.0,34.0,94.82,34.0,1750.0390625,2163.2050911337137
2026-07-21T02:58:28.220576+00:00,3847.0,36.0,94.98,34.0,1750.0390625,2163.5384149700403
2026-07-21T02:58:28.551500+00:00,3847.0,34.0,94.94,34.0,1750.0390625,2163.869338989258
2026-07-21T02:58:28.903616+00:00,3847.0,36.0,95.54,34.0,1750.0390625,2164.221454374492
2026-07-21T02:58:29.232373+00:00,3847.0,36.0,95.69,34.0,1750.0390625,2164.5502123720944
2026-07-21T02:58:29.584776+00:00,3847.0,36.0,95.97,34.0,1750.0390625,2164.902615234256
2026-07-21T02:58:29.890131+00:00,3847.0,36.0,96.31,34.0,1750.0390625,2165.2079705260694
2026-07-21T02:58:30.244701+00:00,3847.0,36.0,96.45,34.0,1750.0390625,2165.5625401735306
2026-07-21T02:58:30.596351+00:00,3847.0,36.0,96.22,34.0,1750.0390625,2165.9141898080707
2026-07-21T02:58:30.902600+00:00,3847.0,35.0,96.07,34.0,1750.0390625,2166.220439579338
2026-07-21T02:58:31.230323+00:00,3847.0,35.0,96.35,34.0,1750.0390625,2166.548161778599
2026-07-21T02:58:31.579059+00:00,3847.0,36.0,96.69,34.0,1750.0390625,2166.896899122745
2026-07-21T02:58:31.885532+00:00,3847.0,36.0,96.75,34.0,1750.0390625,2167.203371323645
2026-07-21T02:58:32.213443+00:00,3847.0,36.0,96.68,34.0,1750.0390625,2167.5312822796404
2026-07-21T02:58:32.587382+00:00,3847.0,36.0,96.59,34.0,1750.0390625,2167.9052205495536
2026-07-21T02:58:32.964046+00:00,3847.0,36.0,96.99,34.0,1750.0390625,2168.2818845808506
2026-07-21T02:58:33.269950+00:00,3847.0,36.0,96.9,34.0,1750.0390625,2168.587789811194
2026-07-21T02:58:33.598803+00:00,3847.0,35.0,96.42,34.0,1750.0390625,2168.9166421480477
2026-07-21T02:58:33.978525+00:00,3847.0,36.0,95.84,34.0,1752.47265625,2169.2963642179966
2026-07-21T02:58:34.310975+00:00,3847.0,36.0,96.02,34.0,1752.6875,2169.628813829273
2026-07-21T02:58:34.621920+00:00,3847.0,36.0,95.62,34.0,1752.6875,2169.9397588558495
2026-07-21T02:58:34.949515+00:00,3847.0,36.0,95.79,34.0,1752.6875,2170.2673539593816
2026-07-21T02:58:35.277269+00:00,3847.0,36.0,96.09,34.0,1752.6875,2170.5951024629176
2026-07-21T02:58:35.605731+00:00,3847.0,36.0,96.27,34.0,1752.6875,2170.9235699810088
2026-07-21T02:58:35.916005+00:00,3847.0,36.0,96.39,34.0,1752.6875,2171.233844779432
2026-07-21T02:58:36.292181+00:00,3847.0,35.0,95.55,34.0,1752.70703125,2171.610019210726
2026-07-21T02:58:36.644383+00:00,3847.0,35.0,95.42,34.0,1752.70703125,2171.962223034352
2026-07-21T02:58:36.974253+00:00,3847.0,35.0,95.66,34.0,1752.70703125,2172.292092885822
2026-07-21T02:58:37.281307+00:00,3847.0,34.0,96.06,34.0,1752.70703125,2172.5991465374827
2026-07-21T02:58:37.591273+00:00,3847.0,35.0,95.91,34.0,1752.70703125,2172.9091109856963
2026-07-21T02:58:37.921476+00:00,3847.0,35.0,95.96,34.0,1752.70703125,2173.239315137267
2026-07-21T02:58:38.247452+00:00,3847.0,36.0,95.99,34.0,1752.70703125,2173.565290812403
2026-07-21T02:58:38.601318+00:00,3847.0,35.0,95.35,34.0,1752.72265625,2173.9191507212818
2026-07-21T02:58:38.933668+00:00,3847.0,35.0,95.39,34.0,1752.72265625,2174.2515071704984
2026-07-21T02:58:39.262617+00:00,3847.0,35.0,95.14,34.0,1752.72265625,2174.5804569907486
2026-07-21T02:58:39.593993+00:00,3847.0,35.0,95.81,34.0,1752.72265625,2174.9118332974613
2026-07-21T02:58:39.947726+00:00,3847.0,35.0,95.54,34.0,1752.72265625,2175.2655658088624
2026-07-21T02:58:40.301539+00:00,3847.0,33.0,95.37,34.0,1752.72265625,2175.619377490133
2026-07-21T02:58:40.701878+00:00,3847.0,34.0,95.51,34.0,1752.72265625,2176.019716825336
2026-07-21T02:58:41.076867+00:00,3847.0,35.0,95.91,34.0,1752.72265625,2176.3947049044073
2026-07-21T02:58:41.456448+00:00,3847.0,34.0,95.99,34.0,1752.72265625,2176.7742870263755
2026-07-21T02:58:41.786277+00:00,3847.0,34.0,96.09,34.0,1752.72265625,2177.1041153259575
2026-07-21T02:58:42.146345+00:00,3847.0,34.0,96.18,34.0,1752.72265625,2177.4641837105155
2026-07-21T02:58:42.479144+00:00,3847.0,36.0,96.2,34.0,1752.72265625,2177.796982884407
2026-07-21T02:58:42.833006+00:00,3847.0,34.0,96.72,34.0,1752.72265625,2178.1508441716433
2026-07-21T02:58:43.200275+00:00,3847.0,35.0,96.19,34.0,1752.72265625,2178.518113452941
2026-07-21T02:58:43.531141+00:00,3847.0,34.0,96.1,34.0,1752.72265625,2178.8489789292216
2026-07-21T02:58:43.861553+00:00,3847.0,36.0,95.48,34.0,1752.72265625,2179.1793919093907
2026-07-21T02:58:44.194679+00:00,3847.0,34.0,95.66,34.0,1752.72265625,2179.512518454343
2026-07-21T02:58:44.549114+00:00,3847.0,36.0,95.78,34.0,1752.72265625,2179.866952776909
2026-07-21T02:58:44.954159+00:00,3847.0,16.0,95.64,34.0,1752.74609375,2180.27199690789
2026-07-21T02:58:45.280481+00:00,3847.0,36.0,95.73,34.0,1752.74609375,2180.598319582641
2026-07-21T02:58:45.613817+00:00,3847.0,31.0,95.61,34.0,1752.74609375,2180.9316552616656
2026-07-21T02:58:45.943478+00:00,3847.0,35.0,95.99,34.0,1752.74609375,2181.261317346245
2026-07-21T02:58:46.273216+00:00,3847.0,35.0,95.95,34.0,1752.74609375,2181.591055866331
2026-07-21T02:58:46.599089+00:00,3847.0,34.0,95.96,34.0,1752.74609375,2181.9169276729226
2026-07-21T02:58:46.906124+00:00,3847.0,35.0,95.96,34.0,1752.74609375,2182.223963096738
2026-07-21T02:58:47.232328+00:00,3847.0,36.0,95.92,34.0,1752.74609375,2182.5501671135426
2026-07-21T02:58:47.578680+00:00,3847.0,35.0,95.95,34.0,1752.74609375,2182.8965192474425
2026-07-21T02:58:47.930309+00:00,3847.0,35.0,96.2,34.0,1752.74609375,2183.2481489293277
2026-07-21T02:58:48.261607+00:00,3847.0,35.0,96.02,34.0,1752.74609375,2183.5794459320605
2026-07-21T02:58:48.589104+00:00,3847.0,36.0,96.05,34.0,1752.74609375,2183.906942784786
2026-07-21T02:58:48.918575+00:00,3847.0,35.0,95.87,34.0,1752.74609375,2184.2364144586027
2026-07-21T02:58:49.249521+00:00,3847.0,36.0,96.05,34.0,1752.74609375,2184.5673599801958
2026-07-21T02:58:49.576261+00:00,3847.0,35.0,95.97,34.0,1752.74609375,2184.894100487232
2026-07-21T02:58:49.906639+00:00,3847.0,34.0,96.12,34.0,1752.74609375,2185.2244776822627
2026-07-21T02:58:50.255176+00:00,3847.0,35.0,96.34,34.0,1752.74609375,2185.5730147771537
2026-07-21T02:58:50.609425+00:00,3847.0,34.0,96.64,34.0,1752.74609375,2185.9272642470896
2026-07-21T02:58:50.957136+00:00,3847.0,35.0,96.85,34.0,1752.74609375,2186.274974849075
2026-07-21T02:58:51.289013+00:00,3847.0,35.0,96.33,34.0,1752.74609375,2186.606852672994
2026-07-21T02:58:51.613544+00:00,3847.0,35.0,96.4,34.0,1752.74609375,2186.931383665651
2026-07-21T02:58:51.964014+00:00,3847.0,36.0,96.24,34.0,1752.74609375,2187.2818538583815
2026-07-21T02:58:52.313408+00:00,3847.0,35.0,96.47,34.0,1752.74609375,2187.6312466040254
2026-07-21T02:58:52.680055+00:00,3847.0,36.0,96.88,34.0,1752.74609375,2187.9978943504393
2026-07-21T02:58:53.005845+00:00,3847.0,35.0,96.87,34.0,1752.74609375,2188.323683861643
2026-07-21T02:58:53.337184+00:00,3847.0,36.0,96.44,34.0,1752.74609375,2188.655023854226
2026-07-21T02:58:53.707464+00:00,3847.0,25.0,95.88,34.0,1752.7734375,2189.025302119553
2026-07-21T02:58:54.063152+00:00,3847.0,35.0,96.04,34.0,1752.7734375,2189.3809907585382
2026-07-21T02:58:54.392468+00:00,3847.0,35.0,95.89,34.0,1752.7734375,2189.7103076018393
2026-07-21T02:58:54.722362+00:00,3847.0,35.0,95.91,34.0,1752.7734375,2190.040200717747
2026-07-21T02:58:55.064500+00:00,3847.0,36.0,96.01,34.0,1752.7734375,2190.382339283824
2026-07-21T02:58:55.415466+00:00,3847.0,35.0,96.14,34.0,1752.7734375,2190.73330392316
2026-07-21T02:58:55.744228+00:00,3847.0,35.0,96.37,34.0,1752.7734375,2191.062067579478
2026-07-21T02:58:56.095076+00:00,3847.0,35.0,96.51,34.0,1752.7734375,2191.4129151813686
2026-07-21T02:58:56.448654+00:00,3847.0,35.0,96.57,34.0,1752.7734375,2191.7664930559695
2026-07-21T02:58:56.823877+00:00,3847.0,35.0,96.62,34.0,1752.7734375,2192.1417163461447
2026-07-21T02:58:57.153723+00:00,3847.0,34.0,96.46,34.0,1752.7734375,2192.471562497318
2026-07-21T02:58:57.484117+00:00,3847.0,36.0,96.36,34.0,1752.7734375,2192.801957014948
2026-07-21T02:58:57.814416+00:00,3847.0,33.0,96.33,34.0,1752.7734375,2193.132255077362
2026-07-21T02:58:58.190219+00:00,3847.0,34.0,96.28,34.0,1752.7734375,2193.508057512343
2026-07-21T02:58:58.544931+00:00,3847.0,35.0,96.49,34.0,1752.7734375,2193.862768854946
2026-07-21T02:58:58.921530+00:00,3847.0,34.0,96.84,34.0,1752.7734375,2194.2393686808646
2026-07-21T02:58:59.276648+00:00,3847.0,36.0,97.1,34.0,1752.7734375,2194.59448710829
2026-07-21T02:58:59.606380+00:00,3847.0,36.0,96.91,34.0,1752.7734375,2194.924219314009
2026-07-21T02:58:59.938970+00:00,3847.0,34.0,96.41,34.0,1752.7734375,2195.256808552891
2026-07-21T02:59:00.290697+00:00,3847.0,35.0,96.36,34.0,1752.7734375,2195.608535770327
2026-07-21T02:59:00.665053+00:00,3847.0,33.0,96.61,34.0,1752.7734375,2195.9828911460936
2026-07-21T02:59:00.993988+00:00,3847.0,35.0,96.0,34.0,1752.7734375,2196.3118267692626
2026-07-21T02:59:01.325529+00:00,3847.0,35.0,95.55,34.0,1752.7734375,2196.643368370831
2026-07-21T02:59:01.657010+00:00,3847.0,35.0,95.57,34.0,1752.7734375,2196.97484908998
2026-07-21T02:59:02.002749+00:00,3847.0,35.0,96.31,34.0,1752.7734375,2197.3205890730023
2026-07-21T02:59:02.387293+00:00,3847.0,35.0,96.84,34.0,1752.7734375,2197.7051323875785
2026-07-21T02:59:02.735199+00:00,3847.0,35.0,96.15,34.0,1752.80859375,2198.053037468344
2026-07-21T02:59:03.068914+00:00,3847.0,35.0,95.83,34.0,1752.80859375,2198.3867537789047
2026-07-21T02:59:03.418607+00:00,3847.0,35.0,96.48,34.0,1752.80859375,2198.736446622759
2026-07-21T02:59:03.786129+00:00,3847.0,35.0,96.28,34.0,1752.80859375,2199.103969234973
2026-07-21T02:59:04.116017+00:00,3847.0,35.0,96.31,34.0,1752.80859375,2199.4338562190533
2026-07-21T02:59:04.443850+00:00,3847.0,35.0,95.79,34.0,1752.80859375,2199.7616896778345
2026-07-21T02:59:04.794985+00:00,3847.0,35.0,95.86,34.0,1752.80859375,2200.1128242202103
2026-07-21T02:59:05.120954+00:00,3847.0,35.0,95.8,34.0,1752.80859375,2200.438792962581
2026-07-21T02:59:05.447989+00:00,3847.0,35.0,96.06,34.0,1752.8125,2200.765828035772
2026-07-21T02:59:05.816324+00:00,3847.0,16.0,95.48,34.0,1752.83203125,2201.1341620236635
2026-07-21T02:59:06.140782+00:00,3847.0,35.0,95.53,34.0,1752.83203125,2201.4586206041276
2026-07-21T02:59:06.491390+00:00,3847.0,35.0,95.78,34.0,1752.83203125,2201.809229347855
2026-07-21T02:59:06.844255+00:00,3847.0,35.0,95.88,34.0,1752.83203125,2202.1620946079493
2026-07-21T02:59:07.177309+00:00,3847.0,34.0,95.93,34.0,1752.83203125,2202.4951485022902
2026-07-21T02:59:07.524460+00:00,3847.0,35.0,95.93,34.0,1752.83203125,2202.842298809439
2026-07-21T02:59:07.875150+00:00,3847.0,35.0,96.06,34.0,1752.83203125,2203.19298998639
2026-07-21T02:59:08.223027+00:00,3847.0,35.0,96.44,34.0,1752.83203125,2203.5408666059375
2026-07-21T02:59:08.549012+00:00,3847.0,35.0,96.02,34.0,1752.83203125,2203.8668506368995
2026-07-21T02:59:08.854122+00:00,3847.0,35.0,96.08,34.0,1752.83203125,2204.171961016953
2026-07-21T02:59:09.181569+00:00,3847.0,35.0,95.99,34.0,1752.83203125,2204.4994083717465
2026-07-21T02:59:09.531737+00:00,3847.0,35.0,96.12,34.0,1752.83203125,2204.8495760187507
2026-07-21T02:59:09.840903+00:00,3847.0,35.0,95.96,34.0,1752.83203125,2205.158742815256
2026-07-21T02:59:10.147189+00:00,3847.0,13.0,95.22,34.0,1752.85546875,2205.465027831495
2026-07-21T02:59:10.475470+00:00,3847.0,35.0,95.07,34.0,1752.85546875,2205.79330823943
2026-07-21T02:59:10.817253+00:00,3847.0,33.0,94.8,34.0,1752.85546875,2206.135091703385
2026-07-21T02:59:11.161435+00:00,3847.0,33.0,95.24,34.0,1752.85546875,2206.479274392128
2026-07-21T02:59:11.489551+00:00,3847.0,34.0,95.21,34.0,1752.85546875,2206.8073895834386
2026-07-21T02:59:11.819652+00:00,3847.0,33.0,95.31,34.0,1752.85546875,2207.137491259724
2026-07-21T02:59:12.174177+00:00,3847.0,33.0,95.67,34.0,1752.85546875,2207.4920166283846
2026-07-21T02:59:12.528969+00:00,3847.0,33.0,95.42,34.0,1752.85546875,2207.8468080200255
2026-07-21T02:59:12.856816+00:00,3847.0,35.0,95.54,34.0,1752.85546875,2208.174653891474
2026-07-21T02:59:13.228934+00:00,3847.0,35.0,95.84,34.0,1752.85546875,2208.5467728041112
2026-07-21T02:59:13.559960+00:00,3847.0,33.0,95.46,34.0,1752.85546875,2208.8777986988425
2026-07-21T02:59:13.928010+00:00,3847.0,32.0,95.51,34.0,1752.85546875,2209.2458486817777
2026-07-21T02:59:14.257711+00:00,3847.0,32.0,95.04,34.0,1752.85546875,2209.5755498558283
2026-07-21T02:59:14.586779+00:00,3847.0,34.0,94.96,34.0,1752.85546875,2209.90461749956
2026-07-21T02:59:14.920938+00:00,3847.0,35.0,95.23,34.0,1752.85546875,2210.238776642829
2026-07-21T02:59:15.264386+00:00,3847.0,34.0,95.32,34.0,1752.85546875,2210.582225445658
2026-07-21T02:59:15.620622+00:00,3847.0,24.0,94.57,34.0,1752.85546875,2210.9384609535336
2026-07-21T02:59:15.997355+00:00,3847.0,35.0,94.98,34.0,1752.85546875,2211.315193541348
2026-07-21T02:59:16.327469+00:00,3847.0,29.0,94.49,34.0,1752.85546875,2211.6453075148165
2026-07-21T02:59:16.680620+00:00,3847.0,36.0,95.71,34.0,1752.85546875,2211.9984589628875
2026-07-21T02:59:17.037276+00:00,3847.0,35.0,95.71,34.0,1752.85546875,2212.3551144339144
2026-07-21T02:59:17.409279+00:00,3847.0,34.0,96.6,34.0,1752.85546875,2212.727118343115
2026-07-21T02:59:17.784908+00:00,3847.0,35.0,96.67,34.0,1752.85546875,2213.1027469821274
2026-07-21T02:59:18.114670+00:00,3847.0,33.0,96.44,34.0,1752.85546875,2213.4325084015727
2026-07-21T02:59:18.442473+00:00,3847.0,35.0,96.07,34.0,1752.85546875,2213.760311551392
2026-07-21T02:59:18.828274+00:00,3847.0,35.0,96.06,34.0,1752.85546875,2214.1461132876575
2026-07-21T02:59:19.199999+00:00,3847.0,15.0,95.4,34.0,1752.8828125,2214.5178382769227
2026-07-21T02:59:19.538167+00:00,3847.0,33.0,95.06,34.0,1752.8828125,2214.8560059182346
2026-07-21T02:59:19.911979+00:00,3847.0,33.0,94.74,34.0,1752.8828125,2215.2298188358545
2026-07-21T02:59:20.259869+00:00,3847.0,35.0,95.79,34.0,1752.8828125,2215.5777081139386
2026-07-21T02:59:20.617986+00:00,3847.0,35.0,96.25,34.0,1752.8828125,2215.935824289918
2026-07-21T02:59:20.956251+00:00,3847.0,34.0,95.88,34.0,1752.8828125,2216.2740905359387
2026-07-21T02:59:21.330196+00:00,3847.0,36.0,96.19,34.0,1752.8828125,2216.648034211248
2026-07-21T02:59:21.685771+00:00,3847.0,34.0,96.02,34.0,1752.8828125,2217.0036104097962
2026-07-21T02:59:22.068532+00:00,3847.0,36.0,96.27,34.0,1752.8828125,2217.386371821165
2026-07-21T02:59:22.446275+00:00,3847.0,35.0,96.05,34.0,1752.8828125,2217.7641146555543
2026-07-21T02:59:22.804227+00:00,3847.0,35.0,95.86,34.0,1752.8828125,2218.122054915875
2026-07-21T02:59:23.162779+00:00,3847.0,25.0,95.8,34.0,1752.8828125,2218.4806183464825
2026-07-21T02:59:23.490866+00:00,3847.0,35.0,96.09,34.0,1752.8828125,2218.808704853058
2026-07-21T02:59:23.844212+00:00,3847.0,36.0,96.18,34.0,1752.8828125,2219.162049498409
2026-07-21T02:59:24.177418+00:00,3847.0,34.0,96.17,34.0,1752.8828125,2219.495255663991
2026-07-21T02:59:24.549452+00:00,3847.0,34.0,96.4,34.0,1752.8828125,2219.867291431874
2026-07-21T02:59:24.900617+00:00,3847.0,35.0,96.38,34.0,1752.8828125,2220.218455377966
2026-07-21T02:59:25.230030+00:00,3847.0,34.0,96.3,34.0,1752.8828125,2220.5478687621653
2026-07-21T02:59:25.563459+00:00,3847.0,34.0,95.94,34.0,1752.8828125,2220.8812977299094
2026-07-21T02:59:25.894588+00:00,3847.0,34.0,95.85,34.0,1752.8828125,2221.2124262601137
2026-07-21T02:59:26.249617+00:00,3847.0,35.0,96.29,34.0,1752.8828125,2221.567456007004
2026-07-21T02:59:26.633681+00:00,3847.0,33.0,96.1,34.0,1752.8828125,2221.951519008726
2026-07-21T02:59:26.988716+00:00,3847.0,34.0,95.48,34.0,1752.8828125,2222.3065548688173
2026-07-21T02:59:27.318489+00:00,3847.0,36.0,95.47,34.0,1752.8828125,2222.636327691376
2026-07-21T02:59:27.654781+00:00,3847.0,1.0,94.34,34.0,1752.91015625,2222.9726189747453
2026-07-21T02:59:28.029155+00:00,3847.0,35.0,94.93,34.0,1752.91015625,2223.346993178129
2026-07-21T02:59:28.409157+00:00,3847.0,33.0,94.76,34.0,1752.91015625,2223.726995795965
2026-07-21T02:59:28.757187+00:00,3847.0,34.0,95.68,34.0,1752.91015625,2224.075025729835
2026-07-21T02:59:29.072904+00:00,3847.0,36.0,95.5,34.0,1752.91015625,2224.390743173659
2026-07-21T02:59:29.402648+00:00,3847.0,36.0,95.62,34.0,1752.91015625,2224.720486678183
2026-07-21T02:59:29.733726+00:00,3847.0,36.0,95.63,34.0,1752.91015625,2225.051564782858
2026-07-21T02:59:30.103328+00:00,3847.0,35.0,95.7,34.0,1752.91015625,2225.421166524291
2026-07-21T02:59:30.412174+00:00,3847.0,33.0,95.52,34.0,1752.91015625,2225.730013374239
2026-07-21T02:59:30.827332+00:00,3847.0,2.0,94.83,34.0,1752.93359375,2226.145170286298
2026-07-21T02:59:31.184798+00:00,3847.0,34.0,94.66,34.0,1752.93359375,2226.502637691796
2026-07-21T02:59:31.514469+00:00,3847.0,33.0,94.5,34.0,1752.93359375,2226.832308318466
2026-07-21T02:59:31.848371+00:00,3847.0,36.0,94.98,34.0,1752.93359375,2227.1662094444036
2026-07-21T02:59:32.183396+00:00,3847.0,33.0,95.09,34.0,1752.93359375,2227.5012347511947
2026-07-21T02:59:32.560026+00:00,3847.0,34.0,95.76,34.0,1752.93359375,2227.8778654560447
2026-07-21T02:59:32.893633+00:00,3847.0,36.0,95.84,34.0,1752.93359375,2228.211472146213
2026-07-21T02:59:33.267216+00:00,3847.0,34.0,95.63,34.0,1752.93359375,2228.585055526346
2026-07-21T02:59:33.620568+00:00,3847.0,34.0,95.55,34.0,1752.93359375,2228.938406419009
2026-07-21T02:59:33.933024+00:00,3847.0,36.0,95.72,34.0,1752.93359375,2229.2508638761938
2026-07-21T02:59:34.247284+00:00,3847.0,34.0,95.73,34.0,1752.93359375,2229.565122976899
2026-07-21T02:59:34.582800+00:00,3847.0,36.0,95.82,34.0,1752.93359375,2229.900638651103
2026-07-21T02:59:34.914065+00:00,3847.0,34.0,95.79,34.0,1752.93359375,2230.23190433532
2026-07-21T02:59:35.292018+00:00,3847.0,29.0,95.2,34.0,1752.93359375,2230.6098566800356
2026-07-21T02:59:35.630503+00:00,3847.0,34.0,95.13,34.0,1752.93359375,2230.9483419321477
2026-07-21T02:59:35.963712+00:00,3847.0,32.0,95.03,34.0,1752.93359375,2231.2815510630608
2026-07-21T02:59:36.362528+00:00,3847.0,17.0,94.57,34.0,1752.95703125,2231.680366065353
2026-07-21T02:59:36.740061+00:00,3847.0,33.0,94.95,34.0,1752.95703125,2232.0578995868564
2026-07-21T02:59:37.070712+00:00,3847.0,33.0,95.18,34.0,1752.95703125,2232.3885505348444
2026-07-21T02:59:37.448813+00:00,3847.0,32.0,95.51,34.0,1752.95703125,2232.7666518092155
2026-07-21T02:59:37.824222+00:00,3847.0,35.0,95.31,34.0,1752.95703125,2233.142060574144
2026-07-21T02:59:38.163558+00:00,3847.0,33.0,95.2,34.0,1752.95703125,2233.4813972488046
2026-07-21T02:59:38.498477+00:00,3847.0,34.0,95.44,34.0,1752.95703125,2233.8163161315024
2026-07-21T02:59:38.868450+00:00,3847.0,35.0,95.31,34.0,1752.95703125,2234.186288692057
2026-07-21T02:59:39.201978+00:00,3847.0,35.0,95.55,34.0,1752.95703125,2234.5198167711496
2026-07-21T02:59:39.547358+00:00,3847.0,35.0,95.26,34.0,1752.95703125,2234.8651965521276
2026-07-21T02:59:39.878452+00:00,3847.0,34.0,95.32,34.0,1752.95703125,2235.196291152388
2026-07-21T02:59:40.225053+00:00,3847.0,36.0,95.1,34.0,1752.95703125,2235.5428916960955
2026-07-21T02:59:40.559655+00:00,3847.0,34.0,95.92,34.0,1752.95703125,2235.8774936050177
2026-07-21T02:59:40.890849+00:00,3847.0,35.0,96.06,34.0,1752.95703125,2236.208688504994
2026-07-21T02:59:41.237830+00:00,3847.0,33.0,95.7,34.0,1752.95703125,2236.555668991059
2026-07-21T02:59:41.572662+00:00,3847.0,33.0,94.49,34.0,1752.9765625,2236.8905001543462
2026-07-21T02:59:41.927497+00:00,3847.0,35.0,94.17,34.0,1752.9765625,2237.2453361302614
2026-07-21T02:59:42.276750+00:00,3847.0,34.0,94.74,34.0,1752.9765625,2237.5945889763534
2026-07-21T02:59:42.618222+00:00,3847.0,34.0,95.38,34.0,1752.9765625,2237.9360607638955
2026-07-21T02:59:42.976200+00:00,3847.0,34.0,95.8,34.0,1752.9765625,2238.294027183205
2026-07-21T02:59:43.330923+00:00,3847.0,34.0,95.93,34.0,1752.9765625,2238.6487611979246
2026-07-21T02:59:43.690172+00:00,3847.0,35.0,95.96,34.0,1752.9765625,2239.0080108195543
2026-07-21T02:59:44.022529+00:00,3847.0,35.0,95.68,34.0,1752.9765625,2239.340366985649
2026-07-21T02:59:44.355272+00:00,3847.0,35.0,95.4,34.0,1752.9765625,2239.6731111705303
2026-07-21T02:59:44.705429+00:00,3847.0,35.0,95.53,34.0,1752.9765625,2240.0232679471374
2026-07-21T02:59:45.095184+00:00,3847.0,35.0,96.35,34.0,1752.9765625,2240.4130229763687
2026-07-21T02:59:45.423985+00:00,3847.0,36.0,96.23,34.0,1752.9765625,2240.741823621094
2026-07-21T02:59:45.754189+00:00,3847.0,36.0,96.0,34.0,1752.9765625,2241.072022434324
2026-07-21T02:59:46.133634+00:00,3847.0,35.0,95.72,34.0,1752.9765625,2241.451473530382
2026-07-21T02:59:46.489396+00:00,3847.0,35.0,96.14,34.0,1752.9765625,2241.807234466076
2026-07-21T02:59:46.825658+00:00,3847.0,36.0,96.24,34.0,1752.98046875,2242.143497403711
2026-07-21T02:59:47.165723+00:00,3847.0,34.0,95.9,34.0,1752.98046875,2242.483562089503
2026-07-21T02:59:47.544474+00:00,3847.0,34.0,96.26,34.0,1752.98046875,2242.8623124323785
2026-07-21T02:59:47.873641+00:00,3847.0,35.0,96.38,34.0,1752.98046875,2243.1914795711637
2026-07-21T02:59:48.256755+00:00,3847.0,34.0,96.28,34.0,1752.98046875,2243.574593793601
2026-07-21T02:59:48.586454+00:00,3847.0,35.0,96.07,34.0,1752.98046875,2243.904293179512
2026-07-21T02:59:48.948277+00:00,3847.0,33.0,95.94,34.0,1752.98046875,2244.2661159932613
2026-07-21T02:59:49.281392+00:00,3847.0,35.0,95.62,34.0,1752.98046875,2244.599230732769
2026-07-21T02:59:49.656550+00:00,3847.0,33.0,96.3,34.0,1752.98046875,2244.9743896499276
2026-07-21T02:59:50.002226+00:00,3847.0,33.0,95.76,34.0,1752.98046875,2245.3200647868216
2026-07-21T02:59:50.360876+00:00,3847.0,12.0,95.57,34.0,1753.01171875,2245.6787139624357
2026-07-21T02:59:50.685560+00:00,3847.0,24.0,94.13,34.0,1753.01171875,2246.003397103399
2026-07-21T02:59:50.997945+00:00,3847.0,33.0,94.31,34.0,1753.01171875,2246.315783634782
2026-07-21T02:59:51.353135+00:00,3847.0,35.0,94.81,34.0,1753.01171875,2246.670974165201
2026-07-21T02:59:51.661236+00:00,3847.0,34.0,95.11,34.0,1753.01171875,2246.9790754579008
2026-07-21T02:59:51.995808+00:00,3847.0,33.0,95.25,34.0,1753.01953125,2247.313647147268
2026-07-21T02:59:52.330610+00:00,3847.0,35.0,93.93,34.0,1753.046875,2247.6484431251884
2026-07-21T02:59:52.662548+00:00,3847.0,34.0,94.14,34.0,1753.046875,2247.980386149138
2026-07-21T02:59:53.041038+00:00,3847.0,34.0,94.5,34.0,1753.046875,2248.358877297491
2026-07-21T02:59:53.397106+00:00,3847.0,36.0,96.3,34.0,1753.05078125,2248.714945361018
2026-07-21T02:59:53.749641+00:00,3847.0,34.0,96.47,34.0,1753.05078125,2249.067479956895
2026-07-21T02:59:54.104502+00:00,3847.0,35.0,96.27,34.0,1753.0546875,2249.422340992838
2026-07-21T02:59:54.453519+00:00,3847.0,35.0,96.19,34.0,1753.0546875,2249.77135771513
2026-07-21T02:59:54.787096+00:00,3847.0,35.0,95.97,34.0,1753.0546875,2250.1049347519875
2026-07-21T02:59:55.143193+00:00,3847.0,35.0,96.01,34.0,1753.0546875,2250.4610322900116
2026-07-21T02:59:55.516030+00:00,3847.0,34.0,96.07,34.0,1753.0546875,2250.833868332207
2026-07-21T02:59:55.848460+00:00,3847.0,36.0,96.1,34.0,1753.05859375,2251.1662982702255
2026-07-21T02:59:56.177486+00:00,3847.0,32.0,95.74,34.0,1753.05859375,2251.4953252375126
2026-07-21T02:59:56.508920+00:00,3847.0,35.0,95.71,34.0,1753.05859375,2251.8267586417496
2026-07-21T02:59:56.857390+00:00,3847.0,35.0,95.47,34.0,1753.0703125,2252.1752286553383
2026-07-21T02:59:57.249102+00:00,3847.0,35.0,95.45,34.0,1753.0703125,2252.5669408217072
2026-07-21T02:59:57.600207+00:00,3847.0,36.0,96.02,34.0,1753.0703125,2252.918045911938
2026-07-21T02:59:57.907867+00:00,3847.0,36.0,96.09,34.0,1753.0703125,2253.22570566833
2026-07-21T02:59:58.252443+00:00,3847.0,36.0,96.01,34.0,1753.07421875,2253.570282176137
2026-07-21T02:59:58.626113+00:00,3847.0,35.0,95.93,34.0,1753.07421875,2253.943951703608
2026-07-21T02:59:59.051462+00:00,3847.0,27.0,96.07,34.0,1753.08203125,2254.3693008981645
2026-07-21T02:59:59.386655+00:00,3847.0,35.0,95.34,34.0,1753.11328125,2254.7044933848083
2026-07-21T02:59:59.708972+00:00,3847.0,36.0,95.06,34.0,1753.1171875,2255.026811722666
2026-07-21T03:00:00.046548+00:00,3847.0,35.0,95.23,34.0,1753.12890625,2255.364386882633
2026-07-21T03:00:00.400324+00:00,3847.0,35.0,95.46,34.0,1753.12890625,2255.7181628346443
2026-07-21T03:00:00.758587+00:00,3847.0,36.0,95.97,34.0,1753.13671875,2256.076425243169
2026-07-21T03:00:01.088922+00:00,3847.0,36.0,95.95,34.0,1753.13671875,2256.4067620672286
2026-07-21T03:00:01.435044+00:00,3847.0,35.0,95.45,34.0,1753.13671875,2256.752883300185
2026-07-21T03:00:01.767033+00:00,3847.0,35.0,95.8,34.0,1753.14453125,2257.084871929139
2026-07-21T03:00:02.113380+00:00,3847.0,36.0,95.63,34.0,1753.14453125,2257.4312189929187
2026-07-21T03:00:02.447252+00:00,3847.0,36.0,95.9,34.0,1753.15625,2257.7650910280645
2026-07-21T03:00:02.777666+00:00,3847.0,36.0,96.04,34.0,1753.15625,2258.095505140722
2026-07-21T03:00:03.120770+00:00,3847.0,35.0,96.06,34.0,1753.15625,2258.438609175384
2026-07-21T03:00:03.450724+00:00,3847.0,35.0,96.19,34.0,1753.15625,2258.7685631141067
2026-07-21T03:00:03.823377+00:00,3847.0,36.0,96.03,34.0,1753.16015625,2259.1412163563073
2026-07-21T03:00:04.156512+00:00,3847.0,36.0,96.25,34.0,1753.1640625,2259.474350132048
2026-07-21T03:00:04.502728+00:00,3847.0,35.0,95.9,34.0,1753.1640625,2259.8205673769116
2026-07-21T03:00:04.830287+00:00,3847.0,35.0,96.25,34.0,1753.17578125,2260.1481254547834
2026-07-21T03:00:05.159956+00:00,3847.0,36.0,96.0,34.0,1753.17578125,2260.4777953624725
2026-07-21T03:00:05.528583+00:00,3847.0,35.0,96.01,34.0,1753.1796875,2260.8464221842587
2026-07-21T03:00:05.857731+00:00,3847.0,36.0,95.82,34.0,1753.1796875,2261.175569795072
2026-07-21T03:00:06.205131+00:00,3847.0,35.0,96.02,34.0,1753.1796875,2261.522969584912
2026-07-21T03:00:06.561196+00:00,3847.0,36.0,95.93,34.0,1753.1875,2261.879034347832
2026-07-21T03:00:06.906160+00:00,3847.0,36.0,95.98,34.0,1753.1875,2262.223999258131
2026-07-21T03:00:07.233026+00:00,3847.0,28.0,94.96,34.0,1753.21484375,2262.550864573568
2026-07-21T03:00:07.609241+00:00,3847.0,34.0,94.97,34.0,1753.21875,2262.9270798116922
2026-07-21T03:00:07.973559+00:00,3847.0,35.0,94.69,34.0,1753.21875,2263.291397679597
2026-07-21T03:00:08.307414+00:00,3847.0,34.0,95.61,34.0,1753.23046875,2263.625252097845
2026-07-21T03:00:08.701787+00:00,3847.0,34.0,95.58,34.0,1753.23046875,2264.0196255370975
2026-07-21T03:00:09.080987+00:00,3847.0,34.0,95.76,34.0,1753.234375,2264.3988256193697
2026-07-21T03:00:09.461303+00:00,3847.0,33.0,95.78,34.0,1753.234375,2264.779142089188
2026-07-21T03:00:09.795790+00:00,3847.0,32.0,95.76,34.0,1753.23828125,2265.113628845662
2026-07-21T03:00:10.177338+00:00,3847.0,34.0,95.69,34.0,1753.2421875,2265.4951767250896
2026-07-21T03:00:10.510209+00:00,3847.0,34.0,95.72,34.0,1753.2421875,2265.828048463911
2026-07-21T03:00:10.843785+00:00,3847.0,34.0,95.79,34.0,1753.25390625,2266.1616238430142
2026-07-21T03:00:11.177464+00:00,3847.0,35.0,95.79,34.0,1753.25390625,2266.4953030496836
2026-07-21T03:00:11.534319+00:00,3847.0,36.0,96.07,34.0,1753.26171875,2266.852157559246
2026-07-21T03:00:11.881171+00:00,3847.0,34.0,95.84,34.0,1753.26171875,2267.1990100331604
2026-07-21T03:00:12.219123+00:00,3847.0,36.0,95.74,34.0,1753.26171875,2267.536962863058
2026-07-21T03:00:12.577582+00:00,3847.0,35.0,95.54,34.0,1753.265625,2267.8954203128815
2026-07-21T03:00:12.914705+00:00,3847.0,34.0,95.6,34.0,1753.265625,2268.23254346475
2026-07-21T03:00:13.249620+00:00,3847.0,36.0,95.6,34.0,1753.2734375,2268.567459061742
2026-07-21T03:00:13.605809+00:00,3847.0,36.0,95.78,34.0,1753.2734375,2268.9236485287547
2026-07-21T03:00:13.942408+00:00,3847.0,35.0,95.91,34.0,1753.28515625,2269.260247282684
2026-07-21T03:00:14.279800+00:00,3847.0,34.0,96.23,34.0,1753.28515625,2269.5976385213435
2026-07-21T03:00:14.657651+00:00,3847.0,36.0,96.6,34.0,1753.28515625,2269.9754902124405
2026-07-21T03:00:15.049491+00:00,3847.0,35.0,96.85,34.0,1753.2890625,2270.3673296011984
2026-07-21T03:00:15.426179+00:00,3847.0,35.0,96.86,34.0,1753.2890625,2270.74401775375
2026-07-21T03:00:15.801409+00:00,3847.0,35.0,96.74,34.0,1753.30078125,2271.1192470379174
2026-07-21T03:00:16.179518+00:00,3847.0,34.0,95.48,34.0,1753.328125,2271.4973550625145
2026-07-21T03:00:16.559029+00:00,3847.0,35.0,95.12,34.0,1753.33203125,2271.876867543906
2026-07-21T03:00:16.939769+00:00,3847.0,34.0,95.4,34.0,1753.33203125,2272.257608294487
2026-07-21T03:00:17.318004+00:00,3847.0,35.0,95.51,34.0,1753.34375,2272.6358432099223
2026-07-21T03:00:17.673100+00:00,3847.0,35.0,95.71,34.0,1753.34375,2272.990939412266
2026-07-21T03:00:18.002786+00:00,3847.0,35.0,95.7,34.0,1753.34375,2273.3206248544157
2026-07-21T03:00:18.386177+00:00,3847.0,35.0,95.28,34.0,1753.359375,2273.7040161192417
2026-07-21T03:00:18.766038+00:00,3847.0,35.0,95.26,34.0,1753.3828125,2274.0838759690523
2026-07-21T03:00:19.097565+00:00,3847.0,35.0,95.19,34.0,1753.38671875,2274.415404919535
2026-07-21T03:00:19.429394+00:00,3847.0,35.0,96.33,34.0,1753.38671875,2274.7472339756787
2026-07-21T03:00:19.774908+00:00,3847.0,35.0,95.32,34.0,1753.390625,2275.0927475839853
2026-07-21T03:00:20.108339+00:00,3847.0,9.0,94.55,34.0,1753.41796875,2275.426177702844
2026-07-21T03:00:20.461114+00:00,3847.0,35.0,94.51,34.0,1753.41796875,2275.77895302698
2026-07-21T03:00:20.789115+00:00,3847.0,35.0,94.76,34.0,1753.421875,2276.1069548279047
2026-07-21T03:00:21.152266+00:00,3847.0,34.0,95.55,34.0,1753.421875,2276.4701047204435
2026-07-21T03:00:21.505085+00:00,3847.0,34.0,95.89,34.0,1753.4375,2276.822924155742
2026-07-21T03:00:21.884216+00:00,3847.0,35.0,96.07,34.0,1753.4375,2277.2020557522774
2026-07-21T03:00:22.214000+00:00,3847.0,35.0,96.13,34.0,1753.4375,2277.5318380221725
2026-07-21T03:00:22.544873+00:00,3847.0,35.0,96.2,34.0,1753.44921875,2277.8627118319273
2026-07-21T03:00:22.869826+00:00,3847.0,35.0,95.78,34.0,1753.44921875,2278.1876645796
2026-07-21T03:00:23.202102+00:00,3847.0,36.0,95.73,34.0,1753.46484375,2278.5199415311217
2026-07-21T03:00:23.532581+00:00,3847.0,36.0,95.49,34.0,1753.46484375,2278.850421190262
2026-07-21T03:00:23.882902+00:00,3847.0,24.0,94.73,34.0,1753.54296875,2279.2007411420345
2026-07-21T03:00:24.235318+00:00,3847.0,35.0,94.72,34.0,1753.546875,2279.5531579069793
2026-07-21T03:00:24.613517+00:00,3847.0,35.0,95.07,34.0,1753.546875,2279.9313549287617
2026-07-21T03:00:24.993056+00:00,3847.0,34.0,96.11,34.0,1753.5703125,2280.310894858092
2026-07-21T03:00:25.326300+00:00,3847.0,35.0,96.16,34.0,1753.5703125,2280.644139558077
2026-07-21T03:00:25.634006+00:00,3847.0,34.0,95.61,34.0,1753.58203125,2280.9518460184336
2026-07-21T03:00:25.984551+00:00,3847.0,33.0,95.47,34.0,1753.58203125,2281.3023902997375
2026-07-21T03:00:26.332018+00:00,3847.0,35.0,95.13,34.0,1753.58203125,2281.64985698089
2026-07-21T03:00:26.740184+00:00,3847.0,34.0,95.2,34.0,1753.59765625,2282.0580227784812
2026-07-21T03:00:27.120977+00:00,3847.0,35.0,94.71,34.0,1753.61328125,2282.4388151578605
2026-07-21T03:00:27.477373+00:00,3847.0,34.0,94.65,34.0,1753.62109375,2282.7952123358846
2026-07-21T03:00:27.841169+00:00,3847.0,35.0,95.4,34.0,1753.62109375,2283.1590085700154
2026-07-21T03:00:28.184734+00:00,3847.0,34.0,95.49,34.0,1753.63671875,2283.502573054284
2026-07-21T03:00:28.518373+00:00,3847.0,34.0,94.99,34.0,1753.6484375,2283.836211979389
2026-07-21T03:00:28.888614+00:00,3847.0,33.0,95.63,34.0,1753.6484375,2284.20645301044
2026-07-21T03:00:29.218204+00:00,3847.0,23.0,94.66,34.0,1753.65234375,2284.536043237895
2026-07-21T03:00:29.555203+00:00,3847.0,36.0,94.6,34.0,1753.65234375,2284.8730425164104
2026-07-21T03:00:29.886015+00:00,3847.0,34.0,94.7,34.0,1753.66796875,2285.2038542330265
2026-07-21T03:00:30.243737+00:00,3847.0,35.0,95.54,34.0,1753.66796875,2285.561576474458
2026-07-21T03:00:30.574227+00:00,3847.0,36.0,94.99,34.0,1753.6875,2285.8920659720898
2026-07-21T03:00:31.038592+00:00,3847.0,36.0,95.36,34.0,1753.69140625,2286.3564300760627
2026-07-21T03:00:31.388788+00:00,3847.0,35.0,94.23,34.0,1753.69140625,2286.706627689302
2026-07-21T03:00:31.721910+00:00,3847.0,36.0,94.31,34.0,1753.69140625,2287.0397496521473
2026-07-21T03:00:32.029594+00:00,3847.0,36.0,95.26,34.0,1753.69140625,2287.3474334441125
2026-07-21T03:00:32.356112+00:00,3847.0,36.0,96.2,34.0,1753.69140625,2287.6739514172077
2026-07-21T03:00:32.683994+00:00,3847.0,36.0,95.98,34.0,1753.69140625,2288.0018334425986
2026-07-21T03:00:33.011871+00:00,3847.0,36.0,95.93,34.0,1753.69140625,2288.3297104500234
2026-07-21T03:00:33.342799+00:00,3847.0,36.0,96.11,34.0,1753.69140625,2288.660639014095
2026-07-21T03:00:33.696073+00:00,3847.0,35.0,95.97,34.0,1753.69140625,2289.013912588358
2026-07-21T03:00:34.027424+00:00,3847.0,35.0,96.15,34.0,1753.69140625,2289.345263440162
2026-07-21T03:00:34.359700+00:00,3847.0,36.0,95.99,34.0,1753.69140625,2289.6775388345122
2026-07-21T03:00:34.715252+00:00,3847.0,36.0,96.1,34.0,1753.69140625,2290.033090263605
2026-07-21T03:00:35.116503+00:00,3847.0,36.0,96.19,34.0,1753.69140625,2290.43434125185
2026-07-21T03:00:35.474373+00:00,3847.0,35.0,96.56,34.0,1753.69140625,2290.792212251574
2026-07-21T03:00:35.831501+00:00,3847.0,33.0,96.57,34.0,1753.69140625,2291.1493393704295
2026-07-21T03:00:36.158851+00:00,3847.0,35.0,96.4,34.0,1753.69140625,2291.4766904748976
2026-07-21T03:00:36.540955+00:00,3847.0,35.0,96.32,34.0,1753.69140625,2291.858793247491
2026-07-21T03:00:36.984560+00:00,3847.0,35.0,96.06,34.0,1753.69140625,2292.3023989386857
2026-07-21T03:00:37.341455+00:00,3847.0,36.0,95.32,34.0,1753.71484375,2292.6592937856913
2026-07-21T03:00:37.677438+00:00,3847.0,35.0,95.24,34.0,1753.71484375,2292.995277710259
2026-07-21T03:00:38.011017+00:00,3847.0,35.0,96.16,34.0,1753.71484375,2293.328855637461
2026-07-21T03:00:38.321890+00:00,3847.0,36.0,95.88,34.0,1753.71484375,2293.639729011804
2026-07-21T03:00:38.653438+00:00,3847.0,36.0,95.91,34.0,1753.71484375,2293.9712773039937
2026-07-21T03:00:39.032987+00:00,3847.0,35.0,95.91,34.0,1753.71484375,2294.3508266098797
2026-07-21T03:00:39.360824+00:00,3847.0,36.0,96.16,34.0,1753.71484375,2294.6786633580923
2026-07-21T03:00:39.684979+00:00,3847.0,35.0,95.78,34.0,1753.72265625,2295.002817478031
2026-07-21T03:00:39.994781+00:00,3847.0,35.0,95.62,34.0,1753.72265625,2295.312620345503
2026-07-21T03:00:40.321726+00:00,3847.0,35.0,95.76,34.0,1753.72265625,2295.63956445083
2026-07-21T03:00:40.701746+00:00,3847.0,35.0,95.86,34.0,1753.72265625,2296.0195844732225
2026-07-21T03:00:41.081034+00:00,3847.0,35.0,96.35,34.0,1753.72265625,2296.3988727740943
2026-07-21T03:00:41.415852+00:00,3847.0,35.0,96.36,34.0,1753.72265625,2296.7336905412376
2026-07-21T03:00:41.726145+00:00,3847.0,36.0,96.29,34.0,1753.72265625,2297.043983977288
2026-07-21T03:00:42.057788+00:00,3847.0,36.0,96.42,34.0,1753.72265625,2297.3756268694997
2026-07-21T03:00:42.387066+00:00,3847.0,36.0,96.51,34.0,1753.72265625,2297.7049045450985
2026-07-21T03:00:42.719257+00:00,3847.0,36.0,96.3,34.0,1753.72265625,2298.0370963402092
2026-07-21T03:00:43.074040+00:00,3847.0,36.0,96.39,34.0,1753.72265625,2298.391879308969
2026-07-21T03:00:43.429477+00:00,3847.0,34.0,96.34,34.0,1753.72265625,2298.7473152279854
2026-07-21T03:00:43.762903+00:00,3847.0,35.0,96.61,34.0,1753.72265625,2299.0807411670685
2026-07-21T03:00:44.140783+00:00,3847.0,36.0,96.77,34.0,1753.72265625,2299.458621222526
2026-07-21T03:00:44.489656+00:00,3847.0,34.0,96.47,34.0,1753.72265625,2299.8074953258038
2026-07-21T03:00:44.825515+00:00,3847.0,34.0,96.36,34.0,1753.72265625,2300.143353510648
2026-07-21T03:00:45.161729+00:00,3847.0,36.0,95.91,34.0,1753.72265625,2300.479568567127
2026-07-21T03:00:45.515433+00:00,3847.0,34.0,95.13,34.0,1753.75390625,2300.8332714512944
2026-07-21T03:00:45.828075+00:00,3847.0,34.0,95.11,34.0,1753.75390625,2301.1459128782153
2026-07-21T03:00:46.184968+00:00,3847.0,33.0,94.92,34.0,1753.75390625,2301.5028070807457
2026-07-21T03:00:46.533676+00:00,3847.0,36.0,95.54,34.0,1753.75390625,2301.851515222341
2026-07-21T03:00:46.884657+00:00,3847.0,34.0,95.7,34.0,1753.75390625,2302.2024965770543
2026-07-21T03:00:47.217015+00:00,3847.0,35.0,95.85,34.0,1753.75390625,2302.5348549857736
2026-07-21T03:00:47.545319+00:00,3847.0,35.0,95.5,34.0,1753.75390625,2302.8631584495306
2026-07-21T03:00:47.894967+00:00,3847.0,36.0,95.9,34.0,1753.75390625,2303.212806649506
2026-07-21T03:00:48.246834+00:00,3847.0,36.0,96.05,34.0,1753.75390625,2303.5646740160882
2026-07-21T03:00:48.574805+00:00,3847.0,36.0,96.44,34.0,1753.75390625,2303.8926443234086
2026-07-21T03:00:48.901814+00:00,3847.0,36.0,96.18,34.0,1753.75390625,2304.2196536250412
2026-07-21T03:00:49.233538+00:00,3847.0,35.0,96.24,34.0,1753.75390625,2304.551369868219
2026-07-21T03:00:49.589675+00:00,3847.0,35.0,96.54,34.0,1753.75390625,2304.907514523715
2026-07-21T03:00:49.918186+00:00,3847.0,35.0,96.05,34.0,1753.75390625,2305.2360257953405
2026-07-21T03:00:50.225777+00:00,3847.0,35.0,96.12,34.0,1753.75390625,2305.543616697192
2026-07-21T03:00:50.533233+00:00,3847.0,35.0,96.05,34.0,1753.75390625,2305.8510725051165
2026-07-21T03:00:50.880111+00:00,3847.0,35.0,95.31,34.0,1753.77734375,2306.197936501354
2026-07-21T03:00:51.214880+00:00,3847.0,35.0,94.94,34.0,1753.77734375,2306.5327181592584
2026-07-21T03:00:51.547162+00:00,3847.0,35.0,94.75,34.0,1753.77734375,2306.8650008141994
2026-07-21T03:00:51.873799+00:00,3847.0,35.0,95.64,34.0,1753.77734375,2307.191637903452
2026-07-21T03:00:52.227464+00:00,3847.0,36.0,95.95,34.0,1753.77734375,2307.54530357942
2026-07-21T03:00:52.586334+00:00,3847.0,35.0,96.07,34.0,1753.77734375,2307.9041721075773
2026-07-21T03:00:52.918484+00:00,3847.0,35.0,95.87,34.0,1753.77734375,2308.2363225631416
2026-07-21T03:00:53.228486+00:00,3847.0,36.0,95.46,34.0,1753.77734375,2308.5463245287538
2026-07-21T03:00:53.584151+00:00,3847.0,35.0,95.29,34.0,1753.77734375,2308.901990059763
2026-07-21T03:00:53.892042+00:00,3847.0,35.0,95.63,34.0,1753.77734375,2309.2098810225725
2026-07-21T03:00:54.245188+00:00,3847.0,36.0,95.79,34.0,1753.77734375,2309.5630266033113
2026-07-21T03:00:54.578689+00:00,3847.0,35.0,96.06,34.0,1753.77734375,2309.896528273821
2026-07-21T03:00:54.932327+00:00,3847.0,36.0,96.04,34.0,1753.77734375,2310.250166296959
2026-07-21T03:00:55.270163+00:00,3847.0,11.0,95.2,34.0,1753.80078125,2310.5880007259548
2026-07-21T03:00:55.600418+00:00,3847.0,36.0,94.95,34.0,1753.80078125,2310.918257523328
2026-07-21T03:00:55.936853+00:00,3847.0,36.0,94.98,34.0,1753.80078125,2311.254692222923
2026-07-21T03:00:56.269333+00:00,3847.0,36.0,96.01,34.0,1753.80078125,2311.5871721468866
2026-07-21T03:00:56.625526+00:00,3847.0,36.0,95.9,34.0,1753.80078125,2311.94336457178
2026-07-21T03:00:56.953137+00:00,3847.0,36.0,95.52,34.0,1753.80078125,2312.270976126194
2026-07-21T03:00:57.275980+00:00,3847.0,36.0,95.52,34.0,1753.80078125,2312.5938194952905
2026-07-21T03:00:57.623764+00:00,3847.0,36.0,95.59,34.0,1753.80078125,2312.9416026324034
2026-07-21T03:00:57.956235+00:00,3847.0,36.0,95.84,34.0,1753.80078125,2313.2740739136934
2026-07-21T03:00:58.289016+00:00,3847.0,36.0,95.83,34.0,1753.80078125,2313.6068549118936
2026-07-21T03:00:58.622397+00:00,3847.0,36.0,95.86,34.0,1753.80078125,2313.9402364082634
2026-07-21T03:00:58.954639+00:00,3847.0,36.0,96.0,34.0,1753.80078125,2314.272477645427
2026-07-21T03:00:59.286700+00:00,3847.0,34.0,96.17,34.0,1753.80078125,2314.604539729655
2026-07-21T03:00:59.619262+00:00,3847.0,33.0,95.95,34.0,1753.80078125,2314.937101725489
2026-07-21T03:00:59.996259+00:00,3847.0,33.0,96.29,34.0,1753.80078125,2315.314097966999
2026-07-21T03:01:00.376858+00:00,3847.0,35.0,96.49,34.0,1753.80078125,2315.6946975179017
2026-07-21T03:01:00.733368+00:00,3847.0,36.0,96.49,34.0,1753.80078125,2316.051207475364
2026-07-21T03:01:01.087879+00:00,3847.0,35.0,96.2,34.0,1753.80078125,2316.405718047172
2026-07-21T03:01:01.398337+00:00,3847.0,35.0,95.57,34.0,1753.80078125,2316.7161761447787
2026-07-21T03:01:01.730691+00:00,3847.0,34.0,95.51,34.0,1753.80078125,2317.0485297627747
2026-07-21T03:01:02.063827+00:00,3847.0,36.0,95.47,34.0,1753.80078125,2317.3816662356257
2026-07-21T03:01:02.395081+00:00,3847.0,35.0,95.57,34.0,1753.80078125,2317.7129201851785
2026-07-21T03:01:02.756775+00:00,3847.0,34.0,95.97,34.0,1753.80078125,2318.0746135674417
2026-07-21T03:01:03.129250+00:00,3847.0,36.0,96.5,34.0,1753.80078125,2318.4470890574157
2026-07-21T03:01:03.480709+00:00,3847.0,36.0,96.7,34.0,1753.80078125,2318.7985482625663
2026-07-21T03:01:03.860394+00:00,3847.0,36.0,96.57,34.0,1753.80078125,2319.1782328411937
2026-07-21T03:01:04.193440+00:00,3847.0,33.0,95.56,34.0,1753.82421875,2319.5112778507173
2026-07-21T03:01:04.522201+00:00,3847.0,34.0,95.07,34.0,1753.82421875,2319.840040627867
2026-07-21T03:01:04.867663+00:00,3847.0,34.0,94.72,34.0,1753.82421875,2320.185501266271
2026-07-21T03:01:05.201423+00:00,3847.0,34.0,95.26,34.0,1753.82421875,2320.519262779504
2026-07-21T03:01:05.556157+00:00,3847.0,34.0,95.29,34.0,1753.82421875,2320.8739963434637
2026-07-21T03:01:05.931642+00:00,3847.0,35.0,95.76,34.0,1753.82421875,2321.2494804635644
2026-07-21T03:01:06.301335+00:00,3847.0,35.0,95.84,34.0,1753.82421875,2321.6191742941737
2026-07-21T03:01:06.633966+00:00,3847.0,35.0,95.96,34.0,1753.82421875,2321.9518048018217
2026-07-21T03:01:06.963169+00:00,3847.0,35.0,95.72,34.0,1753.82421875,2322.2810082919896
2026-07-21T03:01:07.316874+00:00,3847.0,35.0,95.83,34.0,1753.82421875,2322.634713035077
2026-07-21T03:01:07.649247+00:00,3847.0,35.0,96.06,34.0,1753.82421875,2322.96708618477
2026-07-21T03:01:08.005135+00:00,3847.0,35.0,95.99,34.0,1753.82421875,2323.3229742757976
2026-07-21T03:01:08.337931+00:00,3847.0,35.0,95.79,34.0,1753.82421875,2323.6557702347636
2026-07-21T03:01:08.668448+00:00,3847.0,35.0,95.87,34.0,1753.82421875,2323.9862868338823
2026-07-21T03:01:08.992324+00:00,3847.0,35.0,95.93,34.0,1753.82421875,2324.3101634196937
2026-07-21T03:01:09.342958+00:00,3847.0,35.0,95.88,34.0,1753.82421875,2324.6607971563935
2026-07-21T03:01:09.695864+00:00,3847.0,35.0,96.23,34.0,1753.82421875,2325.0137034095824
2026-07-21T03:01:10.021441+00:00,3847.0,35.0,96.09,34.0,1753.82421875,2325.3392797522247
2026-07-21T03:01:10.377734+00:00,3847.0,34.0,96.31,34.0,1753.82421875,2325.6955726854503
2026-07-21T03:01:10.709137+00:00,3847.0,36.0,96.38,34.0,1753.82421875,2326.0269763432443
2026-07-21T03:01:11.042695+00:00,3847.0,35.0,96.34,34.0,1753.82421875,2326.360534530133
2026-07-21T03:01:11.415471+00:00,3847.0,35.0,96.38,34.0,1753.82421875,2326.7333096042275
2026-07-21T03:01:11.740319+00:00,3847.0,36.0,96.19,34.0,1753.82421875,2327.058158688247
2026-07-21T03:01:12.083432+00:00,3847.0,34.0,95.27,34.0,1753.85546875,2327.401270467788
2026-07-21T03:01:12.437022+00:00,3847.0,35.0,94.87,34.0,1753.85546875,2327.7548603639007
2026-07-21T03:01:12.792824+00:00,3847.0,35.0,94.86,34.0,1753.85546875,2328.1106627956033
2026-07-21T03:01:13.124781+00:00,3847.0,35.0,95.74,34.0,1753.85546875,2328.4426203481853
2026-07-21T03:01:13.480911+00:00,3847.0,34.0,95.5,34.0,1753.85546875,2328.7987479530275
2026-07-21T03:01:13.819680+00:00,3847.0,35.0,95.32,34.0,1753.85546875,2329.1375192403793
2026-07-21T03:01:14.171147+00:00,3847.0,35.0,95.23,34.0,1753.85546875,2329.4889865852892
2026-07-21T03:01:14.519487+00:00,3847.0,35.0,95.51,34.0,1753.85546875,2329.8373251780868
2026-07-21T03:01:14.849544+00:00,3847.0,34.0,95.74,34.0,1753.85546875,2330.1673835627735
2026-07-21T03:01:15.186017+00:00,3847.0,35.0,95.44,34.0,1753.85546875,2330.503847721964
2026-07-21T03:01:15.533790+00:00,3847.0,35.0,95.5,34.0,1753.85546875,2330.8516242578626
2026-07-21T03:01:15.866594+00:00,3847.0,26.0,94.76,33.0,1753.875,2331.1844312362373
2026-07-21T03:01:16.239303+00:00,3847.0,36.0,95.09,34.0,1753.875,2331.5571415647864
2026-07-21T03:01:16.619241+00:00,3847.0,36.0,95.05,34.0,1753.875,2331.9370799288154
2026-07-21T03:01:16.996622+00:00,3847.0,34.0,95.71,34.0,1753.875,2332.314461451024
2026-07-21T03:01:17.373269+00:00,3847.0,35.0,95.54,34.0,1753.875,2332.6911079771817
2026-07-21T03:01:17.703168+00:00,3847.0,34.0,95.73,34.0,1753.875,2333.0210072249174
2026-07-21T03:01:18.066119+00:00,3847.0,34.0,95.91,34.0,1753.875,2333.3839579299092
2026-07-21T03:01:18.416206+00:00,3847.0,36.0,95.79,34.0,1753.875,2333.734044831246
2026-07-21T03:01:18.750709+00:00,3847.0,33.0,95.95,34.0,1753.875,2334.068548437208
2026-07-21T03:01:19.141138+00:00,3847.0,5.0,95.03,33.0,1753.89453125,2334.4589704461396
2026-07-21T03:01:19.516333+00:00,3847.0,33.0,95.15,34.0,1753.89453125,2334.834171269089
2026-07-21T03:01:19.892069+00:00,3847.0,34.0,95.15,34.0,1753.89453125,2335.209907963872
2026-07-21T03:01:20.220211+00:00,3847.0,36.0,95.92,34.0,1753.89453125,2335.5380500145257
2026-07-21T03:01:20.555063+00:00,3847.0,33.0,95.65,34.0,1753.89453125,2335.8729020915926
2026-07-21T03:01:20.882208+00:00,3847.0,34.0,95.61,34.0,1753.89453125,2336.200047355145
2026-07-21T03:01:21.233461+00:00,3847.0,33.0,95.82,34.0,1753.89453125,2336.551300249994
2026-07-21T03:01:21.570941+00:00,3847.0,35.0,95.67,34.0,1753.89453125,2336.888779785484
2026-07-21T03:01:21.957626+00:00,3847.0,34.0,95.95,34.0,1753.89453125,2337.2754648663104
2026-07-21T03:01:22.295565+00:00,3847.0,35.0,96.1,34.0,1753.89453125,2337.6134035997093
2026-07-21T03:01:22.657336+00:00,3847.0,33.0,96.38,34.0,1753.89453125,2337.975175034255
2026-07-21T03:01:22.985757+00:00,3847.0,34.0,95.97,34.0,1753.89453125,2338.3035961315036
2026-07-21T03:01:23.319368+00:00,3847.0,34.0,95.81,34.0,1753.89453125,2338.637207403779
2026-07-21T03:01:23.701468+00:00,3847.0,33.0,95.91,34.0,1753.89453125,2339.019307296723
2026-07-21T03:01:24.078382+00:00,3847.0,34.0,96.15,34.0,1753.89453125,2339.396220680326
2026-07-21T03:01:24.413440+00:00,3847.0,34.0,95.8,34.0,1753.89453125,2339.731276843697
2026-07-21T03:01:24.746781+00:00,3847.0,33.0,95.65,34.0,1753.89453125,2340.064620003104
2026-07-21T03:01:25.078440+00:00,3847.0,33.0,95.4,34.0,1753.89453125,2340.3962788656354
2026-07-21T03:01:25.433682+00:00,3847.0,35.0,95.91,34.0,1753.89453125,2340.751521009952
2026-07-21T03:01:25.771309+00:00,3847.0,35.0,95.85,34.0,1753.89453125,2341.089147809893
2026-07-21T03:01:26.106430+00:00,3847.0,34.0,96.12,34.0,1753.89453125,2341.4242684170604
2026-07-21T03:01:26.461023+00:00,3847.0,34.0,95.91,34.0,1753.89453125,2341.7788625769317
2026-07-21T03:01:26.840315+00:00,3847.0,34.0,96.1,34.0,1753.89453125,2342.1581543050706
2026-07-21T03:01:27.173862+00:00,3847.0,35.0,96.21,34.0,1753.89453125,2342.4917009323835
2026-07-21T03:01:27.533361+00:00,3847.0,34.0,96.32,34.0,1753.89453125,2342.8511993549764
2026-07-21T03:01:27.847494+00:00,3847.0,35.0,96.2,34.0,1753.89453125,2343.1653331257403
2026-07-21T03:01:28.184672+00:00,3847.0,33.0,94.92,34.0,1753.921875,2343.5025107488036
2026-07-21T03:01:28.518516+00:00,3847.0,34.0,94.48,34.0,1753.921875,2343.836354613304
2026-07-21T03:01:28.851360+00:00,3847.0,35.0,94.35,34.0,1753.921875,2344.169198986143
2026-07-21T03:01:29.188255+00:00,3847.0,34.0,95.57,34.0,1753.921875,2344.506093852222
2026-07-21T03:01:29.544877+00:00,3847.0,36.0,95.59,34.0,1753.921875,2344.862716142088
2026-07-21T03:01:29.896666+00:00,3847.0,35.0,95.58,34.0,1753.921875,2345.2145052477717
2026-07-21T03:01:30.340545+00:00,3847.0,3.0,94.61,34.0,1753.94140625,2345.6583825424314
2026-07-21T03:01:30.701062+00:00,3847.0,35.0,94.54,34.0,1753.94140625,2346.0189008675516
2026-07-21T03:01:31.082139+00:00,3847.0,35.0,94.54,34.0,1753.94140625,2346.399978455156
2026-07-21T03:01:31.461641+00:00,3847.0,35.0,95.5,34.0,1753.94140625,2346.7794794887304
2026-07-21T03:01:31.831638+00:00,3847.0,12.0,94.71,33.0,1753.95703125,2347.1494759880006
2026-07-21T03:01:32.143364+00:00,3847.0,36.0,94.53,34.0,1753.95703125,2347.46120255813
2026-07-21T03:01:32.520796+00:00,3847.0,35.0,94.62,34.0,1753.95703125,2347.838634826243
2026-07-21T03:01:32.856632+00:00,3847.0,35.0,95.43,34.0,1753.95703125,2348.174471080303
2026-07-21T03:01:33.187747+00:00,3847.0,34.0,95.64,34.0,1753.95703125,2348.5055864676833
2026-07-21T03:01:33.556774+00:00,3847.0,35.0,95.7,34.0,1753.95703125,2348.874612595886
2026-07-21T03:01:33.928495+00:00,3847.0,33.0,95.53,34.0,1753.95703125,2349.246333055198
2026-07-21T03:01:34.313338+00:00,3847.0,25.0,95.18,34.0,1753.95703125,2349.6311750672758
2026-07-21T03:01:34.674232+00:00,3847.0,35.0,94.67,34.0,1753.9765625,2349.992069721222
2026-07-21T03:01:35.025590+00:00,3847.0,34.0,94.88,33.0,1753.9765625,2350.3434289954603
2026-07-21T03:01:35.357926+00:00,3847.0,35.0,95.84,34.0,1753.9765625,2350.67576424405
2026-07-21T03:01:35.708973+00:00,3847.0,33.0,94.29,33.0,1753.9765625,2351.0268117450178
2026-07-21T03:01:36.089112+00:00,3847.0,33.0,94.16,33.0,1753.9765625,2351.406949210912
2026-07-21T03:01:36.450232+00:00,3847.0,24.0,93.27,34.0,1753.9921875,2351.7680700346828
2026-07-21T03:01:36.829897+00:00,3847.0,35.0,94.19,33.0,1753.9921875,2352.1477357558906
2026-07-21T03:01:37.185172+00:00,3847.0,33.0,94.9,33.0,1753.9921875,2352.5030111670494
2026-07-21T03:01:37.519119+00:00,3847.0,36.0,96.0,34.0,1753.9921875,2352.836957845837
2026-07-21T03:01:37.831778+00:00,3847.0,34.0,95.3,33.0,1753.9921875,2353.149617522955
2026-07-21T03:01:38.157966+00:00,3847.0,34.0,95.15,33.0,1753.9921875,2353.4758054316044
2026-07-21T03:01:38.540903+00:00,3847.0,34.0,94.4,33.0,1753.9921875,2353.8587411120534
2026-07-21T03:01:38.916817+00:00,3847.0,35.0,95.07,33.0,1753.9921875,2354.2346559539437
2026-07-21T03:01:39.277039+00:00,3847.0,33.0,95.55,33.0,1753.9921875,2354.5948771871626
2026-07-21T03:01:39.633044+00:00,3847.0,36.0,95.95,33.0,1753.9921875,2354.950882833451
2026-07-21T03:01:39.981911+00:00,3847.0,3.0,94.57,34.0,1754.0078125,2355.2997490018606
2026-07-21T03:01:40.361975+00:00,3847.0,35.0,95.24,34.0,1754.0078125,2355.6798137947917
2026-07-21T03:01:40.698848+00:00,3847.0,34.0,95.4,33.0,1754.0078125,2356.016686808318
2026-07-21T03:01:41.028251+00:00,3847.0,34.0,96.19,33.0,1754.0078125,2356.346089888364
2026-07-21T03:01:41.360558+00:00,3847.0,34.0,95.89,33.0,1754.0078125,2356.6783968247473
2026-07-21T03:01:41.694828+00:00,3847.0,35.0,95.85,33.0,1754.0078125,2357.0126669593155
2026-07-21T03:01:42.050417+00:00,3847.0,36.0,95.92,34.0,1754.0078125,2357.3682549595833
2026-07-21T03:01:42.382719+00:00,3847.0,35.0,95.83,34.0,1754.0078125,2357.7005574814975
2026-07-21T03:01:42.737632+00:00,3847.0,36.0,96.27,33.0,1754.0078125,2358.0554716810584
2026-07-21T03:01:43.084552+00:00,3847.0,34.0,96.03,34.0,1754.0078125,2358.4023912474513
2026-07-21T03:01:43.461285+00:00,3847.0,36.0,96.36,33.0,1754.0078125,2358.779124096036
2026-07-21T03:01:43.795281+00:00,3847.0,36.0,96.05,34.0,1754.0078125,2359.1131202615798
2026-07-21T03:01:44.130437+00:00,3847.0,36.0,96.01,34.0,1754.0078125,2359.448275819421
2026-07-21T03:01:44.467187+00:00,3847.0,34.0,95.77,34.0,1754.0078125,2359.7850257083774
2026-07-21T03:01:44.841819+00:00,3847.0,33.0,96.22,33.0,1754.0078125,2360.1596581935883
2026-07-21T03:01:45.220310+00:00,3847.0,35.0,96.74,33.0,1754.0078125,2360.5381477698684
2026-07-21T03:01:45.533248+00:00,3847.0,35.0,96.66,34.0,1754.0078125,2360.851086780429
2026-07-21T03:01:45.849702+00:00,3847.0,35.0,96.05,34.0,1754.0078125,2361.167540796101
2026-07-21T03:01:46.184206+00:00,3847.0,35.0,95.71,34.0,1754.0078125,2361.5020452663302
2026-07-21T03:01:46.540959+00:00,3847.0,36.0,95.81,33.0,1754.0078125,2361.8587979637086
2026-07-21T03:01:46.876953+00:00,3847.0,35.0,95.83,33.0,1754.0078125,2362.194792062044
2026-07-21T03:01:47.296535+00:00,3847.0,8.0,95.54,34.0,1754.03515625,2362.614373639226
2026-07-21T03:01:47.631886+00:00,3847.0,36.0,95.01,34.0,1754.03515625,2362.949724327773
2026-07-21T03:01:47.972109+00:00,3847.0,35.0,94.82,33.0,1754.03515625,2363.2899480238557
2026-07-21T03:01:48.306454+00:00,3847.0,35.0,94.92,33.0,1754.03515625,2363.624291945249
2026-07-21T03:01:48.639019+00:00,3847.0,36.0,94.79,33.0,1754.03515625,2363.9568579010665
2026-07-21T03:01:48.972358+00:00,3847.0,36.0,95.11,33.0,1754.03515625,2364.2901974357665
2026-07-21T03:01:49.352540+00:00,3847.0,34.0,95.27,33.0,1754.03515625,2364.670379087329
2026-07-21T03:01:49.663628+00:00,3847.0,35.0,95.38,33.0,1754.03515625,2364.9814673252404
2026-07-21T03:01:50.003213+00:00,3847.0,34.0,95.39,33.0,1754.03515625,2365.321052569896
2026-07-21T03:01:50.355738+00:00,3847.0,35.0,95.36,33.0,1754.03515625,2365.673576667905
2026-07-21T03:01:50.665737+00:00,3847.0,35.0,95.49,33.0,1754.03515625,2365.9835766740143
2026-07-21T03:01:50.975353+00:00,3847.0,36.0,95.56,33.0,1754.03515625,2366.2931925058365
2026-07-21T03:01:51.333592+00:00,3847.0,35.0,94.92,33.0,1754.05859375,2366.6514293923974
2026-07-21T03:01:51.711653+00:00,3847.0,35.0,94.82,33.0,1754.05859375,2367.0294926948845
2026-07-21T03:01:52.045933+00:00,3847.0,35.0,94.77,33.0,1754.05859375,2367.3637726195157
2026-07-21T03:01:52.383483+00:00,3847.0,34.0,95.28,33.0,1754.05859375,2367.7013222277164
2026-07-21T03:01:52.714889+00:00,3847.0,35.0,95.49,33.0,1754.05859375,2368.032728482038
2026-07-21T03:01:53.029010+00:00,3847.0,35.0,95.54,33.0,1754.05859375,2368.346849270165
2026-07-21T03:01:53.389786+00:00,3847.0,33.0,95.68,33.0,1754.05859375,2368.707624632865
2026-07-21T03:01:53.701524+00:00,3847.0,33.0,95.51,33.0,1754.0625,2369.0193629562855
2026-07-21T03:01:54.112332+00:00,3847.0,36.0,95.43,33.0,1754.0625,2369.430171240121
2026-07-21T03:01:54.450937+00:00,3847.0,34.0,95.11,33.0,1754.08203125,2369.7687751315534
2026-07-21T03:01:54.787249+00:00,3847.0,34.0,95.12,33.0,1754.08203125,2370.105087596923
2026-07-21T03:01:55.154934+00:00,3847.0,35.0,96.5,33.0,1754.08203125,2370.4727731756866
2026-07-21T03:01:55.488089+00:00,3847.0,36.0,95.71,33.0,1754.08203125,2370.805928297341
2026-07-21T03:01:55.873667+00:00,3847.0,34.0,96.02,33.0,1754.08203125,2371.1915061809123
2026-07-21T03:01:56.191221+00:00,3847.0,35.0,95.61,33.0,1754.08203125,2371.5090602748096
2026-07-21T03:01:56.524192+00:00,3847.0,33.0,95.37,33.0,1754.0859375,2371.8420308567584
2026-07-21T03:01:56.860495+00:00,3847.0,35.0,95.52,33.0,1754.0859375,2372.17833449319
2026-07-21T03:01:57.213630+00:00,3847.0,34.0,95.89,33.0,1754.0859375,2372.5314688161016
2026-07-21T03:01:57.546838+00:00,3847.0,36.0,95.64,33.0,1754.0859375,2372.864676401019
2026-07-21T03:01:57.924916+00:00,3847.0,33.0,95.72,33.0,1754.0859375,2373.2427548654377
2026-07-21T03:01:58.253051+00:00,3847.0,36.0,95.47,33.0,1754.0859375,2373.5708909742534
2026-07-21T03:01:58.583278+00:00,3847.0,36.0,95.57,33.0,1754.0859375,2373.90111631155
2026-07-21T03:01:58.940147+00:00,3847.0,36.0,95.71,33.0,1754.0859375,2374.2579869031906
2026-07-21T03:01:59.274775+00:00,3847.0,36.0,95.96,33.0,1754.0859375,2374.5926144346595
2026-07-21T03:01:59.605530+00:00,3847.0,36.0,96.31,33.0,1754.0859375,2374.9233701229095
2026-07-21T03:01:59.976572+00:00,3847.0,34.0,95.53,33.0,1754.109375,2375.2944110035896
2026-07-21T03:02:00.308115+00:00,3847.0,35.0,95.28,33.0,1754.109375,2375.6259542033076
2026-07-21T03:02:00.638924+00:00,3847.0,35.0,94.85,33.0,1754.11328125,2375.9567545950413
2026-07-21T03:02:00.971364+00:00,3847.0,34.0,95.55,33.0,1754.11328125,2376.289203353226
2026-07-21T03:02:01.349108+00:00,3847.0,35.0,95.85,33.0,1754.1171875,2376.6669469848275
2026-07-21T03:02:01.724206+00:00,3847.0,35.0,95.99,33.0,1754.1171875,2377.042045123875
2026-07-21T03:02:02.082274+00:00,3847.0,35.0,96.0,33.0,1754.125,2377.4001073613763
2026-07-21T03:02:02.409704+00:00,3847.0,34.0,95.9,33.0,1754.125,2377.7275423929095
2026-07-21T03:02:02.763696+00:00,3847.0,33.0,95.5,33.0,1754.125,2378.081534218043
2026-07-21T03:02:03.075658+00:00,3847.0,34.0,95.07,33.0,1754.125,2378.393497802317
2026-07-21T03:02:03.405544+00:00,3847.0,34.0,94.97,33.0,1754.125,2378.7233830690384
2026-07-21T03:02:03.756953+00:00,3847.0,34.0,95.08,33.0,1754.1328125,2379.074792627245
2026-07-21T03:02:04.089978+00:00,3847.0,34.0,95.5,33.0,1754.1328125,2379.407817285508
2026-07-21T03:02:04.423282+00:00,3847.0,36.0,95.78,33.0,1754.1328125,2379.741120722145
2026-07-21T03:02:04.758954+00:00,3847.0,34.0,96.13,33.0,1754.13671875,2380.0767935737967
2026-07-21T03:02:05.098725+00:00,3847.0,35.0,95.98,33.0,1754.13671875,2380.416564799845
2026-07-21T03:02:05.430625+00:00,3847.0,35.0,95.98,33.0,1754.14453125,2380.7484644651413
2026-07-21T03:02:05.740302+00:00,3847.0,36.0,95.91,33.0,1754.14453125,2381.0581357479095
2026-07-21T03:02:06.088474+00:00,3847.0,35.0,95.82,33.0,1754.1484375,2381.4063128493726
2026-07-21T03:02:06.441328+00:00,3847.0,34.0,95.94,33.0,1754.15234375,2381.759167034179
2026-07-21T03:02:06.750355+00:00,3847.0,35.0,96.27,33.0,1754.15234375,2382.068194601685
2026-07-21T03:02:07.061969+00:00,3847.0,36.0,96.38,33.0,1754.16015625,2382.379809360951
2026-07-21T03:02:07.415947+00:00,3847.0,36.0,96.5,33.0,1754.16015625,2382.7337866015732
2026-07-21T03:02:07.749476+00:00,3847.0,36.0,95.28,33.0,1754.19140625,2383.0673137903214
2026-07-21T03:02:08.077063+00:00,3847.0,35.0,94.83,33.0,1754.1953125,2383.3949024267495
2026-07-21T03:02:08.410031+00:00,3847.0,35.0,94.64,33.0,1754.1953125,2383.7278694994748
2026-07-21T03:02:08.743123+00:00,3847.0,35.0,95.15,33.0,1754.19921875,2384.0609630420804
2026-07-21T03:02:09.081012+00:00,3847.0,35.0,95.23,33.0,1754.20703125,2384.398851685226
2026-07-21T03:02:09.413756+00:00,3847.0,36.0,95.2,33.0,1754.20703125,2384.731595378369
2026-07-21T03:02:09.763811+00:00,3847.0,35.0,95.33,33.0,1754.2109375,2385.0816502794623
2026-07-21T03:02:10.125726+00:00,3847.0,4.0,94.25,33.0,1754.32421875,2385.443563532084
2026-07-21T03:02:10.462069+00:00,3847.0,34.0,94.65,33.0,1754.33203125,2385.7799082249403
2026-07-21T03:02:10.794858+00:00,3847.0,34.0,94.61,33.0,1754.33203125,2386.1126967296004
2026-07-21T03:02:11.153057+00:00,3847.0,35.0,95.33,33.0,1754.3515625,2386.470895882696
2026-07-21T03:02:11.509004+00:00,3847.0,34.0,95.36,33.0,1754.36328125,2386.826842930168
2026-07-21T03:02:11.868264+00:00,3847.0,34.0,95.35,33.0,1754.36328125,2387.1861024200916
2026-07-21T03:02:12.220257+00:00,3847.0,33.0,95.42,33.0,1754.3671875,2387.5380964167416
2026-07-21T03:02:12.554187+00:00,3847.0,7.0,94.69,33.0,1754.38671875,2387.872025627643
2026-07-21T03:02:12.886154+00:00,3847.0,32.0,94.47,33.0,1754.38671875,2388.2039928771555
2026-07-21T03:02:13.236123+00:00,3847.0,34.0,94.57,33.0,1754.39453125,2388.5539615936577
2026-07-21T03:02:13.567059+00:00,3847.0,34.0,95.32,33.0,1754.39453125,2388.8848981894553
2026-07-21T03:02:13.897491+00:00,3847.0,35.0,95.63,33.0,1754.40625,2389.215329978615
2026-07-21T03:02:14.281060+00:00,3847.0,36.0,95.68,33.0,1754.40625,2389.5988990031183
2026-07-21T03:02:14.660757+00:00,3847.0,36.0,95.89,33.0,1754.41796875,2389.9785960167646
2026-07-21T03:02:15.049875+00:00,3847.0,34.0,96.14,33.0,1754.41796875,2390.3677140548825
2026-07-21T03:02:15.381425+00:00,3847.0,35.0,96.46,33.0,1754.421875,2390.6992647759616
2026-07-21T03:02:15.739580+00:00,3847.0,36.0,96.57,33.0,1754.421875,2391.057418998331
2026-07-21T03:02:16.069108+00:00,3847.0,35.0,95.99,33.0,1754.421875,2391.386947210878
2026-07-21T03:02:16.472323+00:00,3847.0,35.0,95.68,33.0,1757.03125,2391.790163155645
2026-07-21T03:02:16.784648+00:00,3847.0,35.0,95.51,33.0,1757.19921875,2392.102487217635
2026-07-21T03:02:17.113308+00:00,3847.0,34.0,95.44,33.0,1757.20703125,2392.4311474449933
2026-07-21T03:02:17.446366+00:00,3847.0,35.0,95.03,33.0,1757.20703125,2392.764204800129
2026-07-21T03:02:17.913383+00:00,3847.0,36.0,95.36,33.0,1757.21484375,2393.2312211096287
2026-07-21T03:02:18.248409+00:00,3847.0,36.0,95.32,33.0,1757.234375,2393.5662473142147
2026-07-21T03:02:18.577106+00:00,3847.0,36.0,95.29,33.0,1757.234375,2393.8949454538524
2026-07-21T03:02:18.934816+00:00,3847.0,36.0,95.74,33.0,1757.2421875,2394.252655465156
2026-07-21T03:02:19.290020+00:00,3847.0,34.0,95.77,33.0,1757.2421875,2394.607858840376
2026-07-21T03:02:19.622401+00:00,3847.0,36.0,95.77,33.0,1757.24609375,2394.9402406923473
2026-07-21T03:02:19.962084+00:00,3847.0,35.0,95.45,33.0,1757.24609375,2395.279921770096
2026-07-21T03:02:20.291631+00:00,3847.0,36.0,95.5,33.0,1757.25,2395.609470963478
2026-07-21T03:02:20.672803+00:00,3847.0,36.0,96.08,33.0,1757.265625,2395.9906425587833
2026-07-21T03:02:21.047956+00:00,3847.0,36.0,96.54,33.0,1757.265625,2396.3657957464457
2026-07-21T03:02:21.357638+00:00,3847.0,36.0,96.33,33.0,1757.2734375,2396.6754768937826
2026-07-21T03:02:21.694325+00:00,3847.0,35.0,96.01,33.0,1757.2734375,2397.012163504958
2026-07-21T03:02:22.004953+00:00,3847.0,35.0,95.53,33.0,1757.28125,2397.3227918855846
2026-07-21T03:02:22.412243+00:00,3847.0,3.0,95.23,34.0,1757.3046875,2397.730081304908
2026-07-21T03:02:22.722485+00:00,3847.0,36.0,94.51,33.0,1757.30859375,2398.0403248257935
2026-07-21T03:02:23.056823+00:00,3847.0,35.0,95.1,33.0,1757.31640625,2398.3746626116335
2026-07-21T03:02:23.408456+00:00,3847.0,35.0,95.46,33.0,1757.31640625,2398.726295430213
2026-07-21T03:02:23.742149+00:00,3847.0,34.0,95.51,33.0,1757.31640625,2399.0599873811007
2026-07-21T03:02:24.077637+00:00,3847.0,35.0,95.33,33.0,1757.31640625,2399.3954757489264
2026-07-21T03:02:24.456481+00:00,3847.0,34.0,95.76,33.0,1757.33203125,2399.774320743978
2026-07-21T03:02:24.790128+00:00,3847.0,35.0,95.99,33.0,1757.34375,2400.107967235148
2026-07-21T03:02:25.139371+00:00,3847.0,35.0,95.81,33.0,1757.34375,2400.457210060209
2026-07-21T03:02:25.509562+00:00,3847.0,36.0,95.79,33.0,1757.35546875,2400.8274010419846
2026-07-21T03:02:25.841831+00:00,3847.0,35.0,95.79,33.0,1757.35546875,2401.159669626504
2026-07-21T03:02:26.170183+00:00,3847.0,35.0,95.92,33.0,1757.37109375,2401.488021928817
2026-07-21T03:02:26.628939+00:00,3847.0,6.0,95.18,34.0,1757.39453125,2401.946777049452
2026-07-21T03:02:26.964877+00:00,3847.0,34.0,94.96,33.0,1757.3984375,2402.2827168777585
2026-07-21T03:02:27.341822+00:00,3847.0,35.0,94.8,33.0,1757.41015625,2402.659660708159
2026-07-21T03:02:27.695739+00:00,3847.0,36.0,95.48,33.0,1757.41015625,2403.0135788731277
2026-07-21T03:02:28.056497+00:00,3847.0,33.0,95.65,33.0,1757.421875,2403.3743366114795
2026-07-21T03:02:28.391051+00:00,3847.0,35.0,95.48,33.0,1757.421875,2403.7088907323778
2026-07-21T03:02:28.780286+00:00,3847.0,35.0,95.76,33.0,1757.4296875,2404.098125014454
2026-07-21T03:02:29.136565+00:00,3847.0,35.0,95.73,33.0,1757.4296875,2404.454403307289
2026-07-21T03:02:29.493594+00:00,3847.0,36.0,96.14,33.0,1757.4453125,2404.811433084309
2026-07-21T03:02:29.832562+00:00,3847.0,36.0,95.93,33.0,1757.4453125,2405.150401432067
2026-07-21T03:02:30.161767+00:00,3847.0,33.0,95.43,33.0,1757.4453125,2405.4796061627567
2026-07-21T03:02:30.502415+00:00,3847.0,35.0,95.13,33.0,1757.4609375,2405.8202541321516
2026-07-21T03:02:30.835373+00:00,3847.0,33.0,95.21,33.0,1757.4609375,2406.1532116234303
2026-07-21T03:02:31.171369+00:00,3847.0,35.0,95.47,33.0,1757.47265625,2406.4892081432045
2026-07-21T03:02:31.514929+00:00,3847.0,35.0,95.71,33.0,1757.47265625,2406.8327682837844
2026-07-21T03:02:31.828028+00:00,3847.0,35.0,96.25,33.0,1757.47265625,2407.145867820829
2026-07-21T03:02:32.182956+00:00,3847.0,35.0,96.09,33.0,1757.484375,2407.5007947571576
2026-07-21T03:02:32.564020+00:00,3847.0,35.0,96.2,33.0,1757.48828125,2407.881859511137
2026-07-21T03:02:32.924684+00:00,3847.0,3.0,95.28,33.0,1757.52734375,2408.2425226569176
2026-07-21T03:02:33.284325+00:00,3847.0,35.0,95.19,33.0,1757.52734375,2408.602164283395
2026-07-21T03:02:33.618276+00:00,3847.0,35.0,94.88,33.0,1757.53515625,2408.936114117503
2026-07-21T03:02:33.955260+00:00,3847.0,35.0,95.43,33.0,1757.53515625,2409.273099273443
2026-07-21T03:02:34.289807+00:00,3847.0,35.0,95.3,33.0,1757.53515625,2409.607645597309
2026-07-21T03:02:34.622727+00:00,3847.0,34.0,95.11,33.0,1757.5546875,2409.9405662864447
2026-07-21T03:02:34.955453+00:00,3847.0,35.0,94.94,33.0,1757.5546875,2410.2732913158834
2026-07-21T03:02:35.308858+00:00,3847.0,35.0,94.95,33.0,1757.56640625,2410.6266964823008
2026-07-21T03:02:35.619488+00:00,3847.0,35.0,95.07,33.0,1757.578125,2410.937327362597
2026-07-21T03:02:35.954763+00:00,3847.0,35.0,95.12,33.0,1757.578125,2411.272601660341
2026-07-21T03:02:36.265934+00:00,3847.0,34.0,95.33,33.0,1757.5859375,2411.5837733075023
2026-07-21T03:02:36.598145+00:00,3847.0,35.0,95.53,33.0,1757.5859375,2411.9159844480455
2026-07-21T03:02:36.931275+00:00,3847.0,36.0,95.66,33.0,1757.5859375,2412.2491138465703
2026-07-21T03:02:37.265937+00:00,3847.0,25.0,93.63,33.0,1757.60546875,2412.5837756842375
2026-07-21T03:02:37.598630+00:00,3847.0,35.0,93.55,33.0,1757.60546875,2412.916469208896
2026-07-21T03:02:37.934086+00:00,3847.0,35.0,93.72,33.0,1757.60546875,2413.251925919205
2026-07-21T03:02:38.264764+00:00,3847.0,35.0,95.89,33.0,1757.60546875,2413.5826031304896
2026-07-21T03:02:38.641317+00:00,3847.0,35.0,96.03,33.0,1757.60546875,2413.959155641496
2026-07-21T03:02:38.973857+00:00,3847.0,36.0,96.0,33.0,1757.60546875,2414.2916965819895
2026-07-21T03:02:39.306338+00:00,3847.0,36.0,96.13,33.0,1757.60546875,2414.624177210033
2026-07-21T03:02:39.637195+00:00,3847.0,36.0,95.83,33.0,1757.60546875,2414.955034442246
2026-07-21T03:02:39.968856+00:00,3847.0,36.0,95.89,33.0,1757.60546875,2415.2866957336664
2026-07-21T03:02:40.324025+00:00,3847.0,36.0,95.92,33.0,1757.60546875,2415.6418641991913
2026-07-21T03:02:40.703501+00:00,3847.0,36.0,96.42,33.0,1757.62109375,2416.021338608116
2026-07-21T03:02:41.056844+00:00,3847.0,35.0,96.51,33.0,1757.62109375,2416.3746831305325
2026-07-21T03:02:41.389627+00:00,3847.0,35.0,96.64,33.0,1757.62109375,2416.707466032356
2026-07-21T03:02:41.741413+00:00,3847.0,8.0,95.16,34.0,1757.6484375,2417.0592507198453
2026-07-21T03:02:42.073359+00:00,3847.0,36.0,94.66,33.0,1757.6484375,2417.391197986901
2026-07-21T03:02:42.406255+00:00,3847.0,36.0,94.46,33.0,1757.6484375,2417.7240851186216
2026-07-21T03:02:42.736323+00:00,3847.0,36.0,95.4,33.0,1757.6484375,2418.0541572496295
2026-07-21T03:02:43.116491+00:00,3847.0,35.0,95.65,33.0,1757.6484375,2418.43433040753
2026-07-21T03:02:43.450608+00:00,3847.0,34.0,95.83,33.0,1757.6484375,2418.7684466429055
2026-07-21T03:02:43.778844+00:00,3847.0,34.0,95.54,33.0,1757.6484375,2419.09668353945
2026-07-21T03:02:44.132775+00:00,3847.0,36.0,95.21,33.0,1757.6484375,2419.45061365515
2026-07-21T03:02:44.485211+00:00,3847.0,34.0,95.21,33.0,1757.6484375,2419.8030497916043
2026-07-21T03:02:44.841320+00:00,3847.0,36.0,95.49,33.0,1757.6484375,2420.159159373492
2026-07-21T03:02:45.157431+00:00,3847.0,34.0,95.27,33.0,1757.6484375,2420.4752692058682
2026-07-21T03:02:45.490473+00:00,3847.0,34.0,95.43,33.0,1757.6484375,2420.8083120808005
2026-07-21T03:02:45.803019+00:00,3847.0,36.0,95.53,33.0,1757.6484375,2421.1208581142128
2026-07-21T03:02:46.138910+00:00,3847.0,34.0,95.76,33.0,1757.6484375,2421.456748947501
2026-07-21T03:02:46.499199+00:00,3847.0,33.0,95.27,33.0,1757.6484375,2421.817037589848
2026-07-21T03:02:46.836344+00:00,3847.0,34.0,95.6,33.0,1757.6484375,2422.1541827619076
2026-07-21T03:02:47.212792+00:00,3847.0,34.0,95.93,33.0,1757.6484375,2422.530631247908
2026-07-21T03:02:47.546627+00:00,3847.0,35.0,95.87,33.0,1757.6484375,2422.8644653595984
2026-07-21T03:02:47.876909+00:00,3847.0,35.0,95.82,33.0,1757.6484375,2423.1947485618293
2026-07-21T03:02:48.248403+00:00,3847.0,35.0,95.85,33.0,1757.6484375,2423.5662413798273
2026-07-21T03:02:48.600165+00:00,3847.0,35.0,96.51,33.0,1757.6484375,2423.918005079031
2026-07-21T03:02:48.910462+00:00,3847.0,36.0,96.29,33.0,1757.6484375,2424.2283015064895
2026-07-21T03:02:49.263885+00:00,3847.0,34.0,95.74,33.0,1757.6484375,2424.5817245952785
2026-07-21T03:02:49.598880+00:00,3847.0,35.0,95.83,33.0,1757.6484375,2424.9167187698185
2026-07-21T03:02:49.931809+00:00,3847.0,36.0,95.9,33.0,1757.6484375,2425.24964813143
2026-07-21T03:02:50.287657+00:00,3847.0,36.0,96.03,33.0,1757.6484375,2425.6054960750043
2026-07-21T03:02:50.598825+00:00,3847.0,16.0,95.07,33.0,1757.6796875,2425.9166634976864
2026-07-21T03:02:50.933056+00:00,3847.0,35.0,94.81,33.0,1757.6796875,2426.2508947215974
2026-07-21T03:02:51.304336+00:00,3847.0,35.0,94.62,33.0,1757.6796875,2426.622175242752
2026-07-21T03:02:51.684230+00:00,3847.0,35.0,95.6,33.0,1757.6796875,2427.002063009888
2026-07-21T03:02:52.035825+00:00,3847.0,36.0,95.9,33.0,1757.6796875,2427.3536641150713
2026-07-21T03:02:52.367002+00:00,3847.0,36.0,95.76,33.0,1757.6796875,2427.6848408058286
2026-07-21T03:02:52.677209+00:00,3847.0,36.0,95.87,33.0,1757.6796875,2427.9950487464666
2026-07-21T03:02:53.009860+00:00,3847.0,36.0,95.77,33.0,1757.6796875,2428.3276998512447
2026-07-21T03:02:53.341687+00:00,3847.0,35.0,95.53,33.0,1757.6796875,2428.659525729716
2026-07-21T03:02:53.724688+00:00,3847.0,14.0,95.05,33.0,1757.703125,2429.0425266586244
2026-07-21T03:02:54.084451+00:00,3847.0,35.0,95.37,33.0,1757.703125,2429.40229075402
2026-07-21T03:02:54.439216+00:00,3847.0,36.0,95.67,33.0,1757.703125,2429.757055401802
2026-07-21T03:02:54.748792+00:00,3847.0,36.0,96.28,33.0,1757.703125,2430.066631358117
2026-07-21T03:02:55.125825+00:00,3847.0,35.0,95.76,33.0,1757.703125,2430.443663969636
2026-07-21T03:02:55.434982+00:00,3847.0,36.0,95.97,33.0,1757.703125,2430.752822075039
2026-07-21T03:02:55.792833+00:00,3847.0,35.0,96.26,33.0,1757.703125,2431.110672712326
2026-07-21T03:02:56.127130+00:00,3847.0,36.0,95.85,33.0,1757.703125,2431.4449687339365
2026-07-21T03:02:56.484715+00:00,3847.0,36.0,95.85,33.0,1757.703125,2431.802554242313
2026-07-21T03:02:56.814867+00:00,3847.0,35.0,95.68,33.0,1757.703125,2432.1327068060637
2026-07-21T03:02:57.174135+00:00,3847.0,35.0,96.39,33.0,1757.703125,2432.4919737800956
2026-07-21T03:02:57.506076+00:00,3847.0,36.0,95.99,33.0,1757.703125,2432.823914755136
2026-07-21T03:02:57.841020+00:00,3847.0,35.0,96.11,33.0,1757.703125,2433.1588599942625
2026-07-21T03:02:58.216278+00:00,3847.0,35.0,96.4,33.0,1757.703125,2433.534117359668
2026-07-21T03:02:58.548499+00:00,3847.0,36.0,96.55,33.0,1757.703125,2433.8663389384747
2026-07-21T03:02:58.958306+00:00,3847.0,36.0,96.26,33.0,1757.703125,2434.276144772768
2026-07-21T03:02:59.315322+00:00,3847.0,35.0,95.36,33.0,1757.72265625,2434.6331602819264
2026-07-21T03:02:59.689689+00:00,3847.0,34.0,95.02,33.0,1757.72265625,2435.007528115064
2026-07-21T03:03:00.023646+00:00,3847.0,35.0,95.81,33.0,1757.72265625,2435.3414847664535
2026-07-21T03:03:00.385824+00:00,3847.0,35.0,95.17,33.0,1757.72265625,2435.703663535416
2026-07-21T03:03:00.727048+00:00,3847.0,33.0,95.08,33.0,1757.72265625,2436.044886864722
2026-07-21T03:03:01.065083+00:00,3847.0,35.0,95.19,33.0,1757.72265625,2436.3829224035144
2026-07-21T03:03:01.445364+00:00,3847.0,33.0,95.46,33.0,1757.72265625,2436.7632028497756
2026-07-21T03:03:01.780499+00:00,3847.0,35.0,95.57,33.0,1757.72265625,2437.098337713629
2026-07-21T03:03:02.114423+00:00,3847.0,33.0,95.87,33.0,1757.72265625,2437.432261686772
2026-07-21T03:03:02.489900+00:00,3847.0,35.0,95.61,33.0,1757.72265625,2437.8077396564186
2026-07-21T03:03:02.851695+00:00,3847.0,34.0,95.85,33.0,1757.72265625,2438.1695323958993
2026-07-21T03:03:03.256692+00:00,3847.0,34.0,95.34,33.0,1757.72265625,2438.574531123042
2026-07-21T03:03:03.636838+00:00,3847.0,36.0,95.16,33.0,1757.72265625,2438.9546760842204
2026-07-21T03:03:03.973921+00:00,3847.0,36.0,95.56,33.0,1757.72265625,2439.291760340333
2026-07-21T03:03:04.308974+00:00,3847.0,35.0,95.57,33.0,1757.72265625,2439.626813363284
2026-07-21T03:03:04.688237+00:00,3847.0,35.0,95.98,33.0,1757.72265625,2440.0060770586133
2026-07-21T03:03:05.086491+00:00,3847.0,35.0,96.11,33.0,1757.72265625,2440.4043293967843
2026-07-21T03:03:05.417835+00:00,3847.0,35.0,96.12,33.0,1757.72265625,2440.735673815012
2026-07-21T03:03:05.771770+00:00,3847.0,36.0,96.32,33.0,1757.72265625,2441.089609552175
2026-07-21T03:03:06.127965+00:00,3847.0,34.0,96.57,33.0,1757.72265625,2441.445804283023
2026-07-21T03:03:06.482520+00:00,3847.0,35.0,96.57,33.0,1757.72265625,2441.800358776003
2026-07-21T03:03:06.810084+00:00,3847.0,36.0,96.41,33.0,1757.72265625,2442.1279225945473
2026-07-21T03:03:07.140232+00:00,3847.0,36.0,96.12,33.0,1757.72265625,2442.458071578294
2026-07-21T03:03:07.512483+00:00,3847.0,36.0,96.57,33.0,1757.72265625,2442.830323033035
2026-07-21T03:03:07.845142+00:00,3847.0,17.0,94.74,33.0,1757.75390625,2443.1629809327424
2026-07-21T03:03:08.176516+00:00,3847.0,35.0,94.97,33.0,1757.75390625,2443.494355611503
2026-07-21T03:03:08.531154+00:00,3847.0,35.0,94.44,33.0,1757.75390625,2443.8489934429526
2026-07-21T03:03:08.878889+00:00,3847.0,34.0,95.33,33.0,1757.75390625,2444.1967278197408
2026-07-21T03:03:09.226846+00:00,3847.0,36.0,95.98,33.0,1757.75390625,2444.5446856170893
2026-07-21T03:03:09.556219+00:00,3847.0,35.0,95.5,33.0,1757.75390625,2444.87405879423
2026-07-21T03:03:09.888036+00:00,3847.0,36.0,95.55,33.0,1757.75390625,2445.205875210464
2026-07-21T03:03:10.221158+00:00,3847.0,35.0,95.37,33.0,1757.75390625,2445.5389969795942
2026-07-21T03:03:10.553929+00:00,3847.0,36.0,95.59,33.0,1757.75390625,2445.87176867947
2026-07-21T03:03:10.888209+00:00,3847.0,35.0,95.55,33.0,1757.75390625,2446.206048257649
2026-07-21T03:03:11.245369+00:00,3847.0,35.0,95.65,33.0,1757.75390625,2446.5632076747715
2026-07-21T03:03:11.577347+00:00,3847.0,35.0,95.33,33.0,1757.75390625,2446.8951862491667
2026-07-21T03:03:11.934044+00:00,3847.0,13.0,94.9,33.0,1757.78125,2447.251881547272
2026-07-21T03:03:12.260585+00:00,3847.0,35.0,94.79,33.0,1757.78125,2447.5784233398736
2026-07-21T03:03:12.592374+00:00,3847.0,35.0,94.77,33.0,1757.78125,2447.910213790834
2026-07-21T03:03:12.901347+00:00,3847.0,35.0,95.68,33.0,1757.78125,2448.219185616821
2026-07-21T03:03:13.230483+00:00,3847.0,34.0,95.13,33.0,1757.78125,2448.5483221784234
2026-07-21T03:03:13.566036+00:00,3847.0,35.0,95.26,33.0,1757.78125,2448.8838754482567
2026-07-21T03:03:13.920814+00:00,3847.0,35.0,95.09,33.0,1757.78125,2449.2386527583003
2026-07-21T03:03:14.233762+00:00,3847.0,35.0,95.14,33.0,1757.78125,2449.5516007728875
2026-07-21T03:03:14.592843+00:00,3847.0,36.0,95.39,33.0,1757.78125,2449.9106827639043
2026-07-21T03:03:14.903264+00:00,3847.0,36.0,95.38,33.0,1757.78125,2450.2211033403873
2026-07-21T03:03:15.237134+00:00,3847.0,35.0,95.57,33.0,1757.78125,2450.5549738146365
2026-07-21T03:03:15.575254+00:00,3847.0,35.0,95.65,33.0,1757.78125,2450.8930923081934
2026-07-21T03:03:15.906132+00:00,3847.0,36.0,95.53,33.0,1757.78125,2451.223970361054
2026-07-21T03:03:16.238030+00:00,3847.0,35.0,95.37,33.0,1757.78515625,2451.5558692216873
2026-07-21T03:03:16.592808+00:00,3847.0,36.0,95.4,33.0,1757.78515625,2451.9106468893588
2026-07-21T03:03:16.921687+00:00,3847.0,34.0,95.31,33.0,1757.78515625,2452.239526230842
2026-07-21T03:03:17.254123+00:00,3847.0,35.0,95.31,33.0,1757.78515625,2452.5719613470137
2026-07-21T03:03:17.617685+00:00,3847.0,34.0,95.33,33.0,1757.78515625,2452.9355231821537
2026-07-21T03:03:17.992390+00:00,3847.0,33.0,95.61,33.0,1757.78515625,2453.3102298751473
2026-07-21T03:03:18.353519+00:00,3847.0,36.0,95.77,33.0,1757.78515625,2453.6713584661484
2026-07-21T03:03:18.687351+00:00,3847.0,35.0,95.98,33.0,1757.78515625,2454.0051896311343
2026-07-21T03:03:19.021828+00:00,3847.0,34.0,95.94,33.0,1757.78515625,2454.3396658338606
2026-07-21T03:03:19.371964+00:00,3847.0,34.0,96.02,33.0,1757.78515625,2454.6898034475744
2026-07-21T03:03:19.748576+00:00,3847.0,33.0,96.29,33.0,1757.78515625,2455.066415321082
2026-07-21T03:03:20.098161+00:00,3847.0,36.0,96.09,33.0,1757.78515625,2455.4160002842546
2026-07-21T03:03:20.434934+00:00,3847.0,35.0,96.03,33.0,1757.78515625,2455.75277287513
2026-07-21T03:03:20.841788+00:00,3847.0,2.0,95.47,33.0,1757.8125,2456.159626286477
2026-07-21T03:03:21.177841+00:00,3847.0,36.0,95.28,33.0,1757.8125,2456.495679937303
2026-07-21T03:03:21.510225+00:00,3847.0,34.0,94.88,33.0,1757.8125,2456.8280636630952
2026-07-21T03:03:21.863824+00:00,3847.0,34.0,94.89,33.0,1757.8125,2457.1816632933915
2026-07-21T03:03:22.243835+00:00,3847.0,36.0,95.3,33.0,1757.8125,2457.561673529446
2026-07-21T03:03:22.577858+00:00,3847.0,25.0,94.14,33.0,1757.8125,2457.895697429776
2026-07-21T03:03:22.932218+00:00,3847.0,33.0,94.24,33.0,1757.8125,2458.25005614385
2026-07-21T03:03:23.280826+00:00,3847.0,34.0,93.94,33.0,1757.8125,2458.5986649394035
2026-07-21T03:03:23.611496+00:00,3847.0,35.0,95.31,33.0,1757.8125,2458.9293346256018
2026-07-21T03:03:23.992045+00:00,3847.0,35.0,95.6,33.0,1757.8125,2459.3098833076656
2026-07-21T03:03:24.369543+00:00,3847.0,27.0,94.99,33.0,1757.8125,2459.6873807162046
2026-07-21T03:03:24.710085+00:00,3847.0,34.0,94.91,33.0,1757.8125,2460.0279239937663
2026-07-21T03:03:25.110272+00:00,3847.0,34.0,95.15,33.0,1757.8125,2460.4281105957925
2026-07-21T03:03:25.451145+00:00,3847.0,34.0,95.78,33.0,1757.8125,2460.7689844593406
2026-07-21T03:03:25.841109+00:00,3847.0,36.0,95.93,33.0,1757.8125,2461.1589480899274
2026-07-21T03:03:26.181011+00:00,3847.0,34.0,95.64,33.0,1757.8125,2461.498850066215
2026-07-21T03:03:26.495266+00:00,3847.0,36.0,95.65,33.0,1757.8125,2461.8131047561765
2026-07-21T03:03:26.876484+00:00,3847.0,34.0,95.64,33.0,1757.8125,2462.1943226344883
2026-07-21T03:03:27.205866+00:00,3847.0,34.0,95.3,33.0,1757.8125,2462.523704610765
2026-07-21T03:03:27.581043+00:00,3847.0,36.0,95.66,33.0,1757.8125,2462.8988814279437
2026-07-21T03:03:27.936906+00:00,3847.0,33.0,95.53,33.0,1757.8125,2463.25474447757
2026-07-21T03:03:28.314268+00:00,3847.0,34.0,95.89,33.0,1757.8125,2463.6321065090597
2026-07-21T03:03:28.647477+00:00,3847.0,35.0,96.22,33.0,1757.8125,2463.9653167426586
2026-07-21T03:03:28.980968+00:00,3847.0,36.0,95.88,33.0,1757.8125,2464.2988067641854
2026-07-21T03:03:29.336520+00:00,3847.0,34.0,95.66,33.0,1757.8125,2464.6543588899076
2026-07-21T03:03:29.712580+00:00,3847.0,34.0,96.0,33.0,1757.8125,2465.030418474227
2026-07-21T03:03:30.065526+00:00,3847.0,32.0,95.24,33.0,1757.84375,2465.383361991495
2026-07-21T03:03:30.448738+00:00,3847.0,34.0,94.79,33.0,1757.84375,2465.7665764652193
2026-07-21T03:03:30.804925+00:00,3847.0,34.0,94.55,33.0,1757.84375,2466.1227640360594
2026-07-21T03:03:31.166602+00:00,3847.0,35.0,95.31,33.0,1757.84375,2466.4844413362443
2026-07-21T03:03:31.550656+00:00,3847.0,35.0,95.64,33.0,1757.84375,2466.8684942275286
2026-07-21T03:03:31.864105+00:00,3847.0,34.0,95.57,33.0,1757.84375,2467.181944373995
2026-07-21T03:03:32.220449+00:00,3847.0,13.0,94.61,33.0,1757.86328125,2467.5382859036326
2026-07-21T03:03:32.584858+00:00,3847.0,32.0,93.95,33.0,1757.86328125,2467.902695659548
2026-07-21T03:03:32.970216+00:00,3847.0,35.0,94.29,33.0,1757.86328125,2468.2880545035005
2026-07-21T03:03:33.287342+00:00,3847.0,34.0,94.92,33.0,1757.86328125,2468.605180978775
2026-07-21T03:03:33.622387+00:00,3847.0,34.0,94.78,33.0,1757.86328125,2468.940225929022
2026-07-21T03:03:34.004432+00:00,3847.0,35.0,95.07,33.0,1757.86328125,2469.322269987315
2026-07-21T03:03:34.393599+00:00,3847.0,34.0,95.35,33.0,1757.86328125,2469.7114357873797
2026-07-21T03:03:34.800965+00:00,3847.0,33.0,94.67,33.0,1757.86328125,2470.1188036948442
2026-07-21T03:03:35.140828+00:00,3847.0,33.0,94.61,33.0,1757.86328125,2470.4586663097143
2026-07-21T03:03:35.501069+00:00,3847.0,34.0,94.66,33.0,1757.86328125,2470.818906713277
2026-07-21T03:03:35.843866+00:00,3847.0,36.0,94.18,33.0,1757.86328125,2471.161703746766
2026-07-21T03:03:36.203550+00:00,3847.0,34.0,94.61,33.0,1757.86328125,2471.521387118846
2026-07-21T03:03:36.567009+00:00,3847.0,35.0,94.43,33.0,1757.86328125,2471.884846765548
2026-07-21T03:03:36.976566+00:00,3847.0,34.0,94.49,33.0,1757.86328125,2472.2944039441645
2026-07-21T03:03:37.360107+00:00,3847.0,36.0,94.63,33.0,1757.86328125,2472.6779458895326
2026-07-21T03:03:37.716151+00:00,3847.0,35.0,95.27,33.0,1757.86328125,2473.033988762647
2026-07-21T03:03:38.072048+00:00,3847.0,33.0,95.87,33.0,1757.86328125,2473.3898872695863
2026-07-21T03:03:38.428448+00:00,3847.0,34.0,95.92,33.0,1757.86328125,2473.7462867051363
2026-07-21T03:03:38.800648+00:00,3847.0,34.0,96.09,33.0,1757.86328125,2474.11848635599
2026-07-21T03:03:39.130998+00:00,3847.0,32.0,96.19,33.0,1757.86328125,2474.448837187141
2026-07-21T03:03:39.488194+00:00,3847.0,36.0,96.25,33.0,1757.86328125,2474.8060336075723
2026-07-21T03:03:39.819590+00:00,3847.0,34.0,95.49,33.0,1757.86328125,2475.1374286338687
2026-07-21T03:03:40.149767+00:00,3847.0,35.0,95.76,33.0,1757.86328125,2475.467606332153
2026-07-21T03:03:40.485867+00:00,3847.0,34.0,95.42,33.0,1757.86328125,2475.803705673665
2026-07-21T03:03:40.867239+00:00,3847.0,33.0,95.64,33.0,1757.86328125,2476.1850779540837
2026-07-21T03:03:41.224138+00:00,3847.0,35.0,95.86,33.0,1757.86328125,2476.541976362467
2026-07-21T03:03:41.553998+00:00,3847.0,25.0,95.12,33.0,1757.890625,2476.87183496356
2026-07-21T03:03:41.909821+00:00,3847.0,35.0,94.55,33.0,1757.890625,2477.2276596538723
2026-07-21T03:03:42.267999+00:00,3847.0,34.0,94.05,33.0,1757.890625,2477.585838075727
2026-07-21T03:03:42.627679+00:00,3847.0,36.0,95.51,33.0,1757.890625,2477.9455181136727
2026-07-21T03:03:42.981860+00:00,3847.0,35.0,95.5,33.0,1757.890625,2478.2996987067163
2026-07-21T03:03:43.360498+00:00,3847.0,35.0,95.85,33.0,1757.890625,2478.67833641544
2026-07-21T03:03:43.722671+00:00,3847.0,35.0,95.76,33.0,1757.890625,2479.0405105799437
2026-07-21T03:03:44.035815+00:00,3847.0,35.0,95.96,33.0,1757.890625,2479.3536536991596
2026-07-21T03:03:44.378513+00:00,3847.0,34.0,95.51,33.0,1757.890625,2479.6963518746197
2026-07-21T03:03:44.718331+00:00,3847.0,35.0,95.26,33.0,1757.890625,2480.0361689068377
2026-07-21T03:03:45.055353+00:00,3847.0,35.0,95.18,33.0,1757.890625,2480.373192384839
2026-07-21T03:03:45.436037+00:00,3847.0,35.0,95.5,33.0,1757.890625,2480.7538758814335
2026-07-21T03:03:45.753728+00:00,3847.0,35.0,95.26,33.0,1757.890625,2481.0715659484267
2026-07-21T03:03:46.085224+00:00,3847.0,36.0,95.25,33.0,1757.890625,2481.4030630737543
2026-07-21T03:03:46.427060+00:00,3847.0,34.0,95.18,33.0,1757.890625,2481.7448987476528
2026-07-21T03:03:46.787735+00:00,3847.0,35.0,95.32,33.0,1757.890625,2482.1055741347373
2026-07-21T03:03:47.150987+00:00,3847.0,33.0,95.78,33.0,1757.890625,2482.468826252967
2026-07-21T03:03:47.515282+00:00,3847.0,35.0,95.83,33.0,1757.890625,2482.833121050149
2026-07-21T03:03:47.853981+00:00,3847.0,33.0,95.58,33.0,1757.890625,2483.1718200817704
2026-07-21T03:03:48.230697+00:00,3847.0,35.0,95.25,33.0,1757.890625,2483.548535194248
2026-07-21T03:03:48.567940+00:00,3847.0,35.0,95.24,33.0,1757.890625,2483.885778710246
2026-07-21T03:03:48.952069+00:00,3847.0,34.0,95.32,33.0,1757.8984375,2484.269905798137
2026-07-21T03:03:49.297572+00:00,3847.0,33.0,95.41,33.0,1757.8984375,2484.6154109202325
2026-07-21T03:03:49.655337+00:00,3847.0,36.0,95.57,33.0,1757.8984375,2484.973174829036
2026-07-21T03:03:50.016748+00:00,3847.0,34.0,95.73,33.0,1757.8984375,2485.3345867954195
2026-07-21T03:03:50.458914+00:00,3923.0,13.0,96.86,33.0,1757.93359375,2485.7767514921725
2026-07-21T03:03:50.821586+00:00,3925.0,36.0,98.02,33.0,1757.99609375,2486.1394250504673
2026-07-21T03:03:51.158102+00:00,3927.0,34.0,98.42,33.0,1757.99609375,2486.475939448923
2026-07-21T03:03:51.543100+00:00,3931.0,35.0,97.0,33.0,1757.99609375,2486.8609393127263
2026-07-21T03:03:51.877324+00:00,3931.0,34.0,96.72,33.0,1757.99609375,2487.19516286999
2026-07-21T03:03:52.230606+00:00,3931.0,34.0,96.77,33.0,1757.99609375,2487.5484453216195
2026-07-21T03:03:52.611117+00:00,3931.0,32.0,96.51,33.0,1757.99609375,2487.928956132382
2026-07-21T03:03:52.997147+00:00,3931.0,36.0,95.91,33.0,1757.99609375,2488.3149854056537
2026-07-21T03:03:53.375025+00:00,3931.0,35.0,96.01,33.0,1757.99609375,2488.6928636059165
2026-07-21T03:03:53.713211+00:00,3931.0,36.0,96.79,33.0,1757.99609375,2489.03104987368
2026-07-21T03:03:54.082529+00:00,3931.0,34.0,96.09,33.0,1758.01953125,2489.400367382914
2026-07-21T03:03:54.422323+00:00,3931.0,35.0,94.91,33.0,1758.01953125,2489.7401625066996
2026-07-21T03:03:54.784702+00:00,3931.0,35.0,94.14,33.0,1758.01953125,2490.1025406457484
2026-07-21T03:03:55.158337+00:00,3931.0,34.0,94.86,33.0,1758.01953125,2490.476176381111
2026-07-21T03:03:55.498436+00:00,3931.0,35.0,95.14,33.0,1758.01953125,2490.8162744417787
2026-07-21T03:03:55.841943+00:00,3931.0,33.0,95.28,33.0,1758.01953125,2491.159781370312
2026-07-21T03:03:56.206862+00:00,3931.0,35.0,95.26,33.0,1758.01953125,2491.524700488895
2026-07-21T03:03:56.563800+00:00,3931.0,36.0,95.34,33.0,1758.01953125,2491.8816384635866
2026-07-21T03:03:56.924013+00:00,3931.0,36.0,95.14,33.0,1758.01953125,2492.241851478815
2026-07-21T03:03:57.261199+00:00,3931.0,34.0,95.08,33.0,1758.01953125,2492.579037230462
2026-07-21T03:03:57.639129+00:00,3931.0,35.0,94.34,33.0,1758.04296875,2492.9569672346115
2026-07-21T03:03:57.998691+00:00,3931.0,35.0,94.4,33.0,1758.04296875,2493.316529467702
2026-07-21T03:03:58.358960+00:00,3931.0,33.0,94.08,33.0,1758.04296875,2493.6767874360085
2026-07-21T03:03:58.696897+00:00,3931.0,35.0,94.72,33.0,1758.04296875,2494.014735251665
2026-07-21T03:03:59.057444+00:00,3931.0,35.0,94.75,33.0,1758.04296875,2494.375283051282
2026-07-21T03:03:59.434354+00:00,3931.0,34.0,95.14,33.0,1758.04296875,2494.7521916478872
2026-07-21T03:03:59.821385+00:00,3931.0,34.0,95.35,33.0,1758.04296875,2495.13922386989
2026-07-21T03:04:00.133875+00:00,3931.0,35.0,95.24,33.0,1758.04296875,2495.451714001596
2026-07-21T03:04:00.472040+00:00,3931.0,35.0,95.04,33.0,1758.04296875,2495.7898796908557
2026-07-21T03:04:00.807173+00:00,3931.0,35.0,94.96,33.0,1758.04296875,2496.1250117756426
2026-07-21T03:04:01.159913+00:00,3931.0,35.0,94.97,33.0,1758.04296875,2496.4777514338493
2026-07-21T03:04:01.471818+00:00,3931.0,36.0,94.88,33.0,1758.04296875,2496.789656214416
2026-07-21T03:04:01.831697+00:00,3931.0,35.0,95.11,33.0,1758.04296875,2497.149535961449
2026-07-21T03:04:02.170283+00:00,3931.0,35.0,94.45,33.0,1758.0703125,2497.488121584058
2026-07-21T03:04:02.502089+00:00,3931.0,35.0,94.33,33.0,1758.0703125,2497.819928199053
2026-07-21T03:04:02.833022+00:00,3931.0,35.0,94.01,33.0,1758.0703125,2498.150860797614
2026-07-21T03:04:03.163416+00:00,3931.0,34.0,94.63,33.0,1758.0703125,2498.481254659593
2026-07-21T03:04:03.476089+00:00,3931.0,35.0,94.61,33.0,1758.0703125,2498.7939276844263
2026-07-21T03:04:03.835966+00:00,3931.0,35.0,94.58,33.0,1758.0703125,2499.153805203736
2026-07-21T03:04:04.188590+00:00,3931.0,36.0,95.14,33.0,1758.0703125,2499.5064297392964
2026-07-21T03:04:04.538015+00:00,3931.0,36.0,95.05,33.0,1758.0703125,2499.8558541722596
2026-07-21T03:04:04.851737+00:00,3931.0,36.0,94.93,33.0,1758.0703125,2500.1695761047304
2026-07-21T03:04:05.193121+00:00,3931.0,36.0,94.69,33.0,1758.0703125,2500.510959569365
2026-07-21T03:04:05.552492+00:00,3931.0,35.0,94.95,33.0,1758.0703125,2500.870331194252
2026-07-21T03:04:05.884650+00:00,3931.0,36.0,95.01,33.0,1758.07421875,2501.2024884186685
2026-07-21T03:04:06.215003+00:00,3931.0,35.0,95.26,33.0,1758.07421875,2501.532842475921
2026-07-21T03:04:06.570265+00:00,3931.0,35.0,95.17,33.0,1758.07421875,2501.8881045505404
2026-07-21T03:04:06.900410+00:00,3931.0,35.0,94.93,33.0,1758.07421875,2502.2182489149272
2026-07-21T03:04:07.233812+00:00,3931.0,36.0,94.95,33.0,1758.07421875,2502.5516502559185
2026-07-21T03:04:07.570887+00:00,3931.0,36.0,95.16,33.0,1758.07421875,2502.8887261152267
2026-07-21T03:04:07.945164+00:00,3931.0,36.0,95.55,33.0,1758.07421875,2503.263003051281
2026-07-21T03:04:08.275827+00:00,3931.0,35.0,94.36,33.0,1758.1015625,2503.593660593033
2026-07-21T03:04:08.635653+00:00,3931.0,35.0,94.34,33.0,1758.1015625,2503.9534919261932
2026-07-21T03:04:08.948909+00:00,3931.0,35.0,93.56,33.0,1758.1015625,2504.2667485140264
2026-07-21T03:04:09.328631+00:00,3931.0,35.0,94.71,33.0,1758.1015625,2504.646469540894
2026-07-21T03:04:09.662001+00:00,3931.0,36.0,94.81,33.0,1758.1015625,2504.9798400588334
2026-07-21T03:04:10.015759+00:00,3931.0,35.0,95.33,33.0,1758.1015625,2505.3335980921984
2026-07-21T03:04:10.327446+00:00,3931.0,36.0,94.97,33.0,1758.1015625,2505.6452846974134
2026-07-21T03:04:10.656247+00:00,3931.0,36.0,94.98,33.0,1758.1015625,2505.974086817354
2026-07-21T03:04:11.032122+00:00,3931.0,34.0,95.23,33.0,1758.1015625,2506.3499608412385
2026-07-21T03:04:11.412711+00:00,3931.0,34.0,95.53,33.0,1758.1015625,2506.7305488809943
2026-07-21T03:04:11.750495+00:00,3931.0,34.0,95.32,33.0,1758.1015625,2507.0683342553675
2026-07-21T03:04:12.089512+00:00,3931.0,34.0,95.04,33.0,1758.1015625,2507.407351061702
2026-07-21T03:04:12.422209+00:00,3931.0,33.0,94.63,33.0,1758.1015625,2507.740047931671
2026-07-21T03:04:12.760204+00:00,3931.0,36.0,94.66,33.0,1758.1015625,2508.0780435055494
2026-07-21T03:04:13.094250+00:00,3931.0,36.0,95.0,33.0,1758.1015625,2508.412089224905
2026-07-21T03:04:13.524856+00:00,3931.0,7.0,94.42,33.0,1758.125,2508.8426946923137
2026-07-21T03:04:13.864530+00:00,3931.0,31.0,94.1,33.0,1758.125,2509.182369194925
2026-07-21T03:04:14.244406+00:00,3931.0,34.0,93.69,33.0,1758.125,2509.5622454844415
2026-07-21T03:04:14.597205+00:00,3931.0,33.0,94.29,33.0,1758.125,2509.9150433540344
2026-07-21T03:04:14.954219+00:00,3931.0,34.0,94.42,33.0,1758.125,2510.272057298571
2026-07-21T03:04:15.312957+00:00,3931.0,34.0,94.72,33.0,1758.125,2510.630796186626
2026-07-21T03:04:15.664252+00:00,3931.0,35.0,95.0,33.0,1758.125,2510.9820911064744
2026-07-21T03:04:16.022969+00:00,3931.0,23.0,93.95,33.0,1758.15625,2511.340806901455
2026-07-21T03:04:16.383868+00:00,3931.0,35.0,93.87,33.0,1758.15625,2511.701706767082
2026-07-21T03:04:16.720418+00:00,3931.0,36.0,93.76,33.0,1758.16015625,2512.038257420063
2026-07-21T03:04:17.057287+00:00,3931.0,35.0,94.76,33.0,1758.16015625,2512.3751266784966
2026-07-21T03:04:17.408749+00:00,3931.0,35.0,94.96,33.0,1758.1640625,2512.726588372141
2026-07-21T03:04:17.745360+00:00,3931.0,35.0,94.95,33.0,1758.1640625,2513.06319880113
2026-07-21T03:04:18.081282+00:00,3931.0,36.0,95.04,33.0,1758.1640625,2513.3991211503744
2026-07-21T03:04:18.396996+00:00,3931.0,36.0,95.0,33.0,1758.1640625,2513.7148360982537
2026-07-21T03:04:18.731631+00:00,3931.0,36.0,95.25,33.0,1758.1640625,2514.0494707003236
2026-07-21T03:04:19.089980+00:00,3931.0,35.0,95.19,33.0,1758.1640625,2514.4078199602664
2026-07-21T03:04:19.426291+00:00,3931.0,35.0,94.97,33.0,1758.1640625,2514.744129423052
2026-07-21T03:04:19.754395+00:00,3931.0,10.0,94.23,33.0,1758.19140625,2515.0722330994904
2026-07-21T03:04:20.120961+00:00,3931.0,35.0,94.31,33.0,1758.19140625,2515.4387991167605
2026-07-21T03:04:20.449376+00:00,3931.0,35.0,94.24,33.0,1758.19140625,2515.7672152519226
2026-07-21T03:04:20.780277+00:00,3931.0,35.0,95.18,33.0,1758.19921875,2516.098116271198
2026-07-21T03:04:21.108621+00:00,3931.0,35.0,95.0,33.0,1758.19921875,2516.4264594577253
2026-07-21T03:04:21.440418+00:00,3931.0,36.0,94.99,33.0,1758.19921875,2516.7582577876747
2026-07-21T03:04:21.797904+00:00,3931.0,36.0,94.92,33.0,1758.203125,2517.1157431416214
2026-07-21T03:04:22.177224+00:00,3931.0,36.0,95.33,33.0,1758.203125,2517.4950630813837
2026-07-21T03:04:22.519697+00:00,3931.0,35.0,95.03,33.0,1758.21484375,2517.837535917759
2026-07-21T03:04:22.850278+00:00,3931.0,35.0,95.07,33.0,1758.21484375,2518.1681172437966
2026-07-21T03:04:23.179220+00:00,3931.0,35.0,94.71,33.0,1758.22265625,2518.4970590099692
2026-07-21T03:04:23.509723+00:00,3931.0,35.0,95.19,33.0,1758.22265625,2518.8275628201663
2026-07-21T03:04:23.842033+00:00,3931.0,34.0,95.19,33.0,1758.22265625,2519.159872505814
2026-07-21T03:04:24.196408+00:00,3931.0,36.0,95.3,33.0,1758.22265625,2519.514246676117
2026-07-21T03:04:24.508247+00:00,3931.0,36.0,95.02,33.0,1758.22265625,2519.8260858803988
2026-07-21T03:04:24.898895+00:00,3931.0,35.0,94.79,33.0,1758.23046875,2520.2167334742844
2026-07-21T03:04:25.234783+00:00,3931.0,35.0,94.02,33.0,1758.26953125,2520.5526219643652
2026-07-21T03:04:25.568231+00:00,3931.0,35.0,94.15,33.0,1758.26953125,2520.8860705271363
2026-07-21T03:04:25.901290+00:00,3931.0,35.0,94.68,33.0,1758.2734375,2521.2191294282675
2026-07-21T03:04:26.211368+00:00,3931.0,34.0,94.54,33.0,1758.2734375,2521.529207315296
2026-07-21T03:04:26.593273+00:00,3931.0,35.0,94.72,33.0,1758.27734375,2521.911111947149
2026-07-21T03:04:26.905683+00:00,3931.0,36.0,94.87,33.0,1758.27734375,2522.2235221266747
2026-07-21T03:04:27.263402+00:00,3931.0,35.0,95.2,33.0,1758.27734375,2522.581240814179
2026-07-21T03:04:27.645661+00:00,3931.0,34.0,95.45,33.0,1758.2890625,2522.9635004103184
2026-07-21T03:04:28.074546+00:00,3931.0,13.0,94.12,33.0,1758.3125,2523.392383929342
2026-07-21T03:04:28.414427+00:00,3931.0,33.0,93.95,33.0,1758.31640625,2523.732265986502
2026-07-21T03:04:28.752149+00:00,3931.0,34.0,93.91,33.0,1758.31640625,2524.069987539202
2026-07-21T03:04:29.095923+00:00,3931.0,34.0,94.37,33.0,1758.3203125,2524.413762193173
2026-07-21T03:04:29.426826+00:00,3931.0,34.0,94.45,33.0,1758.32421875,2524.7446643449366
2026-07-21T03:04:29.789597+00:00,3931.0,34.0,94.77,33.0,1758.32421875,2525.1074359230697
2026-07-21T03:04:30.120822+00:00,3931.0,35.0,94.2,33.0,1758.3359375,2525.4386605918407
2026-07-21T03:04:30.458547+00:00,3931.0,36.0,93.97,33.0,1758.3359375,2525.776386026293
2026-07-21T03:04:30.839790+00:00,3931.0,35.0,94.49,33.0,1758.34375,2526.157629121095
2026-07-21T03:04:31.179192+00:00,3931.0,34.0,94.93,33.0,1758.34375,2526.4970317594707
2026-07-21T03:04:31.535414+00:00,3931.0,35.0,95.1,33.0,1758.34375,2526.853251401335
2026-07-21T03:04:31.869558+00:00,3931.0,34.0,94.78,33.0,1758.3515625,2527.1873967945576
2026-07-21T03:04:32.202354+00:00,3931.0,35.0,94.74,33.0,1758.3515625,2527.5201926343143
2026-07-21T03:04:32.514315+00:00,3931.0,35.0,94.83,33.0,1758.3671875,2527.8321536816657
2026-07-21T03:04:32.872332+00:00,3931.0,35.0,94.94,33.0,1758.3671875,2528.1901707462966
2026-07-21T03:04:33.205520+00:00,3931.0,35.0,94.75,33.0,1758.37109375,2528.5233595259488
2026-07-21T03:04:33.537148+00:00,3931.0,36.0,95.02,33.0,1758.375,2528.8549870848656
2026-07-21T03:04:33.871847+00:00,3931.0,35.0,94.93,33.0,1758.375,2529.1896849237382
2026-07-21T03:04:34.209613+00:00,3931.0,35.0,95.25,33.0,1758.3828125,2529.5274515375495
2026-07-21T03:04:34.537500+00:00,3931.0,36.0,95.03,33.0,1758.3828125,2529.855339307338
2026-07-21T03:04:34.870326+00:00,3931.0,36.0,95.03,33.0,1758.390625,2530.188165832311
2026-07-21T03:04:35.224479+00:00,3931.0,35.0,95.19,33.0,1758.40625,2530.542318020016
2026-07-21T03:04:35.583179+00:00,3931.0,36.0,95.58,33.0,1758.41015625,2530.901018049568
2026-07-21T03:04:35.912635+00:00,3931.0,36.0,95.78,33.0,1758.41015625,2531.230474293232
2026-07-21T03:04:36.245320+00:00,3931.0,35.0,95.36,33.0,1758.41015625,2531.5631591267884
2026-07-21T03:04:36.577031+00:00,3931.0,36.0,95.49,33.0,1758.4296875,2531.8948707953095
2026-07-21T03:04:36.964507+00:00,3931.0,11.0,94.58,33.0,1758.46484375,2532.2823456563056
2026-07-21T03:04:37.339858+00:00,3931.0,35.0,95.06,33.0,1758.46875,2532.657696723938
2026-07-21T03:04:37.672701+00:00,3931.0,35.0,94.62,33.0,1758.47265625,2532.9905410706997
2026-07-21T03:04:38.004425+00:00,3931.0,36.0,94.72,33.0,1758.47265625,2533.322264675051
2026-07-21T03:04:38.382268+00:00,3931.0,36.0,94.8,33.0,1758.484375,2533.7001079544425
2026-07-21T03:04:38.712086+00:00,3931.0,35.0,95.25,33.0,1758.484375,2534.0299256034195
2026-07-21T03:04:39.069999+00:00,3931.0,35.0,95.31,33.0,1758.5,2534.38783814013
2026-07-21T03:04:39.401388+00:00,3931.0,35.0,94.98,33.0,1758.5,2534.7192274443805
2026-07-21T03:04:39.757573+00:00,3931.0,36.0,95.63,33.0,1758.50390625,2535.075411800295
2026-07-21T03:04:40.095250+00:00,3931.0,36.0,95.52,33.0,1758.515625,2535.4130888581276
2026-07-21T03:04:40.452374+00:00,3931.0,36.0,95.53,33.0,1758.515625,2535.7702133879066
2026-07-21T03:04:40.763120+00:00,3931.0,36.0,95.08,33.0,1758.53125,2536.0809601917863
2026-07-21T03:04:41.119734+00:00,3931.0,36.0,95.14,33.0,1758.53125,2536.4375735782087
2026-07-21T03:04:41.450972+00:00,3931.0,35.0,95.25,33.0,1758.53515625,2536.7688114754856
2026-07-21T03:04:41.781447+00:00,3931.0,35.0,95.24,33.0,1758.5546875,2537.099285569042
2026-07-21T03:04:42.130244+00:00,3931.0,35.0,95.49,33.0,1758.5546875,2537.4480830021203
2026-07-21T03:04:42.482940+00:00,3931.0,35.0,95.58,33.0,1758.5625,2537.800779104233
2026-07-21T03:04:42.815973+00:00,3931.0,36.0,95.44,33.0,1758.5625,2538.133813366294
2026-07-21T03:04:43.148545+00:00,3931.0,36.0,95.34,33.0,1758.57421875,2538.4663839377463
2026-07-21T03:04:43.479901+00:00,3931.0,36.0,95.3,33.0,1758.57421875,2538.7977405302227
2026-07-21T03:04:43.858754+00:00,3931.0,36.0,95.63,33.0,1758.578125,2539.176593389362
2026-07-21T03:04:44.236416+00:00,3931.0,35.0,95.94,33.0,1758.58984375,2539.554254889488
2026-07-21T03:04:44.592735+00:00,3931.0,35.0,95.74,33.0,1758.58984375,2539.910573977977
2026-07-21T03:04:44.926234+00:00,3931.0,37.0,95.65,33.0,1758.60546875,2540.2440724745393
2026-07-21T03:04:45.280576+00:00,3931.0,35.0,95.43,33.0,1758.60546875,2540.5984151139855
2026-07-21T03:04:45.683674+00:00,3931.0,35.0,94.97,33.0,1758.640625,2541.0015098154545
2026-07-21T03:04:46.049916+00:00,3931.0,33.0,94.94,33.0,1758.6796875,2541.3677526675165
2026-07-21T03:04:46.434181+00:00,3931.0,34.0,94.34,33.0,1758.6796875,2541.7520194500685
2026-07-21T03:04:46.771354+00:00,3931.0,35.0,95.85,33.0,1758.6796875,2542.0891936570406
2026-07-21T03:04:47.106543+00:00,3931.0,34.0,94.72,33.0,1758.6796875,2542.4243820011616
2026-07-21T03:04:47.469599+00:00,3931.0,36.0,95.07,33.0,1758.70703125,2542.7874377183616
2026-07-21T03:04:47.806824+00:00,3931.0,34.0,95.18,33.0,1758.70703125,2543.1246632933617
2026-07-21T03:04:48.141723+00:00,3931.0,35.0,95.23,33.0,1758.7109375,2543.45956267789
2026-07-21T03:04:48.482690+00:00,3931.0,35.0,94.86,33.0,1758.71875,2543.8005289919674
2026-07-21T03:04:48.817607+00:00,3931.0,36.0,94.93,33.0,1758.71875,2544.135446898639
2026-07-21T03:04:49.317955+00:00,3931.0,3.0,93.65,33.0,1758.73046875,2544.6357937455177
2026-07-21T03:04:49.654452+00:00,3931.0,36.0,93.93,33.0,1758.73046875,2544.972290482372
2026-07-21T03:04:49.989701+00:00,3931.0,35.0,93.92,33.0,1758.73046875,2545.3075403235853
2026-07-21T03:04:50.374124+00:00,3931.0,7.0,94.76,33.0,1758.75390625,2545.691962353885
2026-07-21T03:04:50.705400+00:00,3931.0,35.0,94.38,33.0,1758.75390625,2546.0232393555343
2026-07-21T03:04:51.018336+00:00,3931.0,35.0,93.93,33.0,1758.75390625,2546.33617541939
2026-07-21T03:04:51.352893+00:00,3931.0,36.0,95.1,33.0,1758.75390625,2546.670731883496
2026-07-21T03:04:51.708110+00:00,3931.0,35.0,94.36,33.0,1758.75390625,2547.0259492471814
2026-07-21T03:04:52.041015+00:00,3931.0,36.0,94.31,33.0,1758.75390625,2547.358854625374
2026-07-21T03:04:52.397731+00:00,3931.0,35.0,95.07,33.0,1758.75390625,2547.7155706472695
2026-07-21T03:04:52.756277+00:00,3931.0,36.0,95.95,33.0,1758.75390625,2548.074116192758
2026-07-21T03:04:53.068337+00:00,3931.0,36.0,95.64,33.0,1758.75390625,2548.386175945401
2026-07-21T03:04:53.396834+00:00,3931.0,36.0,95.5,33.0,1758.75390625,2548.7146730944514
2026-07-21T03:04:53.726812+00:00,3931.0,36.0,95.24,33.0,1758.75390625,2549.0446513853967
2026-07-21T03:04:54.078448+00:00,3931.0,36.0,95.78,33.0,1758.75390625,2549.396287318319
2026-07-21T03:04:54.387988+00:00,3931.0,36.0,95.56,33.0,1758.75390625,2549.7058265432715
2026-07-21T03:04:54.744406+00:00,3931.0,35.0,95.45,33.0,1758.75390625,2550.062245618552
2026-07-21T03:04:55.090867+00:00,3931.0,35.0,95.23,33.0,1758.7578125,2550.408695563674
2026-07-21T03:04:55.424883+00:00,3931.0,35.0,95.59,33.0,1758.7578125,2550.7427223026752
2026-07-21T03:04:55.757481+00:00,3931.0,36.0,95.59,33.0,1758.7578125,2551.0753197707236
2026-07-21T03:04:56.109459+00:00,3931.0,36.0,95.36,33.0,1758.7578125,2551.4272981993854
2026-07-21T03:04:56.465073+00:00,3931.0,36.0,95.35,33.0,1758.7578125,2551.7829122021794
2026-07-21T03:04:56.798158+00:00,3931.0,36.0,95.41,33.0,1758.7578125,2552.1159972138703
2026-07-21T03:04:57.179045+00:00,3931.0,35.0,95.92,33.0,1758.7578125,2552.4968781098723
2026-07-21T03:04:57.514908+00:00,3931.0,36.0,95.55,33.0,1758.7578125,2552.832747593522
2026-07-21T03:04:57.828131+00:00,3931.0,36.0,95.35,33.0,1758.7578125,2553.145964831114
2026-07-21T03:04:58.184324+00:00,3931.0,36.0,95.25,33.0,1758.7578125,2553.5021636635065
2026-07-21T03:04:58.493972+00:00,3931.0,36.0,95.5,33.0,1758.7578125,2553.811811544001
2026-07-21T03:04:58.829574+00:00,3931.0,35.0,95.39,33.0,1758.7578125,2554.1474124118686
2026-07-21T03:04:59.142328+00:00,3931.0,18.0,93.9,33.0,1758.78515625,2554.4601667933166
2026-07-21T03:04:59.476435+00:00,3931.0,35.0,94.26,33.0,1758.78515625,2554.7942745164037
2026-07-21T03:04:59.787777+00:00,3931.0,35.0,94.05,33.0,1758.78515625,2555.1056168824434
2026-07-21T03:05:00.119828+00:00,3931.0,35.0,95.15,33.0,1758.78515625,2555.4376671388745
2026-07-21T03:05:00.500330+00:00,3931.0,35.0,94.77,33.0,1758.78515625,2555.818168848753
2026-07-21T03:05:00.864288+00:00,3931.0,35.0,94.58,33.0,1758.78515625,2556.1821275018156
2026-07-21T03:05:01.199135+00:00,3931.0,35.0,94.61,33.0,1758.78515625,2556.5169740356505
2026-07-21T03:05:01.557116+00:00,3931.0,36.0,94.55,33.0,1758.78515625,2556.8749550879
2026-07-21T03:05:01.889942+00:00,3931.0,35.0,94.49,33.0,1758.78515625,2557.2077815122902
2026-07-21T03:05:02.249248+00:00,3931.0,34.0,94.62,33.0,1758.78515625,2557.567085456103
2026-07-21T03:05:02.604672+00:00,3931.0,35.0,93.96,33.0,1758.78515625,2557.9225108735263
2026-07-21T03:05:02.918560+00:00,3931.0,34.0,94.11,33.0,1758.78515625,2558.2363983243704
2026-07-21T03:05:03.254560+00:00,3931.0,34.0,94.12,33.0,1758.78515625,2558.572399407625
2026-07-21T03:05:03.637256+00:00,3931.0,33.0,94.19,33.0,1758.78515625,2558.955094501376
2026-07-21T03:05:03.996406+00:00,3931.0,35.0,93.75,33.0,1758.78515625,2559.314244490117
2026-07-21T03:05:04.352068+00:00,3931.0,36.0,93.91,33.0,1758.78515625,2559.6699074581265
2026-07-21T03:05:04.800800+00:00,3931.0,15.0,93.98,33.0,1758.8125,2560.1186378896236
2026-07-21T03:05:05.112446+00:00,3931.0,35.0,94.49,33.0,1758.8125,2560.430285293609
2026-07-21T03:05:05.468728+00:00,3931.0,36.0,94.33,33.0,1758.8125,2560.7865673564374
2026-07-21T03:05:05.801033+00:00,3931.0,36.0,94.37,33.0,1758.8125,2561.1188720427454
2026-07-21T03:05:06.181772+00:00,3931.0,36.0,95.12,33.0,1758.8125,2561.4996113553643
2026-07-21T03:05:06.493497+00:00,3931.0,36.0,94.98,33.0,1758.8125,2561.8113368861377
2026-07-21T03:05:06.802905+00:00,3931.0,36.0,94.97,33.0,1758.8125,2562.1207440048456
2026-07-21T03:05:07.114325+00:00,3931.0,35.0,94.9,33.0,1758.8125,2562.432164248079
2026-07-21T03:05:07.512470+00:00,3931.0,36.0,94.9,33.0,1758.8125,2562.8303083851933
2026-07-21T03:05:07.854631+00:00,3931.0,35.0,94.48,33.0,1758.83203125,2563.172469340265
2026-07-21T03:05:08.190025+00:00,3931.0,36.0,94.53,33.0,1758.83203125,2563.5078645907342
2026-07-21T03:05:08.523223+00:00,3931.0,35.0,94.96,33.0,1758.83203125,2563.8410622142255
2026-07-21T03:05:08.880139+00:00,3931.0,35.0,94.99,33.0,1758.83203125,2564.197977807373
2026-07-21T03:05:09.232699+00:00,3931.0,35.0,95.21,33.0,1758.83203125,2564.550538223237
2026-07-21T03:05:09.609623+00:00,3931.0,35.0,95.02,33.0,1758.83203125,2564.9274625368416
2026-07-21T03:05:09.921124+00:00,3931.0,35.0,95.16,33.0,1758.83203125,2565.2389637306333
2026-07-21T03:05:10.253980+00:00,3931.0,36.0,94.86,33.0,1758.83203125,2565.5718188732862
2026-07-21T03:05:10.612510+00:00,3931.0,36.0,94.81,33.0,1758.83203125,2565.930349186063
2026-07-21T03:05:10.946326+00:00,3931.0,36.0,94.55,33.0,1758.83203125,2566.264165133238
2026-07-21T03:05:11.277734+00:00,3931.0,36.0,94.62,33.0,1758.83203125,2566.5955735594034
2026-07-21T03:05:11.608678+00:00,3931.0,36.0,94.76,33.0,1758.83203125,2566.9265179783106
2026-07-21T03:05:11.967793+00:00,3931.0,36.0,94.95,33.0,1758.83203125,2567.285631671548
2026-07-21T03:05:12.301345+00:00,3931.0,36.0,95.02,33.0,1758.83203125,2567.6191840842366
2026-07-21T03:05:12.630519+00:00,3931.0,36.0,95.42,33.0,1758.83203125,2567.948359001428
2026-07-21T03:05:12.961095+00:00,3931.0,35.0,94.98,33.0,1758.83203125,2568.278935074806
2026-07-21T03:05:13.271352+00:00,3931.0,36.0,95.12,33.0,1758.83203125,2568.589192096144
2026-07-21T03:05:13.684619+00:00,3931.0,15.0,94.12,33.0,1758.85546875,2569.002457488328
2026-07-21T03:05:14.039941+00:00,3931.0,34.0,94.33,33.0,1758.85546875,2569.357780288905
2026-07-21T03:05:14.393464+00:00,3931.0,35.0,94.21,33.0,1758.85546875,2569.7113034278154
2026-07-21T03:05:14.728709+00:00,3931.0,35.0,94.94,33.0,1758.85546875,2570.0465484671295
2026-07-21T03:05:15.091017+00:00,3931.0,35.0,94.93,33.0,1758.85546875,2570.4088561609387
2026-07-21T03:05:15.402438+00:00,3931.0,35.0,94.55,33.0,1758.85546875,2570.720277197659
2026-07-21T03:05:15.738088+00:00,3931.0,35.0,95.0,33.0,1758.85546875,2571.055926658213
2026-07-21T03:05:16.120358+00:00,3931.0,35.0,94.79,33.0,1758.85546875,2571.43819694221
2026-07-21T03:05:16.457258+00:00,3931.0,36.0,95.24,33.0,1758.85546875,2571.7750978022814
2026-07-21T03:05:16.790308+00:00,3931.0,36.0,95.22,33.0,1758.85546875,2572.1081475950778
2026-07-21T03:05:17.173269+00:00,3931.0,33.0,93.9,33.0,1761.83984375,2572.4911070279777
2026-07-21T03:05:17.510859+00:00,3931.0,34.0,93.46,33.0,1761.83984375,2572.82869855687
2026-07-21T03:05:17.888386+00:00,3931.0,34.0,93.4,33.0,1761.83984375,2573.206225413829
2026-07-21T03:05:18.270156+00:00,3931.0,33.0,94.36,33.0,1761.83984375,2573.5879934728146
2026-07-21T03:05:18.648821+00:00,3931.0,36.0,94.21,33.0,1761.83984375,2573.96665982157
2026-07-21T03:05:19.029057+00:00,3931.0,35.0,94.35,33.0,1761.83984375,2574.3468967303634
2026-07-21T03:05:19.367860+00:00,3931.0,34.0,94.74,33.0,1761.83984375,2574.6856992170215
2026-07-21T03:05:19.704876+00:00,3931.0,34.0,94.44,33.0,1761.83984375,2575.0227148756385
2026-07-21T03:05:20.042398+00:00,3931.0,33.0,94.13,33.0,1761.83984375,2575.360236816108
2026-07-21T03:05:20.378031+00:00,3931.0,34.0,94.13,33.0,1761.83984375,2575.695870578289
2026-07-21T03:05:20.710276+00:00,3931.0,34.0,94.04,33.0,1761.83984375,2576.028115067631
2026-07-21T03:05:21.045433+00:00,3931.0,36.0,94.05,33.0,1761.83984375,2576.363272495568
2026-07-21T03:05:21.420793+00:00,3931.0,35.0,94.61,33.0,1761.83984375,2576.7386316098273
2026-07-21T03:05:21.776376+00:00,3931.0,35.0,94.95,33.0,1761.83984375,2577.0942147038877
2026-07-21T03:05:22.116680+00:00,3931.0,35.0,95.14,33.0,1761.83984375,2577.4345191940665
2026-07-21T03:05:22.497280+00:00,3931.0,35.0,94.94,33.0,1761.83984375,2577.815118961036
2026-07-21T03:05:22.901772+00:00,3931.0,35.0,94.67,33.0,1764.75390625,2578.2196106500924
2026-07-21T03:05:23.266537+00:00,3931.0,34.0,94.01,33.0,1764.9609375,2578.584374818951
2026-07-21T03:05:23.602265+00:00,3931.0,35.0,94.06,33.0,1764.9609375,2578.920104339719
2026-07-21T03:05:23.983950+00:00,3931.0,34.0,94.99,33.0,1764.9609375,2579.3017883449793
2026-07-21T03:05:24.314295+00:00,3931.0,35.0,94.58,33.0,1764.9609375,2579.6321329139173
2026-07-21T03:05:24.672825+00:00,3931.0,35.0,94.84,33.0,1764.9609375,2579.990663718432
2026-07-21T03:05:25.010052+00:00,3931.0,36.0,94.31,33.0,1764.9609375,2580.3278910517693
2026-07-21T03:05:25.345348+00:00,3931.0,35.0,94.19,33.0,1764.9609375,2580.663185238838
2026-07-21T03:05:25.682751+00:00,3931.0,35.0,94.06,33.0,1764.9609375,2581.000589635223
2026-07-21T03:05:25.999307+00:00,3931.0,35.0,94.44,33.0,1764.9609375,2581.317146152258
2026-07-21T03:05:26.352740+00:00,3931.0,36.0,94.25,33.0,1764.9609375,2581.670578982681
2026-07-21T03:05:26.685408+00:00,3931.0,35.0,94.22,33.0,1764.9609375,2582.0032458268106
2026-07-21T03:05:27.049469+00:00,3931.0,36.0,94.57,33.0,1764.9609375,2582.367307472974
2026-07-21T03:05:27.409272+00:00,3931.0,34.0,94.67,33.0,1764.9609375,2582.7271108590066
2026-07-21T03:05:27.764747+00:00,3931.0,35.0,94.88,33.0,1764.9609375,2583.0825865268707
2026-07-21T03:05:28.102327+00:00,3931.0,34.0,95.02,33.0,1764.9609375,2583.420165862888
2026-07-21T03:05:28.439848+00:00,3931.0,36.0,94.86,33.0,1764.9609375,2583.757687371224
2026-07-21T03:05:28.816925+00:00,3931.0,36.0,95.15,33.0,1764.9609375,2584.1347647346556
2026-07-21T03:05:29.182105+00:00,3931.0,32.0,95.19,33.0,1764.9609375,2584.4999438412488
2026-07-21T03:05:29.519073+00:00,3931.0,34.0,95.25,33.0,1764.9609375,2584.8369117751718
2026-07-21T03:05:29.928976+00:00,3931.0,0.0,94.13,32.0,1766.53125,2585.2468139007688
2026-07-21T03:05:30.266395+00:00,3931.0,35.0,93.82,33.0,1766.53125,2585.584233377129
2026-07-21T03:05:30.629058+00:00,3931.0,34.0,93.43,33.0,1766.53125,2585.9468952305615
2026-07-21T03:05:30.943333+00:00,3931.0,34.0,93.88,33.0,1766.53125,2586.2611718140543
2026-07-21T03:05:31.331980+00:00,3931.0,33.0,94.43,33.0,1766.53125,2586.6498177349567
2026-07-21T03:05:31.712786+00:00,3931.0,19.0,93.43,33.0,1771.2109375,2587.0306244194508
2026-07-21T03:05:32.051272+00:00,3931.0,34.0,93.51,33.0,1771.2109375,2587.3691096678376
2026-07-21T03:05:32.386502+00:00,3931.0,35.0,93.15,33.0,1771.2109375,2587.70434095338
2026-07-21T03:05:32.743758+00:00,3931.0,36.0,94.3,33.0,1771.2109375,2588.0615974254906
2026-07-21T03:05:33.099843+00:00,3931.0,34.0,94.65,33.0,1771.2109375,2588.4176807776093
2026-07-21T03:05:33.461810+00:00,3931.0,34.0,94.56,33.0,1771.2109375,2588.77964919433
2026-07-21T03:05:33.816357+00:00,3931.0,35.0,94.76,33.0,1771.2109375,2589.134195871651
2026-07-21T03:05:34.153158+00:00,3931.0,34.0,94.97,33.0,1771.2109375,2589.47099673748
2026-07-21T03:05:34.512295+00:00,3931.0,34.0,94.72,33.0,1771.2109375,2589.8301341459155
2026-07-21T03:05:34.895761+00:00,3931.0,35.0,95.03,33.0,1771.2109375,2590.213599666953
2026-07-21T03:05:35.229336+00:00,3931.0,34.0,94.99,33.0,1771.2109375,2590.547175001353
2026-07-21T03:05:35.613380+00:00,3931.0,35.0,94.84,33.0,1771.2109375,2590.9312178231776
2026-07-21T03:05:35.981220+00:00,3931.0,35.0,95.0,33.0,1771.2109375,2591.2990590035915
2026-07-21T03:05:36.426551+00:00,3931.0,36.0,94.77,33.0,1771.21875,2591.7443897016346
2026-07-21T03:05:36.744183+00:00,3931.0,35.0,94.14,33.0,1771.23046875,2592.062020946294
2026-07-21T03:05:37.085180+00:00,3931.0,36.0,93.71,33.0,1771.23046875,2592.4030188024044
2026-07-21T03:05:37.448572+00:00,3931.0,21.0,93.01,32.0,1771.23046875,2592.766411330551
2026-07-21T03:05:37.837306+00:00,3931.0,34.0,92.87,33.0,1771.23046875,2593.155145138502
2026-07-21T03:05:38.205306+00:00,3931.0,36.0,93.5,33.0,1771.23046875,2593.5231452807784
2026-07-21T03:05:38.542613+00:00,3931.0,34.0,95.21,33.0,1771.23046875,2593.860452335328
2026-07-21T03:05:38.882282+00:00,3931.0,35.0,94.5,33.0,1771.23046875,2594.2001214772463
2026-07-21T03:05:39.218027+00:00,3931.0,36.0,94.46,33.0,1771.23046875,2594.535866267979
2026-07-21T03:05:39.576778+00:00,3931.0,35.0,94.33,33.0,1771.23046875,2594.8946168757975
2026-07-21T03:05:39.937023+00:00,3931.0,35.0,95.08,33.0,1771.23046875,2595.2548616826534
2026-07-21T03:05:40.276832+00:00,3931.0,35.0,95.17,33.0,1771.23046875,2595.5946709923446
2026-07-21T03:05:40.614466+00:00,3931.0,33.0,95.12,33.0,1771.23046875,2595.932304877788
2026-07-21T03:05:40.950825+00:00,3931.0,36.0,94.72,33.0,1771.23046875,2596.2686638236046
2026-07-21T03:05:41.300303+00:00,3931.0,35.0,94.75,33.0,1771.23046875,2596.6181419603527
2026-07-21T03:05:41.677504+00:00,3931.0,35.0,95.3,33.0,1771.23046875,2596.9953424967825
2026-07-21T03:05:42.014341+00:00,3931.0,36.0,95.57,32.0,1771.23046875,2597.3321793340147
2026-07-21T03:05:42.372587+00:00,3931.0,34.0,95.48,33.0,1771.23046875,2597.690426066518
2026-07-21T03:05:42.727979+00:00,3931.0,35.0,95.58,33.0,1771.23046875,2598.0458182506263
2026-07-21T03:05:43.107120+00:00,3931.0,35.0,95.43,32.0,1771.23046875,2598.424959138036
2026-07-21T03:05:43.509117+00:00,3931.0,0.0,94.82,32.0,1774.42578125,2598.8269554264843
2026-07-21T03:05:43.846224+00:00,3931.0,34.0,94.99,33.0,1774.42578125,2599.1640639789402
2026-07-21T03:05:44.225493+00:00,3931.0,34.0,95.26,33.0,1774.42578125,2599.5433316864073
2026-07-21T03:05:44.562997+00:00,3931.0,35.0,95.77,33.0,1774.42578125,2599.8808356001973
2026-07-21T03:05:44.921126+00:00,3931.0,36.0,95.65,33.0,1774.42578125,2600.238964471966
2026-07-21T03:05:45.271693+00:00,3931.0,36.0,95.65,33.0,1774.42578125,2600.589532226324
2026-07-21T03:05:45.653990+00:00,3931.0,35.0,96.0,33.0,1774.42578125,2600.9718291275203
2026-07-21T03:05:45.994978+00:00,3931.0,35.0,95.82,33.0,1774.42578125,2601.312817528844
2026-07-21T03:05:46.331044+00:00,3931.0,35.0,95.71,32.0,1774.42578125,2601.6488826088607
2026-07-21T03:05:46.666697+00:00,3931.0,35.0,94.81,33.0,1774.42578125,2601.9845363534987
2026-07-21T03:05:47.002404+00:00,3931.0,35.0,94.76,32.0,1774.42578125,2602.3202428519726
2026-07-21T03:05:47.339348+00:00,3931.0,34.0,94.87,32.0,1774.42578125,2602.657186638564
2026-07-21T03:05:47.653900+00:00,3931.0,36.0,94.83,33.0,1774.42578125,2602.9717388041317
2026-07-21T03:05:47.968535+00:00,3931.0,34.0,94.9,33.0,1774.42578125,2603.2863748259842
2026-07-21T03:05:48.302746+00:00,3931.0,36.0,95.06,33.0,1774.42578125,2603.620584476739
2026-07-21T03:05:48.680764+00:00,3931.0,34.0,95.04,33.0,1774.42578125,2603.998603079468
2026-07-21T03:05:49.040242+00:00,3931.0,36.0,95.6,33.0,1774.42578125,2604.358081292361
2026-07-21T03:05:49.423996+00:00,3931.0,36.0,95.89,33.0,1774.42578125,2604.7418348416686
2026-07-21T03:05:49.785135+00:00,3931.0,36.0,95.95,33.0,1774.42578125,2605.102973777801
2026-07-21T03:05:50.125315+00:00,3931.0,36.0,96.09,32.0,1774.42578125,2605.44315341115
2026-07-21T03:05:50.462720+00:00,3931.0,35.0,96.01,33.0,1774.42578125,2605.7805589698255
2026-07-21T03:05:50.832359+00:00,3931.0,34.0,95.95,32.0,1774.42578125,2606.150197494775
2026-07-21T03:05:51.166698+00:00,3931.0,36.0,95.61,33.0,1774.42578125,2606.484536435455
2026-07-21T03:05:51.498897+00:00,3931.0,24.0,93.8,32.0,1774.42578125,2606.8167359642684
2026-07-21T03:05:51.844905+00:00,3931.0,35.0,94.24,33.0,1774.42578125,2607.162744473666
2026-07-21T03:05:52.188529+00:00,3931.0,33.0,94.12,33.0,1774.42578125,2607.5063684023917
2026-07-21T03:05:52.628964+00:00,3931.0,6.0,94.81,33.0,1774.45703125,2607.946802318096
2026-07-21T03:05:52.973413+00:00,3931.0,33.0,94.36,32.0,1774.45703125,2608.2912520207465
2026-07-21T03:05:53.313740+00:00,3931.0,34.0,94.05,32.0,1774.45703125,2608.631579004228
2026-07-21T03:05:53.697137+00:00,3931.0,35.0,94.58,32.0,1774.45703125,2609.0149761103094
2026-07-21T03:05:54.052418+00:00,3931.0,34.0,94.76,32.0,1774.45703125,2609.3702575415373
2026-07-21T03:05:54.436427+00:00,3931.0,35.0,94.81,32.0,1774.45703125,2609.7542665228248
2026-07-21T03:05:54.792504+00:00,3931.0,33.0,94.88,32.0,1774.45703125,2610.1103425882757
2026-07-21T03:05:55.130703+00:00,3931.0,33.0,95.11,32.0,1774.45703125,2610.4485419876873
2026-07-21T03:05:55.469831+00:00,3931.0,35.0,94.4,32.0,1774.45703125,2610.787667810917
2026-07-21T03:05:55.810699+00:00,3931.0,34.0,94.13,32.0,1774.45703125,2611.128537569195
2026-07-21T03:05:56.168632+00:00,3931.0,35.0,94.19,32.0,1774.45703125,2611.486470282078
2026-07-21T03:05:56.506045+00:00,3931.0,35.0,94.25,32.0,1774.45703125,2611.8238840922713
2026-07-21T03:05:56.849696+00:00,3931.0,34.0,94.67,32.0,1774.45703125,2612.1675352826715
2026-07-21T03:05:57.190443+00:00,3931.0,33.0,94.65,32.0,1774.45703125,2612.508281633258
2026-07-21T03:05:57.526885+00:00,3931.0,34.0,94.82,32.0,1774.45703125,2612.8447239510715
2026-07-21T03:05:57.868273+00:00,3931.0,35.0,94.78,32.0,1774.45703125,2613.186111714691
2026-07-21T03:05:58.206252+00:00,3931.0,35.0,94.49,32.0,1774.45703125,2613.5240827538073
2026-07-21T03:05:58.544611+00:00,3931.0,35.0,94.65,32.0,1774.45703125,2613.86244943738
2026-07-21T03:05:58.880537+00:00,3931.0,35.0,94.98,32.0,1774.45703125,2614.1983766257763
2026-07-21T03:05:59.218399+00:00,3931.0,34.0,95.14,32.0,1774.45703125,2614.5362383127213
2026-07-21T03:05:59.572514+00:00,3931.0,35.0,95.0,32.0,1774.45703125,2614.8903522752225
2026-07-21T03:05:59.908463+00:00,3931.0,36.0,94.72,32.0,1774.45703125,2615.2263024263084
2026-07-21T03:06:00.264503+00:00,3931.0,36.0,95.25,32.0,1774.45703125,2615.5823362469673
2026-07-21T03:06:00.600476+00:00,3931.0,36.0,95.22,32.0,1774.45703125,2615.9183155223727
2026-07-21T03:06:00.912561+00:00,3931.0,35.0,95.47,32.0,1774.45703125,2616.2304003946483
2026-07-21T03:06:01.250123+00:00,3931.0,36.0,95.32,32.0,1774.45703125,2616.5679614432156
2026-07-21T03:06:01.617287+00:00,3931.0,5.0,94.11,32.0,1774.48828125,2616.9351253062487
2026-07-21T03:06:01.950519+00:00,3931.0,35.0,93.94,32.0,1774.48828125,2617.268358271569
2026-07-21T03:06:02.327324+00:00,3931.0,35.0,94.16,32.0,1774.48828125,2617.6451631858945
2026-07-21T03:06:02.661913+00:00,3931.0,36.0,94.7,32.0,1774.48828125,2617.9797514788806
2026-07-21T03:06:03.016205+00:00,3931.0,36.0,95.0,32.0,1774.48828125,2618.3340444900095
2026-07-21T03:06:03.347931+00:00,3931.0,35.0,94.28,32.0,1774.48828125,2618.66577013582
2026-07-21T03:06:03.728666+00:00,3931.0,36.0,94.54,32.0,1774.48828125,2619.0465054810047
2026-07-21T03:06:04.068607+00:00,3931.0,35.0,94.5,32.0,1774.48828125,2619.3864462412894
2026-07-21T03:06:04.383071+00:00,3931.0,35.0,94.69,32.0,1774.48828125,2619.700910061598
2026-07-21T03:06:04.716749+00:00,3931.0,36.0,94.76,32.0,1774.48828125,2620.034587956965
2026-07-21T03:06:05.093059+00:00,3931.0,35.0,94.77,32.0,1774.48828125,2620.4108970575035
2026-07-21T03:06:05.452937+00:00,3931.0,36.0,95.16,32.0,1774.48828125,2620.7707753181458
2026-07-21T03:06:05.809218+00:00,3931.0,35.0,94.96,32.0,1774.48828125,2621.127056322992
2026-07-21T03:06:06.176726+00:00,3931.0,35.0,94.88,32.0,1774.48828125,2621.494565539062
2026-07-21T03:06:06.508049+00:00,3931.0,36.0,94.95,32.0,1774.48828125,2621.8258880227804
2026-07-21T03:06:06.864456+00:00,3931.0,36.0,94.87,32.0,1774.48828125,2622.182296425104
2026-07-21T03:06:07.193105+00:00,3931.0,36.0,94.85,32.0,1774.48828125,2622.51094456017
2026-07-21T03:06:07.547416+00:00,3931.0,36.0,95.12,32.0,1774.48828125,2622.8652557618916
2026-07-21T03:06:07.857400+00:00,3931.0,36.0,95.29,32.0,1774.48828125,2623.1752398610115
2026-07-21T03:06:08.206308+00:00,3931.0,36.0,95.32,32.0,1774.48828125,2623.5241471752524
2026-07-21T03:06:08.543133+00:00,3931.0,35.0,95.21,32.0,1774.48828125,2623.8609722666442
2026-07-21T03:06:08.876448+00:00,3931.0,35.0,95.06,32.0,1774.48828125,2624.19428736344
2026-07-21T03:06:09.236549+00:00,3931.0,35.0,95.07,32.0,1774.48828125,2624.55438792333
2026-07-21T03:06:09.568046+00:00,3931.0,35.0,94.89,32.0,1774.48828125,2624.8858853392303
2026-07-21T03:06:09.899983+00:00,3931.0,35.0,95.39,32.0,1774.48828125,2625.217822447419
2026-07-21T03:06:10.319689+00:00,3931.0,35.0,95.14,32.0,1774.48828125,2625.6375270299613
2026-07-21T03:06:10.657210+00:00,3931.0,36.0,94.75,32.0,1774.51953125,2625.97504715994
2026-07-21T03:06:11.039088+00:00,3931.0,36.0,94.32,32.0,1774.51953125,2626.356927473098
2026-07-21T03:06:11.373952+00:00,3931.0,36.0,95.38,32.0,1774.51953125,2626.6917900182307
2026-07-21T03:06:11.714527+00:00,3931.0,34.0,94.94,32.0,1774.51953125,2627.032366171479
2026-07-21T03:06:12.049921+00:00,3931.0,34.0,94.28,32.0,1774.51953125,2627.3677596338093
2026-07-21T03:06:12.386632+00:00,3931.0,33.0,94.03,32.0,1774.51953125,2627.704470798373
2026-07-21T03:06:12.724684+00:00,3931.0,34.0,94.18,32.0,1774.51953125,2628.0425231456757
2026-07-21T03:06:13.102634+00:00,3931.0,33.0,94.5,32.0,1774.51953125,2628.420472756028
2026-07-21T03:06:13.464908+00:00,3931.0,35.0,94.82,32.0,1774.51953125,2628.78274653852
2026-07-21T03:06:13.780740+00:00,3931.0,35.0,94.45,32.0,1774.51953125,2629.098578505218
2026-07-21T03:06:14.119682+00:00,3931.0,34.0,94.16,32.0,1774.51953125,2629.437520761043
2026-07-21T03:06:14.504913+00:00,3931.0,34.0,94.65,32.0,1774.51953125,2629.8227516673505
2026-07-21T03:06:14.848534+00:00,3931.0,34.0,94.88,32.0,1774.51953125,2630.1663728691638
2026-07-21T03:06:15.208400+00:00,3931.0,34.0,95.11,32.0,1774.51953125,2630.526238683611
2026-07-21T03:06:15.563826+00:00,3931.0,36.0,95.02,32.0,1774.51953125,2630.88166378811
2026-07-21T03:06:15.896199+00:00,3931.0,36.0,95.31,32.0,1774.51953125,2631.2140384167433
2026-07-21T03:06:16.272032+00:00,3931.0,36.0,95.57,32.0,1774.51953125,2631.589871082455
2026-07-21T03:06:16.629673+00:00,3931.0,34.0,95.78,32.0,1774.51953125,2631.947511654347
2026-07-21T03:06:16.969907+00:00,3931.0,35.0,95.59,32.0,1774.51953125,2632.287745896727
2026-07-21T03:06:17.306132+00:00,3931.0,35.0,95.02,32.0,1774.51953125,2632.6239711157978
2026-07-21T03:06:17.640038+00:00,3931.0,36.0,95.03,32.0,1774.51953125,2632.9578772969544
2026-07-21T03:06:17.973461+00:00,3931.0,36.0,95.19,32.0,1774.51953125,2633.2913006022573
2026-07-21T03:06:18.308005+00:00,3931.0,36.0,95.07,32.0,1774.51953125,2633.6258449479938
2026-07-21T03:06:18.618615+00:00,3931.0,36.0,95.12,32.0,1774.51953125,2633.9364552907646
2026-07-21T03:06:18.953513+00:00,3931.0,35.0,95.02,32.0,1774.51953125,2634.2713526412845
2026-07-21T03:06:19.265688+00:00,3931.0,8.0,93.55,32.0,1774.55078125,2634.583526711911
2026-07-21T03:06:19.600845+00:00,3931.0,34.0,93.73,32.0,1774.55078125,2634.9186851084232
2026-07-21T03:06:19.932043+00:00,3931.0,35.0,93.6,32.0,1774.55078125,2635.2498829700053
2026-07-21T03:06:20.288178+00:00,3931.0,35.0,94.55,32.0,1774.55078125,2635.606016740203
2026-07-21T03:06:20.599418+00:00,3931.0,36.0,94.48,32.0,1774.55078125,2635.917257770896
2026-07-21T03:06:20.981495+00:00,3931.0,34.0,94.64,32.0,1774.55078125,2636.2993344180286
2026-07-21T03:06:21.317584+00:00,3931.0,35.0,94.44,32.0,1774.55078125,2636.635423038155
2026-07-21T03:06:21.651772+00:00,3931.0,35.0,94.9,32.0,1774.55078125,2636.969611443579
2026-07-21T03:06:22.032619+00:00,3931.0,32.0,95.07,32.0,1774.55078125,2637.350458137691
2026-07-21T03:06:22.383694+00:00,3931.0,35.0,94.97,32.0,1774.55078125,2637.7015331983566
2026-07-21T03:06:22.705955+00:00,3931.0,36.0,94.65,32.0,1774.55078125,2638.0237943157554
2026-07-21T03:06:23.091287+00:00,3931.0,34.0,94.92,32.0,1774.55078125,2638.4091249629855
2026-07-21T03:06:23.444546+00:00,3931.0,36.0,94.96,32.0,1774.55078125,2638.7623846307397
2026-07-21T03:06:23.782464+00:00,3931.0,36.0,95.08,32.0,1774.55078125,2639.100303851068
2026-07-21T03:06:24.164525+00:00,3931.0,36.0,95.4,32.0,1774.55078125,2639.4823642261326
2026-07-21T03:06:24.540139+00:00,3931.0,36.0,95.67,32.0,1774.55078125,2639.8579777367413
2026-07-21T03:06:24.881308+00:00,3931.0,36.0,95.88,32.0,1774.55078125,2640.1991479620337
2026-07-21T03:06:25.240328+00:00,3931.0,35.0,95.82,32.0,1774.55078125,2640.558166731149
2026-07-21T03:06:25.594981+00:00,3931.0,35.0,95.5,32.0,1774.55078125,2640.9128200262785
2026-07-21T03:06:25.910611+00:00,3931.0,36.0,94.89,32.0,1774.55078125,2641.2284503281116
2026-07-21T03:06:26.247028+00:00,3931.0,35.0,94.72,32.0,1774.55078125,2641.564866438508
2026-07-21T03:06:26.560772+00:00,3931.0,36.0,94.73,32.0,1774.55078125,2641.8786108270288
2026-07-21T03:06:26.959777+00:00,3931.0,36.0,94.27,32.0,1777.68359375,2642.2776153087616
2026-07-21T03:06:27.317037+00:00,3931.0,35.0,94.25,32.0,1777.7109375,2642.6348752602935
2026-07-21T03:06:27.657252+00:00,3931.0,35.0,94.03,32.0,1777.7109375,2642.975090779364
2026-07-21T03:06:28.034915+00:00,3931.0,34.0,95.25,32.0,1777.7109375,2643.3527539484203
2026-07-21T03:06:28.373343+00:00,3931.0,33.0,94.77,32.0,1777.7109375,2643.6911823116243
2026-07-21T03:06:28.716047+00:00,3931.0,36.0,94.74,32.0,1777.7109375,2644.033885266632
2026-07-21T03:06:29.055946+00:00,3931.0,33.0,94.4,32.0,1777.7109375,2644.3737850412726
2026-07-21T03:06:29.398418+00:00,3931.0,35.0,94.02,32.0,1777.7109375,2644.7162563093007
2026-07-21T03:06:29.761285+00:00,3931.0,33.0,94.46,32.0,1777.7109375,2645.079124517739
2026-07-21T03:06:30.145140+00:00,3931.0,35.0,94.79,32.0,1777.7109375,2645.4629789479077
2026-07-21T03:06:30.483928+00:00,3931.0,35.0,94.88,32.0,1777.7109375,2645.801765765995
2026-07-21T03:06:30.823703+00:00,3931.0,34.0,94.76,32.0,1777.7109375,2646.1415408477187
2026-07-21T03:06:31.157077+00:00,3931.0,34.0,94.18,32.0,1777.7109375,2646.474915716797
2026-07-21T03:06:31.496689+00:00,3931.0,34.0,94.3,32.0,1777.7109375,2646.8145278841257
2026-07-21T03:06:31.869512+00:00,3931.0,33.0,94.51,32.0,1777.7109375,2647.187350489199
2026-07-21T03:06:32.358549+00:00,3931.0,35.0,94.78,32.0,1777.7109375,2647.6763882786036
2026-07-21T03:06:32.697182+00:00,3931.0,35.0,95.04,32.0,1777.7109375,2648.01502154395
2026-07-21T03:06:33.057028+00:00,3931.0,36.0,95.37,32.0,1777.7109375,2648.3748660832644
2026-07-21T03:06:33.395507+00:00,3931.0,36.0,95.16,32.0,1777.7109375,2648.713346298784
2026-07-21T03:06:33.744096+00:00,3931.0,35.0,94.89,32.0,1777.71484375,2649.061934866011
2026-07-21T03:06:34.085849+00:00,3931.0,35.0,94.8,32.0,1777.71484375,2649.4036881178617
2026-07-21T03:06:34.423279+00:00,3931.0,36.0,95.01,32.0,1777.71484375,2649.741117529571
2026-07-21T03:06:34.736264+00:00,3931.0,36.0,94.93,32.0,1777.71484375,2650.054103601724
2026-07-21T03:06:35.072130+00:00,3931.0,35.0,95.02,32.0,1777.71484375,2650.389968149364
2026-07-21T03:06:35.385235+00:00,3931.0,36.0,95.09,32.0,1777.71484375,2650.7030743695796
2026-07-21T03:06:35.743433+00:00,3931.0,35.0,95.32,32.0,1777.71484375,2651.0612715408206
2026-07-21T03:06:36.122606+00:00,3931.0,33.0,94.16,32.0,1777.7578125,2651.4404447451234
2026-07-21T03:06:36.505643+00:00,3931.0,34.0,94.19,32.0,1777.7578125,2651.823481861502
2026-07-21T03:06:36.817364+00:00,3931.0,35.0,93.61,32.0,1777.7578125,2652.135203626007
2026-07-21T03:06:37.155949+00:00,3931.0,35.0,94.48,32.0,1777.7578125,2652.47378866747
2026-07-21T03:06:37.509687+00:00,3931.0,35.0,94.52,32.0,1777.7578125,2652.827526330948
2026-07-21T03:06:37.849357+00:00,3931.0,35.0,94.58,32.0,1777.7578125,2653.1671961918473
2026-07-21T03:06:38.230077+00:00,3931.0,35.0,95.09,32.0,1777.7578125,2653.547916289419
2026-07-21T03:06:38.585267+00:00,3931.0,35.0,94.95,32.0,1777.765625,2653.9031069613993
2026-07-21T03:06:38.919520+00:00,3931.0,35.0,94.99,32.0,1777.765625,2654.2373595051467
2026-07-21T03:06:39.250898+00:00,3931.0,35.0,94.9,32.0,1777.765625,2654.5687374435365
2026-07-21T03:06:39.609362+00:00,3931.0,35.0,94.86,32.0,1777.7734375,2654.9272016063333
2026-07-21T03:06:39.943378+00:00,3931.0,36.0,94.88,32.0,1777.7734375,2655.2612181454897
2026-07-21T03:06:40.278628+00:00,3931.0,35.0,95.0,32.0,1777.77734375,2655.596467539668
2026-07-21T03:06:40.614599+00:00,3931.0,35.0,94.88,32.0,1777.77734375,2655.9324375614524
2026-07-21T03:06:40.973397+00:00,3931.0,35.0,94.89,32.0,1777.7890625,2656.291236381978
2026-07-21T03:06:41.307230+00:00,3931.0,35.0,94.72,32.0,1777.7890625,2656.625069167465
2026-07-21T03:06:41.619968+00:00,3931.0,35.0,94.73,32.0,1777.79296875,2656.9378074221313
2026-07-21T03:06:41.931124+00:00,3931.0,36.0,94.77,32.0,1777.796875,2657.2489631287754
2026-07-21T03:06:42.244999+00:00,3931.0,36.0,94.65,32.0,1777.796875,2657.5628378391266
2026-07-21T03:06:42.582755+00:00,3931.0,35.0,94.71,32.0,1777.80078125,2657.900594189763
2026-07-21T03:06:42.961083+00:00,3931.0,35.0,94.93,32.0,1777.80078125,2658.278921376914
2026-07-21T03:06:43.294071+00:00,3931.0,35.0,95.2,32.0,1777.80078125,2658.611910223961
2026-07-21T03:06:43.629126+00:00,3931.0,36.0,95.14,32.0,1777.8046875,2658.946965701878
2026-07-21T03:06:43.966882+00:00,3931.0,35.0,95.23,32.0,1777.8046875,2659.2847214490175
2026-07-21T03:06:44.301839+00:00,3931.0,34.0,95.29,32.0,1777.8203125,2659.6196774579585
2026-07-21T03:06:44.737166+00:00,3931.0,36.0,95.06,32.0,1777.8203125,2660.0550049617887
2026-07-21T03:06:45.080306+00:00,3931.0,35.0,94.08,32.0,1777.859375,2660.398144353181
2026-07-21T03:06:45.418878+00:00,3931.0,34.0,93.98,32.0,1777.86328125,2660.7367160581052
2026-07-21T03:06:45.777478+00:00,3931.0,35.0,94.81,32.0,1777.86328125,2661.0953170247376
2026-07-21T03:06:46.119728+00:00,3931.0,35.0,94.83,32.0,1777.875,2661.4375668391585
2026-07-21T03:06:46.451680+00:00,3931.0,34.0,94.78,32.0,1777.875,2661.7695191837847
2026-07-21T03:06:46.811997+00:00,3931.0,34.0,94.39,32.0,1777.87890625,2662.129835885018
2026-07-21T03:06:47.151044+00:00,3931.0,34.0,94.52,32.0,1777.87890625,2662.468883819878
2026-07-21T03:06:47.490820+00:00,3931.0,34.0,94.21,32.0,1777.87890625,2662.8086592294276
2026-07-21T03:06:47.829896+00:00,3931.0,35.0,94.01,32.0,1777.8828125,2663.1477345228195
2026-07-21T03:06:48.147786+00:00,3931.0,34.0,94.1,32.0,1777.8828125,2663.4656247906387
2026-07-21T03:06:48.480709+00:00,3931.0,35.0,94.18,32.0,1777.89453125,2663.7985468655825
2026-07-21T03:06:48.817634+00:00,3931.0,35.0,94.2,32.0,1777.8984375,2664.1354733109474
2026-07-21T03:06:49.181726+00:00,3931.0,36.0,94.46,32.0,1777.8984375,2664.499564871192
2026-07-21T03:06:49.518389+00:00,3931.0,36.0,94.65,32.0,1777.90234375,2664.8362268432975
2026-07-21T03:06:49.854028+00:00,3931.0,35.0,95.3,32.0,1777.90234375,2665.1718664355576
2026-07-21T03:06:50.189466+00:00,3931.0,35.0,95.08,32.0,1777.91015625,2665.5073054619133
2026-07-21T03:06:50.525500+00:00,3931.0,36.0,95.12,32.0,1777.91015625,2665.8433388210833
2026-07-21T03:06:50.880102+00:00,3931.0,36.0,95.09,32.0,1777.9140625,2666.19794100523
2026-07-21T03:06:51.218630+00:00,3931.0,36.0,95.02,32.0,1777.921875,2666.5364687256515
2026-07-21T03:06:51.595258+00:00,3931.0,36.0,95.36,32.0,1777.921875,2666.9130967631936
2026-07-21T03:06:51.952526+00:00,3931.0,35.0,95.55,32.0,1777.9296875,2667.2703645527363
2026-07-21T03:06:52.355081+00:00,3931.0,35.0,95.68,32.0,1777.9296875,2667.6729197390378
2026-07-21T03:06:52.694964+00:00,3931.0,36.0,98.3,32.0,1777.984375,2668.0128029733896
2026-07-21T03:06:53.031971+00:00,3931.0,37.0,98.65,32.0,1777.984375,2668.3498099073768
2026-07-21T03:06:53.374857+00:00,3931.0,35.0,99.47,32.0,1777.984375,2668.69269599393
2026-07-21T03:06:53.710198+00:00,3931.0,37.0,96.17,32.0,1777.99609375,2669.0280363596976
2026-07-21T03:06:54.045478+00:00,3931.0,36.0,95.98,32.0,1777.99609375,2669.3633172623813
2026-07-21T03:06:54.381579+00:00,3931.0,36.0,96.11,32.0,1778.00390625,2669.6994187496603
2026-07-21T03:06:54.736241+00:00,3931.0,37.0,96.5,32.0,1778.0078125,2670.0540803670883
2026-07-21T03:06:55.070732+00:00,3931.0,37.0,96.64,32.0,1778.0078125,2670.388570394367
2026-07-21T03:06:55.458867+00:00,3931.0,36.0,97.04,32.0,1778.0234375,2670.7767054997385
2026-07-21T03:06:55.773707+00:00,3931.0,37.0,96.82,32.0,1778.0234375,2671.09154567495
2026-07-21T03:06:56.110870+00:00,3931.0,37.0,96.75,32.0,1778.03515625,2671.428709026426
2026-07-21T03:06:56.493231+00:00,3931.0,37.0,96.61,32.0,1778.03515625,2671.811070173979
2026-07-21T03:06:56.835284+00:00,3931.0,36.0,97.07,32.0,1778.046875,2672.1531223878264
2026-07-21T03:06:57.149886+00:00,3931.0,37.0,97.09,32.0,1778.046875,2672.4677247703075
2026-07-21T03:06:57.508269+00:00,3931.0,37.0,96.78,32.0,1778.05078125,2672.8261081799865
2026-07-21T03:06:57.844698+00:00,3931.0,35.0,96.52,32.0,1778.06640625,2673.1625372581184
2026-07-21T03:06:58.184799+00:00,3931.0,36.0,96.21,32.0,1778.06640625,2673.5026387423277
2026-07-21T03:06:58.520635+00:00,3931.0,37.0,96.42,32.0,1778.078125,2673.838474482298
2026-07-21T03:06:58.853032+00:00,3931.0,37.0,96.76,32.0,1778.078125,2674.170871593058
2026-07-21T03:06:59.237111+00:00,3931.0,37.0,97.46,32.0,1778.0859375,2674.5549491755664
2026-07-21T03:06:59.572817+00:00,3931.0,36.0,97.29,32.0,1778.09375,2674.89065663144
2026-07-21T03:06:59.960029+00:00,3931.0,13.0,95.42,32.0,1778.1328125,2675.2778681740165
2026-07-21T03:07:00.296329+00:00,3931.0,36.0,94.35,32.0,1778.1328125,2675.614168204367
2026-07-21T03:07:00.632008+00:00,3931.0,36.0,93.63,32.0,1778.1328125,2675.949847586453
2026-07-21T03:07:00.963523+00:00,3931.0,34.0,94.1,32.0,1778.140625,2676.2813618816435
2026-07-21T03:07:01.415270+00:00,3931.0,0.0,91.89,32.0,1778.16015625,2676.733109012246
2026-07-21T03:07:01.772918+00:00,3931.0,34.0,92.01,32.0,1778.16015625,2677.0907568745315
2026-07-21T03:07:02.133232+00:00,3931.0,34.0,92.34,32.0,1778.16015625,2677.4510717466474
2026-07-21T03:07:02.466371+00:00,3931.0,34.0,94.52,32.0,1778.16015625,2677.7842096313834
2026-07-21T03:07:02.802760+00:00,3931.0,36.0,94.28,32.0,1778.16015625,2678.120598383248
2026-07-21T03:07:03.146708+00:00,3931.0,34.0,94.24,32.0,1778.16015625,2678.4645476453006
2026-07-21T03:07:03.486782+00:00,3931.0,36.0,94.48,32.0,1778.16015625,2678.804620642215
2026-07-21T03:07:03.845117+00:00,3931.0,36.0,94.63,32.0,1778.16015625,2679.162955839187
2026-07-21T03:07:04.183188+00:00,3931.0,33.0,95.12,32.0,1778.16015625,2679.501026738435
2026-07-21T03:07:04.568873+00:00,3931.0,34.0,95.7,32.0,1778.16015625,2679.886711381376
2026-07-21T03:07:04.956057+00:00,3931.0,36.0,95.51,32.0,1778.16015625,2680.2738960310817
2026-07-21T03:07:05.316275+00:00,3931.0,36.0,95.64,32.0,1778.16015625,2680.6341138258576
2026-07-21T03:07:05.671961+00:00,3931.0,36.0,95.69,32.0,1778.16015625,2680.9897994548082
2026-07-21T03:07:05.984942+00:00,3931.0,35.0,95.15,32.0,1778.16015625,2681.302781369537
2026-07-21T03:07:06.322154+00:00,3931.0,36.0,95.11,32.0,1778.16015625,2681.6399925537407
2026-07-21T03:07:06.651074+00:00,3931.0,36.0,94.97,32.0,1778.16015625,2681.9689139202237
2026-07-21T03:07:06.992748+00:00,3931.0,36.0,95.04,32.0,1778.16015625,2682.310586042702
2026-07-21T03:07:07.307728+00:00,3931.0,36.0,94.92,32.0,1778.16015625,2682.625567417592
2026-07-21T03:07:07.636559+00:00,3931.0,36.0,95.33,32.0,1778.16015625,2682.954398240894
2026-07-21T03:07:07.968215+00:00,3931.0,36.0,95.23,32.0,1778.16015625,2683.286054611206
2026-07-21T03:07:08.306226+00:00,3931.0,36.0,95.18,32.0,1778.16015625,2683.6240653060377
2026-07-21T03:07:08.638194+00:00,3931.0,36.0,94.9,32.0,1778.16015625,2683.9560331478715
2026-07-21T03:07:08.997364+00:00,3931.0,32.0,93.94,32.0,1778.19140625,2684.3152022585273
2026-07-21T03:07:09.332324+00:00,3931.0,36.0,93.6,32.0,1778.19140625,2684.6501629576087
2026-07-21T03:07:09.706902+00:00,3931.0,35.0,93.54,32.0,1778.19140625,2685.024741511792
2026-07-21T03:07:10.040386+00:00,3931.0,36.0,94.26,32.0,1778.19140625,2685.358225122094
2026-07-21T03:07:10.400454+00:00,3931.0,35.0,94.51,32.0,1778.19140625,2685.7182927280664
2026-07-21T03:07:10.737666+00:00,3931.0,35.0,94.36,32.0,1778.19140625,2686.0555032603443
2026-07-21T03:07:11.074645+00:00,3931.0,35.0,94.25,32.0,1778.19140625,2686.392483741045
2026-07-21T03:07:11.388828+00:00,3931.0,35.0,94.59,32.0,1778.19140625,2686.7066669538617
2026-07-21T03:07:11.724082+00:00,3931.0,36.0,94.64,32.0,1778.19140625,2687.041921250522
2026-07-21T03:07:12.056603+00:00,3931.0,36.0,95.1,32.0,1778.19140625,2687.374441675842
2026-07-21T03:07:12.476076+00:00,3931.0,3.0,93.93,32.0,1778.21484375,2687.793914720416
2026-07-21T03:07:12.831668+00:00,3931.0,36.0,94.29,32.0,1778.21484375,2688.1495071724057
2026-07-21T03:07:13.164014+00:00,3931.0,36.0,94.13,32.0,1778.21484375,2688.4818532802165
2026-07-21T03:07:13.476609+00:00,3931.0,36.0,95.0,32.0,1778.21484375,2688.7944476418197
2026-07-21T03:07:13.813535+00:00,3931.0,36.0,94.68,32.0,1778.21484375,2689.1313741989434
2026-07-21T03:07:14.124950+00:00,3931.0,36.0,94.84,32.0,1778.21484375,2689.4427896738052
2026-07-21T03:07:14.458025+00:00,3931.0,35.0,95.03,32.0,1778.21484375,2689.7758642174304
2026-07-21T03:07:14.836424+00:00,3931.0,35.0,95.15,32.0,1778.21484375,2690.1542631164193
2026-07-21T03:07:15.150375+00:00,3931.0,36.0,95.15,32.0,1778.21484375,2690.4682141281664
2026-07-21T03:07:15.489795+00:00,3931.0,27.0,93.89,32.0,1778.23046875,2690.807633433491
2026-07-21T03:07:15.823757+00:00,3931.0,35.0,93.56,32.0,1778.23046875,2691.1415963061154
2026-07-21T03:07:16.158108+00:00,3931.0,36.0,93.44,32.0,1778.23046875,2691.4759478345513
2026-07-21T03:07:16.492079+00:00,3931.0,35.0,94.81,32.0,1778.23046875,2691.809917997569
2026-07-21T03:07:16.823191+00:00,3931.0,36.0,94.72,32.0,1778.23046875,2692.1410308741033
2026-07-21T03:07:17.157183+00:00,3931.0,36.0,94.85,32.0,1778.23046875,2692.475021407008
2026-07-21T03:07:17.540985+00:00,3931.0,36.0,95.03,32.0,1778.23046875,2692.858823634684
2026-07-21T03:07:17.878956+00:00,3931.0,33.0,95.19,32.0,1778.24609375,2693.1967927999794
2026-07-21T03:07:18.265654+00:00,3931.0,36.0,95.21,32.0,1778.24609375,2693.5834933146834
2026-07-21T03:07:18.607378+00:00,3931.0,36.0,94.79,32.0,1778.24609375,2693.9252167083323
2026-07-21T03:07:18.966057+00:00,3931.0,4.0,93.71,32.0,1778.265625,2694.283895429224
2026-07-21T03:07:19.306047+00:00,3931.0,34.0,93.21,32.0,1778.265625,2694.623886626214
2026-07-21T03:07:19.668733+00:00,3931.0,34.0,93.28,32.0,1778.265625,2694.9865718074143
2026-07-21T03:07:20.006068+00:00,3931.0,35.0,94.01,32.0,1778.265625,2695.323907185346
2026-07-21T03:07:20.358835+00:00,3931.0,34.0,94.1,32.0,1778.265625,2695.67667382583
2026-07-21T03:07:20.698935+00:00,3931.0,34.0,94.26,32.0,1778.265625,2696.016773842275
2026-07-21T03:07:21.060411+00:00,3931.0,35.0,94.4,32.0,1778.265625,2696.3782496117055
2026-07-21T03:07:21.417358+00:00,3931.0,33.0,94.7,32.0,1778.265625,2696.735197030008
2026-07-21T03:07:21.755046+00:00,3931.0,35.0,94.5,32.0,1778.265625,2697.072884082794
2026-07-21T03:07:22.136871+00:00,3931.0,35.0,94.92,32.0,1778.265625,2697.4547105394304
2026-07-21T03:07:22.525265+00:00,3931.0,34.0,95.0,32.0,1778.265625,2697.843103777617
2026-07-21T03:07:22.866446+00:00,3931.0,36.0,95.01,32.0,1778.265625,2698.1842845343053
2026-07-21T03:07:23.252836+00:00,3931.0,30.0,93.81,32.0,1778.28515625,2698.570674523711
2026-07-21T03:07:23.590403+00:00,3931.0,33.0,93.65,32.0,1778.28515625,2698.908241491765
2026-07-21T03:07:23.925670+00:00,3931.0,36.0,93.39,32.0,1778.28515625,2699.24350881204
2026-07-21T03:07:24.290486+00:00,3931.0,35.0,94.79,32.0,1778.28515625,2699.6083255447447
2026-07-21T03:07:24.634799+00:00,3931.0,36.0,94.58,32.0,1778.28515625,2699.9526374340057
2026-07-21T03:07:24.990349+00:00,3931.0,35.0,94.61,32.0,1778.28515625,2700.308187905699
2026-07-21T03:07:25.332144+00:00,3931.0,34.0,94.5,32.0,1778.28515625,2700.6499820649624
2026-07-21T03:07:25.670108+00:00,3931.0,36.0,94.27,32.0,1778.28515625,2700.9879473000765
2026-07-21T03:07:25.984947+00:00,3931.0,34.0,94.04,32.0,1778.28515625,2701.3027851209044
2026-07-21T03:07:26.344903+00:00,3931.0,35.0,94.24,32.0,1778.28515625,2701.6627420522273
2026-07-21T03:07:26.703567+00:00,3931.0,35.0,94.65,32.0,1778.28515625,2702.021405339241
2026-07-21T03:07:27.096996+00:00,3931.0,36.0,95.29,32.0,1778.28515625,2702.4148354828358
2026-07-21T03:07:27.437295+00:00,3931.0,34.0,95.35,32.0,1778.28515625,2702.755124025047
2026-07-21T03:07:27.824894+00:00,3931.0,34.0,95.1,32.0,1778.28515625,2703.1427325457335
2026-07-21T03:07:28.164764+00:00,3931.0,33.0,94.86,32.0,1778.28515625,2703.4826026819646
2026-07-21T03:07:28.545370+00:00,3931.0,34.0,94.82,32.0,1778.28515625,2703.8632085360587
2026-07-21T03:07:28.886125+00:00,3931.0,34.0,94.91,32.0,1778.28515625,2704.203956644982
2026-07-21T03:07:29.229632+00:00,3931.0,36.0,94.75,32.0,1778.28515625,2704.5474702753127
2026-07-21T03:07:29.618961+00:00,3931.0,35.0,94.4,32.0,1778.28515625,2704.936799906194
2026-07-21T03:07:30.011550+00:00,3931.0,34.0,94.39,32.0,1778.28515625,2705.329388190061
2026-07-21T03:07:30.400797+00:00,3931.0,34.0,94.5,32.0,1778.28515625,2705.718635868281
2026-07-21T03:07:30.740627+00:00,3931.0,33.0,94.83,32.0,1778.28515625,2706.058465782553
2026-07-21T03:07:31.080514+00:00,3931.0,33.0,94.86,32.0,1778.28515625,2706.398353371769
2026-07-21T03:07:31.464914+00:00,3931.0,25.0,93.94,32.0,1778.28515625,2706.7827521897852
2026-07-21T03:07:31.803077+00:00,3931.0,34.0,93.97,32.0,1778.28515625,2707.1209153681993
2026-07-21T03:07:32.210385+00:00,3931.0,17.0,93.49,32.0,1778.28515625,2707.528223592788
2026-07-21T03:07:32.550737+00:00,3931.0,35.0,93.95,32.0,1778.31640625,2707.8685753531754
2026-07-21T03:07:32.868603+00:00,3931.0,35.0,93.61,32.0,1778.31640625,2708.1864422038198
2026-07-21T03:07:33.233238+00:00,3931.0,34.0,94.37,32.0,1778.31640625,2708.551076363772
2026-07-21T03:07:33.589279+00:00,3931.0,34.0,94.13,32.0,1778.31640625,2708.907118085772
2026-07-21T03:07:33.949854+00:00,3931.0,34.0,94.46,32.0,1778.31640625,2709.267692890018
2026-07-21T03:07:34.333742+00:00,3931.0,34.0,94.29,32.0,1778.31640625,2709.651581451297
2026-07-21T03:07:34.717015+00:00,3931.0,34.0,94.54,32.0,1778.31640625,2710.0348537266254
2026-07-21T03:07:35.116112+00:00,3931.0,34.0,94.73,32.0,1778.31640625,2710.433950405568
2026-07-21T03:07:35.477445+00:00,3931.0,34.0,94.61,32.0,1778.31640625,2710.795283585787
2026-07-21T03:07:35.795613+00:00,3931.0,35.0,94.76,32.0,1778.31640625,2711.113451510668
2026-07-21T03:07:36.154100+00:00,3931.0,34.0,94.54,32.0,1778.31640625,2711.471938736737
2026-07-21T03:07:36.513611+00:00,3931.0,32.0,94.4,32.0,1778.31640625,2711.8314502499998
2026-07-21T03:07:36.893473+00:00,3931.0,34.0,94.68,32.0,1778.31640625,2712.2113091796637
2026-07-21T03:07:37.302263+00:00,3931.0,33.0,94.1,32.0,1778.31640625,2712.620101954788
2026-07-21T03:07:37.643449+00:00,3931.0,34.0,94.21,32.0,1778.33984375,2712.9612826518714
2026-07-21T03:07:38.001285+00:00,3931.0,33.0,94.47,32.0,1778.33984375,2713.3191238082945
2026-07-21T03:07:38.338714+00:00,3931.0,35.0,95.83,32.0,1778.33984375,2713.656552825123
2026-07-21T03:07:38.679693+00:00,3931.0,34.0,94.85,32.0,1778.33984375,2713.9975322820246
2026-07-21T03:07:38.995228+00:00,3931.0,36.0,94.71,32.0,1778.33984375,2714.313066598028
2026-07-21T03:07:39.338779+00:00,3931.0,35.0,94.59,32.0,1778.33984375,2714.656617525965
2026-07-21T03:07:39.676589+00:00,3931.0,34.0,94.75,32.0,1778.33984375,2714.9944286756217
2026-07-21T03:07:40.015623+00:00,3931.0,35.0,94.85,32.0,1778.33984375,2715.3334617652
2026-07-21T03:07:40.354260+00:00,3931.0,34.0,94.9,32.0,1778.33984375,2715.6720990538597
2026-07-21T03:07:40.717460+00:00,3931.0,36.0,94.84,32.0,1778.33984375,2716.035298720002
2026-07-21T03:07:41.081372+00:00,3931.0,34.0,94.99,32.0,1778.33984375,2716.399211037904
2026-07-21T03:07:41.419143+00:00,3931.0,35.0,95.03,32.0,1778.33984375,2716.73698239401
2026-07-21T03:07:41.754817+00:00,3931.0,35.0,95.1,32.0,1778.33984375,2717.0726557411253
2026-07-21T03:07:42.099766+00:00,3931.0,36.0,95.14,32.0,1778.33984375,2717.4176046028733
2026-07-21T03:07:42.481297+00:00,3931.0,34.0,95.82,32.0,1778.33984375,2717.799135401845
2026-07-21T03:07:42.849903+00:00,3931.0,34.0,95.54,32.0,1778.33984375,2718.1677418500185
2026-07-21T03:07:43.259287+00:00,3931.0,36.0,95.07,32.0,1778.33984375,2718.5771252922714
2026-07-21T03:07:43.622608+00:00,3931.0,35.0,94.97,32.0,1778.33984375,2718.9404468275607
2026-07-21T03:07:43.986961+00:00,3931.0,33.0,95.21,32.0,1778.33984375,2719.304800506681
2026-07-21T03:07:44.322416+00:00,3931.0,34.0,94.91,32.0,1778.33984375,2719.64025439322
2026-07-21T03:07:44.658569+00:00,3931.0,34.0,95.26,32.0,1778.33984375,2719.976407907903
2026-07-21T03:07:44.998450+00:00,3931.0,36.0,95.27,32.0,1778.33984375,2720.3162885010242
2026-07-21T03:07:45.330483+00:00,3931.0,21.0,94.06,32.0,1778.33984375,2720.6483215764165
2026-07-21T03:07:45.688968+00:00,3931.0,35.0,94.04,32.0,1778.33984375,2721.0068072527647
2026-07-21T03:07:46.079150+00:00,3931.0,36.0,94.38,32.0,1778.33984375,2721.3969890400767
2026-07-21T03:07:46.475970+00:00,3931.0,36.0,95.31,32.0,1778.33984375,2721.7938087172806
2026-07-21T03:07:46.841653+00:00,3931.0,35.0,93.83,32.0,1778.37109375,2722.159491047263
2026-07-21T03:07:47.160463+00:00,3931.0,34.0,93.28,32.0,1778.37109375,2722.4783022888005
2026-07-21T03:07:47.503180+00:00,3931.0,34.0,93.77,32.0,1778.37109375,2722.82101925835
2026-07-21T03:07:47.861163+00:00,3931.0,36.0,93.51,32.0,1778.37109375,2723.179001994431
2026-07-21T03:07:48.199265+00:00,3931.0,34.0,94.03,32.0,1778.37109375,2723.5171036608517
2026-07-21T03:07:48.561334+00:00,3931.0,35.0,94.3,32.0,1778.37109375,2723.8791729211807
2026-07-21T03:07:48.899752+00:00,3931.0,35.0,94.19,32.0,1778.37109375,2724.21759134531
2026-07-21T03:07:49.261401+00:00,3931.0,34.0,94.07,32.0,1778.37109375,2724.5792392753065
2026-07-21T03:07:49.601236+00:00,3931.0,35.0,94.12,32.0,1778.37109375,2724.9190751202404
2026-07-21T03:07:49.939173+00:00,3931.0,35.0,94.33,32.0,1778.37109375,2725.2570120878518
2026-07-21T03:07:50.278178+00:00,3931.0,35.0,94.34,32.0,1778.37109375,2725.596016563475
2026-07-21T03:07:50.596423+00:00,3931.0,34.0,94.17,32.0,1778.37109375,2725.914262074977
2026-07-21T03:07:51.012058+00:00,3931.0,8.0,93.25,32.0,1778.39453125,2726.329896006733
2026-07-21T03:07:51.355626+00:00,3931.0,35.0,93.59,32.0,1778.39453125,2726.6734645217657
2026-07-21T03:07:51.717381+00:00,3931.0,35.0,93.52,32.0,1778.39453125,2727.035219784826
2026-07-21T03:07:52.072763+00:00,3931.0,35.0,94.52,32.0,1778.39453125,2727.390602018684
2026-07-21T03:07:52.414861+00:00,3931.0,34.0,94.29,32.0,1778.39453125,2727.732700075954
2026-07-21T03:07:52.777165+00:00,3931.0,34.0,94.5,32.0,1778.39453125,2728.09500361979
2026-07-21T03:07:53.111767+00:00,3931.0,35.0,94.36,32.0,1778.39453125,2728.4296060316265
2026-07-21T03:07:53.454615+00:00,3931.0,35.0,94.32,32.0,1778.39453125,2728.772454507649
2026-07-21T03:07:53.815182+00:00,3931.0,33.0,94.03,32.0,1778.39453125,2729.1330209113657
2026-07-21T03:07:54.177997+00:00,3931.0,34.0,94.46,32.0,1778.39453125,2729.49583658576
2026-07-21T03:07:54.560541+00:00,3931.0,36.0,94.42,32.0,1778.39453125,2729.8783800043166
2026-07-21T03:07:54.901600+00:00,3931.0,36.0,94.58,32.0,1778.39453125,2730.219439011067
2026-07-21T03:07:55.236847+00:00,3931.0,34.0,94.31,32.0,1778.39453125,2730.554685369134
2026-07-21T03:07:55.597157+00:00,3931.0,34.0,94.25,32.0,1778.39453125,2730.914996113628
2026-07-21T03:07:55.934809+00:00,3931.0,34.0,94.12,32.0,1778.39453125,2731.2526469044387
2026-07-21T03:07:56.321472+00:00,3931.0,35.0,94.6,32.0,1778.39453125,2731.6393099948764
2026-07-21T03:07:56.658399+00:00,3931.0,26.0,93.89,32.0,1778.39453125,2731.9762387536466
2026-07-21T03:07:56.994636+00:00,3931.0,34.0,93.86,32.0,1778.39453125,2732.3124739974737
2026-07-21T03:07:57.356501+00:00,3931.0,35.0,93.63,32.0,1778.39453125,2732.6743397712708
2026-07-21T03:07:57.697814+00:00,3931.0,34.0,94.6,32.0,1778.39453125,2733.0156533941627
2026-07-21T03:07:58.059706+00:00,3931.0,33.0,94.98,32.0,1778.39453125,2733.377544462681
2026-07-21T03:07:58.436669+00:00,3931.0,34.0,94.81,32.0,1778.39453125,2733.754507511854
2026-07-21T03:07:58.798020+00:00,3931.0,34.0,94.75,32.0,1778.39453125,2734.11585849151
2026-07-21T03:07:59.135637+00:00,3931.0,36.0,95.03,32.0,1778.39453125,2734.453474868089
2026-07-21T03:07:59.474917+00:00,3931.0,36.0,94.86,32.0,1778.39453125,2734.792756251991
2026-07-21T03:07:59.840875+00:00,3931.0,27.0,93.42,32.0,1778.421875,2735.1587130464613
2026-07-21T03:08:00.219531+00:00,3931.0,34.0,93.53,32.0,1778.421875,2735.5373681746423
2026-07-21T03:08:00.582306+00:00,3931.0,35.0,93.33,32.0,1778.421875,2735.9001441933215
2026-07-21T03:08:00.942461+00:00,3931.0,35.0,94.45,32.0,1778.421875,2736.260299578309
2026-07-21T03:08:01.275002+00:00,3931.0,34.0,94.38,32.0,1778.421875,2736.5928408429027
2026-07-21T03:08:01.589089+00:00,3931.0,36.0,94.02,32.0,1778.421875,2736.906928125769
2026-07-21T03:08:01.920685+00:00,3931.0,36.0,94.15,32.0,1778.421875,2737.2385242432356
2026-07-21T03:08:02.234267+00:00,3931.0,36.0,94.22,32.0,1778.421875,2737.552104059607
2026-07-21T03:08:02.601205+00:00,3931.0,34.0,94.5,32.0,1778.421875,2737.919044818729
2026-07-21T03:08:02.934080+00:00,3931.0,35.0,94.41,32.0,1778.421875,2738.251918397844
2026-07-21T03:08:03.269244+00:00,3931.0,35.0,94.29,32.0,1778.421875,2738.587083339691
2026-07-21T03:08:03.585143+00:00,3931.0,36.0,94.37,32.0,1778.421875,2738.902982417494
2026-07-21T03:08:03.897935+00:00,3931.0,36.0,94.28,32.0,1778.421875,2739.215774796903
2026-07-21T03:08:04.235252+00:00,3931.0,36.0,94.44,32.0,1778.421875,2739.5530917569995
2026-07-21T03:08:04.592915+00:00,3931.0,35.0,94.59,32.0,1778.421875,2739.9107539616525
2026-07-21T03:08:04.906630+00:00,3931.0,36.0,94.68,32.0,1778.421875,2740.224469050765
2026-07-21T03:08:05.287918+00:00,3931.0,36.0,94.88,32.0,1778.421875,2740.6057571209967
2026-07-21T03:08:05.625029+00:00,3931.0,36.0,94.44,32.0,1778.421875,2740.9428686499596
2026-07-21T03:08:05.938974+00:00,3931.0,36.0,94.75,32.0,1778.421875,2741.256813224405
2026-07-21T03:08:06.356794+00:00,3931.0,10.0,94.64,32.0,1778.44921875,2741.6746319420636
2026-07-21T03:08:06.713537+00:00,3931.0,35.0,94.47,32.0,1778.44921875,2742.0313762761652
2026-07-21T03:08:07.074032+00:00,3931.0,36.0,94.42,32.0,1778.44921875,2742.391871307045
2026-07-21T03:08:07.431827+00:00,3931.0,36.0,95.04,32.0,1778.44921875,2742.7496663741767
2026-07-21T03:08:07.770079+00:00,3931.0,36.0,94.88,32.0,1778.44921875,2743.0879186168313
2026-07-21T03:08:08.086366+00:00,3931.0,35.0,94.3,32.0,1778.44921875,2743.4042051769793
2026-07-21T03:08:08.444284+00:00,3931.0,35.0,94.56,32.0,1778.44921875,2743.7621227949858
2026-07-21T03:08:08.827843+00:00,3931.0,35.0,95.39,32.0,1778.44921875,2744.1456821858883
2026-07-21T03:08:09.164202+00:00,3931.0,36.0,95.63,32.0,1778.44921875,2744.4820413030684
2026-07-21T03:08:09.496088+00:00,3931.0,36.0,95.38,32.0,1778.44921875,2744.8139276243746
2026-07-21T03:08:09.856970+00:00,3931.0,36.0,95.05,32.0,1778.44921875,2745.1748093552887
2026-07-21T03:08:10.169582+00:00,3931.0,36.0,94.78,32.0,1778.44921875,2745.487420927733
2026-07-21T03:08:10.505572+00:00,3931.0,35.0,94.6,32.0,1778.44921875,2745.8234112784266
2026-07-21T03:08:10.841678+00:00,3931.0,36.0,94.63,32.0,1778.44921875,2746.1595176309347
2026-07-21T03:08:11.203375+00:00,3931.0,36.0,94.84,32.0,1778.44921875,2746.5212138704956
2026-07-21T03:08:11.564475+00:00,3931.0,36.0,94.85,32.0,1778.44921875,2746.8823147416115
2026-07-21T03:08:11.925202+00:00,3931.0,34.0,95.14,32.0,1778.44921875,2747.243041239679
2026-07-21T03:08:12.351179+00:00,3931.0,13.0,93.95,32.0,1778.4765625,2747.669017698616
2026-07-21T03:08:12.690088+00:00,3931.0,33.0,94.4,32.0,1778.4765625,2748.0079271793365
2026-07-21T03:08:13.073809+00:00,3931.0,35.0,94.16,32.0,1778.4765625,2748.3916480727494
2026-07-21T03:08:13.438921+00:00,3931.0,35.0,94.93,32.0,1778.4765625,2748.7567591816187
2026-07-21T03:08:13.774602+00:00,3931.0,36.0,94.85,32.0,1778.4765625,2749.0924416035414
2026-07-21T03:08:14.129060+00:00,3931.0,34.0,94.46,32.0,1778.4765625,2749.4468991942704
2026-07-21T03:08:14.512467+00:00,3931.0,34.0,94.85,32.0,1778.4765625,2749.830306097865
2026-07-21T03:08:14.856317+00:00,3931.0,36.0,94.94,32.0,1778.4765625,2750.1741563789546
2026-07-21T03:08:15.171848+00:00,3931.0,36.0,94.94,32.0,1778.4765625,2750.489687334746
2026-07-21T03:08:15.523106+00:00,3931.0,36.0,94.3,32.0,1778.4765625,2750.8409450016916
2026-07-21T03:08:15.884044+00:00,3931.0,34.0,94.23,32.0,1778.4765625,2751.2018827460706
2026-07-21T03:08:16.217662+00:00,3931.0,36.0,94.48,32.0,1778.4765625,2751.5355005078018
2026-07-21T03:08:16.576940+00:00,3931.0,36.0,95.07,32.0,1778.4765625,2751.894779391587
2026-07-21T03:08:16.890567+00:00,3931.0,36.0,94.88,32.0,1778.4765625,2752.2084065303206
2026-07-21T03:08:17.259489+00:00,3931.0,36.0,95.14,32.0,1778.4765625,2752.577328056097
2026-07-21T03:08:17.594413+00:00,3931.0,35.0,93.83,32.0,1778.50390625,2752.912251457572
2026-07-21T03:08:17.924827+00:00,3931.0,36.0,93.44,32.0,1778.50390625,2753.242665849626
2026-07-21T03:08:18.240814+00:00,3931.0,36.0,92.97,32.0,1778.50390625,2753.558653373271
2026-07-21T03:08:18.599119+00:00,3931.0,36.0,94.23,32.0,1778.50390625,2753.9169588387012
2026-07-21T03:08:18.933349+00:00,3931.0,35.0,94.34,32.0,1778.50390625,2754.2511874251068
2026-07-21T03:08:19.247328+00:00,3931.0,35.0,94.47,32.0,1778.50390625,2754.565167322755
2026-07-21T03:08:19.584822+00:00,3931.0,35.0,94.63,32.0,1778.50390625,2754.902661770582
2026-07-21T03:08:19.923909+00:00,3931.0,36.0,94.8,32.0,1778.50390625,2755.2417482361197
2026-07-21T03:08:20.307840+00:00,3931.0,36.0,95.55,32.0,1778.50390625,2755.625678934157
2026-07-21T03:08:20.645385+00:00,3931.0,36.0,94.94,32.0,1778.50390625,2755.9632243700325
2026-07-21T03:08:20.981939+00:00,3931.0,35.0,94.67,32.0,1778.50390625,2756.2997782975435
2026-07-21T03:08:21.317731+00:00,3931.0,35.0,93.96,32.0,1778.50390625,2756.6355710178614
2026-07-21T03:08:21.650901+00:00,3931.0,36.0,94.08,32.0,1778.50390625,2756.968740776181
2026-07-21T03:08:22.000136+00:00,3931.0,36.0,94.3,32.0,1778.50390625,2757.3179752975702
2026-07-21T03:08:22.332066+00:00,3931.0,36.0,94.68,32.0,1778.50390625,2757.649905331433
2026-07-21T03:08:22.687260+00:00,3931.0,36.0,95.05,32.0,1778.50390625,2758.0051002129912
2026-07-21T03:08:23.026189+00:00,3931.0,36.0,95.06,32.0,1778.50390625,2758.3440280631185
2026-07-21T03:08:23.339310+00:00,3931.0,35.0,94.64,32.0,1778.50390625,2758.6571493558586
2026-07-21T03:08:23.678039+00:00,3931.0,36.0,94.74,32.0,1778.50390625,2758.995878458023
2026-07-21T03:08:24.018364+00:00,3931.0,35.0,94.89,32.0,1778.50390625,2759.336202915758
2026-07-21T03:08:24.376657+00:00,3931.0,35.0,95.74,32.0,1778.50390625,2759.6944962106645
2026-07-21T03:08:24.795220+00:00,3931.0,36.0,95.33,32.0,1781.57421875,2760.1130595095456
2026-07-21T03:08:25.150386+00:00,3931.0,34.0,94.09,32.0,1781.72265625,2760.4682244472206
2026-07-21T03:08:25.508191+00:00,3931.0,35.0,93.7,32.0,1781.72265625,2760.8260304033756
2026-07-21T03:08:25.847509+00:00,3931.0,35.0,95.17,32.0,1781.72265625,2761.1653482839465
2026-07-21T03:08:26.193403+00:00,3931.0,35.0,94.65,32.0,1781.72265625,2761.5112418457866
2026-07-21T03:08:26.507604+00:00,3931.0,35.0,94.11,32.0,1781.72265625,2761.8254430145025
2026-07-21T03:08:26.852263+00:00,3931.0,36.0,93.86,32.0,1781.72265625,2762.1701026298106
2026-07-21T03:08:27.166598+00:00,3931.0,36.0,93.82,32.0,1781.72265625,2762.48443813622
2026-07-21T03:08:27.500129+00:00,3931.0,36.0,94.08,32.0,1781.72265625,2762.8179682418704
2026-07-21T03:08:27.839595+00:00,3931.0,35.0,94.32,32.0,1781.72265625,2763.1574337631464
2026-07-21T03:08:28.222788+00:00,3931.0,34.0,94.79,32.0,1781.72265625,2763.5406263284385
2026-07-21T03:08:28.569891+00:00,3931.0,35.0,95.01,32.0,1781.7265625,2763.8877299651504
2026-07-21T03:08:28.939593+00:00,3931.0,34.0,94.64,32.0,1781.7265625,2764.2574314549565
2026-07-21T03:08:29.301620+00:00,3931.0,33.0,94.56,32.0,1781.7265625,2764.6194590069354
2026-07-21T03:08:29.647391+00:00,3931.0,36.0,94.65,32.0,1781.7265625,2764.9652296453714
2026-07-21T03:08:29.994754+00:00,3931.0,35.0,94.56,32.0,1781.7265625,2765.3125926740468
2026-07-21T03:08:30.439711+00:00,3931.0,36.0,94.5,32.0,1781.7265625,2765.757549703121
2026-07-21T03:08:30.766403+00:00,3931.0,33.0,93.3,32.0,1781.75,2766.0842412523925
2026-07-21T03:08:31.156109+00:00,3931.0,35.0,93.12,32.0,1781.75,2766.4739473946393
2026-07-21T03:08:31.523079+00:00,3931.0,35.0,94.51,32.0,1781.75,2766.840917393565
2026-07-21T03:08:31.865790+00:00,3931.0,34.0,94.3,32.0,1781.75390625,2767.1836285851896
2026-07-21T03:08:32.208969+00:00,3931.0,35.0,94.03,32.0,1781.75390625,2767.5268078260124
2026-07-21T03:08:32.569875+00:00,3931.0,35.0,94.19,32.0,1781.75390625,2767.887713331729
2026-07-21T03:08:32.936552+00:00,3931.0,35.0,94.31,32.0,1781.75390625,2768.254391606897
2026-07-21T03:08:33.254373+00:00,3931.0,36.0,94.34,32.0,1781.75390625,2768.5722118653357
2026-07-21T03:08:33.586638+00:00,3931.0,35.0,93.92,32.0,1781.75390625,2768.9044771008193
2026-07-21T03:08:33.925324+00:00,3931.0,36.0,94.09,32.0,1781.75390625,2769.2431633919477
2026-07-21T03:08:34.296756+00:00,3931.0,35.0,94.37,32.0,1781.7578125,2769.61459518224
2026-07-21T03:08:34.693382+00:00,3931.0,11.0,93.66,32.0,1781.7578125,2770.0112193971872
2026-07-21T03:08:35.045996+00:00,3931.0,36.0,94.82,32.0,1781.7890625,2770.3638338558376
2026-07-21T03:08:35.381364+00:00,3931.0,35.0,95.14,32.0,1781.7890625,2770.6992026530206
2026-07-21T03:08:35.722398+00:00,3931.0,36.0,96.22,32.0,1781.7890625,2771.040236674249
2026-07-21T03:08:36.038547+00:00,3931.0,36.0,95.01,32.0,1781.7890625,2771.3563861213624
2026-07-21T03:08:36.375556+00:00,3931.0,37.0,95.11,32.0,1781.79296875,2771.6933947131038
2026-07-21T03:08:36.715038+00:00,3931.0,36.0,95.21,32.0,1781.79296875,2772.0328773260117
2026-07-21T03:08:37.077332+00:00,3931.0,36.0,95.41,32.0,1781.79296875,2772.3951716683805
2026-07-21T03:08:37.433552+00:00,3931.0,37.0,95.58,32.0,1781.79296875,2772.7513911128044
2026-07-21T03:08:37.768707+00:00,3931.0,36.0,95.62,32.0,1781.796875,2773.0865467712283
2026-07-21T03:08:38.105137+00:00,3931.0,37.0,95.62,32.0,1781.796875,2773.4229758530855
2026-07-21T03:08:38.442730+00:00,3931.0,36.0,95.99,32.0,1781.796875,2773.760569099337
2026-07-21T03:08:38.756174+00:00,3931.0,36.0,95.95,32.0,1781.80859375,2774.0740126669407
2026-07-21T03:08:39.109694+00:00,3931.0,35.0,95.93,32.0,1781.80859375,2774.4275328703225
2026-07-21T03:08:39.447451+00:00,3931.0,37.0,95.78,32.0,1781.80859375,2774.7652903050184
2026-07-21T03:08:39.786511+00:00,3931.0,37.0,95.8,32.0,1781.80859375,2775.1043497398496
2026-07-21T03:08:40.104390+00:00,3931.0,37.0,95.56,32.0,1781.80859375,2775.4222288019955
2026-07-21T03:08:40.464863+00:00,3931.0,36.0,95.45,32.0,1781.80859375,2775.782702602446
2026-07-21T03:08:40.799366+00:00,3931.0,36.0,95.46,32.0,1781.80859375,2776.117205426097
2026-07-21T03:08:41.134467+00:00,3931.0,36.0,95.85,32.0,1781.80859375,2776.452306572348
2026-07-21T03:08:41.496533+00:00,3931.0,37.0,96.07,32.0,1781.80859375,2776.8143727630377
2026-07-21T03:08:41.860363+00:00,3931.0,8.0,94.91,32.0,1781.83203125,2777.1782010421157
2026-07-21T03:08:42.198603+00:00,3931.0,35.0,94.55,32.0,1781.83203125,2777.5164424329996
2026-07-21T03:08:42.580961+00:00,3931.0,35.0,94.41,32.0,1781.83203125,2777.8987998887897
2026-07-21T03:08:42.894262+00:00,3931.0,36.0,95.07,32.0,1781.83203125,2778.2121016196907
2026-07-21T03:08:43.226327+00:00,3931.0,36.0,94.7,32.0,1781.83203125,2778.5441671535373
2026-07-21T03:08:43.584040+00:00,3931.0,36.0,94.75,32.0,1781.83203125,2778.9018792919815
2026-07-21T03:08:43.944164+00:00,3931.0,36.0,94.99,32.0,1781.83203125,2779.261995565146
2026-07-21T03:08:44.258628+00:00,3931.0,35.0,94.8,32.0,1781.83203125,2779.576466869563
2026-07-21T03:08:44.617489+00:00,3931.0,33.0,94.57,32.0,1781.8359375,2779.935321893543
2026-07-21T03:08:44.986772+00:00,3931.0,34.0,94.22,32.0,1781.8359375,2780.304610479623
2026-07-21T03:08:45.365553+00:00,3931.0,35.0,94.64,32.0,1781.8359375,2780.683391649276
2026-07-21T03:08:45.720987+00:00,3931.0,34.0,94.9,32.0,1781.8359375,2781.0388250537217
2026-07-21T03:08:46.085247+00:00,3931.0,34.0,94.92,32.0,1781.8359375,2781.403085883707
2026-07-21T03:08:46.421941+00:00,3931.0,35.0,94.56,32.0,1781.8359375,2781.739780817181
2026-07-21T03:08:46.813403+00:00,3931.0,36.0,94.8,32.0,1781.8359375,2782.1312416531146
2026-07-21T03:08:47.195134+00:00,3931.0,2.0,93.81,32.0,1781.86328125,2782.5129725411534
2026-07-21T03:08:47.538891+00:00,3931.0,36.0,93.5,32.0,1781.86328125,2782.856729567051
2026-07-21T03:08:47.879731+00:00,3931.0,34.0,93.22,32.0,1781.86328125,2783.197568833828
2026-07-21T03:08:48.221316+00:00,3931.0,35.0,93.72,32.0,1781.86328125,2783.5391554944217
2026-07-21T03:08:48.562884+00:00,3931.0,35.0,93.66,32.0,1781.86328125,2783.8807225078344
2026-07-21T03:08:48.906708+00:00,3931.0,35.0,94.03,32.0,1781.86328125,2784.2245463468134
2026-07-21T03:08:49.244741+00:00,3931.0,36.0,94.18,32.0,1781.86328125,2784.5625807978213
2026-07-21T03:08:49.582993+00:00,3931.0,36.0,94.46,32.0,1781.86328125,2784.900832399726
2026-07-21T03:08:49.918417+00:00,3931.0,34.0,94.13,32.0,1781.86328125,2785.2362568043172
2026-07-21T03:08:50.254248+00:00,3931.0,36.0,93.96,32.0,1781.86328125,2785.572087023407
2026-07-21T03:08:50.660297+00:00,3931.0,36.0,93.95,32.0,1781.86328125,2785.9781362973154
2026-07-21T03:08:51.001419+00:00,3931.0,36.0,94.36,32.0,1781.8828125,2786.3192581683397
2026-07-21T03:08:51.380157+00:00,3931.0,36.0,94.62,32.0,1781.88671875,2786.6979964114726
2026-07-21T03:08:51.714994+00:00,3931.0,35.0,95.97,32.0,1781.88671875,2787.0328327082098
2026-07-21T03:08:52.072575+00:00,3931.0,34.0,94.99,32.0,1781.890625,2787.390413414687
2026-07-21T03:08:52.407161+00:00,3931.0,36.0,94.93,32.0,1781.890625,2787.724999744445
2026-07-21T03:08:52.744660+00:00,3931.0,36.0,95.17,32.0,1781.89453125,2788.062499009073
2026-07-21T03:08:53.086161+00:00,3931.0,36.0,95.39,32.0,1781.89453125,2788.4040001928806
2026-07-21T03:08:53.422293+00:00,3931.0,35.0,95.03,32.0,1781.89453125,2788.7401324510574
2026-07-21T03:08:53.758660+00:00,3931.0,36.0,94.87,32.0,1781.8984375,2789.0764987803996
2026-07-21T03:08:54.093485+00:00,3931.0,36.0,94.74,32.0,1781.8984375,2789.411324109882
2026-07-21T03:08:54.431656+00:00,3931.0,36.0,94.86,32.0,1781.8984375,2789.749494612217
2026-07-21T03:08:54.766440+00:00,3931.0,36.0,95.36,32.0,1781.90234375,2790.0842789039016
2026-07-21T03:08:55.108238+00:00,3931.0,35.0,95.6,32.0,1781.90234375,2790.4260773435235
2026-07-21T03:08:55.423665+00:00,3931.0,36.0,95.75,32.0,1781.90234375,2790.741501301527
2026-07-21T03:08:55.741625+00:00,3931.0,20.0,93.65,32.0,1781.9296875,2791.0594640746713
2026-07-21T03:08:56.079016+00:00,3931.0,36.0,93.41,32.0,1781.9296875,2791.396854519844
2026-07-21T03:08:56.418555+00:00,3931.0,36.0,92.91,32.0,1781.93359375,2791.7363940663636
2026-07-21T03:08:56.800307+00:00,3931.0,35.0,94.73,32.0,1781.93359375,2792.118144840002
2026-07-21T03:08:57.115977+00:00,3931.0,35.0,94.83,32.0,1781.94140625,2792.4338159151375
2026-07-21T03:08:57.452960+00:00,3931.0,36.0,94.56,32.0,1781.94140625,2792.7707991711795
2026-07-21T03:08:57.770000+00:00,3931.0,36.0,94.01,32.0,1781.9453125,2793.087839499116
2026-07-21T03:08:58.086559+00:00,3931.0,36.0,94.14,32.0,1781.9453125,2793.404397793114
2026-07-21T03:08:58.468717+00:00,3931.0,34.0,94.13,32.0,1781.9453125,2793.7865557409823
2026-07-21T03:08:58.827251+00:00,3931.0,35.0,94.67,32.0,1781.94921875,2794.1450895294547
2026-07-21T03:08:59.165247+00:00,3931.0,36.0,94.51,32.0,1781.94921875,2794.4830865859985
2026-07-21T03:08:59.500780+00:00,3931.0,37.0,93.26,32.0,1781.96875,2794.8186192438006
2026-07-21T03:08:59.813385+00:00,3931.0,35.0,93.35,32.0,1781.9765625,2795.1312252543867
2026-07-21T03:09:00.170789+00:00,3931.0,35.0,93.58,32.0,1781.9765625,2795.4886281713843
2026-07-21T03:09:00.484199+00:00,3931.0,36.0,94.46,32.0,1781.98046875,2795.8020390681922
2026-07-21T03:09:00.821713+00:00,3931.0,36.0,94.29,32.0,1781.98046875,2796.139552284032
2026-07-21T03:09:01.160837+00:00,3931.0,35.0,94.37,32.0,1781.984375,2796.4786762185395
2026-07-21T03:09:01.517608+00:00,3931.0,33.0,94.6,32.0,1781.98828125,2796.8354464694858
2026-07-21T03:09:01.859262+00:00,3931.0,35.0,94.2,32.0,1781.98828125,2797.177101355046
2026-07-21T03:09:02.201109+00:00,3931.0,36.0,94.35,32.0,1782.0,2797.51894781366
2026-07-21T03:09:02.542142+00:00,3931.0,36.0,94.03,32.0,1782.0,2797.8599813207984
2026-07-21T03:09:02.904633+00:00,3931.0,34.0,94.54,32.0,1782.01171875,2798.2224717624485
2026-07-21T03:09:03.239321+00:00,3931.0,35.0,94.53,32.0,1782.01171875,2798.5571599528193
2026-07-21T03:09:03.578581+00:00,3931.0,35.0,94.49,32.0,1782.01171875,2798.8964199870825
2026-07-21T03:09:03.918846+00:00,3931.0,34.0,94.23,32.0,1782.0234375,2799.2366847656667
2026-07-21T03:09:04.261842+00:00,3931.0,36.0,94.3,32.0,1782.0234375,2799.579680711031
2026-07-21T03:09:04.620640+00:00,3931.0,34.0,94.04,32.0,1782.0390625,2799.938479054719
2026-07-21T03:09:05.006284+00:00,3931.0,35.0,94.56,32.0,1782.0390625,2800.3241227678955
2026-07-21T03:09:05.348820+00:00,3931.0,34.0,94.72,32.0,1782.04296875,2800.666659705341
2026-07-21T03:09:05.683185+00:00,3931.0,23.0,93.54,32.0,1782.07421875,2801.0010238029063
2026-07-21T03:09:06.021908+00:00,3931.0,36.0,93.0,32.0,1782.07421875,2801.3397466875613
2026-07-21T03:09:06.361977+00:00,3931.0,35.0,92.73,32.0,1782.078125,2801.6798157654703
2026-07-21T03:09:06.701171+00:00,3931.0,35.0,93.85,32.0,1782.08203125,2802.0190104991198
2026-07-21T03:09:07.033349+00:00,3931.0,35.0,94.21,32.0,1782.08203125,2802.351187493652
2026-07-21T03:09:07.392952+00:00,3931.0,36.0,94.65,32.0,1782.09765625,2802.7107909433544
2026-07-21T03:09:07.730995+00:00,3931.0,36.0,94.44,32.0,1782.09765625,2803.048833850771
2026-07-21T03:09:08.067192+00:00,3931.0,36.0,94.05,32.0,1782.1171875,2803.3850310519338
2026-07-21T03:09:08.406112+00:00,3931.0,36.0,94.45,32.0,1782.1171875,2803.723951715976
2026-07-21T03:09:08.723800+00:00,3931.0,35.0,94.66,32.0,1782.12109375,2804.041639365256
2026-07-21T03:09:09.058289+00:00,3931.0,36.0,94.91,32.0,1782.12890625,2804.3761277236044
2026-07-21T03:09:09.394090+00:00,3931.0,36.0,94.44,32.0,1782.12890625,2804.711929284036
2026-07-21T03:09:09.729451+00:00,3931.0,36.0,94.57,32.0,1782.1484375,2805.0472906827927
2026-07-21T03:09:10.080612+00:00,3931.0,36.0,94.8,32.0,1782.1484375,2805.3984511569142
2026-07-21T03:09:10.498224+00:00,3931.0,0.0,93.96,32.0,1782.1796875,2805.8160624094307
2026-07-21T03:09:10.830651+00:00,3931.0,35.0,93.67,32.0,1782.1875,2806.1484905593097
2026-07-21T03:09:11.147111+00:00,3931.0,35.0,93.19,32.0,1782.1875,2806.464950468391
2026-07-21T03:09:11.508943+00:00,3931.0,35.0,93.96,32.0,1782.1953125,2806.8267816267908
2026-07-21T03:09:11.856012+00:00,3931.0,36.0,94.01,32.0,1782.1953125,2807.173851337284
2026-07-21T03:09:12.201925+00:00,3931.0,36.0,94.46,32.0,1782.20703125,2807.5197640396655
2026-07-21T03:09:12.540934+00:00,3931.0,35.0,94.0,32.0,1782.21484375,2807.858772918582
2026-07-21T03:09:12.861690+00:00,3931.0,36.0,93.96,32.0,1782.21484375,2808.179528865963
2026-07-21T03:09:13.178706+00:00,3931.0,36.0,94.21,32.0,1782.234375,2808.4965450763702
2026-07-21T03:09:13.559646+00:00,3931.0,36.0,94.27,32.0,1782.234375,2808.8774839155376
2026-07-21T03:09:13.878845+00:00,3931.0,36.0,94.26,32.0,1782.2421875,2809.196684770286
2026-07-21T03:09:14.217988+00:00,3931.0,30.0,93.13,32.0,1782.26171875,2809.535826664418
2026-07-21T03:09:14.533651+00:00,3931.0,35.0,92.96,32.0,1782.26171875,2809.851490393281
2026-07-21T03:09:14.892581+00:00,3931.0,35.0,92.93,32.0,1782.27734375,2810.210420027375
2026-07-21T03:09:15.228165+00:00,3931.0,36.0,94.05,32.0,1782.27734375,2810.546004317701
2026-07-21T03:09:15.585564+00:00,3931.0,35.0,94.54,32.0,1782.28125,2810.9034039638937
2026-07-21T03:09:15.902441+00:00,3931.0,12.0,92.59,32.0,1782.296875,2811.2202800922096
2026-07-21T03:09:16.238821+00:00,3931.0,36.0,92.47,32.0,1782.296875,2811.5566596351564
2026-07-21T03:09:16.569528+00:00,3931.0,35.0,92.55,32.0,1782.296875,2811.8873677812517
2026-07-21T03:09:16.882216+00:00,3931.0,36.0,94.49,32.0,1782.296875,2812.2000554837286
2026-07-21T03:09:17.197995+00:00,3931.0,36.0,94.69,32.0,1782.296875,2812.5158335268497
2026-07-21T03:09:17.534264+00:00,3931.0,36.0,94.77,32.0,1782.296875,2812.8521032370627
2026-07-21T03:09:17.920876+00:00,3931.0,33.0,94.71,32.0,1782.296875,2813.238714978099
2026-07-21T03:09:18.262740+00:00,3931.0,36.0,94.77,32.0,1782.296875,2813.5805787220597
2026-07-21T03:09:18.641996+00:00,3931.0,33.0,94.31,32.0,1782.296875,2813.959834109992
2026-07-21T03:09:19.010243+00:00,3931.0,36.0,93.83,32.0,1782.296875,2814.32808175683
2026-07-21T03:09:19.354810+00:00,3931.0,34.0,93.96,32.0,1782.296875,2814.672648731619
2026-07-21T03:09:19.717176+00:00,3931.0,34.0,94.57,32.0,1782.296875,2815.035013899207
2026-07-21T03:09:20.113636+00:00,3931.0,35.0,94.9,32.0,1782.296875,2815.431474905461
2026-07-21T03:09:20.497439+00:00,3931.0,35.0,94.83,32.0,1782.296875,2815.815277609974
2026-07-21T03:09:20.834078+00:00,3931.0,36.0,94.64,32.0,1782.296875,2816.1519168280065
2026-07-21T03:09:21.202981+00:00,3931.0,34.0,94.51,32.0,1782.296875,2816.520820364356
2026-07-21T03:09:21.564872+00:00,3931.0,33.0,94.52,32.0,1782.296875,2816.882711339742
2026-07-21T03:09:21.947952+00:00,3931.0,36.0,95.07,32.0,1782.296875,2817.2657909691334
2026-07-21T03:09:22.286357+00:00,3931.0,34.0,95.05,32.0,1782.296875,2817.6041959151626
2026-07-21T03:09:22.664774+00:00,3931.0,34.0,95.12,32.0,1782.296875,2817.982613246888
2026-07-21T03:09:23.028453+00:00,3931.0,34.0,94.99,32.0,1782.296875,2818.346291691065
2026-07-21T03:09:23.370094+00:00,3931.0,34.0,94.25,32.0,1782.3203125,2818.6879321709275
2026-07-21T03:09:23.731194+00:00,3931.0,34.0,93.75,32.0,1782.3203125,2819.049032282084
2026-07-21T03:09:24.067249+00:00,3931.0,35.0,93.15,32.0,1782.3203125,2819.3850883617997
2026-07-21T03:09:24.407121+00:00,3931.0,35.0,93.95,32.0,1782.3203125,2819.7249598540366
2026-07-21T03:09:24.746518+00:00,3931.0,35.0,94.21,32.0,1782.3203125,2820.064356647432
2026-07-21T03:09:25.079772+00:00,3931.0,36.0,94.24,32.0,1782.3203125,2820.39761056751
2026-07-21T03:09:25.414667+00:00,3931.0,35.0,94.33,32.0,1782.3203125,2820.732505541295
2026-07-21T03:09:25.777497+00:00,3931.0,36.0,94.54,32.0,1782.3203125,2821.0953361839056
2026-07-21T03:09:26.141557+00:00,3931.0,35.0,94.82,32.0,1782.3203125,2821.4593966305256
2026-07-21T03:09:26.524924+00:00,3931.0,33.0,94.53,32.0,1782.3203125,2821.842762429267
2026-07-21T03:09:26.929466+00:00,3931.0,0.0,93.42,32.0,1782.34375,2822.247303634882
2026-07-21T03:09:27.262538+00:00,3931.0,34.0,93.28,32.0,1782.34375,2822.5803774148226
2026-07-21T03:09:27.652238+00:00,3931.0,35.0,93.07,32.0,1782.34375,2822.970077291131
2026-07-21T03:09:27.990690+00:00,3931.0,35.0,94.12,32.0,1782.34375,2823.308528110385
2026-07-21T03:09:28.333741+00:00,3931.0,34.0,94.22,32.0,1782.34375,2823.651580169797
2026-07-21T03:09:28.697367+00:00,3931.0,34.0,94.08,32.0,1782.34375,2824.015206012875
2026-07-21T03:09:29.090382+00:00,3931.0,35.0,94.29,32.0,1782.34375,2824.408220026642
2026-07-21T03:09:29.455861+00:00,3931.0,20.0,92.79,32.0,1782.34375,2824.773700091988
2026-07-21T03:09:29.794580+00:00,3931.0,33.0,92.78,32.0,1782.34375,2825.1124189309776
2026-07-21T03:09:30.137084+00:00,3931.0,34.0,92.08,32.0,1782.34375,2825.45492310822
2026-07-21T03:09:30.477317+00:00,3931.0,33.0,93.41,32.0,1782.34375,2825.795155312866
2026-07-21T03:09:30.836069+00:00,3931.0,33.0,93.81,32.0,1782.34375,2826.1539066135883
2026-07-21T03:09:31.203565+00:00,3931.0,33.0,94.49,32.0,1782.34375,2826.5214032679796
2026-07-21T03:09:31.545539+00:00,3931.0,35.0,94.26,32.0,1782.34375,2826.863378547132
2026-07-21T03:09:31.913535+00:00,3931.0,33.0,94.32,32.0,1782.34375,2827.231373973191
2026-07-21T03:09:32.251094+00:00,3931.0,33.0,93.8,32.0,1782.34375,2827.568932171911
2026-07-21T03:09:32.590982+00:00,3931.0,23.0,92.92,32.0,1782.34375,2827.908820759505
2026-07-21T03:09:32.930707+00:00,3931.0,16.0,91.6,32.0,1782.37109375,2828.2485456354916
2026-07-21T03:09:33.294358+00:00,3931.0,33.0,91.82,32.0,1782.37109375,2828.612196866423
2026-07-21T03:09:33.681487+00:00,3931.0,34.0,92.91,32.0,1782.37109375,2828.99932602793
2026-07-21T03:09:34.022647+00:00,3931.0,35.0,94.5,32.0,1782.37109375,2829.3404858857393
2026-07-21T03:09:34.342646+00:00,3931.0,34.0,94.15,32.0,1782.37109375,2829.660485174507
2026-07-21T03:09:34.684435+00:00,3931.0,35.0,93.96,32.0,1782.37109375,2830.002274122089
2026-07-21T03:09:35.026092+00:00,3931.0,34.0,93.73,32.0,1782.37109375,2830.3439303711057
2026-07-21T03:09:35.345852+00:00,3931.0,35.0,93.8,32.0,1782.37109375,2830.6636909618974
2026-07-21T03:09:35.687214+00:00,3931.0,36.0,93.78,32.0,1782.37109375,2831.0050529390574
2026-07-21T03:09:36.026822+00:00,3931.0,36.0,94.12,32.0,1782.37109375,2831.3446608670056
2026-07-21T03:09:36.366321+00:00,3931.0,35.0,94.23,32.0,1782.37109375,2831.684160500765
2026-07-21T03:09:36.711622+00:00,3931.0,34.0,94.02,32.0,1782.37109375,2832.029461249709
2026-07-21T03:09:37.097240+00:00,3931.0,33.0,94.34,32.0,1782.37109375,2832.4150785021484
2026-07-21T03:09:37.479228+00:00,3931.0,10.0,93.29,32.0,1782.39453125,2832.7970656491816
2026-07-21T03:09:37.849657+00:00,3931.0,34.0,93.67,32.0,1782.39453125,2833.167496073991
2026-07-21T03:09:38.198118+00:00,3931.0,33.0,93.35,32.0,1782.39453125,2833.5159561000764
2026-07-21T03:09:38.540876+00:00,3931.0,35.0,94.26,32.0,1782.39453125,2833.858714610338
2026-07-21T03:09:38.901082+00:00,3931.0,35.0,93.97,32.0,1782.39453125,2834.2189209237695
2026-07-21T03:09:39.242220+00:00,3931.0,35.0,93.95,32.0,1782.39453125,2834.5600592680275
2026-07-21T03:09:39.583557+00:00,3931.0,35.0,93.9,32.0,1782.39453125,2834.9013961032033
2026-07-21T03:09:39.922315+00:00,3931.0,35.0,93.73,32.0,1782.39453125,2835.240154594183
2026-07-21T03:09:40.262333+00:00,3931.0,36.0,94.01,32.0,1782.39453125,2835.5801721587777
2026-07-21T03:09:40.629624+00:00,3931.0,33.0,94.32,32.0,1782.39453125,2835.9474635757506
2026-07-21T03:09:41.017081+00:00,3931.0,34.0,94.57,32.0,1782.39453125,2836.334919974208
2026-07-21T03:09:41.354656+00:00,3931.0,35.0,94.47,32.0,1782.39453125,2836.6724953465164
2026-07-21T03:09:41.706889+00:00,3931.0,33.0,94.4,32.0,1782.39453125,2837.0247282907367
2026-07-21T03:09:42.092267+00:00,3931.0,33.0,94.36,32.0,1782.39453125,2837.410105649382
2026-07-21T03:09:42.430425+00:00,3931.0,33.0,94.36,32.0,1782.39453125,2837.748264454305
2026-07-21T03:09:42.769586+00:00,3931.0,36.0,94.73,32.0,1782.39453125,2838.087424993515
2026-07-21T03:09:43.127848+00:00,3931.0,36.0,94.66,32.0,1782.39453125,2838.445686865598
2026-07-21T03:09:43.473426+00:00,3931.0,35.0,95.01,32.0,1782.39453125,2838.791264925152
2026-07-21T03:09:43.814263+00:00,3931.0,34.0,94.76,32.0,1782.39453125,2839.132101893425
2026-07-21T03:09:44.158689+00:00,3931.0,36.0,94.48,32.0,1782.39453125,2839.4765276759863
2026-07-21T03:09:44.499213+00:00,3931.0,35.0,94.5,32.0,1782.39453125,2839.8170516081154
2026-07-21T03:09:44.852869+00:00,3931.0,35.0,95.08,32.0,1782.39453125,2840.170708529651
2026-07-21T03:09:45.216909+00:00,3931.0,36.0,95.23,32.0,1782.39453125,2840.534747608006
2026-07-21T03:09:45.580355+00:00,3931.0,35.0,95.14,32.0,1782.39453125,2840.898193601519
2026-07-21T03:09:45.944041+00:00,3931.0,35.0,95.24,32.0,1782.39453125,2841.261879850179
2026-07-21T03:09:46.283139+00:00,3931.0,36.0,95.35,32.0,1782.39453125,2841.600977450609
2026-07-21T03:09:46.622755+00:00,3931.0,0.0,93.55,32.0,1782.484375,2841.940592907369
2026-07-21T03:09:46.994351+00:00,3931.0,35.0,93.54,32.0,1782.484375,2842.312188617885
2026-07-21T03:09:47.333912+00:00,3931.0,36.0,93.37,32.0,1782.484375,2842.6517504416406
2026-07-21T03:09:47.674484+00:00,3931.0,36.0,94.66,32.0,1782.484375,2842.99232044816
2026-07-21T03:09:48.014036+00:00,3931.0,34.0,94.31,32.0,1782.484375,2843.3318749666214
2026-07-21T03:09:48.377353+00:00,3931.0,35.0,94.8,32.0,1782.484375,2843.695192448795
2026-07-21T03:09:48.714164+00:00,3931.0,34.0,94.72,32.0,1782.484375,2844.032003443688
2026-07-21T03:09:49.080717+00:00,3931.0,33.0,94.81,32.0,1782.484375,2844.3985555619
2026-07-21T03:09:49.422317+00:00,3931.0,34.0,94.55,32.0,1782.484375,2844.7401563450694
2026-07-21T03:09:49.763929+00:00,3931.0,35.0,94.67,32.0,1782.484375,2845.081767693162
2026-07-21T03:09:50.123607+00:00,3931.0,33.0,94.61,32.0,1782.484375,2845.441446531564
2026-07-21T03:09:50.482902+00:00,3931.0,35.0,94.82,32.0,1782.484375,2845.800741121173
2026-07-21T03:09:50.868477+00:00,3931.0,23.0,93.76,32.0,1782.484375,2846.1863160021603
2026-07-21T03:09:51.206195+00:00,3931.0,35.0,94.16,32.0,1782.484375,2846.5240337736905
2026-07-21T03:09:51.545859+00:00,3931.0,35.0,94.16,32.0,1782.484375,2846.8636978417635
2026-07-21T03:09:51.891937+00:00,3931.0,37.0,94.29,32.0,1785.80078125,2847.209774926305
2026-07-21T03:09:52.252809+00:00,3931.0,34.0,94.36,32.0,1785.80078125,2847.5706481300294
2026-07-21T03:09:52.598793+00:00,3931.0,33.0,93.95,32.0,1785.80078125,2847.91663133353
2026-07-21T03:09:52.934688+00:00,3931.0,36.0,94.57,32.0,1785.80078125,2848.252527203411
2026-07-21T03:09:53.274223+00:00,3931.0,35.0,94.13,32.0,1785.80078125,2848.5920624174178
2026-07-21T03:09:53.615007+00:00,3931.0,34.0,94.25,32.0,1785.80078125,2848.932845517993
2026-07-21T03:09:53.954083+00:00,3931.0,34.0,94.45,32.0,1785.80078125,2849.2719222418964
2026-07-21T03:09:54.298521+00:00,3931.0,34.0,94.45,32.0,1785.80078125,2849.6163605339825
2026-07-21T03:09:54.680938+00:00,3931.0,35.0,94.65,32.0,1785.80078125,2849.998777002096
2026-07-21T03:09:55.033074+00:00,3931.0,34.0,94.74,32.0,1785.80078125,2850.3509133420885
2026-07-21T03:09:55.374170+00:00,3931.0,33.0,94.51,32.0,1785.80078125,2850.6920093633235
2026-07-21T03:09:55.715328+00:00,3931.0,35.0,94.35,32.0,1785.80078125,2851.0331673510373
2026-07-21T03:09:56.054666+00:00,3931.0,36.0,94.67,32.0,1785.80078125,2851.372504826635
2026-07-21T03:09:56.394165+00:00,3931.0,36.0,94.59,32.0,1785.80078125,2851.7120034992695
2026-07-21T03:09:56.785539+00:00,3931.0,30.0,94.57,32.0,1785.80078125,2852.1033777035773
2026-07-21T03:09:57.169930+00:00,3931.0,35.0,94.89,32.0,1785.80078125,2852.4877689778805
2026-07-21T03:09:57.511332+00:00,3931.0,35.0,94.97,32.0,1785.80078125,2852.8291706331074
2026-07-21T03:09:57.857831+00:00,3931.0,35.0,95.34,32.0,1785.80078125,2853.175669785589
2026-07-21T03:09:58.217308+00:00,3931.0,36.0,94.81,32.0,1785.80078125,2853.535146355629
2026-07-21T03:09:58.551544+00:00,3931.0,35.0,95.07,32.0,1785.80078125,2853.86938264966
2026-07-21T03:09:58.890971+00:00,3931.0,33.0,94.73,32.0,1785.8046875,2854.2088096775115
2026-07-21T03:09:59.246355+00:00,3931.0,34.0,94.77,32.0,1785.8046875,2854.564193662256
2026-07-21T03:09:59.586030+00:00,3931.0,34.0,94.58,32.0,1785.8046875,2854.9038687832654
2026-07-21T03:09:59.924599+00:00,3931.0,36.0,94.59,32.0,1785.8046875,2855.2424379624426
2026-07-21T03:10:00.260678+00:00,3931.0,36.0,94.75,32.0,1785.8046875,2855.578517179936
2026-07-21T03:10:00.596135+00:00,3931.0,36.0,95.0,32.0,1785.8046875,2855.9139745384455
2026-07-21T03:10:00.910276+00:00,3931.0,3.0,93.71,32.0,1785.859375,2856.2281139194965
2026-07-21T03:10:01.253859+00:00,3931.0,35.0,94.18,32.0,1785.859375,2856.5716976113617
2026-07-21T03:10:01.593708+00:00,3931.0,36.0,93.68,32.0,1785.859375,2856.9115465059876
2026-07-21T03:10:01.933677+00:00,3931.0,35.0,94.41,32.0,1785.859375,2857.251515828073
2026-07-21T03:10:02.269534+00:00,3931.0,35.0,94.33,32.0,1785.859375,2857.587373442948
2026-07-21T03:10:02.657571+00:00,3931.0,36.0,94.99,32.0,1785.859375,2857.9754102639854
2026-07-21T03:10:03.018769+00:00,3931.0,36.0,95.02,32.0,1785.859375,2858.336608298123
2026-07-21T03:10:03.358059+00:00,3931.0,36.0,95.51,32.0,1785.859375,2858.675897859037
2026-07-21T03:10:03.687592+00:00,3931.0,0.0,93.59,32.0,1785.8828125,2859.005431059748
2026-07-21T03:10:04.025809+00:00,3931.0,35.0,94.41,32.0,1785.8828125,2859.3436482287943
2026-07-21T03:10:04.365063+00:00,3931.0,36.0,93.86,32.0,1785.8828125,2859.682901479304
2026-07-21T03:10:04.719825+00:00,3931.0,36.0,94.7,32.0,1785.8828125,2860.037663564086
2026-07-21T03:10:05.039270+00:00,3931.0,36.0,94.29,32.0,1785.8828125,2860.3571070432663
2026-07-21T03:10:05.377311+00:00,3931.0,35.0,94.36,32.0,1785.8828125,2860.6951496452093
2026-07-21T03:10:05.692741+00:00,3931.0,36.0,94.36,32.0,1785.8828125,2861.0105807222426
2026-07-21T03:10:06.029693+00:00,3931.0,36.0,94.44,32.0,1785.8828125,2861.347532249987
2026-07-21T03:10:06.412908+00:00,3931.0,35.0,94.55,32.0,1785.8828125,2861.730746373534
2026-07-21T03:10:06.749607+00:00,3931.0,36.0,94.85,32.0,1785.8828125,2862.067446194589
2026-07-21T03:10:07.092980+00:00,3931.0,36.0,94.98,32.0,1785.8828125,2862.410819657147
2026-07-21T03:10:07.432008+00:00,3931.0,36.0,94.59,32.0,1785.8828125,2862.7498461939394
2026-07-21T03:10:07.771031+00:00,3931.0,36.0,94.75,32.0,1785.8828125,2863.088870741427
2026-07-21T03:10:08.128012+00:00,3931.0,35.0,95.05,32.0,1785.8828125,2863.4458513595164
2026-07-21T03:10:08.487220+00:00,3931.0,35.0,95.49,32.0,1785.8828125,2863.805058363825
2026-07-21T03:10:08.904807+00:00,3931.0,36.0,95.45,32.0,1785.890625,2864.222645930946
2026-07-21T03:10:09.223036+00:00,3931.0,36.0,94.45,32.0,1785.90234375,2864.540874160826
2026-07-21T03:10:09.610287+00:00,3931.0,36.0,94.14,32.0,1785.90234375,2864.928126245737
2026-07-21T03:10:09.950271+00:00,3931.0,36.0,95.24,32.0,1785.90234375,2865.268101647496
2026-07-21T03:10:10.288809+00:00,3931.0,35.0,94.79,32.0,1785.90234375,2865.606648232788
2026-07-21T03:10:10.625419+00:00,3931.0,36.0,94.48,32.0,1785.90234375,2865.9432587735355
2026-07-21T03:10:10.939405+00:00,3931.0,36.0,94.48,32.0,1785.90234375,2866.257244501263
2026-07-21T03:10:11.254029+00:00,3931.0,35.0,94.61,32.0,1785.90234375,2866.5718687474728
2026-07-21T03:10:11.595037+00:00,3931.0,36.0,94.75,32.0,1785.90234375,2866.9128762558103
2026-07-21T03:10:11.936113+00:00,3931.0,35.0,94.56,32.0,1785.90234375,2867.253951229155
2026-07-21T03:10:12.281943+00:00,3931.0,35.0,94.34,32.0,1785.90234375,2867.599781960249
2026-07-21T03:10:12.649932+00:00,3931.0,34.0,94.57,32.0,1785.90234375,2867.967770911753
2026-07-21T03:10:12.996965+00:00,3931.0,34.0,95.26,32.0,1785.90234375,2868.3148042336106
2026-07-21T03:10:13.335181+00:00,3931.0,36.0,95.05,32.0,1785.90234375,2868.653019785881
2026-07-21T03:10:13.674882+00:00,3931.0,36.0,94.74,32.0,1785.90234375,2868.9927212521434
2026-07-21T03:10:14.033442+00:00,3931.0,34.0,94.73,32.0,1785.90234375,2869.3512803800404
2026-07-21T03:10:14.371341+00:00,3931.0,22.0,93.85,32.0,1785.92578125,2869.6891785003245
2026-07-21T03:10:14.711299+00:00,3931.0,36.0,93.67,32.0,1785.92578125,2870.0291381068528
2026-07-21T03:10:15.085778+00:00,3931.0,33.0,93.74,32.0,1785.92578125,2870.403617091477
2026-07-21T03:10:15.472865+00:00,3931.0,35.0,94.78,32.0,1785.92578125,2870.7906987704337
2026-07-21T03:10:15.811073+00:00,3931.0,34.0,94.87,32.0,1785.92578125,2871.1289122849703
2026-07-21T03:10:16.227825+00:00,3931.0,22.0,94.03,32.0,1785.92578125,2871.5456637479365
2026-07-21T03:10:16.565301+00:00,3931.0,35.0,93.45,32.0,1785.9453125,2871.88313966617
2026-07-21T03:10:16.904740+00:00,3931.0,35.0,93.29,32.0,1785.9453125,2872.2225792743266
2026-07-21T03:10:17.218443+00:00,3931.0,36.0,93.52,32.0,1785.9453125,2872.536282952875
2026-07-21T03:10:17.554319+00:00,3931.0,36.0,93.83,32.0,1785.9453125,2872.872158166021
2026-07-21T03:10:17.890225+00:00,3931.0,36.0,93.79,32.0,1785.9453125,2873.2080642059445
2026-07-21T03:10:18.287376+00:00,3931.0,36.0,93.28,32.0,1785.9453125,2873.6052147373557
2026-07-21T03:10:18.630537+00:00,3931.0,35.0,93.46,32.0,1785.9609375,2873.94837583974
2026-07-21T03:10:18.945237+00:00,3931.0,35.0,93.2,32.0,1785.9609375,2874.263076066971
2026-07-21T03:10:19.303038+00:00,3931.0,35.0,93.94,32.0,1785.9609375,2874.6208779662848
2026-07-21T03:10:19.639548+00:00,3931.0,35.0,93.82,32.0,1785.9609375,2874.957387126982
2026-07-21T03:10:19.981767+00:00,3931.0,35.0,94.07,32.0,1785.9609375,2875.299605935812
2026-07-21T03:10:20.319617+00:00,3931.0,35.0,94.08,32.0,1785.9609375,2875.6374546177685
2026-07-21T03:10:20.742533+00:00,3931.0,36.0,94.22,32.0,1785.9609375,2876.0603723451495
2026-07-21T03:10:21.089225+00:00,3933.0,35.0,93.08,32.0,1785.9765625,2876.407058648765
2026-07-21T03:10:21.403951+00:00,3933.0,35.0,93.24,32.0,1785.9765625,2876.721790611744
2026-07-21T03:10:21.768638+00:00,3933.0,36.0,94.32,32.0,1785.9765625,2877.086477164179
2026-07-21T03:10:22.107334+00:00,3933.0,36.0,94.44,32.0,1785.9765625,2877.425173468888
2026-07-21T03:10:22.446547+00:00,3933.0,35.0,94.5,32.0,1785.9765625,2877.7643855772913
2026-07-21T03:10:22.762676+00:00,3933.0,35.0,94.24,32.0,1785.9765625,2878.080514162779
2026-07-21T03:10:23.101905+00:00,3933.0,35.0,94.17,32.0,1785.9765625,2878.4197440184653
2026-07-21T03:10:23.418944+00:00,3933.0,36.0,94.16,32.0,1785.9765625,2878.7367823272943
2026-07-21T03:10:23.733207+00:00,3933.0,36.0,94.1,32.0,1785.9765625,2879.0510466061532
2026-07-21T03:10:24.049449+00:00,3933.0,35.0,94.49,32.0,1785.9765625,2879.3672886267304
2026-07-21T03:10:24.362535+00:00,3933.0,36.0,94.61,32.0,1785.98046875,2879.6803750917315
2026-07-21T03:10:24.695693+00:00,3933.0,36.0,94.64,32.0,1785.98046875,2880.0135322473943
2026-07-21T03:10:25.104658+00:00,3933.0,36.0,94.6,32.0,1785.98046875,2880.4224968254566
2026-07-21T03:10:25.502457+00:00,3933.0,1.0,94.01,32.0,1786.00390625,2880.820295572281
2026-07-21T03:10:25.842948+00:00,3933.0,36.0,93.85,32.0,1786.00390625,2881.160786818713
2026-07-21T03:10:26.181039+00:00,3933.0,35.0,93.57,32.0,1786.0078125,2881.498878248036
2026-07-21T03:10:26.517907+00:00,3933.0,35.0,93.92,32.0,1786.0078125,2881.835746701807
2026-07-21T03:10:26.895622+00:00,3933.0,35.0,94.1,32.0,1786.0078125,2882.213461369276
2026-07-21T03:10:27.238057+00:00,3933.0,36.0,94.36,32.0,1786.0078125,2882.5558955669403
2026-07-21T03:10:27.603383+00:00,3933.0,35.0,94.54,32.0,1786.0078125,2882.921221330762
2026-07-21T03:10:27.967954+00:00,3933.0,35.0,94.61,32.0,1786.0078125,2883.2857928089797
2026-07-21T03:10:28.302817+00:00,3933.0,35.0,94.64,32.0,1786.0078125,2883.6206559203565
2026-07-21T03:10:28.668906+00:00,3933.0,34.0,94.31,32.0,1786.0078125,2883.986745212227
2026-07-21T03:10:29.021117+00:00,3933.0,34.0,94.44,32.0,1786.0078125,2884.3389556221664
2026-07-21T03:10:29.367203+00:00,3933.0,34.0,94.12,32.0,1786.0078125,2884.6850414276123
2026-07-21T03:10:29.710014+00:00,3933.0,16.0,92.64,32.0,1786.02734375,2885.027852639556
2026-07-21T03:10:30.104446+00:00,3933.0,33.0,93.18,32.0,1786.02734375,2885.4222852773964
2026-07-21T03:10:30.442038+00:00,3933.0,34.0,93.26,32.0,1786.03125,2885.759876806289
2026-07-21T03:10:30.787978+00:00,3933.0,33.0,94.15,32.0,1786.03125,2886.1058169938624
2026-07-21T03:10:31.152888+00:00,3933.0,35.0,93.99,32.0,1786.03125,2886.470726467669
2026-07-21T03:10:31.497830+00:00,3933.0,34.0,93.77,32.0,1786.03125,2886.815669219941
2026-07-21T03:10:31.861496+00:00,3933.0,35.0,94.29,32.0,1786.03125,2887.1793340928853
2026-07-21T03:10:32.208146+00:00,3933.0,36.0,94.02,32.0,1786.03125,2887.525984618813
2026-07-21T03:10:32.552682+00:00,3933.0,35.0,93.99,32.0,1786.03125,2887.8705206513405
2026-07-21T03:10:32.971983+00:00,3933.0,33.0,93.93,32.0,1786.03125,2888.289822176099
2026-07-21T03:10:33.336021+00:00,3933.0,35.0,93.68,32.0,1786.046875,2888.6538592092693
2026-07-21T03:10:33.678412+00:00,3933.0,35.0,93.46,32.0,1786.046875,2888.9962506480515
2026-07-21T03:10:33.998755+00:00,3933.0,36.0,94.28,32.0,1786.046875,2889.3165934942663
2026-07-21T03:10:34.356334+00:00,3933.0,35.0,94.27,32.0,1786.046875,2889.6741730235517
2026-07-21T03:10:34.672761+00:00,3933.0,35.0,94.21,32.0,1786.046875,2889.990600589663
2026-07-21T03:10:35.013705+00:00,3933.0,36.0,94.22,32.0,1786.046875,2890.33154463768
2026-07-21T03:10:35.333054+00:00,3933.0,36.0,94.01,32.0,1786.046875,2890.65089282766
2026-07-21T03:10:35.674379+00:00,3933.0,35.0,92.9,32.0,1786.06640625,2890.9922172427177
2026-07-21T03:10:36.014311+00:00,3933.0,35.0,92.72,32.0,1786.06640625,2891.332150630653
2026-07-21T03:10:36.376287+00:00,3933.0,35.0,92.94,32.0,1786.06640625,2891.694125916809
2026-07-21T03:10:36.739504+00:00,3933.0,36.0,94.64,32.0,1786.06640625,2892.0573425218463
2026-07-21T03:10:37.060038+00:00,3933.0,36.0,94.5,32.0,1786.06640625,2892.377877123654
2026-07-21T03:10:37.426957+00:00,3933.0,36.0,94.72,32.0,1786.06640625,2892.7447957322
2026-07-21T03:10:37.768072+00:00,3933.0,35.0,94.48,32.0,1786.06640625,2893.0859105177224
2026-07-21T03:10:38.090299+00:00,3933.0,35.0,93.25,32.0,1789.49609375,2893.4081370532513
2026-07-21T03:10:38.448669+00:00,3933.0,36.0,92.77,32.0,1789.49609375,2893.766508679837
2026-07-21T03:10:38.766255+00:00,3933.0,36.0,92.61,32.0,1789.49609375,2894.0840941891074
2026-07-21T03:10:39.149065+00:00,3933.0,35.0,94.36,32.0,1789.49609375,2894.4669030830264
2026-07-21T03:10:39.490342+00:00,3933.0,36.0,94.05,32.0,1789.49609375,2894.8081800602376
2026-07-21T03:10:39.882087+00:00,3933.0,34.0,94.59,32.0,1789.49609375,2895.19992627576
2026-07-21T03:10:40.227880+00:00,3933.0,36.0,94.42,32.0,1789.49609375,2895.5457197912037
2026-07-21T03:10:40.564658+00:00,3933.0,36.0,94.38,32.0,1789.49609375,2895.882497046143
2026-07-21T03:10:40.880500+00:00,3933.0,36.0,94.03,32.0,1789.49609375,2896.198338486254
2026-07-21T03:10:41.286524+00:00,3933.0,35.0,94.16,32.0,1789.49609375,2896.6043629087508
2026-07-21T03:10:41.629898+00:00,3933.0,36.0,93.24,32.0,1789.515625,2896.9477363862097
2026-07-21T03:10:41.970030+00:00,3933.0,36.0,93.04,32.0,1789.515625,2897.287868794054
2026-07-21T03:10:42.313262+00:00,3933.0,36.0,93.86,32.0,1789.515625,2897.63110146299
2026-07-21T03:10:42.652125+00:00,3933.0,35.0,93.64,32.0,1789.515625,2897.969963889569
2026-07-21T03:10:42.988570+00:00,3933.0,35.0,93.87,32.0,1789.515625,2898.306408818811
2026-07-21T03:10:43.346483+00:00,3933.0,36.0,93.93,32.0,1789.515625,2898.664322409779
2026-07-21T03:10:43.683924+00:00,3933.0,36.0,93.89,32.0,1789.515625,2899.001762703061
2026-07-21T03:10:44.042603+00:00,3933.0,36.0,94.34,32.0,1789.515625,2899.3604429997504
2026-07-21T03:10:44.380863+00:00,3933.0,36.0,94.27,32.0,1789.51953125,2899.6987016014755
2026-07-21T03:10:44.695177+00:00,3933.0,4.0,93.04,32.0,1789.53515625,2900.0130152478814
2026-07-21T03:10:45.042186+00:00,3933.0,36.0,93.16,32.0,1789.53515625,2900.360024791211
2026-07-21T03:10:45.381756+00:00,3933.0,36.0,93.17,32.0,1789.53515625,2900.699595015496
2026-07-21T03:10:45.723738+00:00,3933.0,35.0,94.49,32.0,1789.53515625,2901.041576322168
2026-07-21T03:10:46.068823+00:00,3933.0,36.0,94.37,32.0,1789.53515625,2901.3866620510817
2026-07-21T03:10:46.411974+00:00,3933.0,34.0,94.13,32.0,1789.53515625,2901.729812975973
2026-07-21T03:10:46.749868+00:00,3933.0,35.0,94.0,32.0,1789.5390625,2902.067707233131
2026-07-21T03:10:47.097294+00:00,3933.0,34.0,93.99,32.0,1789.5390625,2902.415132623166
2026-07-21T03:10:47.439582+00:00,3933.0,36.0,94.21,32.0,1789.5390625,2902.7574207410216
2026-07-21T03:10:47.809308+00:00,3933.0,33.0,94.57,32.0,1789.5390625,2903.127146627754
2026-07-21T03:10:48.245207+00:00,3933.0,0.0,93.54,32.0,1789.546875,2903.5630448162556
2026-07-21T03:10:48.631896+00:00,3933.0,33.0,93.79,32.0,1789.55078125,2903.949734598398
2026-07-21T03:10:48.974700+00:00,3933.0,35.0,93.91,32.0,1789.55078125,2904.2925387620926
2026-07-21T03:10:49.312424+00:00,3933.0,35.0,95.28,32.0,1789.55078125,2904.630263414234
2026-07-21T03:10:49.649404+00:00,3933.0,36.0,94.97,32.0,1789.55078125,2904.967242784798
2026-07-21T03:10:50.011964+00:00,3933.0,35.0,95.03,32.0,1789.55078125,2905.3298026919365
2026-07-21T03:10:50.327444+00:00,3933.0,35.0,94.8,32.0,1789.55078125,2905.6452828980982
2026-07-21T03:10:50.692161+00:00,3933.0,33.0,94.84,32.0,1789.55078125,2906.0100002922118
2026-07-21T03:10:51.078518+00:00,3933.0,34.0,95.08,32.0,1789.55078125,2906.396357052028
2026-07-21T03:10:51.416425+00:00,3933.0,35.0,95.15,32.0,1789.55078125,2906.734264139086
2026-07-21T03:10:51.752144+00:00,3933.0,35.0,95.21,32.0,1789.55078125,2907.0699829123914
2026-07-21T03:10:52.091238+00:00,3933.0,35.0,94.76,32.0,1789.55078125,2907.409077502787
2026-07-21T03:10:52.445883+00:00,3933.0,35.0,95.1,32.0,1789.55078125,2907.763723049313
2026-07-21T03:10:52.819279+00:00,3933.0,33.0,95.2,32.0,1789.55078125,2908.1371179930866
2026-07-21T03:10:53.152825+00:00,3933.0,35.0,95.35,32.0,1789.55078125,2908.4706635028124
2026-07-21T03:10:53.466842+00:00,3933.0,35.0,94.65,32.0,1789.55078125,2908.784682035446
2026-07-21T03:10:53.806082+00:00,3933.0,35.0,94.9,32.0,1789.55078125,2909.1239213235676
2026-07-21T03:10:54.145244+00:00,3933.0,36.0,95.26,32.0,1789.55078125,2909.463083077222
2026-07-21T03:10:54.477476+00:00,3933.0,35.0,95.24,32.0,1789.55078125,2909.795314759016
2026-07-21T03:10:54.798474+00:00,3933.0,35.0,95.18,32.0,1789.55078125,2910.116313099861
2026-07-21T03:10:55.166046+00:00,3933.0,22.0,93.68,32.0,1789.55078125,2910.483884971589
2026-07-21T03:10:55.509880+00:00,3933.0,36.0,93.98,32.0,1789.55078125,2910.82771859318
2026-07-21T03:10:55.859921+00:00,3933.0,36.0,94.53,32.0,1789.55078125,2911.177760615945
2026-07-21T03:10:56.204114+00:00,3933.0,36.0,95.59,32.0,1789.55078125,2911.5219530425966
2026-07-21T03:10:56.547833+00:00,3933.0,24.0,93.76,32.0,1789.59375,2911.86567119509
2026-07-21T03:10:56.890045+00:00,3933.0,35.0,93.39,32.0,1789.59375,2912.2078836411238
2026-07-21T03:10:57.278476+00:00,3933.0,36.0,93.58,32.0,1789.59375,2912.59631479159
2026-07-21T03:10:57.599042+00:00,3933.0,36.0,94.69,32.0,1789.59375,2912.9168812818825
2026-07-21T03:10:57.917561+00:00,3933.0,35.0,94.0,32.0,1789.59375,2913.235400337726
2026-07-21T03:10:58.260832+00:00,3933.0,36.0,93.81,32.0,1789.59375,2913.578671630472
2026-07-21T03:10:58.618626+00:00,3933.0,36.0,93.97,32.0,1789.59375,2913.93646473065
2026-07-21T03:10:58.939039+00:00,3933.0,36.0,94.39,32.0,1789.59375,2914.256878424436
2026-07-21T03:10:59.326467+00:00,3933.0,34.0,94.64,32.0,1789.59375,2914.6443067751825
2026-07-21T03:10:59.665166+00:00,3933.0,0.0,93.69,32.0,1789.61328125,2914.9830053709447
2026-07-21T03:10:59.982389+00:00,3933.0,36.0,93.67,32.0,1789.61328125,2915.3002291321754
2026-07-21T03:11:00.325839+00:00,3933.0,36.0,93.75,32.0,1789.61328125,2915.6436779387295
2026-07-21T03:11:00.690790+00:00,3933.0,35.0,94.74,32.0,1789.61328125,2916.008629217744
2026-07-21T03:11:01.053236+00:00,3933.0,36.0,94.76,32.0,1789.61328125,2916.371074605733
2026-07-21T03:11:01.414200+00:00,3933.0,36.0,94.6,32.0,1789.61328125,2916.7320387475193
2026-07-21T03:11:01.785527+00:00,3933.0,36.0,94.54,32.0,1789.61328125,2917.10336516425
2026-07-21T03:11:02.167092+00:00,3933.0,36.0,94.64,32.0,1789.61328125,2917.484931088984
2026-07-21T03:11:02.533679+00:00,3933.0,36.0,94.95,32.0,1789.61328125,2917.851517625153
2026-07-21T03:11:02.897208+00:00,3933.0,33.0,94.61,32.0,1789.61328125,2918.2150469124317
2026-07-21T03:11:03.286650+00:00,3933.0,33.0,94.43,32.0,1789.61328125,2918.604488361627
2026-07-21T03:11:03.627577+00:00,3933.0,34.0,94.42,32.0,1789.61328125,2918.945416122675
2026-07-21T03:11:03.962664+00:00,3933.0,33.0,94.59,32.0,1789.61328125,2919.2805023156106
2026-07-21T03:11:04.302865+00:00,3933.0,34.0,94.34,32.0,1789.61328125,2919.6207040138543
2026-07-21T03:11:04.647163+00:00,3933.0,34.0,94.25,32.0,1789.62109375,2919.9650024808943
2026-07-21T03:11:05.000210+00:00,3933.0,34.0,94.65,32.0,1789.62109375,2920.318048067391
2026-07-21T03:11:05.344625+00:00,3933.0,35.0,94.69,32.0,1789.62109375,2920.662463977933
2026-07-21T03:11:05.729160+00:00,3933.0,34.0,94.9,32.0,1789.62109375,2921.046999029815
2026-07-21T03:11:06.071039+00:00,3933.0,35.0,94.61,32.0,1789.62109375,2921.388876851648
2026-07-21T03:11:06.435935+00:00,3933.0,36.0,94.98,32.0,1789.625,2921.75377330184
2026-07-21T03:11:06.828216+00:00,3933.0,36.0,95.22,32.0,1789.625,2922.14605467394
2026-07-21T03:11:07.173917+00:00,3933.0,35.0,95.34,32.0,1789.62890625,2922.4917559549212
2026-07-21T03:11:07.554979+00:00,3933.0,36.0,95.41,32.0,1789.62890625,2922.8728178031743
2026-07-21T03:11:07.919284+00:00,3933.0,36.0,95.37,32.0,1789.6328125,2923.2371227256954
2026-07-21T03:11:08.308160+00:00,3933.0,35.0,95.58,32.0,1789.6328125,2923.625998646021
2026-07-21T03:11:08.668635+00:00,3933.0,1.0,94.33,32.0,1789.671875,2923.9864730015397
2026-07-21T03:11:09.012153+00:00,3933.0,35.0,93.94,32.0,1789.67578125,2924.329991001636
2026-07-21T03:11:09.400674+00:00,3933.0,36.0,93.8,32.0,1789.67578125,2924.7185128629208
2026-07-21T03:11:09.719873+00:00,3933.0,36.0,94.43,32.0,1789.6796875,2925.0377119146287
2026-07-21T03:11:10.087446+00:00,3933.0,35.0,95.03,32.0,1789.6796875,2925.405284833163
2026-07-21T03:11:10.405290+00:00,3933.0,36.0,94.31,32.0,1789.6875,2925.723128579557
2026-07-21T03:11:10.771209+00:00,3933.0,36.0,94.63,32.0,1789.6875,2926.0890475660563
2026-07-21T03:11:11.109554+00:00,3933.0,36.0,94.21,32.0,1789.6875,2926.427392542362
2026-07-21T03:11:11.449245+00:00,3933.0,35.0,94.53,32.0,1789.6953125,2926.767083939165
2026-07-21T03:11:11.790466+00:00,3933.0,35.0,94.47,32.0,1789.6953125,2927.1083052419126
2026-07-21T03:11:12.173014+00:00,3933.0,34.0,95.18,32.0,1789.69921875,2927.490853369236
2026-07-21T03:11:12.514952+00:00,3933.0,36.0,94.98,32.0,1789.69921875,2927.8327909074724
2026-07-21T03:11:12.853654+00:00,3933.0,36.0,94.71,32.0,1789.70703125,2928.1714932508767
2026-07-21T03:11:13.194993+00:00,3933.0,36.0,94.19,32.0,1789.7109375,2928.512832675129
2026-07-21T03:11:13.579502+00:00,3933.0,36.0,94.81,32.0,1789.71484375,2928.897340297699
2026-07-21T03:11:13.896740+00:00,3933.0,35.0,94.88,32.0,1789.71875,2929.214578654617
2026-07-21T03:11:14.261018+00:00,3933.0,36.0,94.97,32.0,1789.71875,2929.5788566991687
2026-07-21T03:11:14.598214+00:00,3933.0,35.0,94.43,32.0,1789.7265625,2929.9160527288914
2026-07-21T03:11:14.961170+00:00,3933.0,35.0,94.91,32.0,1789.7265625,2930.2790088430047
2026-07-21T03:11:15.300736+00:00,3933.0,35.0,94.61,32.0,1789.734375,2930.618574976921
2026-07-21T03:11:15.642274+00:00,3933.0,36.0,94.98,32.0,1789.73828125,2930.960113275796
2026-07-21T03:11:15.980998+00:00,3933.0,36.0,94.75,32.0,1789.73828125,2931.2988368049264
2026-07-21T03:11:16.337224+00:00,3933.0,36.0,94.72,32.0,1789.75,2931.655062764883
2026-07-21T03:11:16.671847+00:00,3933.0,36.0,94.47,32.0,1789.75,2931.9896857514977
2026-07-21T03:11:16.987542+00:00,3933.0,36.0,94.17,32.0,1789.76171875,2932.3053808026016
2026-07-21T03:11:17.421785+00:00,3933.0,36.0,94.28,32.0,1791.3984375,2932.7396237291396
2026-07-21T03:11:17.760848+00:00,3933.0,35.0,93.74,32.0,1791.51171875,2933.078686762601
2026-07-21T03:11:18.103957+00:00,3933.0,36.0,93.79,32.0,1791.5234375,2933.421795260161
2026-07-21T03:11:18.468932+00:00,3933.0,33.0,94.65,32.0,1791.5234375,2933.786770720035
2026-07-21T03:11:18.837456+00:00,3933.0,33.0,94.14,32.0,1791.53515625,2934.155295059085
2026-07-21T03:11:19.179031+00:00,3933.0,34.0,94.1,32.0,1791.53515625,2934.4968702308834
2026-07-21T03:11:19.537431+00:00,3933.0,35.0,94.35,32.0,1791.53515625,2934.85526901111
2026-07-21T03:11:19.878700+00:00,3933.0,36.0,94.33,32.0,1791.55078125,2935.1965386010706
2026-07-21T03:11:20.236032+00:00,3933.0,33.0,94.27,32.0,1791.55078125,2935.5538709536195
2026-07-21T03:11:20.578493+00:00,3933.0,34.0,94.25,32.0,1791.56640625,2935.896331783384
2026-07-21T03:11:20.896930+00:00,3933.0,33.0,93.9,32.0,1791.56640625,2936.214768435806
2026-07-21T03:11:21.307217+00:00,3933.0,0.0,93.26,32.0,1791.58984375,2936.625054690987
2026-07-21T03:11:21.672926+00:00,3933.0,34.0,93.34,32.0,1791.59375,2936.990765299648
2026-07-21T03:11:22.015843+00:00,3933.0,34.0,93.74,32.0,1791.59375,2937.333681229502
2026-07-21T03:11:22.379723+00:00,3933.0,35.0,94.59,32.0,1791.609375,2937.697551969439
2026-07-21T03:11:22.740061+00:00,3933.0,34.0,94.58,32.0,1791.609375,2938.057899735868
2026-07-21T03:11:23.128848+00:00,3933.0,33.0,94.3,32.0,1791.62890625,2938.4466868303716
2026-07-21T03:11:23.470105+00:00,3933.0,36.0,94.29,32.0,1791.62890625,2938.7879442237318
2026-07-21T03:11:23.807699+00:00,3933.0,35.0,94.42,32.0,1791.62890625,2939.125538431108
2026-07-21T03:11:24.146611+00:00,3933.0,36.0,94.19,32.0,1791.63671875,2939.46444959566
2026-07-21T03:11:24.489519+00:00,3933.0,35.0,94.45,32.0,1791.63671875,2939.8073576688766
2026-07-21T03:11:24.856324+00:00,3933.0,34.0,94.7,32.0,1791.65625,2940.174163542688
2026-07-21T03:11:25.192470+00:00,3933.0,35.0,94.59,32.0,1791.65625,2940.510308019817
2026-07-21T03:11:25.556453+00:00,3933.0,34.0,95.02,32.0,1791.65625,2940.8742921203375
2026-07-21T03:11:25.879154+00:00,3933.0,33.0,94.48,32.0,1791.66796875,2941.196992330253
2026-07-21T03:11:26.238889+00:00,3933.0,35.0,94.82,32.0,1791.66796875,2941.5567281916738
2026-07-21T03:11:26.578894+00:00,3933.0,35.0,94.28,32.0,1791.67578125,2941.896731480956
2026-07-21T03:11:26.920828+00:00,3933.0,34.0,94.57,32.0,1791.67578125,2942.2386672347784
2026-07-21T03:11:27.285482+00:00,3933.0,34.0,94.26,32.0,1791.68359375,2942.6033213064075
2026-07-21T03:11:27.627597+00:00,3933.0,36.0,94.52,32.0,1791.69921875,2942.945436321199
2026-07-21T03:11:27.968772+00:00,3933.0,36.0,94.73,32.0,1791.69921875,2943.2866108343005
2026-07-21T03:11:28.360060+00:00,3933.0,34.0,95.04,32.0,1791.70703125,2943.6778989471495
2026-07-21T03:11:28.700791+00:00,3933.0,34.0,94.97,32.0,1791.70703125,2944.018629733473
2026-07-21T03:11:29.065809+00:00,3933.0,36.0,95.11,32.0,1791.72265625,2944.3836483471096
2026-07-21T03:11:29.455284+00:00,3933.0,34.0,95.26,32.0,1791.72265625,2944.7731225937605
2026-07-21T03:11:29.822033+00:00,3933.0,34.0,95.28,32.0,1791.7265625,2945.139871645719
2026-07-21T03:11:30.169518+00:00,3933.0,0.0,92.8,32.0,1791.73828125,2945.487356957048
2026-07-21T03:11:30.578839+00:00,3933.0,7.0,91.1,32.0,1791.76171875,2945.896676853299
2026-07-21T03:11:30.919196+00:00,3933.0,35.0,90.87,32.0,1791.76171875,2946.237034421414
2026-07-21T03:11:31.301402+00:00,3933.0,34.0,92.83,32.0,1791.76171875,2946.619241081178
2026-07-21T03:11:31.647823+00:00,3933.0,34.0,94.14,32.0,1791.76171875,2946.965661983937
2026-07-21T03:11:32.033356+00:00,3933.0,36.0,94.29,32.0,1791.76171875,2947.3511950671673
2026-07-21T03:11:32.397447+00:00,3933.0,33.0,94.21,32.0,1791.76171875,2947.715286169201
2026-07-21T03:11:32.742032+00:00,3933.0,36.0,94.62,32.0,1791.76171875,2948.059869993478
2026-07-21T03:11:33.083251+00:00,3933.0,35.0,94.31,32.0,1791.76171875,2948.4010897390544
2026-07-21T03:11:33.527214+00:00,3933.0,2.0,93.19,32.0,1791.78125,2948.8450524918735
2026-07-21T03:11:33.896254+00:00,3933.0,34.0,92.93,32.0,1791.78125,2949.2140932567418
2026-07-21T03:11:34.257357+00:00,3933.0,34.0,93.22,32.0,1791.78125,2949.575195964426
2026-07-21T03:11:34.625384+00:00,3933.0,34.0,94.34,32.0,1791.78125,2949.943223129958
2026-07-21T03:11:34.971347+00:00,3933.0,34.0,94.62,32.0,1791.78125,2950.2891859561205
2026-07-21T03:11:35.288808+00:00,3933.0,36.0,94.14,32.0,1791.78125,2950.6066456735134
2026-07-21T03:11:35.618774+00:00,3933.0,34.0,93.9,32.0,1791.78125,2950.9366130940616
2026-07-21T03:11:35.959130+00:00,3933.0,33.0,93.71,32.0,1791.78125,2951.2769687622786
2026-07-21T03:11:36.299044+00:00,3933.0,34.0,93.92,32.0,1791.78125,2951.6168826557696
2026-07-21T03:11:36.657379+00:00,3933.0,36.0,94.4,32.0,1791.78125,2951.975217461586
2026-07-21T03:11:37.037773+00:00,3933.0,33.0,95.0,32.0,1791.80078125,2952.35561003536
2026-07-21T03:11:37.404962+00:00,3933.0,36.0,95.26,32.0,1791.80078125,2952.7228003889322
2026-07-21T03:11:37.773241+00:00,3933.0,35.0,95.15,32.0,1791.80078125,2953.091080147773
2026-07-21T03:11:38.121330+00:00,3933.0,34.0,95.05,32.0,1791.80078125,2953.439168781042
2026-07-21T03:11:38.507556+00:00,3933.0,35.0,94.91,32.0,1791.80078125,2953.8253948427737
2026-07-21T03:11:38.847219+00:00,3933.0,34.0,94.73,32.0,1791.80078125,2954.1650583334267
2026-07-21T03:11:39.211999+00:00,3933.0,34.0,94.89,32.0,1791.80078125,2954.5298376977444
2026-07-21T03:11:39.550643+00:00,3933.0,35.0,94.3,32.0,1791.80078125,2954.868481129408
2026-07-21T03:11:39.894729+00:00,3933.0,34.0,94.81,32.0,1791.80078125,2955.21256769076
2026-07-21T03:11:40.256569+00:00,3933.0,3.0,93.13,32.0,1791.8203125,2955.5744067542255
2026-07-21T03:11:40.602147+00:00,3933.0,34.0,93.26,32.0,1791.8203125,2955.919986065477
2026-07-21T03:11:40.988629+00:00,3933.0,34.0,93.0,32.0,1791.8203125,2956.3064679540694
2026-07-21T03:11:41.334025+00:00,3933.0,36.0,94.32,32.0,1791.8203125,2956.651864361018
2026-07-21T03:11:41.697337+00:00,3933.0,34.0,94.14,32.0,1791.8203125,2957.0151760950685
2026-07-21T03:11:42.140774+00:00,3933.0,5.0,93.33,32.0,1791.8359375,2957.4586121477187
2026-07-21T03:11:42.482707+00:00,3933.0,35.0,93.11,32.0,1791.8359375,2957.800546452403
2026-07-21T03:11:42.826273+00:00,3933.0,35.0,93.56,32.0,1791.8359375,2958.144112661481
2026-07-21T03:11:43.189939+00:00,3933.0,36.0,94.37,32.0,1791.8359375,2958.5077779479325
2026-07-21T03:11:43.554031+00:00,3933.0,35.0,94.66,32.0,1791.8359375,2958.8718695901334
2026-07-21T03:11:43.894669+00:00,3933.0,36.0,94.5,32.0,1791.8359375,2959.212507482618
2026-07-21T03:11:44.235240+00:00,3933.0,35.0,94.45,32.0,1791.8359375,2959.553078532219
2026-07-21T03:11:44.610097+00:00,3933.0,34.0,94.38,32.0,1791.8359375,2959.927935589105
2026-07-21T03:11:44.993592+00:00,3933.0,35.0,94.68,32.0,1791.8359375,2960.3114306516945
2026-07-21T03:11:45.331405+00:00,3933.0,36.0,94.62,32.0,1791.8359375,2960.649243891239
2026-07-21T03:11:45.692930+00:00,3933.0,36.0,94.89,32.0,1791.8359375,2961.010768145323
2026-07-21T03:11:46.064451+00:00,3933.0,35.0,94.93,32.0,1791.8359375,2961.3822893314064
2026-07-21T03:11:46.403278+00:00,3933.0,35.0,95.15,32.0,1791.8359375,2961.721117090434
2026-07-21T03:11:46.773865+00:00,3933.0,34.0,94.94,32.0,1791.8359375,2962.091693673283
2026-07-21T03:11:47.141789+00:00,3933.0,36.0,95.04,32.0,1791.8359375,2962.459628403187
2026-07-21T03:11:47.482161+00:00,3933.0,36.0,94.88,32.0,1791.8359375,2962.799999937415
2026-07-21T03:11:47.828813+00:00,3933.0,35.0,95.08,32.0,1791.8359375,2963.1466510407627
2026-07-21T03:11:48.171329+00:00,3933.0,35.0,94.83,32.0,1791.8359375,2963.4891679808497
2026-07-21T03:11:48.518944+00:00,3933.0,36.0,95.35,32.0,1791.8359375,2963.8367812745273
2026-07-21T03:11:48.894692+00:00,3933.0,34.0,95.22,32.0,1791.8359375,2964.2125297077
2026-07-21T03:11:49.277109+00:00,3933.0,35.0,95.08,32.0,1791.8359375,2964.5949417240918
2026-07-21T03:11:49.618758+00:00,3933.0,35.0,95.18,32.0,1791.8359375,2964.9365965798497
2026-07-21T03:11:49.954326+00:00,3933.0,35.0,95.04,32.0,1791.8359375,2965.272165633738
2026-07-21T03:11:50.317248+00:00,3933.0,36.0,94.79,32.0,1791.8359375,2965.635086450726
2026-07-21T03:11:50.658683+00:00,3933.0,33.0,95.05,32.0,1791.8359375,2965.9765220433474
2026-07-21T03:11:51.117695+00:00,3933.0,14.0,94.07,32.0,1791.85546875,2966.435532670468
2026-07-21T03:11:51.467246+00:00,3933.0,36.0,93.81,32.0,1791.85546875,2966.785085119307
2026-07-21T03:11:51.806684+00:00,3933.0,36.0,93.37,32.0,1791.85546875,2967.1245226822793
2026-07-21T03:11:52.146555+00:00,3933.0,36.0,93.95,32.0,1791.85546875,2967.464394237846
2026-07-21T03:11:52.511761+00:00,3933.0,36.0,94.26,32.0,1791.85546875,2967.829599067569
2026-07-21T03:11:52.965391+00:00,3933.0,32.0,94.46,32.0,1791.85546875,2968.2832288593054
2026-07-21T03:11:53.349660+00:00,3933.0,34.0,93.56,32.0,1791.8671875,2968.6674983128905
2026-07-21T03:11:53.709206+00:00,3933.0,33.0,93.54,32.0,1791.8671875,2969.0270450115204
2026-07-21T03:11:54.051453+00:00,3933.0,36.0,95.29,32.0,1791.8671875,2969.369291435927
2026-07-21T03:11:54.417096+00:00,3933.0,35.0,94.71,32.0,1791.8671875,2969.7349356636405
2026-07-21T03:11:54.900970+00:00,3933.0,16.0,93.69,32.0,1791.875,2970.218808710575
2026-07-21T03:11:55.243966+00:00,3933.0,35.0,93.69,32.0,1791.875,2970.561800517142
2026-07-21T03:11:55.608850+00:00,3933.0,34.0,93.46,32.0,1791.875,2970.9266895651817
2026-07-21T03:11:55.946601+00:00,3933.0,35.0,94.36,32.0,1791.875,2971.264440279454
2026-07-21T03:11:56.336949+00:00,3933.0,32.0,94.43,32.0,1791.875,2971.654788363725
2026-07-21T03:11:56.717125+00:00,3933.0,36.0,94.26,32.0,1791.875,2972.0349637642503
2026-07-21T03:11:57.058523+00:00,3933.0,32.0,93.51,32.0,1791.875,2972.3763620257378
2026-07-21T03:11:57.375937+00:00,3933.0,35.0,93.25,32.0,1791.875,2972.6937756426632
2026-07-21T03:11:57.718663+00:00,3933.0,34.0,93.28,32.0,1791.875,2973.036502018571
2026-07-21T03:11:58.059651+00:00,3933.0,34.0,94.07,32.0,1791.875,2973.377490490675
2026-07-21T03:11:58.461435+00:00,3933.0,8.0,93.38,32.0,1791.87890625,2973.779268115759
2026-07-21T03:11:58.798826+00:00,3933.0,35.0,93.33,32.0,1791.87890625,2974.116665288806
2026-07-21T03:11:59.138699+00:00,3933.0,34.0,93.31,32.0,1791.87890625,2974.4565377496183
2026-07-21T03:11:59.474909+00:00,3933.0,33.0,93.93,32.0,1791.87890625,2974.7927480340004
2026-07-21T03:11:59.853098+00:00,3933.0,34.0,94.22,32.0,1791.87890625,2975.170936819166
2026-07-21T03:12:00.211136+00:00,3933.0,36.0,94.35,32.0,1791.87890625,2975.5289751403034
2026-07-21T03:12:00.548558+00:00,3933.0,36.0,94.49,32.0,1791.87890625,2975.8663969561458
2026-07-21T03:12:00.913537+00:00,3933.0,35.0,94.42,32.0,1791.87890625,2976.231376323849
2026-07-21T03:12:01.232018+00:00,3933.0,37.0,93.94,32.0,1791.87890625,2976.5498578697443
2026-07-21T03:12:01.588337+00:00,3933.0,36.0,93.85,32.0,1791.87890625,2976.9061760678887
2026-07-21T03:12:01.968402+00:00,3933.0,36.0,94.11,32.0,1791.87890625,2977.2862416915596
2026-07-21T03:12:02.333560+00:00,3933.0,36.0,94.78,32.0,1791.87890625,2977.6513989828527
2026-07-21T03:12:02.673100+00:00,3933.0,36.0,94.94,32.0,1791.87890625,2977.990939769894
2026-07-21T03:12:02.993086+00:00,3933.0,35.0,94.35,32.0,1791.87890625,2978.3109256625175
2026-07-21T03:12:03.326213+00:00,3933.0,4.0,92.69,32.0,1791.8828125,2978.644050542265
2026-07-21T03:12:03.664397+00:00,3933.0,35.0,92.68,32.0,1791.8828125,2978.982236299664
2026-07-21T03:12:04.025424+00:00,3933.0,33.0,92.48,32.0,1791.8828125,2979.3432628177106
2026-07-21T03:12:04.365408+00:00,3933.0,35.0,93.84,32.0,1791.8828125,2979.6832478418946
2026-07-21T03:12:04.705322+00:00,3933.0,34.0,93.72,32.0,1791.8828125,2980.023161370307
2026-07-21T03:12:05.088986+00:00,3933.0,35.0,93.87,32.0,1791.8828125,2980.406824540347
2026-07-21T03:12:05.406831+00:00,3933.0,3.0,92.82,32.0,1791.88671875,2980.724669445306
2026-07-21T03:12:05.746131+00:00,3933.0,35.0,93.23,32.0,1791.88671875,2981.063970413059
2026-07-21T03:12:06.104437+00:00,3933.0,35.0,93.28,32.0,1791.88671875,2981.422275736928
2026-07-21T03:12:06.447023+00:00,3933.0,36.0,94.32,32.0,1791.88671875,2981.764862265438
2026-07-21T03:12:06.784558+00:00,3933.0,36.0,94.63,32.0,1791.88671875,2982.1023972444236
2026-07-21T03:12:07.148835+00:00,3933.0,36.0,94.92,32.0,1791.88671875,2982.4666749350727
2026-07-21T03:12:07.487013+00:00,3933.0,36.0,95.09,32.0,1791.88671875,2982.8048516586423
2026-07-21T03:12:07.823825+00:00,3933.0,35.0,95.0,32.0,1791.88671875,2983.141664829105
2026-07-21T03:12:08.161386+00:00,3933.0,16.0,93.54,32.0,1791.890625,2983.47922475636
2026-07-21T03:12:08.524635+00:00,3933.0,35.0,93.7,32.0,1791.890625,2983.8424741066992
2026-07-21T03:12:08.865682+00:00,3933.0,36.0,93.6,32.0,1791.890625,2984.1835211142898
2026-07-21T03:12:09.227336+00:00,3933.0,35.0,95.29,32.0,1791.890625,2984.5451754257083
2026-07-21T03:12:09.588523+00:00,3933.0,35.0,95.09,32.0,1791.890625,2984.906362198293
2026-07-21T03:12:09.904382+00:00,3933.0,35.0,94.62,32.0,1791.890625,2985.2222218178213
2026-07-21T03:12:10.263384+00:00,3933.0,36.0,94.27,32.0,1791.890625,2985.5812229961157
2026-07-21T03:12:10.604220+00:00,3933.0,36.0,94.5,32.0,1791.890625,2985.9220587052405
2026-07-21T03:12:10.987443+00:00,3933.0,35.0,94.88,32.0,1791.890625,2986.30528184399
2026-07-21T03:12:11.326221+00:00,3933.0,35.0,94.51,32.0,1791.890625,2986.6440597213805
2026-07-21T03:12:11.666166+00:00,3933.0,36.0,94.45,32.0,1791.890625,2986.9840046800673
2026-07-21T03:12:12.011653+00:00,3933.0,35.0,93.94,32.0,1791.890625,2987.3294923976064
2026-07-21T03:12:12.376170+00:00,3933.0,35.0,94.73,32.0,1791.890625,2987.6940095052123
2026-07-21T03:12:12.715744+00:00,3933.0,35.0,94.53,32.0,1791.890625,2988.0335826836526
2026-07-21T03:12:13.065321+00:00,3933.0,34.0,94.54,32.0,1791.890625,2988.383160416037
2026-07-21T03:12:13.407055+00:00,3933.0,35.0,94.32,32.0,1791.890625,2988.7248941361904
2026-07-21T03:12:13.749522+00:00,3933.0,36.0,94.44,32.0,1791.890625,2989.067360434681
2026-07-21T03:12:14.094335+00:00,3933.0,36.0,94.64,32.0,1791.890625,2989.4121729396284
2026-07-21T03:12:14.434095+00:00,3933.0,33.0,94.27,32.0,1791.890625,2989.751933477819
2026-07-21T03:12:14.804602+00:00,3933.0,34.0,94.51,32.0,1791.890625,2990.1224404908717
2026-07-21T03:12:15.124138+00:00,3933.0,34.0,94.48,32.0,1791.890625,2990.441967062652
2026-07-21T03:12:15.488486+00:00,3933.0,34.0,94.62,32.0,1791.890625,2990.8063243329525
2026-07-21T03:12:15.883169+00:00,3933.0,36.0,94.99,32.0,1791.890625,2991.2010073401034
2026-07-21T03:12:16.230190+00:00,3933.0,36.0,94.83,32.0,1791.890625,2991.5480290316045
2026-07-21T03:12:16.575467+00:00,3933.0,35.0,95.1,32.0,1791.890625,2991.893306322396
2026-07-21T03:12:16.941419+00:00,3933.0,35.0,94.86,32.0,1791.890625,2992.2592572942376
2026-07-21T03:12:17.329155+00:00,3933.0,35.0,93.94,32.0,1791.89453125,2992.646993700415
2026-07-21T03:12:17.670869+00:00,3933.0,35.0,93.48,32.0,1791.89453125,2992.9887087233365
2026-07-21T03:12:18.009707+00:00,3933.0,35.0,93.16,32.0,1791.89453125,2993.3275468051434
2026-07-21T03:12:18.396916+00:00,3933.0,36.0,94.63,32.0,1791.89453125,2993.7147551998496
2026-07-21T03:12:18.739387+00:00,3933.0,36.0,94.92,32.0,1791.89453125,2994.0572259947658
2026-07-21T03:12:19.125093+00:00,3933.0,34.0,95.06,32.0,1791.89453125,2994.4429322443902
2026-07-21T03:12:19.443182+00:00,3933.0,35.0,94.97,32.0,1791.89453125,2994.761021371931
2026-07-21T03:12:19.780994+00:00,3933.0,35.0,94.78,32.0,1791.89453125,2995.0988338030875
2026-07-21T03:12:20.121952+00:00,3933.0,7.0,93.73,32.0,1791.8984375,2995.439789827913
2026-07-21T03:12:20.458755+00:00,3933.0,36.0,93.53,32.0,1791.8984375,2995.7765942253172
2026-07-21T03:12:20.797120+00:00,3933.0,36.0,93.48,32.0,1791.8984375,2996.114959847182
2026-07-21T03:12:21.189516+00:00,3933.0,35.0,94.5,32.0,1791.8984375,2996.5073545128107
2026-07-21T03:12:21.551021+00:00,3933.0,36.0,94.63,32.0,1791.8984375,2996.8688600994647
2026-07-21T03:12:21.900418+00:00,3933.0,36.0,94.49,32.0,1791.8984375,2997.2182566411793
2026-07-21T03:12:22.263657+00:00,3933.0,35.0,94.82,32.0,1791.8984375,2997.5814960338175
2026-07-21T03:12:22.637582+00:00,3933.0,35.0,95.32,32.0,1791.8984375,2997.9554213769734
2026-07-21T03:12:23.001392+00:00,3933.0,36.0,95.39,32.0,1791.8984375,2998.3192312419415
2026-07-21T03:12:23.389695+00:00,3933.0,35.0,95.39,32.0,1791.8984375,2998.707534585148
2026-07-21T03:12:23.750709+00:00,3933.0,35.0,95.07,32.0,1791.8984375,2999.0685477927327
2026-07-21T03:12:24.096548+00:00,3933.0,36.0,95.29,32.0,1791.8984375,2999.414386808872
2026-07-21T03:12:24.416546+00:00,3933.0,36.0,94.84,32.0,1791.8984375,2999.734384447336
2026-07-21T03:12:24.758480+00:00,3933.0,35.0,94.99,32.0,1791.8984375,3000.0763184167445
2026-07-21T03:12:25.119080+00:00,3933.0,35.0,95.22,32.0,1791.8984375,3000.436918463558
2026-07-21T03:12:25.481846+00:00,3933.0,36.0,95.84,32.0,1791.8984375,3000.7996855974197
2026-07-21T03:12:25.822499+00:00,3933.0,36.0,95.78,32.0,1791.8984375,3001.140338525176
2026-07-21T03:12:26.145239+00:00,3933.0,36.0,95.39,32.0,1791.8984375,3001.4630781002343
2026-07-21T03:12:26.493331+00:00,3933.0,36.0,95.02,32.0,1791.8984375,3001.8111701384187
2026-07-21T03:12:26.833025+00:00,3933.0,35.0,94.86,32.0,1791.8984375,3002.1508637294173
2026-07-21T03:12:27.201960+00:00,3933.0,36.0,95.28,32.0,1791.8984375,3002.519799001515
2026-07-21T03:12:27.545764+00:00,3933.0,18.0,94.03,32.0,1791.90234375,3002.8635961413383
2026-07-21T03:12:27.958555+00:00,3933.0,35.0,93.72,32.0,1791.90234375,3003.276394005865
2026-07-21T03:12:28.301190+00:00,3933.0,35.0,93.3,32.0,1791.90234375,3003.6190293729305
2026-07-21T03:12:28.642140+00:00,3933.0,35.0,94.45,32.0,1791.90234375,3003.9599792435765
2026-07-21T03:12:28.986510+00:00,3933.0,35.0,94.22,32.0,1791.90234375,3004.304348792881
2026-07-21T03:12:29.326581+00:00,3933.0,35.0,94.13,32.0,1791.90234375,3004.6444199867547
2026-07-21T03:12:29.674178+00:00,3933.0,34.0,93.94,32.0,1791.90234375,3004.9920163564384
2026-07-21T03:12:30.015511+00:00,3933.0,34.0,93.87,32.0,1791.90234375,3005.3333500511944
2026-07-21T03:12:30.355104+00:00,3933.0,34.0,93.77,32.0,1791.90234375,3005.67294292897
2026-07-21T03:12:30.696124+00:00,3933.0,35.0,93.73,32.0,1791.90234375,3006.013962227851
2026-07-21T03:12:31.080805+00:00,3933.0,35.0,94.49,32.0,1791.90234375,3006.398644082248
2026-07-21T03:12:31.427472+00:00,3933.0,34.0,94.64,32.0,1791.90234375,3006.745310343802
2026-07-21T03:12:31.789702+00:00,3933.0,35.0,94.69,32.0,1791.90234375,3007.107541579753
2026-07-21T03:12:32.261595+00:00,3933.0,0.0,93.15,32.0,1791.90625,3007.579433321953
2026-07-21T03:12:32.629416+00:00,3933.0,35.0,92.93,32.0,1791.90625,3007.9472507312894
2026-07-21T03:12:33.016906+00:00,3933.0,35.0,92.79,32.0,1791.90625,3008.3347443267703
2026-07-21T03:12:33.362598+00:00,3933.0,34.0,94.4,32.0,1791.90625,3008.6804362647235
2026-07-21T03:12:33.706262+00:00,3933.0,35.0,94.36,32.0,1791.90625,3009.0241012610495
2026-07-21T03:12:34.045540+00:00,3933.0,35.0,93.87,32.0,1791.90625,3009.3633794225752
2026-07-21T03:12:34.389949+00:00,3933.0,35.0,94.0,32.0,1791.90625,3009.707788851112
2026-07-21T03:12:34.747452+00:00,3933.0,34.0,94.12,32.0,1791.90625,3010.065291058272
2026-07-21T03:12:35.094663+00:00,3933.0,35.0,94.07,32.0,1791.90625,3010.4125019945204
2026-07-21T03:12:35.525569+00:00,3933.0,3.0,93.54,32.0,1791.91015625,3010.8434073403478
2026-07-21T03:12:35.841339+00:00,3933.0,35.0,94.04,32.0,1791.91015625,3011.159178007394
2026-07-21T03:12:36.224408+00:00,3933.0,35.0,93.94,32.0,1791.91015625,3011.5422471649945
2026-07-21T03:12:36.569536+00:00,3933.0,35.0,94.63,32.0,1791.91015625,3011.8873750269413
2026-07-21T03:12:36.891138+00:00,3933.0,36.0,94.42,32.0,1791.91015625,3012.208977419883
2026-07-21T03:12:37.248516+00:00,3933.0,35.0,94.11,32.0,1791.91015625,3012.566354416311
2026-07-21T03:12:37.588165+00:00,3933.0,35.0,94.14,32.0,1791.91015625,3012.9060040451586
2026-07-21T03:12:37.946195+00:00,3933.0,35.0,94.61,32.0,1791.91015625,3013.2640338912606
2026-07-21T03:12:38.306876+00:00,3933.0,36.0,93.38,32.0,1791.9140625,3013.624713845551
2026-07-21T03:12:38.665034+00:00,3933.0,35.0,93.55,32.0,1791.9140625,3013.9828733466566
2026-07-21T03:12:39.009490+00:00,3933.0,35.0,93.25,32.0,1791.9140625,3014.3273290768266
2026-07-21T03:12:39.369075+00:00,3933.0,36.0,94.47,32.0,1791.9140625,3014.6869139000773
2026-07-21T03:12:39.732793+00:00,3933.0,35.0,94.64,32.0,1791.9140625,3015.050632610917
2026-07-21T03:12:40.102922+00:00,3933.0,35.0,94.8,32.0,1791.9140625,3015.4207603782415
2026-07-21T03:12:40.461484+00:00,3933.0,36.0,95.02,32.0,1791.9140625,3015.779322799295
2026-07-21T03:12:40.779128+00:00,3933.0,35.0,94.73,32.0,1791.9140625,3016.096966866404
2026-07-21T03:12:41.118703+00:00,3933.0,34.0,94.5,32.0,1791.9140625,3016.436541888863
2026-07-21T03:12:41.437165+00:00,3933.0,36.0,94.74,32.0,1791.9140625,3016.755004081875
2026-07-21T03:12:41.795009+00:00,3933.0,36.0,94.61,32.0,1791.9140625,3017.1128489896655
2026-07-21T03:12:42.134486+00:00,3933.0,35.0,94.66,32.0,1791.9140625,3017.452325709164
2026-07-21T03:12:42.472620+00:00,3933.0,35.0,94.54,32.0,1791.9140625,3017.7904588989913
2026-07-21T03:12:42.828795+00:00,3933.0,36.0,94.7,32.0,1791.9140625,3018.1466333270073
2026-07-21T03:12:43.169962+00:00,3933.0,35.0,94.6,32.0,1791.9140625,3018.4878016114235
2026-07-21T03:12:43.510680+00:00,3933.0,35.0,94.97,32.0,1791.9140625,3018.8285186477005
2026-07-21T03:12:43.872372+00:00,3933.0,36.0,95.07,32.0,1791.9140625,3019.1902107819915
2026-07-21T03:12:44.237577+00:00,3933.0,35.0,95.43,32.0,1791.9140625,3019.555414713919
2026-07-21T03:12:44.672570+00:00,3933.0,36.0,95.12,32.0,1791.9140625,3019.9904088377953
2026-07-21T03:12:45.018931+00:00,3933.0,35.0,93.55,32.0,1791.91796875,3020.336769837886
2026-07-21T03:12:45.357844+00:00,3933.0,36.0,93.54,32.0,1791.91796875,3020.675682608038
2026-07-21T03:12:45.698414+00:00,3933.0,36.0,94.2,32.0,1791.91796875,3021.016252435744
2026-07-21T03:12:46.057058+00:00,3933.0,33.0,94.09,32.0,1791.91796875,3021.374896865338
2026-07-21T03:12:46.401779+00:00,3933.0,35.0,94.22,32.0,1791.91796875,3021.7196177579463
2026-07-21T03:12:46.742110+00:00,3933.0,33.0,94.25,32.0,1791.91796875,3022.059948336333
2026-07-21T03:12:47.105500+00:00,3933.0,33.0,94.16,32.0,1791.91796875,3022.423339430243
2026-07-21T03:12:47.447159+00:00,3933.0,34.0,93.88,32.0,1791.91796875,3022.764997471124
2026-07-21T03:12:47.791116+00:00,3933.0,35.0,94.12,32.0,1791.91796875,3023.108955334872
2026-07-21T03:12:48.139070+00:00,3933.0,33.0,92.66,32.0,1791.921875,3023.4569087065756
2026-07-21T03:12:48.521798+00:00,3933.0,33.0,92.97,32.0,1791.921875,3023.8396362178028
2026-07-21T03:12:48.909296+00:00,3933.0,35.0,93.2,32.0,1791.921875,3024.227134861052
2026-07-21T03:12:49.300586+00:00,3933.0,33.0,94.31,32.0,1791.921875,3024.6184246987104
2026-07-21T03:12:49.643384+00:00,3933.0,35.0,94.24,32.0,1791.921875,3024.96122264117
2026-07-21T03:12:50.005849+00:00,3933.0,35.0,94.33,32.0,1791.921875,3025.323687572032
2026-07-21T03:12:50.350571+00:00,3933.0,33.0,93.79,32.0,1791.921875,3025.6684107407928
2026-07-21T03:12:50.690570+00:00,3933.0,35.0,94.04,32.0,1791.921875,3026.0084087252617
2026-07-21T03:12:51.008614+00:00,3933.0,35.0,93.88,32.0,1791.921875,3026.326452758163
2026-07-21T03:12:51.372153+00:00,3933.0,36.0,93.99,32.0,1791.921875,3026.6899917162955
2026-07-21T03:12:51.717637+00:00,3933.0,35.0,94.33,32.0,1791.921875,3027.035476177931
2026-07-21T03:12:52.075250+00:00,3933.0,35.0,94.68,32.0,1791.921875,3027.3930893801153
2026-07-21T03:12:52.410710+00:00,3933.0,36.0,94.53,32.0,1791.921875,3027.7285486496985
2026-07-21T03:12:52.786114+00:00,3933.0,8.0,93.65,32.0,1791.92578125,3028.103952974081
2026-07-21T03:12:53.172101+00:00,3933.0,35.0,93.62,32.0,1791.92578125,3028.489940159023
2026-07-21T03:12:53.512422+00:00,3933.0,35.0,93.64,32.0,1791.92578125,3028.8302617929876
2026-07-21T03:12:53.879505+00:00,3933.0,35.0,94.77,32.0,1791.92578125,3029.19734416157
2026-07-21T03:12:54.237002+00:00,3933.0,36.0,94.69,32.0,1791.92578125,3029.554841082543
2026-07-21T03:12:54.599182+00:00,3933.0,34.0,94.45,32.0,1791.9296875,3029.917021602392
2026-07-21T03:12:54.915941+00:00,3933.0,36.0,94.39,32.0,1791.9296875,3030.2337806895375
2026-07-21T03:12:55.252559+00:00,3933.0,35.0,94.23,32.0,1791.9296875,3030.570398531854
2026-07-21T03:12:55.572248+00:00,3933.0,34.0,94.4,32.0,1791.9296875,3030.890086416155
2026-07-21T03:12:55.895308+00:00,3933.0,33.0,94.4,32.0,1791.9296875,3031.213147100061
2026-07-21T03:12:56.232317+00:00,3933.0,33.0,94.15,32.0,1791.9296875,3031.55015655607
2026-07-21T03:12:56.597008+00:00,3933.0,34.0,94.05,32.0,1791.9296875,3031.9148481041193
2026-07-21T03:12:56.933432+00:00,3933.0,34.0,94.0,32.0,1791.9296875,3032.2512714490294
2026-07-21T03:12:57.274368+00:00,3933.0,34.0,92.74,32.0,1791.93359375,3032.5922061875463
2026-07-21T03:12:57.608758+00:00,3933.0,34.0,92.62,32.0,1791.93359375,3032.926597945392
2026-07-21T03:12:57.969270+00:00,3933.0,33.0,92.42,32.0,1791.93359375,3033.2871088944376
2026-07-21T03:12:58.306243+00:00,3933.0,34.0,93.88,32.0,1791.93359375,3033.624082110822
2026-07-21T03:12:58.667113+00:00,3933.0,33.0,94.16,32.0,1791.93359375,3033.9849512837827
2026-07-21T03:12:59.002026+00:00,3933.0,34.0,93.86,32.0,1791.93359375,3034.3198644816875
2026-07-21T03:12:59.340153+00:00,3933.0,34.0,93.72,32.0,1791.93359375,3034.6579930372536
2026-07-21T03:12:59.677838+00:00,3933.0,34.0,93.61,32.0,1791.93359375,3034.995677739382
2026-07-21T03:13:00.107072+00:00,3933.0,34.0,92.88,32.0,1791.9375,3035.424909569323
2026-07-21T03:13:00.449815+00:00,3933.0,35.0,92.98,32.0,1791.9375,3035.7676537930965
2026-07-21T03:13:00.839542+00:00,3933.0,34.0,94.27,32.0,1791.9375,3036.1573815494776
2026-07-21T03:13:01.181704+00:00,3933.0,35.0,94.54,32.0,1791.9375,3036.4995432198048
2026-07-21T03:13:01.522135+00:00,3933.0,36.0,94.55,32.0,1791.9375,3036.839973963797
2026-07-21T03:13:01.839580+00:00,3933.0,27.0,92.82,32.0,1791.94140625,3037.1574187614024
2026-07-21T03:13:02.230835+00:00,3933.0,35.0,93.2,32.0,1791.94140625,3037.5486735217273
2026-07-21T03:13:02.616378+00:00,3933.0,33.0,93.57,32.0,1791.94140625,3037.934216622263
2026-07-21T03:13:03.004902+00:00,3933.0,34.0,94.68,32.0,1791.94140625,3038.322741445154
2026-07-21T03:13:03.368690+00:00,3933.0,35.0,94.79,32.0,1791.94140625,3038.6865296438336
2026-07-21T03:13:03.710511+00:00,3933.0,33.0,94.72,32.0,1791.94140625,3039.02834995836
2026-07-21T03:13:04.050557+00:00,3933.0,35.0,94.5,32.0,1791.94140625,3039.3683961369097
2026-07-21T03:13:04.394706+00:00,3933.0,36.0,93.9,32.0,1791.94140625,3039.7125451415777
2026-07-21T03:13:04.730709+00:00,3933.0,33.0,93.88,32.0,1791.94140625,3040.04854766652
2026-07-21T03:13:05.088902+00:00,3933.0,34.0,94.08,32.0,1791.94140625,3040.4067406356335
2026-07-21T03:13:05.430748+00:00,3933.0,35.0,94.14,32.0,1791.94140625,3040.748586386442
2026-07-21T03:13:05.800583+00:00,3933.0,33.0,94.71,32.0,1791.94140625,3041.1184226684272
2026-07-21T03:13:06.139277+00:00,3933.0,35.0,94.67,32.0,1791.94140625,3041.457115713507
2026-07-21T03:13:06.510135+00:00,3933.0,34.0,93.12,32.0,1791.9453125,3041.8279731199145
2026-07-21T03:13:06.903920+00:00,3933.0,35.0,92.66,32.0,1791.9453125,3042.221759095788
2026-07-21T03:13:07.246878+00:00,3933.0,34.0,93.05,32.0,1791.9453125,3042.564717143774
2026-07-21T03:13:07.603951+00:00,3933.0,35.0,94.31,32.0,1791.9453125,3042.9217900820076
2026-07-21T03:13:07.922594+00:00,3933.0,36.0,94.1,32.0,1791.9453125,3043.2404332235456
2026-07-21T03:13:08.256790+00:00,3933.0,36.0,94.17,32.0,1791.9453125,3043.5746292993426
2026-07-21T03:13:08.598607+00:00,3933.0,34.0,94.07,32.0,1791.9453125,3043.9164459332824
2026-07-21T03:13:08.915627+00:00,3933.0,36.0,94.08,32.0,1791.9453125,3044.233466748148
2026-07-21T03:13:09.231211+00:00,3933.0,35.0,94.34,32.0,1791.9453125,3044.5490510351956
2026-07-21T03:13:09.610006+00:00,3933.0,35.0,94.8,32.0,1791.94921875,3044.9278459474444
2026-07-21T03:13:09.927315+00:00,3933.0,36.0,94.76,32.0,1791.94921875,3045.24515459314
2026-07-21T03:13:10.295608+00:00,3933.0,35.0,95.2,32.0,1791.953125,3045.61344723776
2026-07-21T03:13:10.634189+00:00,3933.0,11.0,92.72,32.0,1791.95703125,3045.9520266130567
2026-07-21T03:13:10.975971+00:00,3933.0,35.0,93.12,32.0,1791.95703125,3046.2938098981977
2026-07-21T03:13:11.321415+00:00,3933.0,36.0,92.68,32.0,1791.95703125,3046.639254435897
2026-07-21T03:13:11.687768+00:00,3933.0,36.0,94.49,32.0,1791.95703125,3047.005607355386
2026-07-21T03:13:12.029722+00:00,3933.0,36.0,94.74,32.0,1791.9609375,3047.3475608602166
2026-07-21T03:13:12.369685+00:00,3933.0,35.0,94.56,32.0,1791.9609375,3047.6875241808593
2026-07-21T03:13:12.709998+00:00,3933.0,35.0,94.28,32.0,1791.9609375,3048.0278364010155
2026-07-21T03:13:13.048430+00:00,3933.0,33.0,93.86,32.0,1791.96484375,3048.366269417107
2026-07-21T03:13:13.406374+00:00,3933.0,35.0,93.97,32.0,1791.96484375,3048.724213220179
2026-07-21T03:13:13.861959+00:00,3933.0,35.0,93.26,32.0,1791.97265625,3049.179797563702
2026-07-21T03:13:14.226173+00:00,3933.0,35.0,93.24,32.0,1791.97265625,3049.544012475759
2026-07-21T03:13:14.568757+00:00,3933.0,35.0,94.56,32.0,1791.97265625,3049.886596750468
2026-07-21T03:13:14.913282+00:00,3933.0,35.0,94.35,32.0,1791.97265625,3050.2311210408807
2026-07-21T03:13:15.276444+00:00,3933.0,34.0,94.23,32.0,1791.9765625,3050.594283159822
2026-07-21T03:13:15.618096+00:00,3933.0,36.0,94.33,32.0,1791.9765625,3050.935935713351
2026-07-21T03:13:15.958163+00:00,3933.0,35.0,94.67,32.0,1791.9765625,3051.2760009095073
2026-07-21T03:13:16.371853+00:00,3933.0,33.0,93.93,32.0,1791.9765625,3051.689691513777
2026-07-21T03:13:16.694070+00:00,3933.0,35.0,93.51,32.0,1791.98046875,3052.011909004301
2026-07-21T03:13:17.014126+00:00,3933.0,35.0,93.34,32.0,1791.984375,3052.331964701414
2026-07-21T03:13:17.376352+00:00,3933.0,35.0,94.54,32.0,1791.984375,3052.6941910088062
2026-07-21T03:13:17.762893+00:00,3933.0,35.0,94.82,32.0,1791.98828125,3053.080732539296
2026-07-21T03:13:18.103816+00:00,3933.0,35.0,94.87,32.0,1791.99609375,3053.421655058861
2026-07-21T03:13:18.463896+00:00,3933.0,35.0,94.76,32.0,1791.99609375,3053.781735651195
2026-07-21T03:13:18.800693+00:00,3933.0,35.0,94.22,32.0,1791.99609375,3054.118532348424
2026-07-21T03:13:19.140744+00:00,3933.0,36.0,94.55,32.0,1791.99609375,3054.4585839137435
2026-07-21T03:13:19.482801+00:00,3933.0,34.0,94.36,32.0,1792.0,3054.8006399944425
2026-07-21T03:13:19.830487+00:00,3933.0,34.0,94.22,32.0,1792.0,3055.1483260914683
2026-07-21T03:13:20.168216+00:00,3933.0,36.0,93.48,32.0,1792.0,3055.486054535955
2026-07-21T03:13:20.509557+00:00,3933.0,35.0,92.72,32.0,1792.0078125,3055.827396403998
2026-07-21T03:13:20.875565+00:00,3933.0,34.0,93.05,32.0,1792.0078125,3056.193404458463
2026-07-21T03:13:21.264480+00:00,3933.0,35.0,94.46,32.0,1792.01171875,3056.582318689674
2026-07-21T03:13:21.630902+00:00,3933.0,34.0,94.97,32.0,1792.01171875,3056.948740758002
2026-07-21T03:13:21.970410+00:00,3933.0,34.0,94.76,32.0,1792.01171875,3057.2882495597005
2026-07-21T03:13:22.336647+00:00,3933.0,34.0,94.95,32.0,1792.01171875,3057.65448442474
2026-07-21T03:13:22.704439+00:00,3933.0,34.0,94.83,32.0,1792.01171875,3058.022278353572
2026-07-21T03:13:23.050631+00:00,3933.0,35.0,94.89,32.0,1792.01953125,3058.368469852954
2026-07-21T03:13:23.373308+00:00,3933.0,34.0,94.23,32.0,1792.01953125,3058.6911466754973
2026-07-21T03:13:23.714638+00:00,3933.0,34.0,94.43,32.0,1792.01953125,3059.0324768945575
2026-07-21T03:13:24.034277+00:00,3933.0,34.0,94.29,32.0,1792.02734375,3059.352116238326
2026-07-21T03:13:24.377977+00:00,3933.0,36.0,94.34,32.0,1792.02734375,3059.695816323161
2026-07-21T03:13:24.718315+00:00,3933.0,34.0,94.13,32.0,1792.02734375,3060.036154743284
2026-07-21T03:13:25.109596+00:00,3933.0,35.0,94.83,32.0,1792.02734375,3060.4274346083403
2026-07-21T03:13:25.546775+00:00,3933.0,23.0,94.57,32.0,1792.03515625,3060.864611402154
2026-07-21T03:13:25.933045+00:00,3933.0,33.0,94.49,32.0,1792.046875,3061.2508820556104
2026-07-21T03:13:26.323249+00:00,3933.0,35.0,94.51,32.0,1792.046875,3061.641088385135
2026-07-21T03:13:26.670492+00:00,3933.0,33.0,95.3,32.0,1792.05078125,3061.988331530243
2026-07-21T03:13:27.039457+00:00,3933.0,33.0,94.96,32.0,1792.05078125,3062.357296027243
2026-07-21T03:13:27.385620+00:00,3933.0,35.0,94.62,32.0,1792.05078125,3062.7034591659904
2026-07-21T03:13:27.775257+00:00,3933.0,35.0,94.83,32.0,1792.05078125,3063.0930961482227
2026-07-21T03:13:28.144740+00:00,3933.0,35.0,95.02,32.0,1792.0546875,3063.462578818202
2026-07-21T03:13:28.489555+00:00,3933.0,34.0,94.87,32.0,1792.0625,3063.807393491268
2026-07-21T03:13:28.878763+00:00,3933.0,34.0,94.97,32.0,1792.0625,3064.196602690965
2026-07-21T03:13:29.240655+00:00,3933.0,35.0,95.06,32.0,1792.0703125,3064.5584942661226
2026-07-21T03:13:29.583187+00:00,3933.0,35.0,95.26,32.0,1792.0703125,3064.901025891304
2026-07-21T03:13:30.035827+00:00,3933.0,0.0,94.16,32.0,1792.0859375,3065.3536639884114
2026-07-21T03:13:30.386971+00:00,3933.0,35.0,93.77,32.0,1792.0859375,3065.7048094011843
2026-07-21T03:13:30.730625+00:00,3933.0,36.0,93.34,32.0,1792.08984375,3066.0484630391
2026-07-21T03:13:31.075573+00:00,3933.0,34.0,93.79,32.0,1792.08984375,3066.3934124968946
2026-07-21T03:13:31.417216+00:00,3933.0,24.0,93.17,32.0,1792.08984375,3066.735054988414
2026-07-21T03:13:31.780789+00:00,3933.0,35.0,93.23,32.0,1792.10546875,3067.098628360778
2026-07-21T03:13:32.126675+00:00,3933.0,36.0,94.07,32.0,1792.10546875,3067.444505762309
2026-07-21T03:13:32.517320+00:00,3933.0,34.0,94.69,32.0,1792.10546875,3067.835159432143
2026-07-21T03:13:32.856040+00:00,3933.0,35.0,94.44,32.0,1792.1171875,3068.173879068345
2026-07-21T03:13:33.221246+00:00,3933.0,36.0,94.24,32.0,1792.1171875,3068.53908495605
2026-07-21T03:13:33.563510+00:00,3933.0,33.0,94.41,32.0,1792.125,3068.881348568946
2026-07-21T03:13:33.891633+00:00,3933.0,34.0,94.29,32.0,1792.125,3069.209471270442
2026-07-21T03:13:34.262765+00:00,3933.0,36.0,94.16,32.0,1792.13671875,3069.58060387522
2026-07-21T03:13:34.657353+00:00,3933.0,33.0,93.54,32.0,1792.140625,3069.9751916751266
2026-07-21T03:13:34.982141+00:00,3933.0,34.0,93.83,32.0,1792.140625,3070.2999791689217
2026-07-21T03:13:35.322096+00:00,3933.0,34.0,94.17,32.0,1792.15234375,3070.639935299754
2026-07-21T03:13:35.662708+00:00,3933.0,37.0,94.37,32.0,1792.15234375,3070.980547569692
2026-07-21T03:13:36.009456+00:00,3933.0,35.0,94.5,32.0,1792.15234375,3071.3272944018245
2026-07-21T03:13:36.354731+00:00,3933.0,35.0,94.06,32.0,1792.16015625,3071.6725701093674
2026-07-21T03:13:36.742156+00:00,3933.0,35.0,94.79,32.0,1792.16015625,3072.059994466603
2026-07-21T03:13:37.085624+00:00,3933.0,35.0,94.94,32.0,1792.17578125,3072.403463039547
2026-07-21T03:13:37.498729+00:00,3933.0,2.0,93.81,33.0,1792.18359375,3072.81656736508
2026-07-21T03:13:37.894961+00:00,3933.0,26.0,92.69,32.0,1792.1875,3073.2127995081246
2026-07-21T03:13:38.218136+00:00,3933.0,35.0,92.35,32.0,1792.19140625,3073.535974986851
2026-07-21T03:13:38.537616+00:00,3933.0,35.0,92.87,32.0,1792.19140625,3073.8554552160203
2026-07-21T03:13:38.860892+00:00,3933.0,34.0,93.56,32.0,1792.203125,3074.178731352091
2026-07-21T03:13:39.203839+00:00,3933.0,33.0,93.75,32.0,1792.203125,3074.5216774344444
2026-07-21T03:13:39.590990+00:00,3933.0,33.0,93.81,32.0,1792.21484375,3074.908829115331
2026-07-21T03:13:39.977818+00:00,3933.0,33.0,94.37,32.0,1792.21875,3075.2956571653485
2026-07-21T03:13:40.338169+00:00,3933.0,35.0,94.49,32.0,1792.21875,3075.6560081653297
2026-07-21T03:13:40.701163+00:00,3933.0,35.0,94.26,32.0,1792.23046875,3076.019002057612
2026-07-21T03:13:41.129829+00:00,3933.0,8.0,94.04,33.0,1792.24609375,3076.4476666748524
2026-07-21T03:13:41.493508+00:00,3933.0,29.0,93.92,32.0,1792.25,3076.8113463521004
2026-07-21T03:13:41.878722+00:00,3933.0,34.0,94.23,32.0,1792.25390625,3077.1965611353517
2026-07-21T03:13:42.221520+00:00,3933.0,35.0,95.12,32.0,1792.25390625,3077.5393591299653
2026-07-21T03:13:42.588815+00:00,3933.0,35.0,95.23,32.0,1792.26953125,3077.9066543243825
2026-07-21T03:13:42.930148+00:00,3933.0,35.0,94.61,32.0,1792.26953125,3078.247986126691
2026-07-21T03:13:43.297070+00:00,3933.0,33.0,94.99,32.0,1792.27734375,3078.614909119904
2026-07-21T03:13:43.643859+00:00,3933.0,35.0,94.74,32.0,1792.27734375,3078.9616974778473
2026-07-21T03:13:43.992449+00:00,3933.0,36.0,94.74,32.0,1792.296875,3079.310287889093
2026-07-21T03:13:44.364358+00:00,3933.0,34.0,95.09,32.0,1792.30078125,3079.6821961924434
2026-07-21T03:13:44.706626+00:00,3933.0,28.0,93.69,32.0,1792.30859375,3080.024463735521
2026-07-21T03:13:45.085954+00:00,3933.0,35.0,93.28,32.0,1792.3203125,3080.4037903547287
2026-07-21T03:13:45.429750+00:00,3933.0,35.0,93.09,32.0,1792.3203125,3080.7475884519517
2026-07-21T03:13:45.775442+00:00,3933.0,34.0,94.27,32.0,1792.3203125,3081.093281120062
2026-07-21T03:13:46.127330+00:00,3933.0,35.0,94.5,32.0,1792.33984375,3081.445168495178
2026-07-21T03:13:46.499362+00:00,3933.0,33.0,94.64,32.0,1792.33984375,3081.8172004185617
2026-07-21T03:13:46.935130+00:00,3933.0,11.0,93.75,32.0,1792.3515625,3082.252968914807
2026-07-21T03:13:47.327630+00:00,3933.0,36.0,92.9,32.0,1792.35546875,3082.645468581468
2026-07-21T03:13:47.699105+00:00,3933.0,35.0,92.88,32.0,1792.35546875,3083.0169370137155
2026-07-21T03:13:48.089102+00:00,3933.0,34.0,95.09,32.0,1792.35546875,3083.4069413989782
2026-07-21T03:13:48.430958+00:00,3933.0,34.0,94.87,32.0,1792.35546875,3083.7487961240113
2026-07-21T03:13:48.833503+00:00,3933.0,35.0,94.1,32.0,1792.35546875,3084.151342213154
2026-07-21T03:13:49.201738+00:00,3933.0,36.0,93.64,32.0,1792.35546875,3084.5195764675736
2026-07-21T03:13:49.601987+00:00,3933.0,35.0,93.91,32.0,1792.35546875,3084.9198245592415
2026-07-21T03:13:50.013533+00:00,3933.0,36.0,93.8,32.0,1792.35546875,3085.331372052431
2026-07-21T03:13:50.357993+00:00,3933.0,33.0,94.67,32.0,1792.35546875,3085.675831899047
2026-07-21T03:13:50.749544+00:00,3933.0,36.0,95.06,33.0,1792.35546875,3086.06738262251
2026-07-21T03:13:51.090354+00:00,3933.0,35.0,95.01,33.0,1792.35546875,3086.40818747133
2026-07-21T03:13:51.449252+00:00,3933.0,35.0,94.94,33.0,1792.35546875,3086.767091073096
2026-07-21T03:13:51.790611+00:00,3933.0,34.0,94.79,33.0,1792.35546875,3087.1084500327706
2026-07-21T03:13:52.131599+00:00,3933.0,34.0,94.86,33.0,1792.35546875,3087.449438229203
2026-07-21T03:13:52.496643+00:00,3933.0,34.0,94.78,33.0,1792.35546875,3087.8144826218486
2026-07-21T03:13:52.838893+00:00,3933.0,36.0,95.11,33.0,1792.35546875,3088.156732261181
2026-07-21T03:13:53.187198+00:00,3933.0,34.0,95.14,33.0,1792.35546875,3088.5050366297364
2026-07-21T03:13:53.535262+00:00,3933.0,36.0,95.03,33.0,1792.35546875,3088.8531004190445
2026-07-21T03:13:53.947193+00:00,3933.0,25.0,94.62,33.0,1792.35546875,3089.2650317139924
2026-07-21T03:13:54.341997+00:00,3933.0,34.0,93.42,33.0,1792.35546875,3089.6598349399865
2026-07-21T03:13:54.707589+00:00,3933.0,34.0,93.0,33.0,1792.35546875,3090.025427993387
2026-07-21T03:13:55.091348+00:00,3933.0,34.0,93.88,33.0,1792.35546875,3090.4091869667172
2026-07-21T03:13:55.433978+00:00,3933.0,36.0,93.99,33.0,1792.35546875,3090.751816023141
2026-07-21T03:13:55.785016+00:00,3933.0,36.0,93.7,33.0,1792.35546875,3091.1028553694487
2026-07-21T03:13:56.154609+00:00,3933.0,35.0,93.17,33.0,1792.35546875,3091.472447063774
2026-07-21T03:13:56.530305+00:00,3933.0,33.0,93.52,33.0,1792.35546875,3091.848144400865
2026-07-21T03:13:56.924503+00:00,3933.0,33.0,93.69,33.0,1792.35546875,3092.2423421368003
2026-07-21T03:13:57.312503+00:00,3933.0,33.0,93.59,33.0,1792.35546875,3092.630341682583
2026-07-21T03:13:57.668581+00:00,3933.0,34.0,94.13,33.0,1792.35546875,3092.986420109868
2026-07-21T03:13:57.996555+00:00,3933.0,34.0,94.34,33.0,1792.35546875,3093.314394187182
2026-07-21T03:13:58.385571+00:00,3933.0,33.0,94.76,33.0,1792.35546875,3093.703409522772
2026-07-21T03:13:58.758859+00:00,3933.0,36.0,94.14,33.0,1792.35546875,3094.076691761613
2026-07-21T03:13:59.131549+00:00,3933.0,34.0,93.35,33.0,1792.35546875,3094.449387691915
2026-07-21T03:13:59.521168+00:00,3933.0,24.0,92.39,33.0,1792.35546875,3094.839005161077
2026-07-21T03:13:59.881393+00:00,3933.0,35.0,93.28,33.0,1792.35546875,3095.1992315649986
2026-07-21T03:14:00.254289+00:00,3933.0,34.0,93.15,33.0,1792.35546875,3095.5721268840134
2026-07-21T03:14:00.622200+00:00,3933.0,35.0,93.8,33.0,1792.35546875,3095.9400384798646
2026-07-21T03:14:00.999694+00:00,3933.0,35.0,93.45,33.0,1792.35546875,3096.3175328187644
2026-07-21T03:14:01.361004+00:00,3933.0,35.0,94.21,33.0,1792.35546875,3096.67884368822
2026-07-21T03:14:01.703094+00:00,3933.0,33.0,94.61,33.0,1792.35546875,3097.0209321789443
2026-07-21T03:14:02.045002+00:00,3933.0,36.0,94.68,33.0,1792.35546875,3097.362841002643
2026-07-21T03:14:02.383585+00:00,3933.0,36.0,94.52,33.0,1792.35546875,3097.70142474398
2026-07-21T03:14:02.766939+00:00,3933.0,35.0,94.81,33.0,1792.35546875,3098.0847772434354
2026-07-21T03:14:03.126950+00:00,3933.0,36.0,95.21,33.0,1792.35546875,3098.4447889216244
2026-07-21T03:14:03.465483+00:00,3933.0,35.0,95.31,33.0,1792.35546875,3098.7833219617605
2026-07-21T03:14:03.821946+00:00,3933.0,35.0,95.16,33.0,1792.35546875,3099.1397857293487
2026-07-21T03:14:04.156679+00:00,3933.0,21.0,93.59,33.0,1792.35546875,3099.47451710701
2026-07-21T03:14:04.500956+00:00,3933.0,35.0,93.08,33.0,1792.35546875,3099.8187955729663
2026-07-21T03:14:04.894824+00:00,3933.0,33.0,93.47,33.0,1792.35546875,3100.2126628421247
2026-07-21T03:14:05.241172+00:00,3933.0,36.0,94.85,33.0,1792.35546875,3100.5590113401413
2026-07-21T03:14:05.558625+00:00,3933.0,35.0,95.04,33.0,1792.35546875,3100.876463893801
2026-07-21T03:14:05.877799+00:00,3933.0,35.0,94.52,33.0,1792.35546875,3101.1956386491656
2026-07-21T03:14:06.194897+00:00,3933.0,36.0,94.32,33.0,1792.35546875,3101.512735746801
2026-07-21T03:14:06.533760+00:00,3933.0,36.0,94.49,33.0,1792.35546875,3101.8515991717577
2026-07-21T03:14:06.879280+00:00,3933.0,35.0,94.47,33.0,1792.35546875,3102.197119317949
2026-07-21T03:14:07.224371+00:00,3933.0,36.0,94.57,33.0,1792.35546875,3102.5422093719244
2026-07-21T03:14:07.576951+00:00,3933.0,11.0,93.49,32.0,1792.359375,3102.894788827747
2026-07-21T03:14:07.900362+00:00,3933.0,35.0,93.21,33.0,1792.359375,3103.2182012163103
2026-07-21T03:14:08.224080+00:00,3933.0,36.0,93.07,33.0,1792.359375,3103.541919194162
2026-07-21T03:14:08.568718+00:00,3933.0,36.0,94.35,33.0,1792.359375,3103.8865575119853
2026-07-21T03:14:08.955901+00:00,3933.0,36.0,94.42,33.0,1792.359375,3104.2737404815853
2026-07-21T03:14:09.293582+00:00,3933.0,35.0,94.47,33.0,1792.359375,3104.6114204972982
2026-07-21T03:14:09.631962+00:00,3933.0,36.0,94.6,33.0,1792.359375,3104.9498013220727
2026-07-21T03:14:09.971120+00:00,3933.0,36.0,94.35,33.0,1792.359375,3105.288959491998
2026-07-21T03:14:10.296199+00:00,3933.0,0.0,92.97,32.0,1792.36328125,3105.6140361838043
2026-07-21T03:14:10.635656+00:00,3933.0,35.0,93.41,33.0,1792.36328125,3105.9534949027
2026-07-21T03:14:10.967333+00:00,3933.0,36.0,93.52,33.0,1792.36328125,3106.2851722873747
2026-07-21T03:14:11.340995+00:00,3933.0,34.0,95.11,33.0,1792.36328125,3106.65883378312
2026-07-21T03:14:11.685307+00:00,3933.0,36.0,94.84,33.0,1792.36328125,3107.003146711737
2026-07-21T03:14:12.029968+00:00,3933.0,36.0,95.04,33.0,1792.36328125,3107.3478077948093
2026-07-21T03:14:12.369161+00:00,3933.0,36.0,94.52,33.0,1792.36328125,3107.6870002895594
2026-07-21T03:14:12.730583+00:00,3933.0,36.0,94.38,33.0,1792.36328125,3108.0484225712717
2026-07-21T03:14:13.101171+00:00,3933.0,36.0,94.74,33.0,1792.36328125,3108.419010065496
2026-07-21T03:14:13.444649+00:00,3933.0,35.0,94.89,33.0,1792.36328125,3108.7624873146415
2026-07-21T03:14:13.829036+00:00,3933.0,36.0,95.25,33.0,1792.36328125,3109.146874897182
2026-07-21T03:14:14.170239+00:00,3933.0,35.0,95.22,33.0,1792.36328125,3109.488077521324
2026-07-21T03:14:14.537188+00:00,3933.0,36.0,95.26,33.0,1792.36328125,3109.855027485639
2026-07-21T03:14:14.878214+00:00,3933.0,36.0,95.12,33.0,1792.36328125,3110.1960524097085
2026-07-21T03:14:15.266401+00:00,3933.0,34.0,95.2,33.0,1792.36328125,3110.584240078926
2026-07-21T03:14:15.630648+00:00,3933.0,33.0,95.08,33.0,1792.36328125,3110.9484858363867
2026-07-21T03:14:16.022141+00:00,3933.0,34.0,93.86,33.0,1792.3671875,3111.3399793058634
2026-07-21T03:14:16.385744+00:00,3933.0,33.0,93.68,33.0,1792.3671875,3111.703582506627
2026-07-21T03:14:16.707636+00:00,3933.0,36.0,93.48,33.0,1792.3671875,3112.025474488735
2026-07-21T03:14:17.057450+00:00,3933.0,34.0,94.25,33.0,1792.3671875,3112.3752886988223
2026-07-21T03:14:17.419119+00:00,3933.0,35.0,93.3,33.0,1792.37109375,3112.736957296729
2026-07-21T03:14:17.812059+00:00,3933.0,34.0,93.98,33.0,1792.37109375,3113.129897069186
2026-07-21T03:14:18.160266+00:00,3933.0,34.0,94.53,33.0,1792.37109375,3113.478104777634
2026-07-21T03:14:18.483133+00:00,3933.0,34.0,94.91,33.0,1792.37109375,3113.8009713180363
2026-07-21T03:14:18.805594+00:00,3933.0,36.0,94.19,33.0,1792.37109375,3114.123433355242
2026-07-21T03:14:19.144636+00:00,3933.0,36.0,94.12,33.0,1792.37109375,3114.462475437671
2026-07-21T03:14:19.485235+00:00,3933.0,36.0,94.34,33.0,1792.37109375,3114.8030744083226
2026-07-21T03:14:19.850927+00:00,3933.0,36.0,94.82,33.0,1792.37109375,3115.168766118586
2026-07-21T03:14:20.172295+00:00,3933.0,35.0,94.64,33.0,1792.37109375,3115.490134179592
2026-07-21T03:14:20.540049+00:00,3933.0,35.0,94.98,33.0,1792.37109375,3115.857887595892
2026-07-21T03:14:20.883331+00:00,3933.0,35.0,94.86,33.0,1792.37109375,3116.2011695951223
2026-07-21T03:14:21.229446+00:00,3933.0,36.0,95.11,33.0,1792.37109375,3116.5472849681973
2026-07-21T03:14:21.550828+00:00,3933.0,35.0,94.96,33.0,1792.37109375,3116.8686672076583
2026-07-21T03:14:21.872117+00:00,3933.0,36.0,94.75,33.0,1792.37109375,3117.1899566836655
2026-07-21T03:14:22.217156+00:00,3933.0,36.0,94.9,33.0,1792.37109375,3117.534994505346
2026-07-21T03:14:22.560143+00:00,3933.0,36.0,94.63,33.0,1792.37109375,3117.8779824711382
2026-07-21T03:14:22.882474+00:00,3933.0,36.0,94.77,33.0,1792.37109375,3118.200312279165
2026-07-21T03:14:23.274813+00:00,3933.0,36.0,95.28,33.0,1792.37109375,3118.5926524475217
2026-07-21T03:14:23.614236+00:00,3933.0,35.0,95.08,33.0,1792.37109375,3118.9320752881467
2026-07-21T03:14:23.948731+00:00,3933.0,36.0,95.54,33.0,1792.37109375,3119.266570650041
2026-07-21T03:14:24.290851+00:00,3933.0,35.0,94.99,33.0,1792.37109375,3119.6086902432144
2026-07-21T03:14:24.685562+00:00,3933.0,35.0,95.48,33.0,1792.37109375,3120.0034012831748
2026-07-21T03:14:25.011756+00:00,3933.0,36.0,95.32,33.0,1792.37109375,3120.329595223069
2026-07-21T03:14:25.370671+00:00,3933.0,36.0,95.56,33.0,1792.37109375,3120.688510045409
2026-07-21T03:14:25.739414+00:00,3933.0,36.0,95.91,33.0,1792.37109375,3121.057252883911
2026-07-21T03:14:26.184353+00:00,3933.0,36.0,95.89,33.0,1792.375,3121.502191513777
2026-07-21T03:14:26.553565+00:00,3933.0,35.0,94.01,33.0,1792.375,3121.871402885765
2026-07-21T03:14:26.939066+00:00,3933.0,34.0,93.47,33.0,1792.375,3122.2569055631757
2026-07-21T03:14:27.285904+00:00,3933.0,35.0,95.14,33.0,1792.375,3122.6037428826094
2026-07-21T03:14:27.628978+00:00,3933.0,35.0,94.94,33.0,1792.375,3122.9468170031905
2026-07-21T03:14:27.968781+00:00,3933.0,35.0,94.82,33.0,1792.375,3123.2866201773286
2026-07-21T03:14:28.329350+00:00,3933.0,35.0,94.96,33.0,1792.375,3123.6471890173852
2026-07-21T03:14:28.717392+00:00,3933.0,36.0,95.22,33.0,1792.37890625,3124.0352307632565
2026-07-21T03:14:29.081744+00:00,3933.0,36.0,94.96,33.0,1792.37890625,3124.3995831012726
2026-07-21T03:14:29.445529+00:00,3933.0,35.0,95.02,33.0,1792.37890625,3124.763367537409
2026-07-21T03:14:29.815099+00:00,3933.0,35.0,95.26,33.0,1792.37890625,3125.1329382508993
2026-07-21T03:14:30.135899+00:00,3933.0,32.0,93.82,33.0,1792.3828125,3125.4537370689213
2026-07-21T03:14:30.458510+00:00,3933.0,35.0,93.54,33.0,1792.3828125,3125.776348657906
2026-07-21T03:14:30.801884+00:00,3933.0,34.0,93.44,33.0,1792.3828125,3126.119723573327
2026-07-21T03:14:31.149831+00:00,3933.0,33.0,94.12,33.0,1792.3828125,3126.4676695615053
2026-07-21T03:14:31.498301+00:00,3933.0,35.0,94.18,33.0,1792.3828125,3126.816140588373
2026-07-21T03:14:31.842060+00:00,3933.0,34.0,94.17,33.0,1792.3828125,3127.1598992161453
2026-07-21T03:14:32.188982+00:00,3933.0,35.0,94.57,33.0,1792.3828125,3127.506821166724
2026-07-21T03:14:32.537033+00:00,3933.0,34.0,94.65,33.0,1792.3828125,3127.854871701449
2026-07-21T03:14:32.900024+00:00,3933.0,35.0,94.85,33.0,1792.3828125,3128.2178624868393
2026-07-21T03:14:33.268209+00:00,3933.0,33.0,94.61,33.0,1792.3828125,3128.5860481821
2026-07-21T03:14:33.610278+00:00,3933.0,33.0,94.33,33.0,1792.3828125,3128.9281170256436
2026-07-21T03:14:33.953107+00:00,3933.0,34.0,94.21,33.0,1792.3828125,3129.270946033299
2026-07-21T03:14:34.339459+00:00,3933.0,34.0,94.57,33.0,1792.3828125,3129.657297439873
2026-07-21T03:14:34.681245+00:00,3933.0,34.0,94.75,33.0,1792.3828125,3129.99908445403
2026-07-21T03:14:35.054364+00:00,3933.0,34.0,94.85,33.0,1792.3828125,3130.3722027763724
2026-07-21T03:14:35.400271+00:00,3933.0,33.0,94.87,33.0,1792.3828125,3130.718109320849
2026-07-21T03:14:35.743498+00:00,3933.0,36.0,95.01,33.0,1792.3828125,3131.061337403953
2026-07-21T03:14:36.090009+00:00,3933.0,36.0,94.58,33.0,1792.3828125,3131.4078467451036
2026-07-21T03:14:36.433357+00:00,3933.0,36.0,94.71,33.0,1792.3828125,3131.751196242869
2026-07-21T03:14:36.773820+00:00,3933.0,36.0,94.9,33.0,1792.3828125,3132.09165866673
2026-07-21T03:14:37.118585+00:00,3933.0,33.0,95.19,33.0,1792.3828125,3132.436424355954
2026-07-21T03:14:37.462255+00:00,3933.0,36.0,95.12,33.0,1792.3828125,3132.780094411224
2026-07-21T03:14:37.804700+00:00,3933.0,36.0,95.18,33.0,1792.3828125,3133.122539177537
2026-07-21T03:14:38.150023+00:00,3933.0,36.0,95.04,33.0,1792.3828125,3133.4678617306054
2026-07-21T03:14:38.543499+00:00,3933.0,36.0,96.08,33.0,1792.3828125,3133.861338008195
2026-07-21T03:14:38.908155+00:00,3933.0,36.0,95.95,33.0,1792.3828125,3134.2259938567877
2026-07-21T03:14:39.279431+00:00,3933.0,34.0,94.63,33.0,1792.38671875,3134.5972687602043
2026-07-21T03:14:39.624049+00:00,3933.0,35.0,93.98,33.0,1792.38671875,3134.9418881461024
2026-07-21T03:14:39.962179+00:00,3933.0,35.0,93.53,33.0,1792.38671875,3135.280018363148
2026-07-21T03:14:40.304716+00:00,3933.0,35.0,94.49,33.0,1792.38671875,3135.6225550062954
2026-07-21T03:14:40.646872+00:00,3933.0,34.0,94.4,33.0,1792.38671875,3135.9647105559707
2026-07-21T03:14:41.014284+00:00,3933.0,35.0,94.25,33.0,1792.38671875,3136.332123260945
2026-07-21T03:14:41.404937+00:00,3933.0,35.0,94.77,33.0,1792.38671875,3136.7227756492794
2026-07-21T03:14:41.751749+00:00,3933.0,35.0,94.95,33.0,1792.38671875,3137.069587673992
2026-07-21T03:14:42.116717+00:00,3933.0,36.0,95.02,33.0,1792.38671875,3137.4345564320683
2026-07-21T03:14:42.509560+00:00,3933.0,10.0,94.13,33.0,1792.390625,3137.827398452908
2026-07-21T03:14:42.875728+00:00,3933.0,35.0,93.92,33.0,1792.390625,3138.1935670636594
2026-07-21T03:14:43.237231+00:00,3933.0,35.0,93.99,33.0,1792.390625,3138.5550697371364
2026-07-21T03:14:43.620336+00:00,3933.0,35.0,94.96,33.0,1792.390625,3138.9381743483245
2026-07-21T03:14:43.980233+00:00,3933.0,35.0,95.15,33.0,1792.390625,3139.2980721071362
2026-07-21T03:14:44.342866+00:00,3933.0,35.0,95.14,33.0,1792.390625,3139.6607049144804
2026-07-21T03:14:44.709271+00:00,3933.0,35.0,95.2,33.0,1792.390625,3140.027109466493
2026-07-21T03:14:45.102062+00:00,3933.0,35.0,94.94,33.0,1792.390625,3140.419900339097
2026-07-21T03:14:45.460943+00:00,3933.0,35.0,95.1,33.0,1792.390625,3140.778782147914
2026-07-21T03:14:45.802830+00:00,3933.0,35.0,95.0,33.0,1792.390625,3141.120668925345
2026-07-21T03:14:46.146626+00:00,3933.0,36.0,94.59,33.0,1792.390625,3141.4644650034606
2026-07-21T03:14:46.489501+00:00,3933.0,36.0,94.28,33.0,1792.390625,3141.8073391132057
2026-07-21T03:14:46.855832+00:00,3933.0,35.0,95.12,33.0,1792.390625,3142.1736715622246
2026-07-21T03:14:47.172834+00:00,3933.0,36.0,94.78,33.0,1792.390625,3142.490673419088
2026-07-21T03:14:47.557954+00:00,3933.0,36.0,95.41,33.0,1792.390625,3142.875792939216
2026-07-21T03:14:47.925650+00:00,3933.0,34.0,95.16,33.0,1792.390625,3143.243488818407
2026-07-21T03:14:48.271740+00:00,3933.0,35.0,95.04,33.0,1792.39453125,3143.5895787775517
2026-07-21T03:14:48.610821+00:00,3933.0,36.0,95.0,33.0,1792.39453125,3143.9286599718034
2026-07-21T03:14:48.998434+00:00,3933.0,34.0,95.21,33.0,1792.39453125,3144.3162728510797
2026-07-21T03:14:49.343233+00:00,3933.0,35.0,95.26,33.0,1792.39453125,3144.661072075367
2026-07-21T03:14:49.714423+00:00,3933.0,34.0,95.48,33.0,1792.39453125,3145.032261442393
2026-07-21T03:14:50.035545+00:00,3933.0,35.0,95.01,33.0,1792.39453125,3145.3533848263323
2026-07-21T03:14:50.425425+00:00,3933.0,34.0,95.5,33.0,1792.39453125,3145.743253875524
2026-07-21T03:14:50.767079+00:00,3933.0,36.0,95.1,33.0,1792.39453125,3146.084918230772
2026-07-21T03:14:51.158875+00:00,3933.0,33.0,95.59,33.0,1792.39453125,3146.476712346077
2026-07-21T03:14:51.566930+00:00,3933.0,9.0,93.1,33.0,1792.40234375,3146.8847681470215
2026-07-21T03:14:51.890988+00:00,3933.0,35.0,93.19,33.0,1792.40234375,3147.208827473223
2026-07-21T03:14:52.273392+00:00,3933.0,33.0,92.76,33.0,1792.40234375,3147.591231301427
2026-07-21T03:14:52.614002+00:00,3933.0,35.0,94.55,33.0,1792.40234375,3147.9318348243833
2026-07-21T03:14:53.005590+00:00,3933.0,36.0,95.02,33.0,1792.40234375,3148.323429234326
2026-07-21T03:14:53.347016+00:00,3933.0,35.0,95.32,33.0,1792.40234375,3148.664856020361
2026-07-21T03:14:53.686602+00:00,3933.0,34.0,95.25,33.0,1792.40234375,3149.004440382123
2026-07-21T03:14:54.029553+00:00,3933.0,36.0,94.89,33.0,1792.40234375,3149.347391720861
2026-07-21T03:14:54.416473+00:00,3933.0,35.0,95.19,33.0,1792.40234375,3149.7343121282756
2026-07-21T03:14:54.752785+00:00,3933.0,36.0,95.11,33.0,1792.40234375,3150.0706237889826
2026-07-21T03:14:55.110077+00:00,3933.0,36.0,95.32,33.0,1792.40234375,3150.4279165640473
2026-07-21T03:14:55.475102+00:00,3933.0,35.0,95.46,33.0,1792.40234375,3150.79294173792
2026-07-21T03:14:55.815980+00:00,3933.0,36.0,95.61,33.0,1792.40234375,3151.1338189914823
2026-07-21T03:14:56.157393+00:00,3933.0,36.0,95.49,33.0,1792.40234375,3151.4752324670553
2026-07-21T03:14:56.497969+00:00,3933.0,34.0,95.53,33.0,1792.40234375,3151.8158082664013
2026-07-21T03:14:56.837129+00:00,3933.0,36.0,95.51,33.0,1792.40234375,3152.1549682058394
2026-07-21T03:14:57.178199+00:00,3933.0,36.0,95.18,33.0,1792.40234375,3152.4960384331644
2026-07-21T03:14:57.516306+00:00,3933.0,36.0,95.42,33.0,1792.40234375,3152.834145832807
2026-07-21T03:14:57.855635+00:00,3933.0,36.0,95.76,33.0,1792.40234375,3153.173474691808
2026-07-21T03:14:58.171063+00:00,3933.0,36.0,95.66,33.0,1792.40234375,3153.4889019690454
2026-07-21T03:14:58.528267+00:00,3933.0,35.0,95.56,33.0,1792.40234375,3153.8461057916284
2026-07-21T03:14:58.871505+00:00,3933.0,36.0,95.02,33.0,1792.40625,3154.1893417537212
2026-07-21T03:14:59.219515+00:00,3933.0,36.0,95.38,33.0,1792.40625,3154.537353564054
2026-07-21T03:14:59.541154+00:00,3933.0,36.0,95.19,33.0,1792.40625,3154.8589931093156
2026-07-21T03:14:59.882698+00:00,3933.0,36.0,95.3,33.0,1792.40625,3155.2005370408297
2026-07-21T03:15:00.224895+00:00,3933.0,35.0,95.43,33.0,1792.40625,3155.542733285576
2026-07-21T03:15:00.656866+00:00,3933.0,5.0,94.85,33.0,1793.046875,3155.9746993631124
2026-07-21T03:15:00.996596+00:00,3933.0,35.0,94.48,33.0,1793.046875,3156.3144351132214
2026-07-21T03:15:01.317842+00:00,3933.0,35.0,93.82,33.0,1793.046875,3156.635681401938
2026-07-21T03:15:01.657861+00:00,3933.0,35.0,94.13,33.0,1793.046875,3156.975699990988
2026-07-21T03:15:02.000865+00:00,3933.0,34.0,94.02,33.0,1793.046875,3157.318704146892
2026-07-21T03:15:02.342988+00:00,3933.0,36.0,94.28,33.0,1793.046875,3157.660828117281
2026-07-21T03:15:02.663454+00:00,3933.0,35.0,94.02,33.0,1793.046875,3157.981293361634
2026-07-21T03:15:03.044028+00:00,3933.0,35.0,94.63,33.0,1793.046875,3158.361866619438
2026-07-21T03:15:03.385229+00:00,3933.0,35.0,95.14,33.0,1793.046875,3158.7030682228506
2026-07-21T03:15:03.729518+00:00,3933.0,36.0,95.3,33.0,1793.046875,3159.0473575629294
2026-07-21T03:15:04.055170+00:00,3933.0,35.0,94.85,33.0,1793.046875,3159.3730096183717
2026-07-21T03:15:04.423026+00:00,3933.0,35.0,94.9,33.0,1793.046875,3159.7408648468554
2026-07-21T03:15:04.769480+00:00,3933.0,34.0,94.81,33.0,1793.046875,3160.087318703532
2026-07-21T03:15:05.120713+00:00,3933.0,34.0,95.11,33.0,1793.046875,3160.4385511875153
2026-07-21T03:15:05.449350+00:00,3933.0,33.0,94.41,33.0,1793.046875,3160.7671889923513
2026-07-21T03:15:05.797655+00:00,3933.0,35.0,94.53,33.0,1793.046875,3161.115493632853
2026-07-21T03:15:06.141192+00:00,3933.0,34.0,93.92,33.0,1793.046875,3161.459030866623
2026-07-21T03:15:06.510158+00:00,3933.0,8.0,92.35,33.0,1793.0703125,3161.8279961533844
2026-07-21T03:15:06.855767+00:00,3933.0,33.0,92.07,33.0,1793.0703125,3162.173606235534
2026-07-21T03:15:07.244502+00:00,3933.0,34.0,92.31,33.0,1793.0703125,3162.5623401775956
2026-07-21T03:15:07.597810+00:00,3933.0,33.0,94.36,33.0,1793.0703125,3162.9156488515437
2026-07-21T03:15:07.946219+00:00,3933.0,36.0,94.35,33.0,1793.0703125,3163.2640578746796
2026-07-21T03:15:08.290522+00:00,3933.0,35.0,94.46,33.0,1793.0703125,3163.6083616390824
2026-07-21T03:15:08.653153+00:00,3933.0,36.0,94.86,33.0,1793.0703125,3163.9709914512932
2026-07-21T03:15:09.047421+00:00,3933.0,36.0,94.85,33.0,1793.0703125,3164.365259408951
2026-07-21T03:15:09.385305+00:00,3933.0,35.0,94.69,33.0,1793.0703125,3164.703143786639
2026-07-21T03:15:09.744604+00:00,3933.0,35.0,94.73,33.0,1793.0703125,3165.0624436959624
2026-07-21T03:15:10.160066+00:00,3933.0,4.0,93.72,33.0,1793.0859375,3165.4779043495655
2026-07-21T03:15:10.520332+00:00,3933.0,35.0,93.66,33.0,1793.0859375,3165.838171508163
2026-07-21T03:15:10.858222+00:00,3933.0,35.0,93.71,33.0,1793.0859375,3166.176060486585
2026-07-21T03:15:11.206061+00:00,3933.0,36.0,94.47,33.0,1793.0859375,3166.5239006094635
2026-07-21T03:15:11.593067+00:00,3933.0,35.0,94.79,33.0,1793.08984375,3166.910905379802
2026-07-21T03:15:11.913910+00:00,3933.0,35.0,94.22,33.0,1793.08984375,3167.23174925521
2026-07-21T03:15:12.299618+00:00,3933.0,35.0,94.83,33.0,1793.08984375,3167.617456872016
2026-07-21T03:15:12.640465+00:00,3933.0,36.0,94.89,33.0,1793.08984375,3167.9583042003214
2026-07-21T03:15:12.982867+00:00,3933.0,36.0,95.39,33.0,1793.08984375,3168.3007070831954
2026-07-21T03:15:13.320557+00:00,3933.0,35.0,94.86,33.0,1793.08984375,3168.6383963637054
2026-07-21T03:15:13.660139+00:00,3933.0,36.0,94.94,33.0,1793.08984375,3168.9779779054224
2026-07-21T03:15:14.028819+00:00,3933.0,35.0,94.75,33.0,1793.08984375,3169.346658319235
2026-07-21T03:15:14.368819+00:00,3933.0,36.0,94.76,33.0,1793.08984375,3169.6866585947573
2026-07-21T03:15:14.727387+00:00,3933.0,35.0,94.86,33.0,1793.08984375,3170.0452261790633
2026-07-21T03:15:15.088255+00:00,3933.0,35.0,95.29,33.0,1793.08984375,3170.4060938693583
2026-07-21T03:15:15.452567+00:00,3933.0,35.0,95.45,33.0,1793.08984375,3170.7704067975283
2026-07-21T03:15:15.813526+00:00,3933.0,0.0,93.54,33.0,1793.12109375,3171.131364222616
2026-07-21T03:15:16.172700+00:00,3933.0,34.0,93.31,33.0,1793.12109375,3171.490539178252
2026-07-21T03:15:16.535857+00:00,3933.0,35.0,93.02,33.0,1793.12109375,3171.8536957986653
2026-07-21T03:15:16.882418+00:00,3933.0,35.0,94.78,33.0,1793.12109375,3172.2002568356693
2026-07-21T03:15:17.230628+00:00,3933.0,36.0,94.8,33.0,1793.125,3172.5484661720693
2026-07-21T03:15:17.574597+00:00,3933.0,35.0,94.26,33.0,1793.125,3172.8924364112318
2026-07-21T03:15:17.914796+00:00,3933.0,35.0,94.22,33.0,1793.125,3173.232635512948
2026-07-21T03:15:18.353200+00:00,3933.0,36.0,94.18,33.0,1793.125,3173.6710387915373
2026-07-21T03:15:18.679331+00:00,3933.0,35.0,93.48,33.0,1793.140625,3173.997169755399
2026-07-21T03:15:18.999270+00:00,3933.0,35.0,93.54,33.0,1793.140625,3174.3171088807285
2026-07-21T03:15:19.342161+00:00,3933.0,36.0,94.09,33.0,1793.140625,3174.659998793155
2026-07-21T03:15:19.699798+00:00,3933.0,35.0,94.98,33.0,1793.140625,3175.0176367871463
2026-07-21T03:15:20.061940+00:00,3933.0,36.0,95.0,33.0,1793.14453125,3175.379779100418
2026-07-21T03:15:20.425057+00:00,3933.0,35.0,94.97,33.0,1793.14453125,3175.7428969219327
2026-07-21T03:15:20.744305+00:00,3933.0,35.0,94.57,33.0,1793.14453125,3176.062143418938
2026-07-21T03:15:21.086409+00:00,3933.0,35.0,94.32,33.0,1793.14453125,3176.404248151928
2026-07-21T03:15:21.430859+00:00,3933.0,35.0,94.32,33.0,1793.14453125,3176.748697746545
2026-07-21T03:15:21.793297+00:00,3933.0,34.0,94.94,33.0,1793.14453125,3177.1111350506544
2026-07-21T03:15:22.146358+00:00,3933.0,35.0,94.62,33.0,1793.14453125,3177.464196704328
2026-07-21T03:15:22.491313+00:00,3933.0,35.0,94.7,33.0,1793.14453125,3177.8091526664793
2026-07-21T03:15:22.856774+00:00,3933.0,36.0,94.74,33.0,1793.14453125,3178.174613557756
2026-07-21T03:15:23.227339+00:00,3933.0,36.0,94.79,33.0,1793.14453125,3178.5451771505177
2026-07-21T03:15:23.571854+00:00,3933.0,34.0,94.88,33.0,1793.14453125,3178.889693506062
2026-07-21T03:15:23.920438+00:00,3933.0,33.0,94.6,33.0,1793.14453125,3179.238276436925
2026-07-21T03:15:24.271058+00:00,3933.0,36.0,94.78,33.0,1793.14453125,3179.5888969376683
2026-07-21T03:15:24.594298+00:00,3933.0,34.0,94.57,33.0,1793.14453125,3179.912137120962
2026-07-21T03:15:24.964402+00:00,3933.0,35.0,95.19,33.0,1793.14453125,3180.282241154462
2026-07-21T03:15:25.349492+00:00,3933.0,4.0,93.89,33.0,1793.1484375,3180.667329598218
2026-07-21T03:15:25.739507+00:00,3933.0,34.0,93.83,33.0,1793.1484375,3181.057345341891
2026-07-21T03:15:26.082922+00:00,3933.0,34.0,93.39,33.0,1793.1484375,3181.400761075318
2026-07-21T03:15:26.451186+00:00,3933.0,35.0,94.69,33.0,1793.1484375,3181.769024860114
2026-07-21T03:15:26.794633+00:00,3933.0,33.0,94.61,33.0,1793.1484375,3182.1124710068107
2026-07-21T03:15:27.142953+00:00,3933.0,34.0,94.42,33.0,1793.1484375,3182.4607915095985
2026-07-21T03:15:27.491377+00:00,3933.0,34.0,93.95,33.0,1793.1484375,3182.809216171503
2026-07-21T03:15:27.881399+00:00,3933.0,36.0,94.44,33.0,1793.1484375,3183.199237357825
2026-07-21T03:15:28.249574+00:00,3933.0,36.0,94.46,33.0,1793.1484375,3183.5674128718674
2026-07-21T03:15:28.595474+00:00,3933.0,36.0,94.64,33.0,1793.1484375,3183.913312345743
2026-07-21T03:15:28.965128+00:00,3933.0,34.0,94.74,33.0,1793.1484375,3184.2829668931663
2026-07-21T03:15:29.325427+00:00,3933.0,35.0,94.81,33.0,1793.1484375,3184.643265604973
2026-07-21T03:15:29.670175+00:00,3933.0,35.0,94.79,33.0,1793.1484375,3184.9880131930113
2026-07-21T03:15:30.020301+00:00,3933.0,36.0,94.61,33.0,1793.1484375,3185.338140130043
2026-07-21T03:15:30.362827+00:00,3933.0,33.0,94.51,33.0,1793.1484375,3185.680665999651
2026-07-21T03:15:30.702724+00:00,3933.0,33.0,94.62,33.0,1793.1484375,3186.020563457161
2026-07-21T03:15:31.093433+00:00,3933.0,29.0,94.23,33.0,1793.1484375,3186.4112722463906
2026-07-21T03:15:31.430813+00:00,3933.0,35.0,94.11,33.0,1793.1484375,3186.7486522123218
2026-07-21T03:15:31.825097+00:00,3933.0,36.0,94.47,33.0,1793.1484375,3187.1429355964065
2026-07-21T03:15:32.171233+00:00,3933.0,34.0,95.16,33.0,1793.1484375,3187.4890711568296
2026-07-21T03:15:32.548955+00:00,3933.0,0.0,93.63,33.0,1793.22265625,3187.866793066263
2026-07-21T03:15:32.918150+00:00,3933.0,34.0,93.82,33.0,1793.2265625,3188.2359893880785
2026-07-21T03:15:33.263293+00:00,3933.0,35.0,93.68,33.0,1793.2265625,3188.58113225922
2026-07-21T03:15:33.603026+00:00,3933.0,34.0,95.11,33.0,1793.234375,3188.920865096152
2026-07-21T03:15:33.989380+00:00,3933.0,34.0,95.25,33.0,1793.234375,3189.307218529284
2026-07-21T03:15:34.356536+00:00,3933.0,36.0,95.41,33.0,1793.23828125,3189.6743746735156
2026-07-21T03:15:34.692659+00:00,3933.0,34.0,95.23,33.0,1793.23828125,3190.0104979351163
2026-07-21T03:15:35.085288+00:00,3933.0,34.0,95.22,33.0,1793.2421875,3190.4031256996095
2026-07-21T03:15:35.429646+00:00,3933.0,34.0,95.03,33.0,1793.24609375,3190.747484333813
2026-07-21T03:15:35.779151+00:00,3933.0,34.0,94.96,33.0,1793.24609375,3191.0969894193113
2026-07-21T03:15:36.127278+00:00,3933.0,36.0,94.67,33.0,1793.25,3191.44511692971
2026-07-21T03:15:36.467659+00:00,3933.0,35.0,94.84,33.0,1793.25,3191.785497225821
2026-07-21T03:15:36.812941+00:00,3933.0,34.0,94.9,33.0,1793.25,3192.130779661238
2026-07-21T03:15:37.177121+00:00,3933.0,34.0,95.06,33.0,1793.2578125,3192.494959715754
2026-07-21T03:15:37.637635+00:00,3933.0,7.0,93.87,33.0,1793.26171875,3192.9554736874998
2026-07-21T03:15:37.999415+00:00,3933.0,35.0,93.59,33.0,1793.26953125,3193.3172532022
2026-07-21T03:15:38.392657+00:00,3933.0,36.0,93.32,33.0,1793.26953125,3193.7104957550764
2026-07-21T03:15:38.789306+00:00,3933.0,35.0,94.73,33.0,1793.27734375,3194.107145819813
2026-07-21T03:15:39.133431+00:00,3933.0,35.0,94.86,33.0,1793.27734375,3194.4512702673674
2026-07-21T03:15:39.487069+00:00,3933.0,35.0,95.05,33.0,1793.27734375,3194.804908398539
2026-07-21T03:15:39.831028+00:00,3933.0,34.0,94.36,33.0,1793.28515625,3195.148866672069
2026-07-21T03:15:40.192101+00:00,3933.0,34.0,94.38,33.0,1793.28515625,3195.509940162301
2026-07-21T03:15:40.534757+00:00,3933.0,35.0,94.42,33.0,1793.2890625,3195.8525953665376
2026-07-21T03:15:40.883669+00:00,3933.0,34.0,94.52,33.0,1793.2890625,3196.2015076838434
2026-07-21T03:15:41.230655+00:00,3933.0,35.0,94.31,33.0,1793.29296875,3196.548494320363
2026-07-21T03:15:41.574868+00:00,3933.0,35.0,94.17,33.0,1793.296875,3196.8927053399384
2026-07-21T03:15:41.945440+00:00,3933.0,33.0,94.86,33.0,1793.296875,3197.26327765733
2026-07-21T03:15:42.338568+00:00,3933.0,35.0,95.18,33.0,1793.3046875,3197.656406123191
2026-07-21T03:15:42.818035+00:00,3933.0,5.0,93.7,33.0,1793.3125,3198.135873105377
2026-07-21T03:15:43.209430+00:00,3933.0,33.0,93.43,33.0,1793.328125,3198.5272688418627
2026-07-21T03:15:43.559566+00:00,3933.0,34.0,93.43,33.0,1793.328125,3198.877403218299
2026-07-21T03:15:43.925312+00:00,3933.0,34.0,94.69,33.0,1793.328125,3199.243150025606
2026-07-21T03:15:44.318042+00:00,3933.0,35.0,94.46,33.0,1793.33984375,3199.6358812749386
2026-07-21T03:15:44.662703+00:00,3933.0,35.0,93.95,33.0,1793.33984375,3199.9805417992175
2026-07-21T03:15:45.062415+00:00,3933.0,31.0,93.36,33.0,1793.33984375,3200.3802540935576
2026-07-21T03:15:45.406400+00:00,3933.0,33.0,93.53,33.0,1793.33984375,3200.724238522351
2026-07-21T03:15:45.773467+00:00,3933.0,34.0,93.96,33.0,1793.359375,3201.091306000948
2026-07-21T03:15:46.127359+00:00,3933.0,36.0,94.52,33.0,1793.359375,3201.445197403431
2026-07-21T03:15:46.470991+00:00,3933.0,2.0,93.15,33.0,1793.3671875,3201.788828987628
2026-07-21T03:15:46.818149+00:00,3933.0,35.0,92.7,33.0,1793.37109375,3202.1359875127673
2026-07-21T03:15:47.184939+00:00,3933.0,35.0,92.96,33.0,1793.37109375,3202.502777546644
2026-07-21T03:15:47.546367+00:00,3933.0,36.0,94.28,33.0,1793.375,3202.864205278456
2026-07-21T03:15:47.897141+00:00,3933.0,34.0,93.28,33.0,1793.38671875,3203.214978851378
2026-07-21T03:15:48.285902+00:00,3933.0,34.0,93.25,33.0,1793.38671875,3203.603740762919
2026-07-21T03:15:48.634619+00:00,3933.0,35.0,93.32,33.0,1793.40625,3203.9524575844407
2026-07-21T03:15:48.956607+00:00,3933.0,35.0,94.33,33.0,1793.40625,3204.274446159601
2026-07-21T03:15:49.321334+00:00,3933.0,34.0,94.76,33.0,1793.40625,3204.639173068106
2026-07-21T03:15:49.667705+00:00,3933.0,35.0,94.64,33.0,1793.4140625,3204.9855356663465
2026-07-21T03:15:50.016943+00:00,3933.0,33.0,94.83,33.0,1793.4140625,3205.334781933576
2026-07-21T03:15:50.363281+00:00,3933.0,34.0,94.69,33.0,1793.4296875,3205.6811204329133
2026-07-21T03:15:50.762085+00:00,3933.0,36.0,94.7,33.0,1793.4296875,3206.079923801124
2026-07-21T03:15:51.157276+00:00,3933.0,35.0,93.92,33.0,1793.44921875,3206.4751142784953
2026-07-21T03:15:51.503296+00:00,3933.0,36.0,93.95,33.0,1793.44921875,3206.8211304992437
2026-07-21T03:15:51.879992+00:00,3933.0,34.0,94.16,33.0,1793.44921875,3207.197830557823
2026-07-21T03:15:52.254377+00:00,3933.0,36.0,94.52,33.0,1793.45703125,3207.5722149051726
2026-07-21T03:15:52.744623+00:00,3933.0,5.0,94.01,33.0,1793.46484375,3208.06246022135
2026-07-21T03:15:53.091642+00:00,3933.0,35.0,93.62,33.0,1793.4765625,3208.4094811603427
2026-07-21T03:15:53.434419+00:00,3933.0,36.0,93.28,33.0,1793.4765625,3208.7522579431534
2026-07-21T03:15:53.783486+00:00,3933.0,33.0,94.0,33.0,1793.4765625,3209.1013251692057
2026-07-21T03:15:54.234446+00:00,3933.0,36.0,94.28,33.0,1793.4921875,3209.552285235375
2026-07-21T03:15:54.583248+00:00,3933.0,33.0,93.84,33.0,1793.49609375,3209.901086691767
2026-07-21T03:15:54.927138+00:00,3933.0,34.0,93.7,33.0,1793.51171875,3210.2449766919017
2026-07-21T03:15:55.293110+00:00,3933.0,36.0,95.03,33.0,1793.51171875,3210.6109492331743
2026-07-21T03:15:55.663064+00:00,3933.0,0.0,93.46,33.0,1793.515625,3210.980901941657
2026-07-21T03:15:56.020973+00:00,3933.0,34.0,93.24,33.0,1793.52734375,3211.3388121835887
2026-07-21T03:15:56.364310+00:00,3933.0,26.0,92.8,33.0,1793.52734375,3211.6821487359703
2026-07-21T03:15:56.734375+00:00,3933.0,34.0,93.83,33.0,1793.55859375,3212.0522133931518
2026-07-21T03:15:57.101747+00:00,3933.0,36.0,94.2,33.0,1793.55859375,3212.4195859879255
2026-07-21T03:15:57.447843+00:00,3933.0,34.0,94.7,33.0,1793.56640625,3212.765682373196
2026-07-21T03:15:57.795462+00:00,3933.0,33.0,94.35,33.0,1793.578125,3213.113300539553
2026-07-21T03:15:58.142600+00:00,3933.0,36.0,94.24,33.0,1793.578125,3213.4604382403195
2026-07-21T03:15:58.487425+00:00,3933.0,35.0,94.23,33.0,1793.59375,3213.8052639476955
2026-07-21T03:15:58.875291+00:00,3933.0,36.0,94.65,33.0,1793.59375,3214.1931295618415
2026-07-21T03:15:59.219403+00:00,3933.0,34.0,94.68,33.0,1793.6015625,3214.5372420214117
2026-07-21T03:15:59.586359+00:00,3933.0,34.0,94.76,33.0,1793.6171875,3214.9041976444423
2026-07-21T03:15:59.957030+00:00,3933.0,36.0,94.91,33.0,1793.6171875,3215.274867899716
2026-07-21T03:16:00.302258+00:00,3933.0,35.0,94.57,33.0,1793.625,3215.6200973168015
2026-07-21T03:16:00.647833+00:00,3933.0,36.0,94.32,33.0,1793.625,3215.965672016144
2026-07-21T03:16:00.973848+00:00,3933.0,35.0,93.92,33.0,1793.6484375,3216.2916870079935
2026-07-21T03:16:01.342367+00:00,3933.0,34.0,94.24,33.0,1793.6484375,3216.6602055951953
2026-07-21T03:16:01.691291+00:00,3933.0,34.0,94.16,33.0,1793.6484375,3217.009129907936
2026-07-21T03:16:02.131409+00:00,3933.0,3.0,92.8,33.0,1793.66015625,3217.4492482952774
2026-07-21T03:16:02.480290+00:00,3933.0,35.0,93.13,33.0,1793.66015625,3217.7981283590198
2026-07-21T03:16:02.828526+00:00,3933.0,35.0,93.33,33.0,1793.66015625,3218.1463643833995
2026-07-21T03:16:03.167668+00:00,3933.0,32.0,94.13,33.0,1793.66015625,3218.485506784171
2026-07-21T03:16:03.559373+00:00,3933.0,34.0,94.55,33.0,1793.66015625,3218.8772111162543
2026-07-21T03:16:03.978921+00:00,3933.0,34.0,94.23,33.0,1793.66015625,3219.296760082245
2026-07-21T03:16:04.357259+00:00,3933.0,36.0,93.31,33.0,1793.6640625,3219.6750971078873
2026-07-21T03:16:04.711261+00:00,3933.0,36.0,92.94,33.0,1793.6640625,3220.0290994383395
2026-07-21T03:16:05.104416+00:00,3933.0,36.0,94.56,33.0,1793.6640625,3220.422254834324
2026-07-21T03:16:05.456674+00:00,3933.0,36.0,94.17,33.0,1793.6640625,3220.7745127752423
2026-07-21T03:16:05.830648+00:00,3933.0,36.0,94.41,33.0,1793.6640625,3221.1484867073596
2026-07-21T03:16:06.225864+00:00,3933.0,35.0,94.4,33.0,1793.6640625,3221.543702080846
2026-07-21T03:16:06.577139+00:00,3933.0,35.0,94.15,33.0,1793.6640625,3221.8949776031077
2026-07-21T03:16:06.927587+00:00,3933.0,35.0,94.01,33.0,1793.6640625,3222.245425786823
2026-07-21T03:16:07.391499+00:00,3933.0,35.0,93.66,33.0,1793.6640625,3222.7093363441527
2026-07-21T03:16:07.771562+00:00,3933.0,35.0,92.79,33.0,1793.66796875,3223.089399173856
2026-07-21T03:16:08.146484+00:00,3933.0,35.0,92.75,33.0,1793.66796875,3223.4643230848014
2026-07-21T03:16:08.523858+00:00,3933.0,36.0,94.37,33.0,1793.66796875,3223.841696832329
2026-07-21T03:16:08.921263+00:00,3933.0,36.0,93.82,33.0,1793.66796875,3224.239102177322
2026-07-21T03:16:09.316623+00:00,3933.0,36.0,93.72,33.0,1793.66796875,3224.6344617269933
2026-07-21T03:16:09.686088+00:00,3933.0,9.0,92.47,33.0,1793.671875,3225.003925420344
2026-07-21T03:16:10.096995+00:00,3933.0,36.0,92.74,33.0,1793.671875,3225.414833024144
2026-07-21T03:16:10.472293+00:00,3933.0,36.0,92.62,33.0,1793.671875,3225.790131699294
2026-07-21T03:16:10.874883+00:00,3933.0,36.0,93.98,33.0,1793.671875,3226.1927222795784
2026-07-21T03:16:11.246732+00:00,3933.0,36.0,94.19,33.0,1793.671875,3226.564570594579
2026-07-21T03:16:11.618231+00:00,3933.0,36.0,94.27,33.0,1793.671875,3226.936070099473
2026-07-21T03:16:12.018678+00:00,3933.0,36.0,94.12,33.0,1793.671875,3227.3365166410804
2026-07-21T03:16:12.417401+00:00,3933.0,36.0,93.97,33.0,1793.671875,3227.7352390028536
2026-07-21T03:16:12.791527+00:00,3933.0,36.0,93.97,33.0,1793.671875,3228.1093655340374
2026-07-21T03:16:13.185267+00:00,3933.0,36.0,94.1,33.0,1793.671875,3228.50310600549
2026-07-21T03:16:13.558558+00:00,3933.0,35.0,94.24,33.0,1793.671875,3228.876396611333
2026-07-21T03:16:13.956182+00:00,3933.0,0.0,92.7,33.0,1793.67578125,3229.2740200683475
2026-07-21T03:16:14.345764+00:00,3933.0,36.0,92.68,33.0,1793.67578125,3229.663603324443
2026-07-21T03:16:14.717408+00:00,3933.0,36.0,93.01,33.0,1793.67578125,3230.0352472923696
2026-07-21T03:16:15.126642+00:00,3933.0,35.0,94.29,33.0,1793.67578125,3230.44448113814
2026-07-21T03:16:15.470194+00:00,3933.0,35.0,94.82,33.0,1793.67578125,3230.788032915443
2026-07-21T03:16:15.856105+00:00,3933.0,36.0,94.91,33.0,1793.67578125,3231.173944670707
2026-07-21T03:16:16.246296+00:00,3933.0,36.0,95.16,33.0,1793.67578125,3231.564135067165
2026-07-21T03:16:16.596889+00:00,3933.0,33.0,94.74,33.0,1793.67578125,3231.9147275313735
2026-07-21T03:16:16.944228+00:00,3933.0,34.0,94.46,33.0,1793.67578125,3232.2620664425194
2026-07-21T03:16:17.336713+00:00,3933.0,35.0,94.35,33.0,1793.67578125,3232.654552090913
2026-07-21T03:16:17.684355+00:00,3933.0,35.0,94.48,33.0,1793.67578125,3233.0021938979626
2026-07-21T03:16:18.054207+00:00,3933.0,25.0,93.4,33.0,1793.6796875,3233.372045505792
2026-07-21T03:16:18.401006+00:00,3933.0,34.0,93.56,33.0,1793.6796875,3233.7188449800014
2026-07-21T03:16:18.792491+00:00,3933.0,34.0,93.65,33.0,1793.6796875,3234.1103290840983
2026-07-21T03:16:19.135474+00:00,3933.0,36.0,94.58,33.0,1793.6796875,3234.453313369304
2026-07-21T03:16:19.505658+00:00,3933.0,35.0,94.56,33.0,1793.6796875,3234.823497749865
2026-07-21T03:16:19.856205+00:00,3933.0,34.0,94.23,33.0,1793.6796875,3235.1740441955626
2026-07-21T03:16:20.198168+00:00,3933.0,33.0,94.42,33.0,1793.6796875,3235.5160069577396
2026-07-21T03:16:20.548937+00:00,3933.0,35.0,94.71,33.0,1793.6796875,3235.866776227951
2026-07-21T03:16:20.909207+00:00,3933.0,35.0,94.56,33.0,1793.6796875,3236.2270464375615
2026-07-21T03:16:21.298565+00:00,3933.0,36.0,93.91,33.0,1793.68359375,3236.616403501481
2026-07-21T03:16:21.689219+00:00,3933.0,36.0,93.92,33.0,1793.68359375,3237.0070587173104
2026-07-21T03:16:22.031085+00:00,3933.0,35.0,93.79,33.0,1793.68359375,3237.348924394697
2026-07-21T03:16:22.354630+00:00,3933.0,36.0,95.04,33.0,1793.68359375,3237.672469060868
2026-07-21T03:16:22.675959+00:00,3933.0,36.0,94.47,33.0,1793.68359375,3237.9937981665134
2026-07-21T03:16:23.026747+00:00,3933.0,34.0,94.36,33.0,1793.68359375,3238.3445861563087
2026-07-21T03:16:23.374264+00:00,3933.0,36.0,94.03,33.0,1793.68359375,3238.692103251815
2026-07-21T03:16:23.765025+00:00,3933.0,35.0,94.89,33.0,1793.68359375,3239.082863293588
2026-07-21T03:16:24.141784+00:00,3933.0,35.0,95.11,33.0,1793.68359375,3239.459623321891
2026-07-21T03:16:24.485653+00:00,3933.0,28.0,93.67,33.0,1793.6875,3239.803491283208
2026-07-21T03:16:24.835725+00:00,3933.0,35.0,93.38,33.0,1793.6875,3240.153554227203
2026-07-21T03:16:25.162467+00:00,3933.0,33.0,92.88,33.0,1793.6875,3240.4803061261773
2026-07-21T03:16:25.491450+00:00,3933.0,34.0,94.11,33.0,1793.6875,3240.8092885799706
2026-07-21T03:16:25.818326+00:00,3933.0,35.0,94.06,33.0,1793.6875,3241.136164482683
2026-07-21T03:16:26.167244+00:00,3933.0,35.0,94.14,33.0,1793.6875,3241.4850829467177
2026-07-21T03:16:26.515091+00:00,3933.0,35.0,94.17,33.0,1793.6875,3241.832929302007
2026-07-21T03:16:26.863003+00:00,3933.0,36.0,94.72,33.0,1793.6875,3242.1808416992426
2026-07-21T03:16:27.258550+00:00,3933.0,36.0,95.26,33.0,1793.6875,3242.5763873010874
2026-07-21T03:16:27.692500+00:00,3933.0,8.0,93.95,33.0,1793.69140625,3243.010337602347
2026-07-21T03:16:28.040921+00:00,3933.0,35.0,94.17,33.0,1793.69140625,3243.3587601073086
2026-07-21T03:16:28.388995+00:00,3933.0,36.0,94.19,33.0,1793.69140625,3243.7068346254528
2026-07-21T03:16:28.733671+00:00,3933.0,35.0,95.02,33.0,1793.69140625,3244.051509447396
2026-07-21T03:16:29.080130+00:00,3933.0,35.0,95.23,33.0,1793.69140625,3244.3979689218104
2026-07-21T03:16:29.470235+00:00,3933.0,36.0,95.12,33.0,1793.69140625,3244.788074608892
2026-07-21T03:16:29.815378+00:00,3933.0,36.0,95.17,33.0,1793.69140625,3245.133216112852
2026-07-21T03:16:30.139998+00:00,3933.0,36.0,94.86,33.0,1793.69140625,3245.4578366801143
2026-07-21T03:16:30.480124+00:00,3933.0,32.0,93.35,33.0,1793.6953125,3245.797962050885
2026-07-21T03:16:30.822304+00:00,3933.0,35.0,93.15,33.0,1793.6953125,3246.1401432342827
2026-07-21T03:16:31.164202+00:00,3933.0,36.0,93.27,33.0,1793.6953125,3246.482041079551
2026-07-21T03:16:31.554775+00:00,3933.0,34.0,94.78,33.0,1793.6953125,3246.87261383608
2026-07-21T03:16:31.900402+00:00,3933.0,4.0,93.93,33.0,1793.69921875,3247.218239288777
2026-07-21T03:16:32.239662+00:00,3933.0,36.0,94.06,33.0,1793.69921875,3247.5575004331768
2026-07-21T03:16:32.582144+00:00,3933.0,36.0,93.59,33.0,1793.69921875,3247.8999830260873
2026-07-21T03:16:32.953232+00:00,3933.0,35.0,94.7,33.0,1793.69921875,3248.2710697241127
2026-07-21T03:16:33.299686+00:00,3933.0,36.0,95.03,33.0,1793.69921875,3248.617524944246
2026-07-21T03:16:33.648510+00:00,3933.0,34.0,95.0,33.0,1793.69921875,3248.9663492701948
2026-07-21T03:16:33.993039+00:00,3933.0,36.0,94.67,33.0,1793.69921875,3249.3108773194253
2026-07-21T03:16:34.357674+00:00,3933.0,35.0,94.2,33.0,1793.69921875,3249.6755117215216
2026-07-21T03:16:34.753620+00:00,3933.0,36.0,94.44,33.0,1793.69921875,3250.071458429098
2026-07-21T03:16:35.094054+00:00,3933.0,35.0,94.75,33.0,1793.69921875,3250.411892451346
2026-07-21T03:16:35.486910+00:00,3933.0,36.0,94.89,33.0,1793.69921875,3250.8047481775284
2026-07-21T03:16:35.875633+00:00,3933.0,34.0,94.86,33.0,1793.69921875,3251.193471144885
2026-07-21T03:16:36.224658+00:00,3933.0,36.0,94.86,33.0,1793.69921875,3251.5424975305796
2026-07-21T03:16:36.573392+00:00,3933.0,33.0,94.88,33.0,1793.69921875,3251.8912309631705
2026-07-21T03:16:36.942656+00:00,3933.0,34.0,94.57,33.0,1793.69921875,3252.2604943551123
2026-07-21T03:16:37.288528+00:00,3933.0,35.0,93.55,33.0,1793.69921875,3252.606366418302
2026-07-21T03:16:37.678768+00:00,3933.0,33.0,93.99,33.0,1793.69921875,3252.996606077999
2026-07-21T03:16:38.043091+00:00,3933.0,36.0,94.7,33.0,1793.69921875,3253.3609303049743
2026-07-21T03:16:38.382830+00:00,3933.0,36.0,95.64,33.0,1793.69921875,3253.70066909492
2026-07-21T03:16:38.727366+00:00,3933.0,36.0,95.38,33.0,1793.69921875,3254.045205332339
2026-07-21T03:16:39.070493+00:00,3933.0,36.0,95.57,33.0,1793.69921875,3254.3883325196803
2026-07-21T03:16:39.460809+00:00,3933.0,35.0,95.93,33.0,1793.69921875,3254.7786484099925
2026-07-21T03:16:39.800842+00:00,3933.0,35.0,96.02,33.0,1793.69921875,3255.1186813153327
2026-07-21T03:16:40.185094+00:00,3933.0,35.0,95.78,33.0,1793.69921875,3255.5029325969517
2026-07-21T03:16:40.530332+00:00,3933.0,36.0,95.81,33.0,1793.69921875,3255.8481709696352
2026-07-21T03:16:40.971630+00:00,3933.0,13.0,94.19,33.0,1793.703125,3256.2894685715437
2026-07-21T03:16:41.362325+00:00,3933.0,35.0,94.12,33.0,1793.703125,3256.6801639460027
2026-07-21T03:16:41.724063+00:00,3933.0,35.0,93.73,33.0,1793.703125,3257.0419014953077
2026-07-21T03:16:42.093973+00:00,3933.0,35.0,94.81,33.0,1793.703125,3257.4118132032454
2026-07-21T03:16:42.440827+00:00,3933.0,35.0,94.88,33.0,1793.703125,3257.75866516307
2026-07-21T03:16:42.786153+00:00,3933.0,34.0,94.9,33.0,1793.703125,3258.103992346674
2026-07-21T03:16:43.140031+00:00,3933.0,36.0,94.75,33.0,1793.703125,3258.457870069891
2026-07-21T03:16:43.505365+00:00,3933.0,36.0,94.97,33.0,1793.703125,3258.82320529595
2026-07-21T03:16:43.881258+00:00,3933.0,35.0,95.35,33.0,1793.703125,3259.1990978494287
2026-07-21T03:16:44.228696+00:00,3933.0,35.0,95.2,33.0,1793.703125,3259.546535395086
2026-07-21T03:16:44.567834+00:00,3933.0,35.0,94.79,33.0,1793.70703125,3259.885673355311
2026-07-21T03:16:44.933547+00:00,3933.0,7.0,93.04,33.0,1793.71484375,3260.251385245472
2026-07-21T03:16:45.292906+00:00,3933.0,34.0,93.11,33.0,1793.71484375,3260.6107454635203
2026-07-21T03:16:45.661039+00:00,3933.0,35.0,93.19,33.0,1793.71484375,3260.978878222406
2026-07-21T03:16:46.002323+00:00,3933.0,36.0,94.98,33.0,1793.71484375,3261.3201620951295
2026-07-21T03:16:46.347855+00:00,3933.0,36.0,94.53,33.0,1793.71484375,3261.6656938642263
2026-07-21T03:16:46.735514+00:00,3933.0,35.0,95.28,33.0,1793.71484375,3262.053352497518
2026-07-21T03:16:47.165939+00:00,3933.0,0.0,94.01,33.0,1793.71875,3262.483776945621
2026-07-21T03:16:47.512518+00:00,3933.0,35.0,94.0,33.0,1793.71875,3262.830357298255
2026-07-21T03:16:47.851840+00:00,3933.0,36.0,93.65,33.0,1793.71875,3263.1696788333356
2026-07-21T03:16:48.213472+00:00,3933.0,36.0,94.91,33.0,1793.71875,3263.5313114859164
2026-07-21T03:16:48.555540+00:00,3933.0,35.0,94.8,33.0,1793.71875,3263.8733788989484
2026-07-21T03:16:49.012167+00:00,3933.0,10.0,93.56,33.0,1793.72265625,3264.330004874617
2026-07-21T03:16:49.334010+00:00,3933.0,35.0,93.36,33.0,1793.72265625,3264.651848834008
2026-07-21T03:16:49.679279+00:00,3933.0,35.0,93.67,33.0,1793.72265625,3264.997118193656
2026-07-21T03:16:50.028559+00:00,3933.0,36.0,94.39,33.0,1793.72265625,3265.3463984429836
2026-07-21T03:16:50.404198+00:00,3933.0,35.0,94.73,33.0,1793.72265625,3265.722026888281
2026-07-21T03:16:50.753489+00:00,3933.0,35.0,94.39,33.0,1793.72265625,3266.071327891201
2026-07-21T03:16:51.120779+00:00,3933.0,34.0,94.63,33.0,1793.72265625,3266.438617415726
2026-07-21T03:16:51.491992+00:00,3933.0,34.0,94.81,33.0,1793.72265625,3266.8098308704793
2026-07-21T03:16:51.858603+00:00,3933.0,35.0,95.0,33.0,1793.72265625,3267.1764342598617
2026-07-21T03:16:52.204576+00:00,3933.0,35.0,95.07,33.0,1793.72265625,3267.5224155522883
2026-07-21T03:16:52.552577+00:00,3933.0,35.0,94.66,33.0,1793.72265625,3267.870415713638
2026-07-21T03:16:53.001373+00:00,3933.0,3.0,93.54,33.0,1793.7265625,3268.3192110434175
2026-07-21T03:16:53.348444+00:00,3933.0,35.0,93.64,33.0,1793.7265625,3268.666282337159
2026-07-21T03:16:53.722745+00:00,3933.0,35.0,93.76,33.0,1793.7265625,3269.040584053844
2026-07-21T03:16:54.067948+00:00,3933.0,34.0,95.28,33.0,1793.7265625,3269.38578716293
2026-07-21T03:16:54.412226+00:00,3933.0,35.0,94.98,33.0,1793.7265625,3269.730065520853
2026-07-21T03:16:54.890014+00:00,3933.0,11.0,93.79,33.0,1793.73046875,3270.207851409912
2026-07-21T03:16:55.257447+00:00,3933.0,35.0,93.64,33.0,1793.73046875,3270.5752868279815
2026-07-21T03:16:55.604402+00:00,3933.0,35.0,93.82,33.0,1793.73046875,3270.9222407490015
2026-07-21T03:16:55.948073+00:00,3933.0,35.0,94.62,33.0,1793.73046875,3271.2659124471247
2026-07-21T03:16:56.289986+00:00,3933.0,35.0,94.45,33.0,1793.73046875,3271.6078261956573
2026-07-21T03:16:56.679674+00:00,3933.0,36.0,95.11,33.0,1793.73046875,3271.997513908893
2026-07-21T03:16:57.021101+00:00,3933.0,35.0,95.1,33.0,1793.73046875,3272.3389400988817
2026-07-21T03:16:57.360860+00:00,3933.0,36.0,95.45,33.0,1793.73046875,3272.6786998324096
2026-07-21T03:16:57.707586+00:00,3933.0,35.0,94.87,33.0,1793.73046875,3273.025425300002
2026-07-21T03:16:58.049943+00:00,3933.0,35.0,94.65,33.0,1793.73046875,3273.3677818626165
2026-07-21T03:16:58.393863+00:00,3933.0,36.0,94.4,33.0,1793.73046875,3273.7117022648454
2026-07-21T03:16:58.733492+00:00,3933.0,35.0,94.5,33.0,1793.73046875,3274.051331009716
2026-07-21T03:16:59.052462+00:00,3933.0,35.0,94.78,33.0,1793.73046875,3274.3703020997345
2026-07-21T03:16:59.393562+00:00,3933.0,35.0,94.81,33.0,1793.73046875,3274.7114014476538
2026-07-21T03:16:59.735771+00:00,3933.0,34.0,94.91,33.0,1793.73046875,3275.0536099411547
2026-07-21T03:17:00.088965+00:00,3933.0,34.0,94.95,33.0,1793.73046875,3275.4068039655685
2026-07-21T03:17:00.439692+00:00,3933.0,35.0,95.28,33.0,1793.73046875,3275.7575310729444
2026-07-21T03:17:00.806351+00:00,3933.0,35.0,95.25,33.0,1793.73046875,3276.124190721661
2026-07-21T03:17:01.151995+00:00,3933.0,36.0,95.29,33.0,1793.73046875,3276.469833832234
2026-07-21T03:17:01.546160+00:00,3933.0,4.0,94.01,33.0,1793.734375,3276.863992702216
2026-07-21T03:17:01.897474+00:00,3933.0,34.0,93.85,33.0,1793.734375,3277.2153129056096
2026-07-21T03:17:02.246462+00:00,3933.0,35.0,93.65,33.0,1793.734375,3277.564301714301
2026-07-21T03:17:02.592287+00:00,3933.0,35.0,94.35,33.0,1793.734375,3277.910126145929
2026-07-21T03:17:02.930421+00:00,3933.0,36.0,94.39,33.0,1793.734375,3278.2482605800033
2026-07-21T03:17:03.346389+00:00,3933.0,0.0,93.75,33.0,1793.7421875,3278.6642267778516
2026-07-21T03:17:03.690532+00:00,3933.0,35.0,93.79,33.0,1793.7421875,3279.0083706118166
2026-07-21T03:17:04.035730+00:00,3933.0,36.0,93.58,33.0,1793.7421875,3279.3535696193576
2026-07-21T03:17:04.400296+00:00,3933.0,35.0,94.96,33.0,1793.7421875,3279.7181355170906
2026-07-21T03:17:04.738054+00:00,3933.0,35.0,94.99,33.0,1793.7421875,3280.055893179029
2026-07-21T03:17:05.184116+00:00,3933.0,36.0,94.49,33.0,1793.7421875,3280.5019553489983
