timestamp,gpu_memory_used_mb,gpu_utilization_pct,power_draw_w,temperature_c,process_rss_mb,elapsed_seconds
2026-07-20T03:59:28.699633+00:00,4.0,0.0,50.14,37.0,519.5625,0.23600130528211594
2026-07-20T03:59:29.026417+00:00,4.0,0.0,50.14,37.0,598.2578125,0.5627862997353077
2026-07-20T03:59:29.365573+00:00,4.0,0.0,50.15,37.0,617.95703125,0.9019421450793743
2026-07-20T03:59:29.646094+00:00,4.0,0.0,50.13,37.0,620.78125,1.1824641562998295
2026-07-20T03:59:30.042140+00:00,4.0,0.0,50.13,37.0,657.23046875,1.578509271144867
2026-07-20T03:59:30.341020+00:00,4.0,0.0,50.13,37.0,663.140625,1.8773913942277431
2026-07-20T03:59:30.655866+00:00,4.0,0.0,50.13,37.0,741.09765625,2.192235518246889
2026-07-20T03:59:30.967860+00:00,4.0,0.0,50.12,37.0,759.95703125,2.5042297057807446
2026-07-20T03:59:31.395480+00:00,4.0,0.0,50.12,37.0,836.45703125,2.9318379275500774
2026-07-20T03:59:31.707917+00:00,4.0,0.0,50.12,37.0,868.55859375,3.2442835085093975
2026-07-20T03:59:32.059590+00:00,905.0,8.0,58.7,38.0,1428.4375,3.595958575606346
2026-07-20T03:59:32.375443+00:00,2059.0,8.0,68.25,38.0,2490.6875,3.9118122830986977
2026-07-20T03:59:32.695962+00:00,3213.0,8.0,77.79,39.0,3557.75,4.232331935316324
2026-07-20T03:59:33.130750+00:00,3677.0,1.0,80.46,39.0,1008.30078125,4.667118068784475
2026-07-20T03:59:33.431072+00:00,3831.0,1.0,80.44,39.0,1427.08984375,4.967439755797386
2026-07-20T03:59:33.729045+00:00,4035.0,44.0,92.04,41.0,1754.29296875,5.265412852168083
2026-07-20T03:59:34.029356+00:00,4037.0,41.0,98.34,40.0,1756.046875,5.56572537496686
2026-07-20T03:59:34.330330+00:00,4037.0,41.0,106.01,41.0,1756.046875,5.866699617356062
2026-07-20T03:59:34.629953+00:00,4037.0,42.0,104.26,41.0,1756.046875,6.166323401033878
2026-07-20T03:59:34.906230+00:00,4037.0,42.0,107.05,41.0,1756.046875,6.442599713802338
2026-07-20T03:59:35.205082+00:00,4037.0,41.0,107.53,41.0,1756.16796875,6.741451401263475
2026-07-20T03:59:35.505063+00:00,4037.0,42.0,107.99,42.0,1756.16796875,7.041432663798332
2026-07-20T03:59:35.782276+00:00,4037.0,42.0,108.29,42.0,1756.16796875,7.318646389991045
2026-07-20T03:59:36.100086+00:00,4037.0,41.0,108.99,42.0,1756.16796875,7.636456772685051
2026-07-20T03:59:36.402408+00:00,4067.0,42.0,109.18,42.0,1756.16796875,7.938778430223465
2026-07-20T03:59:36.701777+00:00,4067.0,41.0,109.66,42.0,1756.16796875,8.238146856427193
2026-07-20T03:59:37.001404+00:00,4067.0,44.0,109.87,43.0,1756.16796875,8.53777388855815
2026-07-20T03:59:37.301575+00:00,4097.0,42.0,110.18,43.0,1756.171875,8.837942957878113
2026-07-20T03:59:37.601156+00:00,4097.0,43.0,110.57,43.0,1756.3671875,9.13751332089305
2026-07-20T03:59:37.923469+00:00,4097.0,44.0,111.27,43.0,1756.3671875,9.459839008748531
2026-07-20T03:59:38.220836+00:00,4097.0,44.0,111.96,43.0,1756.3671875,9.757203992456198
2026-07-20T03:59:38.522086+00:00,4127.0,44.0,112.54,44.0,1756.3671875,10.058455564081669
2026-07-20T03:59:38.864590+00:00,4127.0,43.0,112.6,44.0,1756.3671875,10.400959338992834
2026-07-20T03:59:39.182667+00:00,4127.0,44.0,113.06,44.0,1756.3671875,10.719036899507046
2026-07-20T03:59:39.481228+00:00,4127.0,44.0,113.64,44.0,1756.3671875,11.017597503960133
2026-07-20T03:59:39.779004+00:00,4127.0,45.0,114.57,44.0,1756.6328125,11.315373864024878
2026-07-20T03:59:40.077834+00:00,4127.0,45.0,115.13,44.0,1756.6328125,11.61420427635312
2026-07-20T03:59:40.361391+00:00,4157.0,46.0,115.33,44.0,1762.29296875,11.89776173979044
2026-07-20T03:59:40.724251+00:00,6267.0,35.0,126.4,46.0,1838.77734375,12.260620322078466
2026-07-20T03:59:41.048338+00:00,6271.0,59.0,159.86,48.0,1838.9765625,12.584707420319319
2026-07-20T03:59:41.349192+00:00,6293.0,55.0,186.2,49.0,1914.5625,12.885562215000391
2026-07-20T03:59:41.691526+00:00,6293.0,42.0,177.21,47.0,1914.57421875,13.227895881980658
2026-07-20T03:59:42.010980+00:00,6293.0,42.0,143.42,46.0,1914.57421875,13.547350201755762
2026-07-20T03:59:42.305697+00:00,6293.0,42.0,119.25,46.0,1914.57421875,13.842066373676062
2026-07-20T03:59:42.581922+00:00,6293.0,43.0,109.47,46.0,1914.58984375,14.118291568011045
2026-07-20T03:59:42.882157+00:00,6293.0,43.0,109.56,46.0,1914.609375,14.418525099754333
2026-07-20T03:59:43.181920+00:00,6293.0,43.0,109.89,46.0,1914.609375,14.718289073556662
2026-07-20T03:59:43.480353+00:00,6293.0,43.0,110.3,46.0,1914.61328125,15.01672276854515
2026-07-20T03:59:43.780729+00:00,6293.0,43.0,110.66,46.0,1914.6328125,15.317098673433065
2026-07-20T03:59:44.079126+00:00,6293.0,43.0,110.97,46.0,1914.6328125,15.615496821701527
2026-07-20T03:59:44.370622+00:00,6293.0,43.0,111.44,46.0,1914.640625,15.90699241682887
2026-07-20T03:59:44.689216+00:00,6293.0,43.0,112.09,46.0,1914.6484375,16.225587282329798
2026-07-20T03:59:45.046822+00:00,6293.0,43.0,112.6,46.0,1914.6484375,16.58319177106023
2026-07-20T03:59:45.345407+00:00,6293.0,43.0,112.91,46.0,1914.6640625,16.881776552647352
2026-07-20T03:59:45.693422+00:00,6293.0,44.0,113.32,46.0,1914.6640625,17.22979061305523
2026-07-20T03:59:46.016843+00:00,6293.0,44.0,113.86,46.0,1914.671875,17.553211603313684
2026-07-20T03:59:46.340174+00:00,6293.0,45.0,114.54,46.0,1914.67578125,17.876543153077364
2026-07-20T03:59:46.664380+00:00,6293.0,45.0,115.21,46.0,1914.67578125,18.200749821960926
2026-07-20T03:59:46.989135+00:00,6293.0,44.0,123.15,47.0,1916.69140625,18.525504142045975
2026-07-20T03:59:47.316889+00:00,6305.0,56.0,155.17,50.0,1916.69140625,18.853258583694696
2026-07-20T03:59:47.620680+00:00,6305.0,69.0,186.37,51.0,1917.10546875,19.15704883262515
2026-07-20T03:59:47.946925+00:00,6305.0,40.0,180.5,49.0,1917.10546875,19.48329371213913
2026-07-20T03:59:48.268606+00:00,6305.0,41.0,149.3,48.0,1917.10546875,19.804974991828203
2026-07-20T03:59:48.570367+00:00,6305.0,40.0,118.16,48.0,1917.10546875,20.106737077236176
2026-07-20T03:59:48.869712+00:00,6305.0,41.0,109.11,47.0,1917.12109375,20.406081825494766
2026-07-20T03:59:49.167759+00:00,6305.0,42.0,109.51,47.0,1917.125,20.704129423946142
2026-07-20T03:59:49.491766+00:00,6305.0,43.0,109.7,47.0,1917.125,21.028136607259512
2026-07-20T03:59:49.791007+00:00,6305.0,41.0,109.46,47.0,1917.12890625,21.32737671211362
2026-07-20T03:59:50.116980+00:00,6305.0,42.0,109.51,47.0,1917.12890625,21.65334815531969
2026-07-20T03:59:50.417776+00:00,6305.0,42.0,109.54,47.0,1917.1328125,21.95414349809289
2026-07-20T03:59:50.721276+00:00,6305.0,42.0,109.58,47.0,1917.14453125,22.257639665156603
2026-07-20T03:59:50.999047+00:00,6305.0,42.0,109.61,47.0,1917.14453125,22.535405315458775
2026-07-20T03:59:51.299249+00:00,6305.0,42.0,109.83,47.0,1917.14453125,22.835618395358324
2026-07-20T03:59:51.574317+00:00,6305.0,42.0,110.13,47.0,1917.1484375,23.110687471926212
2026-07-20T03:59:51.874814+00:00,6305.0,42.0,110.69,47.0,1917.1484375,23.411178924143314
2026-07-20T03:59:52.169788+00:00,6305.0,42.0,111.15,47.0,1917.16015625,23.706158313900232
2026-07-20T03:59:52.470498+00:00,6305.0,42.0,111.52,47.0,1917.16796875,24.00686713680625
2026-07-20T03:59:52.766834+00:00,6305.0,42.0,112.18,47.0,1917.16796875,24.303204365074635
2026-07-20T03:59:53.062966+00:00,6305.0,43.0,112.68,47.0,1917.171875,24.5993370115757
2026-07-20T03:59:53.336776+00:00,6305.0,43.0,112.77,47.0,1917.1875,24.87314621731639
2026-07-20T03:59:53.610497+00:00,6305.0,43.0,113.03,47.0,1917.1875,25.146868236362934
2026-07-20T03:59:53.884799+00:00,6305.0,44.0,113.47,47.0,1917.19140625,25.421169735491276
2026-07-20T03:59:54.208283+00:00,6305.0,56.0,129.47,49.0,1919.06640625,25.74465275928378
2026-07-20T03:59:54.509547+00:00,6307.0,68.0,160.1,51.0,1919.06640625,26.045917071402073
2026-07-20T03:59:54.804052+00:00,6307.0,54.0,185.85,52.0,1919.828125,26.3404223844409
2026-07-20T03:59:55.127459+00:00,6307.0,41.0,175.15,50.0,1919.828125,26.663829796016216
2026-07-20T03:59:55.423724+00:00,6307.0,41.0,143.24,49.0,1919.828125,26.9600949883461
2026-07-20T03:59:55.698811+00:00,6307.0,41.0,116.76,49.0,1919.828125,27.235181715339422
2026-07-20T03:59:56.014113+00:00,6307.0,41.0,109.69,48.0,1919.83984375,27.55048305541277
2026-07-20T03:59:56.314057+00:00,6307.0,41.0,109.9,48.0,1919.83984375,27.850425951182842
2026-07-20T03:59:56.632154+00:00,6307.0,41.0,110.21,48.0,1919.83984375,28.168523333966732
2026-07-20T03:59:56.910586+00:00,6307.0,42.0,110.23,48.0,1919.84765625,28.44695621356368
2026-07-20T03:59:57.230024+00:00,6307.0,42.0,110.32,48.0,1919.84765625,28.766394335776567
2026-07-20T03:59:57.506900+00:00,6307.0,43.0,110.53,48.0,1919.84765625,29.043270014226437
2026-07-20T03:59:57.826936+00:00,6307.0,43.0,110.98,48.0,1919.8515625,29.363305870443583
2026-07-20T03:59:58.123785+00:00,6307.0,44.0,111.16,48.0,1919.8515625,29.660156190395355
2026-07-20T03:59:58.400585+00:00,6307.0,43.0,111.14,48.0,1919.85546875,29.93695541098714
2026-07-20T03:59:58.678572+00:00,6307.0,42.0,111.33,48.0,1919.8671875,30.21494133770466
2026-07-20T03:59:58.954776+00:00,6307.0,43.0,111.74,48.0,1919.8671875,30.49114589765668
2026-07-20T03:59:59.251217+00:00,6307.0,40.0,111.88,48.0,1919.87109375,30.78758555278182
2026-07-20T03:59:59.547609+00:00,6307.0,42.0,112.42,48.0,1919.87890625,31.083978720009327
2026-07-20T03:59:59.822751+00:00,6307.0,43.0,112.58,48.0,1919.87890625,31.359121903777122
2026-07-20T04:00:00.110968+00:00,6307.0,43.0,113.11,48.0,1919.88671875,31.647337317466736
2026-07-20T04:00:00.410444+00:00,6307.0,43.0,113.88,48.0,1919.89453125,31.946814138442278
2026-07-20T04:00:00.733484+00:00,6307.0,44.0,114.64,48.0,1919.89453125,32.269852947443724
2026-07-20T04:00:01.056475+00:00,6307.0,42.0,114.64,48.0,1919.90625,32.59284391626716
2026-07-20T04:00:01.377780+00:00,6307.0,28.0,112.59,48.0,1920.51171875,32.91414922848344
2026-07-20T04:00:01.675175+00:00,6307.0,64.0,142.24,51.0,1921.12109375,33.21154502034187
2026-07-20T04:00:01.993102+00:00,6307.0,58.0,175.34,52.0,1921.12109375,33.52947146445513
2026-07-20T04:00:02.315356+00:00,6307.0,41.0,189.27,51.0,1922.05859375,33.85172659158707
2026-07-20T04:00:02.635654+00:00,6307.0,39.0,165.29,50.0,1922.06640625,34.17202204838395
2026-07-20T04:00:02.938166+00:00,6307.0,40.0,132.59,50.0,1922.078125,34.474535785615444
2026-07-20T04:00:03.234671+00:00,6307.0,41.0,109.21,49.0,1922.078125,34.771026495844126
2026-07-20T04:00:03.527359+00:00,6307.0,41.0,109.56,49.0,1922.0859375,35.06372980028391
2026-07-20T04:00:03.823552+00:00,6307.0,42.0,109.84,49.0,1922.09375,35.35992248728871
2026-07-20T04:00:04.118526+00:00,6307.0,42.0,110.37,49.0,1922.09375,35.654896184802055
2026-07-20T04:00:04.460477+00:00,6307.0,41.0,110.48,49.0,1922.109375,35.996843948960304
2026-07-20T04:00:04.759739+00:00,6307.0,41.0,110.66,49.0,1922.109375,36.29611023887992
2026-07-20T04:00:05.080949+00:00,6307.0,41.0,110.43,49.0,1922.109375,36.61731779202819
2026-07-20T04:00:05.381266+00:00,6307.0,42.0,110.7,49.0,1922.11328125,36.91763563081622
2026-07-20T04:00:05.679248+00:00,6307.0,42.0,110.89,49.0,1922.11328125,37.215619049966335
2026-07-20T04:00:05.953599+00:00,6307.0,43.0,111.42,49.0,1922.1171875,37.4899696521461
2026-07-20T04:00:06.274235+00:00,6307.0,42.0,111.78,49.0,1922.12890625,37.810605965554714
2026-07-20T04:00:06.549158+00:00,6307.0,42.0,112.25,49.0,1922.12890625,38.08552849665284
2026-07-20T04:00:06.841084+00:00,6307.0,43.0,112.55,49.0,1922.1328125,38.37745526432991
2026-07-20T04:00:07.140653+00:00,6307.0,43.0,112.9,49.0,1922.14453125,38.677023101598024
2026-07-20T04:00:07.442344+00:00,6307.0,42.0,113.27,49.0,1922.14453125,38.97871320694685
2026-07-20T04:00:07.742519+00:00,6307.0,43.0,113.52,49.0,1922.15234375,39.27888893336058
2026-07-20T04:00:08.039187+00:00,6307.0,51.0,127.46,51.0,1924.125,39.57555640116334
2026-07-20T04:00:08.315829+00:00,6307.0,57.0,154.46,52.0,1924.125,39.85219980031252
2026-07-20T04:00:08.635229+00:00,6307.0,65.0,181.85,52.0,1924.70703125,40.1715991422534
2026-07-20T04:00:08.933178+00:00,6307.0,41.0,175.71,51.0,1924.70703125,40.46954730153084
2026-07-20T04:00:09.234923+00:00,6307.0,40.0,150.13,50.0,1924.70703125,40.77129239588976
2026-07-20T04:00:09.530176+00:00,6307.0,41.0,120.82,50.0,1924.70703125,41.06654546409845
2026-07-20T04:00:09.807690+00:00,6307.0,42.0,110.55,50.0,1924.70703125,41.34406119585037
2026-07-20T04:00:10.099071+00:00,6307.0,42.0,110.81,49.0,1924.7109375,41.63544189929962
2026-07-20T04:00:10.398462+00:00,6307.0,42.0,111.16,49.0,1924.7109375,41.93483308702707
2026-07-20T04:00:10.691481+00:00,6307.0,42.0,110.99,49.0,1924.7109375,42.227851554751396
2026-07-20T04:00:10.987245+00:00,6307.0,42.0,111.35,49.0,1924.7109375,42.523616041988134
2026-07-20T04:00:11.286054+00:00,6307.0,41.0,111.07,49.0,1924.7109375,42.82242376357317
2026-07-20T04:00:11.600386+00:00,6307.0,44.0,111.39,49.0,1924.71484375,43.13675547018647
2026-07-20T04:00:11.878432+00:00,6307.0,42.0,111.39,49.0,1924.71484375,43.414801109582186
2026-07-20T04:00:12.174944+00:00,6307.0,43.0,111.91,49.0,1924.71484375,43.71131428331137
2026-07-20T04:00:12.466929+00:00,6307.0,42.0,112.53,49.0,1924.71875,44.00329903513193
2026-07-20T04:00:12.741830+00:00,6307.0,43.0,112.78,49.0,1924.71875,44.27820002287626
2026-07-20T04:00:13.035022+00:00,6307.0,43.0,113.32,49.0,1924.71875,44.57139255478978
2026-07-20T04:00:13.373880+00:00,6307.0,42.0,113.62,49.0,1924.7265625,44.91025013104081
2026-07-20T04:00:13.666733+00:00,6307.0,43.0,114.44,49.0,1924.7265625,45.20310286805034
2026-07-20T04:00:13.967171+00:00,6307.0,42.0,114.21,49.0,1924.7265625,45.50353726372123
2026-07-20T04:00:14.270484+00:00,6307.0,44.0,114.7,49.0,1924.74609375,45.806853253394365
2026-07-20T04:00:14.568161+00:00,6307.0,43.0,114.99,49.0,1924.74609375,46.10453116893768
2026-07-20T04:00:14.881873+00:00,6307.0,44.0,115.57,49.0,1924.75390625,46.41824362054467
2026-07-20T04:00:15.175951+00:00,6307.0,44.0,116.4,49.0,1924.765625,46.71232134103775
2026-07-20T04:00:15.516216+00:00,6307.0,41.0,116.62,49.0,1924.765625,47.05258560180664
2026-07-20T04:00:15.818225+00:00,6307.0,40.0,115.99,49.0,1924.76953125,47.35459411889315
2026-07-20T04:00:16.140865+00:00,6307.0,44.0,115.5,49.0,1924.76953125,47.6772338822484
2026-07-20T04:00:16.460519+00:00,6307.0,43.0,115.87,49.0,1924.7734375,47.996887162327766
2026-07-20T04:00:16.762175+00:00,6307.0,45.0,116.51,49.0,1924.79296875,48.298544164747
2026-07-20T04:00:17.080836+00:00,6307.0,44.0,118.17,49.0,1924.79296875,48.617205794900656
2026-07-20T04:00:17.378707+00:00,6307.0,45.0,118.53,49.0,1924.796875,48.91507610306144
2026-07-20T04:00:17.679368+00:00,6307.0,18.0,118.29,49.0,1927.1953125,49.215725883841515
2026-07-20T04:00:17.973946+00:00,8687.0,90.0,157.51,53.0,1928.34765625,49.51031567156315
2026-07-20T04:00:18.290721+00:00,8687.0,80.0,200.83,56.0,1928.35546875,49.8270901478827
2026-07-20T04:00:18.569043+00:00,8687.0,40.0,215.79,53.0,1928.5703125,50.105411890894175
2026-07-20T04:00:18.884813+00:00,8687.0,41.0,190.0,52.0,1928.59375,50.421182166785
2026-07-20T04:00:19.182279+00:00,8687.0,41.0,143.48,51.0,1928.62109375,50.71864825487137
2026-07-20T04:00:19.478132+00:00,8687.0,40.0,111.45,51.0,1928.6328125,51.01450027152896
2026-07-20T04:00:19.777173+00:00,8687.0,40.0,111.23,51.0,1928.65234375,51.313540264964104
2026-07-20T04:00:20.066075+00:00,8687.0,41.0,110.92,50.0,1928.66015625,51.60244394466281
2026-07-20T04:00:20.345790+00:00,8687.0,42.0,111.33,50.0,1928.671875,51.88215811178088
2026-07-20T04:00:20.624009+00:00,8687.0,42.0,111.56,50.0,1928.671875,52.160378232598305
2026-07-20T04:00:20.900716+00:00,8687.0,42.0,111.53,50.0,1928.67578125,52.43708644062281
2026-07-20T04:00:21.176904+00:00,8687.0,43.0,111.92,50.0,1928.69140625,52.713274508714676
2026-07-20T04:00:21.451886+00:00,8687.0,43.0,112.29,50.0,1928.69140625,52.98825689777732
2026-07-20T04:00:21.726431+00:00,8687.0,42.0,112.88,50.0,1928.703125,53.26280088350177
2026-07-20T04:00:22.020647+00:00,8687.0,43.0,113.32,50.0,1928.71875,53.557017274200916
2026-07-20T04:00:22.296521+00:00,8687.0,43.0,113.62,50.0,1928.71875,53.832890436053276
2026-07-20T04:00:22.594638+00:00,8687.0,42.0,113.89,50.0,1928.7265625,54.131007730960846
2026-07-20T04:00:22.871129+00:00,8687.0,44.0,114.07,50.0,1928.73828125,54.40749845653772
2026-07-20T04:00:23.167072+00:00,8687.0,44.0,114.17,50.0,1928.73828125,54.703441705554724
2026-07-20T04:00:23.442227+00:00,8687.0,44.0,114.61,50.0,1928.74609375,54.978597827255726
2026-07-20T04:00:23.717049+00:00,8687.0,44.0,115.34,50.0,1928.75,55.253420043736696
2026-07-20T04:00:24.031146+00:00,8687.0,43.0,115.73,50.0,1928.75,55.567515794187784
2026-07-20T04:00:24.325941+00:00,8687.0,43.0,115.89,50.0,1928.76171875,55.862310487776995
2026-07-20T04:00:24.645559+00:00,8687.0,44.0,115.85,50.0,1928.76171875,56.18192767724395
2026-07-20T04:00:24.944679+00:00,8687.0,45.0,116.52,50.0,1928.76171875,56.48104888945818
2026-07-20T04:00:25.239219+00:00,8687.0,44.0,117.29,50.0,1928.77734375,56.77558919042349
2026-07-20T04:00:25.514504+00:00,8687.0,45.0,117.98,50.0,1928.77734375,57.050874173641205
2026-07-20T04:00:25.789554+00:00,8687.0,45.0,118.44,50.0,1928.77734375,57.32592470571399
2026-07-20T04:00:26.124091+00:00,8687.0,47.0,118.64,50.0,1928.80078125,57.660461105406284
2026-07-20T04:00:26.420383+00:00,8687.0,45.0,119.13,50.0,1928.80078125,57.95675254613161
2026-07-20T04:00:26.718009+00:00,8687.0,46.0,119.82,50.0,1928.80078125,58.25437871366739
2026-07-20T04:00:27.013959+00:00,8687.0,47.0,120.61,50.0,1928.8125,58.550329089164734
2026-07-20T04:00:27.293432+00:00,8687.0,47.0,120.15,50.0,1929.03125,58.82980224117637
2026-07-20T04:00:27.594752+00:00,8687.0,73.0,147.3,53.0,1930.59375,59.1311219856143
2026-07-20T04:00:27.903609+00:00,8687.0,78.0,187.56,55.0,1930.609375,59.439979039132595
2026-07-20T04:00:28.247646+00:00,8687.0,41.0,213.7,55.0,1931.95703125,59.78401613980532
2026-07-20T04:00:28.542821+00:00,8687.0,42.0,196.25,53.0,1931.9609375,60.0791918002069
2026-07-20T04:00:28.889620+00:00,8687.0,42.0,144.08,52.0,1931.96484375,60.425989124923944
2026-07-20T04:00:29.186581+00:00,8687.0,43.0,112.82,52.0,1931.984375,60.722950737923384
2026-07-20T04:00:29.465301+00:00,8687.0,43.0,113.19,51.0,1932.0078125,61.0016718916595
2026-07-20T04:00:29.766359+00:00,8687.0,43.0,113.09,51.0,1932.0078125,61.30272760242224
2026-07-20T04:00:30.086550+00:00,8687.0,42.0,113.33,51.0,1932.01171875,61.62291892245412
2026-07-20T04:00:30.382803+00:00,8687.0,41.0,113.15,51.0,1932.03125,61.91917187720537
2026-07-20T04:00:30.720962+00:00,8687.0,42.0,113.33,51.0,1932.03125,62.257331520318985
2026-07-20T04:00:31.041894+00:00,8687.0,42.0,113.64,51.0,1932.046875,62.57826319336891
2026-07-20T04:00:31.338437+00:00,8687.0,41.0,113.81,51.0,1932.046875,62.874806970357895
2026-07-20T04:00:31.672499+00:00,8687.0,43.0,114.37,51.0,1932.046875,63.20886792987585
2026-07-20T04:00:31.989019+00:00,8687.0,42.0,114.58,50.0,1932.0859375,63.525389052927494
2026-07-20T04:00:32.287431+00:00,8687.0,43.0,114.8,50.0,1932.0859375,63.82380098104477
2026-07-20T04:00:32.586490+00:00,8687.0,43.0,115.25,50.0,1932.0859375,64.12285858392715
2026-07-20T04:00:32.920538+00:00,8687.0,43.0,116.03,50.0,1932.109375,64.45690705999732
2026-07-20T04:00:33.219679+00:00,8687.0,42.0,116.45,50.0,1932.109375,64.75604806467891
2026-07-20T04:00:33.556803+00:00,8687.0,34.0,114.43,50.0,1932.11328125,65.09317130222917
2026-07-20T04:00:33.853983+00:00,8687.0,44.0,114.54,50.0,1932.12890625,65.3903518691659
2026-07-20T04:00:34.188889+00:00,8687.0,43.0,115.06,50.0,1932.12890625,65.72525754198432
2026-07-20T04:00:34.490358+00:00,8687.0,43.0,117.46,50.0,1932.13671875,66.02672727406025
2026-07-20T04:00:34.834903+00:00,8687.0,44.0,118.14,50.0,1932.15234375,66.37127248570323
2026-07-20T04:00:35.146223+00:00,8687.0,46.0,118.97,50.0,1932.15234375,66.68259305506945
2026-07-20T04:00:35.446696+00:00,8687.0,45.0,119.64,50.0,1932.19921875,66.98306540027261
2026-07-20T04:00:35.747003+00:00,8687.0,46.0,120.21,50.0,1932.19921875,67.28334918618202
2026-07-20T04:00:36.046621+00:00,8687.0,47.0,120.72,50.0,1932.19921875,67.58299096673727
2026-07-20T04:00:36.360729+00:00,8687.0,44.0,120.96,50.0,1932.21875,67.89709827303886
2026-07-20T04:00:36.658393+00:00,8687.0,44.0,121.04,50.0,1932.21875,68.19476033747196
2026-07-20T04:00:36.973261+00:00,8687.0,46.0,121.47,51.0,1932.22265625,68.50963045656681
2026-07-20T04:00:37.278245+00:00,8687.0,33.0,127.55,52.0,1933.515625,68.81461376696825
2026-07-20T04:00:37.598602+00:00,8687.0,84.0,168.45,55.0,1933.96875,69.13497204706073
2026-07-20T04:00:37.912897+00:00,8687.0,86.0,215.88,56.0,1934.109375,69.44926744699478
2026-07-20T04:00:38.208957+00:00,8687.0,2.0,207.63,53.0,1968.08203125,69.74532683938742
2026-07-20T04:00:38.506825+00:00,8689.0,92.0,191.21,55.0,1969.73828125,70.04319121688604
2026-07-20T04:00:38.825814+00:00,8689.0,44.0,141.87,53.0,1969.73828125,70.36217741295695
2026-07-20T04:00:39.126710+00:00,8689.0,44.0,133.13,52.0,1969.73828125,70.66307881101966
2026-07-20T04:00:39.440428+00:00,8689.0,43.0,125.53,52.0,1969.73828125,70.97679702565074
2026-07-20T04:00:39.739032+00:00,8689.0,46.0,118.66,52.0,1969.73828125,71.27540161833167
2026-07-20T04:00:40.069575+00:00,8689.0,45.0,119.37,52.0,1969.74609375,71.60593583807349
2026-07-20T04:00:40.389182+00:00,8689.0,46.0,119.4,52.0,1969.74609375,71.92555125802755
2026-07-20T04:00:40.686405+00:00,8689.0,44.0,119.78,52.0,1969.74609375,72.22277443110943
2026-07-20T04:00:41.020844+00:00,8689.0,44.0,120.43,52.0,1969.75,72.55721356719732
2026-07-20T04:00:41.364878+00:00,8689.0,45.0,120.92,51.0,1969.75,72.90124675258994
2026-07-20T04:00:41.662957+00:00,8689.0,44.0,121.14,51.0,1969.75390625,73.19932625442743
2026-07-20T04:00:41.979974+00:00,8689.0,44.0,121.25,51.0,1969.75390625,73.5163419879973
2026-07-20T04:00:42.285938+00:00,8689.0,46.0,121.36,51.0,1969.75390625,73.82227440550923
2026-07-20T04:00:42.625026+00:00,8689.0,46.0,121.74,51.0,1969.75390625,74.16139580309391
2026-07-20T04:00:42.948554+00:00,8689.0,45.0,121.82,51.0,1969.75390625,74.48492413759232
2026-07-20T04:00:43.249801+00:00,8689.0,44.0,122.36,51.0,1969.75390625,74.78617091104388
2026-07-20T04:00:43.551519+00:00,8689.0,47.0,123.21,51.0,1969.75390625,75.08788853883743
2026-07-20T04:00:43.854710+00:00,8689.0,47.0,123.34,51.0,1969.75390625,75.39108020812273
2026-07-20T04:00:44.173037+00:00,8689.0,46.0,124.34,51.0,1969.75390625,75.7094069570303
2026-07-20T04:00:44.495588+00:00,8689.0,48.0,124.4,51.0,1969.75390625,76.03195730596781
2026-07-20T04:00:44.794329+00:00,8689.0,48.0,125.23,51.0,1969.75390625,76.33069798722863
2026-07-20T04:00:45.116602+00:00,8689.0,46.0,125.61,51.0,1969.75390625,76.65297142416239
2026-07-20T04:00:45.470875+00:00,8689.0,46.0,126.2,51.0,1969.75390625,77.00724389776587
2026-07-20T04:00:45.773300+00:00,8689.0,48.0,126.62,51.0,1969.75390625,77.3096686527133
2026-07-20T04:00:46.073995+00:00,8689.0,48.0,127.02,51.0,1969.75390625,77.61036447435617
2026-07-20T04:00:46.374689+00:00,8689.0,44.0,127.23,52.0,1969.75390625,77.9110585860908
2026-07-20T04:00:46.675372+00:00,8689.0,46.0,127.19,52.0,1969.75390625,78.21174168214202
2026-07-20T04:00:47.004101+00:00,8689.0,48.0,127.88,52.0,1969.75390625,78.54047022014856
2026-07-20T04:00:47.352528+00:00,8689.0,48.0,128.36,52.0,1969.75390625,78.88889664039016
2026-07-20T04:00:47.672240+00:00,8689.0,90.0,145.12,54.0,1970.16015625,79.20860969647765
2026-07-20T04:00:47.980986+00:00,8689.0,91.0,193.79,58.0,1970.16015625,79.51735458523035
2026-07-20T04:00:48.280079+00:00,8689.0,99.0,238.26,59.0,1970.16015625,79.81644916534424
2026-07-20T04:00:48.588374+00:00,8689.0,39.0,240.88,56.0,1970.32421875,80.12474336102605
2026-07-20T04:00:48.886943+00:00,8689.0,41.0,189.66,54.0,1970.32421875,80.4233118481934
2026-07-20T04:00:49.182303+00:00,8689.0,40.0,138.27,54.0,1970.32421875,80.71867213025689
2026-07-20T04:00:49.516605+00:00,8689.0,41.0,111.82,53.0,1970.32421875,81.05297376215458
2026-07-20T04:00:49.832807+00:00,8689.0,39.0,111.27,53.0,1970.32421875,81.36917616799474
2026-07-20T04:00:50.146941+00:00,8689.0,41.0,111.4,52.0,1970.32421875,81.68331122025847
2026-07-20T04:00:50.441469+00:00,8689.0,41.0,111.54,52.0,1970.32421875,81.97783911973238
2026-07-20T04:00:50.739325+00:00,8689.0,40.0,112.24,52.0,1970.32421875,82.27569411322474
2026-07-20T04:00:51.038926+00:00,8689.0,41.0,112.17,52.0,1970.32421875,82.57529467344284
2026-07-20T04:00:51.356898+00:00,8689.0,41.0,112.08,52.0,1970.32421875,82.89326680079103
2026-07-20T04:00:51.673190+00:00,8689.0,41.0,111.91,52.0,1970.32421875,83.20955939218402
2026-07-20T04:00:51.970544+00:00,8689.0,42.0,111.85,52.0,1970.32421875,83.50691295042634
2026-07-20T04:00:52.284502+00:00,8689.0,42.0,111.96,51.0,1970.32421875,83.82087153196335
2026-07-20T04:00:52.601937+00:00,8689.0,42.0,112.38,51.0,1970.328125,84.13830702006817
2026-07-20T04:00:52.899598+00:00,8689.0,43.0,112.85,51.0,1970.328125,84.43596379086375
2026-07-20T04:00:53.198761+00:00,8689.0,39.0,112.95,51.0,1970.3359375,84.73513104021549
2026-07-20T04:00:53.498772+00:00,8689.0,40.0,112.76,51.0,1970.3359375,85.03513984754682
2026-07-20T04:00:53.798837+00:00,8689.0,40.0,113.27,51.0,1970.3359375,85.33520386368036
2026-07-20T04:00:54.112744+00:00,8689.0,43.0,113.91,51.0,1970.34375,85.64911340177059
2026-07-20T04:00:54.410008+00:00,8689.0,42.0,114.49,51.0,1970.34375,85.94637741148472
2026-07-20T04:00:54.710547+00:00,8689.0,34.0,121.07,52.0,1971.26953125,86.24691588431597
2026-07-20T04:00:55.041939+00:00,8689.0,55.0,150.29,53.0,1971.26953125,86.5783080868423
2026-07-20T04:00:55.363903+00:00,8689.0,48.0,177.62,56.0,1971.42578125,86.90027214214206
2026-07-20T04:00:55.703116+00:00,8689.0,43.0,185.66,54.0,1971.42578125,87.23948469012976
2026-07-20T04:00:56.002725+00:00,8689.0,44.0,162.96,53.0,1971.42578125,87.53909447416663
2026-07-20T04:00:56.306245+00:00,8689.0,44.0,138.92,53.0,1971.4296875,87.84261457622051
2026-07-20T04:00:56.606539+00:00,8689.0,44.0,118.23,52.0,1971.4296875,88.14290876686573
2026-07-20T04:00:56.932708+00:00,8689.0,45.0,118.68,52.0,1971.4296875,88.4690770842135
2026-07-20T04:00:57.235441+00:00,8689.0,45.0,118.94,52.0,1971.4375,88.77181039005518
2026-07-20T04:00:57.552095+00:00,8689.0,45.0,119.36,52.0,1971.4375,89.08846471086144
2026-07-20T04:00:57.850048+00:00,8689.0,46.0,119.68,52.0,1971.4375,89.3864170499146
2026-07-20T04:00:58.147587+00:00,8689.0,43.0,119.99,52.0,1971.44140625,89.6839560419321
2026-07-20T04:00:58.446705+00:00,8689.0,44.0,120.35,52.0,1971.44140625,89.98307447135448
2026-07-20T04:00:58.746447+00:00,8689.0,46.0,120.63,52.0,1971.44140625,90.28281581774354
2026-07-20T04:00:59.046539+00:00,8689.0,43.0,121.54,52.0,1971.44140625,90.58290872722864
2026-07-20T04:00:59.366249+00:00,8689.0,45.0,121.9,52.0,1971.44140625,90.90261791273952
2026-07-20T04:00:59.661164+00:00,8689.0,47.0,122.35,52.0,1971.44140625,91.19753413647413
2026-07-20T04:00:59.983830+00:00,8689.0,46.0,122.68,52.0,1971.4453125,91.52019953727722
2026-07-20T04:01:00.328536+00:00,8689.0,47.0,123.19,52.0,1971.4453125,91.86490492895246
2026-07-20T04:01:00.634250+00:00,8689.0,48.0,123.27,52.0,1971.44921875,92.1706196591258
2026-07-20T04:01:00.953109+00:00,8689.0,48.0,124.12,52.0,1971.44921875,92.4894775338471
2026-07-20T04:01:01.254625+00:00,8689.0,47.0,124.48,52.0,1971.44921875,92.79099505022168
2026-07-20T04:01:01.550592+00:00,8689.0,47.0,125.75,52.0,1971.453125,93.08695964515209
2026-07-20T04:01:01.874095+00:00,8689.0,34.0,124.56,52.0,1971.5546875,93.41046280041337
2026-07-20T04:01:02.172365+00:00,8691.0,93.0,163.79,56.0,1972.109375,93.7087345533073
2026-07-20T04:01:02.472563+00:00,8691.0,86.0,209.32,58.0,1972.109375,94.00893278419971
2026-07-20T04:01:02.770299+00:00,8691.0,42.0,227.62,56.0,1972.42578125,94.30666871741414
2026-07-20T04:01:03.066870+00:00,8691.0,42.0,200.96,54.0,1972.42578125,94.6032393053174
2026-07-20T04:01:03.366191+00:00,8691.0,42.0,155.48,54.0,1972.43359375,94.9025587849319
2026-07-20T04:01:03.662480+00:00,8691.0,42.0,113.94,53.0,1972.43359375,95.19884916767478
2026-07-20T04:01:03.962469+00:00,8691.0,42.0,113.77,53.0,1972.43359375,95.49883824214339
2026-07-20T04:01:04.258328+00:00,8691.0,43.0,113.64,53.0,1972.43359375,95.79469778761268
2026-07-20T04:01:04.554789+00:00,8691.0,43.0,113.89,53.0,1972.43359375,96.09115780889988
2026-07-20T04:01:04.858490+00:00,8691.0,43.0,113.96,52.0,1972.43359375,96.39485356211662
2026-07-20T04:01:05.156718+00:00,8691.0,43.0,114.13,52.0,1972.43359375,96.6930871643126
2026-07-20T04:01:05.453293+00:00,8691.0,43.0,114.46,52.0,1972.43359375,96.98966243118048
2026-07-20T04:01:05.748361+00:00,8691.0,43.0,114.72,52.0,1972.43359375,97.28473060950637
2026-07-20T04:01:06.046201+00:00,8691.0,43.0,114.92,52.0,1972.43359375,97.58257077634335
2026-07-20T04:01:06.343196+00:00,8691.0,41.0,115.09,52.0,1972.43359375,97.87956507876515
2026-07-20T04:01:06.646887+00:00,8691.0,43.0,115.27,52.0,1972.43359375,98.18325046822429
2026-07-20T04:01:06.973015+00:00,8691.0,44.0,115.71,52.0,1972.44140625,98.50937672704458
2026-07-20T04:01:07.275143+00:00,8691.0,54.0,130.16,54.0,1972.6875,98.8115118779242
2026-07-20T04:01:07.575025+00:00,8691.0,67.0,159.51,55.0,1972.6875,99.11139427125454
2026-07-20T04:01:07.912800+00:00,8691.0,54.0,189.95,56.0,1972.9296875,99.44916967302561
2026-07-20T04:01:08.234752+00:00,8691.0,41.0,178.44,54.0,1972.9296875,99.77111860737205
2026-07-20T04:01:08.516710+00:00,8691.0,41.0,151.32,53.0,1972.9296875,100.05307946354151
2026-07-20T04:01:08.818879+00:00,8691.0,42.0,120.98,53.0,1972.9375,100.35524878278375
2026-07-20T04:01:09.118382+00:00,8691.0,41.0,112.42,52.0,1972.94140625,100.65475162118673
2026-07-20T04:01:09.418173+00:00,8691.0,42.0,112.58,52.0,1972.94140625,100.95454214513302
2026-07-20T04:01:09.715593+00:00,8691.0,43.0,112.7,52.0,1972.94140625,101.25196262821555
2026-07-20T04:01:10.012639+00:00,8691.0,41.0,112.74,52.0,1972.94140625,101.5490075610578
2026-07-20T04:01:10.310435+00:00,8691.0,41.0,112.64,52.0,1972.94140625,101.84680360928178
2026-07-20T04:01:10.607983+00:00,8691.0,42.0,112.78,52.0,1972.94140625,102.14435072988272
2026-07-20T04:01:10.913854+00:00,8691.0,42.0,112.72,52.0,1972.94140625,102.45021800324321
2026-07-20T04:01:11.212143+00:00,8691.0,43.0,113.21,52.0,1972.94140625,102.7485123462975
2026-07-20T04:01:11.536148+00:00,8691.0,41.0,113.65,52.0,1972.94140625,103.0725170634687
2026-07-20T04:01:11.838626+00:00,8691.0,42.0,114.27,51.0,1972.94140625,103.37499538064003
2026-07-20T04:01:12.138147+00:00,8691.0,42.0,114.31,51.0,1972.94140625,103.6745167337358
2026-07-20T04:01:12.484551+00:00,8691.0,42.0,114.34,51.0,1972.94140625,104.02092014625669
2026-07-20T04:01:12.809115+00:00,8691.0,42.0,114.74,51.0,1972.94140625,104.345484290272
2026-07-20T04:01:13.110928+00:00,8691.0,44.0,115.21,51.0,1972.94140625,104.64729727804661
2026-07-20T04:01:13.464993+00:00,8691.0,44.0,115.83,51.0,1972.94140625,105.00136151909828
2026-07-20T04:01:13.766568+00:00,8691.0,42.0,116.03,51.0,1972.94140625,105.30293767154217
2026-07-20T04:01:14.112434+00:00,8691.0,43.0,115.71,51.0,1972.94140625,105.64880273118615
2026-07-20T04:01:14.411544+00:00,8691.0,44.0,116.06,51.0,1972.94140625,105.9479138366878
2026-07-20T04:01:14.712583+00:00,8691.0,60.0,128.63,53.0,1972.9609375,106.24895212054253
2026-07-20T04:01:15.056626+00:00,8691.0,64.0,164.44,55.0,1972.9609375,106.59299584105611
2026-07-20T04:01:15.352283+00:00,8691.0,43.0,195.52,55.0,1972.96484375,106.88865284994245
2026-07-20T04:01:15.628291+00:00,8691.0,43.0,192.57,54.0,1972.96484375,107.16466122493148
2026-07-20T04:01:15.904241+00:00,8691.0,43.0,163.79,53.0,1972.96484375,107.44061062857509
2026-07-20T04:01:16.180376+00:00,8691.0,42.0,132.63,53.0,1972.96484375,107.71674622967839
2026-07-20T04:01:16.455846+00:00,8691.0,43.0,113.71,52.0,1972.96484375,107.99221593886614
2026-07-20T04:01:16.731321+00:00,8691.0,43.0,113.61,52.0,1972.96484375,108.26769175380468
2026-07-20T04:01:17.029790+00:00,8691.0,42.0,113.68,52.0,1972.96484375,108.56616009026766
2026-07-20T04:01:17.330062+00:00,8691.0,43.0,113.77,52.0,1972.96484375,108.86643133684993
2026-07-20T04:01:17.642387+00:00,8691.0,43.0,113.81,52.0,1972.96484375,109.17875779792666
2026-07-20T04:01:17.918570+00:00,8691.0,43.0,114.29,52.0,1972.96484375,109.45493999496102
2026-07-20T04:01:18.193623+00:00,8691.0,43.0,114.41,52.0,1972.96484375,109.72999405488372
2026-07-20T04:01:18.491394+00:00,8691.0,43.0,114.75,52.0,1972.96484375,110.0277644880116
2026-07-20T04:01:18.788547+00:00,8691.0,44.0,115.08,52.0,1972.96484375,110.32491735741496
2026-07-20T04:01:19.067356+00:00,8691.0,43.0,115.41,51.0,1972.96484375,110.6037261299789
2026-07-20T04:01:19.392362+00:00,8691.0,44.0,115.66,51.0,1972.96484375,110.92873177304864
2026-07-20T04:01:19.693604+00:00,8691.0,44.0,116.1,51.0,1972.96484375,111.22997347638011
2026-07-20T04:01:19.986786+00:00,8691.0,44.0,116.26,51.0,1972.96484375,111.52315631508827
2026-07-20T04:01:20.283739+00:00,8691.0,45.0,116.98,51.0,1972.96484375,111.82010891288519
2026-07-20T04:01:20.586244+00:00,8691.0,43.0,117.22,51.0,1972.96484375,112.12261355668306
2026-07-20T04:01:20.885286+00:00,8691.0,44.0,117.58,51.0,1972.96484375,112.42165648937225
2026-07-20T04:01:21.194163+00:00,8691.0,45.0,118.22,51.0,1972.96484375,112.73053216934204
2026-07-20T04:01:21.495202+00:00,8691.0,47.0,121.61,53.0,1972.97265625,113.03157108277082
2026-07-20T04:01:21.821072+00:00,8691.0,58.0,154.3,55.0,1972.97265625,113.35744289308786
2026-07-20T04:01:22.118437+00:00,8691.0,46.0,184.67,54.0,1972.97265625,113.6548074260354
2026-07-20T04:01:22.394248+00:00,8691.0,43.0,197.33,54.0,1972.97265625,113.93061900883913
2026-07-20T04:01:22.670077+00:00,8691.0,43.0,171.9,53.0,1972.97265625,114.20644737407565
2026-07-20T04:01:22.967202+00:00,8691.0,43.0,138.8,53.0,1972.97265625,114.50357219204307
2026-07-20T04:01:23.266639+00:00,8691.0,44.0,115.33,52.0,1972.97265625,114.8030096553266
2026-07-20T04:01:23.566904+00:00,8691.0,42.0,115.45,52.0,1972.97265625,115.10327234119177
2026-07-20T04:01:23.849540+00:00,8691.0,44.0,115.56,52.0,1972.97265625,115.38590913638473
2026-07-20T04:01:24.128925+00:00,8691.0,44.0,115.71,52.0,1972.97265625,115.66529434546828
2026-07-20T04:01:24.407405+00:00,8691.0,44.0,116.14,52.0,1972.97265625,115.94377491623163
2026-07-20T04:01:24.686635+00:00,8691.0,44.0,116.62,52.0,1972.97265625,116.22300489619374
2026-07-20T04:01:24.990636+00:00,8691.0,44.0,116.66,52.0,1972.97265625,116.52700452506542
2026-07-20T04:01:25.291710+00:00,8691.0,45.0,116.86,52.0,1972.97265625,116.82807899266481
2026-07-20T04:01:25.615661+00:00,8691.0,44.0,117.2,52.0,1972.97265625,117.15202965959907
2026-07-20T04:01:25.918033+00:00,8691.0,44.0,117.3,52.0,1972.97265625,117.4544025361538
2026-07-20T04:01:26.219166+00:00,8691.0,43.0,117.79,52.0,1972.97265625,117.75553457811475
2026-07-20T04:01:26.518711+00:00,8691.0,45.0,117.95,52.0,1972.97265625,118.05507970228791
2026-07-20T04:01:26.957713+00:00,8691.0,44.0,119.26,52.0,1972.97265625,118.49408265203238
2026-07-20T04:01:27.297117+00:00,8691.0,46.0,119.82,52.0,1972.97265625,118.83348610624671
2026-07-20T04:01:27.598672+00:00,8691.0,44.0,120.45,52.0,1972.97265625,119.13504188880324
2026-07-20T04:01:27.948852+00:00,8691.0,44.0,120.12,52.0,1972.97265625,119.48522089421749
2026-07-20T04:01:28.269172+00:00,8691.0,43.0,119.96,51.0,1972.97265625,119.80554134398699
2026-07-20T04:01:28.571039+00:00,8691.0,46.0,120.08,52.0,1972.97265625,120.10740649700165
2026-07-20T04:01:28.875024+00:00,8691.0,46.0,120.57,52.0,1972.97265625,120.41139189526439
2026-07-20T04:01:29.197077+00:00,8691.0,44.0,121.12,52.0,1972.97265625,120.73344508558512
2026-07-20T04:01:29.494271+00:00,8691.0,47.0,122.18,52.0,1972.97265625,121.03064050152898
2026-07-20T04:01:29.772697+00:00,8691.0,49.0,123.03,52.0,1972.97265625,121.30906734615564
2026-07-20T04:01:30.053766+00:00,8691.0,46.0,123.67,52.0,1972.97265625,121.59013532847166
2026-07-20T04:01:30.351268+00:00,8691.0,48.0,124.33,52.0,1972.97265625,121.88763711601496
2026-07-20T04:01:30.646915+00:00,8691.0,48.0,124.77,52.0,1972.97265625,122.18328576162457
2026-07-20T04:01:30.922287+00:00,8691.0,49.0,125.49,52.0,1972.97265625,122.45865723118186
2026-07-20T04:01:31.222012+00:00,8691.0,65.0,142.17,54.0,1973.3984375,122.75838201493025
2026-07-20T04:01:31.501392+00:00,8691.0,85.0,184.44,57.0,1973.3984375,123.03776198998094
2026-07-20T04:01:31.800639+00:00,8691.0,77.0,224.24,57.0,1973.44140625,123.33700950443745
2026-07-20T04:01:32.119499+00:00,8691.0,46.0,245.89,56.0,1973.44140625,123.65586822852492
2026-07-20T04:01:32.420064+00:00,8691.0,46.0,203.05,55.0,1973.44140625,123.95643412321806
2026-07-20T04:01:32.695852+00:00,8691.0,46.0,159.38,54.0,1973.44140625,124.23222233727574
2026-07-20T04:01:32.971564+00:00,8691.0,47.0,122.47,54.0,1973.44140625,124.50793519243598
2026-07-20T04:01:33.271086+00:00,8691.0,46.0,122.52,54.0,1973.44140625,124.80745643377304
2026-07-20T04:01:33.570648+00:00,8691.0,47.0,123.36,54.0,1973.44140625,125.1070189140737
2026-07-20T04:01:33.868140+00:00,8691.0,47.0,123.65,53.0,1973.44140625,125.40451057627797
2026-07-20T04:01:34.207572+00:00,8691.0,46.0,123.81,53.0,1973.44140625,125.74394185096025
2026-07-20T04:01:34.506615+00:00,8691.0,47.0,123.95,53.0,1973.44140625,126.04298446327448
2026-07-20T04:01:34.836554+00:00,8691.0,46.0,124.28,53.0,1973.44140625,126.37292305380106
2026-07-20T04:01:35.130974+00:00,8691.0,47.0,124.73,53.0,1973.44140625,126.66734286397696
2026-07-20T04:01:35.406800+00:00,8691.0,47.0,124.9,53.0,1973.44140625,126.9431698359549
2026-07-20T04:01:35.702396+00:00,8691.0,46.0,124.9,53.0,1973.44140625,127.23876632750034
2026-07-20T04:01:35.999205+00:00,8691.0,48.0,125.24,53.0,1973.44140625,127.53557538986206
2026-07-20T04:01:36.346903+00:00,8691.0,48.0,125.95,53.0,1973.44140625,127.88327303901315
2026-07-20T04:01:36.623421+00:00,8691.0,46.0,126.1,53.0,1973.453125,128.15979112684727
2026-07-20T04:01:36.923076+00:00,8691.0,48.0,126.52,53.0,1973.453125,128.45944617688656
2026-07-20T04:01:37.222411+00:00,8691.0,49.0,126.9,53.0,1973.453125,128.7587821930647
2026-07-20T04:01:37.498374+00:00,8691.0,48.0,127.55,53.0,1973.453125,129.03474462777376
2026-07-20T04:01:37.815323+00:00,8691.0,82.0,154.34,56.0,1973.9921875,129.35169314593077
2026-07-20T04:01:38.093665+00:00,8691.0,97.0,200.05,59.0,1973.9921875,129.6300345696509
2026-07-20T04:01:38.411956+00:00,8691.0,14.0,225.38,57.0,1974.015625,129.94832604005933
2026-07-20T04:01:38.690235+00:00,8691.0,1.0,213.74,55.0,2001.96875,130.22660449147224
2026-07-20T04:01:38.972258+00:00,8691.0,100.0,194.68,57.0,1983.3828125,130.50862800702453
2026-07-20T04:01:39.248908+00:00,8691.0,53.0,171.69,57.0,1983.3828125,130.7852777801454
2026-07-20T04:01:39.527389+00:00,8691.0,53.0,171.74,56.0,1983.3828125,131.0637564174831
2026-07-20T04:01:39.830686+00:00,8691.0,53.0,186.25,56.0,1983.3828125,131.36705530434847
2026-07-20T04:01:40.134047+00:00,8691.0,53.0,140.02,55.0,1983.3828125,131.6704164892435
2026-07-20T04:01:40.411847+00:00,8691.0,54.0,139.9,55.0,1983.3828125,131.9482166953385
2026-07-20T04:01:40.713214+00:00,8691.0,52.0,140.83,55.0,1983.3828125,132.24958346039057
2026-07-20T04:01:41.012186+00:00,8691.0,52.0,140.71,55.0,1983.3828125,132.54855585098267
2026-07-20T04:01:41.311864+00:00,8691.0,54.0,141.21,55.0,1983.3828125,132.84823147580028
2026-07-20T04:01:41.655576+00:00,8691.0,51.0,141.67,55.0,1983.3828125,133.19194584339857
2026-07-20T04:01:41.957758+00:00,8691.0,52.0,141.81,55.0,1983.3828125,133.49412818998098
2026-07-20T04:01:42.303248+00:00,8691.0,52.0,142.93,55.0,1983.3828125,133.83961774036288
2026-07-20T04:01:42.655765+00:00,8691.0,52.0,142.97,55.0,1983.3828125,134.19213522970676
2026-07-20T04:01:42.958729+00:00,8691.0,53.0,143.25,55.0,1983.3828125,134.49509809538722
2026-07-20T04:01:43.285058+00:00,8691.0,53.0,142.99,55.0,1983.3828125,134.82142777740955
2026-07-20T04:01:43.565340+00:00,8691.0,52.0,142.99,55.0,1983.3828125,135.1017101109028
2026-07-20T04:01:43.864159+00:00,8691.0,54.0,143.65,55.0,1983.3828125,135.40052926167846
2026-07-20T04:01:44.163265+00:00,8691.0,53.0,144.24,55.0,1983.3828125,135.6996361799538
2026-07-20T04:01:44.461135+00:00,8691.0,54.0,145.46,55.0,1983.3828125,135.99750680103898
2026-07-20T04:01:44.780773+00:00,8691.0,54.0,145.71,55.0,1983.3828125,136.31713282689452
2026-07-20T04:01:45.061796+00:00,8691.0,54.0,146.07,55.0,1983.3828125,136.59816644713283
2026-07-20T04:01:45.338667+00:00,8691.0,54.0,146.19,55.0,1983.3828125,136.8750372119248
2026-07-20T04:01:45.614548+00:00,8691.0,54.0,145.91,55.0,1983.3828125,137.15091344714165
2026-07-20T04:01:45.911073+00:00,8691.0,55.0,146.53,55.0,1983.3828125,137.44744339957833
2026-07-20T04:01:46.234319+00:00,8691.0,55.0,147.22,55.0,1983.3828125,137.7706897109747
2026-07-20T04:01:46.534671+00:00,8691.0,55.0,147.89,55.0,1983.3828125,138.07104109600186
2026-07-20T04:01:46.878459+00:00,8691.0,54.0,148.77,55.0,1983.3828125,138.41482904180884
2026-07-20T04:01:47.156412+00:00,8691.0,56.0,149.3,55.0,1983.3828125,138.6927817389369
2026-07-20T04:01:47.432826+00:00,8691.0,56.0,149.54,55.0,1983.3828125,138.96919647231698
2026-07-20T04:01:47.730882+00:00,8691.0,55.0,150.02,55.0,1983.3828125,139.26725225523114
2026-07-20T04:01:48.064318+00:00,8691.0,53.0,153.48,55.0,1983.38671875,139.60068705677986
2026-07-20T04:01:48.361716+00:00,8691.0,100.0,196.98,59.0,1983.62109375,139.89808646216989
2026-07-20T04:01:48.665359+00:00,8691.0,100.0,245.91,62.0,1983.62109375,140.2017301619053
2026-07-20T04:01:48.989130+00:00,8691.0,91.0,298.74,64.0,1983.62109375,140.52550072222948
2026-07-20T04:01:49.291021+00:00,8691.0,74.0,309.2,65.0,1984.03515625,140.827390961349
2026-07-20T04:01:49.614276+00:00,8691.0,41.0,249.67,60.0,1984.03515625,141.15064603090286
2026-07-20T04:01:49.889982+00:00,8691.0,41.0,198.5,59.0,1984.03515625,141.4263527020812
2026-07-20T04:01:50.190579+00:00,8691.0,39.0,140.5,58.0,1984.03515625,141.726948030293
2026-07-20T04:01:50.491780+00:00,8691.0,41.0,115.88,57.0,1984.03515625,142.02815074846148
2026-07-20T04:01:50.768945+00:00,8691.0,42.0,115.9,57.0,1984.03515625,142.30531525611877
2026-07-20T04:01:51.046379+00:00,8691.0,42.0,115.91,56.0,1984.03515625,142.58274938166142
2026-07-20T04:01:51.345905+00:00,8691.0,42.0,115.92,56.0,1984.03515625,142.88227461278439
2026-07-20T04:01:51.644006+00:00,8691.0,42.0,115.85,55.0,1984.03515625,143.18037683144212
2026-07-20T04:01:51.921058+00:00,8691.0,42.0,115.89,55.0,1984.03515625,143.4574286788702
2026-07-20T04:01:52.197433+00:00,8691.0,43.0,115.99,55.0,1984.03515625,143.73380383104086
2026-07-20T04:01:52.472647+00:00,8691.0,43.0,116.04,55.0,1984.03515625,144.00901801511645
2026-07-20T04:01:52.748044+00:00,8691.0,43.0,116.34,55.0,1984.03515625,144.28441467136145
2026-07-20T04:01:53.023444+00:00,8691.0,43.0,116.54,54.0,1984.03515625,144.55981446430087
2026-07-20T04:01:53.319678+00:00,8691.0,42.0,116.51,54.0,1984.03515625,144.8560486882925
2026-07-20T04:01:53.595564+00:00,8691.0,43.0,116.58,54.0,1984.03515625,145.1319343112409
2026-07-20T04:01:53.871028+00:00,8691.0,44.0,116.85,54.0,1984.03515625,145.40739873796701
2026-07-20T04:01:54.146327+00:00,8691.0,43.0,117.24,54.0,1984.03515625,145.6826974079013
2026-07-20T04:01:54.421752+00:00,8691.0,43.0,117.75,54.0,1984.03515625,145.9581231623888
2026-07-20T04:01:54.720715+00:00,8691.0,44.0,117.91,54.0,1984.03515625,146.25708521530032
2026-07-20T04:01:55.018423+00:00,8691.0,45.0,117.99,54.0,1984.03515625,146.55479153245687
2026-07-20T04:01:55.295752+00:00,8691.0,44.0,118.05,54.0,1984.03515625,146.8321219533682
2026-07-20T04:01:55.635747+00:00,8691.0,45.0,118.62,53.0,1984.03515625,147.17211655154824
2026-07-20T04:01:55.986090+00:00,8691.0,41.0,122.23,55.0,1984.1640625,147.52245880290866
2026-07-20T04:01:56.331756+00:00,8691.0,61.0,158.63,57.0,1984.1640625,147.86812399327755
2026-07-20T04:01:56.635013+00:00,8691.0,74.0,190.28,58.0,1984.1640625,148.1713834889233
2026-07-20T04:01:56.914594+00:00,8691.0,39.0,195.12,56.0,1984.1640625,148.45096351206303
2026-07-20T04:01:57.193720+00:00,8691.0,39.0,165.67,55.0,1984.1640625,148.73009026050568
2026-07-20T04:01:57.513818+00:00,8691.0,39.0,133.11,54.0,1984.1640625,149.05018753930926
2026-07-20T04:01:57.832931+00:00,8691.0,40.0,112.78,54.0,1984.1640625,149.3692999817431
2026-07-20T04:01:58.160167+00:00,8691.0,41.0,113.15,54.0,1984.1640625,149.69653632864356
2026-07-20T04:01:58.459927+00:00,8691.0,41.0,113.49,54.0,1984.1640625,149.99629754200578
2026-07-20T04:01:58.759050+00:00,8691.0,42.0,113.86,53.0,1984.1640625,150.29541976377368
2026-07-20T04:01:59.058428+00:00,8691.0,42.0,113.94,53.0,1984.1640625,150.59479845315218
2026-07-20T04:01:59.334108+00:00,8691.0,42.0,114.02,53.0,1984.1640625,150.87047850713134
2026-07-20T04:01:59.655049+00:00,8691.0,43.0,113.97,53.0,1984.1640625,151.19141932949424
2026-07-20T04:01:59.955394+00:00,8691.0,43.0,113.9,53.0,1984.1640625,151.49176408722997
2026-07-20T04:02:00.255561+00:00,8691.0,43.0,114.31,53.0,1984.1640625,151.79193154349923
2026-07-20T04:02:00.554909+00:00,8691.0,43.0,114.74,53.0,1984.1640625,152.0912795588374
2026-07-20T04:02:00.831470+00:00,8691.0,43.0,115.07,53.0,1984.1640625,152.36784049123526
2026-07-20T04:02:01.153505+00:00,8691.0,43.0,115.69,53.0,1984.1640625,152.68987523391843
2026-07-20T04:02:01.429870+00:00,8691.0,43.0,115.83,53.0,1984.1640625,152.9662407413125
2026-07-20T04:02:01.729403+00:00,8691.0,43.0,116.33,53.0,1984.1640625,153.26577309519053
2026-07-20T04:02:02.030418+00:00,8691.0,44.0,116.33,53.0,1984.1640625,153.5667878165841
2026-07-20T04:02:02.334032+00:00,8691.0,44.0,116.55,52.0,1984.1640625,153.8704017214477
2026-07-20T04:02:02.637222+00:00,8691.0,41.0,116.25,52.0,1984.1640625,154.17358925938606
2026-07-20T04:02:02.939760+00:00,8691.0,44.0,116.55,52.0,1984.1640625,154.47613041475415
2026-07-20T04:02:03.216474+00:00,8691.0,44.0,116.85,52.0,1984.1640625,154.7528445199132
2026-07-20T04:02:03.514497+00:00,8691.0,44.0,117.58,52.0,1984.1640625,155.05086708813906
2026-07-20T04:02:03.790728+00:00,8691.0,45.0,118.3,52.0,1984.1640625,155.32709830626845
2026-07-20T04:02:04.067507+00:00,8691.0,45.0,118.83,52.0,1984.1640625,155.60387688875198
2026-07-20T04:02:04.360984+00:00,8691.0,45.0,119.39,52.0,1984.1640625,155.89735405519605
2026-07-20T04:02:04.636354+00:00,8691.0,45.0,119.95,52.0,1984.1640625,156.17272493615746
2026-07-20T04:02:04.912201+00:00,8691.0,46.0,120.5,52.0,1984.1640625,156.44857124984264
2026-07-20T04:02:05.188188+00:00,8691.0,46.0,120.83,52.0,1984.1640625,156.72455864027143
2026-07-20T04:02:05.464413+00:00,8691.0,46.0,121.33,52.0,1984.1640625,157.0007831454277
2026-07-20T04:02:05.786709+00:00,8693.0,66.0,134.35,54.0,1984.90625,157.3230790682137
2026-07-20T04:02:06.132365+00:00,8693.0,78.0,180.48,57.0,1984.90625,157.66873467713594
2026-07-20T04:02:06.431863+00:00,8693.0,53.0,209.62,59.0,1984.90625,157.96823301911354
2026-07-20T04:02:06.728280+00:00,8693.0,40.0,201.28,55.0,1984.90625,158.26465053111315
2026-07-20T04:02:07.052127+00:00,8693.0,40.0,159.66,54.0,1984.90625,158.58849554881454
2026-07-20T04:02:07.367446+00:00,8693.0,41.0,120.86,54.0,1984.90625,158.9038155451417
2026-07-20T04:02:07.667285+00:00,8693.0,41.0,112.29,53.0,1984.90625,159.20365549251437
2026-07-20T04:02:07.963137+00:00,8693.0,41.0,112.4,53.0,1984.90625,159.49950740113854
2026-07-20T04:02:08.260188+00:00,8693.0,41.0,112.64,53.0,1984.90625,159.7965576350689
2026-07-20T04:02:08.538119+00:00,8693.0,42.0,112.92,53.0,1984.90625,160.07448991388083
2026-07-20T04:02:08.815195+00:00,8693.0,42.0,112.94,53.0,1984.90625,160.35156602039933
2026-07-20T04:02:09.091385+00:00,8693.0,42.0,112.93,52.0,1984.90625,160.6277557015419
2026-07-20T04:02:09.386246+00:00,8693.0,42.0,113.17,52.0,1984.90625,160.92261654511094
2026-07-20T04:02:09.662010+00:00,8693.0,42.0,113.28,52.0,1984.90625,161.1983806192875
2026-07-20T04:02:09.976826+00:00,8693.0,42.0,113.53,52.0,1984.90625,161.51319667696953
2026-07-20T04:02:10.296131+00:00,8693.0,40.0,113.49,52.0,1984.90625,161.83250055089593
2026-07-20T04:02:10.619879+00:00,8693.0,41.0,113.26,52.0,1984.90625,162.15624901652336
2026-07-20T04:02:10.917883+00:00,8693.0,41.0,113.18,52.0,1984.90625,162.4542520903051
2026-07-20T04:02:11.218148+00:00,8693.0,42.0,113.41,52.0,1984.90625,162.75451751425862
2026-07-20T04:02:11.521987+00:00,8693.0,42.0,113.88,52.0,1984.90625,163.05835765227675
2026-07-20T04:02:11.841261+00:00,8693.0,43.0,126.9,53.0,1985.375,163.37763009220362
2026-07-20T04:02:12.195003+00:00,8693.0,45.0,152.79,55.0,1985.375,163.73137255385518
2026-07-20T04:02:12.475836+00:00,8693.0,46.0,172.79,57.0,1985.375,164.0122055001557
2026-07-20T04:02:12.775691+00:00,8693.0,41.0,164.27,53.0,1985.375,164.31206177920103
2026-07-20T04:02:13.097697+00:00,8693.0,41.0,139.24,53.0,1985.375,164.63406754285097
2026-07-20T04:02:13.373254+00:00,8693.0,41.0,118.22,53.0,1985.375,164.9096253812313
2026-07-20T04:02:13.668585+00:00,8693.0,41.0,112.28,52.0,1985.375,165.20495553687215
2026-07-20T04:02:13.961270+00:00,8693.0,42.0,112.43,52.0,1985.375,165.4976408854127
2026-07-20T04:02:14.258579+00:00,8693.0,42.0,112.86,52.0,1985.375,165.7949501797557
2026-07-20T04:02:14.560877+00:00,8693.0,41.0,113.18,52.0,1985.375,166.09724765643477
2026-07-20T04:02:14.838400+00:00,8693.0,42.0,113.02,52.0,1985.375,166.37477086484432
2026-07-20T04:02:15.138891+00:00,8693.0,42.0,113.12,52.0,1985.375,166.67526157945395
2026-07-20T04:02:15.414862+00:00,8693.0,42.0,113.09,52.0,1985.375,166.95123264938593
2026-07-20T04:02:15.710022+00:00,8693.0,42.0,113.57,52.0,1985.375,167.246392223984
2026-07-20T04:02:16.007027+00:00,8693.0,42.0,113.69,52.0,1985.375,167.54339727014303
2026-07-20T04:02:16.283475+00:00,8693.0,42.0,114.01,52.0,1985.375,167.8198453783989
2026-07-20T04:02:16.583343+00:00,8693.0,43.0,114.09,52.0,1985.375,168.11971298605204
2026-07-20T04:02:16.886747+00:00,8693.0,43.0,113.79,52.0,1985.375,168.4231164418161
2026-07-20T04:02:17.182819+00:00,8693.0,43.0,114.3,52.0,1985.375,168.71918907761574
2026-07-20T04:02:17.458780+00:00,8693.0,43.0,114.39,52.0,1985.375,168.9951505511999
2026-07-20T04:02:17.735628+00:00,8693.0,42.0,115.35,51.0,1985.375,169.27199735492468
2026-07-20T04:02:18.032989+00:00,8693.0,43.0,115.69,52.0,1985.375,169.56935961544514
2026-07-20T04:02:18.319938+00:00,8693.0,45.0,116.21,51.0,1985.375,169.85630794242024
2026-07-20T04:02:18.643115+00:00,8693.0,57.0,143.06,54.0,1985.6015625,170.17948355153203
2026-07-20T04:02:18.945490+00:00,8693.0,55.0,175.06,56.0,1985.6015625,170.4818607084453
2026-07-20T04:02:19.244230+00:00,8693.0,60.0,193.63,55.0,1985.609375,170.78060060739517
2026-07-20T04:02:19.520967+00:00,8693.0,42.0,179.19,54.0,1985.609375,171.05733815953135
2026-07-20T04:02:19.817646+00:00,8693.0,42.0,148.43,53.0,1985.609375,171.35401549190283
2026-07-20T04:02:20.108841+00:00,8693.0,42.0,120.32,53.0,1985.609375,171.64521070942283
2026-07-20T04:02:20.405183+00:00,8693.0,42.0,114.01,52.0,1985.609375,171.94155406206846
2026-07-20T04:02:20.702638+00:00,8693.0,42.0,113.79,52.0,1985.609375,172.23900854960084
2026-07-20T04:02:21.001838+00:00,8693.0,42.0,113.57,52.0,1985.609375,172.538208771497
2026-07-20T04:02:21.294454+00:00,8693.0,42.0,113.55,52.0,1985.609375,172.8308245614171
2026-07-20T04:02:21.594679+00:00,8693.0,42.0,113.99,52.0,1985.609375,173.13104993477464
2026-07-20T04:02:21.874544+00:00,8693.0,43.0,114.04,52.0,1985.609375,173.41091364994645
2026-07-20T04:02:22.150790+00:00,8693.0,43.0,114.81,52.0,1985.609375,173.68716023117304
2026-07-20T04:02:22.444770+00:00,8693.0,43.0,115.06,52.0,1985.609375,173.9811405017972
2026-07-20T04:02:22.741993+00:00,8693.0,43.0,115.32,52.0,1985.609375,174.27836396172643
2026-07-20T04:02:23.063099+00:00,8693.0,42.0,115.48,52.0,1985.609375,174.5994692966342
2026-07-20T04:02:23.363343+00:00,8693.0,43.0,115.48,52.0,1985.609375,174.8997134156525
2026-07-20T04:02:23.639859+00:00,8693.0,43.0,115.54,52.0,1985.609375,175.1762288659811
2026-07-20T04:02:23.916548+00:00,8693.0,44.0,116.21,52.0,1985.609375,175.45291827619076
2026-07-20T04:02:24.192539+00:00,8693.0,44.0,116.57,52.0,1985.609375,175.72890943288803
2026-07-20T04:02:24.533452+00:00,8693.0,43.0,116.8,52.0,1985.609375,176.06982176750898
2026-07-20T04:02:24.854298+00:00,8693.0,43.0,117.23,52.0,1985.609375,176.39066787809134
2026-07-20T04:02:25.179709+00:00,8693.0,42.0,117.18,52.0,1985.609375,176.71607845276594
2026-07-20T04:02:25.528438+00:00,8693.0,43.0,117.63,52.0,1985.609375,177.0648069679737
2026-07-20T04:02:25.831147+00:00,8693.0,63.0,133.62,53.0,1985.98046875,177.3675160072744
2026-07-20T04:02:26.171707+00:00,8693.0,61.0,171.17,56.0,1985.98046875,177.70807676017284
2026-07-20T04:02:26.474993+00:00,8693.0,53.0,200.08,58.0,1986.06640625,178.01136232167482
2026-07-20T04:02:26.778718+00:00,8693.0,39.0,188.59,54.0,1986.06640625,178.31508704274893
2026-07-20T04:02:27.124602+00:00,8693.0,40.0,148.3,53.0,1986.06640625,178.66097169741988
2026-07-20T04:02:27.426576+00:00,8693.0,39.0,113.31,53.0,1986.07421875,178.96293592080474
2026-07-20T04:02:27.752529+00:00,8693.0,40.0,112.29,52.0,1986.07421875,179.2888983860612
2026-07-20T04:02:28.049222+00:00,8693.0,41.0,112.31,52.0,1986.07421875,179.585588298738
2026-07-20T04:02:28.353187+00:00,8693.0,42.0,112.55,52.0,1986.07421875,179.88955682516098
2026-07-20T04:02:28.654301+00:00,8693.0,41.0,112.97,52.0,1986.07421875,180.19066923484206
2026-07-20T04:02:28.960343+00:00,8693.0,40.0,113.03,52.0,1986.07421875,180.4967128895223
2026-07-20T04:02:29.279803+00:00,8693.0,40.0,113.08,52.0,1986.07421875,180.8161722496152
2026-07-20T04:02:29.580785+00:00,8693.0,42.0,113.26,52.0,1986.07421875,181.11715492978692
2026-07-20T04:02:29.899821+00:00,8693.0,41.0,113.44,52.0,1986.07421875,181.43619023263454
2026-07-20T04:02:30.223402+00:00,8693.0,42.0,113.84,52.0,1986.07421875,181.75977136194706
2026-07-20T04:02:30.543025+00:00,8693.0,43.0,114.34,52.0,1986.07421875,182.0793945863843
2026-07-20T04:02:30.845667+00:00,8693.0,42.0,114.64,51.0,1986.07421875,182.3820366114378
2026-07-20T04:02:31.168258+00:00,8693.0,43.0,114.93,51.0,1986.07421875,182.7046264410019
2026-07-20T04:02:31.517007+00:00,8693.0,39.0,114.88,51.0,1986.07421875,183.05337603390217
2026-07-20T04:02:31.817735+00:00,8693.0,44.0,114.87,51.0,1986.08203125,183.35410355776548
2026-07-20T04:02:32.139882+00:00,8693.0,44.0,115.48,51.0,1986.08984375,183.67625138536096
2026-07-20T04:02:32.437645+00:00,8693.0,43.0,116.39,51.0,1986.08984375,183.9740139171481
2026-07-20T04:02:32.785072+00:00,8693.0,44.0,117.66,51.0,1986.09375,184.3214407339692
2026-07-20T04:02:33.136025+00:00,8693.0,42.0,117.97,51.0,1986.09375,184.67239470407367
2026-07-20T04:02:33.438406+00:00,8693.0,45.0,118.15,51.0,1986.09375,184.97477578744292
2026-07-20T04:02:33.740912+00:00,8693.0,43.0,118.38,51.0,1986.10546875,185.27728227898479
2026-07-20T04:02:34.063774+00:00,8693.0,45.0,118.89,51.0,1986.10546875,185.60014363005757
2026-07-20T04:02:34.366065+00:00,8693.0,45.0,119.51,51.0,1986.11328125,185.90243423357606
2026-07-20T04:02:34.670166+00:00,8693.0,44.0,119.99,51.0,1986.1171875,186.2065357454121
2026-07-20T04:02:34.996331+00:00,8693.0,45.0,120.69,51.0,1986.1171875,186.53270091116428
2026-07-20T04:02:35.297001+00:00,8693.0,43.0,120.91,51.0,1986.1328125,186.8333699181676
2026-07-20T04:02:35.621897+00:00,8693.0,68.0,145.13,54.0,1986.4375,187.15826560929418
2026-07-20T04:02:35.927559+00:00,8693.0,90.0,183.88,56.0,1986.4375,187.46392755955458
2026-07-20T04:02:36.237678+00:00,8693.0,62.0,215.51,57.0,1986.53515625,187.77404622733593
2026-07-20T04:02:36.564022+00:00,8693.0,41.0,198.7,54.0,1986.53515625,188.10039184242487
2026-07-20T04:02:36.908972+00:00,8693.0,40.0,151.8,53.0,1986.53515625,188.4453413411975
2026-07-20T04:02:37.214061+00:00,8693.0,41.0,113.73,53.0,1986.5390625,188.75042980909348
2026-07-20T04:02:37.514262+00:00,8693.0,41.0,113.53,53.0,1986.5546875,189.05063109844923
2026-07-20T04:02:37.852914+00:00,8693.0,43.0,113.32,52.0,1986.5546875,189.38928317278624
2026-07-20T04:02:38.153995+00:00,8693.0,41.0,113.49,52.0,1986.5546875,189.69036420434713
2026-07-20T04:02:38.457885+00:00,8693.0,42.0,113.64,52.0,1986.5546875,189.99425460398197
2026-07-20T04:02:38.757941+00:00,8693.0,43.0,113.58,52.0,1986.5546875,190.29431084915996
2026-07-20T04:02:39.079565+00:00,8693.0,42.0,113.65,52.0,1986.55859375,190.6159341931343
2026-07-20T04:02:39.382421+00:00,8693.0,43.0,113.94,52.0,1986.55859375,190.91879083961248
2026-07-20T04:02:39.682664+00:00,8693.0,42.0,113.94,52.0,1986.55859375,191.21903379261494
2026-07-20T04:02:40.028640+00:00,8693.0,41.0,114.27,52.0,1986.55859375,191.56500949710608
2026-07-20T04:02:40.330322+00:00,8693.0,44.0,114.53,52.0,1986.55859375,191.86669147387147
2026-07-20T04:02:40.633817+00:00,8693.0,44.0,115.43,51.0,1986.55859375,192.17018624022603
2026-07-20T04:02:40.937896+00:00,8693.0,43.0,115.94,51.0,1986.5625,192.4742647819221
2026-07-20T04:02:41.254609+00:00,8693.0,34.0,116.23,51.0,1986.69921875,192.79097820073366
2026-07-20T04:02:41.558937+00:00,8693.0,65.0,142.07,54.0,1986.8203125,193.09530637785792
2026-07-20T04:02:41.841896+00:00,8693.0,56.0,168.32,55.0,1986.8203125,193.37826527282596
2026-07-20T04:02:42.142498+00:00,8693.0,0.0,165.25,53.0,1986.83984375,193.6788676455617
2026-07-20T04:02:42.464091+00:00,8693.0,2.0,141.63,52.0,2003.3046875,194.00046031177044
2026-07-20T04:02:42.767222+00:00,8693.0,66.0,122.24,53.0,2004.3203125,194.30359198525548
2026-07-20T04:02:43.093061+00:00,8693.0,41.0,112.74,52.0,2004.3203125,194.6294292807579
2026-07-20T04:02:43.394999+00:00,8693.0,28.0,117.78,52.0,2004.3203125,194.93136785551906
2026-07-20T04:02:43.698204+00:00,8693.0,42.0,109.99,52.0,2004.3203125,195.23457340151072
2026-07-20T04:02:44.002265+00:00,8693.0,42.0,110.12,51.0,2004.3203125,195.5386348068714
2026-07-20T04:02:44.324996+00:00,8693.0,40.0,110.75,51.0,2004.3203125,195.8613652922213
2026-07-20T04:02:44.653455+00:00,8693.0,42.0,111.62,51.0,2004.3203125,196.18982424214482
2026-07-20T04:02:44.977001+00:00,8693.0,42.0,111.84,51.0,2004.3203125,196.513370025903
2026-07-20T04:02:45.273854+00:00,8693.0,42.0,111.83,51.0,2004.3203125,196.8102231696248
2026-07-20T04:02:45.578015+00:00,8693.0,42.0,112.31,51.0,2004.3203125,197.1143844164908
2026-07-20T04:02:45.878793+00:00,8693.0,42.0,112.64,51.0,2004.3203125,197.41516254097223
2026-07-20T04:02:46.181485+00:00,8693.0,42.0,112.79,51.0,2004.3203125,197.7178548015654
2026-07-20T04:02:46.509409+00:00,8693.0,43.0,112.72,51.0,2004.3203125,198.04577833786607
2026-07-20T04:02:46.814477+00:00,8693.0,41.0,112.87,51.0,2004.3203125,198.35084660351276
2026-07-20T04:02:47.132358+00:00,8693.0,42.0,113.24,51.0,2004.3203125,198.66872665286064
2026-07-20T04:02:47.476907+00:00,8693.0,42.0,113.98,51.0,2004.3203125,199.01327638328075
2026-07-20T04:02:47.796028+00:00,8693.0,41.0,114.45,51.0,2004.3203125,199.3323981128633
2026-07-20T04:02:48.101657+00:00,8693.0,43.0,115.05,51.0,2004.3203125,199.6380264312029
2026-07-20T04:02:48.400313+00:00,8693.0,42.0,115.18,51.0,2004.3203125,199.93667906150222
2026-07-20T04:02:48.702965+00:00,8693.0,43.0,115.67,51.0,2004.3203125,200.2393341548741
2026-07-20T04:02:49.028653+00:00,8693.0,41.0,115.85,51.0,2004.3203125,200.5650192052126
2026-07-20T04:02:49.330350+00:00,8693.0,44.0,116.35,51.0,2004.3203125,200.86671875044703
2026-07-20T04:02:49.634342+00:00,8693.0,44.0,117.18,51.0,2004.3203125,201.1707108579576
2026-07-20T04:02:49.952923+00:00,8693.0,44.0,117.5,51.0,2004.3203125,201.48929251357913
2026-07-20T04:02:50.250088+00:00,8693.0,44.0,118.03,51.0,2004.3203125,201.78645732998848
2026-07-20T04:02:50.556512+00:00,8693.0,43.0,118.38,51.0,2004.3203125,202.0928789153695
2026-07-20T04:02:50.863639+00:00,8693.0,44.0,119.34,51.0,2004.3203125,202.40000769123435
2026-07-20T04:02:51.163073+00:00,8693.0,46.0,119.54,51.0,2004.3203125,202.6994428448379
2026-07-20T04:02:51.488877+00:00,8693.0,47.0,119.84,51.0,2004.3203125,203.0252453275025
2026-07-20T04:02:51.808121+00:00,8693.0,46.0,120.53,51.0,2004.32421875,203.34448900073767
2026-07-20T04:02:52.112044+00:00,8693.0,71.0,150.81,54.0,2004.3359375,203.64841321483254
2026-07-20T04:02:52.417512+00:00,8693.0,65.0,192.98,56.0,2004.3359375,203.95388156548142
2026-07-20T04:02:52.765810+00:00,8693.0,52.0,214.4,55.0,2004.3359375,204.30217984691262
2026-07-20T04:02:53.066592+00:00,8693.0,42.0,189.83,54.0,2004.3359375,204.60296065732837
2026-07-20T04:02:53.396234+00:00,8693.0,40.0,140.7,53.0,2004.3359375,204.9326024837792
2026-07-20T04:02:53.720254+00:00,8693.0,42.0,112.74,52.0,2004.3359375,205.25662388280034
2026-07-20T04:02:54.018204+00:00,8693.0,40.0,112.69,52.0,2004.33984375,205.55457323417068
2026-07-20T04:02:54.360231+00:00,8693.0,42.0,112.45,52.0,2004.33984375,205.89660015702248
2026-07-20T04:02:54.641188+00:00,8693.0,40.0,112.52,52.0,2004.33984375,206.17755749076605
2026-07-20T04:02:54.947878+00:00,8693.0,41.0,112.43,52.0,2004.33984375,206.48424658551812
2026-07-20T04:02:55.228442+00:00,8693.0,42.0,113.2,52.0,2004.33984375,206.76481147110462
2026-07-20T04:02:55.509945+00:00,8693.0,42.0,113.72,51.0,2004.33984375,207.04631457477808
2026-07-20T04:02:55.833617+00:00,8693.0,42.0,114.19,51.0,2004.33984375,207.36998604238033
2026-07-20T04:02:56.138661+00:00,8693.0,43.0,114.47,51.0,2004.33984375,207.67503091320395
2026-07-20T04:02:56.443628+00:00,8693.0,43.0,114.57,51.0,2004.33984375,207.97999821975827
2026-07-20T04:02:56.745114+00:00,8693.0,43.0,114.93,51.0,2004.33984375,208.2814833521843
2026-07-20T04:02:57.067957+00:00,8693.0,44.0,115.43,51.0,2004.33984375,208.60432597622275
2026-07-20T04:02:57.368882+00:00,8693.0,44.0,116.0,51.0,2004.33984375,208.905251737684
2026-07-20T04:02:57.670779+00:00,8693.0,44.0,116.34,51.0,2004.33984375,209.20714868977666
2026-07-20T04:02:57.997099+00:00,8693.0,43.0,116.91,51.0,2004.33984375,209.53346848487854
2026-07-20T04:02:58.299570+00:00,8693.0,60.0,129.04,53.0,2004.4609375,209.83593927323818
2026-07-20T04:02:58.625500+00:00,8693.0,65.0,162.01,55.0,2004.4609375,210.16186963021755
2026-07-20T04:02:58.931191+00:00,8693.0,46.0,192.4,55.0,2004.4921875,210.46756022050977
2026-07-20T04:02:59.253106+00:00,8693.0,40.0,184.17,53.0,2004.4921875,210.78947523981333
2026-07-20T04:02:59.557983+00:00,8693.0,41.0,152.39,53.0,2004.4921875,211.0943523608148
2026-07-20T04:02:59.861072+00:00,8693.0,42.0,122.62,52.0,2004.4921875,211.39744164794683
2026-07-20T04:03:00.141702+00:00,8693.0,40.0,111.83,52.0,2004.4921875,211.67807164788246
2026-07-20T04:03:00.446239+00:00,8693.0,41.0,111.96,52.0,2004.4921875,211.98260793834925
2026-07-20T04:03:00.797830+00:00,8693.0,42.0,112.4,52.0,2004.4921875,212.33419927582145
2026-07-20T04:03:01.102738+00:00,8693.0,42.0,112.78,51.0,2004.4921875,212.6391071639955
2026-07-20T04:03:01.445040+00:00,8693.0,43.0,112.49,51.0,2004.4921875,212.9814090207219
2026-07-20T04:03:01.749909+00:00,8693.0,41.0,112.24,51.0,2004.4921875,213.28627839311957
2026-07-20T04:03:02.075805+00:00,8693.0,43.0,112.03,51.0,2004.4921875,213.6121741309762
2026-07-20T04:03:02.378325+00:00,8693.0,41.0,112.45,51.0,2004.4921875,213.91469441354275
2026-07-20T04:03:02.681951+00:00,8693.0,28.0,111.28,51.0,2004.4921875,214.21832106634974
2026-07-20T04:03:02.986425+00:00,8693.0,42.0,111.67,51.0,2004.4921875,214.52279395982623
2026-07-20T04:03:03.294588+00:00,8693.0,44.0,112.14,51.0,2004.4921875,214.830955889076
2026-07-20T04:03:03.617018+00:00,8693.0,41.0,113.36,51.0,2004.4921875,215.15338763967156
2026-07-20T04:03:03.941050+00:00,8693.0,43.0,114.31,51.0,2004.4921875,215.47741894051433
2026-07-20T04:03:04.246327+00:00,8693.0,43.0,114.22,51.0,2004.4921875,215.782695684582
2026-07-20T04:03:04.583022+00:00,8693.0,43.0,114.85,51.0,2004.4921875,216.11938981711864
2026-07-20T04:03:04.890525+00:00,8693.0,61.0,138.93,53.0,2004.4921875,216.42689444869757
2026-07-20T04:03:05.174849+00:00,8693.0,60.0,166.97,54.0,2004.4921875,216.71121832728386
2026-07-20T04:03:05.496315+00:00,8693.0,39.0,187.29,54.0,2004.49609375,217.03267784044147
2026-07-20T04:03:05.816788+00:00,8693.0,40.0,170.28,53.0,2004.49609375,217.35315684229136
2026-07-20T04:03:06.121082+00:00,8693.0,40.0,140.38,52.0,2004.49609375,217.65745160356164
2026-07-20T04:03:06.440669+00:00,8693.0,41.0,111.62,52.0,2004.49609375,217.97703923657537
2026-07-20T04:03:06.737990+00:00,8693.0,41.0,112.34,52.0,2004.49609375,218.27435917034745
2026-07-20T04:03:07.036792+00:00,8693.0,42.0,112.11,51.0,2004.49609375,218.57316136732697
2026-07-20T04:03:07.336859+00:00,8693.0,43.0,112.04,51.0,2004.49609375,218.8732290416956
2026-07-20T04:03:07.681170+00:00,8693.0,41.0,112.54,51.0,2004.49609375,219.21753911301494
2026-07-20T04:03:07.963290+00:00,8693.0,42.0,112.79,51.0,2004.49609375,219.49965903162956
2026-07-20T04:03:08.266467+00:00,8693.0,40.0,112.11,51.0,2004.49609375,219.8028361685574
2026-07-20T04:03:08.547299+00:00,8693.0,43.0,112.49,51.0,2004.49609375,220.08366886898875
2026-07-20T04:03:08.891844+00:00,8693.0,41.0,112.72,51.0,2004.49609375,220.42821357399225
2026-07-20T04:03:09.194802+00:00,8693.0,41.0,113.72,51.0,2004.49609375,220.7311711460352
2026-07-20T04:03:09.496980+00:00,8693.0,43.0,114.24,51.0,2004.49609375,221.0333502702415
2026-07-20T04:03:09.793406+00:00,8693.0,43.0,114.77,51.0,2004.49609375,221.32977604866028
2026-07-20T04:03:10.129263+00:00,8693.0,44.0,115.35,51.0,2004.49609375,221.6656335219741
2026-07-20T04:03:10.427437+00:00,8693.0,44.0,115.96,51.0,2004.49609375,221.96380750089884
2026-07-20T04:03:10.704372+00:00,8693.0,44.0,116.37,51.0,2004.49609375,222.24074330553412
2026-07-20T04:03:11.010669+00:00,8693.0,32.0,119.56,52.0,2004.49609375,222.5470378100872
2026-07-20T04:03:11.337153+00:00,8693.0,67.0,152.19,54.0,2004.60546875,222.8735226802528
2026-07-20T04:03:11.639687+00:00,8693.0,69.0,178.2,55.0,2004.60546875,223.17605759948492
2026-07-20T04:03:11.983425+00:00,8693.0,41.0,190.92,53.0,2004.60546875,223.51979507878423
2026-07-20T04:03:12.261615+00:00,8693.0,43.0,162.7,53.0,2004.60546875,223.79798560217023
2026-07-20T04:03:12.559550+00:00,8693.0,43.0,132.87,52.0,2004.60546875,224.09592146798968
2026-07-20T04:03:12.855010+00:00,8693.0,42.0,113.43,52.0,2004.60546875,224.3913806900382
2026-07-20T04:03:13.132082+00:00,8693.0,43.0,113.54,52.0,2004.60546875,224.66845256462693
2026-07-20T04:03:13.408903+00:00,8693.0,43.0,113.62,52.0,2004.60546875,224.94527436047792
2026-07-20T04:03:13.686065+00:00,8693.0,43.0,113.9,51.0,2004.60546875,225.2224365659058
2026-07-20T04:03:13.963188+00:00,8693.0,43.0,114.37,51.0,2004.60546875,225.49955857172608
2026-07-20T04:03:14.265343+00:00,8693.0,44.0,114.69,51.0,2004.60546875,225.8017125837505
2026-07-20T04:03:14.590248+00:00,8693.0,43.0,115.11,51.0,2004.60546875,226.12661817669868
2026-07-20T04:03:14.886792+00:00,8693.0,44.0,115.17,51.0,2004.60546875,226.42316262051463
2026-07-20T04:03:15.164241+00:00,8693.0,44.0,115.78,51.0,2004.60546875,226.7006120197475
2026-07-20T04:03:15.457305+00:00,8693.0,44.0,116.26,51.0,2004.60546875,226.99367632716894
2026-07-20T04:03:15.738363+00:00,8693.0,45.0,116.29,51.0,2004.60546875,227.27473222464323
2026-07-20T04:03:16.038815+00:00,8693.0,45.0,116.65,51.0,2004.60546875,227.57518510520458
2026-07-20T04:03:16.340111+00:00,8693.0,41.0,116.69,51.0,2004.60546875,227.8764810524881
2026-07-20T04:03:16.617596+00:00,8693.0,45.0,117.46,51.0,2004.60546875,228.15396656095982
2026-07-20T04:03:16.894532+00:00,8693.0,45.0,117.82,51.0,2004.60546875,228.43090308085084
2026-07-20T04:03:17.191287+00:00,8693.0,31.0,117.48,51.0,2004.60546875,228.7276576012373
2026-07-20T04:03:17.488221+00:00,8693.0,73.0,150.66,54.0,2004.84765625,229.0245918445289
2026-07-20T04:03:17.766257+00:00,8693.0,60.0,183.22,55.0,2004.84765625,229.30262761190534
2026-07-20T04:03:18.043186+00:00,8693.0,59.0,198.5,55.0,2004.86328125,229.57955576106906
2026-07-20T04:03:18.358693+00:00,8693.0,41.0,179.0,53.0,2004.86328125,229.89506232738495
2026-07-20T04:03:18.659221+00:00,8693.0,41.0,141.84,52.0,2004.86328125,230.1955909319222
2026-07-20T04:03:18.957323+00:00,8693.0,42.0,111.86,52.0,2004.86328125,230.49369372427464
2026-07-20T04:03:19.254606+00:00,8693.0,42.0,112.12,52.0,2004.86328125,230.7909764535725
2026-07-20T04:03:19.531451+00:00,8693.0,42.0,112.42,52.0,2004.86328125,231.06782162562013
2026-07-20T04:03:19.808286+00:00,8693.0,42.0,112.64,52.0,2004.86328125,231.3446570560336
2026-07-20T04:03:20.125942+00:00,8693.0,42.0,112.84,51.0,2004.86328125,231.66231309995055
2026-07-20T04:03:20.463840+00:00,8693.0,41.0,112.8,51.0,2004.86328125,232.0002093538642
2026-07-20T04:03:20.763636+00:00,8693.0,43.0,112.79,51.0,2004.86328125,232.30000688880682
2026-07-20T04:03:21.041776+00:00,8693.0,42.0,112.27,51.0,2004.8671875,232.5781472362578
2026-07-20T04:03:21.346785+00:00,8693.0,42.0,112.32,51.0,2004.8671875,232.88315512239933
2026-07-20T04:03:21.644349+00:00,8693.0,42.0,113.01,51.0,2004.8671875,233.1807195842266
2026-07-20T04:03:21.946329+00:00,8693.0,42.0,113.29,51.0,2004.8671875,233.48269851878285
2026-07-20T04:03:22.245974+00:00,8693.0,44.0,113.57,51.0,2004.8671875,233.78233098983765
2026-07-20T04:03:22.597300+00:00,8693.0,37.0,112.52,51.0,2004.8671875,234.13366911187768
2026-07-20T04:03:22.924146+00:00,8693.0,42.0,112.87,51.0,2004.87109375,234.4605154581368
2026-07-20T04:03:23.244633+00:00,8693.0,43.0,113.32,51.0,2004.87109375,234.78100231662393
2026-07-20T04:03:23.526932+00:00,8693.0,44.0,114.85,51.0,2004.87109375,235.06330059841275
2026-07-20T04:03:23.826354+00:00,8693.0,43.0,115.34,51.0,2004.87109375,235.36272313073277
2026-07-20T04:03:24.105383+00:00,8693.0,44.0,115.91,51.0,2004.87109375,235.6417532339692
2026-07-20T04:03:24.403156+00:00,8693.0,44.0,116.55,51.0,2004.87109375,235.93952671810985
2026-07-20T04:03:24.727657+00:00,8693.0,43.0,117.05,51.0,2004.87109375,236.26402765139937
2026-07-20T04:03:25.006110+00:00,8693.0,46.0,117.51,51.0,2004.87109375,236.5424804650247
2026-07-20T04:03:25.322092+00:00,8693.0,45.0,118.4,51.0,2004.87109375,236.85846288129687
2026-07-20T04:03:25.599472+00:00,8693.0,46.0,118.99,51.0,2004.87109375,237.1358426734805
2026-07-20T04:03:25.876661+00:00,8693.0,46.0,119.45,51.0,2004.87109375,237.41303159669042
2026-07-20T04:03:26.175322+00:00,8693.0,46.0,119.96,51.0,2004.87109375,237.71169244870543
2026-07-20T04:03:26.475310+00:00,8693.0,46.0,120.36,51.0,2004.87109375,238.01168102771044
2026-07-20T04:03:26.818896+00:00,8693.0,46.0,120.47,51.0,2004.87109375,238.35526603087783
2026-07-20T04:03:27.121024+00:00,8693.0,75.0,139.13,53.0,2004.95703125,238.65739399194717
2026-07-20T04:03:27.450135+00:00,8693.0,71.0,180.23,56.0,2004.95703125,238.986504573375
2026-07-20T04:03:27.751795+00:00,8693.0,49.0,215.56,57.0,2005.0625,239.28816562145948
2026-07-20T04:03:28.029565+00:00,8693.0,41.0,208.06,54.0,2005.0625,239.5659358613193
2026-07-20T04:03:28.329829+00:00,8693.0,40.0,168.17,53.0,2005.0625,239.86619886010885
2026-07-20T04:03:28.629052+00:00,8693.0,41.0,125.78,52.0,2005.0625,240.16542315110564
2026-07-20T04:03:28.978389+00:00,8693.0,41.0,111.98,52.0,2005.0625,240.5147587582469
2026-07-20T04:03:29.277076+00:00,8693.0,41.0,112.03,52.0,2005.0625,240.81344647333026
2026-07-20T04:03:29.572985+00:00,8693.0,42.0,112.0,52.0,2005.0625,241.109356187284
2026-07-20T04:03:29.873247+00:00,8693.0,42.0,112.1,51.0,2005.0625,241.4096171669662
2026-07-20T04:03:30.150793+00:00,8693.0,43.0,112.15,51.0,2005.0625,241.6871630512178
2026-07-20T04:03:30.469736+00:00,8693.0,43.0,112.63,51.0,2005.0625,242.0061065517366
2026-07-20T04:03:30.746808+00:00,8693.0,43.0,112.71,51.0,2005.0625,242.2831785082817
2026-07-20T04:03:31.087369+00:00,8693.0,43.0,113.14,51.0,2005.0625,242.62373935431242
2026-07-20T04:03:31.387397+00:00,8693.0,43.0,113.5,51.0,2005.0625,242.92376759275794
2026-07-20T04:03:31.710225+00:00,8693.0,46.0,119.71,52.0,2005.41015625,243.24659538641572
2026-07-20T04:03:31.988318+00:00,8693.0,55.0,140.85,54.0,2005.41015625,243.52468801662326
2026-07-20T04:03:32.289451+00:00,8693.0,48.0,165.4,56.0,2005.41796875,243.82582154497504
2026-07-20T04:03:32.567768+00:00,8693.0,41.0,172.29,53.0,2005.41796875,244.10413951426744
2026-07-20T04:03:32.893250+00:00,8693.0,40.0,151.62,52.0,2005.41796875,244.4296193756163
2026-07-20T04:03:33.220593+00:00,8693.0,42.0,125.52,52.0,2005.41796875,244.7569617368281
2026-07-20T04:03:33.500356+00:00,8693.0,42.0,112.73,52.0,2005.41796875,245.0367255732417
2026-07-20T04:03:33.778388+00:00,8693.0,42.0,112.69,51.0,2005.41796875,245.31475887820125
2026-07-20T04:03:34.077894+00:00,8693.0,42.0,112.54,51.0,2005.41796875,245.61426443234086
2026-07-20T04:03:34.355088+00:00,8693.0,42.0,112.81,51.0,2005.41796875,245.891458529979
2026-07-20T04:03:34.631652+00:00,8693.0,43.0,113.06,51.0,2005.41796875,246.16802263632417
2026-07-20T04:03:34.908547+00:00,8693.0,43.0,113.08,51.0,2005.41796875,246.4449175298214
2026-07-20T04:03:35.209607+00:00,8693.0,42.0,113.39,51.0,2005.41796875,246.74597715586424
2026-07-20T04:03:35.513406+00:00,8693.0,43.0,113.72,51.0,2005.41796875,247.04977652058005
2026-07-20T04:03:35.838113+00:00,8693.0,43.0,114.02,51.0,2005.41796875,247.3744839206338
2026-07-20T04:03:36.142148+00:00,8693.0,43.0,114.07,51.0,2005.41796875,247.67851723358035
2026-07-20T04:03:36.444942+00:00,8693.0,42.0,114.11,51.0,2005.41796875,247.98131171241403
2026-07-20T04:03:36.750486+00:00,8693.0,43.0,114.3,51.0,2005.41796875,248.28685496747494
2026-07-20T04:03:37.054430+00:00,8693.0,44.0,114.86,51.0,2005.41796875,248.5907987691462
2026-07-20T04:03:37.381204+00:00,8693.0,43.0,115.54,51.0,2005.41796875,248.91757409647107
2026-07-20T04:03:37.686839+00:00,8693.0,42.0,115.78,51.0,2005.41796875,249.2232083939016
2026-07-20T04:03:38.036778+00:00,8693.0,42.0,115.94,51.0,2005.41796875,249.5731475390494
2026-07-20T04:03:38.361177+00:00,8693.0,44.0,116.08,51.0,2005.41796875,249.89754667133093
2026-07-20T04:03:38.663290+00:00,8693.0,44.0,116.93,51.0,2005.41796875,250.1996606886387
2026-07-20T04:03:38.957457+00:00,8693.0,45.0,117.8,51.0,2005.41796875,250.4938273280859
2026-07-20T04:03:39.234521+00:00,8693.0,45.0,118.1,51.0,2005.41796875,250.7708921469748
2026-07-20T04:03:39.584836+00:00,8693.0,49.0,126.94,52.0,2006.15234375,251.12120569497347
2026-07-20T04:03:39.864679+00:00,8693.0,74.0,156.86,54.0,2006.15234375,251.40104988217354
2026-07-20T04:03:40.162723+00:00,8693.0,71.0,195.51,56.0,2006.27734375,251.6990941427648
2026-07-20T04:03:40.447128+00:00,8693.0,0.0,188.03,53.0,2006.59765625,251.9834990799427
2026-07-20T04:03:40.854120+00:00,8693.0,0.0,136.24,51.0,2006.59765625,252.39048974215984
2026-07-20T04:03:41.134157+00:00,8693.0,0.0,91.86,51.0,2008.87109375,252.67052798718214
2026-07-20T04:03:41.412735+00:00,8693.0,0.0,87.93,50.0,2008.87109375,252.94910588860512
2026-07-20T04:03:41.918752+00:00,8693.0,0.0,87.5,50.0,2043.94921875,253.45512061566114
2026-07-20T04:03:42.240291+00:00,8693.0,8.0,87.15,50.0,2697.43359375,253.7766605503857
2026-07-20T04:03:42.518604+00:00,8697.0,10.0,87.11,49.0,3921.68359375,254.054974835366
2026-07-20T04:03:42.893455+00:00,8721.0,1.0,87.06,49.0,2046.9375,254.42982576787472
2026-07-20T04:03:43.200207+00:00,8733.0,36.0,90.55,49.0,2102.70703125,254.73657669499516
2026-07-20T04:03:43.521932+00:00,8733.0,37.0,94.51,49.0,2102.70703125,255.05830135196447
2026-07-20T04:03:43.825105+00:00,8733.0,36.0,98.23,49.0,2102.70703125,255.36147480085492
2026-07-20T04:03:44.102901+00:00,8733.0,36.0,100.41,49.0,2102.70703125,255.6392715089023
2026-07-20T04:03:44.422537+00:00,8733.0,36.0,100.65,49.0,2102.70703125,255.9589072316885
2026-07-20T04:03:44.700980+00:00,8733.0,31.0,101.05,49.0,2102.71875,256.23735040426254
2026-07-20T04:03:44.997806+00:00,8733.0,36.0,100.93,49.0,2102.71875,256.53417643904686
2026-07-20T04:03:45.318661+00:00,8733.0,36.0,101.01,49.0,2102.71875,256.85503214225173
2026-07-20T04:03:45.658388+00:00,8733.0,36.0,100.8,49.0,2102.71875,257.19475845620036
2026-07-20T04:03:45.983693+00:00,8733.0,29.0,100.38,49.0,2102.71875,257.5200624279678
2026-07-20T04:03:46.306746+00:00,8733.0,30.0,100.72,49.0,2102.71875,257.84311498329043
2026-07-20T04:03:46.585835+00:00,8733.0,37.0,100.63,49.0,2102.71875,258.12220549955964
2026-07-20T04:03:46.863980+00:00,8733.0,37.0,100.64,49.0,2102.71875,258.4003501236439
2026-07-20T04:03:47.165328+00:00,8733.0,37.0,101.03,48.0,2102.71875,258.70169868320227
2026-07-20T04:03:47.466928+00:00,8733.0,37.0,100.71,48.0,2102.71875,259.0032979361713
2026-07-20T04:03:47.813824+00:00,8733.0,36.0,100.84,48.0,2102.71875,259.35019481927156
2026-07-20T04:03:48.117517+00:00,8733.0,36.0,101.32,48.0,2102.71875,259.653886731714
2026-07-20T04:03:48.422054+00:00,8733.0,37.0,101.43,48.0,2102.71875,259.95842323079705
2026-07-20T04:03:48.747093+00:00,8733.0,37.0,101.31,48.0,2102.71875,260.2834630161524
2026-07-20T04:03:49.046773+00:00,8733.0,36.0,101.03,48.0,2102.71875,260.5831439681351
2026-07-20T04:03:49.324095+00:00,8733.0,36.0,100.87,48.0,2102.71875,260.86046605557203
2026-07-20T04:03:49.617971+00:00,8733.0,37.0,100.98,48.0,2102.71875,261.15434143319726
2026-07-20T04:03:49.894826+00:00,8733.0,37.0,100.45,48.0,2102.71875,261.43119629845023
2026-07-20T04:03:50.239281+00:00,8733.0,37.0,100.45,48.0,2102.71875,261.77565034106374
2026-07-20T04:03:50.545541+00:00,8733.0,37.0,100.24,48.0,2102.71875,262.0819098800421
2026-07-20T04:03:50.850276+00:00,8733.0,26.0,99.44,48.0,2102.71875,262.3866447471082
2026-07-20T04:03:51.168443+00:00,8735.0,37.0,99.51,48.0,2102.71875,262.7048121765256
2026-07-20T04:03:51.466528+00:00,8735.0,36.0,99.54,48.0,2102.71875,263.00289814174175
2026-07-20T04:03:51.788529+00:00,8735.0,33.0,100.89,48.0,2102.78125,263.3248988650739
2026-07-20T04:03:52.111611+00:00,8735.0,36.0,100.91,48.0,2102.78125,263.6479798518121
2026-07-20T04:03:52.410819+00:00,8735.0,36.0,100.74,48.0,2102.78125,263.94718772917986
2026-07-20T04:03:52.710431+00:00,8735.0,34.0,100.62,48.0,2102.78125,264.24680057540536
2026-07-20T04:03:53.011860+00:00,8735.0,36.0,100.27,48.0,2102.78125,264.54822962358594
2026-07-20T04:03:53.310671+00:00,8735.0,36.0,100.35,48.0,2102.78125,264.8470410965383
2026-07-20T04:03:53.589485+00:00,8735.0,33.0,100.76,48.0,2102.78515625,265.1258541531861
2026-07-20T04:03:53.889509+00:00,8735.0,37.0,100.71,48.0,2102.78515625,265.42587937042117
2026-07-20T04:03:54.214083+00:00,8735.0,37.0,100.63,48.0,2102.78515625,265.75045347213745
2026-07-20T04:03:54.530149+00:00,8735.0,34.0,100.77,48.0,2102.78515625,266.06651878356934
2026-07-20T04:03:54.831794+00:00,8735.0,37.0,100.3,48.0,2102.78515625,266.3681643232703
2026-07-20T04:03:55.127789+00:00,8735.0,37.0,100.34,48.0,2102.78515625,266.6641595624387
2026-07-20T04:03:55.405563+00:00,8735.0,37.0,100.15,48.0,2102.78515625,266.94193341583014
2026-07-20T04:03:55.683142+00:00,8735.0,37.0,100.3,48.0,2102.78515625,267.2195125296712
2026-07-20T04:03:55.960694+00:00,8735.0,37.0,100.59,48.0,2102.8515625,267.497064512223
2026-07-20T04:03:56.281823+00:00,8735.0,36.0,100.88,48.0,2102.8515625,267.8181931897998
2026-07-20T04:03:56.631068+00:00,8735.0,35.0,100.86,48.0,2102.8515625,268.16743802279234
2026-07-20T04:03:56.927697+00:00,8735.0,36.0,100.81,48.0,2102.8515625,268.46406745910645
2026-07-20T04:03:57.205184+00:00,8735.0,36.0,100.61,47.0,2102.85546875,268.74155462905765
2026-07-20T04:03:57.503007+00:00,8735.0,36.0,100.71,47.0,2102.85546875,269.03937815129757
2026-07-20T04:03:57.801731+00:00,8735.0,36.0,100.79,47.0,2102.85546875,269.3381013646722
2026-07-20T04:03:58.097166+00:00,8735.0,36.0,100.47,47.0,2102.859375,269.6335368975997
2026-07-20T04:03:58.374689+00:00,8735.0,36.0,100.89,47.0,2102.859375,269.9110594652593
2026-07-20T04:03:58.705134+00:00,8735.0,36.0,100.61,47.0,2102.859375,270.24150271713734
2026-07-20T04:03:58.984772+00:00,8735.0,37.0,100.49,47.0,2102.859375,270.5211425833404
2026-07-20T04:03:59.285778+00:00,8735.0,36.0,100.39,47.0,2102.859375,270.82214871421456
2026-07-20T04:03:59.586375+00:00,8735.0,36.0,100.1,47.0,2102.859375,271.1227452419698
2026-07-20T04:03:59.863871+00:00,8735.0,32.0,100.46,48.0,2102.86328125,271.4002412110567
2026-07-20T04:04:00.141238+00:00,8735.0,36.0,100.45,47.0,2102.86328125,271.67760856077075
2026-07-20T04:04:00.419143+00:00,8735.0,36.0,100.37,47.0,2102.86328125,271.95551362633705
2026-07-20T04:04:00.718517+00:00,8735.0,37.0,100.1,47.0,2102.86328125,272.25488759204745
2026-07-20T04:04:00.997951+00:00,8735.0,37.0,99.76,47.0,2102.86328125,272.53432086855173
2026-07-20T04:04:01.322526+00:00,8735.0,36.0,99.91,47.0,2102.86328125,272.8588960431516
2026-07-20T04:04:01.641639+00:00,8735.0,37.0,99.65,47.0,2102.86328125,273.17800952494144
2026-07-20T04:04:01.942585+00:00,8735.0,37.0,100.08,47.0,2102.86328125,273.47895572707057
2026-07-20T04:04:02.243246+00:00,8735.0,32.0,100.27,47.0,2102.86328125,273.7796164341271
2026-07-20T04:04:02.565554+00:00,8735.0,36.0,99.91,47.0,2102.86328125,274.1019242219627
2026-07-20T04:04:02.890415+00:00,8735.0,36.0,99.68,47.0,2102.86328125,274.4267851188779
2026-07-20T04:04:03.168415+00:00,8735.0,36.0,99.7,47.0,2102.86328125,274.704785361886
2026-07-20T04:04:03.466777+00:00,8735.0,36.0,99.47,47.0,2102.86328125,275.00314697250724
2026-07-20T04:04:03.743845+00:00,8735.0,36.0,99.63,47.0,2102.86328125,275.280215729028
2026-07-20T04:04:04.042327+00:00,8735.0,36.0,100.19,47.0,2102.86328125,275.5786973834038
2026-07-20T04:04:04.319515+00:00,8735.0,37.0,100.04,47.0,2102.86328125,275.855885732919
2026-07-20T04:04:04.596594+00:00,8735.0,37.0,100.08,47.0,2102.86328125,276.1329641379416
2026-07-20T04:04:04.898297+00:00,8735.0,36.0,99.52,47.0,2102.86328125,276.43466552719474
2026-07-20T04:04:05.243224+00:00,8735.0,36.0,99.54,47.0,2102.86328125,276.7795925959945
2026-07-20T04:04:05.546336+00:00,8735.0,34.0,99.56,47.0,2102.86328125,277.0827054269612
2026-07-20T04:04:05.872256+00:00,8735.0,32.0,99.96,47.0,2102.8671875,277.4086245931685
2026-07-20T04:04:06.178355+00:00,8735.0,36.0,100.17,47.0,2102.8671875,277.7147232964635
2026-07-20T04:04:06.496547+00:00,8735.0,36.0,100.3,47.0,2102.8671875,278.03291538357735
2026-07-20T04:04:06.844927+00:00,8735.0,36.0,100.47,47.0,2102.8671875,278.3812963999808
2026-07-20T04:04:07.149807+00:00,8735.0,36.0,99.92,47.0,2102.8671875,278.6861768141389
2026-07-20T04:04:07.452123+00:00,8735.0,36.0,99.86,47.0,2102.8671875,278.98849189281464
2026-07-20T04:04:07.747008+00:00,8735.0,36.0,99.79,47.0,2102.8671875,279.28337859734893
2026-07-20T04:04:08.024971+00:00,8735.0,37.0,99.85,47.0,2102.8671875,279.5613420121372
2026-07-20T04:04:08.302329+00:00,8735.0,37.0,99.8,47.0,2102.8671875,279.8386990875006
2026-07-20T04:04:08.579300+00:00,8735.0,37.0,100.01,47.0,2102.8671875,280.1156710572541
2026-07-20T04:04:08.856586+00:00,8735.0,36.0,99.99,47.0,2102.8671875,280.39295687898993
2026-07-20T04:04:09.133940+00:00,8735.0,36.0,100.16,47.0,2102.8671875,280.6703105121851
2026-07-20T04:04:09.432821+00:00,8735.0,37.0,100.08,47.0,2102.8671875,280.96919052675366
2026-07-20T04:04:09.735710+00:00,8735.0,38.0,100.88,47.0,2102.8671875,281.27208034694195
2026-07-20T04:04:10.035680+00:00,8735.0,37.0,100.73,47.0,2102.8671875,281.57205087319016
2026-07-20T04:04:10.314310+00:00,8735.0,37.0,100.4,47.0,2102.8671875,281.85068006813526
2026-07-20T04:04:10.640280+00:00,8735.0,33.0,99.51,47.0,2102.8671875,282.17664942517877
2026-07-20T04:04:10.939937+00:00,8735.0,37.0,99.38,47.0,2102.8671875,282.4763061515987
2026-07-20T04:04:11.262176+00:00,8735.0,37.0,99.34,47.0,2102.8671875,282.7985459975898
2026-07-20T04:04:11.564996+00:00,8735.0,37.0,99.85,47.0,2102.8671875,283.1013656184077
2026-07-20T04:04:11.866794+00:00,8735.0,37.0,99.88,47.0,2102.8671875,283.4031636752188
2026-07-20T04:04:12.144755+00:00,8735.0,37.0,100.31,47.0,2102.8671875,283.6811256967485
2026-07-20T04:04:12.442942+00:00,8735.0,37.0,100.38,47.0,2102.8671875,283.9793131388724
2026-07-20T04:04:12.721194+00:00,8735.0,37.0,100.09,47.0,2102.8671875,284.25756473094225
2026-07-20T04:04:12.998866+00:00,8735.0,37.0,99.76,47.0,2102.8671875,284.5352369323373
2026-07-20T04:04:13.299467+00:00,8735.0,37.0,99.76,47.0,2102.8671875,284.83583736792207
2026-07-20T04:04:13.597063+00:00,8735.0,35.0,99.72,47.0,2102.8671875,285.1334329433739
2026-07-20T04:04:13.877516+00:00,8735.0,37.0,99.4,47.0,2102.8671875,285.41388576850295
2026-07-20T04:04:14.178260+00:00,8735.0,37.0,99.22,47.0,2102.8671875,285.7146294005215
2026-07-20T04:04:14.479839+00:00,8735.0,37.0,99.49,47.0,2102.8671875,286.0162088982761
2026-07-20T04:04:14.758177+00:00,8735.0,36.0,99.62,47.0,2102.8671875,286.2945477999747
2026-07-20T04:04:15.052043+00:00,8735.0,34.0,100.2,47.0,2102.87109375,286.5884130485356
2026-07-20T04:04:15.352585+00:00,8735.0,37.0,99.87,47.0,2102.87109375,286.8889558389783
2026-07-20T04:04:15.695864+00:00,8735.0,36.0,100.11,47.0,2102.87109375,287.2322333678603
2026-07-20T04:04:15.975712+00:00,8735.0,37.0,99.81,47.0,2102.87109375,287.5120821148157
2026-07-20T04:04:16.255177+00:00,8735.0,36.0,99.74,47.0,2102.87109375,287.791547793895
2026-07-20T04:04:16.533335+00:00,8735.0,36.0,99.89,47.0,2102.87109375,288.0697059966624
2026-07-20T04:04:16.811368+00:00,8735.0,36.0,99.69,47.0,2102.87109375,288.3477386571467
2026-07-20T04:04:17.106772+00:00,8735.0,37.0,99.81,47.0,2102.87109375,288.64314229786396
2026-07-20T04:04:17.384878+00:00,8735.0,37.0,100.01,47.0,2102.87109375,288.92124843224883
2026-07-20T04:04:17.662977+00:00,8735.0,36.0,99.88,47.0,2102.875,289.1993474662304
2026-07-20T04:04:17.941171+00:00,8735.0,38.0,100.05,47.0,2102.87890625,289.4775415621698
2026-07-20T04:04:18.242334+00:00,8735.0,37.0,99.63,47.0,2102.87890625,289.7787043005228
2026-07-20T04:04:18.542757+00:00,8735.0,36.0,99.41,47.0,2102.87890625,290.0791276246309
2026-07-20T04:04:18.842310+00:00,8735.0,35.0,99.04,46.0,2102.87890625,290.3786788880825
2026-07-20T04:04:19.122277+00:00,8735.0,36.0,99.06,46.0,2102.87890625,290.6586470492184
2026-07-20T04:04:19.443965+00:00,8735.0,36.0,99.1,46.0,2102.87890625,290.980333250016
2026-07-20T04:04:19.767564+00:00,8735.0,36.0,98.99,46.0,2102.87890625,291.3039335720241
2026-07-20T04:04:20.075269+00:00,8735.0,37.0,99.38,47.0,2102.87890625,291.61163836345077
2026-07-20T04:04:20.373796+00:00,8735.0,37.0,99.58,46.0,2102.87890625,291.91016583144665
2026-07-20T04:04:20.723507+00:00,8735.0,35.0,99.61,46.0,2102.87890625,292.25987692177296
2026-07-20T04:04:21.025668+00:00,8735.0,36.0,99.23,46.0,2102.87890625,292.56203749775887
2026-07-20T04:04:21.329474+00:00,8735.0,36.0,99.34,46.0,2102.87890625,292.86584293842316
2026-07-20T04:04:21.651841+00:00,8735.0,36.0,99.33,46.0,2102.87890625,293.18821001797915
2026-07-20T04:04:21.972716+00:00,8735.0,36.0,99.39,46.0,2102.87890625,293.5090846605599
2026-07-20T04:04:22.318183+00:00,8735.0,37.0,99.31,46.0,2102.87890625,293.85455194860697
2026-07-20T04:04:22.618287+00:00,8735.0,36.0,99.53,46.0,2102.8828125,294.1546566300094
2026-07-20T04:04:22.939423+00:00,8735.0,36.0,99.63,46.0,2102.8828125,294.47579238936305
2026-07-20T04:04:23.280397+00:00,8735.0,37.0,99.38,46.0,2102.8828125,294.8167657330632
2026-07-20T04:04:23.586108+00:00,8735.0,36.0,99.19,46.0,2102.8828125,295.12247790396214
2026-07-20T04:04:23.913874+00:00,8735.0,36.0,99.23,46.0,2102.8828125,295.4502430893481
2026-07-20T04:04:24.218320+00:00,8735.0,36.0,99.39,46.0,2102.8828125,295.754689630121
2026-07-20T04:04:24.521872+00:00,8735.0,35.0,99.21,46.0,2102.8828125,296.0582406371832
2026-07-20T04:04:24.844599+00:00,8735.0,36.0,98.89,46.0,2102.8828125,296.38096810132265
2026-07-20T04:04:25.196515+00:00,8735.0,36.0,98.94,46.0,2102.8828125,296.73288405686617
2026-07-20T04:04:25.501848+00:00,8735.0,29.0,98.61,46.0,2102.8828125,297.0382170639932
2026-07-20T04:04:25.805142+00:00,8735.0,36.0,98.43,46.0,2102.8828125,297.3415115736425
2026-07-20T04:04:26.105984+00:00,8735.0,36.0,98.87,46.0,2102.8828125,297.64235294237733
2026-07-20T04:04:26.432639+00:00,8735.0,37.0,99.45,46.0,2102.88671875,297.96900721266866
2026-07-20T04:04:26.756429+00:00,8735.0,37.0,100.04,46.0,2102.88671875,298.2927986495197
2026-07-20T04:04:27.103747+00:00,8735.0,36.0,99.82,46.0,2102.88671875,298.6401158235967
2026-07-20T04:04:27.432788+00:00,8735.0,36.0,99.15,46.0,2102.88671875,298.9691575616598
2026-07-20T04:04:27.779946+00:00,8735.0,34.0,99.66,46.0,2102.88671875,299.31631576642394
2026-07-20T04:04:28.105654+00:00,8735.0,37.0,99.62,46.0,2102.88671875,299.64202286303043
2026-07-20T04:04:28.410391+00:00,8735.0,34.0,99.98,46.0,2102.88671875,299.9467596001923
2026-07-20T04:04:28.692646+00:00,8735.0,36.0,100.08,46.0,2102.88671875,300.229015994817
2026-07-20T04:04:29.017107+00:00,8735.0,35.0,99.41,46.0,2102.88671875,300.5534755848348
2026-07-20T04:04:29.322589+00:00,8735.0,34.0,98.91,46.0,2102.88671875,300.85895835608244
2026-07-20T04:04:29.625396+00:00,8735.0,36.0,98.94,46.0,2102.88671875,301.16176518425345
2026-07-20T04:04:29.948096+00:00,8735.0,37.0,99.18,46.0,2102.88671875,301.48446508497
2026-07-20T04:04:30.255871+00:00,8735.0,36.0,99.3,46.0,2102.88671875,301.79223885014653
2026-07-20T04:04:30.608332+00:00,8735.0,36.0,99.64,46.0,2102.88671875,302.14470157027245
2026-07-20T04:04:30.910246+00:00,8735.0,36.0,99.71,46.0,2102.88671875,302.44661531224847
2026-07-20T04:04:31.236815+00:00,8735.0,36.0,99.81,46.0,2102.88671875,302.7731836028397
2026-07-20T04:04:31.584015+00:00,8735.0,36.0,99.72,46.0,2102.88671875,303.12038381770253
2026-07-20T04:04:31.906920+00:00,8735.0,36.0,99.35,46.0,2102.88671875,303.44328888878226
2026-07-20T04:04:32.256492+00:00,8735.0,37.0,98.97,46.0,2102.88671875,303.79286159947515
2026-07-20T04:04:32.606958+00:00,8735.0,36.0,98.64,46.0,2102.88671875,304.1433268263936
2026-07-20T04:04:32.960167+00:00,8735.0,37.0,98.9,46.0,2102.88671875,304.49653470516205
2026-07-20T04:04:33.287759+00:00,8735.0,35.0,99.18,46.0,2102.88671875,304.82412848994136
2026-07-20T04:04:33.608606+00:00,8735.0,35.0,99.6,46.0,2102.88671875,305.1449745371938
2026-07-20T04:04:33.956165+00:00,8735.0,36.0,98.95,46.0,2102.88671875,305.49253433570266
2026-07-20T04:04:34.282455+00:00,8735.0,37.0,99.57,46.0,2102.88671875,305.8188234716654
2026-07-20T04:04:34.588962+00:00,8735.0,36.0,99.37,46.0,2102.88671875,306.1253304332495
2026-07-20T04:04:34.918236+00:00,8735.0,34.0,99.67,46.0,2102.88671875,306.4546057879925
2026-07-20T04:04:35.244396+00:00,8735.0,35.0,99.32,46.0,2102.88671875,306.7807654514909
2026-07-20T04:04:35.550481+00:00,8735.0,37.0,98.78,46.0,2102.88671875,307.0868500210345
2026-07-20T04:04:35.900225+00:00,8735.0,35.0,98.83,46.0,2102.88671875,307.4365940578282
2026-07-20T04:04:36.228403+00:00,8735.0,35.0,99.03,46.0,2102.88671875,307.7647720053792
2026-07-20T04:04:36.556063+00:00,8737.0,30.0,99.16,46.0,2102.88671875,308.09243223816156
2026-07-20T04:04:36.865209+00:00,8737.0,32.0,98.53,46.0,2102.88671875,308.40157798677683
2026-07-20T04:04:37.189130+00:00,8737.0,36.0,98.48,46.0,2102.88671875,308.7254997752607
2026-07-20T04:04:37.494858+00:00,8737.0,36.0,98.57,46.0,2102.88671875,309.03122767806053
2026-07-20T04:04:37.802730+00:00,8737.0,34.0,98.6,46.0,2102.88671875,309.3390984199941
2026-07-20T04:04:38.102701+00:00,8737.0,36.0,98.96,46.0,2102.88671875,309.6390706039965
2026-07-20T04:04:38.428407+00:00,8737.0,37.0,98.88,46.0,2102.88671875,309.9647756256163
2026-07-20T04:04:38.735519+00:00,8737.0,37.0,99.15,46.0,2102.88671875,310.2718866020441
2026-07-20T04:04:39.064622+00:00,8737.0,37.0,99.15,46.0,2102.88671875,310.6009906232357
2026-07-20T04:04:39.370716+00:00,8737.0,37.0,99.01,46.0,2102.88671875,310.90708457678556
2026-07-20T04:04:39.674914+00:00,8737.0,35.0,99.51,46.0,2102.88671875,311.2112830467522
2026-07-20T04:04:40.000435+00:00,8737.0,36.0,99.46,46.0,2102.88671875,311.5368046499789
2026-07-20T04:04:40.301667+00:00,8737.0,37.0,99.26,46.0,2102.88671875,311.83803618326783
2026-07-20T04:04:40.620371+00:00,8737.0,37.0,98.66,46.0,2102.88671875,312.15674045681953
2026-07-20T04:04:40.926551+00:00,8737.0,32.0,99.02,46.0,2102.88671875,312.46292044222355
2026-07-20T04:04:41.226529+00:00,8737.0,36.0,99.01,46.0,2102.88671875,312.7628985606134
2026-07-20T04:04:41.548723+00:00,8737.0,36.0,99.4,46.0,2102.88671875,313.08509220555425
2026-07-20T04:04:41.854456+00:00,8737.0,36.0,100.21,46.0,2102.890625,313.39082465320826
2026-07-20T04:04:42.154352+00:00,8737.0,35.0,99.8,46.0,2102.890625,313.69072173163295
2026-07-20T04:04:42.457797+00:00,8737.0,36.0,99.41,46.0,2102.890625,313.9941663220525
2026-07-20T04:04:42.765783+00:00,8737.0,35.0,99.29,46.0,2102.890625,314.3021522834897
2026-07-20T04:04:43.089323+00:00,8737.0,36.0,98.78,46.0,2102.890625,314.6256803050637
2026-07-20T04:04:43.398519+00:00,8737.0,36.0,98.77,46.0,2102.890625,314.93488877639174
2026-07-20T04:04:43.698932+00:00,8737.0,35.0,98.87,46.0,2102.890625,315.23530009016395
2026-07-20T04:04:44.007734+00:00,8737.0,35.0,98.47,46.0,2102.890625,315.5441032126546
2026-07-20T04:04:44.332347+00:00,8737.0,32.0,98.84,46.0,2102.890625,315.8687157407403
2026-07-20T04:04:44.638838+00:00,8737.0,34.0,98.82,46.0,2102.890625,316.1752077527344
2026-07-20T04:04:44.940994+00:00,8737.0,36.0,98.94,46.0,2102.890625,316.4773628897965
2026-07-20T04:04:45.226491+00:00,8737.0,37.0,98.78,46.0,2102.890625,316.7628596648574
2026-07-20T04:04:45.530968+00:00,8737.0,34.0,98.58,46.0,2102.890625,317.06733736768365
2026-07-20T04:04:45.835071+00:00,8737.0,35.0,98.65,46.0,2102.890625,317.3714405409992
2026-07-20T04:04:46.160552+00:00,8737.0,36.0,98.75,46.0,2102.890625,317.6969201900065
2026-07-20T04:04:46.466200+00:00,8737.0,35.0,98.72,46.0,2102.890625,318.002569232136
2026-07-20T04:04:46.774295+00:00,8737.0,37.0,98.55,46.0,2102.890625,318.31066378578544
2026-07-20T04:04:47.078289+00:00,8737.0,37.0,98.68,46.0,2102.890625,318.61465851962566
2026-07-20T04:04:47.382109+00:00,8737.0,37.0,99.24,46.0,2102.890625,318.9184777699411
2026-07-20T04:04:47.708786+00:00,8737.0,35.0,99.28,46.0,2102.890625,319.2451551668346
2026-07-20T04:04:48.056610+00:00,8737.0,36.0,99.49,46.0,2102.890625,319.59297854453325
2026-07-20T04:04:48.384445+00:00,8737.0,34.0,98.68,46.0,2102.890625,319.9208146966994
2026-07-20T04:04:48.712581+00:00,8737.0,36.0,99.6,46.0,2102.890625,320.2489495277405
2026-07-20T04:04:49.018007+00:00,8737.0,36.0,99.37,46.0,2102.890625,320.5543760806322
2026-07-20T04:04:49.344273+00:00,8737.0,37.0,99.27,46.0,2102.890625,320.8806419707835
2026-07-20T04:04:49.697115+00:00,8737.0,34.0,98.64,46.0,2102.890625,321.2334837913513
2026-07-20T04:04:50.003835+00:00,8737.0,37.0,98.56,46.0,2102.89453125,321.5402036495507
2026-07-20T04:04:50.310580+00:00,8737.0,35.0,99.13,46.0,2102.89453125,321.84694904461503
2026-07-20T04:04:50.632612+00:00,8737.0,35.0,99.1,46.0,2102.89453125,322.16898176446557
2026-07-20T04:04:50.938299+00:00,8737.0,36.0,99.19,46.0,2102.89453125,322.4746683165431
2026-07-20T04:04:51.264051+00:00,8737.0,36.0,98.63,46.0,2102.89453125,322.8004197143018
2026-07-20T04:04:51.569885+00:00,8737.0,36.0,98.99,46.0,2102.89453125,323.106254119426
2026-07-20T04:04:51.901415+00:00,8737.0,34.0,99.26,46.0,2102.89453125,323.4377836845815
2026-07-20T04:04:52.206687+00:00,8737.0,36.0,99.33,46.0,2102.89453125,323.7430564314127
2026-07-20T04:04:52.489565+00:00,8737.0,37.0,99.93,46.0,2102.89453125,324.025934856385
2026-07-20T04:04:52.817073+00:00,8737.0,35.0,99.56,46.0,2102.89453125,324.3534408584237
2026-07-20T04:04:53.122571+00:00,8737.0,37.0,99.64,46.0,2102.89453125,324.6589399166405
2026-07-20T04:04:53.426835+00:00,8737.0,35.0,98.88,46.0,2102.89453125,324.9632039293647
2026-07-20T04:04:53.748515+00:00,8737.0,35.0,99.14,46.0,2102.89453125,325.28488270938396
2026-07-20T04:04:54.051055+00:00,8737.0,37.0,99.59,46.0,2102.89453125,325.5874242782593
2026-07-20T04:04:54.355058+00:00,8737.0,37.0,99.68,46.0,2102.89453125,325.89142664149404
2026-07-20T04:04:54.677187+00:00,8737.0,36.0,99.47,46.0,2102.89453125,326.21355591341853
2026-07-20T04:04:54.978678+00:00,8737.0,36.0,99.21,46.0,2102.89453125,326.51504735276103
2026-07-20T04:04:55.281504+00:00,8737.0,36.0,99.17,46.0,2102.89453125,326.81787388026714
2026-07-20T04:04:55.590754+00:00,8737.0,36.0,99.1,46.0,2102.89453125,327.1271231174469
2026-07-20T04:04:55.912907+00:00,8737.0,35.0,99.0,46.0,2102.89453125,327.4492761902511
2026-07-20T04:04:56.233373+00:00,8737.0,37.0,98.81,46.0,2102.89453125,327.76974207162857
2026-07-20T04:04:56.538075+00:00,8737.0,36.0,98.81,46.0,2102.89453125,328.07444493100047
2026-07-20T04:04:56.838627+00:00,8739.0,31.0,100.02,46.0,2103.83203125,328.3749966584146
2026-07-20T04:04:57.164880+00:00,8739.0,36.0,100.16,46.0,2103.83203125,328.7012491263449
2026-07-20T04:04:57.515957+00:00,8739.0,35.0,100.4,46.0,2103.83203125,329.0523258559406
2026-07-20T04:04:57.844070+00:00,8739.0,36.0,99.36,46.0,2103.83203125,329.3804392069578
2026-07-20T04:04:58.171593+00:00,8741.0,36.0,99.43,46.0,2103.83203125,329.7079626470804
2026-07-20T04:04:58.524115+00:00,8741.0,35.0,99.68,46.0,2103.83203125,330.0604843236506
2026-07-20T04:04:58.876795+00:00,8741.0,36.0,99.35,46.0,2104.01953125,330.41316282376647
2026-07-20T04:04:59.181989+00:00,8741.0,34.0,98.79,46.0,2104.01953125,330.7183591276407
2026-07-20T04:04:59.489765+00:00,8741.0,36.0,98.44,46.0,2104.01953125,331.02613462507725
2026-07-20T04:04:59.793334+00:00,8741.0,35.0,98.21,46.0,2104.01953125,331.329702693969
2026-07-20T04:05:00.099119+00:00,8741.0,35.0,98.54,46.0,2104.01953125,331.6354885660112
2026-07-20T04:05:00.404440+00:00,8741.0,35.0,98.5,46.0,2104.01953125,331.9408090673387
2026-07-20T04:05:00.687902+00:00,8741.0,34.0,98.21,46.0,2104.01953125,332.22427093982697
2026-07-20T04:05:00.994172+00:00,8741.0,37.0,98.66,46.0,2104.01953125,332.53054079040885
2026-07-20T04:05:01.294142+00:00,8741.0,36.0,98.89,46.0,2104.01953125,332.83051059395075
2026-07-20T04:05:01.597947+00:00,8741.0,35.0,99.03,46.0,2104.01953125,333.13431625813246
2026-07-20T04:05:01.926377+00:00,8741.0,36.0,98.74,46.0,2104.01953125,333.4627454727888
2026-07-20T04:05:02.225641+00:00,8741.0,35.0,98.7,46.0,2104.01953125,333.762010589242
2026-07-20T04:05:02.532475+00:00,8741.0,36.0,98.99,46.0,2104.01953125,334.06884417310357
2026-07-20T04:05:02.859805+00:00,8741.0,35.0,98.96,46.0,2104.01953125,334.3961726240814
2026-07-20T04:05:03.161867+00:00,8741.0,37.0,99.21,46.0,2104.01953125,334.69823609665036
2026-07-20T04:05:03.470202+00:00,8741.0,36.0,99.03,46.0,2104.01953125,335.0065708309412
2026-07-20T04:05:03.820546+00:00,8741.0,37.0,98.95,46.0,2104.01953125,335.3569148108363
2026-07-20T04:05:04.101941+00:00,8741.0,37.0,99.13,46.0,2104.01953125,335.63831178471446
2026-07-20T04:05:04.401217+00:00,8741.0,37.0,99.21,46.0,2104.01953125,335.9375877082348
2026-07-20T04:05:04.699843+00:00,8741.0,37.0,99.24,46.0,2104.01953125,336.2362133525312
2026-07-20T04:05:04.978708+00:00,8741.0,37.0,99.17,46.0,2104.0234375,336.5150785781443
2026-07-20T04:05:05.256991+00:00,8741.0,32.0,98.87,46.0,2104.25390625,336.7933606803417
2026-07-20T04:05:05.561796+00:00,8741.0,35.0,98.79,46.0,2104.25390625,337.0981649160385
2026-07-20T04:05:05.841380+00:00,8741.0,37.0,98.55,46.0,2104.25390625,337.37775019928813
2026-07-20T04:05:06.120366+00:00,8741.0,37.0,98.68,46.0,2104.25390625,337.6567366309464
2026-07-20T04:05:06.398374+00:00,8741.0,37.0,98.66,46.0,2104.25390625,337.9347444921732
2026-07-20T04:05:06.715833+00:00,8741.0,27.0,98.7,46.0,2104.30078125,338.2522018663585
2026-07-20T04:05:07.018196+00:00,8741.0,37.0,98.81,46.0,2104.30859375,338.55456583946943
2026-07-20T04:05:07.313314+00:00,8741.0,36.0,99.05,46.0,2104.30859375,338.8496847450733
2026-07-20T04:05:07.652850+00:00,8741.0,36.0,99.16,46.0,2104.3125,339.18922106549144
2026-07-20T04:05:07.954386+00:00,8741.0,36.0,99.14,46.0,2104.3125,339.49075558781624
2026-07-20T04:05:08.254469+00:00,8741.0,36.0,99.1,46.0,2104.3125,339.79083943367004
2026-07-20T04:05:08.553961+00:00,8741.0,36.0,98.54,46.0,2104.3125,340.0903313793242
2026-07-20T04:05:08.857345+00:00,8741.0,35.0,98.33,46.0,2104.3125,340.39371448755264
2026-07-20T04:05:09.157725+00:00,8741.0,36.0,98.41,46.0,2104.31640625,340.6940948404372
2026-07-20T04:05:09.436741+00:00,8741.0,36.0,98.67,46.0,2104.31640625,340.97311086952686
2026-07-20T04:05:09.714959+00:00,8741.0,36.0,99.03,46.0,2104.3203125,341.251329716295
2026-07-20T04:05:09.993124+00:00,8741.0,37.0,99.39,46.0,2104.3203125,341.5294945463538
2026-07-20T04:05:10.272576+00:00,8741.0,37.0,99.53,46.0,2104.32421875,341.80894543230534
2026-07-20T04:05:10.573825+00:00,8741.0,36.0,99.13,46.0,2104.3828125,342.11019345745444
2026-07-20T04:05:10.923999+00:00,8741.0,36.0,98.8,46.0,2104.3828125,342.4603678137064
2026-07-20T04:05:11.228882+00:00,8741.0,35.0,98.95,46.0,2104.390625,342.76525186374784
2026-07-20T04:05:11.508588+00:00,8741.0,36.0,99.06,46.0,2104.390625,343.0449589379132
2026-07-20T04:05:11.810556+00:00,8741.0,36.0,99.07,46.0,2104.39453125,343.3469266407192
2026-07-20T04:05:12.091327+00:00,8741.0,36.0,98.8,46.0,2104.40625,343.6276976130903
2026-07-20T04:05:12.369568+00:00,8741.0,36.0,98.79,46.0,2104.40625,343.9059385061264
2026-07-20T04:05:12.647489+00:00,8741.0,37.0,98.79,46.0,2104.4140625,344.1838595196605
2026-07-20T04:05:12.965693+00:00,8741.0,37.0,98.87,46.0,2104.4140625,344.5020637959242
2026-07-20T04:05:13.244839+00:00,8741.0,37.0,98.93,46.0,2104.41796875,344.7812093831599
2026-07-20T04:05:13.523394+00:00,8741.0,37.0,99.0,45.0,2104.421875,345.0597646571696
2026-07-20T04:05:13.825442+00:00,8741.0,37.0,99.09,46.0,2104.44140625,345.3618131056428
2026-07-20T04:05:14.104318+00:00,8741.0,37.0,99.09,46.0,2104.4453125,345.64068834483624
2026-07-20T04:05:14.381865+00:00,8741.0,37.0,99.2,46.0,2104.4453125,345.91823544353247
2026-07-20T04:05:14.682666+00:00,8741.0,37.0,99.13,46.0,2104.453125,346.2190367653966
2026-07-20T04:05:14.981722+00:00,8741.0,37.0,99.09,46.0,2104.46484375,346.51809272542596
2026-07-20T04:05:15.311261+00:00,8741.0,37.0,98.87,46.0,2104.46484375,346.8476299531758
2026-07-20T04:05:15.592518+00:00,8741.0,37.0,99.02,45.0,2104.47265625,347.12888830155134
2026-07-20T04:05:15.915150+00:00,8741.0,37.0,99.09,46.0,2104.47265625,347.4515204168856
2026-07-20T04:05:16.252111+00:00,8741.0,34.0,99.19,46.0,2104.5,347.7884709723294
2026-07-20T04:05:16.558295+00:00,8741.0,36.0,99.12,45.0,2104.5,348.0946651212871
2026-07-20T04:05:16.862291+00:00,8741.0,37.0,99.25,45.0,2104.5078125,348.3986605256796
2026-07-20T04:05:17.216357+00:00,8741.0,36.0,99.3,45.0,2104.515625,348.7527236491442
2026-07-20T04:05:17.522571+00:00,8741.0,36.0,99.16,46.0,2104.515625,349.05893459171057
2026-07-20T04:05:17.875813+00:00,8741.0,37.0,99.0,45.0,2104.5234375,349.412182521075
2026-07-20T04:05:18.204663+00:00,8741.0,37.0,99.24,46.0,2104.5234375,349.7410324588418
2026-07-20T04:05:18.508871+00:00,8741.0,37.0,99.62,45.0,2104.52734375,350.04524176195264
2026-07-20T04:05:18.812016+00:00,8741.0,34.0,99.6,46.0,2105.0859375,350.3483830653131
2026-07-20T04:05:19.118752+00:00,8741.0,37.0,98.97,45.0,2105.09375,350.6551210694015
2026-07-20T04:05:19.426529+00:00,8741.0,35.0,98.33,45.0,2105.09375,350.96289848163724
2026-07-20T04:05:19.774848+00:00,8741.0,37.0,98.04,45.0,2105.09375,351.31121734529734
2026-07-20T04:05:20.105145+00:00,8741.0,36.0,98.86,45.0,2105.1015625,351.6415137834847
2026-07-20T04:05:20.405543+00:00,8741.0,36.0,99.33,45.0,2105.1015625,351.9419125765562
2026-07-20T04:05:20.703664+00:00,8741.0,36.0,99.31,45.0,2105.109375,352.2400340177119
2026-07-20T04:05:20.983675+00:00,8741.0,36.0,98.78,45.0,2105.109375,352.52004481479526
2026-07-20T04:05:21.283365+00:00,8741.0,36.0,98.67,45.0,2105.12890625,352.81973511725664
2026-07-20T04:05:21.584651+00:00,8741.0,36.0,98.39,45.0,2105.12890625,353.1210209839046
2026-07-20T04:05:21.864249+00:00,8741.0,37.0,98.25,45.0,2105.12890625,353.40061911195517
2026-07-20T04:05:22.166502+00:00,8741.0,36.0,98.46,45.0,2105.13671875,353.70287200063467
2026-07-20T04:05:22.445058+00:00,8741.0,36.0,98.65,45.0,2105.13671875,353.98142820224166
2026-07-20T04:05:22.724055+00:00,8741.0,37.0,99.12,45.0,2105.1484375,354.2604248970747
2026-07-20T04:05:23.045355+00:00,8741.0,36.0,99.16,45.0,2105.20703125,354.58172473683953
2026-07-20T04:05:23.346768+00:00,8741.0,36.0,99.2,45.0,2105.20703125,354.88313841819763
2026-07-20T04:05:23.675801+00:00,8741.0,35.0,98.76,45.0,2105.21484375,355.2121707983315
2026-07-20T04:05:23.975887+00:00,8741.0,36.0,98.66,45.0,2105.21484375,355.51225792244077
2026-07-20T04:05:24.278942+00:00,8741.0,36.0,98.71,45.0,2105.23046875,355.8153128102422
2026-07-20T04:05:24.557782+00:00,8741.0,37.0,99.17,45.0,2105.23046875,356.09415191039443
2026-07-20T04:05:24.857433+00:00,8741.0,36.0,99.15,45.0,2105.234375,356.39380364492536
2026-07-20T04:05:25.136375+00:00,8741.0,36.0,99.39,45.0,2105.2421875,356.67274590209126
2026-07-20T04:05:25.461444+00:00,8741.0,36.0,99.5,45.0,2105.2421875,356.99781516194344
2026-07-20T04:05:25.762252+00:00,8741.0,36.0,99.29,45.0,2105.25390625,357.29862262681127
2026-07-20T04:05:26.042158+00:00,8741.0,36.0,99.29,45.0,2105.25390625,357.57852827757597
2026-07-20T04:05:26.325246+00:00,8741.0,37.0,99.15,45.0,2105.26171875,357.86161551997066
2026-07-20T04:05:26.604663+00:00,8741.0,37.0,98.9,45.0,2105.26953125,358.1410333290696
2026-07-20T04:05:26.901096+00:00,8741.0,37.0,98.96,45.0,2105.26953125,358.43746619299054
2026-07-20T04:05:27.196994+00:00,8741.0,36.0,98.98,45.0,2105.27734375,358.7333647236228
2026-07-20T04:05:27.476304+00:00,8741.0,36.0,99.14,45.0,2105.27734375,359.0126743428409
2026-07-20T04:05:27.754826+00:00,8741.0,37.0,99.31,45.0,2105.27734375,359.2911960594356
2026-07-20T04:05:28.075066+00:00,8741.0,13.0,96.43,45.0,2105.28515625,359.6114356890321
2026-07-20T04:05:28.355956+00:00,8741.0,37.0,96.5,45.0,2105.28515625,359.89232455939054
2026-07-20T04:05:28.635065+00:00,8741.0,37.0,96.35,45.0,2105.28515625,360.17143546044827
2026-07-20T04:05:28.913928+00:00,8741.0,37.0,97.34,45.0,2105.28515625,360.45029777288437
2026-07-20T04:05:29.214766+00:00,8741.0,37.0,99.0,45.0,2105.28515625,360.7511353120208
2026-07-20T04:05:29.493785+00:00,8741.0,37.0,99.16,45.0,2105.28515625,361.03015591949224
2026-07-20T04:05:29.772253+00:00,8741.0,36.0,99.47,45.0,2105.28515625,361.3086241222918
2026-07-20T04:05:30.078507+00:00,8741.0,36.0,99.5,45.0,2105.28515625,361.614876113832
2026-07-20T04:05:30.383023+00:00,8741.0,37.0,99.57,45.0,2105.28515625,361.9193901605904
2026-07-20T04:05:30.732955+00:00,8741.0,35.0,99.12,45.0,2105.28515625,362.26932363957167
2026-07-20T04:05:31.081059+00:00,8741.0,37.0,99.38,45.0,2105.28515625,362.6174283474684
2026-07-20T04:05:31.386160+00:00,8741.0,36.0,99.4,45.0,2105.28515625,362.9225291609764
2026-07-20T04:05:31.688560+00:00,8741.0,35.0,99.64,45.0,2105.28515625,363.22492936626077
2026-07-20T04:05:32.018105+00:00,8741.0,36.0,99.34,45.0,2105.28515625,363.55447490513325
2026-07-20T04:05:32.318735+00:00,8741.0,36.0,99.14,45.0,2105.28515625,363.85510424524546
2026-07-20T04:05:32.640354+00:00,8741.0,36.0,99.08,45.0,2105.28515625,364.17672311514616
2026-07-20T04:05:32.940037+00:00,8741.0,36.0,99.12,45.0,2105.28515625,364.4764077961445
2026-07-20T04:05:33.219046+00:00,8741.0,36.0,98.93,45.0,2105.28515625,364.75541684031487
2026-07-20T04:05:33.497879+00:00,8741.0,36.0,98.68,45.0,2105.28515625,365.0342497564852
2026-07-20T04:05:33.776390+00:00,8741.0,36.0,98.74,45.0,2105.28515625,365.3127612695098
2026-07-20T04:05:34.054694+00:00,8741.0,36.0,98.57,45.0,2105.28515625,365.59106474742293
2026-07-20T04:05:34.351980+00:00,8741.0,36.0,98.6,45.0,2105.3203125,365.88835010305047
2026-07-20T04:05:34.631583+00:00,8741.0,36.0,98.72,45.0,2105.3203125,366.16795248165727
2026-07-20T04:05:34.934663+00:00,8741.0,36.0,98.88,45.0,2105.3203125,366.4710340090096
2026-07-20T04:05:35.236118+00:00,8741.0,37.0,98.99,45.0,2105.3203125,366.77248818799853
2026-07-20T04:05:35.535629+00:00,8741.0,37.0,99.03,45.0,2105.3203125,367.07199962437153
2026-07-20T04:05:35.837470+00:00,8741.0,37.0,99.25,45.0,2105.3203125,367.3738407678902
2026-07-20T04:05:36.117213+00:00,8741.0,37.0,99.5,45.0,2105.3203125,367.6535816937685
2026-07-20T04:05:36.421420+00:00,8741.0,36.0,99.12,45.0,2105.3203125,367.95779056847095
2026-07-20T04:05:36.744760+00:00,8741.0,36.0,98.95,45.0,2105.3203125,368.2811290882528
2026-07-20T04:05:37.026057+00:00,8741.0,37.0,99.1,45.0,2105.3203125,368.5624263472855
2026-07-20T04:05:37.347365+00:00,8741.0,37.0,99.35,45.0,2105.3203125,368.8837347589433
2026-07-20T04:05:37.628299+00:00,8741.0,37.0,99.62,45.0,2105.3203125,369.1646688878536
2026-07-20T04:05:37.908212+00:00,8741.0,37.0,99.53,45.0,2105.3203125,369.44458247721195
2026-07-20T04:05:38.187511+00:00,8741.0,37.0,99.5,45.0,2105.3203125,369.7238819040358
2026-07-20T04:05:38.535452+00:00,8741.0,36.0,99.48,45.0,2105.3203125,370.07182217389345
2026-07-20T04:05:38.859712+00:00,8741.0,37.0,99.25,45.0,2105.3203125,370.3960819244385
2026-07-20T04:05:39.141292+00:00,8741.0,37.0,99.37,45.0,2105.3203125,370.6776624843478
2026-07-20T04:05:39.465267+00:00,8741.0,37.0,99.33,45.0,2105.3203125,371.00163657590747
2026-07-20T04:05:39.765818+00:00,8741.0,36.0,99.74,45.0,2105.3203125,371.30218808725476
2026-07-20T04:05:40.051389+00:00,8741.0,36.0,99.5,45.0,2105.3203125,371.58775844424963
2026-07-20T04:05:40.332347+00:00,8741.0,36.0,99.24,45.0,2105.3203125,371.868717122823
2026-07-20T04:05:40.655648+00:00,8741.0,37.0,98.82,45.0,2105.3203125,372.1920178979635
2026-07-20T04:05:40.936234+00:00,8741.0,37.0,98.9,45.0,2105.3203125,372.472603905946
2026-07-20T04:05:41.239482+00:00,8741.0,37.0,98.96,45.0,2105.3203125,372.7758507989347
2026-07-20T04:05:41.519064+00:00,8741.0,37.0,98.77,45.0,2105.3203125,373.0554340556264
2026-07-20T04:05:41.802380+00:00,8741.0,37.0,98.71,45.0,2105.3203125,373.3387499861419
2026-07-20T04:05:42.104346+00:00,8741.0,37.0,98.68,45.0,2105.3203125,373.64071594551206
2026-07-20T04:05:42.406302+00:00,8741.0,37.0,98.76,45.0,2105.3203125,373.9426719658077
2026-07-20T04:05:42.754010+00:00,8741.0,37.0,99.1,45.0,2105.3203125,374.2903801202774
2026-07-20T04:05:43.053501+00:00,8741.0,37.0,99.25,45.0,2105.3203125,374.58987050130963
2026-07-20T04:05:43.334155+00:00,8741.0,37.0,99.38,45.0,2105.3203125,374.8705244511366
2026-07-20T04:05:43.631837+00:00,8741.0,37.0,99.41,45.0,2105.3203125,375.1682063937187
2026-07-20T04:05:43.935055+00:00,8741.0,37.0,99.13,45.0,2105.3203125,375.47142576798797
2026-07-20T04:05:44.214014+00:00,8741.0,37.0,99.04,45.0,2105.3203125,375.7503847517073
2026-07-20T04:05:44.493155+00:00,8741.0,37.0,99.03,45.0,2105.3203125,376.02952523157
2026-07-20T04:05:44.794397+00:00,8741.0,36.0,98.86,45.0,2105.3203125,376.3307668976486
2026-07-20T04:05:45.130902+00:00,8741.0,36.0,98.87,45.0,2105.3203125,376.667271271348
2026-07-20T04:05:45.433797+00:00,8741.0,35.0,98.81,45.0,2105.3203125,376.9701668731868
2026-07-20T04:05:45.780244+00:00,8741.0,35.0,98.92,45.0,2105.3203125,377.3166123814881
2026-07-20T04:05:46.132211+00:00,8741.0,37.0,98.64,45.0,2105.3203125,377.6685802601278
2026-07-20T04:05:46.436104+00:00,8741.0,35.0,98.62,45.0,2105.3203125,377.9724732413888
2026-07-20T04:05:46.788583+00:00,8741.0,37.0,98.21,45.0,2105.3203125,378.3249529749155
2026-07-20T04:05:47.090333+00:00,8741.0,35.0,98.4,45.0,2105.3203125,378.62670236825943
2026-07-20T04:05:47.392710+00:00,8741.0,35.0,98.15,45.0,2105.3203125,378.92908073589206
2026-07-20T04:05:47.673122+00:00,8741.0,36.0,98.23,45.0,2105.3203125,379.2094924040139
2026-07-20T04:05:47.953108+00:00,8741.0,36.0,98.3,45.0,2105.3203125,379.4894781932235
2026-07-20T04:05:48.253165+00:00,8741.0,36.0,98.47,45.0,2105.3203125,379.78953593969345
2026-07-20T04:05:48.531966+00:00,8741.0,36.0,98.66,45.0,2105.3203125,380.0683366432786
2026-07-20T04:05:48.810900+00:00,8741.0,36.0,98.91,45.0,2105.3203125,380.34727012738585
2026-07-20T04:05:49.147382+00:00,8741.0,35.0,99.01,45.0,2105.32421875,380.6837504990399
2026-07-20T04:05:49.474227+00:00,8741.0,37.0,99.07,45.0,2105.32421875,381.01059759408236
2026-07-20T04:05:49.771480+00:00,8741.0,37.0,98.91,45.0,2105.32421875,381.30785086378455
2026-07-20T04:05:50.075811+00:00,8741.0,37.0,99.02,45.0,2105.32421875,381.61218079179525
2026-07-20T04:05:50.355814+00:00,8741.0,36.0,99.05,45.0,2105.32421875,381.89218497648835
2026-07-20T04:05:50.678661+00:00,8741.0,37.0,99.02,45.0,2105.32421875,382.2150315195322
2026-07-20T04:05:50.999336+00:00,8741.0,37.0,98.78,45.0,2105.32421875,382.5357057750225
2026-07-20T04:05:51.304497+00:00,8741.0,36.0,98.78,45.0,2105.32421875,382.84086598455906
2026-07-20T04:05:51.610805+00:00,8741.0,36.0,98.72,45.0,2105.32421875,383.14717485010624
2026-07-20T04:05:51.959504+00:00,8741.0,35.0,98.61,45.0,2105.32421875,383.4958740398288
2026-07-20T04:05:52.264729+00:00,8741.0,37.0,98.15,45.0,2105.32421875,383.80109912902117
2026-07-20T04:05:52.566987+00:00,8741.0,37.0,98.31,45.0,2105.32421875,384.1033579520881
2026-07-20T04:05:52.846054+00:00,8741.0,37.0,98.61,45.0,2105.32421875,384.38242407143116
2026-07-20T04:05:53.125675+00:00,8741.0,37.0,99.15,45.0,2105.32421875,384.6620457582176
2026-07-20T04:05:53.424881+00:00,8741.0,37.0,98.93,45.0,2105.32421875,384.96125074103475
2026-07-20T04:05:53.727338+00:00,8741.0,33.0,99.21,45.0,2105.32421875,385.26370848715305
2026-07-20T04:05:54.006743+00:00,8741.0,36.0,99.15,45.0,2105.32421875,385.54311406612396
2026-07-20T04:05:54.306986+00:00,8741.0,36.0,99.21,45.0,2105.32421875,385.8433564901352
2026-07-20T04:05:54.629290+00:00,8741.0,36.0,99.33,45.0,2105.32421875,386.16566114127636
2026-07-20T04:05:54.908478+00:00,8741.0,36.0,99.04,45.0,2105.32421875,386.444848369807
2026-07-20T04:05:55.188082+00:00,8741.0,36.0,99.19,45.0,2105.32421875,386.7244525514543
2026-07-20T04:05:55.507113+00:00,8741.0,32.0,98.93,45.0,2105.32421875,387.0434822179377
2026-07-20T04:05:55.787454+00:00,8741.0,37.0,99.32,45.0,2105.32421875,387.32382349669933
2026-07-20T04:05:56.067117+00:00,8741.0,36.0,99.21,45.0,2105.32421875,387.6034877039492
2026-07-20T04:05:56.374710+00:00,8741.0,35.0,99.08,45.0,2105.32421875,387.91107953712344
2026-07-20T04:05:56.679925+00:00,8741.0,37.0,98.61,45.0,2105.32421875,388.2162950076163
2026-07-20T04:05:56.983368+00:00,8741.0,37.0,98.59,45.0,2105.32421875,388.519738227129
2026-07-20T04:05:57.282183+00:00,8741.0,37.0,98.75,45.0,2105.32421875,388.8185535892844
2026-07-20T04:05:57.626249+00:00,8741.0,36.0,98.59,45.0,2105.32421875,389.1626187078655
2026-07-20T04:05:57.927415+00:00,8741.0,37.0,98.75,45.0,2105.32421875,389.4637848623097
2026-07-20T04:05:58.226866+00:00,8741.0,37.0,99.08,45.0,2105.32421875,389.7632360160351
2026-07-20T04:05:58.507299+00:00,8741.0,37.0,99.14,45.0,2105.32421875,390.04366948083043
2026-07-20T04:05:58.806731+00:00,8741.0,37.0,99.42,45.0,2105.32421875,390.3431018553674
2026-07-20T04:05:59.128631+00:00,8741.0,37.0,99.59,45.0,2105.32421875,390.66500133648515
2026-07-20T04:05:59.456535+00:00,8741.0,34.0,99.81,45.0,2105.32421875,390.9929037578404
2026-07-20T04:05:59.762637+00:00,8741.0,35.0,99.39,45.0,2105.32421875,391.2990059070289
2026-07-20T04:06:00.080840+00:00,8741.0,35.0,99.04,45.0,2105.32421875,391.61720933020115
2026-07-20T04:06:00.385916+00:00,8741.0,36.0,98.45,45.0,2105.32421875,391.9222855530679
2026-07-20T04:06:00.672369+00:00,8741.0,35.0,98.62,45.0,2105.32421875,392.2087375558913
2026-07-20T04:06:00.977847+00:00,8741.0,37.0,98.62,45.0,2105.32421875,392.51421689242125
2026-07-20T04:06:01.282738+00:00,8741.0,35.0,98.75,45.0,2105.32421875,392.8191069364548
2026-07-20T04:06:01.612839+00:00,8741.0,36.0,98.77,45.0,2105.32421875,393.1492082364857
2026-07-20T04:06:01.940530+00:00,8741.0,36.0,98.86,45.0,2105.32421875,393.4768988452852
2026-07-20T04:06:02.243687+00:00,8741.0,36.0,98.85,45.0,2105.32421875,393.78005735203624
2026-07-20T04:06:02.523460+00:00,8741.0,37.0,99.42,45.0,2105.32421875,394.05983028933406
2026-07-20T04:06:02.803444+00:00,8741.0,37.0,99.44,45.0,2105.32421875,394.3398141488433
2026-07-20T04:06:03.107196+00:00,8741.0,37.0,99.28,45.0,2105.32421875,394.6435665600002
2026-07-20T04:06:03.405269+00:00,8741.0,37.0,98.71,45.0,2105.32421875,394.9416397437453
2026-07-20T04:06:03.702484+00:00,8741.0,36.0,98.5,45.0,2105.32421875,395.238854277879
2026-07-20T04:06:04.001993+00:00,8741.0,36.0,98.42,45.0,2105.32421875,395.5383629947901
2026-07-20T04:06:04.303640+00:00,8741.0,37.0,98.45,45.0,2105.32421875,395.8400101661682
2026-07-20T04:06:04.583320+00:00,8741.0,37.0,98.83,45.0,2105.32421875,396.1196903474629
2026-07-20T04:06:04.863371+00:00,8741.0,36.0,98.95,45.0,2105.32421875,396.39974227175117
2026-07-20T04:06:05.144179+00:00,8741.0,36.0,98.93,45.0,2105.32421875,396.68054876849055
2026-07-20T04:06:05.424228+00:00,8741.0,37.0,99.06,45.0,2105.32421875,396.96059779822826
2026-07-20T04:06:05.703952+00:00,8741.0,37.0,98.83,45.0,2105.32421875,397.2403227239847
2026-07-20T04:06:05.983008+00:00,8741.0,37.0,99.07,45.0,2105.32421875,397.5193786174059
2026-07-20T04:06:06.285822+00:00,8741.0,37.0,99.05,45.0,2105.32421875,397.8221913576126
2026-07-20T04:06:06.566539+00:00,8741.0,36.0,99.18,45.0,2105.32421875,398.1029096804559
2026-07-20T04:06:06.845652+00:00,8741.0,36.0,99.38,45.0,2105.32421875,398.3820230253041
2026-07-20T04:06:07.143352+00:00,8741.0,36.0,99.24,45.0,2105.32421875,398.6797220148146
2026-07-20T04:06:07.423402+00:00,8741.0,36.0,99.46,45.0,2105.32421875,398.9597722440958
2026-07-20T04:06:07.702858+00:00,8741.0,36.0,99.22,45.0,2105.32421875,399.2392280064523
2026-07-20T04:06:08.005389+00:00,8741.0,36.0,99.06,45.0,2105.32421875,399.5417595729232
2026-07-20T04:06:08.304277+00:00,8741.0,36.0,99.22,45.0,2105.32421875,399.8406468592584
2026-07-20T04:06:08.583983+00:00,8741.0,36.0,99.37,45.0,2105.32421875,400.1203535348177
2026-07-20T04:06:08.863797+00:00,8741.0,37.0,99.85,45.0,2105.32421875,400.40016685798764
2026-07-20T04:06:09.170650+00:00,8741.0,36.0,99.86,45.0,2105.32421875,400.707019507885
2026-07-20T04:06:09.473227+00:00,8741.0,36.0,99.38,45.0,2105.32421875,401.0095972083509
2026-07-20T04:06:09.752745+00:00,8741.0,37.0,99.44,45.0,2105.32421875,401.289116255939
2026-07-20T04:06:10.037610+00:00,8741.0,37.0,98.87,45.0,2105.32421875,401.57398073375225
2026-07-20T04:06:10.363108+00:00,8741.0,37.0,98.97,45.0,2105.32421875,401.89947789534926
2026-07-20T04:06:10.643646+00:00,8741.0,37.0,98.76,45.0,2105.32421875,402.18001613765955
2026-07-20T04:06:10.923095+00:00,8741.0,37.0,98.53,45.0,2105.32421875,402.45946568995714
2026-07-20T04:06:11.225531+00:00,8741.0,37.0,98.4,45.0,2105.32421875,402.76190146431327
2026-07-20T04:06:11.521952+00:00,8741.0,36.0,98.35,45.0,2105.32421875,403.05832239612937
2026-07-20T04:06:11.822809+00:00,8741.0,37.0,98.91,45.0,2105.32421875,403.3591790609062
2026-07-20T04:06:12.102102+00:00,8741.0,37.0,98.9,45.0,2105.32421875,403.63847294822335
2026-07-20T04:06:12.431540+00:00,8741.0,37.0,98.94,45.0,2105.32421875,403.9679094403982
2026-07-20T04:06:12.712659+00:00,8741.0,37.0,98.9,45.0,2105.32421875,404.2490286491811
2026-07-20T04:06:13.015541+00:00,8741.0,36.0,98.44,45.0,2105.32421875,404.55191157758236
2026-07-20T04:06:13.319197+00:00,8741.0,36.0,98.57,45.0,2105.32421875,404.8555676564574
2026-07-20T04:06:13.671781+00:00,8741.0,36.0,98.85,45.0,2105.32421875,405.2081502005458
2026-07-20T04:06:13.977770+00:00,8741.0,37.0,98.99,45.0,2105.32421875,405.5141400322318
2026-07-20T04:06:14.285387+00:00,8741.0,36.0,98.94,45.0,2105.32421875,405.82175636291504
2026-07-20T04:06:14.590324+00:00,8741.0,36.0,98.67,45.0,2105.32421875,406.1266932860017
2026-07-20T04:06:14.894702+00:00,8741.0,36.0,98.76,45.0,2105.32421875,406.43107141181827
2026-07-20T04:06:15.247393+00:00,8741.0,36.0,98.91,45.0,2105.32421875,406.78376181796193
2026-07-20T04:06:15.553745+00:00,8741.0,36.0,98.97,45.0,2105.32421875,407.0901145040989
2026-07-20T04:06:15.884819+00:00,8741.0,35.0,99.0,45.0,2105.32421875,407.42118863388896
2026-07-20T04:06:16.190769+00:00,8741.0,35.0,99.03,45.0,2105.32421875,407.72713884711266
2026-07-20T04:06:16.540449+00:00,8741.0,35.0,98.95,45.0,2105.32421875,408.07681815698743
2026-07-20T04:06:16.842290+00:00,8741.0,35.0,98.9,45.0,2105.32421875,408.3786595650017
2026-07-20T04:06:17.146149+00:00,8741.0,24.0,97.61,45.0,2105.32421875,408.6825178153813
2026-07-20T04:06:17.472701+00:00,8741.0,35.0,97.54,45.0,2105.32421875,409.00907038524747
2026-07-20T04:06:17.824211+00:00,8741.0,35.0,97.95,45.0,2105.32421875,409.3605805784464
2026-07-20T04:06:18.149370+00:00,8741.0,37.0,99.11,45.0,2105.32421875,409.68573885783553
2026-07-20T04:06:18.472658+00:00,8741.0,35.0,98.91,45.0,2105.32421875,410.0090272799134
2026-07-20T04:06:18.821119+00:00,8741.0,36.0,98.92,45.0,2105.32421875,410.3574878498912
2026-07-20T04:06:19.145777+00:00,8741.0,35.0,98.88,45.0,2105.32421875,410.68212600052357
2026-07-20T04:06:19.473269+00:00,8741.0,36.0,98.94,45.0,2105.32421875,411.00962825119495
2026-07-20T04:06:19.802348+00:00,8741.0,36.0,98.85,45.0,2105.32421875,411.3387174382806
2026-07-20T04:06:20.115217+00:00,8741.0,36.0,98.52,45.0,2105.32421875,411.6515867076814
2026-07-20T04:06:20.421946+00:00,8741.0,35.0,98.36,45.0,2105.32421875,411.958315089345
2026-07-20T04:06:20.726228+00:00,8741.0,36.0,98.15,45.0,2105.32421875,412.2625978253782
2026-07-20T04:06:21.056520+00:00,8741.0,34.0,98.01,45.0,2105.32421875,412.5928888991475
2026-07-20T04:06:21.361868+00:00,8741.0,36.0,98.12,45.0,2105.32421875,412.8982375524938
2026-07-20T04:06:21.687474+00:00,8741.0,36.0,98.12,45.0,2105.32421875,413.22384291142225
2026-07-20T04:06:21.994685+00:00,8741.0,36.0,98.34,45.0,2105.32421875,413.53105426952243
2026-07-20T04:06:22.301974+00:00,8741.0,36.0,98.46,45.0,2105.32421875,413.83834252879024
2026-07-20T04:06:22.628507+00:00,8741.0,36.0,98.21,45.0,2105.32421875,414.1648755669594
2026-07-20T04:06:22.957305+00:00,8741.0,37.0,98.35,45.0,2105.32421875,414.4936735853553
2026-07-20T04:06:23.308508+00:00,8741.0,35.0,98.14,45.0,2105.32421875,414.8448771685362
2026-07-20T04:06:23.620631+00:00,8741.0,36.0,98.36,45.0,2105.32421875,415.1569998264313
2026-07-20T04:06:23.927069+00:00,8741.0,36.0,98.63,45.0,2105.32421875,415.4634388536215
2026-07-20T04:06:24.234326+00:00,8741.0,35.0,98.63,45.0,2105.32421875,415.7706958800554
2026-07-20T04:06:24.537847+00:00,8741.0,35.0,98.78,45.0,2105.32421875,416.07421504706144
2026-07-20T04:06:24.884537+00:00,8741.0,34.0,98.08,45.0,2105.32421875,416.4209059588611
2026-07-20T04:06:25.166938+00:00,8741.0,35.0,97.77,45.0,2105.32421875,416.70330771803856
2026-07-20T04:06:25.495509+00:00,8741.0,35.0,97.64,45.0,2105.32421875,417.0318783633411
2026-07-20T04:06:25.778962+00:00,8741.0,36.0,97.85,45.0,2105.32421875,417.31533110141754
2026-07-20T04:06:26.104905+00:00,8741.0,36.0,98.21,45.0,2105.328125,417.6412741318345
2026-07-20T04:06:26.432450+00:00,8741.0,37.0,98.24,45.0,2105.328125,417.9688199684024
2026-07-20T04:06:26.756371+00:00,8741.0,36.0,98.12,45.0,2105.328125,418.29274072125554
2026-07-20T04:06:27.043189+00:00,8741.0,36.0,98.05,45.0,2105.328125,418.5795577429235
2026-07-20T04:06:27.372853+00:00,8741.0,35.0,98.22,45.0,2105.328125,418.9092220328748
2026-07-20T04:06:27.677887+00:00,8741.0,37.0,98.5,45.0,2105.328125,419.2142571285367
2026-07-20T04:06:27.981858+00:00,8741.0,35.0,98.6,45.0,2105.328125,419.51822739094496
2026-07-20T04:06:28.285559+00:00,8741.0,36.0,98.64,45.0,2105.328125,419.82192838937044
2026-07-20T04:06:28.612314+00:00,8741.0,35.0,98.44,45.0,2105.328125,420.1486780717969
2026-07-20T04:06:28.932535+00:00,8741.0,37.0,98.41,45.0,2105.328125,420.4689044803381
2026-07-20T04:06:29.260209+00:00,8741.0,36.0,98.4,45.0,2105.328125,420.79657861590385
2026-07-20T04:06:29.566315+00:00,8741.0,35.0,98.48,45.0,2105.328125,421.1026840470731
2026-07-20T04:06:29.870336+00:00,8741.0,37.0,98.29,45.0,2105.328125,421.4067050367594
2026-07-20T04:06:30.199617+00:00,8741.0,36.0,98.15,45.0,2105.328125,421.73598651215434
2026-07-20T04:06:30.528704+00:00,8741.0,36.0,97.92,45.0,2105.328125,422.0650737248361
2026-07-20T04:06:30.838386+00:00,8741.0,35.0,98.08,45.0,2105.328125,422.3747549057007
2026-07-20T04:06:31.169001+00:00,8741.0,36.0,98.34,45.0,2105.328125,422.70536955818534
2026-07-20T04:06:31.474684+00:00,8741.0,35.0,98.61,45.0,2105.328125,423.0110526494682
2026-07-20T04:06:31.805062+00:00,8741.0,36.0,98.55,45.0,2105.328125,423.34143140912056
2026-07-20T04:06:32.110861+00:00,8741.0,36.0,98.61,45.0,2105.328125,423.6472304351628
2026-07-20T04:06:32.418473+00:00,8741.0,37.0,98.47,45.0,2105.328125,423.95484291762114
2026-07-20T04:06:32.748585+00:00,8741.0,36.0,98.62,45.0,2105.328125,424.2849551588297
2026-07-20T04:06:33.071620+00:00,8741.0,37.0,98.73,45.0,2105.328125,424.60799012705684
2026-07-20T04:06:33.379573+00:00,8741.0,37.0,99.11,45.0,2105.328125,424.9159425459802
2026-07-20T04:06:33.733367+00:00,8741.0,36.0,99.11,45.0,2105.328125,425.26973686367273
2026-07-20T04:06:34.034841+00:00,8741.0,36.0,99.37,45.0,2105.328125,425.5712105445564
2026-07-20T04:06:34.364564+00:00,8741.0,37.0,99.16,45.0,2105.328125,425.9009327813983
2026-07-20T04:06:34.669347+00:00,8741.0,37.0,99.45,45.0,2105.328125,426.20571641623974
2026-07-20T04:06:35.000565+00:00,8741.0,35.0,99.05,45.0,2105.328125,426.5369331128895
2026-07-20T04:06:35.328588+00:00,8741.0,35.0,99.19,45.0,2105.328125,426.86495715379715
2026-07-20T04:06:35.639409+00:00,8741.0,37.0,99.64,45.0,2105.328125,427.1757768243551
2026-07-20T04:06:35.996814+00:00,8741.0,35.0,99.22,45.0,2105.328125,427.5331837050617
2026-07-20T04:06:36.302476+00:00,8741.0,35.0,99.04,45.0,2105.328125,427.8388450406492
2026-07-20T04:06:36.606239+00:00,8741.0,37.0,98.48,45.0,2105.328125,428.1426088549197
2026-07-20T04:06:36.932486+00:00,8741.0,35.0,98.28,45.0,2105.328125,428.4688558615744
2026-07-20T04:06:37.263411+00:00,8741.0,35.0,98.37,45.0,2105.328125,428.7997811771929
2026-07-20T04:06:37.592228+00:00,8741.0,34.0,98.58,45.0,2105.328125,429.12859658896923
2026-07-20T04:06:37.913015+00:00,8741.0,36.0,98.48,45.0,2105.328125,429.4493843577802
2026-07-20T04:06:38.218342+00:00,8741.0,36.0,98.26,45.0,2105.328125,429.754711445421
2026-07-20T04:06:38.526269+00:00,8741.0,36.0,98.35,45.0,2105.328125,430.0626384615898
2026-07-20T04:06:38.849142+00:00,8741.0,36.0,98.48,45.0,2105.328125,430.3855106383562
2026-07-20T04:06:39.154037+00:00,8741.0,35.0,98.76,45.0,2105.328125,430.69040697440505
2026-07-20T04:06:39.454515+00:00,8741.0,37.0,98.93,45.0,2105.328125,430.9908842667937
2026-07-20T04:06:39.784913+00:00,8741.0,34.0,98.81,45.0,2105.328125,431.3212815336883
2026-07-20T04:06:40.111832+00:00,8741.0,36.0,98.79,45.0,2105.328125,431.64820171147585
2026-07-20T04:06:40.418337+00:00,8741.0,37.0,98.95,45.0,2105.328125,431.9547062031925
2026-07-20T04:06:40.727123+00:00,8741.0,35.0,98.7,45.0,2105.328125,432.2634928151965
2026-07-20T04:06:41.034486+00:00,8741.0,32.0,99.25,45.0,2105.328125,432.5708547793329
2026-07-20T04:06:41.342704+00:00,8741.0,37.0,98.91,45.0,2105.328125,432.8790731802583
2026-07-20T04:06:41.650354+00:00,8741.0,36.0,98.86,45.0,2105.328125,433.1867238096893
2026-07-20T04:06:41.961267+00:00,8741.0,36.0,98.15,45.0,2105.328125,433.49763667210937
2026-07-20T04:06:42.289066+00:00,8741.0,35.0,98.2,45.0,2105.328125,433.8254354149103
2026-07-20T04:06:42.593775+00:00,8741.0,30.0,98.01,45.0,2105.328125,434.13014405220747
2026-07-20T04:06:42.924368+00:00,8741.0,36.0,97.53,45.0,2105.328125,434.46073673665524
2026-07-20T04:06:43.234601+00:00,8741.0,35.0,97.63,45.0,2105.328125,434.7709701359272
2026-07-20T04:06:43.542139+00:00,8741.0,36.0,97.53,45.0,2105.328125,435.07850832492113
2026-07-20T04:06:43.852960+00:00,8741.0,36.0,98.66,45.0,2105.328125,435.38932962715626
2026-07-20T04:06:44.162680+00:00,8741.0,37.0,98.51,45.0,2105.328125,435.6990493312478
2026-07-20T04:06:44.470334+00:00,8741.0,37.0,98.4,45.0,2105.328125,436.0067028068006
2026-07-20T04:06:44.775252+00:00,8741.0,37.0,98.58,45.0,2105.328125,436.3116208575666
2026-07-20T04:06:45.096973+00:00,8741.0,36.0,98.44,45.0,2105.328125,436.63334249705076
2026-07-20T04:06:45.402651+00:00,8741.0,36.0,98.57,45.0,2105.328125,436.9390202984214
2026-07-20T04:06:45.710835+00:00,8741.0,36.0,98.58,45.0,2105.328125,437.2472036704421
2026-07-20T04:06:46.018396+00:00,8741.0,36.0,99.04,45.0,2105.328125,437.55476515367627
2026-07-20T04:06:46.345395+00:00,8741.0,36.0,98.99,45.0,2105.328125,437.88176407292485
2026-07-20T04:06:46.651070+00:00,8741.0,35.0,99.2,45.0,2105.328125,438.1874389797449
2026-07-20T04:06:46.954449+00:00,8741.0,36.0,99.1,45.0,2105.328125,438.490817502141
2026-07-20T04:06:47.279888+00:00,8741.0,35.0,98.7,45.0,2105.328125,438.81625735387206
2026-07-20T04:06:47.564588+00:00,8741.0,37.0,98.51,45.0,2105.328125,439.10095711797476
2026-07-20T04:06:47.870619+00:00,8741.0,37.0,98.65,45.0,2105.328125,439.40698843821883
2026-07-20T04:06:48.155494+00:00,8741.0,36.0,98.61,45.0,2105.328125,439.6918635889888
2026-07-20T04:06:48.476723+00:00,8741.0,36.0,98.63,45.0,2105.328125,440.01309235394
2026-07-20T04:06:48.782141+00:00,8741.0,36.0,98.79,45.0,2105.328125,440.3185100965202
2026-07-20T04:06:49.108623+00:00,8741.0,36.0,98.55,45.0,2105.328125,440.64499163255095
2026-07-20T04:06:49.414583+00:00,8741.0,37.0,98.7,45.0,2105.328125,440.9509517997503
2026-07-20T04:06:49.765576+00:00,8741.0,36.0,98.32,45.0,2105.328125,441.30194560438395
2026-07-20T04:06:50.110622+00:00,8741.0,35.0,98.4,45.0,2105.328125,441.64699095487595
2026-07-20T04:06:50.418270+00:00,8741.0,37.0,98.42,45.0,2105.328125,441.95464004576206
2026-07-20T04:06:50.702894+00:00,8741.0,36.0,98.82,45.0,2105.328125,442.23926294595003
2026-07-20T04:06:51.005480+00:00,8741.0,37.0,98.53,45.0,2105.328125,442.54184878990054
2026-07-20T04:06:51.310100+00:00,8741.0,35.0,98.41,45.0,2105.328125,442.8464693054557
2026-07-20T04:06:51.642101+00:00,8741.0,36.0,97.91,45.0,2105.328125,443.17846801131964
2026-07-20T04:06:51.951450+00:00,8741.0,35.0,98.33,45.0,2105.328125,443.4878194592893
2026-07-20T04:06:52.258228+00:00,8741.0,35.0,98.49,45.0,2105.328125,443.7945978567004
2026-07-20T04:06:52.562786+00:00,8741.0,36.0,98.23,45.0,2105.328125,444.09915504977107
2026-07-20T04:06:52.884938+00:00,8741.0,35.0,98.0,45.0,2105.328125,444.42130747810006
2026-07-20T04:06:53.194535+00:00,8741.0,35.0,97.94,45.0,2105.328125,444.73090397939086
2026-07-20T04:06:53.523187+00:00,8741.0,35.0,98.2,45.0,2105.328125,445.0595575235784
2026-07-20T04:06:53.825496+00:00,8741.0,36.0,98.54,45.0,2105.328125,445.3618648685515
2026-07-20T04:06:54.128122+00:00,8741.0,37.0,98.37,45.0,2105.328125,445.6644914634526
2026-07-20T04:06:54.456554+00:00,8741.0,35.0,98.25,45.0,2105.328125,445.9929231368005
2026-07-20T04:06:54.784118+00:00,8741.0,37.0,98.31,45.0,2105.328125,446.3204878233373
2026-07-20T04:06:55.100023+00:00,8741.0,37.0,98.62,45.0,2105.328125,446.636392403394
2026-07-20T04:06:55.406333+00:00,8741.0,35.0,98.64,45.0,2105.328125,446.9427013285458
2026-07-20T04:06:55.713203+00:00,8741.0,35.0,98.35,45.0,2105.3359375,447.2495725005865
2026-07-20T04:06:56.040230+00:00,8741.0,37.0,98.39,45.0,2105.3359375,447.5765991061926
2026-07-20T04:06:56.341869+00:00,8741.0,36.0,98.59,45.0,2105.3359375,447.8782391138375
2026-07-20T04:06:56.625970+00:00,8741.0,35.0,98.53,45.0,2105.33984375,448.16233948618174
2026-07-20T04:06:56.932963+00:00,8741.0,36.0,98.81,45.0,2105.33984375,448.469333011657
2026-07-20T04:06:57.242214+00:00,8741.0,37.0,98.88,45.0,2105.33984375,448.77858306095004
2026-07-20T04:06:57.588261+00:00,8741.0,34.0,98.72,45.0,2105.33984375,449.12463062629104
2026-07-20T04:06:57.913529+00:00,8741.0,36.0,98.49,45.0,2105.34375,449.4498979970813
2026-07-20T04:06:58.212204+00:00,8741.0,37.0,98.5,45.0,2105.34375,449.7485740073025
2026-07-20T04:06:58.511187+00:00,8741.0,32.0,100.08,45.0,2106.22265625,450.047557387501
2026-07-20T04:06:58.814686+00:00,8741.0,37.0,100.28,45.0,2106.22265625,450.3510574661195
2026-07-20T04:06:59.162328+00:00,8741.0,37.0,100.44,45.0,2106.22265625,450.6986986733973
2026-07-20T04:06:59.443676+00:00,8741.0,37.0,100.3,45.0,2106.22265625,450.9800465591252
2026-07-20T04:06:59.723409+00:00,8741.0,37.0,99.26,45.0,2106.22265625,451.25977966561913
2026-07-20T04:07:00.003159+00:00,8741.0,37.0,99.1,45.0,2106.22265625,451.53952898457646
2026-07-20T04:07:00.303270+00:00,8741.0,37.0,98.99,45.0,2106.22265625,451.83964024856687
2026-07-20T04:07:00.585991+00:00,8741.0,37.0,99.02,45.0,2106.22265625,452.1223611459136
2026-07-20T04:07:00.885971+00:00,8741.0,36.0,99.32,45.0,2106.2265625,452.4223413094878
2026-07-20T04:07:01.166873+00:00,8741.0,37.0,99.41,45.0,2106.2265625,452.7032437324524
2026-07-20T04:07:01.490339+00:00,8741.0,36.0,98.85,45.0,2106.2265625,453.02670887485147
2026-07-20T04:07:01.772009+00:00,8741.0,36.0,98.32,45.0,2106.23046875,453.308379329741
2026-07-20T04:07:02.052551+00:00,8741.0,37.0,98.39,45.0,2106.23046875,453.5889213383198
2026-07-20T04:07:02.377158+00:00,8741.0,36.0,98.5,45.0,2106.23046875,453.91352916136384
2026-07-20T04:07:02.678762+00:00,8741.0,36.0,98.58,45.0,2106.23046875,454.215132124722
2026-07-20T04:07:02.958913+00:00,8741.0,37.0,98.56,45.0,2106.234375,454.4952836446464
2026-07-20T04:07:03.262186+00:00,8741.0,37.0,98.35,45.0,2106.23828125,454.7985560595989
2026-07-20T04:07:03.568696+00:00,8741.0,36.0,98.39,45.0,2106.23828125,455.1050659529865
2026-07-20T04:07:03.872442+00:00,8741.0,37.0,97.91,45.0,2106.29296875,455.4088115282357
2026-07-20T04:07:04.175375+00:00,8741.0,0.0,93.29,45.0,2155.875,455.7117456458509
2026-07-20T04:07:04.475811+00:00,8741.0,0.0,89.28,45.0,2185.48046875,456.0121801160276
2026-07-20T04:07:04.759099+00:00,8741.0,5.0,84.92,45.0,2772.32421875,456.29546907916665
2026-07-20T04:07:05.046892+00:00,8741.0,10.0,84.14,45.0,4038.26171875,456.58326230570674
2026-07-20T04:07:05.424162+00:00,8741.0,4.0,84.26,44.0,2188.28515625,456.96053244173527
2026-07-20T04:07:05.751651+00:00,8741.0,36.0,89.32,45.0,2188.421875,457.2880205512047
2026-07-20T04:07:06.074345+00:00,8741.0,36.0,93.87,45.0,2188.421875,457.6107146628201
2026-07-20T04:07:06.377574+00:00,8741.0,36.0,97.99,45.0,2188.42578125,457.91394409537315
2026-07-20T04:07:06.657723+00:00,8741.0,36.0,98.22,45.0,2188.4296875,458.19409374147654
2026-07-20T04:07:06.957317+00:00,8741.0,36.0,97.96,45.0,2188.4296875,458.4936878271401
2026-07-20T04:07:07.237026+00:00,8741.0,36.0,98.12,45.0,2188.4296875,458.7733964212239
2026-07-20T04:07:07.516702+00:00,8741.0,36.0,98.41,45.0,2188.4296875,459.0530728325248
2026-07-20T04:07:07.820175+00:00,8741.0,37.0,98.34,45.0,2188.4296875,459.3565454892814
2026-07-20T04:07:08.119380+00:00,8741.0,37.0,98.57,45.0,2188.4296875,459.6557508111
2026-07-20T04:07:08.399897+00:00,8741.0,36.0,98.56,45.0,2188.4296875,459.93626779690385
2026-07-20T04:07:08.680441+00:00,8741.0,36.0,98.89,45.0,2188.4296875,460.21681156381965
2026-07-20T04:07:08.986607+00:00,8741.0,37.0,98.65,45.0,2188.4296875,460.52297614887357
2026-07-20T04:07:09.267318+00:00,8741.0,36.0,98.4,45.0,2188.4296875,460.8036882914603
2026-07-20T04:07:09.547286+00:00,8741.0,36.0,97.92,45.0,2188.4296875,461.0836564861238
2026-07-20T04:07:09.870908+00:00,8741.0,36.0,97.98,45.0,2188.4296875,461.4072782099247
2026-07-20T04:07:10.172688+00:00,8741.0,37.0,98.66,45.0,2188.4296875,461.7090574428439
2026-07-20T04:07:10.478025+00:00,8741.0,35.0,98.66,45.0,2188.4296875,462.0143935121596
2026-07-20T04:07:10.828238+00:00,8741.0,35.0,98.71,45.0,2188.4296875,462.36460730433464
2026-07-20T04:07:11.147507+00:00,8741.0,36.0,98.14,45.0,2188.4296875,462.6838764734566
2026-07-20T04:07:11.448652+00:00,8741.0,37.0,98.21,45.0,2188.4296875,462.98502189293504
2026-07-20T04:07:11.754700+00:00,8741.0,35.0,98.15,45.0,2188.4296875,463.29106893762946
2026-07-20T04:07:12.062048+00:00,8741.0,35.0,98.02,45.0,2188.4296875,463.5984176211059
2026-07-20T04:07:12.390302+00:00,8741.0,34.0,98.42,45.0,2188.4296875,463.9266713373363
2026-07-20T04:07:12.696235+00:00,8741.0,36.0,98.51,45.0,2188.4296875,464.2326053157449
2026-07-20T04:07:12.997886+00:00,8741.0,36.0,98.83,45.0,2188.4296875,464.53425668925047
2026-07-20T04:07:13.278543+00:00,8741.0,37.0,98.48,45.0,2188.4296875,464.81491282209754
2026-07-20T04:07:13.582937+00:00,8741.0,36.0,98.73,45.0,2188.4296875,465.11930694431067
2026-07-20T04:07:13.883705+00:00,8741.0,37.0,98.6,45.0,2188.4296875,465.4200754798949
2026-07-20T04:07:14.190802+00:00,8741.0,36.0,98.55,45.0,2188.4296875,465.72717129811645
2026-07-20T04:07:14.491514+00:00,8741.0,36.0,98.45,45.0,2188.4296875,466.0278833806515
2026-07-20T04:07:14.772719+00:00,8741.0,36.0,98.96,45.0,2188.4296875,466.3090889751911
2026-07-20T04:07:15.073686+00:00,8741.0,36.0,98.9,45.0,2188.4296875,466.61005606502295
2026-07-20T04:07:15.354276+00:00,8741.0,36.0,98.78,45.0,2188.4296875,466.89064671844244
2026-07-20T04:07:15.634932+00:00,8741.0,36.0,98.65,45.0,2188.4296875,467.1713023111224
2026-07-20T04:07:15.934596+00:00,8741.0,36.0,98.54,45.0,2188.4296875,467.4709658548236
2026-07-20T04:07:16.264181+00:00,8741.0,35.0,98.38,45.0,2188.4296875,467.800550904125
2026-07-20T04:07:16.566453+00:00,8741.0,36.0,98.59,45.0,2188.4296875,468.10282281041145
2026-07-20T04:07:16.848190+00:00,8741.0,37.0,98.87,45.0,2188.4296875,468.3845601901412
2026-07-20T04:07:17.129892+00:00,8741.0,36.0,98.91,45.0,2188.4296875,468.66626146808267
2026-07-20T04:07:17.410529+00:00,8741.0,36.0,98.86,45.0,2188.4296875,468.9468993656337
2026-07-20T04:07:17.691372+00:00,8741.0,36.0,98.88,45.0,2188.4375,469.22774274274707
2026-07-20T04:07:17.972195+00:00,8741.0,35.0,98.42,45.0,2188.4375,469.5085658468306
2026-07-20T04:07:18.275607+00:00,8741.0,35.0,98.48,45.0,2188.4375,469.8119771890342
2026-07-20T04:07:18.558574+00:00,8741.0,37.0,98.78,45.0,2188.4375,470.0949445217848
2026-07-20T04:07:18.839927+00:00,8741.0,37.0,99.41,45.0,2188.4375,470.3762964271009
2026-07-20T04:07:19.125801+00:00,8741.0,36.0,99.01,45.0,2188.4375,470.6621704287827
2026-07-20T04:07:19.408385+00:00,8741.0,36.0,99.18,45.0,2188.4375,470.94475585222244
2026-07-20T04:07:19.689276+00:00,8741.0,37.0,98.38,45.0,2188.4375,471.22564659267664
2026-07-20T04:07:19.991018+00:00,8741.0,36.0,98.71,45.0,2188.44140625,471.5273886434734
2026-07-20T04:07:20.271680+00:00,8741.0,36.0,98.87,45.0,2188.44140625,471.8080507032573
2026-07-20T04:07:20.595423+00:00,8741.0,36.0,98.91,45.0,2188.44140625,472.1317923925817
2026-07-20T04:07:20.896007+00:00,8741.0,37.0,99.16,45.0,2188.44140625,472.4323771595955
2026-07-20T04:07:21.177403+00:00,8741.0,36.0,99.24,45.0,2188.44140625,472.7137736901641
2026-07-20T04:07:21.478813+00:00,8741.0,36.0,99.16,45.0,2188.44140625,473.01518346741796
2026-07-20T04:07:21.759282+00:00,8741.0,37.0,99.13,45.0,2188.44140625,473.2956517599523
2026-07-20T04:07:22.184608+00:00,8741.0,10.0,96.78,45.0,2188.44140625,473.7209773808718
2026-07-20T04:07:22.467128+00:00,8741.0,37.0,96.92,45.0,2188.44140625,474.0034980997443
2026-07-20T04:07:22.749819+00:00,8741.0,36.0,96.8,45.0,2188.44140625,474.286188416183
2026-07-20T04:07:23.053901+00:00,8741.0,36.0,97.96,45.0,2188.44140625,474.5902707912028
2026-07-20T04:07:23.334481+00:00,8741.0,36.0,99.41,45.0,2188.44140625,474.87085169553757
2026-07-20T04:07:23.639442+00:00,8741.0,36.0,99.2,45.0,2188.44140625,475.1758127473295
2026-07-20T04:07:23.943963+00:00,8741.0,36.0,98.24,45.0,2188.44140625,475.4803333990276
2026-07-20T04:07:24.250497+00:00,8741.0,36.0,98.94,45.0,2188.44140625,475.78686617314816
2026-07-20T04:07:24.557701+00:00,8741.0,37.0,99.1,45.0,2188.44140625,476.0940700881183
2026-07-20T04:07:24.912856+00:00,8741.0,35.0,98.95,45.0,2188.44140625,476.4492248892784
2026-07-20T04:07:25.245194+00:00,8741.0,36.0,98.16,45.0,2188.44140625,476.78156350180507
2026-07-20T04:07:25.596079+00:00,8741.0,34.0,98.0,45.0,2188.44140625,477.1324468962848
2026-07-20T04:07:25.923102+00:00,8741.0,36.0,97.83,45.0,2188.4921875,477.45947160199285
2026-07-20T04:07:26.276209+00:00,8741.0,36.0,97.84,45.0,2188.4921875,477.81257843226194
2026-07-20T04:07:26.578008+00:00,8741.0,37.0,98.03,45.0,2188.4921875,478.11437733098865
2026-07-20T04:07:26.882618+00:00,8741.0,37.0,98.26,45.0,2188.4921875,478.418987352401
2026-07-20T04:07:27.183843+00:00,8741.0,36.0,98.9,45.0,2188.4921875,478.7202125452459
2026-07-20T04:07:27.464720+00:00,8741.0,37.0,98.9,45.0,2188.4921875,479.00109040364623
2026-07-20T04:07:27.763428+00:00,8741.0,37.0,98.96,45.0,2188.4921875,479.2997989207506
2026-07-20T04:07:28.085477+00:00,8741.0,36.0,98.64,45.0,2188.4921875,479.62184700369835
2026-07-20T04:07:28.366371+00:00,8741.0,37.0,98.83,45.0,2188.4921875,479.90274181962013
2026-07-20T04:07:28.666243+00:00,8741.0,37.0,99.09,45.0,2188.4921875,480.20261304825544
2026-07-20T04:07:28.991289+00:00,8741.0,37.0,99.09,45.0,2188.4921875,480.5276593416929
2026-07-20T04:07:29.298122+00:00,8741.0,35.0,98.86,45.0,2188.4921875,480.8344919010997
2026-07-20T04:07:29.599519+00:00,8741.0,37.0,98.61,45.0,2188.4921875,481.13589007407427
2026-07-20T04:07:29.902892+00:00,8741.0,37.0,98.4,45.0,2188.4921875,481.43926211073995
2026-07-20T04:07:30.202971+00:00,8741.0,35.0,98.23,45.0,2188.4921875,481.7393420152366
2026-07-20T04:07:30.484285+00:00,8741.0,37.0,98.11,45.0,2188.4921875,482.02065567299724
2026-07-20T04:07:30.765243+00:00,8741.0,37.0,98.21,45.0,2188.4921875,482.3016137704253
2026-07-20T04:07:31.106925+00:00,8741.0,36.0,98.76,45.0,2188.4921875,482.64329505711794
2026-07-20T04:07:31.388347+00:00,8741.0,36.0,99.19,45.0,2188.4921875,482.9247173964977
2026-07-20T04:07:31.687794+00:00,8741.0,36.0,99.37,45.0,2188.4921875,483.2241647616029
2026-07-20T04:07:32.009257+00:00,8741.0,37.0,98.85,45.0,2188.4921875,483.54562678560615
2026-07-20T04:07:32.290020+00:00,8741.0,35.0,98.79,45.0,2188.4921875,483.82638163119555
2026-07-20T04:07:32.589946+00:00,8741.0,36.0,98.68,45.0,2188.4921875,484.12631272524595
2026-07-20T04:07:32.890384+00:00,8741.0,36.0,98.75,45.0,2188.4921875,484.4267549254
2026-07-20T04:07:33.219235+00:00,8741.0,35.0,98.76,45.0,2188.4921875,484.75560418888927
2026-07-20T04:07:33.500486+00:00,8741.0,36.0,98.92,45.0,2188.4921875,485.03685569018126
2026-07-20T04:07:33.781095+00:00,8741.0,36.0,98.92,45.0,2188.4921875,485.317465107888
2026-07-20T04:07:34.061562+00:00,8741.0,37.0,98.81,45.0,2188.4921875,485.59793270379305
2026-07-20T04:07:34.358650+00:00,8741.0,37.0,98.83,45.0,2188.4921875,485.8950208798051
2026-07-20T04:07:34.638755+00:00,8741.0,37.0,98.8,45.0,2188.4921875,486.1751255877316
2026-07-20T04:07:34.918739+00:00,8741.0,36.0,99.32,45.0,2188.4921875,486.45510959997773
2026-07-20T04:07:35.237750+00:00,8741.0,36.0,99.28,45.0,2188.4921875,486.7741205841303
2026-07-20T04:07:35.558452+00:00,8741.0,36.0,99.15,45.0,2188.4921875,487.094822127372
2026-07-20T04:07:35.885940+00:00,8741.0,36.0,98.55,45.0,2188.4921875,487.4223102852702
2026-07-20T04:07:36.167207+00:00,8741.0,36.0,98.52,45.0,2188.4921875,487.7035772539675
2026-07-20T04:07:36.470255+00:00,8741.0,37.0,98.75,45.0,2188.4921875,488.0066239275038
2026-07-20T04:07:36.790174+00:00,8741.0,36.0,99.05,45.0,2188.4921875,488.326543815434
2026-07-20T04:07:37.091063+00:00,8741.0,36.0,98.95,45.0,2188.4921875,488.6274330057204
2026-07-20T04:07:37.442848+00:00,8741.0,35.0,99.03,45.0,2188.4921875,488.9792178161442
2026-07-20T04:07:37.724520+00:00,8741.0,37.0,98.57,45.0,2188.4921875,489.2608906775713
2026-07-20T04:07:38.022484+00:00,8741.0,36.0,98.55,45.0,2188.4921875,489.5588545911014
2026-07-20T04:07:38.302669+00:00,8741.0,36.0,98.46,45.0,2188.4921875,489.8390401676297
2026-07-20T04:07:38.583523+00:00,8741.0,36.0,98.5,45.0,2188.4921875,490.1198933124542
2026-07-20T04:07:38.911750+00:00,8741.0,35.0,98.45,45.0,2188.4921875,490.4481195695698
2026-07-20T04:07:39.217743+00:00,8741.0,34.0,98.86,45.0,2188.5,490.75411119684577
2026-07-20T04:07:39.551344+00:00,8741.0,34.0,98.66,45.0,2188.5,491.0877137109637
2026-07-20T04:07:39.857838+00:00,8741.0,35.0,98.65,45.0,2188.5,491.39420733600855
2026-07-20T04:07:40.141454+00:00,8741.0,35.0,98.02,45.0,2188.5,491.67782286927104
2026-07-20T04:07:40.449985+00:00,8741.0,36.0,97.99,45.0,2188.5,491.9863551184535
2026-07-20T04:07:40.757150+00:00,8741.0,35.0,98.03,45.0,2188.5,492.2935188598931
2026-07-20T04:07:41.084564+00:00,8741.0,34.0,98.12,45.0,2188.5,492.62093249335885
2026-07-20T04:07:41.386698+00:00,8741.0,36.0,98.32,45.0,2188.5,492.92306761443615
2026-07-20T04:07:41.735802+00:00,8741.0,36.0,98.21,45.0,2188.5,493.2721711397171
2026-07-20T04:07:42.017946+00:00,8741.0,37.0,99.06,45.0,2188.5,493.5543165653944
2026-07-20T04:07:42.324070+00:00,8741.0,37.0,98.95,45.0,2188.5,493.8604404181242
2026-07-20T04:07:42.605916+00:00,8741.0,36.0,99.07,45.0,2188.5,494.1422865241766
2026-07-20T04:07:42.905631+00:00,8741.0,36.0,98.88,45.0,2188.5,494.4420017004013
2026-07-20T04:07:43.229896+00:00,8741.0,36.0,98.15,45.0,2188.5,494.76626620441675
2026-07-20T04:07:43.531617+00:00,8741.0,36.0,98.14,45.0,2188.5,495.0679871700704
2026-07-20T04:07:43.834424+00:00,8741.0,35.0,98.24,45.0,2188.5,495.3707929775119
2026-07-20T04:07:44.136797+00:00,8741.0,36.0,99.01,45.0,2188.5,495.6731667518616
2026-07-20T04:07:44.443809+00:00,8741.0,36.0,99.06,45.0,2188.5,495.9801790229976
2026-07-20T04:07:44.746464+00:00,8741.0,37.0,99.25,45.0,2188.5,496.28283435478806
2026-07-20T04:07:45.053533+00:00,8741.0,37.0,98.61,45.0,2188.5,496.58990363031626
2026-07-20T04:07:45.355809+00:00,8741.0,36.0,98.65,45.0,2188.5,496.8921784721315
2026-07-20T04:07:45.637619+00:00,8741.0,36.0,98.73,45.0,2188.5,497.17398922517896
2026-07-20T04:07:45.967383+00:00,8741.0,35.0,98.68,45.0,2188.5,497.5037532970309
2026-07-20T04:07:46.288908+00:00,8741.0,34.0,98.55,45.0,2188.5,497.82527693361044
2026-07-20T04:07:46.640602+00:00,8741.0,36.0,98.66,45.0,2188.5,498.1769718900323
2026-07-20T04:07:46.948529+00:00,8741.0,36.0,99.21,45.0,2188.5,498.4848990738392
2026-07-20T04:07:47.230556+00:00,8741.0,36.0,99.05,45.0,2188.5,498.7669263780117
2026-07-20T04:07:47.531425+00:00,8741.0,36.0,99.08,45.0,2188.5,499.06779569759965
2026-07-20T04:07:47.812850+00:00,8741.0,36.0,98.57,45.0,2188.5,499.3492197804153
2026-07-20T04:07:48.134792+00:00,8741.0,36.0,98.68,45.0,2188.5,499.6711624972522
2026-07-20T04:07:48.441815+00:00,8741.0,35.0,98.7,45.0,2188.5,499.97818513959646
2026-07-20T04:07:48.723484+00:00,8741.0,36.0,98.25,45.0,2188.5,500.2598534375429
2026-07-20T04:07:49.004194+00:00,8741.0,37.0,98.19,45.0,2188.5,500.5405648685992
2026-07-20T04:07:49.325399+00:00,8741.0,37.0,98.28,45.0,2188.5,500.8617703579366
2026-07-20T04:07:49.605382+00:00,8741.0,37.0,98.52,45.0,2188.5,501.14175213873386
2026-07-20T04:07:49.885514+00:00,8741.0,36.0,98.85,45.0,2188.5,501.4218848645687
2026-07-20T04:07:50.206573+00:00,8741.0,35.0,99.34,45.0,2188.5,501.74294244870543
2026-07-20T04:07:50.487887+00:00,8741.0,36.0,99.05,45.0,2188.5,502.02425806596875
2026-07-20T04:07:50.814342+00:00,8741.0,36.0,98.78,45.0,2188.5,502.3507128357887
2026-07-20T04:07:51.119777+00:00,8741.0,35.0,98.85,45.0,2188.5,502.6561467461288
2026-07-20T04:07:51.418975+00:00,8741.0,35.0,98.15,45.0,2188.5,502.95534574240446
2026-07-20T04:07:51.746282+00:00,8741.0,36.0,98.46,45.0,2188.5,503.28265230357647
2026-07-20T04:07:52.028576+00:00,8741.0,36.0,98.45,45.0,2188.5,503.5649473294616
2026-07-20T04:07:52.333221+00:00,8741.0,35.0,98.8,45.0,2188.5,503.86959075927734
2026-07-20T04:07:52.636937+00:00,8741.0,37.0,98.67,45.0,2188.5,504.1733076348901
2026-07-20T04:07:52.954771+00:00,8741.0,36.0,98.92,45.0,2188.5,504.4911409392953
2026-07-20T04:07:53.312808+00:00,8741.0,33.0,98.7,45.0,2188.5,504.8491768538952
2026-07-20T04:07:53.644866+00:00,8741.0,37.0,99.19,45.0,2188.5,505.18123522773385
2026-07-20T04:07:53.946677+00:00,8741.0,35.0,99.32,45.0,2188.5,505.4830464795232
2026-07-20T04:07:54.296921+00:00,8741.0,36.0,99.17,45.0,2188.5,505.83329006284475
2026-07-20T04:07:54.648821+00:00,8741.0,35.0,98.55,45.0,2188.5,506.1851895414293
2026-07-20T04:07:55.000648+00:00,8741.0,35.0,98.21,45.0,2188.5,506.5370176397264
2026-07-20T04:07:55.305811+00:00,8741.0,36.0,98.29,45.0,2188.5,506.84218041971326
2026-07-20T04:07:55.613953+00:00,8741.0,35.0,98.32,45.0,2188.5,507.1503225043416
2026-07-20T04:07:55.921531+00:00,8741.0,36.0,98.41,45.0,2188.5,507.4579010158777
2026-07-20T04:07:56.205000+00:00,8741.0,37.0,98.98,45.0,2188.5,507.74136976897717
2026-07-20T04:07:56.555979+00:00,8741.0,36.0,99.04,45.0,2188.5,508.09234922379255
2026-07-20T04:07:56.862888+00:00,8741.0,36.0,98.9,45.0,2188.5,508.39925792068243
2026-07-20T04:07:57.145468+00:00,8741.0,36.0,98.29,45.0,2188.5,508.6818380393088
2026-07-20T04:07:57.427123+00:00,8741.0,36.0,98.21,45.0,2188.5,508.96349323168397
2026-07-20T04:07:57.711140+00:00,8741.0,36.0,98.59,45.0,2188.5,509.2475105933845
2026-07-20T04:07:58.016718+00:00,8741.0,36.0,98.68,45.0,2188.5,509.55308789759874
2026-07-20T04:07:58.322215+00:00,8741.0,36.0,98.85,45.0,2188.5,509.8585844486952
2026-07-20T04:07:58.628983+00:00,8741.0,37.0,98.72,45.0,2188.5,510.16535303741693
2026-07-20T04:07:58.955409+00:00,8741.0,36.0,98.75,45.0,2188.5,510.4917788282037
2026-07-20T04:07:59.259633+00:00,8741.0,36.0,98.82,45.0,2188.5,510.7960035651922
2026-07-20T04:07:59.541772+00:00,8741.0,36.0,98.7,45.0,2188.5,511.0781423076987
2026-07-20T04:07:59.848463+00:00,8741.0,36.0,98.73,45.0,2188.5,511.38483329489827
2026-07-20T04:08:00.170174+00:00,8741.0,35.0,99.47,45.0,2188.5,511.706543777138
2026-07-20T04:08:00.452071+00:00,8741.0,36.0,99.39,45.0,2188.5,511.9884411096573
2026-07-20T04:08:00.756351+00:00,8741.0,36.0,98.93,45.0,2188.5,512.2927211150527
2026-07-20T04:08:01.061311+00:00,8741.0,36.0,98.21,45.0,2188.5,512.597680862993
2026-07-20T04:08:01.363906+00:00,8741.0,37.0,98.11,45.0,2188.5,512.900276247412
2026-07-20T04:08:01.662797+00:00,8741.0,36.0,98.26,45.0,2188.5,513.1991673372686
2026-07-20T04:08:01.967098+00:00,8741.0,36.0,98.55,45.0,2188.5,513.5034687668085
2026-07-20T04:08:02.271505+00:00,8741.0,36.0,98.66,45.0,2188.5,513.8078753128648
2026-07-20T04:08:02.594283+00:00,8741.0,36.0,98.48,45.0,2188.5,514.1306535936892
2026-07-20T04:08:02.914712+00:00,8741.0,36.0,98.7,45.0,2188.5,514.451081816107
2026-07-20T04:08:03.222315+00:00,8741.0,34.0,98.33,45.0,2188.5,514.7586840838194
2026-07-20T04:08:03.524029+00:00,8741.0,37.0,98.87,45.0,2188.5,515.060398671776
2026-07-20T04:08:03.823410+00:00,8741.0,36.0,98.6,45.0,2188.5,515.3597800582647
2026-07-20T04:08:04.123345+00:00,8741.0,37.0,98.93,45.0,2188.5,515.6597156487405
2026-07-20T04:08:04.441758+00:00,8741.0,37.0,99.17,45.0,2188.5,515.9781284295022
2026-07-20T04:08:04.723309+00:00,8741.0,37.0,98.64,45.0,2188.5,516.2596800252795
2026-07-20T04:08:05.032847+00:00,8741.0,37.0,98.76,45.0,2188.5,516.5692169182003
2026-07-20T04:08:05.317183+00:00,8741.0,36.0,98.74,45.0,2188.5,516.8535526432097
2026-07-20T04:08:05.614999+00:00,8741.0,35.0,98.74,45.0,2188.5,517.1513693444431
2026-07-20T04:08:05.919150+00:00,8741.0,36.0,98.91,45.0,2188.5,517.4555197656155
2026-07-20T04:08:06.242854+00:00,8741.0,36.0,98.8,45.0,2188.5,517.7792233191431
2026-07-20T04:08:06.543749+00:00,8741.0,37.0,98.93,45.0,2188.5,518.0801197402179
2026-07-20T04:08:06.843418+00:00,8741.0,37.0,98.92,45.0,2188.5,518.3797890618443
2026-07-20T04:08:07.148903+00:00,8741.0,36.0,98.91,45.0,2188.5,518.6852725371718
2026-07-20T04:08:07.474712+00:00,8741.0,37.0,99.17,45.0,2188.5,519.0110824555159
2026-07-20T04:08:07.799959+00:00,8741.0,36.0,98.93,45.0,2188.5,519.3363282904029
2026-07-20T04:08:08.128695+00:00,8741.0,36.0,98.85,45.0,2188.5,519.6650627069175
2026-07-20T04:08:08.434524+00:00,8741.0,36.0,99.02,45.0,2188.5,519.9708928875625
2026-07-20T04:08:08.761052+00:00,8741.0,36.0,98.65,45.0,2188.5,520.2974208258092
2026-07-20T04:08:09.084718+00:00,8741.0,34.0,98.42,45.0,2188.5,520.6210869140923
2026-07-20T04:08:09.395291+00:00,8741.0,36.0,97.75,45.0,2188.5,520.9316597804427
2026-07-20T04:08:09.720346+00:00,8741.0,35.0,98.4,45.0,2188.5,521.2567160651088
2026-07-20T04:08:10.060949+00:00,8741.0,35.0,98.87,45.0,2188.5,521.5973185002804
2026-07-20T04:08:10.391611+00:00,8741.0,25.0,98.36,45.0,2188.5,521.9279807843268
2026-07-20T04:08:10.697586+00:00,8741.0,35.0,97.57,45.0,2188.5,522.2339553199708
2026-07-20T04:08:11.004279+00:00,8741.0,36.0,97.29,45.0,2188.5,522.5406478606164
2026-07-20T04:08:11.289358+00:00,8741.0,36.0,97.03,45.0,2188.5,522.8257274441421
2026-07-20T04:08:11.620868+00:00,8741.0,34.0,97.82,45.0,2188.5,523.1572377197444
2026-07-20T04:08:11.968000+00:00,8741.0,36.0,97.92,45.0,2188.5,523.5043692216277
2026-07-20T04:08:12.296800+00:00,8741.0,35.0,98.09,45.0,2188.5,523.8331697583199
2026-07-20T04:08:12.604419+00:00,8741.0,36.0,98.14,45.0,2188.5,524.1407890021801
2026-07-20T04:08:12.905406+00:00,8741.0,36.0,98.5,45.0,2188.5,524.4417760670185
2026-07-20T04:08:13.214130+00:00,8741.0,35.0,99.07,45.0,2188.5,524.7504987195134
2026-07-20T04:08:13.525297+00:00,8741.0,34.0,98.8,45.0,2188.5,525.0616668798029
2026-07-20T04:08:13.856900+00:00,8741.0,36.0,98.71,45.0,2188.5,525.3932687491179
2026-07-20T04:08:14.207052+00:00,8741.0,35.0,98.22,45.0,2188.5,525.7434213235974
2026-07-20T04:08:14.536215+00:00,8741.0,36.0,98.55,45.0,2188.5,526.0725849457085
2026-07-20T04:08:14.868638+00:00,8741.0,35.0,98.49,45.0,2188.5,526.4050069190562
2026-07-20T04:08:15.219173+00:00,8741.0,35.0,98.41,45.0,2188.5,526.7555419206619
2026-07-20T04:08:15.522072+00:00,8741.0,35.0,98.17,45.0,2188.5,527.0584415979683
2026-07-20T04:08:15.830983+00:00,8741.0,34.0,98.19,45.0,2188.5,527.3673525676131
2026-07-20T04:08:16.187264+00:00,8741.0,36.0,98.54,45.0,2188.5,527.7236335799098
2026-07-20T04:08:16.494025+00:00,8741.0,36.0,98.71,45.0,2188.5,528.0303944759071
2026-07-20T04:08:16.802165+00:00,8741.0,34.0,98.75,45.0,2188.5,528.3385346904397
2026-07-20T04:08:17.132599+00:00,8741.0,35.0,98.19,45.0,2188.5,528.6689676605165
2026-07-20T04:08:17.438109+00:00,8741.0,35.0,98.18,45.0,2188.5,528.974478572607
2026-07-20T04:08:17.767952+00:00,8741.0,37.0,98.71,45.0,2188.5,529.304320961237
2026-07-20T04:08:18.093820+00:00,8741.0,36.0,98.64,45.0,2188.5,529.630189653486
2026-07-20T04:08:18.404849+00:00,8741.0,35.0,98.58,45.0,2188.5,529.9412179589272
2026-07-20T04:08:18.709733+00:00,8741.0,35.0,97.95,45.0,2188.5,530.2461034581065
2026-07-20T04:08:19.036806+00:00,8741.0,35.0,97.99,45.0,2188.5,530.5731748491526
2026-07-20T04:08:19.369016+00:00,8741.0,36.0,98.59,45.0,2188.5,530.9053858928382
2026-07-20T04:08:19.700709+00:00,8741.0,35.0,99.11,45.0,2188.5,531.2370779439807
2026-07-20T04:08:20.036295+00:00,8741.0,33.0,98.78,45.0,2188.5,531.5726644285023
2026-07-20T04:08:20.364390+00:00,8741.0,36.0,98.33,45.0,2188.5,531.9007589370012
2026-07-20T04:08:20.669623+00:00,8741.0,36.0,97.88,45.0,2188.5,532.2059928104281
2026-07-20T04:08:20.997097+00:00,8741.0,35.0,98.04,45.0,2188.5,532.5334665924311
2026-07-20T04:08:21.303477+00:00,8741.0,36.0,98.24,45.0,2188.5,532.839846689254
2026-07-20T04:08:21.608828+00:00,8741.0,35.0,98.12,45.0,2188.5,533.145197879523
2026-07-20T04:08:21.940400+00:00,8741.0,35.0,98.16,45.0,2188.5,533.476769182831
2026-07-20T04:08:22.268821+00:00,8741.0,36.0,98.02,45.0,2188.5,533.8051896356046
2026-07-20T04:08:22.620544+00:00,8741.0,35.0,98.06,45.0,2188.5,534.1569135524333
2026-07-20T04:08:22.930748+00:00,8741.0,35.0,98.18,45.0,2188.5,534.4671173542738
2026-07-20T04:08:23.234208+00:00,8741.0,36.0,98.42,45.0,2188.5,534.7705765925348
2026-07-20T04:08:23.549896+00:00,8741.0,37.0,98.14,45.0,2188.5,535.0862656868994
2026-07-20T04:08:23.860188+00:00,8741.0,35.0,98.3,45.0,2188.5,535.3965577743948
2026-07-20T04:08:24.188763+00:00,8741.0,35.0,98.0,45.0,2188.5,535.7251324094832
2026-07-20T04:08:24.494587+00:00,8741.0,35.0,98.24,45.0,2188.5,536.0309567674994
2026-07-20T04:08:24.840382+00:00,8741.0,32.0,97.56,45.0,2188.5,536.3767510280013
2026-07-20T04:08:25.172888+00:00,8741.0,33.0,97.51,45.0,2188.5,536.7092567048967
2026-07-20T04:08:25.506045+00:00,8741.0,35.0,97.71,45.0,2188.5,537.0424143522978
2026-07-20T04:08:25.814857+00:00,8741.0,35.0,98.75,45.0,2188.5,537.3512262403965
2026-07-20T04:08:26.122976+00:00,8741.0,37.0,99.29,45.0,2188.5,537.6593453511596
2026-07-20T04:08:26.426346+00:00,8741.0,35.0,99.43,45.0,2188.5,537.9627155698836
2026-07-20T04:08:26.734313+00:00,8741.0,36.0,99.36,45.0,2188.5,538.2706823050976
2026-07-20T04:08:27.038352+00:00,8741.0,37.0,99.31,45.0,2188.5,538.5747216977179
2026-07-20T04:08:27.346335+00:00,8741.0,34.0,98.89,45.0,2188.5,538.882704693824
2026-07-20T04:08:27.692573+00:00,8741.0,35.0,98.98,45.0,2188.5,539.2289419434965
2026-07-20T04:08:28.003048+00:00,8741.0,37.0,98.83,45.0,2188.5,539.5394170805812
2026-07-20T04:08:28.310126+00:00,8741.0,37.0,99.5,45.0,2188.5,539.846495103091
2026-07-20T04:08:28.618869+00:00,8741.0,34.0,99.21,45.0,2188.5,540.1552371382713
2026-07-20T04:08:28.923084+00:00,8741.0,36.0,99.07,45.0,2188.5,540.4594534635544
2026-07-20T04:08:29.268725+00:00,8741.0,35.0,98.37,45.0,2188.5,540.8050946630538
2026-07-20T04:08:29.578143+00:00,8741.0,36.0,98.02,45.0,2188.5,541.1145114079118
2026-07-20T04:08:29.928288+00:00,8741.0,36.0,98.07,45.0,2188.5,541.4646568633616
2026-07-20T04:08:30.213763+00:00,8741.0,33.0,97.93,45.0,2188.5,541.7501320280135
2026-07-20T04:08:30.522738+00:00,8741.0,30.0,97.1,45.0,2188.5,542.0591075867414
2026-07-20T04:08:30.852315+00:00,8741.0,35.0,97.06,45.0,2188.5,542.3886774480343
2026-07-20T04:08:31.157797+00:00,8741.0,34.0,96.93,45.0,2188.5,542.6941667236388
2026-07-20T04:08:31.466497+00:00,8741.0,39.0,98.98,45.0,2188.5,543.0028664134443
2026-07-20T04:08:31.770130+00:00,8741.0,35.0,99.52,45.0,2188.5,543.306498862803
2026-07-20T04:08:32.096666+00:00,8741.0,35.0,99.79,45.0,2188.5,543.6330359093845
2026-07-20T04:08:32.452791+00:00,8741.0,37.0,98.65,45.0,2188.5,543.989160604775
2026-07-20T04:08:32.784917+00:00,8741.0,36.0,98.75,45.0,2188.5,544.3212861530483
2026-07-20T04:08:33.112653+00:00,8741.0,35.0,98.77,45.0,2188.5,544.6490221992135
2026-07-20T04:08:33.422889+00:00,8741.0,36.0,99.33,45.0,2188.5,544.9592584632337
2026-07-20T04:08:33.729868+00:00,8741.0,34.0,99.15,45.0,2188.5,545.2662368416786
2026-07-20T04:08:34.060536+00:00,8741.0,34.0,98.94,45.0,2188.5,545.5969058796763
2026-07-20T04:08:34.392629+00:00,8741.0,35.0,97.96,45.0,2188.5,545.9289987459779
2026-07-20T04:08:34.702083+00:00,8741.0,36.0,97.88,45.0,2188.5,546.2384527027607
2026-07-20T04:08:35.007321+00:00,8741.0,36.0,97.79,45.0,2188.5,546.5436905436218
2026-07-20T04:08:35.294063+00:00,8741.0,36.0,97.93,45.0,2188.5,546.8304331116378
2026-07-20T04:08:35.602543+00:00,8741.0,37.0,98.4,45.0,2188.5,547.1389126963913
2026-07-20T04:08:35.932733+00:00,8741.0,30.0,98.25,45.0,2188.5,547.469102922827
2026-07-20T04:08:36.238140+00:00,8741.0,35.0,98.1,45.0,2188.5,547.774509370327
2026-07-20T04:08:36.546263+00:00,8741.0,35.0,97.6,45.0,2188.5,548.0826328024268
2026-07-20T04:08:36.900428+00:00,8741.0,25.0,97.3,45.0,2188.5,548.43679767102
2026-07-20T04:08:37.232405+00:00,8741.0,34.0,97.18,45.0,2188.5,548.7687739618123
2026-07-20T04:08:37.560362+00:00,8741.0,37.0,97.39,45.0,2188.5,549.0967312715948
2026-07-20T04:08:37.916624+00:00,8741.0,36.0,98.06,45.0,2188.5,549.4529931433499
2026-07-20T04:08:38.226964+00:00,8741.0,31.0,97.98,45.0,2188.5,549.7633333913982
2026-07-20T04:08:38.530319+00:00,8741.0,37.0,97.93,45.0,2188.5,550.0666881538928
2026-07-20T04:08:38.838578+00:00,8741.0,35.0,98.03,45.0,2188.5,550.3749473951757
2026-07-20T04:08:39.142887+00:00,8741.0,36.0,98.05,45.0,2188.5,550.6792568005621
2026-07-20T04:08:39.430932+00:00,8741.0,37.0,98.56,45.0,2188.5,550.9673014432192
2026-07-20T04:08:39.757022+00:00,8741.0,37.0,98.79,45.0,2188.5,551.2933910004795
2026-07-20T04:08:40.047452+00:00,8741.0,36.0,99.11,45.0,2188.5,551.5838201157749
2026-07-20T04:08:40.356490+00:00,8741.0,36.0,98.86,45.0,2188.5,551.8928591199219
2026-07-20T04:08:40.662538+00:00,8741.0,36.0,98.66,45.0,2188.5,552.1989072337747
2026-07-20T04:08:40.966095+00:00,8741.0,36.0,98.2,45.0,2188.5,552.5024641789496
2026-07-20T04:08:41.288966+00:00,8741.0,34.0,98.16,45.0,2188.5,552.8253349140286
2026-07-20T04:08:41.594788+00:00,8741.0,26.0,98.18,45.0,2188.5,553.1311576254666
2026-07-20T04:08:41.899168+00:00,8741.0,36.0,98.2,45.0,2188.5,553.4355371668935
2026-07-20T04:08:42.244894+00:00,8741.0,36.0,98.15,45.0,2188.5,553.7812626361847
2026-07-20T04:08:42.550217+00:00,8741.0,35.0,98.49,45.0,2188.5,554.0865864567459
2026-07-20T04:08:42.858097+00:00,8741.0,35.0,98.19,45.0,2188.5,554.3944660611451
2026-07-20T04:08:43.189061+00:00,8741.0,35.0,98.18,45.0,2188.5,554.7254306040704
2026-07-20T04:08:43.516809+00:00,8741.0,36.0,98.48,45.0,2188.5,555.0531783103943
2026-07-20T04:08:43.845046+00:00,8741.0,36.0,98.36,45.0,2188.5,555.3814149051905
2026-07-20T04:08:44.154831+00:00,8741.0,36.0,98.56,45.0,2188.5,555.6912003606558
2026-07-20T04:08:44.500578+00:00,8741.0,36.0,98.47,45.0,2188.5,556.0369469486177
2026-07-20T04:08:44.851688+00:00,8741.0,37.0,98.69,45.0,2188.5,556.3880568034947
2026-07-20T04:08:45.179382+00:00,8741.0,35.0,98.87,45.0,2188.5,556.7157499417663
2026-07-20T04:08:45.526060+00:00,8741.0,35.0,98.52,45.0,2188.5,557.0624293871224
2026-07-20T04:08:45.834651+00:00,8741.0,36.0,98.72,45.0,2188.5,557.3710196837783
2026-07-20T04:08:46.160960+00:00,8741.0,36.0,98.32,45.0,2188.5,557.6973293535411
2026-07-20T04:08:46.449873+00:00,8741.0,35.0,98.3,45.0,2188.5,557.9862424433231
2026-07-20T04:08:46.804672+00:00,8741.0,36.0,97.84,45.0,2188.5,558.3410411588848
2026-07-20T04:08:47.136631+00:00,8741.0,35.0,97.84,45.0,2188.5,558.67300074175
2026-07-20T04:08:47.446325+00:00,8741.0,35.0,98.07,45.0,2188.5,558.9826934337616
2026-07-20T04:08:47.768509+00:00,8741.0,35.0,97.97,45.0,2188.5,559.3048773817718
2026-07-20T04:08:48.078241+00:00,8741.0,36.0,98.07,45.0,2188.5,559.6146105118096
2026-07-20T04:08:48.400969+00:00,8741.0,34.0,98.09,45.0,2188.5,559.9373387135565
2026-07-20T04:08:48.706670+00:00,8741.0,35.0,98.23,45.0,2188.5,560.2430393099785
2026-07-20T04:08:49.011948+00:00,8741.0,36.0,98.4,45.0,2188.5,560.5483169481158
2026-07-20T04:08:49.317902+00:00,8741.0,35.0,98.28,45.0,2188.5,560.8542714007199
2026-07-20T04:08:49.644830+00:00,8741.0,35.0,98.07,45.0,2188.5,561.1811993010342
2026-07-20T04:08:49.973488+00:00,8741.0,35.0,97.58,45.0,2188.5,561.5098569281399
2026-07-20T04:08:50.282710+00:00,8741.0,35.0,97.83,45.0,2188.5,561.819078989327
2026-07-20T04:08:50.589994+00:00,8741.0,34.0,97.87,45.0,2188.5,562.1263630725443
2026-07-20T04:08:50.898452+00:00,8741.0,36.0,98.28,45.0,2188.5,562.4348216243088
2026-07-20T04:08:51.207062+00:00,8741.0,35.0,98.25,45.0,2188.5,562.7434313669801
2026-07-20T04:08:51.514685+00:00,8741.0,35.0,98.49,45.0,2188.5078125,563.051055137068
2026-07-20T04:08:51.817286+00:00,8741.0,36.0,98.49,45.0,2188.5078125,563.3536556512117
2026-07-20T04:08:52.168271+00:00,8741.0,35.0,98.63,45.0,2188.5078125,563.7046407535672
2026-07-20T04:08:52.469413+00:00,8741.0,37.0,98.58,45.0,2188.5078125,564.0057830885053
2026-07-20T04:08:52.775833+00:00,8741.0,36.0,98.85,45.0,2188.5078125,564.3122032694519
2026-07-20T04:08:53.079139+00:00,8741.0,36.0,99.05,45.0,2188.5078125,564.6155090406537
2026-07-20T04:08:53.382893+00:00,8741.0,36.0,99.0,45.0,2188.5078125,564.9192629903555
2026-07-20T04:08:53.682848+00:00,8741.0,36.0,98.56,45.0,2188.51171875,565.2192185521126
2026-07-20T04:08:54.034892+00:00,8741.0,35.0,98.24,45.0,2188.51171875,565.5712619870901
2026-07-20T04:08:54.333950+00:00,8741.0,36.0,98.46,45.0,2188.51171875,565.8703201450408
2026-07-20T04:08:54.639768+00:00,8741.0,36.0,98.8,45.0,2188.51171875,566.176138099283
2026-07-20T04:08:54.921326+00:00,8741.0,37.0,98.61,45.0,2188.51171875,566.4576961509883
2026-07-20T04:08:55.226988+00:00,8741.0,36.0,98.68,45.0,2188.51171875,566.7633589208126
2026-07-20T04:08:55.530429+00:00,8741.0,37.0,98.35,45.0,2188.51171875,567.066800031811
2026-07-20T04:08:55.811999+00:00,8741.0,37.0,98.65,45.0,2188.51171875,567.3483698554337
2026-07-20T04:08:56.163143+00:00,8741.0,37.0,98.61,45.0,2188.51171875,567.6995125934482
2026-07-20T04:08:56.445004+00:00,8741.0,36.0,98.52,45.0,2188.51171875,567.9813740812242
2026-07-20T04:08:56.726858+00:00,8741.0,36.0,98.25,45.0,2188.51171875,568.2632280029356
2026-07-20T04:08:57.033963+00:00,8741.0,36.0,98.08,45.0,2188.51171875,568.5703328214586
2026-07-20T04:08:57.335069+00:00,8741.0,37.0,98.39,45.0,2188.51171875,568.871438935399
2026-07-20T04:08:57.616894+00:00,8741.0,37.0,98.33,45.0,2188.51171875,569.1532648801804
2026-07-20T04:08:57.922170+00:00,8741.0,36.0,99.0,45.0,2188.51171875,569.4585403352976
2026-07-20T04:08:58.265819+00:00,8741.0,36.0,98.91,45.0,2188.51171875,569.802188988775
2026-07-20T04:08:58.566729+00:00,8741.0,36.0,98.53,45.0,2188.51171875,570.1030999571085
2026-07-20T04:08:58.866461+00:00,8741.0,36.0,98.61,45.0,2188.51171875,570.402832120657
2026-07-20T04:08:59.171235+00:00,8741.0,37.0,98.3,45.0,2188.51171875,570.7076051235199
2026-07-20T04:08:59.470919+00:00,8741.0,36.0,98.5,45.0,2188.51171875,571.0072895623744
2026-07-20T04:08:59.771755+00:00,8741.0,36.0,98.52,45.0,2188.51171875,571.3081252649426
2026-07-20T04:09:00.068041+00:00,8741.0,36.0,98.66,45.0,2188.51171875,571.6044120304286
2026-07-20T04:09:00.415941+00:00,8741.0,33.0,98.38,45.0,2188.51171875,571.9523110240698
2026-07-20T04:09:00.720003+00:00,8741.0,36.0,98.47,45.0,2188.51171875,572.2563736438751
2026-07-20T04:09:01.047019+00:00,8741.0,36.0,98.17,45.0,2188.51171875,572.5833882577717
2026-07-20T04:09:01.330684+00:00,8741.0,36.0,98.55,45.0,2188.51171875,572.8670540191233
2026-07-20T04:09:01.613562+00:00,8741.0,36.0,98.68,45.0,2188.51171875,573.1499325446784
2026-07-20T04:09:01.917290+00:00,8741.0,36.0,98.97,45.0,2188.51171875,573.4536605551839
2026-07-20T04:09:02.198936+00:00,8741.0,36.0,98.79,45.0,2188.51171875,573.7353061139584
2026-07-20T04:09:02.547829+00:00,8741.0,36.0,98.65,45.0,2188.51171875,574.0841981880367
2026-07-20T04:09:02.848677+00:00,8741.0,37.0,98.62,45.0,2188.51171875,574.3850470967591
2026-07-20T04:09:03.174092+00:00,8741.0,36.0,98.88,45.0,2188.51171875,574.710462141782
2026-07-20T04:09:03.482328+00:00,8741.0,34.0,98.81,45.0,2188.51171875,575.0186971388757
2026-07-20T04:09:03.765786+00:00,8741.0,37.0,98.64,45.0,2188.51171875,575.3021556288004
2026-07-20T04:09:04.047978+00:00,8741.0,37.0,98.63,45.0,2188.51171875,575.5843488164246
2026-07-20T04:09:04.329561+00:00,8741.0,37.0,98.72,45.0,2188.51171875,575.8659313097596
2026-07-20T04:09:04.687244+00:00,8741.0,36.0,99.07,45.0,2188.51171875,576.2236125543714
2026-07-20T04:09:04.990907+00:00,8741.0,36.0,99.99,45.0,2188.51171875,576.5272767208517
2026-07-20T04:09:05.292915+00:00,8741.0,35.0,99.53,45.0,2188.51171875,576.8292834162712
2026-07-20T04:09:05.601777+00:00,8741.0,36.0,99.33,45.0,2188.51171875,577.1381469406188
2026-07-20T04:09:05.928537+00:00,8741.0,36.0,98.58,45.0,2188.51171875,577.4649060368538
2026-07-20T04:09:06.288274+00:00,8741.0,36.0,98.7,45.0,2188.51171875,577.8246438913047
2026-07-20T04:09:06.644513+00:00,8741.0,35.0,98.81,45.0,2188.51171875,578.1808822117746
2026-07-20T04:09:06.954643+00:00,8741.0,36.0,98.69,45.0,2188.51171875,578.4910123459995
2026-07-20T04:09:07.259593+00:00,8741.0,36.0,98.71,45.0,2188.51171875,578.7959629409015
2026-07-20T04:09:07.541710+00:00,8741.0,36.0,98.46,45.0,2188.51171875,579.0780804120004
2026-07-20T04:09:07.842700+00:00,8741.0,37.0,98.52,45.0,2188.51171875,579.3790704160929
2026-07-20T04:09:08.146225+00:00,8741.0,37.0,98.42,45.0,2188.51171875,579.6825953014195
2026-07-20T04:09:08.454470+00:00,8741.0,35.0,98.55,45.0,2188.51171875,579.990839459002
2026-07-20T04:09:08.741726+00:00,8741.0,37.0,98.39,45.0,2188.51171875,580.2780953645706
2026-07-20T04:09:09.049498+00:00,8741.0,35.0,98.44,45.0,2188.51171875,580.5858676619828
2026-07-20T04:09:09.354334+00:00,8741.0,36.0,98.69,45.0,2188.51171875,580.8907047845423
2026-07-20T04:09:09.636403+00:00,8741.0,37.0,98.82,45.0,2188.5234375,581.1727740652859
2026-07-20T04:09:09.918279+00:00,8741.0,37.0,99.01,45.0,2188.5234375,581.4546490125358
2026-07-20T04:09:10.222936+00:00,8741.0,37.0,98.82,45.0,2188.5234375,581.7593060210347
2026-07-20T04:09:10.549348+00:00,8741.0,37.0,98.78,45.0,2188.52734375,582.0857184790075
2026-07-20T04:09:10.831401+00:00,8741.0,37.0,99.12,45.0,2188.52734375,582.3677711077034
2026-07-20T04:09:11.138248+00:00,8741.0,36.0,99.4,45.0,2188.52734375,582.6746178753674
2026-07-20T04:09:11.442438+00:00,8741.0,37.0,99.33,45.0,2188.52734375,582.9788082614541
2026-07-20T04:09:11.786535+00:00,8741.0,36.0,99.13,45.0,2188.52734375,583.3229052498937
2026-07-20T04:09:12.069621+00:00,8741.0,36.0,98.98,45.0,2188.53125,583.6059913039207
2026-07-20T04:09:12.375106+00:00,8741.0,37.0,99.15,45.0,2188.53125,583.9114768132567
2026-07-20T04:09:12.697760+00:00,8741.0,36.0,99.43,45.0,2188.53125,584.2341299839318
2026-07-20T04:09:13.002757+00:00,8741.0,36.0,99.38,45.0,2188.53125,584.5391279831529
2026-07-20T04:09:13.308698+00:00,8741.0,36.0,98.8,45.0,2188.53515625,584.8450675979257
2026-07-20T04:09:13.613173+00:00,8741.0,36.0,98.19,45.0,2188.53515625,585.1495428234339
2026-07-20T04:09:13.897094+00:00,8741.0,37.0,98.34,45.0,2188.53515625,585.4334636628628
2026-07-20T04:09:14.179717+00:00,8741.0,36.0,98.5,45.0,2188.54296875,585.7160882242024
2026-07-20T04:09:14.478239+00:00,8741.0,36.0,98.48,45.0,2188.54296875,586.0146101936698
2026-07-20T04:09:14.760114+00:00,8741.0,36.0,98.58,45.0,2188.55078125,586.2964846603572
2026-07-20T04:09:15.067684+00:00,8741.0,36.0,98.61,45.0,2188.55078125,586.6040541268885
2026-07-20T04:09:15.373445+00:00,8741.0,36.0,98.72,45.0,2188.55078125,586.9098142981529
2026-07-20T04:09:15.657074+00:00,8741.0,36.0,98.5,45.0,2188.55078125,587.1934439204633
2026-07-20T04:09:15.964633+00:00,8741.0,37.0,98.36,45.0,2188.55078125,587.501003537327
2026-07-20T04:09:16.271296+00:00,8741.0,37.0,98.51,45.0,2188.56640625,587.8076670654118
2026-07-20T04:09:16.553291+00:00,8741.0,36.0,98.61,45.0,2188.56640625,588.0896622799337
2026-07-20T04:09:16.877698+00:00,8741.0,37.0,98.97,45.0,2188.5703125,588.4140680730343
2026-07-20T04:09:17.160546+00:00,8741.0,36.0,98.94,45.0,2188.64453125,588.6969171613455
2026-07-20T04:09:17.490735+00:00,8741.0,36.0,98.76,45.0,2188.64453125,589.0271047651768
2026-07-20T04:09:17.795382+00:00,8741.0,36.0,98.87,45.0,2188.65625,589.3317524977028
2026-07-20T04:09:18.094389+00:00,8741.0,36.0,98.88,45.0,2188.65625,589.6307599842548
2026-07-20T04:09:18.420998+00:00,8741.0,37.0,98.87,45.0,2188.671875,589.9573665373027
2026-07-20T04:09:18.722411+00:00,8741.0,37.0,98.78,45.0,2188.671875,590.2587814033031
2026-07-20T04:09:19.025126+00:00,8741.0,34.0,98.64,45.0,2188.671875,590.5614960379899
2026-07-20T04:09:19.357046+00:00,8741.0,36.0,98.54,45.0,2188.6796875,590.89341468364
2026-07-20T04:09:19.662855+00:00,8741.0,36.0,98.6,45.0,2188.6796875,591.1992243342102
2026-07-20T04:09:19.972211+00:00,8741.0,34.0,98.92,45.0,2188.69140625,591.5085800513625
2026-07-20T04:09:20.281904+00:00,8741.0,37.0,98.67,45.0,2188.69140625,591.8182738870382
2026-07-20T04:09:20.612352+00:00,8741.0,35.0,98.41,45.0,2188.69140625,592.148720536381
2026-07-20T04:09:20.921898+00:00,8741.0,35.0,98.01,45.0,2188.70703125,592.4582675695419
2026-07-20T04:09:21.225788+00:00,8741.0,36.0,98.33,45.0,2188.70703125,592.7621579580009
2026-07-20T04:09:21.575333+00:00,8741.0,34.0,98.41,45.0,2188.7109375,593.1117032915354
2026-07-20T04:09:21.869586+00:00,8741.0,37.0,98.41,45.0,2188.7109375,593.4059558548033
2026-07-20T04:09:22.177686+00:00,8741.0,36.0,98.38,45.0,2188.7109375,593.7140564359725
2026-07-20T04:09:22.478366+00:00,8741.0,36.0,98.46,45.0,2188.7109375,594.0147367529571
2026-07-20T04:09:22.759825+00:00,8741.0,37.0,98.62,45.0,2188.73046875,594.2961959056556
2026-07-20T04:09:23.060750+00:00,8741.0,37.0,98.33,45.0,2188.73046875,594.5971203930676
2026-07-20T04:09:23.342363+00:00,8741.0,37.0,98.07,45.0,2188.73046875,594.8787329532206
2026-07-20T04:09:23.646162+00:00,8741.0,37.0,97.92,45.0,2188.7421875,595.1825330927968
2026-07-20T04:09:23.954786+00:00,8741.0,36.0,97.96,45.0,2188.7421875,595.4911546297371
2026-07-20T04:09:24.239743+00:00,8741.0,36.0,98.36,45.0,2188.7421875,595.7761128470302
2026-07-20T04:09:24.541599+00:00,8741.0,36.0,98.56,45.0,2188.75,596.0779687538743
2026-07-20T04:09:24.823691+00:00,8741.0,37.0,98.84,45.0,2188.75,596.3600617349148
2026-07-20T04:09:25.126597+00:00,8741.0,37.0,98.9,45.0,2188.75390625,596.6629670076072
2026-07-20T04:09:25.409034+00:00,8741.0,37.0,98.72,45.0,2188.75390625,596.9454046674073
2026-07-20T04:09:25.690898+00:00,8741.0,37.0,98.94,45.0,2188.7578125,597.2272687256336
2026-07-20T04:09:25.975280+00:00,8741.0,37.0,98.68,45.0,2188.765625,597.5116502046585
2026-07-20T04:09:26.259162+00:00,8741.0,36.0,99.09,45.0,2188.765625,597.7955324053764
2026-07-20T04:09:26.565775+00:00,8741.0,36.0,98.97,45.0,2188.76953125,598.102145370096
2026-07-20T04:09:26.870685+00:00,8741.0,36.0,98.79,45.0,2188.76953125,598.4070552736521
2026-07-20T04:09:27.152975+00:00,8741.0,36.0,99.13,45.0,2188.7734375,598.6893454603851
2026-07-20T04:09:27.459297+00:00,8741.0,37.0,99.13,45.0,2188.77734375,598.9956671334803
2026-07-20T04:09:27.763093+00:00,8741.0,37.0,98.93,45.0,2188.77734375,599.2994641028345
2026-07-20T04:09:28.066060+00:00,8741.0,36.0,98.86,45.0,2188.78125,599.6024307087064
2026-07-20T04:09:28.371304+00:00,8741.0,36.0,98.3,45.0,2188.78125,599.9076744429767
2026-07-20T04:09:28.655496+00:00,8741.0,36.0,98.43,45.0,2188.79296875,600.191866774112
2026-07-20T04:09:28.937567+00:00,8741.0,36.0,98.6,45.0,2188.79296875,600.4739375002682
2026-07-20T04:09:29.246758+00:00,8741.0,37.0,98.52,45.0,2188.79296875,600.7831278517842
2026-07-20T04:09:29.569925+00:00,8741.0,37.0,98.98,45.0,2188.80859375,601.1062957160175
2026-07-20T04:09:29.873252+00:00,8741.0,37.0,98.92,45.0,2188.80859375,601.409622836858
2026-07-20T04:09:30.177714+00:00,8741.0,36.0,98.92,45.0,2188.81640625,601.7140831202269
2026-07-20T04:09:30.461919+00:00,8741.0,36.0,98.36,45.0,2188.81640625,601.9982889220119
2026-07-20T04:09:30.766040+00:00,8741.0,37.0,98.35,45.0,2188.8203125,602.3024109341204
2026-07-20T04:09:31.067813+00:00,8741.0,37.0,98.99,45.0,2188.828125,602.6041833423078
2026-07-20T04:09:31.351230+00:00,8741.0,36.0,99.19,45.0,2188.828125,602.8876004517078
2026-07-20T04:09:31.633386+00:00,8741.0,36.0,99.21,45.0,2188.83203125,603.1697565987706
2026-07-20T04:09:31.938576+00:00,8741.0,36.0,98.97,45.0,2188.83203125,603.4749466069043
2026-07-20T04:09:32.263326+00:00,8741.0,35.0,98.34,45.0,2188.83984375,603.7996959239244
2026-07-20T04:09:32.569919+00:00,8741.0,36.0,98.44,45.0,2188.84375,604.1062895916402
2026-07-20T04:09:32.852112+00:00,8741.0,37.0,98.63,45.0,2188.84375,604.3884826153517
2026-07-20T04:09:33.133923+00:00,8741.0,37.0,98.95,45.0,2188.85546875,604.6702929362655
2026-07-20T04:09:33.441447+00:00,8741.0,37.0,98.78,45.0,2188.85546875,604.9778167158365
2026-07-20T04:09:33.746518+00:00,8741.0,35.0,98.54,45.0,2188.85546875,605.2828873805702
2026-07-20T04:09:34.058166+00:00,8741.0,35.0,98.17,45.0,2188.86328125,605.5945357233286
2026-07-20T04:09:34.409161+00:00,8741.0,34.0,98.6,45.0,2188.87109375,605.9455300495028
2026-07-20T04:09:34.741058+00:00,8741.0,37.0,98.72,45.0,2188.875,606.2774273902178
2026-07-20T04:09:35.067639+00:00,8741.0,36.0,98.9,45.0,2188.875,606.6040079407394
2026-07-20T04:09:35.402337+00:00,8741.0,36.0,98.42,45.0,2188.8828125,606.9387067891657
2026-07-20T04:09:35.688879+00:00,8741.0,36.0,98.29,45.0,2188.8828125,607.2252482660115
2026-07-20T04:09:35.996577+00:00,8741.0,36.0,98.75,45.0,2188.8828125,607.532946895808
2026-07-20T04:09:36.282167+00:00,8741.0,37.0,98.51,45.0,2188.890625,607.8185370117426
2026-07-20T04:09:36.584188+00:00,8741.0,37.0,98.9,45.0,2188.890625,608.1205577924848
2026-07-20T04:09:36.887157+00:00,8741.0,36.0,98.79,45.0,2188.90625,608.423526480794
2026-07-20T04:09:37.189657+00:00,8741.0,36.0,99.01,45.0,2188.90625,608.7260280400515
2026-07-20T04:09:37.490560+00:00,8741.0,36.0,99.02,45.0,2188.90625,609.0269306972623
2026-07-20T04:09:37.773003+00:00,8741.0,36.0,98.95,45.0,2188.91015625,609.309373550117
2026-07-20T04:09:38.055345+00:00,8741.0,36.0,99.03,45.0,2188.91015625,609.5917157270014
2026-07-20T04:09:38.337099+00:00,8741.0,37.0,98.93,45.0,2188.91796875,609.8734696283937
2026-07-20T04:09:38.645451+00:00,8741.0,37.0,99.13,45.0,2188.91796875,610.1818208806217
2026-07-20T04:09:38.952153+00:00,8741.0,37.0,99.22,45.0,2188.92578125,610.4885226637125
2026-07-20T04:09:39.234834+00:00,8741.0,36.0,99.18,45.0,2188.92578125,610.7712049074471
2026-07-20T04:09:39.542033+00:00,8741.0,34.0,98.94,45.0,2188.92578125,611.0784020200372
2026-07-20T04:09:39.842965+00:00,8741.0,37.0,98.63,45.0,2188.93359375,611.3793350532651
2026-07-20T04:09:40.127936+00:00,8741.0,37.0,98.49,45.0,2188.93359375,611.6643061377108
2026-07-20T04:09:40.454076+00:00,8741.0,37.0,98.61,45.0,2188.9375,611.9904468692839
2026-07-20T04:09:40.783414+00:00,8741.0,36.0,98.7,45.0,2188.94140625,612.3197840899229
2026-07-20T04:09:41.115106+00:00,8741.0,37.0,98.75,45.0,2188.94140625,612.6514758095145
2026-07-20T04:09:41.420472+00:00,8741.0,33.0,98.43,45.0,2188.953125,612.9568421058357
2026-07-20T04:09:41.705298+00:00,8741.0,37.0,98.36,45.0,2188.953125,613.2416686713696
2026-07-20T04:09:41.987636+00:00,8741.0,36.0,98.91,45.0,2188.95703125,613.5240068621933
2026-07-20T04:09:42.293359+00:00,8741.0,36.0,99.22,45.0,2188.95703125,613.8297295458615
2026-07-20T04:09:42.575417+00:00,8741.0,35.0,99.2,45.0,2189.203125,614.1117865815759
2026-07-20T04:09:42.879478+00:00,8741.0,36.0,98.9,45.0,2189.21875,614.415847722441
2026-07-20T04:09:43.161748+00:00,8741.0,35.0,98.19,45.0,2189.21875,614.6981181576848
2026-07-20T04:09:43.465638+00:00,8741.0,35.0,98.05,45.0,2189.23046875,615.002009049058
2026-07-20T04:09:43.789033+00:00,8741.0,36.0,98.06,45.0,2189.23046875,615.3254039883614
2026-07-20T04:09:44.071200+00:00,8741.0,36.0,98.43,45.0,2189.23046875,615.6075706630945
2026-07-20T04:09:44.368721+00:00,8741.0,36.0,98.61,45.0,2189.23828125,615.9050914496183
2026-07-20T04:09:44.650534+00:00,8741.0,35.0,98.65,45.0,2189.23828125,616.1869042813778
2026-07-20T04:09:44.999438+00:00,8741.0,36.0,98.86,45.0,2189.2578125,616.5358073860407
2026-07-20T04:09:45.286274+00:00,8741.0,36.0,98.77,45.0,2189.2578125,616.8226442784071
2026-07-20T04:09:45.593893+00:00,8741.0,37.0,98.78,45.0,2189.2578125,617.1302640475333
2026-07-20T04:09:45.876893+00:00,8741.0,37.0,98.65,45.0,2189.265625,617.4132632762194
2026-07-20T04:09:46.160169+00:00,8741.0,36.0,98.71,45.0,2189.265625,617.6965393275023
2026-07-20T04:09:46.648884+00:00,8741.0,0.0,96.29,45.0,2189.2734375,618.185253303498
2026-07-20T04:09:46.932558+00:00,8741.0,37.0,96.31,45.0,2189.2734375,618.4689282998443
2026-07-20T04:09:47.240951+00:00,8741.0,37.0,96.56,45.0,2189.2734375,618.7773210704327
2026-07-20T04:09:47.524912+00:00,8741.0,36.0,97.49,45.0,2189.2734375,619.0612824596465
2026-07-20T04:09:47.884719+00:00,8741.0,35.0,99.17,45.0,2189.2734375,619.4210878908634
2026-07-20T04:09:48.194382+00:00,8741.0,36.0,98.91,45.0,2189.2734375,619.7307509444654
2026-07-20T04:09:48.497912+00:00,8741.0,37.0,98.86,45.0,2189.2734375,620.0342815890908
2026-07-20T04:09:48.856158+00:00,8741.0,35.0,98.42,45.0,2189.2734375,620.3925277143717
2026-07-20T04:09:49.167061+00:00,8741.0,36.0,98.08,45.0,2189.2734375,620.7034294828773
2026-07-20T04:09:49.482408+00:00,8741.0,37.0,97.99,45.0,2189.31640625,621.0187655836344
2026-07-20T04:09:49.789980+00:00,8741.0,35.0,98.0,45.0,2189.31640625,621.3263490870595
2026-07-20T04:09:50.111954+00:00,8741.0,37.0,98.24,45.0,2189.31640625,621.6483237817883
2026-07-20T04:09:50.419926+00:00,8741.0,36.0,98.69,45.0,2189.31640625,621.9562959559262
2026-07-20T04:09:50.730573+00:00,8741.0,36.0,98.88,45.0,2189.31640625,622.2669425979257
2026-07-20T04:09:51.038522+00:00,8741.0,36.0,99.31,45.0,2189.31640625,622.5748925842345
2026-07-20T04:09:51.387902+00:00,8741.0,35.0,99.05,45.0,2189.31640625,622.9242711439729
2026-07-20T04:09:51.695626+00:00,8741.0,36.0,99.0,45.0,2189.31640625,623.231996268034
2026-07-20T04:09:52.025407+00:00,8741.0,37.0,98.79,45.0,2189.31640625,623.5617777332664
2026-07-20T04:09:52.307172+00:00,8741.0,37.0,98.48,45.0,2189.31640625,623.8435426689684
2026-07-20T04:09:52.589080+00:00,8741.0,37.0,98.35,45.0,2189.31640625,624.1254508271813
2026-07-20T04:09:52.870629+00:00,8741.0,37.0,98.49,45.0,2189.31640625,624.4069999270141
2026-07-20T04:09:53.152916+00:00,8741.0,36.0,98.71,45.0,2189.31640625,624.6892862468958
2026-07-20T04:09:53.506089+00:00,8741.0,37.0,98.77,45.0,2189.31640625,625.042459487915
2026-07-20T04:09:53.788581+00:00,8741.0,37.0,98.77,45.0,2189.31640625,625.3249520771205
2026-07-20T04:09:54.088830+00:00,8741.0,37.0,98.88,45.0,2189.31640625,625.6251995563507
2026-07-20T04:09:54.416836+00:00,8741.0,37.0,98.97,45.0,2189.31640625,625.9532066993415
2026-07-20T04:09:54.699653+00:00,8741.0,37.0,99.11,45.0,2189.31640625,626.2360233739018
2026-07-20T04:09:54.981113+00:00,8741.0,37.0,99.11,45.0,2189.31640625,626.5174836143851
2026-07-20T04:09:55.285826+00:00,8741.0,37.0,98.86,45.0,2189.31640625,626.822197008878
2026-07-20T04:09:55.641146+00:00,8741.0,35.0,98.66,45.0,2189.31640625,627.1775150895119
2026-07-20T04:09:55.948138+00:00,8741.0,37.0,98.65,45.0,2189.31640625,627.4845084547997
2026-07-20T04:09:56.255556+00:00,8741.0,36.0,99.21,45.0,2189.31640625,627.7919250652194
2026-07-20T04:09:56.538278+00:00,8741.0,37.0,99.25,45.0,2189.31640625,628.0746491588652
2026-07-20T04:09:56.837325+00:00,8741.0,37.0,99.29,45.0,2189.31640625,628.373695988208
2026-07-20T04:09:57.140926+00:00,8741.0,37.0,99.04,45.0,2189.31640625,628.6772967539728
2026-07-20T04:09:57.444960+00:00,8741.0,36.0,98.96,45.0,2189.31640625,628.9813298881054
2026-07-20T04:09:57.748648+00:00,8741.0,35.0,98.89,45.0,2189.31640625,629.2850183844566
2026-07-20T04:09:58.031687+00:00,8741.0,36.0,99.29,45.0,2189.31640625,629.5680581480265
2026-07-20T04:09:58.337244+00:00,8741.0,37.0,99.31,45.0,2189.31640625,629.8736142516136
2026-07-20T04:09:58.642707+00:00,8741.0,37.0,99.16,45.0,2189.31640625,630.1790774390101
2026-07-20T04:09:58.925129+00:00,8741.0,38.0,99.31,45.0,2189.31640625,630.4614999741316
2026-07-20T04:09:59.207168+00:00,8741.0,37.0,99.1,45.0,2189.31640625,630.7435390688479
2026-07-20T04:09:59.489306+00:00,8741.0,36.0,98.75,45.0,2189.31640625,631.025677099824
2026-07-20T04:09:59.794370+00:00,8741.0,36.0,98.25,45.0,2189.31640625,631.330740544945
2026-07-20T04:10:00.113570+00:00,8741.0,36.0,98.25,45.0,2189.31640625,631.6499402076006
2026-07-20T04:10:00.422524+00:00,8741.0,35.0,98.32,45.0,2189.31640625,631.9588934108615
2026-07-20T04:10:00.706621+00:00,8741.0,37.0,98.22,45.0,2189.31640625,632.242990873754
2026-07-20T04:10:01.011040+00:00,8741.0,36.0,98.34,45.0,2189.31640625,632.5474104247987
2026-07-20T04:10:01.315009+00:00,8741.0,36.0,98.35,45.0,2189.31640625,632.8513798005879
2026-07-20T04:10:01.618280+00:00,8741.0,36.0,98.79,45.0,2189.31640625,633.1546509303153
2026-07-20T04:10:01.946570+00:00,8741.0,36.0,98.91,45.0,2189.31640625,633.4829401671886
2026-07-20T04:10:02.249333+00:00,8741.0,36.0,98.82,45.0,2189.31640625,633.7857025973499
2026-07-20T04:10:02.560482+00:00,8741.0,37.0,98.76,45.0,2189.31640625,634.0968513675034
2026-07-20T04:10:02.868197+00:00,8741.0,36.0,98.62,45.0,2189.31640625,634.4045668318868
2026-07-20T04:10:03.177007+00:00,8741.0,33.0,98.73,45.0,2189.31640625,634.7133763357997
2026-07-20T04:10:03.485960+00:00,8741.0,35.0,98.66,45.0,2189.31640625,635.0223296061158
2026-07-20T04:10:03.840119+00:00,8741.0,34.0,98.56,45.0,2189.31640625,635.3764882571995
2026-07-20T04:10:04.193048+00:00,8741.0,35.0,98.19,45.0,2189.31640625,635.7294172234833
2026-07-20T04:10:04.501174+00:00,8741.0,35.0,98.11,45.0,2189.31640625,636.0375437438488
2026-07-20T04:10:04.852486+00:00,8741.0,34.0,97.76,45.0,2189.31640625,636.3888553194702
2026-07-20T04:10:05.164977+00:00,8741.0,35.0,97.87,45.0,2189.31640625,636.7013471834362
2026-07-20T04:10:05.473629+00:00,8741.0,35.0,97.93,45.0,2189.31640625,637.0099986642599
2026-07-20T04:10:05.782897+00:00,8741.0,35.0,98.02,45.0,2189.31640625,637.3192666955292
2026-07-20T04:10:06.133168+00:00,8741.0,36.0,98.03,45.0,2189.31640625,637.6695366837084
2026-07-20T04:10:06.464969+00:00,8741.0,35.0,98.56,45.0,2189.31640625,638.0013375543058
2026-07-20T04:10:06.774013+00:00,8741.0,36.0,98.73,45.0,2189.31640625,638.3103822730482
2026-07-20T04:10:07.081619+00:00,8741.0,34.0,98.96,45.0,2189.31640625,638.6179891787469
2026-07-20T04:10:07.390919+00:00,8741.0,34.0,98.26,45.0,2189.31640625,638.9272882044315
2026-07-20T04:10:07.721089+00:00,8741.0,36.0,98.2,45.0,2189.31640625,639.2574579939246
2026-07-20T04:10:08.030628+00:00,8741.0,36.0,98.08,45.0,2189.31640625,639.5669976510108
2026-07-20T04:10:08.380265+00:00,8741.0,35.0,98.04,45.0,2189.31640625,639.9166340902448
2026-07-20T04:10:08.712685+00:00,8741.0,34.0,98.12,45.0,2189.31640625,640.2490542605519
2026-07-20T04:10:09.044044+00:00,8741.0,37.0,98.22,45.0,2189.31640625,640.5804138481617
2026-07-20T04:10:09.331334+00:00,8741.0,37.0,98.26,45.0,2189.31640625,640.867703679949
2026-07-20T04:10:09.640237+00:00,8741.0,36.0,98.39,45.0,2189.31640625,641.1766058728099
2026-07-20T04:10:09.949547+00:00,8741.0,23.0,97.36,45.0,2189.31640625,641.4859165102243
2026-07-20T04:10:10.235763+00:00,8741.0,37.0,97.11,45.0,2189.31640625,641.7721321359277
2026-07-20T04:10:10.546485+00:00,8741.0,35.0,97.08,45.0,2189.31640625,642.0828545540571
2026-07-20T04:10:10.878075+00:00,8741.0,36.0,97.7,45.0,2189.31640625,642.4144439511001
2026-07-20T04:10:11.181821+00:00,8741.0,36.0,98.26,45.0,2189.31640625,642.7181901223958
2026-07-20T04:10:11.489291+00:00,8741.0,36.0,98.37,45.0,2189.31640625,643.0256605930626
2026-07-20T04:10:11.798598+00:00,8741.0,36.0,98.44,45.0,2189.31640625,643.3349670022726
2026-07-20T04:10:12.128450+00:00,8741.0,37.0,98.75,45.0,2189.31640625,643.6648193709552
2026-07-20T04:10:12.443216+00:00,8741.0,36.0,98.88,45.0,2189.31640625,643.9795851372182
2026-07-20T04:10:12.733539+00:00,8741.0,35.0,98.87,45.0,2189.31640625,644.2699084728956
2026-07-20T04:10:13.042523+00:00,8741.0,35.0,98.53,45.0,2189.31640625,644.5788919404149
2026-07-20T04:10:13.328864+00:00,8741.0,37.0,98.61,45.0,2189.31640625,644.8652327880263
2026-07-20T04:10:13.639013+00:00,8741.0,36.0,98.55,45.0,2189.31640625,645.175382271409
2026-07-20T04:10:13.950193+00:00,8741.0,35.0,98.6,45.0,2189.31640625,645.4865625351667
2026-07-20T04:10:14.258458+00:00,8741.0,31.0,98.3,45.0,2189.31640625,645.7948278076947
2026-07-20T04:10:14.566297+00:00,8741.0,36.0,98.84,45.0,2189.31640625,646.10266584903
2026-07-20T04:10:14.917943+00:00,8741.0,33.0,98.66,45.0,2189.31640625,646.4543116912246
2026-07-20T04:10:15.276028+00:00,8741.0,35.0,98.81,45.0,2189.31640625,646.8123967126012
2026-07-20T04:10:15.604866+00:00,8741.0,35.0,97.88,45.0,2189.31640625,647.1412349827588
2026-07-20T04:10:15.936351+00:00,8741.0,36.0,98.15,45.0,2189.31640625,647.4727203436196
2026-07-20T04:10:16.264008+00:00,8741.0,37.0,98.06,45.0,2189.31640625,647.8003772161901
2026-07-20T04:10:16.550817+00:00,8741.0,36.0,98.54,45.0,2189.31640625,648.0871869288385
2026-07-20T04:10:16.881035+00:00,8741.0,35.0,98.49,45.0,2189.31640625,648.4174041599035
2026-07-20T04:10:17.190290+00:00,8741.0,37.0,98.51,45.0,2189.31640625,648.726659309119
2026-07-20T04:10:17.521288+00:00,8741.0,35.0,98.37,45.0,2189.31640625,649.057657904923
2026-07-20T04:10:17.830162+00:00,8741.0,35.0,98.31,45.0,2189.31640625,649.3665308728814
2026-07-20T04:10:18.152162+00:00,8741.0,35.0,98.51,45.0,2189.31640625,649.688531331718
2026-07-20T04:10:18.461487+00:00,8741.0,37.0,98.53,45.0,2189.31640625,649.9978566020727
2026-07-20T04:10:18.770033+00:00,8741.0,35.0,98.47,45.0,2189.31640625,650.3064019493759
2026-07-20T04:10:19.093737+00:00,8741.0,36.0,98.26,45.0,2189.31640625,650.6301061473787
2026-07-20T04:10:19.439571+00:00,8741.0,36.0,98.46,45.0,2189.31640625,650.9759405367076
2026-07-20T04:10:19.749660+00:00,8741.0,36.0,98.88,45.0,2189.31640625,651.2860293202102
2026-07-20T04:10:20.063069+00:00,8741.0,34.0,98.77,45.0,2189.31640625,651.5994373820722
2026-07-20T04:10:20.350395+00:00,8741.0,35.0,98.56,45.0,2189.31640625,651.8867633454502
2026-07-20T04:10:20.680831+00:00,8741.0,35.0,97.97,45.0,2189.31640625,652.2172000966966
2026-07-20T04:10:21.007121+00:00,8741.0,36.0,98.04,45.0,2189.31640625,652.5434905439615
2026-07-20T04:10:21.336971+00:00,8741.0,35.0,98.44,45.0,2189.31640625,652.8733406960964
2026-07-20T04:10:21.646352+00:00,8741.0,36.0,98.4,45.0,2189.31640625,653.1827217563987
2026-07-20T04:10:21.954082+00:00,8741.0,36.0,98.91,45.0,2189.31640625,653.4904517903924
2026-07-20T04:10:22.258808+00:00,8741.0,36.0,98.59,45.0,2189.31640625,653.7951767370105
2026-07-20T04:10:22.569146+00:00,8741.0,36.0,98.47,45.0,2189.31640625,654.1055149398744
2026-07-20T04:10:22.874794+00:00,8741.0,35.0,97.94,45.0,2189.31640625,654.4111636392772
2026-07-20T04:10:23.184145+00:00,8741.0,37.0,97.9,45.0,2189.31640625,654.7205137573183
2026-07-20T04:10:23.497966+00:00,8741.0,36.0,97.89,45.0,2189.31640625,655.0343350768089
2026-07-20T04:10:23.805202+00:00,8741.0,36.0,97.83,45.0,2189.31640625,655.3415715619922
2026-07-20T04:10:24.136740+00:00,8741.0,35.0,97.95,45.0,2189.31640625,655.6731093376875
2026-07-20T04:10:24.480371+00:00,8741.0,36.0,98.16,45.0,2189.31640625,656.0167399384081
2026-07-20T04:10:24.785130+00:00,8741.0,36.0,98.74,45.0,2189.31640625,656.3215001113713
2026-07-20T04:10:25.102355+00:00,8741.0,35.0,98.76,45.0,2189.31640625,656.6387243643403
2026-07-20T04:10:25.389912+00:00,8741.0,35.0,98.58,45.0,2189.31640625,656.9262814484537
2026-07-20T04:10:25.677204+00:00,8741.0,35.0,98.24,45.0,2189.31640625,657.2135742492974
2026-07-20T04:10:25.988843+00:00,8741.0,35.0,97.92,45.0,2189.31640625,657.5252130404115
2026-07-20T04:10:26.294790+00:00,8741.0,35.0,98.03,45.0,2189.31640625,657.8311601951718
2026-07-20T04:10:26.602550+00:00,8741.0,35.0,98.44,45.0,2189.31640625,658.1389192342758
2026-07-20T04:10:26.913274+00:00,8741.0,36.0,98.68,45.0,2189.31640625,658.449643611908
2026-07-20T04:10:27.246907+00:00,8741.0,35.0,98.83,45.0,2189.31640625,658.7832764349878
2026-07-20T04:10:27.559355+00:00,8741.0,35.0,98.79,45.0,2189.31640625,659.0957234501839
2026-07-20T04:10:27.884233+00:00,8741.0,36.0,98.32,45.0,2189.31640625,659.4206026829779
2026-07-20T04:10:28.194712+00:00,8741.0,36.0,98.32,45.0,2189.31640625,659.7310815230012
2026-07-20T04:10:28.498551+00:00,8741.0,36.0,98.76,45.0,2189.31640625,660.0349198803306
2026-07-20T04:10:28.829185+00:00,8741.0,35.0,98.61,45.0,2189.31640625,660.3655542172492
2026-07-20T04:10:29.119375+00:00,8741.0,36.0,98.69,45.0,2189.31640625,660.6557438671589
2026-07-20T04:10:29.430276+00:00,8741.0,36.0,98.37,45.0,2189.31640625,660.9666351899505
2026-07-20T04:10:29.742743+00:00,8741.0,34.0,98.05,45.0,2189.31640625,661.2791116759181
2026-07-20T04:10:30.054697+00:00,8741.0,36.0,98.12,45.0,2189.31640625,661.5910664089024
2026-07-20T04:10:30.384442+00:00,8741.0,36.0,98.58,45.0,2189.31640625,661.920812163502
2026-07-20T04:10:30.716533+00:00,8741.0,35.0,98.42,45.0,2189.31640625,662.2529021538794
2026-07-20T04:10:31.048264+00:00,8741.0,35.0,98.11,45.0,2189.31640625,662.5846336074173
2026-07-20T04:10:31.358020+00:00,8741.0,36.0,98.32,45.0,2189.3203125,662.8943900428712
2026-07-20T04:10:31.708643+00:00,8741.0,35.0,98.4,45.0,2189.3203125,663.2450121417642
2026-07-20T04:10:32.018166+00:00,8741.0,35.0,98.56,45.0,2189.3203125,663.5545352213085
2026-07-20T04:10:32.321965+00:00,8741.0,35.0,97.97,45.0,2189.3203125,663.8583339042962
2026-07-20T04:10:32.630212+00:00,8741.0,33.0,97.81,45.0,2189.3203125,664.1665808968246
2026-07-20T04:10:32.937559+00:00,8741.0,37.0,97.83,45.0,2189.3203125,664.473928231746
2026-07-20T04:10:33.243021+00:00,8741.0,35.0,98.07,45.0,2189.3203125,664.7793899849057
2026-07-20T04:10:33.550473+00:00,8741.0,35.0,98.22,45.0,2189.3203125,665.0868426710367
2026-07-20T04:10:33.862552+00:00,8741.0,35.0,98.44,45.0,2189.3203125,665.3989212997258
2026-07-20T04:10:34.192677+00:00,8741.0,37.0,98.53,45.0,2189.3203125,665.7290468886495
2026-07-20T04:10:34.516673+00:00,8741.0,37.0,98.62,45.0,2189.3203125,666.0530418679118
2026-07-20T04:10:34.827090+00:00,8741.0,36.0,98.56,45.0,2189.3203125,666.3634582646191
2026-07-20T04:10:35.181072+00:00,8741.0,35.0,98.68,45.0,2189.3203125,666.7174411602318
2026-07-20T04:10:35.510802+00:00,8741.0,35.0,98.7,45.0,2189.3203125,667.0471711196005
2026-07-20T04:10:35.822814+00:00,8741.0,36.0,98.62,45.0,2189.3203125,667.3591835536063
2026-07-20T04:10:36.152985+00:00,8741.0,34.0,98.42,45.0,2189.3203125,667.6893551573157
2026-07-20T04:10:36.462670+00:00,8741.0,37.0,98.28,45.0,2189.3203125,667.9990396536887
2026-07-20T04:10:36.769319+00:00,8741.0,37.0,98.41,45.0,2189.3203125,668.3056880570948
2026-07-20T04:10:37.075924+00:00,8741.0,37.0,98.52,45.0,2189.3203125,668.6122945062816
2026-07-20T04:10:37.381367+00:00,8741.0,36.0,98.49,45.0,2189.3203125,668.9177367761731
2026-07-20T04:10:37.690425+00:00,8741.0,36.0,98.72,45.0,2189.3203125,669.2267943508923
2026-07-20T04:10:37.995065+00:00,8741.0,34.0,99.04,45.0,2189.3203125,669.5314334481955
2026-07-20T04:10:38.306725+00:00,8741.0,36.0,99.11,45.0,2189.3203125,669.8430934175849
2026-07-20T04:10:38.640460+00:00,8741.0,37.0,98.77,45.0,2189.3203125,670.1768294908106
2026-07-20T04:10:38.968878+00:00,8741.0,36.0,98.52,45.0,2189.3203125,670.5052470341325
2026-07-20T04:10:39.279019+00:00,8741.0,35.0,99.7,45.0,2189.3203125,670.8153881207108
2026-07-20T04:10:39.590521+00:00,8741.0,37.0,100.07,45.0,2189.3203125,671.1268899030983
2026-07-20T04:10:39.897874+00:00,8741.0,36.0,100.19,45.0,2189.3203125,671.4342425018549
2026-07-20T04:10:40.249650+00:00,8741.0,36.0,99.09,45.0,2189.3203125,671.7860197387636
2026-07-20T04:10:40.580947+00:00,8741.0,35.0,99.19,45.0,2189.3203125,672.1173166073859
2026-07-20T04:10:40.929193+00:00,8741.0,35.0,99.31,45.0,2189.3203125,672.4655624069273
2026-07-20T04:10:41.281810+00:00,8741.0,35.0,99.17,45.0,2189.3203125,672.8181795179844
2026-07-20T04:10:41.628116+00:00,8741.0,35.0,99.18,45.0,2189.3203125,673.164485655725
2026-07-20T04:10:41.960418+00:00,8741.0,36.0,98.95,45.0,2189.3203125,673.496787738055
2026-07-20T04:10:42.316129+00:00,8741.0,34.0,98.69,45.0,2189.3203125,673.8524985201657
2026-07-20T04:10:42.626414+00:00,8741.0,36.0,98.39,45.0,2189.3203125,674.1627829447389
2026-07-20T04:10:42.956849+00:00,8741.0,35.0,98.08,45.0,2189.3203125,674.4932178296149
2026-07-20T04:10:43.288625+00:00,8741.0,35.0,98.23,45.0,2189.3203125,674.8249939121306
2026-07-20T04:10:43.616489+00:00,8741.0,35.0,98.13,45.0,2189.3203125,675.1528576873243
2026-07-20T04:10:43.968906+00:00,8741.0,35.0,98.14,45.0,2189.3203125,675.5052755475044
2026-07-20T04:10:44.273913+00:00,8741.0,35.0,98.09,45.0,2189.3203125,675.8102819398046
2026-07-20T04:10:44.604587+00:00,8741.0,32.0,97.9,45.0,2189.3203125,676.1409570835531
2026-07-20T04:10:44.943432+00:00,8741.0,0.0,93.78,45.0,2189.3203125,676.4798004254699
2026-07-20T04:10:45.514363+00:00,8741.0,0.0,87.96,45.0,2189.3515625,677.0507327765226
2026-07-20T04:10:45.825922+00:00,8741.0,8.0,83.99,45.0,2732.59765625,677.3622911833227
2026-07-20T04:10:46.155665+00:00,8741.0,10.0,84.09,45.0,4072.59765625,677.6920344159007
2026-07-20T04:10:46.567190+00:00,8741.0,4.0,84.11,44.0,2189.3515625,678.1035594642162
2026-07-20T04:10:46.880079+00:00,8741.0,34.0,89.0,45.0,2189.3515625,678.4164483137429
2026-07-20T04:10:47.189049+00:00,8741.0,37.0,92.61,45.0,2189.3515625,678.725417688489
2026-07-20T04:10:47.472765+00:00,8741.0,36.0,96.27,45.0,2189.3515625,679.0091349296272
2026-07-20T04:10:47.760139+00:00,8741.0,36.0,97.42,45.0,2189.3515625,679.2965077757835
2026-07-20T04:10:48.044792+00:00,8741.0,37.0,97.83,45.0,2189.3515625,679.581162083894
2026-07-20T04:10:48.346914+00:00,8741.0,36.0,98.06,45.0,2189.3515625,679.8832848854363
2026-07-20T04:10:48.629762+00:00,8741.0,36.0,98.24,45.0,2189.3515625,680.1661319695413
2026-07-20T04:10:48.936390+00:00,8741.0,36.0,98.81,45.0,2189.3515625,680.4727604873478
2026-07-20T04:10:49.220711+00:00,8741.0,35.0,98.62,45.0,2189.3515625,680.7570808343589
2026-07-20T04:10:49.524989+00:00,8741.0,35.0,98.59,45.0,2189.3515625,681.061359398067
2026-07-20T04:10:49.807426+00:00,8741.0,37.0,98.23,45.0,2189.3515625,681.3437960259616
2026-07-20T04:10:50.116171+00:00,8741.0,37.0,98.57,45.0,2189.3515625,681.6525407284498
2026-07-20T04:10:50.399256+00:00,8741.0,37.0,98.96,45.0,2189.3515625,681.9356267936528
2026-07-20T04:10:50.703702+00:00,8741.0,36.0,98.76,45.0,2189.3515625,682.2400722801685
2026-07-20T04:10:51.013514+00:00,8741.0,36.0,98.9,45.0,2189.3515625,682.5498841255903
2026-07-20T04:10:51.297952+00:00,8741.0,37.0,98.81,45.0,2189.3515625,682.8343224972486
2026-07-20T04:10:51.602962+00:00,8741.0,37.0,98.37,45.0,2189.3515625,683.1393327862024
2026-07-20T04:10:51.912414+00:00,8741.0,37.0,98.47,45.0,2189.3515625,683.4487823322415
2026-07-20T04:10:52.196994+00:00,8741.0,37.0,98.26,45.0,2189.3515625,683.7333645001054
2026-07-20T04:10:52.528214+00:00,8741.0,34.0,98.78,45.0,2189.3515625,684.064584005624
2026-07-20T04:10:52.812837+00:00,8741.0,36.0,98.74,45.0,2189.3515625,684.3492070399225
2026-07-20T04:10:53.138441+00:00,8741.0,36.0,98.76,45.0,2189.3515625,684.67481155321
2026-07-20T04:10:53.439123+00:00,8741.0,36.0,98.1,45.0,2189.3515625,684.975493427366
2026-07-20T04:10:53.721943+00:00,8741.0,36.0,98.32,45.0,2189.3515625,685.2583130709827
2026-07-20T04:10:54.025930+00:00,8741.0,36.0,98.44,45.0,2189.3515625,685.5623004734516
2026-07-20T04:10:54.308407+00:00,8741.0,37.0,98.48,45.0,2189.3515625,685.8447777405381
2026-07-20T04:10:54.590724+00:00,8741.0,36.0,98.62,45.0,2189.3515625,686.1270946152508
2026-07-20T04:10:54.873336+00:00,8741.0,36.0,98.62,45.0,2189.3515625,686.409706234932
2026-07-20T04:10:55.179106+00:00,8741.0,36.0,98.93,45.0,2189.3515625,686.7154770195484
2026-07-20T04:10:55.483081+00:00,8741.0,36.0,99.06,45.0,2189.3515625,687.0194516852498
2026-07-20T04:10:55.789690+00:00,8741.0,36.0,98.99,45.0,2189.3515625,687.326060000807
2026-07-20T04:10:56.095219+00:00,8741.0,35.0,98.28,45.0,2189.3515625,687.6315890587866
2026-07-20T04:10:56.378573+00:00,8741.0,36.0,98.3,45.0,2189.3515625,687.9149437882006
2026-07-20T04:10:56.661894+00:00,8741.0,36.0,98.03,45.0,2189.3515625,688.1982645131648
2026-07-20T04:10:56.944706+00:00,8741.0,35.0,97.98,45.0,2189.3515625,688.4810765422881
2026-07-20T04:10:57.270309+00:00,8741.0,35.0,98.79,45.0,2189.3515625,688.8066786341369
2026-07-20T04:10:57.581901+00:00,8741.0,36.0,98.63,45.0,2189.3515625,689.1182700879872
2026-07-20T04:10:57.865701+00:00,8741.0,36.0,98.56,45.0,2189.3515625,689.4020713195205
2026-07-20T04:10:58.190185+00:00,8741.0,36.0,98.2,45.0,2189.3515625,689.7265543490648
2026-07-20T04:10:58.495008+00:00,8741.0,36.0,98.35,45.0,2189.3515625,690.0313777402043
2026-07-20T04:10:58.794957+00:00,8741.0,35.0,98.5,45.0,2189.3515625,690.3313274122775
2026-07-20T04:10:59.097549+00:00,8741.0,36.0,99.05,45.0,2189.3515625,690.633917953819
2026-07-20T04:10:59.406011+00:00,8741.0,34.0,98.84,45.0,2189.3515625,690.942380413413
2026-07-20T04:10:59.760365+00:00,8741.0,36.0,98.67,45.0,2189.3515625,691.296734560281
2026-07-20T04:11:00.072867+00:00,8741.0,36.0,98.6,45.0,2189.3515625,691.6092358082533
2026-07-20T04:11:00.359694+00:00,8741.0,35.0,98.02,45.0,2189.3515625,691.8960634805262
2026-07-20T04:11:00.674050+00:00,8741.0,35.0,98.09,45.0,2189.3515625,692.2104190252721
2026-07-20T04:11:00.962588+00:00,8741.0,36.0,98.24,45.0,2189.3515625,692.4989569634199
2026-07-20T04:11:01.250390+00:00,8741.0,36.0,98.09,45.0,2189.3515625,692.7867597416043
2026-07-20T04:11:01.537621+00:00,8741.0,35.0,98.41,45.0,2189.3515625,693.0739902630448
2026-07-20T04:11:01.866489+00:00,8741.0,38.0,98.74,45.0,2189.3515625,693.4028587713838
2026-07-20T04:11:02.150385+00:00,8741.0,35.0,98.76,45.0,2189.3515625,693.6867554560304
2026-07-20T04:11:02.450355+00:00,8741.0,36.0,98.65,45.0,2189.3515625,693.9867260381579
2026-07-20T04:11:02.733396+00:00,8741.0,36.0,98.25,45.0,2189.3515625,694.2697662599385
2026-07-20T04:11:03.016565+00:00,8741.0,37.0,98.42,45.0,2189.3515625,694.5529360324144
2026-07-20T04:11:03.326454+00:00,8741.0,36.0,98.74,45.0,2189.3515625,694.862822368741
2026-07-20T04:11:03.660195+00:00,8741.0,36.0,98.81,45.0,2189.3515625,695.1965646333992
2026-07-20T04:11:03.962456+00:00,8741.0,36.0,98.8,45.0,2189.3515625,695.4988265670836
2026-07-20T04:11:04.267081+00:00,8741.0,36.0,98.25,45.0,2189.3515625,695.8034515380859
2026-07-20T04:11:04.571023+00:00,8741.0,36.0,98.18,45.0,2189.3515625,696.107393104583
2026-07-20T04:11:04.875139+00:00,8741.0,36.0,98.22,45.0,2189.3515625,696.4115097932518
2026-07-20T04:11:05.160691+00:00,8741.0,37.0,98.19,45.0,2189.3515625,696.6970619633794
2026-07-20T04:11:05.489444+00:00,8741.0,36.0,98.36,45.0,2189.3515625,697.0258149877191
2026-07-20T04:11:05.791731+00:00,8741.0,37.0,98.43,45.0,2189.3515625,697.328101221472
2026-07-20T04:11:06.099808+00:00,8741.0,36.0,98.43,45.0,2189.3515625,697.6361772939563
2026-07-20T04:11:06.385329+00:00,8741.0,38.0,99.28,45.0,2189.3515625,697.9216987788677
2026-07-20T04:11:06.733438+00:00,8741.0,36.0,99.16,45.0,2189.3515625,698.2698086462915
2026-07-20T04:11:07.057925+00:00,8741.0,37.0,99.07,45.0,2189.3515625,698.5942954421043
2026-07-20T04:11:07.342187+00:00,8741.0,36.0,98.28,45.0,2189.3515625,698.8785578794777
2026-07-20T04:11:07.625633+00:00,8741.0,36.0,98.23,45.0,2189.3515625,699.162003621459
2026-07-20T04:11:07.912121+00:00,8741.0,36.0,98.17,45.0,2189.3515625,699.4484900049865
2026-07-20T04:11:08.222323+00:00,8741.0,35.0,98.91,45.0,2189.3515625,699.7586926035583
2026-07-20T04:11:08.523693+00:00,8741.0,36.0,98.94,45.0,2189.3515625,700.0600629597902
2026-07-20T04:11:08.807676+00:00,8741.0,36.0,98.92,45.0,2189.3515625,700.3440467603505
2026-07-20T04:11:09.091535+00:00,8741.0,36.0,98.24,45.0,2189.3515625,700.6279056183994
2026-07-20T04:11:09.398757+00:00,8741.0,36.0,98.68,45.0,2189.3515625,700.9351267144084
2026-07-20T04:11:09.682154+00:00,8741.0,37.0,98.33,45.0,2189.3515625,701.2185245081782
2026-07-20T04:11:10.007586+00:00,8741.0,35.0,98.5,45.0,2189.3515625,701.5439542196691
2026-07-20T04:11:10.337665+00:00,8741.0,36.0,99.05,45.0,2189.3515625,701.8740356378257
2026-07-20T04:11:10.620942+00:00,8741.0,37.0,99.16,45.0,2189.3515625,702.1573127247393
2026-07-20T04:11:10.926777+00:00,8741.0,37.0,98.99,45.0,2189.3515625,702.4631474688649
2026-07-20T04:11:11.210789+00:00,8741.0,36.0,98.42,45.0,2189.3515625,702.7471595257521
2026-07-20T04:11:11.494162+00:00,8741.0,36.0,98.47,45.0,2189.3515625,703.0305325090885
2026-07-20T04:11:11.793961+00:00,8741.0,36.0,98.67,45.0,2189.3515625,703.3303313851357
2026-07-20T04:11:12.147190+00:00,8741.0,36.0,98.75,45.0,2189.3515625,703.6835584975779
2026-07-20T04:11:12.451160+00:00,8741.0,37.0,98.64,45.0,2189.3515625,703.9875301755965
2026-07-20T04:11:12.758627+00:00,8741.0,37.0,98.81,45.0,2189.3515625,704.294998075813
2026-07-20T04:11:13.046142+00:00,8741.0,36.0,98.49,45.0,2189.3515625,704.5825112611055
2026-07-20T04:11:13.358182+00:00,8741.0,35.0,98.6,45.0,2189.3515625,704.8945509083569
2026-07-20T04:11:13.688824+00:00,8741.0,37.0,98.53,45.0,2189.3515625,705.22519351542
2026-07-20T04:11:13.994277+00:00,8741.0,35.0,99.09,45.0,2189.3515625,705.5306455008686
2026-07-20T04:11:14.329182+00:00,8741.0,36.0,98.89,45.0,2189.3515625,705.8655519522727
2026-07-20T04:11:14.676388+00:00,8741.0,35.0,98.67,45.0,2189.3515625,706.2127579264343
2026-07-20T04:11:15.026234+00:00,8741.0,34.0,98.17,45.0,2189.3515625,706.5626033619046
2026-07-20T04:11:15.380511+00:00,8741.0,34.0,98.34,45.0,2189.3515625,706.9168807901442
2026-07-20T04:11:15.685974+00:00,8741.0,36.0,98.32,45.0,2189.3515625,707.2223436199129
2026-07-20T04:11:15.992958+00:00,8741.0,36.0,98.5,45.0,2189.3515625,707.5293277166784
2026-07-20T04:11:16.300285+00:00,8741.0,36.0,98.91,45.0,2189.3515625,707.8366548903286
2026-07-20T04:11:16.608490+00:00,8741.0,36.0,98.89,45.0,2189.3515625,708.1448591090739
2026-07-20T04:11:16.894045+00:00,8741.0,36.0,98.7,45.0,2189.3515625,708.4304148629308
2026-07-20T04:11:17.195119+00:00,8741.0,35.0,98.74,45.0,2189.3515625,708.7314885370433
2026-07-20T04:11:17.499953+00:00,8741.0,36.0,98.51,45.0,2189.3515625,709.0363228097558
2026-07-20T04:11:17.783670+00:00,8741.0,37.0,98.3,45.0,2189.3515625,709.3200402259827
2026-07-20T04:11:18.090463+00:00,8741.0,36.0,98.19,45.0,2189.3515625,709.6268328540027
2026-07-20T04:11:18.419617+00:00,8741.0,36.0,98.18,45.0,2189.3515625,709.9559873081744
2026-07-20T04:11:18.729608+00:00,8741.0,36.0,98.24,45.0,2189.3515625,710.265977408737
2026-07-20T04:11:19.064093+00:00,8741.0,37.0,98.61,45.0,2189.3515625,710.6004624627531
2026-07-20T04:11:19.414473+00:00,8741.0,36.0,98.53,45.0,2189.35546875,710.9508423432708
2026-07-20T04:11:19.767262+00:00,8741.0,32.0,98.3,45.0,2189.35546875,711.3036317527294
2026-07-20T04:11:20.061887+00:00,8741.0,37.0,98.34,45.0,2189.35546875,711.5982578806579
2026-07-20T04:11:20.347242+00:00,8741.0,37.0,98.48,45.0,2189.35546875,711.8836131691933
2026-07-20T04:11:20.657144+00:00,8741.0,35.0,99.15,45.0,2189.35546875,712.1935138814151
2026-07-20T04:11:20.982921+00:00,8741.0,35.0,98.98,45.0,2189.35546875,712.5192914418876
2026-07-20T04:11:21.270100+00:00,8741.0,37.0,98.77,45.0,2189.35546875,712.8064708895981
2026-07-20T04:11:21.594231+00:00,8741.0,36.0,98.38,45.0,2189.35546875,713.1306015439332
2026-07-20T04:11:21.878233+00:00,8741.0,36.0,98.36,45.0,2189.35546875,713.4146034121513
2026-07-20T04:11:22.162788+00:00,8741.0,37.0,98.48,45.0,2189.35546875,713.6991584487259
2026-07-20T04:11:22.513715+00:00,8741.0,36.0,98.51,45.0,2189.35546875,714.0500853955746
2026-07-20T04:11:22.820869+00:00,8741.0,37.0,98.32,45.0,2189.35546875,714.3572388701141
2026-07-20T04:11:23.133963+00:00,8741.0,37.0,98.7,45.0,2189.35546875,714.6703322008252
2026-07-20T04:11:23.436008+00:00,8741.0,37.0,99.35,45.0,2189.35546875,714.972378000617
2026-07-20T04:11:23.720925+00:00,8741.0,36.0,99.41,45.0,2189.35546875,715.2572961896658
2026-07-20T04:11:24.021749+00:00,8741.0,36.0,99.38,45.0,2189.35546875,715.5581202097237
2026-07-20T04:11:24.305023+00:00,8741.0,36.0,98.89,45.0,2189.35546875,715.841393802315
2026-07-20T04:11:24.588423+00:00,8741.0,36.0,98.51,45.0,2189.35546875,716.1247941143811
2026-07-20T04:11:24.915437+00:00,8741.0,36.0,98.53,45.0,2189.35546875,716.451807398349
2026-07-20T04:11:25.223197+00:00,8741.0,36.0,98.8,45.0,2189.35546875,716.759567361325
2026-07-20T04:11:25.507319+00:00,8741.0,36.0,99.33,45.0,2189.35546875,717.0436894521117
2026-07-20T04:11:25.790731+00:00,8741.0,36.0,99.26,45.0,2189.35546875,717.3271021917462
2026-07-20T04:11:26.074551+00:00,8741.0,36.0,99.21,45.0,2189.35546875,717.6109215132892
2026-07-20T04:11:26.402305+00:00,8741.0,36.0,98.63,45.0,2189.35546875,717.9386753961444
2026-07-20T04:11:26.686574+00:00,8741.0,36.0,98.62,45.0,2189.35546875,718.2229447513819
2026-07-20T04:11:26.996375+00:00,8741.0,36.0,98.64,45.0,2189.35546875,718.5327445454895
2026-07-20T04:11:27.281222+00:00,8741.0,37.0,98.9,45.0,2189.35546875,718.8175927773118
2026-07-20T04:11:27.631302+00:00,8741.0,36.0,98.67,45.0,2189.35546875,719.1676723062992
2026-07-20T04:11:27.964516+00:00,8741.0,36.0,99.0,45.0,2189.35546875,719.5008849725127
2026-07-20T04:11:28.297620+00:00,8741.0,35.0,98.8,45.0,2189.35546875,719.8339887447655
2026-07-20T04:11:28.629231+00:00,8741.0,34.0,98.59,45.0,2189.35546875,720.1656000651419
2026-07-20T04:11:28.952883+00:00,8741.0,35.0,98.49,45.0,2189.35546875,720.4892525337636
2026-07-20T04:11:29.282967+00:00,8741.0,37.0,98.36,45.0,2189.35546875,720.8193360380828
2026-07-20T04:11:29.628873+00:00,8741.0,36.0,98.36,45.0,2189.35546875,721.1652422845364
2026-07-20T04:11:29.938669+00:00,8741.0,35.0,97.85,45.0,2189.35546875,721.4750379435718
2026-07-20T04:11:30.248635+00:00,8741.0,36.0,97.92,45.0,2189.35546875,721.7850052043796
2026-07-20T04:11:30.555160+00:00,8741.0,37.0,98.08,45.0,2189.35546875,722.0915311537683
2026-07-20T04:11:30.839343+00:00,8741.0,37.0,98.76,45.0,2189.35546875,722.3757134117186
2026-07-20T04:11:31.191336+00:00,8741.0,36.0,98.64,45.0,2189.35546875,722.7277054749429
2026-07-20T04:11:31.476208+00:00,8741.0,37.0,98.47,45.0,2189.35546875,723.0125785209239
2026-07-20T04:11:31.760062+00:00,8741.0,36.0,98.86,45.0,2189.35546875,723.2964327074587
2026-07-20T04:11:32.043286+00:00,8741.0,36.0,98.68,45.0,2189.35546875,723.5796560719609
2026-07-20T04:11:32.327331+00:00,8741.0,36.0,98.86,45.0,2189.35546875,723.8637016564608
2026-07-20T04:11:32.653275+00:00,8741.0,36.0,98.19,45.0,2189.35546875,724.1896451450884
2026-07-20T04:11:32.957342+00:00,8741.0,36.0,98.6,45.0,2189.35546875,724.4937127418816
2026-07-20T04:11:33.266705+00:00,8741.0,37.0,98.97,46.0,2189.35546875,724.8030742406845
2026-07-20T04:11:33.573244+00:00,8741.0,36.0,98.96,45.0,2189.35546875,725.1096136085689
2026-07-20T04:11:33.858237+00:00,8741.0,37.0,99.36,45.0,2189.35546875,725.3946070969105
2026-07-20T04:11:34.197556+00:00,8741.0,36.0,98.71,45.0,2189.35546875,725.7339268401265
2026-07-20T04:11:34.498635+00:00,8741.0,36.0,98.74,45.0,2189.35546875,726.0350056998432
2026-07-20T04:11:34.803340+00:00,8741.0,36.0,98.2,45.0,2189.35546875,726.3397110961378
2026-07-20T04:11:35.114568+00:00,8741.0,36.0,98.65,45.0,2189.35546875,726.6509387753904
2026-07-20T04:11:35.438790+00:00,8741.0,36.0,98.54,45.0,2189.35546875,726.975160125643
2026-07-20T04:11:35.725745+00:00,8741.0,36.0,98.57,45.0,2189.35546875,727.2621152810752
2026-07-20T04:11:36.032339+00:00,8741.0,37.0,98.35,45.0,2189.35546875,727.5687091201544
2026-07-20T04:11:36.335261+00:00,8741.0,37.0,98.3,45.0,2189.35546875,727.8716314360499
2026-07-20T04:11:36.619580+00:00,8741.0,37.0,98.88,45.0,2189.35546875,728.1559500172734
2026-07-20T04:11:36.904710+00:00,8741.0,37.0,98.67,45.0,2189.35546875,728.4410810060799
2026-07-20T04:11:37.210769+00:00,8741.0,37.0,98.78,45.0,2189.35546875,728.747139506042
2026-07-20T04:11:37.510398+00:00,8741.0,36.0,98.93,45.0,2189.35546875,729.0467682592571
2026-07-20T04:11:37.812669+00:00,8741.0,36.0,98.48,45.0,2189.35546875,729.3490393087268
2026-07-20T04:11:38.096879+00:00,8741.0,37.0,98.66,45.0,2189.35546875,729.633248731494
2026-07-20T04:11:38.406778+00:00,8741.0,36.0,98.47,45.0,2189.35546875,729.9431474544108
2026-07-20T04:11:38.715507+00:00,8741.0,36.0,98.56,45.0,2189.35546875,730.2518771514297
2026-07-20T04:11:39.000542+00:00,8741.0,36.0,98.48,45.0,2189.35546875,730.5369123443961
2026-07-20T04:11:39.303252+00:00,8741.0,36.0,98.37,45.0,2189.35546875,730.8396226204932
2026-07-20T04:11:39.607790+00:00,8741.0,36.0,98.45,45.0,2189.35546875,731.1441603377461
2026-07-20T04:11:39.893325+00:00,8741.0,37.0,98.4,45.0,2189.35546875,731.4296956658363
2026-07-20T04:11:40.199546+00:00,8741.0,36.0,98.56,45.0,2189.35546875,731.7359167933464
2026-07-20T04:11:40.483783+00:00,8741.0,36.0,99.15,45.0,2189.35546875,732.02015318349
2026-07-20T04:11:40.767213+00:00,8741.0,36.0,98.87,45.0,2189.35546875,732.3035833276808
2026-07-20T04:11:41.074854+00:00,8741.0,36.0,98.83,45.0,2189.35546875,732.6112250648439
2026-07-20T04:11:41.358132+00:00,8741.0,36.0,98.91,45.0,2189.35546875,732.8945030122995
2026-07-20T04:11:41.662720+00:00,8741.0,36.0,98.58,45.0,2189.35546875,733.1990886256099
2026-07-20T04:11:41.999218+00:00,8741.0,36.0,98.4,45.0,2189.35546875,733.535587631166
2026-07-20T04:11:42.306474+00:00,8741.0,35.0,98.4,45.0,2189.35546875,733.8428434096277
2026-07-20T04:11:42.636795+00:00,8741.0,35.0,98.16,45.0,2189.35546875,734.1731643639505
2026-07-20T04:11:42.942549+00:00,8741.0,35.0,98.26,45.0,2189.35546875,734.4789186008275
2026-07-20T04:11:43.276863+00:00,8741.0,35.0,99.04,45.0,2189.35546875,734.8132322244346
2026-07-20T04:11:43.629773+00:00,8741.0,36.0,99.12,45.0,2189.35546875,735.1661424972117
2026-07-20T04:11:43.964082+00:00,8741.0,34.0,99.09,45.0,2189.35546875,735.5004515051842
2026-07-20T04:11:44.252051+00:00,8741.0,35.0,98.14,45.0,2189.35546875,735.788420021534
2026-07-20T04:11:44.538987+00:00,8741.0,37.0,98.08,45.0,2189.35546875,736.0753563567996
2026-07-20T04:11:44.824059+00:00,8741.0,36.0,98.04,45.0,2189.35546875,736.3604301437736
2026-07-20T04:11:45.152706+00:00,8741.0,0.0,96.01,45.0,2189.35546875,736.6890760101378
2026-07-20T04:11:45.439061+00:00,8741.0,36.0,96.11,45.0,2189.35546875,736.9754314422607
2026-07-20T04:11:45.723358+00:00,8741.0,38.0,96.3,45.0,2189.35546875,737.2597282417119
2026-07-20T04:11:46.075920+00:00,8741.0,36.0,98.47,45.0,2189.35546875,737.6122897975147
2026-07-20T04:11:46.384267+00:00,8741.0,35.0,98.61,45.0,2189.359375,737.9206362590194
2026-07-20T04:11:46.694219+00:00,8741.0,37.0,98.76,45.0,2189.359375,738.2305876724422
2026-07-20T04:11:47.003880+00:00,8741.0,36.0,98.53,45.0,2189.359375,738.540250569582
2026-07-20T04:11:47.311175+00:00,8741.0,36.0,98.92,45.0,2189.359375,738.8475460298359
2026-07-20T04:11:47.618983+00:00,8741.0,37.0,99.0,45.0,2189.359375,739.1553538329899
2026-07-20T04:11:47.949655+00:00,8741.0,37.0,99.06,45.0,2189.359375,739.4860256649554
2026-07-20T04:11:48.252979+00:00,8741.0,37.0,99.33,45.0,2189.359375,739.7893491983414
2026-07-20T04:11:48.538087+00:00,8741.0,37.0,99.41,45.0,2189.359375,740.074457295239
2026-07-20T04:11:48.822147+00:00,8741.0,37.0,99.26,45.0,2189.359375,740.3585175462067
2026-07-20T04:11:49.125055+00:00,8741.0,36.0,98.88,45.0,2189.359375,740.6614255271852
2026-07-20T04:11:49.429157+00:00,8741.0,36.0,99.42,45.0,2189.359375,740.9655276350677
2026-07-20T04:11:49.734360+00:00,8741.0,37.0,99.47,45.0,2189.359375,741.2707307487726
2026-07-20T04:11:50.018049+00:00,8741.0,37.0,99.37,45.0,2189.359375,741.5544195361435
2026-07-20T04:11:50.348084+00:00,8741.0,37.0,98.66,45.0,2189.359375,741.8844532966614
2026-07-20T04:11:50.703496+00:00,8741.0,36.0,98.61,45.0,2189.359375,742.239865809679
2026-07-20T04:11:51.012244+00:00,8741.0,37.0,99.09,45.0,2189.359375,742.5486137755215
2026-07-20T04:11:51.297951+00:00,8741.0,37.0,99.03,45.0,2189.359375,742.8343220166862
2026-07-20T04:11:51.624723+00:00,8741.0,36.0,98.75,45.0,2189.359375,743.1610924303532
2026-07-20T04:11:51.931402+00:00,8741.0,36.0,98.55,45.0,2189.359375,743.4677730388939
2026-07-20T04:11:52.215630+00:00,8741.0,36.0,98.53,45.0,2189.359375,743.7520009018481
2026-07-20T04:11:52.521162+00:00,8741.0,31.0,98.56,45.0,2189.359375,744.0575313940644
2026-07-20T04:11:52.806308+00:00,8741.0,36.0,98.52,45.0,2189.359375,744.3426783680916
2026-07-20T04:11:53.090566+00:00,8741.0,37.0,98.55,45.0,2189.359375,744.6269364692271
2026-07-20T04:11:53.397297+00:00,8741.0,37.0,98.98,45.0,2189.359375,744.9336574673653
2026-07-20T04:11:53.702157+00:00,8741.0,36.0,99.11,45.0,2189.359375,745.238527674228
2026-07-20T04:11:54.006806+00:00,8741.0,36.0,98.87,45.0,2189.359375,745.5431772321463
2026-07-20T04:11:54.290368+00:00,8741.0,37.0,98.89,45.0,2189.359375,745.8267388157547
2026-07-20T04:11:54.618926+00:00,8741.0,36.0,98.51,45.0,2189.359375,746.1552955433726
2026-07-20T04:11:54.904658+00:00,8741.0,37.0,98.73,45.0,2189.359375,746.441028367728
2026-07-20T04:11:55.209297+00:00,8741.0,37.0,98.78,45.0,2189.359375,746.7456675209105
2026-07-20T04:11:55.493344+00:00,8741.0,36.0,99.0,45.0,2189.359375,747.0297141671181
2026-07-20T04:11:55.802918+00:00,8741.0,36.0,98.99,45.0,2189.359375,747.3392888307571
2026-07-20T04:11:56.110248+00:00,8741.0,37.0,99.05,45.0,2189.359375,747.6466186195612
2026-07-20T04:11:56.440705+00:00,8741.0,37.0,99.36,45.0,2189.359375,747.9770744256675
2026-07-20T04:11:56.750555+00:00,8741.0,35.0,99.3,45.0,2189.359375,748.286924097687
2026-07-20T04:11:57.065210+00:00,8741.0,36.0,98.87,45.0,2189.359375,748.6015801280737
2026-07-20T04:11:57.374621+00:00,8741.0,36.0,98.08,45.0,2189.359375,748.910990383476
2026-07-20T04:11:57.709061+00:00,8741.0,35.0,98.26,45.0,2189.359375,749.245430406183
2026-07-20T04:11:58.043996+00:00,8741.0,35.0,98.73,45.0,2189.359375,749.5803650096059
2026-07-20T04:11:58.375285+00:00,8741.0,34.0,99.36,45.0,2189.359375,749.9116543829441
2026-07-20T04:11:58.687066+00:00,8741.0,36.0,98.94,45.0,2189.359375,750.2234353087842
2026-07-20T04:11:58.998605+00:00,8741.0,35.0,98.45,45.0,2189.359375,750.5349743142724
2026-07-20T04:11:59.356420+00:00,8741.0,35.0,98.0,45.0,2189.359375,750.8927888795733
2026-07-20T04:11:59.684866+00:00,8741.0,36.0,98.34,45.0,2189.359375,751.2212356030941
2026-07-20T04:11:59.994100+00:00,8741.0,36.0,98.43,45.0,2189.359375,751.5304699614644
2026-07-20T04:12:00.280998+00:00,8741.0,35.0,98.35,45.0,2189.359375,751.8173666112125
2026-07-20T04:12:00.639582+00:00,8741.0,36.0,98.46,45.0,2189.359375,752.1759518794715
2026-07-20T04:12:00.973032+00:00,8741.0,35.0,97.75,45.0,2189.359375,752.5094014964998
2026-07-20T04:12:01.282095+00:00,8741.0,35.0,97.7,45.0,2189.359375,752.8184653371572
2026-07-20T04:12:01.640413+00:00,8741.0,37.0,97.74,45.0,2189.359375,753.1767828240991
2026-07-20T04:12:01.950159+00:00,8741.0,36.0,98.64,45.0,2189.359375,753.4865285940468
2026-07-20T04:12:02.262826+00:00,8741.0,36.0,98.63,45.0,2189.359375,753.7991956695914
2026-07-20T04:12:02.574631+00:00,8741.0,35.0,98.58,45.0,2189.359375,754.1110003292561
2026-07-20T04:12:02.888928+00:00,8741.0,36.0,98.18,45.0,2189.359375,754.4252979196608
2026-07-20T04:12:03.220341+00:00,8741.0,35.0,98.02,45.0,2189.359375,754.7567105591297
2026-07-20T04:12:03.552372+00:00,8741.0,37.0,98.3,45.0,2189.359375,755.0887408442795
2026-07-20T04:12:03.866282+00:00,8741.0,35.0,98.44,45.0,2189.359375,755.4026514552534
2026-07-20T04:12:04.178300+00:00,8741.0,37.0,98.62,45.0,2189.359375,755.714669007808
2026-07-20T04:12:04.489481+00:00,8741.0,36.0,98.48,45.0,2189.359375,756.0258512087166
2026-07-20T04:12:04.799362+00:00,8741.0,37.0,98.48,45.0,2189.359375,756.3357320316136
2026-07-20T04:12:05.100948+00:00,8741.0,35.0,98.56,45.0,2189.359375,756.6373178809881
2026-07-20T04:12:05.415504+00:00,8741.0,37.0,98.48,45.0,2189.359375,756.9518735520542
2026-07-20T04:12:05.748520+00:00,8741.0,36.0,98.15,45.0,2189.359375,757.2848884128034
2026-07-20T04:12:06.062333+00:00,8741.0,37.0,98.41,45.0,2189.359375,757.5987015217543
2026-07-20T04:12:06.351649+00:00,8741.0,35.0,98.42,45.0,2189.359375,757.8880190178752
2026-07-20T04:12:06.675802+00:00,8741.0,36.0,98.44,45.0,2189.359375,758.2121708914638
2026-07-20T04:12:06.988664+00:00,8741.0,36.0,98.28,45.0,2189.359375,758.5250336192548
2026-07-20T04:12:07.336604+00:00,8741.0,33.0,98.63,45.0,2189.359375,758.8729732893407
2026-07-20T04:12:07.644627+00:00,8741.0,36.0,98.66,45.0,2189.359375,759.180996671319
2026-07-20T04:12:07.949723+00:00,8741.0,36.0,98.66,45.0,2189.359375,759.4860923290253
2026-07-20T04:12:08.261625+00:00,8741.0,37.0,98.07,45.0,2189.359375,759.7979947850108
2026-07-20T04:12:08.574050+00:00,8741.0,36.0,98.17,45.0,2189.359375,760.1104194410145
2026-07-20T04:12:08.862635+00:00,8741.0,36.0,98.17,45.0,2189.359375,760.3990041837096
2026-07-20T04:12:09.172847+00:00,8741.0,36.0,98.44,45.0,2189.359375,760.7092173062265
2026-07-20T04:12:09.508119+00:00,8741.0,34.0,98.29,45.0,2189.359375,761.0444884821773
2026-07-20T04:12:09.821514+00:00,8741.0,35.0,98.46,45.0,2189.359375,761.3578833639622
2026-07-20T04:12:10.174859+00:00,8741.0,30.0,99.97,45.0,2189.359375,761.7112279161811
2026-07-20T04:12:10.481010+00:00,8741.0,36.0,99.3,45.0,2189.359375,762.0173794329166
2026-07-20T04:12:10.811824+00:00,8741.0,36.0,99.09,45.0,2189.359375,762.3481932803988
2026-07-20T04:12:11.168747+00:00,8741.0,36.0,97.65,45.0,2189.359375,762.7051160521805
2026-07-20T04:12:11.525010+00:00,8741.0,35.0,98.68,45.0,2189.359375,763.0613788552582
2026-07-20T04:12:11.834172+00:00,8741.0,36.0,98.78,45.0,2189.359375,763.3705415911973
2026-07-20T04:12:12.168405+00:00,8741.0,35.0,98.92,45.0,2189.359375,763.7047743536532
2026-07-20T04:12:12.474757+00:00,8741.0,37.0,98.81,45.0,2189.359375,764.0111257024109
2026-07-20T04:12:12.785100+00:00,8741.0,35.0,98.42,45.0,2189.359375,764.3214692287147
2026-07-20T04:12:13.094060+00:00,8741.0,35.0,98.02,45.0,2189.359375,764.6304291002452
2026-07-20T04:12:13.428404+00:00,8741.0,35.0,97.83,45.0,2189.359375,764.964773632586
2026-07-20T04:12:13.756447+00:00,8741.0,35.0,97.9,45.0,2189.359375,765.2928164042532
2026-07-20T04:12:14.084494+00:00,8741.0,35.0,97.51,45.0,2189.359375,765.6208628900349
2026-07-20T04:12:14.373651+00:00,8741.0,35.0,98.36,45.0,2189.359375,765.9100206159055
2026-07-20T04:12:14.682692+00:00,8741.0,36.0,98.41,45.0,2189.359375,766.2190619856119
2026-07-20T04:12:14.991064+00:00,8741.0,35.0,98.85,45.0,2189.359375,766.527432937175
2026-07-20T04:12:15.301908+00:00,8741.0,35.0,98.32,45.0,2189.359375,766.8382780402899
2026-07-20T04:12:15.614703+00:00,8741.0,35.0,98.22,45.0,2189.359375,767.1510729789734
2026-07-20T04:12:15.921938+00:00,8741.0,36.0,98.1,45.0,2189.359375,767.4583079591393
2026-07-20T04:12:16.253188+00:00,8741.0,36.0,98.06,45.0,2189.359375,767.7895572222769
2026-07-20T04:12:16.562621+00:00,8741.0,35.0,98.29,45.0,2189.359375,768.0989903844893
2026-07-20T04:12:16.892705+00:00,8741.0,35.0,98.34,45.0,2189.359375,768.4290740601718
2026-07-20T04:12:17.201682+00:00,8741.0,36.0,98.42,45.0,2189.359375,768.7380513288081
2026-07-20T04:12:17.514162+00:00,8741.0,36.0,98.14,45.0,2189.359375,769.0505310669541
2026-07-20T04:12:17.826111+00:00,8741.0,36.0,98.14,45.0,2189.359375,769.362481340766
2026-07-20T04:12:18.136786+00:00,8741.0,36.0,98.29,45.0,2189.359375,769.6731549240649
2026-07-20T04:12:18.491952+00:00,8741.0,36.0,98.37,45.0,2189.359375,770.0283210799098
2026-07-20T04:12:18.824887+00:00,8741.0,35.0,98.8,45.0,2189.359375,770.3612556755543
2026-07-20T04:12:19.172205+00:00,8741.0,35.0,98.57,45.0,2189.359375,770.7085745818913
2026-07-20T04:12:19.481865+00:00,8741.0,35.0,98.21,45.0,2189.359375,771.0182341560721
2026-07-20T04:12:19.797034+00:00,8741.0,36.0,97.58,45.0,2189.359375,771.3334029763937
2026-07-20T04:12:20.109100+00:00,8741.0,36.0,97.81,45.0,2189.359375,771.6454694978893
2026-07-20T04:12:20.398435+00:00,8741.0,35.0,98.0,45.0,2189.359375,771.9348046071827
2026-07-20T04:12:20.724372+00:00,8741.0,35.0,98.21,45.0,2189.359375,772.2607420012355
2026-07-20T04:12:21.056794+00:00,8741.0,36.0,98.29,45.0,2189.359375,772.5931633114815
2026-07-20T04:12:21.412564+00:00,8741.0,35.0,98.18,45.0,2189.359375,772.94893303141
2026-07-20T04:12:21.705759+00:00,8741.0,37.0,98.08,45.0,2189.359375,773.2421283610165
2026-07-20T04:12:22.041090+00:00,8741.0,35.0,97.78,45.0,2189.359375,773.5774593874812
2026-07-20T04:12:22.354921+00:00,8741.0,36.0,97.81,45.0,2189.359375,773.8912900872529
2026-07-20T04:12:22.662572+00:00,8741.0,34.0,97.87,45.0,2189.359375,774.1989415735006
2026-07-20T04:12:22.974197+00:00,8741.0,36.0,98.2,45.0,2189.359375,774.5105661302805
2026-07-20T04:12:23.306276+00:00,8741.0,36.0,98.49,45.0,2189.359375,774.8426440954208
2026-07-20T04:12:23.639741+00:00,8741.0,36.0,98.95,45.0,2189.359375,775.176109906286
2026-07-20T04:12:23.949336+00:00,8741.0,36.0,98.93,45.0,2189.359375,775.4857053644955
2026-07-20T04:12:24.279404+00:00,8741.0,35.0,98.95,45.0,2189.359375,775.8157742768526
2026-07-20T04:12:24.588754+00:00,8741.0,36.0,99.36,45.0,2189.359375,776.1251237764955
2026-07-20T04:12:24.898350+00:00,8741.0,35.0,99.18,45.0,2189.359375,776.4347188472748
2026-07-20T04:12:25.232958+00:00,8741.0,34.0,98.69,45.0,2189.359375,776.7693267650902
2026-07-20T04:12:25.588618+00:00,8741.0,36.0,97.74,45.0,2189.359375,777.1249868646264
2026-07-20T04:12:25.916190+00:00,8741.0,34.0,97.82,45.0,2189.359375,777.4525588452816
2026-07-20T04:12:26.226051+00:00,8741.0,35.0,97.72,45.0,2189.359375,777.7624197714031
2026-07-20T04:12:26.560682+00:00,8741.0,34.0,98.02,45.0,2189.359375,778.0970513783395
2026-07-20T04:12:26.869805+00:00,8741.0,36.0,98.07,45.0,2189.359375,778.4061736613512
2026-07-20T04:12:27.182183+00:00,8741.0,35.0,98.05,45.0,2189.359375,778.7185516729951
2026-07-20T04:12:27.490709+00:00,8741.0,36.0,98.16,45.0,2189.359375,779.0270781889558
2026-07-20T04:12:27.802231+00:00,8741.0,35.0,98.24,45.0,2189.359375,779.3386006727815
2026-07-20T04:12:28.113997+00:00,8741.0,37.0,98.26,45.0,2189.359375,779.650365177542
2026-07-20T04:12:28.447113+00:00,8741.0,36.0,98.23,45.0,2189.359375,779.9834827631712
2026-07-20T04:12:28.758697+00:00,8741.0,35.0,98.4,45.0,2189.359375,780.2950661815703
2026-07-20T04:12:29.091982+00:00,8741.0,35.0,98.86,45.0,2189.359375,780.6283514611423
2026-07-20T04:12:29.424647+00:00,8741.0,36.0,98.83,45.0,2189.359375,780.9610158056021
2026-07-20T04:12:29.755283+00:00,8741.0,35.0,98.81,45.0,2189.359375,781.2916528582573
2026-07-20T04:12:30.065778+00:00,8741.0,36.0,98.34,45.0,2189.359375,781.602147873491
2026-07-20T04:12:30.378564+00:00,8741.0,36.0,98.78,45.0,2189.359375,781.9149324260652
2026-07-20T04:12:30.713465+00:00,8741.0,35.0,98.68,45.0,2189.359375,782.2498339302838
2026-07-20T04:12:31.048945+00:00,8741.0,36.0,98.71,45.0,2189.359375,782.5853144749999
2026-07-20T04:12:31.339353+00:00,8741.0,36.0,98.6,45.0,2189.359375,782.8757213354111
2026-07-20T04:12:31.691323+00:00,8741.0,35.0,98.99,45.0,2189.359375,783.227691270411
2026-07-20T04:12:32.002374+00:00,8741.0,34.0,98.83,45.0,2189.359375,783.5387434884906
2026-07-20T04:12:32.336773+00:00,8741.0,35.0,98.51,45.0,2189.359375,783.8731421604753
2026-07-20T04:12:32.626508+00:00,8741.0,31.0,97.57,45.0,2189.359375,784.1628770157695
2026-07-20T04:12:32.960798+00:00,8741.0,34.0,97.58,45.0,2189.359375,784.4971669055521
2026-07-20T04:12:33.270353+00:00,8741.0,35.0,98.01,45.0,2189.359375,784.8067225702107
2026-07-20T04:12:33.634070+00:00,8741.0,36.0,98.08,45.0,2189.359375,785.1704389378428
2026-07-20T04:12:33.922830+00:00,8741.0,34.0,97.9,45.0,2189.359375,785.4592001922429
2026-07-20T04:12:34.233949+00:00,8741.0,35.0,97.84,45.0,2189.359375,785.7703179903328
2026-07-20T04:12:34.569199+00:00,8741.0,35.0,97.7,45.0,2189.359375,786.1055684089661
2026-07-20T04:12:34.929943+00:00,8741.0,34.0,97.94,45.0,2189.359375,786.46631199494
2026-07-20T04:12:35.241354+00:00,8741.0,35.0,97.63,45.0,2189.359375,786.7777234092355
2026-07-20T04:12:35.553416+00:00,8741.0,35.0,97.68,45.0,2189.359375,787.0897852480412
2026-07-20T04:12:35.866309+00:00,8741.0,35.0,97.74,45.0,2189.359375,787.402678526938
2026-07-20T04:12:36.200870+00:00,8741.0,34.0,97.76,45.0,2189.359375,787.7372387126088
2026-07-20T04:12:36.506210+00:00,8741.0,36.0,98.13,45.0,2189.359375,788.0425778441131
2026-07-20T04:12:36.860833+00:00,8741.0,35.0,98.32,45.0,2189.359375,788.3972022049129
2026-07-20T04:12:37.196940+00:00,8741.0,36.0,98.42,45.0,2189.359375,788.7332961857319
2026-07-20T04:12:37.489564+00:00,8741.0,35.0,98.18,45.0,2189.359375,789.0259338393807
2026-07-20T04:12:37.803140+00:00,8741.0,35.0,98.1,45.0,2189.359375,789.3395083732903
2026-07-20T04:12:38.136846+00:00,8741.0,35.0,98.32,45.0,2189.359375,789.6732139848173
2026-07-20T04:12:38.450449+00:00,8741.0,35.0,98.28,45.0,2189.359375,789.9868174679577
2026-07-20T04:12:38.765024+00:00,8741.0,35.0,98.33,45.0,2189.359375,790.3013922423124
2026-07-20T04:12:39.073126+00:00,8741.0,31.0,97.64,45.0,2189.359375,790.6094950214028
2026-07-20T04:12:39.386516+00:00,8741.0,35.0,97.36,45.0,2189.359375,790.922885902226
2026-07-20T04:12:39.720136+00:00,8741.0,35.0,98.17,45.0,2189.359375,791.2565037943423
2026-07-20T04:12:40.036591+00:00,8741.0,36.0,98.27,45.0,2189.359375,791.5729597955942
2026-07-20T04:12:40.348989+00:00,8741.0,34.0,98.1,45.0,2189.359375,791.8853589519858
2026-07-20T04:12:40.661873+00:00,8741.0,36.0,98.08,45.0,2189.359375,792.1982424966991
2026-07-20T04:12:40.950836+00:00,8741.0,36.0,97.17,45.0,2189.359375,792.4872048683465
2026-07-20T04:12:41.276892+00:00,8741.0,34.0,98.12,45.0,2189.359375,792.8132608495653
2026-07-20T04:12:41.581640+00:00,8741.0,36.0,98.46,45.0,2189.359375,793.1180094778538
2026-07-20T04:12:41.914154+00:00,8741.0,36.0,98.67,45.0,2189.359375,793.4505243711174
2026-07-20T04:12:42.198872+00:00,8741.0,36.0,98.62,45.0,2189.359375,793.7352422215044
2026-07-20T04:12:42.500848+00:00,8741.0,36.0,98.39,45.0,2189.359375,794.0372182503343
2026-07-20T04:12:42.806497+00:00,8741.0,36.0,98.31,45.0,2189.359375,794.3428675457835
2026-07-20T04:12:43.118289+00:00,8741.0,36.0,98.52,45.0,2189.359375,794.6546583846211
2026-07-20T04:12:43.427492+00:00,8741.0,36.0,98.72,45.0,2189.359375,794.963861618191
2026-07-20T04:12:43.735783+00:00,8741.0,36.0,99.1,45.0,2189.359375,795.2721528671682
2026-07-20T04:12:44.041381+00:00,8741.0,36.0,99.24,45.0,2189.359375,795.5777515769005
2026-07-20T04:12:44.326013+00:00,8741.0,36.0,99.31,45.0,2189.359375,795.8623834475875
2026-07-20T04:12:44.633219+00:00,8741.0,36.0,99.18,45.0,2189.359375,796.169589035213
2026-07-20T04:12:44.917768+00:00,8741.0,36.0,99.13,45.0,2189.359375,796.4541384130716
2026-07-20T04:12:45.226983+00:00,8741.0,36.0,98.8,45.0,2189.359375,796.7633538469672
2026-07-20T04:12:45.557973+00:00,8741.0,36.0,99.02,45.0,2189.359375,797.0943434089422
2026-07-20T04:12:45.867660+00:00,8741.0,37.0,99.06,45.0,2189.359375,797.4040304236114
2026-07-20T04:12:46.153131+00:00,8741.0,35.0,98.99,45.0,2189.359375,797.6895011477172
2026-07-20T04:12:46.438201+00:00,8741.0,37.0,98.64,45.0,2189.359375,797.9745712317526
2026-07-20T04:12:46.747605+00:00,8741.0,36.0,98.72,45.0,2189.359375,798.2839754931629
2026-07-20T04:12:47.032456+00:00,8741.0,36.0,98.77,45.0,2189.359375,798.5688262879848
2026-07-20T04:12:47.316704+00:00,8741.0,36.0,99.27,45.0,2189.359375,798.8530738949776
2026-07-20T04:12:47.622848+00:00,8741.0,35.0,99.06,45.0,2189.359375,799.1592182554305
2026-07-20T04:12:47.934764+00:00,8741.0,34.0,98.55,45.0,2189.359375,799.4711333364248
2026-07-20T04:12:48.244068+00:00,8741.0,36.0,97.97,45.0,2189.359375,799.7804375179112
2026-07-20T04:12:48.550466+00:00,8741.0,36.0,97.93,45.0,2189.359375,800.0868365354836
2026-07-20T04:12:48.857438+00:00,8741.0,36.0,98.04,45.0,2189.359375,800.3938091695309
2026-07-20T04:12:49.162875+00:00,8741.0,35.0,97.89,45.0,2189.359375,800.6992455497384
2026-07-20T04:12:49.448301+00:00,8741.0,36.0,97.93,45.0,2189.359375,800.9846712574363
2026-07-20T04:12:49.732883+00:00,8741.0,36.0,98.12,45.0,2189.359375,801.2692540362477
2026-07-20T04:12:50.045618+00:00,8741.0,35.0,98.43,45.0,2189.359375,801.5819876715541
2026-07-20T04:12:50.331844+00:00,8741.0,36.0,99.01,45.0,2189.359375,801.868213776499
2026-07-20T04:12:50.640137+00:00,8741.0,35.0,98.77,45.0,2189.359375,802.1765069849789
2026-07-20T04:12:50.926124+00:00,8741.0,36.0,98.67,45.0,2189.359375,802.462494250387
2026-07-20T04:12:51.235371+00:00,8741.0,36.0,98.31,45.0,2189.359375,802.7717413045466
2026-07-20T04:12:51.542804+00:00,8741.0,36.0,98.1,45.0,2189.359375,803.0791746377945
2026-07-20T04:12:51.851131+00:00,8741.0,37.0,98.24,45.0,2189.359375,803.3875018320978
2026-07-20T04:12:52.160520+00:00,8741.0,36.0,98.28,45.0,2189.359375,803.6968902722001
2026-07-20T04:12:52.447579+00:00,8741.0,35.0,98.35,45.0,2189.359375,803.9839495941997
2026-07-20T04:12:52.731780+00:00,8741.0,36.0,98.46,45.0,2189.359375,804.2681508623064
2026-07-20T04:12:53.041876+00:00,8741.0,34.0,98.48,45.0,2189.359375,804.5782455429435
2026-07-20T04:12:53.398816+00:00,8741.0,34.0,98.6,45.0,2189.359375,804.9351856820285
2026-07-20T04:12:53.713455+00:00,8741.0,36.0,98.51,45.0,2189.359375,805.2498239018023
2026-07-20T04:12:54.002709+00:00,8741.0,35.0,98.68,45.0,2189.359375,805.5390731543303
2026-07-20T04:12:54.337195+00:00,8741.0,37.0,98.79,45.0,2189.359375,805.8735640160739
2026-07-20T04:12:54.651269+00:00,8741.0,36.0,99.21,45.0,2189.359375,806.187637206167
2026-07-20T04:12:54.983960+00:00,8741.0,36.0,98.98,45.0,2189.359375,806.520328592509
2026-07-20T04:12:55.316028+00:00,8741.0,35.0,98.59,45.0,2189.359375,806.8523971475661
2026-07-20T04:12:55.627010+00:00,8741.0,36.0,98.07,45.0,2189.359375,807.1633799634874
2026-07-20T04:12:55.937360+00:00,8741.0,36.0,97.96,45.0,2189.359375,807.4737302847207
2026-07-20T04:12:56.249750+00:00,8741.0,35.0,97.89,45.0,2189.359375,807.7861202210188
2026-07-20T04:12:56.555705+00:00,8741.0,35.0,97.93,45.0,2189.359375,808.0920751430094
2026-07-20T04:12:56.866535+00:00,8741.0,36.0,97.65,45.0,2189.359375,808.4029051661491
2026-07-20T04:12:57.175272+00:00,8741.0,36.0,97.9,45.0,2189.359375,808.7116428613663
2026-07-20T04:12:57.460347+00:00,8741.0,36.0,97.82,45.0,2189.359375,808.9967175424099
2026-07-20T04:12:57.744688+00:00,8741.0,36.0,97.87,45.0,2189.359375,809.2810591086745
2026-07-20T04:12:58.054541+00:00,8741.0,34.0,97.68,45.0,2189.359375,809.5909100882709
2026-07-20T04:12:58.383866+00:00,8741.0,35.0,97.88,45.0,2189.359375,809.9202352575958
2026-07-20T04:12:58.691551+00:00,8741.0,35.0,97.92,45.0,2189.359375,810.2279213406146
2026-07-20T04:12:58.998932+00:00,8741.0,36.0,98.08,45.0,2189.359375,810.5353023856878
2026-07-20T04:12:59.283252+00:00,8741.0,36.0,98.23,45.0,2189.359375,810.8196227774024
2026-07-20T04:12:59.590096+00:00,8741.0,35.0,98.4,45.0,2189.359375,811.1264662183821
2026-07-20T04:12:59.894138+00:00,8741.0,36.0,98.67,45.0,2189.359375,811.4305088743567
2026-07-20T04:13:00.201334+00:00,8741.0,37.0,98.54,45.0,2189.359375,811.7377036735415
2026-07-20T04:13:00.512039+00:00,8741.0,35.0,98.44,45.0,2189.359375,812.0484088137746
2026-07-20T04:13:00.818224+00:00,8741.0,36.0,98.35,45.0,2189.359375,812.3545933924615
2026-07-20T04:13:01.104098+00:00,8741.0,37.0,98.77,45.0,2189.359375,812.640467967838
2026-07-20T04:13:01.390218+00:00,8741.0,37.0,98.83,45.0,2189.359375,812.9265876896679
2026-07-20T04:13:01.675376+00:00,8741.0,36.0,98.82,45.0,2189.359375,813.2117467410862
2026-07-20T04:13:02.026045+00:00,8741.0,36.0,98.61,45.0,2189.359375,813.5624158717692
2026-07-20T04:13:02.311486+00:00,8741.0,36.0,98.78,45.0,2189.359375,813.847855720669
2026-07-20T04:13:02.644009+00:00,8741.0,35.0,98.71,45.0,2189.359375,814.1803787499666
2026-07-20T04:13:02.954097+00:00,8741.0,36.0,98.47,45.0,2189.359375,814.4904672168195
2026-07-20T04:13:03.261206+00:00,8741.0,36.0,98.13,45.0,2189.359375,814.7975769117475
2026-07-20T04:13:03.597174+00:00,8741.0,36.0,98.11,45.0,2189.359375,815.1335437037051
2026-07-20T04:13:03.883911+00:00,8741.0,36.0,98.44,45.0,2189.359375,815.4202811717987
2026-07-20T04:13:04.190647+00:00,8741.0,35.0,98.68,45.0,2189.359375,815.7270174473524
2026-07-20T04:13:04.475037+00:00,8741.0,36.0,98.72,45.0,2189.359375,816.0114076882601
2026-07-20T04:13:04.783781+00:00,8741.0,34.0,98.51,45.0,2189.359375,816.3201519660652
2026-07-20T04:13:05.107797+00:00,8741.0,36.0,98.26,45.0,2189.359375,816.644166700542
2026-07-20T04:13:05.415534+00:00,8741.0,36.0,98.87,45.0,2189.359375,816.9519040882587
2026-07-20T04:13:05.723128+00:00,8741.0,35.0,99.08,45.0,2189.359375,817.2594986408949
2026-07-20T04:13:06.073668+00:00,8741.0,35.0,98.94,45.0,2189.359375,817.6100383400917
2026-07-20T04:13:06.381797+00:00,8741.0,36.0,98.19,45.0,2189.359375,817.9181682989001
2026-07-20T04:13:06.713501+00:00,8741.0,36.0,98.28,45.0,2189.359375,818.2498718127608
2026-07-20T04:13:07.000351+00:00,8741.0,36.0,98.52,45.0,2189.359375,818.5367205888033
2026-07-20T04:13:07.286790+00:00,8741.0,36.0,98.88,45.0,2189.359375,818.8231599330902
2026-07-20T04:13:07.616948+00:00,8741.0,36.0,98.99,45.0,2189.359375,819.153318811208
2026-07-20T04:13:07.948762+00:00,8741.0,37.0,98.89,45.0,2189.359375,819.4851316772401
2026-07-20T04:13:08.263367+00:00,8741.0,35.0,98.29,45.0,2189.359375,819.79973584041
2026-07-20T04:13:08.575033+00:00,8741.0,35.0,98.35,45.0,2189.359375,820.1114020645618
2026-07-20T04:13:08.909213+00:00,8741.0,35.0,98.15,45.0,2189.359375,820.4455830343068
2026-07-20T04:13:09.222662+00:00,8741.0,36.0,98.43,45.0,2189.359375,820.7590311132371
2026-07-20T04:13:09.556876+00:00,8741.0,35.0,98.84,45.0,2189.359375,821.0932446680963
2026-07-20T04:13:09.870682+00:00,8741.0,36.0,98.95,45.0,2189.359375,821.407051127404
2026-07-20T04:13:10.181319+00:00,8741.0,35.0,99.19,45.0,2189.359375,821.7176877819002
2026-07-20T04:13:10.468146+00:00,8741.0,36.0,98.51,45.0,2189.359375,822.0045155361295
2026-07-20T04:13:10.775466+00:00,8741.0,36.0,98.64,45.0,2189.359375,822.3118367195129
2026-07-20T04:13:11.133180+00:00,8741.0,36.0,98.54,45.0,2189.359375,822.6695498898625
2026-07-20T04:13:11.420799+00:00,8741.0,36.0,98.53,45.0,2189.359375,822.9571687839925
2026-07-20T04:13:11.729543+00:00,8741.0,36.0,98.55,45.0,2189.359375,823.2659133113921
2026-07-20T04:13:12.014739+00:00,8741.0,37.0,98.59,45.0,2189.359375,823.551109880209
2026-07-20T04:13:12.322236+00:00,8741.0,36.0,99.15,45.0,2189.359375,823.858606621623
2026-07-20T04:13:12.607905+00:00,8741.0,36.0,99.32,45.0,2189.359375,824.1442756727338
2026-07-20T04:13:12.913326+00:00,8741.0,37.0,99.42,45.0,2189.359375,824.449696790427
2026-07-20T04:13:13.243183+00:00,8741.0,37.0,99.24,45.0,2189.37109375,824.7795524634421
2026-07-20T04:13:13.554389+00:00,8741.0,34.0,98.87,45.0,2189.37109375,825.090758819133
2026-07-20T04:13:13.863567+00:00,8741.0,37.0,98.8,45.0,2189.37109375,825.3999369442463
2026-07-20T04:13:14.170318+00:00,8741.0,36.0,99.15,45.0,2189.37109375,825.7066889591515
2026-07-20T04:13:14.454853+00:00,8741.0,37.0,99.29,45.0,2189.37109375,825.9912231937051
2026-07-20T04:13:14.758725+00:00,8741.0,36.0,99.1,45.0,2189.37109375,826.2950950860977
2026-07-20T04:13:15.045475+00:00,8741.0,36.0,98.92,45.0,2189.37109375,826.581845395267
2026-07-20T04:13:15.380151+00:00,8741.0,36.0,98.45,45.0,2189.37109375,826.9165208488703
2026-07-20T04:13:15.684303+00:00,8741.0,36.0,98.67,45.0,2189.37109375,827.2206725850701
2026-07-20T04:13:15.987050+00:00,8741.0,35.0,98.89,45.0,2189.37109375,827.5234207063913
2026-07-20T04:13:16.272830+00:00,8741.0,36.0,99.0,45.0,2189.37109375,827.8092008270323
2026-07-20T04:13:16.579223+00:00,8741.0,36.0,98.77,45.0,2189.37109375,828.115593072027
2026-07-20T04:13:16.864540+00:00,8741.0,37.0,98.52,45.0,2189.37109375,828.4009110108018
2026-07-20T04:13:17.166549+00:00,8741.0,36.0,98.46,45.0,2189.37109375,828.702919960022
2026-07-20T04:13:17.477125+00:00,8741.0,36.0,99.11,46.0,2189.37109375,829.0134934335947
2026-07-20T04:13:17.763581+00:00,8741.0,36.0,99.23,45.0,2189.37109375,829.2999516874552
2026-07-20T04:13:18.066269+00:00,8741.0,36.0,99.29,45.0,2189.37109375,829.6026400662959
2026-07-20T04:13:18.378238+00:00,8741.0,36.0,99.26,45.0,2189.37109375,829.9146072082222
2026-07-20T04:13:18.664921+00:00,8741.0,36.0,99.0,45.0,2189.37109375,830.2012913748622
2026-07-20T04:13:18.949861+00:00,8741.0,37.0,98.98,45.0,2189.37109375,830.4862317591906
2026-07-20T04:13:19.234723+00:00,8741.0,37.0,98.97,45.0,2189.37109375,830.7710942514241
2026-07-20T04:13:19.582736+00:00,8741.0,36.0,98.72,45.0,2189.37109375,831.1191061772406
2026-07-20T04:13:19.910213+00:00,8741.0,37.0,98.44,45.0,2189.37109375,831.4465827830136
2026-07-20T04:13:20.195603+00:00,8741.0,37.0,98.77,45.0,2189.375,831.7319739833474
2026-07-20T04:13:20.480667+00:00,8741.0,36.0,98.76,45.0,2189.375,832.0170372836292
2026-07-20T04:13:20.782528+00:00,8741.0,36.0,98.75,45.0,2189.375,832.3188989423215
2026-07-20T04:13:21.068486+00:00,8741.0,37.0,99.13,45.0,2189.375,832.6048561297357
2026-07-20T04:13:21.354332+00:00,8741.0,36.0,98.88,45.0,2189.375,832.890702240169
2026-07-20T04:13:21.711706+00:00,8741.0,36.0,98.92,45.0,2189.375,833.2480757497251
2026-07-20T04:13:21.998490+00:00,8741.0,36.0,99.06,45.0,2189.375,833.5348597764969
2026-07-20T04:13:22.324459+00:00,8741.0,37.0,98.97,45.0,2189.375,833.8608291633427
2026-07-20T04:13:22.656799+00:00,8741.0,36.0,99.26,45.0,2189.375,834.1931680478156
2026-07-20T04:13:22.967058+00:00,8741.0,34.0,98.88,45.0,2189.375,834.5034272819757
2026-07-20T04:13:23.307248+00:00,8741.0,34.0,98.88,45.0,2189.375,834.8436141833663
2026-07-20T04:13:23.614767+00:00,8741.0,35.0,98.93,45.0,2189.375,835.1511363834143
2026-07-20T04:13:23.968900+00:00,8741.0,36.0,98.85,45.0,2189.375,835.505269061774
2026-07-20T04:13:24.282171+00:00,8741.0,35.0,98.83,45.0,2189.375,835.8185402154922
2026-07-20T04:13:24.593643+00:00,8741.0,36.0,98.76,45.0,2189.37890625,836.1300120539963
2026-07-20T04:13:24.903499+00:00,8741.0,36.0,98.9,45.0,2189.37890625,836.4398696310818
2026-07-20T04:13:25.258056+00:00,8741.0,36.0,99.24,45.0,2189.37890625,836.7944256737828
2026-07-20T04:13:25.566600+00:00,8741.0,35.0,99.87,45.0,2189.37890625,837.1029696501791
2026-07-20T04:13:25.923408+00:00,8741.0,35.0,99.51,45.0,2189.37890625,837.4597775861621
2026-07-20T04:13:26.254884+00:00,8741.0,36.0,99.14,45.0,2189.37890625,837.7912541776896
2026-07-20T04:13:26.541537+00:00,8741.0,36.0,98.33,45.0,2189.37890625,838.0779066160321
2026-07-20T04:13:26.851622+00:00,8741.0,36.0,98.43,45.0,2189.38671875,838.3879924453795
2026-07-20T04:13:27.182209+00:00,8741.0,36.0,98.35,45.0,2189.38671875,838.7185790650547
2026-07-20T04:13:27.491608+00:00,8741.0,37.0,98.53,45.0,2189.38671875,839.0279779583216
2026-07-20T04:13:27.798966+00:00,8741.0,36.0,98.52,45.0,2189.390625,839.3353364244103
2026-07-20T04:13:28.153173+00:00,8741.0,33.0,99.07,45.0,2189.390625,839.6895416341722
2026-07-20T04:13:28.464410+00:00,8741.0,36.0,99.03,45.0,2189.39453125,840.0007795579731
2026-07-20T04:13:28.773729+00:00,8741.0,36.0,99.25,45.0,2189.39453125,840.3100999593735
2026-07-20T04:13:29.059950+00:00,8741.0,36.0,98.82,45.0,2189.3984375,840.5963200330734
2026-07-20T04:13:29.366175+00:00,8741.0,35.0,98.71,45.0,2189.3984375,840.9025452360511
2026-07-20T04:13:29.674576+00:00,8741.0,36.0,98.32,45.0,2189.3984375,841.2109449841082
2026-07-20T04:13:29.959797+00:00,8741.0,36.0,98.21,45.0,2189.40625,841.4961675740778
2026-07-20T04:13:30.291506+00:00,8741.0,36.0,98.16,45.0,2189.40625,841.8278758563101
2026-07-20T04:13:30.599440+00:00,8741.0,36.0,98.36,45.0,2189.40625,842.1358102820814
2026-07-20T04:13:30.935052+00:00,8741.0,36.0,98.17,45.0,2189.40625,842.4714221358299
2026-07-20T04:13:31.221600+00:00,8741.0,36.0,98.3,45.0,2189.40625,842.7579707540572
2026-07-20T04:13:31.529612+00:00,8741.0,37.0,98.63,45.0,2189.40625,843.0659801214933
2026-07-20T04:13:31.837067+00:00,8741.0,37.0,98.91,45.0,2189.40625,843.3734378181398
2026-07-20T04:13:32.122191+00:00,8741.0,36.0,99.0,45.0,2189.41015625,843.6585610732436
2026-07-20T04:13:32.409117+00:00,8741.0,36.0,98.95,45.0,2189.41015625,843.9454872868955
2026-07-20T04:13:32.715511+00:00,8741.0,37.0,99.0,45.0,2189.41015625,844.2518813982606
2026-07-20T04:13:33.028688+00:00,8741.0,37.0,99.37,45.0,2189.4140625,844.5650572702289
2026-07-20T04:13:33.337803+00:00,8741.0,36.0,99.4,45.0,2189.4140625,844.8741726949811
2026-07-20T04:13:33.646580+00:00,8741.0,37.0,99.21,45.0,2189.42578125,845.1829506978393
2026-07-20T04:13:33.933420+00:00,8741.0,37.0,98.97,45.0,2189.42578125,845.4697902649641
2026-07-20T04:13:34.219394+00:00,8741.0,37.0,99.01,45.0,2189.42578125,845.7557645775378
2026-07-20T04:13:34.551405+00:00,8741.0,36.0,99.19,45.0,2189.4296875,846.0877747684717
2026-07-20T04:13:34.838209+00:00,8741.0,37.0,99.21,45.0,2189.4296875,846.3745794333518
2026-07-20T04:13:35.124442+00:00,8741.0,37.0,99.06,45.0,2189.4296875,846.6608121208847
2026-07-20T04:13:35.410599+00:00,8741.0,37.0,99.1,45.0,2189.4296875,846.9469696730375
2026-07-20T04:13:35.696850+00:00,8741.0,36.0,99.08,45.0,2189.43359375,847.2332205548882
2026-07-20T04:13:36.005710+00:00,8741.0,37.0,99.59,45.0,2189.44140625,847.5420807115734
2026-07-20T04:13:36.313581+00:00,8741.0,36.0,99.47,45.0,2189.44140625,847.8499512560666
2026-07-20T04:13:36.643820+00:00,8741.0,35.0,98.86,45.0,2189.4453125,848.1801900938153
2026-07-20T04:13:36.957564+00:00,8741.0,35.0,97.93,45.0,2189.4453125,848.4939330853522
2026-07-20T04:13:37.294143+00:00,8741.0,36.0,97.76,45.0,2189.4453125,848.8305123522878
2026-07-20T04:13:37.605976+00:00,8741.0,37.0,97.82,45.0,2189.4453125,849.1423449292779
2026-07-20T04:13:37.919259+00:00,8741.0,35.0,98.03,45.0,2189.4453125,849.4556284323335
2026-07-20T04:13:38.228430+00:00,8741.0,37.0,98.11,45.0,2189.4453125,849.7647993527353
2026-07-20T04:13:38.566861+00:00,8741.0,36.0,98.09,45.0,2189.4453125,850.1032306179404
2026-07-20T04:13:38.904847+00:00,8741.0,35.0,98.14,45.0,2189.44921875,850.4412167109549
2026-07-20T04:13:39.239217+00:00,8741.0,37.0,98.48,45.0,2189.44921875,850.7755872868001
2026-07-20T04:13:39.550160+00:00,8741.0,36.0,99.03,46.0,2189.4609375,851.08652959764
2026-07-20T04:13:39.859340+00:00,8741.0,36.0,99.23,45.0,2189.4609375,851.3957108557224
2026-07-20T04:13:40.169712+00:00,8741.0,35.0,99.06,45.0,2189.4609375,851.7060820348561
2026-07-20T04:13:40.456570+00:00,8741.0,36.0,98.56,45.0,2189.46875,851.9929395839572
2026-07-20T04:13:40.768954+00:00,8741.0,36.0,98.46,45.0,2189.46875,852.3053241893649
2026-07-20T04:13:41.080573+00:00,8741.0,36.0,98.16,45.0,2189.46875,852.6169425174594
2026-07-20T04:13:41.394141+00:00,8741.0,35.0,98.18,45.0,2189.46875,852.9305104240775
2026-07-20T04:13:41.703425+00:00,8741.0,36.0,98.1,45.0,2189.4765625,853.2397951968014
2026-07-20T04:13:41.989512+00:00,8741.0,36.0,98.17,45.0,2189.4765625,853.5258825272322
2026-07-20T04:13:42.275229+00:00,8741.0,36.0,97.98,45.0,2189.4765625,853.8115995451808
2026-07-20T04:13:42.607239+00:00,8741.0,36.0,98.36,45.0,2189.484375,854.1436079926789
2026-07-20T04:13:42.963826+00:00,8741.0,36.0,98.31,45.0,2189.484375,854.5001957193017
2026-07-20T04:13:43.271567+00:00,8741.0,36.0,98.35,45.0,2189.48828125,854.8079356364906
2026-07-20T04:13:43.578986+00:00,8741.0,36.0,98.12,45.0,2189.48828125,855.1153567768633
2026-07-20T04:13:43.885146+00:00,8741.0,37.0,98.38,45.0,2189.4921875,855.421516854316
2026-07-20T04:13:44.170130+00:00,8741.0,36.0,98.67,45.0,2189.5,855.7065013609827
2026-07-20T04:13:44.455033+00:00,8741.0,36.0,98.61,45.0,2189.5,855.9914032332599
2026-07-20T04:13:44.766204+00:00,8741.0,37.0,98.44,45.0,2189.50390625,856.3025731407106
2026-07-20T04:13:45.084977+00:00,8741.0,36.0,98.64,45.0,2189.50390625,856.621347066015
2026-07-20T04:13:45.414242+00:00,8741.0,36.0,98.98,45.0,2189.51171875,856.9506117664278
2026-07-20T04:13:45.700351+00:00,8741.0,37.0,98.82,45.0,2189.51171875,857.2367211841047
2026-07-20T04:13:45.986118+00:00,8741.0,37.0,98.68,45.0,2189.51171875,857.5224882885814
2026-07-20T04:13:46.273695+00:00,8741.0,36.0,98.58,45.0,2189.515625,857.8100657686591
2026-07-20T04:13:46.581160+00:00,8741.0,36.0,98.77,45.0,2189.515625,858.117530412972
2026-07-20T04:13:46.866492+00:00,8741.0,37.0,99.01,45.0,2189.5234375,858.402862124145
2026-07-20T04:13:47.196920+00:00,8741.0,36.0,98.8,45.0,2189.53125,858.7332885935903
2026-07-20T04:13:47.508257+00:00,8741.0,36.0,98.71,45.0,2189.53125,859.044625993818
2026-07-20T04:13:47.815121+00:00,8741.0,37.0,98.9,45.0,2189.53515625,859.3514909222722
2026-07-20T04:13:48.100171+00:00,8741.0,37.0,98.98,45.0,2189.53515625,859.6365415714681
2026-07-20T04:13:48.384837+00:00,8741.0,36.0,99.19,45.0,2189.546875,859.9212076589465
2026-07-20T04:13:48.669886+00:00,8741.0,36.0,99.09,45.0,2189.546875,860.2062565349042
2026-07-20T04:13:48.955565+00:00,8741.0,37.0,99.02,45.0,2189.546875,860.4919361621141
2026-07-20T04:13:49.307151+00:00,8741.0,36.0,99.41,45.0,2189.5546875,860.8435202687979
2026-07-20T04:13:49.615272+00:00,8741.0,36.0,99.63,45.0,2189.5546875,861.1516419537365
2026-07-20T04:13:49.901896+00:00,8741.0,37.0,99.61,45.0,2189.5625,861.4382663108408
2026-07-20T04:13:50.187893+00:00,8741.0,37.0,99.38,45.0,2189.76171875,861.7242628708482
2026-07-20T04:13:50.473800+00:00,8741.0,36.0,99.61,46.0,2189.765625,862.010170865804
2026-07-20T04:13:50.783068+00:00,8741.0,36.0,99.5,45.0,2189.765625,862.3194383122027
2026-07-20T04:13:51.116194+00:00,8741.0,35.0,99.37,45.0,2189.765625,862.6525624059141
2026-07-20T04:13:51.448924+00:00,8741.0,35.0,98.5,45.0,2189.76953125,862.9852938987315
2026-07-20T04:13:51.809024+00:00,8741.0,35.0,98.17,45.0,2189.76953125,863.3453929722309
2026-07-20T04:13:52.144292+00:00,8741.0,36.0,97.84,45.0,2189.78515625,863.6806607693434
2026-07-20T04:13:52.509040+00:00,8741.0,35.0,98.0,45.0,2189.78515625,864.0454100221395
2026-07-20T04:13:52.803866+00:00,8741.0,36.0,97.89,45.0,2189.78515625,864.340234786272
2026-07-20T04:13:53.159742+00:00,8741.0,35.0,98.08,45.0,2189.7890625,864.6961113288999
2026-07-20T04:13:53.474666+00:00,8741.0,36.0,98.27,45.0,2189.7890625,865.0110349953175
2026-07-20T04:13:53.805200+00:00,8741.0,35.0,98.25,45.0,2189.8046875,865.3415694274008
2026-07-20T04:13:54.121632+00:00,8741.0,37.0,98.26,45.0,2189.8046875,865.6580008603632
2026-07-20T04:13:54.434002+00:00,8741.0,35.0,98.46,45.0,2189.8125,865.9703710116446
2026-07-20T04:13:54.746950+00:00,8741.0,35.0,98.77,45.0,2189.8125,866.2833185270429
2026-07-20T04:13:55.106322+00:00,8741.0,36.0,98.81,45.0,2189.8125,866.6426908001304
2026-07-20T04:13:55.424123+00:00,8741.0,36.0,98.81,45.0,2189.81640625,866.9604923129082
2026-07-20T04:13:55.760618+00:00,8741.0,33.0,98.52,45.0,2189.81640625,867.2969878390431
2026-07-20T04:13:56.096844+00:00,8741.0,34.0,98.44,45.0,2189.8203125,867.6332133188844
2026-07-20T04:13:56.456598+00:00,8741.0,36.0,97.76,45.0,2189.8203125,867.9929672591388
2026-07-20T04:13:56.770853+00:00,8741.0,37.0,98.54,46.0,2189.828125,868.3072221390903
2026-07-20T04:13:57.133261+00:00,8741.0,35.0,98.61,45.0,2189.828125,868.6696295812726
2026-07-20T04:13:57.446815+00:00,8741.0,36.0,98.85,45.0,2189.83203125,868.9831838421524
2026-07-20T04:13:57.759225+00:00,8741.0,37.0,97.93,45.0,2189.83984375,869.2955947294831
2026-07-20T04:13:58.089487+00:00,8741.0,35.0,98.36,45.0,2189.83984375,869.6258568242192
2026-07-20T04:13:58.444682+00:00,8741.0,35.0,98.28,45.0,2189.84765625,869.981051068753
2026-07-20T04:13:58.758162+00:00,8741.0,37.0,98.29,45.0,2189.84765625,870.2945309951901
2026-07-20T04:13:59.073874+00:00,8741.0,36.0,98.25,45.0,2189.86328125,870.6102424636483
2026-07-20T04:13:59.385711+00:00,8741.0,36.0,98.3,45.0,2189.86328125,870.9220811612904
2026-07-20T04:13:59.716638+00:00,8741.0,35.0,98.5,45.0,2189.8671875,871.2530068419874
2026-07-20T04:14:00.044618+00:00,8741.0,34.0,98.2,45.0,2189.87109375,871.5809872895479
2026-07-20T04:14:00.357977+00:00,8741.0,35.0,98.04,45.0,2189.87109375,871.8943462520838
2026-07-20T04:14:00.669844+00:00,8741.0,35.0,98.18,45.0,2189.8828125,872.2062133848667
2026-07-20T04:14:01.009065+00:00,8741.0,36.0,98.13,45.0,2189.8828125,872.5454340726137
2026-07-20T04:14:01.368421+00:00,8741.0,35.0,98.56,45.0,2189.890625,872.9047904871404
2026-07-20T04:14:01.682355+00:00,8741.0,35.0,98.56,45.0,2189.890625,873.2187247760594
2026-07-20T04:14:01.976937+00:00,8741.0,36.0,99.17,45.0,2189.89453125,873.5133053995669
2026-07-20T04:14:02.290549+00:00,8741.0,36.0,98.78,45.0,2189.90234375,873.8269187361002
2026-07-20T04:14:02.598725+00:00,8741.0,35.0,98.38,45.0,2189.90234375,874.1350945830345
2026-07-20T04:14:02.913598+00:00,8741.0,37.0,97.8,45.0,2189.90625,874.4499670229852
2026-07-20T04:14:03.225792+00:00,8741.0,35.0,98.4,45.0,2189.90625,874.7621612139046
2026-07-20T04:14:03.538898+00:00,8741.0,33.0,98.23,45.0,2189.91796875,875.0752674862742
2026-07-20T04:14:03.872236+00:00,8741.0,35.0,98.28,45.0,2189.91796875,875.4086054563522
2026-07-20T04:14:04.233278+00:00,8741.0,36.0,97.75,45.0,2189.921875,875.769647616893
2026-07-20T04:14:04.568590+00:00,8741.0,34.0,98.24,45.0,2189.92578125,876.1049592010677
2026-07-20T04:14:04.907704+00:00,8741.0,35.0,98.33,45.0,2190.0625,876.4440714009106
2026-07-20T04:14:05.244650+00:00,8741.0,36.0,98.07,45.0,2190.07421875,876.781019564718
2026-07-20T04:14:05.552474+00:00,8741.0,35.0,98.17,45.0,2190.078125,877.0888431482017
2026-07-20T04:14:05.866226+00:00,8741.0,36.0,98.69,45.0,2190.08984375,877.4025950022042
2026-07-20T04:14:06.182185+00:00,8741.0,35.0,98.7,45.0,2190.08984375,877.7185545451939
2026-07-20T04:14:06.545152+00:00,8741.0,36.0,98.36,45.0,2190.08984375,878.0815217122436
2026-07-20T04:14:06.859100+00:00,8741.0,35.0,97.86,45.0,2190.08984375,878.3954694122076
2026-07-20T04:14:07.170696+00:00,8741.0,34.0,97.92,45.0,2190.08984375,878.707065038383
2026-07-20T04:14:07.502027+00:00,8741.0,36.0,97.79,45.0,2190.1015625,879.0383959747851
2026-07-20T04:14:07.816970+00:00,8741.0,36.0,97.9,45.0,2190.1015625,879.3533391654491
2026-07-20T04:14:08.176546+00:00,8741.0,35.0,97.81,45.0,2190.11328125,879.7129146791995
2026-07-20T04:14:08.533067+00:00,8741.0,35.0,98.04,45.0,2190.11328125,880.0694367922843
2026-07-20T04:14:08.826559+00:00,8741.0,36.0,98.05,45.0,2190.11328125,880.3629284873605
2026-07-20T04:14:09.138817+00:00,8741.0,35.0,98.59,45.0,2190.12109375,880.6751858629286
2026-07-20T04:14:09.473664+00:00,8741.0,35.0,98.63,45.0,2190.12109375,881.0100312717259
2026-07-20T04:14:09.787505+00:00,8741.0,35.0,98.68,45.0,2190.12109375,881.3238750882447
2026-07-20T04:14:10.079510+00:00,8741.0,36.0,98.91,45.0,2190.12109375,881.6158779934049
2026-07-20T04:14:10.370358+00:00,8741.0,36.0,98.63,45.0,2190.12890625,881.9067271649837
2026-07-20T04:14:10.682206+00:00,8741.0,35.0,98.4,45.0,2190.12890625,882.2185757830739
2026-07-20T04:14:10.994744+00:00,8741.0,36.0,97.84,45.0,2190.12890625,882.5311134159565
2026-07-20T04:14:11.433313+00:00,8741.0,0.0,95.26,45.0,2190.140625,882.9696823321283
2026-07-20T04:14:11.765133+00:00,8741.0,36.0,95.69,45.0,2190.19921875,883.3014898449183
2026-07-20T04:14:12.101206+00:00,8741.0,33.0,95.97,45.0,2190.19921875,883.6375744603574
2026-07-20T04:14:12.414332+00:00,8741.0,37.0,99.02,45.0,2190.19921875,883.9507010094821
2026-07-20T04:14:12.730400+00:00,8741.0,35.0,99.12,45.0,2190.19921875,884.2667686231434
2026-07-20T04:14:13.042285+00:00,8741.0,37.0,99.43,45.0,2190.19921875,884.5786545537412
2026-07-20T04:14:13.400544+00:00,8741.0,36.0,99.71,45.0,2190.19921875,884.9369130656123
2026-07-20T04:14:13.713881+00:00,8741.0,35.0,99.71,45.0,2190.19921875,885.2502505481243
2026-07-20T04:14:14.024749+00:00,8741.0,36.0,99.5,45.0,2190.19921875,885.561118632555
2026-07-20T04:14:14.339847+00:00,8741.0,36.0,99.52,45.0,2190.19921875,885.8762162700295
2026-07-20T04:14:14.699730+00:00,8741.0,36.0,99.61,45.0,2190.19921875,886.2360980287194
2026-07-20T04:14:15.071411+00:00,8741.0,35.0,99.82,46.0,2190.19921875,886.6077810414135
2026-07-20T04:14:15.408972+00:00,8741.0,36.0,99.74,45.0,2190.19921875,886.9453415721655
2026-07-20T04:14:15.718363+00:00,8741.0,37.0,99.6,46.0,2190.19921875,887.2547321170568
2026-07-20T04:14:16.052793+00:00,8741.0,36.0,99.81,46.0,2190.19921875,887.5891619771719
2026-07-20T04:14:16.344452+00:00,8741.0,36.0,99.7,46.0,2190.19921875,887.8808215670288
2026-07-20T04:14:16.657623+00:00,8741.0,36.0,99.64,46.0,2190.19921875,888.1939929649234
2026-07-20T04:14:16.970667+00:00,8741.0,35.0,99.59,46.0,2190.19921875,888.5070361047983
2026-07-20T04:14:17.304722+00:00,8741.0,37.0,99.49,46.0,2190.19921875,888.8410918712616
2026-07-20T04:14:17.661370+00:00,8741.0,37.0,100.84,46.0,2190.19921875,889.1977386884391
2026-07-20T04:14:17.970542+00:00,8741.0,36.0,101.17,46.0,2190.19921875,889.506910905242
2026-07-20T04:14:18.282586+00:00,8741.0,37.0,101.56,46.0,2190.19921875,889.8189556859434
2026-07-20T04:14:18.594467+00:00,8741.0,36.0,101.59,46.0,2190.19921875,890.130836084485
2026-07-20T04:14:18.926354+00:00,8741.0,36.0,100.27,46.0,2190.2109375,890.4627234563231
2026-07-20T04:14:19.280998+00:00,8741.0,35.0,100.0,46.0,2190.2109375,890.8173670358956
2026-07-20T04:14:19.590649+00:00,8741.0,35.0,100.01,46.0,2190.2109375,891.1270185373724
2026-07-20T04:14:19.898063+00:00,8741.0,36.0,99.79,46.0,2190.2109375,891.4344322755933
2026-07-20T04:14:20.231619+00:00,8741.0,36.0,100.0,46.0,2190.2109375,891.7679886780679
2026-07-20T04:14:20.546280+00:00,8741.0,36.0,99.58,46.0,2190.2109375,892.0826497487724
2026-07-20T04:14:20.875918+00:00,8741.0,36.0,99.4,46.0,2190.2109375,892.4122877195477
2026-07-20T04:14:21.228980+00:00,8741.0,35.0,99.06,46.0,2190.2109375,892.7653489783406
2026-07-20T04:14:21.538914+00:00,8741.0,36.0,98.96,46.0,2190.2109375,893.07528372854
2026-07-20T04:14:21.851045+00:00,8741.0,37.0,99.09,46.0,2190.2109375,893.3874145112932
2026-07-20T04:14:22.184969+00:00,8741.0,36.0,99.21,46.0,2190.2109375,893.7213381901383
2026-07-20T04:14:22.516934+00:00,8741.0,35.0,99.3,46.0,2190.2109375,894.0533026978374
2026-07-20T04:14:22.831168+00:00,8741.0,36.0,99.18,46.0,2190.2109375,894.3675375916064
2026-07-20T04:14:23.138555+00:00,8741.0,37.0,99.17,46.0,2190.2109375,894.6749239899218
2026-07-20T04:14:23.476464+00:00,8741.0,0.0,95.29,45.0,2190.2109375,895.0128322020173
2026-07-20T04:14:24.108910+00:00,8741.0,0.0,89.18,45.0,2190.984375,895.6452787667513
2026-07-20T04:14:24.426942+00:00,8741.0,4.0,84.92,45.0,2601.73046875,895.9633114337921
2026-07-20T04:14:24.738057+00:00,8741.0,10.0,85.06,45.0,3953.48046875,896.2744268551469
2026-07-20T04:14:25.147361+00:00,8741.0,8.0,85.15,45.0,2190.984375,896.6837306916714
2026-07-20T04:14:25.494227+00:00,8741.0,35.0,90.04,45.0,2190.984375,897.0305961035192
2026-07-20T04:14:25.807360+00:00,8741.0,36.0,94.38,45.0,2190.984375,897.3437288291752
2026-07-20T04:14:26.141007+00:00,8741.0,36.0,98.76,45.0,2190.984375,897.6773759685457
2026-07-20T04:14:26.468665+00:00,8741.0,36.0,99.04,45.0,2190.984375,898.0050350055099
2026-07-20T04:14:26.783941+00:00,8741.0,36.0,99.0,45.0,2190.984375,898.320310626179
2026-07-20T04:14:27.074330+00:00,8741.0,36.0,99.07,45.0,2190.984375,898.6106990016997
2026-07-20T04:14:27.386446+00:00,8741.0,35.0,99.51,45.0,2190.984375,898.9228153117001
2026-07-20T04:14:27.697195+00:00,8741.0,36.0,99.57,45.0,2190.984375,899.2335633598268
2026-07-20T04:14:28.011908+00:00,8741.0,34.0,99.66,45.0,2190.984375,899.5482763685286
2026-07-20T04:14:28.348115+00:00,8741.0,35.0,98.9,45.0,2190.984375,899.8844840228558
2026-07-20T04:14:28.642288+00:00,8741.0,35.0,98.93,45.0,2190.984375,900.1786572150886
2026-07-20T04:14:28.950036+00:00,8741.0,36.0,98.79,45.0,2190.984375,900.4864055998623
2026-07-20T04:14:29.304558+00:00,8741.0,35.0,99.07,45.0,2190.984375,900.8409275338054
2026-07-20T04:14:29.661593+00:00,8741.0,36.0,99.35,45.0,2190.984375,901.1979616619647
2026-07-20T04:14:29.981726+00:00,8741.0,36.0,99.32,45.0,2190.984375,901.5180951058865
2026-07-20T04:14:30.289427+00:00,8741.0,37.0,98.95,45.0,2190.984375,901.8257952481508
2026-07-20T04:14:30.601131+00:00,8741.0,35.0,98.7,45.0,2190.984375,902.1375005207956
2026-07-20T04:14:30.956082+00:00,8741.0,35.0,99.01,45.0,2190.984375,902.4924514405429
2026-07-20T04:14:31.270482+00:00,8741.0,36.0,99.17,45.0,2190.984375,902.8068512938917
2026-07-20T04:14:31.600453+00:00,8741.0,32.0,99.9,45.0,2190.984375,903.1368226222694
2026-07-20T04:14:31.935278+00:00,8741.0,35.0,99.73,45.0,2190.984375,903.4716471210122
2026-07-20T04:14:32.292660+00:00,8741.0,36.0,99.87,45.0,2190.984375,903.829029507935
2026-07-20T04:14:32.648671+00:00,8741.0,35.0,99.18,45.0,2190.984375,904.1850406713784
2026-07-20T04:14:32.962992+00:00,8741.0,34.0,99.29,45.0,2190.984375,904.4993606060743
2026-07-20T04:14:33.301130+00:00,8741.0,35.0,99.25,45.0,2190.984375,904.8374991416931
2026-07-20T04:14:33.636320+00:00,8741.0,36.0,99.88,45.0,2190.984375,905.1726888343692
2026-07-20T04:14:33.992564+00:00,8741.0,34.0,100.07,45.0,2190.984375,905.5289329588413
2026-07-20T04:14:34.306071+00:00,8741.0,35.0,99.8,46.0,2190.984375,905.8424400873482
2026-07-20T04:14:34.640841+00:00,8741.0,36.0,99.38,45.0,2190.984375,906.1772102080286
2026-07-20T04:14:34.972913+00:00,8741.0,35.0,99.75,46.0,2190.984375,906.5092826038599
2026-07-20T04:14:35.286700+00:00,8741.0,35.0,99.61,46.0,2190.984375,906.8230689354241
2026-07-20T04:14:35.598067+00:00,8741.0,36.0,99.64,46.0,2190.984375,907.1344366148114
2026-07-20T04:14:35.931000+00:00,8741.0,37.0,99.64,46.0,2190.984375,907.4673692472279
2026-07-20T04:14:36.237892+00:00,8741.0,34.0,99.07,46.0,2190.984375,907.7742615379393
2026-07-20T04:14:36.548217+00:00,8741.0,36.0,98.91,46.0,2190.984375,908.0845867842436
2026-07-20T04:14:36.835598+00:00,8741.0,36.0,99.1,46.0,2190.984375,908.3719680979848
2026-07-20T04:14:37.123803+00:00,8741.0,37.0,99.03,46.0,2190.984375,908.6601739935577
2026-07-20T04:14:37.452966+00:00,8741.0,37.0,99.71,46.0,2190.984375,908.9893363751471
2026-07-20T04:14:37.761692+00:00,8741.0,37.0,99.87,46.0,2190.984375,909.2980598658323
2026-07-20T04:14:38.073735+00:00,8741.0,36.0,99.53,46.0,2190.984375,909.610104624182
2026-07-20T04:14:38.381313+00:00,8741.0,36.0,99.7,46.0,2190.984375,909.9176829755306
2026-07-20T04:14:38.691497+00:00,8741.0,37.0,99.52,46.0,2190.984375,910.2278671041131
2026-07-20T04:14:38.978117+00:00,8741.0,37.0,100.62,46.0,2190.984375,910.5144873000681
2026-07-20T04:14:39.309850+00:00,8741.0,36.0,100.48,46.0,2190.984375,910.8462207056582
2026-07-20T04:14:39.595638+00:00,8741.0,36.0,100.63,46.0,2190.984375,911.1320082955062
2026-07-20T04:14:39.901121+00:00,8741.0,37.0,99.89,46.0,2190.984375,911.4374915622175
2026-07-20T04:14:40.229304+00:00,8741.0,37.0,99.98,46.0,2190.984375,911.765673559159
2026-07-20T04:14:40.516523+00:00,8741.0,37.0,100.0,46.0,2190.984375,912.05289272964
2026-07-20T04:14:40.849441+00:00,8741.0,36.0,99.99,46.0,2190.984375,912.3858108669519
2026-07-20T04:14:41.136689+00:00,8741.0,36.0,99.86,46.0,2190.984375,912.6730589978397
2026-07-20T04:14:41.423433+00:00,8741.0,37.0,99.9,46.0,2190.984375,912.9598028473556
2026-07-20T04:14:41.709346+00:00,8741.0,36.0,99.89,46.0,2190.984375,913.2457166947424
2026-07-20T04:14:42.018324+00:00,8741.0,36.0,100.11,46.0,2190.984375,913.5546949096024
2026-07-20T04:14:42.325100+00:00,8741.0,37.0,100.25,46.0,2190.984375,913.861470554024
2026-07-20T04:14:42.659195+00:00,8741.0,37.0,100.55,46.0,2190.984375,914.1955649107695
2026-07-20T04:14:42.970458+00:00,8741.0,35.0,99.96,46.0,2190.984375,914.5068274922669
2026-07-20T04:14:43.301855+00:00,8741.0,36.0,99.71,46.0,2190.984375,914.8382244743407
2026-07-20T04:14:43.588625+00:00,8741.0,36.0,99.09,46.0,2190.984375,915.1249956823885
2026-07-20T04:14:43.874453+00:00,8741.0,36.0,99.28,46.0,2190.984375,915.4108236804605
2026-07-20T04:14:44.160177+00:00,8741.0,36.0,99.93,46.0,2190.984375,915.6965472735465
2026-07-20T04:14:44.445990+00:00,8741.0,35.0,100.02,46.0,2190.984375,915.9823598079383
2026-07-20T04:14:44.775652+00:00,8741.0,35.0,99.57,46.0,2190.984375,916.3120216056705
2026-07-20T04:14:45.067490+00:00,8741.0,36.0,98.99,46.0,2190.984375,916.6038592755795
2026-07-20T04:14:45.375201+00:00,8741.0,36.0,98.61,46.0,2190.984375,916.9115712270141
2026-07-20T04:14:45.685161+00:00,8741.0,36.0,98.93,46.0,2190.984375,917.2215317301452
2026-07-20T04:14:45.995585+00:00,8741.0,36.0,99.1,46.0,2190.984375,917.531954832375
2026-07-20T04:14:46.303975+00:00,8741.0,36.0,99.52,46.0,2190.984375,917.8403448015451
2026-07-20T04:14:46.590615+00:00,8741.0,36.0,99.71,46.0,2190.984375,918.12698584795
2026-07-20T04:14:46.901501+00:00,8741.0,36.0,100.15,46.0,2190.984375,918.4378706514835
2026-07-20T04:14:47.211819+00:00,8741.0,37.0,100.12,46.0,2190.984375,918.7481894083321
2026-07-20T04:14:47.498316+00:00,8741.0,36.0,99.93,46.0,2190.984375,919.034687384963
2026-07-20T04:14:47.810917+00:00,8741.0,36.0,99.83,46.0,2190.984375,919.3472866639495
2026-07-20T04:14:48.126238+00:00,8741.0,35.0,99.24,46.0,2190.984375,919.6626068875194
2026-07-20T04:14:48.456827+00:00,8741.0,37.0,99.14,46.0,2190.984375,919.9931955859065
2026-07-20T04:14:48.770083+00:00,8741.0,35.0,99.6,46.0,2190.984375,920.3064517788589
2026-07-20T04:14:49.082674+00:00,8741.0,34.0,99.5,46.0,2190.984375,920.6190438605845
2026-07-20T04:14:49.417171+00:00,8741.0,35.0,99.57,46.0,2190.984375,920.9535407274961
2026-07-20T04:14:49.730747+00:00,8741.0,36.0,99.3,46.0,2190.984375,921.2671160660684
2026-07-20T04:14:50.077312+00:00,8741.0,36.0,99.25,46.0,2190.984375,921.6136809326708
2026-07-20T04:14:50.410613+00:00,8741.0,36.0,99.52,46.0,2190.984375,921.9469828531146
2026-07-20T04:14:50.767305+00:00,8741.0,32.0,99.33,46.0,2190.984375,922.3036756142974
2026-07-20T04:14:51.124005+00:00,8741.0,35.0,100.09,46.0,2190.984375,922.660374160856
2026-07-20T04:14:51.457868+00:00,8741.0,36.0,99.85,46.0,2190.984375,922.9942381456494
2026-07-20T04:14:51.767691+00:00,8741.0,36.0,99.93,46.0,2190.984375,923.3040615841746
2026-07-20T04:14:52.075966+00:00,8741.0,37.0,99.42,46.0,2190.984375,923.6123360991478
2026-07-20T04:14:52.413000+00:00,8741.0,34.0,99.52,46.0,2190.984375,923.9493698962033
2026-07-20T04:14:52.723620+00:00,8741.0,37.0,99.52,46.0,2190.984375,924.2599904499948
2026-07-20T04:14:53.079352+00:00,8741.0,36.0,99.5,46.0,2190.984375,924.6157217286527
2026-07-20T04:14:53.391425+00:00,8741.0,37.0,99.77,46.0,2190.984375,924.9277940131724
2026-07-20T04:14:53.701195+00:00,8741.0,37.0,99.72,46.0,2190.984375,925.2375658527017
2026-07-20T04:14:54.009881+00:00,8741.0,36.0,99.77,46.0,2190.984375,925.5462518595159
2026-07-20T04:14:54.318865+00:00,8741.0,36.0,99.85,46.0,2190.984375,925.8552356921136
2026-07-20T04:14:54.605634+00:00,8741.0,37.0,100.15,46.0,2190.984375,926.1420046277344
2026-07-20T04:14:54.911233+00:00,8741.0,36.0,100.69,46.0,2190.984375,926.4476031661034
2026-07-20T04:14:55.240164+00:00,8741.0,34.0,100.59,46.0,2190.984375,926.7765334583819
2026-07-20T04:14:55.551232+00:00,8741.0,37.0,100.01,46.0,2190.984375,927.08760144189
2026-07-20T04:14:55.838236+00:00,8741.0,37.0,99.38,46.0,2190.984375,927.3746062256396
2026-07-20T04:14:56.162541+00:00,8741.0,36.0,99.26,46.0,2190.984375,927.6989117190242
2026-07-20T04:14:56.490026+00:00,8741.0,36.0,99.39,46.0,2190.984375,928.0263973660767
2026-07-20T04:14:56.776115+00:00,8741.0,36.0,99.57,46.0,2190.984375,928.3124862834811
2026-07-20T04:14:57.061999+00:00,8741.0,37.0,100.21,46.0,2190.984375,928.5983697995543
2026-07-20T04:14:57.371948+00:00,8741.0,35.0,100.44,46.0,2190.984375,928.9083177559078
2026-07-20T04:14:57.678878+00:00,8741.0,36.0,100.27,46.0,2190.984375,929.2152483612299
2026-07-20T04:14:57.985003+00:00,8741.0,37.0,100.01,46.0,2190.984375,929.5213739052415
2026-07-20T04:14:58.271789+00:00,8741.0,36.0,99.24,46.0,2190.984375,929.8081595301628
2026-07-20T04:14:58.578178+00:00,8741.0,36.0,99.11,46.0,2190.984375,930.114548061043
2026-07-20T04:14:58.887634+00:00,8741.0,36.0,99.17,46.0,2190.984375,930.4240039475262
2026-07-20T04:14:59.193407+00:00,8741.0,36.0,99.07,46.0,2190.984375,930.7297775521874
2026-07-20T04:14:59.503735+00:00,8741.0,36.0,99.31,46.0,2190.984375,931.0401057302952
2026-07-20T04:14:59.790836+00:00,8741.0,36.0,99.5,46.0,2190.984375,931.327206838876
2026-07-20T04:15:00.082866+00:00,8741.0,37.0,99.64,46.0,2190.984375,931.6192361600697
2026-07-20T04:15:00.392184+00:00,8741.0,36.0,100.28,46.0,2190.984375,931.9285542331636
2026-07-20T04:15:00.678703+00:00,8741.0,36.0,100.22,46.0,2190.984375,932.2150731310248
2026-07-20T04:15:00.986982+00:00,8741.0,36.0,100.06,46.0,2190.984375,932.5233529284596
2026-07-20T04:15:01.274101+00:00,8741.0,36.0,99.59,46.0,2190.984375,932.8104713447392
2026-07-20T04:15:01.604135+00:00,8741.0,35.0,99.35,46.0,2190.984375,933.1405048966408
2026-07-20T04:15:01.915700+00:00,8741.0,36.0,99.23,46.0,2190.984375,933.4520703032613
2026-07-20T04:15:02.240096+00:00,8741.0,37.0,99.32,46.0,2190.984375,933.7764655351639
2026-07-20T04:15:02.553630+00:00,8741.0,35.0,99.49,46.0,2190.984375,934.0899990461767
2026-07-20T04:15:02.866692+00:00,8741.0,36.0,99.31,46.0,2190.984375,934.4030609764159
2026-07-20T04:15:03.182230+00:00,8741.0,35.0,99.55,46.0,2190.984375,934.7185990475118
2026-07-20T04:15:03.491141+00:00,8741.0,36.0,99.54,46.0,2190.984375,935.0275109857321
2026-07-20T04:15:03.806662+00:00,8741.0,35.0,99.22,46.0,2190.984375,935.3430313281715
2026-07-20T04:15:04.160383+00:00,8741.0,34.0,99.2,46.0,2190.984375,935.6967516802251
2026-07-20T04:15:04.473673+00:00,8741.0,36.0,98.97,46.0,2190.984375,936.0100424736738
2026-07-20T04:15:04.802575+00:00,8741.0,36.0,99.47,46.0,2190.984375,936.3389450609684
2026-07-20T04:15:05.153550+00:00,8741.0,37.0,99.56,46.0,2190.984375,936.6899198032916
2026-07-20T04:15:05.463767+00:00,8741.0,36.0,100.27,46.0,2190.984375,937.0001369342208
2026-07-20T04:15:05.750940+00:00,8741.0,36.0,100.22,46.0,2190.984375,937.2873098440468
2026-07-20T04:15:06.060906+00:00,8741.0,36.0,100.17,46.0,2190.984375,937.5972760207951
2026-07-20T04:15:06.366731+00:00,8741.0,36.0,99.37,46.0,2190.984375,937.903100322932
2026-07-20T04:15:06.654861+00:00,8741.0,37.0,99.49,46.0,2190.984375,938.1912316903472
2026-07-20T04:15:06.958632+00:00,8741.0,37.0,99.4,46.0,2190.984375,938.4950022548437
2026-07-20T04:15:07.245120+00:00,8741.0,36.0,99.65,46.0,2190.984375,938.7814904302359
2026-07-20T04:15:07.531160+00:00,8741.0,36.0,99.56,46.0,2190.984375,939.0675306878984
2026-07-20T04:15:07.818854+00:00,8741.0,37.0,99.65,46.0,2190.984375,939.355224519968
2026-07-20T04:15:08.128518+00:00,8741.0,36.0,99.44,46.0,2190.984375,939.6648877672851
2026-07-20T04:15:08.439299+00:00,8741.0,36.0,99.78,46.0,2190.984375,939.9756691269577
2026-07-20T04:15:08.772764+00:00,8741.0,36.0,99.69,46.0,2190.984375,940.3091323040426
2026-07-20T04:15:09.085159+00:00,8741.0,33.0,100.18,46.0,2190.984375,940.62152871117
2026-07-20T04:15:09.372458+00:00,8741.0,36.0,99.87,46.0,2190.984375,940.9088281206787
2026-07-20T04:15:09.682746+00:00,8741.0,36.0,99.66,46.0,2190.984375,941.2191163860261
2026-07-20T04:15:10.010901+00:00,8741.0,36.0,99.08,46.0,2190.984375,941.5472718961537
2026-07-20T04:15:10.299343+00:00,8741.0,36.0,99.23,46.0,2190.984375,941.8357138037682
2026-07-20T04:15:10.586659+00:00,8741.0,36.0,99.59,46.0,2190.984375,942.1230293996632
2026-07-20T04:15:10.872820+00:00,8741.0,36.0,99.57,46.0,2190.984375,942.409190453589
2026-07-20T04:15:11.182398+00:00,8741.0,36.0,99.7,46.0,2190.984375,942.7187678702176
2026-07-20T04:15:11.469011+00:00,8741.0,36.0,99.59,46.0,2190.984375,943.0053809061646
2026-07-20T04:15:11.754810+00:00,8741.0,37.0,99.59,46.0,2190.984375,943.2911806367338
2026-07-20T04:15:12.040521+00:00,8741.0,37.0,99.78,46.0,2190.984375,943.5768920108676
2026-07-20T04:15:12.328686+00:00,8741.0,35.0,99.71,46.0,2190.984375,943.865055616945
2026-07-20T04:15:12.661648+00:00,8741.0,36.0,100.27,46.0,2190.984375,944.1980185322464
2026-07-20T04:15:12.948355+00:00,8741.0,36.0,100.22,46.0,2190.984375,944.4847257770598
2026-07-20T04:15:13.234393+00:00,8741.0,36.0,100.37,46.0,2190.984375,944.7707630954683
2026-07-20T04:15:13.520415+00:00,8741.0,37.0,99.79,46.0,2190.984375,945.0567854419351
2026-07-20T04:15:13.826723+00:00,8741.0,36.0,99.64,46.0,2190.984375,945.3630934767425
2026-07-20T04:15:14.112734+00:00,8741.0,36.0,99.39,46.0,2190.984375,945.6491048894823
2026-07-20T04:15:14.426528+00:00,8741.0,35.0,99.36,46.0,2190.984375,945.9628979861736
2026-07-20T04:15:14.758433+00:00,8741.0,36.0,99.29,46.0,2190.984375,946.2948028072715
2026-07-20T04:15:15.070077+00:00,8741.0,36.0,99.18,46.0,2190.984375,946.606446955353
2026-07-20T04:15:15.357145+00:00,8741.0,37.0,99.29,46.0,2190.984375,946.8935159891844
2026-07-20T04:15:15.660606+00:00,8741.0,37.0,99.73,46.0,2190.984375,947.1969768404961
2026-07-20T04:15:15.947490+00:00,8741.0,36.0,100.58,46.0,2190.984375,947.4838607423007
2026-07-20T04:15:16.235009+00:00,8741.0,36.0,101.13,46.0,2190.984375,947.7713790908456
2026-07-20T04:15:16.546925+00:00,8741.0,35.0,100.54,46.0,2190.984375,948.0832939334214
2026-07-20T04:15:16.884603+00:00,8741.0,35.0,99.6,46.0,2190.984375,948.420972071588
2026-07-20T04:15:17.194385+00:00,8741.0,35.0,99.12,46.0,2190.984375,948.730754584074
2026-07-20T04:15:17.528957+00:00,8741.0,36.0,98.93,46.0,2190.984375,949.065326847136
2026-07-20T04:15:17.844006+00:00,8741.0,36.0,98.94,46.0,2190.984375,949.380374647677
2026-07-20T04:15:18.158446+00:00,8741.0,34.0,98.87,46.0,2190.984375,949.6948157474399
2026-07-20T04:15:18.492220+00:00,8741.0,35.0,99.5,46.0,2190.984375,950.0285887606442
2026-07-20T04:15:18.783985+00:00,8741.0,35.0,99.38,46.0,2190.984375,950.3203540891409
2026-07-20T04:15:19.096099+00:00,8741.0,36.0,99.45,46.0,2190.984375,950.6324687674642
2026-07-20T04:15:19.406709+00:00,8741.0,37.0,99.12,46.0,2190.984375,950.9430799596012
2026-07-20T04:15:19.718482+00:00,8741.0,33.0,99.27,46.0,2190.984375,951.2548517398536
2026-07-20T04:15:20.006106+00:00,8741.0,36.0,99.54,46.0,2190.984375,951.5424756109715
2026-07-20T04:15:20.317258+00:00,8741.0,37.0,99.52,46.0,2190.984375,951.8536280542612
2026-07-20T04:15:20.628193+00:00,8741.0,36.0,99.54,46.0,2190.984375,952.1645633801818
2026-07-20T04:15:20.962563+00:00,8741.0,35.0,99.55,46.0,2190.984375,952.4989330619574
2026-07-20T04:15:21.250304+00:00,8741.0,36.0,99.61,46.0,2190.984375,952.7866731844842
2026-07-20T04:15:21.536982+00:00,8741.0,36.0,99.57,46.0,2190.984375,953.0733521766961
2026-07-20T04:15:21.823173+00:00,8741.0,36.0,99.65,46.0,2190.984375,953.3595437593758
2026-07-20T04:15:22.130568+00:00,8741.0,37.0,99.6,46.0,2190.984375,953.6669378727674
2026-07-20T04:15:22.416570+00:00,8741.0,36.0,100.31,46.0,2190.984375,953.9529401920736
2026-07-20T04:15:22.749741+00:00,8741.0,37.0,100.2,46.0,2190.984375,954.2861112654209
2026-07-20T04:15:23.082708+00:00,8741.0,36.0,100.13,46.0,2190.984375,954.6190766468644
2026-07-20T04:15:23.370099+00:00,8741.0,36.0,99.31,46.0,2190.984375,954.9064697884023
2026-07-20T04:15:23.657579+00:00,8741.0,36.0,99.31,46.0,2190.984375,955.1939497739077
2026-07-20T04:15:23.967083+00:00,8741.0,36.0,99.52,46.0,2190.984375,955.5034536011517
2026-07-20T04:15:24.277443+00:00,8741.0,37.0,99.67,46.0,2190.984375,955.8138132095337
2026-07-20T04:15:24.590437+00:00,8741.0,34.0,99.47,46.0,2190.984375,956.1268055699766
2026-07-20T04:15:24.922510+00:00,8741.0,31.0,99.05,46.0,2190.984375,956.4588785767555
2026-07-20T04:15:25.232225+00:00,8741.0,36.0,98.97,46.0,2190.984375,956.7685940600932
2026-07-20T04:15:25.520155+00:00,8741.0,37.0,98.98,46.0,2190.984375,957.0565244406462
2026-07-20T04:15:25.850862+00:00,8741.0,37.0,98.82,46.0,2190.984375,957.3872320540249
2026-07-20T04:15:26.156753+00:00,8741.0,35.0,100.12,46.0,2190.984375,957.6931211836636
2026-07-20T04:15:26.466320+00:00,8741.0,35.0,100.4,46.0,2190.984375,958.0026894211769
2026-07-20T04:15:26.773829+00:00,8741.0,36.0,100.45,46.0,2190.984375,958.310199379921
2026-07-20T04:15:27.103812+00:00,8741.0,37.0,99.63,46.0,2190.984375,958.6401811912656
2026-07-20T04:15:27.416124+00:00,8741.0,36.0,99.43,46.0,2190.984375,958.95249389112
2026-07-20T04:15:27.725994+00:00,8741.0,37.0,99.47,46.0,2190.984375,959.2623633220792
2026-07-20T04:15:28.031000+00:00,8741.0,37.0,99.33,46.0,2190.984375,959.5673703923821
2026-07-20T04:15:28.339431+00:00,8741.0,36.0,99.56,46.0,2190.984375,959.8758014254272
2026-07-20T04:15:28.648261+00:00,8741.0,36.0,99.66,46.0,2190.984375,960.1846309676766
2026-07-20T04:15:28.936270+00:00,8741.0,37.0,99.88,46.0,2190.984375,960.4726403392851
2026-07-20T04:15:29.263609+00:00,8741.0,35.0,100.23,46.0,2190.984375,960.7999784164131
2026-07-20T04:15:29.552277+00:00,8741.0,36.0,100.15,46.0,2190.984375,961.0886462181807
2026-07-20T04:15:29.862914+00:00,8741.0,36.0,99.99,46.0,2190.984375,961.3992833681405
2026-07-20T04:15:30.171330+00:00,8741.0,37.0,99.91,46.0,2190.984375,961.7076985165477
2026-07-20T04:15:30.482962+00:00,8741.0,36.0,99.89,46.0,2190.984375,962.0193323232234
2026-07-20T04:15:30.835106+00:00,8741.0,36.0,100.14,46.0,2190.984375,962.3714755289257
2026-07-20T04:15:31.150593+00:00,8741.0,37.0,100.17,46.0,2190.984375,962.6869623400271
2026-07-20T04:15:31.466985+00:00,8741.0,35.0,100.77,46.0,2190.984375,963.0033541060984
2026-07-20T04:15:31.782971+00:00,8741.0,35.0,100.41,46.0,2190.984375,963.3193404972553
2026-07-20T04:15:32.098434+00:00,8741.0,35.0,100.13,46.0,2190.984375,963.6348032876849
2026-07-20T04:15:32.460611+00:00,8741.0,35.0,99.12,46.0,2190.984375,963.9969798624516
2026-07-20T04:15:32.778666+00:00,8741.0,35.0,99.06,46.0,2190.984375,964.3150358423591
2026-07-20T04:15:33.070413+00:00,8741.0,37.0,99.31,46.0,2190.984375,964.6067819520831
2026-07-20T04:15:33.363910+00:00,8741.0,35.0,99.37,46.0,2190.984375,964.9002784863114
2026-07-20T04:15:33.677460+00:00,8741.0,36.0,99.45,46.0,2190.984375,965.2138290293515
2026-07-20T04:15:33.987818+00:00,8741.0,36.0,99.8,46.0,2190.984375,965.5241868495941
2026-07-20T04:15:34.275609+00:00,8741.0,36.0,99.45,46.0,2190.984375,965.8119801841676
2026-07-20T04:15:34.585121+00:00,8741.0,36.0,99.65,46.0,2190.984375,966.1214907728136
2026-07-20T04:15:34.916595+00:00,8741.0,35.0,99.75,46.0,2190.984375,966.452964246273
2026-07-20T04:15:35.227281+00:00,8741.0,36.0,99.68,46.0,2190.984375,966.7636512964964
2026-07-20T04:15:35.535835+00:00,8741.0,36.0,99.64,46.0,2190.984375,967.0722046978772
2026-07-20T04:15:35.870192+00:00,8741.0,36.0,99.56,46.0,2190.984375,967.4065608121455
2026-07-20T04:15:36.159322+00:00,8741.0,36.0,99.76,46.0,2190.984375,967.6956925839186
2026-07-20T04:15:36.490361+00:00,8741.0,36.0,99.82,46.0,2190.984375,968.026730183512
2026-07-20T04:15:36.801912+00:00,8741.0,37.0,99.68,46.0,2190.984375,968.3382823765278
2026-07-20T04:15:37.107011+00:00,8741.0,36.0,99.44,46.0,2190.984375,968.6433815844357
2026-07-20T04:15:37.415198+00:00,8741.0,36.0,100.17,46.0,2190.984375,968.9515669047832
2026-07-20T04:15:37.768047+00:00,8741.0,35.0,100.21,46.0,2190.984375,969.304416552186
2026-07-20T04:15:38.076160+00:00,8741.0,36.0,100.22,46.0,2190.984375,969.612528603524
2026-07-20T04:15:38.364217+00:00,8741.0,36.0,99.57,46.0,2190.984375,969.900587759912
2026-07-20T04:15:38.697263+00:00,8741.0,36.0,99.46,46.0,2190.984375,970.233633428812
2026-07-20T04:15:39.002686+00:00,8741.0,36.0,99.5,46.0,2190.984375,970.5390562005341
2026-07-20T04:15:39.334301+00:00,8741.0,37.0,99.48,46.0,2190.984375,970.870671659708
2026-07-20T04:15:39.643127+00:00,8741.0,37.0,99.72,46.0,2190.984375,971.1794972494245
2026-07-20T04:15:39.952745+00:00,8741.0,35.0,99.85,46.0,2190.984375,971.4891141802073
2026-07-20T04:15:40.265281+00:00,8741.0,36.0,100.31,46.0,2190.984375,971.8016500659287
2026-07-20T04:15:40.574852+00:00,8741.0,36.0,99.93,46.0,2190.984375,972.1112225279212
2026-07-20T04:15:40.883100+00:00,8741.0,36.0,100.01,46.0,2190.984375,972.4194694086909
2026-07-20T04:15:41.214647+00:00,8741.0,36.0,99.46,46.0,2190.984375,972.7510177083313
2026-07-20T04:15:41.501621+00:00,8741.0,36.0,99.71,46.0,2190.984375,973.0379909053445
2026-07-20T04:15:41.835565+00:00,8741.0,34.0,99.4,46.0,2190.984375,973.3719345331192
2026-07-20T04:15:42.148705+00:00,8741.0,36.0,99.25,46.0,2190.984375,973.6850749775767
2026-07-20T04:15:42.459323+00:00,8741.0,36.0,99.82,46.0,2190.984375,973.9956933036447
2026-07-20T04:15:42.746591+00:00,8741.0,35.0,99.92,46.0,2190.984375,974.2829622365534
2026-07-20T04:15:43.032768+00:00,8741.0,36.0,100.14,46.0,2190.984375,974.5691381320357
2026-07-20T04:15:43.365368+00:00,8741.0,36.0,99.42,46.0,2190.984375,974.901738781482
2026-07-20T04:15:43.670210+00:00,8741.0,37.0,99.52,46.0,2190.984375,975.2065802551806
2026-07-20T04:15:44.017655+00:00,8741.0,36.0,99.96,46.0,2190.984375,975.554025515914
2026-07-20T04:15:44.327437+00:00,8741.0,36.0,100.14,46.0,2190.984375,975.8638066202402
2026-07-20T04:15:44.614630+00:00,8741.0,36.0,100.11,46.0,2190.984375,976.1510010659695
2026-07-20T04:15:44.921102+00:00,8741.0,37.0,100.18,46.0,2190.984375,976.457472935319
2026-07-20T04:15:45.279292+00:00,8741.0,35.0,99.37,46.0,2190.984375,976.8156621679664
2026-07-20T04:15:45.639884+00:00,8741.0,34.0,99.32,46.0,2190.98828125,977.1762530170381
2026-07-20T04:15:45.976176+00:00,8741.0,37.0,99.59,46.0,2190.98828125,977.5125457122922
2026-07-20T04:15:46.304219+00:00,8741.0,32.0,99.21,46.0,2190.98828125,977.8405879177153
2026-07-20T04:15:46.634026+00:00,8741.0,36.0,99.23,46.0,2190.98828125,978.170394603163
2026-07-20T04:15:46.942277+00:00,8741.0,35.0,99.12,46.0,2190.98828125,978.4786456748843
2026-07-20T04:15:47.258340+00:00,8741.0,36.0,98.89,46.0,2190.98828125,978.7947093211114
2026-07-20T04:15:47.574459+00:00,8741.0,35.0,99.03,46.0,2190.98828125,979.1108280569315
2026-07-20T04:15:47.890287+00:00,8741.0,34.0,99.24,46.0,2190.98828125,979.4266560599208
2026-07-20T04:15:48.203003+00:00,8741.0,37.0,99.27,46.0,2190.98828125,979.739372946322
2026-07-20T04:15:48.556487+00:00,8741.0,35.0,99.34,46.0,2190.98828125,980.0928571633995
2026-07-20T04:15:48.870002+00:00,8741.0,35.0,99.14,46.0,2190.98828125,980.4063719920814
2026-07-20T04:15:49.224694+00:00,8741.0,37.0,99.48,46.0,2190.98828125,980.761062528938
2026-07-20T04:15:49.534683+00:00,8741.0,36.0,99.38,46.0,2190.98828125,981.0710520558059
2026-07-20T04:15:49.889019+00:00,8741.0,37.0,99.5,46.0,2190.98828125,981.4253878965974
2026-07-20T04:15:50.205289+00:00,8741.0,34.0,99.21,46.0,2190.98828125,981.7416584976017
2026-07-20T04:15:50.518961+00:00,8741.0,33.0,99.21,46.0,2190.98828125,982.0553299114108
2026-07-20T04:15:50.830753+00:00,8741.0,37.0,99.21,46.0,2190.98828125,982.3671222366393
2026-07-20T04:15:51.188305+00:00,8741.0,35.0,99.31,46.0,2190.98828125,982.7246730737388
2026-07-20T04:15:51.502577+00:00,8741.0,35.0,99.55,46.0,2190.98828125,983.0389465503395
2026-07-20T04:15:51.833147+00:00,8741.0,36.0,99.39,46.0,2190.98828125,983.3695158548653
2026-07-20T04:15:52.146947+00:00,8741.0,35.0,99.22,46.0,2190.98828125,983.683315847069
2026-07-20T04:15:52.506073+00:00,8741.0,35.0,98.81,46.0,2190.98828125,984.0424413383007
2026-07-20T04:15:52.822106+00:00,8741.0,36.0,99.11,46.0,2190.98828125,984.3584735319018
2026-07-20T04:15:53.141197+00:00,8741.0,37.0,99.19,46.0,2190.98828125,984.6775657311082
2026-07-20T04:15:53.454105+00:00,8741.0,34.0,99.15,46.0,2190.98828125,984.9904746823013
2026-07-20T04:15:53.766015+00:00,8741.0,35.0,98.85,46.0,2190.98828125,985.3023842722178
2026-07-20T04:15:54.125032+00:00,8741.0,36.0,98.96,46.0,2190.98828125,985.6614008657634
2026-07-20T04:15:54.484887+00:00,8741.0,35.0,100.48,46.0,2190.98828125,986.0212560780346
2026-07-20T04:15:54.798860+00:00,8741.0,36.0,100.56,46.0,2190.98828125,986.3352292664349
2026-07-20T04:15:55.111614+00:00,8741.0,35.0,100.55,46.0,2190.98828125,986.6479836255312
2026-07-20T04:15:55.447953+00:00,8741.0,35.0,98.93,46.0,2190.98828125,986.9843225628138
2026-07-20T04:15:55.762019+00:00,8741.0,36.0,99.1,46.0,2190.98828125,987.2983878143132
2026-07-20T04:15:56.077298+00:00,8741.0,35.0,99.18,46.0,2190.98828125,987.6136668808758
2026-07-20T04:15:56.390409+00:00,8741.0,36.0,99.32,46.0,2190.98828125,987.9267783984542
2026-07-20T04:15:56.729228+00:00,8741.0,35.0,99.18,46.0,2190.98828125,988.2655972838402
2026-07-20T04:15:57.069137+00:00,8741.0,34.0,98.91,46.0,2190.98828125,988.6055063381791
2026-07-20T04:15:57.382711+00:00,8741.0,35.0,98.47,46.0,2190.98828125,988.9190807379782
2026-07-20T04:15:57.698540+00:00,8741.0,35.0,98.34,46.0,2190.98828125,989.2349084727466
2026-07-20T04:15:58.018583+00:00,8741.0,37.0,98.32,46.0,2190.98828125,989.5549526624382
2026-07-20T04:15:58.334215+00:00,8741.0,36.0,98.06,46.0,2190.98828125,989.8705842532218
2026-07-20T04:15:58.673972+00:00,8741.0,36.0,98.58,46.0,2190.98828125,990.2103409841657
2026-07-20T04:15:59.032655+00:00,8741.0,35.0,98.49,46.0,2190.98828125,990.5690236389637
2026-07-20T04:15:59.345854+00:00,8741.0,35.0,98.79,46.0,2190.98828125,990.8822216875851
2026-07-20T04:15:59.699603+00:00,8741.0,34.0,98.33,46.0,2190.98828125,991.2359722517431
2026-07-20T04:16:00.044704+00:00,8741.0,37.0,98.3,46.0,2190.98828125,991.5810723379254
2026-07-20T04:16:00.384562+00:00,8741.0,35.0,98.59,46.0,2190.98828125,991.9209309257567
2026-07-20T04:16:00.701034+00:00,8741.0,36.0,98.41,46.0,2190.98828125,992.2374012880027
2026-07-20T04:16:01.060298+00:00,8741.0,35.0,98.4,46.0,2190.98828125,992.596666328609
2026-07-20T04:16:01.374422+00:00,8741.0,35.0,98.17,46.0,2190.98828125,992.910791631788
2026-07-20T04:16:01.737529+00:00,8741.0,35.0,98.35,46.0,2190.98828125,993.2738980799913
2026-07-20T04:16:02.046275+00:00,8741.0,37.0,98.29,46.0,2190.98828125,993.5826435126364
2026-07-20T04:16:02.360394+00:00,8741.0,36.0,98.48,46.0,2190.98828125,993.8967631757259
2026-07-20T04:16:02.696301+00:00,8741.0,36.0,98.2,46.0,2190.98828125,994.2326701804996
2026-07-20T04:16:03.049063+00:00,8741.0,35.0,98.68,46.0,2190.98828125,994.5854320451617
2026-07-20T04:16:03.361819+00:00,8741.0,35.0,98.37,46.0,2190.98828125,994.8981873318553
2026-07-20T04:16:03.697081+00:00,8741.0,35.0,98.31,46.0,2190.98828125,995.2334506735206
2026-07-20T04:16:04.010077+00:00,8741.0,34.0,98.01,46.0,2190.98828125,995.5464464277029
2026-07-20T04:16:04.318323+00:00,8741.0,36.0,97.98,46.0,2190.98828125,995.8546919189394
2026-07-20T04:16:04.630633+00:00,8741.0,35.0,98.19,46.0,2190.98828125,996.1670018136501
2026-07-20T04:16:04.942649+00:00,8741.0,37.0,98.62,46.0,2190.98828125,996.4790179133415
2026-07-20T04:16:05.254211+00:00,8741.0,35.0,98.62,46.0,2190.98828125,996.7905788980424
2026-07-20T04:16:05.570267+00:00,8741.0,35.0,98.52,46.0,2190.98828125,997.1066353395581
2026-07-20T04:16:05.886521+00:00,8741.0,36.0,98.52,46.0,2190.98828125,997.4228900484741
2026-07-20T04:16:06.224881+00:00,8741.0,36.0,98.44,46.0,2190.98828125,997.7612497769296
2026-07-20T04:16:06.534963+00:00,8741.0,35.0,98.46,46.0,2190.98828125,998.0713331513107
2026-07-20T04:16:06.827362+00:00,8741.0,36.0,98.74,46.0,2190.98828125,998.3637303300202
2026-07-20T04:16:07.160874+00:00,8741.0,36.0,98.58,46.0,2190.98828125,998.6972426958382
2026-07-20T04:16:07.521002+00:00,8741.0,35.0,98.57,46.0,2190.98828125,999.0573708713055
2026-07-20T04:16:07.839033+00:00,8741.0,35.0,98.16,46.0,2190.98828125,999.375402007252
2026-07-20T04:16:08.150608+00:00,8741.0,35.0,98.14,46.0,2190.98828125,999.6869731508195
2026-07-20T04:16:08.484800+00:00,8741.0,37.0,98.35,46.0,2190.98828125,1000.0211698673666
2026-07-20T04:16:08.802965+00:00,8741.0,35.0,98.38,46.0,2190.98828125,1000.3393316157162
2026-07-20T04:16:09.118466+00:00,8741.0,35.0,98.52,46.0,2190.98828125,1000.6548353172839
2026-07-20T04:16:09.434259+00:00,8741.0,35.0,99.02,46.0,2190.98828125,1000.9706279300153
2026-07-20T04:16:09.750851+00:00,8741.0,35.0,98.82,46.0,2190.98828125,1001.2872200869024
2026-07-20T04:16:10.066019+00:00,8741.0,34.0,98.47,46.0,2190.98828125,1001.6023879162967
2026-07-20T04:16:10.403812+00:00,8741.0,35.0,97.6,46.0,2190.98828125,1001.9401809684932
2026-07-20T04:16:10.697385+00:00,8741.0,36.0,97.67,46.0,2190.98828125,1002.2337538637221
2026-07-20T04:16:11.033861+00:00,8741.0,36.0,97.78,46.0,2190.98828125,1002.5702295936644
2026-07-20T04:16:11.346400+00:00,8741.0,35.0,97.94,46.0,2190.98828125,1002.8827689103782
2026-07-20T04:16:11.666610+00:00,8741.0,34.0,95.72,45.0,2190.98828125,1003.2029784843326
2026-07-20T04:16:11.979038+00:00,8741.0,37.0,95.75,45.0,2190.98828125,1003.5154069177806
2026-07-20T04:16:12.294565+00:00,8741.0,36.0,95.67,45.0,2190.98828125,1003.8309330530465
2026-07-20T04:16:12.610852+00:00,8741.0,37.0,98.23,46.0,2190.98828125,1004.1472209952772
2026-07-20T04:16:12.926716+00:00,8741.0,36.0,98.57,46.0,2190.98828125,1004.4630835913122
2026-07-20T04:16:13.241480+00:00,8741.0,36.0,98.57,46.0,2190.98828125,1004.7778498344123
2026-07-20T04:16:13.555489+00:00,8741.0,37.0,98.41,46.0,2190.98828125,1005.0918581299484
2026-07-20T04:16:13.920395+00:00,8741.0,34.0,98.21,46.0,2190.98828125,1005.4567642584443
2026-07-20T04:16:14.233936+00:00,8741.0,36.0,98.68,46.0,2190.98828125,1005.77030524984
2026-07-20T04:16:14.547955+00:00,8741.0,34.0,98.67,46.0,2190.98828125,1006.0843239463866
2026-07-20T04:16:14.888624+00:00,8741.0,36.0,98.55,46.0,2190.98828125,1006.4249933250248
2026-07-20T04:16:15.202052+00:00,8741.0,37.0,98.42,46.0,2190.98828125,1006.73842125386
2026-07-20T04:16:15.536663+00:00,8741.0,36.0,98.48,46.0,2190.98828125,1007.0730320960283
2026-07-20T04:16:15.872825+00:00,8741.0,37.0,99.07,46.0,2190.98828125,1007.409194458276
2026-07-20T04:16:16.186772+00:00,8741.0,36.0,99.25,46.0,2190.98828125,1007.7231414318085
2026-07-20T04:16:16.502584+00:00,8741.0,37.0,99.21,46.0,2190.98828125,1008.0389536768198
2026-07-20T04:16:16.814022+00:00,8741.0,35.0,99.27,46.0,2190.98828125,1008.3503909111023
2026-07-20T04:16:17.129450+00:00,8741.0,36.0,98.84,46.0,2190.98828125,1008.6658194847405
2026-07-20T04:16:17.488153+00:00,8741.0,36.0,98.62,46.0,2190.98828125,1009.0245232731104
2026-07-20T04:16:17.828915+00:00,8741.0,34.0,97.85,46.0,2190.98828125,1009.3652839772403
2026-07-20T04:16:18.165244+00:00,8741.0,35.0,98.51,46.0,2190.98828125,1009.701613098383
2026-07-20T04:16:18.500408+00:00,8741.0,36.0,98.58,46.0,2190.98828125,1010.0367776341736
2026-07-20T04:16:18.836401+00:00,8741.0,34.0,98.53,46.0,2190.98828125,1010.3727696016431
2026-07-20T04:16:19.149216+00:00,8741.0,36.0,98.0,46.0,2190.98828125,1010.6855855584145
2026-07-20T04:16:19.467233+00:00,8741.0,34.0,98.03,46.0,2190.98828125,1011.0036026760936
2026-07-20T04:16:19.778715+00:00,8741.0,36.0,98.21,46.0,2190.98828125,1011.3150837942958
2026-07-20T04:16:20.099933+00:00,8741.0,35.0,98.37,46.0,2190.98828125,1011.6363021470606
2026-07-20T04:16:20.460745+00:00,8741.0,34.0,98.08,46.0,2190.98828125,1011.9971138574183
2026-07-20T04:16:20.820789+00:00,8741.0,35.0,98.23,46.0,2190.98828125,1012.3571582064033
2026-07-20T04:16:21.134891+00:00,8741.0,37.0,98.07,46.0,2190.98828125,1012.6712601520121
2026-07-20T04:16:21.472864+00:00,8741.0,35.0,98.27,46.0,2190.98828125,1013.0092336051166
2026-07-20T04:16:21.808624+00:00,8741.0,35.0,98.61,46.0,2190.98828125,1013.3449927270412
2026-07-20T04:16:22.172695+00:00,8741.0,35.0,98.3,46.0,2190.98828125,1013.7090643532574
2026-07-20T04:16:22.465127+00:00,8741.0,35.0,98.28,46.0,2190.98828125,1014.0014956891537
2026-07-20T04:16:22.784157+00:00,8741.0,35.0,97.99,46.0,2190.98828125,1014.3205257207155
2026-07-20T04:16:23.100941+00:00,8741.0,34.0,98.11,46.0,2190.98828125,1014.6373100690544
2026-07-20T04:16:23.436702+00:00,8741.0,36.0,98.46,46.0,2190.98828125,1014.9730710424483
2026-07-20T04:16:23.772404+00:00,8741.0,35.0,98.77,46.0,2190.98828125,1015.3087722174823
2026-07-20T04:16:24.086143+00:00,8741.0,33.0,98.91,46.0,2191.0,1015.6225111111999
2026-07-20T04:16:24.450078+00:00,8741.0,36.0,98.4,46.0,2191.0,1015.9864464141428
2026-07-20T04:16:24.769013+00:00,8741.0,36.0,97.81,46.0,2191.0,1016.3053807169199
2026-07-20T04:16:25.091898+00:00,8741.0,36.0,98.1,46.0,2191.0,1016.6282673329115
2026-07-20T04:16:25.405958+00:00,8741.0,36.0,98.28,46.0,2191.0,1016.942326810211
2026-07-20T04:16:25.744856+00:00,8741.0,35.0,98.13,46.0,2191.0,1017.2812245301902
2026-07-20T04:16:26.062858+00:00,8741.0,37.0,98.19,46.0,2191.0,1017.5992269739509
2026-07-20T04:16:26.400486+00:00,8741.0,23.0,96.52,45.0,2191.0,1017.9368551261723
2026-07-20T04:16:26.714341+00:00,8741.0,35.0,96.7,45.0,2191.0,1018.2507107630372
2026-07-20T04:16:27.029755+00:00,8741.0,35.0,96.76,45.0,2191.0,1018.5661235637963
2026-07-20T04:16:27.342061+00:00,8741.0,35.0,98.03,46.0,2191.0,1018.8784302733839
2026-07-20T04:16:27.657888+00:00,8741.0,36.0,98.28,46.0,2191.0,1019.1942572109401
2026-07-20T04:16:27.975018+00:00,8741.0,34.0,98.07,46.0,2191.0,1019.5113871358335
2026-07-20T04:16:28.312672+00:00,8741.0,36.0,98.26,46.0,2191.0,1019.849041249603
2026-07-20T04:16:28.648293+00:00,8741.0,36.0,98.55,46.0,2191.0,1020.1846623197198
2026-07-20T04:16:28.962587+00:00,8741.0,36.0,98.86,46.0,2191.0,1020.4989567101002
2026-07-20T04:16:29.274406+00:00,8741.0,34.0,98.84,46.0,2191.0,1020.8107749000192
2026-07-20T04:16:29.590610+00:00,8741.0,35.0,98.74,46.0,2191.0,1021.1269788220525
2026-07-20T04:16:29.884587+00:00,8741.0,36.0,99.11,46.0,2191.0,1021.4209566228092
2026-07-20T04:16:30.195600+00:00,8741.0,37.0,99.09,46.0,2191.0,1021.7319703474641
2026-07-20T04:16:30.507210+00:00,8741.0,37.0,99.29,46.0,2191.0,1022.0435809195042
2026-07-20T04:16:30.821070+00:00,8741.0,36.0,99.32,46.0,2191.0,1022.3574400320649
2026-07-20T04:16:31.155040+00:00,8741.0,36.0,99.1,46.0,2191.0,1022.6913989372551
2026-07-20T04:16:31.443820+00:00,8741.0,36.0,99.29,46.0,2191.0,1022.9801902398467
2026-07-20T04:16:31.753401+00:00,8741.0,36.0,99.12,46.0,2191.0,1023.2897711060941
2026-07-20T04:16:32.063231+00:00,8741.0,35.0,99.51,46.0,2191.0,1023.5996011160314
2026-07-20T04:16:32.371564+00:00,8741.0,36.0,99.07,46.0,2191.0,1023.9079349115491
2026-07-20T04:16:32.659277+00:00,8741.0,36.0,98.83,46.0,2191.0,1024.1956477761269
2026-07-20T04:16:33.019012+00:00,8741.0,35.0,98.01,46.0,2191.0,1024.5553818680346
2026-07-20T04:16:33.356928+00:00,8741.0,36.0,98.16,46.0,2191.0,1024.8932964205742
2026-07-20T04:16:33.648868+00:00,8741.0,36.0,97.91,46.0,2191.0,1025.1852381303906
2026-07-20T04:16:33.959395+00:00,8741.0,36.0,97.99,46.0,2191.0,1025.495765529573
2026-07-20T04:16:34.247120+00:00,8741.0,36.0,98.22,46.0,2191.0,1025.7834907621145
2026-07-20T04:16:34.554843+00:00,8741.0,36.0,98.54,46.0,2191.0,1026.0912137404084
2026-07-20T04:16:34.889335+00:00,8741.0,37.0,98.9,46.0,2191.0,1026.425705049187
2026-07-20T04:16:35.200616+00:00,8741.0,36.0,98.83,46.0,2191.0,1026.7369859032333
2026-07-20T04:16:35.489752+00:00,8741.0,36.0,98.68,46.0,2191.0,1027.0261218361557
2026-07-20T04:16:35.799295+00:00,8741.0,36.0,98.74,46.0,2191.0,1027.3356657512486
2026-07-20T04:16:36.112271+00:00,8741.0,36.0,98.93,46.0,2191.0,1027.648641012609
2026-07-20T04:16:36.420997+00:00,8741.0,36.0,99.01,46.0,2191.0,1027.9573664553463
2026-07-20T04:16:36.735897+00:00,8741.0,36.0,98.89,46.0,2191.0,1028.2722666077316
2026-07-20T04:16:37.025536+00:00,8741.0,36.0,98.82,46.0,2191.0,1028.5619059838355
2026-07-20T04:16:37.354627+00:00,8741.0,37.0,98.59,46.0,2191.0,1028.8909965716302
2026-07-20T04:16:37.643901+00:00,8741.0,36.0,98.69,46.0,2191.0,1029.1802719384432
2026-07-20T04:16:37.931683+00:00,8741.0,36.0,98.83,46.0,2191.0,1029.468054331839
2026-07-20T04:16:38.246195+00:00,8741.0,36.0,99.06,46.0,2191.0,1029.7825642190874
2026-07-20T04:16:38.558397+00:00,8741.0,36.0,98.97,46.0,2191.0,1030.094767421484
2026-07-20T04:16:38.847377+00:00,8741.0,37.0,98.97,46.0,2191.0,1030.383747689426
2026-07-20T04:16:39.136810+00:00,8741.0,36.0,98.94,46.0,2191.0,1030.6731807030737
2026-07-20T04:16:39.426031+00:00,8741.0,34.0,99.11,46.0,2191.0,1030.9624004550278
2026-07-20T04:16:39.737588+00:00,8741.0,36.0,99.06,46.0,2191.0,1031.2739579193294
2026-07-20T04:16:40.069516+00:00,8741.0,36.0,98.79,46.0,2191.0,1031.605886593461
2026-07-20T04:16:40.382751+00:00,8741.0,36.0,98.24,46.0,2191.0,1031.919120837003
2026-07-20T04:16:40.671438+00:00,8741.0,36.0,98.26,46.0,2191.0,1032.2078080102801
2026-07-20T04:16:40.959823+00:00,8741.0,36.0,98.33,46.0,2191.0,1032.496193177998
2026-07-20T04:16:41.270083+00:00,8741.0,36.0,98.31,46.0,2191.0,1032.8064532987773
2026-07-20T04:16:41.580340+00:00,8741.0,35.0,98.24,46.0,2191.0,1033.1167107224464
2026-07-20T04:16:41.935368+00:00,8741.0,36.0,98.21,46.0,2191.0,1033.4717379510403
2026-07-20T04:16:42.227331+00:00,8741.0,34.0,98.36,46.0,2191.0,1033.7636998668313
2026-07-20T04:16:42.546529+00:00,8741.0,36.0,98.32,46.0,2191.0,1034.0828979350626
2026-07-20T04:16:42.860618+00:00,8741.0,35.0,98.63,46.0,2191.0,1034.396987453103
2026-07-20T04:16:43.174238+00:00,8741.0,35.0,98.45,46.0,2191.0,1034.7106071673334
2026-07-20T04:16:43.490887+00:00,8741.0,36.0,98.39,46.0,2191.0,1035.027255564928
2026-07-20T04:16:43.806869+00:00,8741.0,34.0,97.83,46.0,2191.0,1035.3432379253209
2026-07-20T04:16:44.164618+00:00,8741.0,34.0,97.92,46.0,2191.0,1035.7009870707989
2026-07-20T04:16:44.476662+00:00,8741.0,35.0,97.97,45.0,2191.0,1036.0130316130817
2026-07-20T04:16:44.787956+00:00,8741.0,36.0,97.98,46.0,2191.0,1036.3243256509304
2026-07-20T04:16:45.080728+00:00,8741.0,36.0,98.16,46.0,2191.0,1036.6170981302857
2026-07-20T04:16:45.370424+00:00,8741.0,36.0,98.14,46.0,2191.0,1036.9067939519882
2026-07-20T04:16:45.658930+00:00,8741.0,36.0,98.36,46.0,2191.0,1037.1953006200492
2026-07-20T04:16:45.972782+00:00,8741.0,36.0,98.22,46.0,2191.0,1037.5091515742242
2026-07-20T04:16:46.284817+00:00,8741.0,36.0,98.54,46.0,2191.0,1037.8211868591607
2026-07-20T04:16:46.595746+00:00,8741.0,36.0,98.45,46.0,2191.0,1038.1321153081954
2026-07-20T04:16:46.910688+00:00,8741.0,36.0,98.47,46.0,2191.0,1038.4470578357577
2026-07-20T04:16:47.238941+00:00,8741.0,36.0,98.06,46.0,2191.0,1038.7753104381263
2026-07-20T04:16:47.531338+00:00,8741.0,34.0,97.89,45.0,2191.0,1039.067707773298
2026-07-20T04:16:47.843249+00:00,8741.0,36.0,98.01,45.0,2191.0,1039.3796186447144
2026-07-20T04:16:48.155951+00:00,8741.0,36.0,97.95,46.0,2191.0,1039.6923206858337
2026-07-20T04:16:48.467256+00:00,8741.0,36.0,98.93,46.0,2191.0,1040.003626294434
2026-07-20T04:16:48.756145+00:00,8741.0,36.0,98.97,46.0,2191.0,1040.2925160564482
2026-07-20T04:16:49.067073+00:00,8741.0,35.0,99.25,46.0,2191.0,1040.6034434475005
2026-07-20T04:16:49.354713+00:00,8741.0,36.0,98.9,45.0,2191.0,1040.8910836577415
2026-07-20T04:16:49.662844+00:00,8741.0,35.0,98.51,46.0,2191.0,1041.1992142871022
2026-07-20T04:16:50.018447+00:00,8741.0,36.0,98.12,46.0,2191.0,1041.5548169240355
2026-07-20T04:16:50.330293+00:00,8741.0,36.0,98.29,46.0,2191.0,1041.8666635267437
2026-07-20T04:16:50.639962+00:00,8741.0,36.0,98.65,46.0,2191.0,1042.1763321459293
2026-07-20T04:16:50.948455+00:00,8741.0,36.0,98.72,46.0,2191.0,1042.4848253428936
2026-07-20T04:16:51.257948+00:00,8741.0,36.0,98.57,46.0,2191.0,1042.7943184562027
2026-07-20T04:16:51.567703+00:00,8741.0,37.0,99.02,46.0,2191.0,1043.1040729284286
2026-07-20T04:16:51.856087+00:00,8741.0,36.0,99.11,46.0,2191.0,1043.3924574926496
2026-07-20T04:16:52.170668+00:00,8741.0,36.0,98.67,46.0,2191.0,1043.7070376574993
2026-07-20T04:16:52.460590+00:00,8741.0,35.0,98.27,45.0,2191.0,1043.9969600699842
2026-07-20T04:16:52.748965+00:00,8741.0,36.0,98.04,45.0,2191.0,1044.2853358238935
2026-07-20T04:16:53.036319+00:00,8741.0,35.0,98.28,45.0,2191.0,1044.5726894252002
2026-07-20T04:16:53.346641+00:00,8741.0,36.0,98.33,45.0,2191.0,1044.8830110952258
2026-07-20T04:16:53.677460+00:00,8741.0,36.0,98.96,46.0,2191.0,1045.2138300575316
2026-07-20T04:16:53.985434+00:00,8741.0,36.0,99.07,46.0,2191.0,1045.521804921329
2026-07-20T04:16:54.296837+00:00,8741.0,35.0,99.12,46.0,2191.0,1045.8332066982985
2026-07-20T04:16:54.606952+00:00,8741.0,36.0,98.82,46.0,2191.0,1046.1433224715292
2026-07-20T04:16:54.895277+00:00,8741.0,36.0,98.94,46.0,2191.0,1046.431647207588
2026-07-20T04:16:55.184398+00:00,8741.0,36.0,98.75,46.0,2191.0,1046.720768224448
2026-07-20T04:16:55.472016+00:00,8741.0,36.0,98.48,46.0,2191.0,1047.008386284113
2026-07-20T04:16:55.760015+00:00,8741.0,36.0,98.67,46.0,2191.0,1047.2963860668242
2026-07-20T04:16:56.093985+00:00,8741.0,35.0,98.97,46.0,2191.0,1047.630355000496
2026-07-20T04:16:56.428577+00:00,8741.0,35.0,98.76,46.0,2191.0,1047.9649464413524
2026-07-20T04:16:56.764450+00:00,8741.0,35.0,98.7,46.0,2191.0,1048.3008191771805
2026-07-20T04:16:57.104644+00:00,8741.0,37.0,98.22,45.0,2191.0,1048.641012094915
2026-07-20T04:16:57.413768+00:00,8741.0,36.0,98.99,46.0,2191.0,1048.9501369670033
2026-07-20T04:16:57.752882+00:00,8741.0,34.0,98.54,45.0,2191.0,1049.2892510592937
2026-07-20T04:16:58.066198+00:00,8741.0,34.0,98.45,46.0,2191.0,1049.6025673523545
2026-07-20T04:16:58.384691+00:00,8741.0,36.0,97.89,46.0,2191.0,1049.921060487628
2026-07-20T04:16:58.698181+00:00,8741.0,34.0,97.83,45.0,2191.0,1050.2345491200686
2026-07-20T04:16:59.012074+00:00,8741.0,36.0,98.21,46.0,2191.0,1050.548443928361
2026-07-20T04:16:59.321615+00:00,8741.0,35.0,98.24,46.0,2191.0,1050.8579857125878
2026-07-20T04:16:59.610140+00:00,8741.0,36.0,98.36,46.0,2191.0,1051.146510221064
2026-07-20T04:16:59.899356+00:00,8741.0,36.0,98.74,46.0,2191.0,1051.4357267841697
2026-07-20T04:17:00.188038+00:00,8741.0,36.0,98.36,46.0,2191.0,1051.7244091816247
2026-07-20T04:17:00.497467+00:00,8741.0,36.0,98.9,46.0,2191.0,1052.0338369235396
2026-07-20T04:17:00.803823+00:00,8741.0,36.0,98.47,46.0,2191.0,1052.340192411095
2026-07-20T04:17:01.116151+00:00,8741.0,36.0,98.41,46.0,2191.0,1052.6525204256177
2026-07-20T04:17:01.427691+00:00,8741.0,35.0,98.31,46.0,2191.0,1052.9640610814095
2026-07-20T04:17:01.761763+00:00,8741.0,36.0,98.1,45.0,2191.0,1053.298133533448
2026-07-20T04:17:02.049963+00:00,8741.0,35.0,98.22,46.0,2191.0,1053.5863336101174
2026-07-20T04:17:02.355076+00:00,8741.0,35.0,98.45,46.0,2191.0,1053.891446441412
2026-07-20T04:17:02.717294+00:00,8741.0,34.0,98.42,46.0,2191.0,1054.2536632455885
2026-07-20T04:17:03.008958+00:00,8741.0,36.0,98.32,46.0,2191.0,1054.5453281030059
2026-07-20T04:17:03.298970+00:00,8741.0,36.0,98.22,45.0,2191.0,1054.8353397287428
2026-07-20T04:17:03.587181+00:00,8741.0,36.0,98.21,45.0,2191.0,1055.12355171144
2026-07-20T04:17:03.897452+00:00,8741.0,37.0,98.42,46.0,2191.0,1055.433823119849
2026-07-20T04:17:04.208635+00:00,8741.0,36.0,98.4,46.0,2191.0,1055.7450049109757
2026-07-20T04:17:04.518827+00:00,8741.0,36.0,98.59,46.0,2191.0,1056.0551979765296
2026-07-20T04:17:04.879764+00:00,8741.0,36.0,98.49,46.0,2191.0,1056.416132748127
2026-07-20T04:17:05.191469+00:00,8741.0,35.0,98.79,46.0,2191.0,1056.727839536965
2026-07-20T04:17:05.481054+00:00,8741.0,36.0,98.69,46.0,2191.0,1057.017424300313
2026-07-20T04:17:05.770147+00:00,8741.0,36.0,98.88,46.0,2191.0,1057.3065171949565
2026-07-20T04:17:06.098830+00:00,8741.0,36.0,98.89,46.0,2191.0,1057.6352000571787
2026-07-20T04:17:06.387258+00:00,8741.0,36.0,98.83,46.0,2191.0,1057.923627551645
2026-07-20T04:17:06.676830+00:00,8741.0,37.0,98.89,46.0,2191.0,1058.2131999842823
2026-07-20T04:17:07.026718+00:00,8741.0,36.0,98.58,46.0,2191.0,1058.5630875974894
2026-07-20T04:17:07.314955+00:00,8741.0,37.0,98.67,46.0,2191.0,1058.8513256050646
2026-07-20T04:17:07.629941+00:00,8741.0,35.0,98.5,46.0,2191.0,1059.1663106828928
2026-07-20T04:17:07.921288+00:00,8741.0,36.0,98.53,46.0,2191.0,1059.4576582722366
2026-07-20T04:17:08.209577+00:00,8741.0,36.0,98.84,46.0,2191.0,1059.7459475435317
2026-07-20T04:17:08.497403+00:00,8741.0,36.0,99.39,46.0,2191.0,1060.0337728597224
2026-07-20T04:17:08.809821+00:00,8741.0,35.0,99.16,46.0,2191.0,1060.3461911827326
2026-07-20T04:17:09.140001+00:00,8741.0,36.0,98.87,46.0,2191.0,1060.6763707101345
2026-07-20T04:17:09.474241+00:00,8741.0,36.0,98.28,46.0,2191.0,1061.010611385107
2026-07-20T04:17:09.763063+00:00,8741.0,35.0,98.15,46.0,2191.0,1061.2994331158698
2026-07-20T04:17:10.055742+00:00,8741.0,36.0,98.11,45.0,2191.0,1061.5921129398048
2026-07-20T04:17:10.344870+00:00,8741.0,36.0,98.43,45.0,2191.0,1061.8812407068908
2026-07-20T04:17:10.698963+00:00,8741.0,36.0,98.24,45.0,2191.0,1062.2353329770267
2026-07-20T04:17:11.014244+00:00,8741.0,36.0,98.21,46.0,2191.0,1062.5506124086678
2026-07-20T04:17:11.328235+00:00,8741.0,36.0,98.49,46.0,2191.0,1062.8646037578583
2026-07-20T04:17:11.639823+00:00,8741.0,36.0,98.43,46.0,2191.0,1063.1761924885213
2026-07-20T04:17:11.954894+00:00,8741.0,35.0,98.73,46.0,2191.0,1063.4912627972662
2026-07-20T04:17:12.270086+00:00,8741.0,35.0,97.38,45.0,2191.0,1063.8064555376768
2026-07-20T04:17:12.629158+00:00,8741.0,34.0,97.44,45.0,2191.0,1064.1655264608562
2026-07-20T04:17:12.969832+00:00,8741.0,35.0,97.16,45.0,2191.0,1064.506200760603
2026-07-20T04:17:13.331812+00:00,8741.0,36.0,98.23,45.0,2191.0,1064.868179768324
2026-07-20T04:17:13.641257+00:00,8741.0,36.0,98.08,45.0,2191.0,1065.1776263713837
2026-07-20T04:17:13.931363+00:00,8741.0,36.0,98.47,45.0,2191.0,1065.4677327163517
2026-07-20T04:17:14.220850+00:00,8741.0,35.0,98.67,45.0,2191.0,1065.757220171392
2026-07-20T04:17:14.510013+00:00,8741.0,36.0,98.57,45.0,2191.0,1066.046382728964
2026-07-20T04:17:14.817969+00:00,8741.0,36.0,98.93,45.0,2191.0,1066.3543400503695
2026-07-20T04:17:15.112165+00:00,8741.0,36.0,98.89,45.0,2191.0,1066.648535784334
2026-07-20T04:17:15.423799+00:00,8741.0,36.0,98.89,45.0,2191.0,1066.960168775171
2026-07-20T04:17:15.713305+00:00,8741.0,36.0,98.73,45.0,2191.0,1067.2496752515435
2026-07-20T04:17:16.050038+00:00,8741.0,36.0,98.55,46.0,2191.0,1067.5864083133638
2026-07-20T04:17:16.338803+00:00,8741.0,36.0,98.57,45.0,2191.0,1067.8751732259989
2026-07-20T04:17:16.665348+00:00,8741.0,36.0,98.7,46.0,2191.0,1068.2017189487815
2026-07-20T04:17:16.977723+00:00,8741.0,36.0,98.75,46.0,2191.0,1068.5140937045217
2026-07-20T04:17:17.289237+00:00,8741.0,36.0,98.75,46.0,2191.0,1068.825607188046
2026-07-20T04:17:17.649994+00:00,8741.0,36.0,99.03,46.0,2191.0,1069.1863625645638
2026-07-20T04:17:17.963894+00:00,8741.0,36.0,99.28,46.0,2191.0,1069.500264160335
2026-07-20T04:17:18.252465+00:00,8741.0,36.0,99.28,46.0,2191.0,1069.7888365499675
2026-07-20T04:17:18.540136+00:00,8741.0,36.0,99.12,46.0,2191.0,1070.0765064917505
2026-07-20T04:17:18.828344+00:00,8741.0,37.0,98.93,46.0,2191.0,1070.3647149987519
2026-07-20T04:17:19.117088+00:00,8741.0,37.0,99.09,46.0,2191.0,1070.6534584090114
2026-07-20T04:17:19.429425+00:00,8741.0,36.0,99.18,46.0,2191.0,1070.9657953195274
2026-07-20T04:17:19.759465+00:00,8741.0,36.0,98.83,46.0,2191.0,1071.2958349101245
2026-07-20T04:17:20.058785+00:00,8741.0,36.0,98.28,46.0,2191.0,1071.5951554328203
2026-07-20T04:17:20.352226+00:00,8741.0,36.0,97.62,45.0,2191.0,1071.888595983386
2026-07-20T04:17:20.641346+00:00,8741.0,35.0,97.61,45.0,2191.0,1072.1777160055935
2026-07-20T04:17:20.947279+00:00,8741.0,36.0,98.03,45.0,2191.0,1072.483650032431
2026-07-20T04:17:21.254054+00:00,8741.0,36.0,98.18,45.0,2191.0,1072.790424283594
2026-07-20T04:17:21.542426+00:00,8741.0,36.0,98.33,45.0,2191.0,1073.0787968300283
2026-07-20T04:17:21.898668+00:00,8741.0,36.0,98.49,45.0,2191.0,1073.435038279742
2026-07-20T04:17:22.188092+00:00,8741.0,36.0,98.36,45.0,2191.0,1073.7244626246393
2026-07-20T04:17:22.502247+00:00,8741.0,34.0,98.11,45.0,2191.0,1074.0386162102222
2026-07-20T04:17:22.792911+00:00,8741.0,35.0,97.92,45.0,2191.0,1074.3292814157903
2026-07-20T04:17:23.103675+00:00,8741.0,37.0,98.06,45.0,2191.0,1074.6400452628732
2026-07-20T04:17:23.392541+00:00,8741.0,36.0,98.36,45.0,2191.0,1074.9289123415947
2026-07-20T04:17:23.706170+00:00,8741.0,36.0,98.65,45.0,2191.0,1075.2425403930247
2026-07-20T04:17:24.021895+00:00,8741.0,36.0,98.6,45.0,2191.0,1075.5582643970847
2026-07-20T04:17:24.312491+00:00,8741.0,36.0,98.54,46.0,2191.0,1075.848861489445
2026-07-20T04:17:24.623773+00:00,8741.0,35.0,98.76,46.0,2191.0,1076.1601425632834
2026-07-20T04:17:24.913325+00:00,8741.0,36.0,98.74,45.0,2191.0,1076.4496952816844
2026-07-20T04:17:25.225258+00:00,8741.0,35.0,98.54,45.0,2191.0,1076.7616280131042
2026-07-20T04:17:25.537933+00:00,8741.0,36.0,98.44,45.0,2191.0,1077.07430261001
2026-07-20T04:17:25.876225+00:00,8741.0,35.0,98.33,46.0,2191.0,1077.4125941619277
2026-07-20T04:17:26.213219+00:00,8741.0,35.0,98.58,46.0,2191.0,1077.7495876774192
2026-07-20T04:17:26.552275+00:00,8741.0,34.0,98.48,45.0,2191.0,1078.0886450782418
2026-07-20T04:17:26.889284+00:00,8741.0,35.0,98.38,45.0,2191.0,1078.4256535321474
2026-07-20T04:17:27.224861+00:00,8741.0,34.0,98.27,45.0,2191.0,1078.7612304240465
2026-07-20T04:17:27.564947+00:00,8741.0,35.0,97.81,45.0,2191.0,1079.1013160720468
2026-07-20T04:17:27.875403+00:00,8741.0,36.0,98.07,45.0,2191.0,1079.411772415042
2026-07-20T04:17:28.189953+00:00,8741.0,36.0,98.08,45.0,2191.0,1079.726323734969
2026-07-20T04:17:28.503619+00:00,8741.0,36.0,98.42,45.0,2191.0,1080.0399894230068
2026-07-20T04:17:28.793018+00:00,8741.0,36.0,98.49,45.0,2191.0,1080.3293879628181
2026-07-20T04:17:29.098635+00:00,8741.0,35.0,98.65,45.0,2191.0,1080.6350051388144
2026-07-20T04:17:29.405535+00:00,8741.0,36.0,98.65,45.0,2191.0,1080.9419059976935
2026-07-20T04:17:29.710334+00:00,8741.0,35.0,98.56,45.0,2191.0,1081.246704980731
2026-07-20T04:17:29.998397+00:00,8741.0,36.0,98.28,45.0,2191.0,1081.5347679033875
2026-07-20T04:17:30.310937+00:00,8741.0,36.0,98.69,45.0,2191.0,1081.847307689488
2026-07-20T04:17:30.620050+00:00,8741.0,37.0,98.75,45.0,2191.0,1082.1564193852246
2026-07-20T04:17:30.931495+00:00,8741.0,37.0,98.96,45.0,2191.0,1082.4678650125861
2026-07-20T04:17:31.220543+00:00,8741.0,36.0,99.24,45.0,2191.0,1082.7569135390222
2026-07-20T04:17:31.509354+00:00,8741.0,36.0,99.11,45.0,2191.0,1083.0457242876291
2026-07-20T04:17:31.841037+00:00,8741.0,36.0,98.96,46.0,2191.0,1083.3774070255458
2026-07-20T04:17:32.150691+00:00,8741.0,36.0,98.8,46.0,2191.0,1083.6870623975992
2026-07-20T04:17:32.510424+00:00,8741.0,35.0,98.86,46.0,2191.0,1084.0467946454883
2026-07-20T04:17:32.821603+00:00,8741.0,36.0,99.1,46.0,2191.0,1084.3579736724496
2026-07-20T04:17:33.109592+00:00,8741.0,37.0,99.44,46.0,2191.0,1084.6459627002478
2026-07-20T04:17:33.397386+00:00,8741.0,36.0,99.35,46.0,2191.0,1084.9337566271424
2026-07-20T04:17:33.706716+00:00,8741.0,37.0,99.61,46.0,2191.0,1085.2430867031217
2026-07-20T04:17:34.018656+00:00,8741.0,35.0,99.08,46.0,2191.0,1085.5550272352993
2026-07-20T04:17:34.329188+00:00,8741.0,36.0,99.06,46.0,2191.0,1085.8655581139028
2026-07-20T04:17:34.641240+00:00,8741.0,35.0,98.39,45.0,2191.0,1086.1776101067662
2026-07-20T04:17:34.980131+00:00,8741.0,36.0,98.42,46.0,2191.0,1086.5165002569556
2026-07-20T04:17:35.270256+00:00,8741.0,36.0,98.37,45.0,2191.0,1086.8066255934536
2026-07-20T04:17:35.583706+00:00,8741.0,35.0,98.36,45.0,2191.0,1087.1200764514506
2026-07-20T04:17:35.873302+00:00,8741.0,37.0,98.56,45.0,2191.0,1087.4096722193062
2026-07-20T04:17:36.179749+00:00,8741.0,36.0,98.61,46.0,2191.0,1087.7161189615726
2026-07-20T04:17:36.469134+00:00,8741.0,36.0,98.51,45.0,2191.0,1088.0055050179362
2026-07-20T04:17:36.780906+00:00,8741.0,35.0,98.31,46.0,2191.0,1088.3172768093646
2026-07-20T04:17:37.087652+00:00,8741.0,36.0,98.39,45.0,2191.0,1088.624022088945
2026-07-20T04:17:37.376910+00:00,8741.0,37.0,98.6,46.0,2191.0,1088.9132805913687
2026-07-20T04:17:37.710758+00:00,8741.0,35.0,98.54,45.0,2191.0,1089.247126929462
2026-07-20T04:17:38.000762+00:00,8741.0,36.0,98.69,45.0,2191.0,1089.5371322855353
2026-07-20T04:17:38.311521+00:00,8741.0,36.0,98.62,46.0,2191.0,1089.8478906340897
2026-07-20T04:17:38.600640+00:00,8741.0,37.0,98.81,46.0,2191.0,1090.1370096616447
2026-07-20T04:17:38.912334+00:00,8741.0,37.0,98.89,45.0,2191.0,1090.4487041272223
2026-07-20T04:17:39.223738+00:00,8741.0,36.0,98.99,45.0,2191.0,1090.7601087130606
2026-07-20T04:17:39.560656+00:00,8741.0,36.0,98.78,45.0,2191.0,1091.0970251560211
2026-07-20T04:17:39.892390+00:00,8741.0,35.0,98.75,46.0,2191.0,1091.4287586510181
2026-07-20T04:17:40.227074+00:00,8741.0,36.0,98.85,46.0,2191.0,1091.7634432911873
2026-07-20T04:17:40.563601+00:00,8741.0,35.0,98.79,46.0,2191.0,1092.0999706834555
2026-07-20T04:17:40.892824+00:00,8741.0,36.0,99.0,45.0,2191.0,1092.4291936159134
2026-07-20T04:17:41.210534+00:00,8741.0,35.0,99.0,46.0,2191.0,1092.7469033822417
2026-07-20T04:17:41.522371+00:00,8741.0,36.0,99.14,46.0,2191.0,1093.0587394200265
2026-07-20T04:17:41.856869+00:00,8741.0,36.0,99.44,46.0,2191.0,1093.3932375907898
2026-07-20T04:17:42.193026+00:00,8741.0,35.0,99.08,45.0,2191.0,1093.7293952740729
2026-07-20T04:17:42.510667+00:00,8741.0,35.0,98.56,45.0,2191.0,1094.0470365174115
2026-07-20T04:17:42.868597+00:00,8741.0,35.0,97.73,45.0,2191.0,1094.404966533184
2026-07-20T04:17:43.228072+00:00,8741.0,36.0,97.93,45.0,2191.0,1094.764441177249
2026-07-20T04:17:43.561218+00:00,8741.0,35.0,98.11,45.0,2191.0,1095.0975869707763
2026-07-20T04:17:43.923434+00:00,8741.0,36.0,98.25,45.0,2191.0,1095.459803428501
2026-07-20T04:17:44.237640+00:00,8741.0,35.0,98.21,45.0,2191.0,1095.77400887385
2026-07-20T04:17:44.553638+00:00,8741.0,34.0,98.25,45.0,2191.0,1096.0900071188807
2026-07-20T04:17:44.893720+00:00,8741.0,33.0,98.23,45.0,2191.0,1096.430089071393
2026-07-20T04:17:45.252366+00:00,8741.0,36.0,97.98,45.0,2191.0,1096.7887358032167
2026-07-20T04:17:45.568888+00:00,8741.0,36.0,98.04,45.0,2191.0,1097.1052576005459
2026-07-20T04:17:45.881775+00:00,8741.0,35.0,98.09,45.0,2191.0,1097.418143812567
2026-07-20T04:17:46.193838+00:00,8741.0,35.0,98.55,45.0,2191.0,1097.7302084341645
2026-07-20T04:17:46.506687+00:00,8741.0,37.0,98.42,45.0,2191.0,1098.0430563949049
2026-07-20T04:17:46.862829+00:00,8741.0,35.0,98.79,45.0,2191.0,1098.3991970010102
2026-07-20T04:17:47.177906+00:00,8741.0,36.0,99.1,45.0,2191.0,1098.7142753601074
2026-07-20T04:17:47.512644+00:00,8741.0,37.0,99.0,45.0,2191.0,1099.049013376236
2026-07-20T04:17:47.831540+00:00,8741.0,36.0,98.6,45.0,2191.0,1099.3679099939764
2026-07-20T04:17:48.194049+00:00,8741.0,35.0,98.09,45.0,2191.0,1099.7304171174765
2026-07-20T04:17:48.506326+00:00,8741.0,35.0,98.24,45.0,2191.0,1100.0426954217255
2026-07-20T04:17:48.822447+00:00,8741.0,35.0,98.52,45.0,2191.0,1100.3588159568608
2026-07-20T04:17:49.138064+00:00,8741.0,35.0,98.45,45.0,2191.0,1100.6744332574308
2026-07-20T04:17:49.500781+00:00,8741.0,35.0,98.54,45.0,2191.0,1101.0371503457427
2026-07-20T04:17:49.865222+00:00,8741.0,33.0,98.75,45.0,2191.0,1101.4015901610255
2026-07-20T04:17:50.159209+00:00,8741.0,35.0,98.88,45.0,2191.0,1101.695577993989
2026-07-20T04:17:50.454558+00:00,8741.0,35.0,98.44,45.0,2191.0,1101.9909272491932
2026-07-20T04:17:50.748665+00:00,8741.0,35.0,97.79,45.0,2191.0,1102.2850348874927
2026-07-20T04:17:51.084602+00:00,8741.0,35.0,97.66,45.0,2191.0,1102.6209716498852
2026-07-20T04:17:51.398392+00:00,8741.0,34.0,97.75,45.0,2191.0,1102.934761248529
2026-07-20T04:17:51.709870+00:00,8741.0,35.0,98.42,45.0,2191.0,1103.2462388500571
2026-07-20T04:17:52.048610+00:00,8741.0,35.0,98.48,45.0,2191.0,1103.5849798321724
2026-07-20T04:17:52.362569+00:00,8741.0,35.0,98.26,45.0,2191.0,1103.8989380821586
2026-07-20T04:17:52.700747+00:00,8741.0,34.0,98.09,45.0,2191.0,1104.237116418779
2026-07-20T04:17:53.018059+00:00,8741.0,31.0,97.82,45.0,2191.0,1104.5544272176921
2026-07-20T04:17:53.380207+00:00,8741.0,35.0,98.04,45.0,2191.0,1104.916575793177
2026-07-20T04:17:53.694840+00:00,8741.0,35.0,97.89,45.0,2191.0,1105.2312093675137
2026-07-20T04:17:54.056024+00:00,8741.0,36.0,97.97,45.0,2191.0,1105.5923928320408
2026-07-20T04:17:54.392591+00:00,8741.0,35.0,97.86,45.0,2191.0,1105.9289602935314
2026-07-20T04:17:54.706411+00:00,8741.0,35.0,98.16,45.0,2191.0,1106.242780521512
2026-07-20T04:17:55.025247+00:00,8741.0,36.0,98.31,45.0,2191.0,1106.561616383493
2026-07-20T04:17:55.360926+00:00,8741.0,34.0,98.06,45.0,2191.0,1106.8972955457866
2026-07-20T04:17:55.725293+00:00,8741.0,36.0,98.28,45.0,2191.0,1107.2616624496877
2026-07-20T04:17:56.038657+00:00,8741.0,36.0,98.38,45.0,2191.0,1107.5750261731446
2026-07-20T04:17:56.350413+00:00,8741.0,36.0,98.5,45.0,2191.0,1107.886782810092
2026-07-20T04:17:56.647750+00:00,8741.0,23.0,97.56,45.0,2191.0,1108.1841195076704
2026-07-20T04:17:56.957898+00:00,8741.0,38.0,98.84,45.0,2191.0,1108.4942673668265
2026-07-20T04:17:57.251413+00:00,8741.0,36.0,98.78,46.0,2191.0,1108.787782613188
2026-07-20T04:17:57.566794+00:00,8741.0,37.0,99.4,45.0,2191.0,1109.1031631194055
2026-07-20T04:17:57.882212+00:00,8741.0,37.0,99.93,45.0,2191.0,1109.4185812100768
2026-07-20T04:17:58.198935+00:00,8741.0,36.0,98.59,45.0,2191.0,1109.735304288566
2026-07-20T04:17:58.510861+00:00,8741.0,35.0,98.75,45.0,2191.0,1110.047230310738
2026-07-20T04:17:58.848714+00:00,8741.0,37.0,98.96,45.0,2191.0,1110.385083515197
2026-07-20T04:17:59.166865+00:00,8741.0,37.0,99.1,45.0,2191.0,1110.7032341621816
2026-07-20T04:17:59.486184+00:00,8741.0,36.0,99.08,45.0,2191.0,1111.0225532315671
2026-07-20T04:17:59.802831+00:00,8741.0,36.0,98.52,45.0,2191.0,1111.3392007797956
2026-07-20T04:18:00.169398+00:00,8741.0,34.0,98.15,45.0,2191.0,1111.7057667598128
2026-07-20T04:18:00.487123+00:00,8741.0,36.0,97.6,45.0,2191.0,1112.023491639644
2026-07-20T04:18:00.828147+00:00,8741.0,36.0,97.68,45.0,2191.0,1112.364516261965
2026-07-20T04:18:01.165018+00:00,8741.0,34.0,97.77,45.0,2191.0,1112.7013866193593
2026-07-20T04:18:01.482473+00:00,8741.0,35.0,97.83,45.0,2191.0,1113.0188421271741
2026-07-20T04:18:01.798562+00:00,8741.0,34.0,97.94,45.0,2191.0,1113.3349314890802
2026-07-20T04:18:02.111072+00:00,8741.0,34.0,97.83,45.0,2191.0,1113.6474422290921
2026-07-20T04:18:02.422371+00:00,8741.0,35.0,98.03,45.0,2191.0,1113.9587404727936
