timestamp,gpu_memory_used_mb,gpu_utilization_pct,power_draw_w,temperature_c,process_rss_mb,elapsed_seconds
2026-07-20T04:37:34.208998+00:00,4.0,0.0,49.64,36.0,522.28125,0.24168718233704567
2026-07-20T04:37:34.534704+00:00,4.0,0.0,49.64,36.0,600.91796875,0.5673926621675491
2026-07-20T04:37:34.884587+00:00,4.0,0.0,49.64,36.0,618.89453125,0.9172763004899025
2026-07-20T04:37:35.188261+00:00,4.0,0.0,49.64,36.0,623.01953125,1.2209506332874298
2026-07-20T04:37:35.518003+00:00,4.0,0.0,49.64,36.0,658.64453125,1.550692018121481
2026-07-20T04:37:35.827703+00:00,4.0,0.0,49.65,36.0,660.26171875,1.8603933677077293
2026-07-20T04:37:36.109566+00:00,4.0,0.0,49.65,36.0,726.97265625,2.142255838960409
2026-07-20T04:37:36.481843+00:00,4.0,0.0,49.65,36.0,759.359375,2.5145319402217865
2026-07-20T04:37:36.998831+00:00,4.0,0.0,49.65,36.0,845.05859375,3.0315101109445095
2026-07-20T04:37:37.279006+00:00,4.0,0.0,49.65,36.0,857.171875,3.31169530749321
2026-07-20T04:37:37.668947+00:00,461.0,3.0,54.96,37.0,982.109375,3.7016374617815018
2026-07-20T04:37:37.961243+00:00,1561.0,9.0,64.06,37.0,2044.2890625,3.993932567536831
2026-07-20T04:37:38.283894+00:00,2935.0,9.0,73.31,37.0,3302.6015625,4.316583015024662
2026-07-20T04:37:38.597549+00:00,4043.0,2.0,79.96,38.0,1163.41796875,4.6302386075258255
2026-07-20T04:37:38.921903+00:00,5139.0,9.0,80.11,38.0,2441.60546875,4.954592201858759
2026-07-20T04:37:39.221429+00:00,6453.0,9.0,80.24,38.0,3649.29296875,5.254118859767914
2026-07-20T04:37:39.516107+00:00,6811.0,0.0,80.3,38.0,1073.6171875,5.548795882612467
2026-07-20T04:37:39.791220+00:00,6931.0,0.0,80.27,38.0,1443.11328125,5.823910679668188
2026-07-20T04:37:40.067874+00:00,6981.0,19.0,83.29,39.0,1755.09375,6.10056459903717
2026-07-20T04:37:40.363421+00:00,6983.0,36.0,87.44,39.0,1769.84765625,6.396102856844664
2026-07-20T04:37:40.639341+00:00,7005.0,36.0,92.04,39.0,1770.5234375,6.672031365334988
2026-07-20T04:37:40.949836+00:00,7025.0,35.0,97.13,39.0,1770.62109375,6.982526931911707
2026-07-20T04:37:41.247731+00:00,7045.0,36.0,97.21,39.0,1770.671875,7.2804220505058765
2026-07-20T04:37:41.546917+00:00,7085.0,36.0,97.38,40.0,1771.15234375,7.579607356339693
2026-07-20T04:37:41.839668+00:00,7109.0,37.0,97.53,40.0,1771.15234375,7.87235888466239
2026-07-20T04:37:42.130796+00:00,7129.0,37.0,97.71,40.0,1771.1640625,8.163486991077662
2026-07-20T04:37:42.445731+00:00,7149.0,36.0,97.97,40.0,1771.17578125,8.478421796113253
2026-07-20T04:37:42.720071+00:00,7169.0,37.0,98.12,40.0,1771.17578125,8.75276293233037
2026-07-20T04:37:42.993871+00:00,7189.0,37.0,98.49,40.0,1771.18359375,9.026562746614218
2026-07-20T04:37:43.290783+00:00,7209.0,36.0,98.55,40.0,1771.19921875,9.323467798531055
2026-07-20T04:37:43.588495+00:00,7249.0,36.0,98.73,41.0,1771.19921875,9.621186010539532
2026-07-20T04:37:43.886099+00:00,7269.0,36.0,98.62,41.0,1771.53125,9.918787281960249
2026-07-20T04:37:44.163445+00:00,7289.0,37.0,98.86,41.0,1771.5390625,10.196135431528091
2026-07-20T04:37:44.437174+00:00,7309.0,37.0,98.79,41.0,1771.5390625,10.469864271581173
2026-07-20T04:37:44.711414+00:00,7329.0,37.0,98.73,41.0,1771.56640625,10.744105126708746
2026-07-20T04:37:45.006817+00:00,7349.0,37.0,98.85,41.0,1771.56640625,11.039505943655968
2026-07-20T04:37:45.303175+00:00,7369.0,37.0,98.98,41.0,1771.56640625,11.33586648479104
2026-07-20T04:37:45.601374+00:00,7409.0,36.0,99.01,41.0,1771.58203125,11.634056217968464
2026-07-20T04:37:45.877257+00:00,7429.0,37.0,99.19,41.0,1771.9375,11.909947831183672
2026-07-20T04:37:46.194784+00:00,7831.0,36.0,100.72,41.0,1772.12890625,12.22747514769435
2026-07-20T04:37:46.491485+00:00,7831.0,37.0,100.16,41.0,1772.1484375,12.52417653426528
2026-07-20T04:37:46.783720+00:00,7831.0,37.0,99.61,41.0,1772.1484375,12.816410433501005
2026-07-20T04:37:47.057829+00:00,7831.0,36.0,97.15,42.0,1772.15234375,13.090519841760397
2026-07-20T04:37:47.355167+00:00,7831.0,37.0,97.36,42.0,1772.1640625,13.387858524918556
2026-07-20T04:37:47.648185+00:00,7831.0,36.0,97.63,42.0,1772.1640625,13.680869165807962
2026-07-20T04:37:47.946337+00:00,7831.0,37.0,97.55,42.0,1772.18359375,13.979027334600687
2026-07-20T04:37:48.243799+00:00,7975.0,37.0,99.88,42.0,1772.19140625,14.276489224284887
2026-07-20T04:37:48.538550+00:00,7975.0,35.0,99.51,42.0,1772.19140625,14.571235336363316
2026-07-20T04:37:48.835610+00:00,7975.0,37.0,99.35,42.0,1772.20703125,14.868300940841436
2026-07-20T04:37:49.110511+00:00,7975.0,37.0,96.82,42.0,1772.20703125,15.143202252686024
2026-07-20T04:37:49.384472+00:00,7975.0,37.0,96.83,42.0,1772.20703125,15.41716218739748
2026-07-20T04:37:49.658041+00:00,7975.0,37.0,96.95,42.0,1772.23828125,15.690731629729271
2026-07-20T04:37:50.004005+00:00,8095.0,37.0,99.26,42.0,1772.23828125,16.036695659160614
2026-07-20T04:37:50.297705+00:00,8095.0,37.0,99.25,42.0,1772.24609375,16.330395597964525
2026-07-20T04:37:50.595861+00:00,8095.0,36.0,99.23,42.0,1772.2578125,16.628551334142685
2026-07-20T04:37:50.889948+00:00,8095.0,37.0,97.02,42.0,1772.26171875,16.92263873666525
2026-07-20T04:37:51.235747+00:00,8095.0,36.0,97.03,42.0,1772.2734375,17.26843722164631
2026-07-20T04:37:51.548706+00:00,8095.0,36.0,97.07,42.0,1772.2890625,17.58139466866851
2026-07-20T04:37:51.897106+00:00,8095.0,36.0,96.88,42.0,1772.29296875,17.929795671254396
2026-07-20T04:37:52.197583+00:00,8095.0,36.0,96.98,42.0,1772.296875,18.2302726842463
2026-07-20T04:37:52.544307+00:00,8095.0,35.0,97.15,42.0,1772.3046875,18.576988242566586
2026-07-20T04:37:52.850926+00:00,8095.0,37.0,97.29,42.0,1772.3125,18.883609857410192
2026-07-20T04:37:53.192583+00:00,8095.0,36.0,97.39,42.0,1772.31640625,19.225273605436087
2026-07-20T04:37:53.512917+00:00,8095.0,36.0,97.44,42.0,1772.31640625,19.54560709744692
2026-07-20T04:37:53.814276+00:00,8095.0,37.0,97.86,43.0,1772.33984375,19.846966460347176
2026-07-20T04:37:54.091747+00:00,8095.0,37.0,97.93,43.0,1772.34375,20.1244356893003
2026-07-20T04:37:54.387576+00:00,8095.0,37.0,98.2,43.0,1772.34765625,20.4202670045197
2026-07-20T04:37:54.662482+00:00,8095.0,37.0,98.33,43.0,1772.3671875,20.69517258554697
2026-07-20T04:37:54.936772+00:00,8095.0,37.0,98.53,43.0,1772.3671875,20.96946280822158
2026-07-20T04:37:55.211057+00:00,8095.0,37.0,98.85,43.0,1772.3671875,21.24374743923545
2026-07-20T04:37:55.484944+00:00,8095.0,37.0,98.92,43.0,1772.37890625,21.517635341733694
2026-07-20T04:37:55.801856+00:00,8095.0,37.0,98.89,43.0,1772.37890625,21.834546614438295
2026-07-20T04:37:56.147665+00:00,8153.0,36.0,99.01,43.0,1772.38671875,22.18035553395748
2026-07-20T04:37:56.448056+00:00,8173.0,38.0,99.08,43.0,1772.3984375,22.48074694722891
2026-07-20T04:37:56.744055+00:00,8193.0,37.0,99.29,43.0,1772.3984375,22.776745572686195
2026-07-20T04:37:57.039554+00:00,8213.0,37.0,99.48,43.0,1772.4296875,23.07224576175213
2026-07-20T04:37:57.314140+00:00,8233.0,37.0,99.44,43.0,1772.4296875,23.346831750124693
2026-07-20T04:37:57.593831+00:00,9165.0,37.0,99.36,43.0,1789.73046875,23.626522082835436
2026-07-20T04:37:57.900485+00:00,9311.0,66.0,136.11,47.0,1796.16015625,23.93317538127303
2026-07-20T04:37:58.272300+00:00,11025.0,4.0,145.49,45.0,1799.11328125,24.304989211261272
2026-07-20T04:37:58.575761+00:00,24041.0,46.0,169.05,47.0,1863.98828125,24.608450930565596
2026-07-20T04:37:58.878634+00:00,24591.0,79.0,176.76,50.0,1869.12109375,24.91132490336895
2026-07-20T04:37:59.179470+00:00,24591.0,88.0,211.42,51.0,1880.07421875,25.21216058731079
2026-07-20T04:37:59.477506+00:00,9315.0,21.0,205.05,49.0,1880.80859375,25.510196559131145
2026-07-20T04:37:59.754589+00:00,9315.0,36.0,167.49,47.0,1880.80859375,25.78727988526225
2026-07-20T04:38:00.035095+00:00,9315.0,36.0,123.28,47.0,1880.80859375,26.067785803228617
2026-07-20T04:38:00.360719+00:00,9315.0,36.0,103.12,46.0,1880.80859375,26.3934096544981
2026-07-20T04:38:00.661684+00:00,9335.0,36.0,100.54,46.0,1880.80859375,26.694373965263367
2026-07-20T04:38:00.960539+00:00,9355.0,37.0,100.41,46.0,1880.80859375,26.993229296058416
2026-07-20T04:38:01.260808+00:00,9387.0,36.0,100.49,46.0,1880.80859375,27.29349886626005
2026-07-20T04:38:01.556576+00:00,9407.0,36.0,100.62,45.0,1880.80859375,27.589266762137413
2026-07-20T04:38:01.856781+00:00,9447.0,36.0,100.55,45.0,1880.80859375,27.889470908790827
2026-07-20T04:38:02.132208+00:00,9467.0,35.0,100.46,45.0,1880.80859375,28.164897944778204
2026-07-20T04:38:02.432260+00:00,9487.0,36.0,100.69,45.0,1880.80859375,28.46495132148266
2026-07-20T04:38:02.730872+00:00,9507.0,36.0,100.8,45.0,1880.80859375,28.76356226578355
2026-07-20T04:38:03.024053+00:00,9527.0,37.0,100.79,45.0,1880.80859375,29.056743428111076
2026-07-20T04:38:03.315937+00:00,9549.0,37.0,100.46,45.0,1880.80859375,29.348627876490355
2026-07-20T04:38:03.614107+00:00,9569.0,36.0,100.39,45.0,1880.80859375,29.646790340542793
2026-07-20T04:38:03.911678+00:00,9589.0,36.0,100.48,45.0,1880.80859375,29.94436901062727
2026-07-20T04:38:04.186796+00:00,9617.0,37.0,100.59,45.0,1880.80859375,30.219487011432648
2026-07-20T04:38:04.461847+00:00,9647.0,37.0,100.76,45.0,1880.80859375,30.494537960737944
2026-07-20T04:38:04.783506+00:00,9667.0,37.0,101.04,45.0,1880.80859375,30.81619605049491
2026-07-20T04:38:05.095544+00:00,9687.0,38.0,101.29,45.0,1880.80859375,31.12823285907507
2026-07-20T04:38:05.391818+00:00,9707.0,37.0,101.41,45.0,1880.8125,31.42450938001275
2026-07-20T04:38:05.690891+00:00,9727.0,35.0,101.29,45.0,1880.8125,31.723580863326788
2026-07-20T04:38:06.013275+00:00,9767.0,36.0,100.93,45.0,1880.8125,32.0459652505815
2026-07-20T04:38:06.336997+00:00,9787.0,37.0,101.2,45.0,1880.8125,32.369687393307686
2026-07-20T04:38:06.662425+00:00,9807.0,37.0,101.3,45.0,1880.8125,32.69511545822024
2026-07-20T04:38:07.008939+00:00,9827.0,36.0,101.5,45.0,1880.8125,33.041628651320934
2026-07-20T04:38:07.355833+00:00,9847.0,36.0,101.09,45.0,1880.8125,33.388522665947676
2026-07-20T04:38:07.658580+00:00,9867.0,35.0,101.06,45.0,1880.8203125,33.691269874572754
2026-07-20T04:38:07.976294+00:00,10443.0,33.0,103.78,45.0,1880.8203125,34.00898418575525
2026-07-20T04:38:08.252819+00:00,10443.0,36.0,103.61,45.0,1880.8203125,34.28550935164094
2026-07-20T04:38:08.548558+00:00,10443.0,35.0,102.97,45.0,1880.83203125,34.58124938607216
2026-07-20T04:38:08.848518+00:00,10443.0,36.0,99.5,45.0,1880.83203125,34.88120844960213
2026-07-20T04:38:09.124342+00:00,10443.0,36.0,99.71,45.0,1880.83203125,35.157033145427704
2026-07-20T04:38:09.424279+00:00,10443.0,36.0,99.75,45.0,1880.84375,35.45696909725666
2026-07-20T04:38:09.746584+00:00,10443.0,36.0,99.95,45.0,1880.84375,35.7792702652514
2026-07-20T04:38:10.067359+00:00,10443.0,36.0,99.68,45.0,1880.8515625,36.10004957765341
2026-07-20T04:38:10.363640+00:00,10443.0,36.0,99.66,45.0,1880.859375,36.396331429481506
2026-07-20T04:38:10.713535+00:00,10443.0,35.0,99.74,45.0,1880.859375,36.74622468650341
2026-07-20T04:38:11.051781+00:00,10659.0,43.0,103.08,45.0,1880.875,37.08447087556124
2026-07-20T04:38:11.370788+00:00,10659.0,36.0,103.09,45.0,1880.875,37.4034784398973
2026-07-20T04:38:11.645354+00:00,10659.0,36.0,102.98,45.0,1880.875,37.678044978529215
2026-07-20T04:38:11.938941+00:00,10659.0,34.0,102.9,45.0,1880.89453125,37.9716313444078
2026-07-20T04:38:12.213101+00:00,10659.0,36.0,99.49,45.0,1880.89453125,38.24579243734479
2026-07-20T04:38:12.510168+00:00,10659.0,37.0,99.43,45.0,1880.89453125,38.54285962879658
2026-07-20T04:38:12.784804+00:00,10659.0,36.0,99.53,45.0,1880.9140625,38.81749494001269
2026-07-20T04:38:13.130608+00:00,10659.0,35.0,99.83,45.0,1880.9140625,39.16329177469015
2026-07-20T04:38:13.424261+00:00,10659.0,37.0,99.92,45.0,1880.91796875,39.4569521471858
2026-07-20T04:38:13.699499+00:00,10659.0,36.0,100.12,45.0,1880.9375,39.732190150767565
2026-07-20T04:38:13.973856+00:00,10659.0,36.0,100.15,45.0,1880.9375,40.006546787917614
2026-07-20T04:38:14.269002+00:00,10659.0,37.0,100.33,45.0,1880.9375,40.30169306695461
2026-07-20T04:38:14.584974+00:00,10659.0,36.0,100.55,45.0,1880.9453125,40.61766569688916
2026-07-20T04:38:14.905559+00:00,10659.0,36.0,100.65,45.0,1880.9453125,40.9382497780025
2026-07-20T04:38:15.251142+00:00,10659.0,35.0,100.54,45.0,1881.00390625,41.28383084759116
2026-07-20T04:38:15.547870+00:00,10659.0,36.0,100.47,45.0,1881.00390625,41.5805603787303
2026-07-20T04:38:15.822739+00:00,10659.0,37.0,100.57,45.0,1881.00390625,41.855429627001286
2026-07-20T04:38:16.118449+00:00,10659.0,37.0,100.58,45.0,1881.015625,42.151139095425606
2026-07-20T04:38:16.415791+00:00,10659.0,37.0,101.04,45.0,1881.015625,42.44848097860813
2026-07-20T04:38:16.711412+00:00,10659.0,37.0,101.09,45.0,1881.015625,42.744103126227856
2026-07-20T04:38:16.988597+00:00,10659.0,37.0,101.4,45.0,1881.03515625,43.02127696573734
2026-07-20T04:38:17.310026+00:00,10659.0,37.0,101.31,45.0,1881.03515625,43.34271702542901
2026-07-20T04:38:17.607075+00:00,10659.0,37.0,101.45,45.0,1881.0390625,43.639765202999115
2026-07-20T04:38:17.882475+00:00,11105.0,36.0,103.82,45.0,1881.04296875,43.915165703743696
2026-07-20T04:38:18.179111+00:00,11105.0,36.0,103.67,45.0,1881.04296875,44.21180110052228
2026-07-20T04:38:18.454350+00:00,11105.0,36.0,103.05,45.0,1881.04296875,44.48704095557332
2026-07-20T04:38:18.729372+00:00,11105.0,37.0,99.76,45.0,1881.05078125,44.76206236332655
2026-07-20T04:38:19.003795+00:00,11105.0,36.0,100.05,45.0,1881.05078125,45.03648657351732
2026-07-20T04:38:19.298736+00:00,11105.0,35.0,100.17,45.0,1881.05859375,45.3314271569252
2026-07-20T04:38:19.592868+00:00,11105.0,36.0,100.2,45.0,1881.07421875,45.625559221953154
2026-07-20T04:38:19.885871+00:00,11105.0,37.0,100.3,45.0,1881.07421875,45.918562073260546
2026-07-20T04:38:20.206752+00:00,11105.0,35.0,100.22,45.0,1881.09375,46.239442117512226
2026-07-20T04:38:20.502656+00:00,11105.0,36.0,100.36,45.0,1881.09375,46.53534619882703
2026-07-20T04:38:20.824813+00:00,11105.0,36.0,100.11,45.0,1881.09765625,46.8575031273067
2026-07-20T04:38:21.172338+00:00,11105.0,35.0,100.2,45.0,1881.10546875,47.20502815768123
2026-07-20T04:38:21.475617+00:00,9391.0,67.0,136.74,49.0,1881.73046875,47.50830753147602
2026-07-20T04:38:21.914417+00:00,9391.0,43.0,156.51,50.0,1884.28125,47.94710639119148
2026-07-20T04:38:22.217799+00:00,26643.0,51.0,178.84,49.0,1885.296875,48.25048907101154
2026-07-20T04:38:22.519470+00:00,27215.0,93.0,190.48,53.0,1888.03515625,48.55216055363417
2026-07-20T04:38:22.841531+00:00,27771.0,94.0,233.97,55.0,1888.48046875,48.874221600592136
2026-07-20T04:38:23.119998+00:00,9399.0,0.0,223.97,51.0,1888.6484375,49.15268775448203
2026-07-20T04:38:23.415206+00:00,9399.0,36.0,176.57,50.0,1888.6484375,49.44789671525359
2026-07-20T04:38:23.712010+00:00,9403.0,36.0,124.5,49.0,1888.6484375,49.74470127001405
2026-07-20T04:38:24.011545+00:00,9403.0,36.0,104.22,49.0,1888.6484375,50.044235818088055
2026-07-20T04:38:24.286688+00:00,9423.0,36.0,102.41,48.0,1888.6484375,50.319378674030304
2026-07-20T04:38:24.561572+00:00,9443.0,36.0,102.04,48.0,1888.6484375,50.59426359832287
2026-07-20T04:38:24.835982+00:00,9463.0,36.0,102.02,48.0,1888.6484375,50.86867301911116
2026-07-20T04:38:25.158307+00:00,9487.0,36.0,101.94,48.0,1888.6484375,51.19099812209606
2026-07-20T04:38:25.455107+00:00,9507.0,36.0,101.98,47.0,1888.6484375,51.48779718577862
2026-07-20T04:38:25.773752+00:00,9527.0,37.0,101.94,47.0,1888.6484375,51.80644345283508
2026-07-20T04:38:26.073740+00:00,9569.0,36.0,101.89,47.0,1888.6484375,52.10643071681261
2026-07-20T04:38:26.374598+00:00,9589.0,36.0,101.69,47.0,1888.65234375,52.40728787332773
2026-07-20T04:38:26.651132+00:00,9617.0,35.0,101.76,47.0,1888.65234375,52.68382202088833
2026-07-20T04:38:26.926805+00:00,9643.0,36.0,101.89,47.0,1888.65234375,52.959494929760695
2026-07-20T04:38:27.202118+00:00,9663.0,36.0,101.87,47.0,1888.65625,53.23480911552906
2026-07-20T04:38:27.477311+00:00,9943.0,36.0,104.13,47.0,1888.65625,53.51000156998634
2026-07-20T04:38:27.797657+00:00,9943.0,36.0,103.77,47.0,1888.65625,53.83034719899297
2026-07-20T04:38:28.119651+00:00,9943.0,34.0,103.53,47.0,1888.65625,54.15234210714698
2026-07-20T04:38:28.419401+00:00,9943.0,36.0,101.18,47.0,1888.65625,54.452091820538044
2026-07-20T04:38:28.711695+00:00,9943.0,35.0,101.1,47.0,1888.66015625,54.744385212659836
2026-07-20T04:38:28.986407+00:00,9943.0,36.0,101.23,47.0,1888.66015625,55.01909822225571
2026-07-20T04:38:29.261328+00:00,9943.0,36.0,101.42,47.0,1888.66015625,55.29401855543256
2026-07-20T04:38:29.535727+00:00,9943.0,36.0,101.33,47.0,1888.6640625,55.568418353796005
2026-07-20T04:38:29.826639+00:00,9943.0,36.0,101.32,47.0,1888.6640625,55.859330765902996
2026-07-20T04:38:30.166226+00:00,9943.0,35.0,101.14,46.0,1888.6640625,56.198916379362345
2026-07-20T04:38:30.457993+00:00,10145.0,36.0,103.15,47.0,1888.6640625,56.49068372324109
2026-07-20T04:38:30.732779+00:00,10145.0,36.0,102.78,46.0,1888.6640625,56.76547019556165
2026-07-20T04:38:31.072661+00:00,10145.0,36.0,102.34,46.0,1888.6640625,57.10535015538335
2026-07-20T04:38:31.373306+00:00,10145.0,36.0,99.79,46.0,1888.6640625,57.405996553599834
2026-07-20T04:38:31.648803+00:00,10145.0,36.0,100.0,46.0,1888.6640625,57.68149435892701
2026-07-20T04:38:31.924757+00:00,10145.0,36.0,100.06,46.0,1888.6640625,57.95744787529111
2026-07-20T04:38:32.270315+00:00,10145.0,36.0,100.46,46.0,1888.6796875,58.30300622805953
2026-07-20T04:38:32.563190+00:00,10145.0,36.0,100.63,46.0,1888.6796875,58.59588146582246
2026-07-20T04:38:32.838562+00:00,10145.0,35.0,100.67,46.0,1888.734375,58.87125173956156
2026-07-20T04:38:33.113427+00:00,10145.0,36.0,100.66,46.0,1888.74609375,59.146118339151144
2026-07-20T04:38:33.387672+00:00,10145.0,36.0,100.62,46.0,1888.74609375,59.42036299407482
2026-07-20T04:38:33.678114+00:00,10145.0,37.0,100.81,46.0,1888.75390625,59.71080527827144
2026-07-20T04:38:33.968845+00:00,10145.0,36.0,100.79,46.0,1888.75390625,60.0015362277627
2026-07-20T04:38:34.242773+00:00,10145.0,36.0,100.69,46.0,1888.75390625,60.27546388655901
2026-07-20T04:38:34.539776+00:00,10145.0,37.0,100.56,46.0,1888.76171875,60.572465527802706
2026-07-20T04:38:34.867526+00:00,10165.0,36.0,100.63,46.0,1888.765625,60.90021489933133
2026-07-20T04:38:35.164506+00:00,10205.0,35.0,100.5,46.0,1888.80078125,61.19718622416258
2026-07-20T04:38:35.466258+00:00,10205.0,35.0,100.14,46.0,1888.8125,61.498947974294424
2026-07-20T04:38:35.784830+00:00,10245.0,37.0,100.04,46.0,1888.82421875,61.8175196275115
2026-07-20T04:38:36.087852+00:00,10627.0,42.0,102.96,46.0,1888.82421875,62.1205421872437
2026-07-20T04:38:36.436702+00:00,10627.0,35.0,103.23,46.0,1888.82421875,62.469391744583845
2026-07-20T04:38:36.753500+00:00,10627.0,36.0,102.94,46.0,1888.82421875,62.78619064390659
2026-07-20T04:38:37.052219+00:00,10627.0,36.0,99.87,46.0,1888.828125,63.08490141108632
2026-07-20T04:38:37.350133+00:00,10627.0,37.0,99.72,46.0,1888.8359375,63.38282287120819
2026-07-20T04:38:37.646464+00:00,10627.0,36.0,100.0,46.0,1888.8359375,63.67915439605713
2026-07-20T04:38:37.988174+00:00,10627.0,35.0,99.72,46.0,1888.875,64.02086405456066
2026-07-20T04:38:38.292163+00:00,10627.0,36.0,99.94,46.0,1888.875,64.32485262304544
2026-07-20T04:38:38.632966+00:00,10627.0,36.0,99.97,46.0,1888.875,64.66565631330013
2026-07-20T04:38:38.933426+00:00,10627.0,36.0,100.07,46.0,1888.88671875,64.96611477062106
2026-07-20T04:38:39.248605+00:00,10627.0,37.0,100.23,46.0,1888.88671875,65.28129478543997
2026-07-20T04:38:39.550440+00:00,10627.0,35.0,100.25,46.0,1888.88671875,65.5831308066845
2026-07-20T04:38:39.888512+00:00,10627.0,37.0,100.47,46.0,1888.90625,65.92119609937072
2026-07-20T04:38:40.186232+00:00,10627.0,31.0,100.29,46.0,1888.90625,66.21892240270972
2026-07-20T04:38:40.502010+00:00,8741.0,42.0,110.44,47.0,1889.04296875,66.53469933196902
2026-07-20T04:38:40.985180+00:00,11989.0,5.0,138.64,48.0,1889.05078125,67.01786884665489
2026-07-20T04:38:41.283684+00:00,20637.0,62.0,162.05,50.0,1890.203125,67.3163712322712
2026-07-20T04:38:41.584059+00:00,21029.0,57.0,178.35,51.0,1891.13671875,67.61674896627665
2026-07-20T04:38:41.900232+00:00,8697.0,71.0,189.2,52.0,1891.671875,67.93292171135545
2026-07-20T04:38:42.202647+00:00,8705.0,23.0,173.96,50.0,1892.20703125,68.23533760011196
2026-07-20T04:38:42.507925+00:00,8705.0,36.0,139.39,49.0,1892.20703125,68.54061494767666
2026-07-20T04:38:42.806599+00:00,8707.0,36.0,107.1,48.0,1892.20703125,68.83928910270333
2026-07-20T04:38:43.108272+00:00,8707.0,36.0,103.88,48.0,1892.20703125,69.14096236601472
2026-07-20T04:38:43.405678+00:00,8727.0,32.0,100.71,48.0,1892.20703125,69.43836759403348
2026-07-20T04:38:43.705355+00:00,8747.0,34.0,99.91,48.0,1892.20703125,69.73804467916489
2026-07-20T04:38:44.006903+00:00,8771.0,35.0,99.88,48.0,1892.20703125,70.03959312289953
2026-07-20T04:38:44.302762+00:00,8791.0,35.0,99.89,47.0,1892.20703125,70.3354516364634
2026-07-20T04:38:44.620884+00:00,8811.0,37.0,100.98,47.0,1892.20703125,70.65357341617346
2026-07-20T04:38:44.924770+00:00,8853.0,36.0,101.06,47.0,1892.20703125,70.95745994150639
2026-07-20T04:38:45.203877+00:00,8873.0,37.0,101.01,47.0,1892.20703125,71.23656762391329
2026-07-20T04:38:45.483288+00:00,8893.0,37.0,101.07,47.0,1892.20703125,71.51597777754068
2026-07-20T04:38:45.804943+00:00,8927.0,35.0,100.92,47.0,1892.20703125,71.8376323916018
2026-07-20T04:38:46.102667+00:00,8947.0,37.0,101.05,47.0,1892.20703125,72.13535672053695
2026-07-20T04:38:46.405882+00:00,8967.0,37.0,101.14,47.0,1892.20703125,72.43857193738222
2026-07-20T04:38:46.707018+00:00,8987.0,36.0,101.42,47.0,1892.20703125,72.73970774561167
2026-07-20T04:38:47.002399+00:00,9007.0,36.0,101.62,47.0,1892.20703125,73.03508885204792
2026-07-20T04:38:47.324250+00:00,9027.0,37.0,101.64,47.0,1892.20703125,73.35693985596299
2026-07-20T04:38:47.672998+00:00,9411.0,38.0,103.89,48.0,1892.20703125,73.70568803325295
2026-07-20T04:38:47.970475+00:00,9411.0,35.0,103.53,47.0,1892.20703125,74.00316560268402
2026-07-20T04:38:48.273739+00:00,9411.0,36.0,103.48,47.0,1892.20703125,74.30642917752266
2026-07-20T04:38:48.575233+00:00,9411.0,35.0,103.21,47.0,1892.20703125,74.6079225577414
2026-07-20T04:38:48.901209+00:00,9411.0,35.0,100.12,47.0,1892.20703125,74.93389901146293
2026-07-20T04:38:49.241872+00:00,9411.0,36.0,100.17,47.0,1892.20703125,75.27456206828356
2026-07-20T04:38:49.584702+00:00,9411.0,37.0,99.85,47.0,1892.20703125,75.61739169806242
2026-07-20T04:38:49.863602+00:00,9411.0,36.0,100.35,47.0,1892.20703125,75.89629255980253
2026-07-20T04:38:50.141491+00:00,9571.0,41.0,102.54,47.0,1892.20703125,76.1741809733212
2026-07-20T04:38:50.438457+00:00,9571.0,35.0,102.61,47.0,1892.20703125,76.471146710217
2026-07-20T04:38:50.780208+00:00,9571.0,35.0,102.35,47.0,1892.20703125,76.812897965312
2026-07-20T04:38:51.104681+00:00,9571.0,35.0,100.17,47.0,1892.20703125,77.13737134635448
2026-07-20T04:38:51.448775+00:00,9571.0,35.0,100.03,47.0,1892.2109375,77.48146467655897
2026-07-20T04:38:51.769233+00:00,9571.0,35.0,100.1,47.0,1892.2109375,77.8019233904779
2026-07-20T04:38:52.115778+00:00,9571.0,37.0,100.41,47.0,1892.2109375,78.14846702292562
2026-07-20T04:38:52.418514+00:00,9571.0,37.0,100.67,46.0,1892.2109375,78.4512042477727
2026-07-20T04:38:52.718592+00:00,9571.0,37.0,100.78,46.0,1892.2109375,78.75128243491054
2026-07-20T04:38:53.017966+00:00,9571.0,36.0,100.8,46.0,1892.2109375,79.05065594613552
2026-07-20T04:38:53.318403+00:00,9571.0,36.0,100.99,46.0,1892.2109375,79.35109325870872
2026-07-20T04:38:53.618341+00:00,9571.0,36.0,101.0,46.0,1892.2109375,79.6510307379067
2026-07-20T04:38:53.918450+00:00,9571.0,37.0,101.07,46.0,1892.2109375,79.95114045962691
2026-07-20T04:38:54.233185+00:00,9571.0,36.0,100.89,46.0,1892.2109375,80.26587460562587
2026-07-20T04:38:54.548875+00:00,9571.0,37.0,101.06,46.0,1892.2109375,80.58156548812985
2026-07-20T04:38:54.846980+00:00,9571.0,37.0,101.27,46.0,1892.2109375,80.8796699643135
2026-07-20T04:38:55.169429+00:00,9911.0,40.0,104.2,47.0,1892.2109375,81.20211862400174
2026-07-20T04:38:55.470954+00:00,9911.0,35.0,103.85,47.0,1892.2109375,81.5036435984075
2026-07-20T04:38:55.770829+00:00,9911.0,33.0,102.92,46.0,1892.2109375,81.80351737514138
2026-07-20T04:38:56.092899+00:00,9911.0,37.0,102.2,46.0,1892.2265625,82.12558853253722
2026-07-20T04:38:56.390328+00:00,9911.0,35.0,99.63,46.0,1892.2265625,82.42301907762885
2026-07-20T04:38:56.691044+00:00,9911.0,35.0,100.08,46.0,1892.2265625,82.72373450547457
2026-07-20T04:38:56.997375+00:00,9911.0,37.0,100.49,46.0,1892.2265625,83.03006503731012
2026-07-20T04:38:57.297693+00:00,9911.0,36.0,100.69,46.0,1892.2265625,83.3303829729557
2026-07-20T04:38:57.597157+00:00,9911.0,36.0,100.81,46.0,1892.2265625,83.62984801083803
2026-07-20T04:38:57.897654+00:00,9911.0,27.0,100.03,46.0,1892.2265625,83.93034452572465
2026-07-20T04:38:58.216898+00:00,9911.0,35.0,99.85,46.0,1892.2265625,84.24958843365312
2026-07-20T04:38:58.518143+00:00,9911.0,36.0,99.64,46.0,1892.23046875,84.55082380026579
2026-07-20T04:38:58.818310+00:00,9911.0,36.0,100.38,46.0,1892.234375,84.85100042074919
2026-07-20T04:38:59.119444+00:00,9911.0,37.0,100.66,46.0,1892.234375,85.1521301753819
2026-07-20T04:38:59.423883+00:00,9911.0,36.0,100.8,46.0,1892.234375,85.45657246559858
2026-07-20T04:38:59.723426+00:00,8629.0,47.0,119.88,48.0,1892.28125,85.75611631944776
2026-07-20T04:39:00.113714+00:00,10235.0,0.0,135.79,48.0,1892.28125,86.14640368148685
2026-07-20T04:39:00.412705+00:00,19987.0,53.0,158.85,50.0,1892.5546875,86.44539462774992
2026-07-20T04:39:00.738513+00:00,20367.0,69.0,175.03,52.0,1892.5546875,86.77120346203446
2026-07-20T04:39:01.037282+00:00,8629.0,63.0,187.16,51.0,1892.609375,87.06997305899858
2026-07-20T04:39:01.334495+00:00,8637.0,36.0,174.91,50.0,1893.4296875,87.36718512326479
2026-07-20T04:39:01.656458+00:00,8637.0,36.0,139.28,49.0,1893.4296875,87.68914815410972
2026-07-20T04:39:01.980560+00:00,8639.0,36.0,103.7,49.0,1893.4296875,88.0132509842515
2026-07-20T04:39:02.278175+00:00,8641.0,36.0,103.69,48.0,1893.4296875,88.310865547508
2026-07-20T04:39:02.601218+00:00,8681.0,35.0,102.03,48.0,1893.4296875,88.63390629738569
2026-07-20T04:39:02.924770+00:00,8701.0,34.0,101.83,48.0,1893.4453125,88.95746031031013
2026-07-20T04:39:03.248653+00:00,8859.0,34.0,102.17,48.0,1893.4453125,89.28134364634752
2026-07-20T04:39:03.550784+00:00,8859.0,35.0,104.19,48.0,1893.4453125,89.58347383514047
2026-07-20T04:39:03.829836+00:00,8859.0,36.0,104.21,48.0,1893.4453125,89.86252603679895
2026-07-20T04:39:04.152760+00:00,8859.0,35.0,104.2,48.0,1893.4453125,90.18544512987137
2026-07-20T04:39:04.454110+00:00,8859.0,35.0,101.57,48.0,1893.4453125,90.48680029809475
2026-07-20T04:39:04.753912+00:00,8859.0,35.0,101.62,47.0,1893.4453125,90.78660275414586
2026-07-20T04:39:05.075718+00:00,8859.0,35.0,101.33,47.0,1893.4453125,91.10840872302651
2026-07-20T04:39:05.396945+00:00,8859.0,36.0,101.32,47.0,1893.4453125,91.4296349324286
2026-07-20T04:39:05.698518+00:00,8879.0,24.0,100.25,47.0,1893.4453125,91.7312081232667
2026-07-20T04:39:06.020896+00:00,8899.0,36.0,99.92,47.0,1893.4453125,92.05358486250043
2026-07-20T04:39:06.365342+00:00,8941.0,37.0,100.08,47.0,1893.4453125,92.39803238585591
2026-07-20T04:39:06.684567+00:00,8961.0,37.0,101.57,47.0,1893.4453125,92.71725680679083
2026-07-20T04:39:06.986399+00:00,9193.0,36.0,104.16,47.0,1893.4453125,93.01908868178725
2026-07-20T04:39:07.287515+00:00,9193.0,35.0,103.64,47.0,1893.4453125,93.32020426169038
2026-07-20T04:39:07.590746+00:00,9193.0,35.0,102.93,47.0,1893.4453125,93.62343684956431
2026-07-20T04:39:07.890528+00:00,9193.0,23.0,99.5,47.0,1893.4453125,93.9232186973095
2026-07-20T04:39:08.191007+00:00,9193.0,35.0,99.68,47.0,1893.4453125,94.22369809448719
2026-07-20T04:39:08.508599+00:00,9193.0,36.0,99.65,47.0,1893.4453125,94.54128897190094
2026-07-20T04:39:08.806744+00:00,9193.0,36.0,99.94,47.0,1893.4453125,94.83943418040872
2026-07-20T04:39:09.101934+00:00,9193.0,37.0,100.5,47.0,1893.4453125,95.1346239335835
2026-07-20T04:39:09.398394+00:00,9193.0,37.0,100.65,47.0,1893.4453125,95.43108429759741
2026-07-20T04:39:09.698384+00:00,9193.0,37.0,100.77,47.0,1893.4453125,95.73107443749905
2026-07-20T04:39:09.998309+00:00,9193.0,37.0,100.85,47.0,1893.4453125,96.03099921345711
2026-07-20T04:39:10.294822+00:00,9193.0,37.0,100.77,47.0,1893.4453125,96.327512498945
2026-07-20T04:39:10.641104+00:00,9245.0,36.0,100.85,47.0,1893.4453125,96.6737939864397
2026-07-20T04:39:10.965114+00:00,9265.0,35.0,100.97,47.0,1893.4453125,96.99780385941267
2026-07-20T04:39:11.288688+00:00,9285.0,37.0,101.0,47.0,1893.4453125,97.32137809693813
2026-07-20T04:39:11.612630+00:00,9305.0,37.0,101.26,47.0,1893.4453125,97.64532054588199
2026-07-20T04:39:11.937001+00:00,9325.0,36.0,101.25,47.0,1893.4453125,97.96969122067094
2026-07-20T04:39:12.239320+00:00,9345.0,34.0,101.32,47.0,1893.4453125,98.27200892940164
2026-07-20T04:39:12.519085+00:00,9749.0,36.0,103.52,47.0,1893.4453125,98.5517756678164
2026-07-20T04:39:12.798603+00:00,9749.0,35.0,103.1,47.0,1893.4453125,98.83129227906466
2026-07-20T04:39:13.077804+00:00,9749.0,35.0,102.28,47.0,1893.4453125,99.11049397289753
2026-07-20T04:39:13.374532+00:00,9749.0,35.0,102.0,47.0,1893.4453125,99.4072228744626
2026-07-20T04:39:13.689223+00:00,9749.0,37.0,99.61,47.0,1893.4453125,99.7219129614532
2026-07-20T04:39:14.008382+00:00,9749.0,37.0,100.05,47.0,1893.4453125,100.04107288643718
2026-07-20T04:39:14.309561+00:00,9749.0,37.0,100.16,47.0,1893.4453125,100.34225115552545
2026-07-20T04:39:14.588303+00:00,9749.0,35.0,99.36,47.0,1893.4453125,100.62099400162697
2026-07-20T04:39:14.890715+00:00,9749.0,37.0,99.72,47.0,1893.4453125,100.92340569198132
2026-07-20T04:39:15.170156+00:00,9749.0,36.0,99.91,47.0,1893.4453125,101.202846493572
2026-07-20T04:39:15.448860+00:00,9749.0,37.0,100.74,47.0,1893.4453125,101.481549449265
2026-07-20T04:39:15.727974+00:00,9749.0,36.0,101.19,47.0,1893.4453125,101.76066479086876
2026-07-20T04:39:16.049783+00:00,9749.0,37.0,101.08,47.0,1893.4453125,102.08247301727533
2026-07-20T04:39:16.347816+00:00,9749.0,37.0,101.03,47.0,1893.4453125,102.38050623983145
2026-07-20T04:39:16.649167+00:00,9749.0,36.0,100.94,47.0,1893.4453125,102.68185697868466
2026-07-20T04:39:16.988660+00:00,9749.0,36.0,100.89,47.0,1893.4453125,103.02135007828474
2026-07-20T04:39:17.332447+00:00,9749.0,34.0,100.94,47.0,1893.4453125,103.3651365712285
2026-07-20T04:39:17.634646+00:00,9749.0,36.0,101.17,47.0,1893.4453125,103.66733518242836
2026-07-20T04:39:17.933298+00:00,9749.0,37.0,101.28,47.0,1893.44921875,103.96598806604743
2026-07-20T04:39:18.228823+00:00,9749.0,37.0,101.47,47.0,1893.45703125,104.2615129686892
2026-07-20T04:39:18.530045+00:00,9769.0,37.0,101.51,47.0,1893.45703125,104.56273462250829
2026-07-20T04:39:18.848542+00:00,9809.0,36.0,101.71,47.0,1893.46484375,104.88123277947307
2026-07-20T04:39:19.192636+00:00,9847.0,35.0,101.68,47.0,1893.46484375,105.22532622888684
2026-07-20T04:39:19.492081+00:00,9867.0,37.0,101.9,47.0,1893.46484375,105.52477098628879
2026-07-20T04:39:19.789370+00:00,9887.0,37.0,102.06,47.0,1893.4765625,105.82206054776907
2026-07-20T04:39:20.064540+00:00,9139.0,61.0,122.78,50.0,1893.50390625,106.09723134711385
2026-07-20T04:39:20.418606+00:00,10305.0,15.0,143.51,49.0,1893.5234375,106.45129542425275
2026-07-20T04:39:20.713520+00:00,23049.0,50.0,167.92,50.0,1894.28515625,106.74620969966054
2026-07-20T04:39:21.009709+00:00,23549.0,73.0,194.18,52.0,1894.7265625,107.04239887371659
2026-07-20T04:39:21.335111+00:00,9157.0,68.0,201.3,52.0,1894.9296875,107.36780129373074
2026-07-20T04:39:21.616457+00:00,9149.0,0.0,191.48,51.0,1895.90625,107.64914701133966
2026-07-20T04:39:21.914901+00:00,9151.0,36.0,153.46,50.0,1895.90625,107.9475900195539
2026-07-20T04:39:22.213452+00:00,9151.0,37.0,114.05,49.0,1895.90625,108.24614315852523
2026-07-20T04:39:22.488689+00:00,9151.0,37.0,103.24,49.0,1895.90625,108.5213800854981
2026-07-20T04:39:22.763976+00:00,9171.0,37.0,101.95,49.0,1895.90625,108.79666667431593
2026-07-20T04:39:23.038710+00:00,9195.0,36.0,101.87,49.0,1895.90625,109.07140121981502
2026-07-20T04:39:23.379324+00:00,9215.0,36.0,101.69,48.0,1895.90625,109.41201430931687
2026-07-20T04:39:23.679152+00:00,9235.0,36.0,101.64,48.0,1895.90625,109.71184206753969
2026-07-20T04:39:23.973292+00:00,9405.0,36.0,103.96,48.0,1895.90625,110.00598275661469
2026-07-20T04:39:24.274903+00:00,9405.0,37.0,103.83,48.0,1895.90625,110.30759371072054
2026-07-20T04:39:24.591570+00:00,9405.0,37.0,103.72,48.0,1895.90625,110.6242615878582
2026-07-20T04:39:24.868227+00:00,9405.0,37.0,100.99,48.0,1895.90625,110.90091856569052
2026-07-20T04:39:25.162572+00:00,9405.0,36.0,100.91,48.0,1895.90625,111.195263389498
2026-07-20T04:39:25.494276+00:00,9405.0,33.0,100.99,48.0,1895.90625,111.52696564048529
2026-07-20T04:39:25.770769+00:00,9405.0,36.0,100.93,48.0,1895.9140625,111.80346066877246
2026-07-20T04:39:26.070098+00:00,9561.0,36.0,102.76,48.0,1895.9140625,112.10278891399503
2026-07-20T04:39:26.366884+00:00,9561.0,36.0,103.71,48.0,1895.9140625,112.39957516267896
2026-07-20T04:39:26.642340+00:00,9561.0,37.0,103.8,48.0,1895.9140625,112.67503138631582
2026-07-20T04:39:26.917941+00:00,9561.0,37.0,103.68,48.0,1895.9140625,112.95063254982233
2026-07-20T04:39:27.217457+00:00,9561.0,36.0,101.01,47.0,1895.9140625,113.25014717131853
2026-07-20T04:39:27.511628+00:00,9561.0,36.0,100.61,47.0,1895.9140625,113.54431883618236
2026-07-20T04:39:27.788819+00:00,9561.0,36.0,100.79,47.0,1895.9140625,113.82151008397341
2026-07-20T04:39:28.110202+00:00,9561.0,37.0,101.03,47.0,1895.9140625,114.1428926885128
2026-07-20T04:39:28.385925+00:00,9561.0,37.0,101.24,47.0,1895.9140625,114.4186164997518
2026-07-20T04:39:28.661608+00:00,9583.0,37.0,101.49,47.0,1895.9140625,114.69429978355765
2026-07-20T04:39:28.957550+00:00,9603.0,37.0,101.58,47.0,1895.9140625,114.99024095758796
2026-07-20T04:39:29.251190+00:00,9635.0,36.0,101.51,47.0,1895.9140625,115.28387131169438
2026-07-20T04:39:29.527175+00:00,9655.0,36.0,101.51,47.0,1895.9140625,115.55986662954092
2026-07-20T04:39:29.803731+00:00,9675.0,37.0,101.79,47.0,1895.9140625,115.83642146736383
2026-07-20T04:39:30.110052+00:00,9715.0,37.0,101.97,47.0,1895.9140625,116.14274383336306
2026-07-20T04:39:30.386932+00:00,9997.0,36.0,104.4,47.0,1895.9140625,116.41962268203497
2026-07-20T04:39:30.663615+00:00,9997.0,36.0,104.17,47.0,1895.9140625,116.6963064186275
2026-07-20T04:39:30.963074+00:00,9997.0,36.0,103.63,47.0,1895.9140625,116.99576497823
2026-07-20T04:39:31.261218+00:00,9997.0,35.0,100.6,47.0,1895.9140625,117.29390801116824
2026-07-20T04:39:31.580522+00:00,9997.0,35.0,100.42,47.0,1895.9140625,117.6132130175829
2026-07-20T04:39:31.880467+00:00,9997.0,33.0,100.27,47.0,1895.9140625,117.91315775737166
2026-07-20T04:39:32.224581+00:00,9997.0,33.0,100.23,47.0,1895.9140625,118.25727146863937
2026-07-20T04:39:32.527595+00:00,9997.0,36.0,100.23,47.0,1895.9140625,118.56028554588556
2026-07-20T04:39:32.826346+00:00,9997.0,37.0,100.35,47.0,1895.9140625,118.85903610661626
2026-07-20T04:39:33.144743+00:00,9997.0,35.0,100.4,47.0,1895.9140625,119.17743295803666
2026-07-20T04:39:33.465933+00:00,9997.0,37.0,100.64,47.0,1895.9140625,119.49862302094698
2026-07-20T04:39:33.765309+00:00,9997.0,37.0,100.71,47.0,1895.9140625,119.7979990914464
2026-07-20T04:39:34.061139+00:00,9997.0,36.0,100.93,47.0,1895.9140625,120.09382984787226
2026-07-20T04:39:34.360365+00:00,9999.0,37.0,101.23,47.0,1895.9140625,120.39305566623807
2026-07-20T04:39:34.661639+00:00,10019.0,37.0,101.36,47.0,1895.9140625,120.69432901218534
2026-07-20T04:39:34.960299+00:00,10039.0,37.0,101.93,47.0,1895.91796875,120.9929900765419
2026-07-20T04:39:35.236535+00:00,10059.0,38.0,102.12,47.0,1895.91796875,121.26922599226236
2026-07-20T04:39:35.534635+00:00,10079.0,38.0,102.23,47.0,1895.91796875,121.56732574850321
2026-07-20T04:39:35.831632+00:00,10099.0,37.0,102.32,47.0,1895.91796875,121.86432357132435
2026-07-20T04:39:36.134078+00:00,8753.0,52.0,126.67,51.0,1895.921875,122.16676919162273
2026-07-20T04:39:36.493325+00:00,11271.0,0.0,139.75,49.0,1895.96484375,122.52601366862655
2026-07-20T04:39:36.773308+00:00,20473.0,60.0,161.84,51.0,1896.58203125,122.80599845945835
2026-07-20T04:39:37.053634+00:00,20875.0,61.0,181.3,53.0,1896.58203125,123.08632466197014
2026-07-20T04:39:37.385730+00:00,8705.0,73.0,194.12,53.0,1896.80078125,123.41842079535127
2026-07-20T04:39:37.667031+00:00,8715.0,20.0,183.91,51.0,1897.98828125,123.69972101971507
2026-07-20T04:39:37.944159+00:00,8717.0,36.0,151.09,50.0,1897.98828125,123.97685042023659
2026-07-20T04:39:38.244598+00:00,8717.0,34.0,115.55,49.0,1897.98828125,124.27728905901313
2026-07-20T04:39:38.542245+00:00,8717.0,37.0,103.66,49.0,1897.98828125,124.57493560388684
2026-07-20T04:39:38.837861+00:00,8737.0,36.0,101.86,49.0,1897.98828125,124.87055263668299
2026-07-20T04:39:39.133837+00:00,8761.0,37.0,101.74,49.0,1897.98828125,125.16652802750468
2026-07-20T04:39:39.435563+00:00,8781.0,35.0,101.82,48.0,1897.98828125,125.46825278177857
2026-07-20T04:39:39.712900+00:00,8801.0,36.0,101.76,48.0,1897.98828125,125.74559082463384
2026-07-20T04:39:40.010062+00:00,8821.0,36.0,101.58,48.0,1897.98828125,126.04275308176875
2026-07-20T04:39:40.355847+00:00,8863.0,36.0,101.49,48.0,1897.98828125,126.38853707909584
2026-07-20T04:39:40.656300+00:00,8883.0,37.0,101.67,48.0,1897.98828125,126.68899066373706
2026-07-20T04:39:40.951381+00:00,9099.0,36.0,104.74,48.0,1897.98828125,126.98407173529267
2026-07-20T04:39:41.266262+00:00,9099.0,37.0,104.68,48.0,1897.98828125,127.29895208403468
2026-07-20T04:39:41.542933+00:00,9099.0,37.0,104.62,48.0,1897.98828125,127.57562326267362
2026-07-20T04:39:41.866389+00:00,9099.0,37.0,101.49,48.0,1897.98828125,127.89907988160849
2026-07-20T04:39:42.166505+00:00,9099.0,36.0,101.57,48.0,1897.98828125,128.1991960220039
2026-07-20T04:39:42.503607+00:00,9099.0,36.0,101.57,48.0,1897.98828125,128.5362979620695
2026-07-20T04:39:42.781024+00:00,9099.0,37.0,101.59,48.0,1897.98828125,128.81371510773897
2026-07-20T04:39:43.056957+00:00,9099.0,37.0,101.38,48.0,1897.98828125,129.08964835852385
2026-07-20T04:39:43.332779+00:00,9099.0,37.0,101.44,48.0,1897.98828125,129.36547039076686
2026-07-20T04:39:43.608753+00:00,9099.0,37.0,101.59,48.0,1897.98828125,129.64144417643547
2026-07-20T04:39:43.907420+00:00,9109.0,37.0,101.76,48.0,1897.98828125,129.940111592412
2026-07-20T04:39:44.206964+00:00,9129.0,37.0,101.93,48.0,1897.98828125,130.23965525999665
2026-07-20T04:39:44.510446+00:00,9149.0,36.0,101.92,47.0,1897.98828125,130.54313610866666
2026-07-20T04:39:44.806271+00:00,9189.0,37.0,101.95,47.0,1897.98828125,130.83896135538816
2026-07-20T04:39:45.111376+00:00,9211.0,37.0,102.02,47.0,1897.98828125,131.14406705647707
2026-07-20T04:39:45.388145+00:00,9231.0,37.0,102.23,47.0,1897.98828125,131.42083578556776
2026-07-20T04:39:45.684504+00:00,9551.0,33.0,104.29,47.0,1897.98828125,131.7171949967742
2026-07-20T04:39:46.008609+00:00,9551.0,36.0,103.76,47.0,1897.98828125,132.0412993952632
2026-07-20T04:39:46.310449+00:00,9551.0,37.0,103.14,47.0,1897.98828125,132.34313901886344
2026-07-20T04:39:46.632835+00:00,9551.0,35.0,100.31,47.0,1897.98828125,132.66552500799298
2026-07-20T04:39:46.934751+00:00,9551.0,37.0,100.43,47.0,1897.98828125,132.96744094789028
2026-07-20T04:39:47.256837+00:00,9551.0,36.0,100.28,47.0,1897.98828125,133.28952648863196
2026-07-20T04:39:47.560876+00:00,9551.0,37.0,100.4,47.0,1897.98828125,133.59356663376093
2026-07-20T04:39:47.904187+00:00,9551.0,35.0,100.62,47.0,1897.98828125,133.93687745928764
2026-07-20T04:39:48.204889+00:00,9551.0,37.0,100.69,47.0,1897.98828125,134.2375794686377
2026-07-20T04:39:48.499852+00:00,9551.0,37.0,101.18,47.0,1897.98828125,134.53254305943847
2026-07-20T04:39:48.814830+00:00,9551.0,37.0,101.55,47.0,1897.98828125,134.8475203588605
2026-07-20T04:39:49.091345+00:00,9551.0,37.0,101.95,47.0,1897.98828125,135.12403556331992
2026-07-20T04:39:49.390294+00:00,9551.0,38.0,102.05,47.0,1897.98828125,135.42298496887088
2026-07-20T04:39:49.690367+00:00,9551.0,35.0,101.73,47.0,1897.98828125,135.72305726632476
2026-07-20T04:39:49.983546+00:00,9551.0,37.0,101.73,47.0,1898.0,136.01623676344752
2026-07-20T04:39:50.277588+00:00,9551.0,37.0,101.68,47.0,1898.0,136.31027966365218
2026-07-20T04:39:50.575947+00:00,9571.0,37.0,101.76,47.0,1898.0078125,136.60863757133484
2026-07-20T04:39:50.871922+00:00,9591.0,37.0,101.86,47.0,1898.01953125,136.90461175888777
2026-07-20T04:39:51.168735+00:00,9611.0,38.0,101.8,47.0,1898.01953125,137.20142570883036
2026-07-20T04:39:51.467841+00:00,9631.0,37.0,101.94,47.0,1898.04296875,137.50053153932095
2026-07-20T04:39:51.744138+00:00,9669.0,38.0,102.13,47.0,1898.04296875,137.77682987228036
2026-07-20T04:39:52.020592+00:00,9709.0,38.0,102.25,47.0,1898.04296875,138.05328365042806
2026-07-20T04:39:52.315742+00:00,9729.0,38.0,102.3,47.0,1898.05859375,138.34843353182077
2026-07-20T04:39:52.610097+00:00,9749.0,38.0,102.48,47.0,1898.05859375,138.64278741925955
2026-07-20T04:39:52.887094+00:00,9769.0,38.0,102.78,47.0,1898.05859375,138.91978525742888
2026-07-20T04:39:53.185265+00:00,9789.0,37.0,102.66,47.0,1898.0703125,139.21795544028282
2026-07-20T04:39:53.479609+00:00,9809.0,38.0,103.06,47.0,1898.0703125,139.5122999213636
2026-07-20T04:39:53.756230+00:00,9829.0,38.0,103.14,47.0,1898.0703125,139.78892064839602
2026-07-20T04:39:54.051322+00:00,9849.0,37.0,103.32,47.0,1898.0859375,140.08401178568602
2026-07-20T04:39:54.346938+00:00,10463.0,43.0,106.09,47.0,1898.0859375,140.37962907925248
2026-07-20T04:39:54.623331+00:00,10463.0,36.0,105.2,47.0,1898.0859375,140.65602196380496
2026-07-20T04:39:54.944353+00:00,10463.0,37.0,104.37,47.0,1898.09375,140.97704216092825
2026-07-20T04:39:55.263765+00:00,10463.0,33.0,103.34,47.0,1898.09375,141.29645442590117
2026-07-20T04:39:55.541416+00:00,10463.0,36.0,100.49,47.0,1898.09765625,141.5741069726646
2026-07-20T04:39:55.834811+00:00,10463.0,36.0,100.63,47.0,1898.10546875,141.86750147119164
2026-07-20T04:39:56.150112+00:00,10463.0,36.0,100.59,47.0,1898.10546875,142.18280301615596
2026-07-20T04:39:56.450081+00:00,10463.0,36.0,100.8,47.0,1898.109375,142.48277229815722
2026-07-20T04:39:56.747846+00:00,10463.0,37.0,101.31,47.0,1898.109375,142.78053597733378
2026-07-20T04:39:57.023736+00:00,10463.0,37.0,101.22,47.0,1898.11328125,143.05642727017403
2026-07-20T04:39:57.359093+00:00,10463.0,34.0,101.29,47.0,1898.13671875,143.39178270846605
2026-07-20T04:39:57.678412+00:00,10463.0,37.0,101.17,47.0,1898.13671875,143.71110149472952
2026-07-20T04:39:57.955234+00:00,10463.0,37.0,101.14,47.0,1898.140625,143.9879245981574
2026-07-20T04:39:58.232413+00:00,10463.0,37.0,101.24,47.0,1898.15625,144.26510413363576
2026-07-20T04:39:58.527144+00:00,10463.0,37.0,101.66,47.0,1898.15625,144.5598353073001
2026-07-20T04:39:58.803180+00:00,10463.0,37.0,101.8,47.0,1898.16015625,144.835870642215
2026-07-20T04:39:59.079139+00:00,10463.0,37.0,101.92,47.0,1898.171875,145.11182972043753
2026-07-20T04:39:59.376301+00:00,10463.0,37.0,101.68,47.0,1898.171875,145.40899196267128
2026-07-20T04:39:59.653772+00:00,10463.0,37.0,101.64,47.0,1898.17578125,145.6864623874426
2026-07-20T04:39:59.947304+00:00,10463.0,37.0,101.62,47.0,1898.18359375,145.97999380528927
2026-07-20T04:40:00.245626+00:00,10463.0,36.0,101.75,47.0,1898.18359375,146.27831607684493
2026-07-20T04:40:00.524651+00:00,10463.0,36.0,102.02,47.0,1898.19921875,146.5573410578072
2026-07-20T04:40:00.804613+00:00,10463.0,38.0,102.31,47.0,1898.19921875,146.83730389922857
2026-07-20T04:40:01.106220+00:00,10463.0,37.0,102.51,47.0,1898.19921875,147.13891004025936
2026-07-20T04:40:01.433549+00:00,10463.0,36.0,102.64,47.0,1898.20703125,147.46623877435923
2026-07-20T04:40:01.753271+00:00,10463.0,38.0,102.71,47.0,1898.20703125,147.78596114367247
2026-07-20T04:40:02.050318+00:00,10463.0,36.0,102.86,47.0,1898.2109375,148.0830083936453
2026-07-20T04:40:02.357372+00:00,10463.0,38.0,102.83,47.0,1898.23828125,148.39006151631474
2026-07-20T04:40:02.654357+00:00,10463.0,38.0,102.82,47.0,1898.23828125,148.68704651668668
2026-07-20T04:40:02.952544+00:00,10463.0,38.0,102.91,47.0,1898.2421875,148.98523449152708
2026-07-20T04:40:03.230533+00:00,9701.0,75.0,129.62,50.0,1898.2578125,149.26322470232844
2026-07-20T04:40:03.614985+00:00,10373.0,1.0,157.28,50.0,1898.28515625,149.64767431467772
2026-07-20T04:40:03.916043+00:00,26007.0,59.0,190.7,52.0,1898.66015625,149.94873332232237
2026-07-20T04:40:04.219805+00:00,27209.0,94.0,219.07,55.0,1898.79296875,150.25249537080526
2026-07-20T04:40:04.546028+00:00,13735.0,87.0,238.26,55.0,1898.79296875,150.5787191092968
2026-07-20T04:40:04.827777+00:00,9547.0,0.0,217.31,52.0,1900.1171875,150.8604667633772
2026-07-20T04:40:05.124853+00:00,9563.0,36.0,170.76,51.0,1900.1171875,151.1575435437262
2026-07-20T04:40:05.420689+00:00,9563.0,36.0,121.77,51.0,1900.1171875,151.4533799663186
2026-07-20T04:40:05.734112+00:00,9563.0,37.0,105.88,50.0,1900.1171875,151.76680272817612
2026-07-20T04:40:06.032807+00:00,9583.0,37.0,104.21,50.0,1900.1171875,152.06549779325724
2026-07-20T04:40:06.310006+00:00,9605.0,36.0,104.15,50.0,1900.1171875,152.3426966741681
2026-07-20T04:40:06.586438+00:00,9627.0,36.0,103.94,49.0,1900.1171875,152.61912928894162
2026-07-20T04:40:06.890484+00:00,9657.0,35.0,103.57,49.0,1900.1171875,152.92317387461662
2026-07-20T04:40:07.190597+00:00,9677.0,36.0,103.41,49.0,1900.1171875,153.223288025707
2026-07-20T04:40:07.487478+00:00,9697.0,36.0,103.35,49.0,1900.1171875,153.52016808465123
2026-07-20T04:40:07.764103+00:00,9717.0,36.0,103.45,49.0,1900.1171875,153.7967941313982
2026-07-20T04:40:08.042650+00:00,9947.0,41.0,107.12,49.0,1900.1171875,154.07534116879106
2026-07-20T04:40:08.319321+00:00,9947.0,36.0,106.48,49.0,1900.1171875,154.3520119972527
2026-07-20T04:40:08.595449+00:00,9947.0,36.0,105.9,49.0,1900.1171875,154.62813979387283
2026-07-20T04:40:08.872443+00:00,9947.0,36.0,105.55,48.0,1900.1171875,154.90512520074844
2026-07-20T04:40:09.169263+00:00,9947.0,36.0,101.87,48.0,1900.1171875,155.20195403695107
2026-07-20T04:40:09.445179+00:00,9947.0,36.0,102.0,48.0,1900.1171875,155.47786984220147
2026-07-20T04:40:09.737342+00:00,9947.0,36.0,101.94,48.0,1900.1171875,155.77003306150436
2026-07-20T04:40:10.059754+00:00,9949.0,35.0,102.03,48.0,1900.1171875,156.09244510531425
2026-07-20T04:40:10.337470+00:00,9949.0,36.0,102.11,48.0,1900.1171875,156.3701611123979
2026-07-20T04:40:10.631114+00:00,9949.0,37.0,101.83,48.0,1900.1171875,156.66380577906966
2026-07-20T04:40:10.907112+00:00,9949.0,37.0,102.08,48.0,1900.1171875,156.93980311229825
2026-07-20T04:40:11.208113+00:00,9969.0,37.0,101.9,48.0,1900.1171875,157.24080385640264
2026-07-20T04:40:11.506240+00:00,9989.0,36.0,102.14,48.0,1900.1171875,157.5389316380024
2026-07-20T04:40:11.805877+00:00,10009.0,36.0,102.4,48.0,1900.1171875,157.83856831118464
2026-07-20T04:40:12.106293+00:00,10029.0,37.0,102.37,48.0,1900.1171875,158.13898332044482
2026-07-20T04:40:12.385446+00:00,10049.0,36.0,102.38,48.0,1900.1171875,158.41813602298498
2026-07-20T04:40:12.662952+00:00,10069.0,37.0,102.27,48.0,1900.1171875,158.69564345106483
2026-07-20T04:40:12.981943+00:00,10107.0,36.0,102.59,48.0,1900.1171875,159.01463422179222
2026-07-20T04:40:13.258361+00:00,10127.0,37.0,102.68,48.0,1900.1171875,159.29105176404119
2026-07-20T04:40:13.534848+00:00,10147.0,37.0,102.7,48.0,1900.1171875,159.5675390921533
2026-07-20T04:40:13.835110+00:00,10167.0,37.0,102.5,48.0,1900.1171875,159.86780125275254
2026-07-20T04:40:14.111255+00:00,10187.0,38.0,102.62,48.0,1900.1171875,160.1439458988607
2026-07-20T04:40:14.408682+00:00,10207.0,37.0,102.86,48.0,1900.1171875,160.44137299060822
2026-07-20T04:40:14.709122+00:00,10647.0,35.0,105.96,48.0,1900.1171875,160.74181262031198
2026-07-20T04:40:15.041590+00:00,10647.0,36.0,105.57,48.0,1900.1171875,161.07427129894495
2026-07-20T04:40:15.382114+00:00,10647.0,35.0,104.58,48.0,1900.1171875,161.41480280086398
2026-07-20T04:40:15.685780+00:00,10647.0,36.0,101.09,47.0,1900.1171875,161.7184698432684
2026-07-20T04:40:16.009082+00:00,10647.0,36.0,101.18,47.0,1900.1171875,162.04177173227072
2026-07-20T04:40:16.355659+00:00,10647.0,36.0,101.41,47.0,1900.1171875,162.3883483968675
2026-07-20T04:40:16.704483+00:00,10647.0,37.0,101.27,47.0,1900.1171875,162.7371728979051
2026-07-20T04:40:17.002609+00:00,10647.0,37.0,101.16,47.0,1900.1171875,163.03529899567366
2026-07-20T04:40:17.304097+00:00,10647.0,37.0,101.33,47.0,1900.1171875,163.33678789064288
2026-07-20T04:40:17.603976+00:00,10647.0,37.0,101.77,47.0,1900.1171875,163.63666623458266
2026-07-20T04:40:17.903296+00:00,10647.0,37.0,102.03,47.0,1900.1171875,163.93598659336567
2026-07-20T04:40:18.179545+00:00,10647.0,37.0,102.28,47.0,1900.1171875,164.21223497763276
2026-07-20T04:40:18.480240+00:00,10647.0,33.0,101.94,47.0,1900.1171875,164.5129235945642
2026-07-20T04:40:18.758261+00:00,10647.0,37.0,101.88,47.0,1900.1171875,164.79095189645886
2026-07-20T04:40:19.059290+00:00,10647.0,37.0,101.9,47.0,1900.1171875,165.09198073670268
2026-07-20T04:40:19.335882+00:00,10647.0,37.0,101.78,47.0,1900.1171875,165.36857295408845
2026-07-20T04:40:19.632861+00:00,10647.0,37.0,102.43,47.0,1900.1171875,165.66555054858327
2026-07-20T04:40:19.930663+00:00,10647.0,37.0,102.69,47.0,1900.1171875,165.9633538685739
2026-07-20T04:40:20.207103+00:00,10647.0,37.0,102.79,47.0,1900.1171875,166.23979338258505
2026-07-20T04:40:20.483255+00:00,10647.0,37.0,102.94,47.0,1900.1171875,166.51594638824463
2026-07-20T04:40:20.761223+00:00,10647.0,37.0,102.91,47.0,1900.1171875,166.79391282051802
2026-07-20T04:40:21.106685+00:00,10667.0,37.0,102.85,47.0,1900.1171875,167.1393755376339
2026-07-20T04:40:21.410185+00:00,10687.0,35.0,103.01,47.0,1900.12109375,167.44287574663758
2026-07-20T04:40:21.712654+00:00,10707.0,37.0,102.92,47.0,1900.12109375,167.74534441903234
2026-07-20T04:40:21.989304+00:00,10727.0,37.0,102.82,47.0,1900.125,168.02199446037412
2026-07-20T04:40:22.265361+00:00,10747.0,37.0,102.88,47.0,1900.1328125,168.29805202037096
2026-07-20T04:40:22.585240+00:00,11315.0,37.0,103.04,47.0,1900.1328125,168.61792999133468
2026-07-20T04:40:22.885390+00:00,11315.0,36.0,105.72,47.0,1900.1328125,168.9180805310607
2026-07-20T04:40:23.179746+00:00,11315.0,37.0,105.08,47.0,1900.1328125,169.2124369367957
2026-07-20T04:40:23.456096+00:00,11315.0,37.0,104.29,47.0,1900.1328125,169.48878636956215
2026-07-20T04:40:23.732531+00:00,11315.0,36.0,100.84,47.0,1900.1328125,169.7652228139341
2026-07-20T04:40:24.025235+00:00,11315.0,37.0,101.01,47.0,1900.1328125,170.0579260736704
2026-07-20T04:40:24.318880+00:00,11315.0,37.0,101.11,47.0,1900.1328125,170.35157166793942
2026-07-20T04:40:24.594915+00:00,11315.0,37.0,101.23,47.0,1900.1328125,170.62760662287474
2026-07-20T04:40:24.915285+00:00,11315.0,37.0,101.41,47.0,1900.1328125,170.94797580316663
2026-07-20T04:40:25.192760+00:00,11315.0,37.0,101.43,47.0,1900.13671875,171.22545137628913
2026-07-20T04:40:25.492192+00:00,11315.0,37.0,101.46,47.0,1900.14453125,171.52488321438432
2026-07-20T04:40:25.788013+00:00,11315.0,37.0,101.62,47.0,1900.14453125,171.8207034729421
2026-07-20T04:40:26.088215+00:00,11315.0,37.0,101.76,47.0,1900.1484375,172.12090558558702
2026-07-20T04:40:26.390542+00:00,11315.0,35.0,101.95,47.0,1900.15625,172.42323237285018
2026-07-20T04:40:26.693283+00:00,11315.0,38.0,102.13,47.0,1900.15625,172.72597245126963
2026-07-20T04:40:27.031712+00:00,11315.0,37.0,102.18,47.0,1900.1640625,173.06440116092563
2026-07-20T04:40:27.309609+00:00,11315.0,38.0,102.62,47.0,1900.1796875,173.34229949116707
2026-07-20T04:40:27.586242+00:00,11315.0,38.0,102.62,47.0,1900.1796875,173.61893301457167
2026-07-20T04:40:27.862914+00:00,11315.0,38.0,102.81,47.0,1900.1953125,173.89560524374247
2026-07-20T04:40:28.162751+00:00,11315.0,38.0,102.92,47.0,1900.1953125,174.1954407915473
2026-07-20T04:40:28.458814+00:00,11315.0,38.0,102.81,47.0,1900.1953125,174.4915051534772
2026-07-20T04:40:28.753778+00:00,11315.0,38.0,102.78,47.0,1900.2109375,174.78646908327937
2026-07-20T04:40:29.074437+00:00,11315.0,38.0,102.62,47.0,1900.2109375,175.10712784156203
2026-07-20T04:40:29.396804+00:00,11315.0,38.0,102.4,47.0,1900.21484375,175.42949438095093
2026-07-20T04:40:29.712522+00:00,11315.0,38.0,102.59,47.0,1900.234375,175.74521232396364
2026-07-20T04:40:30.056044+00:00,11315.0,37.0,102.78,47.0,1900.234375,176.08873416483402
2026-07-20T04:40:30.376673+00:00,11315.0,37.0,102.95,47.0,1900.25,176.4093628115952
2026-07-20T04:40:30.678311+00:00,11315.0,37.0,102.92,47.0,1900.25,176.7110008560121
2026-07-20T04:40:30.996492+00:00,11335.0,38.0,102.97,47.0,1900.25,177.02918174490333
2026-07-20T04:40:31.322689+00:00,14343.0,37.0,103.06,47.0,1900.26953125,177.35537861287594
2026-07-20T04:40:31.623476+00:00,9813.0,75.0,142.52,51.0,1900.28125,177.65616518259048
2026-07-20T04:40:31.945368+00:00,14585.0,22.0,161.01,51.0,1900.28515625,177.9780568778515
2026-07-20T04:40:32.298576+00:00,28659.0,83.0,205.97,53.0,1900.8203125,178.3312661163509
2026-07-20T04:40:32.604504+00:00,28659.0,83.0,225.5,55.0,1900.8203125,178.63719318062067
2026-07-20T04:40:32.883768+00:00,9549.0,82.0,240.79,55.0,1900.8203125,178.91645831242204
2026-07-20T04:40:33.188841+00:00,9549.0,0.0,212.03,52.0,1924.6796875,179.22153105214238
2026-07-20T04:40:33.497916+00:00,9549.0,0.0,151.4,51.0,1951.25390625,179.53060674667358
2026-07-20T04:40:33.802676+00:00,9607.0,38.0,98.38,51.0,1951.58203125,179.8353658504784
2026-07-20T04:40:34.106050+00:00,9607.0,37.0,100.18,50.0,1951.58203125,180.13874005898833
2026-07-20T04:40:34.456909+00:00,9623.0,36.0,105.71,50.0,1951.58203125,180.48959970846772
2026-07-20T04:40:34.762337+00:00,9623.0,37.0,104.3,50.0,1951.58203125,180.7950274348259
2026-07-20T04:40:35.070371+00:00,9623.0,38.0,104.04,49.0,1951.58203125,181.10306061059237
2026-07-20T04:40:35.351190+00:00,9643.0,36.0,103.93,49.0,1951.58203125,181.3838803395629
2026-07-20T04:40:35.654588+00:00,9789.0,50.0,108.25,50.0,1951.58203125,181.68727819621563
2026-07-20T04:40:35.954332+00:00,9789.0,37.0,108.01,49.0,1951.58203125,181.98702204972506
2026-07-20T04:40:36.276113+00:00,9789.0,37.0,107.8,49.0,1951.58203125,182.30880304425955
2026-07-20T04:40:36.578354+00:00,9789.0,37.0,105.52,49.0,1951.58203125,182.61104390397668
2026-07-20T04:40:36.924417+00:00,9789.0,38.0,103.33,49.0,1951.58203125,182.95710715651512
2026-07-20T04:40:37.272078+00:00,9789.0,38.0,103.3,49.0,1951.58203125,183.30476842448115
2026-07-20T04:40:37.574393+00:00,9809.0,37.0,103.07,49.0,1951.58203125,183.60708367824554
2026-07-20T04:40:37.854108+00:00,9829.0,37.0,103.29,48.0,1951.58203125,183.88679772242904
2026-07-20T04:40:38.176435+00:00,9849.0,37.0,103.47,48.0,1951.58203125,184.20912509411573
2026-07-20T04:40:38.500108+00:00,9869.0,37.0,103.76,48.0,1951.58203125,184.5327974818647
2026-07-20T04:40:38.846080+00:00,9889.0,37.0,103.82,48.0,1951.58203125,184.87877021357417
2026-07-20T04:40:39.149953+00:00,10135.0,37.0,109.22,49.0,1951.58203125,185.18264351040125
2026-07-20T04:40:39.472881+00:00,10135.0,36.0,108.83,48.0,1951.58203125,185.5055706128478
2026-07-20T04:40:39.820608+00:00,10135.0,37.0,108.64,48.0,1951.58203125,185.85329858213663
2026-07-20T04:40:40.127070+00:00,10135.0,38.0,102.88,48.0,1951.58203125,186.15975988283753
2026-07-20T04:40:40.429247+00:00,10135.0,38.0,103.07,48.0,1951.58203125,186.46193765848875
2026-07-20T04:40:40.751524+00:00,10135.0,36.0,103.24,48.0,1951.58203125,186.78421468287706
2026-07-20T04:40:41.053918+00:00,10135.0,36.0,103.21,48.0,1951.58203125,187.08660818263888
2026-07-20T04:40:41.380445+00:00,10135.0,38.0,103.25,48.0,1951.58203125,187.41313533857465
2026-07-20T04:40:41.677941+00:00,10135.0,38.0,103.17,48.0,1951.58203125,187.71063156798482
2026-07-20T04:40:41.978865+00:00,10341.0,35.0,106.4,48.0,1951.58203125,188.0115550979972
2026-07-20T04:40:42.296201+00:00,10341.0,35.0,108.27,48.0,1951.58203125,188.32889145240188
2026-07-20T04:40:42.576740+00:00,10341.0,38.0,107.93,48.0,1951.58203125,188.60943015664816
2026-07-20T04:40:42.875327+00:00,10341.0,37.0,107.63,48.0,1951.58203125,188.9080171622336
2026-07-20T04:40:43.173441+00:00,10341.0,36.0,102.6,48.0,1951.58203125,189.2061316743493
2026-07-20T04:40:43.473715+00:00,10341.0,38.0,102.54,48.0,1951.58203125,189.50640555098653
2026-07-20T04:40:43.779218+00:00,10341.0,38.0,102.76,48.0,1951.58203125,189.81190775334835
2026-07-20T04:40:44.101269+00:00,10341.0,35.0,102.46,48.0,1951.58203125,190.13395949453115
2026-07-20T04:40:44.406702+00:00,10341.0,37.0,102.51,48.0,1951.58203125,190.4393904991448
2026-07-20T04:40:44.732307+00:00,10341.0,36.0,102.54,48.0,1951.58203125,190.76499650254846
2026-07-20T04:40:45.042009+00:00,10341.0,37.0,102.89,48.0,1951.58203125,191.07469922304153
2026-07-20T04:40:45.322124+00:00,10341.0,36.0,103.1,48.0,1951.58203125,191.35481422021985
2026-07-20T04:40:45.621595+00:00,10361.0,36.0,103.14,48.0,1951.58203125,191.65428490564227
2026-07-20T04:40:45.925805+00:00,10381.0,36.0,103.14,48.0,1951.58203125,191.9584958590567
2026-07-20T04:40:46.229688+00:00,10401.0,36.0,103.21,48.0,1951.5859375,192.26237864419818
2026-07-20T04:40:46.556298+00:00,10421.0,37.0,103.08,48.0,1951.5859375,192.5889884121716
2026-07-20T04:40:46.860871+00:00,8569.0,73.0,138.49,52.0,1951.5859375,192.89356108754873
2026-07-20T04:40:47.162478+00:00,11145.0,3.0,158.7,51.0,1951.5859375,193.19516687467694
2026-07-20T04:40:47.489620+00:00,25617.0,87.0,195.11,53.0,1952.21875,193.52230988442898
2026-07-20T04:40:47.794139+00:00,26699.0,76.0,210.29,55.0,1952.21875,193.82682946324348
2026-07-20T04:40:48.095278+00:00,26699.0,85.0,234.43,57.0,1952.21875,194.12796818092465
2026-07-20T04:40:48.480161+00:00,8405.0,0.0,202.03,52.0,1952.22265625,194.51285157725215
2026-07-20T04:40:48.782942+00:00,8407.0,36.0,159.47,52.0,1952.22265625,194.81563198566437
2026-07-20T04:40:49.086450+00:00,8409.0,35.0,106.21,51.0,1952.22265625,195.11914118751884
2026-07-20T04:40:49.389534+00:00,8409.0,36.0,104.79,50.0,1952.22265625,195.42222402244806
2026-07-20T04:40:49.683871+00:00,8431.0,36.0,102.46,50.0,1952.22265625,195.71655996888876
2026-07-20T04:40:49.979259+00:00,8453.0,36.0,102.25,50.0,1952.22265625,196.01194969937205
2026-07-20T04:40:50.282520+00:00,8473.0,36.0,101.96,50.0,1952.22265625,196.3152105472982
2026-07-20T04:40:50.585819+00:00,8493.0,35.0,101.94,49.0,1952.22265625,196.6185095347464
2026-07-20T04:40:50.885803+00:00,8517.0,35.0,101.98,49.0,1952.22265625,196.918492898345
2026-07-20T04:40:51.190629+00:00,8537.0,36.0,101.72,49.0,1952.22265625,197.2233184762299
2026-07-20T04:40:51.512893+00:00,8577.0,36.0,101.16,49.0,1952.22265625,197.54558342322707
2026-07-20T04:40:51.813913+00:00,8791.0,39.0,103.73,49.0,1952.22265625,197.84660325944424
2026-07-20T04:40:52.118464+00:00,8791.0,35.0,103.37,49.0,1952.22265625,198.1511528417468
2026-07-20T04:40:52.421539+00:00,8791.0,36.0,103.8,49.0,1952.22265625,198.4542272388935
2026-07-20T04:40:52.722543+00:00,8791.0,35.0,102.63,49.0,1952.22265625,198.75523168593645
2026-07-20T04:40:53.022988+00:00,8791.0,36.0,101.25,49.0,1952.22265625,199.05567844957113
2026-07-20T04:40:53.326445+00:00,8791.0,35.0,101.23,48.0,1952.22265625,199.3591356165707
2026-07-20T04:40:53.630264+00:00,8791.0,35.0,101.23,48.0,1952.22265625,199.66295393183827
2026-07-20T04:40:53.976091+00:00,8925.0,35.0,103.21,48.0,1952.22265625,200.0087818093598
2026-07-20T04:40:54.292899+00:00,8925.0,34.0,103.09,48.0,1952.22265625,200.32558733969927
2026-07-20T04:40:54.612669+00:00,8925.0,36.0,102.72,48.0,1952.234375,200.64535933360457
2026-07-20T04:40:54.914213+00:00,8925.0,36.0,100.63,48.0,1952.234375,200.9469027556479
2026-07-20T04:40:55.237025+00:00,8925.0,35.0,100.83,48.0,1952.234375,201.26971412822604
2026-07-20T04:40:55.542474+00:00,8925.0,35.0,101.19,48.0,1952.234375,201.57516387477517
2026-07-20T04:40:55.869053+00:00,9055.0,36.0,103.48,48.0,1952.234375,201.90174324437976
2026-07-20T04:40:56.166342+00:00,9055.0,34.0,103.17,48.0,1952.234375,202.19903144985437
2026-07-20T04:40:56.470409+00:00,9055.0,35.0,102.96,48.0,1952.234375,202.50309908390045
2026-07-20T04:40:56.820919+00:00,9055.0,34.0,100.63,48.0,1952.234375,202.85360792279243
2026-07-20T04:40:57.126683+00:00,9055.0,35.0,100.75,48.0,1952.234375,203.15937269479036
2026-07-20T04:40:57.426552+00:00,9055.0,35.0,100.6,48.0,1952.234375,203.4592422284186
2026-07-20T04:40:57.707828+00:00,9055.0,35.0,100.69,48.0,1952.234375,203.74051819741726
2026-07-20T04:40:58.010620+00:00,9055.0,36.0,100.46,48.0,1952.234375,204.04330928623676
2026-07-20T04:40:58.314232+00:00,9055.0,35.0,100.8,48.0,1952.234375,204.3469227105379
2026-07-20T04:40:58.612247+00:00,9055.0,35.0,100.94,48.0,1952.234375,204.64493732526898
2026-07-20T04:40:58.892781+00:00,9055.0,36.0,100.96,48.0,1952.234375,204.9254714101553
2026-07-20T04:40:59.195210+00:00,9077.0,36.0,101.02,48.0,1952.234375,205.22790041565895
2026-07-20T04:40:59.541361+00:00,9117.0,35.0,100.83,48.0,1952.23828125,205.57405104860663
2026-07-20T04:40:59.846498+00:00,9145.0,36.0,100.97,48.0,1952.23828125,205.87918808311224
2026-07-20T04:41:00.149957+00:00,8373.0,36.0,101.24,48.0,1952.2421875,206.1826477125287
2026-07-20T04:41:00.482743+00:00,8393.0,45.0,130.29,50.0,1952.2421875,206.51542046666145
2026-07-20T04:41:00.786530+00:00,13351.0,19.0,136.04,50.0,1952.2421875,206.81921895593405
2026-07-20T04:41:01.133962+00:00,18335.0,60.0,164.69,51.0,1952.6484375,207.16665149480104
2026-07-20T04:41:01.440664+00:00,18335.0,53.0,168.9,52.0,1952.6484375,207.47335427626967
2026-07-20T04:41:01.723822+00:00,8373.0,47.0,171.27,51.0,1952.6484375,207.75651217252016
2026-07-20T04:41:02.031859+00:00,8431.0,42.0,154.18,51.0,1952.6484375,208.06454890966415
2026-07-20T04:41:02.334324+00:00,8431.0,36.0,124.59,50.0,1952.6484375,208.3670146279037
2026-07-20T04:41:02.657206+00:00,8445.0,35.0,104.56,49.0,1952.6484375,208.68989528343081
2026-07-20T04:41:02.958373+00:00,8445.0,35.0,103.98,49.0,1952.6484375,208.9910639412701
2026-07-20T04:41:03.262382+00:00,8447.0,32.0,103.0,49.0,1952.6484375,209.2950724028051
2026-07-20T04:41:03.566416+00:00,8467.0,37.0,103.27,49.0,1952.6484375,209.59910599514842
2026-07-20T04:41:03.870284+00:00,8487.0,37.0,102.98,49.0,1952.6484375,209.90297459438443
2026-07-20T04:41:04.197003+00:00,8507.0,37.0,103.47,49.0,1952.6484375,210.22969237342477
2026-07-20T04:41:04.498442+00:00,8547.0,37.0,103.38,48.0,1952.6484375,210.5311316587031
2026-07-20T04:41:04.802194+00:00,8567.0,38.0,103.32,48.0,1952.6484375,210.83488323912024
2026-07-20T04:41:05.109829+00:00,8587.0,37.0,103.51,48.0,1952.6484375,211.14251989871264
2026-07-20T04:41:05.432501+00:00,8607.0,36.0,103.35,48.0,1952.6484375,211.46519109234214
2026-07-20T04:41:05.752617+00:00,8873.0,50.0,108.41,49.0,1952.6484375,211.78530733659863
2026-07-20T04:41:06.054667+00:00,8873.0,35.0,107.98,48.0,1952.6484375,212.08735737204552
2026-07-20T04:41:06.377072+00:00,8873.0,37.0,107.78,48.0,1952.6484375,212.4097617380321
2026-07-20T04:41:06.697271+00:00,8873.0,37.0,103.26,48.0,1952.6484375,212.7299604974687
2026-07-20T04:41:07.036744+00:00,8873.0,37.0,102.81,48.0,1952.6484375,213.06943422555923
2026-07-20T04:41:07.337727+00:00,8873.0,37.0,102.9,48.0,1952.6484375,213.37041682749987
2026-07-20T04:41:07.641896+00:00,8873.0,37.0,102.92,48.0,1952.6484375,213.6745853163302
2026-07-20T04:41:07.968572+00:00,8873.0,38.0,102.95,48.0,1952.6484375,214.00126158073545
2026-07-20T04:41:08.270233+00:00,8873.0,37.0,102.98,48.0,1952.6484375,214.30292369052768
2026-07-20T04:41:08.569605+00:00,8873.0,36.0,102.83,48.0,1952.6484375,214.60229527950287
2026-07-20T04:41:08.869446+00:00,8873.0,24.0,101.82,48.0,1952.6484375,214.90213629975915
2026-07-20T04:41:09.188869+00:00,8873.0,37.0,101.75,48.0,1952.6484375,215.22155920416117
2026-07-20T04:41:09.508598+00:00,8873.0,37.0,101.73,48.0,1952.6484375,215.5412882193923
2026-07-20T04:41:09.829166+00:00,8893.0,37.0,102.79,48.0,1952.6484375,215.86185600981116
2026-07-20T04:41:10.153661+00:00,9207.0,37.0,103.89,48.0,1952.6484375,216.18635170534253
2026-07-20T04:41:10.434968+00:00,9207.0,37.0,107.83,48.0,1952.6484375,216.46765872463584
2026-07-20T04:41:10.761056+00:00,9207.0,36.0,107.32,48.0,1952.6484375,216.7937463708222
2026-07-20T04:41:11.088695+00:00,9207.0,37.0,107.08,48.0,1952.6484375,217.1213848553598
2026-07-20T04:41:11.392931+00:00,9207.0,36.0,102.16,48.0,1952.6484375,217.42562106624246
2026-07-20T04:41:11.736493+00:00,9207.0,35.0,102.03,48.0,1952.6484375,217.7691830843687
2026-07-20T04:41:12.017642+00:00,9207.0,35.0,102.08,48.0,1952.6484375,218.05033222585917
2026-07-20T04:41:12.344630+00:00,9207.0,36.0,102.39,48.0,1952.6484375,218.3773203715682
2026-07-20T04:41:12.661065+00:00,9207.0,36.0,102.7,48.0,1952.6484375,218.69374949112535
2026-07-20T04:41:12.963380+00:00,9207.0,36.0,102.55,48.0,1952.6484375,218.99606977030635
2026-07-20T04:41:13.289206+00:00,9207.0,37.0,102.49,48.0,1952.6484375,219.3218962289393
2026-07-20T04:41:13.613197+00:00,9207.0,38.0,102.58,48.0,1952.6484375,219.64588734135032
2026-07-20T04:41:13.918492+00:00,9207.0,37.0,102.86,48.0,1952.6484375,219.95118249207735
2026-07-20T04:41:14.220714+00:00,9207.0,38.0,103.25,48.0,1952.6484375,220.2534044496715
2026-07-20T04:41:14.498102+00:00,9207.0,38.0,103.36,48.0,1952.6484375,220.5307932496071
2026-07-20T04:41:14.775492+00:00,9227.0,38.0,103.44,48.0,1952.6484375,220.8081826493144
2026-07-20T04:41:15.057992+00:00,9247.0,38.0,103.62,48.0,1952.6484375,221.09068324789405
2026-07-20T04:41:15.362148+00:00,9267.0,37.0,103.41,48.0,1952.6484375,221.3948383256793
2026-07-20T04:41:15.641138+00:00,9287.0,38.0,103.4,48.0,1952.6484375,221.67382818832994
2026-07-20T04:41:15.982919+00:00,9307.0,38.0,103.59,48.0,1952.6484375,222.01560928672552
2026-07-20T04:41:16.279936+00:00,9327.0,38.0,103.84,48.0,1952.6484375,222.31262531504035
2026-07-20T04:41:16.557422+00:00,9349.0,38.0,103.98,48.0,1952.6484375,222.59011343494058
2026-07-20T04:41:16.834691+00:00,9373.0,38.0,103.94,48.0,1952.6484375,222.8673824928701
2026-07-20T04:41:17.111738+00:00,9393.0,39.0,104.02,48.0,1952.6484375,223.14442937076092
2026-07-20T04:41:17.409073+00:00,9857.0,37.0,109.35,48.0,1952.6484375,223.44176385179162
2026-07-20T04:41:17.686140+00:00,9857.0,37.0,109.22,48.0,1952.6484375,223.7188311778009
2026-07-20T04:41:17.962981+00:00,9857.0,37.0,108.87,48.0,1952.6484375,223.99566758051515
2026-07-20T04:41:18.291282+00:00,9857.0,37.0,102.6,48.0,1952.6484375,224.32397329062223
2026-07-20T04:41:18.587675+00:00,9857.0,37.0,102.78,48.0,1952.6484375,224.6203663945198
2026-07-20T04:41:18.902111+00:00,9857.0,37.0,102.88,47.0,1952.6484375,224.93480174988508
2026-07-20T04:41:19.199376+00:00,9857.0,37.0,102.97,47.0,1952.6484375,225.2320676445961
2026-07-20T04:41:19.519314+00:00,9857.0,37.0,102.79,47.0,1952.6484375,225.5520037934184
2026-07-20T04:41:19.796870+00:00,9857.0,37.0,102.82,47.0,1952.6484375,225.82956134527922
2026-07-20T04:41:20.118901+00:00,9857.0,37.0,102.54,47.0,1952.6484375,226.15159090608358
2026-07-20T04:41:20.443840+00:00,9857.0,37.0,102.83,47.0,1952.6484375,226.4765299335122
2026-07-20T04:41:20.765359+00:00,9857.0,38.0,103.07,47.0,1952.6484375,226.79804971441627
2026-07-20T04:41:21.090122+00:00,9857.0,38.0,103.19,47.0,1952.6484375,227.12281219288707
2026-07-20T04:41:21.368034+00:00,9857.0,38.0,103.17,47.0,1952.6484375,227.4007246941328
2026-07-20T04:41:21.665484+00:00,9857.0,38.0,103.21,47.0,1952.6484375,227.69817548245192
2026-07-20T04:41:21.970729+00:00,9857.0,38.0,103.06,47.0,1952.6484375,228.00341888144612
2026-07-20T04:41:22.271599+00:00,9857.0,38.0,103.41,47.0,1952.6484375,228.30428925529122
2026-07-20T04:41:22.551303+00:00,9857.0,38.0,103.47,47.0,1952.6484375,228.58399296179414
2026-07-20T04:41:22.847205+00:00,9031.0,76.0,122.59,51.0,1952.65625,228.87989551201463
2026-07-20T04:41:23.274106+00:00,11039.0,0.0,169.25,51.0,1952.65625,229.30679605156183
2026-07-20T04:41:23.593216+00:00,28997.0,92.0,213.57,54.0,1952.984375,229.62590721994638
2026-07-20T04:41:23.891684+00:00,30233.0,91.0,238.94,57.0,1952.984375,229.9243745468557
2026-07-20T04:41:24.189655+00:00,30233.0,93.0,259.31,57.0,1952.984375,230.2223459854722
2026-07-20T04:41:24.607202+00:00,9041.0,0.0,213.94,53.0,1952.984375,230.63989189267159
2026-07-20T04:41:24.932512+00:00,9047.0,36.0,153.68,52.0,1952.984375,230.9652020893991
2026-07-20T04:41:25.231588+00:00,9047.0,36.0,102.99,51.0,1952.984375,231.26427820697427
2026-07-20T04:41:25.531196+00:00,9047.0,36.0,106.52,51.0,1952.984375,231.56388537958264
2026-07-20T04:41:25.808945+00:00,9067.0,36.0,104.66,51.0,1952.984375,231.84163641929626
2026-07-20T04:41:26.132594+00:00,9089.0,35.0,104.16,50.0,1952.984375,232.1652835831046
2026-07-20T04:41:26.456666+00:00,9109.0,36.0,103.85,50.0,1952.984375,232.48935524746776
2026-07-20T04:41:26.758383+00:00,9141.0,35.0,103.57,50.0,1952.984375,232.79107243567705
2026-07-20T04:41:27.063510+00:00,9161.0,33.0,103.39,50.0,1952.984375,233.09620052576065
2026-07-20T04:41:27.370524+00:00,9201.0,37.0,103.59,49.0,1952.984375,233.4032134078443
2026-07-20T04:41:27.652013+00:00,9221.0,35.0,103.66,49.0,1952.984375,233.68470285832882
2026-07-20T04:41:27.976776+00:00,9241.0,36.0,103.84,49.0,1952.984375,234.00946547091007
2026-07-20T04:41:28.278480+00:00,9261.0,37.0,103.96,49.0,1952.984375,234.31117041036487
2026-07-20T04:41:28.623372+00:00,9283.0,37.0,103.86,49.0,1952.984375,234.65606316179037
2026-07-20T04:41:28.922735+00:00,9585.0,39.0,107.69,50.0,1952.984375,234.95542542636395
2026-07-20T04:41:29.199947+00:00,9585.0,36.0,107.03,49.0,1952.984375,235.23263785243034
2026-07-20T04:41:29.495023+00:00,9585.0,36.0,106.43,49.0,1952.984375,235.52771383151412
2026-07-20T04:41:29.772183+00:00,9585.0,37.0,105.97,49.0,1952.984375,235.8048739284277
2026-07-20T04:41:30.065551+00:00,9585.0,37.0,101.75,49.0,1952.984375,236.09824197366834
2026-07-20T04:41:30.342987+00:00,9585.0,36.0,101.79,48.0,1952.984375,236.37567780539393
2026-07-20T04:41:30.643131+00:00,9585.0,37.0,101.88,48.0,1952.984375,236.67582209780812
2026-07-20T04:41:30.945137+00:00,9585.0,36.0,102.01,48.0,1952.984375,236.97782764956355
2026-07-20T04:41:31.224782+00:00,9585.0,36.0,102.41,48.0,1952.984375,237.25747283920646
2026-07-20T04:41:31.503998+00:00,9749.0,36.0,105.64,48.0,1952.984375,237.5366886742413
2026-07-20T04:41:31.781972+00:00,9749.0,37.0,105.74,48.0,1952.984375,237.81466215848923
2026-07-20T04:41:32.086395+00:00,9749.0,36.0,105.24,48.0,1952.984375,238.11908508092165
2026-07-20T04:41:32.365133+00:00,9749.0,37.0,101.8,48.0,1952.984375,238.39782328158617
2026-07-20T04:41:32.663472+00:00,9749.0,37.0,101.82,48.0,1952.984375,238.69616320356727
2026-07-20T04:41:32.965619+00:00,9749.0,33.0,101.81,48.0,1952.984375,238.9983097948134
2026-07-20T04:41:33.269601+00:00,9749.0,36.0,101.63,48.0,1952.984375,239.3022917099297
2026-07-20T04:41:33.594215+00:00,9749.0,37.0,101.74,48.0,1952.984375,239.626906350255
2026-07-20T04:41:33.895028+00:00,9749.0,37.0,101.49,48.0,1952.984375,239.92771853134036
2026-07-20T04:41:34.172657+00:00,9933.0,36.0,104.94,48.0,1952.984375,240.20534846931696
2026-07-20T04:41:34.449637+00:00,9933.0,36.0,104.7,48.0,1952.984375,240.48232834786177
2026-07-20T04:41:34.726682+00:00,9933.0,36.0,104.8,48.0,1952.984375,240.75937331095338
2026-07-20T04:41:35.054576+00:00,9933.0,36.0,101.18,48.0,1952.984375,241.08726657927036
2026-07-20T04:41:35.377949+00:00,9933.0,36.0,101.22,48.0,1952.984375,241.41063999384642
2026-07-20T04:41:35.655627+00:00,9933.0,37.0,101.24,48.0,1952.984375,241.6883182488382
2026-07-20T04:41:35.933032+00:00,9933.0,37.0,101.11,48.0,1952.984375,241.96572357788682
2026-07-20T04:41:36.210875+00:00,9933.0,37.0,101.47,48.0,1952.984375,242.24356537684798
2026-07-20T04:41:36.488032+00:00,9933.0,37.0,101.49,48.0,1952.984375,242.52072317898273
2026-07-20T04:41:36.772806+00:00,8365.0,49.0,112.97,50.0,1952.984375,242.8054969124496
2026-07-20T04:41:37.205359+00:00,12043.0,0.0,139.53,50.0,1952.984375,243.23804784938693
2026-07-20T04:41:37.510258+00:00,19567.0,64.0,165.04,51.0,1953.38671875,243.54294839128852
2026-07-20T04:41:37.813071+00:00,20309.0,61.0,182.65,53.0,1953.38671875,243.84576238319278
2026-07-20T04:41:38.118141+00:00,8299.0,59.0,183.21,53.0,1953.38671875,244.1508319787681
2026-07-20T04:41:38.440920+00:00,8307.0,15.0,164.53,51.0,1953.38671875,244.47360983490944
2026-07-20T04:41:38.742514+00:00,8309.0,35.0,131.32,50.0,1953.38671875,244.77520513907075
2026-07-20T04:41:39.061136+00:00,8311.0,36.0,100.81,50.0,1953.38671875,245.0938276462257
2026-07-20T04:41:39.364691+00:00,8311.0,36.0,104.64,49.0,1953.38671875,245.39738190546632
2026-07-20T04:41:39.666491+00:00,8331.0,35.0,102.75,49.0,1953.38671875,245.69918171688914
2026-07-20T04:41:39.943834+00:00,8353.0,37.0,102.45,49.0,1953.38671875,245.97652501240373
2026-07-20T04:41:40.257784+00:00,8377.0,36.0,102.69,49.0,1953.38671875,246.29047521948814
2026-07-20T04:41:40.562003+00:00,8397.0,35.0,102.53,49.0,1953.38671875,246.5946929976344
2026-07-20T04:41:40.904513+00:00,8437.0,36.0,102.76,49.0,1953.38671875,246.93720281496644
2026-07-20T04:41:41.248588+00:00,8457.0,35.0,102.77,49.0,1953.38671875,247.28127816319466
2026-07-20T04:41:41.546863+00:00,8477.0,35.0,102.94,48.0,1953.38671875,247.57955266535282
2026-07-20T04:41:41.850597+00:00,8509.0,34.0,102.75,48.0,1953.38671875,247.88328686729074
2026-07-20T04:41:42.150133+00:00,8529.0,36.0,102.98,48.0,1953.38671875,248.18282130733132
2026-07-20T04:41:42.449970+00:00,8549.0,35.0,103.0,48.0,1953.38671875,248.48265919461846
2026-07-20T04:41:42.753589+00:00,8823.0,35.0,105.3,48.0,1953.38671875,248.78627901524305
2026-07-20T04:41:43.032071+00:00,8823.0,35.0,105.34,48.0,1953.38671875,249.06476251408458
2026-07-20T04:41:43.356196+00:00,8823.0,36.0,104.63,48.0,1953.38671875,249.38888601213694
2026-07-20T04:41:43.657713+00:00,8823.0,37.0,101.98,48.0,1953.38671875,249.69040343165398
2026-07-20T04:41:43.958145+00:00,8823.0,36.0,101.94,48.0,1953.38671875,249.99083647876978
2026-07-20T04:41:44.259000+00:00,8823.0,36.0,102.07,48.0,1953.38671875,250.29169137775898
2026-07-20T04:41:44.536491+00:00,8823.0,36.0,102.45,48.0,1953.38671875,250.56918208673596
2026-07-20T04:41:44.813397+00:00,8823.0,36.0,102.34,48.0,1953.38671875,250.8460882678628
2026-07-20T04:41:45.133539+00:00,8823.0,37.0,102.53,48.0,1953.38671875,251.16623002663255
2026-07-20T04:41:45.434459+00:00,8823.0,36.0,102.5,48.0,1953.38671875,251.46715070307255
2026-07-20T04:41:45.755267+00:00,8823.0,37.0,102.5,48.0,1953.38671875,251.7879573777318
2026-07-20T04:41:46.034029+00:00,8823.0,37.0,102.56,48.0,1953.38671875,252.06671953573823
2026-07-20T04:41:46.312150+00:00,8823.0,37.0,102.76,48.0,1953.38671875,252.34484123811126
2026-07-20T04:41:46.610005+00:00,8823.0,37.0,102.75,48.0,1953.38671875,252.64269619435072
2026-07-20T04:41:46.911079+00:00,8843.0,37.0,102.93,48.0,1953.38671875,252.9437695108354
2026-07-20T04:41:47.188538+00:00,8863.0,37.0,103.01,48.0,1953.38671875,253.22122864425182
2026-07-20T04:41:47.466497+00:00,8883.0,37.0,102.9,48.0,1953.38671875,253.49918842688203
2026-07-20T04:41:47.811090+00:00,8925.0,37.0,103.07,48.0,1953.38671875,253.84378081932664
2026-07-20T04:41:48.090280+00:00,8945.0,37.0,102.85,48.0,1953.38671875,254.12297083064914
2026-07-20T04:41:48.408684+00:00,8965.0,37.0,103.09,48.0,1953.38671875,254.4413736909628
2026-07-20T04:41:48.687594+00:00,8985.0,37.0,103.2,48.0,1953.38671875,254.72028502821922
2026-07-20T04:41:48.981479+00:00,9023.0,36.0,103.21,48.0,1953.38671875,255.01417053490877
2026-07-20T04:41:49.259043+00:00,9043.0,37.0,103.4,48.0,1953.38671875,255.2917347662151
2026-07-20T04:41:49.580888+00:00,9063.0,37.0,103.43,48.0,1953.38671875,255.6135793067515
2026-07-20T04:41:49.874625+00:00,9083.0,37.0,103.65,48.0,1953.38671875,255.90731666609645
2026-07-20T04:41:50.171432+00:00,9103.0,37.0,103.78,48.0,1953.38671875,256.20412328466773
2026-07-20T04:41:50.448921+00:00,9123.0,37.0,103.74,48.0,1953.38671875,256.4816114231944
2026-07-20T04:41:50.795752+00:00,9163.0,37.0,103.84,48.0,1953.38671875,256.828441683203
2026-07-20T04:41:51.074743+00:00,9183.0,37.0,103.71,48.0,1953.38671875,257.10743402317166
2026-07-20T04:41:51.352802+00:00,9203.0,37.0,103.82,48.0,1953.38671875,257.38549257814884
2026-07-20T04:41:51.630393+00:00,9797.0,36.0,106.05,48.0,1953.38671875,257.66308399289846
2026-07-20T04:41:51.929429+00:00,9797.0,36.0,105.16,48.0,1953.38671875,257.96212085336447
2026-07-20T04:41:52.232707+00:00,9797.0,36.0,104.13,47.0,1953.38671875,258.2653984762728
2026-07-20T04:41:52.531796+00:00,9797.0,36.0,100.75,47.0,1953.38671875,258.5644862949848
2026-07-20T04:41:52.825896+00:00,9797.0,36.0,100.56,47.0,1953.38671875,258.85858703404665
2026-07-20T04:41:53.103132+00:00,9797.0,36.0,100.76,47.0,1953.38671875,259.135823469609
2026-07-20T04:41:53.380218+00:00,9797.0,36.0,100.72,47.0,1953.38671875,259.41290948167443
2026-07-20T04:41:53.700530+00:00,9797.0,37.0,100.83,47.0,1953.38671875,259.7332207374275
2026-07-20T04:41:54.000990+00:00,9797.0,36.0,100.9,47.0,1953.38671875,260.03368124738336
2026-07-20T04:41:54.300867+00:00,9797.0,36.0,100.88,47.0,1953.38671875,260.33355817198753
2026-07-20T04:41:54.618241+00:00,9797.0,37.0,101.16,47.0,1953.38671875,260.65093171596527
2026-07-20T04:41:54.917228+00:00,9797.0,34.0,101.19,47.0,1953.38671875,260.9499168433249
2026-07-20T04:41:55.221101+00:00,9797.0,37.0,101.03,47.0,1953.3984375,261.2537909299135
2026-07-20T04:41:55.523619+00:00,9797.0,35.0,101.08,47.0,1953.3984375,261.55630914866924
2026-07-20T04:41:55.822020+00:00,10079.0,35.0,103.29,47.0,1953.3984375,261.8547101803124
2026-07-20T04:41:56.125858+00:00,10079.0,35.0,103.17,47.0,1953.3984375,262.1585483774543
2026-07-20T04:41:56.449218+00:00,10079.0,35.0,102.76,47.0,1953.3984375,262.4819067493081
2026-07-20T04:41:56.796551+00:00,10079.0,32.0,99.89,47.0,1953.3984375,262.8292410261929
2026-07-20T04:41:57.097770+00:00,10079.0,37.0,99.98,47.0,1953.3984375,263.1304608248174
2026-07-20T04:41:57.399584+00:00,10079.0,37.0,100.14,47.0,1953.3984375,263.4322746023536
2026-07-20T04:41:57.694703+00:00,10079.0,37.0,100.35,47.0,1953.3984375,263.7273944169283
2026-07-20T04:41:57.994660+00:00,10079.0,36.0,100.87,47.0,1953.3984375,264.0273505114019
2026-07-20T04:41:58.291062+00:00,10079.0,36.0,100.99,47.0,1953.3984375,264.3237533569336
2026-07-20T04:41:58.596553+00:00,10079.0,36.0,100.98,47.0,1953.3984375,264.62924382835627
2026-07-20T04:41:58.893823+00:00,10079.0,37.0,100.91,47.0,1953.3984375,264.9265146702528
2026-07-20T04:41:59.171651+00:00,10079.0,37.0,101.04,47.0,1953.3984375,265.20434233918786
2026-07-20T04:41:59.448651+00:00,10079.0,37.0,101.16,47.0,1953.3984375,265.48134203627706
2026-07-20T04:41:59.725520+00:00,10079.0,37.0,101.25,47.0,1953.3984375,265.75821102038026
2026-07-20T04:42:00.022382+00:00,10079.0,37.0,101.27,47.0,1953.3984375,266.05507319048047
2026-07-20T04:42:00.326383+00:00,10079.0,37.0,101.53,47.0,1953.3984375,266.3590726181865
2026-07-20T04:42:00.629761+00:00,10079.0,37.0,101.74,47.0,1953.3984375,266.6624510847032
2026-07-20T04:42:00.909154+00:00,10079.0,37.0,101.86,47.0,1953.3984375,266.94184539839625
2026-07-20T04:42:01.208399+00:00,10079.0,37.0,102.14,47.0,1953.3984375,267.24109031260014
2026-07-20T04:42:01.488134+00:00,10079.0,37.0,102.29,47.0,1953.3984375,267.52082531154156
2026-07-20T04:42:01.786933+00:00,10079.0,37.0,102.44,47.0,1953.3984375,267.8196236267686
2026-07-20T04:42:02.064578+00:00,10079.0,37.0,102.38,47.0,1953.3984375,268.09726909175515
2026-07-20T04:42:02.362801+00:00,10079.0,37.0,102.5,47.0,1953.3984375,268.3954920619726
2026-07-20T04:42:02.703755+00:00,10079.0,37.0,102.15,47.0,1953.40234375,268.736436072737
2026-07-20T04:42:03.006632+00:00,10079.0,37.0,102.27,47.0,1953.40234375,269.0393225699663
2026-07-20T04:42:03.283747+00:00,10079.0,37.0,102.42,47.0,1953.41015625,269.3164382278919
2026-07-20T04:42:03.561993+00:00,10079.0,37.0,102.56,47.0,1953.41015625,269.59468396008015
2026-07-20T04:42:03.840300+00:00,10079.0,37.0,102.8,47.0,1953.41015625,269.8729915469885
2026-07-20T04:42:04.135850+00:00,10079.0,37.0,102.99,47.0,1953.41015625,270.1685407720506
2026-07-20T04:42:04.435681+00:00,10079.0,37.0,102.76,47.0,1953.41015625,270.4683714918792
2026-07-20T04:42:04.737677+00:00,9641.0,69.0,138.89,52.0,1953.56640625,270.77036755532026
2026-07-20T04:42:05.052625+00:00,10643.0,5.0,156.18,50.0,1953.578125,271.0853140614927
2026-07-20T04:42:05.398637+00:00,25781.0,75.0,189.38,52.0,1953.91796875,271.4313271343708
2026-07-20T04:42:05.702806+00:00,26387.0,84.0,210.08,55.0,1953.91796875,271.73549608141184
2026-07-20T04:42:05.983240+00:00,23255.0,91.0,233.0,56.0,1953.91796875,272.0159305483103
2026-07-20T04:42:06.409931+00:00,9559.0,0.0,194.46,52.0,1953.91796875,272.44262167066336
2026-07-20T04:42:06.735408+00:00,9563.0,37.0,144.82,51.0,1953.91796875,272.7680982761085
2026-07-20T04:42:07.033278+00:00,9565.0,36.0,102.5,50.0,1953.91796875,273.0659684985876
2026-07-20T04:42:07.331955+00:00,9565.0,36.0,106.76,50.0,1953.91796875,273.36464615538716
2026-07-20T04:42:07.632579+00:00,9585.0,36.0,104.64,50.0,1953.91796875,273.6652692332864
2026-07-20T04:42:07.930953+00:00,9699.0,36.0,107.92,50.0,1953.91796875,273.9636440500617
2026-07-20T04:42:08.228192+00:00,9699.0,36.0,107.79,49.0,1953.91796875,274.26088289916515
2026-07-20T04:42:08.506906+00:00,9699.0,36.0,107.66,49.0,1953.91796875,274.53959683328867
2026-07-20T04:42:08.785389+00:00,9699.0,35.0,106.77,49.0,1953.91796875,274.81807997077703
2026-07-20T04:42:09.089318+00:00,9699.0,34.0,104.06,49.0,1953.91796875,275.1220085956156
2026-07-20T04:42:09.408628+00:00,9721.0,34.0,103.74,49.0,1953.91796875,275.4413184709847
2026-07-20T04:42:09.710506+00:00,9741.0,36.0,103.58,49.0,1953.91796875,275.74319614842534
2026-07-20T04:42:10.010487+00:00,9761.0,36.0,103.37,49.0,1953.91796875,276.04317766427994
2026-07-20T04:42:10.329106+00:00,9793.0,32.0,102.63,49.0,1953.91796875,276.3617960996926
2026-07-20T04:42:10.634660+00:00,9793.0,36.0,100.92,48.0,1953.91796875,276.6673506908119
2026-07-20T04:42:10.939035+00:00,9833.0,36.0,100.48,48.0,1953.91796875,276.97172509506345
2026-07-20T04:42:11.285082+00:00,9855.0,37.0,100.52,48.0,1953.91796875,277.31777134537697
2026-07-20T04:42:11.586506+00:00,9875.0,37.0,101.87,48.0,1953.91796875,277.61919617280364
2026-07-20T04:42:11.867454+00:00,9895.0,37.0,102.15,48.0,1953.91796875,277.90014450997114
2026-07-20T04:42:12.167303+00:00,9915.0,37.0,102.32,48.0,1953.91796875,278.199994456023
2026-07-20T04:42:12.445276+00:00,10209.0,37.0,105.2,48.0,1953.91796875,278.477962333709
2026-07-20T04:42:12.745734+00:00,10209.0,37.0,104.94,48.0,1953.91796875,278.77842531725764
2026-07-20T04:42:13.069677+00:00,10209.0,37.0,104.4,48.0,1953.91796875,279.1023684591055
2026-07-20T04:42:13.372316+00:00,10209.0,37.0,101.04,48.0,1953.91796875,279.40500066801906
2026-07-20T04:42:13.671782+00:00,10209.0,37.0,100.98,48.0,1953.91796875,279.7044734545052
2026-07-20T04:42:13.950161+00:00,10209.0,37.0,101.19,48.0,1953.91796875,279.98285195603967
2026-07-20T04:42:14.229157+00:00,10209.0,37.0,101.38,48.0,1953.91796875,280.26184717938304
2026-07-20T04:42:14.527503+00:00,10209.0,37.0,101.61,48.0,1953.91796875,280.5601943694055
2026-07-20T04:42:14.846452+00:00,10209.0,37.0,102.04,48.0,1953.91796875,280.8791436813772
2026-07-20T04:42:15.132941+00:00,10209.0,37.0,102.26,48.0,1953.91796875,281.1656323708594
2026-07-20T04:42:15.438930+00:00,10209.0,35.0,102.18,48.0,1953.91796875,281.47161995619535
2026-07-20T04:42:15.718916+00:00,10209.0,37.0,101.95,48.0,1953.91796875,281.7516068778932
2026-07-20T04:42:16.019028+00:00,10209.0,37.0,101.82,48.0,1953.91796875,282.0517181865871
2026-07-20T04:42:16.316163+00:00,10209.0,37.0,101.75,48.0,1953.91796875,282.3488541096449
2026-07-20T04:42:16.633844+00:00,10229.0,37.0,102.03,48.0,1953.91796875,282.6665355116129
2026-07-20T04:42:16.912058+00:00,10249.0,37.0,102.23,48.0,1953.91796875,282.94474831596017
2026-07-20T04:42:17.189919+00:00,10269.0,38.0,102.4,47.0,1953.91796875,283.22260957583785
2026-07-20T04:42:17.539297+00:00,10307.0,35.0,102.16,47.0,1953.91796875,283.5719880312681
2026-07-20T04:42:17.835967+00:00,10327.0,37.0,102.3,47.0,1953.91796875,283.86865770071745
2026-07-20T04:42:18.114671+00:00,10347.0,38.0,102.33,47.0,1953.91796875,284.14736134931445
2026-07-20T04:42:18.411285+00:00,10367.0,37.0,102.43,47.0,1953.91796875,284.44397547096014
2026-07-20T04:42:18.706894+00:00,10387.0,38.0,102.63,47.0,1953.91796875,284.7395842000842
2026-07-20T04:42:18.985253+00:00,10407.0,38.0,102.58,47.0,1953.91796875,285.017944034189
2026-07-20T04:42:19.286988+00:00,10427.0,38.0,102.65,47.0,1953.91796875,285.3196795023978
2026-07-20T04:42:19.586852+00:00,10447.0,38.0,102.78,47.0,1953.91796875,285.6195433214307
2026-07-20T04:42:19.884829+00:00,10467.0,37.0,102.94,47.0,1953.91796875,285.91751918941736
2026-07-20T04:42:20.163533+00:00,10487.0,38.0,103.02,47.0,1953.91796875,286.196223564446
2026-07-20T04:42:20.466688+00:00,10527.0,38.0,103.2,47.0,1953.91796875,286.4993774369359
2026-07-20T04:42:20.767195+00:00,10547.0,38.0,103.33,47.0,1953.91796875,286.79988596215844
2026-07-20T04:42:21.090184+00:00,11161.0,38.0,106.14,47.0,1953.91796875,287.1228742264211
2026-07-20T04:42:21.386882+00:00,11161.0,37.0,105.71,47.0,1953.91796875,287.41957293078303
2026-07-20T04:42:21.706433+00:00,11161.0,37.0,104.89,47.0,1953.91796875,287.73912347108126
2026-07-20T04:42:21.985631+00:00,11161.0,37.0,104.28,47.0,1953.91796875,288.0183215998113
2026-07-20T04:42:22.285371+00:00,11161.0,37.0,101.02,47.0,1953.91796875,288.3180612437427
2026-07-20T04:42:22.563781+00:00,11161.0,37.0,101.11,47.0,1953.91796875,288.5964724123478
2026-07-20T04:42:22.841862+00:00,11161.0,37.0,101.41,47.0,1953.91796875,288.8745526522398
2026-07-20T04:42:23.141518+00:00,11161.0,36.0,101.72,47.0,1953.91796875,289.17420886829495
2026-07-20T04:42:23.419407+00:00,11161.0,37.0,102.03,47.0,1953.91796875,289.45209727436304
2026-07-20T04:42:23.763907+00:00,11161.0,37.0,102.16,47.0,1953.91796875,289.7965969517827
2026-07-20T04:42:24.091950+00:00,9587.0,37.0,102.27,47.0,1953.98046875,290.12464021891356
2026-07-20T04:42:24.422609+00:00,9587.0,72.0,151.14,52.0,1954.0078125,290.4552982263267
2026-07-20T04:42:24.722979+00:00,17267.0,5.0,163.75,50.0,1954.0078125,290.755668643862
2026-07-20T04:42:25.029038+00:00,28431.0,87.0,203.79,53.0,1954.0078125,291.0617277137935
2026-07-20T04:42:25.333168+00:00,28431.0,99.0,223.85,55.0,1954.0078125,291.36585856601596
2026-07-20T04:42:25.656015+00:00,9551.0,61.0,234.27,54.0,1954.0078125,291.68870571255684
2026-07-20T04:42:26.013595+00:00,9563.0,0.0,187.72,52.0,1954.0234375,292.0462844669819
2026-07-20T04:42:26.344138+00:00,9567.0,25.0,133.24,51.0,1954.0234375,292.3768282979727
2026-07-20T04:42:26.672966+00:00,9567.0,36.0,101.28,50.0,1954.0234375,292.70565649122
2026-07-20T04:42:26.977441+00:00,9581.0,37.0,105.66,50.0,1954.0234375,293.0101311057806
2026-07-20T04:42:27.282171+00:00,9601.0,36.0,102.93,50.0,1954.0234375,293.31486174836755
2026-07-20T04:42:27.586348+00:00,9621.0,35.0,103.62,50.0,1954.0234375,293.61903823539615
2026-07-20T04:42:27.912569+00:00,9641.0,35.0,103.5,49.0,1954.0234375,293.94525898620486
2026-07-20T04:42:28.243137+00:00,9661.0,36.0,103.34,49.0,1954.0234375,294.2757992707193
2026-07-20T04:42:28.546387+00:00,9681.0,36.0,103.52,49.0,1954.0234375,294.5790771059692
2026-07-20T04:42:28.850740+00:00,9873.0,38.0,107.32,49.0,1954.0234375,294.8834300227463
2026-07-20T04:42:29.162836+00:00,9873.0,36.0,106.93,49.0,1954.0234375,295.1955258734524
2026-07-20T04:42:29.490588+00:00,9873.0,36.0,106.23,49.0,1954.0234375,295.52327816933393
2026-07-20T04:42:29.808623+00:00,9873.0,36.0,101.93,49.0,1954.0234375,295.84131313860416
2026-07-20T04:42:30.116212+00:00,9873.0,36.0,102.07,49.0,1954.0234375,296.148901771754
2026-07-20T04:42:30.441114+00:00,9873.0,35.0,101.96,48.0,1954.0234375,296.47380347177386
2026-07-20T04:42:30.745670+00:00,9873.0,37.0,102.29,48.0,1954.0234375,296.77836000546813
2026-07-20T04:42:31.096622+00:00,9873.0,37.0,101.99,48.0,1954.0234375,297.1293125860393
2026-07-20T04:42:31.449260+00:00,9873.0,34.0,101.65,48.0,1954.0234375,297.48194893822074
2026-07-20T04:42:31.749854+00:00,10089.0,46.0,105.01,49.0,1954.0234375,297.782543938607
2026-07-20T04:42:32.054168+00:00,10089.0,35.0,104.74,48.0,1954.0234375,298.0868565328419
2026-07-20T04:42:32.357119+00:00,10089.0,35.0,104.73,48.0,1954.0234375,298.38980891928077
2026-07-20T04:42:32.658575+00:00,10089.0,36.0,104.7,48.0,1954.0234375,298.6912649422884
2026-07-20T04:42:32.980946+00:00,10089.0,36.0,101.18,48.0,1954.0234375,299.01363594830036
2026-07-20T04:42:33.305213+00:00,10089.0,35.0,101.38,48.0,1954.0234375,299.33790239691734
2026-07-20T04:42:33.632593+00:00,10089.0,35.0,101.71,48.0,1954.0234375,299.66528345271945
2026-07-20T04:42:33.952250+00:00,10089.0,37.0,102.1,48.0,1954.0234375,299.98494070768356
2026-07-20T04:42:34.280819+00:00,10089.0,36.0,102.06,48.0,1954.0234375,300.31350925192237
2026-07-20T04:42:34.608996+00:00,10089.0,36.0,102.07,48.0,1954.0234375,300.64168571680784
2026-07-20T04:42:34.891490+00:00,10109.0,36.0,101.98,48.0,1954.0234375,300.92418018728495
2026-07-20T04:42:35.188445+00:00,10129.0,36.0,102.19,48.0,1954.0234375,301.2211351431906
2026-07-20T04:42:35.493348+00:00,10167.0,37.0,102.19,48.0,1954.0234375,301.52603770792484
2026-07-20T04:42:35.812659+00:00,10187.0,36.0,102.3,48.0,1954.0234375,301.8453496657312
2026-07-20T04:42:36.113883+00:00,10207.0,36.0,102.42,48.0,1954.0234375,302.14657305553555
2026-07-20T04:42:36.437076+00:00,10227.0,37.0,102.58,48.0,1954.0234375,302.46976606175303
2026-07-20T04:42:36.765007+00:00,10267.0,36.0,102.42,48.0,1954.0234375,302.79769687727094
2026-07-20T04:42:37.088884+00:00,10287.0,37.0,102.23,48.0,1954.0234375,303.12157417833805
2026-07-20T04:42:37.412240+00:00,10307.0,37.0,102.2,48.0,1954.0234375,303.44493041560054
2026-07-20T04:42:37.717721+00:00,10327.0,36.0,102.68,48.0,1954.0234375,303.7504108659923
2026-07-20T04:42:38.017070+00:00,10347.0,37.0,102.74,48.0,1954.0234375,304.0497602112591
2026-07-20T04:42:38.317770+00:00,10367.0,37.0,102.68,47.0,1954.0234375,304.350459985435
2026-07-20T04:42:38.617635+00:00,10387.0,38.0,102.99,47.0,1954.0234375,304.65032508969307
2026-07-20T04:42:38.900863+00:00,10407.0,37.0,102.88,47.0,1954.0234375,304.93355345726013
2026-07-20T04:42:39.182711+00:00,10427.0,37.0,102.82,47.0,1954.0234375,305.21540170535445
2026-07-20T04:42:39.520566+00:00,10447.0,38.0,102.84,47.0,1954.0234375,305.55325704440475
2026-07-20T04:42:39.848685+00:00,10487.0,38.0,102.62,47.0,1954.0234375,305.8813749961555
2026-07-20T04:42:40.131369+00:00,10507.0,37.0,102.86,47.0,1954.0234375,306.1640592366457
2026-07-20T04:42:40.434285+00:00,10527.0,36.0,102.75,47.0,1954.0234375,306.4669755846262
2026-07-20T04:42:40.738230+00:00,11141.0,37.0,103.29,48.0,1954.0234375,306.77092042192817
2026-07-20T04:42:41.042487+00:00,11141.0,36.0,106.19,48.0,1954.0234375,307.0751778110862
2026-07-20T04:42:41.370382+00:00,11141.0,35.0,105.64,47.0,1954.0234375,307.40307203680277
2026-07-20T04:42:41.693002+00:00,11141.0,37.0,104.84,47.0,1954.0234375,307.7256912328303
2026-07-20T04:42:42.001928+00:00,11141.0,36.0,101.05,47.0,1954.0234375,308.0346175134182
2026-07-20T04:42:42.328660+00:00,11141.0,36.0,101.04,47.0,1954.0234375,308.36135014146566
2026-07-20T04:42:42.633778+00:00,11141.0,36.0,101.4,47.0,1954.0234375,308.6664681658149
2026-07-20T04:42:42.956711+00:00,11141.0,37.0,101.5,47.0,1954.0234375,308.989401396364
2026-07-20T04:42:43.260793+00:00,11141.0,37.0,101.7,47.0,1954.0234375,309.2934828400612
2026-07-20T04:42:43.564458+00:00,11141.0,36.0,101.6,47.0,1954.0234375,309.5971472263336
2026-07-20T04:42:43.870584+00:00,11141.0,37.0,101.72,47.0,1954.0234375,309.9032736942172
2026-07-20T04:42:44.174759+00:00,11141.0,36.0,101.69,47.0,1954.0234375,310.2074495777488
2026-07-20T04:42:44.501425+00:00,11141.0,36.0,101.93,47.0,1954.0234375,310.5341158360243
2026-07-20T04:42:44.806721+00:00,11141.0,37.0,102.13,47.0,1954.02734375,310.8394119217992
2026-07-20T04:42:45.146470+00:00,11141.0,36.0,102.29,47.0,1954.02734375,311.1791596263647
2026-07-20T04:42:45.429139+00:00,11141.0,36.0,102.22,47.0,1954.02734375,311.46182937547565
2026-07-20T04:42:45.711971+00:00,11141.0,35.0,101.99,47.0,1954.02734375,311.74466064199805
2026-07-20T04:42:45.994572+00:00,11141.0,37.0,101.82,47.0,1954.02734375,312.0272621624172
2026-07-20T04:42:46.326385+00:00,9551.0,74.0,120.71,49.0,1954.23046875,312.35907324403524
2026-07-20T04:42:46.765810+00:00,12647.0,5.0,166.28,50.0,1954.2421875,312.7984982766211
2026-07-20T04:42:47.051668+00:00,29093.0,86.0,200.4,53.0,1954.53125,313.0843571461737
2026-07-20T04:42:47.363017+00:00,29709.0,89.0,229.04,56.0,1954.53125,313.39570616930723
2026-07-20T04:42:47.666239+00:00,29709.0,87.0,240.43,57.0,1954.53125,313.69892931729555
2026-07-20T04:42:47.981395+00:00,9551.0,0.0,231.91,53.0,1954.53515625,314.0140851177275
2026-07-20T04:42:48.305924+00:00,9651.0,42.0,180.26,52.0,1954.5390625,314.33861396461725
2026-07-20T04:42:48.609268+00:00,9651.0,36.0,120.27,51.0,1954.5390625,314.64195873215795
2026-07-20T04:42:48.933104+00:00,9651.0,34.0,107.44,51.0,1954.5390625,314.9657941684127
2026-07-20T04:42:49.264802+00:00,9651.0,36.0,104.93,50.0,1954.5390625,315.29749177768826
2026-07-20T04:42:49.550137+00:00,9651.0,37.0,104.46,50.0,1954.55078125,315.58282601833344
2026-07-20T04:42:49.837032+00:00,9651.0,36.0,104.26,50.0,1954.55078125,315.8697142004967
2026-07-20T04:42:50.117194+00:00,9671.0,36.0,104.36,50.0,1954.55078125,316.14988405257463
2026-07-20T04:42:50.436713+00:00,9691.0,37.0,104.29,49.0,1954.55078125,316.4694031961262
2026-07-20T04:42:50.742497+00:00,9841.0,37.0,109.77,50.0,1954.55078125,316.77518717199564
2026-07-20T04:42:51.046252+00:00,9841.0,36.0,109.68,49.0,1954.55078125,317.07894184440374
2026-07-20T04:42:51.392861+00:00,9841.0,36.0,109.34,49.0,1954.55078125,317.4255512878299
2026-07-20T04:42:51.694905+00:00,9841.0,37.0,103.73,49.0,1954.55078125,317.727593049407
2026-07-20T04:42:52.002335+00:00,9841.0,36.0,103.59,49.0,1954.55078125,318.03501918166876
2026-07-20T04:42:52.344657+00:00,9841.0,37.0,103.64,49.0,1954.55078125,318.3773474358022
2026-07-20T04:42:52.650647+00:00,9841.0,37.0,103.48,49.0,1954.55078125,318.68333727121353
2026-07-20T04:42:52.953615+00:00,9995.0,35.0,109.16,49.0,1954.55078125,318.98630529642105
2026-07-20T04:42:53.258432+00:00,9995.0,36.0,108.99,49.0,1954.55078125,319.2911217957735
2026-07-20T04:42:53.600167+00:00,9995.0,37.0,109.09,49.0,1954.55078125,319.6328573897481
2026-07-20T04:42:53.882862+00:00,9995.0,36.0,103.45,49.0,1954.55078125,319.91554655507207
2026-07-20T04:42:54.168425+00:00,9995.0,28.0,102.7,48.0,1954.55078125,320.20111503079534
2026-07-20T04:42:54.449035+00:00,9995.0,37.0,102.9,48.0,1954.55078125,320.4817253910005
2026-07-20T04:42:54.775289+00:00,9995.0,34.0,102.98,48.0,1954.55078125,320.8079797886312
2026-07-20T04:42:55.106385+00:00,9995.0,37.0,103.26,48.0,1954.55078125,321.1390756033361
2026-07-20T04:42:55.432468+00:00,10015.0,38.0,103.7,48.0,1954.55078125,321.4651580043137
2026-07-20T04:42:55.738396+00:00,10035.0,38.0,103.64,48.0,1954.55078125,321.77108635380864
2026-07-20T04:42:56.064934+00:00,10055.0,38.0,103.59,48.0,1954.55078125,322.09762352705
2026-07-20T04:42:56.370134+00:00,10301.0,55.0,110.99,49.0,1954.55078125,322.40282364562154
2026-07-20T04:42:56.693181+00:00,10301.0,36.0,110.65,48.0,1954.55078125,322.72587130591273
2026-07-20T04:42:57.040722+00:00,10301.0,37.0,110.65,48.0,1954.55078125,323.0734092518687
2026-07-20T04:42:57.364708+00:00,10301.0,36.0,103.06,48.0,1954.55078125,323.397396992892
2026-07-20T04:42:57.649861+00:00,10301.0,38.0,103.46,48.0,1954.55078125,323.68255096301436
2026-07-20T04:42:57.950474+00:00,10301.0,36.0,103.27,48.0,1954.55078125,323.9831641279161
2026-07-20T04:42:58.254633+00:00,10301.0,37.0,103.46,48.0,1954.55078125,324.2873230688274
2026-07-20T04:42:58.554467+00:00,10301.0,36.0,103.31,48.0,1954.55078125,324.5871569253504
2026-07-20T04:42:58.854027+00:00,10301.0,37.0,103.37,48.0,1954.55078125,324.88671715930104
2026-07-20T04:42:59.158358+00:00,10301.0,36.0,103.5,48.0,1954.55078125,325.19104874134064
2026-07-20T04:42:59.484674+00:00,10301.0,36.0,103.43,48.0,1954.55078125,325.5173647738993
2026-07-20T04:42:59.790503+00:00,10321.0,37.0,103.71,48.0,1954.55078125,325.8231926523149
2026-07-20T04:43:00.076402+00:00,10341.0,36.0,103.47,48.0,1954.55078125,326.1090920045972
2026-07-20T04:43:00.404671+00:00,10361.0,37.0,103.61,48.0,1954.55078125,326.43736070767045
2026-07-20T04:43:00.706905+00:00,10381.0,38.0,103.91,48.0,1954.55078125,326.7395956143737
2026-07-20T04:43:01.011489+00:00,10403.0,35.0,103.99,48.0,1954.55078125,327.0441794283688
2026-07-20T04:43:01.352749+00:00,10427.0,38.0,103.7,48.0,1954.55078125,327.38543842732906
2026-07-20T04:43:01.657232+00:00,10447.0,38.0,103.63,48.0,1954.55078125,327.6899217888713
2026-07-20T04:43:01.964597+00:00,10467.0,39.0,103.7,48.0,1954.55078125,327.9972880668938
2026-07-20T04:43:02.270420+00:00,10487.0,36.0,103.74,48.0,1954.55078125,328.3031101413071
2026-07-20T04:43:02.577313+00:00,10507.0,38.0,103.64,48.0,1954.55078125,328.6100032031536
2026-07-20T04:43:02.881368+00:00,10547.0,37.0,103.75,48.0,1954.55078125,328.9140590019524
2026-07-20T04:43:03.187604+00:00,10567.0,39.0,104.04,48.0,1954.55078125,329.2202943600714
2026-07-20T04:43:03.539542+00:00,10587.0,38.0,104.64,48.0,1954.55078125,329.572232093662
2026-07-20T04:43:03.842277+00:00,10607.0,37.0,104.59,48.0,1954.55078125,329.87496642395854
2026-07-20T04:43:04.146857+00:00,9507.0,81.0,131.78,51.0,1954.6796875,330.1795473508537
2026-07-20T04:43:04.629079+00:00,14309.0,26.0,181.29,51.0,1954.703125,330.6617685556412
2026-07-20T04:43:04.937690+00:00,32295.0,95.0,221.45,55.0,1955.08203125,330.9703801162541
2026-07-20T04:43:05.243746+00:00,33327.0,89.0,237.35,57.0,1955.08203125,331.27643635496497
2026-07-20T04:43:05.554322+00:00,33327.0,90.0,273.08,58.0,1955.08203125,331.58701216056943
2026-07-20T04:43:05.878113+00:00,9211.0,0.0,241.55,54.0,1955.08984375,331.9108033552766
2026-07-20T04:43:06.184721+00:00,9211.0,0.0,178.96,52.0,1955.12109375,332.21740992739797
2026-07-20T04:43:06.629762+00:00,9211.0,0.0,99.94,52.0,1964.89453125,332.6624519638717
2026-07-20T04:43:06.939952+00:00,9591.0,39.0,105.76,52.0,1963.98828125,332.9726419560611
2026-07-20T04:43:07.294625+00:00,9591.0,39.0,112.87,51.0,1963.98828125,333.327315364033
2026-07-20T04:43:07.597994+00:00,9591.0,38.0,118.87,51.0,1963.98828125,333.63068380206823
2026-07-20T04:43:07.940373+00:00,9591.0,31.0,106.34,50.0,1963.98828125,333.97306295111775
2026-07-20T04:43:08.246054+00:00,9591.0,38.0,106.19,50.0,1963.98828125,334.27874387055635
2026-07-20T04:43:08.572577+00:00,9591.0,38.0,106.2,50.0,1963.98828125,334.6052670031786
2026-07-20T04:43:08.876236+00:00,9591.0,40.0,107.76,50.0,1963.98828125,334.9089266844094
2026-07-20T04:43:09.155598+00:00,9591.0,40.0,107.9,50.0,1963.98828125,335.1882886849344
2026-07-20T04:43:09.457637+00:00,9591.0,40.0,108.01,50.0,1963.98828125,335.49032734707
2026-07-20T04:43:09.758207+00:00,9591.0,40.0,107.72,50.0,1963.98828125,335.79089721664786
2026-07-20T04:43:10.044248+00:00,9591.0,40.0,107.77,50.0,1963.98828125,336.07693875953555
2026-07-20T04:43:10.326083+00:00,9591.0,40.0,108.05,50.0,1963.98828125,336.3587724007666
2026-07-20T04:43:10.668234+00:00,9591.0,40.0,108.27,49.0,1963.98828125,336.7009235955775
2026-07-20T04:43:10.948416+00:00,9591.0,40.0,108.31,49.0,1963.98828125,336.98110737651587
2026-07-20T04:43:11.246637+00:00,9591.0,39.0,108.05,49.0,1963.98828125,337.27932830154896
2026-07-20T04:43:11.542937+00:00,9591.0,39.0,108.07,49.0,1963.98828125,337.5756281539798
2026-07-20T04:43:11.869719+00:00,9921.0,73.0,119.61,51.0,1963.98828125,337.902409940958
2026-07-20T04:43:12.148279+00:00,9921.0,39.0,119.39,50.0,1963.98828125,338.18097007647157
2026-07-20T04:43:12.453994+00:00,9921.0,39.0,118.95,49.0,1963.98828125,338.4866846203804
2026-07-20T04:43:12.803358+00:00,9921.0,39.0,110.72,49.0,1963.98828125,338.8360483944416
2026-07-20T04:43:13.082815+00:00,9921.0,39.0,107.09,49.0,1963.98828125,339.115505810827
2026-07-20T04:43:13.361612+00:00,9921.0,40.0,107.42,49.0,1963.98828125,339.39430317655206
2026-07-20T04:43:13.662104+00:00,9921.0,40.0,107.54,49.0,1963.98828125,339.69479512423277
2026-07-20T04:43:13.962874+00:00,9921.0,39.0,107.39,49.0,1963.98828125,339.99556472525
2026-07-20T04:43:14.262609+00:00,9921.0,40.0,107.6,49.0,1963.98828125,340.29529978334904
2026-07-20T04:43:14.562560+00:00,9921.0,40.0,107.67,49.0,1963.98828125,340.5952509082854
2026-07-20T04:43:14.880129+00:00,9921.0,38.0,107.84,49.0,1963.98828125,340.9128192663193
2026-07-20T04:43:15.159823+00:00,9921.0,40.0,107.88,49.0,1963.98828125,341.19251387938857
2026-07-20T04:43:15.461412+00:00,9921.0,40.0,107.89,49.0,1963.98828125,341.494102910161
2026-07-20T04:43:15.758834+00:00,9921.0,40.0,107.83,49.0,1963.98828125,341.7915248423815
2026-07-20T04:43:16.037842+00:00,9921.0,40.0,107.88,49.0,1963.98828125,342.0705331414938
2026-07-20T04:43:16.333840+00:00,9921.0,40.0,107.81,49.0,1963.98828125,342.3665312640369
2026-07-20T04:43:16.653639+00:00,9921.0,40.0,107.76,49.0,1963.98828125,342.68633023649454
2026-07-20T04:43:16.979036+00:00,9921.0,40.0,107.73,49.0,1963.98828125,343.01172628998756
2026-07-20T04:43:17.284014+00:00,10277.0,59.0,119.55,50.0,1963.98828125,343.3167051486671
2026-07-20T04:43:17.583220+00:00,10277.0,39.0,119.2,49.0,1963.98828125,343.6159106902778
2026-07-20T04:43:17.862148+00:00,10277.0,40.0,119.21,49.0,1963.98828125,343.894838988781
2026-07-20T04:43:18.141503+00:00,10277.0,39.0,116.5,49.0,1963.98828125,344.17419400438666
2026-07-20T04:43:18.439126+00:00,10277.0,39.0,107.06,49.0,1963.98828125,344.47181674838066
2026-07-20T04:43:18.718118+00:00,10277.0,40.0,107.17,49.0,1963.98828125,344.7508089058101
2026-07-20T04:43:19.018684+00:00,10277.0,40.0,107.21,49.0,1963.98828125,345.05137365683913
2026-07-20T04:43:19.321718+00:00,10277.0,40.0,107.26,49.0,1963.98828125,345.3544075265527
2026-07-20T04:43:19.623562+00:00,10277.0,40.0,107.18,49.0,1963.98828125,345.6562523767352
2026-07-20T04:43:19.918787+00:00,10277.0,40.0,106.99,49.0,1963.98828125,345.9514784626663
2026-07-20T04:43:20.221789+00:00,10277.0,40.0,107.28,49.0,1963.98828125,346.25447986647487
2026-07-20T04:43:20.540877+00:00,10277.0,39.0,107.22,49.0,1963.98828125,346.57356763631105
2026-07-20T04:43:20.842245+00:00,10277.0,40.0,107.47,48.0,1963.98828125,346.87493531033397
2026-07-20T04:43:21.149590+00:00,10543.0,48.0,116.8,51.0,1963.98828125,347.1822798475623
2026-07-20T04:43:21.501159+00:00,10543.0,38.0,121.2,49.0,1963.98828125,347.5338491946459
2026-07-20T04:43:21.806699+00:00,10543.0,38.0,120.85,49.0,1963.98828125,347.8393893763423
2026-07-20T04:43:22.156398+00:00,10543.0,38.0,111.14,49.0,1963.98828125,348.18908778205514
2026-07-20T04:43:22.477051+00:00,10543.0,39.0,106.44,49.0,1963.98828125,348.50974141061306
2026-07-20T04:43:22.829436+00:00,10543.0,38.0,106.23,49.0,1963.98828125,348.8621253706515
2026-07-20T04:43:23.132403+00:00,10543.0,39.0,106.37,49.0,1963.98828125,349.16509360447526
2026-07-20T04:43:23.437448+00:00,10543.0,38.0,106.64,48.0,1963.98828125,349.47013779357076
2026-07-20T04:43:23.736599+00:00,10543.0,39.0,107.0,48.0,1963.98828125,349.7692899592221
2026-07-20T04:43:24.021140+00:00,10543.0,39.0,107.04,48.0,1963.98828125,350.0538287460804
2026-07-20T04:43:24.326548+00:00,10543.0,39.0,107.08,48.0,1963.98828125,350.35923832654953
2026-07-20T04:43:24.627684+00:00,10543.0,40.0,107.09,48.0,1963.98828125,350.6603747457266
2026-07-20T04:43:24.906865+00:00,10543.0,40.0,107.38,48.0,1963.98828125,350.9395557269454
2026-07-20T04:43:25.207587+00:00,10543.0,40.0,107.5,48.0,1963.98828125,351.2402777560055
2026-07-20T04:43:25.522522+00:00,10543.0,40.0,107.48,48.0,1963.98828125,351.5552133359015
2026-07-20T04:43:25.841926+00:00,10543.0,40.0,107.58,48.0,1963.98828125,351.8746165037155
2026-07-20T04:43:26.144515+00:00,10543.0,40.0,107.87,48.0,1963.98828125,352.1772048845887
2026-07-20T04:43:26.423796+00:00,10543.0,40.0,108.31,48.0,1963.98828125,352.45648661628366
2026-07-20T04:43:26.746196+00:00,10543.0,40.0,108.47,48.0,1963.98828125,352.77888760715723
2026-07-20T04:43:27.046880+00:00,10543.0,40.0,108.57,48.0,1963.98828125,353.0795707255602
2026-07-20T04:43:27.326218+00:00,10543.0,41.0,108.36,48.0,1963.98828125,353.3589089475572
2026-07-20T04:43:27.671126+00:00,10603.0,38.0,108.38,48.0,1963.98828125,353.7038163244724
2026-07-20T04:43:27.951252+00:00,10639.0,40.0,108.16,48.0,1963.98828125,353.98394287005067
2026-07-20T04:43:28.250921+00:00,10663.0,40.0,108.11,48.0,1963.98828125,354.2836126834154
2026-07-20T04:43:28.555179+00:00,10687.0,40.0,107.94,48.0,1963.98828125,354.58787013590336
2026-07-20T04:43:28.855321+00:00,10711.0,40.0,107.99,48.0,1963.98828125,354.88801224157214
2026-07-20T04:43:29.180706+00:00,10735.0,40.0,108.04,48.0,1963.98828125,355.2133959829807
2026-07-20T04:43:29.478129+00:00,10759.0,41.0,108.2,48.0,1963.98828125,355.5108201801777
2026-07-20T04:43:29.800120+00:00,10783.0,39.0,108.28,48.0,1963.98828125,355.83281012251973
2026-07-20T04:43:30.119287+00:00,13729.0,41.0,108.9,48.0,1963.98828125,356.15197779610753
2026-07-20T04:43:30.439091+00:00,10093.0,84.0,158.94,53.0,1963.98828125,356.471781745553
2026-07-20T04:43:30.750203+00:00,11537.0,82.0,218.66,56.0,1963.98828125,356.78289449587464
2026-07-20T04:43:31.080814+00:00,21377.0,4.0,254.04,54.0,1963.98828125,357.1135035380721
2026-07-20T04:43:31.389742+00:00,52611.0,93.0,271.2,58.0,1964.36328125,357.4224331006408
2026-07-20T04:43:31.718884+00:00,53821.0,99.0,273.45,59.0,1964.36328125,357.75157471746206
2026-07-20T04:43:32.043184+00:00,53821.0,99.0,299.76,62.0,1964.36328125,358.0758743956685
2026-07-20T04:43:32.343007+00:00,53821.0,94.0,304.7,62.0,1964.36328125,358.3756981343031
2026-07-20T04:43:32.625993+00:00,53821.0,93.0,303.96,63.0,1964.36328125,358.65868386253715
2026-07-20T04:43:32.904646+00:00,9553.0,100.0,273.25,59.0,1964.36328125,358.9373369552195
2026-07-20T04:43:33.210146+00:00,9559.0,0.0,203.53,57.0,1964.36328125,359.24283593147993
2026-07-20T04:43:33.490204+00:00,9561.0,36.0,147.44,56.0,1964.36328125,359.5228945724666
2026-07-20T04:43:33.790902+00:00,9563.0,36.0,104.39,55.0,1964.36328125,359.82359309121966
2026-07-20T04:43:34.095271+00:00,9563.0,34.0,107.79,54.0,1964.36328125,360.12796073779464
2026-07-20T04:43:34.376347+00:00,9583.0,36.0,106.7,54.0,1964.36328125,360.40903766825795
2026-07-20T04:43:34.655108+00:00,9603.0,36.0,106.18,53.0,1964.36328125,360.68779915198684
2026-07-20T04:43:34.956959+00:00,9627.0,36.0,105.94,53.0,1964.36328125,360.98965015634894
2026-07-20T04:43:35.303404+00:00,9647.0,35.0,105.33,53.0,1964.36328125,361.33609433844686
2026-07-20T04:43:35.606438+00:00,9667.0,36.0,104.81,52.0,1964.36328125,361.63912799954414
2026-07-20T04:43:35.948344+00:00,9709.0,35.0,104.81,52.0,1964.36328125,361.9810347184539
2026-07-20T04:43:36.276172+00:00,9905.0,40.0,107.4,52.0,1964.36328125,362.3088626489043
2026-07-20T04:43:36.582584+00:00,9905.0,34.0,107.37,51.0,1964.36328125,362.6152736879885
2026-07-20T04:43:36.890440+00:00,9905.0,36.0,106.97,51.0,1964.36328125,362.9231306426227
2026-07-20T04:43:37.194567+00:00,9905.0,36.0,104.28,51.0,1964.36328125,363.2272568754852
2026-07-20T04:43:37.523506+00:00,9905.0,36.0,103.96,51.0,1964.36328125,363.55619606003165
2026-07-20T04:43:37.803246+00:00,9905.0,36.0,103.75,51.0,1964.36328125,363.83593741059303
2026-07-20T04:43:38.081836+00:00,9905.0,36.0,103.86,51.0,1964.36328125,364.1145276427269
2026-07-20T04:43:38.383965+00:00,9905.0,36.0,104.12,50.0,1964.36328125,364.4166566506028
2026-07-20T04:43:38.663642+00:00,9905.0,36.0,104.1,50.0,1964.36328125,364.69633316248655
2026-07-20T04:43:38.942603+00:00,9905.0,37.0,104.1,50.0,1964.36328125,364.9752944968641
2026-07-20T04:43:39.245135+00:00,9925.0,36.0,104.06,50.0,1964.36328125,365.27782502770424
2026-07-20T04:43:39.592366+00:00,9957.0,36.0,104.13,50.0,1964.36328125,365.6250566057861
2026-07-20T04:43:39.895590+00:00,9977.0,36.0,104.19,50.0,1964.36328125,365.92828054353595
2026-07-20T04:43:40.195341+00:00,9997.0,37.0,104.21,50.0,1964.36328125,366.2280319221318
2026-07-20T04:43:40.523550+00:00,10019.0,36.0,104.35,50.0,1964.36328125,366.5562406182289
2026-07-20T04:43:40.803634+00:00,10349.0,37.0,105.48,50.0,1964.36328125,366.8363248743117
2026-07-20T04:43:41.128087+00:00,10349.0,36.0,106.03,50.0,1964.36328125,367.1607782356441
2026-07-20T04:43:41.407383+00:00,10349.0,37.0,105.45,49.0,1964.36328125,367.4400739297271
2026-07-20T04:43:41.686411+00:00,10349.0,36.0,105.02,49.0,1964.36328125,367.71910236030817
2026-07-20T04:43:42.009062+00:00,10349.0,37.0,102.29,49.0,1964.36328125,368.041753988713
2026-07-20T04:43:42.287713+00:00,10349.0,36.0,102.27,49.0,1964.36328125,368.32040353119373
2026-07-20T04:43:42.592477+00:00,10349.0,35.0,101.98,49.0,1964.36328125,368.62516753003
2026-07-20T04:43:42.895505+00:00,10349.0,36.0,101.95,49.0,1964.36328125,368.92819580063224
2026-07-20T04:43:43.175257+00:00,10349.0,37.0,101.8,49.0,1964.36328125,369.20794843509793
2026-07-20T04:43:43.454711+00:00,10349.0,37.0,101.98,49.0,1964.36328125,369.4874019101262
2026-07-20T04:43:43.733254+00:00,10349.0,37.0,102.02,49.0,1964.36328125,369.7659449875355
2026-07-20T04:43:44.011948+00:00,10349.0,37.0,102.09,49.0,1964.36328125,370.0446396805346
2026-07-20T04:43:44.318386+00:00,10349.0,36.0,102.03,49.0,1964.36328125,370.3510745204985
2026-07-20T04:43:44.648242+00:00,10349.0,36.0,101.83,49.0,1964.37890625,370.68093256279826
2026-07-20T04:43:44.951922+00:00,10349.0,37.0,102.04,49.0,1964.37890625,370.9846126511693
2026-07-20T04:43:45.254764+00:00,10349.0,37.0,102.21,49.0,1964.37890625,371.2874552346766
2026-07-20T04:43:45.554418+00:00,10369.0,37.0,102.38,49.0,1964.37890625,371.5871091373265
2026-07-20T04:43:45.854367+00:00,10389.0,37.0,102.4,49.0,1964.37890625,371.8870579712093
2026-07-20T04:43:46.151214+00:00,10409.0,36.0,102.51,49.0,1964.37890625,372.18390518054366
2026-07-20T04:43:46.430655+00:00,10429.0,37.0,102.46,48.0,1964.37890625,372.4633456841111
2026-07-20T04:43:46.779053+00:00,10449.0,37.0,102.83,48.0,1964.37890625,372.81174398586154
2026-07-20T04:43:47.098214+00:00,10499.0,37.0,102.82,48.0,1964.37890625,373.1309051401913
2026-07-20T04:43:47.377585+00:00,10525.0,37.0,102.67,48.0,1964.37890625,373.4102764464915
2026-07-20T04:43:47.656833+00:00,10981.0,42.0,105.39,49.0,1964.37890625,373.68952375650406
2026-07-20T04:43:47.935631+00:00,10981.0,36.0,104.86,48.0,1964.37890625,373.9683221504092
2026-07-20T04:43:48.213972+00:00,10981.0,36.0,104.43,48.0,1964.37890625,374.2466633543372
2026-07-20T04:43:48.513928+00:00,10981.0,36.0,103.76,48.0,1964.37890625,374.54661966860294
2026-07-20T04:43:48.815921+00:00,10981.0,36.0,100.93,48.0,1964.37890625,374.84861259162426
2026-07-20T04:43:49.122968+00:00,10981.0,36.0,100.91,48.0,1964.37890625,375.15565909817815
2026-07-20T04:43:49.444201+00:00,10981.0,36.0,101.08,48.0,1964.37890625,375.4768915437162
2026-07-20T04:43:49.746487+00:00,10981.0,35.0,101.06,48.0,1964.37890625,375.7791773788631
2026-07-20T04:43:50.058858+00:00,10981.0,35.0,101.01,48.0,1964.37890625,376.09154810011387
2026-07-20T04:43:50.368391+00:00,10981.0,37.0,100.97,48.0,1964.37890625,376.40108128264546
2026-07-20T04:43:50.693095+00:00,10981.0,35.0,101.12,48.0,1964.37890625,376.7257848903537
2026-07-20T04:43:51.003705+00:00,10981.0,36.0,101.13,48.0,1964.37890625,377.0363945774734
2026-07-20T04:43:51.287965+00:00,10981.0,35.0,101.2,48.0,1964.37890625,377.32065473124385
2026-07-20T04:43:51.593339+00:00,8997.0,38.0,106.71,48.0,1964.37890625,377.62602877244353
2026-07-20T04:43:52.030835+00:00,8995.0,51.0,146.07,51.0,1964.37890625,378.0635227635503
2026-07-20T04:43:52.341278+00:00,22653.0,68.0,165.35,52.0,1965.11328125,378.3739682547748
2026-07-20T04:43:52.625136+00:00,23573.0,70.0,196.8,54.0,1965.11328125,378.6578269712627
2026-07-20T04:43:52.906621+00:00,23573.0,70.0,201.33,55.0,1965.11328125,378.93931138888
2026-07-20T04:43:53.208448+00:00,8995.0,0.0,196.7,52.0,1965.11328125,379.241139087826
2026-07-20T04:43:53.518846+00:00,9005.0,8.0,160.54,52.0,1965.11328125,379.5515362806618
2026-07-20T04:43:53.799096+00:00,9005.0,36.0,119.74,51.0,1965.11328125,379.8317869901657
2026-07-20T04:43:54.101150+00:00,9007.0,36.0,100.65,50.0,1965.11328125,380.1338412165642
2026-07-20T04:43:54.402228+00:00,9007.0,35.0,104.99,50.0,1965.11328125,380.43491856381297
2026-07-20T04:43:54.703550+00:00,9027.0,36.0,103.13,50.0,1965.11328125,380.7362410351634
2026-07-20T04:43:54.982529+00:00,9047.0,37.0,103.14,50.0,1965.11328125,381.01521994173527
2026-07-20T04:43:55.281140+00:00,9071.0,36.0,103.15,49.0,1965.11328125,381.3138305954635
2026-07-20T04:43:55.580211+00:00,9091.0,37.0,103.0,49.0,1965.11328125,381.6129012182355
2026-07-20T04:43:55.860208+00:00,9113.0,36.0,102.93,49.0,1965.11328125,381.8928986862302
2026-07-20T04:43:56.162608+00:00,9153.0,36.0,102.89,49.0,1965.11328125,382.1952995508909
2026-07-20T04:43:56.462876+00:00,9173.0,36.0,102.99,49.0,1965.11328125,382.49556697160006
2026-07-20T04:43:56.742317+00:00,9193.0,36.0,103.08,49.0,1965.11328125,382.7750083617866
2026-07-20T04:43:57.021215+00:00,9225.0,37.0,102.99,49.0,1965.11328125,383.053906802088
2026-07-20T04:43:57.362235+00:00,9245.0,37.0,102.95,49.0,1965.11328125,383.3949254155159
2026-07-20T04:43:57.665633+00:00,9265.0,37.0,102.98,49.0,1965.11328125,383.69832341745496
2026-07-20T04:43:57.944212+00:00,9285.0,37.0,103.26,49.0,1965.11328125,383.9769026339054
2026-07-20T04:43:58.223080+00:00,9305.0,37.0,103.46,49.0,1965.11328125,384.2557709440589
2026-07-20T04:43:58.560631+00:00,9325.0,37.0,103.68,49.0,1965.11328125,384.59332241490483
2026-07-20T04:43:58.839269+00:00,9345.0,37.0,103.58,49.0,1965.11328125,384.8719606399536
2026-07-20T04:43:59.117648+00:00,9367.0,37.0,103.52,48.0,1965.11328125,385.1503385268152
2026-07-20T04:43:59.463460+00:00,9387.0,36.0,103.36,48.0,1965.11328125,385.4961503446102
2026-07-20T04:43:59.744473+00:00,9407.0,37.0,103.56,48.0,1965.11328125,385.77716413885355
2026-07-20T04:44:00.052907+00:00,9463.0,36.0,103.34,48.0,1965.11328125,386.08559772372246
2026-07-20T04:44:00.371026+00:00,9483.0,37.0,103.51,48.0,1965.11328125,386.4037169367075
2026-07-20T04:44:00.673724+00:00,9985.0,43.0,105.57,49.0,1965.11328125,386.70640997961164
2026-07-20T04:44:00.952817+00:00,9985.0,36.0,105.14,48.0,1965.11328125,386.9855076260865
2026-07-20T04:44:01.238105+00:00,9985.0,36.0,104.26,48.0,1965.11328125,387.2707950398326
2026-07-20T04:44:01.541996+00:00,9985.0,36.0,103.26,48.0,1965.11328125,387.5746862143278
2026-07-20T04:44:01.823124+00:00,9985.0,36.0,100.78,48.0,1965.11328125,387.85581409931183
2026-07-20T04:44:02.102454+00:00,9985.0,36.0,100.76,48.0,1965.11328125,388.1351455897093
2026-07-20T04:44:02.381416+00:00,9985.0,37.0,101.27,48.0,1965.11328125,388.4141076989472
2026-07-20T04:44:02.682497+00:00,9985.0,36.0,101.4,48.0,1965.11328125,388.7151873372495
2026-07-20T04:44:02.961601+00:00,9985.0,36.0,101.49,48.0,1965.11328125,388.9942919462919
2026-07-20T04:44:03.261180+00:00,9985.0,37.0,101.36,48.0,1965.11328125,389.2938711568713
2026-07-20T04:44:03.562253+00:00,9985.0,37.0,101.35,48.0,1965.11328125,389.59494407474995
2026-07-20T04:44:03.888562+00:00,9985.0,36.0,101.02,48.0,1965.11328125,389.92125199362636
2026-07-20T04:44:04.194389+00:00,9985.0,37.0,101.27,48.0,1965.11328125,390.2270796895027
2026-07-20T04:44:04.516387+00:00,9985.0,37.0,101.23,48.0,1965.11328125,390.54907700419426
2026-07-20T04:44:04.817834+00:00,9985.0,35.0,101.38,48.0,1965.11328125,390.85052409768105
2026-07-20T04:44:05.131054+00:00,10287.0,36.0,101.5,48.0,1965.11328125,391.1637446321547
2026-07-20T04:44:05.438498+00:00,10287.0,35.0,103.56,48.0,1965.11328125,391.4711888432503
2026-07-20T04:44:05.796055+00:00,10287.0,31.0,103.05,48.0,1965.11328125,391.8287441134453
2026-07-20T04:44:06.101712+00:00,10287.0,35.0,102.7,48.0,1965.11328125,392.1344024389982
2026-07-20T04:44:06.406755+00:00,10287.0,36.0,100.02,48.0,1965.11328125,392.439445566386
2026-07-20T04:44:06.730808+00:00,10287.0,36.0,100.36,48.0,1965.11328125,392.763498313725
2026-07-20T04:44:07.010474+00:00,10287.0,37.0,100.46,48.0,1965.11328125,393.043165076524
2026-07-20T04:44:07.289234+00:00,10287.0,37.0,100.6,48.0,1965.11328125,393.3219250924885
2026-07-20T04:44:07.586667+00:00,10287.0,37.0,100.76,48.0,1965.11328125,393.619358740747
2026-07-20T04:44:07.867654+00:00,10287.0,31.0,100.62,47.0,1965.11328125,393.90034540742636
2026-07-20T04:44:08.195282+00:00,10287.0,37.0,100.83,47.0,1965.11328125,394.2279725112021
2026-07-20T04:44:08.474996+00:00,10287.0,37.0,100.64,47.0,1965.11328125,394.5076872482896
2026-07-20T04:44:08.753737+00:00,10287.0,37.0,100.97,47.0,1965.11328125,394.78642826527357
2026-07-20T04:44:09.049167+00:00,10287.0,37.0,101.04,47.0,1965.11328125,395.0818575806916
2026-07-20T04:44:09.327497+00:00,10287.0,37.0,101.24,47.0,1965.11328125,395.3601878620684
2026-07-20T04:44:09.649377+00:00,10287.0,37.0,101.24,47.0,1965.11328125,395.6820683069527
2026-07-20T04:44:09.928862+00:00,10287.0,37.0,101.29,47.0,1965.11328125,395.961552683264
2026-07-20T04:44:10.232655+00:00,10287.0,37.0,101.41,47.0,1965.11328125,396.26534501835704
2026-07-20T04:44:10.533572+00:00,10287.0,37.0,101.71,47.0,1965.11328125,396.5662632100284
2026-07-20T04:44:10.812725+00:00,10287.0,37.0,101.69,47.0,1965.11328125,396.8454163186252
2026-07-20T04:44:11.092201+00:00,10287.0,37.0,101.74,47.0,1965.11328125,397.12489170208573
2026-07-20T04:44:11.420963+00:00,10287.0,38.0,101.68,47.0,1965.11328125,397.45365166664124
2026-07-20T04:44:11.702475+00:00,10709.0,36.0,103.78,47.0,1965.11328125,397.7351660095155
2026-07-20T04:44:12.001558+00:00,10709.0,37.0,103.69,47.0,1965.11328125,398.0342491045594
2026-07-20T04:44:12.304619+00:00,10709.0,36.0,103.23,47.0,1965.11328125,398.3373093754053
2026-07-20T04:44:12.606182+00:00,10709.0,37.0,100.44,47.0,1965.11328125,398.6388729289174
2026-07-20T04:44:12.909563+00:00,10709.0,37.0,100.65,47.0,1965.11328125,398.9422540701926
2026-07-20T04:44:13.190113+00:00,10709.0,37.0,100.69,47.0,1965.11328125,399.2228043265641
2026-07-20T04:44:13.486646+00:00,10709.0,37.0,100.88,47.0,1965.11328125,399.5193372666836
2026-07-20T04:44:13.766135+00:00,10709.0,36.0,100.74,47.0,1965.11328125,399.7988264039159
2026-07-20T04:44:14.066682+00:00,10709.0,37.0,100.9,47.0,1965.11328125,400.0993729941547
2026-07-20T04:44:14.386358+00:00,10709.0,37.0,101.17,47.0,1965.11328125,400.4190491326153
2026-07-20T04:44:14.683034+00:00,10709.0,37.0,101.35,47.0,1965.11328125,400.7157248817384
2026-07-20T04:44:14.962483+00:00,10709.0,37.0,101.56,47.0,1965.11328125,400.9951746240258
2026-07-20T04:44:15.242443+00:00,10709.0,37.0,101.34,47.0,1965.11328125,401.27513422071934
2026-07-20T04:44:15.521390+00:00,10709.0,36.0,101.7,47.0,1965.11328125,401.55408054590225
2026-07-20T04:44:15.822318+00:00,10709.0,37.0,101.66,47.0,1965.11328125,401.85500955954194
2026-07-20T04:44:16.166205+00:00,10709.0,36.0,101.82,47.0,1965.11328125,402.1988944225013
2026-07-20T04:44:16.487824+00:00,10709.0,36.0,101.63,47.0,1965.11328125,402.52051409333944
2026-07-20T04:44:16.816389+00:00,10709.0,35.0,101.71,47.0,1965.11328125,402.8490786924958
2026-07-20T04:44:17.119620+00:00,10709.0,37.0,101.82,47.0,1965.11328125,403.15231020376086
2026-07-20T04:44:17.445373+00:00,10709.0,37.0,102.06,47.0,1965.11328125,403.478063929826
2026-07-20T04:44:17.724800+00:00,10709.0,38.0,101.97,47.0,1965.11328125,403.75749073177576
2026-07-20T04:44:18.003815+00:00,10709.0,37.0,102.04,47.0,1965.11328125,404.03650614619255
2026-07-20T04:44:18.310184+00:00,10709.0,37.0,101.98,47.0,1965.1171875,404.34287432953715
2026-07-20T04:44:18.633163+00:00,10709.0,36.0,102.05,47.0,1965.1171875,404.6658529676497
2026-07-20T04:44:18.938249+00:00,10729.0,37.0,102.34,47.0,1965.1171875,404.9709389694035
2026-07-20T04:44:19.265064+00:00,10749.0,35.0,102.32,47.0,1965.1171875,405.297754727304
2026-07-20T04:44:19.616547+00:00,10769.0,37.0,102.24,47.0,1965.1171875,405.64923725277185
2026-07-20T04:44:19.944092+00:00,10789.0,37.0,102.14,47.0,1965.1171875,405.97678277269006
2026-07-20T04:44:20.268758+00:00,10809.0,36.0,102.1,47.0,1965.1171875,406.3014484420419
2026-07-20T04:44:20.638605+00:00,9701.0,71.0,138.1,51.0,1965.125,406.6712947934866
2026-07-20T04:44:20.963124+00:00,12171.0,4.0,152.8,50.0,1965.125,406.99581333622336
2026-07-20T04:44:21.318222+00:00,25747.0,78.0,192.8,52.0,1965.52734375,407.35091177001595
2026-07-20T04:44:21.671214+00:00,26341.0,83.0,208.54,55.0,1965.52734375,407.70390398800373
2026-07-20T04:44:22.000858+00:00,9553.0,72.0,219.59,53.0,1965.52734375,408.0335475951433
2026-07-20T04:44:22.383304+00:00,9553.0,0.0,169.3,51.0,1965.52734375,408.4159942828119
2026-07-20T04:44:22.728055+00:00,9559.0,33.0,116.0,50.0,1965.52734375,408.7607446014881
2026-07-20T04:44:23.030907+00:00,9559.0,36.0,99.46,50.0,1965.52734375,409.0635967180133
2026-07-20T04:44:23.338251+00:00,9559.0,36.0,103.86,49.0,1965.52734375,409.37094071879983
2026-07-20T04:44:23.664844+00:00,9583.0,34.0,102.2,49.0,1965.52734375,409.697533916682
2026-07-20T04:44:23.988749+00:00,9603.0,34.0,102.41,49.0,1965.52734375,410.02143969386816
2026-07-20T04:44:24.298075+00:00,9623.0,35.0,102.4,49.0,1965.52734375,410.3307655751705
2026-07-20T04:44:24.601728+00:00,9663.0,36.0,102.37,49.0,1965.52734375,410.634418297559
2026-07-20T04:44:24.924467+00:00,9687.0,35.0,102.24,49.0,1965.52734375,410.95715730264783
2026-07-20T04:44:25.281232+00:00,9709.0,36.0,102.02,48.0,1965.52734375,411.3139221519232
2026-07-20T04:44:25.585853+00:00,9729.0,36.0,101.93,48.0,1965.52734375,411.6185430586338
2026-07-20T04:44:25.908191+00:00,9749.0,34.0,101.92,48.0,1965.52734375,411.9408815614879
2026-07-20T04:44:26.192029+00:00,9769.0,34.0,101.46,48.0,1965.52734375,412.22471897676587
2026-07-20T04:44:26.495104+00:00,9789.0,37.0,101.12,48.0,1965.52734375,412.5277942419052
2026-07-20T04:44:26.802249+00:00,9821.0,35.0,101.26,48.0,1965.52734375,412.83493937551975
2026-07-20T04:44:27.153062+00:00,9841.0,34.0,101.56,48.0,1965.52734375,413.18575171381235
2026-07-20T04:44:27.458759+00:00,9863.0,35.0,102.48,48.0,1965.52734375,413.49144884198904
2026-07-20T04:44:27.762380+00:00,10221.0,35.0,105.24,48.0,1965.52734375,413.7950695157051
2026-07-20T04:44:28.070170+00:00,10221.0,36.0,104.94,48.0,1965.52734375,414.1028605401516
2026-07-20T04:44:28.369751+00:00,10221.0,35.0,104.55,48.0,1965.52734375,414.40244095399976
2026-07-20T04:44:28.689030+00:00,10221.0,35.0,101.45,48.0,1965.52734375,414.72171972319484
2026-07-20T04:44:28.994324+00:00,10221.0,36.0,101.13,48.0,1965.52734375,415.0270136259496
2026-07-20T04:44:29.298157+00:00,10221.0,35.0,101.25,48.0,1965.52734375,415.3308475986123
2026-07-20T04:44:29.598031+00:00,10221.0,36.0,101.24,48.0,1965.52734375,415.63072084262967
2026-07-20T04:44:29.924919+00:00,10357.0,35.0,103.31,48.0,1965.52734375,415.9576085805893
2026-07-20T04:44:30.230681+00:00,10357.0,36.0,102.97,48.0,1965.52734375,416.26337092742324
2026-07-20T04:44:30.533987+00:00,10357.0,35.0,101.82,48.0,1965.52734375,416.5666771233082
2026-07-20T04:44:30.860893+00:00,10357.0,34.0,99.15,47.0,1965.52734375,416.8935819901526
2026-07-20T04:44:31.212993+00:00,10357.0,35.0,98.94,47.0,1965.52734375,417.24568324163556
2026-07-20T04:44:31.518428+00:00,10357.0,35.0,99.97,47.0,1965.52734375,417.55111825838685
2026-07-20T04:44:31.844763+00:00,10485.0,35.0,103.0,47.0,1965.52734375,417.87745271995664
2026-07-20T04:44:32.152442+00:00,10485.0,36.0,103.27,47.0,1965.52734375,418.1851315237582
2026-07-20T04:44:32.477229+00:00,10485.0,35.0,103.0,47.0,1965.52734375,418.50991889089346
2026-07-20T04:44:32.800767+00:00,10485.0,36.0,99.92,47.0,1965.52734375,418.83345752581954
2026-07-20T04:44:33.105937+00:00,10485.0,36.0,99.74,47.0,1965.52734375,419.138626947999
2026-07-20T04:44:33.436498+00:00,10485.0,35.0,99.76,47.0,1965.52734375,419.469188131392
2026-07-20T04:44:33.762710+00:00,10485.0,37.0,99.77,47.0,1965.52734375,419.79539976269007
2026-07-20T04:44:34.095062+00:00,10485.0,37.0,100.01,47.0,1965.52734375,420.12775180488825
2026-07-20T04:44:34.445436+00:00,10485.0,36.0,100.54,47.0,1965.52734375,420.47812590003014
2026-07-20T04:44:34.765236+00:00,8625.0,52.0,117.77,50.0,1965.52734375,420.797925490886
2026-07-20T04:44:35.152520+00:00,10835.0,9.0,135.91,49.0,1965.52734375,421.1852086260915
2026-07-20T04:44:35.459958+00:00,18899.0,59.0,155.44,51.0,1965.8359375,421.49264803156257
2026-07-20T04:44:35.768464+00:00,19243.0,53.0,169.4,52.0,1965.8359375,421.80115439370275
2026-07-20T04:44:36.053948+00:00,16371.0,66.0,178.31,52.0,1965.8359375,422.0866382494569
2026-07-20T04:44:36.353432+00:00,8525.0,0.0,162.58,50.0,1965.8359375,422.3861226402223
2026-07-20T04:44:36.658634+00:00,8533.0,21.0,133.58,50.0,1965.8359375,422.6913242973387
2026-07-20T04:44:36.962510+00:00,8533.0,35.0,104.93,49.0,1965.8359375,422.99520034343004
2026-07-20T04:44:37.270783+00:00,8535.0,33.0,99.66,49.0,1965.8359375,423.30347285047174
2026-07-20T04:44:37.574527+00:00,8535.0,34.0,104.26,49.0,1965.8359375,423.6072166264057
2026-07-20T04:44:37.904649+00:00,8555.0,36.0,102.14,48.0,1965.8359375,423.93733850866556
2026-07-20T04:44:38.232289+00:00,8595.0,37.0,102.56,48.0,1965.8359375,424.2649792544544
2026-07-20T04:44:38.552565+00:00,8619.0,35.0,102.5,48.0,1965.8359375,424.5852553397417
2026-07-20T04:44:38.858165+00:00,8639.0,35.0,102.52,48.0,1965.8359375,424.8908552825451
2026-07-20T04:44:39.162147+00:00,8659.0,35.0,102.07,48.0,1965.8359375,425.1948371641338
2026-07-20T04:44:39.466131+00:00,8679.0,36.0,102.15,48.0,1965.8359375,425.49882151931524
2026-07-20T04:44:39.769891+00:00,8701.0,36.0,102.07,48.0,1965.8359375,425.8025811575353
2026-07-20T04:44:40.104936+00:00,8721.0,37.0,102.32,48.0,1965.8359375,426.137626260519
2026-07-20T04:44:40.406576+00:00,8753.0,35.0,102.2,48.0,1965.8359375,426.43926644325256
2026-07-20T04:44:40.729146+00:00,8773.0,36.0,102.23,48.0,1965.8359375,426.76183650642633
2026-07-20T04:44:41.034187+00:00,8793.0,35.0,102.27,48.0,1965.8359375,427.0668777786195
2026-07-20T04:44:41.342598+00:00,8813.0,35.0,102.41,48.0,1965.8359375,427.3752884157002
2026-07-20T04:44:41.693140+00:00,8853.0,37.0,102.5,48.0,1965.8359375,427.7258293889463
2026-07-20T04:44:42.044893+00:00,8873.0,34.0,102.47,48.0,1965.8359375,428.0775832235813
2026-07-20T04:44:42.352590+00:00,9269.0,42.0,105.29,48.0,1965.8359375,428.38528062030673
2026-07-20T04:44:42.700257+00:00,9269.0,36.0,104.35,48.0,1965.8359375,428.73294634371996
2026-07-20T04:44:43.026943+00:00,9269.0,35.0,103.61,48.0,1965.8359375,429.059632435441
2026-07-20T04:44:43.334300+00:00,9269.0,34.0,100.26,47.0,1965.8359375,429.36699048802257
2026-07-20T04:44:43.642480+00:00,9269.0,36.0,99.44,47.0,1965.8359375,429.6751712374389
2026-07-20T04:44:43.950430+00:00,9269.0,36.0,99.69,47.0,1965.8359375,429.9831201918423
2026-07-20T04:44:44.260486+00:00,9269.0,36.0,99.78,47.0,1965.8359375,430.2931759469211
2026-07-20T04:44:44.592464+00:00,9399.0,36.0,103.23,47.0,1965.8359375,430.6251545101404
2026-07-20T04:44:44.920342+00:00,9399.0,36.0,103.31,47.0,1965.8359375,430.9530323036015
2026-07-20T04:44:45.205219+00:00,9399.0,36.0,103.32,47.0,1965.8359375,431.23790906369686
2026-07-20T04:44:45.509497+00:00,9399.0,36.0,100.41,47.0,1965.8359375,431.54218792170286
2026-07-20T04:44:45.840662+00:00,9399.0,36.0,100.26,47.0,1965.8359375,431.8733526133001
2026-07-20T04:44:46.125064+00:00,9399.0,36.0,100.1,47.0,1965.8359375,432.15775398537517
2026-07-20T04:44:46.448905+00:00,9399.0,36.0,100.14,47.0,1965.8359375,432.48159454762936
2026-07-20T04:44:46.753045+00:00,9399.0,34.0,100.0,47.0,1965.8359375,432.7857336588204
2026-07-20T04:44:47.104956+00:00,9399.0,36.0,100.13,47.0,1965.83984375,433.13764572143555
2026-07-20T04:44:47.448939+00:00,9399.0,35.0,100.28,47.0,1965.83984375,433.48162899911404
2026-07-20T04:44:47.750150+00:00,9399.0,37.0,100.72,47.0,1965.83984375,433.78284012153745
2026-07-20T04:44:48.072780+00:00,9399.0,35.0,100.64,47.0,1965.83984375,434.1054696254432
2026-07-20T04:44:48.421564+00:00,9399.0,36.0,100.53,47.0,1965.83984375,434.4542526639998
2026-07-20T04:44:48.726597+00:00,9399.0,37.0,100.78,47.0,1965.83984375,434.7592865675688
2026-07-20T04:44:49.034379+00:00,9399.0,37.0,101.12,47.0,1965.83984375,435.06706872209907
2026-07-20T04:44:49.361046+00:00,9399.0,37.0,101.37,47.0,1965.83984375,435.39373525977135
2026-07-20T04:44:49.666850+00:00,9399.0,37.0,101.41,47.0,1965.83984375,435.69954082369804
2026-07-20T04:44:49.974481+00:00,9399.0,36.0,101.49,47.0,1965.83984375,436.0071714259684
2026-07-20T04:44:50.281352+00:00,9419.0,36.0,101.73,47.0,1965.83984375,436.3140420280397
2026-07-20T04:44:50.585669+00:00,9439.0,35.0,101.83,47.0,1965.83984375,436.6183581314981
2026-07-20T04:44:50.889920+00:00,9855.0,36.0,103.8,47.0,1965.83984375,436.9226101413369
2026-07-20T04:44:51.198175+00:00,9855.0,35.0,103.35,47.0,1965.83984375,437.23086565732956
2026-07-20T04:44:51.505715+00:00,9855.0,36.0,102.83,47.0,1965.83984375,437.5384053327143
2026-07-20T04:44:51.852668+00:00,9855.0,36.0,100.13,47.0,1965.83984375,437.8853577375412
2026-07-20T04:44:52.180400+00:00,9855.0,36.0,100.23,47.0,1965.83984375,438.2130904532969
2026-07-20T04:44:52.486645+00:00,9855.0,36.0,100.2,47.0,1965.83984375,438.51933573931456
2026-07-20T04:44:52.794990+00:00,9855.0,36.0,100.22,47.0,1965.83984375,438.8276796117425
2026-07-20T04:44:53.102594+00:00,9855.0,35.0,100.24,47.0,1965.83984375,439.13528383523226
2026-07-20T04:44:53.409968+00:00,9855.0,36.0,100.1,47.0,1965.83984375,439.4426582083106
2026-07-20T04:44:53.740696+00:00,9855.0,35.0,100.03,47.0,1965.83984375,439.77338613569736
2026-07-20T04:44:54.046107+00:00,9855.0,35.0,100.4,47.0,1965.83984375,440.0787969715893
2026-07-20T04:44:54.396503+00:00,9855.0,35.0,100.78,47.0,1965.83984375,440.42918467894197
2026-07-20T04:44:54.724791+00:00,9855.0,29.0,100.75,47.0,1965.83984375,440.757481507957
2026-07-20T04:44:55.062701+00:00,9855.0,36.0,100.53,47.0,1965.83984375,441.0953910462558
2026-07-20T04:44:55.392842+00:00,9855.0,36.0,100.52,47.0,1965.83984375,441.42553251609206
2026-07-20T04:44:55.698288+00:00,9855.0,37.0,100.79,47.0,1965.83984375,441.7309791781008
2026-07-20T04:44:56.048469+00:00,9855.0,36.0,101.5,47.0,1965.84375,442.0811589062214
2026-07-20T04:44:56.354402+00:00,9855.0,37.0,101.63,47.0,1965.84765625,442.38709265738726
2026-07-20T04:44:56.658535+00:00,9855.0,37.0,101.55,47.0,1965.84765625,442.69122502580285
2026-07-20T04:44:56.984086+00:00,9855.0,34.0,101.01,47.0,1965.8515625,443.0167762041092
2026-07-20T04:44:57.290308+00:00,9889.0,37.0,101.2,47.0,1965.8515625,443.3229978866875
2026-07-20T04:44:57.616719+00:00,9913.0,37.0,101.14,47.0,1965.8515625,443.6494091786444
2026-07-20T04:44:57.940493+00:00,9953.0,36.0,101.46,47.0,1965.8515625,443.9731760956347
2026-07-20T04:44:58.242810+00:00,9973.0,37.0,101.64,47.0,1965.8515625,444.27550049871206
2026-07-20T04:44:58.553467+00:00,9993.0,36.0,101.92,47.0,1965.8515625,444.58615723252296
2026-07-20T04:44:58.837988+00:00,10013.0,36.0,101.95,47.0,1965.8515625,444.87067829445004
2026-07-20T04:44:59.146045+00:00,10033.0,36.0,102.01,47.0,1965.8515625,445.17873487994075
2026-07-20T04:44:59.472609+00:00,10053.0,36.0,101.98,47.0,1965.8515625,445.50529935210943
2026-07-20T04:44:59.758640+00:00,9643.0,48.0,109.37,49.0,1965.8515625,445.7913299910724
2026-07-20T04:45:00.224222+00:00,9553.0,44.0,151.42,52.0,1965.86328125,446.25691149011254
2026-07-20T04:45:00.555036+00:00,25737.0,86.0,179.6,51.0,1965.91015625,446.58772629126906
2026-07-20T04:45:00.867206+00:00,26341.0,73.0,201.87,53.0,1965.91015625,446.89989587664604
2026-07-20T04:45:01.220303+00:00,9553.0,83.0,218.04,55.0,1965.91015625,447.2529936991632
2026-07-20T04:45:01.659695+00:00,9553.0,0.0,187.73,51.0,1965.91015625,447.6923850849271
2026-07-20T04:45:01.974860+00:00,9565.0,35.0,129.0,50.0,1965.91015625,448.00755021348596
2026-07-20T04:45:02.277965+00:00,9567.0,35.0,99.68,50.0,1965.91015625,448.3106559626758
2026-07-20T04:45:02.583508+00:00,9567.0,36.0,104.25,49.0,1965.91015625,448.6161982193589
2026-07-20T04:45:02.889535+00:00,9589.0,36.0,103.44,49.0,1965.91015625,448.922222211957
2026-07-20T04:45:03.238002+00:00,9609.0,36.0,103.57,49.0,1965.91015625,449.27069283276796
2026-07-20T04:45:03.548385+00:00,9629.0,36.0,103.23,49.0,1965.91015625,449.58107556402683
2026-07-20T04:45:03.830464+00:00,9649.0,36.0,103.13,49.0,1965.91015625,449.8631552569568
2026-07-20T04:45:04.134758+00:00,9681.0,36.0,103.1,48.0,1965.91015625,450.1674497053027
2026-07-20T04:45:04.414642+00:00,9701.0,36.0,103.21,48.0,1965.91015625,450.4473327882588
2026-07-20T04:45:04.694496+00:00,9723.0,37.0,103.31,48.0,1965.91015625,450.72718700766563
2026-07-20T04:45:04.994660+00:00,9743.0,37.0,103.36,48.0,1965.91015625,451.0273512415588
2026-07-20T04:45:05.276663+00:00,9763.0,37.0,103.31,48.0,1965.91015625,451.3093544282019
2026-07-20T04:45:05.559840+00:00,9783.0,37.0,103.41,48.0,1965.91015625,451.592530451715
2026-07-20T04:45:05.841564+00:00,9803.0,37.0,103.48,48.0,1965.91015625,451.8742549829185
2026-07-20T04:45:06.143832+00:00,9843.0,36.0,103.58,48.0,1965.91015625,452.17652328312397
2026-07-20T04:45:06.466515+00:00,10179.0,36.0,104.64,48.0,1965.91015625,452.49920596182346
2026-07-20T04:45:06.746758+00:00,10179.0,36.0,106.62,48.0,1965.91015625,452.77944841980934
2026-07-20T04:45:07.069737+00:00,10179.0,37.0,106.25,48.0,1965.91015625,453.10242810472846
2026-07-20T04:45:07.375750+00:00,10179.0,36.0,105.83,48.0,1965.91015625,453.4084416627884
2026-07-20T04:45:07.658589+00:00,10179.0,36.0,102.52,48.0,1965.91015625,453.69127939268947
2026-07-20T04:45:07.939222+00:00,10179.0,36.0,102.56,48.0,1965.91015625,453.9719134680927
2026-07-20T04:45:08.219013+00:00,10179.0,36.0,102.52,48.0,1965.91015625,454.25170428305864
2026-07-20T04:45:08.522047+00:00,10179.0,36.0,102.81,48.0,1965.91015625,454.554737880826
2026-07-20T04:45:08.801676+00:00,10179.0,37.0,102.99,48.0,1965.91015625,454.8343668319285
2026-07-20T04:45:09.081216+00:00,10179.0,36.0,103.02,48.0,1965.91015625,455.11390748247504
2026-07-20T04:45:09.360735+00:00,10179.0,37.0,103.07,48.0,1965.91015625,455.3934260830283
2026-07-20T04:45:09.710665+00:00,10179.0,37.0,103.16,48.0,1965.91015625,455.74335592612624
2026-07-20T04:45:10.015321+00:00,10179.0,37.0,103.22,48.0,1965.91015625,456.048011906445
2026-07-20T04:45:10.319977+00:00,10421.0,36.0,106.46,48.0,1965.91015625,456.3526679351926
2026-07-20T04:45:10.672376+00:00,10421.0,36.0,106.07,48.0,1965.91015625,456.70506674051285
2026-07-20T04:45:10.953438+00:00,10421.0,36.0,105.66,47.0,1965.91015625,456.98612800985575
2026-07-20T04:45:11.253060+00:00,10421.0,37.0,101.99,47.0,1965.91015625,457.2857510522008
2026-07-20T04:45:11.532785+00:00,10421.0,36.0,102.09,47.0,1965.91015625,457.56547563150525
2026-07-20T04:45:11.850941+00:00,10421.0,36.0,102.01,47.0,1965.91015625,457.8836319297552
2026-07-20T04:45:12.178263+00:00,10421.0,36.0,102.28,47.0,1965.91015625,458.2109538093209
2026-07-20T04:45:12.483581+00:00,10421.0,37.0,102.53,47.0,1965.91015625,458.51627163589
2026-07-20T04:45:12.764085+00:00,10421.0,37.0,102.5,47.0,1965.91015625,458.7967757098377
2026-07-20T04:45:13.063024+00:00,10421.0,37.0,102.71,47.0,1965.91015625,459.0957144424319
2026-07-20T04:45:13.369241+00:00,10421.0,33.0,102.49,47.0,1965.91015625,459.4019312597811
2026-07-20T04:45:13.694409+00:00,10421.0,37.0,102.42,47.0,1965.91015625,459.72709994763136
2026-07-20T04:45:14.001110+00:00,10421.0,37.0,102.55,47.0,1965.91015625,460.0338011197746
2026-07-20T04:45:14.303200+00:00,10421.0,37.0,102.79,47.0,1965.91015625,460.33589075133204
2026-07-20T04:45:14.607165+00:00,10421.0,37.0,103.53,47.0,1965.91015625,460.6398563757539
2026-07-20T04:45:14.913695+00:00,10421.0,37.0,103.57,47.0,1965.91015625,460.94638565927744
2026-07-20T04:45:15.220861+00:00,10445.0,37.0,103.42,47.0,1965.91015625,461.25355142354965
2026-07-20T04:45:15.522781+00:00,10833.0,43.0,106.15,47.0,1965.91015625,461.55547125265
2026-07-20T04:45:15.832404+00:00,10833.0,36.0,105.66,47.0,1965.91015625,461.8650947548449
2026-07-20T04:45:16.161138+00:00,10833.0,35.0,105.13,47.0,1965.91015625,462.19382821395993
2026-07-20T04:45:16.489260+00:00,10833.0,34.0,102.06,47.0,1965.91015625,462.52195012941957
2026-07-20T04:45:16.820673+00:00,10833.0,36.0,101.47,47.0,1965.91015625,462.8533633239567
2026-07-20T04:45:17.148528+00:00,10833.0,36.0,101.58,47.0,1965.91015625,463.1812186203897
2026-07-20T04:45:17.452024+00:00,10833.0,36.0,101.76,47.0,1965.91015625,463.48471461236477
2026-07-20T04:45:17.755240+00:00,10833.0,36.0,102.0,47.0,1965.91015625,463.7879314683378
2026-07-20T04:45:18.035492+00:00,10833.0,36.0,102.14,47.0,1965.91015625,464.06818306073546
2026-07-20T04:45:18.344573+00:00,10833.0,37.0,101.66,47.0,1965.91015625,464.3772636912763
2026-07-20T04:45:18.626099+00:00,10833.0,36.0,101.94,47.0,1965.91015625,464.6587900482118
2026-07-20T04:45:18.929916+00:00,10833.0,37.0,102.15,47.0,1965.91015625,464.9626071155071
2026-07-20T04:45:19.209939+00:00,10833.0,37.0,102.73,47.0,1965.91015625,465.2426304295659
2026-07-20T04:45:19.506276+00:00,10833.0,37.0,102.72,47.0,1965.91015625,465.53896693885326
2026-07-20T04:45:19.785796+00:00,10833.0,37.0,102.93,47.0,1965.91015625,465.81848680600524
2026-07-20T04:45:20.092468+00:00,10833.0,37.0,103.43,47.0,1965.91015625,466.12515868246555
2026-07-20T04:45:20.416244+00:00,10833.0,34.0,103.39,47.0,1965.91015625,466.4489341415465
2026-07-20T04:45:20.697667+00:00,10835.0,37.0,103.31,47.0,1965.91015625,466.73035818710923
2026-07-20T04:45:21.001573+00:00,10835.0,37.0,103.25,47.0,1965.91015625,467.03426392003894
2026-07-20T04:45:21.326430+00:00,10875.0,37.0,103.42,47.0,1965.91015625,467.3591210357845
2026-07-20T04:45:21.607279+00:00,10895.0,37.0,103.58,47.0,1965.91015625,467.63996969908476
2026-07-20T04:45:21.934295+00:00,10915.0,37.0,103.74,47.0,1965.91015625,467.9669862277806
2026-07-20T04:45:22.238464+00:00,10935.0,37.0,103.95,47.0,1965.91015625,468.2711552195251
2026-07-20T04:45:22.545175+00:00,10955.0,37.0,103.48,47.0,1965.91015625,468.5778652280569
2026-07-20T04:45:22.833390+00:00,9127.0,41.0,103.9,47.0,1965.91015625,468.8660800792277
2026-07-20T04:45:23.160919+00:00,9855.0,63.0,145.6,50.0,1965.91015625,469.19360922276974
2026-07-20T04:45:23.493236+00:00,13761.0,4.0,154.68,49.0,1965.92578125,469.52592480927706
2026-07-20T04:45:23.778917+00:00,24843.0,85.0,184.58,52.0,1966.17578125,469.8116081431508
2026-07-20T04:45:24.085652+00:00,25339.0,77.0,201.53,54.0,1966.17578125,470.1183432042599
2026-07-20T04:45:24.383843+00:00,9125.0,92.0,222.59,54.0,1966.17578125,470.41653444990516
2026-07-20T04:45:24.708301+00:00,9125.0,0.0,198.23,51.0,1966.17578125,470.7409914806485
2026-07-20T04:45:25.161813+00:00,9137.0,36.0,125.96,50.0,1966.17578125,471.1945027858019
2026-07-20T04:45:25.442754+00:00,9137.0,36.0,99.31,50.0,1966.17578125,471.47544484212995
2026-07-20T04:45:25.722756+00:00,9137.0,36.0,103.33,50.0,1966.17578125,471.75544745475054
2026-07-20T04:45:26.045335+00:00,9161.0,36.0,103.49,49.0,1966.17578125,472.07802572473884
2026-07-20T04:45:26.326941+00:00,9181.0,36.0,103.15,49.0,1966.17578125,472.3596316501498
2026-07-20T04:45:26.631136+00:00,9201.0,36.0,103.11,49.0,1966.17578125,472.6638266444206
2026-07-20T04:45:26.931814+00:00,9221.0,36.0,103.15,49.0,1966.17578125,472.96450521051884
2026-07-20T04:45:27.212512+00:00,9243.0,35.0,103.14,49.0,1966.17578125,473.2452030368149
2026-07-20T04:45:27.537779+00:00,9263.0,36.0,103.19,49.0,1966.17578125,473.5704697854817
2026-07-20T04:45:27.842032+00:00,9297.0,35.0,102.88,48.0,1966.17578125,473.8747208826244
2026-07-20T04:45:28.123987+00:00,9317.0,35.0,102.97,48.0,1966.17578125,474.1566773802042
2026-07-20T04:45:28.445066+00:00,9337.0,36.0,103.1,48.0,1966.17578125,474.47775688767433
2026-07-20T04:45:28.747871+00:00,9609.0,39.0,106.16,49.0,1966.17578125,474.78056114166975
2026-07-20T04:45:29.029078+00:00,9609.0,35.0,106.06,48.0,1966.17578125,475.06176852434874
2026-07-20T04:45:29.311147+00:00,9609.0,36.0,105.78,48.0,1966.17578125,475.34383783489466
2026-07-20T04:45:29.613837+00:00,9609.0,35.0,105.42,48.0,1966.17578125,475.64652710035443
2026-07-20T04:45:29.922573+00:00,9609.0,35.0,101.98,48.0,1966.17578125,475.9552631005645
2026-07-20T04:45:30.224509+00:00,9609.0,35.0,101.82,48.0,1966.17578125,476.25719912722707
2026-07-20T04:45:30.530287+00:00,9609.0,35.0,102.03,48.0,1966.17578125,476.56297132745385
2026-07-20T04:45:30.880749+00:00,9609.0,36.0,102.23,48.0,1966.17578125,476.913438487798
2026-07-20T04:45:31.213442+00:00,9609.0,36.0,102.39,48.0,1966.17578125,477.2461321800947
2026-07-20T04:45:31.522468+00:00,9609.0,36.0,102.3,48.0,1966.17578125,477.55515836179256
2026-07-20T04:45:31.824507+00:00,9609.0,36.0,102.67,48.0,1966.17578125,477.8571982868016
2026-07-20T04:45:32.126902+00:00,9833.0,40.0,104.97,48.0,1966.17578125,478.1595933958888
2026-07-20T04:45:32.430867+00:00,9833.0,36.0,105.41,48.0,1966.17578125,478.4635577686131
2026-07-20T04:45:32.738868+00:00,9833.0,33.0,104.93,48.0,1966.17578125,478.77155753597617
2026-07-20T04:45:33.088161+00:00,9833.0,35.0,104.49,48.0,1966.17578125,479.1208510361612
2026-07-20T04:45:33.388229+00:00,9833.0,36.0,101.9,48.0,1966.17578125,479.4209195077419
2026-07-20T04:45:33.691117+00:00,9833.0,36.0,101.97,48.0,1966.17578125,479.7238078005612
2026-07-20T04:45:34.013836+00:00,9833.0,36.0,102.16,47.0,1966.17578125,480.04652740061283
2026-07-20T04:45:34.315217+00:00,9833.0,36.0,102.39,47.0,1966.17578125,480.3479079566896
2026-07-20T04:45:34.595777+00:00,9833.0,36.0,102.5,47.0,1966.17578125,480.6284683458507
2026-07-20T04:45:34.876005+00:00,9833.0,36.0,102.56,47.0,1966.17578125,480.9086961783469
2026-07-20T04:45:35.227547+00:00,9833.0,36.0,102.89,47.0,1966.17578125,481.260237749666
2026-07-20T04:45:35.553934+00:00,9833.0,36.0,103.01,47.0,1966.17578125,481.5866247564554
2026-07-20T04:45:35.854724+00:00,9833.0,36.0,102.83,47.0,1966.17578125,481.88741563633084
2026-07-20T04:45:36.159488+00:00,9853.0,36.0,102.91,47.0,1966.17578125,482.19217900931835
2026-07-20T04:45:36.457940+00:00,9873.0,37.0,102.87,47.0,1966.17578125,482.4906311184168
2026-07-20T04:45:36.738586+00:00,9893.0,37.0,103.17,47.0,1966.17578125,482.7712766677141
2026-07-20T04:45:37.018920+00:00,9913.0,36.0,103.26,47.0,1966.17578125,483.0516112521291
2026-07-20T04:45:37.366930+00:00,9933.0,36.0,103.14,47.0,1966.17578125,483.3996210433543
2026-07-20T04:45:37.667011+00:00,9973.0,36.0,103.03,47.0,1966.17578125,483.69970213249326
2026-07-20T04:45:37.970782+00:00,9999.0,35.0,102.92,47.0,1966.17578125,484.0034717693925
2026-07-20T04:45:38.253659+00:00,10435.0,37.0,103.75,47.0,1966.17578125,484.28634947910905
2026-07-20T04:45:38.535095+00:00,10435.0,36.0,105.43,47.0,1966.17578125,484.5677858181298
2026-07-20T04:45:38.815511+00:00,10435.0,36.0,105.02,47.0,1966.17578125,484.8482018299401
2026-07-20T04:45:39.095517+00:00,10435.0,36.0,104.6,47.0,1966.17578125,485.1282087638974
2026-07-20T04:45:39.441045+00:00,10435.0,36.0,101.65,47.0,1966.17578125,485.47373592481017
2026-07-20T04:45:39.741913+00:00,10435.0,36.0,101.74,47.0,1966.17578125,485.77460427582264
2026-07-20T04:45:40.071120+00:00,10435.0,36.0,102.05,47.0,1966.17578125,486.10381147265434
2026-07-20T04:45:40.375857+00:00,10435.0,36.0,101.92,47.0,1966.17578125,486.40854850038886
2026-07-20T04:45:40.679120+00:00,10435.0,36.0,101.96,47.0,1966.17578125,486.711811542511
2026-07-20T04:45:41.029794+00:00,10435.0,36.0,102.26,47.0,1966.17578125,487.0624854192138
2026-07-20T04:45:41.331536+00:00,10435.0,36.0,102.48,47.0,1966.17578125,487.3642266727984
2026-07-20T04:45:41.656516+00:00,10435.0,36.0,102.62,47.0,1966.17578125,487.6892067566514
2026-07-20T04:45:41.939275+00:00,10435.0,36.0,102.59,47.0,1966.17578125,487.9719653055072
2026-07-20T04:45:42.239613+00:00,10435.0,37.0,102.46,47.0,1966.17578125,488.2723041139543
2026-07-20T04:45:42.539310+00:00,10435.0,37.0,102.66,47.0,1966.17578125,488.57200130075216
2026-07-20T04:45:42.843539+00:00,10435.0,37.0,102.7,47.0,1966.17578125,488.87622981891036
2026-07-20T04:45:43.146616+00:00,10435.0,37.0,102.96,47.0,1966.17578125,489.179305318743
2026-07-20T04:45:43.449294+00:00,10435.0,36.0,103.0,47.0,1966.17578125,489.48198495432734
2026-07-20T04:45:43.776690+00:00,10435.0,36.0,102.76,47.0,1966.17578125,489.80937972664833
2026-07-20T04:45:44.077747+00:00,10435.0,37.0,102.54,47.0,1966.17578125,490.1104370765388
2026-07-20T04:45:44.386309+00:00,10435.0,34.0,102.63,47.0,1966.17578125,490.4189985692501
2026-07-20T04:45:44.715829+00:00,10455.0,35.0,102.83,47.0,1966.17578125,490.7485185712576
2026-07-20T04:45:45.054449+00:00,10475.0,35.0,102.97,47.0,1966.1796875,491.0871388986707
2026-07-20T04:45:45.382745+00:00,10495.0,37.0,103.05,47.0,1966.19140625,491.4154355302453
2026-07-20T04:45:45.684595+00:00,10515.0,36.0,103.3,47.0,1966.19140625,491.71728544309735
2026-07-20T04:45:45.990420+00:00,10535.0,37.0,103.13,47.0,1966.19921875,492.023110717535
2026-07-20T04:45:46.297606+00:00,10557.0,37.0,103.17,47.0,1966.19921875,492.3302961848676
2026-07-20T04:45:46.603438+00:00,10577.0,37.0,103.09,47.0,1966.19921875,492.63612853735685
2026-07-20T04:45:46.905846+00:00,10597.0,37.0,103.55,47.0,1966.203125,492.9385364353657
2026-07-20T04:45:47.186288+00:00,10617.0,37.0,104.01,47.0,1966.203125,493.21897919103503
2026-07-20T04:45:47.468827+00:00,9647.0,70.0,129.68,50.0,1966.37109375,493.5015184134245
2026-07-20T04:45:47.910137+00:00,12385.0,0.0,162.59,50.0,1966.5625,493.9428219497204
2026-07-20T04:45:48.220289+00:00,26837.0,75.0,197.66,52.0,1966.6015625,494.2529785335064
2026-07-20T04:45:48.527218+00:00,27441.0,89.0,220.79,55.0,1966.6015625,494.5599078349769
2026-07-20T04:45:48.850099+00:00,9553.0,82.0,238.39,54.0,1966.60546875,494.8827901817858
2026-07-20T04:45:49.160450+00:00,9553.0,0.0,213.58,52.0,1966.60546875,495.1931413151324
2026-07-20T04:45:49.506306+00:00,9565.0,20.0,148.7,51.0,1966.6171875,495.53899642825127
2026-07-20T04:45:49.789046+00:00,9565.0,36.0,100.5,50.0,1966.6171875,495.82173758745193
2026-07-20T04:45:50.114659+00:00,9567.0,36.0,102.2,50.0,1966.6171875,496.14735014364123
2026-07-20T04:45:50.398780+00:00,9567.0,36.0,106.32,50.0,1966.6171875,496.4314714036882
2026-07-20T04:45:50.680563+00:00,9589.0,36.0,103.69,49.0,1966.6171875,496.71325397118926
2026-07-20T04:45:50.985560+00:00,9609.0,36.0,103.54,49.0,1966.6171875,497.01825151592493
2026-07-20T04:45:51.266902+00:00,9629.0,36.0,103.41,49.0,1966.6171875,497.29959231615067
2026-07-20T04:45:51.547406+00:00,9649.0,36.0,103.2,49.0,1966.6171875,497.5800972543657
2026-07-20T04:45:51.850648+00:00,9681.0,35.0,103.09,49.0,1966.6171875,497.8833386339247
2026-07-20T04:45:52.198786+00:00,9721.0,35.0,103.2,49.0,1966.6171875,498.23147685825825
2026-07-20T04:45:52.480364+00:00,9741.0,37.0,103.28,49.0,1966.6171875,498.51305459812284
2026-07-20T04:45:52.761294+00:00,9763.0,37.0,103.39,48.0,1966.6171875,498.7939851619303
2026-07-20T04:45:53.041907+00:00,9783.0,37.0,103.56,48.0,1966.6171875,499.0745982155204
2026-07-20T04:45:53.350291+00:00,9803.0,37.0,103.91,48.0,1966.6171875,499.3829812295735
2026-07-20T04:45:53.632518+00:00,9823.0,37.0,103.87,48.0,1966.6171875,499.6652081608772
2026-07-20T04:45:53.980708+00:00,9843.0,35.0,103.74,48.0,1966.6171875,500.0133981779218
2026-07-20T04:45:54.332576+00:00,10153.0,35.0,106.4,48.0,1966.6171875,500.3652667105198
2026-07-20T04:45:54.631734+00:00,10153.0,36.0,105.5,48.0,1966.6171875,500.664424482733
2026-07-20T04:45:54.912826+00:00,10153.0,36.0,104.8,48.0,1966.6171875,500.9455172084272
2026-07-20T04:45:55.194300+00:00,10153.0,36.0,100.84,48.0,1966.6171875,501.2269910648465
2026-07-20T04:45:55.475237+00:00,10153.0,36.0,101.0,48.0,1966.6171875,501.50792844220996
2026-07-20T04:45:55.778361+00:00,10153.0,36.0,101.14,48.0,1966.6171875,501.811052326113
2026-07-20T04:45:56.082630+00:00,10153.0,36.0,101.15,48.0,1966.6171875,502.1153216660023
2026-07-20T04:45:56.434058+00:00,10153.0,35.0,101.22,48.0,1966.6171875,502.46674947440624
2026-07-20T04:45:56.739149+00:00,10153.0,37.0,101.35,48.0,1966.6171875,502.77184054628015
2026-07-20T04:45:57.019857+00:00,10153.0,37.0,101.58,48.0,1966.6171875,503.05253983289003
2026-07-20T04:45:57.300030+00:00,10153.0,37.0,101.83,48.0,1966.6171875,503.3327215537429
2026-07-20T04:45:57.580054+00:00,10375.0,37.0,104.75,48.0,1966.6171875,503.61274490877986
2026-07-20T04:45:57.882028+00:00,10375.0,36.0,104.61,48.0,1966.6171875,503.9147194772959
2026-07-20T04:45:58.207676+00:00,10375.0,37.0,104.0,48.0,1966.6171875,504.2403595857322
2026-07-20T04:45:58.556304+00:00,10375.0,35.0,100.88,47.0,1966.6171875,504.5889941379428
2026-07-20T04:45:58.842298+00:00,10375.0,35.0,100.57,47.0,1966.6171875,504.8749881647527
2026-07-20T04:45:59.147007+00:00,10375.0,37.0,100.57,47.0,1966.6171875,505.1796969473362
2026-07-20T04:45:59.504747+00:00,10375.0,35.0,100.54,47.0,1966.6171875,505.537436299026
2026-07-20T04:45:59.828199+00:00,10375.0,35.0,100.64,47.0,1966.6171875,505.8608888350427
2026-07-20T04:46:00.172096+00:00,10375.0,36.0,100.61,47.0,1966.6171875,506.20478554815054
2026-07-20T04:46:00.473434+00:00,10375.0,37.0,100.82,47.0,1966.6171875,506.5061236023903
2026-07-20T04:46:00.777329+00:00,10375.0,37.0,101.01,47.0,1966.6171875,506.81001891568303
2026-07-20T04:46:01.060154+00:00,10375.0,37.0,101.43,47.0,1966.6171875,507.09284469112754
2026-07-20T04:46:01.363964+00:00,10375.0,37.0,101.58,47.0,1966.6171875,507.3966541327536
2026-07-20T04:46:01.645728+00:00,10637.0,37.0,104.25,47.0,1966.6171875,507.67841900140047
2026-07-20T04:46:01.951155+00:00,10637.0,36.0,103.8,47.0,1966.6171875,507.9838460497558
2026-07-20T04:46:02.254550+00:00,10637.0,36.0,103.25,47.0,1966.6171875,508.28724117949605
2026-07-20T04:46:02.534806+00:00,10637.0,36.0,100.37,47.0,1966.6171875,508.56749695912004
2026-07-20T04:46:02.837273+00:00,10637.0,35.0,100.1,47.0,1966.6171875,508.86996395885944
2026-07-20T04:46:03.143599+00:00,10637.0,36.0,100.6,47.0,1966.6171875,509.1762903146446
2026-07-20T04:46:03.424437+00:00,10637.0,36.0,100.81,47.0,1966.6171875,509.45712764933705
2026-07-20T04:46:03.704941+00:00,10637.0,37.0,101.27,47.0,1966.6171875,509.7376321144402
2026-07-20T04:46:04.006735+00:00,10637.0,37.0,101.39,47.0,1966.6171875,510.03942623734474
2026-07-20T04:46:04.287214+00:00,10637.0,37.0,101.37,47.0,1966.6171875,510.3199055492878
2026-07-20T04:46:04.567286+00:00,10637.0,37.0,101.38,47.0,1966.62109375,510.5999765507877
2026-07-20T04:46:04.917757+00:00,10637.0,37.0,101.37,47.0,1966.62109375,510.9504483938217
2026-07-20T04:46:05.241328+00:00,10637.0,37.0,101.42,47.0,1966.62109375,511.2740189060569
2026-07-20T04:46:05.545935+00:00,10637.0,37.0,101.51,47.0,1966.625,511.57862567156553
2026-07-20T04:46:05.851241+00:00,10637.0,37.0,101.46,47.0,1966.625,511.8839261904359
2026-07-20T04:46:06.133189+00:00,10657.0,37.0,101.52,47.0,1966.625,512.1658797301352
2026-07-20T04:46:06.437641+00:00,10677.0,37.0,101.49,47.0,1966.625,512.4703319594264
2026-07-20T04:46:06.719979+00:00,8577.0,48.0,116.19,48.0,1966.6953125,512.7526697590947
2026-07-20T04:46:07.155012+00:00,9705.0,2.0,139.55,49.0,1966.73828125,513.1877018734813
2026-07-20T04:46:07.440054+00:00,20577.0,69.0,159.44,51.0,1967.28125,513.4727443233132
2026-07-20T04:46:07.726399+00:00,21381.0,62.0,180.67,52.0,1967.28125,513.7590900175273
2026-07-20T04:46:08.028595+00:00,19411.0,68.0,189.39,53.0,1967.28125,514.061285611242
2026-07-20T04:46:08.308978+00:00,8551.0,0.0,180.63,51.0,1967.28125,514.3416693620384
2026-07-20T04:46:08.630349+00:00,8551.0,0.0,141.48,49.0,1967.59375,514.6630398482084
2026-07-20T04:46:08.914984+00:00,8551.0,0.0,102.12,49.0,1974.39453125,514.9476749226451
2026-07-20T04:46:09.324198+00:00,8551.0,0.0,86.35,48.0,1977.20703125,515.3568870350718
2026-07-20T04:46:09.615347+00:00,8563.0,36.0,92.8,48.0,1976.2734375,515.6480376385152
2026-07-20T04:46:09.896607+00:00,8563.0,36.0,97.39,48.0,1976.2734375,515.92929790169
2026-07-20T04:46:10.198075+00:00,8563.0,34.0,102.02,48.0,1976.2734375,516.2307653613389
2026-07-20T04:46:10.480260+00:00,8583.0,36.0,102.18,48.0,1976.2734375,516.5129499956965
2026-07-20T04:46:10.801477+00:00,8607.0,36.0,102.17,48.0,1976.2734375,516.8341681659222
2026-07-20T04:46:11.082963+00:00,8627.0,36.0,102.28,48.0,1976.2734375,517.1156539469957
2026-07-20T04:46:11.406902+00:00,8647.0,37.0,102.65,48.0,1976.2734375,517.439592178911
2026-07-20T04:46:11.706676+00:00,8669.0,36.0,102.72,48.0,1976.2734375,517.7393669374287
2026-07-20T04:46:11.987632+00:00,8829.0,37.0,105.23,48.0,1976.2734375,518.0203231908381
2026-07-20T04:46:12.268576+00:00,8829.0,36.0,104.73,48.0,1976.2734375,518.3012673966587
2026-07-20T04:46:12.595835+00:00,8829.0,35.0,103.82,48.0,1976.2734375,518.6285251565278
2026-07-20T04:46:12.901715+00:00,8829.0,36.0,100.55,48.0,1976.2734375,518.9344054758549
2026-07-20T04:46:13.231787+00:00,8829.0,35.0,100.51,48.0,1976.2734375,519.2644769698381
2026-07-20T04:46:13.585077+00:00,8829.0,35.0,100.46,47.0,1976.2734375,519.6177668012679
2026-07-20T04:46:13.894684+00:00,8829.0,36.0,100.52,47.0,1976.2734375,519.9273735620081
2026-07-20T04:46:14.224587+00:00,8829.0,34.0,100.18,47.0,1976.2734375,520.2572771385312
2026-07-20T04:46:14.530265+00:00,8849.0,34.0,100.16,47.0,1976.2734375,520.5629550889134
2026-07-20T04:46:14.856773+00:00,8869.0,35.0,100.05,47.0,1976.2734375,520.8894633129239
2026-07-20T04:46:15.143843+00:00,8901.0,36.0,100.37,47.0,1976.2734375,521.1765331625938
2026-07-20T04:46:15.445036+00:00,8921.0,36.0,100.66,47.0,1976.2734375,521.4777261838317
2026-07-20T04:46:15.750675+00:00,9183.0,35.0,102.91,47.0,1976.2734375,521.7833650708199
2026-07-20T04:46:16.058267+00:00,9183.0,35.0,102.85,47.0,1976.2734375,522.090956415981
2026-07-20T04:46:16.364266+00:00,9183.0,36.0,102.66,47.0,1976.2734375,522.396956011653
2026-07-20T04:46:16.688890+00:00,9183.0,36.0,100.3,47.0,1976.2734375,522.721579875797
2026-07-20T04:46:16.994277+00:00,9183.0,35.0,100.38,47.0,1976.2734375,523.026966765523
2026-07-20T04:46:17.302308+00:00,9183.0,36.0,100.17,47.0,1976.2734375,523.3349982053041
2026-07-20T04:46:17.648705+00:00,9183.0,35.0,100.33,47.0,1976.2734375,523.681395303458
2026-07-20T04:46:17.976475+00:00,9183.0,36.0,100.3,47.0,1976.2734375,524.0091657079756
2026-07-20T04:46:18.320350+00:00,9183.0,37.0,100.32,47.0,1976.2734375,524.3530396707356
2026-07-20T04:46:18.644459+00:00,9183.0,35.0,100.19,47.0,1976.2734375,524.6771496646106
2026-07-20T04:46:18.996437+00:00,9183.0,31.0,100.35,47.0,1976.2734375,525.0291276574135
2026-07-20T04:46:19.283665+00:00,9183.0,36.0,100.63,47.0,1976.2734375,525.3163551725447
2026-07-20T04:46:19.587229+00:00,9203.0,35.0,100.95,47.0,1976.2734375,525.6199109777808
2026-07-20T04:46:19.874821+00:00,9225.0,36.0,101.13,47.0,1976.2734375,525.9075107388198
2026-07-20T04:46:20.177472+00:00,9245.0,35.0,101.07,47.0,1976.2734375,526.2101622112095
2026-07-20T04:46:20.501500+00:00,9265.0,35.0,100.83,47.0,1976.2734375,526.5341893136501
2026-07-20T04:46:20.824910+00:00,9285.0,37.0,100.94,47.0,1976.2734375,526.8576005063951
2026-07-20T04:46:21.176429+00:00,9305.0,37.0,101.29,47.0,1976.2734375,527.2091195806861
2026-07-20T04:46:21.524320+00:00,9345.0,36.0,101.52,47.0,1976.2734375,527.557010512799
2026-07-20T04:46:21.830121+00:00,9383.0,36.0,101.67,47.0,1976.2734375,527.8628109060228
2026-07-20T04:46:22.138366+00:00,9403.0,37.0,101.6,47.0,1976.2734375,528.1710559986532
2026-07-20T04:46:22.467658+00:00,9423.0,35.0,101.76,47.0,1976.2734375,528.5003489889205
2026-07-20T04:46:22.773929+00:00,9443.0,37.0,101.75,47.0,1976.2734375,528.8066192902625
2026-07-20T04:46:23.120498+00:00,9463.0,37.0,101.81,47.0,1976.2734375,529.1531876288354
2026-07-20T04:46:23.425776+00:00,9483.0,38.0,102.03,47.0,1976.2734375,529.4584666676819
2026-07-20T04:46:23.733454+00:00,9503.0,36.0,101.83,47.0,1976.2734375,529.7661450877786
2026-07-20T04:46:24.089053+00:00,10067.0,35.0,104.02,47.0,1976.2734375,530.1217426583171
2026-07-20T04:46:24.398817+00:00,10067.0,36.0,103.32,47.0,1976.2734375,530.4315075837076
2026-07-20T04:46:24.706102+00:00,10067.0,36.0,102.81,47.0,1976.2734375,530.7387917675078
2026-07-20T04:46:25.013582+00:00,10067.0,37.0,99.95,47.0,1976.2734375,531.0462726764381
2026-07-20T04:46:25.367649+00:00,10067.0,35.0,100.04,47.0,1976.2734375,531.4003382734954
2026-07-20T04:46:25.673869+00:00,10067.0,36.0,100.28,47.0,1976.2734375,531.7065596096218
2026-07-20T04:46:25.981988+00:00,10067.0,37.0,100.19,47.0,1976.2734375,532.0146780535579
2026-07-20T04:46:26.314476+00:00,10067.0,35.0,100.28,47.0,1976.2734375,532.347166467458
2026-07-20T04:46:26.644726+00:00,10067.0,37.0,100.33,47.0,1976.2734375,532.6774159483612
2026-07-20T04:46:26.976853+00:00,10067.0,36.0,100.65,47.0,1976.2734375,533.0095436014235
2026-07-20T04:46:27.285704+00:00,10067.0,36.0,100.84,47.0,1976.2734375,533.3183950148523
2026-07-20T04:46:27.595272+00:00,9515.0,52.0,117.94,49.0,1976.2734375,533.6279623769224
2026-07-20T04:46:28.006122+00:00,10785.0,1.0,150.71,49.0,1976.2734375,534.0388116762042
2026-07-20T04:46:28.362357+00:00,24997.0,71.0,189.85,52.0,1976.35546875,534.3950475715101
2026-07-20T04:46:28.672634+00:00,25543.0,76.0,213.04,54.0,1976.35546875,534.7053243927658
2026-07-20T04:46:28.973219+00:00,9347.0,73.0,222.11,53.0,1976.35546875,535.0059096328914
2026-07-20T04:46:29.324090+00:00,9347.0,0.0,187.39,51.0,1976.35546875,535.3567808941007
2026-07-20T04:46:29.792061+00:00,9361.0,36.0,115.94,50.0,1976.35546875,535.8247512280941
2026-07-20T04:46:30.111330+00:00,9363.0,35.0,99.76,49.0,1976.35546875,536.1440207473934
2026-07-20T04:46:30.418058+00:00,9363.0,36.0,104.35,49.0,1976.35546875,536.4507477805018
2026-07-20T04:46:30.748451+00:00,9383.0,35.0,102.49,49.0,1976.35546875,536.7811416760087
2026-07-20T04:46:31.072339+00:00,9405.0,35.0,102.75,49.0,1976.35546875,537.1050298474729
2026-07-20T04:46:31.374378+00:00,9425.0,36.0,102.73,49.0,1976.35546875,537.4070679172873
2026-07-20T04:46:31.682407+00:00,9445.0,35.0,102.63,48.0,1976.35546875,537.7150973379612
2026-07-20T04:46:31.990435+00:00,9477.0,35.0,102.53,48.0,1976.35546875,538.0231243446469
2026-07-20T04:46:32.344589+00:00,9517.0,36.0,102.41,48.0,1976.35546875,538.3772797398269
2026-07-20T04:46:32.676796+00:00,9537.0,35.0,102.65,48.0,1976.35546875,538.7094863764942
2026-07-20T04:46:32.986671+00:00,9783.0,36.0,102.67,48.0,1976.35546875,539.0193612463772
2026-07-20T04:46:33.291307+00:00,9783.0,37.0,105.86,48.0,1976.35546875,539.323997631669
2026-07-20T04:46:33.640229+00:00,9783.0,35.0,105.32,48.0,1976.35546875,539.6729182302952
2026-07-20T04:46:33.950977+00:00,9783.0,35.0,104.82,48.0,1976.35546875,539.9836669117212
2026-07-20T04:46:34.254394+00:00,9783.0,36.0,101.01,48.0,1976.35546875,540.287084504962
2026-07-20T04:46:34.606524+00:00,9783.0,37.0,100.78,48.0,1976.35546875,540.6392145566642
2026-07-20T04:46:34.928623+00:00,9783.0,36.0,100.61,48.0,1976.35546875,540.961313713342
2026-07-20T04:46:35.251560+00:00,9783.0,35.0,100.65,48.0,1976.35546875,541.284249778837
2026-07-20T04:46:35.553791+00:00,9783.0,36.0,100.91,47.0,1976.35546875,541.5864811949432
2026-07-20T04:46:35.883657+00:00,9783.0,36.0,101.1,47.0,1976.35546875,541.9163465052843
2026-07-20T04:46:36.168794+00:00,9983.0,44.0,104.28,48.0,1976.35546875,542.201483424753
2026-07-20T04:46:36.475368+00:00,9983.0,34.0,104.09,47.0,1976.35546875,542.5080576613545
2026-07-20T04:46:36.778791+00:00,9983.0,35.0,103.8,47.0,1976.35546875,542.8114820197225
2026-07-20T04:46:37.086944+00:00,9983.0,35.0,102.4,47.0,1976.35546875,543.1196336820722
2026-07-20T04:46:37.389667+00:00,9983.0,36.0,100.7,47.0,1976.35546875,543.422356620431
2026-07-20T04:46:37.694370+00:00,9983.0,34.0,100.7,47.0,1976.35546875,543.7270605787635
2026-07-20T04:46:37.997595+00:00,10097.0,38.0,103.94,47.0,1976.35546875,544.0302857942879
2026-07-20T04:46:38.301011+00:00,10097.0,36.0,103.5,47.0,1976.35546875,544.3337015397847
2026-07-20T04:46:38.606108+00:00,10097.0,37.0,103.9,47.0,1976.35546875,544.6387981437147
2026-07-20T04:46:38.953192+00:00,10097.0,33.0,100.38,47.0,1976.35546875,544.985882114619
2026-07-20T04:46:39.262119+00:00,10097.0,36.0,100.41,47.0,1976.35546875,545.2948094271123
2026-07-20T04:46:39.588135+00:00,10097.0,36.0,100.4,47.0,1976.35546875,545.6208255589008
2026-07-20T04:46:39.916537+00:00,10097.0,36.0,100.38,47.0,1976.35546875,545.9492273554206
2026-07-20T04:46:40.226085+00:00,10097.0,37.0,100.69,47.0,1976.35546875,546.2587754838169
2026-07-20T04:46:40.534707+00:00,10097.0,36.0,100.73,47.0,1976.35546875,546.5673975870013
2026-07-20T04:46:40.842530+00:00,10097.0,37.0,100.82,47.0,1976.35546875,546.8752205148339
2026-07-20T04:46:41.150929+00:00,10097.0,35.0,101.04,47.0,1976.35546875,547.1836190782487
2026-07-20T04:46:41.481343+00:00,10117.0,36.0,101.03,47.0,1976.35546875,547.5140335857868
2026-07-20T04:46:41.789932+00:00,10137.0,37.0,101.44,47.0,1976.35546875,547.822621870786
2026-07-20T04:46:42.106817+00:00,8235.0,52.0,125.39,50.0,1976.35546875,548.1395079940557
2026-07-20T04:46:42.433703+00:00,11015.0,18.0,140.51,49.0,1976.35546875,548.4663921259344
2026-07-20T04:46:42.741018+00:00,18883.0,58.0,164.79,51.0,1976.73046875,548.7737077213824
2026-07-20T04:46:43.066853+00:00,19601.0,68.0,181.91,52.0,1976.73046875,549.0995431356132
2026-07-20T04:46:43.369900+00:00,8235.0,64.0,184.16,51.0,1976.73046875,549.4025898836553
2026-07-20T04:46:43.711323+00:00,8235.0,0.0,161.12,50.0,1976.73046875,549.7440132685006
2026-07-20T04:46:44.184662+00:00,8245.0,35.0,109.07,49.0,1976.73046875,550.2173526138067
2026-07-20T04:46:44.490120+00:00,8247.0,35.0,98.57,49.0,1976.73046875,550.5228082574904
2026-07-20T04:46:44.793283+00:00,8247.0,35.0,103.29,49.0,1976.734375,550.825973611325
2026-07-20T04:46:45.091461+00:00,8267.0,35.0,101.81,48.0,1976.734375,551.1241499073803
2026-07-20T04:46:45.412624+00:00,8287.0,29.0,101.49,48.0,1976.734375,551.4453135095537
2026-07-20T04:46:45.700779+00:00,8311.0,35.0,101.54,48.0,1976.734375,551.7334690541029
2026-07-20T04:46:45.987530+00:00,8331.0,35.0,101.58,48.0,1976.734375,552.020220387727
2026-07-20T04:46:46.294422+00:00,8353.0,36.0,101.53,48.0,1976.734375,552.3271126113832
2026-07-20T04:46:46.648699+00:00,8373.0,36.0,101.8,48.0,1976.734375,552.6813895776868
2026-07-20T04:46:46.958471+00:00,8393.0,36.0,101.88,48.0,1976.734375,552.991161711514
2026-07-20T04:46:47.266215+00:00,8419.0,36.0,102.08,48.0,1976.734375,553.2989051565528
2026-07-20T04:46:47.573997+00:00,8447.0,33.0,102.14,48.0,1976.734375,553.60668746382
2026-07-20T04:46:47.885597+00:00,8487.0,37.0,102.17,48.0,1976.734375,553.9182868413627
2026-07-20T04:46:48.170047+00:00,8507.0,36.0,102.25,48.0,1976.734375,554.2027367241681
2026-07-20T04:46:48.473945+00:00,8527.0,35.0,102.22,48.0,1976.734375,554.5066348835826
2026-07-20T04:46:48.760539+00:00,8835.0,40.0,104.55,48.0,1976.734375,554.7932296656072
2026-07-20T04:46:49.066169+00:00,8835.0,36.0,104.12,48.0,1976.734375,555.0988588482141
2026-07-20T04:46:49.374863+00:00,8835.0,35.0,103.6,48.0,1976.734375,555.4075537137687
2026-07-20T04:46:49.690234+00:00,8835.0,36.0,100.9,47.0,1976.734375,555.7229224927723
2026-07-20T04:46:50.020421+00:00,8835.0,35.0,100.58,47.0,1976.734375,556.0531106591225
2026-07-20T04:46:50.329310+00:00,8835.0,36.0,100.67,47.0,1976.734375,556.3619998246431
2026-07-20T04:46:50.638612+00:00,8835.0,32.0,100.84,47.0,1976.734375,556.6713014245033
2026-07-20T04:46:50.964883+00:00,8835.0,35.0,101.06,47.0,1976.734375,556.9975738301873
2026-07-20T04:46:51.296176+00:00,8835.0,36.0,101.38,47.0,1976.734375,557.3288662619889
2026-07-20T04:46:51.623478+00:00,8835.0,34.0,101.36,47.0,1976.734375,557.6561677232385
2026-07-20T04:46:51.934258+00:00,8835.0,35.0,101.3,47.0,1976.734375,557.9669477976859
2026-07-20T04:46:52.240626+00:00,9067.0,36.0,101.34,47.0,1976.734375,558.2733064591885
2026-07-20T04:46:52.563654+00:00,9067.0,36.0,103.96,47.0,1976.734375,558.5963364653289
2026-07-20T04:46:52.908548+00:00,9067.0,35.0,103.27,47.0,1976.734375,558.9412380196154
2026-07-20T04:46:53.232589+00:00,9067.0,35.0,103.05,47.0,1976.734375,559.2652790024877
2026-07-20T04:46:53.565686+00:00,9067.0,35.0,100.42,47.0,1976.734375,559.5983760245144
2026-07-20T04:46:53.908519+00:00,9067.0,34.0,100.81,47.0,1976.734375,559.9412084035575
2026-07-20T04:46:54.214019+00:00,9067.0,36.0,100.73,47.0,1976.734375,560.2467082701623
2026-07-20T04:46:54.540784+00:00,9067.0,35.0,100.89,47.0,1976.734375,560.573474932462
2026-07-20T04:46:54.872523+00:00,9067.0,36.0,101.11,47.0,1976.734375,560.9052125625312
2026-07-20T04:46:55.178051+00:00,9067.0,37.0,101.35,47.0,1976.734375,561.2107405103743
2026-07-20T04:46:55.489781+00:00,9067.0,36.0,101.51,47.0,1976.734375,561.5224716030061
2026-07-20T04:46:55.816352+00:00,9067.0,37.0,101.86,47.0,1976.734375,561.8490422740579
2026-07-20T04:46:56.125960+00:00,9067.0,30.0,101.29,47.0,1976.734375,562.1586494855583
2026-07-20T04:46:56.448394+00:00,9067.0,35.0,100.89,47.0,1976.734375,562.4810840338469
2026-07-20T04:46:56.772989+00:00,9067.0,35.0,100.9,47.0,1976.734375,562.8056790865958
2026-07-20T04:46:57.077599+00:00,9067.0,37.0,101.34,47.0,1976.734375,563.110289555043
2026-07-20T04:46:57.361737+00:00,9087.0,37.0,102.18,47.0,1976.734375,563.3944280855358
2026-07-20T04:46:57.701884+00:00,9107.0,37.0,102.1,47.0,1976.734375,563.7345743253827
2026-07-20T04:46:57.983951+00:00,9127.0,37.0,102.31,47.0,1976.734375,564.016641702503
2026-07-20T04:46:58.284910+00:00,9167.0,37.0,102.35,47.0,1976.734375,564.317600235343
2026-07-20T04:46:58.594958+00:00,9187.0,36.0,102.5,47.0,1976.734375,564.6276482455432
2026-07-20T04:46:58.878758+00:00,9225.0,36.0,102.36,47.0,1976.734375,564.9114494100213
2026-07-20T04:46:59.160944+00:00,9245.0,38.0,102.57,47.0,1976.734375,565.1936353258789
2026-07-20T04:46:59.465510+00:00,9265.0,37.0,102.48,47.0,1976.734375,565.4982014670968
2026-07-20T04:46:59.748485+00:00,9285.0,37.0,102.82,47.0,1976.734375,565.7811749614775
2026-07-20T04:47:00.030881+00:00,9305.0,37.0,103.07,47.0,1976.734375,566.0635700114071
2026-07-20T04:47:00.336957+00:00,9325.0,37.0,102.99,47.0,1976.734375,566.3696480765939
2026-07-20T04:47:00.620118+00:00,9345.0,38.0,103.12,47.0,1976.734375,566.6528094634414
2026-07-20T04:47:00.918667+00:00,9365.0,37.0,103.4,47.0,1976.73828125,566.9513582140207
2026-07-20T04:47:01.201067+00:00,9385.0,37.0,103.53,47.0,1976.7421875,567.2337578684092
2026-07-20T04:47:01.482597+00:00,9999.0,41.0,106.3,48.0,1976.7421875,567.5152886807919
2026-07-20T04:47:01.764410+00:00,9999.0,36.0,105.12,47.0,1976.7421875,567.7971009649336
2026-07-20T04:47:02.046141+00:00,9999.0,36.0,104.24,47.0,1976.7421875,568.0788319706917
2026-07-20T04:47:02.390499+00:00,9999.0,36.0,102.99,47.0,1976.7421875,568.4231896437705
2026-07-20T04:47:02.690493+00:00,9999.0,36.0,100.08,47.0,1976.7421875,568.723183799535
2026-07-20T04:47:02.972073+00:00,9999.0,36.0,100.24,47.0,1976.7421875,569.0047638453543
2026-07-20T04:47:03.253685+00:00,9999.0,37.0,100.29,47.0,1976.7421875,569.2863761968911
2026-07-20T04:47:03.581140+00:00,9999.0,36.0,100.56,47.0,1976.74609375,569.6138316653669
2026-07-20T04:47:03.890571+00:00,9999.0,35.0,100.63,47.0,1976.74609375,569.9232613779604
2026-07-20T04:47:04.173946+00:00,9999.0,37.0,100.65,47.0,1976.74609375,570.2066373229027
2026-07-20T04:47:04.526970+00:00,9999.0,36.0,100.42,47.0,1976.74609375,570.5596609897912
2026-07-20T04:47:04.812971+00:00,9551.0,37.0,101.41,47.0,1976.74609375,570.845661457628
2026-07-20T04:47:05.124037+00:00,9885.0,72.0,143.32,51.0,1976.74609375,571.1567264981568
2026-07-20T04:47:05.439237+00:00,11075.0,10.0,156.98,50.0,1976.74609375,571.4719256274402
2026-07-20T04:47:05.742559+00:00,25989.0,86.0,192.86,53.0,1976.875,571.7752495631576
2026-07-20T04:47:06.046202+00:00,27189.0,82.0,210.15,54.0,1976.875,572.0788921229541
2026-07-20T04:47:06.331245+00:00,25147.0,89.0,232.99,56.0,1976.875,572.3639352023602
2026-07-20T04:47:06.634147+00:00,9551.0,0.0,212.36,52.0,1976.875,572.6668376624584
2026-07-20T04:47:06.955470+00:00,9551.0,0.0,159.09,50.0,1976.875,572.9881601259112
2026-07-20T04:47:07.258739+00:00,9563.0,36.0,111.92,50.0,1976.875,573.2914299480617
2026-07-20T04:47:07.540987+00:00,9563.0,36.0,98.92,50.0,1976.875,573.5736784934998
2026-07-20T04:47:07.845623+00:00,9567.0,36.0,103.9,49.0,1976.875,573.8783143721521
2026-07-20T04:47:08.127311+00:00,9587.0,36.0,103.46,49.0,1976.875,574.1600023806095
2026-07-20T04:47:08.409694+00:00,9607.0,36.0,103.43,49.0,1976.875,574.4423841871321
2026-07-20T04:47:08.739452+00:00,9627.0,36.0,103.59,49.0,1976.875,574.7721422575414
2026-07-20T04:47:09.024799+00:00,9649.0,36.0,103.37,49.0,1976.875,575.057490143925
2026-07-20T04:47:09.333978+00:00,9669.0,36.0,102.83,49.0,1976.875,575.3666684068739
2026-07-20T04:47:09.641652+00:00,9701.0,35.0,102.68,48.0,1976.875,575.6743417792022
2026-07-20T04:47:09.949994+00:00,9721.0,36.0,102.58,48.0,1976.875,575.9826852492988
2026-07-20T04:47:10.257602+00:00,9741.0,36.0,102.85,48.0,1976.875,576.2902915105224
2026-07-20T04:47:10.588583+00:00,9761.0,36.0,103.02,48.0,1976.875,576.6212727800012
2026-07-20T04:47:10.944949+00:00,9801.0,35.0,103.3,48.0,1976.875,576.9776387661695
2026-07-20T04:47:11.276138+00:00,9821.0,35.0,103.29,48.0,1976.875,577.3088286779821
2026-07-20T04:47:11.585833+00:00,9841.0,37.0,103.26,48.0,1976.875,577.6185230799019
2026-07-20T04:47:11.914449+00:00,9863.0,37.0,103.16,48.0,1976.875,577.9471399523318
2026-07-20T04:47:12.219028+00:00,9883.0,37.0,103.2,48.0,1976.875,578.2517191693187
2026-07-20T04:47:12.521367+00:00,9903.0,37.0,103.4,48.0,1976.875,578.5540580898523
2026-07-20T04:47:12.827228+00:00,9941.0,37.0,103.5,48.0,1976.875,578.8599192909896
2026-07-20T04:47:13.132727+00:00,10349.0,36.0,106.2,48.0,1976.875,579.1654178574681
2026-07-20T04:47:13.439645+00:00,10349.0,37.0,105.29,48.0,1976.875,579.4723361954093
2026-07-20T04:47:13.746628+00:00,10349.0,34.0,104.35,48.0,1976.875,579.7793176434934
2026-07-20T04:47:14.029588+00:00,10349.0,36.0,100.72,48.0,1976.875,580.0622785314918
2026-07-20T04:47:14.311317+00:00,10349.0,37.0,100.84,47.0,1976.875,580.3440082222223
2026-07-20T04:47:14.633176+00:00,10349.0,36.0,100.98,47.0,1976.875,580.6658660583198
2026-07-20T04:47:14.934178+00:00,10349.0,36.0,101.17,47.0,1976.875,580.96686912328
2026-07-20T04:47:15.240254+00:00,10349.0,36.0,101.15,47.0,1976.875,581.2729445621371
2026-07-20T04:47:15.566305+00:00,10349.0,37.0,101.27,47.0,1976.875,581.5989957749844
2026-07-20T04:47:15.848750+00:00,10349.0,37.0,101.18,47.0,1976.875,581.8814407140017
2026-07-20T04:47:16.177505+00:00,10349.0,36.0,101.27,47.0,1976.875,582.210196390748
2026-07-20T04:47:16.459775+00:00,10577.0,36.0,103.73,47.0,1976.875,582.4924660548568
2026-07-20T04:47:16.742002+00:00,10577.0,36.0,103.54,47.0,1976.875,582.7746928110719
2026-07-20T04:47:17.023544+00:00,10577.0,36.0,103.11,47.0,1976.875,583.0562349036336
2026-07-20T04:47:17.327856+00:00,10577.0,36.0,101.75,47.0,1976.875,583.3605463579297
2026-07-20T04:47:17.631622+00:00,10577.0,37.0,100.55,47.0,1976.875,583.6643134579062
2026-07-20T04:47:17.914003+00:00,10577.0,37.0,100.78,47.0,1976.875,583.946694586426
2026-07-20T04:47:18.195814+00:00,10577.0,37.0,100.83,47.0,1976.875,584.2285051383078
2026-07-20T04:47:18.477296+00:00,10715.0,43.0,103.78,47.0,1976.875,584.5099875964224
2026-07-20T04:47:18.758926+00:00,10715.0,36.0,103.72,47.0,1976.875,584.7916176281869
2026-07-20T04:47:19.040620+00:00,10715.0,36.0,103.58,47.0,1976.875,585.0733109824359
2026-07-20T04:47:19.396815+00:00,10715.0,34.0,102.05,47.0,1976.875,585.4295051135123
2026-07-20T04:47:19.704377+00:00,10715.0,37.0,100.26,47.0,1976.875,585.7370669022202
2026-07-20T04:47:19.987921+00:00,10715.0,36.0,100.21,47.0,1976.875,586.0206111706793
2026-07-20T04:47:20.291463+00:00,10715.0,37.0,100.34,47.0,1976.875,586.3241542428732
2026-07-20T04:47:20.595321+00:00,10715.0,37.0,100.86,47.0,1976.875,586.6280125267804
2026-07-20T04:47:20.894900+00:00,10715.0,37.0,101.0,47.0,1976.875,586.9275907017291
2026-07-20T04:47:21.195937+00:00,10715.0,36.0,101.25,47.0,1976.875,587.2286270447075
2026-07-20T04:47:21.499789+00:00,10715.0,36.0,101.38,47.0,1976.875,587.5324794389307
2026-07-20T04:47:21.783100+00:00,10715.0,37.0,101.28,47.0,1976.875,587.8157905042171
2026-07-20T04:47:22.090888+00:00,10715.0,37.0,101.36,47.0,1976.875,588.1235794834793
2026-07-20T04:47:22.372711+00:00,10715.0,37.0,101.48,47.0,1976.875,588.405402854085
2026-07-20T04:47:22.654691+00:00,10715.0,37.0,101.59,47.0,1976.875,588.6873822882771
2026-07-20T04:47:22.957521+00:00,10715.0,37.0,101.55,47.0,1976.875,588.9902127236128
2026-07-20T04:47:23.239213+00:00,10715.0,37.0,101.45,47.0,1976.875,589.2719044573605
2026-07-20T04:47:23.563610+00:00,8727.0,51.0,116.28,49.0,1976.89453125,589.5962994992733
2026-07-20T04:47:23.958869+00:00,10097.0,3.0,139.29,49.0,1976.89453125,589.991558175534
2026-07-20T04:47:24.285066+00:00,21473.0,65.0,165.3,51.0,1977.046875,590.3177549801767
2026-07-20T04:47:24.614580+00:00,22287.0,63.0,182.88,52.0,1977.046875,590.6472692005336
2026-07-20T04:47:24.923456+00:00,14179.0,73.0,194.52,53.0,1977.046875,590.9561457373202
2026-07-20T04:47:25.223494+00:00,8727.0,0.0,174.15,50.0,1977.046875,591.2561735399067
2026-07-20T04:47:25.559110+00:00,8727.0,0.0,134.77,49.0,1977.046875,591.5918000563979
2026-07-20T04:47:25.900799+00:00,8749.0,34.0,96.38,49.0,1977.046875,591.9334891438484
2026-07-20T04:47:26.204569+00:00,8749.0,36.0,100.62,49.0,1977.046875,592.2372595816851
2026-07-20T04:47:26.506031+00:00,8749.0,36.0,105.3,49.0,1977.046875,592.5387215577066
2026-07-20T04:47:26.790582+00:00,8769.0,36.0,102.79,48.0,1977.046875,592.823273152113
2026-07-20T04:47:27.090841+00:00,8797.0,36.0,102.83,48.0,1977.046875,593.1235322020948
2026-07-20T04:47:27.374184+00:00,8817.0,36.0,102.94,48.0,1977.046875,593.4068748094141
2026-07-20T04:47:27.697629+00:00,8837.0,37.0,102.83,48.0,1977.046875,593.7303198538721
2026-07-20T04:47:28.001121+00:00,8857.0,37.0,102.76,48.0,1977.046875,594.0338117405772
2026-07-20T04:47:28.303617+00:00,8877.0,37.0,102.65,48.0,1977.046875,594.3363078013062
2026-07-20T04:47:28.630861+00:00,8917.0,36.0,102.51,48.0,1977.046875,594.6635518670082
2026-07-20T04:47:28.935279+00:00,8937.0,36.0,102.56,48.0,1977.046875,594.9679697193205
2026-07-20T04:47:29.239914+00:00,8959.0,37.0,102.68,48.0,1977.046875,595.2726044394076
2026-07-20T04:47:29.547686+00:00,8979.0,37.0,102.87,48.0,1977.046875,595.5803768709302
2026-07-20T04:47:29.849560+00:00,8999.0,36.0,102.84,48.0,1977.046875,595.8822515197098
2026-07-20T04:47:30.151561+00:00,9035.0,36.0,102.88,48.0,1977.046875,596.1842503137887
2026-07-20T04:47:30.457667+00:00,9055.0,37.0,103.11,48.0,1977.046875,596.4903582893312
2026-07-20T04:47:30.763943+00:00,9077.0,37.0,103.29,48.0,1977.046875,596.7966341748834
2026-07-20T04:47:31.074865+00:00,9097.0,36.0,103.19,48.0,1977.046875,597.1075550355017
2026-07-20T04:47:31.359282+00:00,9117.0,37.0,103.22,48.0,1977.046875,597.3919733315706
2026-07-20T04:47:31.642260+00:00,9137.0,37.0,103.26,48.0,1977.046875,597.6749509721994
2026-07-20T04:47:31.924965+00:00,9157.0,36.0,103.25,47.0,1977.046875,597.9576565101743
2026-07-20T04:47:32.231027+00:00,9177.0,37.0,103.34,48.0,1977.046875,598.2637175396085
2026-07-20T04:47:32.557787+00:00,9197.0,37.0,103.45,47.0,1977.046875,598.5904775001109
2026-07-20T04:47:32.863841+00:00,9237.0,38.0,103.76,47.0,1977.046875,598.8965315409005
2026-07-20T04:47:33.186028+00:00,9257.0,37.0,103.92,47.0,1977.046875,599.2187187299132
2026-07-20T04:47:33.490067+00:00,9277.0,37.0,103.96,47.0,1977.046875,599.5227584093809
2026-07-20T04:47:33.795388+00:00,9297.0,38.0,104.05,47.0,1977.046875,599.8280782401562
2026-07-20T04:47:34.099117+00:00,9317.0,38.0,104.35,47.0,1977.046875,600.1318081319332
2026-07-20T04:47:34.382652+00:00,9337.0,38.0,104.35,47.0,1977.046875,600.4153431020677
2026-07-20T04:47:34.683700+00:00,9951.0,45.0,107.71,48.0,1977.046875,600.7163906767964
2026-07-20T04:47:34.966707+00:00,9951.0,37.0,106.56,47.0,1977.046875,600.999398611486
2026-07-20T04:47:35.271480+00:00,9951.0,36.0,105.56,47.0,1977.046875,601.3041705004871
2026-07-20T04:47:35.575422+00:00,9951.0,36.0,104.52,47.0,1977.046875,601.6081128939986
2026-07-20T04:47:35.879283+00:00,9951.0,36.0,100.94,47.0,1977.046875,601.9119743853807
2026-07-20T04:47:36.186869+00:00,9951.0,35.0,101.01,47.0,1977.046875,602.2195590920746
2026-07-20T04:47:36.493518+00:00,9951.0,37.0,100.93,47.0,1977.046875,602.5262081883848
2026-07-20T04:47:36.819296+00:00,9951.0,37.0,100.89,47.0,1977.046875,602.8519860841334
2026-07-20T04:47:37.102790+00:00,9951.0,37.0,100.87,47.0,1977.046875,603.1354811750352
2026-07-20T04:47:37.403193+00:00,9951.0,37.0,101.17,47.0,1977.046875,603.4358838833869
2026-07-20T04:47:37.706209+00:00,9951.0,37.0,101.29,47.0,1977.046875,603.738899987191
2026-07-20T04:47:38.030833+00:00,9951.0,37.0,101.47,47.0,1977.046875,604.0635238140821
2026-07-20T04:47:38.357219+00:00,10197.0,45.0,104.69,48.0,1977.046875,604.3899087384343
2026-07-20T04:47:38.666841+00:00,10197.0,35.0,104.45,47.0,1977.046875,604.6995316818357
2026-07-20T04:47:38.953329+00:00,10197.0,35.0,104.13,47.0,1977.046875,604.9860187061131
2026-07-20T04:47:39.261938+00:00,10197.0,35.0,103.96,47.0,1977.046875,605.2946275733411
2026-07-20T04:47:39.587282+00:00,10197.0,36.0,100.41,47.0,1977.046875,605.6199726723135
2026-07-20T04:47:39.894912+00:00,10197.0,36.0,100.43,47.0,1977.046875,605.927602533251
2026-07-20T04:47:40.201344+00:00,10197.0,37.0,100.51,47.0,1977.046875,606.2340340428054
2026-07-20T04:47:40.531078+00:00,10197.0,37.0,100.74,47.0,1977.046875,606.5637685917318
2026-07-20T04:47:40.819780+00:00,10197.0,37.0,100.96,47.0,1977.046875,606.8524695187807
2026-07-20T04:47:41.129177+00:00,10197.0,37.0,100.95,47.0,1977.046875,607.1618670523167
2026-07-20T04:47:41.435862+00:00,10197.0,37.0,101.29,47.0,1977.046875,607.4685528501868
2026-07-20T04:47:41.742063+00:00,10197.0,37.0,101.36,47.0,1977.046875,607.7747539877892
2026-07-20T04:47:42.024642+00:00,10197.0,37.0,101.57,47.0,1977.046875,608.0573328919709
2026-07-20T04:47:42.306825+00:00,10197.0,38.0,101.56,47.0,1977.046875,608.3395163081586
2026-07-20T04:47:42.631518+00:00,10197.0,37.0,101.71,47.0,1977.046875,608.6642093062401
2026-07-20T04:47:42.959210+00:00,10197.0,37.0,101.69,47.0,1977.05078125,608.9919006973505
2026-07-20T04:47:43.282416+00:00,10197.0,37.0,101.95,47.0,1977.05859375,609.3151068948209
2026-07-20T04:47:43.606730+00:00,10197.0,38.0,102.0,47.0,1977.05859375,609.6394208110869
2026-07-20T04:47:43.914400+00:00,10197.0,37.0,102.15,47.0,1977.05859375,609.9470911882818
2026-07-20T04:47:44.197685+00:00,10571.0,36.0,105.57,47.0,1977.06640625,610.2303759045899
2026-07-20T04:47:44.504279+00:00,10571.0,37.0,105.21,47.0,1977.06640625,610.5369695462286
2026-07-20T04:47:44.856127+00:00,10571.0,36.0,104.26,47.0,1977.06640625,610.8888175487518
2026-07-20T04:47:45.140320+00:00,10571.0,37.0,100.27,47.0,1977.0703125,611.1730099543929
2026-07-20T04:47:45.423745+00:00,10571.0,37.0,100.26,47.0,1977.0703125,611.4564364254475
2026-07-20T04:47:45.706950+00:00,10571.0,37.0,100.52,47.0,1977.07421875,611.7396413646638
2026-07-20T04:47:46.011806+00:00,10571.0,37.0,100.89,47.0,1977.08203125,612.0444963313639
2026-07-20T04:47:46.318415+00:00,10571.0,36.0,100.93,47.0,1977.08203125,612.3511056378484
2026-07-20T04:47:46.626577+00:00,10571.0,37.0,100.9,47.0,1977.09375,612.6592678427696
2026-07-20T04:47:46.979171+00:00,10571.0,36.0,100.67,47.0,1977.12109375,613.0118604041636
2026-07-20T04:47:47.263825+00:00,10571.0,37.0,100.92,47.0,1977.12109375,613.296516072005
2026-07-20T04:47:47.571249+00:00,10571.0,37.0,101.13,47.0,1977.1328125,613.6039396673441
2026-07-20T04:47:47.878081+00:00,10571.0,37.0,101.38,47.0,1977.1328125,613.9107719399035
2026-07-20T04:47:48.160692+00:00,10571.0,37.0,101.63,47.0,1977.13671875,614.1933833248913
2026-07-20T04:47:48.444882+00:00,10539.0,75.0,120.97,51.0,1977.37890625,614.4775728546083
2026-07-20T04:47:48.869304+00:00,9551.0,70.0,164.43,51.0,1977.40625,614.9019935801625
2026-07-20T04:47:49.203745+00:00,28449.0,67.0,196.98,52.0,1977.76953125,615.236435059458
2026-07-20T04:47:49.514585+00:00,29655.0,96.0,222.18,55.0,1977.76953125,615.547275673598
2026-07-20T04:47:49.801314+00:00,29655.0,87.0,239.75,56.0,1977.76953125,615.8340048231184
2026-07-20T04:47:50.085643+00:00,9551.0,0.0,234.35,53.0,1977.7734375,616.1183339618146
2026-07-20T04:47:50.480334+00:00,9551.0,0.0,178.57,51.0,1977.78125,616.5130237862468
2026-07-20T04:47:50.816962+00:00,9563.0,35.0,105.34,51.0,1977.78515625,616.8496522419155
2026-07-20T04:47:51.124847+00:00,9563.0,35.0,99.61,50.0,1977.78515625,617.1575377248228
2026-07-20T04:47:51.433095+00:00,9563.0,36.0,103.68,50.0,1977.78515625,617.4657855555415
2026-07-20T04:47:51.719754+00:00,9583.0,36.0,102.98,49.0,1977.78515625,617.7524441070855
2026-07-20T04:47:52.004979+00:00,9605.0,36.0,102.82,49.0,1977.78515625,618.0376699157059
2026-07-20T04:47:52.287443+00:00,9627.0,36.0,102.87,49.0,1977.78515625,618.3201338015497
2026-07-20T04:47:52.591943+00:00,9647.0,35.0,102.71,49.0,1977.78515625,618.6246339082718
2026-07-20T04:47:52.902198+00:00,9667.0,34.0,102.88,49.0,1977.78515625,618.9348879493773
2026-07-20T04:47:53.210126+00:00,9689.0,36.0,102.58,49.0,1977.78515625,619.2428159788251
2026-07-20T04:47:53.518088+00:00,9709.0,34.0,102.47,49.0,1977.78515625,619.5507785305381
2026-07-20T04:47:53.825033+00:00,9729.0,36.0,102.53,48.0,1977.78515625,619.8577229082584
2026-07-20T04:47:54.133854+00:00,9761.0,37.0,102.65,48.0,1977.78515625,620.1665441542864
2026-07-20T04:47:54.446350+00:00,9781.0,36.0,102.75,48.0,1977.78515625,620.4790398105979
2026-07-20T04:47:54.753976+00:00,9801.0,35.0,102.96,48.0,1977.78515625,620.7866664417088
2026-07-20T04:47:55.063748+00:00,9823.0,36.0,102.82,48.0,1977.796875,621.0964303016663
2026-07-20T04:47:55.350503+00:00,10153.0,42.0,105.29,48.0,1977.796875,621.383193358779
2026-07-20T04:47:55.656556+00:00,10153.0,36.0,105.39,48.0,1977.796875,621.6892465054989
2026-07-20T04:47:55.963972+00:00,10153.0,36.0,105.31,48.0,1977.796875,621.9966629818082
2026-07-20T04:47:56.248222+00:00,10153.0,36.0,105.2,48.0,1977.796875,622.2809131778777
2026-07-20T04:47:56.531447+00:00,10153.0,36.0,102.17,48.0,1977.796875,622.5641371421516
2026-07-20T04:47:56.814631+00:00,10153.0,36.0,102.39,48.0,1977.796875,622.8473217263818
2026-07-20T04:47:57.126467+00:00,10153.0,36.0,102.18,48.0,1977.796875,623.1591574028134
2026-07-20T04:47:57.412864+00:00,10153.0,36.0,101.99,48.0,1977.796875,623.4455542638898
2026-07-20T04:47:57.720711+00:00,10153.0,36.0,101.77,48.0,1977.796875,623.7534022033215
2026-07-20T04:47:58.004772+00:00,10153.0,36.0,101.94,48.0,1977.796875,624.0374622903764
2026-07-20T04:47:58.334034+00:00,10153.0,36.0,102.4,48.0,1977.796875,624.366725243628
2026-07-20T04:47:58.617351+00:00,10153.0,37.0,102.51,48.0,1977.796875,624.6500422023237
2026-07-20T04:47:58.921584+00:00,10153.0,36.0,102.88,48.0,1977.796875,624.9542755633593
2026-07-20T04:47:59.205966+00:00,10153.0,37.0,102.91,48.0,1977.796875,625.2386577129364
2026-07-20T04:47:59.556891+00:00,10419.0,36.0,105.42,48.0,1977.796875,625.5895818583667
2026-07-20T04:47:59.864322+00:00,10419.0,36.0,104.79,47.0,1977.796875,625.8970125243068
2026-07-20T04:48:00.147718+00:00,10419.0,36.0,104.51,47.0,1977.796875,626.1804093383253
2026-07-20T04:48:00.453282+00:00,10419.0,36.0,101.43,47.0,1977.796875,626.4859735667706
2026-07-20T04:48:00.735405+00:00,10419.0,36.0,101.59,47.0,1977.796875,626.7680894248188
2026-07-20T04:48:01.017335+00:00,10419.0,36.0,101.93,47.0,1977.796875,627.0500261895359
2026-07-20T04:48:01.299988+00:00,10419.0,36.0,101.97,47.0,1977.796875,627.3326793313026
2026-07-20T04:48:01.582309+00:00,10419.0,37.0,101.92,47.0,1977.796875,627.6149997003376
2026-07-20T04:48:01.894677+00:00,10419.0,36.0,101.8,47.0,1977.796875,627.927366618067
2026-07-20T04:48:02.178704+00:00,10419.0,36.0,102.18,47.0,1977.796875,628.2113943137228
2026-07-20T04:48:02.461849+00:00,10419.0,36.0,102.3,47.0,1977.796875,628.4945406988263
2026-07-20T04:48:02.745470+00:00,10419.0,37.0,102.45,47.0,1977.796875,628.7781604975462
2026-07-20T04:48:03.050863+00:00,10419.0,36.0,102.48,47.0,1977.796875,629.0835536979139
2026-07-20T04:48:03.333112+00:00,10419.0,37.0,102.52,47.0,1977.796875,629.3658030442894
2026-07-20T04:48:03.638644+00:00,10419.0,36.0,102.75,47.0,1977.796875,629.6713345907629
2026-07-20T04:48:03.966841+00:00,10419.0,36.0,102.55,47.0,1977.796875,629.999531544745
2026-07-20T04:48:04.271265+00:00,10439.0,36.0,102.48,47.0,1977.796875,630.3039508871734
2026-07-20T04:48:04.575228+00:00,10459.0,37.0,102.57,47.0,1977.796875,630.6079188995063
2026-07-20T04:48:04.879202+00:00,10479.0,37.0,102.94,47.0,1977.796875,630.9118936955929
2026-07-20T04:48:05.162393+00:00,10499.0,37.0,103.26,47.0,1977.796875,631.1950834020972
2026-07-20T04:48:05.445212+00:00,10519.0,37.0,103.45,47.0,1977.796875,631.477903265506
2026-07-20T04:48:05.728321+00:00,10557.0,36.0,103.43,47.0,1977.796875,631.7610127143562
2026-07-20T04:48:06.083830+00:00,10597.0,36.0,103.4,47.0,1977.796875,632.1165199801326
2026-07-20T04:48:06.368868+00:00,10617.0,37.0,103.43,47.0,1977.796875,632.4015582948923
2026-07-20T04:48:06.652133+00:00,10637.0,37.0,103.54,47.0,1977.80078125,632.6848243549466
2026-07-20T04:48:06.964520+00:00,10657.0,36.0,103.4,47.0,1977.80078125,632.997210547328
2026-07-20T04:48:07.273772+00:00,11199.0,37.0,105.75,48.0,1977.8046875,633.3064607791603
2026-07-20T04:48:07.586264+00:00,11199.0,34.0,105.42,47.0,1977.8046875,633.6189542859793
2026-07-20T04:48:07.890366+00:00,11199.0,35.0,104.24,47.0,1977.8046875,633.9230559393764
2026-07-20T04:48:08.224561+00:00,11199.0,35.0,103.25,47.0,1977.8046875,634.2572511471808
2026-07-20T04:48:08.533084+00:00,11199.0,36.0,99.89,47.0,1977.80859375,634.5657741911709
2026-07-20T04:48:08.863710+00:00,11199.0,35.0,100.21,47.0,1977.80859375,634.8964004293084
2026-07-20T04:48:09.169520+00:00,11199.0,35.0,99.98,47.0,1977.80859375,635.2022106274962
2026-07-20T04:48:09.483299+00:00,11199.0,36.0,100.06,47.0,1977.8125,635.5159879475832
2026-07-20T04:48:09.788957+00:00,11199.0,35.0,99.97,47.0,1977.8125,635.8216470293701
2026-07-20T04:48:10.072502+00:00,11199.0,35.0,100.3,47.0,1977.8203125,636.1051924228668
2026-07-20T04:48:10.359192+00:00,11199.0,36.0,100.35,47.0,1977.8203125,636.3918826878071
2026-07-20T04:48:10.683400+00:00,11199.0,36.0,100.47,47.0,1977.8203125,636.7160899378359
2026-07-20T04:48:10.994287+00:00,11199.0,35.0,100.36,47.0,1977.828125,637.026977583766
2026-07-20T04:48:11.298959+00:00,11199.0,37.0,100.46,47.0,1977.828125,637.3316484354436
2026-07-20T04:48:11.648069+00:00,11199.0,35.0,100.75,47.0,1977.828125,637.6807595640421
2026-07-20T04:48:11.980632+00:00,11199.0,36.0,101.1,47.0,1977.828125,638.013322584331
2026-07-20T04:48:12.313098+00:00,11199.0,37.0,101.17,47.0,1977.828125,638.345785241574
2026-07-20T04:48:12.641646+00:00,11199.0,37.0,101.22,47.0,1977.83203125,638.6743366606534
2026-07-20T04:48:12.996560+00:00,11199.0,36.0,101.15,47.0,1977.83203125,639.0292501300573
2026-07-20T04:48:13.306158+00:00,11199.0,36.0,101.43,47.0,1977.83203125,639.3388483151793
2026-07-20T04:48:13.614185+00:00,11199.0,35.0,101.4,47.0,1977.83203125,639.6468749083579
2026-07-20T04:48:13.944956+00:00,11199.0,36.0,101.44,47.0,1977.83203125,639.977646291256
2026-07-20T04:48:14.276515+00:00,11199.0,36.0,101.53,47.0,1977.83203125,640.3092047870159
2026-07-20T04:48:14.609485+00:00,11199.0,35.0,101.41,47.0,1977.83203125,640.6421750634909
2026-07-20T04:48:14.917979+00:00,11199.0,37.0,101.41,47.0,1977.83203125,640.9506693258882
2026-07-20T04:48:15.223889+00:00,11199.0,36.0,101.46,47.0,1977.83203125,641.256577629596
2026-07-20T04:48:15.537192+00:00,11219.0,37.0,101.48,47.0,1977.83203125,641.569881875068
2026-07-20T04:48:15.847421+00:00,9507.0,74.0,130.11,51.0,1977.8359375,641.8801112398505
2026-07-20T04:48:16.261136+00:00,13649.0,20.0,151.11,50.0,1977.84375,642.2938248664141
2026-07-20T04:48:16.588687+00:00,24625.0,81.0,186.18,52.0,1978.06640625,642.6213762126863
2026-07-20T04:48:16.902304+00:00,25167.0,77.0,196.89,54.0,1978.06640625,642.9349943958223
2026-07-20T04:48:17.213300+00:00,9341.0,83.0,218.88,53.0,1978.06640625,643.2459911741316
2026-07-20T04:48:17.547272+00:00,9341.0,0.0,181.42,51.0,1978.06640625,643.5799627862871
2026-07-20T04:48:17.863644+00:00,9345.0,8.0,135.49,50.0,1978.06640625,643.8963343165815
2026-07-20T04:48:18.173760+00:00,9347.0,35.0,95.08,49.0,1978.06640625,644.2064498625696
2026-07-20T04:48:18.482492+00:00,9347.0,35.0,99.12,49.0,1978.06640625,644.5151822045445
2026-07-20T04:48:18.792908+00:00,9351.0,34.0,103.81,49.0,1978.06640625,644.8255970962346
2026-07-20T04:48:19.125019+00:00,9371.0,36.0,101.95,49.0,1978.06640625,645.1577084586024
2026-07-20T04:48:19.432795+00:00,9391.0,34.0,101.18,49.0,1978.06640625,645.4654847458005
2026-07-20T04:48:19.788151+00:00,9411.0,36.0,101.45,48.0,1978.06640625,645.8208415918052
2026-07-20T04:48:20.111380+00:00,9435.0,36.0,101.62,48.0,1978.06640625,646.1440697200596
2026-07-20T04:48:20.422335+00:00,9475.0,36.0,102.33,48.0,1978.06640625,646.4550249762833
2026-07-20T04:48:20.756941+00:00,9495.0,36.0,102.22,48.0,1978.06640625,646.7896311655641
2026-07-20T04:48:21.044391+00:00,9517.0,35.0,102.19,48.0,1978.06640625,647.0770797207952
2026-07-20T04:48:21.331882+00:00,9759.0,36.0,104.35,48.0,1978.06640625,647.3645717613399
2026-07-20T04:48:21.664904+00:00,9759.0,35.0,103.72,48.0,1978.06640625,647.6975928843021
2026-07-20T04:48:21.996290+00:00,9759.0,34.0,102.87,48.0,1978.06640625,648.0289794839919
2026-07-20T04:48:22.307131+00:00,9759.0,23.0,99.4,48.0,1978.06640625,648.3398189917207
2026-07-20T04:48:22.643517+00:00,9759.0,36.0,99.04,48.0,1978.06640625,648.6762065142393
2026-07-20T04:48:22.977816+00:00,9759.0,36.0,99.35,48.0,1978.06640625,649.0104852467775
2026-07-20T04:48:23.313175+00:00,9759.0,36.0,100.44,47.0,1978.06640625,649.3458650149405
2026-07-20T04:48:23.644573+00:00,9759.0,36.0,100.51,47.0,1978.06640625,649.6772629059851
2026-07-20T04:48:23.953949+00:00,9913.0,34.0,102.46,47.0,1978.06640625,649.9866387881339
2026-07-20T04:48:24.292990+00:00,9913.0,34.0,101.96,47.0,1978.06640625,650.325679898262
2026-07-20T04:48:24.602348+00:00,9913.0,36.0,101.73,47.0,1978.06640625,650.6350385546684
2026-07-20T04:48:24.932244+00:00,9913.0,36.0,99.63,47.0,1978.06640625,650.9649336785078
2026-07-20T04:48:25.269192+00:00,9913.0,35.0,99.96,47.0,1978.06640625,651.3018817231059
2026-07-20T04:48:25.578520+00:00,9913.0,35.0,99.94,47.0,1978.06640625,651.6112104654312
2026-07-20T04:48:25.886496+00:00,9913.0,36.0,99.85,47.0,1978.06640625,651.9191858023405
2026-07-20T04:48:26.240556+00:00,9913.0,35.0,99.87,47.0,1978.06640625,652.2732464447618
2026-07-20T04:48:26.550454+00:00,9913.0,35.0,99.9,47.0,1978.06640625,652.583144031465
2026-07-20T04:48:26.880942+00:00,9913.0,35.0,100.2,47.0,1978.06640625,652.9136326946318
2026-07-20T04:48:27.193728+00:00,9913.0,36.0,100.44,47.0,1978.06640625,653.2264179699123
2026-07-20T04:48:27.502122+00:00,9933.0,35.0,100.7,47.0,1978.06640625,653.5348123945296
2026-07-20T04:48:27.812057+00:00,9965.0,37.0,100.67,47.0,1978.06640625,653.8447467647493
2026-07-20T04:48:28.122919+00:00,9985.0,37.0,100.68,47.0,1978.06640625,654.155609164387
2026-07-20T04:48:28.434926+00:00,10275.0,35.0,102.37,47.0,1978.06640625,654.4676154740155
2026-07-20T04:48:28.746595+00:00,10275.0,36.0,102.25,47.0,1978.06640625,654.7792847640812
2026-07-20T04:48:29.052637+00:00,10275.0,36.0,101.93,47.0,1978.06640625,655.0853275880218
2026-07-20T04:48:29.363690+00:00,10275.0,34.0,99.69,47.0,1978.06640625,655.3963808901608
2026-07-20T04:48:29.674978+00:00,10275.0,36.0,99.59,47.0,1978.06640625,655.7076677195728
2026-07-20T04:48:29.987280+00:00,10275.0,32.0,99.64,47.0,1978.06640625,656.0199703127146
2026-07-20T04:48:30.296917+00:00,10275.0,35.0,99.9,47.0,1978.06640625,656.32960703969
2026-07-20T04:48:30.584613+00:00,10275.0,37.0,99.97,47.0,1978.06640625,656.6173035725951
2026-07-20T04:48:30.892768+00:00,10275.0,36.0,100.11,47.0,1978.06640625,656.9254584088922
2026-07-20T04:48:31.202250+00:00,10275.0,35.0,100.25,47.0,1978.06640625,657.2349398508668
2026-07-20T04:48:31.510530+00:00,10275.0,36.0,100.24,47.0,1978.06640625,657.5432198122144
2026-07-20T04:48:31.823161+00:00,10275.0,37.0,100.47,47.0,1978.06640625,657.8558511435986
2026-07-20T04:48:32.129527+00:00,10275.0,36.0,100.56,47.0,1978.06640625,658.1622171774507
2026-07-20T04:48:32.434963+00:00,8379.0,45.0,113.84,49.0,1978.06640625,658.467653311789
2026-07-20T04:48:32.802920+00:00,9253.0,0.0,133.18,48.0,1978.06640625,658.8356093429029
2026-07-20T04:48:33.110826+00:00,17793.0,51.0,153.57,50.0,1978.58203125,659.1435161009431
2026-07-20T04:48:33.423479+00:00,18437.0,53.0,170.72,51.0,1978.58203125,659.4561688117683
2026-07-20T04:48:33.734339+00:00,8339.0,60.0,177.43,52.0,1978.58203125,659.7670291922987
2026-07-20T04:48:34.049184+00:00,8339.0,0.0,159.95,49.0,1978.58203125,660.0818732194602
2026-07-20T04:48:34.431980+00:00,8349.0,0.0,120.29,49.0,1978.58203125,660.4646700844169
2026-07-20T04:48:34.760317+00:00,8351.0,36.0,95.4,48.0,1978.58203125,660.7930071391165
2026-07-20T04:48:35.068860+00:00,8351.0,36.0,100.36,48.0,1978.58203125,661.1015496701002
2026-07-20T04:48:35.377714+00:00,8353.0,37.0,104.62,48.0,1978.58203125,661.4104036875069
2026-07-20T04:48:35.687454+00:00,8373.0,35.0,102.15,48.0,1978.58203125,661.7201445661485
2026-07-20T04:48:36.045222+00:00,8393.0,35.0,101.83,48.0,1978.58203125,662.077911183238
2026-07-20T04:48:36.354235+00:00,8415.0,23.0,100.75,48.0,1978.58203125,662.3869253955781
2026-07-20T04:48:36.684682+00:00,8435.0,36.0,100.82,48.0,1978.58203125,662.7173726595938
2026-07-20T04:48:36.994859+00:00,8475.0,36.0,100.9,48.0,1978.58203125,663.0275486968458
2026-07-20T04:48:37.348421+00:00,8507.0,35.0,102.14,48.0,1978.58203125,663.3811110407114
2026-07-20T04:48:37.658470+00:00,8527.0,36.0,102.14,48.0,1978.58203125,663.6911599300802
2026-07-20T04:48:37.970875+00:00,8547.0,36.0,102.32,48.0,1978.58203125,664.0035646893084
2026-07-20T04:48:38.300803+00:00,8567.0,36.0,102.29,47.0,1978.58203125,664.3334927484393
2026-07-20T04:48:38.660718+00:00,8849.0,36.0,105.24,48.0,1978.58203125,664.6934073902667
2026-07-20T04:48:38.948132+00:00,8849.0,36.0,105.1,47.0,1978.58203125,664.9808227308095
2026-07-20T04:48:39.300581+00:00,8849.0,35.0,104.71,47.0,1978.58203125,665.3332714624703
2026-07-20T04:48:39.610882+00:00,8849.0,36.0,101.89,47.0,1978.58203125,665.6435721665621
2026-07-20T04:48:39.939547+00:00,8849.0,36.0,101.75,47.0,1978.58203125,665.9722375944257
2026-07-20T04:48:40.250010+00:00,8849.0,35.0,101.81,47.0,1978.58203125,666.2827003784478
2026-07-20T04:48:40.557485+00:00,8849.0,36.0,101.83,47.0,1978.58203125,666.5901758819818
2026-07-20T04:48:40.844984+00:00,8849.0,35.0,101.98,47.0,1978.58203125,666.8776743784547
2026-07-20T04:48:41.154677+00:00,8849.0,35.0,102.02,47.0,1978.58203125,667.1873670518398
2026-07-20T04:48:41.466624+00:00,8849.0,37.0,102.45,47.0,1978.58203125,667.4993142746389
2026-07-20T04:48:41.774410+00:00,8849.0,37.0,102.47,47.0,1978.58203125,667.80710080266
2026-07-20T04:48:42.081882+00:00,9067.0,34.0,105.66,47.0,1978.58203125,668.1145727857947
2026-07-20T04:48:42.413091+00:00,9067.0,36.0,105.25,47.0,1978.58203125,668.4457800202072
2026-07-20T04:48:42.741381+00:00,9067.0,36.0,104.73,47.0,1978.58203125,668.7740705236793
2026-07-20T04:48:43.052517+00:00,9067.0,34.0,101.22,47.0,1978.58203125,669.0852072499692
2026-07-20T04:48:43.361724+00:00,9067.0,36.0,101.27,47.0,1978.58203125,669.3944147787988
2026-07-20T04:48:43.693280+00:00,9067.0,34.0,101.39,47.0,1978.58203125,669.7259695641696
2026-07-20T04:48:44.028807+00:00,9067.0,36.0,101.55,47.0,1978.58203125,670.0614967308939
2026-07-20T04:48:44.385834+00:00,9067.0,35.0,101.86,47.0,1978.58203125,670.4185240156949
2026-07-20T04:48:44.746097+00:00,9067.0,35.0,101.89,47.0,1978.58203125,670.7787863500416
2026-07-20T04:48:45.037087+00:00,9067.0,35.0,102.07,47.0,1978.58203125,671.0697772577405
2026-07-20T04:48:45.328807+00:00,9067.0,36.0,102.2,47.0,1978.58203125,671.3614973984659
2026-07-20T04:48:45.638404+00:00,9067.0,35.0,102.45,47.0,1978.58203125,671.6710940375924
2026-07-20T04:48:45.969181+00:00,9067.0,36.0,102.34,47.0,1978.58203125,672.0018710941076
2026-07-20T04:48:46.274729+00:00,9087.0,36.0,102.19,47.0,1978.58203125,672.3074186854064
2026-07-20T04:48:46.586698+00:00,9107.0,34.0,102.14,47.0,1978.58203125,672.6193883381784
2026-07-20T04:48:46.920993+00:00,9129.0,37.0,102.19,47.0,1978.58203125,672.9536830037832
2026-07-20T04:48:47.272803+00:00,9169.0,35.0,102.46,47.0,1978.58203125,673.3054922148585
2026-07-20T04:48:47.604845+00:00,9579.0,36.0,102.58,47.0,1978.58203125,673.6375347003341
2026-07-20T04:48:47.914415+00:00,9579.0,35.0,104.94,47.0,1978.58203125,673.9471055902541
2026-07-20T04:48:48.249306+00:00,9579.0,36.0,104.46,47.0,1978.58203125,674.2819967456162
2026-07-20T04:48:48.603524+00:00,9579.0,35.0,104.0,47.0,1978.58203125,674.6362139768898
2026-07-20T04:48:48.929021+00:00,9579.0,37.0,101.31,47.0,1978.58203125,674.9617107845843
2026-07-20T04:48:49.288798+00:00,9579.0,36.0,101.56,47.0,1978.58203125,675.3214874826372
2026-07-20T04:48:49.579266+00:00,9579.0,36.0,101.57,47.0,1978.58203125,675.6119567453861
2026-07-20T04:48:49.885457+00:00,9579.0,36.0,101.57,47.0,1978.58203125,675.9181465879083
2026-07-20T04:48:50.192927+00:00,9579.0,35.0,101.81,47.0,1978.58203125,676.2256096899509
2026-07-20T04:48:50.501241+00:00,9579.0,37.0,101.94,47.0,1978.58203125,676.5339316464961
2026-07-20T04:48:50.852610+00:00,9579.0,36.0,102.13,47.0,1978.58203125,676.8853005766869
2026-07-20T04:48:51.162136+00:00,9579.0,35.0,102.03,47.0,1978.58203125,677.1948266848922
2026-07-20T04:48:51.470651+00:00,9579.0,36.0,102.16,47.0,1978.58203125,677.503341216594
2026-07-20T04:48:51.781377+00:00,9579.0,37.0,102.27,47.0,1978.58203125,677.8140670768917
2026-07-20T04:48:52.088399+00:00,9579.0,37.0,102.56,47.0,1978.58203125,678.1210893727839
2026-07-20T04:48:52.395971+00:00,9579.0,37.0,102.81,47.0,1978.58203125,678.4286622479558
2026-07-20T04:48:52.697670+00:00,9579.0,36.0,102.85,47.0,1978.58203125,678.7303608842194
2026-07-20T04:48:53.004061+00:00,9579.0,37.0,102.78,47.0,1978.58203125,679.0367516689003
2026-07-20T04:48:53.289096+00:00,8661.0,54.0,118.43,49.0,1978.58203125,679.3217809200287
2026-07-20T04:48:53.682217+00:00,8765.0,0.0,142.21,49.0,1978.58203125,679.7149063237011
2026-07-20T04:48:53.985627+00:00,21127.0,70.0,168.12,51.0,1978.73828125,680.0183180868626
2026-07-20T04:48:54.293142+00:00,21933.0,68.0,191.46,53.0,1978.73828125,680.3258325643837
2026-07-20T04:48:54.595525+00:00,14209.0,79.0,202.04,54.0,1978.73828125,680.6282156333327
2026-07-20T04:48:54.882108+00:00,8661.0,0.0,186.49,50.0,1978.73828125,680.9147978760302
2026-07-20T04:48:55.192991+00:00,8661.0,0.0,145.82,49.0,1978.9296875,681.2256815358996
2026-07-20T04:48:55.498847+00:00,8661.0,0.0,98.07,49.0,1978.9296875,681.5315376967192
2026-07-20T04:48:55.786927+00:00,8661.0,2.0,86.87,48.0,2025.35546875,681.8196177408099
2026-07-20T04:48:56.167044+00:00,8661.0,0.0,86.51,48.0,1985.78125,682.1997341662645
2026-07-20T04:48:56.453697+00:00,8661.0,0.0,86.38,48.0,1985.78125,682.4863878116012
2026-07-20T04:48:56.951994+00:00,8661.0,0.0,86.16,47.0,2006.71875,682.9846837557852
2026-07-20T04:48:57.261451+00:00,8661.0,10.0,86.08,47.0,2736.078125,683.2941399998963
2026-07-20T04:48:57.568608+00:00,9175.0,10.0,86.21,47.0,4072.578125,683.6012983247638
2026-07-20T04:48:57.919787+00:00,10139.0,4.0,86.18,47.0,2000.6875,683.9524780660868
2026-07-20T04:48:58.225441+00:00,10143.0,37.0,90.8,47.0,2038.98046875,684.2581294625998
2026-07-20T04:48:58.531580+00:00,10143.0,37.0,94.8,47.0,2039.03515625,684.5642711035907
2026-07-20T04:48:58.833569+00:00,10143.0,37.0,99.26,47.0,2039.03515625,684.8662596344948
2026-07-20T04:48:59.161342+00:00,10143.0,37.0,100.68,47.0,2039.0703125,685.1940327063203
2026-07-20T04:48:59.445467+00:00,10143.0,37.0,100.58,47.0,2039.0703125,685.4781576916575
2026-07-20T04:48:59.753555+00:00,10143.0,31.0,100.82,47.0,2039.921875,685.7862444445491
2026-07-20T04:49:00.088489+00:00,10143.0,37.0,100.59,47.0,2039.9296875,686.1211797446012
2026-07-20T04:49:00.394115+00:00,10143.0,37.0,100.45,47.0,2039.9296875,686.4268053583801
2026-07-20T04:49:00.701555+00:00,10143.0,37.0,100.46,47.0,2039.9296875,686.7342456951737
2026-07-20T04:49:01.003430+00:00,10143.0,37.0,100.3,47.0,2039.9296875,687.0361210368574
2026-07-20T04:49:01.351315+00:00,10143.0,28.0,100.33,47.0,2039.9296875,687.3840054608881
2026-07-20T04:49:01.636682+00:00,10143.0,37.0,100.47,47.0,2040.15625,687.6693728454411
2026-07-20T04:49:01.943020+00:00,10143.0,36.0,100.62,47.0,2040.15625,687.9757104367018
2026-07-20T04:49:02.246505+00:00,10143.0,36.0,100.62,47.0,2040.15625,688.2791962437332
2026-07-20T04:49:02.550467+00:00,10143.0,36.0,100.5,47.0,2040.15625,688.5831583477557
2026-07-20T04:49:02.857566+00:00,10143.0,33.0,99.82,47.0,2040.15625,688.8902516029775
2026-07-20T04:49:03.163167+00:00,10143.0,36.0,100.12,47.0,2040.15625,689.1958576738834
2026-07-20T04:49:03.464173+00:00,10143.0,38.0,100.55,47.0,2040.15625,689.4968635775149
2026-07-20T04:49:03.748368+00:00,10143.0,37.0,100.83,47.0,2040.15625,689.7810588181019
2026-07-20T04:49:04.059214+00:00,10143.0,36.0,100.94,47.0,2040.15625,690.0919039733708
2026-07-20T04:49:04.392474+00:00,10143.0,35.0,100.42,47.0,2040.15625,690.4251637905836
2026-07-20T04:49:04.698793+00:00,10143.0,36.0,100.37,47.0,2040.15625,690.7314830161631
2026-07-20T04:49:05.028746+00:00,10143.0,37.0,100.4,47.0,2040.15625,691.0614354908466
2026-07-20T04:49:05.336058+00:00,10143.0,36.0,100.32,47.0,2040.15625,691.3687478676438
2026-07-20T04:49:05.627346+00:00,10143.0,37.0,100.34,47.0,2040.15625,691.6600361540914
2026-07-20T04:49:05.938319+00:00,10143.0,35.0,100.28,47.0,2040.15625,691.9710095636547
2026-07-20T04:49:06.249633+00:00,10143.0,38.0,100.59,47.0,2040.21875,692.2823230922222
2026-07-20T04:49:06.555690+00:00,10143.0,37.0,100.56,47.0,2040.21875,692.58838057518
2026-07-20T04:49:06.861782+00:00,10143.0,37.0,100.77,47.0,2040.21875,692.8944726511836
2026-07-20T04:49:07.145065+00:00,10143.0,37.0,100.85,47.0,2040.21875,693.1777567975223
2026-07-20T04:49:07.447094+00:00,10143.0,37.0,100.31,47.0,2040.21875,693.4797848053277
2026-07-20T04:49:07.751868+00:00,10143.0,36.0,100.21,47.0,2040.21875,693.7845577634871
2026-07-20T04:49:08.037235+00:00,10143.0,34.0,100.6,47.0,2040.21875,694.0699258297682
2026-07-20T04:49:08.320427+00:00,10143.0,37.0,100.66,47.0,2040.21875,694.3531174957752
2026-07-20T04:49:08.605336+00:00,10143.0,37.0,100.65,47.0,2040.21875,694.6380276232958
2026-07-20T04:49:08.889439+00:00,10143.0,37.0,100.87,46.0,2040.21875,694.9221306033432
2026-07-20T04:49:09.192787+00:00,10143.0,37.0,100.26,46.0,2040.21875,695.2254780754447
2026-07-20T04:49:09.498516+00:00,10143.0,36.0,100.21,46.0,2040.21875,695.5312064737082
2026-07-20T04:49:09.783789+00:00,10143.0,38.0,100.03,46.0,2040.21875,695.8164791315794
2026-07-20T04:49:10.072716+00:00,10145.0,37.0,100.46,47.0,2041.17578125,696.1054069660604
2026-07-20T04:49:10.359509+00:00,10145.0,37.0,100.62,46.0,2041.17578125,696.3921992182732
2026-07-20T04:49:10.661353+00:00,10145.0,37.0,100.76,46.0,2041.17578125,696.6940441168845
2026-07-20T04:49:10.944635+00:00,10145.0,37.0,100.74,46.0,2041.17578125,696.977326117456
2026-07-20T04:49:11.251193+00:00,10145.0,37.0,100.57,46.0,2041.17578125,697.2838842198253
2026-07-20T04:49:11.535634+00:00,10145.0,38.0,100.56,46.0,2041.17578125,697.568325754255
2026-07-20T04:49:11.842999+00:00,10145.0,37.0,100.7,46.0,2041.17578125,697.8756901063025
2026-07-20T04:49:12.153135+00:00,10145.0,37.0,100.68,46.0,2041.17578125,698.1858259923756
2026-07-20T04:49:12.438327+00:00,10145.0,38.0,101.25,46.0,2041.17578125,698.4710178785026
2026-07-20T04:49:12.722604+00:00,10145.0,37.0,101.09,46.0,2041.17578125,698.75529480353
2026-07-20T04:49:13.006065+00:00,10145.0,37.0,101.0,46.0,2041.17578125,699.0387564897537
2026-07-20T04:49:13.290017+00:00,10145.0,37.0,100.69,46.0,2041.17578125,699.322707656771
2026-07-20T04:49:13.594491+00:00,10145.0,37.0,100.02,46.0,2041.17578125,699.6271820999682
2026-07-20T04:49:13.878532+00:00,10145.0,34.0,100.25,46.0,2041.17578125,699.9112220853567
2026-07-20T04:49:14.187279+00:00,10145.0,37.0,100.3,46.0,2041.17578125,700.2199702709913
2026-07-20T04:49:14.497919+00:00,10145.0,37.0,100.26,46.0,2041.17578125,700.5306093022227
2026-07-20T04:49:14.825898+00:00,10145.0,36.0,100.16,46.0,2041.17578125,700.858588732779
2026-07-20T04:49:15.127178+00:00,10145.0,37.0,100.18,46.0,2041.17578125,701.1598684862256
2026-07-20T04:49:15.411084+00:00,10145.0,36.0,100.15,46.0,2041.17578125,701.4437745735049
2026-07-20T04:49:15.694264+00:00,10145.0,37.0,99.99,46.0,2041.17578125,701.7269545681775
2026-07-20T04:49:15.994821+00:00,10145.0,37.0,100.16,46.0,2041.1796875,702.0275118350983
2026-07-20T04:49:16.305766+00:00,10145.0,36.0,100.09,46.0,2041.1796875,702.3384569846094
2026-07-20T04:49:16.592506+00:00,10145.0,37.0,100.38,46.0,2041.1796875,702.6251966357231
2026-07-20T04:49:16.878160+00:00,10145.0,37.0,100.39,46.0,2041.1796875,702.9108504243195
2026-07-20T04:49:17.162535+00:00,10145.0,37.0,100.35,46.0,2041.1796875,703.1952257305384
2026-07-20T04:49:17.447135+00:00,10145.0,36.0,100.23,46.0,2041.1796875,703.4798264093697
2026-07-20T04:49:17.731860+00:00,10145.0,37.0,100.36,46.0,2041.1796875,703.7645500190556
2026-07-20T04:49:18.015778+00:00,10145.0,37.0,100.42,46.0,2041.1796875,704.0484693944454
2026-07-20T04:49:18.368332+00:00,10145.0,36.0,100.5,46.0,2041.1796875,704.4010216705501
2026-07-20T04:49:18.678124+00:00,10145.0,35.0,100.18,46.0,2041.1796875,704.710814435035
2026-07-20T04:49:19.036725+00:00,10145.0,35.0,99.84,46.0,2041.1796875,705.0694154538214
2026-07-20T04:49:19.347129+00:00,10145.0,35.0,99.72,46.0,2041.1796875,705.3798192031682
2026-07-20T04:49:19.680646+00:00,10145.0,35.0,99.58,46.0,2041.18359375,705.7133364193141
2026-07-20T04:49:20.012660+00:00,10145.0,36.0,99.99,46.0,2041.18359375,706.0453496873379
2026-07-20T04:49:20.345448+00:00,10145.0,31.0,99.75,46.0,2041.421875,706.3781374916434
2026-07-20T04:49:20.658808+00:00,10145.0,37.0,100.1,46.0,2041.453125,706.6914972141385
2026-07-20T04:49:20.969053+00:00,10145.0,37.0,100.23,46.0,2041.453125,707.0017435252666
2026-07-20T04:49:21.276531+00:00,10145.0,37.0,100.25,46.0,2041.453125,707.3092219121754
2026-07-20T04:49:21.562611+00:00,10145.0,37.0,100.03,46.0,2041.453125,707.5953023396432
2026-07-20T04:49:21.871807+00:00,10145.0,37.0,100.08,46.0,2041.453125,707.9044980034232
2026-07-20T04:49:22.174275+00:00,10145.0,37.0,100.12,46.0,2041.453125,708.2069663219154
2026-07-20T04:49:22.483633+00:00,10145.0,37.0,100.2,46.0,2041.45703125,708.5163240619004
2026-07-20T04:49:22.816148+00:00,10145.0,37.0,100.47,46.0,2041.45703125,708.8488383255899
2026-07-20T04:49:23.124512+00:00,10145.0,37.0,100.52,46.0,2041.45703125,709.1572030521929
2026-07-20T04:49:23.427519+00:00,10145.0,36.0,100.39,46.0,2041.4609375,709.4602102972567
2026-07-20T04:49:23.713254+00:00,10145.0,37.0,100.08,46.0,2041.4609375,709.7459452822804
2026-07-20T04:49:24.015675+00:00,10145.0,37.0,100.12,46.0,2041.47265625,710.0483649075031
2026-07-20T04:49:24.300131+00:00,10145.0,37.0,100.28,46.0,2041.47265625,710.332822419703
2026-07-20T04:49:24.584232+00:00,10145.0,36.0,100.26,46.0,2041.47265625,710.6169232875109
2026-07-20T04:49:24.909150+00:00,10145.0,34.0,100.53,46.0,2041.484375,710.9418411031365
2026-07-20T04:49:25.215793+00:00,10145.0,37.0,100.42,46.0,2041.484375,711.2484831474721
2026-07-20T04:49:25.519582+00:00,10145.0,37.0,100.49,46.0,2041.4921875,711.5522713139653
2026-07-20T04:49:25.804817+00:00,10145.0,37.0,101.24,46.0,2041.4921875,711.8375081419945
2026-07-20T04:49:26.090000+00:00,10145.0,37.0,101.08,46.0,2041.4921875,712.1226914525032
2026-07-20T04:49:26.443526+00:00,10145.0,37.0,101.1,46.0,2041.49609375,712.4762159176171
2026-07-20T04:49:26.730756+00:00,10145.0,36.0,100.46,46.0,2041.49609375,712.7634461373091
2026-07-20T04:49:27.060116+00:00,10145.0,37.0,100.25,46.0,2041.5234375,713.0928058549762
2026-07-20T04:49:27.367425+00:00,10145.0,38.0,100.63,46.0,2041.5234375,713.400115352124
2026-07-20T04:49:27.654538+00:00,10145.0,38.0,100.38,46.0,2041.53125,713.6872291043401
2026-07-20T04:49:27.938554+00:00,10145.0,37.0,100.42,46.0,2041.5390625,713.9712449423969
2026-07-20T04:49:28.238367+00:00,10145.0,37.0,100.3,46.0,2041.5390625,714.2710583508015
2026-07-20T04:49:28.521887+00:00,10145.0,37.0,100.56,46.0,2041.55078125,714.5545777566731
2026-07-20T04:49:28.806599+00:00,10145.0,37.0,100.87,46.0,2041.55078125,714.8392903283238
2026-07-20T04:49:29.111871+00:00,10145.0,36.0,100.77,46.0,2041.5546875,715.1445618718863
2026-07-20T04:49:29.418092+00:00,10145.0,35.0,100.64,46.0,2041.70703125,715.4507833272219
2026-07-20T04:49:29.702857+00:00,10145.0,37.0,100.04,46.0,2041.70703125,715.7355480343103
2026-07-20T04:49:29.986402+00:00,10145.0,37.0,100.2,46.0,2041.73046875,716.0190931409597
2026-07-20T04:49:30.294945+00:00,10145.0,35.0,100.12,46.0,2041.73046875,716.327634524554
2026-07-20T04:49:30.599778+00:00,10145.0,38.0,100.06,46.0,2041.734375,716.6324685998261
2026-07-20T04:49:30.885271+00:00,10145.0,37.0,100.67,46.0,2041.734375,716.9179622903466
2026-07-20T04:49:31.193418+00:00,10145.0,37.0,100.56,46.0,2041.734375,717.2261087112129
2026-07-20T04:49:31.518446+00:00,10145.0,37.0,100.76,46.0,2041.73828125,717.5511366315186
2026-07-20T04:49:31.802810+00:00,10145.0,36.0,100.31,46.0,2041.73828125,717.8355013541877
2026-07-20T04:49:32.086675+00:00,10145.0,37.0,100.2,46.0,2041.75390625,718.1193655282259
2026-07-20T04:49:32.370603+00:00,10145.0,37.0,100.31,46.0,2041.75390625,718.4032943248749
2026-07-20T04:49:32.690875+00:00,10145.0,36.0,100.31,46.0,2041.75390625,718.7235650233924
2026-07-20T04:49:33.020411+00:00,10145.0,37.0,100.17,46.0,2041.7578125,719.0530998334289
2026-07-20T04:49:33.330449+00:00,10145.0,35.0,99.97,46.0,2041.7578125,719.36313899979
2026-07-20T04:49:33.638554+00:00,10145.0,33.0,100.51,46.0,2041.76953125,719.6712446175516
2026-07-20T04:49:33.950787+00:00,10145.0,35.0,100.68,46.0,2041.76953125,719.9834760352969
2026-07-20T04:49:34.304824+00:00,10145.0,36.0,100.37,46.0,2041.78125,720.3375134319067
2026-07-20T04:49:34.660877+00:00,10145.0,35.0,99.74,46.0,2041.78125,720.6935652457178
2026-07-20T04:49:34.996848+00:00,10145.0,36.0,99.8,46.0,2041.78515625,721.0295367725194
2026-07-20T04:49:35.330062+00:00,10145.0,37.0,100.2,46.0,2041.7890625,721.3627515695989
2026-07-20T04:49:35.618984+00:00,10145.0,33.0,99.89,46.0,2041.7890625,721.6516739502549
2026-07-20T04:49:35.926111+00:00,10145.0,37.0,99.94,46.0,2041.79296875,721.9588022641838
2026-07-20T04:49:36.234350+00:00,10145.0,36.0,99.83,46.0,2041.79296875,722.2670405246317
2026-07-20T04:49:36.518875+00:00,10145.0,37.0,100.2,46.0,2041.796875,722.5515656583011
2026-07-20T04:49:36.803106+00:00,10145.0,37.0,100.33,46.0,2041.796875,722.8357971645892
2026-07-20T04:49:37.087048+00:00,10145.0,37.0,100.27,46.0,2041.9296875,723.1197378784418
2026-07-20T04:49:37.371378+00:00,10145.0,34.0,100.69,46.0,2041.94921875,723.4040688835084
2026-07-20T04:49:37.681439+00:00,10145.0,37.0,100.53,46.0,2041.94921875,723.7141288854182
2026-07-20T04:49:37.987689+00:00,10145.0,37.0,100.64,46.0,2041.953125,724.0203797854483
2026-07-20T04:49:38.272159+00:00,10145.0,37.0,100.69,46.0,2041.953125,724.3048499934375
2026-07-20T04:49:38.555789+00:00,10145.0,37.0,100.2,46.0,2041.95703125,724.5884805321693
2026-07-20T04:49:38.839535+00:00,10145.0,36.0,100.04,46.0,2041.97265625,724.8722256682813
2026-07-20T04:49:39.146781+00:00,10145.0,36.0,100.61,46.0,2042.0,725.1794718280435
2026-07-20T04:49:39.454699+00:00,10145.0,36.0,100.81,46.0,2042.0,725.4873904623091
2026-07-20T04:49:39.787344+00:00,10145.0,36.0,100.87,46.0,2042.0,725.8200346343219
2026-07-20T04:49:40.097036+00:00,10145.0,37.0,100.21,46.0,2042.0078125,726.1297268606722
2026-07-20T04:49:40.385444+00:00,10145.0,37.0,100.06,46.0,2042.0390625,726.4181341342628
2026-07-20T04:49:40.693229+00:00,10145.0,38.0,100.08,46.0,2042.0390625,726.7259196899831
2026-07-20T04:49:40.980482+00:00,10145.0,37.0,100.15,46.0,2042.05859375,727.0131730474532
2026-07-20T04:49:41.266508+00:00,10145.0,37.0,100.5,46.0,2042.10546875,727.2991986572742
2026-07-20T04:49:41.551824+00:00,10145.0,37.0,100.41,46.0,2042.10546875,727.5845146998763
2026-07-20T04:49:41.861129+00:00,10145.0,37.0,100.3,46.0,2042.10546875,727.8938191980124
2026-07-20T04:49:42.146601+00:00,10145.0,37.0,100.07,46.0,2042.10546875,728.1792919188738
2026-07-20T04:49:42.431624+00:00,10145.0,36.0,99.94,46.0,2042.11328125,728.4643156342208
2026-07-20T04:49:42.716384+00:00,10145.0,36.0,100.07,46.0,2042.11328125,728.7490750700235
2026-07-20T04:49:43.001297+00:00,10145.0,37.0,100.04,46.0,2042.12109375,729.0339888073504
2026-07-20T04:49:43.308598+00:00,10145.0,37.0,100.7,46.0,2042.1953125,729.3412883728743
2026-07-20T04:49:43.638807+00:00,10145.0,37.0,100.85,46.0,2042.1953125,729.6714980341494
2026-07-20T04:49:43.971284+00:00,10145.0,36.0,100.73,46.0,2042.1953125,730.0039734579623
2026-07-20T04:49:44.257085+00:00,10145.0,36.0,100.14,46.0,2042.1953125,730.2897760756314
2026-07-20T04:49:44.542046+00:00,10145.0,37.0,100.12,46.0,2042.19921875,730.5747368857265
2026-07-20T04:49:44.826940+00:00,10145.0,37.0,100.24,46.0,2042.26953125,730.8596230745316
2026-07-20T04:49:45.133789+00:00,10145.0,37.0,100.26,46.0,2042.26953125,731.1664793863893
2026-07-20T04:49:45.418768+00:00,10145.0,37.0,100.22,46.0,2042.28515625,731.4514582082629
2026-07-20T04:49:45.730150+00:00,10145.0,37.0,100.17,46.0,2042.28515625,731.7628400698304
2026-07-20T04:49:46.063898+00:00,10145.0,37.0,100.31,46.0,2042.296875,732.0965872593224
2026-07-20T04:49:46.372434+00:00,10145.0,37.0,100.41,46.0,2042.296875,732.4051250554621
2026-07-20T04:49:46.725770+00:00,10145.0,37.0,100.46,46.0,2042.296875,732.7584598474205
2026-07-20T04:49:47.078714+00:00,10145.0,37.0,100.8,46.0,2042.296875,733.1114052087069
2026-07-20T04:49:47.407844+00:00,10145.0,37.0,100.89,46.0,2042.30078125,733.4405345954001
2026-07-20T04:49:47.721258+00:00,10145.0,37.0,100.59,46.0,2042.30078125,733.753948174417
2026-07-20T04:49:48.066103+00:00,10145.0,36.0,100.27,46.0,2042.30859375,734.0987930707633
2026-07-20T04:49:48.378287+00:00,10145.0,36.0,100.06,46.0,2042.3125,734.4109772928059
2026-07-20T04:49:48.737893+00:00,10145.0,38.0,100.06,46.0,2042.3125,734.7705833315849
2026-07-20T04:49:49.092552+00:00,10145.0,29.0,100.34,46.0,2043.28515625,735.1252423003316
2026-07-20T04:49:49.420094+00:00,10145.0,37.0,100.53,46.0,2043.28515625,735.4527844488621
2026-07-20T04:49:49.724244+00:00,10145.0,37.0,100.53,46.0,2043.28515625,735.7569349110126
2026-07-20T04:49:50.037152+00:00,10145.0,38.0,100.93,46.0,2043.28515625,736.0698431693017
2026-07-20T04:49:50.345163+00:00,10145.0,37.0,100.49,46.0,2043.296875,736.3778472468257
2026-07-20T04:49:50.630721+00:00,10145.0,37.0,100.35,46.0,2043.30859375,736.6634114198387
2026-07-20T04:49:50.941836+00:00,10145.0,37.0,100.08,46.0,2043.30859375,736.97452679649
2026-07-20T04:49:51.248681+00:00,10145.0,38.0,100.17,46.0,2043.30859375,737.2813702896237
2026-07-20T04:49:51.551620+00:00,10145.0,38.0,100.32,46.0,2043.30859375,737.5843106359243
2026-07-20T04:49:51.835955+00:00,10145.0,38.0,100.58,46.0,2043.31640625,737.8686458580196
2026-07-20T04:49:52.120589+00:00,10145.0,38.0,100.69,46.0,2043.31640625,738.1532801166177
2026-07-20T04:49:52.428939+00:00,10145.0,36.0,100.74,46.0,2043.31640625,738.4616292305291
2026-07-20T04:49:52.735791+00:00,10145.0,37.0,100.77,46.0,2043.421875,738.7684816978872
2026-07-20T04:49:53.067054+00:00,10145.0,38.0,100.81,46.0,2043.421875,739.0997437722981
2026-07-20T04:49:53.375155+00:00,10145.0,37.0,100.6,46.0,2043.43359375,739.4078461565077
2026-07-20T04:49:53.659742+00:00,10145.0,38.0,100.43,46.0,2043.43359375,739.6924328915775
2026-07-20T04:49:53.985710+00:00,10145.0,37.0,101.01,46.0,2043.4453125,740.0183999054134
2026-07-20T04:49:54.289394+00:00,10145.0,36.0,100.98,46.0,2043.4453125,740.3220840804279
2026-07-20T04:49:54.596126+00:00,10145.0,36.0,100.78,46.0,2043.4453125,740.6288155354559
2026-07-20T04:49:54.903634+00:00,10145.0,36.0,100.18,46.0,2043.46484375,740.9363248497248
2026-07-20T04:49:55.211216+00:00,10145.0,37.0,100.13,46.0,2043.46484375,741.2439063340425
2026-07-20T04:49:55.518799+00:00,10145.0,37.0,100.24,46.0,2043.46484375,741.5514901727438
2026-07-20T04:49:55.830192+00:00,10145.0,36.0,100.08,46.0,2043.46484375,741.8628819063306
2026-07-20T04:49:56.116355+00:00,10145.0,37.0,100.18,46.0,2043.47265625,742.1490442343056
2026-07-20T04:49:56.423486+00:00,10145.0,38.0,100.8,46.0,2043.65234375,742.4561758600175
2026-07-20T04:49:56.750934+00:00,10145.0,36.0,100.58,46.0,2043.65234375,742.783624894917
2026-07-20T04:49:57.036001+00:00,10145.0,37.0,100.51,46.0,2043.65234375,743.0686923526227
2026-07-20T04:49:57.341761+00:00,10145.0,37.0,100.64,46.0,2043.65625,743.3744526654482
2026-07-20T04:49:57.642852+00:00,10145.0,36.0,100.66,46.0,2043.65625,743.6755423955619
2026-07-20T04:49:57.927216+00:00,10145.0,37.0,100.62,46.0,2043.65625,743.9599019996822
2026-07-20T04:49:58.213415+00:00,10145.0,37.0,100.22,46.0,2043.65625,744.2461062297225
2026-07-20T04:49:58.514637+00:00,10145.0,37.0,99.79,46.0,2043.66796875,744.5473283007741
2026-07-20T04:49:58.843223+00:00,10145.0,37.0,99.83,46.0,2043.7578125,744.8759137839079
2026-07-20T04:49:59.129102+00:00,10145.0,37.0,99.98,46.0,2043.76171875,745.1617928817868
2026-07-20T04:49:59.433316+00:00,10145.0,37.0,99.96,46.0,2043.76171875,745.4660066962242
2026-07-20T04:49:59.717322+00:00,10145.0,37.0,100.58,46.0,2043.765625,745.7500128895044
2026-07-20T04:50:00.001070+00:00,10145.0,36.0,100.58,46.0,2043.765625,746.0337611101568
2026-07-20T04:50:00.285310+00:00,10145.0,37.0,100.52,46.0,2043.765625,746.3180012516677
2026-07-20T04:50:00.588931+00:00,10145.0,37.0,100.31,46.0,2043.78125,746.6216225475073
2026-07-20T04:50:00.898331+00:00,10145.0,36.0,100.16,46.0,2043.78125,746.9310206957161
2026-07-20T04:50:01.226809+00:00,10145.0,36.0,100.15,46.0,2043.78515625,747.2594986744225
2026-07-20T04:50:01.555409+00:00,10145.0,37.0,100.06,46.0,2043.7890625,747.5880994983017
2026-07-20T04:50:01.884732+00:00,10145.0,36.0,99.89,46.0,2043.79296875,747.9174223020673
2026-07-20T04:50:02.239107+00:00,10145.0,37.0,100.35,46.0,2043.80078125,748.2717971466482
2026-07-20T04:50:02.592074+00:00,10145.0,38.0,100.24,46.0,2043.80078125,748.6247637234628
2026-07-20T04:50:02.935763+00:00,10145.0,37.0,100.37,46.0,2043.8125,748.9684531092644
2026-07-20T04:50:03.284444+00:00,10145.0,36.0,99.94,46.0,2043.8125,749.3171343654394
2026-07-20T04:50:03.615268+00:00,10145.0,36.0,99.92,46.0,2043.81640625,749.647956918925
2026-07-20T04:50:03.965361+00:00,10145.0,36.0,99.67,46.0,2043.81640625,749.9980510435998
2026-07-20T04:50:04.276187+00:00,10145.0,36.0,99.78,46.0,2043.8203125,750.3088757358491
2026-07-20T04:50:04.582608+00:00,10145.0,36.0,99.74,46.0,2043.8203125,750.6152982972562
2026-07-20T04:50:04.909047+00:00,10145.0,36.0,99.99,46.0,2043.828125,750.9417369179428
2026-07-20T04:50:05.218697+00:00,10145.0,35.0,99.67,46.0,2043.8359375,751.2513863258064
2026-07-20T04:50:05.531163+00:00,10145.0,36.0,100.18,46.0,2043.8359375,751.5638530366123
2026-07-20T04:50:05.892801+00:00,10145.0,28.0,99.69,46.0,2043.8359375,751.9254905581474
2026-07-20T04:50:06.202341+00:00,10145.0,37.0,99.92,46.0,2043.8359375,752.2350310869515
2026-07-20T04:50:06.514197+00:00,10145.0,37.0,99.6,46.0,2043.85546875,752.5468872897327
2026-07-20T04:50:06.840628+00:00,10145.0,36.0,100.07,46.0,2043.85546875,752.8733174800873
2026-07-20T04:50:07.167882+00:00,10145.0,36.0,99.85,46.0,2043.85546875,753.2005720809102
2026-07-20T04:50:07.473871+00:00,10145.0,35.0,99.58,46.0,2043.86328125,753.5065618976951
2026-07-20T04:50:07.781260+00:00,10145.0,38.0,100.16,46.0,2043.8671875,753.8139509856701
2026-07-20T04:50:08.132422+00:00,10145.0,36.0,100.46,46.0,2043.8671875,754.1651120334864
2026-07-20T04:50:08.442843+00:00,10145.0,34.0,100.35,46.0,2043.8671875,754.4755169376731
2026-07-20T04:50:08.754000+00:00,10145.0,37.0,99.78,46.0,2043.87890625,754.7866897508502
2026-07-20T04:50:09.068352+00:00,10145.0,37.0,99.72,46.0,2043.890625,755.1010423861444
2026-07-20T04:50:09.405107+00:00,10145.0,35.0,99.81,46.0,2043.890625,755.4377973787487
2026-07-20T04:50:09.714563+00:00,10145.0,36.0,99.71,46.0,2043.89453125,755.7472532503307
2026-07-20T04:50:10.030047+00:00,10145.0,36.0,99.5,46.0,2043.89453125,756.0627371743321
2026-07-20T04:50:10.368175+00:00,10145.0,37.0,99.47,46.0,2043.8984375,756.4008649326861
2026-07-20T04:50:10.677250+00:00,10145.0,36.0,99.74,46.0,2043.8984375,756.7099401988089
2026-07-20T04:50:10.986456+00:00,10145.0,36.0,99.91,46.0,2043.90234375,757.0191461443901
2026-07-20T04:50:11.313482+00:00,10145.0,35.0,100.4,46.0,2043.90234375,757.3461720831692
2026-07-20T04:50:11.627032+00:00,10145.0,37.0,100.14,46.0,2043.90234375,757.6597217023373
2026-07-20T04:50:11.934178+00:00,10145.0,37.0,100.11,46.0,2043.90234375,757.9668681025505
2026-07-20T04:50:12.246107+00:00,10145.0,37.0,99.65,46.0,2043.90234375,758.2787973284721
2026-07-20T04:50:12.535315+00:00,10145.0,36.0,99.57,46.0,2043.91015625,758.568004835397
2026-07-20T04:50:12.868696+00:00,10145.0,37.0,99.62,46.0,2043.91015625,758.9013864658773
2026-07-20T04:50:13.181925+00:00,10145.0,37.0,99.81,46.0,2043.921875,759.214615419507
2026-07-20T04:50:13.514003+00:00,10145.0,36.0,99.99,46.0,2043.921875,759.5466931648552
2026-07-20T04:50:13.826453+00:00,10165.0,36.0,99.85,46.0,2044.75390625,759.8591419868171
2026-07-20T04:50:14.141476+00:00,10165.0,36.0,101.08,46.0,2044.75390625,760.1741666123271
2026-07-20T04:50:14.454951+00:00,10165.0,37.0,100.83,46.0,2044.75390625,760.4876410476863
2026-07-20T04:50:14.788175+00:00,10165.0,37.0,101.01,46.0,2044.7578125,760.8208648040891
2026-07-20T04:50:15.110950+00:00,10165.0,37.0,99.94,46.0,2044.7578125,761.1436322256923
2026-07-20T04:50:15.421542+00:00,10165.0,35.0,100.39,46.0,2044.7578125,761.454231724143
2026-07-20T04:50:15.780481+00:00,10165.0,35.0,100.08,46.0,2044.76171875,761.8131712041795
2026-07-20T04:50:16.090152+00:00,10165.0,35.0,99.94,46.0,2045.05859375,762.1228414587677
2026-07-20T04:50:16.402563+00:00,10165.0,36.0,99.67,46.0,2045.05859375,762.4352528229356
2026-07-20T04:50:16.713297+00:00,10165.0,24.0,98.4,46.0,2045.05859375,762.7459872066975
2026-07-20T04:50:17.026316+00:00,10165.0,36.0,98.07,46.0,2045.05859375,763.0590039230883
2026-07-20T04:50:17.337693+00:00,10165.0,36.0,98.25,46.0,2045.3125,763.3703828379512
2026-07-20T04:50:17.672513+00:00,10165.0,37.0,99.44,46.0,2045.3125,763.7052030675113
2026-07-20T04:50:18.004602+00:00,10165.0,35.0,99.59,46.0,2045.3125,764.037291970104
2026-07-20T04:50:18.317135+00:00,10165.0,36.0,99.34,46.0,2045.3125,764.3498251959682
2026-07-20T04:50:18.630555+00:00,10165.0,37.0,99.35,46.0,2045.3125,764.6632457636297
2026-07-20T04:50:18.964439+00:00,10165.0,35.0,99.66,46.0,2045.3125,764.9971292056143
2026-07-20T04:50:19.270233+00:00,10165.0,33.0,99.71,46.0,2045.3125,765.3029230087996
2026-07-20T04:50:19.585135+00:00,10165.0,37.0,99.51,46.0,2045.3203125,765.6178238093853
2026-07-20T04:50:19.920933+00:00,10165.0,36.0,99.99,46.0,2045.3203125,765.9536236599088
2026-07-20T04:50:20.276281+00:00,10165.0,36.0,100.24,46.0,2045.3203125,766.3089709728956
2026-07-20T04:50:20.586486+00:00,10165.0,36.0,100.26,46.0,2045.3203125,766.6191759742796
2026-07-20T04:50:20.896987+00:00,10165.0,35.0,100.03,46.0,2045.328125,766.9296778142452
2026-07-20T04:50:21.185127+00:00,10165.0,35.0,99.71,46.0,2045.328125,767.2178174592555
2026-07-20T04:50:21.493661+00:00,10165.0,36.0,99.72,46.0,2045.328125,767.5263512320817
2026-07-20T04:50:21.806087+00:00,10165.0,35.0,99.64,46.0,2045.33984375,767.8387768790126
2026-07-20T04:50:22.164794+00:00,10165.0,36.0,99.6,46.0,2045.33984375,768.1974841803312
2026-07-20T04:50:22.469937+00:00,10165.0,36.0,99.78,46.0,2045.34375,768.5026274099946
2026-07-20T04:50:22.804026+00:00,10165.0,37.0,99.75,46.0,2045.34375,768.8367162160575
2026-07-20T04:50:23.131817+00:00,10165.0,37.0,99.96,46.0,2045.34765625,769.1645068302751
2026-07-20T04:50:23.464032+00:00,10165.0,37.0,99.76,46.0,2045.34765625,769.496721804142
2026-07-20T04:50:23.779066+00:00,10165.0,35.0,99.98,46.0,2045.35546875,769.8117561638355
2026-07-20T04:50:24.086668+00:00,10165.0,35.0,99.92,46.0,2045.71875,770.119357239455
2026-07-20T04:50:24.416670+00:00,10165.0,36.0,99.69,46.0,2045.71875,770.4493601359427
2026-07-20T04:50:24.776038+00:00,10165.0,36.0,99.49,46.0,2045.71875,770.8087289631367
2026-07-20T04:50:25.095073+00:00,10165.0,36.0,99.25,46.0,2045.71875,771.1277634315193
2026-07-20T04:50:25.420838+00:00,10165.0,35.0,99.2,46.0,2045.73828125,771.4535282813013
2026-07-20T04:50:25.726671+00:00,10165.0,37.0,99.15,46.0,2045.73828125,771.7593608982861
2026-07-20T04:50:26.057095+00:00,10165.0,35.0,99.17,46.0,2045.73828125,772.0897850506008
2026-07-20T04:50:26.409638+00:00,10165.0,36.0,99.72,46.0,2045.73828125,772.4423284754157
2026-07-20T04:50:26.736830+00:00,10165.0,36.0,99.9,46.0,2045.7421875,772.7695207521319
2026-07-20T04:50:27.064040+00:00,10165.0,37.0,100.02,46.0,2045.7421875,773.096730157733
2026-07-20T04:50:27.353681+00:00,10165.0,36.0,99.72,46.0,2045.7421875,773.3863715939224
2026-07-20T04:50:27.647519+00:00,10165.0,37.0,99.63,46.0,2045.7421875,773.6802092567086
2026-07-20T04:50:27.954687+00:00,10165.0,37.0,99.44,46.0,2045.7421875,773.9873770475388
2026-07-20T04:50:28.266883+00:00,10165.0,35.0,99.36,46.0,2045.7421875,774.2995730154216
2026-07-20T04:50:28.574193+00:00,10165.0,35.0,99.33,46.0,2045.7421875,774.606882892549
2026-07-20T04:50:28.886399+00:00,10165.0,35.0,99.29,46.0,2045.74609375,774.9190891645849
2026-07-20T04:50:29.215929+00:00,10165.0,37.0,99.68,46.0,2045.74609375,775.2486183345318
2026-07-20T04:50:29.525857+00:00,10165.0,33.0,100.19,46.0,2045.75390625,775.5585464537144
2026-07-20T04:50:29.836377+00:00,10165.0,36.0,100.15,46.0,2045.75390625,775.8690675720572
2026-07-20T04:50:30.125627+00:00,10165.0,36.0,99.77,46.0,2045.75390625,776.1583170443773
2026-07-20T04:50:30.414948+00:00,10165.0,36.0,99.34,46.0,2045.75390625,776.447638310492
2026-07-20T04:50:30.704353+00:00,10165.0,36.0,99.15,46.0,2045.75390625,776.7370435222983
2026-07-20T04:50:30.993927+00:00,10165.0,36.0,99.37,46.0,2045.7578125,777.0266170427203
2026-07-20T04:50:31.308964+00:00,10165.0,37.0,99.37,46.0,2045.7578125,777.3416541032493
2026-07-20T04:50:31.618389+00:00,10165.0,36.0,99.71,46.0,2045.921875,777.651078440249
2026-07-20T04:50:31.930663+00:00,10165.0,35.0,99.57,46.0,2045.94140625,777.9633533880115
2026-07-20T04:50:32.241952+00:00,10165.0,37.0,99.73,46.0,2045.94140625,778.2746426947415
2026-07-20T04:50:32.555080+00:00,10165.0,34.0,99.86,46.0,2045.94140625,778.5877701863647
2026-07-20T04:50:32.886672+00:00,10165.0,37.0,100.03,46.0,2045.94140625,778.9193614423275
2026-07-20T04:50:33.198710+00:00,10165.0,36.0,100.01,46.0,2045.9453125,779.2313999161124
2026-07-20T04:50:33.525372+00:00,10165.0,36.0,100.02,46.0,2045.9453125,779.5580623112619
2026-07-20T04:50:33.838878+00:00,10165.0,37.0,100.14,46.0,2045.9453125,779.8715682737529
2026-07-20T04:50:34.168799+00:00,10165.0,37.0,100.27,46.0,2045.94921875,780.201489508152
2026-07-20T04:50:34.482238+00:00,10165.0,37.0,100.2,46.0,2045.94921875,780.5149275697768
2026-07-20T04:50:34.812665+00:00,10165.0,36.0,99.88,46.0,2045.953125,780.8453552387655
2026-07-20T04:50:35.123864+00:00,10165.0,36.0,99.92,46.0,2046.01171875,781.1565471701324
2026-07-20T04:50:35.434359+00:00,10165.0,37.0,100.13,46.0,2046.015625,781.4670483060181
2026-07-20T04:50:35.747247+00:00,10165.0,36.0,100.15,46.0,2046.015625,781.7799373306334
2026-07-20T04:50:36.100931+00:00,10165.0,37.0,100.14,46.0,2046.015625,782.1336213238537
2026-07-20T04:50:36.389907+00:00,10165.0,36.0,100.07,46.0,2046.01953125,782.4225973933935
2026-07-20T04:50:36.680104+00:00,10165.0,30.0,100.11,46.0,2046.56640625,782.7127883844078
2026-07-20T04:50:36.990809+00:00,10165.0,35.0,99.84,46.0,2046.56640625,783.0234991312027
2026-07-20T04:50:37.299221+00:00,10165.0,36.0,99.37,46.0,2046.56640625,783.3319107927382
2026-07-20T04:50:37.607046+00:00,10165.0,35.0,99.56,46.0,2046.56640625,783.6397356726229
2026-07-20T04:50:37.926727+00:00,10165.0,33.0,99.51,46.0,2046.56640625,783.9594168141484
2026-07-20T04:50:38.256703+00:00,10165.0,36.0,99.81,46.0,2046.56640625,784.289393465966
2026-07-20T04:50:38.548615+00:00,10165.0,36.0,99.72,46.0,2046.5703125,784.5813050940633
2026-07-20T04:50:38.838521+00:00,10165.0,35.0,99.83,46.0,2046.5703125,784.8712116107345
2026-07-20T04:50:39.177012+00:00,10165.0,35.0,99.85,46.0,2046.625,785.209701705724
2026-07-20T04:50:39.512777+00:00,10165.0,36.0,99.83,46.0,2046.625,785.5454672388732
2026-07-20T04:50:39.864509+00:00,10165.0,35.0,99.89,46.0,2046.625,785.8971990384161
2026-07-20T04:50:40.178720+00:00,10165.0,35.0,99.79,46.0,2046.62890625,786.2114099301398
2026-07-20T04:50:40.512510+00:00,10165.0,37.0,100.0,46.0,2046.6328125,786.5451944358647
2026-07-20T04:50:40.825896+00:00,10165.0,37.0,100.0,46.0,2046.6328125,786.8585851937532
2026-07-20T04:50:41.169805+00:00,10165.0,35.0,99.17,46.0,2046.6328125,787.2024946846068
2026-07-20T04:50:41.484192+00:00,10165.0,23.0,97.66,46.0,2046.6328125,787.516882352531
2026-07-20T04:50:41.816547+00:00,10165.0,36.0,97.5,46.0,2046.63671875,787.8492367379367
2026-07-20T04:50:42.175191+00:00,10165.0,37.0,98.04,46.0,2046.63671875,788.2078813388944
2026-07-20T04:50:42.486577+00:00,10165.0,36.0,99.72,46.0,2046.640625,788.5192668735981
2026-07-20T04:50:42.798623+00:00,10165.0,36.0,99.69,46.0,2046.7265625,788.8313132636249
2026-07-20T04:50:43.132876+00:00,10165.0,36.0,99.94,46.0,2046.73046875,789.1655660793185
2026-07-20T04:50:43.446985+00:00,10165.0,35.0,99.2,46.0,2046.73046875,789.4796757400036
2026-07-20T04:50:43.759386+00:00,10165.0,34.0,99.11,46.0,2046.734375,789.7920764684677
2026-07-20T04:50:44.092601+00:00,10165.0,36.0,99.22,46.0,2046.734375,790.1252915561199
2026-07-20T04:50:44.402468+00:00,10165.0,36.0,99.37,46.0,2046.734375,790.4351576864719
2026-07-20T04:50:44.714364+00:00,10165.0,37.0,99.51,46.0,2046.73828125,790.747053809464
2026-07-20T04:50:45.030219+00:00,10165.0,36.0,99.54,46.0,2046.73828125,791.0629097558558
2026-07-20T04:50:45.366690+00:00,10165.0,36.0,99.43,46.0,2046.73828125,791.3993792906404
2026-07-20T04:50:45.724632+00:00,10165.0,36.0,99.29,46.0,2046.73828125,791.7573227025568
2026-07-20T04:50:46.080775+00:00,10165.0,37.0,99.64,46.0,2046.74609375,792.1134651564062
2026-07-20T04:50:46.410624+00:00,10165.0,37.0,100.26,46.0,2046.74609375,792.4433140046895
2026-07-20T04:50:46.717648+00:00,10165.0,37.0,100.18,46.0,2046.75390625,792.7503397576511
2026-07-20T04:50:47.008022+00:00,10165.0,7.0,97.53,46.0,2046.75390625,793.0407119654119
2026-07-20T04:50:47.294710+00:00,10165.0,37.0,97.47,46.0,2046.75390625,793.3274008147418
2026-07-20T04:50:47.598487+00:00,10165.0,37.0,97.53,46.0,2046.75390625,793.6311784535646
2026-07-20T04:50:47.907806+00:00,10165.0,38.0,99.59,46.0,2046.75390625,793.9404977485538
2026-07-20T04:50:48.194218+00:00,10165.0,38.0,100.48,46.0,2046.75390625,794.2269087657332
2026-07-20T04:50:48.478454+00:00,10165.0,38.0,100.62,46.0,2046.75390625,794.5111450888216
2026-07-20T04:50:48.762758+00:00,10165.0,38.0,100.79,46.0,2046.75390625,794.7954491600394
2026-07-20T04:50:49.074389+00:00,10165.0,38.0,100.93,46.0,2046.75390625,795.1070791184902
2026-07-20T04:50:49.397882+00:00,10165.0,38.0,100.88,46.0,2046.75390625,795.4305719695985
2026-07-20T04:50:49.682663+00:00,10165.0,38.0,100.78,46.0,2046.75390625,795.7153538949788
2026-07-20T04:50:49.987989+00:00,10165.0,38.0,100.65,46.0,2046.75390625,796.0206801556051
2026-07-20T04:50:50.273787+00:00,10165.0,38.0,100.71,46.0,2046.75390625,796.3064782358706
2026-07-20T04:50:50.583739+00:00,10165.0,37.0,100.73,46.0,2046.75390625,796.6164291761816
2026-07-20T04:50:50.889694+00:00,10165.0,36.0,100.39,46.0,2046.75390625,796.9223841205239
2026-07-20T04:50:51.177410+00:00,10165.0,37.0,99.98,46.0,2046.75390625,797.2100997418165
2026-07-20T04:50:51.485280+00:00,10165.0,37.0,99.43,46.0,2046.75390625,797.5179710350931
2026-07-20T04:50:51.809913+00:00,10165.0,37.0,99.79,46.0,2046.75390625,797.8426042534411
2026-07-20T04:50:52.120002+00:00,10165.0,36.0,99.8,46.0,2046.75390625,798.1526929624379
2026-07-20T04:50:52.426283+00:00,10165.0,36.0,99.95,46.0,2046.75390625,798.4589741751552
2026-07-20T04:50:52.711122+00:00,10165.0,36.0,99.88,46.0,2046.75390625,798.7438134625554
2026-07-20T04:50:52.995478+00:00,10165.0,37.0,100.23,46.0,2046.75390625,799.0281691998243
2026-07-20T04:50:53.279905+00:00,10165.0,37.0,100.3,46.0,2046.75390625,799.3125958517194
2026-07-20T04:50:53.590249+00:00,10165.0,37.0,100.29,46.0,2046.75390625,799.6229393705726
2026-07-20T04:50:53.877170+00:00,10165.0,37.0,100.24,46.0,2046.75390625,799.9098604992032
2026-07-20T04:50:54.187484+00:00,10165.0,36.0,100.29,46.0,2046.75390625,800.2201734855771
2026-07-20T04:50:54.497610+00:00,10165.0,37.0,100.3,46.0,2046.75390625,800.5303006246686
2026-07-20T04:50:54.783394+00:00,10165.0,37.0,100.23,46.0,2046.75390625,800.8160840794444
2026-07-20T04:50:55.100694+00:00,10165.0,37.0,100.33,46.0,2046.75390625,801.1333845853806
2026-07-20T04:50:55.386220+00:00,10165.0,37.0,100.48,46.0,2046.75390625,801.4189115017653
2026-07-20T04:50:55.694741+00:00,10165.0,37.0,100.42,46.0,2046.75390625,801.7274320870638
2026-07-20T04:50:55.979721+00:00,10165.0,37.0,100.27,46.0,2046.75390625,802.0124119333923
2026-07-20T04:50:56.290156+00:00,10165.0,37.0,100.11,46.0,2046.75390625,802.322845812887
2026-07-20T04:50:56.577167+00:00,10165.0,37.0,100.21,46.0,2046.75390625,802.6098575592041
2026-07-20T04:50:56.909909+00:00,10165.0,37.0,100.51,46.0,2046.75390625,802.9425997510552
2026-07-20T04:50:57.195190+00:00,10165.0,37.0,100.83,46.0,2046.75390625,803.2278804704547
2026-07-20T04:50:57.479681+00:00,10165.0,37.0,100.87,46.0,2046.75390625,803.5123709961772
2026-07-20T04:50:57.764640+00:00,10165.0,37.0,101.1,46.0,2046.75390625,803.7973306104541
2026-07-20T04:50:58.077007+00:00,10165.0,36.0,100.79,46.0,2046.75390625,804.1096971035004
2026-07-20T04:50:58.383036+00:00,10165.0,35.0,100.44,46.0,2046.75390625,804.4157258830965
2026-07-20T04:50:58.690716+00:00,10165.0,36.0,99.69,46.0,2046.75390625,804.723406508565
2026-07-20T04:50:58.998520+00:00,10165.0,37.0,99.27,46.0,2046.75390625,805.0312099903822
2026-07-20T04:50:59.329180+00:00,10165.0,37.0,99.38,46.0,2046.75390625,805.3618697375059
2026-07-20T04:50:59.665096+00:00,10165.0,37.0,99.56,46.0,2046.75390625,805.6977865360677
2026-07-20T04:51:00.001809+00:00,10165.0,36.0,99.91,46.0,2046.75390625,806.0344993956387
2026-07-20T04:51:00.313916+00:00,10165.0,37.0,100.08,46.0,2046.75390625,806.3466061353683
2026-07-20T04:51:00.625882+00:00,10165.0,37.0,99.92,46.0,2046.75390625,806.6585717536509
2026-07-20T04:51:00.931563+00:00,10165.0,37.0,99.72,46.0,2046.75390625,806.9642538838089
2026-07-20T04:51:01.217243+00:00,10165.0,37.0,99.61,46.0,2046.75390625,807.2499339617789
2026-07-20T04:51:01.501617+00:00,10165.0,37.0,99.99,46.0,2046.75390625,807.5343078896403
2026-07-20T04:51:01.829400+00:00,10165.0,37.0,100.17,46.0,2046.75390625,807.8620910681784
2026-07-20T04:51:02.113676+00:00,10165.0,37.0,100.28,46.0,2046.75390625,808.1463658176363
2026-07-20T04:51:02.421021+00:00,10165.0,36.0,100.2,46.0,2046.75390625,808.4537124820054
2026-07-20T04:51:02.722745+00:00,10165.0,36.0,100.06,46.0,2046.75390625,808.7554358802736
2026-07-20T04:51:03.007568+00:00,10165.0,36.0,99.77,46.0,2046.75390625,809.0402584001422
2026-07-20T04:51:03.291420+00:00,10165.0,37.0,99.67,46.0,2046.75390625,809.3241109885275
2026-07-20T04:51:03.598425+00:00,10165.0,34.0,99.49,46.0,2046.75390625,809.6311152689159
2026-07-20T04:51:03.929909+00:00,10165.0,37.0,99.45,46.0,2046.75390625,809.9625995904207
2026-07-20T04:51:04.215126+00:00,10165.0,37.0,99.4,46.0,2046.75390625,810.2478172928095
2026-07-20T04:51:04.522221+00:00,10165.0,37.0,99.54,46.0,2046.75390625,810.5549121499062
2026-07-20T04:51:04.833074+00:00,10165.0,37.0,99.57,46.0,2046.75390625,810.8657644502819
2026-07-20T04:51:05.119579+00:00,10165.0,38.0,99.39,46.0,2046.75390625,811.1522694863379
2026-07-20T04:51:05.426843+00:00,10165.0,30.0,99.64,46.0,2046.75390625,811.4595331177115
2026-07-20T04:51:05.711259+00:00,10165.0,37.0,99.84,46.0,2046.75390625,811.7439496032894
2026-07-20T04:51:06.018876+00:00,10165.0,37.0,99.97,46.0,2046.75390625,812.0515671595931
2026-07-20T04:51:06.325451+00:00,10165.0,37.0,100.22,46.0,2046.75390625,812.3581421524286
2026-07-20T04:51:06.633113+00:00,10165.0,37.0,99.86,46.0,2046.75390625,812.6658047325909
2026-07-20T04:51:06.921755+00:00,10165.0,37.0,99.78,46.0,2046.75390625,812.954446207732
2026-07-20T04:51:07.229691+00:00,10165.0,37.0,99.76,46.0,2046.75390625,813.2623826786876
2026-07-20T04:51:07.514730+00:00,10165.0,37.0,99.95,46.0,2046.75390625,813.5474197641015
2026-07-20T04:51:07.822597+00:00,10165.0,37.0,100.4,46.0,2046.75390625,813.8552879057825
2026-07-20T04:51:08.128774+00:00,10165.0,37.0,100.47,46.0,2046.75390625,814.1614652276039
2026-07-20T04:51:08.460220+00:00,10165.0,35.0,100.61,46.0,2046.75390625,814.4929096698761
2026-07-20T04:51:08.790338+00:00,10165.0,36.0,99.98,46.0,2046.75390625,814.8230282515287
2026-07-20T04:51:09.078127+00:00,10165.0,37.0,99.9,46.0,2046.75390625,815.1108181662858
2026-07-20T04:51:09.363952+00:00,10165.0,37.0,99.71,46.0,2046.75390625,815.3966432996094
2026-07-20T04:51:09.649597+00:00,10165.0,37.0,100.18,46.0,2046.75390625,815.682287234813
2026-07-20T04:51:09.958903+00:00,10165.0,36.0,100.29,46.0,2046.75390625,815.9915927536786
2026-07-20T04:51:10.244697+00:00,10165.0,38.0,100.25,46.0,2046.75390625,816.2773868702352
2026-07-20T04:51:10.529880+00:00,10165.0,35.0,100.07,46.0,2046.75390625,816.5625712499022
2026-07-20T04:51:10.815710+00:00,10165.0,37.0,99.73,46.0,2046.82421875,816.848401196301
2026-07-20T04:51:11.147276+00:00,10165.0,37.0,99.73,46.0,2046.82421875,817.1799664348364
2026-07-20T04:51:11.455077+00:00,10165.0,37.0,99.87,46.0,2046.82421875,817.4877679497004
2026-07-20T04:51:11.741133+00:00,10165.0,36.0,100.61,46.0,2046.82421875,817.7738231159747
2026-07-20T04:51:12.025921+00:00,10165.0,37.0,100.93,46.0,2046.82421875,818.0586118847132
2026-07-20T04:51:12.310702+00:00,10165.0,37.0,101.15,46.0,2046.82421875,818.3433935120702
2026-07-20T04:51:12.617994+00:00,10165.0,35.0,100.87,46.0,2046.82421875,818.6506844125688
2026-07-20T04:51:12.952762+00:00,10165.0,37.0,100.15,46.0,2046.82421875,818.9854520186782
2026-07-20T04:51:13.266643+00:00,10165.0,36.0,100.09,46.0,2046.82421875,819.2993330433965
2026-07-20T04:51:13.600938+00:00,10165.0,37.0,100.33,46.0,2046.82421875,819.6336276680231
2026-07-20T04:51:13.937209+00:00,10165.0,33.0,100.07,46.0,2046.82421875,819.9698989503086
2026-07-20T04:51:14.292605+00:00,10165.0,35.0,100.01,46.0,2046.82421875,820.3252955563366
2026-07-20T04:51:14.602534+00:00,10165.0,37.0,99.76,46.0,2046.82421875,820.6352234147489
2026-07-20T04:51:14.914250+00:00,10165.0,37.0,99.9,46.0,2046.82421875,820.9469392634928
2026-07-20T04:51:15.246198+00:00,10165.0,37.0,100.02,46.0,2046.82421875,821.278888259083
2026-07-20T04:51:15.553916+00:00,10165.0,38.0,100.19,46.0,2046.82421875,821.5866065733135
2026-07-20T04:51:15.862810+00:00,10165.0,38.0,100.65,46.0,2046.82421875,821.8955009132624
2026-07-20T04:51:16.189766+00:00,10165.0,37.0,100.81,46.0,2046.82421875,822.2224568016827
2026-07-20T04:51:16.474776+00:00,10165.0,38.0,101.0,46.0,2046.82421875,822.5074668601155
2026-07-20T04:51:16.761418+00:00,10165.0,38.0,100.72,46.0,2046.82421875,822.7941086925566
2026-07-20T04:51:17.046101+00:00,10165.0,37.0,101.21,46.0,2046.82421875,823.0787914060056
2026-07-20T04:51:17.403650+00:00,10165.0,35.0,100.86,46.0,2046.82421875,823.436340212822
2026-07-20T04:51:17.711956+00:00,10165.0,36.0,100.75,46.0,2046.82421875,823.744646627456
2026-07-20T04:51:18.019220+00:00,10165.0,37.0,100.18,46.0,2046.82421875,824.0519102737308
2026-07-20T04:51:18.345480+00:00,10165.0,36.0,99.82,46.0,2046.82421875,824.3781691193581
2026-07-20T04:51:18.652856+00:00,10165.0,36.0,99.98,46.0,2046.82421875,824.6855478435755
2026-07-20T04:51:18.937066+00:00,10165.0,37.0,99.81,46.0,2046.82421875,824.9697568193078
2026-07-20T04:51:19.264686+00:00,10165.0,36.0,99.9,46.0,2046.82421875,825.2973773963749
2026-07-20T04:51:19.593034+00:00,10165.0,32.0,99.67,46.0,2046.82421875,825.6257242150605
2026-07-20T04:51:19.903700+00:00,10165.0,38.0,99.74,46.0,2046.82421875,825.9363900721073
2026-07-20T04:51:20.189932+00:00,10165.0,31.0,100.21,46.0,2046.82421875,826.2226221226156
2026-07-20T04:51:20.495063+00:00,10165.0,37.0,100.44,46.0,2046.82421875,826.5277541913092
2026-07-20T04:51:20.825604+00:00,10165.0,37.0,100.47,46.0,2046.82421875,826.8582952283323
2026-07-20T04:51:21.158001+00:00,10165.0,36.0,100.41,46.0,2046.82421875,827.1906924322248
2026-07-20T04:51:21.445179+00:00,10165.0,37.0,99.75,46.0,2046.82421875,827.4778702557087
2026-07-20T04:51:21.731030+00:00,10165.0,37.0,99.91,46.0,2046.82421875,827.7637205198407
2026-07-20T04:51:22.033673+00:00,10165.0,37.0,99.78,46.0,2046.82421875,828.0663642212749
2026-07-20T04:51:22.364863+00:00,10165.0,36.0,99.83,46.0,2046.82421875,828.3975539281964
2026-07-20T04:51:22.692868+00:00,10165.0,36.0,99.9,46.0,2046.82421875,828.7255588434637
2026-07-20T04:51:22.978412+00:00,10165.0,37.0,100.03,46.0,2046.82421875,829.0111031383276
2026-07-20T04:51:23.333088+00:00,10165.0,37.0,100.08,46.0,2046.82421875,829.365779787302
2026-07-20T04:51:23.641034+00:00,10165.0,37.0,99.95,46.0,2046.82421875,829.6737251840532
2026-07-20T04:51:23.953262+00:00,10165.0,37.0,99.98,46.0,2046.82421875,829.9859523065388
2026-07-20T04:51:24.257267+00:00,10165.0,37.0,99.97,46.0,2046.82421875,830.289957948029
2026-07-20T04:51:24.570309+00:00,10165.0,36.0,99.93,46.0,2046.82421875,830.6029991917312
2026-07-20T04:51:24.857129+00:00,10165.0,37.0,100.07,46.0,2046.82421875,830.8898191489279
2026-07-20T04:51:25.143202+00:00,10165.0,38.0,100.25,46.0,2046.82421875,831.1758927963674
2026-07-20T04:51:25.451156+00:00,10165.0,37.0,100.37,46.0,2046.82421875,831.4838467165828
2026-07-20T04:51:25.736091+00:00,10165.0,38.0,100.34,46.0,2046.82421875,831.7687827385962
2026-07-20T04:51:26.045604+00:00,10165.0,38.0,100.03,46.0,2046.82421875,832.0782864578068
2026-07-20T04:51:26.332570+00:00,10165.0,37.0,100.17,46.0,2046.82421875,832.3652609884739
2026-07-20T04:51:26.638791+00:00,10165.0,36.0,100.16,46.0,2046.82421875,832.6714817658067
2026-07-20T04:51:26.948295+00:00,10165.0,36.0,100.65,46.0,2046.82421875,832.9809788912535
2026-07-20T04:51:27.280396+00:00,10165.0,37.0,100.15,46.0,2046.82421875,833.3130861967802
2026-07-20T04:51:27.612230+00:00,10165.0,36.0,99.84,46.0,2046.82421875,833.6449200101197
2026-07-20T04:51:27.970038+00:00,10165.0,35.0,99.07,46.0,2046.82421875,834.0027270205319
2026-07-20T04:51:28.332898+00:00,10165.0,36.0,99.28,46.0,2046.82421875,834.3655879870057
2026-07-20T04:51:28.646858+00:00,10165.0,24.0,98.54,46.0,2046.82421875,834.679548215121
2026-07-20T04:51:28.958338+00:00,10165.0,35.0,98.4,46.0,2046.82421875,834.9910278357565
2026-07-20T04:51:29.292256+00:00,10165.0,35.0,98.52,46.0,2046.82421875,835.3249456249177
2026-07-20T04:51:29.599844+00:00,10165.0,37.0,99.76,46.0,2046.82421875,835.6325336024165
2026-07-20T04:51:29.933208+00:00,10165.0,37.0,100.07,46.0,2046.82421875,835.9658988006413
2026-07-20T04:51:30.240372+00:00,10165.0,36.0,100.05,46.0,2046.82421875,836.2730626761913
2026-07-20T04:51:30.566323+00:00,10165.0,36.0,99.3,46.0,2046.82421875,836.5990137197077
2026-07-20T04:51:30.874961+00:00,10165.0,36.0,99.43,46.0,2046.82421875,836.9076524190605
2026-07-20T04:51:31.160957+00:00,10165.0,36.0,99.41,46.0,2046.82421875,837.1936473883688
2026-07-20T04:51:31.446485+00:00,10165.0,37.0,99.52,46.0,2046.82421875,837.4791762791574
2026-07-20T04:51:31.731540+00:00,10165.0,37.0,99.65,46.0,2046.82421875,837.7642308287323
2026-07-20T04:51:32.016874+00:00,10165.0,36.0,99.78,46.0,2046.82421875,838.0495653487742
2026-07-20T04:51:32.328992+00:00,10165.0,35.0,99.73,46.0,2046.82421875,838.3616821467876
2026-07-20T04:51:32.636178+00:00,10165.0,37.0,99.6,46.0,2046.82421875,838.6688683219254
2026-07-20T04:51:32.922670+00:00,10165.0,37.0,99.79,46.0,2046.82421875,838.9553605243564
2026-07-20T04:51:33.207977+00:00,10165.0,37.0,99.74,46.0,2046.82421875,839.2406677342951
2026-07-20T04:51:33.514423+00:00,10165.0,37.0,99.87,46.0,2046.82421875,839.5471135750413
2026-07-20T04:51:33.800219+00:00,10165.0,37.0,99.93,46.0,2046.82421875,839.8329078555107
2026-07-20T04:51:34.106878+00:00,10165.0,36.0,99.96,46.0,2046.82421875,840.1395685635507
2026-07-20T04:51:34.435035+00:00,10165.0,37.0,99.88,46.0,2046.82421875,840.4677251055837
2026-07-20T04:51:34.721535+00:00,10165.0,37.0,100.18,46.0,2046.82421875,840.7542257346213
2026-07-20T04:51:35.031355+00:00,10165.0,37.0,100.14,46.0,2046.82421875,841.0640461109579
2026-07-20T04:51:35.338452+00:00,10165.0,36.0,100.23,46.0,2046.82421875,841.3711432665586
2026-07-20T04:51:35.624450+00:00,10165.0,36.0,100.42,46.0,2046.82421875,841.6571412235498
2026-07-20T04:51:35.910704+00:00,10165.0,36.0,100.24,46.0,2046.82421875,841.9433949813247
2026-07-20T04:51:36.196302+00:00,10165.0,37.0,100.36,46.0,2046.82421875,842.2289934158325
2026-07-20T04:51:36.542236+00:00,10165.0,37.0,100.1,46.0,2046.82421875,842.5749203041196
2026-07-20T04:51:36.854136+00:00,10165.0,37.0,99.87,46.0,2046.82421875,842.886825747788
2026-07-20T04:51:37.141708+00:00,10165.0,37.0,99.86,46.0,2046.82421875,843.1743985936046
2026-07-20T04:51:37.427636+00:00,10165.0,32.0,100.52,46.0,2046.82421875,843.4603267796338
2026-07-20T04:51:37.713438+00:00,10165.0,36.0,100.32,46.0,2046.82421875,843.7461290918291
2026-07-20T04:51:37.998459+00:00,10165.0,37.0,100.36,46.0,2046.82421875,844.0311498679221
2026-07-20T04:51:38.283721+00:00,10165.0,37.0,99.77,46.0,2046.82421875,844.3164115548134
2026-07-20T04:51:38.638276+00:00,10165.0,36.0,99.45,46.0,2046.82421875,844.6709666289389
2026-07-20T04:51:38.924322+00:00,10165.0,36.0,99.61,46.0,2046.82421875,844.9570129774511
2026-07-20T04:51:39.209910+00:00,10165.0,36.0,99.79,46.0,2046.82421875,845.2426009438932
2026-07-20T04:51:39.496584+00:00,10165.0,37.0,99.84,46.0,2046.82421875,845.5292750224471
2026-07-20T04:51:39.781564+00:00,10165.0,37.0,99.87,46.0,2046.82421875,845.8142552822828
2026-07-20T04:51:40.079046+00:00,10165.0,37.0,99.67,46.0,2046.82421875,846.1117366999388
2026-07-20T04:51:40.365274+00:00,10165.0,36.0,99.67,46.0,2046.82421875,846.3979649096727
2026-07-20T04:51:40.694616+00:00,10165.0,36.0,100.06,46.0,2046.82421875,846.7273074798286
2026-07-20T04:51:41.004067+00:00,10165.0,36.0,100.26,46.0,2046.82421875,847.0367572419345
2026-07-20T04:51:41.355538+00:00,10165.0,36.0,100.38,46.0,2046.82421875,847.3882285803556
2026-07-20T04:51:41.712355+00:00,10165.0,36.0,100.23,46.0,2046.82421875,847.7450452111661
2026-07-20T04:51:42.049235+00:00,10165.0,22.0,99.99,46.0,2046.82421875,848.0819238349795
2026-07-20T04:51:42.358679+00:00,10165.0,35.0,99.68,46.0,2046.82421875,848.3913678005338
2026-07-20T04:51:42.728759+00:00,10165.0,36.0,99.3,46.0,2046.82421875,848.76144849509
2026-07-20T04:51:43.018919+00:00,10165.0,34.0,99.14,46.0,2046.82421875,849.0516085475683
2026-07-20T04:51:43.349062+00:00,10165.0,37.0,98.82,46.0,2046.82421875,849.3817516304553
2026-07-20T04:51:43.662469+00:00,10165.0,36.0,98.74,46.0,2046.82421875,849.6951597109437
2026-07-20T04:51:43.967987+00:00,10165.0,36.0,98.95,46.0,2046.82421875,850.0006770864129
2026-07-20T04:51:44.254899+00:00,10165.0,36.0,99.2,46.0,2046.82421875,850.2875903584063
2026-07-20T04:51:44.557399+00:00,10165.0,36.0,99.45,46.0,2046.82421875,850.5900896713138
2026-07-20T04:51:44.842972+00:00,10165.0,36.0,99.61,46.0,2046.82421875,850.8756629154086
2026-07-20T04:51:45.151156+00:00,10165.0,36.0,99.96,46.0,2046.82421875,851.1838457845151
2026-07-20T04:51:45.437489+00:00,10165.0,35.0,99.93,46.0,2046.82421875,851.4701803065836
2026-07-20T04:51:45.745395+00:00,10165.0,36.0,99.97,46.0,2046.82421875,851.7780848704278
2026-07-20T04:51:46.054788+00:00,10165.0,36.0,99.64,46.0,2046.82421875,852.0874788463116
2026-07-20T04:51:46.363438+00:00,10165.0,36.0,99.68,46.0,2046.82421875,852.3961291536689
2026-07-20T04:51:46.670920+00:00,10165.0,35.0,99.41,46.0,2046.82421875,852.7036101408303
2026-07-20T04:51:47.028723+00:00,10165.0,34.0,99.29,46.0,2046.82421875,853.061412230134
2026-07-20T04:51:47.341434+00:00,10165.0,37.0,99.53,46.0,2046.82421875,853.3741240724921
2026-07-20T04:51:47.670524+00:00,10165.0,37.0,99.76,46.0,2046.82421875,853.7032144553959
2026-07-20T04:51:47.979166+00:00,10165.0,37.0,99.74,46.0,2046.82421875,854.0118568427861
2026-07-20T04:51:48.264686+00:00,10165.0,37.0,99.67,46.0,2046.82421875,854.297376818955
2026-07-20T04:51:48.570744+00:00,10165.0,37.0,99.8,46.0,2046.82421875,854.6034356318414
2026-07-20T04:51:48.856375+00:00,10165.0,36.0,100.05,46.0,2046.82421875,854.8890663124621
2026-07-20T04:51:49.165955+00:00,10165.0,36.0,100.12,46.0,2046.82421875,855.1986457034945
2026-07-20T04:51:49.470818+00:00,10165.0,36.0,100.05,46.0,2046.82421875,855.5035093538463
2026-07-20T04:51:49.757631+00:00,10165.0,37.0,100.16,46.0,2046.82421875,855.7903222888708
2026-07-20T04:51:50.074838+00:00,10165.0,37.0,100.12,46.0,2046.82421875,856.107529759407
2026-07-20T04:51:50.360912+00:00,10165.0,37.0,100.31,46.0,2046.82421875,856.3936024270952
2026-07-20T04:51:50.647404+00:00,10165.0,37.0,100.15,46.0,2046.82421875,856.6800950989127
2026-07-20T04:51:50.933170+00:00,10165.0,37.0,100.47,46.0,2046.82421875,856.9658612161875
2026-07-20T04:51:51.246235+00:00,10165.0,37.0,100.64,46.0,2046.82421875,857.278926294297
2026-07-20T04:51:51.551518+00:00,10165.0,37.0,100.46,46.0,2046.82421875,857.5842092558742
2026-07-20T04:51:51.859361+00:00,10165.0,37.0,100.68,46.0,2046.82421875,857.8920520432293
2026-07-20T04:51:52.188892+00:00,10165.0,36.0,100.2,46.0,2046.82421875,858.2215817086399
2026-07-20T04:51:52.476163+00:00,10165.0,37.0,100.47,46.0,2046.82421875,858.5088540427387
2026-07-20T04:51:52.762583+00:00,10165.0,37.0,100.23,46.0,2046.82421875,858.7952733784914
2026-07-20T04:51:53.069263+00:00,10165.0,36.0,100.64,46.0,2046.82421875,859.1019542254508
2026-07-20T04:51:53.378793+00:00,10165.0,36.0,100.4,46.0,2046.82421875,859.4114838540554
2026-07-20T04:51:53.706719+00:00,10165.0,36.0,100.3,46.0,2046.82421875,859.7394096925855
2026-07-20T04:51:53.993638+00:00,10165.0,37.0,99.69,46.0,2046.82421875,860.0263292752206
2026-07-20T04:51:54.279500+00:00,10165.0,37.0,99.59,46.0,2046.82421875,860.3121913224459
2026-07-20T04:51:54.564582+00:00,10165.0,37.0,99.61,46.0,2046.82421875,860.5972727015615
2026-07-20T04:51:54.922043+00:00,10165.0,36.0,99.51,46.0,2046.82421875,860.9547342173755
2026-07-20T04:51:55.231211+00:00,10165.0,36.0,99.69,46.0,2046.82421875,861.2639015875757
2026-07-20T04:51:55.534583+00:00,10165.0,37.0,99.83,46.0,2046.82421875,861.5672741867602
2026-07-20T04:51:55.842168+00:00,10165.0,35.0,99.53,46.0,2046.82421875,861.8748584762216
2026-07-20T04:51:56.195820+00:00,10165.0,35.0,99.61,46.0,2046.82421875,862.228510748595
2026-07-20T04:51:56.501199+00:00,10165.0,35.0,99.71,46.0,2046.82421875,862.5338891521096
2026-07-20T04:51:56.809968+00:00,10165.0,37.0,99.93,46.0,2046.82421875,862.8426585420966
2026-07-20T04:51:57.123174+00:00,10165.0,35.0,100.07,46.0,2046.82421875,863.1558639034629
2026-07-20T04:51:57.460635+00:00,10165.0,35.0,99.62,46.0,2046.82421875,863.4933245964348
2026-07-20T04:51:57.797398+00:00,10165.0,35.0,99.88,46.0,2046.82421875,863.8300881125033
2026-07-20T04:51:58.132550+00:00,10165.0,35.0,99.69,46.0,2046.82421875,864.1652401424944
2026-07-20T04:51:58.468484+00:00,10165.0,27.0,98.85,46.0,2046.82421875,864.501174300909
2026-07-20T04:51:58.803665+00:00,10165.0,37.0,98.3,46.0,2046.82421875,864.8363538905978
2026-07-20T04:51:59.117442+00:00,10165.0,36.0,98.54,46.0,2046.82421875,865.1501322798431
2026-07-20T04:51:59.446894+00:00,10165.0,36.0,99.83,46.0,2046.82421875,865.4795844592154
2026-07-20T04:51:59.779821+00:00,10165.0,35.0,100.22,46.0,2046.82421875,865.8125107400119
2026-07-20T04:52:00.137009+00:00,10165.0,34.0,100.36,46.0,2046.82421875,866.1696988455951
2026-07-20T04:52:00.446383+00:00,10165.0,37.0,100.26,46.0,2046.82421875,866.4790716692805
2026-07-20T04:52:00.796131+00:00,10165.0,36.0,100.43,46.0,2046.82421875,866.828820347786
2026-07-20T04:52:01.110519+00:00,10165.0,37.0,100.75,46.0,2046.82421875,867.1432063877583
2026-07-20T04:52:01.422803+00:00,10165.0,35.0,100.59,46.0,2046.82421875,867.4554929323494
2026-07-20T04:52:01.753192+00:00,10165.0,35.0,100.0,46.0,2046.82421875,867.785881716758
2026-07-20T04:52:02.094885+00:00,10165.0,36.0,99.24,46.0,2046.82421875,868.1275730766356
2026-07-20T04:52:02.425085+00:00,10165.0,34.0,99.19,46.0,2046.82421875,868.4577751457691
2026-07-20T04:52:02.737904+00:00,10165.0,36.0,99.5,46.0,2046.82421875,868.7705946341157
2026-07-20T04:52:03.045358+00:00,10165.0,36.0,99.49,46.0,2046.82421875,869.0780481137335
2026-07-20T04:52:03.356267+00:00,10165.0,36.0,99.39,46.0,2046.82421875,869.3889572173357
2026-07-20T04:52:03.665586+00:00,10165.0,24.0,98.56,46.0,2046.828125,869.6982761472464
2026-07-20T04:52:03.978069+00:00,10165.0,37.0,98.33,46.0,2046.828125,870.0107590816915
2026-07-20T04:52:04.304287+00:00,10165.0,35.0,98.61,46.0,2046.828125,870.3369779884815
2026-07-20T04:52:04.655944+00:00,10165.0,35.0,98.97,46.0,2046.828125,870.6886326670647
2026-07-20T04:52:04.988670+00:00,10165.0,36.0,99.29,46.0,2046.828125,871.0213594995439
2026-07-20T04:52:05.324950+00:00,10165.0,36.0,99.47,46.0,2046.828125,871.3576395921409
2026-07-20T04:52:05.668870+00:00,10165.0,36.0,99.19,46.0,2046.828125,871.7015602514148
2026-07-20T04:52:05.978758+00:00,10165.0,35.0,99.17,46.0,2046.828125,872.0114466436207
2026-07-20T04:52:06.310543+00:00,10165.0,34.0,99.31,46.0,2046.828125,872.3432319574058
2026-07-20T04:52:06.617408+00:00,10165.0,36.0,99.79,46.0,2046.828125,872.6500979438424
2026-07-20T04:52:06.952966+00:00,10165.0,37.0,99.73,46.0,2046.828125,872.9856563322246
2026-07-20T04:52:07.308317+00:00,10165.0,36.0,99.57,46.0,2046.828125,873.3410066477954
2026-07-20T04:52:07.660519+00:00,10165.0,37.0,99.83,46.0,2046.828125,873.693208694458
2026-07-20T04:52:07.992718+00:00,10165.0,37.0,99.57,46.0,2046.828125,874.0254082493484
2026-07-20T04:52:08.326780+00:00,10165.0,36.0,99.8,46.0,2046.828125,874.3594708442688
2026-07-20T04:52:08.638895+00:00,10165.0,36.0,100.14,46.0,2046.828125,874.6715849861503
2026-07-20T04:52:08.954047+00:00,10165.0,37.0,100.24,46.0,2046.828125,874.9867369644344
2026-07-20T04:52:09.262204+00:00,10165.0,37.0,100.09,46.0,2046.828125,875.2948943115771
2026-07-20T04:52:09.592669+00:00,10165.0,35.0,99.88,46.0,2046.828125,875.6253587380052
2026-07-20T04:52:09.910066+00:00,10165.0,36.0,99.53,46.0,2046.828125,875.9427561797202
2026-07-20T04:52:10.259573+00:00,10165.0,37.0,99.51,46.0,2046.828125,876.2922630049288
2026-07-20T04:52:10.566635+00:00,10165.0,35.0,99.57,46.0,2046.828125,876.5993251726031
2026-07-20T04:52:10.928371+00:00,10165.0,35.0,100.11,46.0,2046.828125,876.9610594287515
2026-07-20T04:52:11.240853+00:00,10165.0,35.0,99.89,46.0,2046.828125,877.2735434100032
2026-07-20T04:52:11.553741+00:00,10165.0,36.0,99.86,46.0,2046.828125,877.5864313915372
2026-07-20T04:52:11.870435+00:00,10165.0,36.0,99.21,46.0,2046.828125,877.9031256623566
2026-07-20T04:52:12.182463+00:00,10165.0,36.0,99.17,46.0,2046.828125,878.2151535227895
2026-07-20T04:52:12.495165+00:00,10165.0,34.0,99.18,46.0,2046.828125,878.5278545282781
2026-07-20T04:52:12.828813+00:00,10165.0,37.0,99.05,46.0,2046.828125,878.8615029416978
2026-07-20T04:52:13.160551+00:00,10165.0,36.0,99.31,46.0,2046.828125,879.1932410188019
2026-07-20T04:52:13.474889+00:00,10165.0,36.0,99.15,46.0,2046.83203125,879.5075792185962
2026-07-20T04:52:13.795082+00:00,10165.0,36.0,99.22,46.0,2046.83203125,879.8277724459767
2026-07-20T04:52:14.102872+00:00,10165.0,35.0,99.08,46.0,2046.83203125,880.1355622522533
2026-07-20T04:52:14.393013+00:00,10165.0,36.0,99.6,46.0,2046.83203125,880.4257027544081
2026-07-20T04:52:14.706784+00:00,10165.0,37.0,99.94,46.0,2046.83203125,880.7394739724696
2026-07-20T04:52:15.018470+00:00,10165.0,36.0,100.04,46.0,2046.91015625,881.0511594079435
2026-07-20T04:52:15.330824+00:00,10165.0,36.0,101.35,46.0,2047.66015625,881.3635145127773
2026-07-20T04:52:15.660800+00:00,10165.0,35.0,101.09,46.0,2047.66015625,881.6934902220964
2026-07-20T04:52:15.978497+00:00,10165.0,35.0,101.25,46.0,2047.66015625,882.0111873596907
2026-07-20T04:52:16.287046+00:00,10165.0,37.0,100.36,46.0,2047.66015625,882.3197356723249
2026-07-20T04:52:16.598605+00:00,10165.0,37.0,100.54,46.0,2047.66015625,882.6312950998545
2026-07-20T04:52:16.930841+00:00,10165.0,34.0,100.74,46.0,2047.66015625,882.9635314159095
2026-07-20T04:52:17.264400+00:00,10165.0,37.0,100.8,46.0,2047.66015625,883.2970908209682
2026-07-20T04:52:17.620706+00:00,10165.0,36.0,100.39,46.0,2047.66015625,883.6533953249454
2026-07-20T04:52:17.934454+00:00,10165.0,31.0,99.19,46.0,2047.66015625,883.9671437963843
2026-07-20T04:52:18.260724+00:00,10165.0,36.0,98.6,46.0,2047.66015625,884.2934140749276
2026-07-20T04:52:18.588516+00:00,10165.0,35.0,97.99,46.0,2047.66015625,884.6212059110403
2026-07-20T04:52:18.898220+00:00,10165.0,36.0,98.98,46.0,2047.66015625,884.9309102967381
2026-07-20T04:52:19.209007+00:00,10165.0,37.0,98.61,46.0,2047.66015625,885.2416966669261
2026-07-20T04:52:19.541089+00:00,10165.0,36.0,98.49,46.0,2047.66015625,885.5737787671387
2026-07-20T04:52:19.854362+00:00,10165.0,35.0,98.4,46.0,2047.66015625,885.8870527148247
2026-07-20T04:52:20.164166+00:00,10165.0,36.0,98.77,46.0,2047.66015625,886.1968562602997
2026-07-20T04:52:20.478435+00:00,10165.0,37.0,99.28,46.0,2047.66015625,886.5111245885491
2026-07-20T04:52:20.816809+00:00,10165.0,9.0,97.74,46.0,2089.66015625,886.8494931198657
2026-07-20T04:52:21.212877+00:00,10165.0,0.0,92.23,45.0,2095.734375,887.2455667294562
2026-07-20T04:52:21.529339+00:00,10165.0,9.0,87.56,45.0,2838.796875,887.5620279312134
2026-07-20T04:52:21.837865+00:00,10165.0,10.0,85.2,45.0,4175.171875,887.8705556355417
2026-07-20T04:52:22.198020+00:00,10165.0,0.0,85.72,45.0,2090.3984375,888.2307108305395
2026-07-20T04:52:22.506164+00:00,10165.0,35.0,90.26,45.0,2090.3984375,888.5388531014323
2026-07-20T04:52:22.836414+00:00,10165.0,35.0,94.76,45.0,2090.3984375,888.8691027723253
2026-07-20T04:52:23.146438+00:00,10165.0,35.0,98.56,46.0,2090.3984375,889.1791270822287
2026-07-20T04:52:23.496466+00:00,10165.0,37.0,98.89,46.0,2090.40234375,889.5291552692652
2026-07-20T04:52:23.806146+00:00,10165.0,35.0,98.88,46.0,2090.40234375,889.8388362191617
2026-07-20T04:52:24.156997+00:00,10165.0,36.0,99.48,46.0,2090.40234375,890.1896869726479
2026-07-20T04:52:24.470338+00:00,10165.0,35.0,99.6,46.0,2090.40234375,890.5030269958079
2026-07-20T04:52:24.782516+00:00,10165.0,35.0,99.77,46.0,2090.40234375,890.8152061253786
2026-07-20T04:52:25.118013+00:00,10165.0,36.0,99.24,46.0,2090.40234375,891.1507028266788
2026-07-20T04:52:25.426788+00:00,10165.0,35.0,99.21,46.0,2090.40234375,891.4594777785242
2026-07-20T04:52:25.752509+00:00,10165.0,36.0,99.61,46.0,2090.40234375,891.7851989157498
2026-07-20T04:52:26.085776+00:00,10165.0,35.0,99.38,46.0,2090.40234375,892.118465539068
2026-07-20T04:52:26.397862+00:00,10165.0,36.0,99.66,46.0,2090.40234375,892.430551122874
2026-07-20T04:52:26.710114+00:00,10165.0,36.0,100.06,46.0,2090.40234375,892.7428040392697
2026-07-20T04:52:27.022880+00:00,10165.0,34.0,100.49,46.0,2090.40234375,893.0555702596903
2026-07-20T04:52:27.334431+00:00,10165.0,35.0,100.37,46.0,2090.40234375,893.3671200573444
2026-07-20T04:52:27.642817+00:00,10165.0,36.0,99.57,46.0,2090.40234375,893.6755060963333
2026-07-20T04:52:27.954532+00:00,10165.0,36.0,99.1,46.0,2090.40234375,893.9872220344841
2026-07-20T04:52:28.265973+00:00,10165.0,36.0,99.0,46.0,2090.40234375,894.2986624613404
2026-07-20T04:52:28.596496+00:00,10165.0,36.0,99.06,46.0,2090.4140625,894.6291767507792
2026-07-20T04:52:28.948684+00:00,10165.0,36.0,99.41,46.0,2090.4140625,894.9813734441996
2026-07-20T04:52:29.262554+00:00,10165.0,36.0,99.61,46.0,2090.4140625,895.2952437959611
2026-07-20T04:52:29.612665+00:00,10165.0,37.0,100.25,46.0,2090.4140625,895.6453557983041
2026-07-20T04:52:29.926639+00:00,10165.0,36.0,100.1,46.0,2090.4140625,895.9593298435211
2026-07-20T04:52:30.255694+00:00,10165.0,37.0,99.95,46.0,2090.4140625,896.2883839532733
2026-07-20T04:52:30.569949+00:00,10165.0,36.0,99.3,46.0,2090.4140625,896.6026388406754
2026-07-20T04:52:30.882287+00:00,10165.0,36.0,99.48,46.0,2090.4140625,896.9149710163474
2026-07-20T04:52:31.194053+00:00,10165.0,35.0,99.92,46.0,2090.4140625,897.2267433218658
2026-07-20T04:52:31.511075+00:00,10165.0,36.0,99.87,46.0,2090.4140625,897.5437654443085
2026-07-20T04:52:31.822715+00:00,10165.0,34.0,99.68,46.0,2090.4140625,897.8554038405418
2026-07-20T04:52:32.134766+00:00,10165.0,35.0,99.78,46.0,2090.4140625,898.1674561910331
2026-07-20T04:52:32.442769+00:00,10165.0,36.0,99.1,46.0,2090.4140625,898.4754587635398
2026-07-20T04:52:32.796665+00:00,10165.0,34.0,99.15,46.0,2090.4140625,898.8293556310236
2026-07-20T04:52:33.088860+00:00,10165.0,36.0,98.96,46.0,2090.4140625,899.1215503253043
2026-07-20T04:52:33.406886+00:00,10165.0,36.0,99.03,46.0,2090.4140625,899.4395677037537
2026-07-20T04:52:33.714542+00:00,10165.0,35.0,99.01,46.0,2090.4140625,899.7472318150103
2026-07-20T04:52:34.030732+00:00,10165.0,37.0,99.88,46.0,2090.4140625,900.0634221807122
2026-07-20T04:52:34.388656+00:00,10165.0,35.0,100.43,46.0,2090.4140625,900.4213460683823
2026-07-20T04:52:34.744104+00:00,10165.0,36.0,100.64,46.0,2090.4140625,900.7767943479121
2026-07-20T04:52:35.034493+00:00,10165.0,36.0,99.74,46.0,2090.4140625,901.0671835318208
2026-07-20T04:52:35.364581+00:00,10165.0,35.0,99.26,46.0,2090.4140625,901.3972710743546
2026-07-20T04:52:35.700491+00:00,10165.0,35.0,99.45,46.0,2090.4140625,901.7331817299128
2026-07-20T04:52:36.061467+00:00,10165.0,35.0,99.75,46.0,2090.4140625,902.0941575318575
2026-07-20T04:52:36.397062+00:00,10165.0,35.0,100.0,46.0,2090.4140625,902.4297522380948
2026-07-20T04:52:36.732752+00:00,10165.0,37.0,99.88,46.0,2090.4140625,902.7654422298074
2026-07-20T04:52:37.046212+00:00,10165.0,37.0,100.36,46.0,2090.4140625,903.0789019055665
2026-07-20T04:52:37.413176+00:00,10165.0,35.0,100.28,46.0,2090.4140625,903.445865355432
2026-07-20T04:52:37.764731+00:00,10165.0,35.0,100.21,46.0,2090.4140625,903.7974210605025
2026-07-20T04:52:38.102284+00:00,10165.0,36.0,99.5,46.0,2090.4140625,904.1349745281041
2026-07-20T04:52:38.460887+00:00,10165.0,35.0,99.82,46.0,2090.4140625,904.4935769475996
2026-07-20T04:52:38.752278+00:00,10165.0,35.0,99.49,46.0,2090.4140625,904.7849682234228
2026-07-20T04:52:39.043346+00:00,10165.0,34.0,99.31,46.0,2090.4140625,905.0760367363691
2026-07-20T04:52:39.336708+00:00,10165.0,32.0,98.74,46.0,2090.42578125,905.3693978525698
2026-07-20T04:52:39.675413+00:00,10165.0,36.0,98.26,46.0,2090.42578125,905.7081034556031
2026-07-20T04:52:39.991851+00:00,10165.0,36.0,98.57,46.0,2090.4296875,906.0245360471308
2026-07-20T04:52:40.327430+00:00,10165.0,35.0,99.52,46.0,2090.4296875,906.360119946301
2026-07-20T04:52:40.639875+00:00,10165.0,36.0,99.66,46.0,2090.4296875,906.6725654266775
2026-07-20T04:52:40.927159+00:00,10165.0,37.0,99.46,46.0,2090.4296875,906.9598492197692
2026-07-20T04:52:41.256897+00:00,10165.0,37.0,99.83,46.0,2090.4296875,907.2895865626633
2026-07-20T04:52:41.568148+00:00,10165.0,36.0,99.91,46.0,2090.4296875,907.6008388288319
2026-07-20T04:52:41.878654+00:00,10165.0,36.0,100.07,46.0,2090.4296875,907.9113439619541
2026-07-20T04:52:42.166001+00:00,10165.0,36.0,99.91,46.0,2090.4296875,908.1986912302673
2026-07-20T04:52:42.476484+00:00,10165.0,37.0,99.43,46.0,2090.4296875,908.5091739967465
2026-07-20T04:52:42.765139+00:00,10165.0,37.0,99.49,46.0,2090.4296875,908.7978290580213
2026-07-20T04:52:43.094672+00:00,10165.0,36.0,100.14,46.0,2090.4296875,909.1273624189198
2026-07-20T04:52:43.398945+00:00,10165.0,36.0,100.37,46.0,2090.4296875,909.4316361919045
2026-07-20T04:52:43.703170+00:00,10165.0,36.0,100.58,46.0,2090.4296875,909.7358603961766
2026-07-20T04:52:44.026348+00:00,10165.0,37.0,100.03,46.0,2090.4296875,910.0590394921601
2026-07-20T04:52:44.312675+00:00,10165.0,37.0,99.93,46.0,2090.4296875,910.345366537571
2026-07-20T04:52:44.625654+00:00,10165.0,34.0,99.76,46.0,2090.4296875,910.6583445705473
2026-07-20T04:52:44.913653+00:00,10165.0,36.0,100.24,46.0,2090.4296875,910.9463441297412
2026-07-20T04:52:45.219509+00:00,10165.0,37.0,100.29,46.0,2090.4296875,911.252200614661
2026-07-20T04:52:45.527125+00:00,10165.0,36.0,100.14,46.0,2090.4296875,911.5598163083196
2026-07-20T04:52:45.813658+00:00,10165.0,36.0,100.07,46.0,2090.4296875,911.8463491275907
2026-07-20T04:52:46.124078+00:00,10165.0,36.0,99.3,46.0,2090.4296875,912.1567690186203
2026-07-20T04:52:46.438505+00:00,10165.0,35.0,99.56,46.0,2090.4296875,912.471195474267
2026-07-20T04:52:46.776439+00:00,10165.0,37.0,99.71,46.0,2090.4296875,912.8091295100749
2026-07-20T04:52:47.084005+00:00,10165.0,37.0,100.34,46.0,2090.4296875,913.116695728153
2026-07-20T04:52:47.370593+00:00,10165.0,36.0,100.31,46.0,2090.4296875,913.4032836593688
2026-07-20T04:52:47.657056+00:00,10165.0,36.0,100.21,46.0,2090.43359375,913.6897469423711
2026-07-20T04:52:47.962759+00:00,10165.0,36.0,100.35,46.0,2090.43359375,913.9954496175051
2026-07-20T04:52:48.249281+00:00,10165.0,37.0,99.8,46.0,2090.43359375,914.2819719016552
2026-07-20T04:52:48.598114+00:00,10165.0,37.0,99.56,46.0,2090.43359375,914.6308043301105
2026-07-20T04:52:48.905188+00:00,10165.0,38.0,100.15,46.0,2090.43359375,914.9378793798387
2026-07-20T04:52:49.235809+00:00,10165.0,0.0,97.25,46.0,2090.43359375,915.2684977799654
2026-07-20T04:52:49.526239+00:00,10165.0,37.0,97.1,46.0,2090.43359375,915.5589291714132
2026-07-20T04:52:49.812810+00:00,10165.0,37.0,96.62,46.0,2090.43359375,915.8455011881888
2026-07-20T04:52:50.120165+00:00,10165.0,37.0,97.99,46.0,2090.43359375,916.1528558321297
2026-07-20T04:52:50.406563+00:00,10165.0,36.0,100.61,46.0,2090.43359375,916.4392533488572
2026-07-20T04:52:50.715327+00:00,10165.0,36.0,100.49,46.0,2090.43359375,916.748018104583
2026-07-20T04:52:51.019586+00:00,10165.0,37.0,100.52,46.0,2090.43359375,917.0522763058543
2026-07-20T04:52:51.329811+00:00,10165.0,37.0,99.93,46.0,2090.43359375,917.3625018559396
2026-07-20T04:52:51.617170+00:00,10165.0,37.0,99.74,46.0,2090.43359375,917.649860970676
2026-07-20T04:52:51.930690+00:00,10165.0,36.0,99.5,46.0,2090.43359375,917.9633801653981
2026-07-20T04:52:52.241967+00:00,10165.0,30.0,99.27,46.0,2090.43359375,918.27465788275
2026-07-20T04:52:52.558200+00:00,10165.0,37.0,99.18,46.0,2090.43359375,918.5908900536597
2026-07-20T04:52:52.892473+00:00,10165.0,35.0,99.19,46.0,2090.43359375,918.9251637086272
2026-07-20T04:52:53.232183+00:00,10165.0,36.0,100.04,46.0,2090.43359375,919.2648719958961
2026-07-20T04:52:53.542892+00:00,10165.0,35.0,100.24,46.0,2090.43359375,919.5755819045007
2026-07-20T04:52:53.850224+00:00,10165.0,36.0,100.31,46.0,2090.43359375,919.8829144872725
2026-07-20T04:52:54.204371+00:00,10165.0,36.0,100.17,46.0,2090.43359375,920.2370607480407
2026-07-20T04:52:54.517913+00:00,10165.0,36.0,99.42,46.0,2090.43359375,920.5506029948592
2026-07-20T04:52:54.806904+00:00,10165.0,37.0,99.35,46.0,2090.43359375,920.8395948633552
2026-07-20T04:52:55.117274+00:00,10165.0,35.0,99.36,46.0,2090.43359375,921.1499638780951
2026-07-20T04:52:55.405352+00:00,10165.0,36.0,99.5,46.0,2090.43359375,921.4380422905087
2026-07-20T04:52:55.692152+00:00,10165.0,37.0,100.35,46.0,2090.43359375,921.7248425967991
2026-07-20T04:52:56.002440+00:00,10165.0,37.0,100.46,46.0,2090.43359375,922.0351314209402
2026-07-20T04:52:56.311319+00:00,10165.0,36.0,100.43,46.0,2090.43359375,922.3440094925463
2026-07-20T04:52:56.597784+00:00,10165.0,36.0,99.88,46.0,2090.43359375,922.6304742656648
2026-07-20T04:52:56.886453+00:00,10165.0,36.0,99.57,46.0,2090.43359375,922.9191444218159
2026-07-20T04:52:57.222478+00:00,10165.0,37.0,99.76,46.0,2090.43359375,923.255168441683
2026-07-20T04:52:57.534271+00:00,10165.0,34.0,99.47,46.0,2090.43359375,923.5669610835612
2026-07-20T04:52:57.822293+00:00,10165.0,37.0,99.53,46.0,2090.43359375,923.8549839109182
2026-07-20T04:52:58.109271+00:00,10165.0,37.0,99.61,46.0,2090.43359375,924.1419618241489
2026-07-20T04:52:58.437526+00:00,10165.0,37.0,100.12,46.0,2090.43359375,924.4702166244388
2026-07-20T04:52:58.742732+00:00,10165.0,36.0,99.96,46.0,2090.43359375,924.775423489511
2026-07-20T04:52:59.029243+00:00,10165.0,36.0,100.15,46.0,2090.43359375,925.0619343072176
2026-07-20T04:52:59.375020+00:00,10165.0,36.0,99.77,46.0,2090.43359375,925.4077106155455
2026-07-20T04:52:59.681836+00:00,10165.0,36.0,99.87,46.0,2090.43359375,925.7145265974104
2026-07-20T04:52:59.990734+00:00,10165.0,36.0,99.87,46.0,2090.43359375,926.0234252437949
2026-07-20T04:53:00.277359+00:00,10165.0,37.0,99.66,46.0,2090.43359375,926.3100503459573
2026-07-20T04:53:00.581094+00:00,10165.0,37.0,99.73,46.0,2090.43359375,926.6137851253152
2026-07-20T04:53:00.908967+00:00,10165.0,37.0,99.72,46.0,2090.43359375,926.9416582100093
2026-07-20T04:53:01.219190+00:00,10165.0,36.0,99.88,46.0,2090.43359375,927.2518808506429
2026-07-20T04:53:01.528298+00:00,10165.0,36.0,99.79,46.0,2090.43359375,927.5609880909324
2026-07-20T04:53:01.814940+00:00,10165.0,37.0,99.77,46.0,2090.43359375,927.8476314544678
2026-07-20T04:53:02.122635+00:00,10165.0,37.0,100.0,46.0,2090.43359375,928.1553259752691
2026-07-20T04:53:02.409371+00:00,10165.0,36.0,100.09,46.0,2090.43359375,928.4420624040067
2026-07-20T04:53:02.736959+00:00,10165.0,35.0,100.35,46.0,2090.43359375,928.7696493975818
2026-07-20T04:53:03.025285+00:00,10165.0,36.0,100.15,46.0,2090.43359375,929.0579760149121
2026-07-20T04:53:03.334986+00:00,10165.0,36.0,100.04,46.0,2090.43359375,929.3676774427295
2026-07-20T04:53:03.645188+00:00,10165.0,35.0,100.05,46.0,2090.43359375,929.6778787113726
2026-07-20T04:53:03.933840+00:00,10165.0,36.0,99.54,46.0,2090.43359375,929.9665315374732
2026-07-20T04:53:04.220903+00:00,10165.0,36.0,99.89,46.0,2090.43359375,930.253594532609
2026-07-20T04:53:04.506831+00:00,10165.0,37.0,100.42,46.0,2090.43359375,930.5395227149129
2026-07-20T04:53:04.814769+00:00,10165.0,36.0,100.53,46.0,2090.43359375,930.8474603071809
2026-07-20T04:53:05.145673+00:00,10165.0,36.0,100.22,46.0,2090.43359375,931.1783626414835
2026-07-20T04:53:05.433135+00:00,10165.0,36.0,99.67,46.0,2090.43359375,931.4658259749413
2026-07-20T04:53:05.763744+00:00,10165.0,35.0,99.84,46.0,2090.43359375,931.7964347489178
2026-07-20T04:53:06.076053+00:00,10165.0,37.0,99.91,46.0,2090.43359375,932.1087437085807
2026-07-20T04:53:06.387459+00:00,10165.0,37.0,99.77,46.0,2090.43359375,932.4201491624117
2026-07-20T04:53:06.697313+00:00,10165.0,36.0,100.08,46.0,2090.43359375,932.7300031520426
2026-07-20T04:53:07.062592+00:00,10165.0,36.0,99.9,46.0,2090.43359375,933.0952810272574
2026-07-20T04:53:07.374266+00:00,10165.0,36.0,100.01,46.0,2090.43359375,933.406955756247
2026-07-20T04:53:07.689578+00:00,10165.0,36.0,99.41,46.0,2090.43359375,933.7222687117755
2026-07-20T04:53:08.024965+00:00,10165.0,37.0,99.24,46.0,2090.43359375,934.0576549768448
2026-07-20T04:53:08.360807+00:00,10165.0,36.0,99.18,46.0,2090.43359375,934.3934971727431
2026-07-20T04:53:08.689659+00:00,10165.0,35.0,99.68,46.0,2090.43359375,934.7223489955068
2026-07-20T04:53:08.997060+00:00,10165.0,37.0,100.22,46.0,2090.43359375,935.029749840498
2026-07-20T04:53:09.307118+00:00,10165.0,36.0,100.39,46.0,2090.43359375,935.3398085460067
2026-07-20T04:53:09.593582+00:00,10165.0,36.0,99.84,46.0,2090.43359375,935.6262724101543
2026-07-20T04:53:09.946230+00:00,10165.0,37.0,99.78,46.0,2090.43359375,935.9789214022458
2026-07-20T04:53:10.257781+00:00,10165.0,35.0,99.48,46.0,2090.43359375,936.2904715463519
2026-07-20T04:53:10.544941+00:00,10165.0,36.0,99.43,46.0,2090.4921875,936.5776325166225
2026-07-20T04:53:10.831295+00:00,10165.0,37.0,99.44,46.0,2090.4921875,936.8639864735305
2026-07-20T04:53:11.139085+00:00,10165.0,37.0,100.08,46.0,2090.4921875,937.1717757806182
2026-07-20T04:53:11.425642+00:00,10165.0,37.0,99.96,46.0,2090.4921875,937.4583331495523
2026-07-20T04:53:11.711871+00:00,10165.0,37.0,100.03,46.0,2090.4921875,937.74456236884
2026-07-20T04:53:11.997843+00:00,10165.0,37.0,99.79,46.0,2090.4921875,938.030533567071
2026-07-20T04:53:12.330938+00:00,10165.0,36.0,100.05,46.0,2090.4921875,938.363627910614
2026-07-20T04:53:12.643280+00:00,10165.0,37.0,100.45,46.0,2090.4921875,938.6759704314172
2026-07-20T04:53:12.930378+00:00,10165.0,37.0,100.22,46.0,2090.4921875,938.9630688838661
2026-07-20T04:53:13.216731+00:00,10165.0,35.0,100.94,46.0,2090.4921875,939.2494221404195
2026-07-20T04:53:13.503028+00:00,10165.0,37.0,100.27,46.0,2090.4921875,939.5357197150588
2026-07-20T04:53:13.813351+00:00,10165.0,37.0,99.82,46.0,2090.4921875,939.8460424132645
2026-07-20T04:53:14.172560+00:00,10165.0,37.0,99.14,46.0,2090.4921875,940.205250389874
2026-07-20T04:53:14.485109+00:00,10165.0,36.0,98.6,46.0,2090.4921875,940.5177988037467
2026-07-20T04:53:14.795282+00:00,10165.0,37.0,98.77,46.0,2090.4921875,940.8279726393521
2026-07-20T04:53:15.096100+00:00,10165.0,37.0,98.99,46.0,2090.4921875,941.1287913694978
2026-07-20T04:53:15.384663+00:00,10165.0,36.0,98.98,46.0,2090.4921875,941.4173538200557
2026-07-20T04:53:15.693104+00:00,10165.0,36.0,98.92,46.0,2090.4921875,941.7257949449122
2026-07-20T04:53:16.002348+00:00,10165.0,37.0,98.92,46.0,2090.4921875,942.0350386500359
2026-07-20T04:53:16.311261+00:00,10165.0,37.0,99.16,46.0,2090.4921875,942.3439523465931
2026-07-20T04:53:16.642156+00:00,10165.0,37.0,99.32,46.0,2090.4921875,942.674846675247
2026-07-20T04:53:16.929398+00:00,10165.0,36.0,99.07,46.0,2090.4921875,942.9620890505612
2026-07-20T04:53:17.241563+00:00,10165.0,37.0,99.58,46.0,2090.4921875,943.2742531783879
2026-07-20T04:53:17.550954+00:00,10165.0,36.0,99.25,46.0,2090.4921875,943.5836448334157
2026-07-20T04:53:17.861201+00:00,10165.0,36.0,99.01,46.0,2090.4921875,943.8938924558461
2026-07-20T04:53:18.147301+00:00,10165.0,37.0,99.01,46.0,2090.4921875,944.1799926012754
2026-07-20T04:53:18.497799+00:00,10165.0,35.0,98.93,46.0,2090.4921875,944.5304896682501
2026-07-20T04:53:18.810314+00:00,10165.0,34.0,99.37,46.0,2090.4921875,944.8430040217936
2026-07-20T04:53:19.118959+00:00,10165.0,36.0,99.3,46.0,2090.4921875,945.1516497842968
2026-07-20T04:53:19.423074+00:00,10165.0,37.0,99.56,46.0,2090.4921875,945.4557653293014
2026-07-20T04:53:19.735140+00:00,10165.0,36.0,99.2,46.0,2090.4921875,945.767831042409
2026-07-20T04:53:20.061625+00:00,10165.0,37.0,98.91,46.0,2090.4921875,946.0943155623972
2026-07-20T04:53:20.349033+00:00,10165.0,37.0,98.94,46.0,2090.4921875,946.3817241415381
2026-07-20T04:53:20.661062+00:00,10165.0,36.0,98.43,46.0,2090.4921875,946.6937530338764
2026-07-20T04:53:20.971673+00:00,10165.0,36.0,98.73,46.0,2090.4921875,947.0043639466166
2026-07-20T04:53:21.286164+00:00,10165.0,37.0,98.63,46.0,2090.4921875,947.3188535533845
2026-07-20T04:53:21.598042+00:00,10165.0,36.0,98.55,46.0,2090.4921875,947.6307324059308
2026-07-20T04:53:21.956397+00:00,10165.0,37.0,99.03,46.0,2090.4921875,947.9890876449645
2026-07-20T04:53:22.270676+00:00,10165.0,35.0,99.32,46.0,2090.4921875,948.3033660836518
2026-07-20T04:53:22.604988+00:00,10165.0,36.0,99.29,46.0,2090.4921875,948.6376784928143
2026-07-20T04:53:22.918413+00:00,10165.0,35.0,98.81,46.0,2090.4921875,948.9511021822691
2026-07-20T04:53:23.261051+00:00,10165.0,37.0,97.87,46.0,2090.4921875,949.2937416546047
2026-07-20T04:53:23.552167+00:00,10165.0,36.0,98.0,46.0,2090.4921875,949.5848580300808
2026-07-20T04:53:23.866246+00:00,10165.0,36.0,98.21,46.0,2090.4921875,949.8989359550178
2026-07-20T04:53:24.155141+00:00,10165.0,37.0,98.63,46.0,2090.4921875,950.1878227218986
2026-07-20T04:53:24.443310+00:00,10165.0,36.0,98.73,46.0,2090.4921875,950.4760015942156
2026-07-20T04:53:24.770213+00:00,10165.0,36.0,99.47,46.0,2090.4921875,950.8029035776854
2026-07-20T04:53:25.060376+00:00,10165.0,36.0,99.1,46.0,2090.4921875,951.0930663309991
2026-07-20T04:53:25.371860+00:00,10165.0,37.0,99.11,46.0,2090.4921875,951.4045516103506
2026-07-20T04:53:25.660162+00:00,10165.0,36.0,98.58,46.0,2090.4921875,951.6928534954786
2026-07-20T04:53:26.014073+00:00,10165.0,35.0,98.78,46.0,2090.4921875,952.0467578992248
2026-07-20T04:53:26.301689+00:00,10165.0,36.0,98.81,46.0,2090.4921875,952.3343804217875
2026-07-20T04:53:26.629724+00:00,10165.0,37.0,98.73,46.0,2090.4921875,952.6624153703451
2026-07-20T04:53:26.984835+00:00,10165.0,36.0,99.43,46.0,2090.49609375,953.0175249800086
2026-07-20T04:53:27.295817+00:00,10165.0,36.0,99.29,46.0,2090.49609375,953.3285075463355
2026-07-20T04:53:27.583697+00:00,10165.0,36.0,99.34,46.0,2090.49609375,953.6163884289563
2026-07-20T04:53:27.871446+00:00,10165.0,36.0,98.56,46.0,2090.49609375,953.9041376523674
2026-07-20T04:53:28.157898+00:00,10165.0,37.0,98.54,46.0,2090.49609375,954.190588530153
2026-07-20T04:53:28.444296+00:00,10165.0,38.0,98.83,46.0,2090.49609375,954.4769873432815
2026-07-20T04:53:28.780930+00:00,10165.0,36.0,98.77,46.0,2090.49609375,954.8136207163334
2026-07-20T04:53:29.111845+00:00,10165.0,36.0,98.83,46.0,2090.49609375,955.1445350274444
2026-07-20T04:53:29.401263+00:00,10165.0,36.0,98.63,46.0,2090.49609375,955.4339536875486
2026-07-20T04:53:29.688852+00:00,10165.0,37.0,98.7,46.0,2090.49609375,955.7215430475771
2026-07-20T04:53:29.997271+00:00,10165.0,37.0,98.8,46.0,2090.49609375,956.029962040484
2026-07-20T04:53:30.302979+00:00,10165.0,37.0,98.79,46.0,2090.49609375,956.3356699310243
2026-07-20T04:53:30.608786+00:00,10165.0,37.0,99.28,46.0,2090.49609375,956.6414770595729
2026-07-20T04:53:30.896360+00:00,10165.0,37.0,99.45,46.0,2090.49609375,956.9290509670973
2026-07-20T04:53:31.253150+00:00,10165.0,36.0,99.27,46.0,2090.49609375,957.285840075463
2026-07-20T04:53:31.563536+00:00,10165.0,36.0,98.8,46.0,2090.49609375,957.5962226241827
2026-07-20T04:53:31.873419+00:00,10165.0,36.0,98.75,46.0,2090.49609375,957.9061096422374
2026-07-20T04:53:32.160126+00:00,10165.0,36.0,98.45,46.0,2090.49609375,958.1928174458444
2026-07-20T04:53:32.446663+00:00,10165.0,36.0,98.35,46.0,2090.49609375,958.4793540202081
2026-07-20T04:53:32.757022+00:00,10165.0,37.0,98.68,46.0,2090.49609375,958.789713267237
2026-07-20T04:53:33.043226+00:00,10165.0,37.0,98.88,46.0,2090.49609375,959.0759174153209
2026-07-20T04:53:33.398212+00:00,10165.0,36.0,99.07,46.0,2090.49609375,959.4309029169381
2026-07-20T04:53:33.706931+00:00,10165.0,37.0,99.18,46.0,2090.49609375,959.739622566849
2026-07-20T04:53:33.993973+00:00,10165.0,37.0,99.21,46.0,2090.49609375,960.0266640111804
2026-07-20T04:53:34.280639+00:00,10165.0,36.0,99.35,46.0,2090.49609375,960.3133297301829
2026-07-20T04:53:34.567977+00:00,10165.0,36.0,99.51,46.0,2090.49609375,960.6006687954068
2026-07-20T04:53:34.854019+00:00,10165.0,37.0,99.4,46.0,2090.49609375,960.886710382998
2026-07-20T04:53:35.141184+00:00,10165.0,36.0,99.21,46.0,2090.49609375,961.173874758184
2026-07-20T04:53:35.497652+00:00,10165.0,35.0,99.35,46.0,2090.49609375,961.5303416438401
2026-07-20T04:53:35.852877+00:00,10165.0,36.0,99.04,46.0,2090.49609375,961.8855663947761
2026-07-20T04:53:36.193020+00:00,10165.0,37.0,99.61,46.0,2090.49609375,962.2257100716233
2026-07-20T04:53:36.514842+00:00,10165.0,36.0,99.18,46.0,2090.49609375,962.547531619668
2026-07-20T04:53:36.830408+00:00,10165.0,36.0,99.34,46.0,2090.49609375,962.8630976825953
2026-07-20T04:53:37.142444+00:00,10165.0,36.0,99.27,46.0,2090.49609375,963.1751342266798
2026-07-20T04:53:37.516675+00:00,10165.0,36.0,98.97,46.0,2090.49609375,963.5493646673858
2026-07-20T04:53:37.852853+00:00,10165.0,36.0,98.72,46.0,2090.49609375,963.8855431079865
2026-07-20T04:53:38.163990+00:00,10165.0,37.0,98.83,46.0,2090.49609375,964.1966805830598
2026-07-20T04:53:38.451420+00:00,10165.0,37.0,99.5,46.0,2090.49609375,964.4841106906533
2026-07-20T04:53:38.739408+00:00,10165.0,36.0,99.61,46.0,2090.49609375,964.7720989696681
2026-07-20T04:53:39.026149+00:00,10165.0,36.0,99.18,46.0,2090.49609375,965.0588400028646
2026-07-20T04:53:39.312604+00:00,10165.0,37.0,99.09,46.0,2090.49609375,965.345295060426
2026-07-20T04:53:39.645594+00:00,10165.0,37.0,98.63,46.0,2090.49609375,965.6782846488059
2026-07-20T04:53:39.956612+00:00,10165.0,37.0,98.8,46.0,2090.49609375,965.9893017373979
2026-07-20T04:53:40.246575+00:00,10165.0,35.0,98.71,46.0,2090.49609375,966.2792650572956
2026-07-20T04:53:40.558443+00:00,10165.0,37.0,98.54,46.0,2090.49609375,966.5911339335144
2026-07-20T04:53:40.845618+00:00,10165.0,36.0,98.49,46.0,2090.49609375,966.8783093951643
2026-07-20T04:53:41.178124+00:00,10165.0,36.0,98.57,46.0,2090.49609375,967.2108150497079
2026-07-20T04:53:41.465882+00:00,10165.0,37.0,100.33,46.0,2090.49609375,967.4985724315047
2026-07-20T04:53:41.797835+00:00,10165.0,37.0,100.78,46.0,2090.49609375,967.8305259458721
2026-07-20T04:53:42.126809+00:00,10165.0,36.0,101.1,46.0,2090.49609375,968.1594996675849
2026-07-20T04:53:42.434885+00:00,10165.0,36.0,99.68,46.0,2090.49609375,968.4675762020051
2026-07-20T04:53:42.721933+00:00,10165.0,37.0,99.47,46.0,2090.49609375,968.754624299705
2026-07-20T04:53:43.009276+00:00,10165.0,38.0,99.52,46.0,2090.49609375,969.0419668741524
2026-07-20T04:53:43.321024+00:00,10165.0,38.0,99.77,46.0,2090.49609375,969.3537149354815
2026-07-20T04:53:43.607701+00:00,10165.0,36.0,99.6,46.0,2090.49609375,969.640392202884
2026-07-20T04:53:43.967341+00:00,10165.0,35.0,99.2,46.0,2090.49609375,970.0000310018659
2026-07-20T04:53:44.279820+00:00,10165.0,37.0,98.77,46.0,2090.49609375,970.3125102184713
2026-07-20T04:53:44.569471+00:00,10165.0,37.0,98.11,46.0,2090.49609375,970.6021624021232
2026-07-20T04:53:44.878680+00:00,10165.0,37.0,98.29,46.0,2090.49609375,970.9113709703088
2026-07-20T04:53:45.205404+00:00,10165.0,36.0,98.3,46.0,2090.49609375,971.2380957081914
2026-07-20T04:53:45.514117+00:00,10165.0,34.0,98.91,46.0,2090.49609375,971.5468067228794
2026-07-20T04:53:45.823493+00:00,10165.0,36.0,98.91,46.0,2090.49609375,971.8561831191182
2026-07-20T04:53:46.112123+00:00,10165.0,35.0,99.02,46.0,2090.49609375,972.1448137499392
2026-07-20T04:53:46.423262+00:00,10165.0,37.0,99.12,46.0,2090.49609375,972.4559533149004
2026-07-20T04:53:46.711192+00:00,10165.0,37.0,98.69,46.0,2090.49609375,972.7438834495842
2026-07-20T04:53:46.998289+00:00,10165.0,37.0,98.66,46.0,2090.49609375,973.0309800431132
2026-07-20T04:53:47.305081+00:00,10165.0,36.0,98.6,46.0,2090.49609375,973.3377720080316
2026-07-20T04:53:47.615284+00:00,10165.0,36.0,98.94,46.0,2090.49609375,973.6479749009013
2026-07-20T04:53:47.903557+00:00,10165.0,37.0,98.99,46.0,2090.49609375,973.9362487047911
2026-07-20T04:53:48.235269+00:00,10165.0,37.0,99.0,46.0,2090.49609375,974.2679592445493
2026-07-20T04:53:48.547388+00:00,10165.0,36.0,99.06,46.0,2090.49609375,974.5800791718066
2026-07-20T04:53:48.858500+00:00,10165.0,37.0,99.04,46.0,2090.49609375,974.8911910802126
2026-07-20T04:53:49.147297+00:00,10165.0,37.0,99.08,46.0,2090.49609375,975.1799882911146
2026-07-20T04:53:49.433973+00:00,10165.0,37.0,99.11,46.0,2090.49609375,975.4666644185781
2026-07-20T04:53:49.741271+00:00,10165.0,37.0,99.42,46.0,2090.49609375,975.7739624045789
2026-07-20T04:53:50.066396+00:00,10165.0,36.0,99.43,46.0,2090.49609375,976.0990860201418
2026-07-20T04:53:50.358224+00:00,10165.0,35.0,98.84,46.0,2090.49609375,976.3909141272306
2026-07-20T04:53:50.671844+00:00,10165.0,34.0,97.99,46.0,2090.49609375,976.7045337669551
2026-07-20T04:53:50.991881+00:00,10165.0,37.0,97.8,46.0,2090.49609375,977.0245699696243
2026-07-20T04:53:51.349031+00:00,10165.0,28.0,98.02,46.0,2090.49609375,977.3817197568715
2026-07-20T04:53:51.686916+00:00,10165.0,35.0,97.76,46.0,2090.49609375,977.7196066118777
2026-07-20T04:53:52.020390+00:00,10165.0,36.0,97.95,46.0,2090.49609375,978.0530806556344
2026-07-20T04:53:52.338153+00:00,10165.0,35.0,97.89,46.0,2090.49609375,978.3708428740501
2026-07-20T04:53:52.668905+00:00,10165.0,35.0,98.36,46.0,2090.49609375,978.7015938162804
2026-07-20T04:53:52.964577+00:00,10165.0,36.0,98.47,46.0,2090.49609375,978.9972665719688
2026-07-20T04:53:53.316943+00:00,10165.0,23.0,97.26,46.0,2090.49609375,979.3496323376894
2026-07-20T04:53:53.652201+00:00,10165.0,36.0,96.92,46.0,2090.49609375,979.6848911941051
2026-07-20T04:53:53.962290+00:00,10165.0,36.0,96.98,46.0,2090.49609375,979.9949806779623
2026-07-20T04:53:54.296304+00:00,10165.0,35.0,98.43,46.0,2090.49609375,980.3289944045246
2026-07-20T04:53:54.657014+00:00,10165.0,36.0,98.62,46.0,2090.49609375,980.6897034943104
2026-07-20T04:53:54.974430+00:00,10165.0,36.0,98.7,46.0,2090.49609375,981.0071200206876
2026-07-20T04:53:55.333163+00:00,10165.0,36.0,99.11,46.0,2090.49609375,981.3658526986837
2026-07-20T04:53:55.651246+00:00,10165.0,34.0,99.51,46.0,2090.49609375,981.6839355453849
2026-07-20T04:53:55.962479+00:00,10165.0,34.0,99.12,46.0,2090.49609375,981.9951692633331
2026-07-20T04:53:56.301242+00:00,10165.0,35.0,98.71,46.0,2090.49609375,982.3339319340885
2026-07-20T04:53:56.636385+00:00,10165.0,37.0,98.06,46.0,2090.49609375,982.6690750867128
2026-07-20T04:53:56.946463+00:00,10165.0,34.0,98.01,46.0,2090.49609375,982.9791535697877
2026-07-20T04:53:57.280507+00:00,10165.0,34.0,97.98,46.0,2090.49609375,983.313196234405
2026-07-20T04:53:57.594616+00:00,10165.0,35.0,97.99,46.0,2090.49609375,983.6273064017296
2026-07-20T04:53:57.913988+00:00,10165.0,37.0,97.85,46.0,2090.49609375,983.9466773495078
2026-07-20T04:53:58.256440+00:00,10165.0,35.0,98.18,46.0,2090.49609375,984.2891300283372
2026-07-20T04:53:58.570206+00:00,10165.0,35.0,98.56,46.0,2090.49609375,984.6028959304094
2026-07-20T04:53:58.886749+00:00,10165.0,35.0,98.93,46.0,2090.49609375,984.9194388501346
2026-07-20T04:53:59.202004+00:00,10165.0,35.0,99.12,46.0,2090.49609375,985.2346946746111
2026-07-20T04:53:59.514453+00:00,10165.0,37.0,98.94,46.0,2090.49609375,985.5471435338259
2026-07-20T04:53:59.830558+00:00,10165.0,36.0,98.53,46.0,2090.49609375,985.8632485829294
2026-07-20T04:54:00.168590+00:00,10165.0,37.0,98.15,46.0,2090.49609375,986.2012797780335
2026-07-20T04:54:00.500610+00:00,10165.0,36.0,98.14,46.0,2090.49609375,986.5332997478545
2026-07-20T04:54:00.829097+00:00,10165.0,36.0,98.33,46.0,2090.49609375,986.8617861457169
2026-07-20T04:54:01.169584+00:00,10165.0,35.0,98.77,46.0,2090.49609375,987.202273812145
2026-07-20T04:54:01.483409+00:00,10165.0,37.0,98.94,46.0,2090.49609375,987.5160980187356
2026-07-20T04:54:01.798452+00:00,10165.0,36.0,99.04,46.0,2090.49609375,987.8311427645385
2026-07-20T04:54:02.107760+00:00,10165.0,36.0,98.92,46.0,2090.49609375,988.1404491700232
2026-07-20T04:54:02.466485+00:00,10165.0,35.0,98.86,46.0,2090.49609375,988.4991733506322
2026-07-20T04:54:02.783024+00:00,10165.0,35.0,99.1,46.0,2090.49609375,988.8157129883766
2026-07-20T04:54:03.123489+00:00,10165.0,34.0,99.01,46.0,2090.49609375,989.1561769321561
2026-07-20T04:54:03.435034+00:00,10165.0,35.0,98.81,46.0,2090.49609375,989.4677237942815
2026-07-20T04:54:03.746366+00:00,10165.0,36.0,98.61,46.0,2090.49609375,989.7790558822453
2026-07-20T04:54:04.084849+00:00,10165.0,35.0,98.37,46.0,2090.49609375,990.1175384894013
2026-07-20T04:54:04.400028+00:00,10165.0,36.0,98.68,46.0,2090.49609375,990.432718269527
2026-07-20T04:54:04.756510+00:00,10165.0,35.0,98.94,46.0,2090.49609375,990.7891990244389
2026-07-20T04:54:05.082217+00:00,10165.0,36.0,98.64,46.0,2090.49609375,991.114906962961
2026-07-20T04:54:05.444728+00:00,10165.0,35.0,98.48,46.0,2090.49609375,991.4774175696075
2026-07-20T04:54:05.758392+00:00,10165.0,36.0,97.89,46.0,2090.49609375,991.7910824082792
2026-07-20T04:54:06.075241+00:00,10165.0,32.0,97.72,46.0,2090.49609375,992.1079300120473
2026-07-20T04:54:06.390490+00:00,10165.0,35.0,97.8,46.0,2090.49609375,992.4231794662774
2026-07-20T04:54:06.751230+00:00,10165.0,35.0,98.39,46.0,2090.49609375,992.7839177958667
2026-07-20T04:54:07.078808+00:00,10165.0,36.0,98.53,46.0,2090.49609375,993.1114984564483
2026-07-20T04:54:07.394815+00:00,10165.0,35.0,98.32,46.0,2090.49609375,993.4275059625506
2026-07-20T04:54:07.710652+00:00,10165.0,34.0,97.97,46.0,2090.49609375,993.743342526257
2026-07-20T04:54:08.026413+00:00,10165.0,35.0,97.86,46.0,2090.49609375,994.0591028928757
2026-07-20T04:54:08.342472+00:00,10165.0,37.0,98.0,46.0,2090.49609375,994.3751615732908
2026-07-20T04:54:08.660342+00:00,10165.0,35.0,98.35,46.0,2090.49609375,994.6930319815874
2026-07-20T04:54:08.995991+00:00,10165.0,36.0,98.41,46.0,2090.49609375,995.0286802761257
2026-07-20T04:54:09.330785+00:00,10165.0,37.0,98.59,46.0,2090.49609375,995.3634759485722
2026-07-20T04:54:09.668728+00:00,10165.0,35.0,99.08,46.0,2090.49609375,995.7014179006219
2026-07-20T04:54:09.986933+00:00,10165.0,37.0,98.94,46.0,2090.49609375,996.0196223706007
2026-07-20T04:54:10.302028+00:00,10165.0,37.0,98.92,46.0,2090.49609375,996.3347181230783
2026-07-20T04:54:10.664510+00:00,10165.0,35.0,98.4,46.0,2090.49609375,996.6971996054053
2026-07-20T04:54:10.998106+00:00,10165.0,34.0,98.37,46.0,2090.49609375,997.0307956598699
2026-07-20T04:54:11.314023+00:00,10165.0,36.0,98.31,46.0,2090.49609375,997.3467127159238
2026-07-20T04:54:11.631046+00:00,10165.0,36.0,98.5,46.0,2090.49609375,997.6637357696891
2026-07-20T04:54:11.968862+00:00,10165.0,35.0,98.75,46.0,2090.49609375,998.0015522874892
2026-07-20T04:54:12.304910+00:00,10165.0,36.0,98.51,46.0,2090.49609375,998.3376005478203
2026-07-20T04:54:12.640915+00:00,10165.0,37.0,98.38,46.0,2090.49609375,998.6736049279571
2026-07-20T04:54:12.980827+00:00,10165.0,35.0,98.28,46.0,2090.49609375,999.0135165974498
2026-07-20T04:54:13.294242+00:00,10165.0,35.0,98.58,46.0,2090.50390625,999.3269292674959
2026-07-20T04:54:13.637004+00:00,10165.0,36.0,98.79,46.0,2090.50390625,999.6696943156421
2026-07-20T04:54:13.952453+00:00,10165.0,36.0,98.76,46.0,2090.50390625,999.9851436242461
2026-07-20T04:54:14.246976+00:00,10165.0,35.0,98.95,46.0,2090.50390625,1000.2796669229865
2026-07-20T04:54:14.584811+00:00,10165.0,24.0,98.18,46.0,2090.50390625,1000.6175016388297
2026-07-20T04:54:14.898291+00:00,10165.0,35.0,97.99,46.0,2090.50390625,1000.9309807755053
2026-07-20T04:54:15.214752+00:00,10165.0,36.0,97.96,46.0,2090.50390625,1001.2474425397813
2026-07-20T04:54:15.529863+00:00,10165.0,37.0,98.59,46.0,2090.50390625,1001.5625531002879
2026-07-20T04:54:15.889258+00:00,10165.0,35.0,99.11,46.0,2090.50390625,1001.9219476468861
2026-07-20T04:54:16.225290+00:00,10165.0,38.0,99.04,46.0,2090.50390625,1002.2579807825387
2026-07-20T04:54:16.556178+00:00,10165.0,37.0,99.09,46.0,2090.50390625,1002.5888683795929
2026-07-20T04:54:16.848100+00:00,10165.0,36.0,99.1,46.0,2090.50390625,1002.8807897232473
2026-07-20T04:54:17.179990+00:00,10165.0,35.0,99.13,46.0,2090.50390625,1003.2126793302596
2026-07-20T04:54:17.548506+00:00,10165.0,36.0,99.51,46.0,2090.50390625,1003.5811951681972
2026-07-20T04:54:17.880716+00:00,10165.0,35.0,99.15,46.0,2090.50390625,1003.9134058281779
2026-07-20T04:54:18.218094+00:00,10165.0,35.0,98.85,46.0,2090.50390625,1004.2507844306529
2026-07-20T04:54:18.534374+00:00,10165.0,35.0,97.93,46.0,2090.50390625,1004.5670645385981
2026-07-20T04:54:18.868805+00:00,10165.0,36.0,98.24,46.0,2090.51171875,1004.9014953374863
2026-07-20T04:54:19.178115+00:00,10165.0,35.0,98.6,46.0,2090.51171875,1005.2108047902584
2026-07-20T04:54:19.528795+00:00,10165.0,35.0,98.88,46.0,2090.51171875,1005.5614836849272
2026-07-20T04:54:19.853184+00:00,10165.0,36.0,98.74,46.0,2090.51171875,1005.8858739547431
2026-07-20T04:54:20.209956+00:00,10165.0,35.0,98.75,46.0,2090.51171875,1006.2426363453269
2026-07-20T04:54:20.544415+00:00,10165.0,37.0,98.59,46.0,2090.51171875,1006.5771045871079
2026-07-20T04:54:20.854428+00:00,10165.0,37.0,98.7,46.0,2090.51171875,1006.8871178999543
2026-07-20T04:54:21.169125+00:00,10165.0,36.0,98.52,46.0,2090.51171875,1007.2018148377538
2026-07-20T04:54:21.481046+00:00,10165.0,37.0,98.69,46.0,2090.51171875,1007.5137355923653
2026-07-20T04:54:21.840636+00:00,10165.0,35.0,98.54,46.0,2090.51171875,1007.8733264096081
2026-07-20T04:54:22.176972+00:00,10165.0,36.0,98.77,46.0,2090.51171875,1008.2096624933183
2026-07-20T04:54:22.490471+00:00,10165.0,37.0,98.76,46.0,2090.51171875,1008.5231568031013
2026-07-20T04:54:22.829438+00:00,10165.0,37.0,99.16,46.0,2090.51171875,1008.8621283397079
2026-07-20T04:54:23.189365+00:00,10165.0,36.0,99.25,46.0,2090.51171875,1009.2220541574061
2026-07-20T04:54:23.502510+00:00,10165.0,36.0,99.22,46.0,2090.51171875,1009.5351999625564
2026-07-20T04:54:23.864743+00:00,10165.0,36.0,99.05,46.0,2090.51171875,1009.897432576865
2026-07-20T04:54:24.200360+00:00,10165.0,35.0,98.73,46.0,2090.51171875,1010.2330505363643
2026-07-20T04:54:24.514719+00:00,10165.0,37.0,98.93,46.0,2090.51171875,1010.547408875078
2026-07-20T04:54:24.830321+00:00,10165.0,38.0,99.13,46.0,2090.51171875,1010.863011546433
2026-07-20T04:54:25.164275+00:00,10165.0,37.0,99.48,46.0,2090.51171875,1011.1969642862678
2026-07-20T04:54:25.505112+00:00,10165.0,35.0,99.23,46.0,2090.51171875,1011.5378013029695
2026-07-20T04:54:25.836494+00:00,10165.0,36.0,98.94,46.0,2090.51171875,1011.869183536619
2026-07-20T04:54:26.192669+00:00,10165.0,34.0,98.2,46.0,2090.51171875,1012.2253588475287
2026-07-20T04:54:26.528370+00:00,10165.0,35.0,98.48,46.0,2090.51171875,1012.5610598511994
2026-07-20T04:54:26.842503+00:00,10165.0,34.0,98.29,46.0,2090.51171875,1012.8751929625869
2026-07-20T04:54:27.201646+00:00,10165.0,21.0,98.01,46.0,2090.52734375,1013.2343355789781
2026-07-20T04:54:27.514521+00:00,10165.0,35.0,98.07,46.0,2090.52734375,1013.5472108237445
2026-07-20T04:54:27.830307+00:00,10165.0,36.0,97.93,46.0,2090.52734375,1013.8629963472486
2026-07-20T04:54:28.168595+00:00,10165.0,35.0,98.18,46.0,2090.52734375,1014.2012851312757
2026-07-20T04:54:28.504370+00:00,10165.0,35.0,98.12,46.0,2090.5390625,1014.5370603352785
2026-07-20T04:54:28.821162+00:00,10165.0,36.0,98.12,46.0,2090.5390625,1014.853851865977
2026-07-20T04:54:29.133867+00:00,10165.0,35.0,98.6,46.0,2090.5390625,1015.1665565632284
2026-07-20T04:54:29.448703+00:00,10165.0,36.0,98.41,46.0,2090.5390625,1015.4813929535449
2026-07-20T04:54:29.804378+00:00,10165.0,35.0,98.5,46.0,2090.5390625,1015.837068926543
2026-07-20T04:54:30.134647+00:00,10165.0,35.0,98.44,46.0,2090.5390625,1016.1673366427422
2026-07-20T04:54:30.449755+00:00,10165.0,35.0,98.34,46.0,2090.5390625,1016.4824451990426
2026-07-20T04:54:30.790111+00:00,10165.0,31.0,98.68,46.0,2090.5390625,1016.8228001892567
2026-07-20T04:54:31.106647+00:00,10165.0,35.0,98.61,46.0,2090.5390625,1017.1393367424607
2026-07-20T04:54:31.422418+00:00,10165.0,35.0,98.69,46.0,2090.5390625,1017.4551074914634
2026-07-20T04:54:31.760450+00:00,10165.0,35.0,98.33,46.0,2090.5390625,1017.7931406833231
2026-07-20T04:54:32.074891+00:00,10165.0,34.0,98.17,46.0,2090.5390625,1018.1075807586312
2026-07-20T04:54:32.412613+00:00,10165.0,35.0,98.34,46.0,2090.5390625,1018.4453027620912
2026-07-20T04:54:32.748735+00:00,10165.0,37.0,98.16,46.0,2090.5390625,1018.7814241200686
2026-07-20T04:54:33.062794+00:00,10165.0,36.0,98.96,46.0,2090.5390625,1019.0954835563898
2026-07-20T04:54:33.400645+00:00,10165.0,36.0,98.54,46.0,2090.5390625,1019.4333352558315
2026-07-20T04:54:33.736346+00:00,10165.0,35.0,98.75,46.0,2090.5390625,1019.7690359055996
2026-07-20T04:54:34.049801+00:00,10165.0,36.0,98.35,46.0,2090.5390625,1020.0824914723635
2026-07-20T04:54:34.364859+00:00,10165.0,37.0,98.76,46.0,2090.5390625,1020.3975491933525
2026-07-20T04:54:34.698824+00:00,10165.0,36.0,99.23,46.0,2090.5390625,1020.7315134368837
2026-07-20T04:54:35.013557+00:00,10165.0,35.0,99.06,46.0,2090.5390625,1021.0462469086051
2026-07-20T04:54:35.325302+00:00,10165.0,36.0,99.08,46.0,2090.5390625,1021.3579928167164
2026-07-20T04:54:35.615370+00:00,10165.0,36.0,98.92,46.0,2090.5390625,1021.6480611376464
2026-07-20T04:54:35.903510+00:00,10165.0,37.0,98.58,46.0,2090.5390625,1021.9362014494836
2026-07-20T04:54:36.191247+00:00,10165.0,37.0,98.66,46.0,2090.5390625,1022.2239378020167
2026-07-20T04:54:36.478975+00:00,10165.0,37.0,98.57,46.0,2090.5390625,1022.5116657614708
2026-07-20T04:54:36.790957+00:00,10165.0,36.0,98.66,46.0,2090.5390625,1022.8236478157341
2026-07-20T04:54:37.126118+00:00,10165.0,35.0,99.66,46.0,2090.5390625,1023.1588081903756
2026-07-20T04:54:37.439522+00:00,10165.0,36.0,99.79,46.0,2090.5390625,1023.4722120575607
2026-07-20T04:54:37.728307+00:00,10165.0,37.0,99.82,46.0,2090.5390625,1023.7609979696572
2026-07-20T04:54:38.016328+00:00,10165.0,37.0,99.08,46.0,2090.5390625,1024.049018919468
2026-07-20T04:54:38.326846+00:00,10165.0,37.0,99.24,46.0,2090.5390625,1024.359537448734
2026-07-20T04:54:38.634549+00:00,10165.0,36.0,99.24,46.0,2090.5390625,1024.6672396175563
2026-07-20T04:54:38.923096+00:00,10165.0,37.0,99.11,46.0,2090.5390625,1024.9557874798775
2026-07-20T04:54:39.255388+00:00,10165.0,36.0,98.95,46.0,2090.5390625,1025.2880778722465
2026-07-20T04:54:39.590287+00:00,10165.0,37.0,99.15,46.0,2090.5390625,1025.6229779869318
2026-07-20T04:54:39.878881+00:00,10165.0,37.0,99.45,46.0,2090.5390625,1025.911572150886
2026-07-20T04:54:40.166988+00:00,10165.0,36.0,99.68,46.0,2090.5390625,1026.1996793784201
2026-07-20T04:54:40.454851+00:00,10165.0,37.0,99.79,46.0,2090.5390625,1026.4875424727798
2026-07-20T04:54:40.766652+00:00,10165.0,37.0,99.47,46.0,2090.54296875,1026.7993434667587
2026-07-20T04:54:41.077225+00:00,10165.0,36.0,99.41,46.0,2090.54296875,1027.1099158264697
2026-07-20T04:54:41.388678+00:00,10165.0,36.0,99.31,46.0,2090.54296875,1027.4213676005602
2026-07-20T04:54:41.695386+00:00,10165.0,37.0,99.47,46.0,2090.54296875,1027.728076364845
2026-07-20T04:54:42.010006+00:00,10165.0,36.0,99.96,46.0,2090.54296875,1028.0426956638694
2026-07-20T04:54:42.322004+00:00,10165.0,37.0,99.72,46.0,2090.54296875,1028.3546946756542
2026-07-20T04:54:42.633641+00:00,10165.0,36.0,99.5,46.0,2090.54296875,1028.6663314551115
2026-07-20T04:54:42.942640+00:00,10165.0,36.0,99.0,46.0,2090.54296875,1028.975331172347
2026-07-20T04:54:43.231608+00:00,10165.0,37.0,98.94,46.0,2090.546875,1029.2642985992134
2026-07-20T04:54:43.541283+00:00,10165.0,37.0,98.76,46.0,2090.546875,1029.573972787708
2026-07-20T04:54:43.852109+00:00,10165.0,36.0,98.43,46.0,2090.546875,1029.8847996145487
2026-07-20T04:54:44.163938+00:00,10165.0,37.0,98.63,46.0,2090.546875,1030.1966293640435
2026-07-20T04:54:44.475642+00:00,10165.0,36.0,98.73,46.0,2090.5546875,1030.508333079517
2026-07-20T04:54:44.783463+00:00,10165.0,37.0,99.23,46.0,2090.5546875,1030.816153626889
2026-07-20T04:54:45.079782+00:00,10165.0,36.0,99.48,46.0,2090.5546875,1031.1124718487263
2026-07-20T04:54:45.390382+00:00,10165.0,36.0,99.54,46.0,2090.5546875,1031.4230730496347
2026-07-20T04:54:45.704073+00:00,10165.0,37.0,99.31,46.0,2090.5546875,1031.736763458699
2026-07-20T04:54:46.012566+00:00,10165.0,37.0,99.24,46.0,2090.55859375,1032.04525629431
2026-07-20T04:54:46.346374+00:00,10165.0,36.0,98.83,46.0,2090.55859375,1032.3790648430586
2026-07-20T04:54:46.684285+00:00,10165.0,36.0,99.02,46.0,2090.5625,1032.7169753946364
2026-07-20T04:54:47.020823+00:00,10165.0,35.0,98.69,46.0,2090.5625,1033.0535133704543
2026-07-20T04:54:47.334152+00:00,10165.0,36.0,98.53,46.0,2090.5625,1033.366842508316
2026-07-20T04:54:47.668914+00:00,10165.0,35.0,98.14,46.0,2090.5703125,1033.7016040347517
2026-07-20T04:54:48.008839+00:00,10165.0,35.0,98.22,46.0,2090.5703125,1034.0415292419493
2026-07-20T04:54:48.322404+00:00,10165.0,37.0,97.97,46.0,2090.578125,1034.3550944142044
2026-07-20T04:54:48.634054+00:00,10165.0,37.0,98.51,46.0,2090.578125,1034.6667434349656
2026-07-20T04:54:48.947993+00:00,10165.0,36.0,98.78,46.0,2090.58203125,1034.9806818030775
2026-07-20T04:54:49.255208+00:00,10165.0,37.0,98.98,46.0,2090.5859375,1035.2878984361887
2026-07-20T04:54:49.543940+00:00,10165.0,37.0,98.96,46.0,2090.5859375,1035.5766314193606
2026-07-20T04:54:49.857545+00:00,10165.0,35.0,99.05,46.0,2090.58984375,1035.8902350738645
2026-07-20T04:54:50.146912+00:00,10165.0,37.0,99.24,46.0,2090.58984375,1036.179602380842
2026-07-20T04:54:50.481693+00:00,10165.0,37.0,99.23,46.0,2090.58984375,1036.5143826380372
2026-07-20T04:54:50.770673+00:00,10165.0,37.0,99.4,46.0,2090.7890625,1036.8033636026084
2026-07-20T04:54:51.059503+00:00,10165.0,36.0,99.55,46.0,2090.7890625,1037.092194698751
2026-07-20T04:54:51.366715+00:00,10165.0,37.0,99.55,46.0,2090.796875,1037.399406183511
2026-07-20T04:54:51.654867+00:00,10165.0,36.0,99.6,46.0,2090.796875,1037.6875584311783
2026-07-20T04:54:51.991122+00:00,10165.0,34.0,99.97,46.0,2090.80078125,1038.0238104723394
2026-07-20T04:54:52.299695+00:00,10165.0,35.0,99.59,46.0,2090.80078125,1038.3323855549097
2026-07-20T04:54:52.609900+00:00,10165.0,37.0,99.28,46.0,2090.80078125,1038.6425913795829
2026-07-20T04:54:52.898297+00:00,10165.0,37.0,98.56,46.0,2090.80859375,1038.9309876859188
2026-07-20T04:54:53.229502+00:00,10165.0,36.0,98.62,46.0,2090.80859375,1039.2621926218271
2026-07-20T04:54:53.541683+00:00,10165.0,36.0,98.95,46.0,2090.8125,1039.5743737071753
2026-07-20T04:54:53.865693+00:00,10165.0,36.0,99.47,46.0,2090.8125,1039.8983827754855
2026-07-20T04:54:54.172684+00:00,10165.0,36.0,99.43,46.0,2090.8125,1040.2053733617067
2026-07-20T04:54:54.461948+00:00,10165.0,36.0,99.28,46.0,2090.82421875,1040.494639441371
2026-07-20T04:54:54.771187+00:00,10165.0,36.0,98.64,46.0,2090.82421875,1040.803877286613
2026-07-20T04:54:55.108866+00:00,10165.0,35.0,98.73,46.0,2090.83203125,1041.1415573060513
2026-07-20T04:54:55.398085+00:00,10165.0,36.0,98.91,46.0,2090.890625,1041.430775783956
2026-07-20T04:54:55.687182+00:00,10165.0,36.0,99.13,46.0,2090.89453125,1041.7198730632663
2026-07-20T04:54:55.975795+00:00,10165.0,37.0,99.21,46.0,2090.8984375,1042.0084856413305
2026-07-20T04:54:56.285216+00:00,10165.0,37.0,98.92,46.0,2090.8984375,1042.317906420678
2026-07-20T04:54:56.575168+00:00,10165.0,36.0,98.55,46.0,2090.8984375,1042.6078585535288
2026-07-20T04:54:56.890901+00:00,10165.0,35.0,98.27,46.0,2090.8984375,1042.9235914982855
2026-07-20T04:54:57.222957+00:00,10165.0,37.0,98.46,46.0,2090.90625,1043.2556471936405
2026-07-20T04:54:57.534155+00:00,10165.0,36.0,98.63,46.0,2090.90625,1043.5668450444937
2026-07-20T04:54:57.893956+00:00,10165.0,36.0,98.89,46.0,2090.90625,1043.926645040512
2026-07-20T04:54:58.182480+00:00,10165.0,37.0,99.0,46.0,2090.91015625,1044.2151714898646
2026-07-20T04:54:58.519190+00:00,10165.0,37.0,99.16,46.0,2090.91015625,1044.5518803857267
2026-07-20T04:54:58.827782+00:00,10165.0,37.0,99.16,46.0,2090.921875,1044.8604721799493
2026-07-20T04:54:59.116552+00:00,10165.0,36.0,99.3,46.0,2090.921875,1045.1492432914674
2026-07-20T04:54:59.405095+00:00,10165.0,37.0,99.43,46.0,2090.921875,1045.4377865567803
2026-07-20T04:54:59.715001+00:00,10165.0,37.0,99.11,46.0,2090.9296875,1045.7476928122342
2026-07-20T04:55:00.003336+00:00,10165.0,37.0,99.03,46.0,2090.9296875,1046.0360270515084
2026-07-20T04:55:00.315252+00:00,10165.0,36.0,99.26,46.0,2090.93359375,1046.347941763699
2026-07-20T04:55:00.648303+00:00,10165.0,37.0,99.69,46.0,2090.93359375,1046.6809940040112
2026-07-20T04:55:00.984493+00:00,10165.0,36.0,99.55,46.0,2090.94140625,1047.0171834006906
2026-07-20T04:55:01.298462+00:00,10165.0,36.0,99.28,46.0,2090.94140625,1047.331151228398
2026-07-20T04:55:01.614353+00:00,10165.0,36.0,99.39,46.0,2090.9453125,1047.647041771561
2026-07-20T04:55:01.927932+00:00,10165.0,35.0,99.31,46.0,2090.9453125,1047.9606219567358
2026-07-20T04:55:02.221530+00:00,10165.0,36.0,99.0,46.0,2091.03515625,1048.2542184367776
2026-07-20T04:55:02.516877+00:00,10165.0,35.0,98.13,46.0,2091.0390625,1048.5495667122304
2026-07-20T04:55:02.813996+00:00,10165.0,35.0,98.14,46.0,2091.0390625,1048.8466863520443
2026-07-20T04:55:03.131054+00:00,10165.0,36.0,98.31,46.0,2091.0390625,1049.163740273565
2026-07-20T04:55:03.426063+00:00,10165.0,36.0,98.32,46.0,2091.046875,1049.4587537795305
2026-07-20T04:55:03.739330+00:00,10165.0,37.0,98.52,46.0,2091.046875,1049.7720207162201
2026-07-20T04:55:04.094103+00:00,10165.0,36.0,98.53,46.0,2091.0546875,1050.1267933249474
2026-07-20T04:55:04.398391+00:00,10165.0,36.0,98.89,46.0,2091.0546875,1050.4310823716223
2026-07-20T04:55:04.731583+00:00,10165.0,35.0,98.66,46.0,2091.06640625,1050.7642740048468
2026-07-20T04:55:05.025913+00:00,10165.0,37.0,98.93,46.0,2091.06640625,1051.0586039088666
2026-07-20T04:55:05.315337+00:00,10165.0,37.0,98.96,46.0,2091.06640625,1051.348027985543
2026-07-20T04:55:05.626173+00:00,10165.0,34.0,99.28,46.0,2091.078125,1051.6588631682098
2026-07-20T04:55:05.962043+00:00,10165.0,37.0,99.14,46.0,2091.078125,1051.9947332069278
2026-07-20T04:55:06.252164+00:00,10165.0,36.0,99.0,46.0,2091.078125,1052.2848547436297
2026-07-20T04:55:06.565688+00:00,10165.0,36.0,99.13,46.0,2091.078125,1052.5983782485127
2026-07-20T04:55:06.877974+00:00,10165.0,35.0,98.77,46.0,2091.078125,1052.9106641486287
2026-07-20T04:55:07.192246+00:00,10165.0,36.0,98.9,46.0,2091.08203125,1053.2249355763197
2026-07-20T04:55:07.481554+00:00,10165.0,36.0,98.71,46.0,2091.08203125,1053.5142445862293
2026-07-20T04:55:07.790932+00:00,10165.0,37.0,98.63,46.0,2091.0859375,1053.8236219249666
2026-07-20T04:55:08.079324+00:00,10165.0,37.0,98.65,46.0,2091.0859375,1054.112014837563
2026-07-20T04:55:08.367547+00:00,10165.0,34.0,98.67,46.0,2091.0859375,1054.4002378098667
2026-07-20T04:55:08.655829+00:00,10165.0,36.0,98.96,46.0,2091.18359375,1054.6885200440884
2026-07-20T04:55:08.964557+00:00,10165.0,37.0,99.17,46.0,2091.18359375,1054.9972474835813
2026-07-20T04:55:09.255490+00:00,10165.0,36.0,99.47,46.0,2091.20703125,1055.2881721183658
2026-07-20T04:55:09.544115+00:00,10165.0,36.0,99.29,46.0,2091.20703125,1055.5768054835498
2026-07-20T04:55:09.832204+00:00,10165.0,36.0,99.3,46.0,2091.20703125,1055.8648952245712
2026-07-20T04:55:10.120627+00:00,10165.0,37.0,99.44,46.0,2091.21875,1056.1533118747175
2026-07-20T04:55:10.408370+00:00,10165.0,37.0,99.33,46.0,2091.21875,1056.4410608038306
2026-07-20T04:55:10.697273+00:00,10165.0,36.0,99.21,46.0,2091.22265625,1056.729963839054
2026-07-20T04:55:11.010996+00:00,10165.0,37.0,99.01,46.0,2091.22265625,1057.0436852835119
2026-07-20T04:55:11.302855+00:00,10165.0,36.0,98.82,46.0,2091.22265625,1057.3355448618531
2026-07-20T04:55:11.615582+00:00,10165.0,37.0,98.86,46.0,2091.2265625,1057.6482725553215
2026-07-20T04:55:11.904119+00:00,10165.0,37.0,98.83,46.0,2091.2265625,1057.9368102401495
2026-07-20T04:55:12.192179+00:00,10165.0,37.0,98.94,46.0,2091.23046875,1058.2248704843223
2026-07-20T04:55:12.479912+00:00,10165.0,36.0,99.24,46.0,2091.23046875,1058.5126032568514
2026-07-20T04:55:12.790870+00:00,10165.0,37.0,99.21,46.0,2091.23046875,1058.8235608153045
2026-07-20T04:55:13.080230+00:00,10165.0,37.0,99.42,46.0,2091.23828125,1059.1129210591316
2026-07-20T04:55:13.371318+00:00,10165.0,36.0,99.43,46.0,2091.23828125,1059.4040085077286
2026-07-20T04:55:13.661252+00:00,10165.0,36.0,99.48,46.0,2091.2421875,1059.693941835314
2026-07-20T04:55:13.970649+00:00,10165.0,37.0,99.66,46.0,2091.2421875,1060.0033388920128
2026-07-20T04:55:14.259066+00:00,10165.0,37.0,99.53,46.0,2091.2421875,1060.2917571105063
2026-07-20T04:55:14.593130+00:00,10165.0,36.0,99.75,46.0,2091.24609375,1060.6258207075298
2026-07-20T04:55:14.905661+00:00,10165.0,37.0,99.67,46.0,2091.24609375,1060.9383521415293
2026-07-20T04:55:15.236753+00:00,10165.0,37.0,99.88,46.0,2091.25,1061.269443847239
2026-07-20T04:55:15.572971+00:00,10165.0,37.0,99.03,46.0,2091.25,1061.6056607477367
2026-07-20T04:55:15.890859+00:00,10165.0,35.0,99.0,46.0,2091.25390625,1061.9235492013395
2026-07-20T04:55:16.251460+00:00,10165.0,35.0,98.91,46.0,2091.359375,1062.2841488346457
2026-07-20T04:55:16.566275+00:00,10165.0,35.0,99.54,46.0,2091.359375,1062.5989650636911
2026-07-20T04:55:16.925241+00:00,10165.0,35.0,99.52,46.0,2091.359375,1062.9579304233193
2026-07-20T04:55:17.260790+00:00,10165.0,35.0,99.01,46.0,2091.359375,1063.2934793680906
2026-07-20T04:55:17.555208+00:00,10165.0,36.0,98.45,46.0,2091.36328125,1063.5878984816372
2026-07-20T04:55:17.846233+00:00,10165.0,36.0,98.54,46.0,2091.36328125,1063.8789238110185
2026-07-20T04:55:18.136975+00:00,10165.0,37.0,98.6,46.0,2091.36328125,1064.1696663424373
2026-07-20T04:55:18.426188+00:00,10165.0,37.0,98.91,46.0,2091.3671875,1064.4588790424168
2026-07-20T04:55:18.717316+00:00,10165.0,36.0,98.96,46.0,2091.41015625,1064.750006839633
2026-07-20T04:55:19.005930+00:00,10165.0,37.0,99.16,46.0,2091.41015625,1065.0386217683554
2026-07-20T04:55:19.294264+00:00,10165.0,37.0,99.21,46.0,2091.41015625,1065.32695511356
2026-07-20T04:55:19.608120+00:00,10165.0,36.0,99.32,46.0,2091.41015625,1065.640810329467
2026-07-20T04:55:19.941630+00:00,10165.0,37.0,99.33,46.0,2091.4140625,1065.9743212498724
2026-07-20T04:55:20.253152+00:00,10165.0,37.0,99.65,46.0,2091.4140625,1066.2858380414546
2026-07-20T04:55:20.562410+00:00,10165.0,37.0,99.33,46.0,2091.41796875,1066.5951010584831
2026-07-20T04:55:20.850807+00:00,10165.0,37.0,99.28,46.0,2091.41796875,1066.883497595787
2026-07-20T04:55:21.138680+00:00,10165.0,36.0,99.25,46.0,2091.421875,1067.1713705919683
2026-07-20T04:55:21.483138+00:00,10165.0,8.0,96.29,46.0,2091.42578125,1067.5158277265728
2026-07-20T04:55:21.798234+00:00,10165.0,36.0,96.4,46.0,2091.42578125,1067.8309235684574
2026-07-20T04:55:22.111750+00:00,10165.0,37.0,96.3,46.0,2091.42578125,1068.1444400288165
2026-07-20T04:55:22.421431+00:00,10165.0,37.0,98.77,46.0,2091.42578125,1068.4541220739484
2026-07-20T04:55:22.733177+00:00,10165.0,36.0,98.91,46.0,2091.42578125,1068.7658686935902
2026-07-20T04:55:23.021684+00:00,10165.0,36.0,98.9,46.0,2091.42578125,1069.054375052452
2026-07-20T04:55:23.330873+00:00,10165.0,37.0,98.91,46.0,2091.42578125,1069.3635635115206
2026-07-20T04:55:23.619240+00:00,10165.0,37.0,99.09,46.0,2091.42578125,1069.6519309729338
2026-07-20T04:55:23.933701+00:00,10165.0,37.0,99.1,46.0,2091.42578125,1069.9663914255798
2026-07-20T04:55:24.247716+00:00,10165.0,37.0,99.19,46.0,2091.42578125,1070.280406076461
2026-07-20T04:55:24.559581+00:00,10165.0,36.0,99.21,46.0,2091.42578125,1070.5922713167965
2026-07-20T04:55:24.871486+00:00,10165.0,37.0,99.24,46.0,2091.42578125,1070.9041763357818
2026-07-20T04:55:25.160063+00:00,10165.0,37.0,99.16,46.0,2091.42578125,1071.1927529461682
2026-07-20T04:55:25.467144+00:00,10165.0,37.0,99.17,46.0,2091.42578125,1071.4998348467052
2026-07-20T04:55:25.755766+00:00,10165.0,36.0,98.99,46.0,2091.42578125,1071.78845654428
2026-07-20T04:55:26.087644+00:00,10165.0,36.0,99.01,46.0,2091.42578125,1072.1203340440989
2026-07-20T04:55:26.400519+00:00,10165.0,37.0,99.17,46.0,2091.42578125,1072.4332095235586
2026-07-20T04:55:26.710183+00:00,10165.0,37.0,100.04,46.0,2091.42578125,1072.7428722046316
2026-07-20T04:55:27.024394+00:00,10165.0,36.0,99.95,46.0,2091.42578125,1073.0570851378143
2026-07-20T04:55:27.363078+00:00,10165.0,35.0,99.69,46.0,2091.42578125,1073.3957689628005
2026-07-20T04:55:27.698146+00:00,10165.0,36.0,98.94,46.0,2091.42578125,1073.7308373004198
2026-07-20T04:55:28.055830+00:00,10165.0,37.0,99.04,46.0,2091.42578125,1074.0885206311941
2026-07-20T04:55:28.367469+00:00,10165.0,37.0,99.03,46.0,2091.42578125,1074.400159921497
2026-07-20T04:55:28.677201+00:00,10165.0,37.0,99.15,46.0,2091.42578125,1074.7098917886615
2026-07-20T04:55:28.965955+00:00,10165.0,37.0,98.95,46.0,2091.42578125,1074.9986460283399
2026-07-20T04:55:29.253652+00:00,10165.0,37.0,98.89,46.0,2091.42578125,1075.2863431870937
2026-07-20T04:55:29.607493+00:00,10165.0,36.0,99.08,46.0,2091.42578125,1075.6401836387813
2026-07-20T04:55:29.948536+00:00,10165.0,37.0,99.06,46.0,2091.42578125,1075.9812261499465
2026-07-20T04:55:30.242647+00:00,10165.0,35.0,99.07,46.0,2091.42578125,1076.2753373123705
2026-07-20T04:55:30.557834+00:00,10165.0,24.0,98.26,46.0,2091.42578125,1076.5905232839286
2026-07-20T04:55:30.913096+00:00,10165.0,35.0,98.32,46.0,2091.42578125,1076.945785857737
2026-07-20T04:55:31.251776+00:00,10165.0,37.0,98.18,46.0,2091.42578125,1077.284465905279
2026-07-20T04:55:31.571079+00:00,10165.0,35.0,97.72,46.0,2091.42578125,1077.6037692204118
2026-07-20T04:55:31.904968+00:00,10165.0,34.0,97.58,46.0,2091.42578125,1077.937658507377
2026-07-20T04:55:32.267367+00:00,10165.0,35.0,97.87,46.0,2091.42578125,1078.3000572435558
2026-07-20T04:55:32.580244+00:00,10165.0,37.0,98.99,46.0,2091.42578125,1078.6129330657423
2026-07-20T04:55:32.870388+00:00,10165.0,36.0,99.15,46.0,2091.42578125,1078.903078969568
2026-07-20T04:55:33.158605+00:00,10165.0,37.0,99.06,46.0,2091.42578125,1079.1912957839668
2026-07-20T04:55:33.449854+00:00,10165.0,36.0,99.17,46.0,2091.42578125,1079.4825441204011
2026-07-20T04:55:33.759957+00:00,10165.0,36.0,98.71,46.0,2091.42578125,1079.7926484309137
2026-07-20T04:55:34.049951+00:00,10165.0,37.0,98.92,46.0,2091.42578125,1080.0826413817704
2026-07-20T04:55:34.359949+00:00,10165.0,37.0,99.25,46.0,2091.42578125,1080.3926393203437
2026-07-20T04:55:34.649717+00:00,10165.0,36.0,99.41,46.0,2091.42578125,1080.6824074201286
2026-07-20T04:55:34.981605+00:00,10165.0,36.0,99.06,46.0,2091.42578125,1081.0142954997718
2026-07-20T04:55:35.270682+00:00,10165.0,36.0,98.82,46.0,2091.42578125,1081.3033725880086
2026-07-20T04:55:35.583053+00:00,10165.0,37.0,98.83,46.0,2091.42578125,1081.61574280262
2026-07-20T04:55:35.896023+00:00,10165.0,35.0,98.9,46.0,2091.42578125,1081.9287136942148
2026-07-20T04:55:36.211902+00:00,10165.0,37.0,98.72,46.0,2091.42578125,1082.2445927038789
2026-07-20T04:55:36.568751+00:00,10165.0,36.0,98.46,46.0,2091.42578125,1082.6014407388866
2026-07-20T04:55:36.859850+00:00,10165.0,38.0,98.51,46.0,2091.42578125,1082.8925397098064
2026-07-20T04:55:37.172957+00:00,10165.0,36.0,98.97,46.0,2091.42578125,1083.2056469544768
2026-07-20T04:55:37.460635+00:00,10165.0,37.0,99.31,46.0,2091.42578125,1083.4933260045946
2026-07-20T04:55:37.766679+00:00,10165.0,37.0,99.51,46.0,2091.42578125,1083.7993700578809
2026-07-20T04:55:38.078627+00:00,10165.0,37.0,99.42,46.0,2091.42578125,1084.1113171726465
2026-07-20T04:55:38.367304+00:00,10165.0,36.0,99.35,46.0,2091.42578125,1084.3999947607517
2026-07-20T04:55:38.702920+00:00,10165.0,37.0,100.84,46.0,2091.42578125,1084.7356096878648
2026-07-20T04:55:38.992842+00:00,10165.0,37.0,100.76,46.0,2091.42578125,1085.025532335043
2026-07-20T04:55:39.280909+00:00,10165.0,37.0,100.83,46.0,2091.42578125,1085.3136000595987
2026-07-20T04:55:39.585750+00:00,10165.0,37.0,99.65,46.0,2091.42578125,1085.6184410117567
2026-07-20T04:55:39.873607+00:00,10165.0,37.0,99.98,46.0,2091.42578125,1085.90629824996
2026-07-20T04:55:40.161988+00:00,10165.0,37.0,99.77,46.0,2091.42578125,1086.194678466767
2026-07-20T04:55:40.470334+00:00,10165.0,36.0,99.86,46.0,2091.42578125,1086.5030254647136
2026-07-20T04:55:40.822521+00:00,10165.0,36.0,100.09,46.0,2091.42578125,1086.855211634189
2026-07-20T04:55:41.135294+00:00,10165.0,36.0,99.85,46.0,2091.42578125,1087.1679852753878
2026-07-20T04:55:41.450186+00:00,10165.0,36.0,99.22,46.0,2091.42578125,1087.4828764908016
2026-07-20T04:55:41.782040+00:00,10165.0,36.0,99.01,46.0,2091.42578125,1087.8147304989398
2026-07-20T04:55:42.070667+00:00,10165.0,36.0,98.8,46.0,2091.42578125,1088.1033576987684
2026-07-20T04:55:42.382281+00:00,10165.0,35.0,98.96,46.0,2091.42578125,1088.4149719327688
2026-07-20T04:55:42.671000+00:00,10165.0,37.0,99.01,46.0,2091.42578125,1088.7036909013987
2026-07-20T04:55:42.984375+00:00,10165.0,36.0,98.89,46.0,2091.42578125,1089.017065692693
2026-07-20T04:55:43.274057+00:00,10165.0,36.0,98.98,46.0,2091.42578125,1089.3067472428083
2026-07-20T04:55:43.586787+00:00,10165.0,37.0,98.96,46.0,2091.42578125,1089.6194786466658
2026-07-20T04:55:43.875621+00:00,10165.0,36.0,98.68,46.0,2091.42578125,1089.9083122983575
2026-07-20T04:55:44.438454+00:00,10165.0,0.0,95.34,46.0,2097.5390625,1090.4711424522102
2026-07-20T04:55:44.758170+00:00,10165.0,4.0,87.97,46.0,2657.25390625,1090.7908602915704
2026-07-20T04:55:45.077801+00:00,10165.0,9.0,84.76,46.0,3993.50390625,1091.1104900427163
2026-07-20T04:55:45.504604+00:00,10165.0,0.0,85.31,46.0,2097.56640625,1091.537294458598
2026-07-20T04:55:45.844965+00:00,10165.0,36.0,90.36,46.0,2097.56640625,1091.8776539862156
2026-07-20T04:55:46.180631+00:00,10165.0,35.0,94.9,46.0,2097.56640625,1092.2133203297853
2026-07-20T04:55:46.494965+00:00,10165.0,36.0,99.25,46.0,2097.56640625,1092.5276553407311
2026-07-20T04:55:46.814693+00:00,10165.0,35.0,99.12,46.0,2097.56640625,1092.8473833240569
2026-07-20T04:55:47.177284+00:00,10165.0,34.0,99.29,46.0,2097.56640625,1093.2099740579724
2026-07-20T04:55:47.521204+00:00,10165.0,35.0,99.33,46.0,2097.56640625,1093.553893737495
2026-07-20T04:55:47.839364+00:00,10165.0,36.0,99.33,46.0,2097.56640625,1093.8720542825758
2026-07-20T04:55:48.133273+00:00,10165.0,34.0,99.61,46.0,2097.56640625,1094.1659624576569
2026-07-20T04:55:48.427588+00:00,10165.0,36.0,98.96,46.0,2097.56640625,1094.4602775983512
2026-07-20T04:55:48.784643+00:00,10165.0,34.0,99.08,46.0,2097.56640625,1094.8173328600824
2026-07-20T04:55:49.098224+00:00,10165.0,24.0,98.64,46.0,2097.56640625,1095.130913887173
2026-07-20T04:55:49.461019+00:00,10165.0,35.0,98.99,46.0,2097.56640625,1095.4937080740929
2026-07-20T04:55:49.797565+00:00,10165.0,34.0,98.78,46.0,2097.56640625,1095.8302548266947
2026-07-20T04:55:50.159026+00:00,10165.0,36.0,99.32,46.0,2097.56640625,1096.1917150430381
2026-07-20T04:55:50.473815+00:00,10165.0,32.0,98.97,46.0,2097.56640625,1096.506503943354
2026-07-20T04:55:50.812574+00:00,10165.0,36.0,98.48,46.0,2097.56640625,1096.8452630117536
2026-07-20T04:55:51.130798+00:00,10165.0,34.0,99.24,46.0,2097.56640625,1097.1634879149497
2026-07-20T04:55:51.468974+00:00,10165.0,32.0,99.23,46.0,2097.56640625,1097.5016636364162
2026-07-20T04:55:51.836813+00:00,10165.0,37.0,99.79,46.0,2097.56640625,1097.8695020116866
2026-07-20T04:55:52.150445+00:00,10165.0,36.0,98.99,46.0,2097.56640625,1098.183134328574
2026-07-20T04:55:52.466383+00:00,10165.0,36.0,99.25,46.0,2097.56640625,1098.4990727677941
2026-07-20T04:55:52.805135+00:00,10165.0,32.0,99.27,46.0,2097.56640625,1098.837825652212
2026-07-20T04:55:53.118588+00:00,10165.0,36.0,99.32,46.0,2097.56640625,1099.1512780673802
2026-07-20T04:55:53.456861+00:00,10165.0,37.0,99.42,46.0,2097.56640625,1099.489550948143
2026-07-20T04:55:53.776106+00:00,10165.0,37.0,99.43,46.0,2097.56640625,1099.8087945468724
2026-07-20T04:55:54.108856+00:00,10165.0,35.0,99.37,46.0,2097.56640625,1100.1415451578796
2026-07-20T04:55:54.448734+00:00,10165.0,37.0,99.49,46.0,2097.56640625,1100.4814243875444
2026-07-20T04:55:54.766519+00:00,10165.0,35.0,99.82,46.0,2097.56640625,1100.7992091216147
2026-07-20T04:55:55.091816+00:00,10165.0,36.0,99.93,46.0,2097.56640625,1101.1245052106678
2026-07-20T04:55:55.425222+00:00,10165.0,35.0,100.1,46.0,2097.56640625,1101.457911659032
2026-07-20T04:55:55.742928+00:00,10165.0,35.0,100.22,46.0,2097.56640625,1101.7756172157824
2026-07-20T04:55:56.111603+00:00,10165.0,36.0,100.02,46.0,2097.56640625,1102.144292037934
2026-07-20T04:55:56.425842+00:00,10165.0,36.0,99.45,46.0,2097.56640625,1102.4585321769118
2026-07-20T04:55:56.742015+00:00,10165.0,35.0,99.33,46.0,2097.56640625,1102.7747043296695
2026-07-20T04:55:57.058475+00:00,10165.0,35.0,99.85,46.0,2097.56640625,1103.0911648273468
2026-07-20T04:55:57.397158+00:00,10165.0,34.0,100.14,46.0,2097.56640625,1103.4298474267125
2026-07-20T04:55:57.714300+00:00,10165.0,36.0,99.85,46.0,2097.56640625,1103.7469904609025
2026-07-20T04:55:58.072852+00:00,10165.0,33.0,99.13,46.0,2097.56640625,1104.1055417358875
2026-07-20T04:55:58.392226+00:00,10165.0,35.0,98.69,46.0,2097.6171875,1104.4249159917235
2026-07-20T04:55:58.756198+00:00,10165.0,35.0,98.93,46.0,2097.6171875,1104.7888882122934
2026-07-20T04:55:59.066497+00:00,10165.0,36.0,99.48,46.0,2097.6171875,1105.0991869792342
2026-07-20T04:55:59.405332+00:00,10165.0,37.0,99.57,46.0,2097.6171875,1105.4380220584571
2026-07-20T04:55:59.721609+00:00,10165.0,35.0,100.58,46.0,2097.6171875,1105.7542993687093
2026-07-20T04:56:00.064777+00:00,10165.0,33.0,100.36,46.0,2097.6171875,1106.097466826439
2026-07-20T04:56:00.404255+00:00,10165.0,36.0,100.43,46.0,2097.6171875,1106.436944682151
2026-07-20T04:56:00.721324+00:00,10165.0,26.0,99.01,46.0,2097.6171875,1106.7540141418576
2026-07-20T04:56:01.034064+00:00,10165.0,36.0,98.81,46.0,2097.6171875,1107.066753681749
2026-07-20T04:56:01.350406+00:00,10165.0,35.0,98.87,46.0,2097.6171875,1107.3830961808562
2026-07-20T04:56:01.688938+00:00,10165.0,36.0,99.16,46.0,2097.6171875,1107.7216280288994
2026-07-20T04:56:02.045960+00:00,10165.0,37.0,99.69,46.0,2097.6171875,1108.0786500163376
2026-07-20T04:56:02.358440+00:00,10165.0,34.0,99.82,46.0,2097.6171875,1108.3911298252642
2026-07-20T04:56:02.674440+00:00,10165.0,37.0,100.53,46.0,2097.6171875,1108.7071302905679
2026-07-20T04:56:02.986730+00:00,10165.0,34.0,100.14,46.0,2097.6171875,1109.0194205641747
2026-07-20T04:56:03.298486+00:00,10165.0,36.0,100.08,46.0,2097.6171875,1109.3311751782894
2026-07-20T04:56:03.615090+00:00,10165.0,36.0,99.95,46.0,2097.6171875,1109.6477800756693
2026-07-20T04:56:03.935111+00:00,10165.0,35.0,99.33,46.0,2097.6171875,1109.9678013511002
2026-07-20T04:56:04.246681+00:00,10165.0,36.0,99.32,46.0,2097.6171875,1110.2793711982667
2026-07-20T04:56:04.580163+00:00,10165.0,35.0,99.57,46.0,2097.6171875,1110.612852729857
2026-07-20T04:56:04.906700+00:00,10165.0,36.0,100.0,46.0,2097.6171875,1110.9393912814558
2026-07-20T04:56:05.199859+00:00,10165.0,36.0,99.94,46.0,2097.6171875,1111.2325395159423
2026-07-20T04:56:05.518613+00:00,10165.0,36.0,99.63,46.0,2097.6171875,1111.5513029173017
2026-07-20T04:56:05.832383+00:00,10165.0,36.0,99.43,46.0,2097.6171875,1111.8650735877454
2026-07-20T04:56:06.169204+00:00,10165.0,34.0,99.23,46.0,2097.6171875,1112.2018940672278
2026-07-20T04:56:06.532458+00:00,10165.0,35.0,99.19,46.0,2097.6171875,1112.5651484429836
2026-07-20T04:56:06.848952+00:00,10165.0,35.0,98.96,46.0,2097.6171875,1112.8816414661705
2026-07-20T04:56:07.164127+00:00,10165.0,36.0,99.26,46.0,2097.6171875,1113.1968176104128
2026-07-20T04:56:07.478180+00:00,10165.0,35.0,100.18,46.0,2097.6171875,1113.5108705684543
2026-07-20T04:56:07.790305+00:00,10165.0,24.0,99.26,46.0,2097.6171875,1113.8229875415564
2026-07-20T04:56:08.109001+00:00,10165.0,34.0,98.87,46.0,2097.6171875,1114.141691211611
2026-07-20T04:56:08.472522+00:00,10165.0,35.0,98.1,46.0,2097.6171875,1114.5052126161754
2026-07-20T04:56:08.829441+00:00,10165.0,31.0,99.16,46.0,2097.6171875,1114.8621305935085
2026-07-20T04:56:09.146797+00:00,10165.0,36.0,99.83,46.0,2097.6171875,1115.1794865503907
2026-07-20T04:56:09.458759+00:00,10165.0,35.0,99.6,46.0,2097.6171875,1115.4914497584105
2026-07-20T04:56:09.774899+00:00,10165.0,36.0,99.8,46.0,2097.6171875,1115.8075881004333
2026-07-20T04:56:10.101345+00:00,10165.0,35.0,99.41,46.0,2097.6171875,1116.1340353302658
2026-07-20T04:56:10.418438+00:00,10165.0,36.0,99.63,46.0,2097.6171875,1116.4511283487082
2026-07-20T04:56:10.776596+00:00,10165.0,35.0,99.83,46.0,2097.6171875,1116.8092861399055
2026-07-20T04:56:11.136890+00:00,10165.0,34.0,100.11,46.0,2097.6171875,1117.169579025358
2026-07-20T04:56:11.455989+00:00,10165.0,36.0,100.44,46.0,2097.6171875,1117.4886785298586
2026-07-20T04:56:11.770977+00:00,10165.0,36.0,100.29,46.0,2097.6171875,1117.8036666736007
2026-07-20T04:56:12.081881+00:00,10165.0,36.0,100.42,46.0,2097.6171875,1118.114567976445
2026-07-20T04:56:12.444593+00:00,10165.0,23.0,98.78,46.0,2097.6171875,1118.477282345295
2026-07-20T04:56:12.784719+00:00,10165.0,34.0,98.39,46.0,2097.6171875,1118.817409068346
2026-07-20T04:56:13.125644+00:00,10165.0,37.0,98.03,46.0,2097.6171875,1119.158334132284
2026-07-20T04:56:13.442768+00:00,10165.0,36.0,99.19,46.0,2097.6171875,1119.4754574298859
2026-07-20T04:56:13.766470+00:00,10165.0,34.0,99.75,46.0,2097.6171875,1119.7991602122784
2026-07-20T04:56:14.101504+00:00,10165.0,36.0,99.54,46.0,2097.6171875,1120.1341942846775
2026-07-20T04:56:14.397893+00:00,10165.0,36.0,99.45,46.0,2097.6171875,1120.4305830076337
2026-07-20T04:56:14.734812+00:00,10165.0,35.0,99.1,46.0,2097.6171875,1120.767501309514
2026-07-20T04:56:15.054100+00:00,10165.0,37.0,99.22,46.0,2097.6171875,1121.0867898911238
2026-07-20T04:56:15.366074+00:00,10165.0,36.0,99.47,46.0,2097.6171875,1121.3987638354301
2026-07-20T04:56:15.682439+00:00,10165.0,35.0,99.53,46.0,2097.6171875,1121.7151288576424
2026-07-20T04:56:16.040132+00:00,10165.0,24.0,98.74,46.0,2097.6171875,1122.0728211253881
2026-07-20T04:56:16.358380+00:00,10165.0,36.0,98.72,46.0,2097.6171875,1122.3910697102547
2026-07-20T04:56:16.691726+00:00,10165.0,36.0,98.94,46.0,2097.6171875,1122.7244160659611
2026-07-20T04:56:17.007443+00:00,10165.0,36.0,100.01,46.0,2097.6171875,1123.0401332974434
2026-07-20T04:56:17.317542+00:00,10165.0,36.0,99.58,46.0,2097.6171875,1123.3502315692604
2026-07-20T04:56:17.630028+00:00,10165.0,35.0,100.54,46.0,2097.6171875,1123.6627184897661
2026-07-20T04:56:17.950469+00:00,10165.0,35.0,100.4,46.0,2097.6171875,1123.9831588976085
2026-07-20T04:56:18.284931+00:00,10165.0,36.0,100.39,46.0,2097.6171875,1124.3176204040647
2026-07-20T04:56:18.625231+00:00,10165.0,36.0,99.23,46.0,2097.6171875,1124.6579205729067
2026-07-20T04:56:18.943128+00:00,10165.0,37.0,99.47,46.0,2097.6171875,1124.9758182540536
2026-07-20T04:56:19.259149+00:00,10165.0,36.0,99.53,46.0,2097.6171875,1125.2918384075165
2026-07-20T04:56:19.616974+00:00,10165.0,37.0,99.65,46.0,2097.6171875,1125.6496641077101
2026-07-20T04:56:19.930580+00:00,10165.0,37.0,99.7,46.0,2097.6171875,1125.9632697552443
2026-07-20T04:56:20.242180+00:00,10165.0,36.0,99.98,46.0,2097.6171875,1126.2748697176576
2026-07-20T04:56:20.558768+00:00,10165.0,36.0,100.6,46.0,2097.6171875,1126.5914575308561
2026-07-20T04:56:20.888441+00:00,10165.0,35.0,100.27,46.0,2097.6171875,1126.9211308918893
2026-07-20T04:56:21.247592+00:00,10165.0,36.0,100.03,46.0,2097.6171875,1127.280281625688
2026-07-20T04:56:21.584938+00:00,10165.0,34.0,99.19,46.0,2097.6171875,1127.617627646774
2026-07-20T04:56:21.879160+00:00,10165.0,35.0,99.24,46.0,2097.6171875,1127.911849834025
2026-07-20T04:56:22.173599+00:00,10165.0,36.0,99.32,46.0,2097.6171875,1128.206288319081
2026-07-20T04:56:22.468460+00:00,10165.0,34.0,99.97,46.0,2097.6171875,1128.5011497698724
2026-07-20T04:56:22.809326+00:00,10165.0,35.0,100.31,46.0,2097.6171875,1128.842016171664
2026-07-20T04:56:23.126360+00:00,10165.0,35.0,100.07,46.0,2097.6171875,1129.1590499654412
2026-07-20T04:56:23.442697+00:00,10165.0,35.0,99.6,46.0,2097.6171875,1129.4753855541348
2026-07-20T04:56:23.776779+00:00,10165.0,35.0,99.58,46.0,2097.6171875,1129.8094684928656
2026-07-20T04:56:24.096035+00:00,10165.0,35.0,99.62,46.0,2097.6171875,1130.1287243664265
2026-07-20T04:56:24.432906+00:00,10165.0,37.0,99.72,46.0,2097.6171875,1130.4655957892537
2026-07-20T04:56:24.788873+00:00,10165.0,35.0,99.58,46.0,2097.6171875,1130.8215630613267
2026-07-20T04:56:25.087022+00:00,10165.0,37.0,99.64,46.0,2097.6171875,1131.1197113133967
2026-07-20T04:56:25.456276+00:00,10165.0,36.0,99.96,46.0,2097.6171875,1131.4889650382102
2026-07-20T04:56:25.774150+00:00,10165.0,36.0,100.15,46.0,2097.6171875,1131.806839466095
2026-07-20T04:56:26.090520+00:00,10165.0,35.0,100.26,46.0,2097.6171875,1132.1232095360756
2026-07-20T04:56:26.424905+00:00,10165.0,36.0,99.67,46.0,2097.6171875,1132.4575950875878
2026-07-20T04:56:26.760719+00:00,10165.0,35.0,99.61,46.0,2097.6171875,1132.79340833053
2026-07-20T04:56:27.074683+00:00,10165.0,35.0,99.43,46.0,2097.6171875,1133.1073714606464
2026-07-20T04:56:27.390401+00:00,10165.0,35.0,99.7,46.0,2097.6171875,1133.423090338707
2026-07-20T04:56:27.706212+00:00,10165.0,37.0,99.73,46.0,2097.6171875,1133.7389009073377
2026-07-20T04:56:28.021656+00:00,10165.0,35.0,99.74,46.0,2097.6171875,1134.0543457008898
2026-07-20T04:56:28.333982+00:00,10165.0,36.0,99.73,46.0,2097.6171875,1134.3666719160974
2026-07-20T04:56:28.672811+00:00,10165.0,36.0,99.57,46.0,2097.6171875,1134.7055007629097
2026-07-20T04:56:28.989343+00:00,10165.0,36.0,99.75,46.0,2097.6171875,1135.022033456713
2026-07-20T04:56:29.303511+00:00,10165.0,37.0,99.73,46.0,2097.6171875,1135.3362023085356
2026-07-20T04:56:29.615705+00:00,10165.0,37.0,99.78,46.0,2097.6171875,1135.648395217955
2026-07-20T04:56:29.930378+00:00,10165.0,34.0,100.0,46.0,2097.6171875,1135.9630677476525
2026-07-20T04:56:30.221589+00:00,10165.0,35.0,99.69,46.0,2097.6171875,1136.254279602319
2026-07-20T04:56:30.530266+00:00,10165.0,36.0,99.63,46.0,2097.6171875,1136.5629560351372
2026-07-20T04:56:30.821933+00:00,10165.0,35.0,99.32,46.0,2097.6171875,1136.8546233475208
2026-07-20T04:56:31.111450+00:00,10165.0,36.0,99.37,46.0,2097.6171875,1137.1441404893994
2026-07-20T04:56:31.400623+00:00,10165.0,35.0,99.32,46.0,2097.6171875,1137.433314241469
2026-07-20T04:56:31.689920+00:00,10165.0,36.0,99.58,46.0,2097.6171875,1137.722610551864
2026-07-20T04:56:32.005736+00:00,10165.0,35.0,99.68,46.0,2097.6171875,1138.0384268388152
2026-07-20T04:56:32.296387+00:00,10165.0,36.0,100.03,46.0,2097.6171875,1138.3290779478848
2026-07-20T04:56:32.586025+00:00,10165.0,36.0,99.97,46.0,2097.6171875,1138.6187152527273
2026-07-20T04:56:32.898459+00:00,10165.0,37.0,99.81,46.0,2097.6171875,1138.931149944663
2026-07-20T04:56:33.210944+00:00,10165.0,35.0,100.72,46.0,2097.6171875,1139.2436350099742
2026-07-20T04:56:33.500666+00:00,10165.0,36.0,100.42,46.0,2097.6171875,1139.5333564169705
2026-07-20T04:56:33.789943+00:00,10165.0,36.0,100.87,46.0,2097.6171875,1139.822633754462
2026-07-20T04:56:34.105321+00:00,10165.0,37.0,99.91,46.0,2097.6171875,1140.138011354953
2026-07-20T04:56:34.419765+00:00,10165.0,36.0,99.97,46.0,2097.6171875,1140.4524555318058
2026-07-20T04:56:34.710171+00:00,10165.0,36.0,99.75,46.0,2097.6171875,1140.7428613975644
2026-07-20T04:56:35.058334+00:00,10165.0,37.0,99.83,46.0,2097.6171875,1141.0910238213837
2026-07-20T04:56:35.350465+00:00,10165.0,37.0,100.37,46.0,2097.6171875,1141.3831558190286
2026-07-20T04:56:35.663831+00:00,10165.0,36.0,100.02,46.0,2097.6171875,1141.6965216509998
2026-07-20T04:56:35.954764+00:00,10165.0,36.0,100.11,46.0,2097.6171875,1141.987454753369
2026-07-20T04:56:36.269772+00:00,10165.0,36.0,99.42,46.0,2097.6171875,1142.3024629615247
2026-07-20T04:56:36.561929+00:00,10165.0,36.0,99.77,46.0,2097.6171875,1142.594619512558
2026-07-20T04:56:36.852515+00:00,10165.0,36.0,99.8,46.0,2097.6171875,1142.8852054588497
2026-07-20T04:56:37.158488+00:00,10165.0,36.0,99.71,46.0,2097.6171875,1143.1911782175303
2026-07-20T04:56:37.448140+00:00,10165.0,36.0,100.36,47.0,2097.6171875,1143.480830360204
2026-07-20T04:56:37.761110+00:00,10165.0,35.0,100.13,46.0,2097.6171875,1143.7938000783324
2026-07-20T04:56:38.050347+00:00,10165.0,36.0,100.17,46.0,2097.6171875,1144.0830377414823
2026-07-20T04:56:38.362213+00:00,10165.0,35.0,99.49,46.0,2097.6171875,1144.3949032202363
2026-07-20T04:56:38.674778+00:00,10165.0,36.0,99.78,46.0,2097.6171875,1144.7074690125883
2026-07-20T04:56:38.963934+00:00,10165.0,36.0,99.76,46.0,2097.6171875,1144.9966249279678
2026-07-20T04:56:39.293464+00:00,10165.0,35.0,99.79,46.0,2097.6171875,1145.3261547014117
2026-07-20T04:56:39.606998+00:00,10165.0,36.0,99.65,46.0,2097.6171875,1145.6396888159215
2026-07-20T04:56:39.897202+00:00,10165.0,36.0,99.95,46.0,2097.6171875,1145.929893232882
2026-07-20T04:56:40.252694+00:00,10165.0,34.0,99.98,46.0,2097.6171875,1146.2853832244873
2026-07-20T04:56:40.591088+00:00,10165.0,37.0,100.14,46.0,2097.6171875,1146.6237790435553
2026-07-20T04:56:40.884062+00:00,10165.0,36.0,100.2,46.0,2097.6171875,1146.9167522601783
2026-07-20T04:56:41.201446+00:00,10165.0,36.0,100.3,46.0,2097.6171875,1147.2341364100575
2026-07-20T04:56:41.514892+00:00,10165.0,33.0,100.66,46.0,2097.6171875,1147.547579754144
2026-07-20T04:56:41.838000+00:00,10165.0,36.0,100.17,46.0,2097.6171875,1147.8706894554198
2026-07-20T04:56:42.150482+00:00,10165.0,35.0,99.86,46.0,2097.6171875,1148.1831723675132
2026-07-20T04:56:42.489426+00:00,10165.0,35.0,99.01,46.0,2097.6171875,1148.5221164673567
2026-07-20T04:56:42.824911+00:00,10165.0,36.0,99.26,46.0,2097.6171875,1148.8576014190912
2026-07-20T04:56:43.142187+00:00,10165.0,36.0,99.69,46.0,2097.6171875,1149.1748774759471
2026-07-20T04:56:43.478700+00:00,10165.0,35.0,100.04,46.0,2097.6171875,1149.5113899223506
2026-07-20T04:56:43.790871+00:00,10165.0,37.0,99.99,46.0,2097.6171875,1149.8235607035458
2026-07-20T04:56:44.080366+00:00,10165.0,37.0,99.78,46.0,2097.6171875,1150.1130566634238
2026-07-20T04:56:44.370452+00:00,10165.0,35.0,100.05,47.0,2097.6171875,1150.4031428657472
2026-07-20T04:56:44.684961+00:00,10165.0,36.0,100.54,46.0,2097.6171875,1150.7176510877907
2026-07-20T04:56:44.979184+00:00,10165.0,36.0,100.58,46.0,2097.6171875,1151.011873818934
2026-07-20T04:56:45.293025+00:00,10165.0,37.0,100.68,46.0,2097.6171875,1151.325715623796
2026-07-20T04:56:45.630921+00:00,10165.0,37.0,100.12,46.0,2097.6171875,1151.663611575961
2026-07-20T04:56:45.921127+00:00,10165.0,36.0,100.2,46.0,2097.6171875,1151.9538175538182
2026-07-20T04:56:46.236908+00:00,10165.0,36.0,100.04,46.0,2097.6171875,1152.2695980109274
2026-07-20T04:56:46.528172+00:00,10165.0,37.0,99.99,46.0,2097.6171875,1152.5608612746
2026-07-20T04:56:46.837565+00:00,10165.0,36.0,99.87,46.0,2097.6171875,1152.8702542744577
2026-07-20T04:56:47.147763+00:00,10165.0,37.0,99.95,46.0,2097.6171875,1153.1804535984993
2026-07-20T04:56:47.459481+00:00,10165.0,36.0,99.83,46.0,2097.62109375,1153.492169007659
2026-07-20T04:56:47.751521+00:00,10165.0,37.0,100.15,46.0,2097.62109375,1153.7842117697
2026-07-20T04:56:48.040875+00:00,10165.0,37.0,100.2,46.0,2097.62109375,1154.0735655874014
2026-07-20T04:56:48.331181+00:00,10165.0,36.0,100.21,47.0,2097.62109375,1154.3638723157346
2026-07-20T04:56:48.639058+00:00,10165.0,37.0,100.29,46.0,2097.62109375,1154.6717487163842
2026-07-20T04:56:48.953459+00:00,10165.0,37.0,100.36,47.0,2097.62109375,1154.9861490391195
2026-07-20T04:56:49.245298+00:00,10165.0,36.0,100.49,47.0,2097.62109375,1155.277988947928
2026-07-20T04:56:49.577428+00:00,10165.0,37.0,100.6,47.0,2097.62109375,1155.6101190187037
2026-07-20T04:56:49.889769+00:00,10165.0,37.0,101.19,47.0,2097.62109375,1155.9224591366947
2026-07-20T04:56:50.233133+00:00,10165.0,35.0,100.62,47.0,2097.62109375,1156.2658223621547
2026-07-20T04:56:50.547715+00:00,10165.0,36.0,100.32,47.0,2097.62109375,1156.5804056413472
2026-07-20T04:56:50.900833+00:00,10165.0,35.0,99.51,47.0,2097.62109375,1156.9335228577256
2026-07-20T04:56:51.216951+00:00,10165.0,36.0,99.81,46.0,2097.62109375,1157.2496410422027
2026-07-20T04:56:51.507592+00:00,10165.0,37.0,99.96,46.0,2097.62109375,1157.5402820780873
2026-07-20T04:56:51.817193+00:00,10165.0,36.0,100.6,47.0,2097.62109375,1157.8498844839633
2026-07-20T04:56:52.131385+00:00,10165.0,37.0,100.56,46.0,2097.62109375,1158.1640761308372
2026-07-20T04:56:52.422280+00:00,10165.0,37.0,100.51,47.0,2097.62109375,1158.4549716562033
2026-07-20T04:56:52.712412+00:00,10165.0,36.0,100.28,47.0,2097.62109375,1158.7451024353504
2026-07-20T04:56:53.075409+00:00,10165.0,35.0,100.51,47.0,2097.62109375,1159.1080991849303
2026-07-20T04:56:53.387836+00:00,10165.0,37.0,100.23,47.0,2097.62109375,1159.4205274321139
2026-07-20T04:56:53.697834+00:00,10165.0,35.0,99.75,47.0,2097.62109375,1159.7305248007178
2026-07-20T04:56:53.987414+00:00,10165.0,36.0,99.56,47.0,2097.62109375,1160.0201046802104
2026-07-20T04:56:54.345659+00:00,10165.0,36.0,99.71,47.0,2097.62109375,1160.3783416897058
2026-07-20T04:56:54.682229+00:00,10165.0,37.0,99.73,47.0,2097.62109375,1160.7149201221764
2026-07-20T04:56:54.998802+00:00,10165.0,36.0,99.65,47.0,2097.62109375,1161.0314917825162
2026-07-20T04:56:55.314470+00:00,10165.0,35.0,99.95,47.0,2097.62109375,1161.3471597209573
2026-07-20T04:56:55.656561+00:00,10165.0,37.0,99.95,46.0,2097.62109375,1161.6892506703734
2026-07-20T04:56:55.974709+00:00,10165.0,36.0,99.75,46.0,2097.62109375,1162.0073998942971
2026-07-20T04:56:56.343592+00:00,10165.0,36.0,99.78,47.0,2097.62109375,1162.3762744925916
2026-07-20T04:56:56.662515+00:00,10165.0,33.0,99.51,46.0,2097.62109375,1162.695204500109
2026-07-20T04:56:56.978556+00:00,10165.0,36.0,98.94,46.0,2097.62109375,1163.0112464502454
2026-07-20T04:56:57.316754+00:00,10165.0,33.0,98.51,46.0,2097.62109375,1163.349443025887
2026-07-20T04:56:57.634512+00:00,10165.0,36.0,98.58,46.0,2097.62109375,1163.6672019325197
2026-07-20T04:56:57.943962+00:00,10165.0,36.0,100.04,47.0,2097.62109375,1163.9766517281532
2026-07-20T04:56:58.234049+00:00,10165.0,36.0,100.34,46.0,2097.62109375,1164.266740258783
2026-07-20T04:56:58.542934+00:00,10165.0,36.0,100.48,47.0,2097.62109375,1164.5756248272955
2026-07-20T04:56:58.850414+00:00,10165.0,36.0,100.01,46.0,2097.62109375,1164.8831052444875
2026-07-20T04:56:59.139283+00:00,10165.0,36.0,99.89,46.0,2097.62109375,1165.1719748266041
2026-07-20T04:56:59.453853+00:00,10165.0,35.0,99.86,46.0,2097.62109375,1165.4865433201194
2026-07-20T04:56:59.763583+00:00,10165.0,36.0,100.33,46.0,2097.62109375,1165.7962734289467
2026-07-20T04:57:00.084974+00:00,10165.0,36.0,100.39,47.0,2097.62109375,1166.1176642365754
2026-07-20T04:57:00.376625+00:00,10165.0,36.0,100.54,46.0,2097.62109375,1166.4093156158924
2026-07-20T04:57:00.666812+00:00,10165.0,36.0,100.45,46.0,2097.62109375,1166.6995032280684
2026-07-20T04:57:00.979025+00:00,10165.0,37.0,99.65,46.0,2097.62109375,1167.0117160826921
2026-07-20T04:57:01.269749+00:00,10165.0,36.0,100.36,47.0,2097.62109375,1167.3024385161698
2026-07-20T04:57:01.585020+00:00,10165.0,35.0,100.23,47.0,2097.62109375,1167.6177106797695
2026-07-20T04:57:01.899497+00:00,10165.0,36.0,100.23,47.0,2097.62109375,1167.932186089456
2026-07-20T04:57:02.190558+00:00,10165.0,37.0,99.85,46.0,2097.62109375,1168.223245024681
2026-07-20T04:57:02.481197+00:00,10165.0,36.0,99.96,46.0,2097.62109375,1168.5138880349696
2026-07-20T04:57:02.770923+00:00,10165.0,35.0,100.16,46.0,2097.62109375,1168.8036139942706
2026-07-20T04:57:03.078241+00:00,10165.0,36.0,100.1,46.0,2097.62109375,1169.1109317727387
2026-07-20T04:57:03.367214+00:00,10165.0,36.0,100.15,46.0,2097.62109375,1169.39990523085
2026-07-20T04:57:03.676210+00:00,10165.0,36.0,100.51,47.0,2097.62109375,1169.7088997624815
2026-07-20T04:57:03.990141+00:00,10165.0,36.0,100.61,47.0,2097.62109375,1170.022832520306
2026-07-20T04:57:04.280478+00:00,10165.0,36.0,100.45,47.0,2097.62109375,1170.3131684213877
2026-07-20T04:57:04.572755+00:00,10165.0,36.0,99.81,47.0,2097.62109375,1170.6054465174675
2026-07-20T04:57:04.886451+00:00,10165.0,36.0,100.03,47.0,2097.62109375,1170.9191423021257
2026-07-20T04:57:05.180596+00:00,10165.0,36.0,99.92,46.0,2097.62109375,1171.2132846936584
2026-07-20T04:57:05.493445+00:00,10165.0,36.0,100.07,47.0,2097.62109375,1171.5261355228722
2026-07-20T04:57:05.851944+00:00,10165.0,35.0,100.0,47.0,2097.62109375,1171.8846338838339
2026-07-20T04:57:06.190476+00:00,10165.0,36.0,99.93,47.0,2097.62109375,1172.2231661081314
2026-07-20T04:57:06.480900+00:00,10165.0,36.0,99.74,47.0,2097.62109375,1172.5135913006961
2026-07-20T04:57:06.771920+00:00,10165.0,36.0,100.0,47.0,2097.62109375,1172.804611504078
2026-07-20T04:57:07.061006+00:00,10165.0,37.0,99.82,47.0,2097.62109375,1173.0936973541975
2026-07-20T04:57:07.374422+00:00,10165.0,37.0,99.98,47.0,2097.62109375,1173.4071131795645
2026-07-20T04:57:07.664881+00:00,10165.0,36.0,99.9,47.0,2097.62109375,1173.6975717060268
2026-07-20T04:57:07.981033+00:00,10165.0,35.0,99.85,47.0,2097.62109375,1174.0137232765555
2026-07-20T04:57:08.294890+00:00,10165.0,36.0,100.19,47.0,2097.62109375,1174.3275805152953
2026-07-20T04:57:08.584845+00:00,10165.0,37.0,100.27,47.0,2097.62109375,1174.6175360046327
2026-07-20T04:57:08.897741+00:00,10165.0,35.0,100.38,47.0,2097.62109375,1174.9304309785366
2026-07-20T04:57:09.188692+00:00,10165.0,37.0,100.54,47.0,2097.62109375,1175.2213820517063
2026-07-20T04:57:09.521313+00:00,10165.0,37.0,100.55,47.0,2097.62109375,1175.5540035925806
2026-07-20T04:57:09.890769+00:00,10165.0,36.0,100.49,47.0,2097.62109375,1175.9234588630497
2026-07-20T04:57:10.224610+00:00,10165.0,35.0,100.29,47.0,2097.62109375,1176.2572998926044
2026-07-20T04:57:10.538812+00:00,10165.0,37.0,100.04,47.0,2097.62109375,1176.5715023726225
2026-07-20T04:57:10.854629+00:00,10165.0,36.0,100.26,47.0,2097.62109375,1176.8873192928731
2026-07-20T04:57:11.168748+00:00,10165.0,36.0,100.51,47.0,2097.62109375,1177.201438371092
2026-07-20T04:57:11.520678+00:00,10165.0,37.0,100.43,47.0,2097.62109375,1177.5533673428
2026-07-20T04:57:11.876395+00:00,10165.0,35.0,100.62,47.0,2097.62109375,1177.9090851582587
2026-07-20T04:57:12.215523+00:00,10165.0,36.0,100.34,47.0,2097.62109375,1178.2482127025723
2026-07-20T04:57:12.546182+00:00,10165.0,37.0,100.03,47.0,2097.62109375,1178.5788717493415
2026-07-20T04:57:12.838694+00:00,10165.0,36.0,99.62,47.0,2097.62109375,1178.8713847510517
2026-07-20T04:57:13.128500+00:00,10165.0,36.0,99.77,47.0,2097.62109375,1179.161191366613
2026-07-20T04:57:13.441685+00:00,10165.0,37.0,99.71,47.0,2097.62109375,1179.4743756204844
2026-07-20T04:57:13.731869+00:00,10165.0,36.0,99.88,47.0,2097.62109375,1179.7645598426461
2026-07-20T04:57:14.041925+00:00,10165.0,36.0,99.97,47.0,2097.62109375,1180.0746155381203
2026-07-20T04:57:14.376499+00:00,10165.0,37.0,99.7,47.0,2097.62109375,1180.4091895520687
2026-07-20T04:57:14.668346+00:00,10165.0,37.0,101.43,47.0,2097.62109375,1180.7010361477733
2026-07-20T04:57:14.986233+00:00,10165.0,36.0,101.52,47.0,2097.62109375,1181.0189233124256
2026-07-20T04:57:15.279581+00:00,10165.0,37.0,102.13,47.0,2097.62109375,1181.3122706860304
2026-07-20T04:57:15.590970+00:00,10165.0,36.0,100.69,47.0,2097.62109375,1181.6236607953906
2026-07-20T04:57:15.880916+00:00,10165.0,36.0,100.63,47.0,2097.62109375,1181.9136069864035
2026-07-20T04:57:16.193510+00:00,10165.0,37.0,100.52,47.0,2097.62109375,1182.226201262325
2026-07-20T04:57:16.531214+00:00,10165.0,35.0,100.48,47.0,2097.62109375,1182.5639038532972
2026-07-20T04:57:16.844220+00:00,10165.0,36.0,100.64,47.0,2097.62109375,1182.876910019666
2026-07-20T04:57:17.135592+00:00,10165.0,36.0,100.33,47.0,2097.62109375,1183.1682823076844
2026-07-20T04:57:17.450055+00:00,10165.0,36.0,100.17,47.0,2097.62109375,1183.4827460199594
2026-07-20T04:57:17.740114+00:00,10165.0,36.0,99.96,47.0,2097.62109375,1183.7728044874966
2026-07-20T04:57:18.030441+00:00,10165.0,36.0,100.03,47.0,2097.62109375,1184.06313181296
2026-07-20T04:57:18.342577+00:00,10165.0,37.0,100.08,47.0,2097.62109375,1184.375267855823
2026-07-20T04:57:18.656586+00:00,10165.0,36.0,100.08,47.0,2097.62109375,1184.689276240766
2026-07-20T04:57:18.970318+00:00,10165.0,36.0,99.93,47.0,2097.62109375,1185.003008428961
2026-07-20T04:57:19.283433+00:00,10165.0,36.0,100.01,47.0,2097.62109375,1185.3161229230464
2026-07-20T04:57:19.618108+00:00,10165.0,37.0,99.86,47.0,2097.62109375,1185.6507986672223
2026-07-20T04:57:19.934577+00:00,10165.0,36.0,100.0,47.0,2097.62109375,1185.9672657512128
2026-07-20T04:57:20.273952+00:00,10165.0,36.0,100.04,47.0,2097.62109375,1186.306641921401
2026-07-20T04:57:20.588700+00:00,10165.0,35.0,99.95,47.0,2097.62109375,1186.6213905215263
2026-07-20T04:57:20.904082+00:00,10165.0,36.0,99.42,47.0,2097.62109375,1186.9367724768817
2026-07-20T04:57:21.195843+00:00,10165.0,37.0,99.55,47.0,2097.62109375,1187.2285339869559
2026-07-20T04:57:21.529482+00:00,10165.0,36.0,99.65,47.0,2097.62109375,1187.562172189355
2026-07-20T04:57:21.842845+00:00,10165.0,37.0,99.97,47.0,2097.62109375,1187.8755351603031
2026-07-20T04:57:22.132496+00:00,10165.0,37.0,100.11,47.0,2097.62109375,1188.1651866137981
2026-07-20T04:57:22.442629+00:00,10165.0,36.0,100.06,47.0,2097.62109375,1188.4753201976418
2026-07-20T04:57:22.799647+00:00,10165.0,34.0,100.04,47.0,2097.62109375,1188.8323370106518
2026-07-20T04:57:23.115172+00:00,10165.0,37.0,100.05,47.0,2097.62109375,1189.1478617936373
2026-07-20T04:57:23.405650+00:00,10165.0,37.0,100.31,47.0,2097.62109375,1189.438340369612
2026-07-20T04:57:23.718269+00:00,10165.0,36.0,100.5,47.0,2097.62109375,1189.7509598694742
2026-07-20T04:57:24.047083+00:00,10165.0,37.0,100.32,47.0,2097.62109375,1190.0797732844949
2026-07-20T04:57:24.384304+00:00,10165.0,35.0,100.24,47.0,2097.62109375,1190.4169945567846
2026-07-20T04:57:24.720963+00:00,10165.0,36.0,99.9,47.0,2097.62109375,1190.7536527328193
2026-07-20T04:57:25.048913+00:00,10165.0,35.0,99.63,47.0,2097.62109375,1191.0816020071507
2026-07-20T04:57:25.350203+00:00,10165.0,34.0,99.06,47.0,2097.62109375,1191.382892306894
2026-07-20T04:57:25.645745+00:00,10165.0,29.0,99.16,47.0,2097.62109375,1191.6784341558814
2026-07-20T04:57:25.964859+00:00,10165.0,35.0,99.36,47.0,2097.62109375,1191.9975488260388
2026-07-20T04:57:26.284295+00:00,10165.0,37.0,99.29,47.0,2097.62109375,1192.3169842883945
2026-07-20T04:57:26.597413+00:00,10165.0,36.0,99.09,47.0,2097.62109375,1192.6301036663353
2026-07-20T04:57:26.914782+00:00,10165.0,36.0,99.16,47.0,2097.62109375,1192.9474720098078
2026-07-20T04:57:27.208112+00:00,10165.0,36.0,99.42,47.0,2097.62109375,1193.2408018447459
2026-07-20T04:57:27.521795+00:00,10165.0,36.0,99.77,47.0,2097.62109375,1193.5544854998589
2026-07-20T04:57:27.812333+00:00,10165.0,37.0,99.92,47.0,2097.62109375,1193.845024175942
2026-07-20T04:57:28.126729+00:00,10165.0,36.0,100.21,47.0,2097.62109375,1194.1594188660383
2026-07-20T04:57:28.416722+00:00,10165.0,36.0,100.37,47.0,2097.62109375,1194.4494125321507
2026-07-20T04:57:28.710727+00:00,10165.0,3.0,97.65,46.0,2097.62109375,1194.743416454643
2026-07-20T04:57:29.002668+00:00,10165.0,37.0,97.33,46.0,2097.62109375,1195.0353586412966
2026-07-20T04:57:29.318915+00:00,10165.0,37.0,97.18,46.0,2097.62109375,1195.3516051471233
2026-07-20T04:57:29.610076+00:00,10165.0,36.0,98.89,46.0,2097.62109375,1195.6427668519318
2026-07-20T04:57:29.949250+00:00,10165.0,35.0,99.78,47.0,2097.62109375,1195.9819394908845
2026-07-20T04:57:30.263950+00:00,10165.0,37.0,100.22,47.0,2097.62109375,1196.2966395653784
2026-07-20T04:57:30.557638+00:00,10165.0,37.0,100.0,47.0,2097.62109375,1196.5903288535774
2026-07-20T04:57:30.848862+00:00,10165.0,37.0,100.0,47.0,2097.62109375,1196.881553631276
2026-07-20T04:57:31.182910+00:00,10165.0,35.0,99.49,47.0,2097.62109375,1197.2155990600586
2026-07-20T04:57:31.492482+00:00,10165.0,36.0,99.61,47.0,2097.62109375,1197.5251718573272
2026-07-20T04:57:31.807457+00:00,10165.0,36.0,99.73,47.0,2097.62109375,1197.840147908777
2026-07-20T04:57:32.097974+00:00,10165.0,37.0,99.79,47.0,2097.62109375,1198.1306650936604
2026-07-20T04:57:32.387783+00:00,10165.0,37.0,99.84,47.0,2097.62109375,1198.4204735681415
2026-07-20T04:57:32.694739+00:00,10165.0,36.0,99.81,47.0,2097.62109375,1198.7274294868112
2026-07-20T04:57:32.984575+00:00,10165.0,37.0,100.01,47.0,2097.62109375,1199.0172658637166
2026-07-20T04:57:33.293295+00:00,10165.0,37.0,100.06,47.0,2097.62109375,1199.3259853869677
2026-07-20T04:57:33.611691+00:00,10165.0,36.0,100.2,47.0,2097.62109375,1199.6443824023008
2026-07-20T04:57:33.903524+00:00,10165.0,37.0,100.28,47.0,2097.62109375,1199.9362142384052
2026-07-20T04:57:34.194370+00:00,10165.0,37.0,100.43,47.0,2097.62109375,1200.2270607985556
2026-07-20T04:57:34.505456+00:00,10165.0,36.0,100.72,47.0,2097.62109375,1200.5381466597319
2026-07-20T04:57:34.796044+00:00,10165.0,37.0,100.61,47.0,2097.62109375,1200.8287347517908
2026-07-20T04:57:35.126165+00:00,10165.0,37.0,100.24,47.0,2097.62109375,1201.1588542871177
2026-07-20T04:57:35.418194+00:00,10165.0,36.0,100.23,47.0,2097.62109375,1201.4508844278753
2026-07-20T04:57:35.733153+00:00,10165.0,37.0,100.32,47.0,2097.62109375,1201.7658429518342
2026-07-20T04:57:36.044738+00:00,10165.0,36.0,100.49,47.0,2097.62109375,1202.0774282999337
2026-07-20T04:57:36.337491+00:00,10165.0,37.0,100.39,47.0,2097.62109375,1202.3701808191836
2026-07-20T04:57:36.629210+00:00,10165.0,35.0,100.21,47.0,2097.62109375,1202.6618995591998
2026-07-20T04:57:36.924952+00:00,10165.0,36.0,100.29,47.0,2097.62109375,1202.9576428346336
2026-07-20T04:57:37.234952+00:00,10165.0,37.0,100.43,47.0,2097.62109375,1203.26764247939
2026-07-20T04:57:37.562497+00:00,10165.0,36.0,100.73,47.0,2097.62109375,1203.5951863825321
2026-07-20T04:57:37.926925+00:00,10165.0,36.0,100.43,47.0,2097.62109375,1203.9596150964499
2026-07-20T04:57:38.218464+00:00,10165.0,37.0,100.06,47.0,2097.62109375,1204.2511551901698
2026-07-20T04:57:38.556512+00:00,10165.0,37.0,99.75,47.0,2097.62109375,1204.5892026759684
2026-07-20T04:57:38.924221+00:00,10165.0,34.0,99.94,47.0,2097.62109375,1204.9569108262658
2026-07-20T04:57:39.264640+00:00,10165.0,36.0,100.2,47.0,2097.62109375,1205.2973302192986
2026-07-20T04:57:39.624488+00:00,10165.0,34.0,99.97,47.0,2097.62109375,1205.6571779288352
2026-07-20T04:57:39.963155+00:00,10165.0,35.0,99.2,47.0,2097.62109375,1205.9958449192345
2026-07-20T04:57:40.282328+00:00,10165.0,36.0,99.38,47.0,2097.62109375,1206.3150173649192
2026-07-20T04:57:40.602841+00:00,10165.0,36.0,99.36,47.0,2097.62109375,1206.635530564934
2026-07-20T04:57:40.944742+00:00,10165.0,35.0,99.46,47.0,2097.62109375,1206.9774318635464
2026-07-20T04:57:41.262917+00:00,10165.0,36.0,99.16,47.0,2097.62109375,1207.295606225729
2026-07-20T04:57:41.582525+00:00,10165.0,35.0,99.37,47.0,2097.62109375,1207.615214791149
2026-07-20T04:57:41.920948+00:00,10165.0,35.0,99.6,47.0,2097.62109375,1207.953638099134
2026-07-20T04:57:42.238380+00:00,10165.0,36.0,99.71,47.0,2097.62109375,1208.2710703499615
2026-07-20T04:57:42.575435+00:00,10165.0,35.0,99.78,47.0,2097.62109375,1208.608125269413
2026-07-20T04:57:42.894374+00:00,10165.0,35.0,100.0,47.0,2097.62109375,1208.9270643033087
2026-07-20T04:57:43.189922+00:00,10165.0,35.0,99.96,47.0,2097.62109375,1209.2226128205657
2026-07-20T04:57:43.485996+00:00,10165.0,36.0,100.01,47.0,2097.62109375,1209.518684860319
2026-07-20T04:57:43.802436+00:00,10165.0,33.0,100.45,47.0,2097.62109375,1209.8351144008338
2026-07-20T04:57:44.140759+00:00,10165.0,36.0,100.4,47.0,2097.62109375,1210.173449061811
2026-07-20T04:57:44.480844+00:00,10165.0,35.0,100.04,47.0,2097.62109375,1210.5135337747633
2026-07-20T04:57:44.798342+00:00,10165.0,36.0,99.31,47.0,2097.62109375,1210.8310321941972
2026-07-20T04:57:45.137103+00:00,10165.0,36.0,99.21,47.0,2097.62109375,1211.1697936467826
2026-07-20T04:57:45.457721+00:00,10165.0,35.0,99.25,47.0,2097.62109375,1211.4904100969434
2026-07-20T04:57:45.771044+00:00,10165.0,36.0,99.39,47.0,2097.62109375,1211.803733881563
2026-07-20T04:57:46.137570+00:00,10165.0,34.0,100.12,47.0,2097.62109375,1212.1702586896718
2026-07-20T04:57:46.476822+00:00,10165.0,35.0,100.48,47.0,2097.62109375,1212.5095121748745
2026-07-20T04:57:46.816914+00:00,10165.0,34.0,100.26,47.0,2097.62109375,1212.8496033623815
2026-07-20T04:57:47.113252+00:00,10165.0,32.0,99.1,47.0,2097.62109375,1213.145941466093
2026-07-20T04:57:47.434771+00:00,10165.0,35.0,99.15,47.0,2097.62109375,1213.467461321503
2026-07-20T04:57:47.777546+00:00,10165.0,36.0,99.59,47.0,2097.62109375,1213.8102360777557
2026-07-20T04:57:48.094289+00:00,10165.0,36.0,99.79,47.0,2097.62109375,1214.126979060471
2026-07-20T04:57:48.406193+00:00,10165.0,37.0,99.71,47.0,2097.62109375,1214.4388822838664
2026-07-20T04:57:48.722556+00:00,10165.0,35.0,99.67,47.0,2097.62109375,1214.755245219916
2026-07-20T04:57:49.054603+00:00,10165.0,36.0,99.47,47.0,2097.62109375,1215.0872932747006
2026-07-20T04:57:49.396592+00:00,10165.0,36.0,99.42,47.0,2097.62109375,1215.4292816147208
2026-07-20T04:57:49.732484+00:00,10165.0,35.0,99.39,47.0,2097.62109375,1215.7651731483638
2026-07-20T04:57:50.069117+00:00,10165.0,36.0,99.83,47.0,2097.62109375,1216.1018074452877
2026-07-20T04:57:50.434556+00:00,10165.0,34.0,100.33,47.0,2097.62109375,1216.467245746404
2026-07-20T04:57:50.759841+00:00,10165.0,37.0,100.34,47.0,2097.62109375,1216.7925291135907
2026-07-20T04:57:51.079102+00:00,10165.0,34.0,100.16,47.0,2097.62109375,1217.1117908917367
2026-07-20T04:57:51.376208+00:00,10165.0,35.0,100.45,47.0,2097.62109375,1217.4088976718485
2026-07-20T04:57:51.716856+00:00,10165.0,36.0,100.57,47.0,2097.62109375,1217.7495453953743
2026-07-20T04:57:52.012546+00:00,10165.0,36.0,100.29,47.0,2097.62109375,1218.045235838741
2026-07-20T04:57:52.308967+00:00,10165.0,35.0,100.06,47.0,2097.62109375,1218.341656614095
2026-07-20T04:57:52.622020+00:00,10165.0,37.0,100.15,47.0,2097.62109375,1218.6547093503177
2026-07-20T04:57:52.942401+00:00,10165.0,35.0,100.24,47.0,2097.62109375,1218.9750906340778
2026-07-20T04:57:53.280823+00:00,10165.0,36.0,100.45,47.0,2097.62109375,1219.3135129585862
2026-07-20T04:57:53.598621+00:00,10165.0,35.0,100.37,47.0,2097.62109375,1219.6313110217452
2026-07-20T04:57:53.932503+00:00,10165.0,36.0,100.72,47.0,2097.62109375,1219.9651918672025
2026-07-20T04:57:54.296318+00:00,10165.0,34.0,101.17,47.0,2097.62109375,1220.3290009200573
2026-07-20T04:57:54.661663+00:00,10165.0,35.0,100.92,47.0,2097.62109375,1220.6943526417017
2026-07-20T04:57:54.978154+00:00,10165.0,36.0,100.23,47.0,2097.62109375,1221.0108439698815
2026-07-20T04:57:55.315767+00:00,10165.0,34.0,99.23,47.0,2097.62109375,1221.3484563156962
2026-07-20T04:57:55.660671+00:00,10165.0,35.0,99.32,47.0,2097.62109375,1221.6933605000377
2026-07-20T04:57:55.999096+00:00,10165.0,34.0,99.45,47.0,2097.62109375,1222.0317852534354
2026-07-20T04:57:56.340372+00:00,10165.0,36.0,99.62,47.0,2097.62109375,1222.3730625100434
2026-07-20T04:57:56.657138+00:00,10165.0,37.0,99.54,47.0,2097.62109375,1222.689828068018
2026-07-20T04:57:56.997615+00:00,10165.0,36.0,99.46,47.0,2097.62109375,1223.0303057059646
2026-07-20T04:57:57.333211+00:00,10165.0,36.0,99.63,47.0,2097.62109375,1223.3658998198807
2026-07-20T04:57:57.668829+00:00,10165.0,35.0,99.69,47.0,2097.62109375,1223.7015173323452
2026-07-20T04:57:58.004542+00:00,10165.0,35.0,100.03,47.0,2097.62109375,1224.0372319296002
2026-07-20T04:57:58.299752+00:00,10165.0,37.0,100.15,47.0,2097.62109375,1224.3324421830475
2026-07-20T04:57:58.595031+00:00,10165.0,24.0,98.93,47.0,2097.62109375,1224.6277206279337
2026-07-20T04:57:58.915177+00:00,10165.0,36.0,99.07,47.0,2097.62109375,1224.947866614908
2026-07-20T04:57:59.234684+00:00,10165.0,35.0,98.66,47.0,2097.62109375,1225.267374124378
2026-07-20T04:57:59.549820+00:00,10165.0,35.0,99.81,47.0,2097.62109375,1225.5825101360679
2026-07-20T04:57:59.866192+00:00,10165.0,36.0,99.83,47.0,2097.62109375,1225.8988826833665
2026-07-20T04:58:00.180996+00:00,10165.0,37.0,99.93,47.0,2097.62109375,1226.2136858440936
2026-07-20T04:58:00.540514+00:00,10165.0,35.0,99.39,47.0,2097.62109375,1226.5732034668326
2026-07-20T04:58:00.861095+00:00,10165.0,35.0,99.46,47.0,2097.62109375,1226.8937854506075
2026-07-20T04:58:01.185257+00:00,10165.0,34.0,99.5,47.0,2097.62109375,1227.2179418839514
2026-07-20T04:58:01.529140+00:00,10165.0,36.0,100.19,47.0,2097.62109375,1227.5618298612535
2026-07-20T04:58:01.825736+00:00,10165.0,36.0,100.73,47.0,2097.62109375,1227.85842538625
2026-07-20T04:58:02.120496+00:00,10165.0,35.0,100.44,47.0,2097.62109375,1228.153185941279
2026-07-20T04:58:02.480278+00:00,10165.0,35.0,99.94,47.0,2097.62109375,1228.5129674635828
2026-07-20T04:58:02.794297+00:00,10165.0,34.0,99.15,47.0,2097.62109375,1228.8269873037934
2026-07-20T04:58:03.156447+00:00,10165.0,34.0,99.39,47.0,2097.62109375,1229.1891365274787
2026-07-20T04:58:03.473915+00:00,10165.0,35.0,99.64,47.0,2097.62109375,1229.5066051520407
2026-07-20T04:58:03.792304+00:00,10165.0,35.0,99.16,47.0,2097.62109375,1229.824993941933
2026-07-20T04:58:04.128806+00:00,10165.0,36.0,99.08,47.0,2097.62109375,1230.16149655357
2026-07-20T04:58:04.445988+00:00,10165.0,34.0,98.99,47.0,2097.62109375,1230.4786778762937
2026-07-20T04:58:04.763175+00:00,10165.0,35.0,99.59,47.0,2097.62109375,1230.795865278691
2026-07-20T04:58:05.098948+00:00,10165.0,35.0,99.58,47.0,2097.62109375,1231.1316378042102
2026-07-20T04:58:05.465276+00:00,10165.0,37.0,99.73,47.0,2097.62109375,1231.4979658350348
2026-07-20T04:58:05.820648+00:00,10165.0,35.0,99.8,47.0,2097.62109375,1231.8533377870917
2026-07-20T04:58:06.138291+00:00,10165.0,35.0,100.2,47.0,2097.62109375,1232.1709811724722
2026-07-20T04:58:06.496950+00:00,10165.0,35.0,100.63,47.0,2097.62109375,1232.5296393707395
2026-07-20T04:58:06.837351+00:00,10165.0,35.0,100.27,47.0,2097.62109375,1232.8700414784253
2026-07-20T04:58:07.154236+00:00,10165.0,35.0,99.62,47.0,2097.62109375,1233.186925843358
2026-07-20T04:58:07.470498+00:00,10165.0,35.0,99.13,47.0,2097.62109375,1233.5031887106597
2026-07-20T04:58:07.808831+00:00,10165.0,35.0,99.61,47.0,2097.62109375,1233.8415208794177
2026-07-20T04:58:08.144463+00:00,10165.0,36.0,99.76,47.0,2097.62109375,1234.1771528609097
2026-07-20T04:58:08.462291+00:00,10165.0,36.0,99.83,47.0,2097.62109375,1234.494980674237
2026-07-20T04:58:08.829260+00:00,10165.0,35.0,99.67,47.0,2097.62109375,1234.8619500100613
2026-07-20T04:58:09.125948+00:00,10165.0,37.0,99.7,47.0,2097.62109375,1235.1586380898952
2026-07-20T04:58:09.424771+00:00,10165.0,35.0,99.63,47.0,2097.62109375,1235.457461476326
2026-07-20T04:58:09.743466+00:00,10165.0,35.0,99.58,47.0,2097.62109375,1235.7761562764645
2026-07-20T04:58:10.047493+00:00,10165.0,35.0,100.27,47.0,2097.62109375,1236.0801824852824
2026-07-20T04:58:10.389085+00:00,10165.0,36.0,99.84,47.0,2097.62109375,1236.4217751957476
2026-07-20T04:58:10.729483+00:00,10165.0,35.0,99.91,47.0,2097.62109375,1236.762173101306
2026-07-20T04:58:11.046537+00:00,10165.0,36.0,99.14,47.0,2097.62109375,1237.0792262032628
2026-07-20T04:58:11.366726+00:00,10165.0,36.0,99.34,47.0,2097.62109375,1237.399415947497
2026-07-20T04:58:11.705046+00:00,10165.0,36.0,99.24,47.0,2097.62109375,1237.7377360500395
2026-07-20T04:58:12.045030+00:00,10165.0,35.0,99.25,47.0,2097.62109375,1238.0777204595506
2026-07-20T04:58:12.356079+00:00,10165.0,35.0,99.79,47.0,2097.62109375,1238.3887683339417
2026-07-20T04:58:12.669294+00:00,10165.0,24.0,99.07,46.0,2097.62109375,1238.7019839547575
2026-07-20T04:58:12.986126+00:00,10165.0,36.0,99.11,47.0,2097.62109375,1239.0188162736595
2026-07-20T04:58:13.302690+00:00,10165.0,36.0,98.54,47.0,2097.62109375,1239.3353802748024
2026-07-20T04:58:13.622120+00:00,10165.0,36.0,99.15,47.0,2097.62109375,1239.6548098661005
2026-07-20T04:58:13.942795+00:00,10165.0,36.0,99.59,47.0,2097.62109375,1239.975484341383
2026-07-20T04:58:14.262444+00:00,10165.0,37.0,99.51,47.0,2097.62109375,1240.2951336726546
2026-07-20T04:58:14.583640+00:00,10165.0,34.0,100.04,47.0,2097.62109375,1240.6163290515542
2026-07-20T04:58:14.924586+00:00,10165.0,36.0,100.05,47.0,2097.62109375,1240.957276608795
2026-07-20T04:58:15.242648+00:00,10165.0,35.0,99.93,47.0,2097.62109375,1241.275337483734
2026-07-20T04:58:15.562832+00:00,10165.0,37.0,99.31,47.0,2097.62109375,1241.5955201126635
2026-07-20T04:58:15.928987+00:00,10165.0,34.0,99.31,47.0,2097.62109375,1241.9616771489382
2026-07-20T04:58:16.268276+00:00,10165.0,36.0,99.37,47.0,2097.62109375,1242.3009662292898
2026-07-20T04:58:16.609414+00:00,10165.0,34.0,99.51,47.0,2097.62109375,1242.6421046033502
2026-07-20T04:58:16.926413+00:00,10165.0,35.0,100.6,47.0,2097.62109375,1242.95910256356
2026-07-20T04:58:17.261482+00:00,10165.0,36.0,100.76,47.0,2097.62109375,1243.2941717244685
2026-07-20T04:58:17.605383+00:00,10165.0,35.0,100.71,47.0,2097.62109375,1243.6380731463432
2026-07-20T04:58:17.969007+00:00,10165.0,36.0,99.14,47.0,2097.62109375,1244.001690685749
2026-07-20T04:58:18.286378+00:00,10165.0,36.0,98.85,47.0,2097.62109375,1244.3190682940185
2026-07-20T04:58:18.651945+00:00,10165.0,35.0,99.07,47.0,2097.62109375,1244.6846347860992
2026-07-20T04:58:18.971386+00:00,10165.0,35.0,99.97,47.0,2097.6328125,1245.0040752626956
2026-07-20T04:58:19.290402+00:00,10165.0,35.0,99.98,47.0,2097.6328125,1245.3230883516371
2026-07-20T04:58:19.610146+00:00,10165.0,36.0,99.87,47.0,2097.6328125,1245.6428357884288
2026-07-20T04:58:19.934782+00:00,10165.0,32.0,98.89,47.0,2097.6328125,1245.9674723893404
2026-07-20T04:58:20.250006+00:00,10165.0,35.0,98.81,47.0,2097.6328125,1246.2826969139278
2026-07-20T04:58:20.612180+00:00,10165.0,35.0,99.31,47.0,2097.6328125,1246.6448701135814
2026-07-20T04:58:20.976762+00:00,10165.0,36.0,100.09,47.0,2097.6328125,1247.0094522573054
2026-07-20T04:58:21.298689+00:00,10165.0,36.0,100.34,47.0,2097.6328125,1247.3313793875277
2026-07-20T04:58:21.643628+00:00,10165.0,34.0,99.76,47.0,2097.6328125,1247.676318064332
2026-07-20T04:58:21.958539+00:00,10165.0,35.0,99.62,47.0,2097.6328125,1247.991229481995
2026-07-20T04:58:22.301012+00:00,10165.0,33.0,99.72,47.0,2097.6328125,1248.333701401949
2026-07-20T04:58:22.636560+00:00,10165.0,36.0,99.16,47.0,2097.6328125,1248.6692500337958
2026-07-20T04:58:22.976439+00:00,10165.0,34.0,99.16,47.0,2097.6328125,1249.0091286115348
2026-07-20T04:58:23.270695+00:00,10165.0,36.0,98.86,47.0,2097.6328125,1249.303385514766
2026-07-20T04:58:23.583441+00:00,10165.0,37.0,99.48,47.0,2097.6328125,1249.6161319240928
2026-07-20T04:58:23.874636+00:00,10165.0,36.0,99.8,47.0,2097.6328125,1249.907327517867
2026-07-20T04:58:24.166308+00:00,10165.0,35.0,100.05,47.0,2097.6328125,1250.1989989466965
2026-07-20T04:58:24.458578+00:00,10165.0,36.0,99.93,47.0,2097.6328125,1250.4912689514458
2026-07-20T04:58:24.750026+00:00,10165.0,36.0,99.84,47.0,2097.6328125,1250.7827170602977
2026-07-20T04:58:25.091279+00:00,10165.0,37.0,99.98,47.0,2097.6328125,1251.1239699944854
2026-07-20T04:58:25.421953+00:00,10165.0,36.0,100.03,47.0,2097.6328125,1251.4546441845596
2026-07-20T04:58:25.713423+00:00,10165.0,37.0,99.9,47.0,2097.6328125,1251.7461141385138
2026-07-20T04:58:26.004335+00:00,10165.0,36.0,99.71,47.0,2097.6328125,1252.0370182842016
2026-07-20T04:58:26.315656+00:00,10165.0,36.0,99.78,47.0,2097.6328125,1252.348347634077
2026-07-20T04:58:26.633365+00:00,10165.0,36.0,99.8,47.0,2097.6328125,1252.666056022048
2026-07-20T04:58:26.926349+00:00,10165.0,36.0,99.97,47.0,2097.6328125,1252.9590400494635
2026-07-20T04:58:27.234786+00:00,10165.0,37.0,100.14,47.0,2097.6328125,1253.2674775868654
2026-07-20T04:58:27.531362+00:00,10165.0,34.0,100.19,47.0,2097.6328125,1253.564046882093
2026-07-20T04:58:27.841806+00:00,10165.0,37.0,100.31,47.0,2097.6328125,1253.8744973875582
2026-07-20T04:58:28.169137+00:00,10165.0,37.0,100.19,47.0,2097.6328125,1254.201827723533
2026-07-20T04:58:28.460394+00:00,10165.0,37.0,100.09,47.0,2097.6328125,1254.493085578084
2026-07-20T04:58:28.772526+00:00,10165.0,37.0,100.22,47.0,2097.6328125,1254.8052168637514
2026-07-20T04:58:29.064214+00:00,10165.0,36.0,100.04,47.0,2097.6328125,1255.0969042219222
2026-07-20T04:58:29.373681+00:00,10165.0,36.0,100.65,47.0,2097.6328125,1255.4063722901046
2026-07-20T04:58:29.687019+00:00,10165.0,36.0,100.46,47.0,2097.6328125,1255.7197101339698
2026-07-20T04:58:29.994588+00:00,10165.0,35.0,100.38,47.0,2097.6328125,1256.0272793471813
2026-07-20T04:58:30.285964+00:00,10165.0,36.0,99.75,47.0,2097.6328125,1256.3186554089189
2026-07-20T04:58:30.576714+00:00,10165.0,35.0,99.61,47.0,2097.6328125,1256.6094054766
2026-07-20T04:58:30.892878+00:00,10165.0,36.0,99.39,47.0,2097.6328125,1256.9255687184632
2026-07-20T04:58:31.187214+00:00,10165.0,35.0,99.37,47.0,2097.6328125,1257.2199051640928
2026-07-20T04:58:31.479148+00:00,10165.0,36.0,99.49,47.0,2097.6328125,1257.5118392258883
2026-07-20T04:58:31.770324+00:00,10165.0,36.0,99.92,47.0,2097.6328125,1257.8030148297548
2026-07-20T04:58:32.082655+00:00,10165.0,36.0,99.93,47.0,2097.6328125,1258.115346018225
2026-07-20T04:58:32.394597+00:00,10165.0,34.0,99.87,47.0,2097.6328125,1258.4272874742746
2026-07-20T04:58:32.712395+00:00,10165.0,37.0,99.59,47.0,2097.6328125,1258.745085593313
2026-07-20T04:58:33.028822+00:00,10165.0,35.0,99.78,47.0,2097.6328125,1259.0615126118064
2026-07-20T04:58:33.321397+00:00,10165.0,37.0,99.78,47.0,2097.6328125,1259.3540882878006
2026-07-20T04:58:33.613141+00:00,10165.0,36.0,100.21,47.0,2097.6328125,1259.64583190158
2026-07-20T04:58:33.927161+00:00,10165.0,36.0,100.81,47.0,2097.6328125,1259.9598470553756
2026-07-20T04:58:34.218593+00:00,10165.0,36.0,100.56,47.0,2097.6328125,1260.2512848041952
2026-07-20T04:58:34.530403+00:00,10165.0,36.0,100.32,47.0,2097.6328125,1260.563093546778
2026-07-20T04:58:34.842483+00:00,10165.0,36.0,99.72,47.0,2097.6328125,1260.875173844397
2026-07-20T04:58:35.175806+00:00,10165.0,34.0,99.83,47.0,2097.6328125,1261.2084964588284
2026-07-20T04:58:35.489939+00:00,10165.0,35.0,99.89,47.0,2097.6328125,1261.5226292982697
2026-07-20T04:58:35.786986+00:00,10165.0,36.0,99.78,47.0,2097.6328125,1261.8196755759418
2026-07-20T04:58:36.106091+00:00,10165.0,36.0,99.8,47.0,2097.6328125,1262.1387816928327
2026-07-20T04:58:36.421693+00:00,10165.0,35.0,99.98,47.0,2097.6328125,1262.4543839506805
2026-07-20T04:58:36.756382+00:00,10165.0,37.0,100.11,47.0,2097.6328125,1262.7890719547868
2026-07-20T04:58:37.115349+00:00,10165.0,35.0,99.76,47.0,2097.6328125,1263.1480386257172
2026-07-20T04:58:37.459211+00:00,10165.0,36.0,99.57,47.0,2097.6328125,1263.4919013008475
2026-07-20T04:58:37.776916+00:00,10165.0,36.0,99.45,47.0,2097.6328125,1263.8096069842577
2026-07-20T04:58:38.094715+00:00,10165.0,37.0,99.46,47.0,2097.6328125,1264.127405833453
2026-07-20T04:58:38.411738+00:00,10165.0,36.0,99.75,47.0,2097.6328125,1264.4444283358753
2026-07-20T04:58:38.704320+00:00,10165.0,37.0,99.99,47.0,2097.6328125,1264.7370103858411
2026-07-20T04:58:38.995611+00:00,10165.0,37.0,100.14,47.0,2097.6328125,1265.0283023267984
2026-07-20T04:58:39.312602+00:00,10165.0,35.0,100.03,47.0,2097.6328125,1265.3452922478318
2026-07-20T04:58:39.627360+00:00,10165.0,36.0,100.01,47.0,2097.6328125,1265.6600515507162
2026-07-20T04:58:39.918714+00:00,10165.0,37.0,99.92,47.0,2097.6328125,1265.9514051824808
2026-07-20T04:58:40.229236+00:00,10165.0,37.0,100.2,47.0,2097.6328125,1266.2619267180562
2026-07-20T04:58:40.519714+00:00,10165.0,36.0,100.32,47.0,2097.6328125,1266.552405230701
2026-07-20T04:58:40.810581+00:00,10165.0,37.0,100.41,47.0,2097.6328125,1266.8432719781995
2026-07-20T04:58:41.145621+00:00,10165.0,36.0,100.46,47.0,2097.6328125,1267.1783120557666
2026-07-20T04:58:41.459731+00:00,10165.0,35.0,100.49,47.0,2097.6328125,1267.4924209080637
2026-07-20T04:58:41.774964+00:00,10165.0,36.0,100.66,47.0,2097.6328125,1267.807653862983
2026-07-20T04:58:42.068388+00:00,10165.0,36.0,100.94,47.0,2097.6328125,1268.1010793671012
2026-07-20T04:58:42.358551+00:00,10165.0,36.0,100.36,47.0,2097.6328125,1268.3912419006228
2026-07-20T04:58:42.649267+00:00,10165.0,35.0,100.09,47.0,2097.6328125,1268.68195784837
2026-07-20T04:58:42.939925+00:00,10165.0,36.0,99.57,47.0,2097.6328125,1268.9726158455014
2026-07-20T04:58:43.231348+00:00,10165.0,35.0,99.5,47.0,2097.6328125,1269.2640388458967
2026-07-20T04:58:43.551033+00:00,10165.0,36.0,99.68,47.0,2097.6328125,1269.5837235487998
2026-07-20T04:58:43.867887+00:00,10165.0,36.0,99.57,47.0,2097.6328125,1269.900578264147
2026-07-20T04:58:44.159745+00:00,10165.0,36.0,99.52,47.0,2097.6328125,1270.192436043173
2026-07-20T04:58:44.469291+00:00,10165.0,36.0,99.53,47.0,2097.6328125,1270.5019822269678
2026-07-20T04:58:44.782878+00:00,10165.0,35.0,99.58,47.0,2097.6328125,1270.8155692778528
2026-07-20T04:58:45.083831+00:00,10165.0,36.0,99.68,47.0,2097.6328125,1271.1165225356817
2026-07-20T04:58:45.375325+00:00,10165.0,36.0,99.97,47.0,2097.6328125,1271.4080162905157
2026-07-20T04:58:45.688569+00:00,10165.0,36.0,100.18,47.0,2097.6328125,1271.7212596945465
2026-07-20T04:58:45.983003+00:00,10165.0,36.0,100.08,47.0,2097.6328125,1272.0156940072775
2026-07-20T04:58:46.275891+00:00,10165.0,36.0,99.99,47.0,2097.6328125,1272.3085822351277
2026-07-20T04:58:46.567233+00:00,10165.0,35.0,100.12,47.0,2097.6328125,1272.5999238193035
2026-07-20T04:58:46.879358+00:00,10165.0,36.0,100.1,47.0,2097.6328125,1272.912049613893
2026-07-20T04:58:47.219028+00:00,10165.0,35.0,100.03,47.0,2097.6328125,1273.2517189644277
2026-07-20T04:58:47.511387+00:00,10165.0,36.0,99.45,47.0,2097.6328125,1273.5440778695047
2026-07-20T04:58:47.829241+00:00,10165.0,36.0,99.2,47.0,2097.6328125,1273.8619317561388
2026-07-20T04:58:48.140524+00:00,10165.0,36.0,99.39,47.0,2097.6328125,1274.1732151843607
2026-07-20T04:58:48.453515+00:00,10165.0,36.0,99.49,47.0,2097.6328125,1274.486205790192
2026-07-20T04:58:48.767097+00:00,10165.0,36.0,99.7,47.0,2097.6328125,1274.7997872829437
2026-07-20T04:58:49.106272+00:00,10165.0,35.0,99.58,47.0,2097.6328125,1275.138962380588
2026-07-20T04:58:49.399324+00:00,10165.0,36.0,100.32,47.0,2097.6328125,1275.432014875114
2026-07-20T04:58:49.716161+00:00,10165.0,35.0,100.28,47.0,2097.6328125,1275.7488519474864
2026-07-20T04:58:50.039493+00:00,10165.0,34.0,100.12,47.0,2097.6328125,1276.0721835270524
2026-07-20T04:58:50.363403+00:00,10165.0,35.0,99.68,47.0,2097.6328125,1276.3960930407047
2026-07-20T04:58:50.700791+00:00,10165.0,35.0,99.43,47.0,2097.6328125,1276.733481194824
2026-07-20T04:58:50.998102+00:00,10165.0,35.0,99.58,47.0,2097.6328125,1277.0307921618223
2026-07-20T04:58:51.320882+00:00,10165.0,36.0,99.94,47.0,2097.6328125,1277.3535717874765
2026-07-20T04:58:51.638126+00:00,10165.0,35.0,99.93,47.0,2097.6328125,1277.67081579566
2026-07-20T04:58:51.962334+00:00,10165.0,35.0,99.79,47.0,2097.6328125,1277.9950237162411
2026-07-20T04:58:52.304206+00:00,10165.0,37.0,99.46,47.0,2097.6328125,1278.3368964605033
2026-07-20T04:58:52.619467+00:00,10165.0,31.0,99.03,47.0,2097.6328125,1278.6521570831537
2026-07-20T04:58:52.935133+00:00,10165.0,36.0,99.26,47.0,2097.6328125,1278.9678234905005
2026-07-20T04:58:53.251037+00:00,10165.0,37.0,99.46,47.0,2097.6328125,1279.2837278842926
2026-07-20T04:58:53.568208+00:00,10165.0,37.0,99.93,47.0,2097.6328125,1279.6008925884962
2026-07-20T04:58:53.886381+00:00,10165.0,36.0,99.94,47.0,2097.6328125,1279.9190720021725
2026-07-20T04:58:54.205219+00:00,10165.0,37.0,99.98,47.0,2097.6328125,1280.2379093021154
2026-07-20T04:58:54.542935+00:00,10165.0,36.0,100.1,47.0,2097.6328125,1280.5756251700222
2026-07-20T04:58:54.882280+00:00,10165.0,36.0,100.34,47.0,2097.6328125,1280.9149706028402
2026-07-20T04:58:55.197549+00:00,10165.0,37.0,100.4,47.0,2097.6328125,1281.2302397564054
2026-07-20T04:58:55.489857+00:00,10165.0,36.0,100.33,47.0,2097.6328125,1281.5225479826331
2026-07-20T04:58:55.782361+00:00,10165.0,37.0,100.27,47.0,2097.6328125,1281.8150523155928
2026-07-20T04:58:56.095418+00:00,10165.0,36.0,100.6,47.0,2097.6328125,1282.1281085796654
2026-07-20T04:58:56.412653+00:00,10165.0,37.0,100.66,47.0,2097.6328125,1282.4453430622816
2026-07-20T04:58:56.727625+00:00,10165.0,37.0,100.6,47.0,2097.6328125,1282.7603159844875
2026-07-20T04:58:57.019371+00:00,10165.0,36.0,100.44,47.0,2097.6328125,1283.052062548697
2026-07-20T04:58:57.311185+00:00,10165.0,37.0,100.51,47.0,2097.6328125,1283.3438760489225
2026-07-20T04:58:57.622832+00:00,10165.0,36.0,101.06,47.0,2097.6328125,1283.6555229648948
2026-07-20T04:58:57.914211+00:00,10165.0,36.0,100.86,47.0,2097.6328125,1283.9469021707773
2026-07-20T04:58:58.226881+00:00,10165.0,36.0,100.73,47.0,2097.6328125,1284.2595723569393
2026-07-20T04:58:58.536306+00:00,10165.0,36.0,99.61,47.0,2097.6328125,1284.568996746093
2026-07-20T04:58:58.850426+00:00,10165.0,34.0,99.47,47.0,2097.6328125,1284.8831162564456
2026-07-20T04:58:59.167641+00:00,10165.0,36.0,99.44,47.0,2097.6328125,1285.2003317326307
2026-07-20T04:58:59.479545+00:00,10165.0,35.0,99.51,47.0,2097.6328125,1285.5122366435826
2026-07-20T04:58:59.793636+00:00,10165.0,37.0,99.62,47.0,2097.6328125,1285.826327163726
2026-07-20T04:59:00.096042+00:00,10165.0,36.0,100.0,47.0,2097.6328125,1286.128733418882
2026-07-20T04:59:00.405981+00:00,10165.0,37.0,100.02,47.0,2097.6328125,1286.4386719875038
2026-07-20T04:59:00.716330+00:00,10165.0,36.0,100.04,47.0,2097.6328125,1286.7490202374756
2026-07-20T04:59:01.008949+00:00,10165.0,37.0,99.91,47.0,2097.6328125,1287.0416405387223
2026-07-20T04:59:01.301512+00:00,10165.0,36.0,100.12,47.0,2097.6328125,1287.3342028036714
2026-07-20T04:59:01.614824+00:00,10165.0,37.0,100.19,47.0,2097.6328125,1287.6475144177675
2026-07-20T04:59:01.925841+00:00,10165.0,37.0,100.0,47.0,2097.6328125,1287.958532448858
2026-07-20T04:59:02.261653+00:00,10165.0,36.0,100.07,47.0,2097.6328125,1288.294344380498
2026-07-20T04:59:02.622492+00:00,10165.0,36.0,100.31,47.0,2097.6328125,1288.6551829762757
2026-07-20T04:59:02.916734+00:00,10165.0,37.0,100.53,47.0,2097.6328125,1288.9494252353907
2026-07-20T04:59:03.208659+00:00,10165.0,37.0,100.42,47.0,2097.6328125,1289.2413503080606
2026-07-20T04:59:03.536869+00:00,10165.0,37.0,100.33,47.0,2097.6328125,1289.5695605240762
2026-07-20T04:59:03.854482+00:00,10165.0,35.0,100.29,47.0,2097.6328125,1289.8871722593904
2026-07-20T04:59:04.173751+00:00,10165.0,31.0,99.96,47.0,2097.6328125,1290.2064414918423
2026-07-20T04:59:04.490162+00:00,10165.0,36.0,99.0,47.0,2097.640625,1290.522852499038
2026-07-20T04:59:04.833074+00:00,10165.0,35.0,99.22,47.0,2097.640625,1290.865763194859
2026-07-20T04:59:05.151512+00:00,10165.0,36.0,99.3,47.0,2097.640625,1291.1842026673257
2026-07-20T04:59:05.492079+00:00,10165.0,35.0,100.21,47.0,2097.640625,1291.5247693620622
2026-07-20T04:59:05.788433+00:00,10165.0,36.0,100.72,47.0,2097.640625,1291.82112262398
2026-07-20T04:59:06.150851+00:00,10165.0,35.0,100.68,47.0,2097.640625,1292.1835407540202
2026-07-20T04:59:06.469913+00:00,10165.0,36.0,100.45,47.0,2097.640625,1292.5026022680104
2026-07-20T04:59:06.835349+00:00,10165.0,36.0,99.81,47.0,2097.640625,1292.8680382743478
2026-07-20T04:59:07.151034+00:00,10165.0,36.0,99.5,47.0,2097.640625,1293.1837240345776
2026-07-20T04:59:07.443764+00:00,10165.0,37.0,99.56,47.0,2097.640625,1293.4764546714723
2026-07-20T04:59:07.757184+00:00,10165.0,36.0,99.67,47.0,2097.640625,1293.7898750267923
2026-07-20T04:59:08.048394+00:00,10165.0,36.0,99.8,47.0,2097.640625,1294.0810847841203
2026-07-20T04:59:08.381456+00:00,10165.0,35.0,99.72,47.0,2097.640625,1294.4141455553472
2026-07-20T04:59:08.674348+00:00,10165.0,36.0,100.0,47.0,2097.640625,1294.7070395834744
2026-07-20T04:59:09.011352+00:00,10165.0,36.0,99.97,47.0,2097.640625,1295.0440420508385
2026-07-20T04:59:09.348406+00:00,10165.0,35.0,99.89,47.0,2097.640625,1295.3810965418816
2026-07-20T04:59:09.642132+00:00,10165.0,36.0,99.78,47.0,2097.640625,1295.674822576344
2026-07-20T04:59:09.955142+00:00,10165.0,36.0,99.83,47.0,2097.640625,1295.9878330677748
2026-07-20T04:59:10.285742+00:00,10165.0,36.0,99.91,47.0,2097.640625,1296.3184327483177
2026-07-20T04:59:10.577123+00:00,10165.0,36.0,100.14,47.0,2097.640625,1296.609813772142
2026-07-20T04:59:10.891138+00:00,10165.0,36.0,100.46,47.0,2097.640625,1296.9238286279142
2026-07-20T04:59:11.209115+00:00,10165.0,35.0,100.36,47.0,2097.640625,1297.2418052703142
2026-07-20T04:59:11.523753+00:00,10165.0,36.0,100.32,47.0,2097.640625,1297.556443527341
2026-07-20T04:59:11.861796+00:00,10165.0,36.0,99.95,47.0,2097.640625,1297.894487209618
2026-07-20T04:59:12.153617+00:00,10165.0,36.0,100.0,47.0,2097.640625,1298.1863069459796
2026-07-20T04:59:12.444966+00:00,10165.0,36.0,99.96,47.0,2097.640625,1298.477656636387
2026-07-20T04:59:12.735971+00:00,10165.0,37.0,99.94,47.0,2097.640625,1298.7686617672443
2026-07-20T04:59:13.026968+00:00,10165.0,36.0,99.98,47.0,2097.640625,1299.059658896178
2026-07-20T04:59:13.339642+00:00,10165.0,36.0,100.05,47.0,2097.640625,1299.3723330907524
2026-07-20T04:59:13.631943+00:00,10165.0,36.0,100.07,47.0,2097.640625,1299.6646338514984
2026-07-20T04:59:13.923523+00:00,10165.0,36.0,100.15,47.0,2097.640625,1299.956213671714
2026-07-20T04:59:14.215121+00:00,10165.0,35.0,100.45,47.0,2097.640625,1300.2478107064962
2026-07-20T04:59:14.531382+00:00,10165.0,36.0,100.32,47.0,2097.640625,1300.564072895795
2026-07-20T04:59:14.823204+00:00,10165.0,36.0,100.14,47.0,2097.640625,1300.855895344168
2026-07-20T04:59:15.122615+00:00,10165.0,36.0,99.76,47.0,2097.640625,1301.1553061045706
2026-07-20T04:59:15.437332+00:00,10165.0,36.0,99.73,47.0,2097.640625,1301.4700145460665
2026-07-20T04:59:15.754258+00:00,10165.0,36.0,99.63,47.0,2097.640625,1301.7869483754039
2026-07-20T04:59:16.110749+00:00,10165.0,34.0,99.99,47.0,2097.640625,1302.1434327885509
2026-07-20T04:59:16.426033+00:00,10165.0,36.0,99.76,47.0,2097.640625,1302.4587240703404
2026-07-20T04:59:16.738967+00:00,10165.0,36.0,99.69,47.0,2097.640625,1302.7716578543186
2026-07-20T04:59:17.030960+00:00,10165.0,36.0,99.68,47.0,2097.640625,1303.0636506676674
2026-07-20T04:59:17.346035+00:00,10165.0,36.0,99.45,47.0,2097.640625,1303.3787266016006
2026-07-20T04:59:17.661029+00:00,10165.0,36.0,99.49,47.0,2097.640625,1303.6937187872827
2026-07-20T04:59:17.975603+00:00,10165.0,36.0,99.75,47.0,2097.640625,1304.0082931555808
2026-07-20T04:59:18.289163+00:00,10165.0,36.0,99.62,47.0,2097.640625,1304.3218543939292
2026-07-20T04:59:18.604628+00:00,10165.0,36.0,99.6,47.0,2097.640625,1304.6373183317482
2026-07-20T04:59:18.966271+00:00,10165.0,36.0,99.5,47.0,2097.640625,1304.998961072415
2026-07-20T04:59:19.286251+00:00,10165.0,37.0,99.65,47.0,2097.640625,1305.3189410194755
2026-07-20T04:59:19.628984+00:00,10165.0,35.0,99.81,47.0,2097.640625,1305.6616746485233
2026-07-20T04:59:19.968587+00:00,10165.0,36.0,99.96,47.0,2097.640625,1306.001276344061
2026-07-20T04:59:20.307890+00:00,10165.0,35.0,100.17,47.0,2097.640625,1306.3405803143978
2026-07-20T04:59:20.627101+00:00,10165.0,34.0,100.14,47.0,2097.640625,1306.6597912348807
2026-07-20T04:59:20.941989+00:00,10165.0,37.0,100.21,47.0,2097.640625,1306.9746795743704
2026-07-20T04:59:21.237260+00:00,10165.0,36.0,99.89,47.0,2097.640625,1307.2699508294463
2026-07-20T04:59:21.569936+00:00,10165.0,36.0,99.79,47.0,2097.640625,1307.6026258654892
2026-07-20T04:59:21.885175+00:00,10165.0,37.0,99.75,47.0,2097.640625,1307.9178654327989
2026-07-20T04:59:22.221880+00:00,10165.0,36.0,100.19,47.0,2097.640625,1308.2545700520277
2026-07-20T04:59:22.514815+00:00,10165.0,36.0,100.32,47.0,2097.640625,1308.547506712377
2026-07-20T04:59:22.807288+00:00,10165.0,37.0,100.42,47.0,2097.640625,1308.8399746902287
2026-07-20T04:59:23.099915+00:00,10165.0,36.0,100.5,47.0,2097.640625,1309.1326058544219
2026-07-20T04:59:23.391338+00:00,10165.0,37.0,100.41,47.0,2097.640625,1309.4240290485322
2026-07-20T04:59:23.684494+00:00,10165.0,35.0,100.74,47.0,2097.640625,1309.7171848677099
2026-07-20T04:59:23.996780+00:00,10165.0,35.0,101.84,47.0,2097.640625,1310.0294700935483
2026-07-20T04:59:24.308057+00:00,10165.0,37.0,101.9,47.0,2097.640625,1310.3407481126487
2026-07-20T04:59:24.621561+00:00,10165.0,36.0,101.85,47.0,2097.640625,1310.6542515158653
2026-07-20T04:59:24.934689+00:00,10165.0,37.0,100.46,47.0,2097.640625,1310.9673796668649
2026-07-20T04:59:25.247474+00:00,10165.0,36.0,100.48,47.0,2097.640625,1311.2801641188562
2026-07-20T04:59:25.544034+00:00,10165.0,37.0,100.42,47.0,2097.640625,1311.576725423336
2026-07-20T04:59:25.862828+00:00,10165.0,36.0,100.34,47.0,2097.640625,1311.8955184444785
2026-07-20T04:59:26.182239+00:00,10165.0,36.0,100.51,47.0,2097.640625,1312.2149282507598
2026-07-20T04:59:26.500024+00:00,10165.0,35.0,100.7,47.0,2097.640625,1312.5327142886817
2026-07-20T04:59:26.815124+00:00,10165.0,36.0,100.35,47.0,2097.640625,1312.8478146083653
2026-07-20T04:59:27.130626+00:00,10165.0,35.0,99.95,47.0,2097.640625,1313.1633168421686
2026-07-20T04:59:27.489587+00:00,10165.0,36.0,99.5,47.0,2097.640625,1313.5222769156098
2026-07-20T04:59:27.783292+00:00,10165.0,36.0,99.61,47.0,2097.640625,1313.815982464701
2026-07-20T04:59:28.122537+00:00,10165.0,36.0,99.5,47.0,2097.640625,1314.1552275419235
2026-07-20T04:59:28.415566+00:00,10165.0,36.0,99.62,47.0,2097.640625,1314.448257226497
2026-07-20T04:59:28.707970+00:00,10165.0,36.0,99.77,47.0,2097.640625,1314.7406608983874
2026-07-20T04:59:29.022790+00:00,10165.0,36.0,99.79,47.0,2097.640625,1315.0554813966155
2026-07-20T04:59:29.339683+00:00,10165.0,36.0,99.74,47.0,2097.640625,1315.3723731711507
2026-07-20T04:59:29.837499+00:00,10165.0,0.0,92.53,46.0,2120.46875,1315.8701890222728
2026-07-20T04:59:30.159516+00:00,10165.0,9.0,88.04,46.0,2909.53125,1316.1922061555088
2026-07-20T04:59:30.475318+00:00,10165.0,10.0,85.7,46.0,4254.09375,1316.5080082342029
2026-07-20T04:59:30.787932+00:00,10165.0,0.0,85.78,46.0,2107.84375,1316.8206223919988
2026-07-20T04:59:31.154378+00:00,10165.0,36.0,91.23,46.0,2107.84765625,1317.1870681084692
2026-07-20T04:59:31.474582+00:00,10165.0,36.0,95.42,46.0,2107.84765625,1317.507272027433
2026-07-20T04:59:31.768495+00:00,10165.0,36.0,99.12,46.0,2107.84765625,1317.801185388118
2026-07-20T04:59:32.061365+00:00,10165.0,36.0,99.15,46.0,2107.84765625,1318.0940564833581
2026-07-20T04:59:32.376721+00:00,10165.0,36.0,99.68,46.0,2107.84765625,1318.4094114378095
2026-07-20T04:59:32.670499+00:00,10165.0,36.0,100.59,46.0,2107.84765625,1318.7031898498535
2026-07-20T04:59:33.011285+00:00,10165.0,36.0,100.35,46.0,2107.84765625,1319.0439755879343
2026-07-20T04:59:33.334040+00:00,10165.0,36.0,99.9,46.0,2107.84765625,1319.366730261594
2026-07-20T04:59:33.650227+00:00,10165.0,34.0,99.21,46.0,2107.84765625,1319.682916674763
2026-07-20T04:59:33.970650+00:00,10165.0,35.0,99.17,46.0,2107.84765625,1320.0033401697874
2026-07-20T04:59:34.312800+00:00,10165.0,36.0,99.58,46.0,2107.84765625,1320.345489885658
2026-07-20T04:59:34.649663+00:00,10165.0,36.0,99.26,46.0,2107.84765625,1320.6823524832726
2026-07-20T04:59:34.992641+00:00,10165.0,37.0,99.6,46.0,2107.84765625,1321.0253307409585
2026-07-20T04:59:35.356235+00:00,10165.0,37.0,99.89,46.0,2107.84765625,1321.3889250792563
2026-07-20T04:59:35.692424+00:00,10165.0,35.0,100.03,46.0,2107.84765625,1321.7251134328544
2026-07-20T04:59:36.011311+00:00,10165.0,37.0,99.47,46.0,2107.84765625,1322.0439988821745
2026-07-20T04:59:36.353399+00:00,10165.0,36.0,99.97,47.0,2107.84765625,1322.386088050902
2026-07-20T04:59:36.697212+00:00,10165.0,34.0,100.04,46.0,2107.84765625,1322.7299024313688
2026-07-20T04:59:37.036855+00:00,10165.0,36.0,100.42,46.0,2107.84765625,1323.0695447549224
2026-07-20T04:59:37.400880+00:00,10165.0,35.0,99.41,46.0,2107.84765625,1323.4335696026683
2026-07-20T04:59:37.718262+00:00,10165.0,36.0,99.51,46.0,2107.84765625,1323.7509520202875
2026-07-20T04:59:38.019350+00:00,10165.0,36.0,99.55,46.0,2107.84765625,1324.0520400591195
2026-07-20T04:59:38.334899+00:00,10165.0,36.0,99.78,46.0,2107.84765625,1324.3675881922245
2026-07-20T04:59:38.697760+00:00,10165.0,36.0,99.46,46.0,2107.84765625,1324.7304497472942
2026-07-20T04:59:39.190611+00:00,10165.0,36.0,99.3,46.0,2107.8515625,1325.223300166428
2026-07-20T04:59:39.533082+00:00,10165.0,35.0,96.81,46.0,2107.84765625,1325.565771985799
2026-07-20T04:59:39.850248+00:00,10165.0,37.0,97.27,46.0,2107.84765625,1325.8829381391406
2026-07-20T04:59:40.190970+00:00,10165.0,36.0,99.02,46.0,2107.84765625,1326.223659556359
2026-07-20T04:59:40.509708+00:00,10165.0,37.0,99.86,46.0,2107.84765625,1326.5423985160887
2026-07-20T04:59:40.852338+00:00,10165.0,36.0,99.94,46.0,2107.84765625,1326.8850274831057
2026-07-20T04:59:41.149125+00:00,10165.0,36.0,100.47,46.0,2107.84765625,1327.1818147078156
2026-07-20T04:59:41.467241+00:00,10165.0,35.0,100.26,46.0,2107.84765625,1327.4999296180904
2026-07-20T04:59:41.790318+00:00,10165.0,29.0,99.5,46.0,2107.84765625,1327.8230077959597
2026-07-20T04:59:42.152176+00:00,10165.0,35.0,97.98,46.0,2107.84765625,1328.1848649717867
2026-07-20T04:59:42.473197+00:00,10165.0,35.0,98.24,46.0,2107.84765625,1328.5058873966336
2026-07-20T04:59:42.789389+00:00,10165.0,36.0,98.63,46.0,2107.84765625,1328.8220783807337
2026-07-20T04:59:43.113001+00:00,10165.0,37.0,100.13,46.0,2107.84765625,1329.145690843463
2026-07-20T04:59:43.429951+00:00,10165.0,36.0,99.8,46.0,2107.84765625,1329.4626400656998
2026-07-20T04:59:43.750165+00:00,10165.0,35.0,99.67,46.0,2107.84765625,1329.7828543819487
2026-07-20T04:59:44.070091+00:00,10165.0,35.0,99.21,46.0,2107.84765625,1330.102780804038
2026-07-20T04:59:44.391376+00:00,10165.0,37.0,99.26,46.0,2107.84765625,1330.4240647219121
2026-07-20T04:59:44.710291+00:00,10165.0,35.0,99.07,46.0,2107.84765625,1330.7429802268744
2026-07-20T04:59:45.035921+00:00,10165.0,36.0,99.08,46.0,2107.84765625,1331.0686112754047
2026-07-20T04:59:45.404654+00:00,10165.0,35.0,99.38,46.0,2107.84765625,1331.437343608588
2026-07-20T04:59:45.744635+00:00,10165.0,35.0,100.49,46.0,2107.84765625,1331.7773236110806
2026-07-20T04:59:46.108828+00:00,10165.0,35.0,100.97,46.0,2107.84765625,1332.141516841948
2026-07-20T04:59:46.448746+00:00,10165.0,35.0,100.35,46.0,2107.84765625,1332.4814357832074
2026-07-20T04:59:46.766360+00:00,10165.0,37.0,99.79,46.0,2107.84765625,1332.7990499958396
2026-07-20T04:59:47.088401+00:00,10165.0,37.0,99.5,46.0,2107.84765625,1333.1210910752416
2026-07-20T04:59:47.406840+00:00,10165.0,36.0,99.34,46.0,2107.84765625,1333.4395302310586
2026-07-20T04:59:47.748807+00:00,10165.0,34.0,99.38,46.0,2107.84765625,1333.7814963795245
2026-07-20T04:59:48.084743+00:00,10165.0,37.0,99.29,46.0,2107.84765625,1334.1174326613545
2026-07-20T04:59:48.402225+00:00,10165.0,35.0,99.31,46.0,2107.84765625,1334.4349151030183
2026-07-20T04:59:48.722674+00:00,10165.0,34.0,99.68,46.0,2107.84765625,1334.755363535136
2026-07-20T04:59:49.060724+00:00,10165.0,37.0,99.5,46.0,2107.84765625,1335.0934136658907
2026-07-20T04:59:49.374302+00:00,10165.0,34.0,99.4,46.0,2107.84765625,1335.4069919921458
2026-07-20T04:59:49.694204+00:00,10165.0,35.0,99.08,46.0,2107.84765625,1335.726893439889
2026-07-20T04:59:50.039849+00:00,10165.0,36.0,99.92,47.0,2107.84765625,1336.072538651526
2026-07-20T04:59:50.357863+00:00,10165.0,35.0,100.18,46.0,2107.84765625,1336.3905533626676
2026-07-20T04:59:50.717072+00:00,10165.0,35.0,99.86,46.0,2107.84765625,1336.7497620992362
2026-07-20T04:59:51.061221+00:00,10165.0,37.0,99.04,46.0,2107.84765625,1337.0939103737473
2026-07-20T04:59:51.358531+00:00,10165.0,36.0,98.85,46.0,2107.84765625,1337.3912205807865
2026-07-20T04:59:51.656288+00:00,10165.0,36.0,98.9,46.0,2107.84765625,1337.6889783479273
2026-07-20T04:59:51.978785+00:00,10165.0,35.0,99.17,46.0,2107.84765625,1338.0114752314985
2026-07-20T04:59:52.320921+00:00,10165.0,37.0,99.42,46.0,2107.84765625,1338.3536102063954
2026-07-20T04:59:52.644257+00:00,10165.0,36.0,99.81,46.0,2107.84765625,1338.6769461147487
2026-07-20T04:59:52.984784+00:00,10165.0,35.0,100.3,47.0,2107.84765625,1339.0174733698368
2026-07-20T04:59:53.302438+00:00,10165.0,35.0,100.1,46.0,2107.84765625,1339.33512782678
2026-07-20T04:59:53.641599+00:00,10165.0,35.0,99.83,46.0,2107.84765625,1339.6742885150015
2026-07-20T04:59:53.966896+00:00,10165.0,35.0,99.26,46.0,2107.84765625,1339.9995855689049
2026-07-20T04:59:54.264291+00:00,10165.0,34.0,99.04,46.0,2107.84765625,1340.296980585903
2026-07-20T04:59:54.581911+00:00,10165.0,37.0,99.75,47.0,2107.84765625,1340.6145999729633
2026-07-20T04:59:54.901865+00:00,10165.0,36.0,99.56,46.0,2107.84765625,1340.934555761516
2026-07-20T04:59:55.240351+00:00,10165.0,36.0,99.7,46.0,2107.84765625,1341.2730408124626
2026-07-20T04:59:55.561025+00:00,10165.0,37.0,99.07,46.0,2107.84765625,1341.5937147662044
2026-07-20T04:59:55.928935+00:00,10165.0,35.0,99.13,46.0,2107.84765625,1341.9616253003478
2026-07-20T04:59:56.250414+00:00,10165.0,35.0,99.28,46.0,2107.84765625,1342.2831037081778
2026-07-20T04:59:56.616504+00:00,10165.0,35.0,99.97,46.0,2107.84765625,1342.6491940282285
2026-07-20T04:59:56.960643+00:00,10165.0,35.0,100.18,46.0,2107.84765625,1342.9933332167566
2026-07-20T04:59:57.278889+00:00,10165.0,35.0,99.93,46.0,2107.84765625,1343.3115792758763
2026-07-20T04:59:57.644810+00:00,10165.0,35.0,99.56,46.0,2107.84765625,1343.6775001361966
2026-07-20T04:59:57.967096+00:00,10165.0,32.0,99.32,46.0,2107.84765625,1343.99978595227
2026-07-20T04:59:58.308630+00:00,10165.0,34.0,99.28,46.0,2107.84765625,1344.3413202278316
2026-07-20T04:59:58.629294+00:00,10165.0,36.0,99.03,46.0,2107.84765625,1344.661984089762
2026-07-20T04:59:58.973087+00:00,10165.0,35.0,99.08,46.0,2107.84765625,1345.0057776682079
2026-07-20T04:59:59.316507+00:00,10165.0,33.0,99.52,46.0,2107.84765625,1345.3491976745427
2026-07-20T04:59:59.638458+00:00,10165.0,35.0,99.5,46.0,2107.84765625,1345.6711477153003
2026-07-20T04:59:59.997083+00:00,10165.0,36.0,99.79,46.0,2107.84765625,1346.0297735407948
2026-07-20T05:00:00.317823+00:00,10165.0,35.0,99.45,46.0,2107.84765625,1346.3505128026009
2026-07-20T05:00:00.655364+00:00,10165.0,36.0,99.77,46.0,2107.84765625,1346.688054036349
2026-07-20T05:00:00.991717+00:00,10165.0,35.0,99.65,46.0,2107.84765625,1347.024406388402
2026-07-20T05:00:01.314295+00:00,10165.0,36.0,99.65,46.0,2107.84765625,1347.3469847999513
2026-07-20T05:00:01.633655+00:00,10165.0,34.0,99.62,46.0,2107.84765625,1347.6663445718586
2026-07-20T05:00:01.973243+00:00,10165.0,35.0,99.59,46.0,2107.84765625,1348.0059339180589
2026-07-20T05:00:02.332957+00:00,10165.0,36.0,99.94,46.0,2107.84765625,1348.3656462058425
2026-07-20T05:00:02.654902+00:00,10165.0,33.0,99.59,46.0,2107.84765625,1348.6875915527344
2026-07-20T05:00:02.992625+00:00,10165.0,35.0,99.26,46.0,2107.84765625,1349.0253150761127
2026-07-20T05:00:03.333915+00:00,10165.0,35.0,99.54,46.0,2107.84765625,1349.3666044436395
2026-07-20T05:00:03.649991+00:00,10165.0,36.0,99.7,46.0,2107.84765625,1349.682681966573
2026-07-20T05:00:03.968250+00:00,10165.0,36.0,99.94,46.0,2107.84765625,1350.0009399913251
2026-07-20T05:00:04.291239+00:00,10165.0,34.0,99.65,46.0,2107.84765625,1350.3239291235805
2026-07-20T05:00:04.610772+00:00,10165.0,35.0,99.91,46.0,2107.84765625,1350.643461484462
2026-07-20T05:00:04.953217+00:00,10165.0,34.0,99.77,46.0,2107.84765625,1350.9859075136483
2026-07-20T05:00:05.275150+00:00,10165.0,36.0,99.78,46.0,2107.84765625,1351.30783816427
2026-07-20T05:00:05.594369+00:00,10165.0,35.0,99.92,46.0,2107.84765625,1351.6270593255758
2026-07-20T05:00:05.914578+00:00,10165.0,36.0,100.02,46.0,2107.84765625,1351.9472681507468
2026-07-20T05:00:06.234178+00:00,10165.0,37.0,99.94,46.0,2107.84765625,1352.2668682150543
2026-07-20T05:00:06.550590+00:00,10165.0,36.0,100.23,47.0,2107.84765625,1352.5832798182964
2026-07-20T05:00:06.913191+00:00,10165.0,36.0,99.81,46.0,2107.84765625,1352.945881266147
2026-07-20T05:00:07.234474+00:00,10165.0,36.0,99.84,46.0,2107.84765625,1353.2671636641026
2026-07-20T05:00:07.550757+00:00,10165.0,34.0,99.27,46.0,2107.84765625,1353.583447381854
2026-07-20T05:00:07.893898+00:00,10165.0,36.0,99.24,46.0,2107.84765625,1353.9265876114368
2026-07-20T05:00:08.208294+00:00,10165.0,36.0,99.22,46.0,2107.84765625,1354.2409837953746
2026-07-20T05:00:08.521676+00:00,10165.0,35.0,99.46,46.0,2107.84765625,1354.5543662048876
2026-07-20T05:00:08.819283+00:00,10165.0,35.0,99.86,46.0,2107.84765625,1354.851972475648
2026-07-20T05:00:09.137990+00:00,10165.0,35.0,100.17,46.0,2107.84765625,1355.1706801988184
2026-07-20T05:00:09.480863+00:00,10165.0,35.0,100.31,47.0,2107.84765625,1355.513552337885
2026-07-20T05:00:09.824838+00:00,10165.0,35.0,100.26,46.0,2107.84765625,1355.857527770102
2026-07-20T05:00:10.148453+00:00,10165.0,35.0,100.1,46.0,2107.84765625,1356.18114368245
2026-07-20T05:00:10.465318+00:00,10165.0,35.0,99.73,46.0,2107.84765625,1356.4980077445507
2026-07-20T05:00:10.786927+00:00,10165.0,36.0,98.97,46.0,2107.84765625,1356.8196170181036
2026-07-20T05:00:11.164021+00:00,10165.0,37.0,98.8,46.0,2107.84765625,1357.1967112720013
2026-07-20T05:00:11.520466+00:00,10165.0,37.0,99.29,46.0,2107.84765625,1357.5531563721597
2026-07-20T05:00:11.838157+00:00,10165.0,34.0,100.34,47.0,2107.84765625,1357.870847273618
2026-07-20T05:00:12.158376+00:00,10165.0,36.0,100.2,46.0,2107.84765625,1358.191056970507
2026-07-20T05:00:12.479233+00:00,10165.0,35.0,100.21,46.0,2107.84765625,1358.5119229853153
2026-07-20T05:00:12.801695+00:00,10165.0,36.0,99.78,46.0,2107.84765625,1358.8343854285777
2026-07-20T05:00:13.165806+00:00,10165.0,37.0,99.35,46.0,2107.84765625,1359.1984890699387
2026-07-20T05:00:13.486650+00:00,10165.0,35.0,99.5,46.0,2107.84765625,1359.5193393230438
2026-07-20T05:00:13.829087+00:00,10165.0,36.0,99.95,46.0,2107.84765625,1359.8617771230638
2026-07-20T05:00:14.196746+00:00,10165.0,35.0,100.03,46.0,2107.84765625,1360.2294353544712
2026-07-20T05:00:14.513974+00:00,10165.0,36.0,99.96,46.0,2107.84765625,1360.5466635003686
2026-07-20T05:00:14.880730+00:00,10165.0,34.0,100.49,46.0,2107.84765625,1360.9134202226996
2026-07-20T05:00:15.177487+00:00,10165.0,35.0,100.01,46.0,2107.84765625,1361.2101762592793
2026-07-20T05:00:15.476423+00:00,10165.0,36.0,99.84,46.0,2107.84765625,1361.5091130658984
2026-07-20T05:00:15.773961+00:00,10165.0,36.0,99.69,46.0,2107.84765625,1361.806651134044
2026-07-20T05:00:16.094664+00:00,10165.0,36.0,99.22,46.0,2107.84765625,1362.127353489399
2026-07-20T05:00:16.437493+00:00,10165.0,35.0,99.32,46.0,2107.84765625,1362.4701825715601
2026-07-20T05:00:16.758790+00:00,10165.0,35.0,99.08,46.0,2107.84765625,1362.791480191052
2026-07-20T05:00:17.079229+00:00,10165.0,35.0,99.09,46.0,2107.84765625,1363.1119190827012
2026-07-20T05:00:17.398863+00:00,10165.0,35.0,99.17,46.0,2107.84765625,1363.4315526038408
2026-07-20T05:00:17.694189+00:00,10165.0,37.0,99.55,46.0,2107.84765625,1363.7268790118396
2026-07-20T05:00:18.011589+00:00,10165.0,37.0,99.58,46.0,2107.84765625,1364.0442802980542
2026-07-20T05:00:18.326730+00:00,10165.0,36.0,99.8,46.0,2107.84765625,1364.3594207018614
2026-07-20T05:00:18.618813+00:00,10165.0,36.0,100.04,46.0,2107.84765625,1364.651504829526
2026-07-20T05:00:18.934835+00:00,10165.0,36.0,100.05,46.0,2107.84765625,1364.9675258174539
2026-07-20T05:00:19.267364+00:00,10165.0,34.0,99.85,46.0,2107.84765625,1365.3000528737903
2026-07-20T05:00:19.606209+00:00,10165.0,36.0,99.35,46.0,2107.84765625,1365.6388998925686
2026-07-20T05:00:19.945571+00:00,10165.0,36.0,99.38,46.0,2107.84765625,1365.9782619960606
2026-07-20T05:00:20.258800+00:00,10165.0,36.0,99.57,46.0,2107.84765625,1366.2914910912514
2026-07-20T05:00:20.552153+00:00,10165.0,36.0,99.62,46.0,2107.84765625,1366.5848439000547
2026-07-20T05:00:20.866281+00:00,10165.0,36.0,99.81,46.0,2107.84765625,1366.8989722579718
2026-07-20T05:00:21.227280+00:00,10165.0,35.0,99.98,46.0,2107.84765625,1367.259970355779
2026-07-20T05:00:21.545086+00:00,10165.0,36.0,99.93,46.0,2107.84765625,1367.5777751989663
2026-07-20T05:00:21.860175+00:00,10165.0,37.0,100.44,46.0,2107.84765625,1367.8928656615317
2026-07-20T05:00:22.153326+00:00,10165.0,36.0,100.27,46.0,2107.84765625,1368.1860172897577
2026-07-20T05:00:22.463474+00:00,10165.0,36.0,100.5,46.0,2107.84765625,1368.4961648844182
2026-07-20T05:00:22.769131+00:00,10165.0,35.0,100.41,46.0,2107.84765625,1368.801821835339
2026-07-20T05:00:23.078473+00:00,10165.0,36.0,99.7,46.0,2107.84765625,1369.1111643463373
2026-07-20T05:00:23.392402+00:00,10165.0,35.0,99.6,46.0,2107.84765625,1369.4250920116901
2026-07-20T05:00:23.703413+00:00,10165.0,36.0,99.72,46.0,2107.84765625,1369.7361033856869
2026-07-20T05:00:23.997150+00:00,10165.0,37.0,99.74,46.0,2107.84765625,1370.0298412814736
2026-07-20T05:00:24.289747+00:00,10165.0,36.0,100.0,47.0,2107.84765625,1370.3224384784698
2026-07-20T05:00:24.582257+00:00,10165.0,36.0,100.07,46.0,2107.84765625,1370.6149479039013
2026-07-20T05:00:24.894752+00:00,10165.0,35.0,100.1,46.0,2107.84765625,1370.9274428598583
2026-07-20T05:00:25.205599+00:00,10165.0,36.0,100.02,46.0,2107.84765625,1371.2382898516953
2026-07-20T05:00:25.515888+00:00,10165.0,35.0,99.69,46.0,2107.84765625,1371.5485790520906
2026-07-20T05:00:25.825492+00:00,10165.0,36.0,99.76,46.0,2107.84765625,1371.8581773005426
2026-07-20T05:00:26.136215+00:00,10165.0,36.0,99.81,46.0,2107.84765625,1372.1689049303532
2026-07-20T05:00:26.445507+00:00,10165.0,36.0,100.23,47.0,2107.84765625,1372.478196658194
2026-07-20T05:00:26.738347+00:00,10165.0,37.0,100.29,46.0,2107.84765625,1372.7710375227034
2026-07-20T05:00:27.054340+00:00,10165.0,34.0,100.17,46.0,2107.84765625,1373.0870290249586
2026-07-20T05:00:27.368028+00:00,10165.0,37.0,100.32,46.0,2107.84765625,1373.4007182270288
2026-07-20T05:00:27.707279+00:00,10165.0,36.0,99.51,46.0,2107.84765625,1373.739969458431
2026-07-20T05:00:28.002341+00:00,10165.0,36.0,99.58,46.0,2107.84765625,1374.0350316241384
2026-07-20T05:00:28.295554+00:00,10165.0,36.0,99.78,46.0,2107.84765625,1374.3282447941601
2026-07-20T05:00:28.609202+00:00,10165.0,36.0,99.77,46.0,2107.84765625,1374.6418931484222
2026-07-20T05:00:28.925195+00:00,10165.0,36.0,99.79,46.0,2107.84765625,1374.957885965705
2026-07-20T05:00:29.217095+00:00,10165.0,36.0,99.82,46.0,2107.84765625,1375.2497862949967
2026-07-20T05:00:29.554866+00:00,10165.0,35.0,99.82,46.0,2107.8515625,1375.5875567309558
2026-07-20T05:00:29.900384+00:00,10165.0,35.0,99.77,46.0,2107.8515625,1375.9330744445324
2026-07-20T05:00:30.198840+00:00,10165.0,36.0,99.83,46.0,2107.8515625,1376.2315292432904
2026-07-20T05:00:30.498150+00:00,10165.0,36.0,100.18,46.0,2107.8515625,1376.5308394022286
2026-07-20T05:00:30.799317+00:00,10165.0,33.0,100.11,46.0,2107.8515625,1376.8320075199008
2026-07-20T05:00:31.141457+00:00,10165.0,36.0,99.46,46.0,2107.8515625,1377.174146361649
2026-07-20T05:00:31.484761+00:00,10165.0,35.0,98.97,46.0,2107.8515625,1377.5174502506852
2026-07-20T05:00:31.806757+00:00,10165.0,35.0,99.12,46.0,2107.8515625,1377.8394470438361
2026-07-20T05:00:32.123347+00:00,10165.0,35.0,99.44,46.0,2107.8515625,1378.1560364551842
2026-07-20T05:00:32.462307+00:00,10165.0,37.0,99.6,46.0,2107.8515625,1378.4949971698225
2026-07-20T05:00:32.755487+00:00,10165.0,37.0,99.73,46.0,2107.8515625,1378.7881777696311
2026-07-20T05:00:33.047950+00:00,10165.0,37.0,99.87,46.0,2107.8515625,1379.0806407630444
2026-07-20T05:00:33.340023+00:00,10165.0,37.0,99.9,46.0,2107.8515625,1379.3727136999369
2026-07-20T05:00:33.632667+00:00,10165.0,35.0,101.08,47.0,2107.8515625,1379.6653575003147
2026-07-20T05:00:33.974941+00:00,10165.0,35.0,101.32,46.0,2107.8515625,1380.0076313614845
2026-07-20T05:00:34.268367+00:00,10165.0,37.0,101.12,46.0,2107.8515625,1380.3010572716594
2026-07-20T05:00:34.561239+00:00,10165.0,37.0,100.85,46.0,2107.8515625,1380.5939298793674
2026-07-20T05:00:34.853369+00:00,10165.0,36.0,100.04,46.0,2107.8515625,1380.8860599137843
2026-07-20T05:00:35.169424+00:00,10165.0,37.0,100.07,46.0,2107.8515625,1381.2021148316562
2026-07-20T05:00:35.462525+00:00,10165.0,36.0,100.1,46.0,2107.8515625,1381.495215676725
2026-07-20T05:00:35.754479+00:00,10165.0,37.0,100.26,46.0,2107.8515625,1381.7871702313423
2026-07-20T05:00:36.116406+00:00,10165.0,35.0,100.22,46.0,2107.8515625,1382.1490964442492
2026-07-20T05:00:36.433526+00:00,10165.0,36.0,100.43,46.0,2107.8515625,1382.4662172049284
2026-07-20T05:00:36.746212+00:00,10165.0,37.0,100.38,46.0,2107.8515625,1382.778903067112
2026-07-20T05:00:37.089411+00:00,10165.0,37.0,100.18,46.0,2107.8515625,1383.1221009418368
2026-07-20T05:00:37.407102+00:00,10165.0,36.0,100.06,46.0,2107.8515625,1383.4397930838168
2026-07-20T05:00:37.722659+00:00,10165.0,37.0,99.86,46.0,2107.8515625,1383.7553499303758
2026-07-20T05:00:38.014978+00:00,10165.0,36.0,100.33,46.0,2107.8515625,1384.047668300569
2026-07-20T05:00:38.332159+00:00,10165.0,37.0,100.47,46.0,2107.8515625,1384.3648497238755
2026-07-20T05:00:38.626300+00:00,10165.0,36.0,100.36,46.0,2107.8515625,1384.658991228789
2026-07-20T05:00:38.965455+00:00,10165.0,37.0,100.45,46.0,2107.8515625,1384.9981460161507
2026-07-20T05:00:39.258107+00:00,10165.0,36.0,100.82,47.0,2107.8515625,1385.2907983325422
2026-07-20T05:00:39.550030+00:00,10165.0,37.0,100.75,46.0,2107.8515625,1385.582721427083
2026-07-20T05:00:39.842273+00:00,10165.0,36.0,100.69,46.0,2107.8515625,1385.8749644681811
2026-07-20T05:00:40.157636+00:00,10165.0,37.0,100.34,46.0,2107.8515625,1386.1903268247843
2026-07-20T05:00:40.476126+00:00,10165.0,36.0,99.77,46.0,2107.8515625,1386.5088168419898
2026-07-20T05:00:40.769834+00:00,10165.0,36.0,100.17,46.0,2107.8515625,1386.802524831146
2026-07-20T05:00:41.087320+00:00,10165.0,36.0,100.06,46.0,2107.8515625,1387.1200110204518
2026-07-20T05:00:41.425806+00:00,10165.0,35.0,100.17,46.0,2107.8515625,1387.4584962017834
2026-07-20T05:00:41.739206+00:00,10165.0,36.0,100.01,46.0,2107.8515625,1387.7718968577683
2026-07-20T05:00:42.032373+00:00,10165.0,36.0,100.05,46.0,2107.8515625,1388.0650637447834
2026-07-20T05:00:42.351210+00:00,10165.0,36.0,99.93,46.0,2107.8515625,1388.383899204433
2026-07-20T05:00:42.665304+00:00,10165.0,37.0,99.41,46.0,2107.8515625,1388.6979937367141
2026-07-20T05:00:42.983312+00:00,10165.0,36.0,99.54,46.0,2107.8515625,1389.0160032212734
2026-07-20T05:00:43.278432+00:00,10165.0,37.0,99.67,46.0,2107.8515625,1389.3111226968467
2026-07-20T05:00:43.616985+00:00,10165.0,37.0,99.46,46.0,2107.8515625,1389.649675939232
2026-07-20T05:00:43.954514+00:00,10165.0,35.0,99.68,46.0,2107.8515625,1389.9872045777738
2026-07-20T05:00:44.292452+00:00,10165.0,35.0,100.47,46.0,2107.8515625,1390.3251418843865
2026-07-20T05:00:44.625357+00:00,10165.0,34.0,100.25,46.0,2107.8515625,1390.6580475457013
2026-07-20T05:00:44.947056+00:00,10165.0,36.0,100.11,46.0,2107.8515625,1390.97974576056
2026-07-20T05:00:45.290828+00:00,10165.0,36.0,99.54,46.0,2107.8515625,1391.323517408222
2026-07-20T05:00:45.588889+00:00,10165.0,35.0,99.8,46.0,2107.8515625,1391.6215789057314
2026-07-20T05:00:45.956899+00:00,10165.0,37.0,100.03,46.0,2107.8515625,1391.9895879477262
2026-07-20T05:00:46.278309+00:00,10165.0,36.0,99.56,46.0,2107.8515625,1392.3109989389777
2026-07-20T05:00:46.620839+00:00,10165.0,37.0,99.33,46.0,2107.8515625,1392.653528895229
2026-07-20T05:00:46.940800+00:00,10165.0,36.0,99.52,46.0,2107.8515625,1392.9734909161925
2026-07-20T05:00:47.234648+00:00,10165.0,36.0,99.89,46.0,2107.8515625,1393.267338708043
2026-07-20T05:00:47.554412+00:00,10165.0,34.0,99.68,46.0,2107.8515625,1393.5871018245816
2026-07-20T05:00:47.849590+00:00,10165.0,36.0,99.16,46.0,2107.8515625,1393.8822812438011
2026-07-20T05:00:48.166466+00:00,10165.0,37.0,99.27,46.0,2107.8515625,1394.1991576179862
2026-07-20T05:00:48.459074+00:00,10165.0,36.0,99.98,46.0,2107.8515625,1394.4917649179697
2026-07-20T05:00:48.778104+00:00,10165.0,36.0,99.91,46.0,2107.8515625,1394.8107945285738
2026-07-20T05:00:49.073212+00:00,10165.0,36.0,99.78,46.0,2107.8515625,1395.105902697891
2026-07-20T05:00:49.366864+00:00,10165.0,36.0,99.74,46.0,2107.8515625,1395.3995550088584
2026-07-20T05:00:49.659277+00:00,10165.0,36.0,99.46,46.0,2107.8515625,1395.6919679306448
2026-07-20T05:00:49.975114+00:00,10165.0,37.0,100.32,46.0,2107.8515625,1396.0078051947057
2026-07-20T05:00:50.291155+00:00,10165.0,36.0,100.49,46.0,2107.8515625,1396.32384531945
2026-07-20T05:00:50.584085+00:00,10165.0,36.0,100.35,46.0,2107.8515625,1396.616776432842
2026-07-20T05:00:50.941865+00:00,10165.0,35.0,99.6,46.0,2107.8515625,1396.9745552055538
2026-07-20T05:00:51.257124+00:00,10165.0,37.0,99.56,46.0,2107.8515625,1397.2898143455386
2026-07-20T05:00:51.590310+00:00,10165.0,36.0,99.47,46.0,2107.8515625,1397.6230007819831
2026-07-20T05:00:51.902786+00:00,10165.0,36.0,99.48,46.0,2107.8515625,1397.9354761503637
2026-07-20T05:00:52.195493+00:00,10165.0,36.0,99.9,46.0,2107.8515625,1398.2281839102507
2026-07-20T05:00:52.492079+00:00,10165.0,35.0,99.92,46.0,2107.8515625,1398.5247683003545
2026-07-20T05:00:52.786833+00:00,10165.0,36.0,100.02,46.0,2107.8515625,1398.8195237852633
2026-07-20T05:00:53.118775+00:00,10165.0,36.0,99.58,46.0,2107.8515625,1399.151465203613
2026-07-20T05:00:53.431751+00:00,10165.0,36.0,99.52,46.0,2107.8515625,1399.464441869408
2026-07-20T05:00:53.725721+00:00,10165.0,36.0,99.52,46.0,2107.8515625,1399.7584113888443
2026-07-20T05:00:54.068534+00:00,10165.0,36.0,99.62,46.0,2107.8515625,1400.1012231744826
2026-07-20T05:00:54.389112+00:00,10165.0,37.0,99.63,46.0,2107.8515625,1400.4218019805849
2026-07-20T05:00:54.705690+00:00,10165.0,36.0,99.61,46.0,2107.8515625,1400.7383813112974
2026-07-20T05:00:54.998744+00:00,10165.0,35.0,99.71,46.0,2107.8515625,1401.0314347445965
2026-07-20T05:00:55.314915+00:00,10165.0,36.0,99.88,46.0,2107.8515625,1401.347605213523
2026-07-20T05:00:55.608956+00:00,10165.0,36.0,100.13,46.0,2107.8515625,1401.6416459009051
2026-07-20T05:00:55.901843+00:00,10165.0,35.0,99.98,46.0,2107.8515625,1401.934534944594
2026-07-20T05:00:56.195275+00:00,10165.0,36.0,100.23,46.0,2107.8515625,1402.2279661148787
2026-07-20T05:00:56.489191+00:00,10165.0,36.0,100.25,46.0,2107.8515625,1402.5218814462423
2026-07-20T05:00:56.805832+00:00,10165.0,35.0,100.27,46.0,2107.8515625,1402.8385226503015
2026-07-20T05:00:57.119319+00:00,10165.0,36.0,100.34,46.0,2107.8515625,1403.1520107388496
2026-07-20T05:00:57.434594+00:00,10165.0,34.0,100.48,46.0,2107.8515625,1403.4672843441367
2026-07-20T05:00:57.750119+00:00,10165.0,36.0,100.12,46.0,2107.8515625,1403.7828098982573
2026-07-20T05:00:58.066826+00:00,10165.0,36.0,99.9,46.0,2107.8515625,1404.0995167903602
2026-07-20T05:00:58.427096+00:00,10165.0,36.0,99.44,46.0,2107.8515625,1404.459786530584
2026-07-20T05:00:58.768030+00:00,10165.0,36.0,99.44,46.0,2107.8515625,1404.800720050931
2026-07-20T05:00:59.088831+00:00,10165.0,34.0,99.29,46.0,2107.8515625,1405.121520858258
2026-07-20T05:00:59.457133+00:00,10165.0,35.0,98.86,46.0,2107.8515625,1405.4898227192461
2026-07-20T05:00:59.800494+00:00,10165.0,35.0,99.31,46.0,2107.8515625,1405.833183720708
2026-07-20T05:01:00.155195+00:00,10165.0,36.0,99.98,46.0,2107.8515625,1406.1878839321434
2026-07-20T05:01:00.508136+00:00,10165.0,35.0,101.34,46.0,2107.8515625,1406.540825586766
2026-07-20T05:01:00.821706+00:00,10165.0,36.0,101.46,46.0,2107.8515625,1406.8543966263533
2026-07-20T05:01:01.117893+00:00,10165.0,37.0,101.54,46.0,2107.8515625,1407.1505835168064
2026-07-20T05:01:01.435551+00:00,10165.0,37.0,100.14,46.0,2107.8515625,1407.4682420305908
2026-07-20T05:01:01.731496+00:00,10165.0,37.0,100.25,46.0,2107.8515625,1407.7641865983605
2026-07-20T05:01:02.025802+00:00,10165.0,37.0,100.39,46.0,2107.8515625,1408.058491062373
2026-07-20T05:01:02.320733+00:00,10165.0,35.0,100.51,46.0,2107.8515625,1408.3534238561988
2026-07-20T05:01:02.639161+00:00,10165.0,35.0,100.28,46.0,2107.8515625,1408.6718519106507
2026-07-20T05:01:02.932728+00:00,10165.0,36.0,99.99,46.0,2107.8515625,1408.9654194414616
2026-07-20T05:01:03.226029+00:00,10165.0,35.0,99.7,46.0,2107.8515625,1409.2587203718722
2026-07-20T05:01:03.546614+00:00,10165.0,33.0,99.38,46.0,2107.8515625,1409.5793038606644
2026-07-20T05:01:03.869805+00:00,10165.0,35.0,99.14,46.0,2107.8515625,1409.9024954214692
2026-07-20T05:01:04.186232+00:00,10165.0,36.0,99.06,46.0,2107.8515625,1410.2189222238958
2026-07-20T05:01:04.480284+00:00,10165.0,36.0,99.12,46.0,2107.8515625,1410.512974243611
2026-07-20T05:01:04.795308+00:00,10165.0,35.0,99.62,46.0,2107.8515625,1410.8279989734292
2026-07-20T05:01:05.101679+00:00,10165.0,36.0,99.66,46.0,2107.8515625,1411.1343686282635
2026-07-20T05:01:05.396306+00:00,10165.0,36.0,99.78,46.0,2107.8515625,1411.4289964064956
2026-07-20T05:01:05.711281+00:00,10165.0,36.0,99.45,46.0,2107.8515625,1411.743971630931
2026-07-20T05:01:06.007461+00:00,10165.0,36.0,99.65,46.0,2107.8515625,1412.0401514284313
2026-07-20T05:01:06.303259+00:00,10165.0,37.0,99.46,46.0,2107.8515625,1412.335950050503
2026-07-20T05:01:06.618914+00:00,10165.0,36.0,99.83,46.0,2107.8515625,1412.6516046337783
2026-07-20T05:01:06.933316+00:00,10165.0,36.0,99.59,46.0,2107.8515625,1412.9660074226558
2026-07-20T05:01:07.246097+00:00,10165.0,37.0,99.55,46.0,2107.8515625,1413.2787874601781
2026-07-20T05:01:07.538948+00:00,10165.0,36.0,99.5,46.0,2107.8515625,1413.5716392286122
2026-07-20T05:01:07.831596+00:00,10165.0,37.0,99.65,46.0,2107.8515625,1413.864286687225
2026-07-20T05:01:08.131772+00:00,10165.0,36.0,99.8,46.0,2107.8515625,1414.1644614897668
2026-07-20T05:01:08.452763+00:00,10165.0,37.0,99.85,46.0,2107.8515625,1414.4854531809688
2026-07-20T05:01:08.746735+00:00,10165.0,36.0,100.26,46.0,2107.8515625,1414.7794259749353
2026-07-20T05:01:09.039850+00:00,10165.0,35.0,100.04,46.0,2107.8515625,1415.0725334845483
2026-07-20T05:01:09.334092+00:00,10165.0,36.0,99.78,46.0,2107.8515625,1415.3667783141136
2026-07-20T05:01:09.627242+00:00,10165.0,35.0,99.64,46.0,2107.8515625,1415.6599337384105
2026-07-20T05:01:09.919643+00:00,10165.0,36.0,99.19,46.0,2107.8515625,1415.9523347429931
2026-07-20T05:01:10.235549+00:00,10165.0,36.0,99.34,46.0,2107.8515625,1416.2682394124568
2026-07-20T05:01:10.555176+00:00,10165.0,32.0,99.46,46.0,2107.8515625,1416.5878656208515
2026-07-20T05:01:10.848328+00:00,10165.0,36.0,99.34,46.0,2107.8515625,1416.881018653512
2026-07-20T05:01:11.141794+00:00,10165.0,35.0,99.53,46.0,2107.8515625,1417.1744845993817
2026-07-20T05:01:11.435305+00:00,10165.0,36.0,99.7,46.0,2107.8515625,1417.467995993793
2026-07-20T05:01:11.749560+00:00,10165.0,36.0,99.8,46.0,2107.8515625,1417.7822510749102
2026-07-20T05:01:12.043816+00:00,10165.0,37.0,99.78,46.0,2107.8515625,1418.0765070542693
2026-07-20T05:01:12.340110+00:00,10165.0,36.0,99.52,46.0,2107.8515625,1418.372799564153
2026-07-20T05:01:12.634475+00:00,10165.0,36.0,99.42,46.0,2107.8515625,1418.667165901512
2026-07-20T05:01:12.952863+00:00,10165.0,35.0,99.08,46.0,2107.8515625,1418.9855534173548
2026-07-20T05:01:13.296450+00:00,10165.0,34.0,99.08,46.0,2107.8515625,1419.3291396275163
2026-07-20T05:01:13.618975+00:00,10165.0,35.0,98.87,46.0,2107.8515625,1419.6516641937196
2026-07-20T05:01:13.977643+00:00,10165.0,35.0,98.73,46.0,2107.8515625,1420.0103323794901
2026-07-20T05:01:14.345008+00:00,10165.0,32.0,98.66,46.0,2107.8515625,1420.37769741565
2026-07-20T05:01:14.689159+00:00,10165.0,36.0,99.46,46.0,2107.8515625,1420.7218487933278
2026-07-20T05:01:15.010746+00:00,10165.0,35.0,99.62,46.0,2107.8515625,1421.043435100466
2026-07-20T05:01:15.332188+00:00,10165.0,36.0,100.29,46.0,2107.8515625,1421.3648770041764
2026-07-20T05:01:15.627153+00:00,10165.0,36.0,100.22,46.0,2107.8515625,1421.6598434261978
2026-07-20T05:01:15.920763+00:00,10165.0,36.0,100.09,46.0,2107.8515625,1421.9534538760781
2026-07-20T05:01:16.237643+00:00,10165.0,35.0,99.48,46.0,2107.8515625,1422.2703339718282
2026-07-20T05:01:16.555853+00:00,10165.0,36.0,99.6,46.0,2107.8515625,1422.5885434672236
2026-07-20T05:01:16.871003+00:00,10165.0,36.0,99.35,46.0,2107.8515625,1422.9036929942667
2026-07-20T05:01:17.186405+00:00,10165.0,35.0,99.18,46.0,2107.8515625,1423.219095788896
2026-07-20T05:01:17.503377+00:00,10165.0,36.0,99.22,46.0,2107.8515625,1423.5360683128238
2026-07-20T05:01:17.841325+00:00,10165.0,36.0,99.17,46.0,2107.8515625,1423.8740158379078
2026-07-20T05:01:18.154888+00:00,10165.0,36.0,99.82,46.0,2107.8515625,1424.1875745505095
2026-07-20T05:01:18.521274+00:00,10165.0,35.0,99.93,46.0,2107.8515625,1424.553963124752
2026-07-20T05:01:18.819580+00:00,10165.0,36.0,100.1,46.0,2107.8515625,1424.8522701337934
2026-07-20T05:01:19.138289+00:00,10165.0,36.0,99.59,46.0,2107.8515625,1425.170979026705
2026-07-20T05:01:19.473724+00:00,10165.0,36.0,99.7,46.0,2107.8515625,1425.506415516138
2026-07-20T05:01:19.789544+00:00,10165.0,37.0,99.7,46.0,2107.8515625,1425.8222348056734
2026-07-20T05:01:20.099017+00:00,10165.0,36.0,99.93,46.0,2107.8515625,1426.131707649678
2026-07-20T05:01:20.393240+00:00,10165.0,37.0,99.82,46.0,2107.8515625,1426.4259305670857
2026-07-20T05:01:20.713361+00:00,10165.0,37.0,99.92,46.0,2107.8515625,1426.7460513338447
2026-07-20T05:01:21.008374+00:00,10165.0,36.0,99.82,46.0,2107.8515625,1427.041064683348
2026-07-20T05:01:21.302648+00:00,10165.0,36.0,99.92,46.0,2107.8515625,1427.3353384174407
2026-07-20T05:01:21.596915+00:00,10165.0,37.0,100.16,46.0,2107.8515625,1427.6296062767506
2026-07-20T05:01:21.890886+00:00,10165.0,36.0,100.42,46.0,2107.8515625,1427.923577055335
2026-07-20T05:01:22.204894+00:00,10165.0,37.0,100.42,46.0,2107.8515625,1428.2375850081444
2026-07-20T05:01:22.518117+00:00,10165.0,37.0,100.52,46.0,2107.8515625,1428.5508073829114
2026-07-20T05:01:22.837658+00:00,10165.0,36.0,100.42,46.0,2107.8515625,1428.8703472912312
2026-07-20T05:01:23.133376+00:00,10165.0,37.0,100.56,46.0,2107.8515625,1429.16606554389
2026-07-20T05:01:23.427188+00:00,10165.0,35.0,100.69,46.0,2107.8515625,1429.4598784409463
2026-07-20T05:01:23.742677+00:00,10165.0,36.0,100.3,46.0,2107.8515625,1429.7753662467003
2026-07-20T05:01:24.054435+00:00,10165.0,36.0,100.02,46.0,2107.8515625,1430.087125029415
2026-07-20T05:01:24.348608+00:00,10165.0,36.0,99.25,46.0,2107.8515625,1430.3812993839383
2026-07-20T05:01:24.662273+00:00,10165.0,37.0,99.42,46.0,2107.8515625,1430.6949639506638
2026-07-20T05:01:24.979987+00:00,10165.0,36.0,99.91,46.0,2107.8515625,1431.0126768425107
2026-07-20T05:01:25.275319+00:00,10165.0,36.0,99.99,46.0,2107.8515625,1431.3080094866455
2026-07-20T05:01:25.586632+00:00,10165.0,36.0,99.85,46.0,2107.8515625,1431.6193233802915
2026-07-20T05:01:25.879305+00:00,10165.0,36.0,99.32,46.0,2107.8515625,1431.9119960963726
2026-07-20T05:01:26.172318+00:00,10165.0,37.0,99.0,46.0,2107.8515625,1432.2050079219043
2026-07-20T05:01:26.486974+00:00,10165.0,36.0,99.43,46.0,2107.8515625,1432.5196650996804
2026-07-20T05:01:26.797373+00:00,10165.0,37.0,99.33,46.0,2107.8515625,1432.8300630375743
2026-07-20T05:01:27.164190+00:00,10165.0,37.0,99.43,46.0,2107.8515625,1433.1968800835311
2026-07-20T05:01:27.463842+00:00,10165.0,36.0,99.35,46.0,2107.8515625,1433.4965319372714
2026-07-20T05:01:27.781612+00:00,10165.0,36.0,99.74,46.0,2107.8515625,1433.8143000788987
2026-07-20T05:01:28.130206+00:00,10165.0,36.0,99.68,46.0,2107.8515625,1434.162895962596
2026-07-20T05:01:28.446188+00:00,10165.0,36.0,99.64,46.0,2107.8515625,1434.4788774773479
2026-07-20T05:01:28.769985+00:00,10165.0,35.0,99.93,46.0,2107.8515625,1434.802673868835
2026-07-20T05:01:29.090917+00:00,10165.0,35.0,99.57,46.0,2107.8515625,1435.1236060671508
2026-07-20T05:01:29.414746+00:00,10165.0,35.0,99.32,46.0,2107.8515625,1435.4474359713495
2026-07-20T05:01:29.730441+00:00,10165.0,34.0,98.62,46.0,2107.8515625,1435.7631295397878
2026-07-20T05:01:30.079863+00:00,10165.0,36.0,98.86,46.0,2107.8515625,1436.112552896142
2026-07-20T05:01:30.382904+00:00,10165.0,35.0,98.84,46.0,2107.8515625,1436.415594048798
2026-07-20T05:01:30.704410+00:00,10165.0,35.0,98.94,46.0,2107.8515625,1436.7370993234217
2026-07-20T05:01:31.005928+00:00,10165.0,35.0,99.92,46.0,2107.8515625,1437.0386169590056
2026-07-20T05:01:31.322467+00:00,10165.0,33.0,99.77,46.0,2107.8515625,1437.3551569245756
2026-07-20T05:01:31.649394+00:00,10165.0,35.0,99.87,46.0,2107.8515625,1437.682084131986
2026-07-20T05:01:31.968472+00:00,10165.0,35.0,98.98,46.0,2107.8515625,1438.0011605247855
2026-07-20T05:01:32.312288+00:00,10165.0,36.0,99.14,46.0,2107.8515625,1438.3449769541621
2026-07-20T05:01:32.634165+00:00,10165.0,34.0,98.98,46.0,2107.8515625,1438.6668545901775
2026-07-20T05:01:32.954375+00:00,10165.0,35.0,98.94,46.0,2107.8515625,1438.987063780427
2026-07-20T05:01:33.300652+00:00,10165.0,35.0,99.01,46.0,2107.8515625,1439.3333406709135
2026-07-20T05:01:33.622279+00:00,10165.0,35.0,99.15,46.0,2107.8515625,1439.654968176037
2026-07-20T05:01:33.965750+00:00,10165.0,36.0,98.89,46.0,2107.8515625,1439.9984377548099
2026-07-20T05:01:34.290153+00:00,10165.0,36.0,98.85,46.0,2107.8515625,1440.3228422030807
2026-07-20T05:01:34.636912+00:00,10165.0,36.0,99.24,46.0,2107.8515625,1440.669600430876
2026-07-20T05:01:35.009136+00:00,10165.0,35.0,99.95,46.0,2107.8515625,1441.0418243780732
2026-07-20T05:01:35.331474+00:00,10165.0,31.0,99.37,46.0,2107.8515625,1441.3641622513533
2026-07-20T05:01:35.673537+00:00,10165.0,34.0,99.25,46.0,2107.8515625,1441.706225156784
2026-07-20T05:01:36.020574+00:00,10165.0,35.0,98.67,46.0,2107.8515625,1442.0532622635365
2026-07-20T05:01:36.343210+00:00,10165.0,34.0,99.49,46.0,2107.8515625,1442.3758922107518
2026-07-20T05:01:36.720665+00:00,10165.0,37.0,99.54,46.0,2107.8515625,1442.7533519901335
2026-07-20T05:01:37.042657+00:00,10165.0,35.0,99.74,46.0,2107.8515625,1443.0753442794085
2026-07-20T05:01:37.366387+00:00,10165.0,37.0,99.28,46.0,2107.8515625,1443.399075847119
2026-07-20T05:01:37.725379+00:00,10165.0,34.0,99.59,46.0,2107.8515625,1443.7580586262047
2026-07-20T05:01:38.053954+00:00,10165.0,36.0,99.29,46.0,2107.8515625,1444.0866416841745
2026-07-20T05:01:38.401879+00:00,10165.0,36.0,99.57,46.0,2107.8515625,1444.4345682449639
2026-07-20T05:01:38.723174+00:00,10165.0,34.0,99.67,46.0,2107.8515625,1444.7558630742133
2026-07-20T05:01:39.069236+00:00,10165.0,35.0,99.73,46.0,2107.8515625,1445.1019247472286
2026-07-20T05:01:39.389625+00:00,10165.0,37.0,100.38,46.0,2107.8515625,1445.4223133139312
2026-07-20T05:01:39.731756+00:00,10165.0,35.0,100.07,46.0,2107.8515625,1445.7644450739026
2026-07-20T05:01:40.068696+00:00,10165.0,37.0,99.72,46.0,2107.8515625,1446.101383432746
2026-07-20T05:01:40.366723+00:00,10165.0,36.0,98.9,46.0,2107.8515625,1446.399411611259
2026-07-20T05:01:40.663557+00:00,10165.0,36.0,98.83,46.0,2107.8515625,1446.6962472125888
2026-07-20T05:01:40.963677+00:00,10165.0,36.0,98.82,46.0,2107.8515625,1446.9963652528822
2026-07-20T05:01:41.287251+00:00,10165.0,35.0,98.73,46.0,2107.8515625,1447.3199388757348
2026-07-20T05:01:41.610641+00:00,10165.0,35.0,98.74,46.0,2107.8515625,1447.6433294191957
2026-07-20T05:01:41.981770+00:00,10165.0,35.0,98.83,46.0,2107.8515625,1448.0144576095045
2026-07-20T05:01:42.302894+00:00,10165.0,36.0,99.12,46.0,2107.8515625,1448.3355827480555
2026-07-20T05:01:42.623894+00:00,10165.0,36.0,99.17,46.0,2107.8515625,1448.6565822660923
2026-07-20T05:01:42.968788+00:00,10165.0,36.0,99.12,46.0,2107.8515625,1449.001476008445
2026-07-20T05:01:43.290699+00:00,10165.0,35.0,98.95,46.0,2107.8515625,1449.3233866207302
2026-07-20T05:01:43.590252+00:00,10165.0,35.0,99.24,46.0,2107.8515625,1449.6229396052659
2026-07-20T05:01:43.910910+00:00,10165.0,35.0,99.47,46.0,2107.8515625,1449.9435988552868
2026-07-20T05:01:44.234392+00:00,10165.0,35.0,99.5,46.0,2107.8515625,1450.2670809216797
2026-07-20T05:01:44.554060+00:00,10165.0,36.0,99.27,46.0,2107.8515625,1450.5867487937212
2026-07-20T05:01:44.855799+00:00,10165.0,35.0,98.66,46.0,2107.86328125,1450.888476435095
2026-07-20T05:01:45.155753+00:00,10165.0,36.0,98.65,46.0,2107.86328125,1451.188443083316
2026-07-20T05:01:45.480807+00:00,10165.0,35.0,98.7,46.0,2107.86328125,1451.5134966038167
2026-07-20T05:01:45.824360+00:00,10165.0,34.0,99.19,46.0,2107.86328125,1451.8570490442216
2026-07-20T05:01:46.169423+00:00,10165.0,34.0,99.17,46.0,2107.86328125,1452.2021120041609
2026-07-20T05:01:46.490353+00:00,10165.0,36.0,99.16,46.0,2107.86328125,1452.523043524474
2026-07-20T05:01:46.836539+00:00,10165.0,35.0,98.92,46.0,2107.86328125,1452.869228657335
2026-07-20T05:01:47.158561+00:00,10165.0,36.0,98.73,46.0,2107.86328125,1453.1912512369454
2026-07-20T05:01:47.482560+00:00,10165.0,37.0,98.73,46.0,2107.86328125,1453.515250403434
2026-07-20T05:01:47.806305+00:00,10165.0,36.0,98.83,46.0,2107.86328125,1453.8389946483076
2026-07-20T05:01:48.126615+00:00,10165.0,36.0,98.91,46.0,2107.86328125,1454.1593049280345
2026-07-20T05:01:48.446886+00:00,10165.0,36.0,98.79,46.0,2107.86328125,1454.4795761667192
2026-07-20T05:01:48.813495+00:00,10165.0,34.0,98.82,46.0,2107.86328125,1454.846182975918
2026-07-20T05:01:49.114493+00:00,10165.0,36.0,98.78,46.0,2107.86328125,1455.1471817158163
2026-07-20T05:01:49.438439+00:00,10165.0,34.0,99.32,46.0,2107.86328125,1455.4711273424327
2026-07-20T05:01:49.760630+00:00,10165.0,35.0,99.31,46.0,2107.86328125,1455.7933198213577
2026-07-20T05:01:50.083058+00:00,10165.0,36.0,99.32,46.0,2107.86328125,1456.1157482154667
2026-07-20T05:01:50.452252+00:00,10165.0,34.0,98.78,46.0,2107.86328125,1456.4849409088492
2026-07-20T05:01:50.772949+00:00,10165.0,34.0,98.72,46.0,2107.86328125,1456.8056375831366
2026-07-20T05:01:51.119978+00:00,10165.0,36.0,98.76,46.0,2107.86328125,1457.1526672802866
2026-07-20T05:01:51.437843+00:00,10165.0,36.0,98.58,46.0,2107.86328125,1457.470533195883
2026-07-20T05:01:51.760504+00:00,10165.0,34.0,99.3,46.0,2107.86328125,1457.7931930683553
2026-07-20T05:01:52.082500+00:00,10165.0,36.0,99.15,46.0,2107.86328125,1458.1151898354292
2026-07-20T05:01:52.448038+00:00,10165.0,35.0,99.21,46.0,2107.86328125,1458.480726994574
2026-07-20T05:01:52.796734+00:00,10165.0,36.0,98.63,46.0,2107.86328125,1458.8294176831841
2026-07-20T05:01:53.114008+00:00,10165.0,34.0,98.8,46.0,2107.86328125,1459.1466963775456
2026-07-20T05:01:53.438299+00:00,10165.0,35.0,98.83,46.0,2107.86328125,1459.4709892608225
2026-07-20T05:01:53.781001+00:00,10165.0,35.0,99.27,46.0,2107.86328125,1459.8136895671487
2026-07-20T05:01:54.102664+00:00,10165.0,35.0,99.33,46.0,2107.86328125,1460.1353531628847
2026-07-20T05:01:54.423272+00:00,10165.0,35.0,99.0,46.0,2107.86328125,1460.4559616185725
2026-07-20T05:01:54.746566+00:00,10165.0,36.0,98.57,46.0,2107.86328125,1460.7792552933097
2026-07-20T05:01:55.101368+00:00,10165.0,35.0,98.94,46.0,2107.86328125,1461.1340584605932
2026-07-20T05:01:55.422863+00:00,10165.0,35.0,99.14,46.0,2107.86328125,1461.4555522277951
2026-07-20T05:01:55.742791+00:00,10165.0,35.0,98.98,46.0,2107.86328125,1461.77548135072
2026-07-20T05:01:56.084744+00:00,10165.0,37.0,99.61,46.0,2107.86328125,1462.1174328960478
2026-07-20T05:01:56.427360+00:00,10165.0,36.0,99.39,46.0,2107.86328125,1462.4600492976606
2026-07-20T05:01:56.747222+00:00,10165.0,35.0,99.53,46.0,2107.86328125,1462.779912173748
2026-07-20T05:01:57.070950+00:00,10165.0,36.0,98.79,46.0,2107.86328125,1463.103639934212
2026-07-20T05:01:57.433944+00:00,10165.0,36.0,98.96,46.0,2107.86328125,1463.4666333645582
2026-07-20T05:01:57.762578+00:00,10165.0,36.0,99.26,46.0,2107.8671875,1463.7952654510736
2026-07-20T05:01:58.104489+00:00,10165.0,36.0,99.4,46.0,2107.8671875,1464.1371775008738
2026-07-20T05:01:58.441680+00:00,10165.0,36.0,99.33,46.0,2107.87109375,1464.474369801581
2026-07-20T05:01:58.758697+00:00,10165.0,37.0,99.43,46.0,2107.87109375,1464.791385974735
2026-07-20T05:01:59.082444+00:00,10165.0,35.0,99.36,46.0,2107.87109375,1465.1151339486241
2026-07-20T05:01:59.424573+00:00,10165.0,36.0,99.45,46.0,2107.87109375,1465.4572614990175
2026-07-20T05:01:59.761155+00:00,10165.0,35.0,99.27,46.0,2107.87109375,1465.7938451245427
2026-07-20T05:02:00.105936+00:00,10165.0,36.0,99.58,46.0,2107.87109375,1466.1386239230633
2026-07-20T05:02:00.424931+00:00,10165.0,37.0,99.68,46.0,2107.87109375,1466.4576209634542
2026-07-20T05:02:00.746209+00:00,10165.0,36.0,99.81,46.0,2107.87109375,1466.778899565339
2026-07-20T05:02:01.093553+00:00,10165.0,37.0,99.97,46.0,2107.87109375,1467.1262427680194
2026-07-20T05:02:01.414740+00:00,10165.0,33.0,99.63,46.0,2107.87109375,1467.4474290423095
2026-07-20T05:02:01.757137+00:00,10165.0,35.0,99.79,46.0,2107.87109375,1467.7898259982467
2026-07-20T05:02:02.100806+00:00,10165.0,35.0,99.33,46.0,2107.87109375,1468.1334957405925
2026-07-20T05:02:02.418542+00:00,10165.0,36.0,99.38,46.0,2107.87109375,1468.4512319751084
2026-07-20T05:02:02.742851+00:00,10165.0,37.0,98.86,46.0,2107.87109375,1468.7755409143865
2026-07-20T05:02:03.088681+00:00,10165.0,35.0,98.74,46.0,2107.87109375,1469.1213714592159
2026-07-20T05:02:03.406438+00:00,10165.0,35.0,98.56,46.0,2107.87109375,1469.4391276352108
2026-07-20T05:02:03.748986+00:00,10165.0,35.0,98.81,46.0,2107.87109375,1469.781675890088
2026-07-20T05:02:04.070163+00:00,10165.0,34.0,98.32,46.0,2107.87109375,1470.1028535440564
2026-07-20T05:02:04.393704+00:00,10165.0,36.0,98.17,46.0,2107.87109375,1470.4263945110142
2026-07-20T05:02:04.740677+00:00,10165.0,36.0,97.96,46.0,2107.87109375,1470.7733675055206
2026-07-20T05:02:05.067070+00:00,10165.0,35.0,98.99,46.0,2107.87109375,1471.0997597239912
2026-07-20T05:02:05.437066+00:00,10165.0,35.0,99.26,46.0,2107.87109375,1471.469755936414
2026-07-20T05:02:05.754150+00:00,10165.0,36.0,99.07,46.0,2107.87109375,1471.7868400327861
2026-07-20T05:02:06.100565+00:00,10165.0,35.0,98.4,46.0,2107.87109375,1472.1332552582026
2026-07-20T05:02:06.444771+00:00,10165.0,36.0,98.59,46.0,2107.87109375,1472.4774611704051
2026-07-20T05:02:06.788904+00:00,10165.0,36.0,98.76,46.0,2107.87109375,1472.8215926028788
2026-07-20T05:02:07.133398+00:00,10165.0,36.0,99.1,46.0,2107.87109375,1473.166088078171
2026-07-20T05:02:07.476695+00:00,10165.0,35.0,99.25,46.0,2107.87109375,1473.5093852356076
2026-07-20T05:02:07.802099+00:00,10165.0,36.0,99.04,46.0,2107.87109375,1473.8347885459661
2026-07-20T05:02:08.126375+00:00,10165.0,36.0,99.01,46.0,2107.87109375,1474.1590642742813
2026-07-20T05:02:08.450353+00:00,10165.0,37.0,99.21,46.0,2107.87109375,1474.4830438643694
2026-07-20T05:02:08.817322+00:00,10165.0,35.0,99.21,46.0,2107.87109375,1474.8500115163624
2026-07-20T05:02:09.145093+00:00,10165.0,35.0,99.05,46.0,2107.87109375,1475.1777791306376
2026-07-20T05:02:09.500662+00:00,10165.0,36.0,99.04,46.0,2107.87109375,1475.5333504900336
2026-07-20T05:02:09.822716+00:00,10165.0,36.0,99.07,46.0,2107.87109375,1475.8554064966738
2026-07-20T05:02:10.150914+00:00,10165.0,36.0,99.03,46.0,2107.87109375,1476.1836036518216
2026-07-20T05:02:10.472274+00:00,10165.0,35.0,99.02,46.0,2107.87109375,1476.5049640536308
2026-07-20T05:02:10.836672+00:00,10165.0,35.0,99.09,46.0,2107.87109375,1476.8693616576493
2026-07-20T05:02:11.161384+00:00,10165.0,36.0,99.24,46.0,2107.87109375,1477.1940733455122
2026-07-20T05:02:11.505065+00:00,10165.0,35.0,99.81,46.0,2107.87109375,1477.5377544760704
2026-07-20T05:02:11.822847+00:00,10165.0,36.0,99.4,46.0,2107.87109375,1477.8555376045406
2026-07-20T05:02:12.167247+00:00,10165.0,36.0,99.04,46.0,2107.87109375,1478.1999375484884
2026-07-20T05:02:12.487944+00:00,10165.0,36.0,98.97,46.0,2107.87109375,1478.5206342115998
2026-07-20T05:02:12.784066+00:00,10165.0,37.0,99.25,46.0,2107.87109375,1478.8167566657066
2026-07-20T05:02:13.102221+00:00,10165.0,36.0,99.42,46.0,2107.87109375,1479.1349117048085
2026-07-20T05:02:13.419463+00:00,10165.0,35.0,99.48,46.0,2107.87109375,1479.4521538317204
2026-07-20T05:02:13.778283+00:00,10165.0,36.0,99.44,46.0,2107.87109375,1479.8109734132886
2026-07-20T05:02:14.119539+00:00,10165.0,36.0,99.97,46.0,2107.87109375,1480.1522273682058
2026-07-20T05:02:14.435669+00:00,10165.0,36.0,99.96,46.0,2107.87109375,1480.4683598428965
2026-07-20T05:02:14.749867+00:00,10165.0,36.0,99.94,46.0,2107.87109375,1480.782557785511
2026-07-20T05:02:15.076843+00:00,10165.0,36.0,99.45,46.0,2107.87109375,1481.109533842653
2026-07-20T05:02:15.372661+00:00,10165.0,36.0,99.56,46.0,2107.87109375,1481.4053518474102
2026-07-20T05:02:15.668374+00:00,10165.0,36.0,99.51,46.0,2107.87109375,1481.7010641135275
2026-07-20T05:02:15.989688+00:00,10165.0,36.0,99.74,46.0,2107.87109375,1482.0223785229027
2026-07-20T05:02:16.310649+00:00,10165.0,35.0,99.84,46.0,2107.87109375,1482.343338675797
2026-07-20T05:02:16.634516+00:00,10165.0,19.0,96.75,46.0,2107.87109375,1482.6672070920467
2026-07-20T05:02:16.931865+00:00,10165.0,36.0,96.62,46.0,2107.87109375,1482.9645552374423
2026-07-20T05:02:17.227374+00:00,10165.0,37.0,96.37,46.0,2107.87109375,1483.2600650712848
2026-07-20T05:02:17.569463+00:00,10165.0,36.0,99.26,46.0,2107.87109375,1483.602154057473
2026-07-20T05:02:17.864232+00:00,10165.0,37.0,99.18,46.0,2107.87109375,1483.8969225659966
2026-07-20T05:02:18.160624+00:00,10165.0,36.0,99.32,46.0,2107.87109375,1484.193313959986
2026-07-20T05:02:18.479687+00:00,10165.0,37.0,99.35,46.0,2107.87109375,1484.5123778395355
2026-07-20T05:02:18.790943+00:00,10165.0,36.0,99.39,46.0,2107.87109375,1484.8236337043345
2026-07-20T05:02:19.085456+00:00,10165.0,37.0,99.4,46.0,2107.87109375,1485.1181466169655
2026-07-20T05:02:19.380601+00:00,10165.0,36.0,99.75,46.0,2107.87109375,1485.4132911749184
2026-07-20T05:02:19.675134+00:00,10165.0,37.0,99.87,46.0,2107.87109375,1485.7078248523176
2026-07-20T05:02:19.968670+00:00,10165.0,36.0,100.11,46.0,2107.87109375,1486.0013615079224
2026-07-20T05:02:20.289377+00:00,10165.0,36.0,99.92,46.0,2107.87109375,1486.3220673166215
2026-07-20T05:02:20.607836+00:00,10165.0,36.0,99.91,46.0,2107.87109375,1486.6405271813273
2026-07-20T05:02:20.903055+00:00,10165.0,37.0,99.96,46.0,2107.87109375,1486.9357455521822
2026-07-20T05:02:21.241030+00:00,10165.0,35.0,99.73,46.0,2107.87109375,1487.2737196683884
2026-07-20T05:02:21.559157+00:00,10165.0,37.0,99.8,46.0,2107.87109375,1487.5918474122882
2026-07-20T05:02:21.855105+00:00,10165.0,36.0,99.79,46.0,2107.87109375,1487.8877955004573
2026-07-20T05:02:22.174752+00:00,10165.0,37.0,99.87,46.0,2107.87109375,1488.2074422873557
2026-07-20T05:02:22.493277+00:00,10165.0,36.0,100.09,46.0,2107.87109375,1488.525966759771
2026-07-20T05:02:22.812128+00:00,10165.0,36.0,99.62,46.0,2107.87109375,1488.8448187299073
2026-07-20T05:02:23.108396+00:00,10165.0,36.0,99.48,46.0,2107.87109375,1489.141087051481
2026-07-20T05:02:23.404569+00:00,10165.0,36.0,99.06,46.0,2107.87109375,1489.4372597783804
2026-07-20T05:02:23.720831+00:00,10165.0,36.0,98.83,46.0,2107.87109375,1489.7535207942128
2026-07-20T05:02:24.089051+00:00,10165.0,34.0,98.64,46.0,2107.87109375,1490.1217392198741
2026-07-20T05:02:24.455941+00:00,10165.0,35.0,98.85,46.0,2107.87109375,1490.488630950451
2026-07-20T05:02:24.757212+00:00,10165.0,34.0,98.81,46.0,2107.87109375,1490.7899012938142
2026-07-20T05:02:25.063070+00:00,10165.0,36.0,98.87,46.0,2107.87109375,1491.0957597829401
2026-07-20T05:02:25.433622+00:00,10165.0,36.0,98.95,46.0,2107.87109375,1491.4663125239313
2026-07-20T05:02:25.760569+00:00,10165.0,36.0,98.94,46.0,2107.87109375,1491.7932474762201
2026-07-20T05:02:26.082397+00:00,10165.0,35.0,98.94,46.0,2107.87109375,1492.115085490048
2026-07-20T05:02:26.405647+00:00,10165.0,37.0,98.93,46.0,2107.87109375,1492.4383358359337
2026-07-20T05:02:26.725730+00:00,10165.0,36.0,99.16,46.0,2107.87109375,1492.7584184333682
2026-07-20T05:02:27.068545+00:00,10165.0,37.0,99.8,46.0,2107.87109375,1493.1012257896364
2026-07-20T05:02:27.367719+00:00,10165.0,36.0,99.8,46.0,2107.87109375,1493.400407768786
2026-07-20T05:02:27.692040+00:00,10165.0,35.0,99.44,46.0,2107.87109375,1493.724729090929
2026-07-20T05:02:27.990762+00:00,10165.0,36.0,99.09,46.0,2107.87109375,1494.0234519802034
2026-07-20T05:02:28.315814+00:00,10165.0,36.0,98.58,46.0,2107.87109375,1494.3485033027828
2026-07-20T05:02:28.685418+00:00,10165.0,35.0,98.53,46.0,2107.87109375,1494.7181054353714
2026-07-20T05:02:29.006604+00:00,10165.0,37.0,98.84,46.0,2107.87109375,1495.0392934791744
2026-07-20T05:02:29.330518+00:00,10165.0,36.0,98.82,46.0,2107.87109375,1495.3632061071694
2026-07-20T05:02:29.650779+00:00,10165.0,36.0,99.06,46.0,2107.87109375,1495.6834671869874
2026-07-20T05:02:29.974771+00:00,10165.0,35.0,99.39,46.0,2107.87109375,1496.0074466466904
2026-07-20T05:02:30.275221+00:00,10165.0,36.0,99.57,46.0,2107.87109375,1496.3079089969397
2026-07-20T05:02:30.575921+00:00,10165.0,36.0,99.67,46.0,2107.87109375,1496.6086092703044
2026-07-20T05:02:30.921320+00:00,10165.0,36.0,99.49,46.0,2107.87109375,1496.954008873552
2026-07-20T05:02:31.242752+00:00,10165.0,35.0,99.36,46.0,2107.87109375,1497.2754408940673
2026-07-20T05:02:31.542771+00:00,10165.0,36.0,99.48,46.0,2107.87109375,1497.5754596181214
2026-07-20T05:02:31.865341+00:00,10165.0,37.0,99.61,46.0,2107.87109375,1497.8980308435857
2026-07-20T05:02:32.165755+00:00,10165.0,36.0,99.38,46.0,2107.87109375,1498.1984446533024
2026-07-20T05:02:32.512207+00:00,10165.0,36.0,99.43,46.0,2107.87109375,1498.544896259904
2026-07-20T05:02:32.856109+00:00,10165.0,37.0,99.41,46.0,2107.87109375,1498.8887976147234
2026-07-20T05:02:33.179709+00:00,10165.0,37.0,99.53,46.0,2107.87109375,1499.2123978249729
2026-07-20T05:02:33.502556+00:00,10165.0,36.0,99.31,46.0,2107.87109375,1499.5352439694107
2026-07-20T05:02:33.804313+00:00,10165.0,37.0,99.09,46.0,2107.87109375,1499.83699728176
2026-07-20T05:02:34.150350+00:00,10165.0,36.0,99.32,46.0,2107.87109375,1500.1830388233066
2026-07-20T05:02:34.497061+00:00,10165.0,37.0,99.65,46.0,2107.87109375,1500.5297485627234
2026-07-20T05:02:34.817995+00:00,10165.0,36.0,100.02,46.0,2107.87109375,1500.8506834805012
2026-07-20T05:02:35.139649+00:00,10165.0,36.0,100.0,46.0,2107.87109375,1501.1723375469446
2026-07-20T05:02:35.441091+00:00,10165.0,37.0,99.83,46.0,2107.87109375,1501.4737789779902
2026-07-20T05:02:35.758896+00:00,10165.0,37.0,99.99,46.0,2107.87109375,1501.7915849238634
2026-07-20T05:02:36.059806+00:00,10165.0,36.0,99.95,46.0,2107.87109375,1502.092495419085
2026-07-20T05:02:36.382128+00:00,10165.0,37.0,99.81,46.0,2107.87109375,1502.4148172289133
2026-07-20T05:02:36.702171+00:00,10165.0,36.0,99.96,46.0,2107.87109375,1502.7348602339625
2026-07-20T05:02:37.002638+00:00,10165.0,37.0,100.11,46.0,2107.87109375,1503.0353277400136
2026-07-20T05:02:37.348880+00:00,10165.0,36.0,100.19,46.0,2107.87109375,1503.3815694861114
2026-07-20T05:02:37.685154+00:00,10165.0,37.0,99.96,46.0,2107.87109375,1503.7178416103125
2026-07-20T05:02:38.052317+00:00,10165.0,35.0,99.76,46.0,2107.87109375,1504.0850004665554
2026-07-20T05:02:38.374589+00:00,10165.0,35.0,99.92,46.0,2107.87109375,1504.4072788842022
2026-07-20T05:02:38.720672+00:00,10165.0,35.0,99.39,46.0,2107.87109375,1504.7533591799438
2026-07-20T05:02:39.065089+00:00,10165.0,36.0,98.75,46.0,2107.87109375,1505.097776632756
2026-07-20T05:02:39.386821+00:00,10165.0,35.0,98.59,46.0,2107.87109375,1505.4195090346038
2026-07-20T05:02:39.710361+00:00,10165.0,35.0,98.95,46.0,2107.87109375,1505.743049096316
2026-07-20T05:02:40.035314+00:00,10165.0,35.0,98.96,46.0,2107.87109375,1506.0680026039481
2026-07-20T05:02:40.358978+00:00,10165.0,37.0,99.18,46.0,2107.87109375,1506.3916665837169
2026-07-20T05:02:40.681160+00:00,10165.0,36.0,99.11,46.0,2107.87109375,1506.713848348707
2026-07-20T05:02:41.002831+00:00,10165.0,36.0,99.43,46.0,2107.87109375,1507.0355198681355
2026-07-20T05:02:41.326510+00:00,10165.0,36.0,99.42,46.0,2107.87109375,1507.3591981865466
2026-07-20T05:02:41.628488+00:00,10165.0,36.0,99.39,46.0,2107.87109375,1507.6611775234342
2026-07-20T05:02:41.949747+00:00,10165.0,31.0,99.12,46.0,2107.87109375,1507.9824361726642
2026-07-20T05:02:42.316048+00:00,10165.0,36.0,98.9,46.0,2107.87109375,1508.348737258464
2026-07-20T05:02:42.616118+00:00,10165.0,37.0,99.08,46.0,2107.87109375,1508.6488065645099
2026-07-20T05:02:42.960121+00:00,10165.0,36.0,99.27,46.0,2107.87109375,1508.9928106702864
2026-07-20T05:02:43.259389+00:00,10165.0,37.0,99.4,46.0,2107.87109375,1509.2920781075954
2026-07-20T05:02:43.588028+00:00,10165.0,35.0,99.43,46.0,2107.87109375,1509.6207174658775
2026-07-20T05:02:43.910849+00:00,10165.0,36.0,99.74,46.0,2107.87109375,1509.9435377903283
2026-07-20T05:02:44.211150+00:00,10165.0,36.0,99.97,46.0,2107.87109375,1510.243840072304
2026-07-20T05:02:44.534460+00:00,10165.0,36.0,100.41,46.0,2107.87109375,1510.5671484135091
2026-07-20T05:02:44.835328+00:00,10165.0,37.0,100.31,46.0,2107.87109375,1510.868016794324
2026-07-20T05:02:45.157692+00:00,10165.0,37.0,100.03,46.0,2107.87109375,1511.1903803795576
2026-07-20T05:02:45.482649+00:00,10165.0,36.0,99.82,46.0,2107.87109375,1511.515337806195
2026-07-20T05:02:45.806766+00:00,10165.0,31.0,99.55,46.0,2107.87109375,1511.8394544236362
2026-07-20T05:02:46.130612+00:00,10165.0,36.0,99.44,46.0,2107.87109375,1512.1633004508913
2026-07-20T05:02:46.430427+00:00,10165.0,36.0,100.14,46.0,2107.87109375,1512.4631148949265
2026-07-20T05:02:46.800266+00:00,10165.0,35.0,99.9,46.0,2107.87109375,1512.8329543583095
2026-07-20T05:02:47.122004+00:00,10165.0,36.0,99.65,46.0,2107.87109375,1513.154692299664
2026-07-20T05:02:47.445129+00:00,10165.0,35.0,98.7,46.0,2107.87109375,1513.4778180234134
2026-07-20T05:02:47.783755+00:00,10165.0,36.0,98.73,46.0,2107.87109375,1513.8164440132678
2026-07-20T05:02:48.082645+00:00,10165.0,36.0,98.99,46.0,2107.87109375,1514.1153350621462
2026-07-20T05:02:48.407712+00:00,10165.0,37.0,98.82,46.0,2107.87109375,1514.4404003545642
2026-07-20T05:02:48.730545+00:00,10165.0,36.0,98.82,46.0,2107.87109375,1514.7632324509323
2026-07-20T05:02:49.054649+00:00,10165.0,37.0,98.67,46.0,2107.87109375,1515.087337527424
2026-07-20T05:02:49.355686+00:00,10165.0,36.0,98.81,46.0,2107.87109375,1515.3883755393326
2026-07-20T05:02:49.657047+00:00,10165.0,36.0,98.88,46.0,2107.87109375,1515.6897353306413
2026-07-20T05:02:49.978449+00:00,10165.0,35.0,99.15,46.0,2107.87109375,1516.011138100177
2026-07-20T05:02:50.324781+00:00,10165.0,36.0,99.27,46.0,2107.87109375,1516.3574695587158
2026-07-20T05:02:50.626274+00:00,10165.0,36.0,99.43,46.0,2107.87109375,1516.6589617878199
2026-07-20T05:02:50.950766+00:00,10165.0,36.0,99.73,46.0,2107.87109375,1516.983455028385
2026-07-20T05:02:51.251238+00:00,10165.0,37.0,99.78,46.0,2107.87109375,1517.2839270830154
2026-07-20T05:02:51.571439+00:00,10165.0,37.0,99.74,46.0,2107.87109375,1517.604127496481
2026-07-20T05:02:51.871167+00:00,10165.0,36.0,100.14,46.0,2107.87109375,1517.903855819255
2026-07-20T05:02:52.194176+00:00,10165.0,35.0,99.77,46.0,2107.87109375,1518.2268657311797
2026-07-20T05:02:52.518446+00:00,10165.0,35.0,99.43,46.0,2107.87109375,1518.5511344261467
2026-07-20T05:02:52.884901+00:00,10165.0,34.0,98.83,46.0,2107.87109375,1518.9175894074142
2026-07-20T05:02:53.229550+00:00,10165.0,33.0,98.96,46.0,2107.87109375,1519.262238804251
2026-07-20T05:02:53.554520+00:00,10165.0,36.0,98.98,46.0,2107.87109375,1519.5872088186443
2026-07-20T05:02:53.855324+00:00,10165.0,35.0,98.96,46.0,2107.87109375,1519.8880122974515
2026-07-20T05:02:54.221051+00:00,10165.0,34.0,98.76,46.0,2107.87109375,1520.2537396475673
2026-07-20T05:02:54.564955+00:00,10165.0,36.0,99.1,46.0,2107.87109375,1520.5976432599127
2026-07-20T05:02:54.885707+00:00,10165.0,35.0,99.14,46.0,2107.87109375,1520.9183958172798
2026-07-20T05:02:55.186330+00:00,10165.0,36.0,98.98,46.0,2107.87109375,1521.2190185114741
2026-07-20T05:02:55.489326+00:00,10165.0,36.0,99.02,46.0,2107.87109375,1521.5220142640173
2026-07-20T05:02:55.789765+00:00,10165.0,35.0,99.47,46.0,2107.87109375,1521.8224538005888
2026-07-20T05:02:56.136966+00:00,10165.0,36.0,99.7,46.0,2107.87109375,1522.1696540266275
2026-07-20T05:02:56.461137+00:00,10165.0,36.0,99.43,46.0,2107.87109375,1522.4938227906823
2026-07-20T05:02:56.763696+00:00,10165.0,35.0,98.99,46.0,2107.87109375,1522.796384140849
2026-07-20T05:02:57.063958+00:00,10165.0,36.0,99.0,46.0,2107.87109375,1523.0966462492943
2026-07-20T05:02:57.385645+00:00,10165.0,36.0,99.03,46.0,2107.87109375,1523.4183345586061
2026-07-20T05:02:57.731991+00:00,10165.0,36.0,99.11,46.0,2107.87109375,1523.7646801285446
2026-07-20T05:02:58.032367+00:00,10165.0,37.0,99.02,46.0,2107.87109375,1524.0650551952422
2026-07-20T05:02:58.380241+00:00,10165.0,35.0,99.32,46.0,2107.87109375,1524.4129283465445
2026-07-20T05:02:58.702568+00:00,10165.0,35.0,99.28,46.0,2107.87109375,1524.7352572754025
2026-07-20T05:02:59.022770+00:00,10165.0,36.0,99.16,46.0,2107.87109375,1525.0554587878287
2026-07-20T05:02:59.347172+00:00,10165.0,36.0,98.57,46.0,2107.87109375,1525.3798599615693
2026-07-20T05:02:59.685178+00:00,10165.0,35.0,98.51,46.0,2107.87109375,1525.7178656421602
2026-07-20T05:02:59.986796+00:00,10165.0,36.0,98.39,46.0,2107.87109375,1526.0194839313626
2026-07-20T05:03:00.310210+00:00,10165.0,35.0,98.54,46.0,2107.87109375,1526.342899221927
2026-07-20T05:03:00.653044+00:00,10165.0,36.0,98.82,46.0,2107.87109375,1526.6857327707112
2026-07-20T05:03:00.954738+00:00,10165.0,37.0,99.1,46.0,2107.87109375,1526.9874274358153
2026-07-20T05:03:01.278775+00:00,10165.0,36.0,99.15,46.0,2107.87109375,1527.3114635534585
2026-07-20T05:03:01.579351+00:00,10165.0,37.0,99.21,46.0,2107.87109375,1527.6120392046869
2026-07-20T05:03:01.896457+00:00,10165.0,37.0,99.15,46.0,2107.87109375,1527.9291457980871
2026-07-20T05:03:02.236415+00:00,10165.0,36.0,99.04,46.0,2107.87109375,1528.2691045179963
2026-07-20T05:03:02.557917+00:00,10165.0,36.0,98.98,46.0,2107.87109375,1528.5906068384647
2026-07-20T05:03:02.882465+00:00,10165.0,38.0,100.3,46.0,2107.87109375,1528.9151528142393
2026-07-20T05:03:03.206090+00:00,10165.0,36.0,100.32,46.0,2107.87109375,1529.2387475259602
2026-07-20T05:03:03.507858+00:00,10165.0,36.0,100.25,46.0,2107.87109375,1529.540547735989
2026-07-20T05:03:03.832471+00:00,10165.0,36.0,99.21,46.0,2107.87109375,1529.8651602044702
2026-07-20T05:03:04.150649+00:00,10165.0,36.0,99.32,46.0,2107.87109375,1530.183300755918
2026-07-20T05:03:04.467376+00:00,10165.0,37.0,99.65,46.0,2107.87109375,1530.5000644102693
2026-07-20T05:03:04.810636+00:00,10165.0,37.0,100.13,46.0,2107.87109375,1530.8433255888522
2026-07-20T05:03:05.123292+00:00,10165.0,37.0,100.18,46.0,2107.87109375,1531.1559810973704
2026-07-20T05:03:05.419162+00:00,10165.0,36.0,100.3,46.0,2107.87109375,1531.4518510065973
2026-07-20T05:03:05.736626+00:00,10165.0,35.0,99.59,46.0,2107.87109375,1531.7693154141307
2026-07-20T05:03:06.037560+00:00,10165.0,36.0,99.08,46.0,2107.87109375,1532.0702495016158
2026-07-20T05:03:06.380522+00:00,10165.0,36.0,98.83,46.0,2107.87109375,1532.4132113568485
2026-07-20T05:03:06.702526+00:00,10165.0,35.0,99.02,46.0,2107.87109375,1532.7352147474885
2026-07-20T05:03:07.026058+00:00,10165.0,35.0,99.11,46.0,2107.87109375,1533.058746803552
2026-07-20T05:03:07.373179+00:00,10165.0,35.0,98.69,46.0,2107.87109375,1533.405869036913
2026-07-20T05:03:07.740744+00:00,10165.0,36.0,98.93,46.0,2107.87109375,1533.7734329216182
2026-07-20T05:03:08.104862+00:00,10165.0,34.0,99.08,46.0,2107.87109375,1534.1375506669283
2026-07-20T05:03:08.405748+00:00,10165.0,34.0,99.04,46.0,2107.87109375,1534.4384365230799
