problem_id,domain,math_level,split,evaluation_mode,rendered_prompt_sha256,token_count,current_max_prompt_length,over_limit,prompt_plus_max_completion_length,tokenizer_truncation_occurred
gsm8k:train:1534,gsm8k,,train,training,4afe9bfce7f6f324c5f72aaa266cddc8a2c2c6a6d815c3ab3e27a7be5284f6bf,137,512,false,393,false
gsm8k:train:5411,gsm8k,,train,training,59028845b86266337dead88cfa6414ed5284692504dbcfee8de65021cdf24331,158,512,false,414,false
gsm8k:train:2289,gsm8k,,train,training,72427265fb992ef2472ce4face7ff07205898b6c2500c10f78feb65de38e72c4,204,512,false,460,false
gsm8k:train:3624,gsm8k,,train,training,a637c6953421034b44593c109f4c8babfc2e7c5d11f820e737a56da345fd38e9,192,512,false,448,false
gsm8k:train:4443,gsm8k,,train,training,65de7634f5b7c31585b5041bcc00155f32380675336ddba50155004016b20428,148,512,false,404,false
gsm8k:train:6598,gsm8k,,train,training,8faab87295001ae78195a1e30644ed56536aa8ce6ac3f18e418a07b291e6c912,128,512,false,384,false
gsm8k:train:2599,gsm8k,,train,training,68728e022e38f1b2d6f458c60c14070a0aff1bb15a90026899460016e82ae7fc,158,512,false,414,false
gsm8k:train:771,gsm8k,,train,training,b37e2dd9e90f0726f8acfaa9e120a49e8e5c7155a61f8bc3acb0c9873150159c,159,512,false,415,false
gsm8k:train:1750,gsm8k,,train,training,34f8573dc45029035c61140d60e859a41a1ebc3fab27dad0abe63aa8869efcc6,152,512,false,408,false
gsm8k:train:6271,gsm8k,,train,training,3e1bda8364e53d74da0af5ea7e7cab885a6f518b5ce61ad5b37dc9d2a6e686f4,145,512,false,401,false
gsm8k:train:613,gsm8k,,train,training,9ecbe67ceb626aaff8bc03ea79b0ca8da742826539153ee8fb991cc46a3fc8e1,148,512,false,404,false
gsm8k:train:1089,gsm8k,,train,training,d6050520b082b6d94982fffe7ca87a2d9a7d1f20a7c3bbd516654883c22ed77f,165,512,false,421,false
gsm8k:train:598,gsm8k,,train,training,33c0445dfb52da2fe0b1e0005d9673f89fad21e010087076b1a0568b37c26272,159,512,false,415,false
gsm8k:train:3010,gsm8k,,train,training,622c3aa59cfd7152e24b73e26379f2ae09607dc634ea0047fc2a11e284492155,161,512,false,417,false
gsm8k:train:6949,gsm8k,,train,training,b0dafd6dc194cd41e185b7a90b92583e919d4b9aed97ef4132f8a05bada2e4b7,148,512,false,404,false
gsm8k:train:6805,gsm8k,,train,training,4b59861d55891b777cf343da8305605dc13f720f6b62cfa459c78f314439f83b,199,512,false,455,false
gsm8k:train:5273,gsm8k,,train,training,901c11758d014e4c9759da8ec1c2fb8d312dad608418aefddc454f8439871492,141,512,false,397,false
gsm8k:train:5826,gsm8k,,train,training,05f38bb141605fbf681fae56049fd62b2ec8bfecd1efe8f68d206288b4a9dd97,141,512,false,397,false
gsm8k:train:1641,gsm8k,,train,training,0765a218672f0353f0527238007a5711f665de0096d2af51d3d5be13f26da1c7,128,512,false,384,false
gsm8k:train:7308,gsm8k,,train,training,d9b495adbd4efbfb46b55c1a231219510b57112813dccc566d7d262c1b81195a,132,512,false,388,false
gsm8k:train:7116,gsm8k,,train,training,c012414aea611a9a5336a855262ca8d671226f0299a9897d5be942a08f47b0a5,179,512,false,435,false
gsm8k:train:5373,gsm8k,,train,training,ec17d0e8c8459795a99206b0d72ec767d3a61a46c22dc6da272d91a0e773110a,170,512,false,426,false
gsm8k:train:5286,gsm8k,,train,training,a4cdb6736fc5d3f67a4e2576891d6a1a9a49194d9212f3d33e0eddaeec7d501d,140,512,false,396,false
gsm8k:train:5958,gsm8k,,train,training,e7fa937f82ac2609b824b840d03cb9e867f6868d2690d92a80b10927dc95d113,199,512,false,455,false
gsm8k:train:1294,gsm8k,,train,training,6075b4f8063275c35daa8d525a32f7f2d001665c6282ad43e956177c81807801,161,512,false,417,false
gsm8k:train:3549,gsm8k,,train,training,d0706ba0af0700628a9e5452b98fa1b8c5f64591d8ebb84d646b4c2eaef27e68,134,512,false,390,false
gsm8k:train:5293,gsm8k,,train,training,7a0a06251713de45f72efb501c4781a31ff601271141f316f314180cd6de14a3,139,512,false,395,false
gsm8k:train:5957,gsm8k,,train,training,a9e6df8ed80ba787e9d0f7154c32d7981ca2535bdbe6f7ce5aeb3a4ff39a86d1,191,512,false,447,false
gsm8k:train:5973,gsm8k,,train,training,f029e453a50d3525eab5ca3518b1da7cd6a7140a55d5c4d842373830a707771d,143,512,false,399,false
gsm8k:train:411,gsm8k,,train,training,6b51c6c433d99411fad4116638ff5faf2add19972d578032de962ae1bbaa763e,137,512,false,393,false
gsm8k:train:7078,gsm8k,,train,training,a626a9aad63b9cdc1427f462e1824b9b10c7e108a23ddb8b55d47fc0e56782b9,179,512,false,435,false
gsm8k:train:6649,gsm8k,,train,training,02ce5b4d4179a46a29659e9649f69cabe33a44c0b4984bec446f56988f977191,149,512,false,405,false
gsm8k:train:5201,gsm8k,,train,training,72af8d314395f5f36fb670fff191e17d3bb0c3ebc99ba498a61b06e5caef7971,157,512,false,413,false
gsm8k:train:5671,gsm8k,,train,training,21fbf35afc54c9a9e3c1fe5e87fc0fdefa59f8ac3c0f8f0e13c1f837fe457314,173,512,false,429,false
gsm8k:train:6428,gsm8k,,train,training,2629cc53e73309accc280d4eabe9d3ebc9a0bfb9384880a371bbe64b86b4e80d,144,512,false,400,false
gsm8k:train:1577,gsm8k,,train,training,2e6d502731bb24dc58f35f14cdf7b98e5a1a6139397659d5a879b411679e1c2e,142,512,false,398,false
gsm8k:train:1957,gsm8k,,train,training,02c6e58d346088029a94233c6cde2bce6dbc2cebd6db7d4ac87ca36786722f30,154,512,false,410,false
gsm8k:train:4493,gsm8k,,train,training,43915f3bef12f502047c3e837cfa465663e77da1b46a64ae8be7ca806b66f5c5,144,512,false,400,false
gsm8k:train:5352,gsm8k,,train,training,432376bdfa06195fc8a85ba987d4f6ffc522a1ac073a04014797a8129e84e38a,139,512,false,395,false
gsm8k:train:1806,gsm8k,,train,training,e395e1caa8bb75dac5e607aa99c6451d465db21872cfdcbf2b01b9253cc07605,128,512,false,384,false
gsm8k:train:2617,gsm8k,,train,training,41ac492e327cba4649bad1689b2b6b9432a5eb697a6d6e5af1f24da03b924d73,154,512,false,410,false
gsm8k:train:1784,gsm8k,,train,training,f1876a29255dae45d4d77757f27486bfd625a0ca9b194fe1a0eb2a6c1a1babf3,147,512,false,403,false
gsm8k:train:6291,gsm8k,,train,training,a745c0fd76c0cdd09a2a198bb916b14ba944f5648fec498bb870cb78601090d0,195,512,false,451,false
gsm8k:train:2059,gsm8k,,train,training,ce9443e513488e62bf13c038c3ac49d38fb67ebc1b0d1c758e539b6a7a99f525,148,512,false,404,false
gsm8k:train:6533,gsm8k,,train,training,4e4f2b24d3760be5cd3ea44450cc7711faa453ecde28fa73e51d0fd154f62cca,153,512,false,409,false
gsm8k:train:5235,gsm8k,,train,training,42cc06872a88f0c8406e0739c6ad9348d95ae4bf5947c3cd2e982eb147a876a5,175,512,false,431,false
gsm8k:train:5577,gsm8k,,train,training,1c6a12658b778b347482ff23618b603a336ed9b0c98d47af6389a68296bcd053,134,512,false,390,false
gsm8k:train:6556,gsm8k,,train,training,578317b4d770b6f66b1f6440c5326392a472334e1f276e8fce019286b741f0ec,190,512,false,446,false
gsm8k:train:6174,gsm8k,,train,training,abf6a4360f2640a26a54afacca2b86ba261fd7fd243161a5cc585f83adb74ec0,164,512,false,420,false
gsm8k:train:7327,gsm8k,,train,training,c3c4d436d1e8d0c61ce463ca331c124cdba0fdf99b195a9c6cc5f4e8ab38e7a3,170,512,false,426,false
gsm8k:train:3648,gsm8k,,train,training,26ea3b280e70fd8c42fd3e565c2c1f4ed24c5d44852f94d9850a8a1b603d413c,193,512,false,449,false
gsm8k:train:3117,gsm8k,,train,training,4a3b00ceaca22db152550642ae59fbfeed875113adb59e9a2ef09b1373389dae,132,512,false,388,false
gsm8k:train:3773,gsm8k,,train,training,e26e7649daafe56d8a26da49017603b335216c058bddd8d3c1a737425616a3bd,163,512,false,419,false
gsm8k:train:4234,gsm8k,,train,training,6400e7b56ba95a89007e3fde62edbeb29a74fb686cd66b43ca6ecfaaed0a8ffc,146,512,false,402,false
gsm8k:train:5597,gsm8k,,train,training,bfc81b63ac32a2e415d1469202845d7d68bb7930ddb4c47b9e8322a763a23f67,183,512,false,439,false
gsm8k:train:5518,gsm8k,,train,training,38c01bf1fc3d9c869a43182bcbda295fd988615389d13d0c845ced15bca78417,139,512,false,395,false
gsm8k:train:97,gsm8k,,train,training,aeae488ff17cb05ab4cc92203d66bf885c6abfea46e92a35ff13e4a79cde7798,203,512,false,459,false
gsm8k:train:4330,gsm8k,,train,training,95ae7310dcceb3646a21d2312b4ccb6277e3a73d7f6cac24df43950da464e63f,137,512,false,393,false
gsm8k:train:3312,gsm8k,,train,training,fb2e2f49551676720e2826188785c2f7901d32a1f371822f69adee76dd3b2fc6,154,512,false,410,false
gsm8k:train:5532,gsm8k,,train,training,38a52e0d8a40d0e0246932a2f54d4c072fdd734c0b50b194f966681d324fffe5,164,512,false,420,false
gsm8k:train:2518,gsm8k,,train,training,e9fa0cae1d9467c8c2e113c42f0e65ee30c2eb03d673be4d9a420c1046adaebe,147,512,false,403,false
gsm8k:train:5326,gsm8k,,train,training,58aa10bf24424ddaea7b4212ab341e41c0ae2e841eccdb3452436b03467410e2,149,512,false,405,false
gsm8k:train:4905,gsm8k,,train,training,14165b0c70eb763a1382f3779ceb8a4714d180f387674332e48332944e9d6220,183,512,false,439,false
gsm8k:train:3619,gsm8k,,train,training,f6ffff27ad5d4437e88f53f3604da831204d70aec29c9744ced325b80b3f267e,146,512,false,402,false
math:DigitalLearningGmbH/MATH-lighteval:train:4929,math500,Level 2,train,training,521da4cc5e77b3c63bf8cb190e041a71b234e80c106ccf4e200af70761be37a6,120,512,false,376,false
math:DigitalLearningGmbH/MATH-lighteval:train:859,math500,Level 3,train,training,b9b55aff4ce1426b4dfff6265e12a6ea406faa6f17020a4a08d4cd08ac2dee90,151,512,false,407,false
math:DigitalLearningGmbH/MATH-lighteval:train:529,math500,Level 3,train,training,bc3db2a8aa24b750580c1c6e672b99ad87387dd468fcab35a15d876bf9e881ce,157,512,false,413,false
math:DigitalLearningGmbH/MATH-lighteval:train:6078,math500,Level 2,train,training,350aa574c27222d3ae47f261bcdf3a1d748feb18d41c761aeec5a4d7346200c8,119,512,false,375,false
math:DigitalLearningGmbH/MATH-lighteval:train:961,math500,Level 2,train,training,8dd5055d47b3dd37f6a0191fc8ba574c9402aa9e725e3c8c5d5a43fe0ab7420a,118,512,false,374,false
math:DigitalLearningGmbH/MATH-lighteval:train:7125,math500,Level 1,train,training,6946794c4a479823f97b77ac4e281b083b214216b25844b522b759c29e78f71f,154,512,false,410,false
math:DigitalLearningGmbH/MATH-lighteval:train:5599,math500,Level 2,train,training,b898f8bf6d04dc39183332f0b4d721abb1fcb0eed6c39d75767de29d5eba44ee,128,512,false,384,false
math:DigitalLearningGmbH/MATH-lighteval:train:962,math500,Level 2,train,training,cec887c3937bfdd01f4b5cd277bf5a1e3d1bc71c5177ef525c23cb0766093b40,128,512,false,384,false
math:DigitalLearningGmbH/MATH-lighteval:train:6526,math500,Level 2,train,training,cfa2f8c2eb6a5289f37e4d54f98d56d1b0156485e7e5943023d0edcf2f145aeb,121,512,false,377,false
math:DigitalLearningGmbH/MATH-lighteval:train:4243,math500,Level 3,train,training,708584a7cf99b6a9a4b9b3b454c43ce8d18599dd97cd07e887dacfa1d6a5be05,145,512,false,401,false
math:DigitalLearningGmbH/MATH-lighteval:train:4284,math500,Level 3,train,training,02310d444fe5d6b0c79488065f6bb75462cc795d35162918b91c9bb022944d07,152,512,false,408,false
math:DigitalLearningGmbH/MATH-lighteval:train:4168,math500,Level 3,train,training,5e37c3448a4300fb998bee2a5c0671953b15b8f621e117f4cd93dc1db1f8b517,136,512,false,392,false
math:DigitalLearningGmbH/MATH-lighteval:train:3967,math500,Level 3,train,training,de54f28f785d8648ba19fd7fb6974e5b4a4d3a23f95f1556fdb04068bfaa88cb,165,512,false,421,false
math:DigitalLearningGmbH/MATH-lighteval:train:2857,math500,Level 2,train,training,5b2d69bfc1488d3bdb076a838f866ebd1804da8a28215e7fe62e37e0e2547886,137,512,false,393,false
math:DigitalLearningGmbH/MATH-lighteval:train:5447,math500,Level 2,train,training,ccf911b27c37dfe293cef75487da0d405670d71423fcbf1025721fb9dcbeeaee,200,512,false,456,false
math:DigitalLearningGmbH/MATH-lighteval:train:1520,math500,Level 3,train,training,c089d3035e066b61d68ccb303fe2aba1773c07e2365ca837cfe5493cf9134a98,160,512,false,416,false
math:DigitalLearningGmbH/MATH-lighteval:train:4523,math500,Level 2,train,training,c6aeb2e4730633ced811b286a9cd548f2671c95570bb687ccd3eec5ce6affbcf,142,512,false,398,false
math:DigitalLearningGmbH/MATH-lighteval:train:6810,math500,Level 3,train,training,3e6983f7b9169848157b14737faf37c06dc77165d0228814ff2f92c71de22814,329,512,false,585,false
math:DigitalLearningGmbH/MATH-lighteval:train:5680,math500,Level 1,train,training,6ed71cf037cc0df8a5f76fad16ba2218df0229e96916c27936b342d53c79108d,115,512,false,371,false
math:DigitalLearningGmbH/MATH-lighteval:train:4946,math500,Level 2,train,training,337bbc0da8de7adf6adc32716895e86ceec2a29f8fac4d70f1dc4fae329c7208,137,512,false,393,false
math:DigitalLearningGmbH/MATH-lighteval:train:622,math500,Level 2,train,training,b67cb04a860b65750c36b5e330b4fc1b81cefe172ba01f29f8ca7c746d6dac47,123,512,false,379,false
math:DigitalLearningGmbH/MATH-lighteval:train:5725,math500,Level 3,train,training,b09df6fd8d32d8655cefc3f4114caf8714c9a30d1a2c04403384d0bdf565fc64,326,512,false,582,false
math:DigitalLearningGmbH/MATH-lighteval:train:5685,math500,Level 2,train,training,57a8d3303556f48348795c70b8585655180e3ee15f329eb4a4a8ada5b4b9cb66,145,512,false,401,false
math:DigitalLearningGmbH/MATH-lighteval:train:5597,math500,Level 3,train,training,4a7bd77096b1dea18806db6a70128fbfb85f9f0bc8f98ef4e882beecd641cf13,117,512,false,373,false
math:DigitalLearningGmbH/MATH-lighteval:train:5190,math500,Level 2,train,training,c23af37ad1cc8551d9f92c68fc304c134339591c0ea5b114f9e11e8819bbcfa0,115,512,false,371,false
math:DigitalLearningGmbH/MATH-lighteval:train:1833,math500,Level 3,train,training,8b2aa29e034b931d17f768ce451de3b6eb7c33af09e6c1cae52e92c3a24a808c,143,512,false,399,false
math:DigitalLearningGmbH/MATH-lighteval:train:3718,math500,Level 2,train,training,f2b230a9553c2708e83afd0493b79af3c8de17f5cebf20bd315ae12aa33f2094,138,512,false,394,false
math:DigitalLearningGmbH/MATH-lighteval:train:374,math500,Level 1,train,training,a7c3df1525e91c2cefba23233e891bccef1b3d70dccce5344ab934575e9f9e0a,139,512,false,395,false
math:DigitalLearningGmbH/MATH-lighteval:train:3250,math500,Level 2,train,training,086803ca7e64c06fcbcf931bd8a412c9d0a4e88acc2110c615fad213e0decb47,147,512,false,403,false
math:DigitalLearningGmbH/MATH-lighteval:train:6071,math500,Level 3,train,training,41d69b46ff1273f03ad966390c17f29c0a4a21de183dece1b587e7bcd565548e,237,512,false,493,false
math:DigitalLearningGmbH/MATH-lighteval:train:5551,math500,Level 3,train,training,42edb30f00882fac08364c7a35944100c24778ddf012a5cb919517d89728d128,236,512,false,492,false
math:DigitalLearningGmbH/MATH-lighteval:train:1761,math500,Level 2,train,training,ee4999a3ad5c8a967743e88a4ea213e6f9275fb80b4716e2bedf33870b945da8,373,512,false,629,false
math:DigitalLearningGmbH/MATH-lighteval:train:4783,math500,Level 3,train,training,bc61e4254d32af1651cb5511aff51a3d83f0ef9788772f3b58f4381c123ea038,116,512,false,372,false
math:DigitalLearningGmbH/MATH-lighteval:train:2713,math500,Level 2,train,training,2ca4b5a7e7947d15b888a224d33b28e624d89ba39877bec93a0b44b4f024ddee,713,512,true,969,false
math:DigitalLearningGmbH/MATH-lighteval:train:832,math500,Level 3,train,training,8ea3b5133e8a525a59e536000c92a2a4587a2dec5c080d9184a41c756ffc78ac,153,512,false,409,false
math:DigitalLearningGmbH/MATH-lighteval:train:5768,math500,Level 3,train,training,a8b3b64d9150627fda504d34dd4a0c4f97ec46a7075c17b85c5899e1c99a46c0,159,512,false,415,false
math:DigitalLearningGmbH/MATH-lighteval:train:7459,math500,Level 3,train,training,66774095d801cb21240a77b7586c6cd7847d6751d46421ec09ae4406389f1e75,137,512,false,393,false
math:DigitalLearningGmbH/MATH-lighteval:train:4720,math500,Level 3,train,training,13df89f3e218ab31d176e5261d42eece9dd6e0e29745740f4686612fb1357385,129,512,false,385,false
math:DigitalLearningGmbH/MATH-lighteval:train:6001,math500,Level 2,train,training,d598e92d44a09694e3363908c52d61be93c27a6393a90fc1e89f8a78d7fa1379,114,512,false,370,false
math:DigitalLearningGmbH/MATH-lighteval:train:6416,math500,Level 1,train,training,0a7854420a9c03e1a9b82aff5475e4bdd8f839ee66e89d3a28fca523161d3db2,135,512,false,391,false
math:DigitalLearningGmbH/MATH-lighteval:train:91,math500,Level 2,train,training,79f6bbf85f4f0a2749632d84bbebd9c242dda279c6ff60d97adbb45d6409a76b,123,512,false,379,false
math:DigitalLearningGmbH/MATH-lighteval:train:5422,math500,Level 2,train,training,a4136c5d54212c4a3a5ab86e423fcfac1f8a73da26852198888ac4dd077f4f39,122,512,false,378,false
math:DigitalLearningGmbH/MATH-lighteval:train:1289,math500,Level 1,train,training,24986ef33187a77074ed9a2ca6a48161ca9360f415f3cac498de71c753d84354,116,512,false,372,false
math:DigitalLearningGmbH/MATH-lighteval:train:6932,math500,Level 1,train,training,62094b4dc2e7678f8c2689537f9d77e81f835f33565f4cbb599ba7cc69f784ae,111,512,false,367,false
math:DigitalLearningGmbH/MATH-lighteval:train:6597,math500,Level 2,train,training,7483a8de5b4fe773d9476b408536a39f33600c923044bcbbb5572f5f0e357160,136,512,false,392,false
math:DigitalLearningGmbH/MATH-lighteval:train:1390,math500,Level 2,train,training,b307cc142bbb46df3cc5b8cbc2eff1515abbce339624e092154e93b88bbc9108,143,512,false,399,false
math:DigitalLearningGmbH/MATH-lighteval:train:1689,math500,Level 2,train,training,ffe61cbb0484b4f8144027ce303b33b2f36b44f7d8fc83550acefbf7bf0c8ca7,110,512,false,366,false
math:DigitalLearningGmbH/MATH-lighteval:train:6012,math500,Level 3,train,training,f0a2d9bd796b5fdbd0859149467e788a2751cf934587cfb4a520e6897ffca7be,127,512,false,383,false
math:DigitalLearningGmbH/MATH-lighteval:train:579,math500,Level 2,train,training,c53fe130e8c97924573e4b2d5a77c6fdd17605759385636f5c99a706475761e8,144,512,false,400,false
math:DigitalLearningGmbH/MATH-lighteval:train:1503,math500,Level 3,train,training,f0fd464054095d4005a50633f895acb598fe0aae76c8a6f5bb9e39b7c89015bf,138,512,false,394,false
math:DigitalLearningGmbH/MATH-lighteval:train:6682,math500,Level 3,train,training,fc60a1026054398bb3bca15cb9e608eae19a4233c200e3dc7712141c2d16d5a1,127,512,false,383,false
math:DigitalLearningGmbH/MATH-lighteval:train:1420,math500,Level 3,train,training,1334bf7644fff49801ebf9b389db2c806aaac2591c8638c45493088e4d49b4fe,123,512,false,379,false
math:DigitalLearningGmbH/MATH-lighteval:train:1262,math500,Level 3,train,training,887316c7334568cc6ce8f23da51a81e7336c311162f07b71934fcb30c4920d9a,125,512,false,381,false
math:DigitalLearningGmbH/MATH-lighteval:train:1372,math500,Level 3,train,training,71f6561db0726bc221ef29cc825ca9e5136cd87d2dac6593e035b07e68c71717,127,512,false,383,false
math:DigitalLearningGmbH/MATH-lighteval:train:290,math500,Level 1,train,training,34aaaa1d6309b0678c44077536a5ac8b5f790c4cde2578637b93deaf34cb0e54,125,512,false,381,false
math:DigitalLearningGmbH/MATH-lighteval:train:4504,math500,Level 1,train,training,de3a66658fbed5915bd8e00aa91b322c750295d18afe0fa4217a878f165d0ee4,109,512,false,365,false
math:DigitalLearningGmbH/MATH-lighteval:train:6469,math500,Level 1,train,training,7dfa25eae13621d7bcc572a1c0f956b212294baddf053e3cfb0155138e93a2e4,199,512,false,455,false
math:DigitalLearningGmbH/MATH-lighteval:train:2681,math500,Level 1,train,training,9565ec8541c210e53d8dceafccd97e3288cd10fd51f80b69be0cc1a02286d54e,217,512,false,473,false
math:DigitalLearningGmbH/MATH-lighteval:train:4953,math500,Level 1,train,training,aa38fbf4c18afec90302e219991ac94679a62b5a6d5802faead9eb2ebfa6680f,125,512,false,381,false
math:DigitalLearningGmbH/MATH-lighteval:train:7003,math500,Level 1,train,training,546d9707b9c9152f7513c45def07f9faa786236ab314c3cf3ce6999ec90503a9,141,512,false,397,false
math:DigitalLearningGmbH/MATH-lighteval:train:232,math500,Level 1,train,training,8b674db56a27a402ddded3bc27ee824ae8ed6580a59096440a71f3e7d21ba2ba,138,512,false,394,false
math:DigitalLearningGmbH/MATH-lighteval:train:110,math500,Level 1,train,training,1a4b8e4b531f983468d9d423236420d30be488c23e82bcf8f676875c61992c47,126,512,false,382,false
math:DigitalLearningGmbH/MATH-lighteval:train:2757,math500,Level 1,train,training,16ecd35e3511181501f39d7e05023e1b796194630db26ecf2019a267c27a2717,148,512,false,404,false
math:DigitalLearningGmbH/MATH-lighteval:train:2151,math500,Level 1,train,training,8fa5c3327feec1ac71a6b914651b5fe6216981661ee49b6b10ad9f31d1aa1b77,179,512,false,435,false
gsm8k:validation:4665,gsm8k,,validation,validation,ed66d9b01b64f41bc3e6add1f9c69c7e684ad9f8fa3f6faa70c656889977dece,161,512,false,417,false
gsm8k:validation:2375,gsm8k,,validation,validation,fc934ca6d30489ed80d051db7b67f752eb48aa6657291c80020c1c9d19052932,129,512,false,385,false
gsm8k:validation:2706,gsm8k,,validation,validation,0a212cbe9e09f27011fffe916dcfc121ab94f3678325f5797c8678a3651ff7e6,155,512,false,411,false
gsm8k:validation:4169,gsm8k,,validation,validation,f73e2c5ec77f71b1d3bc49e3a923a2f36491a83fa304a6f513257f2d1e2cd8db,167,512,false,423,false
gsm8k:validation:1723,gsm8k,,validation,validation,ccd146d9dd2b3ed18ecc738421461cb2c897f9adb49708abb4d6d34930459102,138,512,false,394,false
gsm8k:validation:1002,gsm8k,,validation,validation,36f458ca428b4a67cd1d052f5a719dea7b1904c2185bbafa00dfbfdb7c5d5615,149,512,false,405,false
gsm8k:validation:3063,gsm8k,,validation,validation,cb8688a4f6dd538673b291d1fcdaf900d715a8e5a851cbd8ca587b18d0024180,228,512,false,484,false
gsm8k:validation:342,gsm8k,,validation,validation,c45bb1db2e5f9ba1248b4ea042fb7fa8f7d9f71b776be073dc7105a1035a3396,138,512,false,394,false
gsm8k:validation:5448,gsm8k,,validation,validation,94e57058b14ed7603ee0dd3cb145b70110b0654887e33ef702c68da0c5abeaee,135,512,false,391,false
gsm8k:validation:3829,gsm8k,,validation,validation,7a8dd6991953ee85b9784d273f0e16f1c58755dc2d67e726fc8eb17b62c97e54,148,512,false,404,false
gsm8k:validation:4332,gsm8k,,validation,validation,ba25b494c8050a122754d77fa74a2ddf7038e13ee01604d66313c0cf080bd68a,147,512,false,403,false
gsm8k:validation:4632,gsm8k,,validation,validation,399fb6ea6250d538a1ea67411591ccf667abc3dabb1da6088aceedee729a2f9b,172,512,false,428,false
gsm8k:validation:1372,gsm8k,,validation,validation,0e1f6772d517c30bae5165451418f11d7046ea61c33f1fe025281f5a71889262,135,512,false,391,false
gsm8k:validation:5814,gsm8k,,validation,validation,915e56b4bd7aa2e32188e3cbc6faf06a26b656130026dd19d996cfb5e64d3564,150,512,false,406,false
gsm8k:validation:6431,gsm8k,,validation,validation,5f9de0b825a2a5682a8ca7290d52d7dd39ddcb6ab2f778094223bf2216787fb3,165,512,false,421,false
gsm8k:validation:4758,gsm8k,,validation,validation,290d1206f138dbc162641b26b2a6a81a865018078a5526aeedd06f973fe32262,163,512,false,419,false
gsm8k:validation:877,gsm8k,,validation,validation,5cf2354e721c9d89c71679a26253433c521bec2293bbf3f5dea9ad571c155e3c,170,512,false,426,false
gsm8k:validation:4387,gsm8k,,validation,validation,7f37ff595234fc5e53f4b43de7fde6f125a4144085df5a6ab0e9922b4916dd39,156,512,false,412,false
gsm8k:validation:1232,gsm8k,,validation,validation,f19ce90022739e39b7fa3f52ba23744662df7d9778859931c672dd83856a59e5,141,512,false,397,false
gsm8k:validation:2585,gsm8k,,validation,validation,849192e634f03ca9b33093bcb6063585970710c6d1070cb02caadd38a5af0c9a,173,512,false,429,false
gsm8k:validation:3671,gsm8k,,validation,validation,8324ed5d8f0afd6fa0d2b0eadb9869214f9825151ecca5e092e430120d0c31bc,151,512,false,407,false
gsm8k:validation:7051,gsm8k,,validation,validation,93abc0d7f6ee8606c93c0bbb4b6b3b90a5312d24c493db5033523deadfc87c5a,166,512,false,422,false
gsm8k:validation:2346,gsm8k,,validation,validation,159955f668ab02ec33a3b931904776b8d175eb3df3c375b3192af03ef44b7f8f,165,512,false,421,false
gsm8k:validation:5464,gsm8k,,validation,validation,ba1a9cb3b238477f92eb7e182d86a22866de4cab4075fab7c7a61ce33cfd6a65,201,512,false,457,false
gsm8k:validation:6375,gsm8k,,validation,validation,451254c64ee7d44bf90952d5062536ded9c353a604e2a54c8222e9a296d391ce,162,512,false,418,false
gsm8k:validation:1433,gsm8k,,validation,validation,8621ce500ee882e51eae5cd76533a5dbbb72183125079187e19f3d2276174a1b,152,512,false,408,false
gsm8k:validation:682,gsm8k,,validation,validation,e9c2d5d21b615eef2cddae0a88532199d49361d3fa5964bb84ce762c309271e8,147,512,false,403,false
gsm8k:validation:2819,gsm8k,,validation,validation,86eb469e109e922c384bbecd911964f465e5130f7171f3c05675578719c75eb3,153,512,false,409,false
gsm8k:validation:614,gsm8k,,validation,validation,f5d8dc18bdb6355ab2934aefe6b4e466115be5e7eac9c614142cc4787a5164b8,166,512,false,422,false
gsm8k:validation:1238,gsm8k,,validation,validation,8f5cc3bef43a8f0b2ce940ee6750454c8c8a119b2c8f3e9bbc57ea93ebcb3817,150,512,false,406,false
gsm8k:validation:2859,gsm8k,,validation,validation,fe3aeb395c3588c258df6d5ea82ca380e1cc80d40218997a11f1acc0abe4cb26,152,512,false,408,false
gsm8k:validation:3710,gsm8k,,validation,validation,de926aef6083af187ed369ce4753d9ea13a7f49d41db394d341f77b7da729ac2,162,512,false,418,false
math:DigitalLearningGmbH/MATH-lighteval:validation:916,math500,Level 3,validation,validation,c66e2706875ad73dddb04e2b3bfcbcea99d57c86c93a73b32bae8677208cbb8f,137,512,false,393,false
math:DigitalLearningGmbH/MATH-lighteval:validation:3296,math500,Level 4,validation,validation,6585810305f9abfe191523b06006380bc9b5afcf8a103a7a8f0feebf2834b442,339,512,false,595,false
math:DigitalLearningGmbH/MATH-lighteval:validation:2467,math500,Level 2,validation,validation,60b8fbe161e865ae47c856bb173dcd1e98a3b5bd834e08aa7315f2a478ed1c7a,112,512,false,368,false
math:DigitalLearningGmbH/MATH-lighteval:validation:4678,math500,Level 2,validation,validation,449ed04c2a9a8e29f6837a7bbc1c5fe3c89a1c0d412ea5bc8d13b75756365e89,156,512,false,412,false
math:DigitalLearningGmbH/MATH-lighteval:validation:7140,math500,Level 1,validation,validation,a4d113f05014f27f2bc9084541a3c1c9bcd3c49ef30ecf12f1457069e8e05097,110,512,false,366,false
math:DigitalLearningGmbH/MATH-lighteval:validation:824,math500,Level 3,validation,validation,8bc1f038f69e0755fbc51cacd072404cfe22831c5af2a3c336a5200b5b58b9f4,135,512,false,391,false
math:DigitalLearningGmbH/MATH-lighteval:validation:4841,math500,Level 4,validation,validation,e88904026d18abb32f5fd068c99328cd70f836cabe9a0aec4bd774a3118ec783,146,512,false,402,false
math:DigitalLearningGmbH/MATH-lighteval:validation:5620,math500,Level 2,validation,validation,e6b685ca303479790b2604d7ee1a3a0b46360678cb75efb741794967b1111e5e,114,512,false,370,false
math:DigitalLearningGmbH/MATH-lighteval:validation:2625,math500,Level 4,validation,validation,29c6485027f7460d4ac5ed2b9f5818d9d9ab72a82f7b8615946816d0d187ec66,143,512,false,399,false
math:DigitalLearningGmbH/MATH-lighteval:validation:6399,math500,Level 3,validation,validation,6ab2904870654cb82942d41bcd754743af323cfa760d2acd662c565973806332,114,512,false,370,false
math:DigitalLearningGmbH/MATH-lighteval:validation:783,math500,Level 5,validation,validation,5dc6739ad09ea45f8ac0b354f64c3bea7960510cc4f102f909123d3fbac3007b,170,512,false,426,false
math:DigitalLearningGmbH/MATH-lighteval:validation:803,math500,Level 5,validation,validation,35a9954fb61676d837256081d5ac5cefe3d19d37abd4fbb62d92dd588cc7c3f4,133,512,false,389,false
math:DigitalLearningGmbH/MATH-lighteval:validation:7220,math500,Level 3,validation,validation,16dc6442c099c04888b6df140ce2e405a6152fffc85005438f15ae165a0572df,130,512,false,386,false
math:DigitalLearningGmbH/MATH-lighteval:validation:650,math500,Level 3,validation,validation,656f12ca6b8a607703a5723a09e400e1580a570e1642ab315e8eeddf25190b37,119,512,false,375,false
math:DigitalLearningGmbH/MATH-lighteval:validation:899,math500,Level 3,validation,validation,af6168fa9060c505a6bb0f3425eec7084c6adbb8e634eaa858624505f0920e84,121,512,false,377,false
math:DigitalLearningGmbH/MATH-lighteval:validation:5131,math500,Level 3,validation,validation,f8c9703c33b8085e5c904d9b366cdf96e1425d6a26cfea3364fd95825c570bbe,160,512,false,416,false
math:DigitalLearningGmbH/MATH-lighteval:validation:435,math500,Level 1,validation,validation,305acdd247305cc34cdaad7078db1407a0936e4b3ef15ced7a688276b2bdb7ca,132,512,false,388,false
math:DigitalLearningGmbH/MATH-lighteval:validation:1771,math500,Level 1,validation,validation,a9c118a23783c7f2f3d6456376d66be74f49f8e0773db0a89d709da2239de8db,226,512,false,482,false
math:DigitalLearningGmbH/MATH-lighteval:validation:1627,math500,Level 2,validation,validation,925904402db3a140f0e1fe0d76c36cc835f27add5189f83354b26008a2177cf1,148,512,false,404,false
math:DigitalLearningGmbH/MATH-lighteval:validation:299,math500,Level 3,validation,validation,b68d9000e426a44c1e10c2b4a048d1dc9468065f7fdbf4fff73021c721429bad,134,512,false,390,false
math:DigitalLearningGmbH/MATH-lighteval:validation:5021,math500,Level 3,validation,validation,d9e2d013f8fdfb124a70063faca2946952e05f15bdd053e7e6d24cf5fd5c43a7,133,512,false,389,false
math:DigitalLearningGmbH/MATH-lighteval:validation:3579,math500,Level 2,validation,validation,393d4196745e073d244996067188a0444dedd6717202deb95e21249d8683e3cc,146,512,false,402,false
math:DigitalLearningGmbH/MATH-lighteval:validation:5359,math500,Level 3,validation,validation,fc37ad79a59cb4a39baec37eba22d9c7ad750c490d1c9aa2b18af6c013a11543,113,512,false,369,false
math:DigitalLearningGmbH/MATH-lighteval:validation:6033,math500,Level 4,validation,validation,0182266c2db5564b5225160c15d641fb866f8936c5ee89247052175234a098b3,122,512,false,378,false
math:DigitalLearningGmbH/MATH-lighteval:validation:4572,math500,Level 4,validation,validation,53ad2f91dc53fab6105464d1e4558674c9f3fc9f4fd097d7c9d63c97f4b35607,159,512,false,415,false
math:DigitalLearningGmbH/MATH-lighteval:validation:450,math500,Level 2,validation,validation,5a2055a09b3db2c66915326b6c82db30866215f34178f5be71880e58c8e5e376,159,512,false,415,false
math:DigitalLearningGmbH/MATH-lighteval:validation:481,math500,Level 2,validation,validation,9c9b114e2858d0a67bfe501af205c4a2edc7ca2eec8f93c86887a7c44abf0c65,131,512,false,387,false
math:DigitalLearningGmbH/MATH-lighteval:validation:5713,math500,Level 2,validation,validation,197080883c500af3d1c1875c78ff47356b296b59251bba915002fcab2eba3379,174,512,false,430,false
math:DigitalLearningGmbH/MATH-lighteval:validation:4936,math500,Level 3,validation,validation,529e38e65c10305eaa09a4ae320ea3c0081cd9c812dea57f837611bd5f0ca8d6,135,512,false,391,false
math:DigitalLearningGmbH/MATH-lighteval:validation:4759,math500,Level 5,validation,validation,225233c952158be17ed82796bfab8a76652686611441c87a1ba8eb9039dbc982,130,512,false,386,false
math:DigitalLearningGmbH/MATH-lighteval:validation:2722,math500,Level 3,validation,validation,7fa3641cd54fdb0e06533871120eca3042635641d91c4c907473ec6f5ee50313,329,512,false,585,false
math:DigitalLearningGmbH/MATH-lighteval:validation:1355,math500,Level 3,validation,validation,b715a4d3171f27389d51e696b10ed8920bbbf95958452812bed9a5682af43933,117,512,false,373,false
gsm8k:test:1119,gsm8k,,test,baseline_pass1,b6230a17f1217c93be94938a7781da24be0ec3ae118b19187626b85d99c06e2a,208,512,false,464,false
gsm8k:test:1119,gsm8k,,test,final_pass1,b6230a17f1217c93be94938a7781da24be0ec3ae118b19187626b85d99c06e2a,208,512,false,464,false
gsm8k:test:714,gsm8k,,test,baseline_pass1,aa4d49590872c47fe90f48c3877ec16612a76f0938906945db2ce572f9132560,158,512,false,414,false
gsm8k:test:714,gsm8k,,test,final_pass1,aa4d49590872c47fe90f48c3877ec16612a76f0938906945db2ce572f9132560,158,512,false,414,false
gsm8k:test:779,gsm8k,,test,baseline_pass1,2539339415c02f06924ef89b7d9cae49d80c7fd0ff0a566cca4588256d1a296f,167,512,false,423,false
gsm8k:test:779,gsm8k,,test,final_pass1,2539339415c02f06924ef89b7d9cae49d80c7fd0ff0a566cca4588256d1a296f,167,512,false,423,false
gsm8k:test:1009,gsm8k,,test,baseline_pass1,4f11964447a1ceb07433d744055b4a223930f2b5736ccb129b71f7ee5c91abe4,183,512,false,439,false
gsm8k:test:1009,gsm8k,,test,final_pass1,4f11964447a1ceb07433d744055b4a223930f2b5736ccb129b71f7ee5c91abe4,183,512,false,439,false
gsm8k:test:459,gsm8k,,test,baseline_pass1,ec4785378502060222325bea84367719151718c317e11ebb17b45fedd99f1fe6,241,512,false,497,false
gsm8k:test:459,gsm8k,,test,final_pass1,ec4785378502060222325bea84367719151718c317e11ebb17b45fedd99f1fe6,241,512,false,497,false
gsm8k:test:525,gsm8k,,test,baseline_pass1,8578879b978c69840b2a44259d92cabc92575896728a6d33639a8fa795ec76d8,188,512,false,444,false
gsm8k:test:525,gsm8k,,test,final_pass1,8578879b978c69840b2a44259d92cabc92575896728a6d33639a8fa795ec76d8,188,512,false,444,false
gsm8k:test:1010,gsm8k,,test,baseline_pass1,3e84a9b3a8c7070fa05db29c4237d0c41f9e8c5e77e14cd030f43df2c427ef58,164,512,false,420,false
gsm8k:test:1010,gsm8k,,test,final_pass1,3e84a9b3a8c7070fa05db29c4237d0c41f9e8c5e77e14cd030f43df2c427ef58,164,512,false,420,false
gsm8k:test:463,gsm8k,,test,baseline_pass1,cea291cfad63cc74e462af9675991ca93678014cd8e67fbc2631145cb1bb61a9,143,512,false,399,false
gsm8k:test:463,gsm8k,,test,final_pass1,cea291cfad63cc74e462af9675991ca93678014cd8e67fbc2631145cb1bb61a9,143,512,false,399,false
gsm8k:test:758,gsm8k,,test,baseline_pass1,a1406b95283ee7c92d7762b30e5dc5efac5dcfeed3713cbccd7d0552fdb1fd36,127,512,false,383,false
gsm8k:test:758,gsm8k,,test,final_pass1,a1406b95283ee7c92d7762b30e5dc5efac5dcfeed3713cbccd7d0552fdb1fd36,127,512,false,383,false
gsm8k:test:826,gsm8k,,test,baseline_pass1,5551cbb2b43b81c6ccda5d6a68028a094c9715def7b5e8b6a300571952c5bdb0,170,512,false,426,false
gsm8k:test:826,gsm8k,,test,final_pass1,5551cbb2b43b81c6ccda5d6a68028a094c9715def7b5e8b6a300571952c5bdb0,170,512,false,426,false
gsm8k:test:331,gsm8k,,test,baseline_pass1,299787f7a6445a68dd8ab8b7b0118020ef60d33b3104582a2817934227eed54f,206,512,false,462,false
gsm8k:test:331,gsm8k,,test,final_pass1,299787f7a6445a68dd8ab8b7b0118020ef60d33b3104582a2817934227eed54f,206,512,false,462,false
gsm8k:test:86,gsm8k,,test,baseline_pass1,81fe2c6b10f59470f657372289b37baab97c18127e2877f52a6623238de0c2f2,188,512,false,444,false
gsm8k:test:86,gsm8k,,test,final_pass1,81fe2c6b10f59470f657372289b37baab97c18127e2877f52a6623238de0c2f2,188,512,false,444,false
gsm8k:test:674,gsm8k,,test,baseline_pass1,ac0dee4c272af1f7b874eb45be29f07b4f0c9df8267f133ddd3e281fd4a44220,143,512,false,399,false
gsm8k:test:674,gsm8k,,test,final_pass1,ac0dee4c272af1f7b874eb45be29f07b4f0c9df8267f133ddd3e281fd4a44220,143,512,false,399,false
gsm8k:test:566,gsm8k,,test,baseline_pass1,2096211d15705e11594d33622d4910416482b5fbf690e568db6dcb91ee238026,136,512,false,392,false
gsm8k:test:566,gsm8k,,test,final_pass1,2096211d15705e11594d33622d4910416482b5fbf690e568db6dcb91ee238026,136,512,false,392,false
gsm8k:test:1012,gsm8k,,test,baseline_pass1,8e950812e878fb29efef6327f28f296c43e433844d805517984590d710c31be1,220,512,false,476,false
gsm8k:test:1012,gsm8k,,test,final_pass1,8e950812e878fb29efef6327f28f296c43e433844d805517984590d710c31be1,220,512,false,476,false
gsm8k:test:534,gsm8k,,test,baseline_pass1,812a67adf70753703f2318878ec180d69ebcb33597f7a3d6e661a089bdb01026,199,512,false,455,false
gsm8k:test:534,gsm8k,,test,final_pass1,812a67adf70753703f2318878ec180d69ebcb33597f7a3d6e661a089bdb01026,199,512,false,455,false
gsm8k:test:505,gsm8k,,test,baseline_pass1,243fe036a254ab422edea0bfe16aafaef403ff66c495ddde1a0524337f80a295,205,512,false,461,false
gsm8k:test:505,gsm8k,,test,final_pass1,243fe036a254ab422edea0bfe16aafaef403ff66c495ddde1a0524337f80a295,205,512,false,461,false
gsm8k:test:1160,gsm8k,,test,baseline_pass1,815abf8b7232f9a680befc109562fad0304150e488863a5d74c1b0a2ffea2707,154,512,false,410,false
gsm8k:test:1160,gsm8k,,test,final_pass1,815abf8b7232f9a680befc109562fad0304150e488863a5d74c1b0a2ffea2707,154,512,false,410,false
gsm8k:test:270,gsm8k,,test,baseline_pass1,894318ab22ebacbf5861a41cc7ccbc261aef612a6f01ed3e69c68825d7d9d1ea,176,512,false,432,false
gsm8k:test:270,gsm8k,,test,final_pass1,894318ab22ebacbf5861a41cc7ccbc261aef612a6f01ed3e69c68825d7d9d1ea,176,512,false,432,false
gsm8k:test:668,gsm8k,,test,baseline_pass1,053d1024df3fb3c270b8bfdf4b8851da6662b3eb28623d8898223f8b9b0e0467,145,512,false,401,false
gsm8k:test:668,gsm8k,,test,final_pass1,053d1024df3fb3c270b8bfdf4b8851da6662b3eb28623d8898223f8b9b0e0467,145,512,false,401,false
gsm8k:test:859,gsm8k,,test,baseline_pass1,31139d13bc386e39d1ac438fb1dd31f43e2f028bcba4bc0e9b943e449854edac,154,512,false,410,false
gsm8k:test:859,gsm8k,,test,final_pass1,31139d13bc386e39d1ac438fb1dd31f43e2f028bcba4bc0e9b943e449854edac,154,512,false,410,false
gsm8k:test:1062,gsm8k,,test,baseline_pass1,654c0816c92e697af47bc9038481f87c33182491498333a526cb3aa5f6a41dfc,176,512,false,432,false
gsm8k:test:1062,gsm8k,,test,final_pass1,654c0816c92e697af47bc9038481f87c33182491498333a526cb3aa5f6a41dfc,176,512,false,432,false
gsm8k:test:831,gsm8k,,test,baseline_pass1,5b49e18929ddc584093bc6909e99ccbceb3e6c1f625845e029b200edededa4cc,188,512,false,444,false
gsm8k:test:831,gsm8k,,test,final_pass1,5b49e18929ddc584093bc6909e99ccbceb3e6c1f625845e029b200edededa4cc,188,512,false,444,false
gsm8k:test:1277,gsm8k,,test,baseline_pass1,9322b53124848ae69ce74159a1b08b01bc670263c69ab2dddf438e79407c4bf4,138,512,false,394,false
gsm8k:test:1277,gsm8k,,test,final_pass1,9322b53124848ae69ce74159a1b08b01bc670263c69ab2dddf438e79407c4bf4,138,512,false,394,false
gsm8k:test:510,gsm8k,,test,baseline_pass1,ba57942ec493a625754c9c9012484327eccadec7c3c959390c6c5d68f7b0d988,179,512,false,435,false
gsm8k:test:510,gsm8k,,test,final_pass1,ba57942ec493a625754c9c9012484327eccadec7c3c959390c6c5d68f7b0d988,179,512,false,435,false
gsm8k:test:882,gsm8k,,test,baseline_pass1,072e1be0cfb9cb07454e8c97cf413df199b7ebdd27ee6cb6caab9922ea93be76,214,512,false,470,false
gsm8k:test:882,gsm8k,,test,final_pass1,072e1be0cfb9cb07454e8c97cf413df199b7ebdd27ee6cb6caab9922ea93be76,214,512,false,470,false
gsm8k:test:809,gsm8k,,test,baseline_pass1,bb92799783ddffd5572f967eac8acba6f37a40ba8374502c56223254fc4fd38e,188,512,false,444,false
gsm8k:test:809,gsm8k,,test,final_pass1,bb92799783ddffd5572f967eac8acba6f37a40ba8374502c56223254fc4fd38e,188,512,false,444,false
gsm8k:test:79,gsm8k,,test,baseline_pass1,0444020c1254632400c85a126b6d8b507ad45be88711232ac67a59f78806de12,148,512,false,404,false
gsm8k:test:79,gsm8k,,test,final_pass1,0444020c1254632400c85a126b6d8b507ad45be88711232ac67a59f78806de12,148,512,false,404,false
gsm8k:test:114,gsm8k,,test,baseline_pass1,d58d048edb85ac2a8211ef8b5c313650d5ed00de15826b595b975b0e31bcb7de,181,512,false,437,false
gsm8k:test:114,gsm8k,,test,final_pass1,d58d048edb85ac2a8211ef8b5c313650d5ed00de15826b595b975b0e31bcb7de,181,512,false,437,false
gsm8k:test:1184,gsm8k,,test,baseline_pass1,e36bffbd8e8bdf141d1e268be7bbed5620cd5787acddf9eda80156f27f15f56d,142,512,false,398,false
gsm8k:test:1184,gsm8k,,test,final_pass1,e36bffbd8e8bdf141d1e268be7bbed5620cd5787acddf9eda80156f27f15f56d,142,512,false,398,false
gsm8k:test:440,gsm8k,,test,baseline_pass1,3e644188b95ca400615cdbb8232c652600617259a2a37db85018cba18bb82768,137,512,false,393,false
gsm8k:test:440,gsm8k,,test,final_pass1,3e644188b95ca400615cdbb8232c652600617259a2a37db85018cba18bb82768,137,512,false,393,false
gsm8k:test:1300,gsm8k,,test,baseline_pass1,4a444de704381ae482041f627bd6633bb225f7503888c5d34cea7d20f65e2871,147,512,false,403,false
gsm8k:test:1300,gsm8k,,test,final_pass1,4a444de704381ae482041f627bd6633bb225f7503888c5d34cea7d20f65e2871,147,512,false,403,false
gsm8k:test:917,gsm8k,,test,baseline_pass1,17026e8fffab45b7fcf523a0dc4685d0d652a403691e127763dc2e8ea90a34d8,134,512,false,390,false
gsm8k:test:917,gsm8k,,test,final_pass1,17026e8fffab45b7fcf523a0dc4685d0d652a403691e127763dc2e8ea90a34d8,134,512,false,390,false
gsm8k:test:649,gsm8k,,test,baseline_pass1,38f050a0946a376973157b324fa6808f0f7331282f3d89ed2259705b8a47ceb1,167,512,false,423,false
gsm8k:test:649,gsm8k,,test,final_pass1,38f050a0946a376973157b324fa6808f0f7331282f3d89ed2259705b8a47ceb1,167,512,false,423,false
gsm8k:test:381,gsm8k,,test,baseline_pass1,1a3881d70c940bd9a59577fe2ce5833318b154181def8ea460fc17c69b0dcf7b,137,512,false,393,false
gsm8k:test:381,gsm8k,,test,final_pass1,1a3881d70c940bd9a59577fe2ce5833318b154181def8ea460fc17c69b0dcf7b,137,512,false,393,false
gsm8k:test:1207,gsm8k,,test,baseline_pass1,65e72b4995b98e0ce4c706f23322d38b8be3d230f9b868bb45038c733d8bbb0f,172,512,false,428,false
gsm8k:test:1207,gsm8k,,test,final_pass1,65e72b4995b98e0ce4c706f23322d38b8be3d230f9b868bb45038c733d8bbb0f,172,512,false,428,false
gsm8k:test:229,gsm8k,,test,baseline_pass1,c62d81a7b0c5dde2bed97b207063d33c1d853a0e20d5a80e8b5e9738f398f8dd,187,512,false,443,false
gsm8k:test:229,gsm8k,,test,final_pass1,c62d81a7b0c5dde2bed97b207063d33c1d853a0e20d5a80e8b5e9738f398f8dd,187,512,false,443,false
gsm8k:test:927,gsm8k,,test,baseline_pass1,2c027ec701054a077615a2d8a5ccc908afe18165ffb83fceebac7d7d548fcb08,174,512,false,430,false
gsm8k:test:927,gsm8k,,test,final_pass1,2c027ec701054a077615a2d8a5ccc908afe18165ffb83fceebac7d7d548fcb08,174,512,false,430,false
gsm8k:test:106,gsm8k,,test,baseline_pass1,ccee3126817197da793c30faefa9b3bb2539a2466849418c06ab9f523165b5a2,144,512,false,400,false
gsm8k:test:106,gsm8k,,test,final_pass1,ccee3126817197da793c30faefa9b3bb2539a2466849418c06ab9f523165b5a2,144,512,false,400,false
gsm8k:test:197,gsm8k,,test,baseline_pass1,a4e37a773a214313b2a87f4ea89034d45b84f81619da4c9d21282ea1cd789b84,152,512,false,408,false
gsm8k:test:197,gsm8k,,test,final_pass1,a4e37a773a214313b2a87f4ea89034d45b84f81619da4c9d21282ea1cd789b84,152,512,false,408,false
gsm8k:test:53,gsm8k,,test,baseline_pass1,cedca629095cfefd228bc30fade97fdbba2f6bf64a122c731c1f5e9234fdea05,200,512,false,456,false
gsm8k:test:53,gsm8k,,test,final_pass1,cedca629095cfefd228bc30fade97fdbba2f6bf64a122c731c1f5e9234fdea05,200,512,false,456,false
gsm8k:test:1041,gsm8k,,test,baseline_pass1,8e84fb0de39a5dd6017928cab692063a3e81b8834050ed42f5a433bc08ea5a0b,160,512,false,416,false
gsm8k:test:1041,gsm8k,,test,final_pass1,8e84fb0de39a5dd6017928cab692063a3e81b8834050ed42f5a433bc08ea5a0b,160,512,false,416,false
gsm8k:test:1266,gsm8k,,test,baseline_pass1,d0b4a10e2842fb5433110df679df83c46668929e0e6de3507167a71c87eb3ce3,154,512,false,410,false
gsm8k:test:1266,gsm8k,,test,final_pass1,d0b4a10e2842fb5433110df679df83c46668929e0e6de3507167a71c87eb3ce3,154,512,false,410,false
gsm8k:test:686,gsm8k,,test,baseline_pass1,30768cf005024cc7c158fe01e2ffb7a1e41b171692e4492c844e7e1bed88b20d,157,512,false,413,false
gsm8k:test:686,gsm8k,,test,final_pass1,30768cf005024cc7c158fe01e2ffb7a1e41b171692e4492c844e7e1bed88b20d,157,512,false,413,false
gsm8k:test:1094,gsm8k,,test,baseline_pass1,10d6d0d45c76a67999ec316e6d5dfd31ea1848de348464df4cd4f3f0684b7a98,198,512,false,454,false
gsm8k:test:1094,gsm8k,,test,final_pass1,10d6d0d45c76a67999ec316e6d5dfd31ea1848de348464df4cd4f3f0684b7a98,198,512,false,454,false
gsm8k:test:32,gsm8k,,test,baseline_pass1,03466d676fc93e79f038fd2ff732534e34942948f6bc2815d4a2ad62868b5315,141,512,false,397,false
gsm8k:test:32,gsm8k,,test,final_pass1,03466d676fc93e79f038fd2ff732534e34942948f6bc2815d4a2ad62868b5315,141,512,false,397,false
gsm8k:test:180,gsm8k,,test,baseline_pass1,cc8563953702624e5c36aeec6288b8275b7fb89eaf488f069890a9b445c2e6ac,149,512,false,405,false
gsm8k:test:180,gsm8k,,test,final_pass1,cc8563953702624e5c36aeec6288b8275b7fb89eaf488f069890a9b445c2e6ac,149,512,false,405,false
gsm8k:test:1031,gsm8k,,test,baseline_pass1,49d2c947eda2c86f6b04d7369c75050dbb666aca9a060f9b8d8d557dd9327e54,166,512,false,422,false
gsm8k:test:1031,gsm8k,,test,final_pass1,49d2c947eda2c86f6b04d7369c75050dbb666aca9a060f9b8d8d557dd9327e54,166,512,false,422,false
gsm8k:test:512,gsm8k,,test,baseline_pass1,3ecbcd18a8b33b5a3e4ace78265029c38898c7c5094e6a8afb186eb425c59db6,153,512,false,409,false
gsm8k:test:512,gsm8k,,test,final_pass1,3ecbcd18a8b33b5a3e4ace78265029c38898c7c5094e6a8afb186eb425c59db6,153,512,false,409,false
gsm8k:test:488,gsm8k,,test,baseline_pass1,36ed7ab3fcc076463a3803366c20786522f4348d2eb867b6e15a404c8738888b,144,512,false,400,false
gsm8k:test:488,gsm8k,,test,final_pass1,36ed7ab3fcc076463a3803366c20786522f4348d2eb867b6e15a404c8738888b,144,512,false,400,false
gsm8k:test:985,gsm8k,,test,baseline_pass1,9e15783106e828bf9db9e4516e6431c726069c7b72892724d26d0da0f38989c8,133,512,false,389,false
gsm8k:test:985,gsm8k,,test,final_pass1,9e15783106e828bf9db9e4516e6431c726069c7b72892724d26d0da0f38989c8,133,512,false,389,false
gsm8k:test:805,gsm8k,,test,baseline_pass1,fb2488df03fcca38b1ced8721a2ff2a8016ab6fb6db3e422d01463d1363a5ca8,149,512,false,405,false
gsm8k:test:805,gsm8k,,test,final_pass1,fb2488df03fcca38b1ced8721a2ff2a8016ab6fb6db3e422d01463d1363a5ca8,149,512,false,405,false
gsm8k:test:1195,gsm8k,,test,baseline_pass1,61bf7e794f25f55bdd85e56938468018551ef75bff967489f8b147a50bc0b801,222,512,false,478,false
gsm8k:test:1195,gsm8k,,test,final_pass1,61bf7e794f25f55bdd85e56938468018551ef75bff967489f8b147a50bc0b801,222,512,false,478,false
gsm8k:test:1274,gsm8k,,test,baseline_pass1,a8c95d4362042ec6c5f39be33dff154850a27ec80911922ff7a117080dd7804d,151,512,false,407,false
gsm8k:test:1274,gsm8k,,test,final_pass1,a8c95d4362042ec6c5f39be33dff154850a27ec80911922ff7a117080dd7804d,151,512,false,407,false
gsm8k:test:1298,gsm8k,,test,baseline_pass1,99c037ba0754fd5213e08cc08f20939f34b217c705c462ff10cde6dc9cb83d1f,149,512,false,405,false
gsm8k:test:1298,gsm8k,,test,final_pass1,99c037ba0754fd5213e08cc08f20939f34b217c705c462ff10cde6dc9cb83d1f,149,512,false,405,false
gsm8k:test:1209,gsm8k,,test,baseline_pass1,a54c6e35aaa41c880b2d9795c4184e6ac74312187f970dfe33042206bbc12821,262,512,false,518,false
gsm8k:test:1209,gsm8k,,test,final_pass1,a54c6e35aaa41c880b2d9795c4184e6ac74312187f970dfe33042206bbc12821,262,512,false,518,false
gsm8k:test:1159,gsm8k,,test,baseline_pass1,93bde19bf0eefecb86c4a97fa300ee4e3617007c25174e8fe06d6421a8c32e43,164,512,false,420,false
gsm8k:test:1159,gsm8k,,test,final_pass1,93bde19bf0eefecb86c4a97fa300ee4e3617007c25174e8fe06d6421a8c32e43,164,512,false,420,false
gsm8k:test:361,gsm8k,,test,baseline_pass1,bd0f9029c3234be65f15edc7e7f268fa9b6a130a940456480b706ab9279924ce,195,512,false,451,false
gsm8k:test:361,gsm8k,,test,final_pass1,bd0f9029c3234be65f15edc7e7f268fa9b6a130a940456480b706ab9279924ce,195,512,false,451,false
gsm8k:test:666,gsm8k,,test,baseline_pass1,733f85e70c11d57dbc8929141e5643043f82bc75fb65c2bbd2d9d8cee017a20e,159,512,false,415,false
gsm8k:test:666,gsm8k,,test,final_pass1,733f85e70c11d57dbc8929141e5643043f82bc75fb65c2bbd2d9d8cee017a20e,159,512,false,415,false
gsm8k:test:1050,gsm8k,,test,baseline_pass1,f2023af7e46fd493d2101c7996ef1ad3dd0d112af7d8493a8e81f4ccc6a78b9a,146,512,false,402,false
gsm8k:test:1050,gsm8k,,test,final_pass1,f2023af7e46fd493d2101c7996ef1ad3dd0d112af7d8493a8e81f4ccc6a78b9a,146,512,false,402,false
gsm8k:test:421,gsm8k,,test,baseline_pass1,b87f57040c90ed558889a25089ea8fe0f527843cfafa0228973f9faff1c8cd2c,149,512,false,405,false
gsm8k:test:421,gsm8k,,test,final_pass1,b87f57040c90ed558889a25089ea8fe0f527843cfafa0228973f9faff1c8cd2c,149,512,false,405,false
gsm8k:test:1167,gsm8k,,test,baseline_pass1,374c50128aa1b4a1391f01672b21174618d9c39e5360750567bcaca5b29a4be6,129,512,false,385,false
gsm8k:test:1167,gsm8k,,test,final_pass1,374c50128aa1b4a1391f01672b21174618d9c39e5360750567bcaca5b29a4be6,129,512,false,385,false
gsm8k:test:1218,gsm8k,,test,baseline_pass1,138d4759e6d7228f0e38b02d52318611971ff21a69c55e47935b990da259a56d,204,512,false,460,false
gsm8k:test:1218,gsm8k,,test,final_pass1,138d4759e6d7228f0e38b02d52318611971ff21a69c55e47935b990da259a56d,204,512,false,460,false
gsm8k:test:620,gsm8k,,test,baseline_pass1,1c1fbe8088b72ecd48b50e4fcabeaa66b81f7948e7b9fb2484f21feba61d35ee,158,512,false,414,false
gsm8k:test:620,gsm8k,,test,final_pass1,1c1fbe8088b72ecd48b50e4fcabeaa66b81f7948e7b9fb2484f21feba61d35ee,158,512,false,414,false
gsm8k:test:611,gsm8k,,test,baseline_pass1,2463240fc90bf8e9d2ed9e9979c6b717ecc62a1025000aa44f3cc2d0038c0083,173,512,false,429,false
gsm8k:test:611,gsm8k,,test,final_pass1,2463240fc90bf8e9d2ed9e9979c6b717ecc62a1025000aa44f3cc2d0038c0083,173,512,false,429,false
gsm8k:test:960,gsm8k,,test,baseline_pass1,205e0c62624137715e17e7169b8703b7febd94fedd93cbd6b430f7f101deeebb,218,512,false,474,false
gsm8k:test:960,gsm8k,,test,final_pass1,205e0c62624137715e17e7169b8703b7febd94fedd93cbd6b430f7f101deeebb,218,512,false,474,false
gsm8k:test:886,gsm8k,,test,baseline_pass1,53f11c8add2a0c99168cac664a20ee74a39f806d5bcfe5a6fc310365fb97aef8,165,512,false,421,false
gsm8k:test:886,gsm8k,,test,final_pass1,53f11c8add2a0c99168cac664a20ee74a39f806d5bcfe5a6fc310365fb97aef8,165,512,false,421,false
gsm8k:test:30,gsm8k,,test,baseline_pass1,61cb6078bedd83306cb8b82121f2ce6361520ad9fe018c3daf9bb95db559afce,139,512,false,395,false
gsm8k:test:30,gsm8k,,test,final_pass1,61cb6078bedd83306cb8b82121f2ce6361520ad9fe018c3daf9bb95db559afce,139,512,false,395,false
gsm8k:test:961,gsm8k,,test,baseline_pass1,c662750567a72f5bab065d1d15a37fbd22a809acd02dc9852c11b441d3104ad4,172,512,false,428,false
gsm8k:test:961,gsm8k,,test,final_pass1,c662750567a72f5bab065d1d15a37fbd22a809acd02dc9852c11b441d3104ad4,172,512,false,428,false
gsm8k:test:162,gsm8k,,test,baseline_pass1,dc611b5562d3f8cd0ec961fea31704858a6ca106b35e6fa8ff28347fa06279a8,142,512,false,398,false
gsm8k:test:162,gsm8k,,test,final_pass1,dc611b5562d3f8cd0ec961fea31704858a6ca106b35e6fa8ff28347fa06279a8,142,512,false,398,false
gsm8k:test:138,gsm8k,,test,baseline_pass1,07fde26a2bd59745043ba59e66a6c37c574726002db470eddc9e0283549c3c3a,173,512,false,429,false
gsm8k:test:138,gsm8k,,test,final_pass1,07fde26a2bd59745043ba59e66a6c37c574726002db470eddc9e0283549c3c3a,173,512,false,429,false
gsm8k:test:923,gsm8k,,test,baseline_pass1,845762168ecb1edbf6f9b28f71326810b0dc2f5408096678bdad235c10852eb1,174,512,false,430,false
gsm8k:test:923,gsm8k,,test,final_pass1,845762168ecb1edbf6f9b28f71326810b0dc2f5408096678bdad235c10852eb1,174,512,false,430,false
gsm8k:test:613,gsm8k,,test,baseline_pass1,265e608018ac1108808221b8456ba682a12dd876ad304907cf7ad907c9c1e6a7,139,512,false,395,false
gsm8k:test:613,gsm8k,,test,final_pass1,265e608018ac1108808221b8456ba682a12dd876ad304907cf7ad907c9c1e6a7,139,512,false,395,false
gsm8k:test:388,gsm8k,,test,baseline_pass1,e33e10a556e9d5fd9f0c2f6cd4a1ab44f323f5bf6153a997c02d52c098f08cb5,148,512,false,404,false
gsm8k:test:388,gsm8k,,test,final_pass1,e33e10a556e9d5fd9f0c2f6cd4a1ab44f323f5bf6153a997c02d52c098f08cb5,148,512,false,404,false
gsm8k:test:216,gsm8k,,test,baseline_pass1,abe4290e8fdaeec86aaf461bcf2d11eaee9f13790fc7dd674b352d06c1112816,154,512,false,410,false
gsm8k:test:216,gsm8k,,test,final_pass1,abe4290e8fdaeec86aaf461bcf2d11eaee9f13790fc7dd674b352d06c1112816,154,512,false,410,false
gsm8k:test:1075,gsm8k,,test,baseline_pass1,53ff4f08d18684fa4eb9e3a3e346da0a8e04e9de13757727a17e30c5a0f67340,156,512,false,412,false
gsm8k:test:1075,gsm8k,,test,final_pass1,53ff4f08d18684fa4eb9e3a3e346da0a8e04e9de13757727a17e30c5a0f67340,156,512,false,412,false
gsm8k:test:469,gsm8k,,test,baseline_pass1,294731029b127493d915439af677136b65d64369c7809fb1f0923f53ba225c82,157,512,false,413,false
gsm8k:test:469,gsm8k,,test,final_pass1,294731029b127493d915439af677136b65d64369c7809fb1f0923f53ba225c82,157,512,false,413,false
gsm8k:test:493,gsm8k,,test,baseline_pass1,fe4d9c100de950901f74148c9646aa56c538a33ccc74f6678e198e71b9f7f125,171,512,false,427,false
gsm8k:test:493,gsm8k,,test,final_pass1,fe4d9c100de950901f74148c9646aa56c538a33ccc74f6678e198e71b9f7f125,171,512,false,427,false
gsm8k:test:44,gsm8k,,test,baseline_pass1,b06402bcd61b95cfd755d565f8beb8a0765f616c4e15c056f1a1a338bbfa7616,177,512,false,433,false
gsm8k:test:44,gsm8k,,test,final_pass1,b06402bcd61b95cfd755d565f8beb8a0765f616c4e15c056f1a1a338bbfa7616,177,512,false,433,false
gsm8k:test:278,gsm8k,,test,baseline_pass1,1f9c4da18446d738aa6d94fcfe38c3764a39d9cccf6dc5760f0a63412a9b8e8d,139,512,false,395,false
gsm8k:test:278,gsm8k,,test,final_pass1,1f9c4da18446d738aa6d94fcfe38c3764a39d9cccf6dc5760f0a63412a9b8e8d,139,512,false,395,false
gsm8k:test:435,gsm8k,,test,baseline_pass1,56a6ea1da0f7602ff929506db4d3ca6368941a25a893fdcd49c783e81ca5c1c2,141,512,false,397,false
gsm8k:test:435,gsm8k,,test,final_pass1,56a6ea1da0f7602ff929506db4d3ca6368941a25a893fdcd49c783e81ca5c1c2,141,512,false,397,false
gsm8k:test:636,gsm8k,,test,baseline_pass1,5bdd05e72dacc221679cbffceee28f00be010d7265d7613e902a790e8eb2d015,145,512,false,401,false
gsm8k:test:636,gsm8k,,test,final_pass1,5bdd05e72dacc221679cbffceee28f00be010d7265d7613e902a790e8eb2d015,145,512,false,401,false
gsm8k:test:465,gsm8k,,test,baseline_pass1,a9aa5b97e0e0061ca0b68383c9049ecc442db5117787cb1b4b5bc7f0196d4b43,173,512,false,429,false
gsm8k:test:465,gsm8k,,test,final_pass1,a9aa5b97e0e0061ca0b68383c9049ecc442db5117787cb1b4b5bc7f0196d4b43,173,512,false,429,false
gsm8k:test:399,gsm8k,,test,baseline_pass1,d5eb4bc7b6abbdc95bf8aa409372a1217734315625f71ab55d34b3d1ee71a1cb,139,512,false,395,false
gsm8k:test:399,gsm8k,,test,final_pass1,d5eb4bc7b6abbdc95bf8aa409372a1217734315625f71ab55d34b3d1ee71a1cb,139,512,false,395,false
gsm8k:test:487,gsm8k,,test,baseline_pass1,ae9eb423f2b8a78204c15fe6c419071f323a06295e170f5020f52c4a63534a1b,155,512,false,411,false
gsm8k:test:487,gsm8k,,test,final_pass1,ae9eb423f2b8a78204c15fe6c419071f323a06295e170f5020f52c4a63534a1b,155,512,false,411,false
gsm8k:test:389,gsm8k,,test,baseline_pass1,fe012bfbeab17cee0a38c4be9537e8e9c1a14bc303b23fc61be0894c1dab231c,177,512,false,433,false
gsm8k:test:389,gsm8k,,test,final_pass1,fe012bfbeab17cee0a38c4be9537e8e9c1a14bc303b23fc61be0894c1dab231c,177,512,false,433,false
gsm8k:test:273,gsm8k,,test,baseline_pass1,6b3bd90107398934d842e591c85ae16c879ed4c3c44e989258e917556a08c7db,180,512,false,436,false
gsm8k:test:273,gsm8k,,test,final_pass1,6b3bd90107398934d842e591c85ae16c879ed4c3c44e989258e917556a08c7db,180,512,false,436,false
gsm8k:test:455,gsm8k,,test,baseline_pass1,8077eff5cef0ac5acce5dada3a6c627b7970b6f3ad7da7a90b6f39b5e92c1198,173,512,false,429,false
gsm8k:test:455,gsm8k,,test,final_pass1,8077eff5cef0ac5acce5dada3a6c627b7970b6f3ad7da7a90b6f39b5e92c1198,173,512,false,429,false
gsm8k:test:729,gsm8k,,test,baseline_pass1,a01eda1b1c36830bd24c875856ce99e43f545563ae1db225d407df1e64984cac,176,512,false,432,false
gsm8k:test:729,gsm8k,,test,final_pass1,a01eda1b1c36830bd24c875856ce99e43f545563ae1db225d407df1e64984cac,176,512,false,432,false
gsm8k:test:118,gsm8k,,test,baseline_pass1,edb2a39606c89576cc662bb2988e84d75be3927ae2082f555e50631e7ceb9734,173,512,false,429,false
gsm8k:test:118,gsm8k,,test,final_pass1,edb2a39606c89576cc662bb2988e84d75be3927ae2082f555e50631e7ceb9734,173,512,false,429,false
gsm8k:test:1280,gsm8k,,test,baseline_pass1,7830c4a40bf454d46fd4885f694ac18ce24fdf67de0bb3e30a974eeffad215df,146,512,false,402,false
gsm8k:test:1280,gsm8k,,test,final_pass1,7830c4a40bf454d46fd4885f694ac18ce24fdf67de0bb3e30a974eeffad215df,146,512,false,402,false
gsm8k:test:685,gsm8k,,test,baseline_pass1,eb817597a2b4b746c2fb7fa6ad92b1c7ddb72562d278aface7834a5738a8ed7d,156,512,false,412,false
gsm8k:test:685,gsm8k,,test,final_pass1,eb817597a2b4b746c2fb7fa6ad92b1c7ddb72562d278aface7834a5738a8ed7d,156,512,false,412,false
gsm8k:test:1214,gsm8k,,test,baseline_pass1,07bb93bcb6fb2a44422f8432f6429c1b45828c2471cdf33628e638ee1ed89f77,140,512,false,396,false
gsm8k:test:1214,gsm8k,,test,final_pass1,07bb93bcb6fb2a44422f8432f6429c1b45828c2471cdf33628e638ee1ed89f77,140,512,false,396,false
gsm8k:test:76,gsm8k,,test,baseline_pass1,6fefb7b7685c6d83f1f679e4e0fb575af8b05dc6dca11b9d23c9f7388019b08a,187,512,false,443,false
gsm8k:test:76,gsm8k,,test,final_pass1,6fefb7b7685c6d83f1f679e4e0fb575af8b05dc6dca11b9d23c9f7388019b08a,187,512,false,443,false
gsm8k:test:852,gsm8k,,test,baseline_pass1,e581e67eb0dc30424c68687824d7f922dfd0a5603fe9bbd7f06d00bb25eab6ff,155,512,false,411,false
gsm8k:test:852,gsm8k,,test,final_pass1,e581e67eb0dc30424c68687824d7f922dfd0a5603fe9bbd7f06d00bb25eab6ff,155,512,false,411,false
gsm8k:test:1260,gsm8k,,test,baseline_pass1,773d16b9a20f5cff08c1d0ed8385035364a56f88663e6dc4fc17e56b7ccb5c92,182,512,false,438,false
gsm8k:test:1260,gsm8k,,test,final_pass1,773d16b9a20f5cff08c1d0ed8385035364a56f88663e6dc4fc17e56b7ccb5c92,182,512,false,438,false
gsm8k:test:283,gsm8k,,test,baseline_pass1,9cf214fa59b396d7c25eb60c069a79ea6defdb7ff1b66d0a903771e49d92ba88,192,512,false,448,false
gsm8k:test:283,gsm8k,,test,final_pass1,9cf214fa59b396d7c25eb60c069a79ea6defdb7ff1b66d0a903771e49d92ba88,192,512,false,448,false
gsm8k:test:516,gsm8k,,test,baseline_pass1,e0035cce26c16d225b4a58c7eef42004147a15fd5a6443cdca0ab720c50bd61c,131,512,false,387,false
gsm8k:test:516,gsm8k,,test,final_pass1,e0035cce26c16d225b4a58c7eef42004147a15fd5a6443cdca0ab720c50bd61c,131,512,false,387,false
gsm8k:test:42,gsm8k,,test,baseline_pass1,250688e475843a1e9b0ffe542a9393947340ae35ae3818e2d7293c03d4f0ce5a,182,512,false,438,false
gsm8k:test:42,gsm8k,,test,final_pass1,250688e475843a1e9b0ffe542a9393947340ae35ae3818e2d7293c03d4f0ce5a,182,512,false,438,false
gsm8k:test:895,gsm8k,,test,baseline_pass1,7b75fa13d1de377abf0f83665286d2d642243789ba72bbc9260187d449270002,157,512,false,413,false
gsm8k:test:895,gsm8k,,test,final_pass1,7b75fa13d1de377abf0f83665286d2d642243789ba72bbc9260187d449270002,157,512,false,413,false
gsm8k:test:1180,gsm8k,,test,baseline_pass1,d3f48ee749b4865c8affbf20ffd09162bd2bbfb5cc38494a196cf1d10661cb2c,184,512,false,440,false
gsm8k:test:1180,gsm8k,,test,final_pass1,d3f48ee749b4865c8affbf20ffd09162bd2bbfb5cc38494a196cf1d10661cb2c,184,512,false,440,false
gsm8k:test:153,gsm8k,,test,baseline_pass1,439156c0bc31d7aceaad7958d7873fc491c03db58fae144f0aef2045b1c8fa4b,203,512,false,459,false
gsm8k:test:153,gsm8k,,test,final_pass1,439156c0bc31d7aceaad7958d7873fc491c03db58fae144f0aef2045b1c8fa4b,203,512,false,459,false
gsm8k:test:1172,gsm8k,,test,baseline_pass1,ab3e377b9142e71436b14b72b6d5826de38d6e6b8d44060fbc30a885d209efc5,181,512,false,437,false
gsm8k:test:1172,gsm8k,,test,final_pass1,ab3e377b9142e71436b14b72b6d5826de38d6e6b8d44060fbc30a885d209efc5,181,512,false,437,false
gsm8k:test:742,gsm8k,,test,baseline_pass1,f25cec1a0500f6f6a643f8dd514dcbb3fea50459b5ea4e785b75ba392a968971,147,512,false,403,false
gsm8k:test:742,gsm8k,,test,final_pass1,f25cec1a0500f6f6a643f8dd514dcbb3fea50459b5ea4e785b75ba392a968971,147,512,false,403,false
gsm8k:test:776,gsm8k,,test,baseline_pass1,e6d84b28193c28ff8b1cdb7fcd6f957924fc10ce2457e75b28020b7b52bf1ae1,130,512,false,386,false
gsm8k:test:776,gsm8k,,test,final_pass1,e6d84b28193c28ff8b1cdb7fcd6f957924fc10ce2457e75b28020b7b52bf1ae1,130,512,false,386,false
gsm8k:test:182,gsm8k,,test,baseline_pass1,6700654f0a1bb0cdf6f1f77dfe10892772686dba11999d97442b0788436209f3,136,512,false,392,false
gsm8k:test:182,gsm8k,,test,final_pass1,6700654f0a1bb0cdf6f1f77dfe10892772686dba11999d97442b0788436209f3,136,512,false,392,false
gsm8k:test:702,gsm8k,,test,baseline_pass1,e71eb4b70d6b62bec72a6dbe21401b5eb910ecbc940a30d8154b0178b6a9fdd2,200,512,false,456,false
gsm8k:test:702,gsm8k,,test,final_pass1,e71eb4b70d6b62bec72a6dbe21401b5eb910ecbc940a30d8154b0178b6a9fdd2,200,512,false,456,false
gsm8k:test:417,gsm8k,,test,baseline_pass1,c827dea9e1d9130dc4481e3dfb584c8a999c10cc7745f122e5eeb60e2554a864,194,512,false,450,false
gsm8k:test:417,gsm8k,,test,final_pass1,c827dea9e1d9130dc4481e3dfb584c8a999c10cc7745f122e5eeb60e2554a864,194,512,false,450,false
gsm8k:test:853,gsm8k,,test,baseline_pass1,2f29b6c475fb808d3ef7006c1e3e8497b37d765f91f40bdc0cb09f25494bc7d0,142,512,false,398,false
gsm8k:test:853,gsm8k,,test,final_pass1,2f29b6c475fb808d3ef7006c1e3e8497b37d765f91f40bdc0cb09f25494bc7d0,142,512,false,398,false
gsm8k:test:297,gsm8k,,test,baseline_pass1,ea0fa57f8c541f6c9d058b10f1abb7851ea928d885bc4d99075d1ae5960d0e36,178,512,false,434,false
gsm8k:test:297,gsm8k,,test,final_pass1,ea0fa57f8c541f6c9d058b10f1abb7851ea928d885bc4d99075d1ae5960d0e36,178,512,false,434,false
gsm8k:test:979,gsm8k,,test,baseline_pass1,b266d9cf58ca7896f65979af77d2ab99db0f40827b7fcfd3e0244e357f9845f6,150,512,false,406,false
gsm8k:test:979,gsm8k,,test,final_pass1,b266d9cf58ca7896f65979af77d2ab99db0f40827b7fcfd3e0244e357f9845f6,150,512,false,406,false
gsm8k:test:155,gsm8k,,test,baseline_pass1,e7cb4152780a2388153edbff1df0c3b8dcbd717fd8b4f3682c9b2f7873dd501b,174,512,false,430,false
gsm8k:test:155,gsm8k,,test,final_pass1,e7cb4152780a2388153edbff1df0c3b8dcbd717fd8b4f3682c9b2f7873dd501b,174,512,false,430,false
gsm8k:test:832,gsm8k,,test,baseline_pass1,77451da1cc44351497df71eb48bb86dc808206d910e089f1eb2dcbc310e11e30,153,512,false,409,false
gsm8k:test:832,gsm8k,,test,final_pass1,77451da1cc44351497df71eb48bb86dc808206d910e089f1eb2dcbc310e11e30,153,512,false,409,false
gsm8k:test:746,gsm8k,,test,baseline_pass1,785f40cf4b785fee0cc964826306a41e378528812dee8402a2b4da69ab02f0cc,193,512,false,449,false
gsm8k:test:746,gsm8k,,test,final_pass1,785f40cf4b785fee0cc964826306a41e378528812dee8402a2b4da69ab02f0cc,193,512,false,449,false
gsm8k:test:573,gsm8k,,test,baseline_pass1,cbc3d133fd3c848f2f6e79b3ea11322d59b112224a77f98757f74ce384565d8c,140,512,false,396,false
gsm8k:test:573,gsm8k,,test,final_pass1,cbc3d133fd3c848f2f6e79b3ea11322d59b112224a77f98757f74ce384565d8c,140,512,false,396,false
gsm8k:test:392,gsm8k,,test,baseline_pass1,fc6f028697d32d769b8da2622e83d9ee90fe8eeccd5e2eb72835435a7ac0f2a9,163,512,false,419,false
gsm8k:test:392,gsm8k,,test,final_pass1,fc6f028697d32d769b8da2622e83d9ee90fe8eeccd5e2eb72835435a7ac0f2a9,163,512,false,419,false
gsm8k:test:433,gsm8k,,test,baseline_pass1,7018fa0f67599c10a977c6e4061ecedd97fa5d4f39051d3a12a3b1493c7c3fce,142,512,false,398,false
gsm8k:test:433,gsm8k,,test,final_pass1,7018fa0f67599c10a977c6e4061ecedd97fa5d4f39051d3a12a3b1493c7c3fce,142,512,false,398,false
gsm8k:test:164,gsm8k,,test,baseline_pass1,9e724b9465142a2f73a0518c37818c84fbc58bb455a1d31b99f87d8e5f55f0d4,168,512,false,424,false
gsm8k:test:164,gsm8k,,test,final_pass1,9e724b9465142a2f73a0518c37818c84fbc58bb455a1d31b99f87d8e5f55f0d4,168,512,false,424,false
gsm8k:test:1030,gsm8k,,test,baseline_pass1,865f2c4942edb983db0a5188bd03ce3ca8d521b3f7c2822d3f45f08a3d188083,212,512,false,468,false
gsm8k:test:1030,gsm8k,,test,final_pass1,865f2c4942edb983db0a5188bd03ce3ca8d521b3f7c2822d3f45f08a3d188083,212,512,false,468,false
gsm8k:test:701,gsm8k,,test,baseline_pass1,75d35baf7cfdb201b82780f9329b930f9e25e3106307fde9243b165edc6836df,189,512,false,445,false
gsm8k:test:701,gsm8k,,test,final_pass1,75d35baf7cfdb201b82780f9329b930f9e25e3106307fde9243b165edc6836df,189,512,false,445,false
gsm8k:test:587,gsm8k,,test,baseline_pass1,e4c880061a203bfedc52920087153af9d2c67030f85f48163d5d0cea85e0dbf8,191,512,false,447,false
gsm8k:test:587,gsm8k,,test,final_pass1,e4c880061a203bfedc52920087153af9d2c67030f85f48163d5d0cea85e0dbf8,191,512,false,447,false
gsm8k:test:99,gsm8k,,test,baseline_pass1,fc51843de2f725124eb14f59eba8ef7946fea623a54827da51526ae26ebd9c0c,182,512,false,438,false
gsm8k:test:99,gsm8k,,test,final_pass1,fc51843de2f725124eb14f59eba8ef7946fea623a54827da51526ae26ebd9c0c,182,512,false,438,false
gsm8k:test:284,gsm8k,,test,baseline_pass1,bc80fdcdcabc2250c9f710f948ddee2a2ef418b35322c3c4cf93ffbaad8befbd,201,512,false,457,false
gsm8k:test:284,gsm8k,,test,final_pass1,bc80fdcdcabc2250c9f710f948ddee2a2ef418b35322c3c4cf93ffbaad8befbd,201,512,false,457,false
gsm8k:test:775,gsm8k,,test,baseline_pass1,ba30362c048dd7398aaeff5d0d68a3b88c7d9840c2de7f8c5aae6b97f17979f7,163,512,false,419,false
gsm8k:test:775,gsm8k,,test,final_pass1,ba30362c048dd7398aaeff5d0d68a3b88c7d9840c2de7f8c5aae6b97f17979f7,163,512,false,419,false
gsm8k:test:695,gsm8k,,test,baseline_pass1,755728273fe7494c829e0a742ce57c74701ab6ceeff8981fdbaba6cf53091f36,143,512,false,399,false
gsm8k:test:695,gsm8k,,test,final_pass1,755728273fe7494c829e0a742ce57c74701ab6ceeff8981fdbaba6cf53091f36,143,512,false,399,false
gsm8k:test:1000,gsm8k,,test,baseline_pass1,0cc8bc48d23d0aac39def46c1fbbcbe06334e05e410f633778c5d4da8662f76e,181,512,false,437,false
gsm8k:test:1000,gsm8k,,test,final_pass1,0cc8bc48d23d0aac39def46c1fbbcbe06334e05e410f633778c5d4da8662f76e,181,512,false,437,false
gsm8k:test:26,gsm8k,,test,baseline_pass1,f9dc606ad2f6db8a8bb8bd973aa7ba25bfb4a7a9b8bb4c12add25f01135b3f99,169,512,false,425,false
gsm8k:test:26,gsm8k,,test,final_pass1,f9dc606ad2f6db8a8bb8bd973aa7ba25bfb4a7a9b8bb4c12add25f01135b3f99,169,512,false,425,false
gsm8k:test:727,gsm8k,,test,baseline_pass1,bb9a968c1c1d72dbf863707cc8fbd62e5816ab0eb1bf533bb8b15fba356b4b51,180,512,false,436,false
gsm8k:test:727,gsm8k,,test,final_pass1,bb9a968c1c1d72dbf863707cc8fbd62e5816ab0eb1bf533bb8b15fba356b4b51,180,512,false,436,false
gsm8k:test:1067,gsm8k,,test,baseline_pass1,e7d199bdf780a1a968d18f1b68ec03e20f5d7eeca04ed96cdeb7234a09f6e1cd,161,512,false,417,false
gsm8k:test:1067,gsm8k,,test,final_pass1,e7d199bdf780a1a968d18f1b68ec03e20f5d7eeca04ed96cdeb7234a09f6e1cd,161,512,false,417,false
gsm8k:test:312,gsm8k,,test,baseline_pass1,4555ca591a776a7c3d03baeb36da548c78b6e28f7ccb89a4d150edf5f5c19530,132,512,false,388,false
gsm8k:test:312,gsm8k,,test,final_pass1,4555ca591a776a7c3d03baeb36da548c78b6e28f7ccb89a4d150edf5f5c19530,132,512,false,388,false
gsm8k:test:999,gsm8k,,test,baseline_pass1,614d30156ffe00fd06386ae379881b127d8abe2713d435b14750f7bb5463de83,148,512,false,404,false
gsm8k:test:999,gsm8k,,test,final_pass1,614d30156ffe00fd06386ae379881b127d8abe2713d435b14750f7bb5463de83,148,512,false,404,false
gsm8k:test:217,gsm8k,,test,baseline_pass1,1f1ca783693c60abf776bada4f554306d96511151c9a59b1b0245ee4dfb9d6c5,133,512,false,389,false
gsm8k:test:217,gsm8k,,test,final_pass1,1f1ca783693c60abf776bada4f554306d96511151c9a59b1b0245ee4dfb9d6c5,133,512,false,389,false
gsm8k:test:795,gsm8k,,test,baseline_pass1,fbe6a05cd451854ce4a0bbba59ce4f12b1f388b279376c307476d0d7a834fc7a,163,512,false,419,false
gsm8k:test:795,gsm8k,,test,final_pass1,fbe6a05cd451854ce4a0bbba59ce4f12b1f388b279376c307476d0d7a834fc7a,163,512,false,419,false
gsm8k:test:673,gsm8k,,test,baseline_pass1,dbb0da25cc47f076da01d06e4dc2d0911d06c36c17012969995c65552d4cbcab,131,512,false,387,false
gsm8k:test:673,gsm8k,,test,final_pass1,dbb0da25cc47f076da01d06e4dc2d0911d06c36c17012969995c65552d4cbcab,131,512,false,387,false
gsm8k:test:768,gsm8k,,test,baseline_pass1,9aae4d59a3713c2d4d70718c03730b1d0049b919a402af71688aea3a0cf24c20,141,512,false,397,false
gsm8k:test:768,gsm8k,,test,final_pass1,9aae4d59a3713c2d4d70718c03730b1d0049b919a402af71688aea3a0cf24c20,141,512,false,397,false
gsm8k:test:781,gsm8k,,test,baseline_pass1,22524d83f57a953d43300824f9732e4570c2f8f191cbf7217d85e25899cf7aa4,142,512,false,398,false
gsm8k:test:781,gsm8k,,test,final_pass1,22524d83f57a953d43300824f9732e4570c2f8f191cbf7217d85e25899cf7aa4,142,512,false,398,false
gsm8k:test:517,gsm8k,,test,baseline_pass1,b8053ae39c4f93402b747240e982122ad958bbc66cb4dc7dd654d984f6f9f6eb,149,512,false,405,false
gsm8k:test:517,gsm8k,,test,final_pass1,b8053ae39c4f93402b747240e982122ad958bbc66cb4dc7dd654d984f6f9f6eb,149,512,false,405,false
gsm8k:test:448,gsm8k,,test,baseline_pass1,21242f9fbc417aed645f624f491ba0a6cef75864b8079ffc2cf825db79b90a15,168,512,false,424,false
gsm8k:test:448,gsm8k,,test,final_pass1,21242f9fbc417aed645f624f491ba0a6cef75864b8079ffc2cf825db79b90a15,168,512,false,424,false
gsm8k:test:357,gsm8k,,test,baseline_pass1,a73a798f2088c00e7e7cf91d74e5e182d50b87e25102773951cdb2786c0213d9,183,512,false,439,false
gsm8k:test:357,gsm8k,,test,final_pass1,a73a798f2088c00e7e7cf91d74e5e182d50b87e25102773951cdb2786c0213d9,183,512,false,439,false
gsm8k:test:1003,gsm8k,,test,baseline_pass1,20ef1db482c4e683ee1b40dac4ae1570a1e720302c3c0d6434b69e7710448084,164,512,false,420,false
gsm8k:test:1003,gsm8k,,test,final_pass1,20ef1db482c4e683ee1b40dac4ae1570a1e720302c3c0d6434b69e7710448084,164,512,false,420,false
gsm8k:test:226,gsm8k,,test,baseline_pass1,4c0b042573953a9620e548ec55d2be1ce91bbbd4bd2085344728a2acc44d8572,168,512,false,424,false
gsm8k:test:226,gsm8k,,test,final_pass1,4c0b042573953a9620e548ec55d2be1ce91bbbd4bd2085344728a2acc44d8572,168,512,false,424,false
gsm8k:test:681,gsm8k,,test,baseline_pass1,2e85f1709794c8923876d50763ccc022447eeabe3d7086b4d0a2cc3d1eee0906,154,512,false,410,false
gsm8k:test:681,gsm8k,,test,final_pass1,2e85f1709794c8923876d50763ccc022447eeabe3d7086b4d0a2cc3d1eee0906,154,512,false,410,false
gsm8k:test:631,gsm8k,,test,baseline_pass1,ab0696411b7a8457ffdae47c47d78fd6ece1fbc790ce04ffa95f2ef551e7b8a7,170,512,false,426,false
gsm8k:test:631,gsm8k,,test,final_pass1,ab0696411b7a8457ffdae47c47d78fd6ece1fbc790ce04ffa95f2ef551e7b8a7,170,512,false,426,false
gsm8k:test:187,gsm8k,,test,baseline_pass1,f06cb5a0fc4803b7e8307e81db27fd92169ff79b796ff35265f39cbb75426222,140,512,false,396,false
gsm8k:test:187,gsm8k,,test,final_pass1,f06cb5a0fc4803b7e8307e81db27fd92169ff79b796ff35265f39cbb75426222,140,512,false,396,false
gsm8k:test:883,gsm8k,,test,baseline_pass1,1f924d7f7f46604fdd492af99a4d988d28a00a277b9b96bb905cf20b9028ebc6,172,512,false,428,false
gsm8k:test:883,gsm8k,,test,final_pass1,1f924d7f7f46604fdd492af99a4d988d28a00a277b9b96bb905cf20b9028ebc6,172,512,false,428,false
gsm8k:test:192,gsm8k,,test,baseline_pass1,11785b7b7dfda507b78cebee12f7d3af957d5c3ea59a5f1e86d1c2b08be82377,155,512,false,411,false
gsm8k:test:192,gsm8k,,test,final_pass1,11785b7b7dfda507b78cebee12f7d3af957d5c3ea59a5f1e86d1c2b08be82377,155,512,false,411,false
gsm8k:test:1189,gsm8k,,test,baseline_pass1,556c4e5dd7d5c5088b128fe16ebc3d902dd26c6c7638b69dc591330866b00396,147,512,false,403,false
gsm8k:test:1189,gsm8k,,test,final_pass1,556c4e5dd7d5c5088b128fe16ebc3d902dd26c6c7638b69dc591330866b00396,147,512,false,403,false
gsm8k:test:253,gsm8k,,test,baseline_pass1,35449e267f04d40e3e4a72e6c74e66911777de9ac8055d3866c242b61b10f95c,138,512,false,394,false
gsm8k:test:253,gsm8k,,test,final_pass1,35449e267f04d40e3e4a72e6c74e66911777de9ac8055d3866c242b61b10f95c,138,512,false,394,false
gsm8k:test:1228,gsm8k,,test,baseline_pass1,ac395ad65f78612f970a1be1f676b7b42b6a7a0d7feea8933b40616a5083eaf8,137,512,false,393,false
gsm8k:test:1228,gsm8k,,test,final_pass1,ac395ad65f78612f970a1be1f676b7b42b6a7a0d7feea8933b40616a5083eaf8,137,512,false,393,false
gsm8k:test:737,gsm8k,,test,baseline_pass1,aef4f0763dc7331760dff03a6f272bacb9195af577a41f3d0277b0adec4ec0a3,178,512,false,434,false
gsm8k:test:737,gsm8k,,test,final_pass1,aef4f0763dc7331760dff03a6f272bacb9195af577a41f3d0277b0adec4ec0a3,178,512,false,434,false
gsm8k:test:324,gsm8k,,test,baseline_pass1,b776053201e6c5f169358d5dcb634a1d987b32a1b50c3c52455e34b3cdc900b7,160,512,false,416,false
gsm8k:test:324,gsm8k,,test,final_pass1,b776053201e6c5f169358d5dcb634a1d987b32a1b50c3c52455e34b3cdc900b7,160,512,false,416,false
gsm8k:test:836,gsm8k,,test,baseline_pass1,350a10f339b022c27aaaa02f225a913b36f0d8dfa791403ab1487158fee655f6,162,512,false,418,false
gsm8k:test:836,gsm8k,,test,final_pass1,350a10f339b022c27aaaa02f225a913b36f0d8dfa791403ab1487158fee655f6,162,512,false,418,false
gsm8k:test:810,gsm8k,,test,baseline_pass1,4fd71f67a15c0f21de0bde353b158115f84c5f1a35c1764020868105fd532189,164,512,false,420,false
gsm8k:test:810,gsm8k,,test,final_pass1,4fd71f67a15c0f21de0bde353b158115f84c5f1a35c1764020868105fd532189,164,512,false,420,false
gsm8k:test:817,gsm8k,,test,baseline_pass1,3e9cd01d1a677a5a4f5c2029f9ad133755a444c4933dc71779a2df82f68da875,137,512,false,393,false
gsm8k:test:817,gsm8k,,test,final_pass1,3e9cd01d1a677a5a4f5c2029f9ad133755a444c4933dc71779a2df82f68da875,137,512,false,393,false
gsm8k:test:884,gsm8k,,test,baseline_pass1,3b8c90bdd5fb5a14e73b5059d0e920d34e3103da11f237db6cb596e81548cca2,142,512,false,398,false
gsm8k:test:884,gsm8k,,test,final_pass1,3b8c90bdd5fb5a14e73b5059d0e920d34e3103da11f237db6cb596e81548cca2,142,512,false,398,false
gsm8k:test:262,gsm8k,,test,baseline_pass1,600485a4599572092e99f38beeabfdfb6f7cdae0a0498f242dff78b89b670507,138,512,false,394,false
gsm8k:test:262,gsm8k,,test,final_pass1,600485a4599572092e99f38beeabfdfb6f7cdae0a0498f242dff78b89b670507,138,512,false,394,false
gsm8k:test:27,gsm8k,,test,baseline_pass1,ba4124fa17b561ca0b83931479bfc6cc26b32a19555acb24d9d651a23bd8d98d,159,512,false,415,false
gsm8k:test:27,gsm8k,,test,final_pass1,ba4124fa17b561ca0b83931479bfc6cc26b32a19555acb24d9d651a23bd8d98d,159,512,false,415,false
gsm8k:test:1057,gsm8k,,test,baseline_pass1,d5fec455ab7735c6d61ba2351447befb98b6c8af1fc9294ccd1074e1483f7405,141,512,false,397,false
gsm8k:test:1057,gsm8k,,test,final_pass1,d5fec455ab7735c6d61ba2351447befb98b6c8af1fc9294ccd1074e1483f7405,141,512,false,397,false
gsm8k:test:980,gsm8k,,test,baseline_pass1,c8edcb8b9ee78fd2f8c9ba337906005253e672de7638ebfa3d95f56fc3f0c0b4,157,512,false,413,false
gsm8k:test:980,gsm8k,,test,final_pass1,c8edcb8b9ee78fd2f8c9ba337906005253e672de7638ebfa3d95f56fc3f0c0b4,157,512,false,413,false
gsm8k:test:590,gsm8k,,test,baseline_pass1,7eb2a54217a74dbf67eae0639e7930e407738aca8dbdd588f1a1f21b7a8c4bf5,183,512,false,439,false
gsm8k:test:590,gsm8k,,test,final_pass1,7eb2a54217a74dbf67eae0639e7930e407738aca8dbdd588f1a1f21b7a8c4bf5,183,512,false,439,false
gsm8k:test:1084,gsm8k,,test,baseline_pass1,4e39fa824d51cebb9db9ca5ba0c163bdfca1bb97eb204f8868601c834aee2c99,140,512,false,396,false
gsm8k:test:1084,gsm8k,,test,final_pass1,4e39fa824d51cebb9db9ca5ba0c163bdfca1bb97eb204f8868601c834aee2c99,140,512,false,396,false
gsm8k:test:683,gsm8k,,test,baseline_pass1,bda0d180d9f90807bec257e0d82fce3a5c9e32a2cc5002d8e55e4557012bebb7,166,512,false,422,false
gsm8k:test:683,gsm8k,,test,final_pass1,bda0d180d9f90807bec257e0d82fce3a5c9e32a2cc5002d8e55e4557012bebb7,166,512,false,422,false
gsm8k:test:629,gsm8k,,test,baseline_pass1,0bdc00852918903b5820da2a8683f6a2175282daf8ab6d03b16c85898047ec89,162,512,false,418,false
gsm8k:test:629,gsm8k,,test,final_pass1,0bdc00852918903b5820da2a8683f6a2175282daf8ab6d03b16c85898047ec89,162,512,false,418,false
gsm8k:test:250,gsm8k,,test,baseline_pass1,4847ed77320872adba8e065de41c2065e02e0e308c116f3d5664a39ad338a8f2,162,512,false,418,false
gsm8k:test:250,gsm8k,,test,final_pass1,4847ed77320872adba8e065de41c2065e02e0e308c116f3d5664a39ad338a8f2,162,512,false,418,false
gsm8k:test:1033,gsm8k,,test,baseline_pass1,68ec10e014d4b85c64cea33bc1fbb8f697ca90784f9cd52fb534d20a8d7798ca,158,512,false,414,false
gsm8k:test:1033,gsm8k,,test,final_pass1,68ec10e014d4b85c64cea33bc1fbb8f697ca90784f9cd52fb534d20a8d7798ca,158,512,false,414,false
gsm8k:test:142,gsm8k,,test,baseline_pass1,b7ab04cea8b390735e2e34b45f4d51221b76b84f301f57d9f46fcf80ed2c81be,146,512,false,402,false
gsm8k:test:142,gsm8k,,test,final_pass1,b7ab04cea8b390735e2e34b45f4d51221b76b84f301f57d9f46fcf80ed2c81be,146,512,false,402,false
gsm8k:test:189,gsm8k,,test,baseline_pass1,d48c930fdf76e62767704148eea5c2007d2cf2e52b98417d2e49408afcf57997,168,512,false,424,false
gsm8k:test:189,gsm8k,,test,final_pass1,d48c930fdf76e62767704148eea5c2007d2cf2e52b98417d2e49408afcf57997,168,512,false,424,false
gsm8k:test:564,gsm8k,,test,baseline_pass1,2a30067aaffa8a9ada1f8de4bfd5bd3d108afb735345b69e88367c65bd0c56d5,159,512,false,415,false
gsm8k:test:564,gsm8k,,test,final_pass1,2a30067aaffa8a9ada1f8de4bfd5bd3d108afb735345b69e88367c65bd0c56d5,159,512,false,415,false
gsm8k:test:1201,gsm8k,,test,baseline_pass1,abfda0725fc051d2b0a0de6ae11c9d173b83473c92c59bdad125227473066405,147,512,false,403,false
gsm8k:test:1201,gsm8k,,test,final_pass1,abfda0725fc051d2b0a0de6ae11c9d173b83473c92c59bdad125227473066405,147,512,false,403,false
gsm8k:test:871,gsm8k,,test,baseline_pass1,c9767cda1a6c9795335d5d97d737943da3b13e0ca2ace22cc60f520c551c0872,161,512,false,417,false
gsm8k:test:871,gsm8k,,test,final_pass1,c9767cda1a6c9795335d5d97d737943da3b13e0ca2ace22cc60f520c551c0872,161,512,false,417,false
gsm8k:test:563,gsm8k,,test,baseline_pass1,e359a16db89ef3f3cd654dd7de27cff277b8e4d16ecb2d936b75ca86f043d933,149,512,false,405,false
gsm8k:test:563,gsm8k,,test,final_pass1,e359a16db89ef3f3cd654dd7de27cff277b8e4d16ecb2d936b75ca86f043d933,149,512,false,405,false
gsm8k:test:123,gsm8k,,test,baseline_pass1,dfdc8fc7527a82e1b2db41c5f3b6660c6b6af229a4d084a09c8b222971a43fe3,137,512,false,393,false
gsm8k:test:123,gsm8k,,test,final_pass1,dfdc8fc7527a82e1b2db41c5f3b6660c6b6af229a4d084a09c8b222971a43fe3,137,512,false,393,false
gsm8k:test:497,gsm8k,,test,baseline_pass1,d9d46aa08b7367771555b1a2774f6017a898c2a037dec51799dfa47969ee0359,160,512,false,416,false
gsm8k:test:497,gsm8k,,test,final_pass1,d9d46aa08b7367771555b1a2774f6017a898c2a037dec51799dfa47969ee0359,160,512,false,416,false
gsm8k:test:1292,gsm8k,,test,baseline_pass1,80be3873dd92cd71fce036e02b500646f6cb89dadcc9d540e7f2d66dc7f05f4b,146,512,false,402,false
gsm8k:test:1292,gsm8k,,test,final_pass1,80be3873dd92cd71fce036e02b500646f6cb89dadcc9d540e7f2d66dc7f05f4b,146,512,false,402,false
gsm8k:test:539,gsm8k,,test,baseline_pass1,5302813f4174bb07788ab64924fdeaeb5020f9c09fd52eef60abf4af71cc9c93,136,512,false,392,false
gsm8k:test:539,gsm8k,,test,final_pass1,5302813f4174bb07788ab64924fdeaeb5020f9c09fd52eef60abf4af71cc9c93,136,512,false,392,false
gsm8k:test:424,gsm8k,,test,baseline_pass1,d449eb8baec5869655bd6239a8c3b58d8ce32ec1bb2c4587bc96f8e3a6c63bdf,162,512,false,418,false
gsm8k:test:424,gsm8k,,test,final_pass1,d449eb8baec5869655bd6239a8c3b58d8ce32ec1bb2c4587bc96f8e3a6c63bdf,162,512,false,418,false
gsm8k:test:933,gsm8k,,test,baseline_pass1,64fd0d3c62ce78de8880fda98314d2fe4c341762720b05f49c3b004ddf44bf53,166,512,false,422,false
gsm8k:test:933,gsm8k,,test,final_pass1,64fd0d3c62ce78de8880fda98314d2fe4c341762720b05f49c3b004ddf44bf53,166,512,false,422,false
gsm8k:test:314,gsm8k,,test,baseline_pass1,d4d03c367ca2c7a8402898d8b0e58f4e4687bdd66a4ed3642132ee68cdb487c7,154,512,false,410,false
gsm8k:test:314,gsm8k,,test,final_pass1,d4d03c367ca2c7a8402898d8b0e58f4e4687bdd66a4ed3642132ee68cdb487c7,154,512,false,410,false
gsm8k:test:581,gsm8k,,test,baseline_pass1,62e03a3a8144508936a627340d7ef948082c514f253908948780af5827690c5a,149,512,false,405,false
gsm8k:test:581,gsm8k,,test,final_pass1,62e03a3a8144508936a627340d7ef948082c514f253908948780af5827690c5a,149,512,false,405,false
gsm8k:test:709,gsm8k,,test,baseline_pass1,bb62a3b91f3c80c33b6c2cbc1f740a69c36cdb788fd9ecd17c90014d81de5163,154,512,false,410,false
gsm8k:test:709,gsm8k,,test,final_pass1,bb62a3b91f3c80c33b6c2cbc1f740a69c36cdb788fd9ecd17c90014d81de5163,154,512,false,410,false
gsm8k:test:700,gsm8k,,test,baseline_pass1,24e2c0397e86bc5ac4d09a2d833d8aa9219131d8029eec4d61cdafc2d70e029f,182,512,false,438,false
gsm8k:test:700,gsm8k,,test,final_pass1,24e2c0397e86bc5ac4d09a2d833d8aa9219131d8029eec4d61cdafc2d70e029f,182,512,false,438,false
gsm8k:test:659,gsm8k,,test,baseline_pass1,0b922c811231078b2059b567d87611514072608231bde629fb344eb24696190e,162,512,false,418,false
gsm8k:test:659,gsm8k,,test,final_pass1,0b922c811231078b2059b567d87611514072608231bde629fb344eb24696190e,162,512,false,418,false
gsm8k:test:13,gsm8k,,test,baseline_pass1,31dc278d6b3b260c3001de33072b450033f00d4e989ab483cd90c1295745f57a,158,512,false,414,false
gsm8k:test:13,gsm8k,,test,final_pass1,31dc278d6b3b260c3001de33072b450033f00d4e989ab483cd90c1295745f57a,158,512,false,414,false
gsm8k:test:119,gsm8k,,test,baseline_pass1,baa91f27a7ac9cc8283fcfe3bf2e8272c24f9a499d6806da03c9e673489cf96c,183,512,false,439,false
gsm8k:test:119,gsm8k,,test,final_pass1,baa91f27a7ac9cc8283fcfe3bf2e8272c24f9a499d6806da03c9e673489cf96c,183,512,false,439,false
gsm8k:test:641,gsm8k,,test,baseline_pass1,77b71e29ee73b93efad3f21bade17752bd3c2d0f83ae87d54b90b273cec01a35,148,512,false,404,false
gsm8k:test:641,gsm8k,,test,final_pass1,77b71e29ee73b93efad3f21bade17752bd3c2d0f83ae87d54b90b273cec01a35,148,512,false,404,false
gsm8k:test:308,gsm8k,,test,baseline_pass1,84599429c75ba117bf8afe282541f1c19bb20e14e51f63312a62d2a9e9c9ea9a,154,512,false,410,false
gsm8k:test:308,gsm8k,,test,final_pass1,84599429c75ba117bf8afe282541f1c19bb20e14e51f63312a62d2a9e9c9ea9a,154,512,false,410,false
gsm8k:test:1115,gsm8k,,test,baseline_pass1,742d39d7d894dd5850026c1de74e9a87c749427b5c423dd201b069006106c38a,166,512,false,422,false
gsm8k:test:1115,gsm8k,,test,final_pass1,742d39d7d894dd5850026c1de74e9a87c749427b5c423dd201b069006106c38a,166,512,false,422,false
gsm8k:test:390,gsm8k,,test,baseline_pass1,012c00a229593834ba4ccb04f3934e4526affd2a78c5fb3f07611d7e223fd4e0,170,512,false,426,false
gsm8k:test:390,gsm8k,,test,final_pass1,012c00a229593834ba4ccb04f3934e4526affd2a78c5fb3f07611d7e223fd4e0,170,512,false,426,false
gsm8k:test:857,gsm8k,,test,baseline_pass1,069f00d20b1aeeece88afe7dbf86476ee5fcb07b64169cf0c215e8792663cb69,181,512,false,437,false
gsm8k:test:857,gsm8k,,test,final_pass1,069f00d20b1aeeece88afe7dbf86476ee5fcb07b64169cf0c215e8792663cb69,181,512,false,437,false
gsm8k:test:75,gsm8k,,test,baseline_pass1,87f3da04f9c4b704ab752ddd48054c9b2c407b17a559a3885f0abb58ec178cd2,166,512,false,422,false
gsm8k:test:75,gsm8k,,test,final_pass1,87f3da04f9c4b704ab752ddd48054c9b2c407b17a559a3885f0abb58ec178cd2,166,512,false,422,false
gsm8k:test:975,gsm8k,,test,baseline_pass1,2d0145ed403d9b0f51b498445cacead51f650cd57a074394a0492fbf853b981d,145,512,false,401,false
gsm8k:test:975,gsm8k,,test,final_pass1,2d0145ed403d9b0f51b498445cacead51f650cd57a074394a0492fbf853b981d,145,512,false,401,false
gsm8k:test:233,gsm8k,,test,baseline_pass1,c4127500519948f1ce4f396e7fdabd6b700e30441f4caf0d1337a5d8cdbc7117,152,512,false,408,false
gsm8k:test:233,gsm8k,,test,final_pass1,c4127500519948f1ce4f396e7fdabd6b700e30441f4caf0d1337a5d8cdbc7117,152,512,false,408,false
gsm8k:test:841,gsm8k,,test,baseline_pass1,9929eb3e68c77b1752b53248e8403918414764f95f15ff434d468aa44814d4b7,155,512,false,411,false
gsm8k:test:841,gsm8k,,test,final_pass1,9929eb3e68c77b1752b53248e8403918414764f95f15ff434d468aa44814d4b7,155,512,false,411,false
gsm8k:test:828,gsm8k,,test,baseline_pass1,e7679b495614d694b0eeff2900310b8cf4017dffcf3d4590c57dc615e23287a0,144,512,false,400,false
gsm8k:test:828,gsm8k,,test,final_pass1,e7679b495614d694b0eeff2900310b8cf4017dffcf3d4590c57dc615e23287a0,144,512,false,400,false
gsm8k:test:989,gsm8k,,test,baseline_pass1,497725cada5649dda7ebdd9649722d193e018968271545e3a31a38ae052ace18,136,512,false,392,false
gsm8k:test:989,gsm8k,,test,final_pass1,497725cada5649dda7ebdd9649722d193e018968271545e3a31a38ae052ace18,136,512,false,392,false
gsm8k:test:576,gsm8k,,test,baseline_pass1,8230e0d43fc0e3cdd6539ab38f77c0a9101933e488498f353136626c9d9127d9,189,512,false,445,false
gsm8k:test:576,gsm8k,,test,final_pass1,8230e0d43fc0e3cdd6539ab38f77c0a9101933e488498f353136626c9d9127d9,189,512,false,445,false
gsm8k:test:325,gsm8k,,test,baseline_pass1,5c18fb7a26a0d4ab77e1235a4244df666c1b1c91b914aab15c68b6e53fc8eabc,179,512,false,435,false
gsm8k:test:325,gsm8k,,test,final_pass1,5c18fb7a26a0d4ab77e1235a4244df666c1b1c91b914aab15c68b6e53fc8eabc,179,512,false,435,false
gsm8k:test:304,gsm8k,,test,baseline_pass1,9d136bf195cae0746b00bb6cf02c0115f3e9f6008b00ac158d6e1e600f5e5aaf,159,512,false,415,false
gsm8k:test:304,gsm8k,,test,final_pass1,9d136bf195cae0746b00bb6cf02c0115f3e9f6008b00ac158d6e1e600f5e5aaf,159,512,false,415,false
gsm8k:test:974,gsm8k,,test,baseline_pass1,f0f0855dd79761e3feb38a7c907941dff7ce8e824bec381a176f119acb99af6c,162,512,false,418,false
gsm8k:test:974,gsm8k,,test,final_pass1,f0f0855dd79761e3feb38a7c907941dff7ce8e824bec381a176f119acb99af6c,162,512,false,418,false
gsm8k:test:601,gsm8k,,test,baseline_pass1,99c9e83057e60e96c0d46943cadf25e1286f08d5be90151ffd2c95ff85100c27,203,512,false,459,false
gsm8k:test:601,gsm8k,,test,final_pass1,99c9e83057e60e96c0d46943cadf25e1286f08d5be90151ffd2c95ff85100c27,203,512,false,459,false
math:HuggingFaceH4/MATH-500:test:410,math500,2,test,baseline_pass1,953458ed5c9859053fd1ccd6ea5ce1e29dcdfae8daad6de68a06c4a40a588a5a,135,512,false,391,false
math:HuggingFaceH4/MATH-500:test:410,math500,2,test,final_pass1,953458ed5c9859053fd1ccd6ea5ce1e29dcdfae8daad6de68a06c4a40a588a5a,135,512,false,391,false
math:HuggingFaceH4/MATH-500:test:167,math500,1,test,baseline_pass1,8a2761cd580e90ac3c46ea37c29f2388043e28fbbfdcfe9476ab242e2d6c59c9,177,512,false,433,false
math:HuggingFaceH4/MATH-500:test:167,math500,1,test,final_pass1,8a2761cd580e90ac3c46ea37c29f2388043e28fbbfdcfe9476ab242e2d6c59c9,177,512,false,433,false
math:HuggingFaceH4/MATH-500:test:170,math500,5,test,baseline_pass1,fdc64736f6d705dd8f56c092950e080c45e2ee4a58f7fa6063ee1b81af3ca711,144,512,false,400,false
math:HuggingFaceH4/MATH-500:test:170,math500,5,test,final_pass1,fdc64736f6d705dd8f56c092950e080c45e2ee4a58f7fa6063ee1b81af3ca711,144,512,false,400,false
math:HuggingFaceH4/MATH-500:test:24,math500,5,test,baseline_pass1,fae90b01b7ec87949f2701f6aba76fd505d8965cb8fc7395b700f29f66df98af,203,512,false,459,false
math:HuggingFaceH4/MATH-500:test:24,math500,5,test,final_pass1,fae90b01b7ec87949f2701f6aba76fd505d8965cb8fc7395b700f29f66df98af,203,512,false,459,false
math:HuggingFaceH4/MATH-500:test:250,math500,4,test,baseline_pass1,845ed70fbee1558f4440b3729027dba485aeb92c3c0ea0131670e524f0b6a8f2,169,512,false,425,false
math:HuggingFaceH4/MATH-500:test:250,math500,4,test,final_pass1,845ed70fbee1558f4440b3729027dba485aeb92c3c0ea0131670e524f0b6a8f2,169,512,false,425,false
math:HuggingFaceH4/MATH-500:test:386,math500,3,test,baseline_pass1,8ed843b4942d35ddd6c7336357cc004e2c578a062186a00fe7371c453c7ffe46,122,512,false,378,false
math:HuggingFaceH4/MATH-500:test:386,math500,3,test,final_pass1,8ed843b4942d35ddd6c7336357cc004e2c578a062186a00fe7371c453c7ffe46,122,512,false,378,false
math:HuggingFaceH4/MATH-500:test:313,math500,5,test,baseline_pass1,5b16eab5ba8455a06b2eaebb7ed3d823682c3db0790bfdc2a82a53eb93fc11ba,143,512,false,399,false
math:HuggingFaceH4/MATH-500:test:313,math500,5,test,final_pass1,5b16eab5ba8455a06b2eaebb7ed3d823682c3db0790bfdc2a82a53eb93fc11ba,143,512,false,399,false
math:HuggingFaceH4/MATH-500:test:72,math500,2,test,baseline_pass1,4af178e7a6610c23a604b77a2245ba51781e598f523703746d9b5ce13ea35de6,134,512,false,390,false
math:HuggingFaceH4/MATH-500:test:72,math500,2,test,final_pass1,4af178e7a6610c23a604b77a2245ba51781e598f523703746d9b5ce13ea35de6,134,512,false,390,false
math:HuggingFaceH4/MATH-500:test:416,math500,3,test,baseline_pass1,394bb98841d0be1d7f62a7298ea5107e070b4b091c32a89d2d77d9a244f406b4,122,512,false,378,false
math:HuggingFaceH4/MATH-500:test:416,math500,3,test,final_pass1,394bb98841d0be1d7f62a7298ea5107e070b4b091c32a89d2d77d9a244f406b4,122,512,false,378,false
math:HuggingFaceH4/MATH-500:test:52,math500,5,test,baseline_pass1,5f6b573ecc3b0062929cee3d70c580b5f05d32ffcbc029ff399be905202bd0db,130,512,false,386,false
math:HuggingFaceH4/MATH-500:test:52,math500,5,test,final_pass1,5f6b573ecc3b0062929cee3d70c580b5f05d32ffcbc029ff399be905202bd0db,130,512,false,386,false
math:HuggingFaceH4/MATH-500:test:440,math500,3,test,baseline_pass1,e4c64d19fb29494a75ad73bf5d2b6d75fdc42d4b3635110288e165acf9bbea70,122,512,false,378,false
math:HuggingFaceH4/MATH-500:test:440,math500,3,test,final_pass1,e4c64d19fb29494a75ad73bf5d2b6d75fdc42d4b3635110288e165acf9bbea70,122,512,false,378,false
math:HuggingFaceH4/MATH-500:test:156,math500,3,test,baseline_pass1,3518ced3c122a01c5d772ab5ae907f71fea9987c44691e6d3c9a7543c10c3b24,294,512,false,550,false
math:HuggingFaceH4/MATH-500:test:156,math500,3,test,final_pass1,3518ced3c122a01c5d772ab5ae907f71fea9987c44691e6d3c9a7543c10c3b24,294,512,false,550,false
math:HuggingFaceH4/MATH-500:test:262,math500,1,test,baseline_pass1,c6052e5a8a38e9ace1e6bd95cd0e3a06ae704533a87d03d65cd4d928347d3122,125,512,false,381,false
math:HuggingFaceH4/MATH-500:test:262,math500,1,test,final_pass1,c6052e5a8a38e9ace1e6bd95cd0e3a06ae704533a87d03d65cd4d928347d3122,125,512,false,381,false
math:HuggingFaceH4/MATH-500:test:391,math500,5,test,baseline_pass1,47a7918a82aee4df816c62570b9256b8401e25aa37c30107210be815a217d15e,186,512,false,442,false
math:HuggingFaceH4/MATH-500:test:391,math500,5,test,final_pass1,47a7918a82aee4df816c62570b9256b8401e25aa37c30107210be815a217d15e,186,512,false,442,false
math:HuggingFaceH4/MATH-500:test:437,math500,3,test,baseline_pass1,9a5b4d1993a2c0d02b3f7877f47d147d6a480f712a87bd701c89a22f6acd2c33,197,512,false,453,false
math:HuggingFaceH4/MATH-500:test:437,math500,3,test,final_pass1,9a5b4d1993a2c0d02b3f7877f47d147d6a480f712a87bd701c89a22f6acd2c33,197,512,false,453,false
math:HuggingFaceH4/MATH-500:test:499,math500,4,test,baseline_pass1,23a0b223b14192795f9de963e22a25c6861a002afdf2bcbc5e07a0476dda3187,158,512,false,414,false
math:HuggingFaceH4/MATH-500:test:499,math500,4,test,final_pass1,23a0b223b14192795f9de963e22a25c6861a002afdf2bcbc5e07a0476dda3187,158,512,false,414,false
math:HuggingFaceH4/MATH-500:test:86,math500,1,test,baseline_pass1,80abc03675435db3ec2507b4cddfa84f5b958b0a2fa87d106ecc784c3d96fb98,138,512,false,394,false
math:HuggingFaceH4/MATH-500:test:86,math500,1,test,final_pass1,80abc03675435db3ec2507b4cddfa84f5b958b0a2fa87d106ecc784c3d96fb98,138,512,false,394,false
math:HuggingFaceH4/MATH-500:test:134,math500,4,test,baseline_pass1,9336318ed4b16ceaa19d35f5aac6aead4ffff9afdf81dff546f70a08a191e5c2,217,512,false,473,false
math:HuggingFaceH4/MATH-500:test:134,math500,4,test,final_pass1,9336318ed4b16ceaa19d35f5aac6aead4ffff9afdf81dff546f70a08a191e5c2,217,512,false,473,false
math:HuggingFaceH4/MATH-500:test:105,math500,3,test,baseline_pass1,bc8222c4f159e3ed0403a7762a6577cf144d240b9d3947c839ca38329ef4ae55,415,512,false,671,false
math:HuggingFaceH4/MATH-500:test:105,math500,3,test,final_pass1,bc8222c4f159e3ed0403a7762a6577cf144d240b9d3947c839ca38329ef4ae55,415,512,false,671,false
math:HuggingFaceH4/MATH-500:test:448,math500,5,test,baseline_pass1,8975afd02fa5b3c53d9bf028903e36f20fd5f28a8bd62b4ef07acafed205b130,154,512,false,410,false
math:HuggingFaceH4/MATH-500:test:448,math500,5,test,final_pass1,8975afd02fa5b3c53d9bf028903e36f20fd5f28a8bd62b4ef07acafed205b130,154,512,false,410,false
math:HuggingFaceH4/MATH-500:test:198,math500,3,test,baseline_pass1,354e183cb3956533543ad2021ed2d6b7f8c54de6e0352fc15720525003f79d92,129,512,false,385,false
math:HuggingFaceH4/MATH-500:test:198,math500,3,test,final_pass1,354e183cb3956533543ad2021ed2d6b7f8c54de6e0352fc15720525003f79d92,129,512,false,385,false
math:HuggingFaceH4/MATH-500:test:434,math500,5,test,baseline_pass1,e3557717ed2872b04bc207d12e0f484d94637903c558a948c9e71aa34ac27d69,136,512,false,392,false
math:HuggingFaceH4/MATH-500:test:434,math500,5,test,final_pass1,e3557717ed2872b04bc207d12e0f484d94637903c558a948c9e71aa34ac27d69,136,512,false,392,false
math:HuggingFaceH4/MATH-500:test:371,math500,5,test,baseline_pass1,2379caedb6cf0af93bf74074b8fe010e7f3652011b37878922a41e71ae38082c,165,512,false,421,false
math:HuggingFaceH4/MATH-500:test:371,math500,5,test,final_pass1,2379caedb6cf0af93bf74074b8fe010e7f3652011b37878922a41e71ae38082c,165,512,false,421,false
math:HuggingFaceH4/MATH-500:test:144,math500,1,test,baseline_pass1,08179b285935d055e77f1acf99474b414f9de3bfc8e68832435c8b6f66da7201,150,512,false,406,false
math:HuggingFaceH4/MATH-500:test:144,math500,1,test,final_pass1,08179b285935d055e77f1acf99474b414f9de3bfc8e68832435c8b6f66da7201,150,512,false,406,false
math:HuggingFaceH4/MATH-500:test:163,math500,5,test,baseline_pass1,0d942c6584d3015b050f364d9a0453953c24c18af880e6930825d76d9566dcb8,171,512,false,427,false
math:HuggingFaceH4/MATH-500:test:163,math500,5,test,final_pass1,0d942c6584d3015b050f364d9a0453953c24c18af880e6930825d76d9566dcb8,171,512,false,427,false
math:HuggingFaceH4/MATH-500:test:201,math500,4,test,baseline_pass1,4cdb66fbff0a1d4615ebce4e0b18799d084ed414793d0c590501249ea207ea40,174,512,false,430,false
math:HuggingFaceH4/MATH-500:test:201,math500,4,test,final_pass1,4cdb66fbff0a1d4615ebce4e0b18799d084ed414793d0c590501249ea207ea40,174,512,false,430,false
math:HuggingFaceH4/MATH-500:test:482,math500,5,test,baseline_pass1,647c29ff360f11a0b70a805e2bb6e60674f2ad78e5ea6311f10ebd2d6a03819b,154,512,false,410,false
math:HuggingFaceH4/MATH-500:test:482,math500,5,test,final_pass1,647c29ff360f11a0b70a805e2bb6e60674f2ad78e5ea6311f10ebd2d6a03819b,154,512,false,410,false
math:HuggingFaceH4/MATH-500:test:23,math500,5,test,baseline_pass1,22536956da2f5affe95143a2c86db76006874fbca14704a9584a6f6e588ddfe8,129,512,false,385,false
math:HuggingFaceH4/MATH-500:test:23,math500,5,test,final_pass1,22536956da2f5affe95143a2c86db76006874fbca14704a9584a6f6e588ddfe8,129,512,false,385,false
math:HuggingFaceH4/MATH-500:test:365,math500,5,test,baseline_pass1,e7122d709b636e30cfe9621c40161b353554213eaeb971f33ec68f44a3d33b71,156,512,false,412,false
math:HuggingFaceH4/MATH-500:test:365,math500,5,test,final_pass1,e7122d709b636e30cfe9621c40161b353554213eaeb971f33ec68f44a3d33b71,156,512,false,412,false
math:HuggingFaceH4/MATH-500:test:461,math500,4,test,baseline_pass1,a3f8b3afff258566282717978658265a2c6e06864e833f1a5848207f2f60d174,199,512,false,455,false
math:HuggingFaceH4/MATH-500:test:461,math500,4,test,final_pass1,a3f8b3afff258566282717978658265a2c6e06864e833f1a5848207f2f60d174,199,512,false,455,false
math:HuggingFaceH4/MATH-500:test:27,math500,2,test,baseline_pass1,f7e02c2933274a134aa66e7077abe6afb97d16e97d6bbea4d15eddf450c3d0e4,181,512,false,437,false
math:HuggingFaceH4/MATH-500:test:27,math500,2,test,final_pass1,f7e02c2933274a134aa66e7077abe6afb97d16e97d6bbea4d15eddf450c3d0e4,181,512,false,437,false
math:HuggingFaceH4/MATH-500:test:215,math500,4,test,baseline_pass1,7c2e2582688c346214b9b90c728610a581ec756e2608f859abbc7192cdef469c,132,512,false,388,false
math:HuggingFaceH4/MATH-500:test:215,math500,4,test,final_pass1,7c2e2582688c346214b9b90c728610a581ec756e2608f859abbc7192cdef469c,132,512,false,388,false
math:HuggingFaceH4/MATH-500:test:271,math500,4,test,baseline_pass1,a3af2ddad7b189b2da5b8d7e7b3ab13ffca85b028a9c0bb03f91aab5e38a9d8b,132,512,false,388,false
math:HuggingFaceH4/MATH-500:test:271,math500,4,test,final_pass1,a3af2ddad7b189b2da5b8d7e7b3ab13ffca85b028a9c0bb03f91aab5e38a9d8b,132,512,false,388,false
math:HuggingFaceH4/MATH-500:test:345,math500,3,test,baseline_pass1,9784027ed9027f6d9b7978a0642de37fc9b4edb9fde4c3ccfa33c50f6779487c,134,512,false,390,false
math:HuggingFaceH4/MATH-500:test:345,math500,3,test,final_pass1,9784027ed9027f6d9b7978a0642de37fc9b4edb9fde4c3ccfa33c50f6779487c,134,512,false,390,false
math:HuggingFaceH4/MATH-500:test:393,math500,3,test,baseline_pass1,02534ae463b7eeab8d3798b884aa7bc9c1ad2f1181c2f8ee5e9552d957fd864f,182,512,false,438,false
math:HuggingFaceH4/MATH-500:test:393,math500,3,test,final_pass1,02534ae463b7eeab8d3798b884aa7bc9c1ad2f1181c2f8ee5e9552d957fd864f,182,512,false,438,false
math:HuggingFaceH4/MATH-500:test:382,math500,5,test,baseline_pass1,3a55432602825aad1914caaa2e4ecd1cb9046beebeceadcc49296c10dbbb8598,275,512,false,531,false
math:HuggingFaceH4/MATH-500:test:382,math500,5,test,final_pass1,3a55432602825aad1914caaa2e4ecd1cb9046beebeceadcc49296c10dbbb8598,275,512,false,531,false
math:HuggingFaceH4/MATH-500:test:476,math500,2,test,baseline_pass1,59638c470390063c21c4c18cee4f403b23511e69069fb3d701dd5ff4639c9643,163,512,false,419,false
math:HuggingFaceH4/MATH-500:test:476,math500,2,test,final_pass1,59638c470390063c21c4c18cee4f403b23511e69069fb3d701dd5ff4639c9643,163,512,false,419,false
math:HuggingFaceH4/MATH-500:test:95,math500,2,test,baseline_pass1,d96c7d487bfebf81b8ab669fdcd6dcff6bf3f454566b8feee343649a6dae67f9,180,512,false,436,false
math:HuggingFaceH4/MATH-500:test:95,math500,2,test,final_pass1,d96c7d487bfebf81b8ab669fdcd6dcff6bf3f454566b8feee343649a6dae67f9,180,512,false,436,false
math:HuggingFaceH4/MATH-500:test:63,math500,5,test,baseline_pass1,9f12805203844f7a5862d5f44750b349f23b436a536efc79ad3ef7393d935428,189,512,false,445,false
math:HuggingFaceH4/MATH-500:test:63,math500,5,test,final_pass1,9f12805203844f7a5862d5f44750b349f23b436a536efc79ad3ef7393d935428,189,512,false,445,false
math:HuggingFaceH4/MATH-500:test:164,math500,2,test,baseline_pass1,3107bac4a93fe7e648ffeea9b5f9d6f2debc8ec4d8d9a5569aa7d766cbd49f95,123,512,false,379,false
math:HuggingFaceH4/MATH-500:test:164,math500,2,test,final_pass1,3107bac4a93fe7e648ffeea9b5f9d6f2debc8ec4d8d9a5569aa7d766cbd49f95,123,512,false,379,false
math:HuggingFaceH4/MATH-500:test:93,math500,4,test,baseline_pass1,9f69d238a817b8b6fae1147246c8f30fec0105e3bece63b0b534d1f245fa6c83,143,512,false,399,false
math:HuggingFaceH4/MATH-500:test:93,math500,4,test,final_pass1,9f69d238a817b8b6fae1147246c8f30fec0105e3bece63b0b534d1f245fa6c83,143,512,false,399,false
math:HuggingFaceH4/MATH-500:test:390,math500,5,test,baseline_pass1,a4cdf52e45e1c885516a90afac820cd1e092bf27fefed3bcd0294b9939375bc6,182,512,false,438,false
math:HuggingFaceH4/MATH-500:test:390,math500,5,test,final_pass1,a4cdf52e45e1c885516a90afac820cd1e092bf27fefed3bcd0294b9939375bc6,182,512,false,438,false
math:HuggingFaceH4/MATH-500:test:79,math500,1,test,baseline_pass1,596df626ca2018677f9b3efadc1d7f0cb8268dea7b20f5b1eceabd6e2682437a,122,512,false,378,false
math:HuggingFaceH4/MATH-500:test:79,math500,1,test,final_pass1,596df626ca2018677f9b3efadc1d7f0cb8268dea7b20f5b1eceabd6e2682437a,122,512,false,378,false
math:HuggingFaceH4/MATH-500:test:290,math500,3,test,baseline_pass1,419c5485c0f75582fd6a505d22b320d7fc2eaee62f5d7de27400868e09068f36,138,512,false,394,false
math:HuggingFaceH4/MATH-500:test:290,math500,3,test,final_pass1,419c5485c0f75582fd6a505d22b320d7fc2eaee62f5d7de27400868e09068f36,138,512,false,394,false
math:HuggingFaceH4/MATH-500:test:413,math500,2,test,baseline_pass1,fc15e8ca55ab2d531dadcfbbfb880bbb09c9c0385d5c3a3028db29f774d05358,123,512,false,379,false
math:HuggingFaceH4/MATH-500:test:413,math500,2,test,final_pass1,fc15e8ca55ab2d531dadcfbbfb880bbb09c9c0385d5c3a3028db29f774d05358,123,512,false,379,false
math:HuggingFaceH4/MATH-500:test:422,math500,5,test,baseline_pass1,c91a9ec679b64a5e210e50fe06d355894c5b6ccfb0ca39e1d7923a386b934056,210,512,false,466,false
math:HuggingFaceH4/MATH-500:test:422,math500,5,test,final_pass1,c91a9ec679b64a5e210e50fe06d355894c5b6ccfb0ca39e1d7923a386b934056,210,512,false,466,false
math:HuggingFaceH4/MATH-500:test:432,math500,5,test,baseline_pass1,565994b53a2b537fceeb80ddb7b41e50ac62528182f02b9d0d137e07cb9e4c5b,178,512,false,434,false
math:HuggingFaceH4/MATH-500:test:432,math500,5,test,final_pass1,565994b53a2b537fceeb80ddb7b41e50ac62528182f02b9d0d137e07cb9e4c5b,178,512,false,434,false
math:HuggingFaceH4/MATH-500:test:269,math500,3,test,baseline_pass1,08749bfba137ca920312b2818855f8fc1189aa85f38117f408bbc7cbeec79282,141,512,false,397,false
math:HuggingFaceH4/MATH-500:test:269,math500,3,test,final_pass1,08749bfba137ca920312b2818855f8fc1189aa85f38117f408bbc7cbeec79282,141,512,false,397,false
math:HuggingFaceH4/MATH-500:test:84,math500,4,test,baseline_pass1,c6de7ded439779413b40c56e3a80703fcb406c39abf3fcff7b31d92f033f2dff,156,512,false,412,false
math:HuggingFaceH4/MATH-500:test:84,math500,4,test,final_pass1,c6de7ded439779413b40c56e3a80703fcb406c39abf3fcff7b31d92f033f2dff,156,512,false,412,false
math:HuggingFaceH4/MATH-500:test:214,math500,5,test,baseline_pass1,f1619866a8ad7e96134e43a203b6a4db3021ddaeffe6ad500feafeb485a582da,191,512,false,447,false
math:HuggingFaceH4/MATH-500:test:214,math500,5,test,final_pass1,f1619866a8ad7e96134e43a203b6a4db3021ddaeffe6ad500feafeb485a582da,191,512,false,447,false
math:HuggingFaceH4/MATH-500:test:363,math500,2,test,baseline_pass1,537f0ea85d9238aaaaa702364d6039f54b9e7cd0513e55e7d0c2fb14d0f20e6c,121,512,false,377,false
math:HuggingFaceH4/MATH-500:test:363,math500,2,test,final_pass1,537f0ea85d9238aaaaa702364d6039f54b9e7cd0513e55e7d0c2fb14d0f20e6c,121,512,false,377,false
math:HuggingFaceH4/MATH-500:test:311,math500,4,test,baseline_pass1,783182d599ba9c71c5c1ebce57aa7179e7d00d6e874d1c42b97a309ffc82b123,175,512,false,431,false
math:HuggingFaceH4/MATH-500:test:311,math500,4,test,final_pass1,783182d599ba9c71c5c1ebce57aa7179e7d00d6e874d1c42b97a309ffc82b123,175,512,false,431,false
math:HuggingFaceH4/MATH-500:test:284,math500,5,test,baseline_pass1,de396c955583fe6c4b7b7f8b84c7eb4a72ac55e402aa2ac9df8ed9991eb6387e,160,512,false,416,false
math:HuggingFaceH4/MATH-500:test:284,math500,5,test,final_pass1,de396c955583fe6c4b7b7f8b84c7eb4a72ac55e402aa2ac9df8ed9991eb6387e,160,512,false,416,false
math:HuggingFaceH4/MATH-500:test:50,math500,5,test,baseline_pass1,61424ff2e41022ae391fe2df1c8c2a4f82942e041d5b129f36b6b5b4aea3388e,200,512,false,456,false
math:HuggingFaceH4/MATH-500:test:50,math500,5,test,final_pass1,61424ff2e41022ae391fe2df1c8c2a4f82942e041d5b129f36b6b5b4aea3388e,200,512,false,456,false
math:HuggingFaceH4/MATH-500:test:273,math500,4,test,baseline_pass1,773a7aae8902e5145d0e215f2d18850590a9a1373b45e5b087032dc2eb89fbf2,175,512,false,431,false
math:HuggingFaceH4/MATH-500:test:273,math500,4,test,final_pass1,773a7aae8902e5145d0e215f2d18850590a9a1373b45e5b087032dc2eb89fbf2,175,512,false,431,false
math:HuggingFaceH4/MATH-500:test:291,math500,4,test,baseline_pass1,d8fd7fdacdfe77078941afcce4d78e19056cecc0e6e889497cf79bd12c8df3e5,150,512,false,406,false
math:HuggingFaceH4/MATH-500:test:291,math500,4,test,final_pass1,d8fd7fdacdfe77078941afcce4d78e19056cecc0e6e889497cf79bd12c8df3e5,150,512,false,406,false
math:HuggingFaceH4/MATH-500:test:307,math500,2,test,baseline_pass1,790b2a6422024e2da95c347cf15f74202031d86b33a24c3681d92187d7d8e81e,136,512,false,392,false
math:HuggingFaceH4/MATH-500:test:307,math500,2,test,final_pass1,790b2a6422024e2da95c347cf15f74202031d86b33a24c3681d92187d7d8e81e,136,512,false,392,false
math:HuggingFaceH4/MATH-500:test:493,math500,5,test,baseline_pass1,6e2111d2fe952672fdb24f73f14a1dac1d76a399e3bfb9c2fbd6a0571d9930ac,167,512,false,423,false
math:HuggingFaceH4/MATH-500:test:493,math500,5,test,final_pass1,6e2111d2fe952672fdb24f73f14a1dac1d76a399e3bfb9c2fbd6a0571d9930ac,167,512,false,423,false
math:HuggingFaceH4/MATH-500:test:398,math500,4,test,baseline_pass1,b46c423d626892326683fe98db29cbbc7e171c8b6b65dd989b2b977d2d0e0619,218,512,false,474,false
math:HuggingFaceH4/MATH-500:test:398,math500,4,test,final_pass1,b46c423d626892326683fe98db29cbbc7e171c8b6b65dd989b2b977d2d0e0619,218,512,false,474,false
math:HuggingFaceH4/MATH-500:test:366,math500,4,test,baseline_pass1,a77aa6797737ac9e4bea4d4fa66497c652f2ab31cfd7d6a41c7e628eeae296ad,136,512,false,392,false
math:HuggingFaceH4/MATH-500:test:366,math500,4,test,final_pass1,a77aa6797737ac9e4bea4d4fa66497c652f2ab31cfd7d6a41c7e628eeae296ad,136,512,false,392,false
math:HuggingFaceH4/MATH-500:test:118,math500,5,test,baseline_pass1,80e2d8aa281d72f2d5f1dfefc31b826cce4f0b25af16292ec4afcce7a09a6b37,126,512,false,382,false
math:HuggingFaceH4/MATH-500:test:118,math500,5,test,final_pass1,80e2d8aa281d72f2d5f1dfefc31b826cce4f0b25af16292ec4afcce7a09a6b37,126,512,false,382,false
math:HuggingFaceH4/MATH-500:test:456,math500,1,test,baseline_pass1,a0d188637322c0d4d4144aea9d7d7ef6cbe1f6b87d0d9a6b98bb9945438961de,144,512,false,400,false
math:HuggingFaceH4/MATH-500:test:456,math500,1,test,final_pass1,a0d188637322c0d4d4144aea9d7d7ef6cbe1f6b87d0d9a6b98bb9945438961de,144,512,false,400,false
math:HuggingFaceH4/MATH-500:test:219,math500,4,test,baseline_pass1,e9bd935b7a0bfc85e72a8cf8bc49c01959603e73e0dd88c1216407f608479163,800,512,true,1056,false
math:HuggingFaceH4/MATH-500:test:219,math500,4,test,final_pass1,e9bd935b7a0bfc85e72a8cf8bc49c01959603e73e0dd88c1216407f608479163,800,512,true,1056,false
math:HuggingFaceH4/MATH-500:test:9,math500,5,test,baseline_pass1,d2799cd751cdf70ecc7e7ef94ac399482556e150db76ccf64fe8d01fe9196041,249,512,false,505,false
math:HuggingFaceH4/MATH-500:test:9,math500,5,test,final_pass1,d2799cd751cdf70ecc7e7ef94ac399482556e150db76ccf64fe8d01fe9196041,249,512,false,505,false
math:HuggingFaceH4/MATH-500:test:483,math500,3,test,baseline_pass1,e543d81cba4bda1d035735214d3e961ba579fbbc1e43d00618d09c319df618e5,151,512,false,407,false
math:HuggingFaceH4/MATH-500:test:483,math500,3,test,final_pass1,e543d81cba4bda1d035735214d3e961ba579fbbc1e43d00618d09c319df618e5,151,512,false,407,false
math:HuggingFaceH4/MATH-500:test:310,math500,2,test,baseline_pass1,86746782d65b08ff36bde5ad9cdff8bbb60b9b619e0bc96018ee8aa68e9b2153,172,512,false,428,false
math:HuggingFaceH4/MATH-500:test:310,math500,2,test,final_pass1,86746782d65b08ff36bde5ad9cdff8bbb60b9b619e0bc96018ee8aa68e9b2153,172,512,false,428,false
math:HuggingFaceH4/MATH-500:test:209,math500,2,test,baseline_pass1,63bfec1c9e6476c79e86b26bbfb8d1d7cd4845e91abf9ac01ea708a51c3091b4,138,512,false,394,false
math:HuggingFaceH4/MATH-500:test:209,math500,2,test,final_pass1,63bfec1c9e6476c79e86b26bbfb8d1d7cd4845e91abf9ac01ea708a51c3091b4,138,512,false,394,false
math:HuggingFaceH4/MATH-500:test:80,math500,5,test,baseline_pass1,6c1a211af47d48d3c8f001a2122277e5fa987eb46f2b5eba12ea351e4fc0ae96,146,512,false,402,false
math:HuggingFaceH4/MATH-500:test:80,math500,5,test,final_pass1,6c1a211af47d48d3c8f001a2122277e5fa987eb46f2b5eba12ea351e4fc0ae96,146,512,false,402,false
math:HuggingFaceH4/MATH-500:test:1,math500,5,test,baseline_pass1,52c11db9f7a46b29560f1bd8ac4c293fa7c068d1fc7ac7c29ddb2b439e7e1c12,211,512,false,467,false
math:HuggingFaceH4/MATH-500:test:1,math500,5,test,final_pass1,52c11db9f7a46b29560f1bd8ac4c293fa7c068d1fc7ac7c29ddb2b439e7e1c12,211,512,false,467,false
math:HuggingFaceH4/MATH-500:test:100,math500,5,test,baseline_pass1,65df1c38d4b98bb749398c3442281930793650baf88b16e34a89bcb316414a9c,301,512,false,557,false
math:HuggingFaceH4/MATH-500:test:100,math500,5,test,final_pass1,65df1c38d4b98bb749398c3442281930793650baf88b16e34a89bcb316414a9c,301,512,false,557,false
math:HuggingFaceH4/MATH-500:test:103,math500,5,test,baseline_pass1,dd1715e0cfaa4754725eb51773f4dbf5bdbcfd450748d991aef4820cfe6676e5,207,512,false,463,false
math:HuggingFaceH4/MATH-500:test:103,math500,5,test,final_pass1,dd1715e0cfaa4754725eb51773f4dbf5bdbcfd450748d991aef4820cfe6676e5,207,512,false,463,false
math:HuggingFaceH4/MATH-500:test:224,math500,4,test,baseline_pass1,b00c630d3274d6613e3838768c5d88e20a45fdb097ebb0de462d67bffc1849aa,163,512,false,419,false
math:HuggingFaceH4/MATH-500:test:224,math500,4,test,final_pass1,b00c630d3274d6613e3838768c5d88e20a45fdb097ebb0de462d67bffc1849aa,163,512,false,419,false
math:HuggingFaceH4/MATH-500:test:251,math500,5,test,baseline_pass1,0f147ee0a4d7b5aef2a475aca47968deb8d9408a917622a3702cda7834611a12,207,512,false,463,false
math:HuggingFaceH4/MATH-500:test:251,math500,5,test,final_pass1,0f147ee0a4d7b5aef2a475aca47968deb8d9408a917622a3702cda7834611a12,207,512,false,463,false
math:HuggingFaceH4/MATH-500:test:402,math500,3,test,baseline_pass1,0316192ec841337646602fac9fa8a24ae871499516aec7c74fe4979f36cd8562,141,512,false,397,false
math:HuggingFaceH4/MATH-500:test:402,math500,3,test,final_pass1,0316192ec841337646602fac9fa8a24ae871499516aec7c74fe4979f36cd8562,141,512,false,397,false
math:HuggingFaceH4/MATH-500:test:435,math500,5,test,baseline_pass1,5c83377f9cc0dc4218a6ef2e3d4c0772e3c7510f89be916dd4edcf8ee3d21908,135,512,false,391,false
math:HuggingFaceH4/MATH-500:test:435,math500,5,test,final_pass1,5c83377f9cc0dc4218a6ef2e3d4c0772e3c7510f89be916dd4edcf8ee3d21908,135,512,false,391,false
math:HuggingFaceH4/MATH-500:test:6,math500,3,test,baseline_pass1,aa86480045093888a781f4b85a1bb962c2e3737a84a8f3c64e3c2c815cf668ce,119,512,false,375,false
math:HuggingFaceH4/MATH-500:test:6,math500,3,test,final_pass1,aa86480045093888a781f4b85a1bb962c2e3737a84a8f3c64e3c2c815cf668ce,119,512,false,375,false
math:HuggingFaceH4/MATH-500:test:480,math500,2,test,baseline_pass1,dc5e6dd24d0147bad9527fb865d1c7ad55b812e9271a4df97cd2700ec5abfd05,161,512,false,417,false
math:HuggingFaceH4/MATH-500:test:480,math500,2,test,final_pass1,dc5e6dd24d0147bad9527fb865d1c7ad55b812e9271a4df97cd2700ec5abfd05,161,512,false,417,false
math:HuggingFaceH4/MATH-500:test:146,math500,3,test,baseline_pass1,353c2932928f53b60412a1c300a4db2bd90cf6c96941ec834bb654c31d79430e,119,512,false,375,false
math:HuggingFaceH4/MATH-500:test:146,math500,3,test,final_pass1,353c2932928f53b60412a1c300a4db2bd90cf6c96941ec834bb654c31d79430e,119,512,false,375,false
math:HuggingFaceH4/MATH-500:test:220,math500,5,test,baseline_pass1,897b25873a01c3a13bc076f151290a8d6785ec7cd7e1bca2b8d9131fb5425e85,181,512,false,437,false
math:HuggingFaceH4/MATH-500:test:220,math500,5,test,final_pass1,897b25873a01c3a13bc076f151290a8d6785ec7cd7e1bca2b8d9131fb5425e85,181,512,false,437,false
math:HuggingFaceH4/MATH-500:test:242,math500,5,test,baseline_pass1,0f34782ea55edc2aeae454198b04312bca124191c70fdc314599403086bf3a66,175,512,false,431,false
math:HuggingFaceH4/MATH-500:test:242,math500,5,test,final_pass1,0f34782ea55edc2aeae454198b04312bca124191c70fdc314599403086bf3a66,175,512,false,431,false
math:HuggingFaceH4/MATH-500:test:445,math500,4,test,baseline_pass1,1ac10370a50450edfb7292a0791d33c5d008104cd08c2387e5cefc2727531341,334,512,false,590,false
math:HuggingFaceH4/MATH-500:test:445,math500,4,test,final_pass1,1ac10370a50450edfb7292a0791d33c5d008104cd08c2387e5cefc2727531341,334,512,false,590,false
math:HuggingFaceH4/MATH-500:test:62,math500,5,test,baseline_pass1,7b52c8762c97c94fc9c34a58e0a03096ce3170d77c505de11f4e8af3841f3ce9,206,512,false,462,false
math:HuggingFaceH4/MATH-500:test:62,math500,5,test,final_pass1,7b52c8762c97c94fc9c34a58e0a03096ce3170d77c505de11f4e8af3841f3ce9,206,512,false,462,false
math:HuggingFaceH4/MATH-500:test:237,math500,1,test,baseline_pass1,e32ad75ac61450d912ca02fbe7249165845695544c59d5947f664822d2cc5231,146,512,false,402,false
math:HuggingFaceH4/MATH-500:test:237,math500,1,test,final_pass1,e32ad75ac61450d912ca02fbe7249165845695544c59d5947f664822d2cc5231,146,512,false,402,false
math:HuggingFaceH4/MATH-500:test:272,math500,4,test,baseline_pass1,9a4dcefc2b1e03226a3f7296231813ab2ffe5cc53f764acc7bfda59d9f0eacef,151,512,false,407,false
math:HuggingFaceH4/MATH-500:test:272,math500,4,test,final_pass1,9a4dcefc2b1e03226a3f7296231813ab2ffe5cc53f764acc7bfda59d9f0eacef,151,512,false,407,false
math:HuggingFaceH4/MATH-500:test:168,math500,5,test,baseline_pass1,ca52867f2503d1fb607f9a20d56e757eb6b515e2ca83f4a75850ba44cf70830d,767,512,true,1023,false
math:HuggingFaceH4/MATH-500:test:168,math500,5,test,final_pass1,ca52867f2503d1fb607f9a20d56e757eb6b515e2ca83f4a75850ba44cf70830d,767,512,true,1023,false
math:HuggingFaceH4/MATH-500:test:194,math500,5,test,baseline_pass1,754ad91705abb165613e047dea0cdfcccf8da7c2d52b8bfa19f8bb7c932e9d74,137,512,false,393,false
math:HuggingFaceH4/MATH-500:test:194,math500,5,test,final_pass1,754ad91705abb165613e047dea0cdfcccf8da7c2d52b8bfa19f8bb7c932e9d74,137,512,false,393,false
math:HuggingFaceH4/MATH-500:test:137,math500,4,test,baseline_pass1,fe44bfcb3d4b09c5e4f7451d6e9a5f7c209d4c83b281e356f471b005e5adb466,121,512,false,377,false
math:HuggingFaceH4/MATH-500:test:137,math500,4,test,final_pass1,fe44bfcb3d4b09c5e4f7451d6e9a5f7c209d4c83b281e356f471b005e5adb466,121,512,false,377,false
math:HuggingFaceH4/MATH-500:test:228,math500,4,test,baseline_pass1,0a34ed76efc29ae99d7279195d56b921408da6eb9d79ecc75f36fc2e49a18945,216,512,false,472,false
math:HuggingFaceH4/MATH-500:test:228,math500,4,test,final_pass1,0a34ed76efc29ae99d7279195d56b921408da6eb9d79ecc75f36fc2e49a18945,216,512,false,472,false
math:HuggingFaceH4/MATH-500:test:111,math500,3,test,baseline_pass1,1eb9241505335ff5d623bce09136a52ebd3cde543bd293f1af3bc53a52c10810,152,512,false,408,false
math:HuggingFaceH4/MATH-500:test:111,math500,3,test,final_pass1,1eb9241505335ff5d623bce09136a52ebd3cde543bd293f1af3bc53a52c10810,152,512,false,408,false
math:HuggingFaceH4/MATH-500:test:162,math500,5,test,baseline_pass1,f0002c2f7f63c9be6fa12810d28d1f6de4c0601d43ad45c2e437508579f316ac,151,512,false,407,false
math:HuggingFaceH4/MATH-500:test:162,math500,5,test,final_pass1,f0002c2f7f63c9be6fa12810d28d1f6de4c0601d43ad45c2e437508579f316ac,151,512,false,407,false
math:HuggingFaceH4/MATH-500:test:64,math500,4,test,baseline_pass1,6ebc80d06036a67775104bbee802147b7f3eee74f989eefa5e979bcec215fcbe,166,512,false,422,false
math:HuggingFaceH4/MATH-500:test:64,math500,4,test,final_pass1,6ebc80d06036a67775104bbee802147b7f3eee74f989eefa5e979bcec215fcbe,166,512,false,422,false
math:HuggingFaceH4/MATH-500:test:403,math500,4,test,baseline_pass1,183824a25db6d2e0bc30d3b11df9c5bdc55312e536af50c42bbf5949d2db19a7,153,512,false,409,false
math:HuggingFaceH4/MATH-500:test:403,math500,4,test,final_pass1,183824a25db6d2e0bc30d3b11df9c5bdc55312e536af50c42bbf5949d2db19a7,153,512,false,409,false
math:HuggingFaceH4/MATH-500:test:15,math500,5,test,baseline_pass1,91d220d59fd2697a2afd0a7a13f3800681260850f345dba0871f6ca41f8a95a2,279,512,false,535,false
math:HuggingFaceH4/MATH-500:test:15,math500,5,test,final_pass1,91d220d59fd2697a2afd0a7a13f3800681260850f345dba0871f6ca41f8a95a2,279,512,false,535,false
math:HuggingFaceH4/MATH-500:test:415,math500,5,test,baseline_pass1,eb29c6d0ad42eef18015c84377e3f3293f7829d2be2ee919d023839102c3ac89,128,512,false,384,false
math:HuggingFaceH4/MATH-500:test:415,math500,5,test,final_pass1,eb29c6d0ad42eef18015c84377e3f3293f7829d2be2ee919d023839102c3ac89,128,512,false,384,false
math:HuggingFaceH4/MATH-500:test:139,math500,3,test,baseline_pass1,e49704b50954005dec95b07d4edd77c6dfe0db1758e8df867ccb6f6fb1dbc027,151,512,false,407,false
math:HuggingFaceH4/MATH-500:test:139,math500,3,test,final_pass1,e49704b50954005dec95b07d4edd77c6dfe0db1758e8df867ccb6f6fb1dbc027,151,512,false,407,false
math:HuggingFaceH4/MATH-500:test:304,math500,3,test,baseline_pass1,3193726aa9b2af04524af963fba0a04eaf1eb16b6b8371478b782f50c21c4ab2,135,512,false,391,false
math:HuggingFaceH4/MATH-500:test:304,math500,3,test,final_pass1,3193726aa9b2af04524af963fba0a04eaf1eb16b6b8371478b782f50c21c4ab2,135,512,false,391,false
math:HuggingFaceH4/MATH-500:test:394,math500,5,test,baseline_pass1,f09b7ffab1d750da2d73a63a8116de4015cfcb092ec692053dbd83ee63cb6227,214,512,false,470,false
math:HuggingFaceH4/MATH-500:test:394,math500,5,test,final_pass1,f09b7ffab1d750da2d73a63a8116de4015cfcb092ec692053dbd83ee63cb6227,214,512,false,470,false
math:HuggingFaceH4/MATH-500:test:166,math500,5,test,baseline_pass1,188c58bffa8a0f9eb7712924691c4b4f631b5dd7f1bc0d13153544e9d4e205e3,304,512,false,560,false
math:HuggingFaceH4/MATH-500:test:166,math500,5,test,final_pass1,188c58bffa8a0f9eb7712924691c4b4f631b5dd7f1bc0d13153544e9d4e205e3,304,512,false,560,false
math:HuggingFaceH4/MATH-500:test:180,math500,3,test,baseline_pass1,8dbca2d009f407ca48e6943f125df432a8b5e0a08ef155225b122746756f9a2a,120,512,false,376,false
math:HuggingFaceH4/MATH-500:test:180,math500,3,test,final_pass1,8dbca2d009f407ca48e6943f125df432a8b5e0a08ef155225b122746756f9a2a,120,512,false,376,false
math:HuggingFaceH4/MATH-500:test:486,math500,3,test,baseline_pass1,599778b4267e3224934ff7d35dbd2bff55494074fe9550cb4a0e779aa54f4385,140,512,false,396,false
math:HuggingFaceH4/MATH-500:test:486,math500,3,test,final_pass1,599778b4267e3224934ff7d35dbd2bff55494074fe9550cb4a0e779aa54f4385,140,512,false,396,false
math:HuggingFaceH4/MATH-500:test:53,math500,2,test,baseline_pass1,0e12fad7c21822208948cf99bd560efde9689a0853ae2b6d4cf7f0b9eaad3442,127,512,false,383,false
math:HuggingFaceH4/MATH-500:test:53,math500,2,test,final_pass1,0e12fad7c21822208948cf99bd560efde9689a0853ae2b6d4cf7f0b9eaad3442,127,512,false,383,false
math:HuggingFaceH4/MATH-500:test:94,math500,5,test,baseline_pass1,396cf39f173a1a9c84ff558b17a97a738508f264f295a1add5ef282c64dc4e9a,448,512,false,704,false
math:HuggingFaceH4/MATH-500:test:94,math500,5,test,final_pass1,396cf39f173a1a9c84ff558b17a97a738508f264f295a1add5ef282c64dc4e9a,448,512,false,704,false
math:HuggingFaceH4/MATH-500:test:361,math500,4,test,baseline_pass1,e4f914acad60a64dda03e29d56f5bf09f9baa0c23f62e78365fec68d3ad314e4,152,512,false,408,false
math:HuggingFaceH4/MATH-500:test:361,math500,4,test,final_pass1,e4f914acad60a64dda03e29d56f5bf09f9baa0c23f62e78365fec68d3ad314e4,152,512,false,408,false
math:HuggingFaceH4/MATH-500:test:243,math500,2,test,baseline_pass1,e77c93513307ca2efbf3555bdc5d4c47ea440434a7de5d226037f66bb5d4bdb5,138,512,false,394,false
math:HuggingFaceH4/MATH-500:test:243,math500,2,test,final_pass1,e77c93513307ca2efbf3555bdc5d4c47ea440434a7de5d226037f66bb5d4bdb5,138,512,false,394,false
math:HuggingFaceH4/MATH-500:test:460,math500,4,test,baseline_pass1,5fd781861f34a5eff47e8dec026ac30723e8954c348d547fb9698c5a9c6325c6,262,512,false,518,false
math:HuggingFaceH4/MATH-500:test:460,math500,4,test,final_pass1,5fd781861f34a5eff47e8dec026ac30723e8954c348d547fb9698c5a9c6325c6,262,512,false,518,false
math:HuggingFaceH4/MATH-500:test:259,math500,1,test,baseline_pass1,ddbc2d9509bb5a053bf5ddf2145f61c0df9a9b191a534e604eb261e1834dc014,119,512,false,375,false
math:HuggingFaceH4/MATH-500:test:259,math500,1,test,final_pass1,ddbc2d9509bb5a053bf5ddf2145f61c0df9a9b191a534e604eb261e1834dc014,119,512,false,375,false
math:HuggingFaceH4/MATH-500:test:213,math500,4,test,baseline_pass1,6da2a383f29edca748e0d5d3ca62e5b4fbdbc77ea25a2328cd299a150f15b1d7,169,512,false,425,false
math:HuggingFaceH4/MATH-500:test:213,math500,4,test,final_pass1,6da2a383f29edca748e0d5d3ca62e5b4fbdbc77ea25a2328cd299a150f15b1d7,169,512,false,425,false
math:HuggingFaceH4/MATH-500:test:35,math500,2,test,baseline_pass1,8be28e552e51cad7e9c883e622fbcb7e1166c207f326e6ecb61c4a2abd0d69b8,141,512,false,397,false
math:HuggingFaceH4/MATH-500:test:35,math500,2,test,final_pass1,8be28e552e51cad7e9c883e622fbcb7e1166c207f326e6ecb61c4a2abd0d69b8,141,512,false,397,false
math:HuggingFaceH4/MATH-500:test:341,math500,4,test,baseline_pass1,cb9ae800d4ff526fe4dcc9190ba7a1062ff0df0bb6078bc7433bca50a9d3a1fe,114,512,false,370,false
math:HuggingFaceH4/MATH-500:test:341,math500,4,test,final_pass1,cb9ae800d4ff526fe4dcc9190ba7a1062ff0df0bb6078bc7433bca50a9d3a1fe,114,512,false,370,false
math:HuggingFaceH4/MATH-500:test:78,math500,4,test,baseline_pass1,70ba2ce87943e00c8040c362357da58429ffc66089427253a01da5d90a0cc23a,169,512,false,425,false
math:HuggingFaceH4/MATH-500:test:78,math500,4,test,final_pass1,70ba2ce87943e00c8040c362357da58429ffc66089427253a01da5d90a0cc23a,169,512,false,425,false
math:HuggingFaceH4/MATH-500:test:18,math500,1,test,baseline_pass1,28cfc3cfe7b8ac642ca5aa37b7d979820ec49479fa7beb4b2a54e7c62b41e78d,250,512,false,506,false
math:HuggingFaceH4/MATH-500:test:18,math500,1,test,final_pass1,28cfc3cfe7b8ac642ca5aa37b7d979820ec49479fa7beb4b2a54e7c62b41e78d,250,512,false,506,false
math:HuggingFaceH4/MATH-500:test:205,math500,3,test,baseline_pass1,3002b82a0ec572d3367a45d767d4604bf766da586e93e288e640d4e3866bfcc8,249,512,false,505,false
math:HuggingFaceH4/MATH-500:test:205,math500,3,test,final_pass1,3002b82a0ec572d3367a45d767d4604bf766da586e93e288e640d4e3866bfcc8,249,512,false,505,false
math:HuggingFaceH4/MATH-500:test:468,math500,4,test,baseline_pass1,8c1f6b76b269b1c098ee5aa35d46a731bb1f6eaae2ce578bbe0cc8807539505f,133,512,false,389,false
math:HuggingFaceH4/MATH-500:test:468,math500,4,test,final_pass1,8c1f6b76b269b1c098ee5aa35d46a731bb1f6eaae2ce578bbe0cc8807539505f,133,512,false,389,false
math:HuggingFaceH4/MATH-500:test:384,math500,2,test,baseline_pass1,9df70f8fb0e51908050e8d4fb35fc5ee90a2b97b3c12893f689ff13aabe5c207,126,512,false,382,false
math:HuggingFaceH4/MATH-500:test:384,math500,2,test,final_pass1,9df70f8fb0e51908050e8d4fb35fc5ee90a2b97b3c12893f689ff13aabe5c207,126,512,false,382,false
math:HuggingFaceH4/MATH-500:test:31,math500,4,test,baseline_pass1,414f646fa9f77f7fc6177b9a15b94940babc697f905680d130f10075823d16ca,110,512,false,366,false
math:HuggingFaceH4/MATH-500:test:31,math500,4,test,final_pass1,414f646fa9f77f7fc6177b9a15b94940babc697f905680d130f10075823d16ca,110,512,false,366,false
math:HuggingFaceH4/MATH-500:test:336,math500,1,test,baseline_pass1,6a16660e021bb8857c5ea97fad0c0175b83482c9c86bcd7fc831935fb9039100,120,512,false,376,false
math:HuggingFaceH4/MATH-500:test:336,math500,1,test,final_pass1,6a16660e021bb8857c5ea97fad0c0175b83482c9c86bcd7fc831935fb9039100,120,512,false,376,false
math:HuggingFaceH4/MATH-500:test:169,math500,2,test,baseline_pass1,5edd9ea3321480bd1fe6cc5f223c88d482a86abc9cd6e7f77fc2aa40e3b7e79d,126,512,false,382,false
math:HuggingFaceH4/MATH-500:test:169,math500,2,test,final_pass1,5edd9ea3321480bd1fe6cc5f223c88d482a86abc9cd6e7f77fc2aa40e3b7e79d,126,512,false,382,false
math:HuggingFaceH4/MATH-500:test:14,math500,1,test,baseline_pass1,21ddf27014fdddff7250813da15db30ce8d83eb16bfd35cbc9657674781869d2,213,512,false,469,false
math:HuggingFaceH4/MATH-500:test:14,math500,1,test,final_pass1,21ddf27014fdddff7250813da15db30ce8d83eb16bfd35cbc9657674781869d2,213,512,false,469,false
math:HuggingFaceH4/MATH-500:test:177,math500,3,test,baseline_pass1,95ec64d28addbe364eb6e5c7769ebdc42e165a5ca0dd676765d373436312655d,351,512,false,607,false
math:HuggingFaceH4/MATH-500:test:177,math500,3,test,final_pass1,95ec64d28addbe364eb6e5c7769ebdc42e165a5ca0dd676765d373436312655d,351,512,false,607,false
math:HuggingFaceH4/MATH-500:test:58,math500,1,test,baseline_pass1,58814170cc7d756ce9871d69521b0aada50a70452db70d0941bc3667559963a6,116,512,false,372,false
math:HuggingFaceH4/MATH-500:test:58,math500,1,test,final_pass1,58814170cc7d756ce9871d69521b0aada50a70452db70d0941bc3667559963a6,116,512,false,372,false
math:HuggingFaceH4/MATH-500:test:183,math500,4,test,baseline_pass1,6614ee06cb9cf6d73158740751e990335905968e8f1a68f8bd06c7af73589e40,193,512,false,449,false
math:HuggingFaceH4/MATH-500:test:183,math500,4,test,final_pass1,6614ee06cb9cf6d73158740751e990335905968e8f1a68f8bd06c7af73589e40,193,512,false,449,false
math:HuggingFaceH4/MATH-500:test:496,math500,3,test,baseline_pass1,e14ced517c96460153bbd953292625f3330def3f9c2b8e6d22dc9cd3fa88f69a,133,512,false,389,false
math:HuggingFaceH4/MATH-500:test:496,math500,3,test,final_pass1,e14ced517c96460153bbd953292625f3330def3f9c2b8e6d22dc9cd3fa88f69a,133,512,false,389,false
math:HuggingFaceH4/MATH-500:test:148,math500,1,test,baseline_pass1,0624dd156dfb8892f712aac33963adef3d6ccf8ba46bc33df0cc61855fbb7be8,131,512,false,387,false
math:HuggingFaceH4/MATH-500:test:148,math500,1,test,final_pass1,0624dd156dfb8892f712aac33963adef3d6ccf8ba46bc33df0cc61855fbb7be8,131,512,false,387,false
math:HuggingFaceH4/MATH-500:test:260,math500,3,test,baseline_pass1,894f72f2222d5f96b60e3ffe4688c99de1991609ae7eafb5f46a8f3034d21361,143,512,false,399,false
math:HuggingFaceH4/MATH-500:test:260,math500,3,test,final_pass1,894f72f2222d5f96b60e3ffe4688c99de1991609ae7eafb5f46a8f3034d21361,143,512,false,399,false
math:HuggingFaceH4/MATH-500:test:20,math500,3,test,baseline_pass1,d91c8c6eb44610bc8ea7484fb4c6f7fedf1fae1b9f27f48dd098a33d87fab868,113,512,false,369,false
math:HuggingFaceH4/MATH-500:test:20,math500,3,test,final_pass1,d91c8c6eb44610bc8ea7484fb4c6f7fedf1fae1b9f27f48dd098a33d87fab868,113,512,false,369,false
math:HuggingFaceH4/MATH-500:test:230,math500,4,test,baseline_pass1,4fc8b0a200453c3689f54b7fbcc56bef74dad9007a69eda24dec9283e9ab78e6,183,512,false,439,false
math:HuggingFaceH4/MATH-500:test:230,math500,4,test,final_pass1,4fc8b0a200453c3689f54b7fbcc56bef74dad9007a69eda24dec9283e9ab78e6,183,512,false,439,false
math:HuggingFaceH4/MATH-500:test:115,math500,2,test,baseline_pass1,e22606dc74f69da6141de991d5ba67235032219704873474c4774eb3f9ef2ec8,118,512,false,374,false
math:HuggingFaceH4/MATH-500:test:115,math500,2,test,final_pass1,e22606dc74f69da6141de991d5ba67235032219704873474c4774eb3f9ef2ec8,118,512,false,374,false
math:HuggingFaceH4/MATH-500:test:359,math500,4,test,baseline_pass1,4bc469386870d6784a15300218b957938e96ba98bf05a0322730c0ab582d912d,197,512,false,453,false
math:HuggingFaceH4/MATH-500:test:359,math500,4,test,final_pass1,4bc469386870d6784a15300218b957938e96ba98bf05a0322730c0ab582d912d,197,512,false,453,false
math:HuggingFaceH4/MATH-500:test:106,math500,2,test,baseline_pass1,1f58e92bb63d4dc6d01b88a5c7a13d30c5a4bb744475bcbbd929bfcff0faa49c,150,512,false,406,false
math:HuggingFaceH4/MATH-500:test:106,math500,2,test,final_pass1,1f58e92bb63d4dc6d01b88a5c7a13d30c5a4bb744475bcbbd929bfcff0faa49c,150,512,false,406,false
math:HuggingFaceH4/MATH-500:test:119,math500,3,test,baseline_pass1,5764907c2877dd7c85fd5fd2f2bfb62894f799eaecc10495b5c1037334795395,253,512,false,509,false
math:HuggingFaceH4/MATH-500:test:119,math500,3,test,final_pass1,5764907c2877dd7c85fd5fd2f2bfb62894f799eaecc10495b5c1037334795395,253,512,false,509,false
math:HuggingFaceH4/MATH-500:test:133,math500,3,test,baseline_pass1,edbeb180096046bc91172b3df0a4e1f8808984ff3835622a9e499e2b9f9fec1a,140,512,false,396,false
math:HuggingFaceH4/MATH-500:test:133,math500,3,test,final_pass1,edbeb180096046bc91172b3df0a4e1f8808984ff3835622a9e499e2b9f9fec1a,140,512,false,396,false
math:HuggingFaceH4/MATH-500:test:8,math500,3,test,baseline_pass1,f312dd7c7357d34ad25395342501123b60aea84915516601fc67be505c2cdc7c,134,512,false,390,false
math:HuggingFaceH4/MATH-500:test:8,math500,3,test,final_pass1,f312dd7c7357d34ad25395342501123b60aea84915516601fc67be505c2cdc7c,134,512,false,390,false
math:HuggingFaceH4/MATH-500:test:350,math500,2,test,baseline_pass1,61e438ed0622c6f5714fa8924073b97983c32fcabdfebce88207fa5de0ab6d45,112,512,false,368,false
math:HuggingFaceH4/MATH-500:test:350,math500,2,test,final_pass1,61e438ed0622c6f5714fa8924073b97983c32fcabdfebce88207fa5de0ab6d45,112,512,false,368,false
math:HuggingFaceH4/MATH-500:test:227,math500,3,test,baseline_pass1,38b7aa0bf4b94209255c20887d2de871e43e3dbd764cde8e50033b3b933273b8,161,512,false,417,false
math:HuggingFaceH4/MATH-500:test:227,math500,3,test,final_pass1,38b7aa0bf4b94209255c20887d2de871e43e3dbd764cde8e50033b3b933273b8,161,512,false,417,false
math:HuggingFaceH4/MATH-500:test:452,math500,2,test,baseline_pass1,523b86773216659af2d412a915ed26ed7e87c8b47eee68caccb7edd80f416ee0,148,512,false,404,false
math:HuggingFaceH4/MATH-500:test:452,math500,2,test,final_pass1,523b86773216659af2d412a915ed26ed7e87c8b47eee68caccb7edd80f416ee0,148,512,false,404,false
math:HuggingFaceH4/MATH-500:test:51,math500,2,test,baseline_pass1,a1ca52d890a2cc8416e3198cc11758c48988b678816a48f938f5cd2c9254b67d,122,512,false,378,false
math:HuggingFaceH4/MATH-500:test:51,math500,2,test,final_pass1,a1ca52d890a2cc8416e3198cc11758c48988b678816a48f938f5cd2c9254b67d,122,512,false,378,false
math:HuggingFaceH4/MATH-500:test:267,math500,1,test,baseline_pass1,891b61bec41a55b03e24f620c70063d4827fffed68e6d31ef3fc4a7238f9055f,279,512,false,535,false
math:HuggingFaceH4/MATH-500:test:267,math500,1,test,final_pass1,891b61bec41a55b03e24f620c70063d4827fffed68e6d31ef3fc4a7238f9055f,279,512,false,535,false
math:HuggingFaceH4/MATH-500:test:174,math500,3,test,baseline_pass1,7d14e965cfd4aed74cfda24bf431b4f05bae1721d618ec0a0b6630c0e32fd6c2,132,512,false,388,false
math:HuggingFaceH4/MATH-500:test:174,math500,3,test,final_pass1,7d14e965cfd4aed74cfda24bf431b4f05bae1721d618ec0a0b6630c0e32fd6c2,132,512,false,388,false
math:HuggingFaceH4/MATH-500:test:378,math500,3,test,baseline_pass1,1e5517baa905a1222fd3e12fd4dc72d8952bdc8bf22afb1825c51e050175e713,117,512,false,373,false
math:HuggingFaceH4/MATH-500:test:378,math500,3,test,final_pass1,1e5517baa905a1222fd3e12fd4dc72d8952bdc8bf22afb1825c51e050175e713,117,512,false,373,false
math:HuggingFaceH4/MATH-500:test:33,math500,4,test,baseline_pass1,ccfee0a5d40c7a64d60044f0a272945ba184d281ded0cdf0e0bfed4917419ee1,148,512,false,404,false
math:HuggingFaceH4/MATH-500:test:33,math500,4,test,final_pass1,ccfee0a5d40c7a64d60044f0a272945ba184d281ded0cdf0e0bfed4917419ee1,148,512,false,404,false
math:HuggingFaceH4/MATH-500:test:0,math500,2,test,baseline_pass1,61915d6672f346a3649f7affcdacc9c52ac81735aca7c350c1166a745f76fec0,148,512,false,404,false
math:HuggingFaceH4/MATH-500:test:0,math500,2,test,final_pass1,61915d6672f346a3649f7affcdacc9c52ac81735aca7c350c1166a745f76fec0,148,512,false,404,false
math:HuggingFaceH4/MATH-500:test:196,math500,1,test,baseline_pass1,fa210d66307f925314c61225170f7f835de2c21cb6f201844d03476999e3ab0b,124,512,false,380,false
math:HuggingFaceH4/MATH-500:test:196,math500,1,test,final_pass1,fa210d66307f925314c61225170f7f835de2c21cb6f201844d03476999e3ab0b,124,512,false,380,false
math:HuggingFaceH4/MATH-500:test:354,math500,4,test,baseline_pass1,ef2874ddf07bb4cb6aaaa6a7404646b050aa5cdcd5e8d996b3f7a8d2f04edccc,120,512,false,376,false
math:HuggingFaceH4/MATH-500:test:354,math500,4,test,final_pass1,ef2874ddf07bb4cb6aaaa6a7404646b050aa5cdcd5e8d996b3f7a8d2f04edccc,120,512,false,376,false
math:HuggingFaceH4/MATH-500:test:342,math500,3,test,baseline_pass1,e3ac2384db05e951a1e29e9e90b91494aa3e72b40da6a175f095ba9b578788dc,127,512,false,383,false
math:HuggingFaceH4/MATH-500:test:342,math500,3,test,final_pass1,e3ac2384db05e951a1e29e9e90b91494aa3e72b40da6a175f095ba9b578788dc,127,512,false,383,false
math:HuggingFaceH4/MATH-500:test:28,math500,2,test,baseline_pass1,15cec1745ff62ad31d08a9087f52db157d94c4ef46972b5e754486a8cafb9ae5,135,512,false,391,false
math:HuggingFaceH4/MATH-500:test:28,math500,2,test,final_pass1,15cec1745ff62ad31d08a9087f52db157d94c4ef46972b5e754486a8cafb9ae5,135,512,false,391,false
math:HuggingFaceH4/MATH-500:test:10,math500,3,test,baseline_pass1,ef777475b769d0e07bc3b6b40cad51dd99be2b24f37eac85bd4247bff84ba04f,125,512,false,381,false
math:HuggingFaceH4/MATH-500:test:10,math500,3,test,final_pass1,ef777475b769d0e07bc3b6b40cad51dd99be2b24f37eac85bd4247bff84ba04f,125,512,false,381,false
math:HuggingFaceH4/MATH-500:test:249,math500,4,test,baseline_pass1,7fce3cff416e0efdc0253b07a00e5f07c54fce6243aa2d069ac76d32bf735e73,141,512,false,397,false
math:HuggingFaceH4/MATH-500:test:249,math500,4,test,final_pass1,7fce3cff416e0efdc0253b07a00e5f07c54fce6243aa2d069ac76d32bf735e73,141,512,false,397,false
math:HuggingFaceH4/MATH-500:test:125,math500,4,test,baseline_pass1,d3571895f231e28a025e6b7975f7c5161cdc11cde1a88e0b958ed438636e2d62,130,512,false,386,false
math:HuggingFaceH4/MATH-500:test:125,math500,4,test,final_pass1,d3571895f231e28a025e6b7975f7c5161cdc11cde1a88e0b958ed438636e2d62,130,512,false,386,false
math:HuggingFaceH4/MATH-500:test:77,math500,1,test,baseline_pass1,664109a397f9dbd5fd82fe76151758624a275e2343db80f95f4ccd21d741f81c,119,512,false,375,false
math:HuggingFaceH4/MATH-500:test:77,math500,1,test,final_pass1,664109a397f9dbd5fd82fe76151758624a275e2343db80f95f4ccd21d741f81c,119,512,false,375,false
math:HuggingFaceH4/MATH-500:test:266,math500,3,test,baseline_pass1,4a390d49c5f4de766c018e4e97c9a2edf8978e8fae0f9814cc6e4a0c73e1cd1f,132,512,false,388,false
math:HuggingFaceH4/MATH-500:test:266,math500,3,test,final_pass1,4a390d49c5f4de766c018e4e97c9a2edf8978e8fae0f9814cc6e4a0c73e1cd1f,132,512,false,388,false
math:HuggingFaceH4/MATH-500:test:187,math500,1,test,baseline_pass1,9a3b37389838eab055aba01387a21934a5534fc4bd8fccbcc06104fe1b48ad53,132,512,false,388,false
math:HuggingFaceH4/MATH-500:test:187,math500,1,test,final_pass1,9a3b37389838eab055aba01387a21934a5534fc4bd8fccbcc06104fe1b48ad53,132,512,false,388,false
math:HuggingFaceH4/MATH-500:test:210,math500,4,test,baseline_pass1,31e4d48069e1ebd8d11787051a712cad7e128d46ccee81e3c86fd5f3f7911368,303,512,false,559,false
math:HuggingFaceH4/MATH-500:test:210,math500,4,test,final_pass1,31e4d48069e1ebd8d11787051a712cad7e128d46ccee81e3c86fd5f3f7911368,303,512,false,559,false
math:HuggingFaceH4/MATH-500:test:186,math500,4,test,baseline_pass1,2e981a7043c8e26625b7284595fbbfd3ceb4da62188c1f26cf8b70bb552b5f66,134,512,false,390,false
math:HuggingFaceH4/MATH-500:test:186,math500,4,test,final_pass1,2e981a7043c8e26625b7284595fbbfd3ceb4da62188c1f26cf8b70bb552b5f66,134,512,false,390,false
math:HuggingFaceH4/MATH-500:test:216,math500,4,test,baseline_pass1,935a50e21ddc2d9d49f57d7a3b7257910ba186681a82448dc6561d150850a598,153,512,false,409,false
math:HuggingFaceH4/MATH-500:test:216,math500,4,test,final_pass1,935a50e21ddc2d9d49f57d7a3b7257910ba186681a82448dc6561d150850a598,153,512,false,409,false
math:HuggingFaceH4/MATH-500:test:17,math500,4,test,baseline_pass1,ff3f3f30314f9f94109e8de6d0ba5f9cbd0357028c39b9b4d8359718619c60aa,311,512,false,567,false
math:HuggingFaceH4/MATH-500:test:17,math500,4,test,final_pass1,ff3f3f30314f9f94109e8de6d0ba5f9cbd0357028c39b9b4d8359718619c60aa,311,512,false,567,false
math:HuggingFaceH4/MATH-500:test:157,math500,2,test,baseline_pass1,94f070862cc4009002919963fe8f65c586b39ea4c68c6269774866aed1eddbc2,146,512,false,402,false
math:HuggingFaceH4/MATH-500:test:157,math500,2,test,final_pass1,94f070862cc4009002919963fe8f65c586b39ea4c68c6269774866aed1eddbc2,146,512,false,402,false
math:HuggingFaceH4/MATH-500:test:3,math500,3,test,baseline_pass1,d9c131d7bf95eed7316f412a754bd2fd57050d4a1f94cf8e4047561636b07925,114,512,false,370,false
math:HuggingFaceH4/MATH-500:test:3,math500,3,test,final_pass1,d9c131d7bf95eed7316f412a754bd2fd57050d4a1f94cf8e4047561636b07925,114,512,false,370,false
math:HuggingFaceH4/MATH-500:test:377,math500,3,test,baseline_pass1,e31988c5432fab30c52a5f5f0f86a28db35465ca208e04f780a80ffe3912e24f,163,512,false,419,false
math:HuggingFaceH4/MATH-500:test:377,math500,3,test,final_pass1,e31988c5432fab30c52a5f5f0f86a28db35465ca208e04f780a80ffe3912e24f,163,512,false,419,false
math:HuggingFaceH4/MATH-500:test:193,math500,3,test,baseline_pass1,20ed0b2b45ef603cbf8849ba7c4291a7857641122118c9a15d394a4fbb7690ec,154,512,false,410,false
math:HuggingFaceH4/MATH-500:test:193,math500,3,test,final_pass1,20ed0b2b45ef603cbf8849ba7c4291a7857641122118c9a15d394a4fbb7690ec,154,512,false,410,false
math:HuggingFaceH4/MATH-500:test:207,math500,2,test,baseline_pass1,bd73a3e183dbd8fb723d0567fdeca8e01b2515186e3eb68a7c5e4dc4960e4239,131,512,false,387,false
math:HuggingFaceH4/MATH-500:test:207,math500,2,test,final_pass1,bd73a3e183dbd8fb723d0567fdeca8e01b2515186e3eb68a7c5e4dc4960e4239,131,512,false,387,false
math:HuggingFaceH4/MATH-500:test:316,math500,2,test,baseline_pass1,1490db1b7a7eecae36285e107c1fcdce0eee636f5301676a1e4eff62d3e1653f,146,512,false,402,false
math:HuggingFaceH4/MATH-500:test:316,math500,2,test,final_pass1,1490db1b7a7eecae36285e107c1fcdce0eee636f5301676a1e4eff62d3e1653f,146,512,false,402,false
math:HuggingFaceH4/MATH-500:test:455,math500,2,test,baseline_pass1,128324a16cc5bba125fcb1511886f57e7985c705538c9b9e1a5af37ff9591979,119,512,false,375,false
math:HuggingFaceH4/MATH-500:test:455,math500,2,test,final_pass1,128324a16cc5bba125fcb1511886f57e7985c705538c9b9e1a5af37ff9591979,119,512,false,375,false
math:HuggingFaceH4/MATH-500:test:233,math500,2,test,baseline_pass1,c1fa6c375892aecdeb04f27abe0ba7710cf2b58dfb67dc7c29a9cb4b612234ed,206,512,false,462,false
math:HuggingFaceH4/MATH-500:test:233,math500,2,test,final_pass1,c1fa6c375892aecdeb04f27abe0ba7710cf2b58dfb67dc7c29a9cb4b612234ed,206,512,false,462,false
math:HuggingFaceH4/MATH-500:test:211,math500,2,test,baseline_pass1,743d7299d7769fc26d070527d9f5c5e2a9b1baac3d5263ad1ee2e8f9302793ae,128,512,false,384,false
math:HuggingFaceH4/MATH-500:test:211,math500,2,test,final_pass1,743d7299d7769fc26d070527d9f5c5e2a9b1baac3d5263ad1ee2e8f9302793ae,128,512,false,384,false
math:HuggingFaceH4/MATH-500:test:258,math500,3,test,baseline_pass1,b60432b8f70ef7da930ff107b4553daabde7b99173da1f05eb64274ce451a33f,172,512,false,428,false
math:HuggingFaceH4/MATH-500:test:258,math500,3,test,final_pass1,b60432b8f70ef7da930ff107b4553daabde7b99173da1f05eb64274ce451a33f,172,512,false,428,false
math:HuggingFaceH4/MATH-500:test:182,math500,2,test,baseline_pass1,cb9921495744e855be423ea892ef142b7c67af119f8f0f93222393a82a822e85,133,512,false,389,false
math:HuggingFaceH4/MATH-500:test:182,math500,2,test,final_pass1,cb9921495744e855be423ea892ef142b7c67af119f8f0f93222393a82a822e85,133,512,false,389,false
math:HuggingFaceH4/MATH-500:test:234,math500,3,test,baseline_pass1,494eef108b73d10dbb69c9060d586398663042feec3b03da0acef155cbc8140a,163,512,false,419,false
math:HuggingFaceH4/MATH-500:test:234,math500,3,test,final_pass1,494eef108b73d10dbb69c9060d586398663042feec3b03da0acef155cbc8140a,163,512,false,419,false
math:HuggingFaceH4/MATH-500:test:296,math500,2,test,baseline_pass1,21fd2d8dfcf1d97afa879be9ff157188023c73e29074520ae6f7953ea84f0fbd,242,512,false,498,false
math:HuggingFaceH4/MATH-500:test:296,math500,2,test,final_pass1,21fd2d8dfcf1d97afa879be9ff157188023c73e29074520ae6f7953ea84f0fbd,242,512,false,498,false
math:HuggingFaceH4/MATH-500:test:429,math500,3,test,baseline_pass1,db84ced06f68fe553bc4a65a8ef047a2084a92653ef59dc5a65d6c1994dc7e39,138,512,false,394,false
math:HuggingFaceH4/MATH-500:test:429,math500,3,test,final_pass1,db84ced06f68fe553bc4a65a8ef047a2084a92653ef59dc5a65d6c1994dc7e39,138,512,false,394,false
math:HuggingFaceH4/MATH-500:test:113,math500,2,test,baseline_pass1,373ddc14f9c6c9a866f35efd3e3ed2e2a6b0107305a6f0055e2be999833b4d17,130,512,false,386,false
math:HuggingFaceH4/MATH-500:test:113,math500,2,test,final_pass1,373ddc14f9c6c9a866f35efd3e3ed2e2a6b0107305a6f0055e2be999833b4d17,130,512,false,386,false
math:HuggingFaceH4/MATH-500:test:74,math500,2,test,baseline_pass1,127c601d20716bca78ab0f9033c059cfa2d250605ca29f52cc5da515998b9b99,127,512,false,383,false
math:HuggingFaceH4/MATH-500:test:74,math500,2,test,final_pass1,127c601d20716bca78ab0f9033c059cfa2d250605ca29f52cc5da515998b9b99,127,512,false,383,false
math:HuggingFaceH4/MATH-500:test:463,math500,2,test,baseline_pass1,cc09162360d36f88d1dc7a54bd391188fc220d72b3d7b4387fb56f53e7501433,127,512,false,383,false
math:HuggingFaceH4/MATH-500:test:463,math500,2,test,final_pass1,cc09162360d36f88d1dc7a54bd391188fc220d72b3d7b4387fb56f53e7501433,127,512,false,383,false
math:HuggingFaceH4/MATH-500:test:70,math500,2,test,baseline_pass1,9c080d2bafaad64db184b55ea834c9603ba83ebf2c45b864eb78f864e93d88ff,122,512,false,378,false
math:HuggingFaceH4/MATH-500:test:70,math500,2,test,final_pass1,9c080d2bafaad64db184b55ea834c9603ba83ebf2c45b864eb78f864e93d88ff,122,512,false,378,false
math:HuggingFaceH4/MATH-500:test:318,math500,2,test,baseline_pass1,2700bd901df2ad3e7d63c692a331bb6c028c963391b99a6f4a36e51f6e61d908,130,512,false,386,false
math:HuggingFaceH4/MATH-500:test:318,math500,2,test,final_pass1,2700bd901df2ad3e7d63c692a331bb6c028c963391b99a6f4a36e51f6e61d908,130,512,false,386,false
math:HuggingFaceH4/MATH-500:test:369,math500,2,test,baseline_pass1,eda3215b8de82b03d4677c721ba669f22ec9ca915fda2ac5e7749daf0ff18e54,257,512,false,513,false
math:HuggingFaceH4/MATH-500:test:369,math500,2,test,final_pass1,eda3215b8de82b03d4677c721ba669f22ec9ca915fda2ac5e7749daf0ff18e54,257,512,false,513,false
math:HuggingFaceH4/MATH-500:test:447,math500,1,test,baseline_pass1,a1ef9e259ce6c4b7fa773fec242bbbe02149170fc3e825de9a367909c06ec0b5,143,512,false,399,false
math:HuggingFaceH4/MATH-500:test:447,math500,1,test,final_pass1,a1ef9e259ce6c4b7fa773fec242bbbe02149170fc3e825de9a367909c06ec0b5,143,512,false,399,false
math:HuggingFaceH4/MATH-500:test:48,math500,2,test,baseline_pass1,f7852c65f99b206cc55a6b1336128fd834fa2d7c8e455341d534250965e33ea1,119,512,false,375,false
math:HuggingFaceH4/MATH-500:test:48,math500,2,test,final_pass1,f7852c65f99b206cc55a6b1336128fd834fa2d7c8e455341d534250965e33ea1,119,512,false,375,false
math:HuggingFaceH4/MATH-500:test:387,math500,1,test,baseline_pass1,b1bc1547750c71077087cfeb1bc17777e66f5661483a5f492d12635e8228bb39,126,512,false,382,false
math:HuggingFaceH4/MATH-500:test:387,math500,1,test,final_pass1,b1bc1547750c71077087cfeb1bc17777e66f5661483a5f492d12635e8228bb39,126,512,false,382,false
math:HuggingFaceH4/MATH-500:test:397,math500,2,test,baseline_pass1,f9b2044222d2ab98426e8b8743f20d662e81d2bbcd0bcb52dd40646907462898,130,512,false,386,false
math:HuggingFaceH4/MATH-500:test:397,math500,2,test,final_pass1,f9b2044222d2ab98426e8b8743f20d662e81d2bbcd0bcb52dd40646907462898,130,512,false,386,false
math:HuggingFaceH4/MATH-500:test:141,math500,1,test,baseline_pass1,acc09fee972e8bddc9b7cdb00c8d846e24dbfd0515bb460816979fb381e944d6,160,512,false,416,false
math:HuggingFaceH4/MATH-500:test:141,math500,1,test,final_pass1,acc09fee972e8bddc9b7cdb00c8d846e24dbfd0515bb460816979fb381e944d6,160,512,false,416,false
math:HuggingFaceH4/MATH-500:test:370,math500,1,test,baseline_pass1,b7b331586e33d7fd3706ca60dfa4be3c7c2b11a6512c4fc56926a024516caf71,148,512,false,404,false
math:HuggingFaceH4/MATH-500:test:370,math500,1,test,final_pass1,b7b331586e33d7fd3706ca60dfa4be3c7c2b11a6512c4fc56926a024516caf71,148,512,false,404,false
math:HuggingFaceH4/MATH-500:test:87,math500,1,test,baseline_pass1,a6713c91f64bf4e5be218b70aaee59ce283a486c0854d8c11fd6c73385e0ed0e,124,512,false,380,false
math:HuggingFaceH4/MATH-500:test:87,math500,1,test,final_pass1,a6713c91f64bf4e5be218b70aaee59ce283a486c0854d8c11fd6c73385e0ed0e,124,512,false,380,false
math:HuggingFaceH4/MATH-500:test:449,math500,1,test,baseline_pass1,4c7f9e072a9cf529c6d964c65e9e93adb469e041992a617c9859fa6589d86285,129,512,false,385,false
math:HuggingFaceH4/MATH-500:test:449,math500,1,test,final_pass1,4c7f9e072a9cf529c6d964c65e9e93adb469e041992a617c9859fa6589d86285,129,512,false,385,false
math:HuggingFaceH4/MATH-500:test:374,math500,1,test,baseline_pass1,3680e3b37308054a594346d7b6c83ba7cccf9f1f32d1b9689b05c1d848512c71,122,512,false,378,false
math:HuggingFaceH4/MATH-500:test:374,math500,1,test,final_pass1,3680e3b37308054a594346d7b6c83ba7cccf9f1f32d1b9689b05c1d848512c71,122,512,false,378,false
math:HuggingFaceH4/MATH-500:test:16,math500,1,test,baseline_pass1,f9950cc78b905ba51e40b8d56c0d715300242a00293888f956e0fe577b6852b3,124,512,false,380,false
math:HuggingFaceH4/MATH-500:test:16,math500,1,test,final_pass1,f9950cc78b905ba51e40b8d56c0d715300242a00293888f956e0fe577b6852b3,124,512,false,380,false
math:HuggingFaceH4/MATH-500:test:171,math500,1,test,baseline_pass1,f89d8a6818b58e6979f158af3ee42723a6095840bd2526ccc2e3844c151311c7,149,512,false,405,false
math:HuggingFaceH4/MATH-500:test:171,math500,1,test,final_pass1,f89d8a6818b58e6979f158af3ee42723a6095840bd2526ccc2e3844c151311c7,149,512,false,405,false
math:HuggingFaceH4/MATH-500:test:268,math500,1,test,baseline_pass1,a956fac16f9d7aa8cf6c50229f709739c6dd90ff37bed6715d6304e60a1429c4,133,512,false,389,false
math:HuggingFaceH4/MATH-500:test:268,math500,1,test,final_pass1,a956fac16f9d7aa8cf6c50229f709739c6dd90ff37bed6715d6304e60a1429c4,133,512,false,389,false
math:HuggingFaceH4/MATH-500:test:362,math500,1,test,baseline_pass1,e268374eeb214a9afd33f4caccbe552bc27fa407297e4b7e9ed42127f3eb8fc9,158,512,false,414,false
math:HuggingFaceH4/MATH-500:test:362,math500,1,test,final_pass1,e268374eeb214a9afd33f4caccbe552bc27fa407297e4b7e9ed42127f3eb8fc9,158,512,false,414,false
math:HuggingFaceH4/MATH-500:test:97,math500,1,test,baseline_pass1,d62785c6f9d7d7d47a93479b77808e19ddad2ca53763422746ab32320f97d366,145,512,false,401,false
math:HuggingFaceH4/MATH-500:test:97,math500,1,test,final_pass1,d62785c6f9d7d7d47a93479b77808e19ddad2ca53763422746ab32320f97d366,145,512,false,401,false
math:HuggingFaceH4/MATH-500:test:487,math500,1,test,baseline_pass1,d1d8e4ee48e6371504fc6bcab622a72b00f349505439f0624cd174e932a7198d,154,512,false,410,false
math:HuggingFaceH4/MATH-500:test:487,math500,1,test,final_pass1,d1d8e4ee48e6371504fc6bcab622a72b00f349505439f0624cd174e932a7198d,154,512,false,410,false
math:HuggingFaceH4/MATH-500:test:185,math500,1,test,baseline_pass1,967aea9e429f5aad3d4bbb9c46e4c240ab173f22e6e67c3de98416c585d455cc,118,512,false,374,false
math:HuggingFaceH4/MATH-500:test:185,math500,1,test,final_pass1,967aea9e429f5aad3d4bbb9c46e4c240ab173f22e6e67c3de98416c585d455cc,118,512,false,374,false
math:HuggingFaceH4/MATH-500:test:474,math500,1,test,baseline_pass1,901b241b64aaa48656c20b6962e08cf544d1a980201f92174aaf5cd85aa54d8c,157,512,false,413,false
math:HuggingFaceH4/MATH-500:test:474,math500,1,test,final_pass1,901b241b64aaa48656c20b6962e08cf544d1a980201f92174aaf5cd85aa54d8c,157,512,false,413,false
math:HuggingFaceH4/MATH-500:test:102,math500,1,test,baseline_pass1,961a95349d9e19675c29c96901a28d5d8f80bd2dd7ea58fdf8d7ded851057fab,116,512,false,372,false
math:HuggingFaceH4/MATH-500:test:102,math500,1,test,final_pass1,961a95349d9e19675c29c96901a28d5d8f80bd2dd7ea58fdf8d7ded851057fab,116,512,false,372,false
math:HuggingFaceH4/MATH-500:test:404,math500,1,test,baseline_pass1,bf1f7a46856ff3196411ea09d78e97014e0aca63423cfefe3c8afe0c373a655b,140,512,false,396,false
math:HuggingFaceH4/MATH-500:test:404,math500,1,test,final_pass1,bf1f7a46856ff3196411ea09d78e97014e0aca63423cfefe3c8afe0c373a655b,140,512,false,396,false
math:HuggingFaceH4/MATH-500:test:312,math500,1,test,baseline_pass1,dd0beb68e2073a2eec539a4db49ffff6fecedaad2833b219f63d03e3487c191e,126,512,false,382,false
math:HuggingFaceH4/MATH-500:test:312,math500,1,test,final_pass1,dd0beb68e2073a2eec539a4db49ffff6fecedaad2833b219f63d03e3487c191e,126,512,false,382,false
math:HuggingFaceH4/MATH-500:test:472,math500,1,test,baseline_pass1,62c888b1439256bae3cc2f8f727d7c44b9a444b4b68d987ee73d717e025459f4,134,512,false,390,false
math:HuggingFaceH4/MATH-500:test:472,math500,1,test,final_pass1,62c888b1439256bae3cc2f8f727d7c44b9a444b4b68d987ee73d717e025459f4,134,512,false,390,false
math:HuggingFaceH4/MATH-500:test:65,math500,1,test,baseline_pass1,c67f8f53f26020d030c54f8badfa842952e789e5d5b9a0d34d04f95122d0ad8b,120,512,false,376,false
math:HuggingFaceH4/MATH-500:test:65,math500,1,test,final_pass1,c67f8f53f26020d030c54f8badfa842952e789e5d5b9a0d34d04f95122d0ad8b,120,512,false,376,false
math:HuggingFaceH4/MATH-500:test:395,math500,1,test,baseline_pass1,0e3305387e550e384f88ff8facde443b5623512e529090059b282c5d573991b6,135,512,false,391,false
math:HuggingFaceH4/MATH-500:test:395,math500,1,test,final_pass1,0e3305387e550e384f88ff8facde443b5623512e529090059b282c5d573991b6,135,512,false,391,false
math:HuggingFaceH4/MATH-500:test:406,math500,1,test,baseline_pass1,399eccd521964720b495b6a255f5b19f1ba41a2037ef4564006e86f95a1b342b,116,512,false,372,false
math:HuggingFaceH4/MATH-500:test:406,math500,1,test,final_pass1,399eccd521964720b495b6a255f5b19f1ba41a2037ef4564006e86f95a1b342b,116,512,false,372,false
math:HuggingFaceH4/MATH-500:test:457,math500,1,test,baseline_pass1,685044054a9cbf13f46931d5c6c45f743f5c24952f78ec6710c14b48d8a6531b,113,512,false,369,false
math:HuggingFaceH4/MATH-500:test:457,math500,1,test,final_pass1,685044054a9cbf13f46931d5c6c45f743f5c24952f78ec6710c14b48d8a6531b,113,512,false,369,false
gsm8k:test:1119,gsm8k,,test,baseline_pass4,b6230a17f1217c93be94938a7781da24be0ec3ae118b19187626b85d99c06e2a,208,512,false,464,false
gsm8k:test:1119,gsm8k,,test,final_pass4,b6230a17f1217c93be94938a7781da24be0ec3ae118b19187626b85d99c06e2a,208,512,false,464,false
gsm8k:test:714,gsm8k,,test,baseline_pass4,aa4d49590872c47fe90f48c3877ec16612a76f0938906945db2ce572f9132560,158,512,false,414,false
gsm8k:test:714,gsm8k,,test,final_pass4,aa4d49590872c47fe90f48c3877ec16612a76f0938906945db2ce572f9132560,158,512,false,414,false
gsm8k:test:779,gsm8k,,test,baseline_pass4,2539339415c02f06924ef89b7d9cae49d80c7fd0ff0a566cca4588256d1a296f,167,512,false,423,false
gsm8k:test:779,gsm8k,,test,final_pass4,2539339415c02f06924ef89b7d9cae49d80c7fd0ff0a566cca4588256d1a296f,167,512,false,423,false
gsm8k:test:1009,gsm8k,,test,baseline_pass4,4f11964447a1ceb07433d744055b4a223930f2b5736ccb129b71f7ee5c91abe4,183,512,false,439,false
gsm8k:test:1009,gsm8k,,test,final_pass4,4f11964447a1ceb07433d744055b4a223930f2b5736ccb129b71f7ee5c91abe4,183,512,false,439,false
gsm8k:test:459,gsm8k,,test,baseline_pass4,ec4785378502060222325bea84367719151718c317e11ebb17b45fedd99f1fe6,241,512,false,497,false
gsm8k:test:459,gsm8k,,test,final_pass4,ec4785378502060222325bea84367719151718c317e11ebb17b45fedd99f1fe6,241,512,false,497,false
gsm8k:test:525,gsm8k,,test,baseline_pass4,8578879b978c69840b2a44259d92cabc92575896728a6d33639a8fa795ec76d8,188,512,false,444,false
gsm8k:test:525,gsm8k,,test,final_pass4,8578879b978c69840b2a44259d92cabc92575896728a6d33639a8fa795ec76d8,188,512,false,444,false
gsm8k:test:1010,gsm8k,,test,baseline_pass4,3e84a9b3a8c7070fa05db29c4237d0c41f9e8c5e77e14cd030f43df2c427ef58,164,512,false,420,false
gsm8k:test:1010,gsm8k,,test,final_pass4,3e84a9b3a8c7070fa05db29c4237d0c41f9e8c5e77e14cd030f43df2c427ef58,164,512,false,420,false
gsm8k:test:463,gsm8k,,test,baseline_pass4,cea291cfad63cc74e462af9675991ca93678014cd8e67fbc2631145cb1bb61a9,143,512,false,399,false
gsm8k:test:463,gsm8k,,test,final_pass4,cea291cfad63cc74e462af9675991ca93678014cd8e67fbc2631145cb1bb61a9,143,512,false,399,false
gsm8k:test:758,gsm8k,,test,baseline_pass4,a1406b95283ee7c92d7762b30e5dc5efac5dcfeed3713cbccd7d0552fdb1fd36,127,512,false,383,false
gsm8k:test:758,gsm8k,,test,final_pass4,a1406b95283ee7c92d7762b30e5dc5efac5dcfeed3713cbccd7d0552fdb1fd36,127,512,false,383,false
gsm8k:test:826,gsm8k,,test,baseline_pass4,5551cbb2b43b81c6ccda5d6a68028a094c9715def7b5e8b6a300571952c5bdb0,170,512,false,426,false
gsm8k:test:826,gsm8k,,test,final_pass4,5551cbb2b43b81c6ccda5d6a68028a094c9715def7b5e8b6a300571952c5bdb0,170,512,false,426,false
gsm8k:test:331,gsm8k,,test,baseline_pass4,299787f7a6445a68dd8ab8b7b0118020ef60d33b3104582a2817934227eed54f,206,512,false,462,false
gsm8k:test:331,gsm8k,,test,final_pass4,299787f7a6445a68dd8ab8b7b0118020ef60d33b3104582a2817934227eed54f,206,512,false,462,false
gsm8k:test:86,gsm8k,,test,baseline_pass4,81fe2c6b10f59470f657372289b37baab97c18127e2877f52a6623238de0c2f2,188,512,false,444,false
gsm8k:test:86,gsm8k,,test,final_pass4,81fe2c6b10f59470f657372289b37baab97c18127e2877f52a6623238de0c2f2,188,512,false,444,false
gsm8k:test:674,gsm8k,,test,baseline_pass4,ac0dee4c272af1f7b874eb45be29f07b4f0c9df8267f133ddd3e281fd4a44220,143,512,false,399,false
gsm8k:test:674,gsm8k,,test,final_pass4,ac0dee4c272af1f7b874eb45be29f07b4f0c9df8267f133ddd3e281fd4a44220,143,512,false,399,false
gsm8k:test:566,gsm8k,,test,baseline_pass4,2096211d15705e11594d33622d4910416482b5fbf690e568db6dcb91ee238026,136,512,false,392,false
gsm8k:test:566,gsm8k,,test,final_pass4,2096211d15705e11594d33622d4910416482b5fbf690e568db6dcb91ee238026,136,512,false,392,false
gsm8k:test:1012,gsm8k,,test,baseline_pass4,8e950812e878fb29efef6327f28f296c43e433844d805517984590d710c31be1,220,512,false,476,false
gsm8k:test:1012,gsm8k,,test,final_pass4,8e950812e878fb29efef6327f28f296c43e433844d805517984590d710c31be1,220,512,false,476,false
gsm8k:test:534,gsm8k,,test,baseline_pass4,812a67adf70753703f2318878ec180d69ebcb33597f7a3d6e661a089bdb01026,199,512,false,455,false
gsm8k:test:534,gsm8k,,test,final_pass4,812a67adf70753703f2318878ec180d69ebcb33597f7a3d6e661a089bdb01026,199,512,false,455,false
gsm8k:test:505,gsm8k,,test,baseline_pass4,243fe036a254ab422edea0bfe16aafaef403ff66c495ddde1a0524337f80a295,205,512,false,461,false
gsm8k:test:505,gsm8k,,test,final_pass4,243fe036a254ab422edea0bfe16aafaef403ff66c495ddde1a0524337f80a295,205,512,false,461,false
gsm8k:test:1160,gsm8k,,test,baseline_pass4,815abf8b7232f9a680befc109562fad0304150e488863a5d74c1b0a2ffea2707,154,512,false,410,false
gsm8k:test:1160,gsm8k,,test,final_pass4,815abf8b7232f9a680befc109562fad0304150e488863a5d74c1b0a2ffea2707,154,512,false,410,false
gsm8k:test:270,gsm8k,,test,baseline_pass4,894318ab22ebacbf5861a41cc7ccbc261aef612a6f01ed3e69c68825d7d9d1ea,176,512,false,432,false
gsm8k:test:270,gsm8k,,test,final_pass4,894318ab22ebacbf5861a41cc7ccbc261aef612a6f01ed3e69c68825d7d9d1ea,176,512,false,432,false
gsm8k:test:668,gsm8k,,test,baseline_pass4,053d1024df3fb3c270b8bfdf4b8851da6662b3eb28623d8898223f8b9b0e0467,145,512,false,401,false
gsm8k:test:668,gsm8k,,test,final_pass4,053d1024df3fb3c270b8bfdf4b8851da6662b3eb28623d8898223f8b9b0e0467,145,512,false,401,false
gsm8k:test:859,gsm8k,,test,baseline_pass4,31139d13bc386e39d1ac438fb1dd31f43e2f028bcba4bc0e9b943e449854edac,154,512,false,410,false
gsm8k:test:859,gsm8k,,test,final_pass4,31139d13bc386e39d1ac438fb1dd31f43e2f028bcba4bc0e9b943e449854edac,154,512,false,410,false
gsm8k:test:1062,gsm8k,,test,baseline_pass4,654c0816c92e697af47bc9038481f87c33182491498333a526cb3aa5f6a41dfc,176,512,false,432,false
gsm8k:test:1062,gsm8k,,test,final_pass4,654c0816c92e697af47bc9038481f87c33182491498333a526cb3aa5f6a41dfc,176,512,false,432,false
gsm8k:test:831,gsm8k,,test,baseline_pass4,5b49e18929ddc584093bc6909e99ccbceb3e6c1f625845e029b200edededa4cc,188,512,false,444,false
gsm8k:test:831,gsm8k,,test,final_pass4,5b49e18929ddc584093bc6909e99ccbceb3e6c1f625845e029b200edededa4cc,188,512,false,444,false
gsm8k:test:1277,gsm8k,,test,baseline_pass4,9322b53124848ae69ce74159a1b08b01bc670263c69ab2dddf438e79407c4bf4,138,512,false,394,false
gsm8k:test:1277,gsm8k,,test,final_pass4,9322b53124848ae69ce74159a1b08b01bc670263c69ab2dddf438e79407c4bf4,138,512,false,394,false
gsm8k:test:510,gsm8k,,test,baseline_pass4,ba57942ec493a625754c9c9012484327eccadec7c3c959390c6c5d68f7b0d988,179,512,false,435,false
gsm8k:test:510,gsm8k,,test,final_pass4,ba57942ec493a625754c9c9012484327eccadec7c3c959390c6c5d68f7b0d988,179,512,false,435,false
gsm8k:test:882,gsm8k,,test,baseline_pass4,072e1be0cfb9cb07454e8c97cf413df199b7ebdd27ee6cb6caab9922ea93be76,214,512,false,470,false
gsm8k:test:882,gsm8k,,test,final_pass4,072e1be0cfb9cb07454e8c97cf413df199b7ebdd27ee6cb6caab9922ea93be76,214,512,false,470,false
gsm8k:test:809,gsm8k,,test,baseline_pass4,bb92799783ddffd5572f967eac8acba6f37a40ba8374502c56223254fc4fd38e,188,512,false,444,false
gsm8k:test:809,gsm8k,,test,final_pass4,bb92799783ddffd5572f967eac8acba6f37a40ba8374502c56223254fc4fd38e,188,512,false,444,false
gsm8k:test:79,gsm8k,,test,baseline_pass4,0444020c1254632400c85a126b6d8b507ad45be88711232ac67a59f78806de12,148,512,false,404,false
gsm8k:test:79,gsm8k,,test,final_pass4,0444020c1254632400c85a126b6d8b507ad45be88711232ac67a59f78806de12,148,512,false,404,false
gsm8k:test:114,gsm8k,,test,baseline_pass4,d58d048edb85ac2a8211ef8b5c313650d5ed00de15826b595b975b0e31bcb7de,181,512,false,437,false
gsm8k:test:114,gsm8k,,test,final_pass4,d58d048edb85ac2a8211ef8b5c313650d5ed00de15826b595b975b0e31bcb7de,181,512,false,437,false
gsm8k:test:1184,gsm8k,,test,baseline_pass4,e36bffbd8e8bdf141d1e268be7bbed5620cd5787acddf9eda80156f27f15f56d,142,512,false,398,false
gsm8k:test:1184,gsm8k,,test,final_pass4,e36bffbd8e8bdf141d1e268be7bbed5620cd5787acddf9eda80156f27f15f56d,142,512,false,398,false
gsm8k:test:440,gsm8k,,test,baseline_pass4,3e644188b95ca400615cdbb8232c652600617259a2a37db85018cba18bb82768,137,512,false,393,false
gsm8k:test:440,gsm8k,,test,final_pass4,3e644188b95ca400615cdbb8232c652600617259a2a37db85018cba18bb82768,137,512,false,393,false
gsm8k:test:1300,gsm8k,,test,baseline_pass4,4a444de704381ae482041f627bd6633bb225f7503888c5d34cea7d20f65e2871,147,512,false,403,false
gsm8k:test:1300,gsm8k,,test,final_pass4,4a444de704381ae482041f627bd6633bb225f7503888c5d34cea7d20f65e2871,147,512,false,403,false
gsm8k:test:917,gsm8k,,test,baseline_pass4,17026e8fffab45b7fcf523a0dc4685d0d652a403691e127763dc2e8ea90a34d8,134,512,false,390,false
gsm8k:test:917,gsm8k,,test,final_pass4,17026e8fffab45b7fcf523a0dc4685d0d652a403691e127763dc2e8ea90a34d8,134,512,false,390,false
gsm8k:test:649,gsm8k,,test,baseline_pass4,38f050a0946a376973157b324fa6808f0f7331282f3d89ed2259705b8a47ceb1,167,512,false,423,false
gsm8k:test:649,gsm8k,,test,final_pass4,38f050a0946a376973157b324fa6808f0f7331282f3d89ed2259705b8a47ceb1,167,512,false,423,false
gsm8k:test:381,gsm8k,,test,baseline_pass4,1a3881d70c940bd9a59577fe2ce5833318b154181def8ea460fc17c69b0dcf7b,137,512,false,393,false
gsm8k:test:381,gsm8k,,test,final_pass4,1a3881d70c940bd9a59577fe2ce5833318b154181def8ea460fc17c69b0dcf7b,137,512,false,393,false
gsm8k:test:1207,gsm8k,,test,baseline_pass4,65e72b4995b98e0ce4c706f23322d38b8be3d230f9b868bb45038c733d8bbb0f,172,512,false,428,false
gsm8k:test:1207,gsm8k,,test,final_pass4,65e72b4995b98e0ce4c706f23322d38b8be3d230f9b868bb45038c733d8bbb0f,172,512,false,428,false
gsm8k:test:229,gsm8k,,test,baseline_pass4,c62d81a7b0c5dde2bed97b207063d33c1d853a0e20d5a80e8b5e9738f398f8dd,187,512,false,443,false
gsm8k:test:229,gsm8k,,test,final_pass4,c62d81a7b0c5dde2bed97b207063d33c1d853a0e20d5a80e8b5e9738f398f8dd,187,512,false,443,false
gsm8k:test:927,gsm8k,,test,baseline_pass4,2c027ec701054a077615a2d8a5ccc908afe18165ffb83fceebac7d7d548fcb08,174,512,false,430,false
gsm8k:test:927,gsm8k,,test,final_pass4,2c027ec701054a077615a2d8a5ccc908afe18165ffb83fceebac7d7d548fcb08,174,512,false,430,false
gsm8k:test:106,gsm8k,,test,baseline_pass4,ccee3126817197da793c30faefa9b3bb2539a2466849418c06ab9f523165b5a2,144,512,false,400,false
gsm8k:test:106,gsm8k,,test,final_pass4,ccee3126817197da793c30faefa9b3bb2539a2466849418c06ab9f523165b5a2,144,512,false,400,false
gsm8k:test:197,gsm8k,,test,baseline_pass4,a4e37a773a214313b2a87f4ea89034d45b84f81619da4c9d21282ea1cd789b84,152,512,false,408,false
gsm8k:test:197,gsm8k,,test,final_pass4,a4e37a773a214313b2a87f4ea89034d45b84f81619da4c9d21282ea1cd789b84,152,512,false,408,false
gsm8k:test:53,gsm8k,,test,baseline_pass4,cedca629095cfefd228bc30fade97fdbba2f6bf64a122c731c1f5e9234fdea05,200,512,false,456,false
gsm8k:test:53,gsm8k,,test,final_pass4,cedca629095cfefd228bc30fade97fdbba2f6bf64a122c731c1f5e9234fdea05,200,512,false,456,false
gsm8k:test:1041,gsm8k,,test,baseline_pass4,8e84fb0de39a5dd6017928cab692063a3e81b8834050ed42f5a433bc08ea5a0b,160,512,false,416,false
gsm8k:test:1041,gsm8k,,test,final_pass4,8e84fb0de39a5dd6017928cab692063a3e81b8834050ed42f5a433bc08ea5a0b,160,512,false,416,false
gsm8k:test:1266,gsm8k,,test,baseline_pass4,d0b4a10e2842fb5433110df679df83c46668929e0e6de3507167a71c87eb3ce3,154,512,false,410,false
gsm8k:test:1266,gsm8k,,test,final_pass4,d0b4a10e2842fb5433110df679df83c46668929e0e6de3507167a71c87eb3ce3,154,512,false,410,false
gsm8k:test:686,gsm8k,,test,baseline_pass4,30768cf005024cc7c158fe01e2ffb7a1e41b171692e4492c844e7e1bed88b20d,157,512,false,413,false
gsm8k:test:686,gsm8k,,test,final_pass4,30768cf005024cc7c158fe01e2ffb7a1e41b171692e4492c844e7e1bed88b20d,157,512,false,413,false
gsm8k:test:1094,gsm8k,,test,baseline_pass4,10d6d0d45c76a67999ec316e6d5dfd31ea1848de348464df4cd4f3f0684b7a98,198,512,false,454,false
gsm8k:test:1094,gsm8k,,test,final_pass4,10d6d0d45c76a67999ec316e6d5dfd31ea1848de348464df4cd4f3f0684b7a98,198,512,false,454,false
gsm8k:test:32,gsm8k,,test,baseline_pass4,03466d676fc93e79f038fd2ff732534e34942948f6bc2815d4a2ad62868b5315,141,512,false,397,false
gsm8k:test:32,gsm8k,,test,final_pass4,03466d676fc93e79f038fd2ff732534e34942948f6bc2815d4a2ad62868b5315,141,512,false,397,false
gsm8k:test:180,gsm8k,,test,baseline_pass4,cc8563953702624e5c36aeec6288b8275b7fb89eaf488f069890a9b445c2e6ac,149,512,false,405,false
gsm8k:test:180,gsm8k,,test,final_pass4,cc8563953702624e5c36aeec6288b8275b7fb89eaf488f069890a9b445c2e6ac,149,512,false,405,false
gsm8k:test:1031,gsm8k,,test,baseline_pass4,49d2c947eda2c86f6b04d7369c75050dbb666aca9a060f9b8d8d557dd9327e54,166,512,false,422,false
gsm8k:test:1031,gsm8k,,test,final_pass4,49d2c947eda2c86f6b04d7369c75050dbb666aca9a060f9b8d8d557dd9327e54,166,512,false,422,false
gsm8k:test:512,gsm8k,,test,baseline_pass4,3ecbcd18a8b33b5a3e4ace78265029c38898c7c5094e6a8afb186eb425c59db6,153,512,false,409,false
gsm8k:test:512,gsm8k,,test,final_pass4,3ecbcd18a8b33b5a3e4ace78265029c38898c7c5094e6a8afb186eb425c59db6,153,512,false,409,false
gsm8k:test:488,gsm8k,,test,baseline_pass4,36ed7ab3fcc076463a3803366c20786522f4348d2eb867b6e15a404c8738888b,144,512,false,400,false
gsm8k:test:488,gsm8k,,test,final_pass4,36ed7ab3fcc076463a3803366c20786522f4348d2eb867b6e15a404c8738888b,144,512,false,400,false
math:HuggingFaceH4/MATH-500:test:167,math500,1,test,baseline_pass4,8a2761cd580e90ac3c46ea37c29f2388043e28fbbfdcfe9476ab242e2d6c59c9,177,512,false,433,false
math:HuggingFaceH4/MATH-500:test:167,math500,1,test,final_pass4,8a2761cd580e90ac3c46ea37c29f2388043e28fbbfdcfe9476ab242e2d6c59c9,177,512,false,433,false
math:HuggingFaceH4/MATH-500:test:262,math500,1,test,baseline_pass4,c6052e5a8a38e9ace1e6bd95cd0e3a06ae704533a87d03d65cd4d928347d3122,125,512,false,381,false
math:HuggingFaceH4/MATH-500:test:262,math500,1,test,final_pass4,c6052e5a8a38e9ace1e6bd95cd0e3a06ae704533a87d03d65cd4d928347d3122,125,512,false,381,false
math:HuggingFaceH4/MATH-500:test:86,math500,1,test,baseline_pass4,80abc03675435db3ec2507b4cddfa84f5b958b0a2fa87d106ecc784c3d96fb98,138,512,false,394,false
math:HuggingFaceH4/MATH-500:test:86,math500,1,test,final_pass4,80abc03675435db3ec2507b4cddfa84f5b958b0a2fa87d106ecc784c3d96fb98,138,512,false,394,false
math:HuggingFaceH4/MATH-500:test:144,math500,1,test,baseline_pass4,08179b285935d055e77f1acf99474b414f9de3bfc8e68832435c8b6f66da7201,150,512,false,406,false
math:HuggingFaceH4/MATH-500:test:144,math500,1,test,final_pass4,08179b285935d055e77f1acf99474b414f9de3bfc8e68832435c8b6f66da7201,150,512,false,406,false
math:HuggingFaceH4/MATH-500:test:79,math500,1,test,baseline_pass4,596df626ca2018677f9b3efadc1d7f0cb8268dea7b20f5b1eceabd6e2682437a,122,512,false,378,false
math:HuggingFaceH4/MATH-500:test:79,math500,1,test,final_pass4,596df626ca2018677f9b3efadc1d7f0cb8268dea7b20f5b1eceabd6e2682437a,122,512,false,378,false
math:HuggingFaceH4/MATH-500:test:456,math500,1,test,baseline_pass4,a0d188637322c0d4d4144aea9d7d7ef6cbe1f6b87d0d9a6b98bb9945438961de,144,512,false,400,false
math:HuggingFaceH4/MATH-500:test:456,math500,1,test,final_pass4,a0d188637322c0d4d4144aea9d7d7ef6cbe1f6b87d0d9a6b98bb9945438961de,144,512,false,400,false
math:HuggingFaceH4/MATH-500:test:237,math500,1,test,baseline_pass4,e32ad75ac61450d912ca02fbe7249165845695544c59d5947f664822d2cc5231,146,512,false,402,false
math:HuggingFaceH4/MATH-500:test:237,math500,1,test,final_pass4,e32ad75ac61450d912ca02fbe7249165845695544c59d5947f664822d2cc5231,146,512,false,402,false
math:HuggingFaceH4/MATH-500:test:259,math500,1,test,baseline_pass4,ddbc2d9509bb5a053bf5ddf2145f61c0df9a9b191a534e604eb261e1834dc014,119,512,false,375,false
math:HuggingFaceH4/MATH-500:test:259,math500,1,test,final_pass4,ddbc2d9509bb5a053bf5ddf2145f61c0df9a9b191a534e604eb261e1834dc014,119,512,false,375,false
math:HuggingFaceH4/MATH-500:test:18,math500,1,test,baseline_pass4,28cfc3cfe7b8ac642ca5aa37b7d979820ec49479fa7beb4b2a54e7c62b41e78d,250,512,false,506,false
math:HuggingFaceH4/MATH-500:test:18,math500,1,test,final_pass4,28cfc3cfe7b8ac642ca5aa37b7d979820ec49479fa7beb4b2a54e7c62b41e78d,250,512,false,506,false
math:HuggingFaceH4/MATH-500:test:336,math500,1,test,baseline_pass4,6a16660e021bb8857c5ea97fad0c0175b83482c9c86bcd7fc831935fb9039100,120,512,false,376,false
math:HuggingFaceH4/MATH-500:test:336,math500,1,test,final_pass4,6a16660e021bb8857c5ea97fad0c0175b83482c9c86bcd7fc831935fb9039100,120,512,false,376,false
math:HuggingFaceH4/MATH-500:test:410,math500,2,test,baseline_pass4,953458ed5c9859053fd1ccd6ea5ce1e29dcdfae8daad6de68a06c4a40a588a5a,135,512,false,391,false
math:HuggingFaceH4/MATH-500:test:410,math500,2,test,final_pass4,953458ed5c9859053fd1ccd6ea5ce1e29dcdfae8daad6de68a06c4a40a588a5a,135,512,false,391,false
math:HuggingFaceH4/MATH-500:test:72,math500,2,test,baseline_pass4,4af178e7a6610c23a604b77a2245ba51781e598f523703746d9b5ce13ea35de6,134,512,false,390,false
math:HuggingFaceH4/MATH-500:test:72,math500,2,test,final_pass4,4af178e7a6610c23a604b77a2245ba51781e598f523703746d9b5ce13ea35de6,134,512,false,390,false
math:HuggingFaceH4/MATH-500:test:27,math500,2,test,baseline_pass4,f7e02c2933274a134aa66e7077abe6afb97d16e97d6bbea4d15eddf450c3d0e4,181,512,false,437,false
math:HuggingFaceH4/MATH-500:test:27,math500,2,test,final_pass4,f7e02c2933274a134aa66e7077abe6afb97d16e97d6bbea4d15eddf450c3d0e4,181,512,false,437,false
math:HuggingFaceH4/MATH-500:test:476,math500,2,test,baseline_pass4,59638c470390063c21c4c18cee4f403b23511e69069fb3d701dd5ff4639c9643,163,512,false,419,false
math:HuggingFaceH4/MATH-500:test:476,math500,2,test,final_pass4,59638c470390063c21c4c18cee4f403b23511e69069fb3d701dd5ff4639c9643,163,512,false,419,false
math:HuggingFaceH4/MATH-500:test:95,math500,2,test,baseline_pass4,d96c7d487bfebf81b8ab669fdcd6dcff6bf3f454566b8feee343649a6dae67f9,180,512,false,436,false
math:HuggingFaceH4/MATH-500:test:95,math500,2,test,final_pass4,d96c7d487bfebf81b8ab669fdcd6dcff6bf3f454566b8feee343649a6dae67f9,180,512,false,436,false
math:HuggingFaceH4/MATH-500:test:164,math500,2,test,baseline_pass4,3107bac4a93fe7e648ffeea9b5f9d6f2debc8ec4d8d9a5569aa7d766cbd49f95,123,512,false,379,false
math:HuggingFaceH4/MATH-500:test:164,math500,2,test,final_pass4,3107bac4a93fe7e648ffeea9b5f9d6f2debc8ec4d8d9a5569aa7d766cbd49f95,123,512,false,379,false
math:HuggingFaceH4/MATH-500:test:413,math500,2,test,baseline_pass4,fc15e8ca55ab2d531dadcfbbfb880bbb09c9c0385d5c3a3028db29f774d05358,123,512,false,379,false
math:HuggingFaceH4/MATH-500:test:413,math500,2,test,final_pass4,fc15e8ca55ab2d531dadcfbbfb880bbb09c9c0385d5c3a3028db29f774d05358,123,512,false,379,false
math:HuggingFaceH4/MATH-500:test:363,math500,2,test,baseline_pass4,537f0ea85d9238aaaaa702364d6039f54b9e7cd0513e55e7d0c2fb14d0f20e6c,121,512,false,377,false
math:HuggingFaceH4/MATH-500:test:363,math500,2,test,final_pass4,537f0ea85d9238aaaaa702364d6039f54b9e7cd0513e55e7d0c2fb14d0f20e6c,121,512,false,377,false
math:HuggingFaceH4/MATH-500:test:307,math500,2,test,baseline_pass4,790b2a6422024e2da95c347cf15f74202031d86b33a24c3681d92187d7d8e81e,136,512,false,392,false
math:HuggingFaceH4/MATH-500:test:307,math500,2,test,final_pass4,790b2a6422024e2da95c347cf15f74202031d86b33a24c3681d92187d7d8e81e,136,512,false,392,false
math:HuggingFaceH4/MATH-500:test:310,math500,2,test,baseline_pass4,86746782d65b08ff36bde5ad9cdff8bbb60b9b619e0bc96018ee8aa68e9b2153,172,512,false,428,false
math:HuggingFaceH4/MATH-500:test:310,math500,2,test,final_pass4,86746782d65b08ff36bde5ad9cdff8bbb60b9b619e0bc96018ee8aa68e9b2153,172,512,false,428,false
math:HuggingFaceH4/MATH-500:test:386,math500,3,test,baseline_pass4,8ed843b4942d35ddd6c7336357cc004e2c578a062186a00fe7371c453c7ffe46,122,512,false,378,false
math:HuggingFaceH4/MATH-500:test:386,math500,3,test,final_pass4,8ed843b4942d35ddd6c7336357cc004e2c578a062186a00fe7371c453c7ffe46,122,512,false,378,false
math:HuggingFaceH4/MATH-500:test:416,math500,3,test,baseline_pass4,394bb98841d0be1d7f62a7298ea5107e070b4b091c32a89d2d77d9a244f406b4,122,512,false,378,false
math:HuggingFaceH4/MATH-500:test:416,math500,3,test,final_pass4,394bb98841d0be1d7f62a7298ea5107e070b4b091c32a89d2d77d9a244f406b4,122,512,false,378,false
math:HuggingFaceH4/MATH-500:test:440,math500,3,test,baseline_pass4,e4c64d19fb29494a75ad73bf5d2b6d75fdc42d4b3635110288e165acf9bbea70,122,512,false,378,false
math:HuggingFaceH4/MATH-500:test:440,math500,3,test,final_pass4,e4c64d19fb29494a75ad73bf5d2b6d75fdc42d4b3635110288e165acf9bbea70,122,512,false,378,false
math:HuggingFaceH4/MATH-500:test:156,math500,3,test,baseline_pass4,3518ced3c122a01c5d772ab5ae907f71fea9987c44691e6d3c9a7543c10c3b24,294,512,false,550,false
math:HuggingFaceH4/MATH-500:test:156,math500,3,test,final_pass4,3518ced3c122a01c5d772ab5ae907f71fea9987c44691e6d3c9a7543c10c3b24,294,512,false,550,false
math:HuggingFaceH4/MATH-500:test:437,math500,3,test,baseline_pass4,9a5b4d1993a2c0d02b3f7877f47d147d6a480f712a87bd701c89a22f6acd2c33,197,512,false,453,false
math:HuggingFaceH4/MATH-500:test:437,math500,3,test,final_pass4,9a5b4d1993a2c0d02b3f7877f47d147d6a480f712a87bd701c89a22f6acd2c33,197,512,false,453,false
math:HuggingFaceH4/MATH-500:test:105,math500,3,test,baseline_pass4,bc8222c4f159e3ed0403a7762a6577cf144d240b9d3947c839ca38329ef4ae55,415,512,false,671,false
math:HuggingFaceH4/MATH-500:test:105,math500,3,test,final_pass4,bc8222c4f159e3ed0403a7762a6577cf144d240b9d3947c839ca38329ef4ae55,415,512,false,671,false
math:HuggingFaceH4/MATH-500:test:198,math500,3,test,baseline_pass4,354e183cb3956533543ad2021ed2d6b7f8c54de6e0352fc15720525003f79d92,129,512,false,385,false
math:HuggingFaceH4/MATH-500:test:198,math500,3,test,final_pass4,354e183cb3956533543ad2021ed2d6b7f8c54de6e0352fc15720525003f79d92,129,512,false,385,false
math:HuggingFaceH4/MATH-500:test:345,math500,3,test,baseline_pass4,9784027ed9027f6d9b7978a0642de37fc9b4edb9fde4c3ccfa33c50f6779487c,134,512,false,390,false
math:HuggingFaceH4/MATH-500:test:345,math500,3,test,final_pass4,9784027ed9027f6d9b7978a0642de37fc9b4edb9fde4c3ccfa33c50f6779487c,134,512,false,390,false
math:HuggingFaceH4/MATH-500:test:393,math500,3,test,baseline_pass4,02534ae463b7eeab8d3798b884aa7bc9c1ad2f1181c2f8ee5e9552d957fd864f,182,512,false,438,false
math:HuggingFaceH4/MATH-500:test:393,math500,3,test,final_pass4,02534ae463b7eeab8d3798b884aa7bc9c1ad2f1181c2f8ee5e9552d957fd864f,182,512,false,438,false
math:HuggingFaceH4/MATH-500:test:290,math500,3,test,baseline_pass4,419c5485c0f75582fd6a505d22b320d7fc2eaee62f5d7de27400868e09068f36,138,512,false,394,false
math:HuggingFaceH4/MATH-500:test:290,math500,3,test,final_pass4,419c5485c0f75582fd6a505d22b320d7fc2eaee62f5d7de27400868e09068f36,138,512,false,394,false
math:HuggingFaceH4/MATH-500:test:250,math500,4,test,baseline_pass4,845ed70fbee1558f4440b3729027dba485aeb92c3c0ea0131670e524f0b6a8f2,169,512,false,425,false
math:HuggingFaceH4/MATH-500:test:250,math500,4,test,final_pass4,845ed70fbee1558f4440b3729027dba485aeb92c3c0ea0131670e524f0b6a8f2,169,512,false,425,false
math:HuggingFaceH4/MATH-500:test:499,math500,4,test,baseline_pass4,23a0b223b14192795f9de963e22a25c6861a002afdf2bcbc5e07a0476dda3187,158,512,false,414,false
math:HuggingFaceH4/MATH-500:test:499,math500,4,test,final_pass4,23a0b223b14192795f9de963e22a25c6861a002afdf2bcbc5e07a0476dda3187,158,512,false,414,false
math:HuggingFaceH4/MATH-500:test:134,math500,4,test,baseline_pass4,9336318ed4b16ceaa19d35f5aac6aead4ffff9afdf81dff546f70a08a191e5c2,217,512,false,473,false
math:HuggingFaceH4/MATH-500:test:134,math500,4,test,final_pass4,9336318ed4b16ceaa19d35f5aac6aead4ffff9afdf81dff546f70a08a191e5c2,217,512,false,473,false
math:HuggingFaceH4/MATH-500:test:201,math500,4,test,baseline_pass4,4cdb66fbff0a1d4615ebce4e0b18799d084ed414793d0c590501249ea207ea40,174,512,false,430,false
math:HuggingFaceH4/MATH-500:test:201,math500,4,test,final_pass4,4cdb66fbff0a1d4615ebce4e0b18799d084ed414793d0c590501249ea207ea40,174,512,false,430,false
math:HuggingFaceH4/MATH-500:test:461,math500,4,test,baseline_pass4,a3f8b3afff258566282717978658265a2c6e06864e833f1a5848207f2f60d174,199,512,false,455,false
math:HuggingFaceH4/MATH-500:test:461,math500,4,test,final_pass4,a3f8b3afff258566282717978658265a2c6e06864e833f1a5848207f2f60d174,199,512,false,455,false
math:HuggingFaceH4/MATH-500:test:215,math500,4,test,baseline_pass4,7c2e2582688c346214b9b90c728610a581ec756e2608f859abbc7192cdef469c,132,512,false,388,false
math:HuggingFaceH4/MATH-500:test:215,math500,4,test,final_pass4,7c2e2582688c346214b9b90c728610a581ec756e2608f859abbc7192cdef469c,132,512,false,388,false
math:HuggingFaceH4/MATH-500:test:271,math500,4,test,baseline_pass4,a3af2ddad7b189b2da5b8d7e7b3ab13ffca85b028a9c0bb03f91aab5e38a9d8b,132,512,false,388,false
math:HuggingFaceH4/MATH-500:test:271,math500,4,test,final_pass4,a3af2ddad7b189b2da5b8d7e7b3ab13ffca85b028a9c0bb03f91aab5e38a9d8b,132,512,false,388,false
math:HuggingFaceH4/MATH-500:test:93,math500,4,test,baseline_pass4,9f69d238a817b8b6fae1147246c8f30fec0105e3bece63b0b534d1f245fa6c83,143,512,false,399,false
math:HuggingFaceH4/MATH-500:test:93,math500,4,test,final_pass4,9f69d238a817b8b6fae1147246c8f30fec0105e3bece63b0b534d1f245fa6c83,143,512,false,399,false
math:HuggingFaceH4/MATH-500:test:84,math500,4,test,baseline_pass4,c6de7ded439779413b40c56e3a80703fcb406c39abf3fcff7b31d92f033f2dff,156,512,false,412,false
math:HuggingFaceH4/MATH-500:test:84,math500,4,test,final_pass4,c6de7ded439779413b40c56e3a80703fcb406c39abf3fcff7b31d92f033f2dff,156,512,false,412,false
math:HuggingFaceH4/MATH-500:test:311,math500,4,test,baseline_pass4,783182d599ba9c71c5c1ebce57aa7179e7d00d6e874d1c42b97a309ffc82b123,175,512,false,431,false
math:HuggingFaceH4/MATH-500:test:311,math500,4,test,final_pass4,783182d599ba9c71c5c1ebce57aa7179e7d00d6e874d1c42b97a309ffc82b123,175,512,false,431,false
math:HuggingFaceH4/MATH-500:test:170,math500,5,test,baseline_pass4,fdc64736f6d705dd8f56c092950e080c45e2ee4a58f7fa6063ee1b81af3ca711,144,512,false,400,false
math:HuggingFaceH4/MATH-500:test:170,math500,5,test,final_pass4,fdc64736f6d705dd8f56c092950e080c45e2ee4a58f7fa6063ee1b81af3ca711,144,512,false,400,false
math:HuggingFaceH4/MATH-500:test:24,math500,5,test,baseline_pass4,fae90b01b7ec87949f2701f6aba76fd505d8965cb8fc7395b700f29f66df98af,203,512,false,459,false
math:HuggingFaceH4/MATH-500:test:24,math500,5,test,final_pass4,fae90b01b7ec87949f2701f6aba76fd505d8965cb8fc7395b700f29f66df98af,203,512,false,459,false
math:HuggingFaceH4/MATH-500:test:313,math500,5,test,baseline_pass4,5b16eab5ba8455a06b2eaebb7ed3d823682c3db0790bfdc2a82a53eb93fc11ba,143,512,false,399,false
math:HuggingFaceH4/MATH-500:test:313,math500,5,test,final_pass4,5b16eab5ba8455a06b2eaebb7ed3d823682c3db0790bfdc2a82a53eb93fc11ba,143,512,false,399,false
math:HuggingFaceH4/MATH-500:test:52,math500,5,test,baseline_pass4,5f6b573ecc3b0062929cee3d70c580b5f05d32ffcbc029ff399be905202bd0db,130,512,false,386,false
math:HuggingFaceH4/MATH-500:test:52,math500,5,test,final_pass4,5f6b573ecc3b0062929cee3d70c580b5f05d32ffcbc029ff399be905202bd0db,130,512,false,386,false
math:HuggingFaceH4/MATH-500:test:391,math500,5,test,baseline_pass4,47a7918a82aee4df816c62570b9256b8401e25aa37c30107210be815a217d15e,186,512,false,442,false
math:HuggingFaceH4/MATH-500:test:391,math500,5,test,final_pass4,47a7918a82aee4df816c62570b9256b8401e25aa37c30107210be815a217d15e,186,512,false,442,false
math:HuggingFaceH4/MATH-500:test:448,math500,5,test,baseline_pass4,8975afd02fa5b3c53d9bf028903e36f20fd5f28a8bd62b4ef07acafed205b130,154,512,false,410,false
math:HuggingFaceH4/MATH-500:test:448,math500,5,test,final_pass4,8975afd02fa5b3c53d9bf028903e36f20fd5f28a8bd62b4ef07acafed205b130,154,512,false,410,false
math:HuggingFaceH4/MATH-500:test:434,math500,5,test,baseline_pass4,e3557717ed2872b04bc207d12e0f484d94637903c558a948c9e71aa34ac27d69,136,512,false,392,false
math:HuggingFaceH4/MATH-500:test:434,math500,5,test,final_pass4,e3557717ed2872b04bc207d12e0f484d94637903c558a948c9e71aa34ac27d69,136,512,false,392,false
math:HuggingFaceH4/MATH-500:test:371,math500,5,test,baseline_pass4,2379caedb6cf0af93bf74074b8fe010e7f3652011b37878922a41e71ae38082c,165,512,false,421,false
math:HuggingFaceH4/MATH-500:test:371,math500,5,test,final_pass4,2379caedb6cf0af93bf74074b8fe010e7f3652011b37878922a41e71ae38082c,165,512,false,421,false
math:HuggingFaceH4/MATH-500:test:163,math500,5,test,baseline_pass4,0d942c6584d3015b050f364d9a0453953c24c18af880e6930825d76d9566dcb8,171,512,false,427,false
math:HuggingFaceH4/MATH-500:test:163,math500,5,test,final_pass4,0d942c6584d3015b050f364d9a0453953c24c18af880e6930825d76d9566dcb8,171,512,false,427,false
math:HuggingFaceH4/MATH-500:test:482,math500,5,test,baseline_pass4,647c29ff360f11a0b70a805e2bb6e60674f2ad78e5ea6311f10ebd2d6a03819b,154,512,false,410,false
math:HuggingFaceH4/MATH-500:test:482,math500,5,test,final_pass4,647c29ff360f11a0b70a805e2bb6e60674f2ad78e5ea6311f10ebd2d6a03819b,154,512,false,410,false
