timestamp,gpu_memory_used_mb,gpu_utilization_pct,power_draw_w,temperature_c,process_rss_mb,elapsed_seconds
2026-07-19T13:18:02.471074+00:00,4.0,0.0,49.52,34.0,551.15625,0.31955767050385475
2026-07-19T13:18:02.827103+00:00,4.0,0.0,49.51,34.0,599.9140625,0.6755838952958584
2026-07-19T13:18:03.213106+00:00,4.0,0.0,49.58,34.0,614.890625,1.0615888014435768
2026-07-19T13:18:03.571533+00:00,4.0,0.0,49.53,34.0,621.3046875,1.420016884803772
2026-07-19T13:18:04.030191+00:00,4.0,0.0,49.53,34.0,656.86328125,1.8786745853722095
2026-07-19T13:18:04.364076+00:00,4.0,0.0,49.5,34.0,660.06640625,2.2125598676502705
2026-07-19T13:18:04.725437+00:00,4.0,0.0,49.48,34.0,722.3515625,2.5739208832383156
2026-07-19T13:18:05.068591+00:00,4.0,0.0,49.47,34.0,745.90625,2.9170758686959743
2026-07-19T13:18:05.446975+00:00,4.0,0.0,49.51,34.0,763.61328125,3.2954586520791054
2026-07-19T13:18:05.989579+00:00,4.0,0.0,49.55,34.0,844.7421875,3.838063422590494
2026-07-19T13:18:06.319079+00:00,4.0,0.0,49.57,34.0,861.82421875,4.167563296854496
2026-07-19T13:18:06.725966+00:00,,,,,978.578125,4.574450433254242
2026-07-19T13:18:07.074993+00:00,1397.0,8.0,64.8,35.0,1889.08984375,4.923478201031685
2026-07-19T13:18:07.425630+00:00,2549.0,8.0,75.28,36.0,2950.1015625,5.274106338620186
2026-07-19T13:18:07.875392+00:00,3597.0,8.0,79.56,36.0,968.91796875,5.723877165466547
2026-07-19T13:18:08.225846+00:00,4861.0,8.0,79.64,36.0,2191.48046875,6.074328787624836
2026-07-19T13:18:08.573409+00:00,6155.0,9.0,79.78,36.0,3376.85546875,6.421892140060663
2026-07-19T13:18:09.097710+00:00,6811.0,0.0,79.78,36.0,1010.90625,6.946193691343069
2026-07-19T13:18:09.447771+00:00,6911.0,0.0,79.74,37.0,1363.5546875,7.296256378293037
2026-07-19T13:18:09.792072+00:00,6981.0,18.0,82.71,37.0,1672.0703125,7.640556782484055
2026-07-19T13:18:10.145770+00:00,6983.0,33.0,86.53,37.0,1770.0234375,7.994245879352093
2026-07-19T13:18:10.475316+00:00,7005.0,35.0,91.9,37.0,1770.67578125,8.323801524937153
2026-07-19T13:18:10.824200+00:00,7025.0,34.0,94.4,38.0,1770.796875,8.672684255987406
2026-07-19T13:18:11.178366+00:00,7065.0,34.0,96.49,38.0,1770.828125,9.026850987225771
2026-07-19T13:18:11.478399+00:00,7085.0,34.0,96.73,38.0,1771.4609375,9.326882634311914
2026-07-19T13:18:11.820705+00:00,7109.0,34.0,97.04,38.0,1771.47265625,9.669189248234034
2026-07-19T13:18:12.173851+00:00,7129.0,35.0,97.38,38.0,1771.4765625,10.022335283458233
2026-07-19T13:18:12.525249+00:00,7149.0,34.0,97.43,38.0,1771.49609375,10.373720824718475
2026-07-19T13:18:12.878226+00:00,7169.0,35.0,97.59,39.0,1771.49609375,10.726708974689245
2026-07-19T13:18:13.228018+00:00,7209.0,34.0,97.55,39.0,1771.5234375,11.076503235846758
2026-07-19T13:18:13.580133+00:00,7249.0,33.0,97.58,39.0,1771.5234375,11.42861433327198
2026-07-19T13:18:13.909866+00:00,7269.0,33.0,97.45,39.0,1771.6875,11.758350756019354
2026-07-19T13:18:14.264687+00:00,7289.0,35.0,97.5,39.0,1771.69921875,12.113171260803938
2026-07-19T13:18:14.617859+00:00,7309.0,33.0,96.94,39.0,1771.69921875,12.466344702988863
2026-07-19T13:18:14.946341+00:00,7329.0,35.0,97.32,39.0,1771.7109375,12.794825237244368
2026-07-19T13:18:15.301522+00:00,7369.0,35.0,97.64,39.0,1771.7265625,13.150006387382746
2026-07-19T13:18:15.650959+00:00,7389.0,34.0,98.51,39.0,1771.7265625,13.499443598091602
2026-07-19T13:18:16.000242+00:00,7409.0,34.0,98.63,40.0,1771.75390625,13.84872705116868
2026-07-19T13:18:16.351605+00:00,7429.0,35.0,98.19,40.0,1772.08203125,14.200088772922754
2026-07-19T13:18:16.677199+00:00,7451.0,35.0,98.32,40.0,1772.08984375,14.525683738291264
2026-07-19T13:18:17.031757+00:00,7487.0,35.0,98.31,40.0,1772.09765625,14.880241993814707
2026-07-19T13:18:17.386704+00:00,7527.0,36.0,99.17,40.0,1772.09765625,15.2351876758039
2026-07-19T13:18:17.739659+00:00,7547.0,34.0,99.34,40.0,1772.125,15.588143587112427
2026-07-19T13:18:18.096760+00:00,7567.0,35.0,99.7,40.0,1772.125,15.945245008915663
2026-07-19T13:18:18.453417+00:00,8089.0,34.0,100.7,40.0,1772.3125,16.301901903003454
2026-07-19T13:18:18.801694+00:00,8089.0,34.0,99.93,40.0,1772.32421875,16.650178130716085
2026-07-19T13:18:19.153139+00:00,8089.0,34.0,99.28,40.0,1772.33203125,17.001618307083845
2026-07-19T13:18:19.505629+00:00,8089.0,35.0,97.2,40.0,1772.36328125,17.35411348193884
2026-07-19T13:18:19.858477+00:00,8089.0,35.0,97.48,40.0,1772.36328125,17.706961680203676
2026-07-19T13:18:20.205362+00:00,8089.0,35.0,97.49,40.0,1772.36328125,18.053836565464735
2026-07-19T13:18:20.553507+00:00,8089.0,34.0,97.51,40.0,1772.3828125,18.401991240680218
2026-07-19T13:18:20.910333+00:00,8089.0,35.0,97.63,40.0,1772.3828125,18.75881764292717
2026-07-19T13:18:21.267805+00:00,8287.0,35.0,99.15,41.0,1772.421875,19.11629083752632
2026-07-19T13:18:21.597569+00:00,8287.0,35.0,100.49,41.0,1772.42578125,19.446050956845284
2026-07-19T13:18:21.944032+00:00,8287.0,34.0,100.33,41.0,1772.4296875,19.792517241090536
2026-07-19T13:18:22.297553+00:00,8287.0,34.0,98.05,41.0,1772.4375,20.146029707044363
2026-07-19T13:18:22.649208+00:00,8287.0,34.0,97.76,41.0,1772.4375,20.497690837830305
2026-07-19T13:18:22.957670+00:00,8287.0,34.0,97.8,41.0,1772.44140625,20.806153666228056
2026-07-19T13:18:23.309217+00:00,8287.0,35.0,97.55,41.0,1772.453125,21.15770162642002
2026-07-19T13:18:23.660195+00:00,8287.0,34.0,97.58,41.0,1772.453125,21.508679587394
2026-07-19T13:18:24.014390+00:00,8287.0,35.0,97.44,41.0,1772.46875,21.86287384107709
2026-07-19T13:18:24.367324+00:00,8287.0,35.0,97.59,41.0,1772.46875,22.215809401124716
2026-07-19T13:18:24.695236+00:00,8503.0,34.0,100.01,41.0,1772.46875,22.543721333146095
2026-07-19T13:18:25.044364+00:00,8503.0,34.0,100.37,41.0,1772.46875,22.892849314957857
2026-07-19T13:18:25.392333+00:00,8503.0,35.0,100.46,41.0,1772.46875,23.240817427635193
2026-07-19T13:18:25.734441+00:00,8503.0,36.0,98.11,41.0,1772.4921875,23.5829256772995
2026-07-19T13:18:26.085568+00:00,8503.0,35.0,98.17,41.0,1772.4921875,23.934053365141153
2026-07-19T13:18:26.414159+00:00,8503.0,37.0,98.27,41.0,1772.49609375,24.26263553276658
2026-07-19T13:18:26.743699+00:00,8503.0,35.0,98.39,41.0,1772.51953125,24.592183835804462
2026-07-19T13:18:27.098006+00:00,8503.0,35.0,98.48,41.0,1772.51953125,24.946490831673145
2026-07-19T13:18:27.427916+00:00,8503.0,35.0,98.51,41.0,1772.52734375,25.27640062198043
2026-07-19T13:18:27.774231+00:00,8503.0,35.0,98.87,41.0,1772.5390625,25.62271700426936
2026-07-19T13:18:28.125496+00:00,8503.0,36.0,98.91,41.0,1772.54296875,25.97398153692484
2026-07-19T13:18:28.480583+00:00,8503.0,36.0,99.01,41.0,1772.56640625,26.329067651182413
2026-07-19T13:18:28.835029+00:00,8503.0,35.0,98.98,41.0,1772.56640625,26.683510940521955
2026-07-19T13:18:29.186139+00:00,8503.0,35.0,99.15,41.0,1772.59765625,27.034623224288225
2026-07-19T13:18:29.532984+00:00,8503.0,35.0,99.39,41.0,1772.59765625,27.381469011306763
2026-07-19T13:18:29.888654+00:00,8503.0,36.0,99.43,41.0,1772.60546875,27.73713893070817
2026-07-19T13:18:30.242003+00:00,8503.0,35.0,99.42,41.0,1772.6171875,28.09047721326351
2026-07-19T13:18:30.594083+00:00,8503.0,36.0,99.51,41.0,1772.62109375,28.44256790727377
2026-07-19T13:18:30.945964+00:00,8503.0,36.0,99.68,41.0,1772.6328125,28.79444844275713
2026-07-19T13:18:31.299984+00:00,8503.0,35.0,99.9,42.0,1772.6328125,29.148468997329473
2026-07-19T13:18:31.608431+00:00,8503.0,36.0,100.16,42.0,1772.63671875,29.456915505230427
2026-07-19T13:18:31.959209+00:00,8503.0,35.0,100.29,42.0,1772.65234375,29.807689491659403
2026-07-19T13:18:32.314111+00:00,8503.0,36.0,100.33,42.0,1772.65625,30.162595979869366
2026-07-19T13:18:32.666378+00:00,8503.0,36.0,100.27,42.0,1772.671875,30.514863211661577
2026-07-19T13:18:33.017012+00:00,8523.0,35.0,100.12,42.0,1772.69921875,30.865497786551714
2026-07-19T13:18:33.345782+00:00,9167.0,34.0,100.7,42.0,1788.76953125,31.194266948848963
2026-07-19T13:18:33.706386+00:00,9475.0,65.0,140.21,46.0,1796.5859375,31.554870899766684
2026-07-19T13:18:34.270332+00:00,9167.0,1.0,148.51,43.0,1796.99609375,32.11881644278765
2026-07-19T13:18:34.622750+00:00,25017.0,26.0,133.69,44.0,1864.30859375,32.47123533859849
2026-07-19T13:18:34.976124+00:00,25601.0,80.0,162.07,48.0,1869.61328125,32.82460819557309
2026-07-19T13:18:35.324433+00:00,25601.0,75.0,214.43,49.0,1880.5390625,33.17291908711195
2026-07-19T13:18:35.638576+00:00,9439.0,8.0,197.36,46.0,1881.22265625,33.48705914989114
2026-07-19T13:18:35.967082+00:00,9453.0,34.0,153.2,45.0,1881.265625,33.81556534022093
2026-07-19T13:18:36.320446+00:00,9453.0,34.0,101.89,45.0,1881.265625,34.168927513062954
2026-07-19T13:18:36.653106+00:00,9453.0,34.0,100.8,44.0,1881.265625,34.50158929079771
2026-07-19T13:18:36.961947+00:00,9473.0,35.0,98.81,44.0,1881.265625,34.81043308600783
2026-07-19T13:18:37.308949+00:00,9493.0,34.0,98.65,44.0,1881.265625,35.157434836030006
2026-07-19T13:18:37.615030+00:00,9523.0,35.0,98.53,44.0,1881.265625,35.46351542696357
2026-07-19T13:18:37.942600+00:00,9543.0,34.0,98.28,44.0,1881.265625,35.791085943579674
2026-07-19T13:18:38.250666+00:00,9563.0,34.0,98.18,44.0,1881.265625,36.09915181994438
2026-07-19T13:18:38.578138+00:00,9585.0,33.0,98.45,43.0,1881.265625,36.42662352696061
2026-07-19T13:18:38.908562+00:00,9605.0,36.0,98.45,43.0,1881.265625,36.75704339891672
2026-07-19T13:18:39.262522+00:00,9645.0,35.0,98.61,43.0,1881.265625,37.11100595071912
2026-07-19T13:18:39.601477+00:00,9665.0,35.0,98.43,43.0,1881.265625,37.449962101876736
2026-07-19T13:18:39.954542+00:00,9685.0,29.0,98.27,43.0,1881.265625,37.80300805717707
2026-07-19T13:18:40.307785+00:00,9705.0,32.0,98.64,43.0,1881.265625,38.1562705039978
2026-07-19T13:18:40.659536+00:00,9727.0,35.0,99.01,43.0,1881.265625,38.50801829248667
2026-07-19T13:18:40.988496+00:00,9763.0,36.0,99.2,43.0,1881.265625,38.836979277431965
2026-07-19T13:18:41.341023+00:00,9803.0,35.0,99.18,43.0,1881.265625,39.18950732052326
2026-07-19T13:18:41.648969+00:00,9823.0,30.0,98.69,43.0,1881.265625,39.497453194111586
2026-07-19T13:18:42.001406+00:00,9843.0,36.0,98.25,43.0,1881.265625,39.8498894572258
2026-07-19T13:18:42.308998+00:00,9863.0,36.0,98.31,43.0,1881.265625,40.1574811860919
2026-07-19T13:18:42.662488+00:00,9883.0,34.0,98.92,43.0,1881.265625,40.51097247004509
2026-07-19T13:18:43.016285+00:00,10333.0,35.0,102.51,43.0,1881.265625,40.86476722359657
2026-07-19T13:18:43.345639+00:00,10333.0,34.0,101.89,43.0,1881.29296875,41.194124173372984
2026-07-19T13:18:43.701105+00:00,10333.0,31.0,101.43,43.0,1881.29296875,41.549588806927204
2026-07-19T13:18:44.052200+00:00,10333.0,35.0,97.81,43.0,1881.29296875,41.900682616978884
2026-07-19T13:18:44.404198+00:00,10333.0,35.0,97.9,43.0,1881.29296875,42.2526819370687
2026-07-19T13:18:44.759700+00:00,10333.0,34.0,98.07,43.0,1881.296875,42.60817118734121
2026-07-19T13:18:45.086084+00:00,10333.0,34.0,98.0,43.0,1881.296875,42.93455882370472
2026-07-19T13:18:45.443863+00:00,10333.0,35.0,98.17,43.0,1881.3046875,43.29234807565808
2026-07-19T13:18:45.796600+00:00,10333.0,34.0,98.33,43.0,1881.3046875,43.6450858078897
2026-07-19T13:18:46.145221+00:00,10333.0,34.0,98.38,43.0,1881.32421875,43.99370609968901
2026-07-19T13:18:46.488818+00:00,10333.0,36.0,98.43,43.0,1881.32421875,44.33730289340019
2026-07-19T13:18:46.842157+00:00,10333.0,34.0,98.44,43.0,1881.328125,44.690639559179544
2026-07-19T13:18:47.196743+00:00,10333.0,35.0,98.57,43.0,1881.3359375,45.04521809890866
2026-07-19T13:18:47.545130+00:00,10333.0,35.0,98.81,43.0,1881.3359375,45.393615916371346
2026-07-19T13:18:47.897852+00:00,10333.0,34.0,98.94,43.0,1881.36328125,45.7463366240263
2026-07-19T13:18:48.248144+00:00,10333.0,35.0,99.18,43.0,1881.36328125,46.09662972018123
2026-07-19T13:18:48.601234+00:00,10691.0,37.0,102.3,43.0,1881.36328125,46.44971865043044
2026-07-19T13:18:48.948816+00:00,10691.0,35.0,102.0,43.0,1881.37109375,46.79730140417814
2026-07-19T13:18:49.300396+00:00,10691.0,35.0,101.56,43.0,1881.37109375,47.14888148754835
2026-07-19T13:18:49.629714+00:00,10691.0,35.0,98.24,43.0,1881.39453125,47.47819862887263
2026-07-19T13:18:49.980577+00:00,10691.0,35.0,98.1,43.0,1881.39453125,47.82906059920788
2026-07-19T13:18:50.290988+00:00,10691.0,36.0,97.91,43.0,1881.40234375,48.13947331160307
2026-07-19T13:18:50.620275+00:00,10691.0,35.0,97.84,43.0,1881.4140625,48.468759924173355
2026-07-19T13:18:50.949848+00:00,10691.0,35.0,98.21,43.0,1881.4140625,48.79833198711276
2026-07-19T13:18:51.276807+00:00,10691.0,36.0,98.52,43.0,1881.42578125,49.125291008502245
2026-07-19T13:18:51.632417+00:00,10691.0,36.0,98.46,43.0,1881.43359375,49.480901427567005
2026-07-19T13:18:51.981383+00:00,10691.0,35.0,98.45,43.0,1881.43359375,49.82986784726381
2026-07-19T13:18:52.333728+00:00,10691.0,35.0,98.63,43.0,1881.44140625,50.1822120770812
2026-07-19T13:18:52.681174+00:00,10691.0,35.0,98.68,43.0,1881.44140625,50.52965869382024
2026-07-19T13:18:53.033450+00:00,10691.0,35.0,98.58,43.0,1881.44921875,50.88193294405937
2026-07-19T13:18:53.392509+00:00,10691.0,35.0,98.45,43.0,1881.4609375,51.24099175632
2026-07-19T13:18:53.751007+00:00,10691.0,34.0,98.81,43.0,1881.46484375,51.5994916446507
2026-07-19T13:18:54.103875+00:00,10691.0,35.0,99.25,43.0,1881.47265625,51.952359952032566
2026-07-19T13:18:54.449477+00:00,10691.0,34.0,99.36,43.0,1881.47265625,52.29796117916703
2026-07-19T13:18:54.801324+00:00,10691.0,34.0,99.52,43.0,1881.47265625,52.649809278547764
2026-07-19T13:18:55.124500+00:00,11117.0,36.0,102.8,43.0,1881.484375,52.972983956336975
2026-07-19T13:18:55.479562+00:00,11117.0,35.0,102.46,43.0,1881.484375,53.32804297655821
2026-07-19T13:18:55.804430+00:00,11117.0,35.0,101.86,43.0,1881.484375,53.65291525050998
2026-07-19T13:18:56.112749+00:00,11117.0,35.0,98.1,43.0,1881.484375,53.961233880370855
2026-07-19T13:18:56.468599+00:00,11117.0,35.0,98.28,43.0,1881.48828125,54.317083943635225
2026-07-19T13:18:56.795705+00:00,11117.0,36.0,98.28,43.0,1881.5,54.6441884636879
2026-07-19T13:18:57.155148+00:00,11117.0,35.0,98.21,43.0,1881.5,55.00363077968359
2026-07-19T13:18:57.508962+00:00,11117.0,35.0,98.14,43.0,1881.515625,55.357444919645786
2026-07-19T13:18:57.862456+00:00,11117.0,35.0,98.41,43.0,1881.515625,55.71093836426735
2026-07-19T13:18:58.218782+00:00,11117.0,34.0,98.29,43.0,1881.56640625,56.067260056734085
2026-07-19T13:18:58.571624+00:00,11117.0,31.0,97.46,43.0,1881.5703125,56.42010893300176
2026-07-19T13:18:58.925920+00:00,8985.0,35.0,97.56,43.0,1881.59375,56.77440104261041
2026-07-19T13:18:59.279264+00:00,9069.0,54.0,137.73,46.0,1882.24609375,57.12774869799614
2026-07-19T13:18:59.603464+00:00,10201.0,0.0,146.39,45.0,1882.37890625,57.45194859802723
2026-07-19T13:18:59.935162+00:00,23439.0,71.0,175.91,47.0,1883.62890625,57.783648036420345
2026-07-19T13:19:00.292717+00:00,24373.0,53.0,174.94,49.0,1885.32421875,58.14120218530297
2026-07-19T13:19:00.622226+00:00,24213.0,70.0,210.98,50.0,1885.8203125,58.470711667090654
2026-07-19T13:19:00.972599+00:00,8987.0,10.0,178.18,48.0,1886.1640625,58.821083683520555
2026-07-19T13:19:01.324574+00:00,8989.0,33.0,140.65,46.0,1886.1640625,59.17306025326252
2026-07-19T13:19:01.677945+00:00,8991.0,33.0,98.94,46.0,1886.1640625,59.52642875537276
2026-07-19T13:19:02.035767+00:00,8993.0,34.0,99.73,45.0,1886.1640625,59.8842498883605
2026-07-19T13:19:02.391674+00:00,9013.0,34.0,99.41,45.0,1886.1640625,60.24015750735998
2026-07-19T13:19:02.744829+00:00,9033.0,34.0,99.6,45.0,1886.1640625,60.59331410005689
2026-07-19T13:19:03.105358+00:00,9077.0,34.0,99.24,45.0,1886.1640625,60.953843142837286
2026-07-19T13:19:03.453355+00:00,9099.0,33.0,99.24,45.0,1886.1640625,61.30184009298682
2026-07-19T13:19:03.809003+00:00,9119.0,32.0,98.89,45.0,1886.171875,61.657485228031874
2026-07-19T13:19:04.137570+00:00,9139.0,33.0,98.99,44.0,1886.171875,61.98604631051421
2026-07-19T13:19:04.486925+00:00,9159.0,34.0,99.2,44.0,1886.171875,62.33540956303477
2026-07-19T13:19:04.841571+00:00,9191.0,34.0,99.46,44.0,1886.171875,62.6900539547205
2026-07-19T13:19:05.194047+00:00,9231.0,34.0,99.56,44.0,1886.171875,63.04253130033612
2026-07-19T13:19:05.546702+00:00,9503.0,35.0,102.6,44.0,1886.171875,63.39518489316106
2026-07-19T13:19:05.902792+00:00,9503.0,34.0,102.37,44.0,1886.171875,63.75127699226141
2026-07-19T13:19:06.257507+00:00,9503.0,34.0,101.73,44.0,1886.171875,64.10599179193377
2026-07-19T13:19:06.609267+00:00,9503.0,34.0,98.92,44.0,1886.171875,64.4577506184578
2026-07-19T13:19:06.960754+00:00,9503.0,34.0,98.79,44.0,1886.171875,64.80923875421286
2026-07-19T13:19:07.316033+00:00,9503.0,34.0,99.12,44.0,1886.171875,65.1645172983408
2026-07-19T13:19:07.664722+00:00,9503.0,34.0,99.13,44.0,1886.171875,65.51320503652096
2026-07-19T13:19:08.017794+00:00,9503.0,35.0,99.44,44.0,1886.171875,65.86627709493041
2026-07-19T13:19:08.379494+00:00,9503.0,34.0,99.0,44.0,1886.171875,66.22797544673085
2026-07-19T13:19:08.735673+00:00,9717.0,39.0,101.39,44.0,1886.171875,66.58415587991476
2026-07-19T13:19:09.088957+00:00,9717.0,36.0,101.12,44.0,1886.171875,66.93744229525328
2026-07-19T13:19:09.445852+00:00,9717.0,32.0,101.3,44.0,1886.171875,67.29433628544211
2026-07-19T13:19:09.799889+00:00,9717.0,34.0,98.75,44.0,1886.171875,67.64837408810854
2026-07-19T13:19:10.106153+00:00,9717.0,33.0,98.79,44.0,1886.171875,67.95463810116053
2026-07-19T13:19:10.462545+00:00,9717.0,35.0,98.8,44.0,1886.171875,68.31103027611971
2026-07-19T13:19:10.809801+00:00,9717.0,34.0,98.68,44.0,1886.171875,68.65828494727612
2026-07-19T13:19:11.165973+00:00,9717.0,33.0,98.76,44.0,1886.171875,69.01445685327053
2026-07-19T13:19:11.518685+00:00,9717.0,35.0,98.6,44.0,1886.171875,69.36716938763857
2026-07-19T13:19:11.868989+00:00,9717.0,33.0,98.61,44.0,1886.171875,69.71747483685613
2026-07-19T13:19:12.221816+00:00,9717.0,34.0,98.86,44.0,1886.171875,70.07030050829053
2026-07-19T13:19:12.549704+00:00,9717.0,34.0,99.22,44.0,1886.171875,70.3981883302331
2026-07-19T13:19:12.877879+00:00,9717.0,34.0,99.19,44.0,1886.171875,70.72636420279741
2026-07-19T13:19:13.183501+00:00,9717.0,35.0,99.16,44.0,1886.171875,71.03198674693704
2026-07-19T13:19:13.538782+00:00,9757.0,35.0,98.43,44.0,1886.171875,71.38726617395878
2026-07-19T13:19:13.870750+00:00,9777.0,34.0,98.42,44.0,1886.171875,71.71923389658332
2026-07-19T13:19:14.225812+00:00,9797.0,35.0,98.89,44.0,1886.171875,72.07429745048285
2026-07-19T13:19:14.575394+00:00,9817.0,34.0,99.72,44.0,1886.171875,72.42387920618057
2026-07-19T13:19:14.926321+00:00,9837.0,34.0,99.93,44.0,1886.171875,72.7748055793345
2026-07-19T13:19:15.255198+00:00,9859.0,34.0,99.93,44.0,1886.171875,73.10368137434125
2026-07-19T13:19:15.578978+00:00,9881.0,33.0,99.85,44.0,1886.171875,73.42746233195066
2026-07-19T13:19:15.932508+00:00,9935.0,34.0,99.99,44.0,1886.171875,73.78099205344915
2026-07-19T13:19:16.281699+00:00,9955.0,34.0,100.1,44.0,1886.171875,74.13018338382244
2026-07-19T13:19:16.613410+00:00,9975.0,35.0,100.38,44.0,1886.171875,74.46189413964748
2026-07-19T13:19:16.961688+00:00,9995.0,35.0,100.68,44.0,1886.17578125,74.81017287448049
2026-07-19T13:19:17.314966+00:00,10015.0,34.0,100.73,44.0,1886.17578125,75.16345026344061
2026-07-19T13:19:17.669495+00:00,10057.0,34.0,100.79,44.0,1886.17578125,75.51798084005713
2026-07-19T13:19:18.022172+00:00,10077.0,35.0,100.41,44.0,1886.1796875,75.87065747752786
2026-07-19T13:19:18.306440+00:00,10671.0,39.0,103.09,44.0,1886.1796875,76.15492488443851
2026-07-19T13:19:18.658150+00:00,10671.0,32.0,102.15,44.0,1886.1796875,76.50663508102298
2026-07-19T13:19:18.987801+00:00,10671.0,34.0,101.44,44.0,1886.1796875,76.83628583699465
2026-07-19T13:19:19.337403+00:00,10671.0,34.0,98.25,44.0,1886.1796875,77.18588750809431
2026-07-19T13:19:19.685180+00:00,10671.0,34.0,98.52,44.0,1886.1875,77.53366512432694
2026-07-19T13:19:20.045251+00:00,10671.0,34.0,98.85,44.0,1886.1875,77.8937360830605
2026-07-19T13:19:20.355470+00:00,10671.0,33.0,98.92,44.0,1886.1875,78.20395413786173
2026-07-19T13:19:20.706648+00:00,10671.0,33.0,98.94,44.0,1886.1875,78.55513297021389
2026-07-19T13:19:21.057457+00:00,10671.0,33.0,99.07,44.0,1886.1875,78.90594190731645
2026-07-19T13:19:21.413797+00:00,9679.0,46.0,113.2,46.0,1886.30859375,79.26227845996618
2026-07-19T13:19:21.930157+00:00,12383.0,0.0,148.95,46.0,1886.30859375,79.7786413282156
2026-07-19T13:19:22.284845+00:00,25723.0,69.0,183.57,49.0,1886.89453125,80.13332915306091
2026-07-19T13:19:22.641166+00:00,26321.0,85.0,181.84,50.0,1887.05859375,80.48965156450868
2026-07-19T13:19:22.952900+00:00,9561.0,73.0,211.38,49.0,1887.3125,80.80138554796576
2026-07-19T13:19:23.305865+00:00,9563.0,27.0,175.16,48.0,1887.82421875,81.15434883534908
2026-07-19T13:19:23.654571+00:00,9565.0,32.0,132.68,47.0,1887.82421875,81.5030552111566
2026-07-19T13:19:23.998002+00:00,9567.0,34.0,98.92,46.0,1887.82421875,81.84648533165455
2026-07-19T13:19:24.350444+00:00,9567.0,33.0,99.0,46.0,1887.82421875,82.19892865419388
2026-07-19T13:19:24.684441+00:00,9587.0,34.0,98.81,46.0,1887.82421875,82.53290825337172
2026-07-19T13:19:25.041756+00:00,9611.0,34.0,98.97,45.0,1887.82421875,82.89023909345269
2026-07-19T13:19:25.397879+00:00,9651.0,33.0,98.38,45.0,1887.82421875,83.24636425822973
2026-07-19T13:19:25.749984+00:00,9673.0,33.0,98.57,45.0,1887.82421875,83.598468195647
2026-07-19T13:19:26.105318+00:00,9693.0,30.0,98.53,45.0,1887.82421875,83.95380244776607
2026-07-19T13:19:26.417190+00:00,9713.0,34.0,98.71,45.0,1887.82421875,84.26567376405
2026-07-19T13:19:26.740306+00:00,9735.0,32.0,98.54,45.0,1887.82421875,84.58879130706191
2026-07-19T13:19:27.069951+00:00,9765.0,33.0,98.39,45.0,1887.82421875,84.91843621060252
2026-07-19T13:19:27.418181+00:00,9785.0,35.0,98.44,45.0,1887.82421875,85.26666554808617
2026-07-19T13:19:27.770988+00:00,9805.0,35.0,98.64,45.0,1887.82421875,85.61947298422456
2026-07-19T13:19:28.126672+00:00,9845.0,34.0,98.57,45.0,1887.82421875,85.97515698894858
2026-07-19T13:19:28.442903+00:00,9865.0,34.0,98.67,44.0,1887.82421875,86.29138548672199
2026-07-19T13:19:28.749031+00:00,9885.0,33.0,98.48,44.0,1887.82421875,86.59751512855291
2026-07-19T13:19:29.055340+00:00,9905.0,35.0,98.99,44.0,1887.82421875,86.90382497385144
2026-07-19T13:19:29.340479+00:00,9925.0,35.0,99.21,44.0,1887.82421875,87.1889637671411
2026-07-19T13:19:29.692461+00:00,9945.0,35.0,99.46,44.0,1887.82421875,87.54094593971968
2026-07-19T13:19:30.021694+00:00,9969.0,36.0,99.4,44.0,1887.82421875,87.8701788932085
2026-07-19T13:19:30.370038+00:00,10443.0,39.0,101.39,44.0,1887.82421875,88.21852254122496
2026-07-19T13:19:30.720954+00:00,10443.0,36.0,100.96,44.0,1887.82421875,88.56943866610527
2026-07-19T13:19:31.073062+00:00,10443.0,33.0,100.45,44.0,1887.82421875,88.92154683917761
2026-07-19T13:19:31.395218+00:00,10443.0,33.0,97.83,44.0,1887.82421875,89.24369591474533
2026-07-19T13:19:31.725398+00:00,10443.0,35.0,97.58,44.0,1887.82421875,89.57388140261173
2026-07-19T13:19:32.078590+00:00,10443.0,34.0,97.72,44.0,1887.82421875,89.92707547917962
2026-07-19T13:19:32.409995+00:00,10443.0,34.0,97.79,44.0,1887.82421875,90.25848031789064
2026-07-19T13:19:32.765072+00:00,10443.0,34.0,97.3,44.0,1887.82421875,90.61355707421899
2026-07-19T13:19:33.117583+00:00,10609.0,34.0,99.65,44.0,1887.82421875,90.96606830880046
2026-07-19T13:19:33.471163+00:00,10609.0,32.0,100.05,44.0,1887.82421875,91.31964711472392
2026-07-19T13:19:33.804230+00:00,10609.0,33.0,100.44,44.0,1887.82421875,91.65271412208676
2026-07-19T13:19:34.125674+00:00,10609.0,35.0,98.04,44.0,1887.82421875,91.97415863722563
2026-07-19T13:19:34.478617+00:00,10609.0,34.0,97.86,44.0,1887.82421875,92.32710316032171
2026-07-19T13:19:34.833829+00:00,10609.0,34.0,97.78,44.0,1887.82421875,92.68231477215886
2026-07-19T13:19:35.188340+00:00,10609.0,33.0,97.77,44.0,1887.82421875,93.03682488948107
2026-07-19T13:19:35.547623+00:00,10609.0,32.0,97.82,44.0,1887.82421875,93.3961077556014
2026-07-19T13:19:35.899256+00:00,10609.0,33.0,97.1,44.0,1887.828125,93.74774120748043
2026-07-19T13:19:36.250949+00:00,10609.0,30.0,96.88,44.0,1887.828125,94.09943287447095
2026-07-19T13:19:36.611769+00:00,10609.0,35.0,96.78,44.0,1887.828125,94.46025347709656
2026-07-19T13:19:37.001811+00:00,10609.0,35.0,97.43,44.0,1887.828125,94.85029613599181
2026-07-19T13:19:37.355443+00:00,10609.0,34.0,98.33,44.0,1887.828125,95.2039274610579
2026-07-19T13:19:37.711505+00:00,10885.0,33.0,100.9,44.0,1887.828125,95.55998920276761
2026-07-19T13:19:38.022394+00:00,10885.0,29.0,100.22,44.0,1887.828125,95.87087862938643
2026-07-19T13:19:38.371970+00:00,10885.0,34.0,99.71,44.0,1887.828125,96.22045470774174
2026-07-19T13:19:38.729784+00:00,10885.0,34.0,97.17,44.0,1887.828125,96.57826827466488
2026-07-19T13:19:39.084976+00:00,10885.0,34.0,97.87,44.0,1887.828125,96.93346063792706
2026-07-19T13:19:39.418811+00:00,10885.0,34.0,98.0,44.0,1887.828125,97.26729482412338
2026-07-19T13:19:39.765075+00:00,10885.0,33.0,97.84,44.0,1887.828125,97.61355944722891
2026-07-19T13:19:40.055258+00:00,10885.0,34.0,97.79,44.0,1887.828125,97.9037417434156
2026-07-19T13:19:40.382304+00:00,10885.0,35.0,97.95,44.0,1887.828125,98.23078789934516
2026-07-19T13:19:40.737309+00:00,10885.0,35.0,98.17,44.0,1887.828125,98.58579303696752
2026-07-19T13:19:41.048355+00:00,10885.0,34.0,98.15,44.0,1887.828125,98.89683969691396
2026-07-19T13:19:41.400213+00:00,10885.0,35.0,98.26,44.0,1887.828125,99.24869840592146
2026-07-19T13:19:41.752395+00:00,10885.0,34.0,98.26,44.0,1887.828125,99.6008774638176
2026-07-19T13:19:42.097391+00:00,10885.0,35.0,98.51,44.0,1887.828125,99.94587425142527
2026-07-19T13:19:42.450548+00:00,8941.0,51.0,111.76,47.0,1887.84375,100.29903016239405
2026-07-19T13:19:42.974504+00:00,12891.0,14.0,139.68,46.0,1887.84765625,100.82298567518592
2026-07-19T13:19:43.336420+00:00,22293.0,68.0,165.82,47.0,1888.34375,101.18490344658494
2026-07-19T13:19:43.667966+00:00,23173.0,74.0,170.0,50.0,1888.50390625,101.51645106822252
2026-07-19T13:19:44.192717+00:00,8941.0,46.0,187.04,49.0,1889.3359375,102.04120108857751
2026-07-19T13:19:44.553117+00:00,8943.0,34.0,137.59,46.0,1889.55078125,102.40159833058715
2026-07-19T13:19:44.887141+00:00,8943.0,33.0,101.55,46.0,1889.55078125,102.73562214151025
2026-07-19T13:19:45.218257+00:00,8947.0,35.0,101.73,46.0,1889.55078125,103.06673781946301
2026-07-19T13:19:45.574625+00:00,8967.0,34.0,99.77,46.0,1889.55078125,103.42310647666454
2026-07-19T13:19:45.929767+00:00,8987.0,34.0,99.43,45.0,1889.55078125,103.77825053781271
2026-07-19T13:19:46.260811+00:00,9011.0,34.0,99.22,45.0,1889.55078125,104.10929465293884
2026-07-19T13:19:46.613353+00:00,9169.0,38.0,101.03,45.0,1889.55078125,104.46183559298515
2026-07-19T13:19:46.969233+00:00,9169.0,34.0,100.74,45.0,1889.55078125,104.81771557033062
2026-07-19T13:19:47.297572+00:00,9169.0,35.0,100.37,45.0,1889.55078125,105.14605632424355
2026-07-19T13:19:47.650108+00:00,9169.0,33.0,97.72,45.0,1889.55078125,105.49859145656228
2026-07-19T13:19:48.010239+00:00,9169.0,35.0,98.06,45.0,1889.55078125,105.85872238874435
2026-07-19T13:19:48.342334+00:00,9169.0,34.0,98.3,45.0,1889.55078125,106.19081960245967
2026-07-19T13:19:48.669672+00:00,9169.0,35.0,98.44,45.0,1889.55078125,106.5181555710733
2026-07-19T13:19:49.029668+00:00,9191.0,35.0,98.21,44.0,1889.55078125,106.87815362587571
2026-07-19T13:19:49.335754+00:00,9211.0,35.0,98.36,44.0,1889.55078125,107.18423962593079
2026-07-19T13:19:49.664349+00:00,9231.0,31.0,97.55,44.0,1889.55078125,107.51283351704478
2026-07-19T13:19:50.011073+00:00,9251.0,32.0,97.58,44.0,1889.55078125,107.85955617949367
2026-07-19T13:19:50.357350+00:00,9475.0,33.0,100.02,44.0,1889.55078125,108.20583543553948
2026-07-19T13:19:50.708044+00:00,9475.0,34.0,100.52,44.0,1889.55078125,108.55652709305286
2026-07-19T13:19:51.060404+00:00,9475.0,33.0,100.34,44.0,1889.55078125,108.9088884703815
2026-07-19T13:19:51.415957+00:00,9475.0,34.0,97.67,44.0,1889.55078125,109.26444150134921
2026-07-19T13:19:51.770908+00:00,9475.0,31.0,97.76,44.0,1889.55078125,109.61939262598753
2026-07-19T13:19:52.121766+00:00,9475.0,36.0,97.68,44.0,1889.55078125,109.97025176137686
2026-07-19T13:19:52.484162+00:00,9475.0,34.0,97.72,44.0,1889.55078125,110.33264725282788
2026-07-19T13:19:52.815604+00:00,9475.0,35.0,97.21,44.0,1889.55078125,110.66408858075738
2026-07-19T13:19:53.145686+00:00,9475.0,36.0,97.51,44.0,1889.55078125,110.99417123571038
2026-07-19T13:19:53.453349+00:00,9475.0,34.0,97.57,44.0,1889.55078125,111.30182330310345
2026-07-19T13:19:53.809762+00:00,9495.0,34.0,98.17,44.0,1889.55078125,111.65823645144701
2026-07-19T13:19:54.164898+00:00,9527.0,35.0,98.22,44.0,1889.55078125,112.01338189467788
2026-07-19T13:19:54.520159+00:00,9547.0,28.0,97.58,44.0,1889.55078125,112.368642244488
2026-07-19T13:19:54.868632+00:00,9827.0,34.0,99.93,44.0,1889.55078125,112.71711392328143
2026-07-19T13:19:55.223504+00:00,9827.0,34.0,99.57,44.0,1889.55078125,113.07198671624064
2026-07-19T13:19:55.577270+00:00,9827.0,32.0,99.89,44.0,1889.55078125,113.42575600370765
2026-07-19T13:19:55.928715+00:00,9827.0,33.0,97.19,44.0,1889.55078125,113.77720050886273
2026-07-19T13:19:56.280537+00:00,9827.0,33.0,97.34,44.0,1889.55078125,114.12902132421732
2026-07-19T13:19:56.608960+00:00,9827.0,33.0,97.74,44.0,1889.55078125,114.45744597166777
2026-07-19T13:19:56.964886+00:00,9827.0,35.0,98.05,44.0,1889.55078125,114.8133685849607
2026-07-19T13:19:57.321550+00:00,9827.0,34.0,98.08,44.0,1889.55078125,115.17003310471773
2026-07-19T13:19:57.677154+00:00,9827.0,33.0,98.0,44.0,1889.55078125,115.52563799545169
2026-07-19T13:19:58.038665+00:00,9827.0,34.0,97.97,44.0,1889.55078125,115.88714721426368
2026-07-19T13:19:58.388612+00:00,9827.0,33.0,98.28,44.0,1889.55078125,116.23709674552083
2026-07-19T13:19:58.698210+00:00,9827.0,35.0,98.26,44.0,1889.55078125,116.54669319465756
2026-07-19T13:19:59.055311+00:00,9827.0,34.0,98.61,44.0,1889.55078125,116.90379425883293
2026-07-19T13:19:59.405592+00:00,9847.0,35.0,98.72,44.0,1889.55078125,117.25407715886831
2026-07-19T13:19:59.763904+00:00,9887.0,34.0,98.74,44.0,1889.55078125,117.6123876273632
2026-07-19T13:20:00.099208+00:00,9907.0,34.0,98.29,44.0,1889.55078125,117.94769195467234
2026-07-19T13:20:00.432505+00:00,9927.0,33.0,97.49,44.0,1889.55078125,118.2809889279306
2026-07-19T13:20:00.781509+00:00,9947.0,34.0,97.54,44.0,1889.55078125,118.6299910992384
2026-07-19T13:20:01.138223+00:00,9967.0,34.0,98.39,44.0,1889.55078125,118.98670605942607
2026-07-19T13:20:01.492681+00:00,9987.0,35.0,99.06,44.0,1889.5546875,119.34116277843714
2026-07-19T13:20:01.851687+00:00,10025.0,35.0,99.14,44.0,1889.5546875,119.70017093792558
2026-07-19T13:20:02.205893+00:00,10065.0,35.0,98.98,44.0,1889.55859375,120.05436948686838
2026-07-19T13:20:02.561707+00:00,10085.0,35.0,99.24,44.0,1889.55859375,120.41019134223461
2026-07-19T13:20:02.912711+00:00,10105.0,35.0,99.33,44.0,1889.55859375,120.76119694113731
2026-07-19T13:20:03.299309+00:00,10125.0,35.0,99.52,44.0,1889.55859375,121.1477900184691
2026-07-19T13:20:03.652436+00:00,10165.0,35.0,99.77,44.0,1889.5625,121.50092088803649
2026-07-19T13:20:03.979555+00:00,10187.0,35.0,99.6,44.0,1889.58203125,121.82804142683744
2026-07-19T13:20:04.332241+00:00,9561.0,57.0,121.97,45.0,1889.5859375,122.18072528392076
2026-07-19T13:20:04.804135+00:00,14477.0,4.0,148.79,46.0,1889.59375,122.65261815860868
2026-07-19T13:20:05.158909+00:00,25597.0,55.0,178.66,48.0,1890.28515625,123.00739347562194
2026-07-19T13:20:05.514856+00:00,26193.0,75.0,180.56,50.0,1890.37890625,123.36334187537432
2026-07-19T13:20:06.025751+00:00,9559.0,43.0,205.18,49.0,1891.71875,123.8742352053523
2026-07-19T13:20:06.386421+00:00,9567.0,34.0,146.35,47.0,1891.83203125,124.23490679636598
2026-07-19T13:20:06.742142+00:00,9567.0,34.0,99.5,47.0,1891.83203125,124.59062759950757
2026-07-19T13:20:07.098801+00:00,9567.0,34.0,101.01,46.0,1891.83203125,124.94728424400091
2026-07-19T13:20:07.454698+00:00,9587.0,33.0,99.1,46.0,1891.83203125,125.30318199470639
2026-07-19T13:20:07.767862+00:00,9613.0,34.0,98.7,46.0,1891.83203125,125.6163467168808
2026-07-19T13:20:08.119275+00:00,9633.0,34.0,98.77,46.0,1891.83203125,125.96776086837053
2026-07-19T13:20:08.427572+00:00,9653.0,34.0,98.86,45.0,1891.83203125,126.27605732530355
2026-07-19T13:20:08.774368+00:00,9673.0,35.0,99.14,45.0,1891.83203125,126.62285331636667
2026-07-19T13:20:09.131087+00:00,9713.0,35.0,99.21,45.0,1891.83203125,126.97957119718194
2026-07-19T13:20:09.415708+00:00,9733.0,36.0,99.28,45.0,1891.83203125,127.26419126987457
2026-07-19T13:20:09.723356+00:00,9765.0,35.0,99.11,45.0,1891.83203125,127.57184153795242
2026-07-19T13:20:10.064031+00:00,10007.0,34.0,101.7,45.0,1891.83203125,127.91251205280423
2026-07-19T13:20:10.397566+00:00,10007.0,34.0,101.47,45.0,1891.83203125,128.2460514344275
2026-07-19T13:20:10.740634+00:00,10007.0,34.0,101.37,45.0,1891.83203125,128.5891184285283
2026-07-19T13:20:11.091269+00:00,10007.0,33.0,98.47,45.0,1891.83203125,128.93975460529327
2026-07-19T13:20:11.398815+00:00,10007.0,34.0,98.62,45.0,1891.83203125,129.2472996264696
2026-07-19T13:20:11.752100+00:00,10007.0,35.0,98.75,45.0,1891.83203125,129.60058441385627
2026-07-19T13:20:12.104010+00:00,10129.0,20.0,99.54,45.0,1891.83203125,129.95249398052692
2026-07-19T13:20:12.452230+00:00,10129.0,34.0,99.34,44.0,1891.83203125,130.30071506649256
2026-07-19T13:20:12.808385+00:00,10129.0,34.0,98.06,44.0,1891.83203125,130.65687099844217
2026-07-19T13:20:13.163162+00:00,10129.0,34.0,97.44,44.0,1891.83203125,131.01164637506008
2026-07-19T13:20:13.541613+00:00,10129.0,34.0,97.41,44.0,1891.83203125,131.39009714871645
2026-07-19T13:20:13.892155+00:00,10129.0,33.0,97.79,44.0,1891.83203125,131.74063451215625
2026-07-19T13:20:14.204132+00:00,10129.0,33.0,97.99,44.0,1891.83203125,132.0526163317263
2026-07-19T13:20:14.557069+00:00,10129.0,33.0,97.96,44.0,1891.83203125,132.40555361285806
2026-07-19T13:20:14.913707+00:00,10129.0,34.0,98.02,44.0,1891.83203125,132.76219126582146
2026-07-19T13:20:15.253599+00:00,10129.0,34.0,98.43,44.0,1891.83203125,133.10208302736282
2026-07-19T13:20:15.580658+00:00,10129.0,36.0,98.59,44.0,1891.83203125,133.42914348468184
2026-07-19T13:20:15.889030+00:00,10129.0,35.0,98.63,44.0,1891.83203125,133.73751522228122
2026-07-19T13:20:16.197719+00:00,10169.0,35.0,99.27,44.0,1891.83203125,134.04620385542512
2026-07-19T13:20:16.554030+00:00,10189.0,35.0,98.89,44.0,1891.83203125,134.4025156982243
2026-07-19T13:20:16.908468+00:00,10521.0,35.0,99.43,44.0,1891.83203125,134.756953664124
2026-07-19T13:20:17.214105+00:00,10521.0,35.0,101.2,44.0,1891.83203125,135.06259178370237
2026-07-19T13:20:17.541056+00:00,10521.0,34.0,101.04,44.0,1891.83203125,135.3895414583385
2026-07-19T13:20:17.869511+00:00,10521.0,35.0,100.66,44.0,1891.83203125,135.7179949618876
2026-07-19T13:20:18.227499+00:00,10521.0,35.0,98.35,44.0,1891.83203125,136.07598428800702
2026-07-19T13:20:18.578129+00:00,10521.0,34.0,98.55,44.0,1891.83203125,136.42661479860544
2026-07-19T13:20:18.933444+00:00,10521.0,34.0,98.48,44.0,1891.83203125,136.781928434968
2026-07-19T13:20:19.239990+00:00,10521.0,35.0,98.56,44.0,1891.8359375,137.08847573027015
2026-07-19T13:20:19.593488+00:00,10521.0,35.0,98.41,44.0,1891.8359375,137.44197310507298
2026-07-19T13:20:19.944816+00:00,10521.0,35.0,98.74,44.0,1891.8359375,137.79330181702971
2026-07-19T13:20:20.296690+00:00,10521.0,35.0,98.67,44.0,1891.8359375,138.14517438784242
2026-07-19T13:20:20.653981+00:00,10521.0,35.0,98.61,44.0,1891.8359375,138.50246641412377
2026-07-19T13:20:21.010194+00:00,10521.0,36.0,98.59,44.0,1891.8359375,138.85867930203676
2026-07-19T13:20:21.319242+00:00,10521.0,35.0,98.66,44.0,1891.8359375,139.16772688552737
2026-07-19T13:20:21.669067+00:00,10521.0,35.0,98.91,44.0,1891.8359375,139.51755114644766
2026-07-19T13:20:22.021262+00:00,10541.0,34.0,99.12,44.0,1891.8359375,139.86974647641182
2026-07-19T13:20:22.376173+00:00,10561.0,36.0,99.29,44.0,1891.8359375,140.2246573716402
2026-07-19T13:20:22.729960+00:00,10581.0,36.0,99.02,44.0,1891.83984375,140.5784460566938
2026-07-19T13:20:23.035667+00:00,8753.0,38.0,99.73,44.0,1891.84375,140.8841520063579
2026-07-19T13:20:23.407872+00:00,8849.0,52.0,139.87,48.0,1891.89453125,141.25635569915175
2026-07-19T13:20:23.761271+00:00,15073.0,29.0,144.36,46.0,1892.625,141.60975455120206
2026-07-19T13:20:24.116350+00:00,21707.0,54.0,168.67,49.0,1893.33203125,141.96483362093568
2026-07-19T13:20:24.473348+00:00,21707.0,59.0,173.52,50.0,1893.546875,142.32183293998241
2026-07-19T13:20:24.905655+00:00,8753.0,0.0,180.76,48.0,1895.0234375,142.75414071977139
2026-07-19T13:20:25.242259+00:00,8759.0,34.0,140.63,47.0,1895.08984375,143.09074483066797
2026-07-19T13:20:25.594424+00:00,8761.0,35.0,102.69,46.0,1895.08984375,143.44290931522846
2026-07-19T13:20:25.924618+00:00,8761.0,36.0,102.26,46.0,1895.08984375,143.77310148999095
2026-07-19T13:20:26.272716+00:00,8781.0,33.0,99.76,46.0,1895.140625,144.12119344994426
2026-07-19T13:20:26.605829+00:00,8805.0,35.0,99.44,46.0,1895.140625,144.45431395620108
2026-07-19T13:20:26.959321+00:00,8827.0,35.0,99.53,45.0,1895.140625,144.80780611932278
2026-07-19T13:20:27.309651+00:00,8847.0,34.0,99.7,45.0,1895.140625,145.15813463181257
2026-07-19T13:20:27.621674+00:00,8867.0,34.0,100.08,45.0,1895.14453125,145.47015833109617
2026-07-19T13:20:27.974994+00:00,9069.0,34.0,102.8,45.0,1895.14453125,145.8234778046608
2026-07-19T13:20:28.329903+00:00,9069.0,33.0,102.13,45.0,1895.14453125,146.17838875949383
2026-07-19T13:20:28.664374+00:00,9069.0,34.0,101.53,45.0,1895.1484375,146.51285937801003
2026-07-19T13:20:29.011538+00:00,9069.0,34.0,98.39,45.0,1895.1484375,146.86002245917916
2026-07-19T13:20:29.369119+00:00,9069.0,35.0,98.46,45.0,1895.1484375,147.2176041007042
2026-07-19T13:20:29.722882+00:00,9069.0,32.0,98.22,45.0,1895.1484375,147.5713679715991
2026-07-19T13:20:30.104260+00:00,9069.0,31.0,98.07,45.0,1895.1484375,147.95274494588375
2026-07-19T13:20:30.464237+00:00,9069.0,33.0,97.93,44.0,1895.1484375,148.31272245571017
2026-07-19T13:20:30.817777+00:00,9069.0,34.0,98.18,44.0,1895.15625,148.66625117883086
2026-07-19T13:20:31.174815+00:00,9089.0,34.0,98.41,44.0,1895.15625,149.0232995711267
2026-07-19T13:20:31.526727+00:00,9141.0,35.0,98.62,44.0,1895.15625,149.37521056085825
2026-07-19T13:20:31.878251+00:00,9415.0,34.0,99.76,44.0,1895.16015625,149.7267368286848
2026-07-19T13:20:32.205052+00:00,9415.0,34.0,101.47,44.0,1895.16015625,150.0535364858806
2026-07-19T13:20:32.534568+00:00,9415.0,35.0,101.3,44.0,1895.16015625,150.38305269926786
2026-07-19T13:20:32.866169+00:00,9415.0,34.0,100.99,44.0,1895.16796875,150.714654520154
2026-07-19T13:20:33.221179+00:00,9415.0,35.0,98.18,44.0,1895.16796875,151.06966431811452
2026-07-19T13:20:33.548414+00:00,9415.0,35.0,98.15,44.0,1895.16796875,151.3968841433525
2026-07-19T13:20:33.896680+00:00,9415.0,35.0,98.22,44.0,1895.17578125,151.74516394734383
2026-07-19T13:20:34.207299+00:00,9415.0,35.0,98.27,44.0,1895.1796875,152.05578401312232
2026-07-19T13:20:34.554953+00:00,9415.0,35.0,98.6,44.0,1895.1875,152.4034380093217
2026-07-19T13:20:34.909254+00:00,9415.0,35.0,98.81,44.0,1895.1953125,152.7577379718423
2026-07-19T13:20:35.237111+00:00,9415.0,35.0,99.17,44.0,1895.1953125,153.0855952501297
2026-07-19T13:20:35.594012+00:00,9415.0,34.0,99.22,44.0,1895.2109375,153.44249687343836
2026-07-19T13:20:35.950245+00:00,9415.0,35.0,99.27,44.0,1895.2109375,153.7987312488258
2026-07-19T13:20:36.304950+00:00,9435.0,35.0,98.9,44.0,1895.23046875,154.15343482792377
2026-07-19T13:20:36.659435+00:00,9475.0,34.0,98.91,44.0,1895.2578125,154.50791887566447
2026-07-19T13:20:37.013205+00:00,9495.0,34.0,98.65,44.0,1895.26953125,154.8616858832538
2026-07-19T13:20:37.366060+00:00,9515.0,34.0,98.75,44.0,1895.28125,155.21454407647252
2026-07-19T13:20:37.720305+00:00,9535.0,33.0,98.68,44.0,1895.28125,155.56879081949592
2026-07-19T13:20:38.069590+00:00,9555.0,33.0,98.03,44.0,1895.28515625,155.91807474941015
2026-07-19T13:20:38.403120+00:00,9579.0,34.0,98.03,44.0,1895.30078125,156.25160475075245
2026-07-19T13:20:38.759893+00:00,9615.0,34.0,98.13,44.0,1895.30078125,156.60837813839316
2026-07-19T13:20:39.071556+00:00,9635.0,35.0,98.87,44.0,1895.32421875,156.92004044353962
2026-07-19T13:20:39.380068+00:00,9675.0,35.0,99.2,44.0,1895.32421875,157.22855261713266
2026-07-19T13:20:39.729538+00:00,9695.0,35.0,99.54,44.0,1895.32421875,157.5780229382217
2026-07-19T13:20:40.094780+00:00,9715.0,36.0,99.59,44.0,1895.34375,157.9432541280985
2026-07-19T13:20:40.403157+00:00,9735.0,37.0,99.74,44.0,1895.34375,158.25164239481091
2026-07-19T13:20:40.734247+00:00,9755.0,36.0,99.89,44.0,1895.34765625,158.58273133262992
2026-07-19T13:20:41.044126+00:00,9775.0,36.0,100.21,44.0,1895.359375,158.89261077716947
2026-07-19T13:20:41.379575+00:00,10389.0,39.0,102.73,45.0,1895.359375,159.22805806994438
2026-07-19T13:20:41.735031+00:00,10389.0,34.0,102.01,44.0,1895.3671875,159.58351500332355
2026-07-19T13:20:42.084999+00:00,10389.0,34.0,100.64,44.0,1895.3671875,159.93348328769207
2026-07-19T13:20:42.437139+00:00,10389.0,32.0,97.35,44.0,1895.3671875,160.2856239527464
2026-07-19T13:20:42.780875+00:00,10389.0,32.0,97.18,44.0,1895.37890625,160.62936010584235
2026-07-19T13:20:43.135478+00:00,10389.0,33.0,97.44,44.0,1895.37890625,160.9839634373784
2026-07-19T13:20:43.467082+00:00,10389.0,30.0,96.24,44.0,1895.37890625,161.31556626409292
2026-07-19T13:20:43.816929+00:00,10389.0,35.0,96.58,44.0,1895.39453125,161.66541354730725
2026-07-19T13:20:44.171164+00:00,10389.0,34.0,96.97,44.0,1895.39453125,162.0196492448449
2026-07-19T13:20:44.524952+00:00,10389.0,35.0,98.23,44.0,1895.40625,162.3734377808869
2026-07-19T13:20:44.877373+00:00,10389.0,35.0,98.39,44.0,1895.40625,162.72585904225707
2026-07-19T13:20:45.228858+00:00,10389.0,34.0,98.85,44.0,1895.40625,163.0773414708674
2026-07-19T13:20:45.585819+00:00,10389.0,36.0,98.92,44.0,1895.41796875,163.43430360779166
2026-07-19T13:20:45.917824+00:00,10389.0,35.0,98.93,44.0,1895.41796875,163.76630763709545
2026-07-19T13:20:46.273594+00:00,10389.0,33.0,98.74,44.0,1895.4375,164.1220798715949
2026-07-19T13:20:46.606512+00:00,10389.0,35.0,98.89,44.0,1895.4375,164.45499669387937
2026-07-19T13:20:46.937661+00:00,10389.0,35.0,98.75,44.0,1895.44140625,164.78614427149296
2026-07-19T13:20:47.249885+00:00,10389.0,35.0,98.7,44.0,1895.453125,165.09836648777127
2026-07-19T13:20:47.600891+00:00,10389.0,35.0,99.12,44.0,1895.453125,165.4493755698204
2026-07-19T13:20:47.933268+00:00,10389.0,35.0,99.47,44.0,1895.453125,165.78175315260887
2026-07-19T13:20:48.286506+00:00,10389.0,35.0,99.92,44.0,1895.4609375,166.13499104231596
2026-07-19T13:20:48.643184+00:00,10389.0,35.0,99.5,44.0,1895.4609375,166.49166890233755
2026-07-19T13:20:48.968249+00:00,10389.0,37.0,99.55,44.0,1895.47265625,166.8167342953384
2026-07-19T13:20:49.293640+00:00,10389.0,36.0,99.39,44.0,1895.47265625,167.1421241760254
2026-07-19T13:20:49.649820+00:00,10389.0,35.0,99.7,44.0,1895.4765625,167.4983021505177
2026-07-19T13:20:50.001822+00:00,10389.0,35.0,99.54,44.0,1895.48828125,167.85030481219292
2026-07-19T13:20:50.333365+00:00,10389.0,35.0,99.49,44.0,1895.48828125,168.18184949830174
2026-07-19T13:20:50.689092+00:00,10389.0,21.0,98.8,44.0,1895.515625,168.537575725466
2026-07-19T13:20:51.049754+00:00,9649.0,66.0,113.99,47.0,1895.53125,168.89823546633124
2026-07-19T13:20:51.536150+00:00,9559.0,63.0,152.07,48.0,1895.5625,169.38463158532977
2026-07-19T13:20:51.874296+00:00,26023.0,71.0,180.35,49.0,1896.109375,169.7227802053094
2026-07-19T13:20:52.232040+00:00,27223.0,83.0,194.6,51.0,1896.109375,170.08052390813828
2026-07-19T13:20:52.585174+00:00,16381.0,89.0,231.48,52.0,1896.109375,170.4336600601673
2026-07-19T13:20:52.955036+00:00,9567.0,12.0,189.01,49.0,1897.39453125,170.80352065339684
2026-07-19T13:20:53.306029+00:00,9571.0,34.0,137.6,48.0,1897.39453125,171.15451247245073
2026-07-19T13:20:53.661165+00:00,9571.0,33.0,99.64,47.0,1897.39453125,171.5096498467028
2026-07-19T13:20:54.012833+00:00,9571.0,34.0,100.74,47.0,1897.39453125,171.86131736636162
2026-07-19T13:20:54.370241+00:00,9593.0,31.0,99.62,46.0,1897.39453125,172.21872582659125
2026-07-19T13:20:54.726048+00:00,9613.0,33.0,99.88,46.0,1897.39453125,172.57453248277307
2026-07-19T13:20:55.082211+00:00,9635.0,34.0,100.02,46.0,1897.39453125,172.9306939020753
2026-07-19T13:20:55.435862+00:00,9665.0,33.0,99.58,46.0,1897.39453125,173.2843464203179
2026-07-19T13:20:55.794345+00:00,9685.0,35.0,99.93,45.0,1897.39453125,173.64283081889153
2026-07-19T13:20:56.119989+00:00,9725.0,35.0,100.56,45.0,1897.39453125,173.9684741385281
2026-07-19T13:20:56.469139+00:00,9745.0,34.0,101.21,45.0,1897.39453125,174.31762079894543
2026-07-19T13:20:56.826613+00:00,9765.0,34.0,101.2,45.0,1897.39453125,174.67509491741657
2026-07-19T13:20:57.181215+00:00,9785.0,32.0,100.06,45.0,1897.39453125,175.02969966083765
2026-07-19T13:20:57.538705+00:00,9805.0,35.0,99.73,45.0,1897.39453125,175.38718977198005
2026-07-19T13:20:57.894228+00:00,10117.0,40.0,102.1,45.0,1897.39453125,175.7427118420601
2026-07-19T13:20:58.202693+00:00,10117.0,34.0,102.42,45.0,1897.39453125,176.051177829504
2026-07-19T13:20:58.558291+00:00,10117.0,34.0,102.26,45.0,1897.39453125,176.4067758321762
2026-07-19T13:20:58.891273+00:00,10117.0,33.0,99.39,45.0,1897.39453125,176.73975845053792
2026-07-19T13:20:59.249194+00:00,10117.0,33.0,99.59,45.0,1897.39453125,177.0976793691516
2026-07-19T13:20:59.603927+00:00,10117.0,34.0,99.73,45.0,1897.39453125,177.4523979574442
2026-07-19T13:20:59.957640+00:00,10117.0,33.0,98.33,45.0,1897.39453125,177.80612547323108
2026-07-19T13:21:00.267632+00:00,10117.0,35.0,98.76,45.0,1897.39453125,178.11611740663648
2026-07-19T13:21:00.620970+00:00,10117.0,35.0,99.31,45.0,1897.39453125,178.46945575624704
2026-07-19T13:21:00.973640+00:00,10117.0,36.0,100.98,45.0,1897.39453125,178.82212453708053
2026-07-19T13:21:01.279179+00:00,10117.0,35.0,101.16,45.0,1897.39453125,179.12766449153423
2026-07-19T13:21:01.633001+00:00,10117.0,36.0,101.38,44.0,1897.39453125,179.48148610070348
2026-07-19T13:21:01.985823+00:00,10117.0,35.0,101.56,44.0,1897.39453125,179.8343072757125
2026-07-19T13:21:02.337116+00:00,10117.0,36.0,101.69,44.0,1897.39453125,180.1856015957892
2026-07-19T13:21:02.693134+00:00,10137.0,35.0,101.41,44.0,1897.39453125,180.54161635413766
2026-07-19T13:21:03.004109+00:00,10159.0,33.0,101.21,44.0,1897.39453125,180.8525929711759
2026-07-19T13:21:03.356500+00:00,10195.0,36.0,101.19,44.0,1897.39453125,181.20498593896627
2026-07-19T13:21:03.709345+00:00,10215.0,36.0,101.39,44.0,1897.39453125,181.55782938748598
2026-07-19T13:21:04.037955+00:00,10235.0,35.0,101.22,44.0,1897.39453125,181.88644029945135
2026-07-19T13:21:04.393156+00:00,10275.0,35.0,101.23,44.0,1897.39453125,182.24164018779993
2026-07-19T13:21:04.749855+00:00,10703.0,34.0,104.11,45.0,1897.39453125,182.59833964705467
2026-07-19T13:21:05.111070+00:00,10703.0,34.0,103.03,44.0,1897.39453125,182.95955342054367
2026-07-19T13:21:05.467745+00:00,10703.0,34.0,101.88,44.0,1897.39453125,183.31623048707843
2026-07-19T13:21:05.799353+00:00,10703.0,32.0,97.86,44.0,1897.39453125,183.64783788099885
2026-07-19T13:21:06.150669+00:00,10703.0,34.0,98.05,44.0,1897.39453125,183.99915242940187
2026-07-19T13:21:06.500980+00:00,10703.0,34.0,98.23,44.0,1897.39453125,184.34946518018842
2026-07-19T13:21:06.855879+00:00,10703.0,34.0,98.13,44.0,1897.39453125,184.70436412468553
2026-07-19T13:21:07.210852+00:00,10703.0,34.0,98.32,44.0,1897.39453125,185.05933636799455
2026-07-19T13:21:07.562324+00:00,10703.0,35.0,98.54,44.0,1897.39453125,185.41080908104777
2026-07-19T13:21:07.917921+00:00,10703.0,35.0,98.82,44.0,1897.39453125,185.76640550419688
2026-07-19T13:21:08.274023+00:00,10703.0,35.0,98.92,44.0,1897.39453125,186.1225071363151
2026-07-19T13:21:08.627701+00:00,10703.0,36.0,99.05,44.0,1897.39453125,186.4761839620769
2026-07-19T13:21:08.984845+00:00,10703.0,35.0,99.36,44.0,1897.3984375,186.83333019167185
2026-07-19T13:21:09.339669+00:00,10703.0,35.0,99.43,44.0,1897.3984375,187.18815410137177
2026-07-19T13:21:09.688145+00:00,10703.0,35.0,99.58,44.0,1897.3984375,187.53662840649486
2026-07-19T13:21:10.044675+00:00,10703.0,36.0,99.42,44.0,1897.3984375,187.89315959066153
2026-07-19T13:21:10.376840+00:00,10703.0,36.0,99.47,44.0,1897.3984375,188.22532508522272
2026-07-19T13:21:10.728787+00:00,10703.0,35.0,99.57,44.0,1897.3984375,188.57727094739676
2026-07-19T13:21:11.079913+00:00,10703.0,37.0,99.97,44.0,1897.40234375,188.92839742079377
2026-07-19T13:21:11.432167+00:00,10723.0,36.0,99.89,44.0,1897.40234375,189.28065200522542
2026-07-19T13:21:11.786327+00:00,10743.0,35.0,100.12,44.0,1897.40234375,189.63481183350086
2026-07-19T13:21:12.141276+00:00,10763.0,35.0,100.18,44.0,1897.40234375,189.98976146802306
2026-07-19T13:21:12.492580+00:00,10783.0,36.0,100.2,44.0,1897.40234375,190.3410643003881
2026-07-19T13:21:12.798913+00:00,10803.0,36.0,100.17,44.0,1897.40234375,190.6473975814879
2026-07-19T13:21:13.153163+00:00,10823.0,33.0,100.05,44.0,1897.48046875,191.0016424022615
2026-07-19T13:21:13.465316+00:00,10843.0,35.0,99.74,44.0,1897.48046875,191.31380001083016
2026-07-19T13:21:13.776404+00:00,11437.0,40.0,102.92,44.0,1897.48046875,191.62488734722137
2026-07-19T13:21:14.084158+00:00,11437.0,35.0,102.56,44.0,1897.48046875,191.9326420277357
2026-07-19T13:21:14.436602+00:00,11437.0,34.0,101.92,44.0,1897.48046875,192.28508604690433
2026-07-19T13:21:14.762061+00:00,11437.0,35.0,98.11,44.0,1897.48046875,192.61054554209113
2026-07-19T13:21:15.104884+00:00,11437.0,34.0,97.97,44.0,1897.48046875,192.95336885005236
2026-07-19T13:21:15.463365+00:00,11437.0,35.0,98.31,44.0,1897.48046875,193.31185010448098
2026-07-19T13:21:15.813239+00:00,11437.0,36.0,98.22,44.0,1897.48046875,193.66172317042947
2026-07-19T13:21:16.170752+00:00,11437.0,36.0,98.67,44.0,1897.484375,194.01923689618707
2026-07-19T13:21:16.526437+00:00,11437.0,35.0,98.79,44.0,1897.484375,194.37492177262902
2026-07-19T13:21:16.882334+00:00,11437.0,34.0,99.06,44.0,1897.48828125,194.73081862926483
2026-07-19T13:21:17.236412+00:00,11437.0,35.0,99.14,44.0,1897.4921875,195.08489648252726
2026-07-19T13:21:17.574311+00:00,11437.0,36.0,99.05,44.0,1897.4921875,195.42279336228967
2026-07-19T13:21:17.924658+00:00,11437.0,35.0,98.94,44.0,1897.5,195.77314320206642
2026-07-19T13:21:18.276552+00:00,11437.0,34.0,98.67,44.0,1897.5,196.12503661587834
2026-07-19T13:21:18.626168+00:00,11437.0,33.0,98.15,44.0,1897.50390625,196.4746530391276
2026-07-19T13:21:18.977480+00:00,11437.0,35.0,97.97,44.0,1897.52734375,196.8259516209364
2026-07-19T13:21:19.333155+00:00,11437.0,34.0,98.29,44.0,1897.52734375,197.18164087459445
2026-07-19T13:21:19.665762+00:00,11437.0,33.0,98.76,44.0,1897.52734375,197.5142474360764
2026-07-19T13:21:20.000190+00:00,11437.0,33.0,98.66,44.0,1897.53125,197.84867469966412
2026-07-19T13:21:20.355966+00:00,11437.0,35.0,98.5,44.0,1897.53125,198.2044519148767
2026-07-19T13:21:20.704911+00:00,11437.0,34.0,98.7,44.0,1897.546875,198.5533956773579
2026-07-19T13:21:21.054908+00:00,11437.0,33.0,99.03,44.0,1897.546875,198.90339279547334
2026-07-19T13:21:21.406562+00:00,11437.0,34.0,99.13,44.0,1897.55078125,199.25504625216126
2026-07-19T13:21:21.757679+00:00,11437.0,34.0,99.35,44.0,1897.5625,199.60616364702582
2026-07-19T13:21:22.117896+00:00,11437.0,34.0,99.77,44.0,1897.5625,199.9663819000125
2026-07-19T13:21:22.473740+00:00,11437.0,36.0,99.16,44.0,1897.5703125,200.32222273945808
2026-07-19T13:21:22.807939+00:00,11437.0,36.0,99.03,44.0,1897.57421875,200.6564233712852
2026-07-19T13:21:23.157275+00:00,11457.0,35.0,98.86,44.0,1897.57421875,201.00575897097588
2026-07-19T13:21:23.514942+00:00,9633.0,63.0,119.24,46.0,1897.6171875,201.36342629417777
2026-07-19T13:21:23.983075+00:00,9561.0,37.0,156.51,47.0,1897.625,201.8315572552383
2026-07-19T13:21:24.313846+00:00,28041.0,45.0,179.66,48.0,1897.9296875,202.1623303964734
2026-07-19T13:21:24.674394+00:00,28653.0,71.0,197.0,52.0,1898.1171875,202.52287910878658
2026-07-19T13:21:25.006869+00:00,27069.0,85.0,230.54,52.0,1898.1171875,202.85535366088152
2026-07-19T13:21:25.352276+00:00,9561.0,1.0,198.43,48.0,1917.56640625,203.20076070725918
2026-07-19T13:21:25.717671+00:00,9561.0,2.0,136.56,47.0,1947.30859375,203.5661558173597
2026-07-19T13:21:26.105799+00:00,9611.0,0.0,89.92,46.0,1949.0234375,203.9542837701738
2026-07-19T13:21:26.436694+00:00,9617.0,32.0,95.65,47.0,1949.0234375,204.28517939895391
2026-07-19T13:21:26.791737+00:00,9629.0,34.0,101.31,46.0,1949.0234375,204.6402202360332
2026-07-19T13:21:27.144412+00:00,9629.0,34.0,99.95,46.0,1949.05078125,204.99289331957698
2026-07-19T13:21:27.576879+00:00,9629.0,35.0,99.23,46.0,1949.05078125,205.42536393553019
2026-07-19T13:21:27.906014+00:00,9757.0,34.0,104.03,45.0,1949.05078125,205.754497859627
2026-07-19T13:21:28.261024+00:00,9757.0,34.0,105.26,46.0,1949.05078125,206.10950762033463
2026-07-19T13:21:28.612823+00:00,9757.0,35.0,105.01,45.0,1949.05078125,206.46130846068263
2026-07-19T13:21:28.944767+00:00,9757.0,35.0,100.13,45.0,1949.05078125,206.79325154796243
2026-07-19T13:21:29.298094+00:00,9757.0,35.0,99.93,45.0,1949.05078125,207.14657919108868
2026-07-19T13:21:29.655119+00:00,9757.0,32.0,99.69,45.0,1949.05078125,207.50360257923603
2026-07-19T13:21:30.013210+00:00,9777.0,34.0,99.79,45.0,1949.05078125,207.8616934940219
2026-07-19T13:21:30.370125+00:00,9797.0,34.0,99.87,45.0,1949.05078125,208.21860875934362
2026-07-19T13:21:30.734525+00:00,9817.0,36.0,100.0,45.0,1948.6640625,208.58300818130374
2026-07-19T13:21:31.091642+00:00,9857.0,36.0,100.25,45.0,1948.6640625,208.940125644207
2026-07-19T13:21:31.455300+00:00,9879.0,33.0,100.43,45.0,1948.6640625,209.3037840500474
2026-07-19T13:21:31.761242+00:00,9899.0,35.0,100.46,45.0,1948.6640625,209.60972606763244
2026-07-19T13:21:32.119627+00:00,9919.0,35.0,100.06,45.0,1948.6640625,209.9681034013629
2026-07-19T13:21:32.471945+00:00,9939.0,22.0,99.26,44.0,1948.6640625,210.32043032348156
2026-07-19T13:21:32.824755+00:00,10259.0,35.0,104.99,45.0,1948.6640625,210.6732393912971
2026-07-19T13:21:33.182472+00:00,10259.0,33.0,104.43,45.0,1948.6640625,211.030955478549
2026-07-19T13:21:33.537674+00:00,10259.0,34.0,104.86,45.0,1948.6640625,211.38615686818957
2026-07-19T13:21:33.866483+00:00,10259.0,35.0,99.26,44.0,1948.6640625,211.7149669006467
2026-07-19T13:21:34.217170+00:00,10259.0,35.0,99.73,44.0,1948.6640625,212.06565398722887
2026-07-19T13:21:34.573369+00:00,10259.0,35.0,99.47,44.0,1948.6640625,212.4218516908586
2026-07-19T13:21:34.932339+00:00,10259.0,36.0,98.78,44.0,1948.6640625,212.78082437813282
2026-07-19T13:21:35.288232+00:00,10259.0,35.0,98.68,44.0,1948.6640625,213.13671551644802
2026-07-19T13:21:35.642673+00:00,10259.0,34.0,98.24,44.0,1948.6640625,213.4911579862237
2026-07-19T13:21:36.005875+00:00,10259.0,34.0,98.86,44.0,1948.6640625,213.85435945168138
2026-07-19T13:21:36.362128+00:00,10259.0,35.0,99.29,44.0,1948.6640625,214.21061262115836
2026-07-19T13:21:36.673093+00:00,10259.0,36.0,99.83,44.0,1948.6640625,214.52157816290855
2026-07-19T13:21:37.028922+00:00,10259.0,36.0,100.11,44.0,1948.6640625,214.87740607187152
2026-07-19T13:21:37.386887+00:00,10259.0,36.0,100.33,44.0,1948.6640625,215.23537107557058
2026-07-19T13:21:37.712055+00:00,10259.0,36.0,100.6,44.0,1948.6640625,215.56053901836276
2026-07-19T13:21:38.068459+00:00,10279.0,36.0,100.66,44.0,1948.6640625,215.91694412380457
2026-07-19T13:21:38.421896+00:00,10319.0,36.0,100.74,44.0,1948.6640625,216.27038003131747
2026-07-19T13:21:38.778276+00:00,10339.0,34.0,100.56,44.0,1948.6640625,216.62676164880395
2026-07-19T13:21:39.134131+00:00,10359.0,36.0,100.72,44.0,1948.6640625,216.98261614143848
2026-07-19T13:21:39.444086+00:00,10381.0,34.0,100.38,44.0,1948.6640625,217.29257076233625
2026-07-19T13:21:39.756964+00:00,10405.0,34.0,100.36,44.0,1948.6640625,217.60544853284955
2026-07-19T13:21:40.047585+00:00,10425.0,34.0,100.16,44.0,1948.6640625,217.896069817245
2026-07-19T13:21:40.357238+00:00,10445.0,35.0,100.36,44.0,1948.6640625,218.20572137087584
2026-07-19T13:21:40.646775+00:00,10949.0,51.0,105.3,45.0,1948.6640625,218.49525886029005
2026-07-19T13:21:40.979241+00:00,10949.0,33.0,105.35,44.0,1948.6640625,218.82772489264607
2026-07-19T13:21:41.334586+00:00,10949.0,35.0,104.81,44.0,1948.6640625,219.18306909129024
2026-07-19T13:21:41.664168+00:00,10949.0,35.0,99.68,44.0,1948.6640625,219.51265071704984
2026-07-19T13:21:41.978081+00:00,10949.0,34.0,99.12,44.0,1948.6640625,219.82656398788095
2026-07-19T13:21:42.335479+00:00,10949.0,35.0,99.27,44.0,1948.6640625,220.18396346643567
2026-07-19T13:21:42.697362+00:00,10949.0,35.0,99.63,44.0,1948.6640625,220.54584454745054
2026-07-19T13:21:43.007795+00:00,10949.0,25.0,98.91,44.0,1948.6640625,220.85627782717347
2026-07-19T13:21:43.362179+00:00,10949.0,35.0,98.93,44.0,1948.6640625,221.2106635272503
2026-07-19T13:21:43.714176+00:00,10949.0,33.0,98.52,44.0,1948.6640625,221.56265906617045
2026-07-19T13:21:44.074069+00:00,10949.0,35.0,99.19,44.0,1948.6640625,221.92255233973265
2026-07-19T13:21:44.428740+00:00,10949.0,36.0,99.19,44.0,1948.6640625,222.27722416073084
2026-07-19T13:21:44.758361+00:00,10949.0,35.0,99.84,44.0,1948.6640625,222.60684632882476
2026-07-19T13:21:45.090950+00:00,10949.0,36.0,99.71,44.0,1948.6640625,222.93943417444825
2026-07-19T13:21:45.423076+00:00,10949.0,27.0,98.66,44.0,1948.6640625,223.27156024426222
2026-07-19T13:21:45.768749+00:00,10949.0,36.0,97.94,44.0,1948.6640625,223.61723454669118
2026-07-19T13:21:46.126090+00:00,10949.0,36.0,98.21,44.0,1948.6640625,223.97457465156913
2026-07-19T13:21:46.477036+00:00,10949.0,37.0,99.75,44.0,1948.6640625,224.3255199715495
2026-07-19T13:21:46.789350+00:00,13151.0,37.0,100.69,44.0,1948.6640625,224.63783440366387
2026-07-19T13:21:47.152908+00:00,9443.0,71.0,146.28,49.0,1948.6640625,225.0013913065195
2026-07-19T13:21:47.577635+00:00,15111.0,18.0,171.45,48.0,1948.6640625,225.4261185862124
2026-07-19T13:21:47.892029+00:00,29585.0,77.0,194.19,49.0,1949.09375,225.74051395058632
2026-07-19T13:21:48.203928+00:00,30843.0,95.0,203.86,51.0,1949.09375,226.05241371318698
2026-07-19T13:21:48.535221+00:00,30843.0,89.0,242.06,53.0,1949.09375,226.3837067000568
2026-07-19T13:21:49.022191+00:00,9117.0,0.0,225.8,50.0,1949.09375,226.87067687511444
2026-07-19T13:21:49.383559+00:00,9119.0,32.0,140.9,48.0,1949.09375,227.23204353824258
2026-07-19T13:21:49.719802+00:00,9119.0,34.0,97.07,48.0,1949.09375,227.56828682124615
2026-07-19T13:21:50.098866+00:00,9119.0,34.0,101.8,47.0,1949.09375,227.9473504908383
2026-07-19T13:21:50.432899+00:00,9121.0,19.0,98.55,47.0,1949.09375,228.28138364478946
2026-07-19T13:21:50.788090+00:00,9165.0,35.0,98.51,46.0,1949.09375,228.63657483831048
2026-07-19T13:21:51.141235+00:00,9185.0,34.0,98.06,46.0,1949.09375,228.98972043395042
2026-07-19T13:21:51.496988+00:00,9205.0,35.0,99.14,46.0,1949.09375,229.34547267481685
2026-07-19T13:21:51.828110+00:00,9229.0,34.0,98.88,46.0,1949.09375,229.67659379169345
2026-07-19T13:21:52.181938+00:00,9251.0,34.0,98.81,46.0,1949.09375,230.03042412549257
2026-07-19T13:21:52.539953+00:00,9443.0,32.0,100.55,46.0,1949.09375,230.3884371072054
2026-07-19T13:21:52.847374+00:00,9443.0,34.0,100.24,45.0,1949.09375,230.69585905969143
2026-07-19T13:21:53.199660+00:00,9443.0,33.0,99.85,45.0,1949.09375,231.04814286530018
2026-07-19T13:21:53.546127+00:00,9443.0,34.0,98.11,45.0,1949.09375,231.39460986107588
2026-07-19T13:21:53.896747+00:00,9443.0,34.0,100.32,45.0,1949.09375,231.74523258209229
2026-07-19T13:21:54.252818+00:00,9443.0,34.0,100.26,45.0,1949.09375,232.10130404680967
2026-07-19T13:21:54.600752+00:00,9443.0,34.0,100.23,45.0,1949.09375,232.4492376372218
2026-07-19T13:21:54.957481+00:00,9443.0,34.0,98.43,45.0,1949.09375,232.80596613883972
2026-07-19T13:21:55.317548+00:00,9463.0,34.0,98.28,45.0,1949.09375,233.16603247076273
2026-07-19T13:21:55.674120+00:00,9483.0,34.0,98.39,45.0,1949.09375,233.52260479331017
2026-07-19T13:21:56.029032+00:00,9503.0,33.0,98.26,45.0,1949.09375,233.87751700356603
2026-07-19T13:21:56.385095+00:00,9523.0,35.0,98.37,45.0,1949.09375,234.23357977345586
2026-07-19T13:21:56.743258+00:00,9563.0,35.0,98.14,45.0,1949.09375,234.59174289181828
2026-07-19T13:21:57.096709+00:00,9583.0,34.0,98.19,44.0,1949.09375,234.94519410654902
2026-07-19T13:21:57.453671+00:00,9835.0,38.0,100.24,45.0,1949.09375,235.3021545559168
2026-07-19T13:21:57.800589+00:00,9835.0,30.0,99.57,44.0,1949.09375,235.64907363429666
2026-07-19T13:21:58.133583+00:00,9835.0,32.0,98.64,44.0,1949.09375,235.9820672981441
2026-07-19T13:21:58.488102+00:00,9835.0,33.0,96.52,44.0,1949.09375,236.3365870900452
2026-07-19T13:21:58.794716+00:00,9835.0,33.0,96.9,44.0,1949.09375,236.64320098236203
2026-07-19T13:21:59.107177+00:00,9835.0,35.0,97.91,44.0,1949.09375,236.95566206797957
2026-07-19T13:21:59.458420+00:00,9835.0,34.0,97.89,44.0,1949.09375,237.30690218508244
2026-07-19T13:21:59.813211+00:00,9835.0,34.0,97.79,44.0,1949.09375,237.6616912446916
2026-07-19T13:22:00.161335+00:00,9835.0,33.0,97.88,44.0,1949.09375,238.00981932505965
2026-07-19T13:22:00.447732+00:00,9835.0,34.0,97.98,44.0,1949.09375,238.29621579498053
2026-07-19T13:22:00.736010+00:00,9835.0,35.0,98.11,44.0,1949.09375,238.58449637144804
2026-07-19T13:22:01.033522+00:00,9835.0,35.0,98.2,44.0,1949.09375,238.88200583681464
2026-07-19T13:22:01.387662+00:00,9855.0,34.0,98.21,44.0,1949.09375,239.2361488752067
2026-07-19T13:22:01.718104+00:00,9875.0,34.0,98.35,44.0,1949.09375,239.56658789515495
2026-07-19T13:22:02.073675+00:00,9907.0,35.0,98.35,44.0,1949.09375,239.9221598058939
2026-07-19T13:22:02.430414+00:00,9927.0,35.0,98.29,44.0,1949.09375,240.27889961749315
2026-07-19T13:22:02.790858+00:00,9947.0,34.0,98.47,44.0,1949.09375,240.6393421702087
2026-07-19T13:22:03.147298+00:00,9987.0,36.0,98.9,44.0,1949.09375,240.9957834146917
2026-07-19T13:22:03.502508+00:00,10007.0,35.0,98.86,44.0,1949.09375,241.3509923554957
2026-07-19T13:22:03.858946+00:00,10027.0,36.0,98.68,44.0,1949.09375,241.70743104070425
2026-07-19T13:22:04.218138+00:00,10047.0,33.0,98.84,44.0,1949.09375,242.0666219331324
2026-07-19T13:22:04.550929+00:00,10067.0,36.0,99.22,44.0,1949.09375,242.39941399917006
2026-07-19T13:22:04.895156+00:00,10087.0,34.0,99.02,44.0,1949.09375,242.74364133179188
2026-07-19T13:22:05.180828+00:00,10125.0,32.0,98.94,44.0,1949.09375,243.0293122678995
2026-07-19T13:22:05.514932+00:00,10145.0,34.0,98.76,44.0,1949.09375,243.363417185843
2026-07-19T13:22:05.872946+00:00,10185.0,35.0,99.05,44.0,1949.09375,243.7214317023754
2026-07-19T13:22:06.225010+00:00,9377.0,34.0,99.67,44.0,1949.09375,244.07349457591772
2026-07-19T13:22:06.582570+00:00,9377.0,54.0,132.91,47.0,1949.09765625,244.43105403333902
2026-07-19T13:22:06.941279+00:00,13943.0,30.0,145.04,46.0,1949.09765625,244.78976328670979
2026-07-19T13:22:07.309085+00:00,23955.0,69.0,170.35,48.0,1949.78125,245.1575685404241
2026-07-19T13:22:07.668409+00:00,24503.0,84.0,175.54,50.0,1949.78125,245.5168940499425
2026-07-19T13:22:08.025348+00:00,9377.0,66.0,196.55,49.0,1949.78125,245.87383193150163
2026-07-19T13:22:08.404919+00:00,9407.0,2.0,157.22,48.0,1949.78125,246.253403916955
2026-07-19T13:22:08.759464+00:00,9407.0,35.0,121.7,47.0,1949.78125,246.60794910043478
2026-07-19T13:22:09.066571+00:00,9421.0,34.0,101.3,46.0,1949.78125,246.91505635529757
2026-07-19T13:22:09.396751+00:00,9421.0,34.0,102.45,46.0,1949.78125,247.2452353835106
2026-07-19T13:22:09.749100+00:00,9441.0,35.0,99.59,46.0,1949.78125,247.59758527576923
2026-07-19T13:22:10.046354+00:00,9461.0,35.0,99.95,46.0,1949.78125,247.8948392532766
2026-07-19T13:22:10.405136+00:00,9481.0,35.0,100.04,45.0,1949.78125,248.2536208331585
2026-07-19T13:22:10.761854+00:00,9503.0,35.0,100.3,45.0,1949.78125,248.61034021526575
2026-07-19T13:22:11.117639+00:00,9523.0,35.0,100.58,45.0,1949.78125,248.96612386405468
2026-07-19T13:22:11.473865+00:00,9563.0,36.0,100.95,45.0,1949.78125,249.32234940305352
2026-07-19T13:22:11.829840+00:00,9583.0,36.0,100.8,45.0,1949.78125,249.67832547426224
2026-07-19T13:22:12.176125+00:00,9833.0,49.0,106.8,46.0,1949.78125,250.02460910007358
2026-07-19T13:22:12.528097+00:00,9833.0,35.0,106.42,45.0,1949.78125,250.37658252194524
2026-07-19T13:22:12.885240+00:00,9833.0,35.0,105.78,45.0,1949.78125,250.73372462391853
2026-07-19T13:22:13.218910+00:00,9833.0,37.0,99.93,45.0,1949.78125,251.0673956349492
2026-07-19T13:22:13.573368+00:00,9833.0,34.0,99.98,45.0,1949.7890625,251.42185028269887
2026-07-19T13:22:13.931100+00:00,9833.0,36.0,100.06,45.0,1949.7890625,251.7795849069953
2026-07-19T13:22:14.286839+00:00,9833.0,36.0,100.2,45.0,1949.7890625,252.1353229880333
2026-07-19T13:22:14.637506+00:00,9833.0,35.0,100.1,45.0,1949.7890625,252.48599129542708
2026-07-19T13:22:14.993218+00:00,9833.0,36.0,100.18,45.0,1949.7890625,252.84170128405094
2026-07-19T13:22:15.349111+00:00,10033.0,35.0,104.79,45.0,1949.7890625,253.1975949704647
2026-07-19T13:22:15.709015+00:00,10033.0,36.0,104.7,45.0,1949.7890625,253.5574991889298
2026-07-19T13:22:16.065083+00:00,10033.0,35.0,104.49,45.0,1949.7890625,253.91356750950217
2026-07-19T13:22:16.397667+00:00,10033.0,36.0,99.56,44.0,1949.7890625,254.24615121260285
2026-07-19T13:22:16.727668+00:00,10033.0,36.0,99.79,44.0,1949.7890625,254.57615254074335
2026-07-19T13:22:17.088354+00:00,10033.0,35.0,99.75,44.0,1949.7890625,254.93684036657214
2026-07-19T13:22:17.442702+00:00,10033.0,35.0,100.12,44.0,1949.7890625,255.29118554666638
2026-07-19T13:22:17.798255+00:00,10033.0,36.0,100.17,44.0,1949.7890625,255.64673960208893
2026-07-19T13:22:18.147320+00:00,10033.0,36.0,100.32,44.0,1949.7890625,255.99580535665154
2026-07-19T13:22:18.497931+00:00,10033.0,35.0,100.29,44.0,1949.7890625,256.34641695022583
2026-07-19T13:22:18.862979+00:00,10033.0,36.0,100.49,44.0,1949.7890625,256.71146443113685
2026-07-19T13:22:19.218180+00:00,10053.0,35.0,100.2,44.0,1949.7890625,257.066666059196
2026-07-19T13:22:19.574242+00:00,10073.0,34.0,99.97,44.0,1949.7890625,257.4227265715599
2026-07-19T13:22:19.928179+00:00,10093.0,36.0,100.1,44.0,1949.7890625,257.77666433900595
2026-07-19T13:22:20.262536+00:00,10113.0,36.0,100.25,44.0,1949.7890625,258.1110211201012
2026-07-19T13:22:20.623706+00:00,10153.0,35.0,100.36,44.0,1949.7890625,258.4721918068826
2026-07-19T13:22:20.981465+00:00,10173.0,34.0,100.27,44.0,1949.7890625,258.8299500569701
2026-07-19T13:22:21.336963+00:00,10193.0,36.0,100.53,44.0,1949.7890625,259.18543787673116
2026-07-19T13:22:21.692694+00:00,10213.0,35.0,100.41,44.0,1949.7890625,259.54117979854345
2026-07-19T13:22:22.004322+00:00,10237.0,34.0,100.53,44.0,1949.7890625,259.85280829295516
2026-07-19T13:22:22.330193+00:00,10259.0,37.0,100.43,44.0,1949.7890625,260.17867890000343
2026-07-19T13:22:22.685841+00:00,10279.0,37.0,100.61,44.0,1949.7890625,260.5343255586922
2026-07-19T13:22:23.045814+00:00,10319.0,37.0,100.83,44.0,1949.7890625,260.89429799094796
2026-07-19T13:22:23.402299+00:00,10339.0,35.0,101.25,44.0,1949.7890625,261.2507846355438
2026-07-19T13:22:23.710698+00:00,10359.0,37.0,101.57,44.0,1949.7890625,261.55918307974935
2026-07-19T13:22:24.065656+00:00,10379.0,37.0,101.53,44.0,1949.7890625,261.91414062678814
2026-07-19T13:22:24.398176+00:00,10399.0,37.0,102.02,44.0,1949.7890625,262.24666068330407
2026-07-19T13:22:24.752251+00:00,11013.0,49.0,107.3,45.0,1949.7890625,262.60072618722916
2026-07-19T13:22:25.119363+00:00,11013.0,36.0,106.72,44.0,1949.7890625,262.96784668415785
2026-07-19T13:22:25.461710+00:00,11013.0,35.0,105.68,44.0,1949.7890625,263.3101930730045
2026-07-19T13:22:25.821907+00:00,11013.0,36.0,99.61,44.0,1949.7890625,263.67039085924625
2026-07-19T13:22:26.179516+00:00,11013.0,34.0,99.31,44.0,1949.7890625,264.0280007570982
2026-07-19T13:22:26.532627+00:00,11013.0,36.0,99.46,44.0,1949.7890625,264.38111241161823
2026-07-19T13:22:26.880980+00:00,11013.0,37.0,99.78,44.0,1949.7890625,264.72946441173553
2026-07-19T13:22:27.233801+00:00,11013.0,36.0,100.1,44.0,1949.7890625,265.08228547498584
2026-07-19T13:22:27.590328+00:00,11013.0,36.0,100.05,44.0,1949.7890625,265.43881265074015
2026-07-19T13:22:27.899635+00:00,11013.0,36.0,99.76,44.0,1949.7890625,265.7481201477349
2026-07-19T13:22:28.209073+00:00,11013.0,36.0,99.9,44.0,1949.7890625,266.05755826458335
2026-07-19T13:22:28.520047+00:00,11013.0,37.0,100.13,44.0,1949.7890625,266.3685330674052
2026-07-19T13:22:28.874544+00:00,11013.0,35.0,100.24,44.0,1949.7890625,266.7230279073119
2026-07-19T13:22:29.221332+00:00,11013.0,37.0,100.18,44.0,1949.7890625,267.069816544652
2026-07-19T13:22:29.576962+00:00,11013.0,37.0,100.13,44.0,1949.7890625,267.42544723674655
2026-07-19T13:22:29.901742+00:00,11013.0,35.0,100.27,44.0,1949.7890625,267.75022711604834
2026-07-19T13:22:30.253693+00:00,11013.0,37.0,100.5,44.0,1949.7890625,268.1021793074906
2026-07-19T13:22:30.601670+00:00,11013.0,36.0,100.45,44.0,1949.7890625,268.4501546770334
2026-07-19T13:22:30.961143+00:00,9881.0,79.0,140.31,47.0,1949.79296875,268.8096200451255
2026-07-19T13:22:31.496483+00:00,13953.0,5.0,172.93,47.0,1949.79296875,269.34496542811394
2026-07-19T13:22:31.828284+00:00,32537.0,83.0,196.84,50.0,1950.0546875,269.6767686717212
2026-07-19T13:22:32.187367+00:00,33901.0,85.0,206.87,53.0,1950.0546875,270.0358520299196
2026-07-19T13:22:32.534265+00:00,33217.0,89.0,269.59,54.0,1950.0546875,270.3827493786812
2026-07-19T13:22:33.004987+00:00,9567.0,0.0,197.79,49.0,1950.0546875,270.85347194597125
2026-07-19T13:22:33.363479+00:00,9573.0,33.0,133.83,48.0,1950.0546875,271.2119639478624
2026-07-19T13:22:33.710352+00:00,9573.0,34.0,99.18,48.0,1950.0546875,271.5588370449841
2026-07-19T13:22:34.070439+00:00,9573.0,34.0,99.94,47.0,1950.0546875,271.91892286017537
2026-07-19T13:22:34.429726+00:00,9595.0,34.0,100.05,47.0,1950.0546875,272.27821021154523
2026-07-19T13:22:34.784547+00:00,9615.0,34.0,100.04,47.0,1950.0546875,272.63303273171186
2026-07-19T13:22:35.143711+00:00,9637.0,34.0,99.76,46.0,1950.0546875,272.9921971000731
2026-07-19T13:22:35.492599+00:00,9667.0,34.0,99.52,46.0,1950.0546875,273.3410844691098
2026-07-19T13:22:35.847934+00:00,9707.0,34.0,99.39,46.0,1950.0546875,273.6964189298451
2026-07-19T13:22:36.203051+00:00,9727.0,35.0,99.62,46.0,1950.0546875,274.0515360534191
2026-07-19T13:22:36.510265+00:00,9747.0,35.0,99.57,46.0,1950.0546875,274.35875034704804
2026-07-19T13:22:36.842609+00:00,9767.0,35.0,99.98,46.0,1950.0546875,274.69109423831105
2026-07-19T13:22:37.198082+00:00,10045.0,41.0,103.51,47.0,1950.0546875,275.04656602069736
2026-07-19T13:22:37.548897+00:00,10045.0,34.0,103.65,45.0,1950.0546875,275.39738112688065
2026-07-19T13:22:37.904719+00:00,10045.0,35.0,103.22,45.0,1950.0546875,275.75320402905345
2026-07-19T13:22:38.256863+00:00,10045.0,34.0,99.21,45.0,1950.0546875,276.10534600540996
2026-07-19T13:22:38.614148+00:00,10045.0,35.0,98.93,45.0,1950.0546875,276.4626331962645
2026-07-19T13:22:38.961771+00:00,10045.0,35.0,98.84,45.0,1950.0546875,276.8102561607957
2026-07-19T13:22:39.317065+00:00,10045.0,35.0,98.72,45.0,1950.0546875,277.16554572433233
2026-07-19T13:22:39.670573+00:00,10205.0,35.0,100.47,45.0,1950.0546875,277.5190532952547
2026-07-19T13:22:40.022281+00:00,10205.0,35.0,101.51,45.0,1950.0546875,277.8707651384175
2026-07-19T13:22:40.357918+00:00,10205.0,35.0,101.4,45.0,1950.0546875,278.20640229433775
2026-07-19T13:22:40.714772+00:00,10205.0,34.0,98.81,45.0,1950.0546875,278.56325601041317
2026-07-19T13:22:41.074714+00:00,10205.0,34.0,98.87,45.0,1950.0546875,278.9231987372041
2026-07-19T13:22:41.430759+00:00,10205.0,35.0,98.89,45.0,1950.0546875,279.27924370393157
2026-07-19T13:22:41.762694+00:00,10205.0,35.0,98.94,45.0,1950.0546875,279.6111789792776
2026-07-19T13:22:42.119099+00:00,10205.0,36.0,99.23,44.0,1950.0546875,279.9675839878619
2026-07-19T13:22:42.472989+00:00,10205.0,36.0,99.43,44.0,1950.0546875,280.32147328928113
2026-07-19T13:22:42.828252+00:00,10205.0,36.0,99.73,44.0,1950.0546875,280.6767357625067
2026-07-19T13:22:43.182450+00:00,10205.0,35.0,99.53,44.0,1950.0546875,281.03093038126826
2026-07-19T13:22:43.544276+00:00,10205.0,36.0,99.38,44.0,1950.0546875,281.39276007562876
2026-07-19T13:22:43.855291+00:00,10461.0,36.0,101.88,45.0,1950.0546875,281.7037764452398
2026-07-19T13:22:44.208469+00:00,10461.0,35.0,101.52,44.0,1950.0546875,282.05695367231965
2026-07-19T13:22:44.565818+00:00,10461.0,35.0,101.67,44.0,1950.0546875,282.4143007658422
2026-07-19T13:22:44.926897+00:00,10461.0,35.0,97.81,44.0,1950.0546875,282.77538012713194
2026-07-19T13:22:45.284558+00:00,10461.0,34.0,97.62,44.0,1950.0546875,283.13304248452187
2026-07-19T13:22:45.601755+00:00,10461.0,27.0,96.68,44.0,1950.0546875,283.4502355232835
2026-07-19T13:22:45.964013+00:00,10461.0,35.0,97.74,44.0,1950.0546875,283.81249732524157
2026-07-19T13:22:46.320246+00:00,10461.0,35.0,98.11,44.0,1950.0546875,284.16873136907816
2026-07-19T13:22:46.652933+00:00,10461.0,35.0,99.27,44.0,1950.0546875,284.50141836702824
2026-07-19T13:22:47.010324+00:00,8305.0,47.0,123.86,46.0,1950.0546875,284.85880905017257
2026-07-19T13:22:47.404414+00:00,11937.0,4.0,135.24,46.0,1950.0546875,285.252898812294
2026-07-19T13:22:47.740655+00:00,19071.0,49.0,159.87,47.0,1950.6171875,285.58913922682405
2026-07-19T13:22:48.093478+00:00,19791.0,63.0,164.08,49.0,1950.6171875,285.94196259975433
2026-07-19T13:22:48.449016+00:00,8217.0,5.0,176.6,48.0,1950.6171875,286.2975002862513
2026-07-19T13:22:48.819354+00:00,8221.0,0.0,144.2,46.0,1950.6171875,286.66783920302987
2026-07-19T13:22:49.145314+00:00,8221.0,33.0,110.57,46.0,1950.6171875,286.9937997534871
2026-07-19T13:22:49.501481+00:00,8225.0,33.0,97.63,46.0,1950.6171875,287.3499642275274
2026-07-19T13:22:49.840323+00:00,8225.0,32.0,98.29,46.0,1950.6171875,287.6887941919267
2026-07-19T13:22:50.172918+00:00,8245.0,32.0,98.07,45.0,1950.6171875,288.02139953896403
2026-07-19T13:22:50.484028+00:00,8269.0,35.0,98.04,45.0,1950.6171875,288.3325121998787
2026-07-19T13:22:50.795414+00:00,8289.0,34.0,97.94,45.0,1950.6171875,288.6438973173499
2026-07-19T13:22:51.125180+00:00,8309.0,34.0,98.19,45.0,1950.6171875,288.97366339713335
2026-07-19T13:22:51.437412+00:00,8329.0,26.0,97.8,45.0,1950.6171875,289.2858968526125
2026-07-19T13:22:51.799005+00:00,8351.0,34.0,98.0,45.0,1950.6171875,289.6474895551801
2026-07-19T13:22:52.154093+00:00,8371.0,34.0,98.33,45.0,1950.6171875,290.0025768019259
2026-07-19T13:22:52.508260+00:00,8403.0,33.0,98.85,45.0,1950.6171875,290.35674384608865
2026-07-19T13:22:52.818845+00:00,8423.0,33.0,98.35,45.0,1950.6171875,290.6673300266266
2026-07-19T13:22:53.169232+00:00,8695.0,31.0,99.83,45.0,1950.6171875,291.01771711185575
2026-07-19T13:22:53.524070+00:00,8695.0,33.0,99.61,44.0,1950.6171875,291.37255457416177
2026-07-19T13:22:53.881160+00:00,8695.0,34.0,98.89,44.0,1950.6171875,291.7296449355781
2026-07-19T13:22:54.233982+00:00,8695.0,35.0,96.95,44.0,1950.6171875,292.08246767148376
2026-07-19T13:22:54.579307+00:00,8695.0,35.0,97.37,44.0,1950.6171875,292.42779333516955
2026-07-19T13:22:54.920655+00:00,8695.0,35.0,98.09,44.0,1950.6171875,292.76913967728615
2026-07-19T13:22:55.254796+00:00,8695.0,36.0,98.18,44.0,1950.6171875,293.10328194499016
2026-07-19T13:22:55.557917+00:00,8695.0,34.0,98.07,44.0,1950.6171875,293.4063999019563
2026-07-19T13:22:55.917756+00:00,8695.0,34.0,98.32,44.0,1950.6171875,293.76623986288905
2026-07-19T13:22:56.273439+00:00,8695.0,35.0,98.41,44.0,1950.6171875,294.1219226792455
2026-07-19T13:22:56.633838+00:00,8695.0,35.0,98.68,44.0,1950.6171875,294.4823223762214
2026-07-19T13:22:56.990283+00:00,8695.0,35.0,98.8,44.0,1950.6171875,294.8387678451836
2026-07-19T13:22:57.347107+00:00,8715.0,36.0,98.93,44.0,1950.6171875,295.1955928206444
2026-07-19T13:22:57.700570+00:00,8735.0,35.0,99.07,44.0,1950.6171875,295.5490552447736
2026-07-19T13:22:58.054678+00:00,8755.0,36.0,98.93,44.0,1950.6171875,295.9031622633338
2026-07-19T13:22:58.409463+00:00,8795.0,35.0,98.97,44.0,1950.6171875,296.2579464390874
2026-07-19T13:22:58.771855+00:00,8815.0,24.0,98.33,44.0,1950.6171875,296.62033857032657
2026-07-19T13:22:59.107580+00:00,8835.0,35.0,98.39,44.0,1950.6171875,296.95606518909335
2026-07-19T13:22:59.461332+00:00,8855.0,34.0,98.25,44.0,1950.6171875,297.3098158687353
2026-07-19T13:22:59.777505+00:00,8893.0,33.0,98.81,44.0,1950.6171875,297.625990036875
2026-07-19T13:23:00.137329+00:00,8913.0,35.0,98.75,44.0,1950.6171875,297.9858127050102
2026-07-19T13:23:00.470121+00:00,8933.0,35.0,98.79,44.0,1950.62109375,298.3185935802758
2026-07-19T13:23:00.825554+00:00,8973.0,35.0,99.11,44.0,1950.62109375,298.6740366220474
2026-07-19T13:23:01.130302+00:00,8993.0,36.0,99.27,44.0,1950.62109375,298.9787775501609
2026-07-19T13:23:01.437449+00:00,9013.0,37.0,99.51,44.0,1950.62109375,299.2859339006245
2026-07-19T13:23:01.770591+00:00,9033.0,34.0,98.95,44.0,1950.62109375,299.61906115710735
2026-07-19T13:23:02.082562+00:00,9055.0,35.0,99.02,44.0,1950.62109375,299.9310461319983
2026-07-19T13:23:02.437573+00:00,9075.0,34.0,99.11,44.0,1950.62109375,300.2860585190356
2026-07-19T13:23:02.794878+00:00,9669.0,32.0,101.54,44.0,1950.62109375,300.6433630101383
2026-07-19T13:23:03.147905+00:00,9669.0,29.0,100.31,44.0,1950.62109375,300.99638252332807
2026-07-19T13:23:03.502076+00:00,9669.0,32.0,98.68,44.0,1950.62109375,301.35054456070065
2026-07-19T13:23:03.833805+00:00,9669.0,33.0,95.97,44.0,1950.62109375,301.68228812143207
2026-07-19T13:23:04.146244+00:00,9669.0,32.0,96.57,44.0,1950.62109375,301.9947287738323
2026-07-19T13:23:04.476336+00:00,9669.0,28.0,96.8,44.0,1950.62109375,302.3248200006783
2026-07-19T13:23:04.794823+00:00,9669.0,33.0,96.14,44.0,1950.62109375,302.6433062106371
2026-07-19T13:23:05.095361+00:00,9669.0,32.0,96.05,44.0,1950.62109375,302.9438382200897
2026-07-19T13:23:05.458897+00:00,9819.0,34.0,99.31,44.0,1950.62109375,303.30736811086535
2026-07-19T13:23:05.809193+00:00,9819.0,34.0,100.29,44.0,1950.62109375,303.6576765552163
2026-07-19T13:23:06.120370+00:00,9819.0,35.0,100.25,44.0,1950.62109375,303.9688540995121
2026-07-19T13:23:06.472811+00:00,9819.0,34.0,97.59,44.0,1950.62109375,304.32129645720124
2026-07-19T13:23:06.830688+00:00,9819.0,35.0,97.79,44.0,1950.62109375,304.6791727244854
2026-07-19T13:23:07.178686+00:00,9819.0,34.0,98.0,44.0,1950.62109375,305.02717085927725
2026-07-19T13:23:07.537641+00:00,9819.0,35.0,97.9,43.0,1950.62109375,305.38612369820476
2026-07-19T13:23:07.851745+00:00,9819.0,34.0,97.87,43.0,1950.62109375,305.70022201165557
2026-07-19T13:23:08.205154+00:00,9819.0,34.0,97.89,43.0,1950.62109375,306.0536261498928
2026-07-19T13:23:08.519856+00:00,9819.0,35.0,97.99,43.0,1950.62109375,306.36833741143346
2026-07-19T13:23:08.828792+00:00,9819.0,35.0,98.02,43.0,1950.62109375,306.6772680133581
2026-07-19T13:23:09.184952+00:00,9819.0,35.0,98.3,43.0,1950.62109375,307.0334369391203
2026-07-19T13:23:09.492044+00:00,9819.0,36.0,98.23,43.0,1950.62109375,307.34052999690175
2026-07-19T13:23:09.845696+00:00,9819.0,33.0,98.38,43.0,1950.62109375,307.6941812671721
2026-07-19T13:23:10.151420+00:00,9819.0,34.0,98.1,43.0,1950.62109375,307.9999033547938
2026-07-19T13:23:10.486344+00:00,9819.0,36.0,98.24,43.0,1950.62109375,308.33482018858194
2026-07-19T13:23:10.837641+00:00,9819.0,35.0,98.28,43.0,1950.62109375,308.68612357601523
2026-07-19T13:23:11.199789+00:00,9819.0,36.0,98.67,43.0,1950.62109375,309.0482702925801
2026-07-19T13:23:11.554149+00:00,9819.0,35.0,98.78,43.0,1950.62109375,309.402620151639
2026-07-19T13:23:11.909259+00:00,9819.0,36.0,98.92,43.0,1950.62109375,309.7577430829406
2026-07-19T13:23:12.235697+00:00,9819.0,34.0,99.06,43.0,1950.62109375,310.08417792245746
2026-07-19T13:23:12.587905+00:00,9819.0,35.0,99.17,43.0,1950.62109375,310.4363882653415
2026-07-19T13:23:12.946849+00:00,9819.0,36.0,99.4,43.0,1950.62109375,310.79533337056637
2026-07-19T13:23:13.308212+00:00,9819.0,36.0,99.7,43.0,1950.62109375,311.15669678524137
2026-07-19T13:23:13.667830+00:00,9819.0,35.0,99.99,43.0,1950.62109375,311.5163137540221
2026-07-19T13:23:13.998317+00:00,9819.0,37.0,100.02,43.0,1950.62109375,311.8468022868037
2026-07-19T13:23:14.352711+00:00,9819.0,36.0,100.08,43.0,1950.62109375,312.20119562745094
2026-07-19T13:23:14.710702+00:00,9621.0,63.0,118.82,46.0,1950.6328125,312.55918588116765
2026-07-19T13:23:15.238881+00:00,12891.0,24.0,151.82,46.0,1950.6328125,313.08736403286457
2026-07-19T13:23:15.591338+00:00,25785.0,76.0,187.06,49.0,1950.81640625,313.43981962651014
2026-07-19T13:23:15.955759+00:00,26381.0,96.0,193.07,51.0,1950.81640625,313.80424412712455
2026-07-19T13:23:16.312586+00:00,9561.0,71.0,220.76,50.0,1950.81640625,314.16107069700956
2026-07-19T13:23:16.711253+00:00,9561.0,0.0,166.32,47.0,1950.81640625,314.55973663553596
2026-07-19T13:23:17.070723+00:00,9571.0,33.0,114.95,47.0,1950.81640625,314.91920621320605
2026-07-19T13:23:17.429903+00:00,9573.0,34.0,99.32,46.0,1950.81640625,315.2783848121762
2026-07-19T13:23:17.790842+00:00,9575.0,33.0,100.07,46.0,1950.81640625,315.6393274888396
2026-07-19T13:23:18.142435+00:00,9595.0,34.0,100.25,46.0,1950.81640625,315.990920227021
2026-07-19T13:23:18.501796+00:00,9689.0,34.0,103.87,46.0,1950.81640625,316.35027750581503
2026-07-19T13:23:18.853282+00:00,9689.0,34.0,103.84,45.0,1950.81640625,316.70176781341434
2026-07-19T13:23:19.182846+00:00,9689.0,33.0,103.68,45.0,1950.81640625,317.03133169189095
2026-07-19T13:23:19.532779+00:00,9689.0,32.0,100.36,45.0,1950.81640625,317.3812574967742
2026-07-19T13:23:19.881153+00:00,9709.0,34.0,100.38,45.0,1950.81640625,317.72963834926486
2026-07-19T13:23:20.219066+00:00,9729.0,33.0,100.14,45.0,1950.81640625,318.0675505399704
2026-07-19T13:23:20.574319+00:00,9751.0,32.0,99.82,45.0,1950.81640625,318.42280492186546
2026-07-19T13:23:20.882903+00:00,9781.0,33.0,99.41,45.0,1950.81640625,318.7313863672316
2026-07-19T13:23:21.192271+00:00,9801.0,33.0,99.58,45.0,1950.81640625,319.04075567796826
2026-07-19T13:23:21.550873+00:00,9821.0,35.0,99.54,45.0,1950.81640625,319.3993582986295
2026-07-19T13:23:21.881044+00:00,9841.0,33.0,99.64,45.0,1950.81640625,319.7295206487179
2026-07-19T13:23:22.236821+00:00,9861.0,34.0,99.73,44.0,1950.81640625,320.0853061340749
2026-07-19T13:23:22.568739+00:00,9881.0,34.0,100.08,44.0,1950.81640625,320.4172123372555
2026-07-19T13:23:22.925498+00:00,9921.0,33.0,100.26,44.0,1950.81640625,320.7739818133414
2026-07-19T13:23:23.287633+00:00,9943.0,34.0,100.28,44.0,1950.81640625,321.1361177675426
2026-07-19T13:23:23.646241+00:00,10293.0,34.0,101.15,45.0,1950.81640625,321.4947257786989
2026-07-19T13:23:24.006462+00:00,10293.0,33.0,102.81,44.0,1950.81640625,321.85494611412287
2026-07-19T13:23:24.361705+00:00,10293.0,34.0,101.82,44.0,1950.81640625,322.21019009128213
2026-07-19T13:23:24.715861+00:00,10293.0,34.0,98.06,44.0,1950.81640625,322.56433603167534
2026-07-19T13:23:25.080057+00:00,10293.0,33.0,97.53,44.0,1950.81640625,322.92854185402393
2026-07-19T13:23:25.436593+00:00,10293.0,33.0,97.73,44.0,1950.81640625,323.2850775383413
2026-07-19T13:23:25.771645+00:00,10293.0,34.0,98.25,44.0,1950.81640625,323.62012964114547
2026-07-19T13:23:26.125891+00:00,10293.0,34.0,98.32,44.0,1950.81640625,323.9743761084974
2026-07-19T13:23:26.477604+00:00,10293.0,33.0,98.22,44.0,1950.81640625,324.32608787715435
2026-07-19T13:23:26.838588+00:00,10293.0,33.0,98.38,44.0,1950.81640625,324.68707179650664
2026-07-19T13:23:27.200695+00:00,10293.0,34.0,97.75,44.0,1950.81640625,325.04917842522264
2026-07-19T13:23:27.561294+00:00,10293.0,34.0,97.52,44.0,1950.81640625,325.4097778685391
2026-07-19T13:23:27.919269+00:00,10293.0,33.0,97.54,44.0,1950.81640625,325.7677534595132
2026-07-19T13:23:28.230948+00:00,10293.0,32.0,98.11,44.0,1950.81640625,326.0794296078384
2026-07-19T13:23:28.549140+00:00,10293.0,33.0,98.4,44.0,1950.81640625,326.39762500301003
2026-07-19T13:23:28.908983+00:00,10293.0,35.0,98.7,44.0,1950.81640625,326.75746804848313
2026-07-19T13:23:29.261420+00:00,10313.0,35.0,98.46,44.0,1950.81640625,327.10989133268595
2026-07-19T13:23:29.617503+00:00,10349.0,34.0,98.42,44.0,1950.81640625,327.4659884683788
2026-07-19T13:23:29.973987+00:00,10369.0,35.0,98.64,44.0,1950.81640625,327.8224627561867
2026-07-19T13:23:30.283617+00:00,10389.0,32.0,98.92,44.0,1950.81640625,328.1321008987725
2026-07-19T13:23:30.643033+00:00,10409.0,35.0,98.99,44.0,1950.81640625,328.4915176667273
2026-07-19T13:23:30.969649+00:00,10429.0,35.0,98.82,44.0,1950.81640625,328.81813314929605
2026-07-19T13:23:31.328402+00:00,10451.0,35.0,99.05,44.0,1950.81640625,329.1768862940371
2026-07-19T13:23:31.691859+00:00,10491.0,37.0,99.17,44.0,1950.81640625,329.54034247994423
2026-07-19T13:23:32.049129+00:00,10997.0,36.0,102.93,44.0,1950.81640625,329.8976133391261
2026-07-19T13:23:32.414047+00:00,10997.0,32.0,102.02,44.0,1950.81640625,330.26253156736493
2026-07-19T13:23:32.777103+00:00,10997.0,32.0,100.99,44.0,1950.81640625,330.6255868114531
2026-07-19T13:23:33.133322+00:00,10997.0,33.0,96.97,44.0,1950.81640625,330.9818058684468
2026-07-19T13:23:33.488604+00:00,10997.0,33.0,97.2,44.0,1950.81640625,331.3370878994465
2026-07-19T13:23:33.856928+00:00,10997.0,33.0,97.39,43.0,1950.81640625,331.7054120115936
2026-07-19T13:23:34.188364+00:00,10997.0,34.0,97.64,43.0,1950.81640625,332.0368474200368
2026-07-19T13:23:34.548493+00:00,10997.0,33.0,97.81,43.0,1950.81640625,332.39697808399796
2026-07-19T13:23:34.878558+00:00,10997.0,35.0,98.01,43.0,1950.81640625,332.727042324841
2026-07-19T13:23:35.212794+00:00,10997.0,35.0,98.21,43.0,1950.81640625,333.06127962097526
2026-07-19T13:23:35.544319+00:00,10997.0,35.0,98.43,43.0,1950.81640625,333.3928050175309
2026-07-19T13:23:35.903637+00:00,10997.0,32.0,98.18,43.0,1950.8203125,333.75211876630783
2026-07-19T13:23:36.263038+00:00,9321.0,68.0,135.57,47.0,1950.828125,334.1115089058876
2026-07-19T13:23:36.745138+00:00,13073.0,24.0,149.91,46.0,1950.828125,334.5936097614467
2026-07-19T13:23:37.109528+00:00,25021.0,79.0,177.8,49.0,1950.828125,334.9580127634108
2026-07-19T13:23:37.464885+00:00,25527.0,84.0,190.99,51.0,1950.828125,335.31337079033256
2026-07-19T13:23:37.819441+00:00,9211.0,50.0,212.01,49.0,1950.828125,335.6679258532822
2026-07-19T13:23:38.209073+00:00,9223.0,0.0,160.06,47.0,1950.8359375,336.0575567521155
2026-07-19T13:23:38.571626+00:00,9223.0,33.0,109.08,47.0,1950.8359375,336.4201076440513
2026-07-19T13:23:38.930125+00:00,9229.0,35.0,99.77,46.0,1950.8359375,336.7786099165678
2026-07-19T13:23:39.274556+00:00,9235.0,34.0,100.4,46.0,1950.8359375,337.1230330877006
2026-07-19T13:23:39.628594+00:00,9255.0,33.0,99.73,46.0,1950.8359375,337.47707875445485
2026-07-19T13:23:39.988178+00:00,9275.0,34.0,99.23,45.0,1950.8359375,337.8366626687348
2026-07-19T13:23:40.349103+00:00,9295.0,34.0,99.31,45.0,1950.8359375,338.1975886859
2026-07-19T13:23:40.710529+00:00,9315.0,33.0,99.68,45.0,1950.8359375,338.55901339277625
2026-07-19T13:23:41.061121+00:00,9355.0,36.0,100.31,45.0,1950.8359375,338.9096062518656
2026-07-19T13:23:41.394349+00:00,9569.0,36.0,103.74,45.0,1950.8359375,339.2428341805935
2026-07-19T13:23:41.751858+00:00,9569.0,33.0,104.04,45.0,1950.8359375,339.6003418751061
2026-07-19T13:23:42.105365+00:00,9569.0,34.0,104.0,45.0,1950.8359375,339.9538486674428
2026-07-19T13:23:42.461706+00:00,9569.0,34.0,99.76,45.0,1950.8359375,340.3101895749569
2026-07-19T13:23:42.822885+00:00,9569.0,33.0,99.87,45.0,1950.8359375,340.67136910930276
2026-07-19T13:23:43.172946+00:00,9569.0,34.0,99.92,44.0,1950.8359375,341.0214294306934
2026-07-19T13:23:43.535177+00:00,9569.0,34.0,99.95,44.0,1950.8359375,341.383661583066
2026-07-19T13:23:43.893043+00:00,9717.0,34.0,103.54,45.0,1950.8359375,341.74152852222323
2026-07-19T13:23:44.249015+00:00,9717.0,35.0,102.9,44.0,1950.8359375,342.09749948233366
2026-07-19T13:23:44.607357+00:00,9717.0,34.0,102.5,44.0,1950.8359375,342.4558424092829
2026-07-19T13:23:44.961007+00:00,9717.0,35.0,98.14,44.0,1950.8359375,342.80949107930064
2026-07-19T13:23:45.321839+00:00,9717.0,34.0,98.23,44.0,1950.8359375,343.1703239940107
2026-07-19T13:23:45.678104+00:00,9717.0,34.0,98.61,44.0,1950.8359375,343.5265859924257
2026-07-19T13:23:46.046570+00:00,9717.0,34.0,98.1,44.0,1950.8359375,343.8950540460646
2026-07-19T13:23:46.407908+00:00,9717.0,35.0,98.19,44.0,1950.8359375,344.25639022886753
2026-07-19T13:23:46.721849+00:00,9717.0,35.0,98.12,44.0,1950.8359375,344.57032561302185
2026-07-19T13:23:47.077638+00:00,9719.0,34.0,98.76,44.0,1950.8359375,344.9261217266321
2026-07-19T13:23:47.437472+00:00,9739.0,35.0,98.95,44.0,1950.8359375,345.2859556786716
2026-07-19T13:23:47.749508+00:00,9761.0,36.0,99.01,44.0,1950.8359375,345.5979786813259
2026-07-19T13:23:48.101241+00:00,9795.0,35.0,99.15,44.0,1950.8359375,345.9497245773673
2026-07-19T13:23:48.462647+00:00,9835.0,36.0,99.25,44.0,1950.8359375,346.3111308142543
2026-07-19T13:23:48.817860+00:00,9855.0,35.0,99.58,44.0,1950.8359375,346.66634288057685
2026-07-19T13:23:49.178102+00:00,9875.0,35.0,99.79,44.0,1950.8359375,347.0265860557556
2026-07-19T13:23:49.540148+00:00,9895.0,35.0,99.8,44.0,1950.8359375,347.3886310979724
2026-07-19T13:23:49.878453+00:00,9917.0,35.0,99.47,44.0,1950.8359375,347.72693667188287
2026-07-19T13:23:50.213540+00:00,9957.0,35.0,99.56,44.0,1950.8359375,348.06202387437224
2026-07-19T13:23:50.527177+00:00,9977.0,36.0,99.78,44.0,1950.8359375,348.37566032260656
2026-07-19T13:23:50.895186+00:00,9997.0,36.0,99.87,44.0,1950.8359375,348.74366856366396
2026-07-19T13:23:51.210876+00:00,10017.0,33.0,99.59,44.0,1950.8359375,349.05936137214303
2026-07-19T13:23:51.519629+00:00,10037.0,34.0,99.27,44.0,1950.8359375,349.3681143037975
2026-07-19T13:23:51.956871+00:00,10057.0,35.0,99.61,44.0,1950.8359375,349.8053526841104
2026-07-19T13:23:52.267959+00:00,10077.0,36.0,99.89,44.0,1950.8359375,350.1164352744818
2026-07-19T13:23:52.627136+00:00,10097.0,36.0,99.86,44.0,1950.8359375,350.47562035545707
2026-07-19T13:23:52.988673+00:00,10137.0,36.0,100.2,44.0,1950.8359375,350.8371563628316
2026-07-19T13:23:53.349329+00:00,10157.0,33.0,100.17,44.0,1950.8359375,351.19781278446317
2026-07-19T13:23:53.701894+00:00,10751.0,34.0,103.93,44.0,1950.8359375,351.55037662759423
2026-07-19T13:23:54.038787+00:00,10751.0,33.0,103.15,44.0,1950.8359375,351.88727217167616
2026-07-19T13:23:54.397925+00:00,10751.0,33.0,102.62,44.0,1950.8359375,352.2464106492698
2026-07-19T13:23:54.755714+00:00,10751.0,34.0,97.93,44.0,1950.8359375,352.604198243469
2026-07-19T13:23:55.094941+00:00,10751.0,32.0,97.54,44.0,1950.8359375,352.9434258043766
2026-07-19T13:23:55.453951+00:00,10751.0,34.0,96.72,43.0,1950.8359375,353.30243481323123
2026-07-19T13:23:55.810871+00:00,10751.0,33.0,97.23,43.0,1950.8359375,353.6593557149172
2026-07-19T13:23:56.141301+00:00,10751.0,33.0,97.53,43.0,1950.8359375,353.9897852167487
2026-07-19T13:23:56.497321+00:00,10751.0,34.0,98.09,43.0,1950.8359375,354.34580605477095
2026-07-19T13:23:56.849427+00:00,10751.0,36.0,98.46,43.0,1950.8359375,354.69791315868497
2026-07-19T13:23:57.201134+00:00,10751.0,35.0,98.77,43.0,1950.8359375,355.0496197640896
2026-07-19T13:23:57.556486+00:00,10751.0,34.0,98.81,43.0,1950.83984375,355.404967173934
2026-07-19T13:23:57.908458+00:00,10751.0,26.0,98.24,43.0,1950.8515625,355.7569429986179
2026-07-19T13:23:58.218558+00:00,10751.0,35.0,98.34,43.0,1950.85546875,356.06704272702336
2026-07-19T13:23:58.576450+00:00,10751.0,28.0,97.84,43.0,1950.85546875,356.42493480816483
2026-07-19T13:23:58.928417+00:00,10751.0,35.0,98.55,43.0,1950.859375,356.7768922187388
2026-07-19T13:23:59.287057+00:00,10751.0,35.0,98.41,43.0,1950.86328125,357.1355432420969
2026-07-19T13:23:59.623907+00:00,10751.0,34.0,99.26,43.0,1950.86328125,357.4723925739527
2026-07-19T13:23:59.983307+00:00,10751.0,35.0,99.21,43.0,1950.86328125,357.83178190141916
2026-07-19T13:24:00.344055+00:00,10751.0,34.0,99.12,43.0,1950.8671875,358.19254041835666
2026-07-19T13:24:00.702160+00:00,10751.0,35.0,99.47,43.0,1950.8671875,358.55064560845494
2026-07-19T13:24:01.053729+00:00,9563.0,37.0,99.9,43.0,1951.0625,358.9022126235068
2026-07-19T13:24:01.410638+00:00,9563.0,74.0,147.11,47.0,1951.07421875,359.2591171488166
2026-07-19T13:24:01.798800+00:00,12631.0,2.0,162.75,46.0,1951.07421875,359.6472824178636
2026-07-19T13:24:02.158904+00:00,29103.0,88.0,195.15,50.0,1951.58203125,360.00738878920674
2026-07-19T13:24:02.518472+00:00,29707.0,79.0,204.38,51.0,1951.58203125,360.3669577501714
2026-07-19T13:24:02.827915+00:00,16971.0,89.0,248.78,53.0,1951.58203125,360.6764000430703
2026-07-19T13:24:03.266280+00:00,9563.0,0.0,201.8,48.0,1951.58203125,361.1147661060095
2026-07-19T13:24:03.634949+00:00,9661.0,35.0,131.45,48.0,1951.59765625,361.4834331460297
2026-07-19T13:24:03.992394+00:00,9661.0,34.0,102.65,47.0,1951.59765625,361.84087623283267
2026-07-19T13:24:04.350643+00:00,9661.0,35.0,102.2,46.0,1951.59765625,362.1991279758513
2026-07-19T13:24:04.692923+00:00,9661.0,33.0,100.11,46.0,1951.59765625,362.5414068289101
2026-07-19T13:24:05.046476+00:00,9661.0,34.0,100.49,46.0,1951.59765625,362.89496138319373
2026-07-19T13:24:05.381300+00:00,9661.0,34.0,100.35,46.0,1951.59765625,363.22978299483657
2026-07-19T13:24:05.717851+00:00,9681.0,35.0,100.61,46.0,1951.59765625,363.566334746778
2026-07-19T13:24:06.070919+00:00,9701.0,34.0,100.78,45.0,1951.59765625,363.91940419748425
2026-07-19T13:24:06.428416+00:00,9721.0,34.0,100.89,45.0,1951.59765625,364.2769005484879
2026-07-19T13:24:06.780471+00:00,9947.0,51.0,106.46,46.0,1951.59765625,364.6289565078914
2026-07-19T13:24:07.092358+00:00,9947.0,34.0,106.09,45.0,1951.59765625,364.94084287807345
2026-07-19T13:24:07.381242+00:00,9947.0,33.0,105.55,45.0,1951.59765625,365.2297260053456
2026-07-19T13:24:07.687294+00:00,9947.0,36.0,105.62,45.0,1951.59765625,365.53577956184745
2026-07-19T13:24:07.996206+00:00,9947.0,36.0,99.94,45.0,1951.59765625,365.8446910902858
2026-07-19T13:24:08.354441+00:00,9947.0,34.0,100.13,45.0,1951.59765625,366.20292484387755
2026-07-19T13:24:08.715491+00:00,9947.0,36.0,100.46,45.0,1951.59765625,366.56397453695536
2026-07-19T13:24:09.068697+00:00,9947.0,35.0,100.28,45.0,1951.59765625,366.9171810299158
2026-07-19T13:24:09.420356+00:00,9947.0,36.0,100.36,45.0,1951.59765625,367.2688409201801
2026-07-19T13:24:09.769573+00:00,10117.0,35.0,105.72,45.0,1951.59765625,367.61805810034275
2026-07-19T13:24:10.084068+00:00,10117.0,23.0,104.92,45.0,1951.59765625,367.9325489960611
2026-07-19T13:24:10.403277+00:00,10117.0,34.0,104.53,45.0,1951.59765625,368.25176192447543
2026-07-19T13:24:10.741686+00:00,10117.0,36.0,98.96,44.0,1951.59765625,368.590171020478
2026-07-19T13:24:11.103428+00:00,10117.0,36.0,99.94,44.0,1951.59765625,368.95191229879856
2026-07-19T13:24:11.461730+00:00,10117.0,35.0,100.24,44.0,1951.59765625,369.3102144114673
2026-07-19T13:24:11.770503+00:00,10117.0,35.0,100.1,44.0,1951.59765625,369.6189879514277
2026-07-19T13:24:12.125146+00:00,10117.0,36.0,100.3,44.0,1951.59765625,369.97363022342324
2026-07-19T13:24:12.482417+00:00,10117.0,37.0,100.3,44.0,1951.59765625,370.330900978297
2026-07-19T13:24:12.841145+00:00,10137.0,35.0,100.25,44.0,1951.59765625,370.68962420523167
2026-07-19T13:24:13.154913+00:00,10157.0,35.0,100.46,44.0,1951.6171875,371.003399271518
2026-07-19T13:24:13.466855+00:00,10177.0,37.0,100.83,44.0,1951.6171875,371.3153402842581
2026-07-19T13:24:13.821304+00:00,10197.0,36.0,101.17,44.0,1951.6171875,371.6697885543108
2026-07-19T13:24:14.178304+00:00,10477.0,36.0,107.86,45.0,1951.6171875,372.02678920701146
2026-07-19T13:24:14.509411+00:00,10477.0,36.0,107.8,44.0,1951.6171875,372.357896823436
2026-07-19T13:24:14.865625+00:00,10477.0,36.0,107.46,44.0,1951.6171875,372.714099381119
2026-07-19T13:24:15.221352+00:00,10477.0,36.0,100.17,44.0,1951.6171875,373.0698371194303
2026-07-19T13:24:15.586081+00:00,10477.0,36.0,100.02,44.0,1951.6171875,373.43456507846713
2026-07-19T13:24:15.920289+00:00,10477.0,36.0,100.06,44.0,1951.6171875,373.76877354830503
2026-07-19T13:24:16.279999+00:00,10477.0,35.0,100.46,44.0,1951.6171875,374.12848345935345
2026-07-19T13:24:16.639386+00:00,10477.0,35.0,100.56,44.0,1951.6171875,374.48787027969956
2026-07-19T13:24:17.000443+00:00,10477.0,34.0,100.47,44.0,1951.6171875,374.84892796725035
2026-07-19T13:24:17.357665+00:00,10477.0,36.0,100.24,44.0,1951.6171875,375.20614125579596
2026-07-19T13:24:17.715520+00:00,10477.0,36.0,100.02,44.0,1951.6171875,375.5639935955405
2026-07-19T13:24:18.049044+00:00,10477.0,36.0,100.15,44.0,1951.6171875,375.89752984791994
2026-07-19T13:24:18.403942+00:00,10477.0,36.0,100.36,44.0,1951.6171875,376.25242798775434
2026-07-19T13:24:18.719763+00:00,10517.0,36.0,100.53,44.0,1951.6171875,376.5682472847402
2026-07-19T13:24:19.076837+00:00,10539.0,36.0,100.69,44.0,1951.6171875,376.92532151564956
2026-07-19T13:24:19.431948+00:00,10559.0,36.0,100.79,44.0,1951.6171875,377.2804333604872
2026-07-19T13:24:19.789215+00:00,10579.0,36.0,101.07,44.0,1951.6171875,377.63770081475377
2026-07-19T13:24:20.147573+00:00,10599.0,36.0,101.29,44.0,1951.6171875,377.9960580319166
2026-07-19T13:24:20.449721+00:00,9017.0,70.0,138.65,49.0,1951.7421875,378.298205986619
2026-07-19T13:24:20.943755+00:00,8747.0,4.0,169.33,48.0,1952.76953125,378.7922377809882
2026-07-19T13:24:21.279305+00:00,29413.0,86.0,194.28,50.0,1952.9453125,379.1277900226414
2026-07-19T13:24:21.639560+00:00,30681.0,94.0,200.51,52.0,1952.95703125,379.48804438114166
2026-07-19T13:24:21.995593+00:00,30681.0,89.0,263.0,54.0,1952.96484375,379.8440781198442
2026-07-19T13:24:22.328858+00:00,8745.0,0.0,216.93,50.0,1953.3984375,380.1773428991437
2026-07-19T13:24:22.655827+00:00,8745.0,0.0,155.71,48.0,1953.52734375,380.5043108202517
2026-07-19T13:24:23.176586+00:00,8745.0,0.0,87.38,47.0,1955.40625,381.0250705629587
2026-07-19T13:24:23.540662+00:00,9075.0,35.0,102.11,48.0,1954.4375,381.38914493471384
2026-07-19T13:24:23.872052+00:00,9075.0,35.0,108.07,47.0,1954.4375,381.7205374278128
2026-07-19T13:24:24.225597+00:00,9075.0,37.0,115.39,47.0,1954.4375,382.0740820094943
2026-07-19T13:24:24.582774+00:00,9075.0,35.0,105.01,47.0,1954.4375,382.4312584362924
2026-07-19T13:24:24.941482+00:00,9075.0,33.0,104.43,46.0,1954.4375,382.7899665683508
2026-07-19T13:24:25.300147+00:00,9075.0,35.0,103.68,46.0,1954.4375,383.1486332155764
2026-07-19T13:24:25.635103+00:00,9075.0,36.0,103.08,46.0,1954.4375,383.4835885465145
2026-07-19T13:24:25.968088+00:00,9075.0,37.0,103.6,46.0,1954.4375,383.81657418981194
2026-07-19T13:24:26.297619+00:00,9075.0,36.0,103.52,46.0,1954.4375,384.1461036540568
2026-07-19T13:24:26.609290+00:00,9075.0,37.0,103.67,46.0,1954.4375,384.45777540281415
2026-07-19T13:24:26.964161+00:00,9075.0,36.0,103.84,46.0,1954.4375,384.81264600530267
2026-07-19T13:24:27.317004+00:00,9075.0,39.0,104.12,45.0,1954.4375,385.16548931226134
2026-07-19T13:24:27.676306+00:00,9327.0,54.0,116.8,46.0,1954.4375,385.524791572243
2026-07-19T13:24:28.034542+00:00,9327.0,37.0,116.73,46.0,1954.4375,385.88302605599165
2026-07-19T13:24:28.393451+00:00,9327.0,37.0,116.71,46.0,1954.4375,386.24193444103
2026-07-19T13:24:28.750606+00:00,9327.0,37.0,103.74,45.0,1954.4375,386.5990893281996
2026-07-19T13:24:29.110056+00:00,9327.0,22.0,102.91,45.0,1954.4375,386.9585408195853
2026-07-19T13:24:29.469720+00:00,9327.0,38.0,102.56,45.0,1954.4375,387.3182046338916
2026-07-19T13:24:29.828577+00:00,9327.0,37.0,102.59,45.0,1954.4375,387.6770619004965
2026-07-19T13:24:30.162518+00:00,9327.0,38.0,103.71,45.0,1954.4375,388.01100293546915
2026-07-19T13:24:30.522216+00:00,9327.0,38.0,104.22,45.0,1954.4375,388.3707006201148
2026-07-19T13:24:30.834590+00:00,9327.0,38.0,104.27,45.0,1954.4375,388.68307326361537
2026-07-19T13:24:31.169322+00:00,9327.0,35.0,103.71,45.0,1954.47265625,389.0178037174046
2026-07-19T13:24:31.479854+00:00,9327.0,37.0,103.02,45.0,1954.47265625,389.3283395320177
2026-07-19T13:24:31.836401+00:00,9327.0,37.0,102.56,45.0,1954.47265625,389.68488461896777
2026-07-19T13:24:32.191669+00:00,9327.0,38.0,103.44,45.0,1954.47265625,390.04015405476093
2026-07-19T13:24:32.548945+00:00,9615.0,37.0,116.42,45.0,1954.47265625,390.3974303007126
2026-07-19T13:24:32.909442+00:00,9615.0,38.0,116.43,45.0,1954.47265625,390.75792618095875
2026-07-19T13:24:33.266285+00:00,9615.0,38.0,112.79,45.0,1954.47265625,391.1147696338594
2026-07-19T13:24:33.621381+00:00,9615.0,37.0,103.56,45.0,1954.47265625,391.46985729411244
2026-07-19T13:24:33.950698+00:00,9615.0,37.0,103.32,45.0,1954.47265625,391.79918272793293
2026-07-19T13:24:34.306066+00:00,9615.0,38.0,103.55,45.0,1954.47265625,392.1545422524214
2026-07-19T13:24:34.662029+00:00,9749.0,37.0,117.6,46.0,1954.47265625,392.51051342114806
2026-07-19T13:24:35.018652+00:00,9749.0,38.0,117.79,45.0,1954.47265625,392.8671376518905
2026-07-19T13:24:35.354628+00:00,9749.0,37.0,117.68,45.0,1954.47265625,393.2031135484576
2026-07-19T13:24:35.712730+00:00,9749.0,27.0,103.08,45.0,1954.47265625,393.5612143166363
2026-07-19T13:24:36.046666+00:00,9749.0,38.0,102.9,45.0,1954.47265625,393.89515093714
2026-07-19T13:24:36.380927+00:00,9749.0,37.0,102.79,45.0,1954.47265625,394.22940941154957
2026-07-19T13:24:36.693124+00:00,9749.0,37.0,103.35,45.0,1954.47265625,394.5416089557111
2026-07-19T13:24:37.049858+00:00,9749.0,37.0,103.48,45.0,1954.47265625,394.8983426205814
2026-07-19T13:24:37.407083+00:00,9749.0,37.0,104.04,45.0,1954.47265625,395.2555664367974
2026-07-19T13:24:37.767817+00:00,9749.0,27.0,103.16,45.0,1954.47265625,395.616300906986
2026-07-19T13:24:38.125329+00:00,9749.0,35.0,102.99,45.0,1954.47265625,395.9738145060837
2026-07-19T13:24:38.474200+00:00,9749.0,36.0,102.78,45.0,1954.47265625,396.32268489152193
2026-07-19T13:24:38.830265+00:00,9749.0,37.0,103.64,45.0,1954.47265625,396.67875020205975
2026-07-19T13:24:39.190188+00:00,9749.0,34.0,103.01,45.0,1954.47265625,397.03866475075483
2026-07-19T13:24:39.527193+00:00,9749.0,38.0,102.94,45.0,1954.47265625,397.37567683681846
2026-07-19T13:24:39.841028+00:00,9749.0,36.0,103.28,45.0,1954.47265625,397.6895137950778
2026-07-19T13:24:40.151589+00:00,9749.0,38.0,104.01,45.0,1954.47265625,398.0000740289688
2026-07-19T13:24:40.510642+00:00,9749.0,38.0,104.22,45.0,1954.47265625,398.35912737995386
2026-07-19T13:24:40.827495+00:00,9749.0,39.0,104.22,45.0,1954.47265625,398.67597921565175
2026-07-19T13:24:41.156416+00:00,9773.0,36.0,104.25,45.0,1954.47265625,399.00490054115653
2026-07-19T13:24:41.511187+00:00,9857.0,37.0,104.57,45.0,1954.47265625,399.3596729338169
2026-07-19T13:24:41.821592+00:00,9881.0,39.0,104.8,45.0,1954.47265625,399.670077804476
2026-07-19T13:24:42.179113+00:00,9905.0,39.0,105.13,45.0,1954.47265625,400.02759770303965
2026-07-19T13:24:42.504375+00:00,9929.0,39.0,104.93,45.0,1954.47265625,400.3528592996299
2026-07-19T13:24:42.858426+00:00,9953.0,38.0,104.75,45.0,1954.47265625,400.7069113254547
2026-07-19T13:24:43.215304+00:00,9977.0,37.0,104.81,45.0,1954.47265625,401.06378856673837
2026-07-19T13:24:43.549797+00:00,10001.0,38.0,104.98,45.0,1954.47265625,401.39828227087855
2026-07-19T13:24:43.900944+00:00,10025.0,38.0,105.46,45.0,1954.47265625,401.74942910671234
2026-07-19T13:24:44.264769+00:00,10077.0,79.0,159.74,50.0,1954.5390625,402.1132506430149
2026-07-19T13:24:44.622759+00:00,9537.0,76.0,225.04,52.0,1954.5390625,402.47124199569225
2026-07-19T13:24:45.043154+00:00,23553.0,65.0,244.76,51.0,1954.54296875,402.8916384279728
2026-07-19T13:24:45.402030+00:00,51953.0,100.0,228.83,53.0,1955.015625,403.25051394850016
2026-07-19T13:24:45.738893+00:00,53151.0,89.0,232.48,55.0,1955.015625,403.58737835660577
2026-07-19T13:24:46.102466+00:00,53151.0,89.0,296.7,57.0,1955.015625,403.9509504213929
2026-07-19T13:24:46.463217+00:00,53151.0,89.0,304.33,58.0,1955.015625,404.31170140206814
2026-07-19T13:24:46.799933+00:00,9537.0,97.0,269.14,56.0,1955.015625,404.64841717481613
2026-07-19T13:24:47.270830+00:00,9541.0,21.0,180.27,52.0,1955.015625,405.1193144954741
2026-07-19T13:24:47.625315+00:00,9541.0,33.0,109.36,51.0,1955.015625,405.4737990498543
2026-07-19T13:24:47.956771+00:00,9545.0,34.0,101.1,50.0,1955.015625,405.8052565343678
2026-07-19T13:24:48.314608+00:00,9545.0,34.0,102.58,50.0,1955.015625,406.16309094801545
2026-07-19T13:24:48.679445+00:00,9565.0,34.0,102.38,49.0,1955.015625,406.52793008089066
2026-07-19T13:24:49.034350+00:00,9589.0,34.0,102.04,49.0,1955.015625,406.88283437117934
2026-07-19T13:24:49.370757+00:00,9609.0,33.0,101.83,48.0,1955.015625,407.21924141421914
2026-07-19T13:24:49.734865+00:00,9651.0,32.0,101.38,48.0,1955.015625,407.5833507888019
2026-07-19T13:24:50.064093+00:00,9671.0,34.0,101.26,48.0,1955.015625,407.9125674441457
2026-07-19T13:24:50.422819+00:00,9691.0,34.0,101.51,48.0,1955.015625,408.2713033556938
2026-07-19T13:24:50.779467+00:00,9893.0,34.0,103.5,47.0,1955.015625,408.62795121222734
2026-07-19T13:24:51.132906+00:00,9893.0,35.0,102.62,47.0,1955.015625,408.98139114305377
2026-07-19T13:24:51.488015+00:00,9893.0,33.0,101.75,47.0,1955.015625,409.3364977389574
2026-07-19T13:24:51.853294+00:00,9893.0,34.0,97.96,47.0,1955.015625,409.7017795778811
2026-07-19T13:24:52.187674+00:00,9893.0,33.0,98.36,46.0,1955.015625,410.0361590757966
2026-07-19T13:24:52.547486+00:00,9893.0,34.0,98.71,46.0,1955.015625,410.39597081020474
2026-07-19T13:24:52.876741+00:00,9893.0,34.0,99.45,46.0,1955.015625,410.72522488981485
2026-07-19T13:24:53.232902+00:00,9893.0,34.0,98.93,46.0,1955.015625,411.08138619735837
2026-07-19T13:24:53.589138+00:00,9893.0,34.0,98.84,46.0,1955.015625,411.4376197718084
2026-07-19T13:24:53.920790+00:00,9893.0,34.0,98.72,46.0,1955.015625,411.7692738138139
2026-07-19T13:24:54.281627+00:00,9921.0,33.0,98.94,46.0,1955.015625,412.13011199980974
2026-07-19T13:24:54.592567+00:00,9945.0,35.0,99.17,46.0,1955.015625,412.44105311855674
2026-07-19T13:24:54.931746+00:00,9985.0,35.0,99.55,46.0,1955.015625,412.78023148328066
2026-07-19T13:24:55.288887+00:00,10269.0,40.0,101.98,46.0,1955.015625,413.13737186044455
2026-07-19T13:24:55.646747+00:00,10269.0,35.0,101.65,45.0,1955.015625,413.49523152038455
2026-07-19T13:24:56.004770+00:00,10269.0,29.0,99.97,45.0,1955.015625,413.8532549254596
2026-07-19T13:24:56.337010+00:00,10269.0,34.0,97.07,45.0,1955.015625,414.18548649922013
2026-07-19T13:24:56.693228+00:00,10269.0,33.0,97.11,45.0,1955.015625,414.5417041480541
2026-07-19T13:24:57.051557+00:00,10269.0,33.0,98.01,45.0,1955.015625,414.9000403434038
2026-07-19T13:24:57.409389+00:00,10269.0,34.0,97.98,45.0,1955.015625,415.2578736804426
2026-07-19T13:24:57.742324+00:00,10269.0,34.0,98.32,45.0,1955.015625,415.5908094011247
2026-07-19T13:24:58.101262+00:00,10269.0,34.0,98.44,45.0,1955.015625,415.94974587112665
2026-07-19T13:24:58.461562+00:00,10269.0,34.0,98.47,45.0,1955.015625,416.3100455440581
2026-07-19T13:24:58.823181+00:00,10269.0,34.0,98.43,45.0,1955.015625,416.67166390269995
2026-07-19T13:24:59.160626+00:00,10269.0,34.0,98.54,45.0,1955.015625,417.0091069675982
2026-07-19T13:24:59.494349+00:00,10269.0,32.0,98.55,45.0,1955.015625,417.34283124282956
2026-07-19T13:24:59.850060+00:00,10269.0,35.0,98.59,45.0,1955.015625,417.6985445320606
2026-07-19T13:25:00.209235+00:00,10309.0,35.0,98.96,45.0,1955.015625,418.05770894140005
2026-07-19T13:25:00.574362+00:00,10329.0,35.0,98.83,45.0,1955.015625,418.42284527421
2026-07-19T13:25:00.938462+00:00,10349.0,35.0,98.86,45.0,1955.015625,418.7869467139244
2026-07-19T13:25:01.299746+00:00,10369.0,36.0,99.15,45.0,1955.015625,419.14823042601347
2026-07-19T13:25:01.658581+00:00,10409.0,34.0,99.38,44.0,1955.015625,419.5070658661425
2026-07-19T13:25:01.994323+00:00,10429.0,35.0,99.36,44.0,1955.015625,419.8428079113364
2026-07-19T13:25:02.357783+00:00,10467.0,34.0,99.07,44.0,1955.015625,420.2062653787434
2026-07-19T13:25:02.717137+00:00,10487.0,34.0,99.19,44.0,1955.015625,420.5656210258603
2026-07-19T13:25:03.030121+00:00,10507.0,36.0,99.36,44.0,1955.015625,420.87860541418195
2026-07-19T13:25:03.394402+00:00,11027.0,36.0,101.71,45.0,1955.015625,421.24288742244244
2026-07-19T13:25:03.755451+00:00,11027.0,34.0,100.94,44.0,1955.015625,421.60393631085753
2026-07-19T13:25:04.112956+00:00,11027.0,33.0,100.15,44.0,1955.015625,421.96144150197506
2026-07-19T13:25:04.476070+00:00,11027.0,33.0,97.4,44.0,1955.015625,422.32455575466156
2026-07-19T13:25:04.834254+00:00,11027.0,34.0,97.55,44.0,1955.015625,422.68273761868477
2026-07-19T13:25:05.171427+00:00,11027.0,34.0,97.69,44.0,1955.015625,423.0199113674462
2026-07-19T13:25:05.530894+00:00,11027.0,33.0,97.93,44.0,1955.015625,423.379377566278
2026-07-19T13:25:05.893997+00:00,11027.0,34.0,98.08,44.0,1955.015625,423.74248207733035
2026-07-19T13:25:06.225923+00:00,11027.0,34.0,98.23,44.0,1955.015625,424.07440799102187
2026-07-19T13:25:06.535133+00:00,11027.0,34.0,98.18,44.0,1955.015625,424.3836171403527
2026-07-19T13:25:06.854282+00:00,11027.0,34.0,98.15,44.0,1955.015625,424.70276687666774
2026-07-19T13:25:07.216785+00:00,11027.0,33.0,98.1,44.0,1955.015625,425.0652694143355
2026-07-19T13:25:07.574432+00:00,11027.0,34.0,98.12,44.0,1955.015625,425.42291709408164
2026-07-19T13:25:07.896501+00:00,11027.0,34.0,98.18,44.0,1955.015625,425.7449858561158
2026-07-19T13:25:08.248353+00:00,11027.0,35.0,98.38,44.0,1955.015625,426.0968368239701
2026-07-19T13:25:08.560339+00:00,11027.0,35.0,98.68,44.0,1955.015625,426.40882329270244
2026-07-19T13:25:08.895030+00:00,9261.0,57.0,123.4,47.0,1955.015625,426.74351409077644
2026-07-19T13:25:09.401642+00:00,11409.0,4.0,142.36,46.0,1955.015625,427.2501270659268
2026-07-19T13:25:09.759223+00:00,23625.0,66.0,158.17,48.0,1955.40625,427.60770535469055
2026-07-19T13:25:10.124893+00:00,24135.0,55.0,164.77,50.0,1955.40625,427.9733682908118
2026-07-19T13:25:10.483215+00:00,9183.0,63.0,195.19,49.0,1955.40625,428.33169678226113
2026-07-19T13:25:11.068261+00:00,9183.0,0.0,159.44,47.0,1955.40625,428.9167454466224
2026-07-19T13:25:11.413759+00:00,9187.0,32.0,92.48,46.0,1955.40625,429.26223796606064
2026-07-19T13:25:11.727555+00:00,9187.0,34.0,95.74,46.0,1955.40625,429.5760167464614
2026-07-19T13:25:12.087702+00:00,9191.0,33.0,100.67,46.0,1955.40625,429.93618697300553
2026-07-19T13:25:12.446921+00:00,9211.0,33.0,99.41,45.0,1955.40625,430.2954058237374
2026-07-19T13:25:12.808463+00:00,9231.0,32.0,99.23,45.0,1955.40625,430.6569454744458
2026-07-19T13:25:13.123085+00:00,9255.0,33.0,99.01,45.0,1955.40625,430.97155191749334
2026-07-19T13:25:13.462908+00:00,9275.0,34.0,98.77,45.0,1955.40625,431.3113852292299
2026-07-19T13:25:13.820213+00:00,9297.0,35.0,99.08,45.0,1955.40625,431.6686983630061
2026-07-19T13:25:14.133268+00:00,9317.0,34.0,99.24,45.0,1955.40625,431.98175276070833
2026-07-19T13:25:14.494001+00:00,9337.0,34.0,99.39,45.0,1955.40625,432.3424747809768
2026-07-19T13:25:14.803959+00:00,9357.0,33.0,99.33,45.0,1955.40625,432.6524399481714
2026-07-19T13:25:15.096638+00:00,9389.0,33.0,99.33,45.0,1955.40625,432.9451230838895
2026-07-19T13:25:15.432261+00:00,9409.0,34.0,99.58,45.0,1955.40625,433.28074745833874
2026-07-19T13:25:15.766471+00:00,9429.0,35.0,99.57,45.0,1955.40625,433.61494851112366
2026-07-19T13:25:16.125782+00:00,9747.0,39.0,102.05,45.0,1955.40625,433.97426683828235
2026-07-19T13:25:16.487299+00:00,9747.0,33.0,101.35,44.0,1955.40625,434.33577032759786
2026-07-19T13:25:16.801088+00:00,9747.0,34.0,100.59,44.0,1955.40625,434.6495699323714
2026-07-19T13:25:17.156267+00:00,9747.0,34.0,97.46,44.0,1955.4140625,435.0047515556216
2026-07-19T13:25:17.512751+00:00,9747.0,34.0,97.71,44.0,1955.4140625,435.3612356521189
2026-07-19T13:25:17.868693+00:00,9747.0,33.0,98.16,44.0,1955.4140625,435.71716863289475
2026-07-19T13:25:18.202460+00:00,9747.0,34.0,98.18,44.0,1955.4140625,436.05094465985894
2026-07-19T13:25:18.559727+00:00,9747.0,32.0,97.69,44.0,1955.4140625,436.4082100428641
2026-07-19T13:25:18.916079+00:00,9747.0,34.0,97.38,44.0,1955.41796875,436.7645505294204
2026-07-19T13:25:19.273458+00:00,9747.0,33.0,97.33,44.0,1955.41796875,437.121938098222
2026-07-19T13:25:19.607344+00:00,9747.0,35.0,97.95,44.0,1955.41796875,437.4558294340968
2026-07-19T13:25:19.939853+00:00,9747.0,32.0,98.38,44.0,1955.41796875,437.7883391082287
2026-07-19T13:25:20.299172+00:00,9747.0,32.0,98.76,44.0,1955.41796875,438.14765632525086
2026-07-19T13:25:20.636134+00:00,9747.0,34.0,98.35,44.0,1955.41796875,438.4846192486584
2026-07-19T13:25:20.970936+00:00,10075.0,33.0,98.24,44.0,1955.41796875,438.8194169551134
2026-07-19T13:25:21.334341+00:00,10075.0,33.0,100.05,44.0,1955.41796875,439.1828184761107
2026-07-19T13:25:21.696677+00:00,10075.0,32.0,99.53,44.0,1955.41796875,439.5451495870948
2026-07-19T13:25:22.053428+00:00,10075.0,34.0,97.0,44.0,1955.41796875,439.90190978348255
2026-07-19T13:25:22.412131+00:00,10075.0,32.0,96.96,44.0,1955.41796875,440.26060765236616
2026-07-19T13:25:22.768821+00:00,10075.0,34.0,97.19,44.0,1955.41796875,440.6173053942621
2026-07-19T13:25:23.133359+00:00,10075.0,33.0,97.07,44.0,1955.41796875,440.98184242099524
2026-07-19T13:25:23.496604+00:00,10075.0,34.0,97.2,44.0,1955.41796875,441.34508669003844
2026-07-19T13:25:23.813103+00:00,10075.0,34.0,97.13,44.0,1955.41796875,441.6615884117782
2026-07-19T13:25:24.127495+00:00,10075.0,32.0,97.22,44.0,1955.41796875,441.9759802892804
2026-07-19T13:25:24.444129+00:00,10075.0,35.0,97.09,44.0,1955.41796875,442.29261450469494
2026-07-19T13:25:24.808095+00:00,10075.0,33.0,97.05,44.0,1955.41796875,442.65657126903534
2026-07-19T13:25:25.171682+00:00,10075.0,34.0,97.57,44.0,1955.41796875,443.0201507471502
2026-07-19T13:25:25.510319+00:00,10075.0,33.0,97.85,44.0,1955.41796875,443.358804628253
2026-07-19T13:25:25.870360+00:00,10075.0,34.0,98.23,43.0,1955.41796875,443.71884221956134
2026-07-19T13:25:26.209642+00:00,10075.0,34.0,97.9,44.0,1955.41796875,444.0581265427172
2026-07-19T13:25:26.549030+00:00,10095.0,34.0,97.81,44.0,1955.41796875,444.3975056037307
2026-07-19T13:25:26.909219+00:00,10115.0,35.0,97.92,43.0,1955.41796875,444.7576927356422
2026-07-19T13:25:27.246230+00:00,10135.0,35.0,98.01,43.0,1955.41796875,445.09471529349685
2026-07-19T13:25:27.603833+00:00,10175.0,33.0,98.22,43.0,1955.41796875,445.4523181542754
2026-07-19T13:25:27.962711+00:00,10195.0,26.0,97.87,43.0,1955.41796875,445.81119594722986
2026-07-19T13:25:28.325120+00:00,10233.0,34.0,97.83,43.0,1955.41796875,446.1736050993204
2026-07-19T13:25:28.681620+00:00,10253.0,32.0,97.82,43.0,1955.41796875,446.5300973318517
2026-07-19T13:25:29.045750+00:00,10273.0,34.0,98.29,43.0,1955.41796875,446.8942330442369
2026-07-19T13:25:29.388720+00:00,10293.0,33.0,98.42,43.0,1955.41796875,447.23719545826316
2026-07-19T13:25:29.744207+00:00,10821.0,34.0,100.96,43.0,1955.41796875,447.59269158914685
2026-07-19T13:25:30.104579+00:00,10821.0,33.0,100.31,43.0,1955.41796875,447.95306269451976
2026-07-19T13:25:30.456105+00:00,10821.0,33.0,99.25,43.0,1955.41796875,448.3045895546675
2026-07-19T13:25:30.813203+00:00,10821.0,34.0,96.15,43.0,1955.41796875,448.66168915852904
2026-07-19T13:25:31.170902+00:00,10821.0,32.0,96.22,43.0,1955.41796875,449.0193868689239
2026-07-19T13:25:31.530096+00:00,10821.0,34.0,96.87,43.0,1955.41796875,449.3785811290145
2026-07-19T13:25:31.888761+00:00,10821.0,34.0,97.92,43.0,1955.41796875,449.73724116384983
2026-07-19T13:25:32.245792+00:00,10821.0,35.0,97.77,43.0,1955.41796875,450.09427727013826
2026-07-19T13:25:32.581093+00:00,10821.0,35.0,97.32,43.0,1955.41796875,450.429578948766
2026-07-19T13:25:32.939909+00:00,10821.0,34.0,96.96,43.0,1955.41796875,450.7883939258754
2026-07-19T13:25:33.293013+00:00,10821.0,27.0,96.4,43.0,1955.41796875,451.14149410277605
2026-07-19T13:25:33.622464+00:00,10821.0,21.0,95.75,43.0,1955.41796875,451.4709493368864
2026-07-19T13:25:33.977837+00:00,10821.0,25.0,94.97,43.0,1955.41796875,451.82631143555045
2026-07-19T13:25:34.339000+00:00,10821.0,33.0,95.74,43.0,1955.41796875,452.1874846890569
2026-07-19T13:25:34.699741+00:00,10821.0,22.0,95.82,43.0,1955.41796875,452.54822620376945
2026-07-19T13:25:35.041509+00:00,10821.0,34.0,96.58,43.0,1955.41796875,452.8899935595691
2026-07-19T13:25:35.376802+00:00,10821.0,31.0,96.35,43.0,1955.41796875,453.2252877354622
2026-07-19T13:25:35.734288+00:00,10821.0,34.0,97.89,43.0,1955.41796875,453.58276437595487
2026-07-19T13:25:36.095143+00:00,10821.0,33.0,97.91,43.0,1955.41796875,453.9436277113855
2026-07-19T13:25:36.429972+00:00,10821.0,33.0,97.63,43.0,1955.41796875,454.27845699712634
2026-07-19T13:25:36.789879+00:00,10821.0,34.0,97.88,43.0,1955.41796875,454.6383643783629
2026-07-19T13:25:37.146237+00:00,10821.0,25.0,97.72,43.0,1955.41796875,454.99472231417894
2026-07-19T13:25:37.508692+00:00,10821.0,34.0,98.24,43.0,1955.41796875,455.35716366022825
2026-07-19T13:25:37.871872+00:00,10821.0,36.0,98.53,43.0,1955.41796875,455.720357850194
2026-07-19T13:25:38.231845+00:00,9273.0,59.0,124.75,46.0,1955.41796875,456.08032877743244
2026-07-19T13:25:38.763177+00:00,13789.0,21.0,150.29,46.0,1955.4453125,456.61166129633784
2026-07-19T13:25:39.103593+00:00,23689.0,68.0,173.84,47.0,1955.4453125,456.9520671106875
2026-07-19T13:25:39.471088+00:00,24197.0,76.0,175.06,50.0,1955.4453125,457.31957142427564
2026-07-19T13:25:39.809031+00:00,9221.0,70.0,203.81,49.0,1955.4453125,457.65751511603594
2026-07-19T13:25:40.288508+00:00,9221.0,0.0,160.23,47.0,1955.4453125,458.13698944449425
2026-07-19T13:25:40.610793+00:00,9223.0,33.0,109.31,46.0,1955.4453125,458.4592772349715
2026-07-19T13:25:40.968674+00:00,9223.0,32.0,95.45,45.0,1955.4453125,458.8171586319804
2026-07-19T13:25:41.327851+00:00,9223.0,33.0,100.15,45.0,1955.4453125,459.17633478716016
2026-07-19T13:25:41.687689+00:00,9247.0,30.0,98.27,45.0,1955.4453125,459.5361731015146
2026-07-19T13:25:42.037763+00:00,9269.0,33.0,98.49,45.0,1955.4453125,459.8862488679588
2026-07-19T13:25:42.394776+00:00,9289.0,33.0,98.53,45.0,1955.4453125,460.2432596087456
2026-07-19T13:25:42.757811+00:00,9309.0,33.0,98.77,45.0,1955.4453125,460.606296621263
2026-07-19T13:25:43.117042+00:00,9333.0,33.0,98.75,44.0,1955.4453125,460.9655262604356
2026-07-19T13:25:43.481096+00:00,9355.0,33.0,98.91,44.0,1955.4453125,461.32958117872477
2026-07-19T13:25:43.841248+00:00,9395.0,33.0,98.63,44.0,1955.4453125,461.68973303586245
2026-07-19T13:25:44.169550+00:00,9415.0,34.0,98.7,44.0,1955.4453125,462.01803452149034
2026-07-19T13:25:44.500429+00:00,9435.0,33.0,98.6,44.0,1955.4453125,462.34891368821263
2026-07-19T13:25:44.853664+00:00,9461.0,35.0,99.24,44.0,1955.4453125,462.7021472081542
2026-07-19T13:25:45.173775+00:00,9487.0,34.0,99.1,44.0,1955.4453125,463.02225904911757
2026-07-19T13:25:45.489380+00:00,9815.0,37.0,101.14,44.0,1955.4453125,463.3378656208515
2026-07-19T13:25:45.780349+00:00,9815.0,33.0,100.75,44.0,1955.4453125,463.62883323058486
2026-07-19T13:25:46.138051+00:00,9815.0,33.0,100.63,44.0,1955.4453125,463.9865362495184
2026-07-19T13:25:46.498170+00:00,9815.0,32.0,98.0,44.0,1955.4453125,464.3466550372541
2026-07-19T13:25:46.857199+00:00,9815.0,33.0,98.22,44.0,1955.4453125,464.7056837640703
2026-07-19T13:25:47.213840+00:00,9815.0,34.0,98.05,44.0,1955.4453125,465.0623243264854
2026-07-19T13:25:47.554087+00:00,9815.0,33.0,98.27,44.0,1955.4453125,465.4025728031993
2026-07-19T13:25:47.914073+00:00,9967.0,33.0,100.38,44.0,1955.4453125,465.76254999265075
2026-07-19T13:25:48.265633+00:00,9967.0,33.0,101.17,44.0,1955.4453125,466.1141080185771
2026-07-19T13:25:48.627367+00:00,9967.0,35.0,101.38,44.0,1955.4453125,466.4758524261415
2026-07-19T13:25:48.933207+00:00,9967.0,34.0,99.16,44.0,1955.4453125,466.78169337660074
2026-07-19T13:25:49.265306+00:00,9967.0,35.0,98.34,44.0,1955.4453125,467.11379135400057
2026-07-19T13:25:49.623657+00:00,9967.0,33.0,97.49,44.0,1955.4453125,467.47214060649276
2026-07-19T13:25:49.980029+00:00,9967.0,34.0,96.43,43.0,1955.4453125,467.82851400226355
2026-07-19T13:25:50.332475+00:00,9967.0,32.0,95.63,43.0,1955.4453125,468.1809607334435
2026-07-19T13:25:50.664465+00:00,9967.0,33.0,95.7,43.0,1955.4453125,468.5129419118166
2026-07-19T13:25:51.021077+00:00,9967.0,35.0,96.5,43.0,1955.4453125,468.8695626668632
2026-07-19T13:25:51.377224+00:00,9967.0,34.0,97.42,43.0,1955.4453125,469.225701674819
2026-07-19T13:25:51.739740+00:00,9967.0,33.0,97.6,43.0,1955.4453125,469.58822459727526
2026-07-19T13:25:52.100333+00:00,9967.0,33.0,97.69,43.0,1955.4453125,469.94881849735975
2026-07-19T13:25:52.410477+00:00,9967.0,34.0,97.57,43.0,1955.4453125,470.2589616179466
2026-07-19T13:25:52.770492+00:00,9967.0,33.0,97.63,43.0,1955.4453125,470.6189775839448
2026-07-19T13:25:53.129231+00:00,9967.0,32.0,97.88,43.0,1955.4453125,470.9777161665261
2026-07-19T13:25:53.485947+00:00,10007.0,33.0,98.37,43.0,1955.4453125,471.33443235605955
2026-07-19T13:25:53.822626+00:00,10027.0,35.0,98.2,43.0,1955.4453125,471.6711100526154
2026-07-19T13:25:54.185550+00:00,10047.0,34.0,98.33,43.0,1955.4453125,472.03403410315514
2026-07-19T13:25:54.546661+00:00,10067.0,34.0,98.33,43.0,1955.4453125,472.3951462954283
2026-07-19T13:25:54.902326+00:00,10087.0,19.0,97.25,43.0,1955.4453125,472.75081192329526
2026-07-19T13:25:55.216889+00:00,10107.0,34.0,97.14,43.0,1955.4453125,473.06537437066436
2026-07-19T13:25:55.532607+00:00,10127.0,33.0,96.98,43.0,1955.4453125,473.3810838200152
2026-07-19T13:25:55.824510+00:00,10165.0,33.0,98.03,43.0,1955.4453125,473.67299484461546
2026-07-19T13:25:56.183845+00:00,10185.0,34.0,98.31,43.0,1955.4453125,474.03232986852527
2026-07-19T13:25:56.543045+00:00,10205.0,35.0,98.49,43.0,1955.4453125,474.391530290246
2026-07-19T13:25:56.898392+00:00,10245.0,35.0,98.88,43.0,1955.4453125,474.7468674965203
2026-07-19T13:25:57.255812+00:00,10265.0,34.0,99.07,43.0,1955.4453125,475.1042975075543
2026-07-19T13:25:57.613941+00:00,10841.0,32.0,101.35,43.0,1955.4453125,475.4624256528914
2026-07-19T13:25:57.929715+00:00,10841.0,34.0,100.66,43.0,1955.4453125,475.7782013043761
2026-07-19T13:25:58.290427+00:00,10841.0,32.0,99.62,43.0,1955.4453125,476.1389106437564
2026-07-19T13:25:58.645138+00:00,10841.0,34.0,97.14,43.0,1955.4453125,476.49361553415656
2026-07-19T13:25:58.972564+00:00,10841.0,34.0,96.99,43.0,1955.4453125,476.8210491463542
2026-07-19T13:25:59.329702+00:00,10841.0,33.0,97.17,43.0,1955.4453125,477.17818722873926
2026-07-19T13:25:59.689950+00:00,10841.0,33.0,97.06,43.0,1955.4453125,477.5384354069829
2026-07-19T13:26:00.051885+00:00,10841.0,34.0,97.21,43.0,1955.4453125,477.90036971494555
2026-07-19T13:26:00.411722+00:00,10841.0,35.0,97.32,43.0,1955.4453125,478.2601927779615
2026-07-19T13:26:00.728210+00:00,10841.0,36.0,97.15,43.0,1955.4453125,478.57669435814023
2026-07-19T13:26:01.080764+00:00,10841.0,34.0,97.06,43.0,1955.4453125,478.9292492903769
2026-07-19T13:26:01.392349+00:00,9489.0,46.0,109.33,45.0,1955.4921875,479.2408295199275
2026-07-19T13:26:01.908125+00:00,9489.0,29.0,144.43,46.0,1955.5546875,479.7566080503166
2026-07-19T13:26:02.243807+00:00,24375.0,66.0,164.39,47.0,1956.15625,480.0922926142812
2026-07-19T13:26:02.582281+00:00,24961.0,72.0,173.4,49.0,1956.15625,480.4307668991387
2026-07-19T13:26:02.943132+00:00,24387.0,85.0,207.87,50.0,1956.15625,480.7916146889329
2026-07-19T13:26:03.310709+00:00,9491.0,0.0,179.04,47.0,1956.15625,481.15918872877955
2026-07-19T13:26:03.644683+00:00,9491.0,22.0,133.87,46.0,1956.15625,481.49316819384694
2026-07-19T13:26:04.003397+00:00,9493.0,33.0,93.11,46.0,1956.15625,481.85188219696283
2026-07-19T13:26:04.357490+00:00,9497.0,33.0,97.63,45.0,1956.15625,482.20596308261156
2026-07-19T13:26:04.714274+00:00,9497.0,34.0,97.94,45.0,1956.15625,482.56275687739253
2026-07-19T13:26:05.076775+00:00,9517.0,33.0,97.69,45.0,1956.15625,482.9252589568496
2026-07-19T13:26:05.442040+00:00,9537.0,33.0,97.63,45.0,1956.15625,483.2905170992017
2026-07-19T13:26:05.801784+00:00,9561.0,32.0,97.2,44.0,1956.15625,483.65025332942605
2026-07-19T13:26:06.166033+00:00,9581.0,33.0,97.15,44.0,1956.15625,484.0145176127553
2026-07-19T13:26:06.479298+00:00,9601.0,33.0,97.42,44.0,1956.15625,484.32778350263834
2026-07-19T13:26:06.836564+00:00,9643.0,33.0,98.13,44.0,1956.15625,484.6850491091609
2026-07-19T13:26:07.194299+00:00,9663.0,33.0,98.02,44.0,1956.15625,485.04277707636356
2026-07-19T13:26:07.551958+00:00,9687.0,35.0,97.91,44.0,1956.15625,485.40043234080076
2026-07-19T13:26:07.905278+00:00,9715.0,34.0,97.82,44.0,1956.15625,485.7537618763745
2026-07-19T13:26:08.262173+00:00,9735.0,33.0,98.09,44.0,1956.15625,486.1106499992311
2026-07-19T13:26:08.618040+00:00,9755.0,35.0,98.32,44.0,1956.15625,486.46652618795633
2026-07-19T13:26:08.975395+00:00,9795.0,34.0,98.39,44.0,1956.15625,486.82388062775135
2026-07-19T13:26:09.291823+00:00,9815.0,35.0,98.03,44.0,1956.15625,487.14029474183917
2026-07-19T13:26:09.628976+00:00,9835.0,34.0,98.03,44.0,1956.15625,487.4774572663009
2026-07-19T13:26:09.944531+00:00,9855.0,34.0,97.96,44.0,1956.15625,487.7930141091347
2026-07-19T13:26:10.303453+00:00,9875.0,35.0,98.08,44.0,1956.15625,488.1519322581589
2026-07-19T13:26:10.662381+00:00,10285.0,32.0,100.44,44.0,1956.15625,488.5108664818108
2026-07-19T13:26:10.999627+00:00,10285.0,33.0,100.02,44.0,1956.15625,488.84810235723853
2026-07-19T13:26:11.353332+00:00,10285.0,30.0,99.62,43.0,1956.15625,489.20181535184383
2026-07-19T13:26:11.716948+00:00,10285.0,33.0,97.04,43.0,1956.15625,489.5654206573963
2026-07-19T13:26:12.081078+00:00,10285.0,32.0,96.99,43.0,1956.15625,489.9295537173748
2026-07-19T13:26:12.438201+00:00,10285.0,34.0,97.04,43.0,1956.15625,490.2866841070354
2026-07-19T13:26:12.801118+00:00,10285.0,34.0,97.24,43.0,1956.15625,490.64960354939103
2026-07-19T13:26:13.139671+00:00,10437.0,34.0,99.51,43.0,1956.15625,490.988154027611
2026-07-19T13:26:13.474992+00:00,10437.0,33.0,99.47,43.0,1956.15625,491.32347659021616
2026-07-19T13:26:13.833795+00:00,10437.0,30.0,99.1,43.0,1956.15625,491.6822781562805
2026-07-19T13:26:14.196707+00:00,10437.0,32.0,96.76,43.0,1956.15625,492.0451889075339
2026-07-19T13:26:14.557525+00:00,10437.0,34.0,96.85,43.0,1956.15625,492.4060014747083
2026-07-19T13:26:14.918615+00:00,10437.0,35.0,97.06,43.0,1956.15625,492.7670996412635
2026-07-19T13:26:15.280284+00:00,10437.0,34.0,97.02,43.0,1956.15625,493.1287651434541
2026-07-19T13:26:15.641148+00:00,10437.0,34.0,97.06,43.0,1956.15625,493.4896328933537
2026-07-19T13:26:15.998626+00:00,10437.0,33.0,97.31,43.0,1956.15625,493.8471034690738
2026-07-19T13:26:16.336978+00:00,10437.0,35.0,97.62,43.0,1956.15625,494.18546256795526
2026-07-19T13:26:16.685698+00:00,10437.0,35.0,97.94,43.0,1956.15625,494.5341833345592
2026-07-19T13:26:17.046019+00:00,10679.0,33.0,100.33,43.0,1956.15625,494.8945046402514
2026-07-19T13:26:17.400959+00:00,10679.0,32.0,99.82,43.0,1956.15625,495.24944251030684
2026-07-19T13:26:17.761289+00:00,10679.0,34.0,99.33,43.0,1956.15625,495.6097746193409
2026-07-19T13:26:18.119519+00:00,10679.0,34.0,96.83,43.0,1956.15625,495.9679907299578
2026-07-19T13:26:18.472675+00:00,10679.0,33.0,96.89,43.0,1956.15625,496.32115637883544
2026-07-19T13:26:18.825276+00:00,10679.0,34.0,97.27,43.0,1956.15625,496.67375779896975
2026-07-19T13:26:19.162399+00:00,10679.0,33.0,97.39,43.0,1956.15625,497.0108816213906
2026-07-19T13:26:19.518728+00:00,10679.0,33.0,97.39,43.0,1956.15625,497.36721328645945
2026-07-19T13:26:19.876918+00:00,10679.0,22.0,96.36,43.0,1956.15625,497.72540352493525
2026-07-19T13:26:20.240387+00:00,10679.0,34.0,96.42,43.0,1956.15625,498.0888713300228
2026-07-19T13:26:20.598793+00:00,10679.0,34.0,96.64,43.0,1956.15625,498.4472781717777
2026-07-19T13:26:20.953854+00:00,10679.0,35.0,97.87,43.0,1956.15625,498.80233953893185
2026-07-19T13:26:21.313869+00:00,10679.0,35.0,98.14,43.0,1956.15625,499.16235007345676
2026-07-19T13:26:21.674205+00:00,10679.0,34.0,98.05,43.0,1956.15625,499.5226901099086
2026-07-19T13:26:22.009491+00:00,10679.0,34.0,97.95,43.0,1956.16015625,499.857960999012
2026-07-19T13:26:22.344475+00:00,10679.0,34.0,98.02,43.0,1956.16015625,500.19295946136117
2026-07-19T13:26:22.696286+00:00,10679.0,34.0,97.91,43.0,1956.16015625,500.5447697080672
2026-07-19T13:26:23.054010+00:00,10679.0,35.0,98.06,43.0,1956.1640625,500.90249513462186
2026-07-19T13:26:23.412631+00:00,10679.0,36.0,98.58,43.0,1956.1640625,501.2611167281866
2026-07-19T13:26:23.769441+00:00,10699.0,35.0,98.93,43.0,1956.16796875,501.6179257556796
2026-07-19T13:26:24.107090+00:00,10737.0,34.0,99.09,43.0,1956.16796875,501.95556474104524
2026-07-19T13:26:24.469548+00:00,10757.0,35.0,98.96,43.0,1956.171875,502.31803297251463
2026-07-19T13:26:24.829919+00:00,10797.0,35.0,99.05,43.0,1956.17578125,502.6784048527479
2026-07-19T13:26:25.186118+00:00,10817.0,34.0,99.08,43.0,1956.17578125,503.03459203243256
2026-07-19T13:26:25.548572+00:00,10837.0,35.0,99.01,43.0,1956.19140625,503.3970560953021
2026-07-19T13:26:25.901371+00:00,10857.0,35.0,99.15,43.0,1956.19140625,503.7498560808599
2026-07-19T13:26:26.262459+00:00,10879.0,35.0,99.11,43.0,1956.2109375,504.11093397065997
2026-07-19T13:26:26.633115+00:00,9655.0,47.0,111.08,45.0,1956.3828125,504.48159938305616
2026-07-19T13:26:27.168166+00:00,9745.0,50.0,147.49,48.0,1956.58203125,505.01664808392525
2026-07-19T13:26:27.531702+00:00,25721.0,65.0,173.48,47.0,1956.58203125,505.3801861330867
2026-07-19T13:26:27.879165+00:00,26327.0,61.0,183.7,49.0,1956.58203125,505.72764502093196
2026-07-19T13:26:28.217169+00:00,24319.0,79.0,217.22,50.0,1956.58203125,506.0656539462507
2026-07-19T13:26:28.614033+00:00,9567.0,0.0,177.29,47.0,1956.5859375,506.46251694858074
2026-07-19T13:26:29.190079+00:00,9573.0,35.0,99.48,46.0,1956.59375,507.0385637022555
2026-07-19T13:26:29.501143+00:00,9575.0,34.0,97.85,45.0,1956.59375,507.3496292605996
2026-07-19T13:26:29.838553+00:00,9575.0,33.0,102.87,45.0,1956.59375,507.68703647330403
2026-07-19T13:26:30.132351+00:00,9575.0,34.0,99.98,45.0,1956.59375,507.98083575442433
2026-07-19T13:26:30.485472+00:00,9597.0,33.0,99.56,45.0,1956.59375,508.33395656198263
2026-07-19T13:26:30.847503+00:00,9637.0,35.0,98.9,45.0,1956.59375,508.6959871388972
2026-07-19T13:26:31.160772+00:00,9657.0,31.0,98.21,44.0,1956.59375,509.0092576034367
2026-07-19T13:26:31.517999+00:00,9689.0,34.0,97.69,44.0,1956.59375,509.36648363247514
2026-07-19T13:26:31.873140+00:00,9709.0,33.0,96.81,44.0,1956.59375,509.72162287309766
2026-07-19T13:26:32.234232+00:00,9729.0,34.0,97.55,44.0,1956.59375,510.08271619677544
2026-07-19T13:26:32.594907+00:00,9749.0,34.0,97.91,44.0,1956.59375,510.44339211657643
2026-07-19T13:26:32.907839+00:00,9769.0,35.0,98.79,44.0,1956.59375,510.756322927773
2026-07-19T13:26:33.266414+00:00,9789.0,35.0,98.69,44.0,1956.59375,511.11489586532116
2026-07-19T13:26:33.626885+00:00,9829.0,36.0,98.78,44.0,1956.59375,511.47536857426167
2026-07-19T13:26:33.991452+00:00,9849.0,34.0,98.51,44.0,1956.59375,511.8399245403707
2026-07-19T13:26:34.304013+00:00,9869.0,33.0,98.2,44.0,1956.59375,512.15248773247
2026-07-19T13:26:34.665232+00:00,9907.0,34.0,98.07,44.0,1956.59375,512.513714786619
2026-07-19T13:26:35.043373+00:00,10265.0,33.0,101.77,44.0,1956.59375,512.8918554373085
2026-07-19T13:26:35.396176+00:00,10265.0,33.0,101.49,44.0,1956.59375,513.2446605488658
2026-07-19T13:26:35.723887+00:00,10265.0,35.0,101.6,44.0,1956.59375,513.572373572737
2026-07-19T13:26:36.055044+00:00,10265.0,35.0,98.06,44.0,1956.59375,513.9035298898816
2026-07-19T13:26:36.365075+00:00,10265.0,36.0,98.44,44.0,1956.59375,514.213560488075
2026-07-19T13:26:36.723126+00:00,10265.0,36.0,98.39,43.0,1956.59375,514.5716098584235
2026-07-19T13:26:37.080661+00:00,10265.0,34.0,98.4,43.0,1956.59375,514.929146386683
2026-07-19T13:26:37.436872+00:00,10265.0,35.0,98.39,43.0,1956.59375,515.2853572145104
2026-07-19T13:26:37.800110+00:00,10265.0,36.0,98.32,43.0,1956.59375,515.6485955230892
2026-07-19T13:26:38.162274+00:00,10463.0,34.0,101.52,44.0,1956.59375,516.0107592381537
2026-07-19T13:26:38.522889+00:00,10463.0,35.0,101.11,43.0,1956.59375,516.3713742122054
2026-07-19T13:26:38.882461+00:00,10463.0,34.0,100.81,43.0,1956.59375,516.7309442274272
2026-07-19T13:26:39.245691+00:00,10463.0,34.0,97.52,43.0,1956.59375,517.0941758602858
2026-07-19T13:26:39.558484+00:00,10463.0,34.0,97.57,43.0,1956.59375,517.4069662280381
2026-07-19T13:26:39.917844+00:00,10463.0,35.0,97.81,43.0,1956.59375,517.7663193941116
2026-07-19T13:26:40.253422+00:00,10463.0,35.0,97.74,43.0,1956.59375,518.1019067950547
2026-07-19T13:26:40.619617+00:00,10463.0,34.0,98.01,43.0,1956.59375,518.4681021645665
2026-07-19T13:26:40.978996+00:00,10463.0,35.0,98.18,43.0,1956.59375,518.8274667821825
2026-07-19T13:26:41.343145+00:00,10463.0,34.0,98.05,43.0,1956.59375,519.1916276067495
2026-07-19T13:26:41.700607+00:00,10463.0,32.0,97.67,43.0,1956.59375,519.5490826629102
2026-07-19T13:26:42.064384+00:00,10463.0,25.0,96.64,43.0,1956.59375,519.912868693471
2026-07-19T13:26:42.426298+00:00,10733.0,22.0,96.77,43.0,1956.59375,520.274782396853
2026-07-19T13:26:42.763629+00:00,10733.0,33.0,98.89,43.0,1956.59375,520.6121136620641
2026-07-19T13:26:43.117719+00:00,10733.0,34.0,98.86,43.0,1956.59375,520.9662037491798
2026-07-19T13:26:43.427766+00:00,10733.0,34.0,98.43,43.0,1956.59375,521.2762430645525
2026-07-19T13:26:43.759485+00:00,10733.0,35.0,96.65,43.0,1956.59375,521.6079683080316
2026-07-19T13:26:44.122859+00:00,10733.0,33.0,97.08,43.0,1956.59375,521.9713428504765
2026-07-19T13:26:44.484458+00:00,10733.0,32.0,96.9,43.0,1956.59375,522.3329429924488
2026-07-19T13:26:44.849240+00:00,10733.0,34.0,96.57,43.0,1956.59375,522.6977247074246
2026-07-19T13:26:45.189106+00:00,10733.0,35.0,97.33,43.0,1956.59375,523.0375899411738
2026-07-19T13:26:45.551789+00:00,10733.0,36.0,97.72,43.0,1956.59375,523.4002733640373
2026-07-19T13:26:45.888290+00:00,10733.0,35.0,97.92,43.0,1956.59375,523.736773699522
2026-07-19T13:26:46.251445+00:00,10733.0,35.0,96.87,43.0,1956.59375,524.0999297387898
2026-07-19T13:26:46.566363+00:00,10733.0,31.0,96.36,43.0,1956.59765625,524.4148464128375
2026-07-19T13:26:46.901197+00:00,10733.0,35.0,96.83,43.0,1956.59765625,524.749680954963
2026-07-19T13:26:47.267119+00:00,10733.0,35.0,97.95,43.0,1956.60546875,525.1155980192125
2026-07-19T13:26:47.633375+00:00,10733.0,35.0,98.8,43.0,1956.60546875,525.4818597398698
2026-07-19T13:26:47.965713+00:00,10733.0,35.0,98.55,43.0,1956.609375,525.8141975924373
2026-07-19T13:26:48.326856+00:00,10733.0,32.0,98.47,43.0,1956.6171875,526.1753278449178
2026-07-19T13:26:48.681507+00:00,10753.0,35.0,98.57,43.0,1956.6171875,526.5299923866987
2026-07-19T13:26:48.996244+00:00,10773.0,35.0,98.51,43.0,1956.62109375,526.8447281271219
2026-07-19T13:26:49.332289+00:00,10793.0,30.0,97.97,43.0,1956.6328125,527.1807742007077
2026-07-19T13:26:49.693789+00:00,10833.0,36.0,97.97,43.0,1956.6328125,527.542272452265
2026-07-19T13:26:50.030198+00:00,10853.0,36.0,98.0,43.0,1956.6484375,527.8786816038191
2026-07-19T13:26:50.390423+00:00,9085.0,56.0,118.33,45.0,1956.80078125,528.2388992123306
2026-07-19T13:26:50.943472+00:00,9057.0,1.0,149.48,47.0,1957.04296875,528.7919562868774
2026-07-19T13:26:51.281169+00:00,24101.0,58.0,168.86,47.0,1957.49609375,529.1296537108719
2026-07-19T13:26:51.623574+00:00,25043.0,71.0,162.27,49.0,1957.49609375,529.4720584414899
2026-07-19T13:26:51.978856+00:00,21739.0,78.0,204.51,50.0,1957.49609375,529.8273406140506
2026-07-19T13:26:52.351863+00:00,9057.0,0.0,172.77,47.0,1957.5,530.2003485113382
2026-07-19T13:26:52.734739+00:00,9061.0,33.0,123.85,46.0,1957.51171875,530.5832243077457
2026-07-19T13:26:53.093547+00:00,9061.0,34.0,94.21,45.0,1957.51171875,530.9420316033065
2026-07-19T13:26:53.452672+00:00,9061.0,34.0,99.73,45.0,1957.51171875,531.301157142967
2026-07-19T13:26:53.767772+00:00,9065.0,34.0,99.65,45.0,1957.51171875,531.6162570901215
2026-07-19T13:26:54.125322+00:00,9085.0,35.0,99.97,45.0,1957.51171875,531.9738066643476
2026-07-19T13:26:54.485482+00:00,9107.0,33.0,99.99,45.0,1957.51171875,532.3339659795165
2026-07-19T13:26:54.822113+00:00,9147.0,33.0,100.02,44.0,1957.51171875,532.6705974340439
2026-07-19T13:26:55.179956+00:00,9167.0,34.0,99.59,44.0,1957.51171875,533.0284393876791
2026-07-19T13:26:55.540754+00:00,9187.0,33.0,99.38,44.0,1957.51171875,533.3892381973565
2026-07-19T13:26:55.904126+00:00,9219.0,34.0,99.14,44.0,1957.51171875,533.7526103146374
2026-07-19T13:26:56.219529+00:00,9239.0,34.0,99.22,44.0,1957.51171875,534.068013638258
2026-07-19T13:26:56.553121+00:00,9259.0,35.0,99.31,44.0,1957.51171875,534.4016065075994
2026-07-19T13:26:56.908567+00:00,9529.0,34.0,102.0,44.0,1957.51171875,534.7570521607995
2026-07-19T13:26:57.264330+00:00,9529.0,34.0,101.64,44.0,1957.51171875,535.112814951688
2026-07-19T13:26:57.623242+00:00,9529.0,33.0,100.39,44.0,1957.51171875,535.471724037081
2026-07-19T13:26:57.961622+00:00,9529.0,34.0,97.08,44.0,1957.51171875,535.8101067952812
2026-07-19T13:26:58.302362+00:00,9529.0,34.0,97.43,44.0,1957.51171875,536.1508466824889
2026-07-19T13:26:58.640334+00:00,9529.0,34.0,97.53,44.0,1957.51171875,536.4888191521168
2026-07-19T13:26:58.972254+00:00,9529.0,35.0,97.63,44.0,1957.51171875,536.8207249715924
2026-07-19T13:26:59.331045+00:00,9529.0,33.0,97.81,43.0,1957.515625,537.1795313209295
2026-07-19T13:26:59.686703+00:00,9529.0,34.0,98.0,43.0,1957.515625,537.5351885333657
2026-07-19T13:27:00.044943+00:00,9529.0,32.0,97.18,43.0,1957.515625,537.8934266343713
2026-07-19T13:27:00.396568+00:00,9529.0,34.0,96.62,43.0,1957.515625,538.245043348521
2026-07-19T13:27:00.732862+00:00,9529.0,34.0,96.34,43.0,1957.515625,538.5813475139439
2026-07-19T13:27:01.046382+00:00,9529.0,35.0,97.08,43.0,1957.515625,538.8948674835265
2026-07-19T13:27:01.410166+00:00,9549.0,27.0,96.43,43.0,1957.515625,539.2586499452591
2026-07-19T13:27:01.769016+00:00,9859.0,34.0,99.68,43.0,1957.515625,539.6175010539591
2026-07-19T13:27:02.129318+00:00,9859.0,34.0,99.68,43.0,1957.515625,539.977797370404
2026-07-19T13:27:02.469775+00:00,9859.0,35.0,100.16,43.0,1957.515625,540.3182607032359
2026-07-19T13:27:02.806977+00:00,9859.0,35.0,97.56,43.0,1957.515625,540.6554617546499
2026-07-19T13:27:03.167270+00:00,9859.0,35.0,97.66,43.0,1957.515625,541.0157552920282
2026-07-19T13:27:03.525854+00:00,9859.0,35.0,97.87,43.0,1957.515625,541.3743383660913
2026-07-19T13:27:03.886917+00:00,9859.0,35.0,97.65,43.0,1957.515625,541.7354024425149
2026-07-19T13:27:04.199073+00:00,9859.0,35.0,97.53,43.0,1957.515625,542.0475577861071
2026-07-19T13:27:04.536603+00:00,9859.0,34.0,97.45,43.0,1957.515625,542.3850878998637
2026-07-19T13:27:04.893359+00:00,9859.0,34.0,97.6,43.0,1957.515625,542.7418357953429
2026-07-19T13:27:05.253483+00:00,9859.0,35.0,98.1,43.0,1957.515625,543.1019685827196
2026-07-19T13:27:05.607989+00:00,9859.0,35.0,98.52,43.0,1957.515625,543.4564748890698
2026-07-19T13:27:05.964435+00:00,9859.0,35.0,98.51,43.0,1957.515625,543.8129203207791
2026-07-19T13:27:06.322388+00:00,9859.0,36.0,98.43,43.0,1957.515625,544.1708725132048
2026-07-19T13:27:06.675195+00:00,9879.0,35.0,98.18,43.0,1957.515625,544.5236795432866
2026-07-19T13:27:07.036794+00:00,9919.0,35.0,98.43,43.0,1957.515625,544.8852794803679
2026-07-19T13:27:07.394392+00:00,10303.0,35.0,98.56,43.0,1957.51953125,545.2428775392473
2026-07-19T13:27:07.749802+00:00,10303.0,34.0,100.8,43.0,1957.51953125,545.5982856675982
2026-07-19T13:27:08.090224+00:00,10303.0,35.0,100.2,43.0,1957.5234375,545.9387075640261
2026-07-19T13:27:08.449844+00:00,10303.0,35.0,98.6,43.0,1957.52734375,546.2983275726438
2026-07-19T13:27:08.808970+00:00,10303.0,32.0,97.39,43.0,1957.52734375,546.6574553027749
2026-07-19T13:27:09.143650+00:00,10303.0,33.0,97.57,43.0,1957.53125,546.9921317659318
2026-07-19T13:27:09.500244+00:00,10303.0,34.0,97.61,43.0,1957.53125,547.3487280011177
2026-07-19T13:27:09.833545+00:00,10303.0,34.0,97.37,43.0,1957.53515625,547.6820308603346
2026-07-19T13:27:10.193924+00:00,10303.0,34.0,97.42,43.0,1957.53515625,548.0424090772867
2026-07-19T13:27:10.531309+00:00,10303.0,35.0,97.0,43.0,1957.53515625,548.3797945640981
2026-07-19T13:27:10.847412+00:00,10303.0,34.0,97.16,43.0,1957.53515625,548.6958873197436
2026-07-19T13:27:11.207576+00:00,10303.0,36.0,97.61,43.0,1957.53515625,549.056060872972
2026-07-19T13:27:11.562777+00:00,10303.0,35.0,98.11,43.0,1957.53515625,549.4112622141838
2026-07-19T13:27:11.922254+00:00,10303.0,33.0,97.93,43.0,1957.53515625,549.7707395404577
2026-07-19T13:27:12.285571+00:00,10303.0,34.0,97.64,43.0,1957.53515625,550.1340556032956
2026-07-19T13:27:12.648257+00:00,10303.0,35.0,97.94,43.0,1957.5390625,550.4967390485108
2026-07-19T13:27:13.010422+00:00,10303.0,33.0,98.14,43.0,1957.5390625,550.8589077703655
2026-07-19T13:27:13.366648+00:00,10303.0,34.0,98.37,43.0,1957.54296875,551.2151332236826
2026-07-19T13:27:13.703341+00:00,10327.0,35.0,98.41,43.0,1957.54296875,551.5518173649907
2026-07-19T13:27:14.062389+00:00,10361.0,37.0,98.79,43.0,1957.54296875,551.9108738526702
2026-07-19T13:27:14.420125+00:00,10381.0,36.0,98.81,43.0,1957.546875,552.2686093300581
2026-07-19T13:27:14.777916+00:00,10421.0,36.0,99.04,43.0,1957.5625,552.6264015622437
2026-07-19T13:27:15.150507+00:00,10441.0,35.0,99.08,43.0,1957.5625,552.9989917762578
2026-07-19T13:27:15.486624+00:00,9207.0,36.0,99.43,43.0,1957.69921875,553.3351087905467
2026-07-19T13:27:15.847578+00:00,9319.0,58.0,148.25,48.0,1957.7265625,553.6960556209087
2026-07-19T13:27:16.209611+00:00,14969.0,12.0,152.49,45.0,1957.73046875,554.0580958351493
2026-07-19T13:27:16.571504+00:00,23921.0,59.0,174.71,48.0,1957.73046875,554.4199890233576
2026-07-19T13:27:16.930999+00:00,24421.0,70.0,179.56,50.0,1957.73046875,554.7794841080904
2026-07-19T13:27:17.285950+00:00,9177.0,49.0,205.13,48.0,1957.73046875,555.1344345770776
2026-07-19T13:27:17.835841+00:00,9177.0,0.0,164.94,46.0,1957.73046875,555.6843253225088
2026-07-19T13:27:18.156554+00:00,9185.0,34.0,92.33,46.0,1957.73046875,556.0050388760865
2026-07-19T13:27:18.495563+00:00,9185.0,34.0,95.76,45.0,1957.73046875,556.3440476469696
2026-07-19T13:27:18.856953+00:00,9187.0,35.0,101.29,45.0,1957.73046875,556.7054386995733
2026-07-19T13:27:19.191998+00:00,9187.0,31.0,98.33,45.0,1957.73046875,557.0404839515686
2026-07-19T13:27:19.556519+00:00,9227.0,34.0,98.88,45.0,1957.73046875,557.4050040319562
2026-07-19T13:27:19.917559+00:00,9249.0,34.0,99.2,45.0,1957.73046875,557.7660439014435
2026-07-19T13:27:20.253878+00:00,9269.0,34.0,99.89,44.0,1957.73046875,558.1023619323969
2026-07-19T13:27:20.587708+00:00,9301.0,33.0,99.72,44.0,1957.73046875,558.4361914731562
2026-07-19T13:27:20.945009+00:00,9321.0,35.0,100.26,44.0,1957.73046875,558.7934936843812
2026-07-19T13:27:21.301059+00:00,9341.0,35.0,100.18,44.0,1957.73046875,559.1495433598757
2026-07-19T13:27:21.663477+00:00,9381.0,33.0,99.59,44.0,1957.73046875,559.5119620449841
2026-07-19T13:27:22.016471+00:00,9401.0,34.0,98.82,44.0,1957.73046875,559.8649554513395
2026-07-19T13:27:22.375868+00:00,9421.0,33.0,98.25,44.0,1957.73046875,560.2243538200855
2026-07-19T13:27:22.735224+00:00,9731.0,39.0,101.82,44.0,1957.73046875,560.5837096050382
2026-07-19T13:27:23.061503+00:00,9731.0,34.0,102.55,44.0,1957.73046875,560.9099880121648
2026-07-19T13:27:23.374483+00:00,9731.0,34.0,102.59,44.0,1957.73046875,561.2229685224593
2026-07-19T13:27:23.713522+00:00,9731.0,34.0,102.19,44.0,1957.73046875,561.5620063059032
2026-07-19T13:27:24.076491+00:00,9731.0,33.0,98.37,44.0,1957.73046875,561.9249754212797
2026-07-19T13:27:24.438682+00:00,9731.0,35.0,98.32,44.0,1957.73046875,562.2871662005782
2026-07-19T13:27:24.798143+00:00,9731.0,35.0,98.04,44.0,1957.73046875,562.6466282308102
2026-07-19T13:27:25.148039+00:00,9731.0,34.0,97.96,43.0,1957.73046875,562.9965243674815
2026-07-19T13:27:25.509084+00:00,9731.0,34.0,97.84,43.0,1957.73046875,563.3575691245496
2026-07-19T13:27:25.868929+00:00,9731.0,34.0,97.8,43.0,1957.73046875,563.7174110561609
2026-07-19T13:27:26.231515+00:00,9731.0,34.0,98.15,43.0,1957.74609375,564.08000010252
2026-07-19T13:27:26.590520+00:00,9731.0,33.0,98.09,43.0,1957.74609375,564.4390051551163
2026-07-19T13:27:26.949725+00:00,9981.0,33.0,101.02,43.0,1957.74609375,564.7982100769877
2026-07-19T13:27:27.310345+00:00,9981.0,33.0,100.62,43.0,1957.74609375,565.1588280275464
2026-07-19T13:27:27.663230+00:00,9981.0,33.0,100.43,43.0,1957.74609375,565.5117040500045
2026-07-19T13:27:27.975001+00:00,9981.0,21.0,96.44,43.0,1957.74609375,565.8234862796962
2026-07-19T13:27:28.291726+00:00,9981.0,34.0,96.53,43.0,1957.74609375,566.1402110531926
2026-07-19T13:27:28.636458+00:00,9981.0,34.0,96.48,43.0,1957.74609375,566.4849410243332
2026-07-19T13:27:28.999523+00:00,9981.0,31.0,96.69,43.0,1957.74609375,566.8480073474348
2026-07-19T13:27:29.359241+00:00,9981.0,33.0,96.82,43.0,1957.74609375,567.2077265568078
2026-07-19T13:27:29.696866+00:00,9981.0,35.0,97.0,43.0,1957.74609375,567.5453510433435
2026-07-19T13:27:30.047020+00:00,9981.0,34.0,97.53,43.0,1957.74609375,567.8955046609044
2026-07-19T13:27:30.410025+00:00,9981.0,34.0,97.41,43.0,1957.74609375,568.2585072591901
2026-07-19T13:27:30.723618+00:00,9981.0,34.0,97.53,43.0,1957.74609375,568.5721027478576
2026-07-19T13:27:31.058683+00:00,9981.0,33.0,97.7,43.0,1957.74609375,568.907167211175
2026-07-19T13:27:31.417439+00:00,9981.0,34.0,97.89,43.0,1957.74609375,569.2659247145057
2026-07-19T13:27:31.736637+00:00,10265.0,37.0,99.51,44.0,1957.74609375,569.5851224958897
2026-07-19T13:27:32.050595+00:00,10265.0,33.0,99.06,43.0,1957.74609375,569.8990803435445
2026-07-19T13:27:32.405692+00:00,10265.0,34.0,98.83,43.0,1957.74609375,570.2541771791875
2026-07-19T13:27:32.765687+00:00,10265.0,32.0,96.8,43.0,1957.74609375,570.6141630150378
2026-07-19T13:27:33.125595+00:00,10265.0,35.0,97.09,43.0,1957.74609375,570.9740725904703
2026-07-19T13:27:33.482593+00:00,10265.0,24.0,97.16,43.0,1957.74609375,571.3310785330832
2026-07-19T13:27:33.836955+00:00,10265.0,35.0,97.5,43.0,1957.75,571.6854394339025
2026-07-19T13:27:34.173130+00:00,10265.0,34.0,97.36,43.0,1957.75,572.0216149650514
2026-07-19T13:27:34.535261+00:00,10265.0,33.0,97.25,43.0,1957.75,572.3837458342314
2026-07-19T13:27:34.893180+00:00,10265.0,34.0,97.47,43.0,1957.75,572.7416656836867
2026-07-19T13:27:35.208243+00:00,10265.0,36.0,97.54,43.0,1957.75,573.0567273795605
2026-07-19T13:27:35.570828+00:00,10265.0,35.0,97.81,43.0,1957.75,573.419311888516
2026-07-19T13:27:35.930160+00:00,10265.0,35.0,97.7,43.0,1957.75,573.7786448672414
2026-07-19T13:27:36.242806+00:00,10265.0,34.0,97.9,43.0,1957.75,574.0912914834917
2026-07-19T13:27:36.606079+00:00,10285.0,35.0,98.14,43.0,1957.8125,574.4545621015131
2026-07-19T13:27:36.982241+00:00,8911.0,49.0,131.85,46.0,1957.83984375,574.8307245001197
2026-07-19T13:27:37.409149+00:00,11867.0,2.0,137.45,44.0,1957.859375,575.2576324045658
2026-07-19T13:27:37.770333+00:00,19787.0,56.0,154.33,47.0,1958.3125,575.6188175864518
2026-07-19T13:27:38.127852+00:00,20395.0,63.0,163.93,48.0,1958.3125,575.9763374887407
2026-07-19T13:27:38.483115+00:00,8405.0,32.0,184.45,47.0,1958.3125,576.3315987847745
2026-07-19T13:27:38.887629+00:00,8405.0,1.0,141.66,45.0,1958.5859375,576.7361121326685
2026-07-19T13:27:39.252232+00:00,8405.0,0.0,95.61,45.0,1958.5859375,577.1007147803903
2026-07-19T13:27:39.639971+00:00,8405.0,0.0,83.61,44.0,1965.65234375,577.4884490631521
2026-07-19T13:27:40.017599+00:00,8413.0,20.0,88.06,44.0,1963.8515625,577.8660819008946
2026-07-19T13:27:40.331871+00:00,8413.0,33.0,91.94,44.0,1963.8515625,578.1803558990359
2026-07-19T13:27:40.669757+00:00,8413.0,33.0,95.96,44.0,1963.8515625,578.5182413384318
2026-07-19T13:27:40.988881+00:00,8413.0,34.0,96.43,44.0,1963.8515625,578.8373640924692
2026-07-19T13:27:41.348863+00:00,8437.0,32.0,96.56,44.0,1963.8515625,579.1973472423851
2026-07-19T13:27:41.684752+00:00,8457.0,34.0,97.14,44.0,1963.8515625,579.5332353748381
2026-07-19T13:27:42.037722+00:00,8477.0,33.0,97.34,44.0,1963.8515625,579.8862072341144
2026-07-19T13:27:42.350205+00:00,8497.0,33.0,97.31,44.0,1963.8515625,580.198689058423
2026-07-19T13:27:42.667234+00:00,8519.0,34.0,97.34,43.0,1963.8515625,580.5157183073461
2026-07-19T13:27:43.002898+00:00,8539.0,34.0,97.46,43.0,1963.8515625,580.8513832613826
2026-07-19T13:27:43.363663+00:00,8727.0,32.0,100.37,43.0,1963.8515625,581.2121477797627
2026-07-19T13:27:43.718760+00:00,8727.0,32.0,100.13,43.0,1963.8515625,581.5672430247068
2026-07-19T13:27:44.178749+00:00,8727.0,34.0,97.31,43.0,1963.8515625,582.0272338315845
2026-07-19T13:27:44.539075+00:00,8727.0,34.0,97.15,43.0,1963.8515625,582.3875583000481
2026-07-19T13:27:44.906376+00:00,8727.0,34.0,97.33,43.0,1963.8515625,582.7548598125577
2026-07-19T13:27:45.271308+00:00,8727.0,33.0,97.37,43.0,1963.8515625,583.1197910308838
2026-07-19T13:27:45.579897+00:00,8727.0,31.0,97.55,43.0,1963.875,583.4283776767552
2026-07-19T13:27:45.942492+00:00,8727.0,34.0,97.43,43.0,1963.875,583.7909756042063
2026-07-19T13:27:46.310511+00:00,8747.0,34.0,97.64,43.0,1963.875,584.158996514976
2026-07-19T13:27:46.678239+00:00,8779.0,34.0,97.62,43.0,1963.875,584.5267227143049
2026-07-19T13:27:47.014001+00:00,8799.0,34.0,97.44,43.0,1963.875,584.8624851554632
2026-07-19T13:27:47.351087+00:00,9069.0,33.0,100.06,43.0,1963.875,585.1995716430247
2026-07-19T13:27:47.715672+00:00,9069.0,35.0,100.46,43.0,1963.875,585.5641561858356
2026-07-19T13:27:48.068780+00:00,9069.0,34.0,100.58,43.0,1963.875,585.9171955548227
2026-07-19T13:27:48.432773+00:00,9069.0,33.0,97.2,43.0,1963.875,586.2812206931412
2026-07-19T13:27:48.774172+00:00,9069.0,33.0,96.85,43.0,1963.875,586.6226550452411
2026-07-19T13:27:49.140069+00:00,9069.0,33.0,96.5,43.0,1963.875,586.9885531961918
2026-07-19T13:27:49.480100+00:00,9069.0,36.0,96.56,43.0,1963.875,587.3285838998854
2026-07-19T13:27:49.842108+00:00,9069.0,34.0,97.09,43.0,1963.875,587.690593060106
2026-07-19T13:27:50.197199+00:00,9069.0,35.0,97.7,43.0,1963.875,588.0456818528473
2026-07-19T13:27:50.557746+00:00,9069.0,32.0,97.36,43.0,1963.875,588.4062298461795
2026-07-19T13:27:50.920107+00:00,9069.0,34.0,97.25,43.0,1963.875,588.768583457917
2026-07-19T13:27:51.284991+00:00,9069.0,26.0,95.29,43.0,1963.875,589.1334744654596
2026-07-19T13:27:51.641617+00:00,9069.0,32.0,96.14,43.0,1963.875,589.4901011809707
2026-07-19T13:27:51.997333+00:00,9089.0,33.0,96.54,43.0,1963.875,589.8458182774484
2026-07-19T13:27:52.360918+00:00,9129.0,33.0,98.1,43.0,1963.875,590.2093820124865
2026-07-19T13:27:52.719856+00:00,9149.0,33.0,97.52,43.0,1963.875,590.5683399252594
2026-07-19T13:27:53.064689+00:00,9169.0,34.0,96.78,43.0,1963.875,590.9131734259427
2026-07-19T13:27:53.428470+00:00,9189.0,35.0,96.21,43.0,1963.875,591.2769528366625
2026-07-19T13:27:53.793042+00:00,9209.0,35.0,96.54,43.0,1963.875,591.641526594758
2026-07-19T13:27:54.157563+00:00,9247.0,34.0,97.11,43.0,1963.875,592.0060459561646
2026-07-19T13:27:54.524206+00:00,9267.0,36.0,97.99,43.0,1963.875,592.3726897649467
2026-07-19T13:27:54.885135+00:00,9309.0,36.0,98.47,43.0,1963.875,592.7336189672351
2026-07-19T13:27:55.216595+00:00,9765.0,35.0,100.5,43.0,1963.875,593.0650790855289
2026-07-19T13:27:55.549356+00:00,9765.0,33.0,99.85,43.0,1963.875,593.397840436548
2026-07-19T13:27:55.905698+00:00,9765.0,34.0,99.21,43.0,1963.875,593.7541818208992
2026-07-19T13:27:56.219159+00:00,9765.0,35.0,96.94,43.0,1963.875,594.067643713206
2026-07-19T13:27:56.582758+00:00,9765.0,34.0,97.22,43.0,1963.875,594.4312400743365
2026-07-19T13:27:56.914002+00:00,9765.0,36.0,97.09,43.0,1963.875,594.7624855414033
2026-07-19T13:27:57.273223+00:00,9765.0,35.0,97.16,43.0,1963.875,595.1217071637511
2026-07-19T13:27:57.634131+00:00,9765.0,35.0,97.11,43.0,1963.875,595.4826159439981
2026-07-19T13:27:57.969540+00:00,9765.0,35.0,97.48,43.0,1963.875,595.81802258268
2026-07-19T13:27:58.304323+00:00,9765.0,35.0,97.6,43.0,1963.875,596.1528062969446
2026-07-19T13:27:58.666384+00:00,9765.0,34.0,97.71,43.0,1963.875,596.5148682184517
2026-07-19T13:27:59.001993+00:00,9765.0,35.0,97.72,43.0,1963.875,596.8504779450595
2026-07-19T13:27:59.361705+00:00,9765.0,35.0,98.08,43.0,1963.875,597.2101888470352
2026-07-19T13:27:59.721955+00:00,9765.0,35.0,98.24,43.0,1963.875,597.5704393237829
2026-07-19T13:28:00.063745+00:00,9765.0,34.0,97.69,43.0,1963.875,597.9122301638126
2026-07-19T13:28:00.401230+00:00,9765.0,35.0,97.63,43.0,1963.875,598.2497138120234
2026-07-19T13:28:00.719190+00:00,9765.0,34.0,97.52,43.0,1963.875,598.567674331367
2026-07-19T13:28:01.061393+00:00,9589.0,53.0,123.63,45.0,1963.875,598.9098758585751
2026-07-19T13:28:01.556798+00:00,12835.0,17.0,142.15,45.0,1963.8828125,599.4052817374468
2026-07-19T13:28:01.921120+00:00,22825.0,66.0,161.56,46.0,1964.16015625,599.7696050070226
2026-07-19T13:28:02.255722+00:00,23737.0,72.0,163.43,49.0,1964.28125,600.1042051650584
2026-07-19T13:28:02.626045+00:00,9009.0,66.0,192.24,48.0,1964.28125,600.4745301008224
2026-07-19T13:28:02.979937+00:00,9009.0,0.0,158.72,46.0,1964.28125,600.8284209556878
2026-07-19T13:28:03.514038+00:00,9017.0,33.0,95.15,45.0,1964.28125,601.3625225648284
2026-07-19T13:28:03.848156+00:00,9019.0,35.0,97.31,45.0,1964.28125,601.6966405659914
2026-07-19T13:28:04.162704+00:00,9019.0,36.0,102.01,45.0,1964.28125,602.0111886411905
2026-07-19T13:28:04.494052+00:00,9021.0,35.0,99.63,44.0,1964.28125,602.342536188662
2026-07-19T13:28:04.814292+00:00,9061.0,34.0,99.65,44.0,1964.28125,602.662776298821
2026-07-19T13:28:05.186535+00:00,9081.0,32.0,99.71,44.0,1964.28125,603.0350199192762
2026-07-19T13:28:05.546263+00:00,9101.0,34.0,100.1,44.0,1964.28125,603.3947477005422
2026-07-19T13:28:05.900572+00:00,9133.0,34.0,100.07,44.0,1964.28125,603.7490564025939
2026-07-19T13:28:06.230203+00:00,9153.0,34.0,99.85,44.0,1964.28125,604.078688364476
2026-07-19T13:28:06.590492+00:00,9173.0,25.0,99.16,44.0,1964.28125,604.4389703795314
2026-07-19T13:28:06.932132+00:00,9193.0,34.0,99.31,44.0,1964.28125,604.7806164287031
2026-07-19T13:28:07.293052+00:00,9233.0,33.0,99.71,44.0,1964.28125,605.1415369771421
2026-07-19T13:28:07.650070+00:00,9253.0,35.0,100.41,44.0,1964.28125,605.4985548295081
2026-07-19T13:28:08.012919+00:00,9273.0,34.0,100.66,44.0,1964.28125,605.8614025078714
2026-07-19T13:28:08.346017+00:00,9293.0,33.0,99.95,44.0,1964.28125,606.1945012807846
2026-07-19T13:28:08.689023+00:00,9643.0,34.0,101.41,44.0,1964.28125,606.53750359267
2026-07-19T13:28:09.044592+00:00,9643.0,33.0,102.68,44.0,1964.28125,606.8930768184364
2026-07-19T13:28:09.380591+00:00,9643.0,32.0,102.77,44.0,1964.28125,607.2290719375014
2026-07-19T13:28:09.716547+00:00,9643.0,33.0,99.04,43.0,1964.28125,607.5650242008269
2026-07-19T13:28:10.084083+00:00,9643.0,33.0,98.2,43.0,1964.28125,607.9325655885041
2026-07-19T13:28:10.405270+00:00,9643.0,34.0,98.22,43.0,1964.28125,608.2537549994886
2026-07-19T13:28:10.767352+00:00,9643.0,35.0,98.84,43.0,1964.28125,608.6158254630864
2026-07-19T13:28:11.129103+00:00,9643.0,31.0,99.51,43.0,1964.28125,608.9775873981416
2026-07-19T13:28:11.489323+00:00,9643.0,33.0,99.53,43.0,1964.28125,609.3378074802458
2026-07-19T13:28:11.848640+00:00,9643.0,32.0,99.18,43.0,1964.28125,609.6971248351038
2026-07-19T13:28:12.208832+00:00,9849.0,42.0,102.63,44.0,1964.28125,610.0573147535324
2026-07-19T13:28:12.551881+00:00,9849.0,33.0,102.14,43.0,1964.28125,610.4003652110696
2026-07-19T13:28:12.872234+00:00,9849.0,34.0,101.96,43.0,1964.28125,610.7207181304693
2026-07-19T13:28:13.166934+00:00,9849.0,32.0,98.07,43.0,1964.28125,611.015417445451
2026-07-19T13:28:13.526560+00:00,9849.0,33.0,98.34,43.0,1964.28125,611.3750432133675
2026-07-19T13:28:13.848866+00:00,9849.0,33.0,98.33,43.0,1964.28125,611.6973495818675
2026-07-19T13:28:14.207842+00:00,9849.0,34.0,98.85,43.0,1964.28125,612.056326828897
2026-07-19T13:28:14.565364+00:00,9979.0,33.0,102.43,43.0,1964.28125,612.4138498865068
2026-07-19T13:28:14.924352+00:00,9979.0,26.0,102.08,43.0,1964.28125,612.7728360667825
2026-07-19T13:28:15.285022+00:00,9979.0,32.0,100.67,43.0,1964.28125,613.1335066854954
2026-07-19T13:28:15.640147+00:00,9979.0,34.0,98.51,43.0,1964.28125,613.4886317811906
2026-07-19T13:28:15.975553+00:00,9979.0,32.0,98.88,43.0,1964.28125,613.8240374699235
2026-07-19T13:28:16.339261+00:00,9979.0,33.0,98.89,43.0,1964.28125,614.187746271491
2026-07-19T13:28:16.672732+00:00,9979.0,33.0,98.99,43.0,1964.28125,614.5212169624865
2026-07-19T13:28:17.029532+00:00,9979.0,35.0,99.16,43.0,1964.28125,614.878008633852
2026-07-19T13:28:17.385820+00:00,9979.0,35.0,99.75,43.0,1964.28125,615.234302226454
2026-07-19T13:28:17.725349+00:00,9979.0,34.0,100.05,43.0,1964.28125,615.5738338530064
2026-07-19T13:28:18.039411+00:00,9979.0,34.0,99.8,43.0,1964.28125,615.8878962211311
2026-07-19T13:28:18.402260+00:00,8629.0,50.0,118.45,44.0,1964.28125,616.250744394958
2026-07-19T13:28:18.944937+00:00,12637.0,25.0,138.65,45.0,1964.28125,616.7934192232788
2026-07-19T13:28:19.309295+00:00,21275.0,59.0,162.91,47.0,1964.28125,617.1577779687941
2026-07-19T13:28:19.663681+00:00,21275.0,65.0,174.8,49.0,1964.28125,617.5121646933258
2026-07-19T13:28:20.003341+00:00,8509.0,58.0,192.14,48.0,1964.28125,617.8518239706755
2026-07-19T13:28:20.349676+00:00,8509.0,0.0,154.62,46.0,1964.28125,618.1981601901352
2026-07-19T13:28:20.870016+00:00,8511.0,35.0,93.74,45.0,1964.28125,618.7185001075268
2026-07-19T13:28:21.205086+00:00,8515.0,34.0,96.55,45.0,1964.28125,619.0535706654191
2026-07-19T13:28:21.523820+00:00,8515.0,34.0,101.5,45.0,1964.28125,619.3723047114909
2026-07-19T13:28:21.886308+00:00,8535.0,35.0,99.58,45.0,1964.28125,619.7347928322852
2026-07-19T13:28:22.245623+00:00,8561.0,34.0,98.98,44.0,1964.28125,620.0941071733832
2026-07-19T13:28:22.604365+00:00,8581.0,35.0,98.44,44.0,1964.28125,620.4528494924307
2026-07-19T13:28:22.967008+00:00,8601.0,34.0,98.43,44.0,1964.28125,620.8154925480485
2026-07-19T13:28:23.333233+00:00,8621.0,35.0,98.49,44.0,1964.28125,621.181717004627
2026-07-19T13:28:23.689151+00:00,8661.0,35.0,98.2,44.0,1964.28125,621.5376356206834
2026-07-19T13:28:24.048830+00:00,8685.0,34.0,98.33,44.0,1964.28125,621.897315081209
2026-07-19T13:28:24.413067+00:00,8713.0,34.0,98.08,44.0,1964.28125,622.2615504823625
2026-07-19T13:28:24.751747+00:00,8983.0,35.0,100.9,44.0,1964.28125,622.6002311259508
2026-07-19T13:28:25.045118+00:00,8983.0,35.0,100.49,44.0,1964.28125,622.8936008401215
2026-07-19T13:28:25.381124+00:00,8983.0,33.0,100.3,44.0,1964.28125,623.2296083122492
2026-07-19T13:28:25.713659+00:00,8983.0,34.0,97.32,44.0,1964.28125,623.5621445327997
2026-07-19T13:28:26.077004+00:00,8983.0,33.0,97.25,43.0,1964.28125,623.9254884757102
2026-07-19T13:28:26.413113+00:00,8983.0,36.0,97.24,43.0,1964.28125,624.2615983299911
2026-07-19T13:28:26.726856+00:00,8983.0,35.0,97.28,43.0,1964.28125,624.5753408670425
2026-07-19T13:28:27.089165+00:00,8983.0,35.0,97.41,43.0,1964.28125,624.9376497343183
2026-07-19T13:28:27.424941+00:00,8983.0,34.0,97.74,43.0,1964.28125,625.2734259814024
2026-07-19T13:28:27.760451+00:00,8983.0,34.0,97.94,43.0,1964.28125,625.6089354790747
2026-07-19T13:28:28.095937+00:00,9199.0,35.0,100.57,43.0,1964.28125,625.9444214813411
2026-07-19T13:28:28.452016+00:00,9199.0,34.0,100.2,43.0,1964.28125,626.3005011118948
2026-07-19T13:28:28.808746+00:00,9199.0,34.0,100.04,43.0,1964.28125,626.6572308763862
2026-07-19T13:28:29.171578+00:00,9199.0,34.0,97.36,43.0,1964.28125,627.0200613588095
2026-07-19T13:28:29.531155+00:00,9199.0,34.0,97.52,43.0,1964.28125,627.3796393275261
2026-07-19T13:28:29.884268+00:00,9199.0,35.0,97.44,43.0,1964.28125,627.7327524349093
2026-07-19T13:28:30.220318+00:00,9199.0,36.0,97.42,43.0,1964.28125,628.0687950775027
2026-07-19T13:28:30.583117+00:00,9199.0,35.0,97.46,43.0,1964.28125,628.4316017888486
2026-07-19T13:28:30.971689+00:00,9199.0,34.0,97.33,43.0,1964.28125,628.8201740160584
2026-07-19T13:28:31.333564+00:00,9199.0,34.0,97.61,43.0,1964.28125,629.1820477619767
2026-07-19T13:28:31.692581+00:00,9199.0,34.0,97.58,43.0,1964.29296875,629.5410627312958
2026-07-19T13:28:32.055478+00:00,9199.0,35.0,97.58,43.0,1964.29296875,629.9039625003934
2026-07-19T13:28:32.417983+00:00,9219.0,33.0,97.41,43.0,1964.29296875,630.2664675712585
2026-07-19T13:28:32.777756+00:00,9491.0,32.0,99.5,43.0,1964.29296875,630.6262396499515
2026-07-19T13:28:33.115082+00:00,9491.0,33.0,99.29,43.0,1964.29296875,630.9635669365525
2026-07-19T13:28:33.479058+00:00,9491.0,35.0,98.36,43.0,1964.29296875,631.3275412879884
2026-07-19T13:28:33.842504+00:00,9491.0,29.0,96.74,43.0,1964.29296875,631.6909864246845
2026-07-19T13:28:34.209016+00:00,9491.0,33.0,96.63,43.0,1964.29296875,632.0575001128018
2026-07-19T13:28:34.550716+00:00,9491.0,34.0,96.4,43.0,1964.29296875,632.3991987630725
2026-07-19T13:28:34.917476+00:00,9491.0,35.0,96.12,43.0,1964.29296875,632.7659591585398
2026-07-19T13:28:35.263783+00:00,9491.0,34.0,96.35,43.0,1964.29296875,633.112202886492
2026-07-19T13:28:35.623226+00:00,9491.0,35.0,96.83,43.0,1964.29296875,633.4717096462846
2026-07-19T13:28:35.989441+00:00,9491.0,34.0,97.71,43.0,1964.29296875,633.8379258923233
2026-07-19T13:28:36.328458+00:00,9491.0,34.0,97.95,43.0,1964.29296875,634.1769414804876
2026-07-19T13:28:36.695235+00:00,9491.0,35.0,97.98,43.0,1964.29296875,634.5437194406986
2026-07-19T13:28:37.033368+00:00,9491.0,35.0,98.07,43.0,1964.29296875,634.8818515464664
2026-07-19T13:28:37.397996+00:00,9511.0,36.0,98.13,43.0,1964.29296875,635.2464806847274
2026-07-19T13:28:37.734294+00:00,8493.0,53.0,119.38,45.0,1964.29296875,635.5827791504562
2026-07-19T13:28:38.177436+00:00,10683.0,3.0,131.75,44.0,1964.29296875,636.0259202755988
2026-07-19T13:28:38.489894+00:00,19009.0,60.0,152.11,46.0,1964.76953125,636.3383800499141
2026-07-19T13:28:38.849546+00:00,19323.0,62.0,158.91,48.0,1964.76953125,636.6980300098658
2026-07-19T13:28:39.207174+00:00,8405.0,54.0,176.15,47.0,1964.76953125,637.0556581243873
2026-07-19T13:28:39.587378+00:00,8405.0,0.0,144.91,45.0,1964.76953125,637.4358617030084
2026-07-19T13:28:40.161624+00:00,8415.0,33.0,91.61,45.0,1964.76953125,638.010108049959
2026-07-19T13:28:40.479175+00:00,8415.0,35.0,95.58,44.0,1964.76953125,638.3276590295136
2026-07-19T13:28:40.837655+00:00,8417.0,35.0,100.84,44.0,1964.76953125,638.6861407384276
2026-07-19T13:28:41.153186+00:00,8437.0,34.0,97.62,44.0,1964.76953125,639.0016715787351
2026-07-19T13:28:41.514134+00:00,8459.0,34.0,97.8,44.0,1964.76953125,639.3626195006073
2026-07-19T13:28:41.876953+00:00,8479.0,34.0,97.82,44.0,1964.76953125,639.7254365719855
2026-07-19T13:28:42.239495+00:00,8499.0,35.0,98.19,44.0,1964.76953125,640.0879799760878
2026-07-19T13:28:42.574653+00:00,8521.0,34.0,98.11,44.0,1964.76953125,640.4231352433562
2026-07-19T13:28:42.892088+00:00,8551.0,36.0,97.85,44.0,1964.76953125,640.7405711188912
2026-07-19T13:28:43.229272+00:00,8571.0,33.0,97.63,43.0,1964.76953125,641.0777575187385
2026-07-19T13:28:43.583954+00:00,8611.0,23.0,97.21,43.0,1964.76953125,641.43243874982
2026-07-19T13:28:43.917131+00:00,8631.0,35.0,97.46,43.0,1964.76953125,641.7656136639416
2026-07-19T13:28:44.231340+00:00,8651.0,35.0,97.69,43.0,1964.76953125,642.0798246785998
2026-07-19T13:28:44.590857+00:00,8671.0,25.0,97.77,43.0,1964.76953125,642.4393413849175
2026-07-19T13:28:44.955180+00:00,8691.0,28.0,97.47,43.0,1964.76953125,642.8036656528711
2026-07-19T13:28:45.293184+00:00,8711.0,36.0,97.14,43.0,1964.76953125,643.1416684985161
2026-07-19T13:28:45.641435+00:00,9083.0,38.0,99.88,44.0,1964.76953125,643.4899199567735
2026-07-19T13:28:46.002549+00:00,9083.0,34.0,100.8,43.0,1964.76953125,643.8510333560407
2026-07-19T13:28:46.341318+00:00,9083.0,34.0,100.66,43.0,1964.76953125,644.1898021139205
2026-07-19T13:28:46.705921+00:00,9083.0,34.0,97.58,43.0,1964.76953125,644.5544052869081
2026-07-19T13:28:47.059722+00:00,9083.0,33.0,97.42,43.0,1964.76953125,644.908207450062
2026-07-19T13:28:47.420619+00:00,9083.0,29.0,96.68,43.0,1964.76953125,645.2691038064659
2026-07-19T13:28:47.783731+00:00,9083.0,34.0,96.63,43.0,1964.76953125,645.632215578109
2026-07-19T13:28:48.142178+00:00,9083.0,34.0,97.04,43.0,1964.76953125,645.9906631447375
2026-07-19T13:28:48.504928+00:00,9083.0,33.0,97.74,43.0,1964.76953125,646.3534125424922
2026-07-19T13:28:48.866371+00:00,9277.0,35.0,100.37,44.0,1964.76953125,646.7148557938635
2026-07-19T13:28:49.224665+00:00,9277.0,33.0,100.1,43.0,1964.76953125,647.0731497630477
2026-07-19T13:28:49.538142+00:00,9277.0,33.0,99.81,43.0,1964.76953125,647.3866274021566
2026-07-19T13:28:49.873676+00:00,9277.0,34.0,96.72,43.0,1964.76953125,647.722160987556
2026-07-19T13:28:50.230892+00:00,9277.0,35.0,96.39,43.0,1964.76953125,648.0793767012656
2026-07-19T13:28:50.546912+00:00,9277.0,34.0,96.69,43.0,1964.76953125,648.3953968398273
2026-07-19T13:28:50.901702+00:00,9277.0,34.0,97.02,43.0,1964.76953125,648.75018709898
2026-07-19T13:28:51.260533+00:00,9277.0,34.0,97.76,43.0,1964.76953125,649.109018586576
2026-07-19T13:28:51.623770+00:00,9435.0,41.0,101.04,43.0,1964.76953125,649.4722539111972
2026-07-19T13:28:51.985158+00:00,9435.0,22.0,100.36,43.0,1964.76953125,649.8336429446936
2026-07-19T13:28:52.343438+00:00,9435.0,34.0,99.9,43.0,1964.76953125,650.1919235102832
2026-07-19T13:28:52.709270+00:00,9435.0,34.0,96.55,43.0,1964.76953125,650.5577541962266
2026-07-19T13:28:53.070240+00:00,9435.0,35.0,97.18,43.0,1964.76953125,650.9187249541283
2026-07-19T13:28:53.410600+00:00,9435.0,27.0,96.94,43.0,1964.76953125,651.2590845264494
2026-07-19T13:28:53.768533+00:00,9435.0,34.0,97.12,43.0,1964.76953125,651.6170166693628
2026-07-19T13:28:54.127408+00:00,9435.0,35.0,97.37,43.0,1964.76953125,651.9758863411844
2026-07-19T13:28:54.496365+00:00,9435.0,34.0,97.5,43.0,1964.76953125,652.3448487222195
2026-07-19T13:28:54.831726+00:00,9435.0,35.0,97.63,43.0,1964.76953125,652.6802110411227
2026-07-19T13:28:55.146035+00:00,9435.0,35.0,97.72,43.0,1964.76953125,652.9945209287107
2026-07-19T13:28:55.508533+00:00,9435.0,35.0,97.96,43.0,1964.76953125,653.3570178039372
2026-07-19T13:28:55.870925+00:00,9435.0,34.0,98.07,43.0,1964.76953125,653.7194093093276
2026-07-19T13:28:56.212086+00:00,9435.0,34.0,97.13,43.0,1964.76953125,654.0605705939233
2026-07-19T13:28:56.528064+00:00,9435.0,33.0,96.08,43.0,1964.76953125,654.376548524946
2026-07-19T13:28:56.892891+00:00,9435.0,35.0,95.13,43.0,1964.76953125,654.7413765974343
2026-07-19T13:28:57.250903+00:00,9435.0,26.0,95.48,43.0,1964.76953125,655.0993882343173
2026-07-19T13:28:57.610736+00:00,9435.0,33.0,96.16,43.0,1964.76953125,655.4592216275632
2026-07-19T13:28:57.974534+00:00,9495.0,35.0,97.11,43.0,1964.76953125,655.8230191506445
2026-07-19T13:28:58.313264+00:00,9515.0,35.0,97.78,43.0,1964.76953125,656.1617484763265
2026-07-19T13:28:58.672672+00:00,9535.0,34.0,98.12,43.0,1964.76953125,656.5211578272283
2026-07-19T13:28:59.031648+00:00,9555.0,35.0,98.36,43.0,1964.76953125,656.8801328539848
2026-07-19T13:28:59.409782+00:00,9161.0,57.0,131.96,46.0,1964.7734375,657.2582651413977
2026-07-19T13:28:59.801789+00:00,13315.0,4.0,142.14,45.0,1964.7734375,657.6502737551928
2026-07-19T13:29:00.170396+00:00,23703.0,53.0,169.2,47.0,1964.7734375,658.0188811644912
2026-07-19T13:29:00.529839+00:00,23703.0,63.0,174.35,49.0,1964.7734375,658.3783239722252
2026-07-19T13:29:00.887353+00:00,8981.0,31.0,191.9,47.0,1964.7734375,658.735837969929
2026-07-19T13:29:01.397224+00:00,8981.0,0.0,146.18,45.0,1964.7734375,659.2457094527781
2026-07-19T13:29:01.769743+00:00,8993.0,33.0,92.78,45.0,1964.7734375,659.6182275116444
2026-07-19T13:29:02.131479+00:00,8993.0,34.0,97.38,45.0,1964.7734375,659.9799630790949
2026-07-19T13:29:02.489314+00:00,8993.0,34.0,100.73,44.0,1964.7734375,660.3377987630665
2026-07-19T13:29:02.849769+00:00,9013.0,34.0,98.03,44.0,1964.7734375,660.6982535086572
2026-07-19T13:29:03.212180+00:00,9045.0,30.0,96.88,44.0,1964.7734375,661.06066512689
2026-07-19T13:29:03.528989+00:00,9065.0,34.0,96.93,44.0,1964.7734375,661.3774726912379
2026-07-19T13:29:03.882148+00:00,9085.0,27.0,96.2,44.0,1964.7734375,661.7306309267879
2026-07-19T13:29:04.208883+00:00,9105.0,35.0,96.78,44.0,1964.7734375,662.0573675483465
2026-07-19T13:29:04.546026+00:00,9125.0,34.0,97.04,44.0,1964.7734375,662.3945105373859
2026-07-19T13:29:04.906738+00:00,9145.0,35.0,98.05,44.0,1964.7734375,662.7552234046161
2026-07-19T13:29:05.264434+00:00,9165.0,34.0,98.4,44.0,1964.7734375,663.1129181347787
2026-07-19T13:29:05.620608+00:00,9185.0,35.0,98.71,44.0,1964.7734375,663.4690927192569
2026-07-19T13:29:05.980861+00:00,9429.0,35.0,102.02,44.0,1964.7734375,663.8293435014784
2026-07-19T13:29:06.336809+00:00,9429.0,34.0,101.61,43.0,1964.7734375,664.1852939687669
2026-07-19T13:29:06.693888+00:00,9429.0,34.0,98.05,43.0,1964.7734375,664.5423731990159
2026-07-19T13:29:07.027433+00:00,9429.0,34.0,97.69,43.0,1964.7734375,664.8759174235165
2026-07-19T13:29:07.366934+00:00,9429.0,35.0,97.92,43.0,1964.7734375,665.215419434011
2026-07-19T13:29:07.686105+00:00,9429.0,36.0,98.04,43.0,1964.7734375,665.5345892459154
2026-07-19T13:29:08.045974+00:00,9429.0,34.0,98.3,43.0,1964.7734375,665.894459400326
2026-07-19T13:29:08.401465+00:00,9429.0,33.0,98.41,43.0,1964.7734375,666.2499500587583
2026-07-19T13:29:08.741678+00:00,9429.0,34.0,97.99,43.0,1964.7734375,666.5901623815298
2026-07-19T13:29:09.101545+00:00,9631.0,42.0,101.69,43.0,1964.7734375,666.9500305838883
2026-07-19T13:29:09.462660+00:00,9631.0,34.0,101.59,43.0,1964.7734375,667.3111451268196
2026-07-19T13:29:09.822814+00:00,9631.0,35.0,101.34,43.0,1964.7734375,667.6712988205254
2026-07-19T13:29:10.139137+00:00,9631.0,34.0,97.32,43.0,1964.7734375,667.9876217283309
2026-07-19T13:29:10.500899+00:00,9631.0,33.0,97.33,43.0,1964.7734375,668.3493751138449
2026-07-19T13:29:10.856629+00:00,9631.0,26.0,96.79,43.0,1964.7734375,668.7051075026393
2026-07-19T13:29:11.217397+00:00,9631.0,35.0,97.28,43.0,1964.7734375,669.0658815279603
2026-07-19T13:29:11.552451+00:00,9631.0,35.0,97.51,43.0,1964.7734375,669.4009358286858
2026-07-19T13:29:11.914706+00:00,9631.0,35.0,98.54,43.0,1964.7734375,669.7631911188364
2026-07-19T13:29:12.272172+00:00,9631.0,21.0,97.86,43.0,1964.7734375,670.1206571534276
2026-07-19T13:29:12.632559+00:00,9631.0,36.0,97.77,43.0,1964.7734375,670.4810436926782
2026-07-19T13:29:12.968329+00:00,9631.0,35.0,97.85,43.0,1964.7734375,670.8168133459985
2026-07-19T13:29:13.285905+00:00,9651.0,35.0,98.46,43.0,1964.7734375,671.1343897692859
2026-07-19T13:29:13.626778+00:00,9693.0,35.0,98.74,43.0,1964.7734375,671.4752620905638
2026-07-19T13:29:13.965779+00:00,9985.0,34.0,102.45,43.0,1964.7734375,671.8142632469535
2026-07-19T13:29:14.325411+00:00,9985.0,36.0,102.12,43.0,1964.7734375,672.1738958992064
2026-07-19T13:29:14.680430+00:00,9985.0,35.0,101.88,43.0,1964.7734375,672.5289152152836
2026-07-19T13:29:15.040413+00:00,9985.0,35.0,98.1,43.0,1964.7734375,672.8888970389962
2026-07-19T13:29:15.358171+00:00,9985.0,35.0,98.16,43.0,1964.7734375,673.2066551223397
2026-07-19T13:29:15.698615+00:00,9985.0,35.0,97.97,43.0,1964.7734375,673.5470997728407
2026-07-19T13:29:16.053968+00:00,9985.0,35.0,97.93,43.0,1964.7734375,673.902453135699
2026-07-19T13:29:16.414714+00:00,9985.0,34.0,97.7,43.0,1964.7734375,674.2631982602179
2026-07-19T13:29:16.777462+00:00,9985.0,34.0,97.61,43.0,1964.7734375,674.6259478889406
2026-07-19T13:29:17.135236+00:00,9985.0,36.0,97.86,43.0,1964.7734375,674.983712606132
2026-07-19T13:29:17.498179+00:00,9985.0,28.0,97.6,43.0,1964.7734375,675.3466616906226
2026-07-19T13:29:17.858567+00:00,9985.0,34.0,97.97,43.0,1964.7734375,675.7070516683161
2026-07-19T13:29:18.221203+00:00,9985.0,34.0,98.02,43.0,1964.7734375,676.0696870051324
2026-07-19T13:29:18.585388+00:00,9999.0,34.0,98.53,43.0,1964.7734375,676.433872975409
2026-07-19T13:29:18.901221+00:00,10021.0,35.0,98.46,43.0,1964.7734375,676.7497055083513
2026-07-19T13:29:19.237953+00:00,10061.0,36.0,98.29,43.0,1964.7734375,677.0864365920424
2026-07-19T13:29:19.602866+00:00,10081.0,35.0,98.31,43.0,1964.7734375,677.4513504505157
2026-07-19T13:29:19.944355+00:00,8849.0,57.0,125.79,46.0,1964.78125,677.7928382568061
2026-07-19T13:29:20.406484+00:00,10099.0,0.0,140.06,44.0,1964.78125,678.2549684718251
2026-07-19T13:29:20.771125+00:00,22267.0,63.0,169.4,47.0,1964.94921875,678.6196095533669
2026-07-19T13:29:21.134061+00:00,23139.0,76.0,172.1,48.0,1964.94921875,678.982545632869
2026-07-19T13:29:21.494319+00:00,8667.0,59.0,196.47,48.0,1964.94921875,679.3428034745157
2026-07-19T13:29:21.874060+00:00,8667.0,0.0,157.46,46.0,1964.94921875,679.7225431725383
2026-07-19T13:29:22.456939+00:00,8671.0,33.0,92.23,45.0,1964.94921875,680.305422283709
2026-07-19T13:29:22.822442+00:00,8673.0,34.0,97.13,45.0,1964.94921875,680.6709259673953
2026-07-19T13:29:23.181683+00:00,8673.0,34.0,101.18,45.0,1964.94921875,681.0301674902439
2026-07-19T13:29:23.543430+00:00,8693.0,34.0,99.92,44.0,1964.94921875,681.391914576292
2026-07-19T13:29:23.900111+00:00,8717.0,34.0,99.83,44.0,1964.94921875,681.748596444726
2026-07-19T13:29:24.237092+00:00,8739.0,34.0,99.89,44.0,1964.94921875,682.0855775251985
2026-07-19T13:29:24.596778+00:00,8759.0,34.0,99.63,44.0,1964.94921875,682.4452626928687
2026-07-19T13:29:24.953025+00:00,8799.0,34.0,99.99,44.0,1964.94921875,682.8015104606748
2026-07-19T13:29:25.268362+00:00,8819.0,34.0,99.99,44.0,1964.94921875,683.1168466284871
2026-07-19T13:29:25.630786+00:00,8845.0,34.0,99.85,44.0,1964.94921875,683.4792712591588
2026-07-19T13:29:25.950065+00:00,8871.0,34.0,99.4,44.0,1964.94921875,683.7985494583845
2026-07-19T13:29:26.315087+00:00,8891.0,34.0,99.68,44.0,1964.94921875,684.1635696254671
2026-07-19T13:29:26.682089+00:00,8911.0,33.0,99.74,44.0,1964.94921875,684.5305742248893
2026-07-19T13:29:26.996916+00:00,8931.0,35.0,100.09,44.0,1964.94921875,684.8454005010426
2026-07-19T13:29:27.355412+00:00,8971.0,35.0,100.26,44.0,1964.94921875,685.203897152096
2026-07-19T13:29:27.715230+00:00,8991.0,35.0,100.29,44.0,1964.94921875,685.5637144558132
2026-07-19T13:29:28.076840+00:00,9011.0,35.0,100.25,44.0,1964.94921875,685.9253237247467
2026-07-19T13:29:28.444253+00:00,9031.0,35.0,99.7,43.0,1964.94921875,686.2927372530103
2026-07-19T13:29:28.809300+00:00,9419.0,35.0,101.81,44.0,1964.94921875,686.6577839031816
2026-07-19T13:29:29.177796+00:00,9419.0,34.0,101.79,43.0,1964.94921875,687.0262800678611
2026-07-19T13:29:29.521926+00:00,9419.0,34.0,98.8,43.0,1964.94921875,687.3704099282622
2026-07-19T13:29:29.878961+00:00,9419.0,34.0,98.71,43.0,1964.94921875,687.7274450212717
2026-07-19T13:29:30.241975+00:00,9419.0,35.0,98.78,43.0,1964.94921875,688.0904564373195
2026-07-19T13:29:30.612795+00:00,9419.0,34.0,99.01,43.0,1964.94921875,688.4612792544067
2026-07-19T13:29:30.980563+00:00,9419.0,33.0,99.11,43.0,1964.94921875,688.8290486633778
2026-07-19T13:29:31.345967+00:00,9419.0,34.0,99.22,43.0,1964.94921875,689.1944507397711
2026-07-19T13:29:31.704521+00:00,9419.0,35.0,99.11,43.0,1964.94921875,689.5530049353838
2026-07-19T13:29:32.038013+00:00,9419.0,33.0,99.24,43.0,1964.94921875,689.8864982575178
2026-07-19T13:29:32.372573+00:00,9419.0,35.0,99.21,43.0,1964.94921875,690.2210583388805
2026-07-19T13:29:32.711653+00:00,9419.0,35.0,99.57,43.0,1964.94921875,690.5601383931935
2026-07-19T13:29:33.047469+00:00,9691.0,33.0,102.01,43.0,1964.94921875,690.8959539346397
2026-07-19T13:29:33.407359+00:00,9691.0,34.0,101.51,43.0,1964.94921875,691.2558441534638
2026-07-19T13:29:33.744876+00:00,9691.0,33.0,101.1,43.0,1964.94921875,691.5933612287045
2026-07-19T13:29:34.109772+00:00,9691.0,34.0,98.62,43.0,1964.94921875,691.9582570269704
2026-07-19T13:29:34.479157+00:00,9691.0,33.0,98.54,43.0,1964.94921875,692.3276424370706
2026-07-19T13:29:34.841926+00:00,9691.0,33.0,98.56,43.0,1964.94921875,692.6904105320573
2026-07-19T13:29:35.140694+00:00,9691.0,35.0,98.52,43.0,1964.94921875,692.9891790933907
2026-07-19T13:29:35.501687+00:00,9691.0,35.0,98.74,43.0,1964.94921875,693.3501724675298
2026-07-19T13:29:35.834564+00:00,9691.0,33.0,98.78,43.0,1964.94921875,693.6830471940339
2026-07-19T13:29:36.196637+00:00,9691.0,30.0,98.41,43.0,1964.94921875,694.0451232865453
2026-07-19T13:29:36.557572+00:00,9691.0,33.0,98.18,43.0,1964.94921875,694.4060557894409
2026-07-19T13:29:36.917783+00:00,9691.0,35.0,98.54,43.0,1964.94921875,694.7662669084966
2026-07-19T13:29:37.284853+00:00,9691.0,33.0,99.44,43.0,1964.94921875,695.1333366185427
2026-07-19T13:29:37.650514+00:00,9691.0,33.0,99.5,43.0,1964.94921875,695.4989990964532
2026-07-19T13:29:38.017697+00:00,9995.0,36.0,102.07,43.0,1964.94921875,695.8661818429828
2026-07-19T13:29:38.380242+00:00,9995.0,33.0,101.12,43.0,1964.94921875,696.2287267707288
2026-07-19T13:29:38.737516+00:00,9995.0,32.0,100.68,43.0,1964.94921875,696.5860002115369
2026-07-19T13:29:39.096921+00:00,9995.0,35.0,97.93,43.0,1964.94921875,696.9454033747315
2026-07-19T13:29:39.462150+00:00,9995.0,34.0,98.36,43.0,1964.94921875,697.3106339462101
2026-07-19T13:29:39.828265+00:00,9995.0,33.0,98.33,43.0,1964.94921875,697.6767486557364
2026-07-19T13:29:40.201146+00:00,9995.0,33.0,97.57,43.0,1964.94921875,698.0496308207512
2026-07-19T13:29:40.539448+00:00,9995.0,35.0,97.66,43.0,1964.94921875,698.3879328966141
2026-07-19T13:29:40.909375+00:00,9995.0,33.0,97.88,43.0,1964.94921875,698.7578594125807
2026-07-19T13:29:41.283096+00:00,9995.0,33.0,98.36,43.0,1964.94921875,699.1315803490579
2026-07-19T13:29:41.649712+00:00,9997.0,33.0,98.78,43.0,1964.94921875,699.4981964454055
2026-07-19T13:29:42.008911+00:00,9997.0,28.0,98.11,43.0,1964.94921875,699.8573929406703
2026-07-19T13:29:42.369236+00:00,9997.0,35.0,98.57,43.0,1964.94921875,700.217719964683
2026-07-19T13:29:42.733475+00:00,9997.0,34.0,98.74,43.0,1964.94921875,700.5819604173303
2026-07-19T13:29:43.093807+00:00,9997.0,35.0,99.31,43.0,1964.94921875,700.9422893486917
2026-07-19T13:29:43.463097+00:00,9997.0,35.0,99.09,43.0,1964.953125,701.3115801401436
2026-07-19T13:29:43.830507+00:00,9997.0,35.0,99.79,43.0,1964.953125,701.6789915859699
2026-07-19T13:29:44.186820+00:00,9997.0,35.0,100.16,43.0,1964.95703125,702.0353032127023
2026-07-19T13:29:44.551093+00:00,9997.0,35.0,100.44,43.0,1964.9609375,702.399578820914
2026-07-19T13:29:44.914052+00:00,10017.0,31.0,100.01,43.0,1964.96484375,702.7625369280577
2026-07-19T13:29:45.274240+00:00,10073.0,35.0,99.97,43.0,1964.9765625,703.1227252110839
2026-07-19T13:29:45.636271+00:00,10093.0,35.0,100.09,43.0,1964.9765625,703.484755858779
2026-07-19T13:29:45.952048+00:00,10113.0,33.0,100.39,43.0,1964.98046875,703.8005313389003
2026-07-19T13:29:46.311694+00:00,10133.0,35.0,100.16,43.0,1964.99609375,704.160177949816
2026-07-19T13:29:46.680854+00:00,10155.0,35.0,100.08,43.0,1964.99609375,704.5293397828937
2026-07-19T13:29:47.041191+00:00,10175.0,33.0,100.33,43.0,1965.01171875,704.8896648362279
2026-07-19T13:29:47.400552+00:00,10215.0,34.0,100.57,43.0,1965.01171875,705.2490357682109
2026-07-19T13:29:47.734570+00:00,10235.0,35.0,100.96,43.0,1965.015625,705.5830548591912
2026-07-19T13:29:48.093972+00:00,9683.0,62.0,124.9,45.0,1965.21875,705.9424549974501
2026-07-19T13:29:48.617295+00:00,12425.0,0.0,153.21,45.0,1965.28125,706.4657797403634
2026-07-19T13:29:48.971566+00:00,26013.0,49.0,177.06,47.0,1965.53515625,706.820051331073
2026-07-19T13:29:49.290163+00:00,27215.0,75.0,179.54,50.0,1965.53515625,707.138643655926
2026-07-19T13:29:49.643961+00:00,27215.0,92.0,220.74,51.0,1965.53515625,707.4924454502761
2026-07-19T13:29:50.013545+00:00,9563.0,0.0,186.53,47.0,1965.53515625,707.8620300330222
2026-07-19T13:29:50.473833+00:00,9565.0,1.0,118.68,46.0,1965.54296875,708.3223170749843
2026-07-19T13:29:50.832041+00:00,9567.0,34.0,92.77,46.0,1965.54296875,708.6805249527097
2026-07-19T13:29:51.194199+00:00,9567.0,32.0,97.38,45.0,1965.54296875,709.0426836274564
2026-07-19T13:29:51.557421+00:00,9571.0,33.0,98.55,45.0,1965.54296875,709.4059065356851
2026-07-19T13:29:51.913567+00:00,9591.0,34.0,98.81,45.0,1965.54296875,709.762050691992
2026-07-19T13:29:52.281141+00:00,9611.0,33.0,98.82,45.0,1965.54296875,710.12962346524
2026-07-19T13:29:52.642189+00:00,9635.0,33.0,98.76,44.0,1965.54296875,710.4906734526157
2026-07-19T13:29:52.954410+00:00,9655.0,34.0,98.7,44.0,1965.54296875,710.8028950467706
2026-07-19T13:29:53.313552+00:00,9697.0,34.0,98.78,44.0,1965.54296875,711.1620370075107
2026-07-19T13:29:53.674040+00:00,9717.0,32.0,98.82,44.0,1965.54296875,711.5225254260004
2026-07-19T13:29:54.040761+00:00,9737.0,34.0,98.61,44.0,1965.546875,711.8892443403602
2026-07-19T13:29:54.400222+00:00,9757.0,34.0,98.67,44.0,1965.546875,712.2487081848085
2026-07-19T13:29:54.736086+00:00,10003.0,29.0,100.68,44.0,1965.546875,712.584570415318
2026-07-19T13:29:55.077460+00:00,10003.0,33.0,99.53,44.0,1965.546875,712.9259449318051
2026-07-19T13:29:55.409092+00:00,10003.0,34.0,99.01,44.0,1965.546875,713.2575766406953
2026-07-19T13:29:55.724453+00:00,10003.0,34.0,96.55,44.0,1965.546875,713.5729375034571
2026-07-19T13:29:56.063980+00:00,10003.0,33.0,97.33,44.0,1965.546875,713.9124649390578
2026-07-19T13:29:56.425131+00:00,10003.0,35.0,97.34,43.0,1965.546875,714.2736152373254
2026-07-19T13:29:56.781958+00:00,10003.0,26.0,96.95,43.0,1965.546875,714.6304429359734
2026-07-19T13:29:57.141218+00:00,10003.0,32.0,96.12,43.0,1965.546875,714.9897025860846
2026-07-19T13:29:57.497729+00:00,10003.0,34.0,96.49,43.0,1965.546875,715.3462132774293
2026-07-19T13:29:57.856993+00:00,10185.0,34.0,100.16,43.0,1965.546875,715.7054766528308
2026-07-19T13:29:58.173238+00:00,10185.0,33.0,100.44,43.0,1965.546875,716.0217230506241
2026-07-19T13:29:58.539689+00:00,10185.0,33.0,100.11,43.0,1965.546875,716.3881732597947
2026-07-19T13:29:58.895639+00:00,10185.0,34.0,97.33,43.0,1965.546875,716.7441235408187
2026-07-19T13:29:59.257779+00:00,10185.0,34.0,96.28,43.0,1965.546875,717.1062638647854
2026-07-19T13:29:59.612542+00:00,10185.0,34.0,96.22,43.0,1965.546875,717.4610272273421
2026-07-19T13:29:59.977134+00:00,10185.0,33.0,96.04,43.0,1965.546875,717.8256203085184
2026-07-19T13:30:00.336729+00:00,10185.0,34.0,96.84,43.0,1965.546875,718.1852128580213
2026-07-19T13:30:00.693155+00:00,10185.0,33.0,96.71,43.0,1965.546875,718.5416324287653
2026-07-19T13:30:01.003482+00:00,10185.0,35.0,97.18,43.0,1965.546875,718.8519667871296
2026-07-19T13:30:01.366997+00:00,10185.0,33.0,97.16,43.0,1965.546875,719.2154810652137
2026-07-19T13:30:01.729505+00:00,10187.0,30.0,97.39,43.0,1965.546875,719.5779888890684
2026-07-19T13:30:02.089595+00:00,10237.0,33.0,96.95,43.0,1965.546875,719.9380759559572
2026-07-19T13:30:02.443616+00:00,10257.0,32.0,97.17,43.0,1965.546875,720.2921004444361
2026-07-19T13:30:02.806431+00:00,10557.0,34.0,99.56,43.0,1965.546875,720.654916036874
2026-07-19T13:30:03.123830+00:00,10557.0,34.0,99.59,43.0,1965.546875,720.9723152033985
2026-07-19T13:30:03.481718+00:00,10557.0,34.0,99.34,43.0,1965.546875,721.3302025012672
2026-07-19T13:30:03.799225+00:00,10557.0,35.0,96.83,43.0,1965.546875,721.6477096527815
2026-07-19T13:30:04.120026+00:00,10557.0,34.0,96.68,43.0,1965.546875,721.9685096740723
2026-07-19T13:30:04.481705+00:00,10557.0,32.0,96.47,43.0,1965.546875,722.3301896341145
2026-07-19T13:30:04.840757+00:00,10557.0,35.0,96.7,43.0,1965.546875,722.6892420388758
2026-07-19T13:30:05.198756+00:00,10557.0,35.0,97.39,43.0,1965.546875,723.0472406595945
2026-07-19T13:30:05.563847+00:00,10557.0,34.0,97.66,43.0,1965.546875,723.4123312793672
2026-07-19T13:30:05.926228+00:00,10557.0,35.0,97.71,43.0,1965.546875,723.774713370949
2026-07-19T13:30:06.242115+00:00,10557.0,34.0,97.42,43.0,1965.55078125,724.090599887073
2026-07-19T13:30:06.576609+00:00,11997.0,35.0,97.79,43.0,1965.59375,724.4250938519835
2026-07-19T13:30:06.965682+00:00,8387.0,40.0,125.71,46.0,1965.60546875,724.8141654357314
2026-07-19T13:30:07.332033+00:00,12665.0,27.0,131.84,44.0,1965.60546875,725.1805174611509
2026-07-19T13:30:07.693082+00:00,18871.0,47.0,152.63,47.0,1966.25390625,725.5415667928755
2026-07-19T13:30:08.057614+00:00,18871.0,54.0,155.82,47.0,1966.25390625,725.9060985781252
2026-07-19T13:30:08.424281+00:00,8387.0,24.0,166.59,46.0,1966.25390625,726.2727647274733
2026-07-19T13:30:08.964736+00:00,8387.0,0.0,129.54,45.0,1966.25390625,726.8132216669619
2026-07-19T13:30:09.329159+00:00,8397.0,34.0,91.25,44.0,1966.25390625,727.1776436045766
2026-07-19T13:30:09.688168+00:00,8397.0,34.0,96.4,44.0,1966.25390625,727.5366542600095
2026-07-19T13:30:10.002654+00:00,8399.0,35.0,100.86,44.0,1966.25390625,727.851139139384
2026-07-19T13:30:10.360410+00:00,8421.0,33.0,98.5,44.0,1966.25390625,728.2088949233294
2026-07-19T13:30:10.676877+00:00,8441.0,33.0,98.98,44.0,1966.25390625,728.5253616757691
2026-07-19T13:30:11.014347+00:00,8461.0,33.0,98.78,44.0,1966.25390625,728.8628317788243
2026-07-19T13:30:11.374634+00:00,8481.0,34.0,99.11,44.0,1966.25390625,729.2231191173196
2026-07-19T13:30:11.736720+00:00,8501.0,32.0,99.55,44.0,1966.25390625,729.585206143558
2026-07-19T13:30:12.101092+00:00,8533.0,34.0,99.82,44.0,1966.25390625,729.9495767168701
2026-07-19T13:30:12.463736+00:00,8761.0,35.0,102.48,44.0,1966.25390625,730.3122198842466
2026-07-19T13:30:12.819962+00:00,8761.0,33.0,102.63,44.0,1966.25390625,730.6684472598135
2026-07-19T13:30:13.160326+00:00,8761.0,33.0,102.34,43.0,1966.25390625,731.0088120214641
2026-07-19T13:30:13.520717+00:00,8761.0,35.0,99.14,43.0,1966.25390625,731.3692013174295
2026-07-19T13:30:13.880173+00:00,8761.0,32.0,98.99,43.0,1966.25390625,731.7286570109427
2026-07-19T13:30:14.240822+00:00,8761.0,34.0,99.03,43.0,1966.25390625,732.0893071964383
2026-07-19T13:30:14.580838+00:00,8761.0,33.0,99.23,43.0,1966.25390625,732.4293212220073
2026-07-19T13:30:14.940154+00:00,8761.0,34.0,99.39,43.0,1966.25390625,732.788638625294
2026-07-19T13:30:15.274313+00:00,8761.0,34.0,99.52,43.0,1966.25390625,733.1227975971997
2026-07-19T13:30:15.633940+00:00,8761.0,34.0,98.75,43.0,1966.25390625,733.4824250750244
2026-07-19T13:30:15.998667+00:00,8995.0,34.0,101.34,43.0,1966.25390625,733.8471527472138
2026-07-19T13:30:16.333799+00:00,8995.0,34.0,101.23,43.0,1966.25390625,734.1822829395533
2026-07-19T13:30:16.669211+00:00,8995.0,33.0,101.49,43.0,1966.25390625,734.5176959298551
2026-07-19T13:30:17.004856+00:00,8995.0,35.0,99.24,43.0,1966.25390625,734.8533412702382
2026-07-19T13:30:17.365997+00:00,8995.0,33.0,98.57,43.0,1966.25390625,735.2144822590053
2026-07-19T13:30:17.700417+00:00,8995.0,34.0,98.72,43.0,1966.25390625,735.5489014461637
2026-07-19T13:30:18.018754+00:00,8995.0,34.0,98.43,43.0,1966.25390625,735.8672390952706
2026-07-19T13:30:18.382067+00:00,8995.0,32.0,98.68,43.0,1966.25390625,736.2305523082614
2026-07-19T13:30:18.703769+00:00,8995.0,34.0,98.73,43.0,1966.25390625,736.5522531345487
2026-07-19T13:30:19.067716+00:00,8995.0,33.0,99.16,43.0,1966.25390625,736.9161989837885
2026-07-19T13:30:19.405074+00:00,8995.0,33.0,98.85,43.0,1966.25390625,737.2535586282611
2026-07-19T13:30:19.740222+00:00,9217.0,36.0,101.85,43.0,1966.25390625,737.5887065716088
2026-07-19T13:30:20.106498+00:00,9217.0,33.0,100.81,43.0,1966.2578125,737.9549832344055
2026-07-19T13:30:20.420581+00:00,9217.0,33.0,100.25,43.0,1966.2578125,738.2690659426153
2026-07-19T13:30:20.774535+00:00,9217.0,29.0,96.46,43.0,1966.2578125,738.6230199299753
2026-07-19T13:30:21.133683+00:00,9217.0,32.0,96.51,43.0,1966.2578125,738.9821682572365
2026-07-19T13:30:21.491364+00:00,9217.0,34.0,96.66,43.0,1966.2578125,739.3398491367698
2026-07-19T13:30:21.852520+00:00,9217.0,33.0,97.09,43.0,1966.2578125,739.7010045722127
2026-07-19T13:30:22.220683+00:00,9217.0,34.0,97.17,43.0,1966.2578125,740.0691684186459
2026-07-19T13:30:22.578888+00:00,9217.0,34.0,97.36,43.0,1966.2578125,740.4273724593222
2026-07-19T13:30:22.939142+00:00,9217.0,34.0,97.59,43.0,1966.26171875,740.7876261733472
2026-07-19T13:30:23.304258+00:00,9217.0,22.0,96.66,43.0,1966.26171875,741.1527422070503
2026-07-19T13:30:23.665344+00:00,9237.0,34.0,96.89,43.0,1966.26171875,741.5138301178813
2026-07-19T13:30:24.002508+00:00,9257.0,33.0,96.94,43.0,1966.26171875,741.8509915061295
2026-07-19T13:30:24.365230+00:00,9277.0,34.0,97.72,43.0,1966.26171875,742.2137143947184
2026-07-19T13:30:24.724384+00:00,9317.0,35.0,97.62,43.0,1966.26171875,742.572869554162
2026-07-19T13:30:25.084722+00:00,9337.0,34.0,97.97,43.0,1966.26171875,742.9332078956068
2026-07-19T13:30:25.396068+00:00,9357.0,35.0,98.39,43.0,1966.26171875,743.24455319345
2026-07-19T13:30:25.758425+00:00,9379.0,34.0,98.33,43.0,1966.26171875,743.6069091558456
2026-07-19T13:30:26.122558+00:00,9417.0,34.0,98.12,43.0,1966.26171875,743.9710410237312
2026-07-19T13:30:26.474728+00:00,9437.0,35.0,98.1,43.0,1966.26171875,744.3232112489641
2026-07-19T13:30:26.798789+00:00,9457.0,36.0,98.06,43.0,1966.26171875,744.6472731940448
2026-07-19T13:30:27.165494+00:00,9497.0,35.0,98.11,43.0,1966.265625,745.0139782130718
2026-07-19T13:30:27.512402+00:00,9517.0,36.0,98.45,43.0,1966.26953125,745.3608855903149
2026-07-19T13:30:27.826915+00:00,9537.0,36.0,98.66,43.0,1966.26953125,745.6753981001675
2026-07-19T13:30:28.193265+00:00,9557.0,36.0,98.81,43.0,1966.26953125,746.0417490750551
2026-07-19T13:30:28.560764+00:00,9577.0,36.0,99.03,43.0,1966.2734375,746.4092428721488
2026-07-19T13:30:28.921050+00:00,9597.0,36.0,98.94,43.0,1966.2734375,746.7695346847177
2026-07-19T13:30:29.256883+00:00,9637.0,36.0,99.25,43.0,1966.2734375,747.1053670197725
2026-07-19T13:30:29.630180+00:00,9599.0,53.0,122.06,45.0,1966.28125,747.4786643348634
2026-07-19T13:30:30.180599+00:00,13841.0,7.0,158.19,45.0,1966.28125,748.0290836170316
2026-07-19T13:30:30.538578+00:00,26881.0,74.0,189.82,49.0,1966.484375,748.387058891356
2026-07-19T13:30:30.904091+00:00,27479.0,83.0,199.11,50.0,1966.484375,748.7525752037764
2026-07-19T13:30:31.236136+00:00,9565.0,46.0,229.41,49.0,1966.484375,749.0846204161644
2026-07-19T13:30:31.574758+00:00,9565.0,0.0,182.11,47.0,1966.484375,749.4232425764203
2026-07-19T13:30:31.894905+00:00,9565.0,1.0,125.23,46.0,1966.5,749.7433895245194
2026-07-19T13:30:32.270282+00:00,9565.0,0.0,84.23,45.0,1966.5078125,750.1187601648271
2026-07-19T13:30:32.624147+00:00,9565.0,0.0,84.08,45.0,1975.015625,750.4726317450404
2026-07-19T13:30:33.052342+00:00,9565.0,0.0,83.94,44.0,1974.2890625,750.9008270353079
2026-07-19T13:30:33.420416+00:00,9565.0,0.0,83.71,44.0,1974.2890625,751.2688993476331
