timestamp,gpu_memory_used_mb,gpu_utilization_pct,power_draw_w,temperature_c,process_rss_mb,elapsed_seconds
2026-07-18T12:58:47.093962+00:00,4.0,0.0,49.81,33.0,521.30859375,0.2678183503448963
2026-07-18T12:58:47.403211+00:00,4.0,0.0,49.78,33.0,531.453125,0.5770465582609177
2026-07-18T12:58:47.811997+00:00,4.0,0.0,49.8,33.0,533.58984375,0.9858568608760834
2026-07-18T12:58:48.139984+00:00,4.0,0.0,49.76,33.0,552.73046875,1.3138426914811134
2026-07-18T12:58:48.462844+00:00,4.0,0.0,49.77,33.0,625.33984375,1.6367026679217815
2026-07-18T12:58:48.773539+00:00,4.0,0.0,49.76,33.0,653.2421875,1.9473979584872723
2026-07-18T12:58:49.235325+00:00,4.0,0.0,49.79,33.0,722.97265625,2.409182395786047
2026-07-18T12:58:49.556706+00:00,20.0,0.0,51.29,33.0,802.07421875,2.7305636145174503
2026-07-18T12:58:49.879526+00:00,1117.0,7.0,61.27,34.0,1489.86328125,3.0533841028809547
2026-07-18T12:58:50.227028+00:00,2163.0,6.0,71.07,34.0,2443.58203125,3.400887932628393
2026-07-18T12:58:50.529707+00:00,3153.0,7.0,79.97,34.0,3367.5390625,3.703519508242607
2026-07-18T12:58:50.932625+00:00,3593.0,0.0,79.9,34.0,835.3515625,4.106482647359371
2026-07-18T12:58:51.247324+00:00,3775.0,0.0,79.87,34.0,1194.1640625,4.421183317899704
2026-07-18T12:58:51.571994+00:00,3801.0,8.0,80.93,34.0,1541.8515625,4.745852056890726
2026-07-18T12:58:51.851735+00:00,3801.0,40.0,84.52,35.0,1621.53515625,5.025595635175705
2026-07-18T12:58:52.200357+00:00,3801.0,40.0,92.01,35.0,1621.5859375,5.374216586351395
2026-07-18T12:58:52.496406+00:00,3801.0,40.0,97.57,35.0,1621.65625,5.670266415923834
2026-07-18T12:58:52.820731+00:00,3801.0,40.0,101.34,35.0,1621.671875,5.9945909939706326
2026-07-18T12:58:53.145222+00:00,3801.0,41.0,102.0,35.0,1621.671875,6.319081198424101
2026-07-18T12:58:53.448670+00:00,3801.0,40.0,102.56,35.0,1621.765625,6.622529964894056
2026-07-18T12:58:53.750679+00:00,3801.0,38.0,101.9,35.0,1621.77734375,6.924539413303137
2026-07-18T12:58:54.051066+00:00,3801.0,40.0,101.56,35.0,1621.80078125,7.22491493076086
2026-07-18T12:58:54.372748+00:00,3801.0,40.0,101.19,35.0,1621.828125,7.546607606112957
2026-07-18T12:58:54.716222+00:00,3801.0,39.0,102.57,35.0,1621.8828125,7.890078026801348
2026-07-18T12:58:55.083967+00:00,3801.0,39.0,103.27,35.0,1621.89453125,8.257826436311007
2026-07-18T12:58:55.364554+00:00,3801.0,40.0,102.63,35.0,1621.91796875,8.538414001464844
2026-07-18T12:58:55.666737+00:00,3801.0,37.0,101.51,35.0,1621.921875,8.840594284236431
2026-07-18T12:58:55.947495+00:00,3801.0,41.0,100.33,35.0,1621.9375,9.121343791484833
2026-07-18T12:58:56.250662+00:00,3801.0,41.0,100.65,35.0,1621.97265625,9.424521997570992
2026-07-18T12:58:56.531649+00:00,3801.0,41.0,101.21,35.0,1621.97265625,9.705509014427662
2026-07-18T12:58:56.811899+00:00,3801.0,40.0,101.52,35.0,1621.9921875,9.98575833439827
2026-07-18T12:58:57.093033+00:00,3801.0,40.0,101.46,35.0,1621.9921875,10.266892321407795
2026-07-18T12:58:57.416675+00:00,3801.0,39.0,102.05,36.0,1622.06640625,10.590530712157488
2026-07-18T12:58:57.719603+00:00,3801.0,40.0,102.16,35.0,1622.08984375,10.893461558967829
2026-07-18T12:58:58.073322+00:00,3801.0,38.0,101.84,35.0,1622.09375,11.247171696275473
2026-07-18T12:58:58.397446+00:00,3801.0,40.0,101.1,35.0,1622.12109375,11.571305435150862
2026-07-18T12:58:58.721408+00:00,3801.0,40.0,100.8,35.0,1622.15234375,11.895268104970455
2026-07-18T12:58:59.065308+00:00,3801.0,40.0,101.19,35.0,1622.171875,12.239159896969795
2026-07-18T12:58:59.362214+00:00,3801.0,40.0,101.17,35.0,1622.22265625,12.536074001342058
2026-07-18T12:58:59.642336+00:00,3801.0,30.0,100.94,36.0,1625.5078125,12.816196106374264
2026-07-18T12:58:59.943982+00:00,3801.0,40.0,99.78,36.0,1625.5078125,13.117841191589832
2026-07-18T12:59:00.246409+00:00,3801.0,39.0,100.03,36.0,1625.5390625,13.420267887413502
2026-07-18T12:59:00.551270+00:00,3801.0,40.0,100.22,36.0,1625.546875,13.72512136027217
2026-07-18T12:59:00.855423+00:00,3801.0,40.0,100.45,36.0,1625.5546875,14.029282413423061
2026-07-18T12:59:01.208704+00:00,3801.0,40.0,101.37,36.0,1625.5703125,14.382563564926386
2026-07-18T12:59:01.487964+00:00,3801.0,38.0,100.83,36.0,1625.57421875,14.661823775619268
2026-07-18T12:59:01.768843+00:00,3801.0,40.0,101.23,36.0,1625.59375,14.942702185362577
2026-07-18T12:59:02.070823+00:00,3801.0,40.0,101.29,36.0,1625.61328125,15.244683235883713
2026-07-18T12:59:02.397304+00:00,3801.0,40.0,101.82,36.0,1625.61328125,15.571159064769745
2026-07-18T12:59:02.725708+00:00,3801.0,39.0,100.78,36.0,1625.625,15.899565942585468
2026-07-18T12:59:03.049151+00:00,3801.0,40.0,99.64,36.0,1625.64453125,16.2230097129941
2026-07-18T12:59:03.373085+00:00,3801.0,40.0,98.89,36.0,1625.64453125,16.54694227874279
2026-07-18T12:59:03.697199+00:00,3801.0,40.0,100.06,36.0,1625.6640625,16.871048294007778
2026-07-18T12:59:03.999023+00:00,3801.0,39.0,100.85,36.0,1625.6875,17.172882582992315
2026-07-18T12:59:04.326574+00:00,3801.0,39.0,100.38,36.0,1625.6875,17.500433165580034
2026-07-18T12:59:04.669058+00:00,3801.0,40.0,100.17,36.0,1625.69921875,17.842917293310165
2026-07-18T12:59:04.974652+00:00,3801.0,40.0,100.08,36.0,1625.71875,18.14850476384163
2026-07-18T12:59:05.281129+00:00,3801.0,40.0,100.37,36.0,1625.72265625,18.454988054931164
2026-07-18T12:59:05.579105+00:00,3801.0,26.0,99.44,36.0,1625.7421875,18.75296387821436
2026-07-18T12:59:05.904580+00:00,3801.0,40.0,98.54,36.0,1625.74609375,19.078439734876156
2026-07-18T12:59:06.253427+00:00,3801.0,39.0,98.95,36.0,1625.7578125,19.42728690803051
2026-07-18T12:59:06.534043+00:00,3801.0,38.0,99.47,36.0,1625.76953125,19.707902781665325
2026-07-18T12:59:06.861221+00:00,3801.0,39.0,100.5,36.0,1625.7734375,20.035079911351204
2026-07-18T12:59:07.163246+00:00,3801.0,40.0,101.51,36.0,1625.796875,20.337104838341475
2026-07-18T12:59:07.508981+00:00,3801.0,36.0,101.88,36.0,1625.8203125,20.682832535356283
2026-07-18T12:59:07.854336+00:00,3801.0,35.0,100.54,36.0,1625.8203125,21.028195410966873
2026-07-18T12:59:08.176931+00:00,3801.0,40.0,100.26,36.0,1626.81640625,21.35078800842166
2026-07-18T12:59:08.457728+00:00,3801.0,40.0,100.71,36.0,1626.82421875,21.63158867880702
2026-07-18T12:59:08.757243+00:00,3801.0,40.0,101.59,36.0,1626.82421875,21.931103631854057
2026-07-18T12:59:09.084602+00:00,3801.0,39.0,101.35,36.0,1626.8515625,22.25846255198121
2026-07-18T12:59:09.387504+00:00,3801.0,40.0,100.96,36.0,1626.85546875,22.561364214867353
2026-07-18T12:59:09.690610+00:00,3801.0,37.0,100.93,36.0,1626.875,22.864470422267914
2026-07-18T12:59:09.995656+00:00,3801.0,40.0,100.84,36.0,1626.88671875,23.16951499134302
2026-07-18T12:59:10.275869+00:00,3801.0,40.0,100.84,36.0,1626.89453125,23.44972451403737
2026-07-18T12:59:10.557843+00:00,3801.0,39.0,100.35,36.0,1626.89453125,23.731703110039234
2026-07-18T12:59:10.900992+00:00,3801.0,40.0,101.2,36.0,1626.9296875,24.074851389974356
2026-07-18T12:59:11.225411+00:00,3801.0,41.0,101.92,36.0,1626.9296875,24.399269819259644
2026-07-18T12:59:11.522430+00:00,3801.0,40.0,101.85,36.0,1626.9453125,24.696287374943495
2026-07-18T12:59:11.845047+00:00,3801.0,36.0,101.63,36.0,1626.953125,25.018897101283073
2026-07-18T12:59:12.125913+00:00,3801.0,40.0,101.79,36.0,1626.96875,25.299773141741753
2026-07-18T12:59:12.441039+00:00,3801.0,40.0,102.52,36.0,1626.9765625,25.614899575710297
2026-07-18T12:59:12.765495+00:00,3801.0,40.0,103.19,36.0,1626.98828125,25.939353093504906
2026-07-18T12:59:13.070759+00:00,3801.0,39.0,102.29,37.0,1626.99609375,26.244618702679873
2026-07-18T12:59:13.351261+00:00,3801.0,41.0,101.94,36.0,1627.015625,26.525120474398136
2026-07-18T12:59:13.653324+00:00,3801.0,41.0,101.53,37.0,1627.015625,26.82718438282609
2026-07-18T12:59:13.957068+00:00,3801.0,40.0,100.17,37.0,1627.02734375,27.13092778623104
2026-07-18T12:59:14.239255+00:00,3801.0,39.0,99.88,37.0,1627.03125,27.413114547729492
2026-07-18T12:59:14.537444+00:00,3801.0,40.0,99.61,37.0,1627.05078125,27.71129858493805
2026-07-18T12:59:14.861314+00:00,3801.0,38.0,100.64,37.0,1627.05859375,28.03517386317253
2026-07-18T12:59:15.141811+00:00,3801.0,40.0,101.75,37.0,1627.0625,28.3156699500978
2026-07-18T12:59:15.461235+00:00,3801.0,41.0,102.52,37.0,1627.08203125,28.63509491086006
2026-07-18T12:59:15.764072+00:00,3801.0,41.0,102.15,37.0,1627.09765625,28.93793223798275
2026-07-18T12:59:16.089586+00:00,3801.0,25.0,98.95,37.0,1627.09765625,29.263445388525724
2026-07-18T12:59:16.392527+00:00,3801.0,41.0,99.04,37.0,1627.09765625,29.566387314349413
2026-07-18T12:59:16.693767+00:00,3801.0,40.0,98.86,37.0,1627.11328125,29.86762386187911
2026-07-18T12:59:16.995487+00:00,3801.0,41.0,101.76,37.0,1627.11328125,30.169346909970045
2026-07-18T12:59:17.299563+00:00,3801.0,40.0,101.25,37.0,1627.1171875,30.473414815962315
2026-07-18T12:59:17.580617+00:00,3801.0,40.0,100.83,37.0,1627.1171875,30.754477083683014
2026-07-18T12:59:17.929326+00:00,3801.0,40.0,100.89,37.0,1627.12109375,31.103185646235943
2026-07-18T12:59:18.277651+00:00,3801.0,41.0,101.17,37.0,1627.12109375,31.451510060578585
2026-07-18T12:59:18.605453+00:00,3801.0,40.0,101.15,37.0,1627.125,31.779312431812286
2026-07-18T12:59:18.928702+00:00,3801.0,39.0,102.05,37.0,1627.125,32.10256155207753
2026-07-18T12:59:19.254225+00:00,3801.0,40.0,101.98,37.0,1627.125,32.428078934550285
2026-07-18T12:59:19.558802+00:00,3801.0,34.0,102.99,37.0,1627.515625,32.73266147822142
2026-07-18T12:59:19.886071+00:00,3801.0,41.0,103.36,37.0,1627.515625,33.05993077903986
2026-07-18T12:59:20.233655+00:00,3801.0,40.0,102.85,37.0,1627.515625,33.40751399099827
2026-07-18T12:59:20.537200+00:00,3801.0,40.0,102.36,37.0,1627.515625,33.71105256676674
2026-07-18T12:59:20.860920+00:00,3801.0,40.0,101.71,37.0,1627.515625,34.03477988764644
2026-07-18T12:59:21.163297+00:00,3801.0,40.0,102.61,37.0,1627.515625,34.33715656027198
2026-07-18T12:59:21.467241+00:00,3801.0,39.0,103.55,37.0,1627.515625,34.64110039547086
2026-07-18T12:59:21.817403+00:00,3801.0,40.0,103.77,37.0,1627.515625,34.991262670606375
2026-07-18T12:59:22.140614+00:00,3801.0,40.0,102.62,37.0,1627.515625,35.314473640173674
2026-07-18T12:59:22.447539+00:00,3801.0,41.0,102.05,37.0,1627.515625,35.62139813601971
2026-07-18T12:59:22.751339+00:00,3801.0,40.0,101.81,37.0,1627.515625,35.92519851028919
2026-07-18T12:59:23.059360+00:00,3801.0,41.0,102.43,37.0,1627.5234375,36.23321758210659
2026-07-18T12:59:23.362771+00:00,3801.0,41.0,102.79,37.0,1627.5234375,36.53663021698594
2026-07-18T12:59:23.713232+00:00,3801.0,38.0,103.0,37.0,1627.5234375,36.887081526219845
2026-07-18T12:59:24.018057+00:00,3801.0,41.0,103.22,37.0,1627.5234375,37.19191683083773
2026-07-18T12:59:24.319225+00:00,3801.0,39.0,103.78,37.0,1627.5234375,37.49308480322361
2026-07-18T12:59:24.599418+00:00,3801.0,41.0,103.84,37.0,1627.5234375,37.773278176784515
2026-07-18T12:59:24.903241+00:00,3801.0,40.0,103.31,37.0,1627.5234375,38.07709527388215
2026-07-18T12:59:25.204847+00:00,3801.0,39.0,102.4,37.0,1627.5234375,38.3787060007453
2026-07-18T12:59:25.529479+00:00,3801.0,40.0,101.48,37.0,1627.5234375,38.70333820953965
2026-07-18T12:59:25.810273+00:00,3801.0,40.0,102.07,37.0,1627.5234375,38.984132654964924
2026-07-18T12:59:26.161424+00:00,3801.0,39.0,101.94,37.0,1627.5234375,39.33528304845095
2026-07-18T12:59:26.485082+00:00,3801.0,39.0,101.56,37.0,1627.5234375,39.658941473811865
2026-07-18T12:59:26.786599+00:00,3801.0,40.0,100.37,37.0,1627.5234375,39.96045793965459
2026-07-18T12:59:27.092749+00:00,3801.0,40.0,100.78,37.0,1627.5234375,40.26660905405879
2026-07-18T12:59:27.391115+00:00,3801.0,39.0,101.06,37.0,1627.5234375,40.56497457250953
2026-07-18T12:59:27.694246+00:00,3801.0,41.0,101.42,37.0,1627.5234375,40.86810144409537
2026-07-18T12:59:27.995316+00:00,3801.0,38.0,101.9,37.0,1627.5234375,41.16917499154806
2026-07-18T12:59:28.299035+00:00,3801.0,40.0,101.96,37.0,1627.5234375,41.472894076257944
2026-07-18T12:59:28.648617+00:00,3801.0,41.0,102.54,37.0,1627.5234375,41.82247677817941
2026-07-18T12:59:28.973091+00:00,3801.0,40.0,102.12,37.0,1627.5234375,42.14695117995143
2026-07-18T12:59:29.271220+00:00,3801.0,41.0,102.22,37.0,1627.5234375,42.44508075341582
2026-07-18T12:59:29.596586+00:00,3801.0,41.0,102.08,37.0,1627.5234375,42.77044611796737
2026-07-18T12:59:29.899338+00:00,3801.0,40.0,103.16,37.0,1627.5234375,43.0731971077621
2026-07-18T12:59:30.248851+00:00,3801.0,41.0,103.29,37.0,1627.5234375,43.422710075974464
2026-07-18T12:59:30.553270+00:00,3801.0,40.0,103.03,37.0,1627.5234375,43.72712854668498
2026-07-18T12:59:30.872917+00:00,3801.0,40.0,102.1,37.0,1627.5234375,44.046776950359344
2026-07-18T12:59:31.176047+00:00,3801.0,39.0,101.39,37.0,1627.5234375,44.34989666938782
2026-07-18T12:59:31.476305+00:00,3801.0,40.0,101.39,37.0,1627.5234375,44.65016547963023
2026-07-18T12:59:31.796740+00:00,3801.0,40.0,101.9,37.0,1627.5234375,44.97059950605035
2026-07-18T12:59:32.141082+00:00,3801.0,40.0,102.93,37.0,1627.5234375,45.31493902951479
2026-07-18T12:59:32.421961+00:00,3801.0,41.0,103.6,37.0,1627.5234375,45.59582135826349
2026-07-18T12:59:32.748673+00:00,3801.0,40.0,103.04,37.0,1627.921875,45.922533463686705
2026-07-18T12:59:33.073298+00:00,3801.0,40.0,102.24,37.0,1627.921875,46.24715765565634
2026-07-18T12:59:33.393521+00:00,3801.0,38.0,101.54,37.0,1627.921875,46.567380521446466
2026-07-18T12:59:33.716789+00:00,3801.0,40.0,101.77,37.0,1627.921875,46.890644542872906
2026-07-18T12:59:34.041286+00:00,3801.0,40.0,102.64,37.0,1627.921875,47.21514553949237
2026-07-18T12:59:34.388974+00:00,3801.0,38.0,102.64,37.0,1627.921875,47.56283392012119
2026-07-18T12:59:34.689708+00:00,3801.0,41.0,103.06,37.0,1627.921875,47.863567657768726
2026-07-18T12:59:34.971545+00:00,3801.0,28.0,102.05,37.0,1627.921875,48.14540421590209
2026-07-18T12:59:35.252442+00:00,3801.0,41.0,103.02,37.0,1627.921875,48.42630134895444
2026-07-18T12:59:35.576779+00:00,3801.0,41.0,103.34,37.0,1627.92578125,48.750638872385025
2026-07-18T12:59:35.883540+00:00,3801.0,40.0,104.12,37.0,1627.92578125,49.057398933917284
2026-07-18T12:59:36.188215+00:00,3801.0,39.0,104.66,37.0,1627.92578125,49.362074695527554
2026-07-18T12:59:36.490834+00:00,3801.0,40.0,104.9,37.0,1627.92578125,49.66469291597605
2026-07-18T12:59:36.794920+00:00,3801.0,40.0,104.18,38.0,1627.92578125,49.96877919882536
2026-07-18T12:59:37.121074+00:00,3801.0,40.0,103.53,38.0,1627.92578125,50.29493346065283
2026-07-18T12:59:37.423018+00:00,3801.0,41.0,102.66,38.0,1627.92578125,50.5968779399991
2026-07-18T12:59:37.728328+00:00,3801.0,41.0,103.57,38.0,1627.92578125,50.902186807245016
2026-07-18T12:59:38.026333+00:00,3801.0,41.0,103.63,38.0,1627.92578125,51.200191892683506
2026-07-18T12:59:38.306963+00:00,3801.0,41.0,103.5,38.0,1627.92578125,51.480822648853064
2026-07-18T12:59:38.607159+00:00,3801.0,41.0,103.66,38.0,1627.93359375,51.78101861476898
2026-07-18T12:59:38.928816+00:00,3801.0,41.0,103.62,38.0,1627.9375,52.10267608240247
2026-07-18T12:59:39.227657+00:00,3801.0,39.0,105.42,38.0,1628.07421875,52.40151704847813
2026-07-18T12:59:39.530705+00:00,3801.0,40.0,105.29,38.0,1628.07421875,52.704561810940504
2026-07-18T12:59:39.834939+00:00,3801.0,41.0,104.58,38.0,1628.0859375,53.00879792869091
2026-07-18T12:59:40.140868+00:00,3801.0,41.0,104.1,38.0,1628.08984375,53.31472810357809
2026-07-18T12:59:40.443126+00:00,3801.0,40.0,104.47,38.0,1628.12109375,53.61697592586279
2026-07-18T12:59:40.789408+00:00,3801.0,39.0,104.47,38.0,1628.12109375,53.963266886770725
2026-07-18T12:59:41.113977+00:00,3801.0,32.0,102.75,38.0,1628.1328125,54.287829760462046
2026-07-18T12:59:41.418505+00:00,3801.0,40.0,101.87,38.0,1628.1484375,54.592365231364965
2026-07-18T12:59:41.723683+00:00,3801.0,40.0,102.29,38.0,1628.1484375,54.89754241332412
2026-07-18T12:59:42.073116+00:00,3801.0,41.0,103.27,38.0,1628.16796875,55.24696937575936
2026-07-18T12:59:42.375160+00:00,3801.0,40.0,103.45,38.0,1628.17578125,55.549019642174244
2026-07-18T12:59:42.674687+00:00,3801.0,40.0,103.24,38.0,1628.31640625,55.84854692593217
2026-07-18T12:59:42.956450+00:00,3801.0,40.0,103.26,38.0,1628.33203125,56.130310237407684
2026-07-18T12:59:43.258526+00:00,3801.0,33.0,103.13,38.0,1628.33203125,56.43238553032279
2026-07-18T12:59:43.563937+00:00,3801.0,41.0,103.03,38.0,1628.34375,56.73779575526714
2026-07-18T12:59:43.846290+00:00,3801.0,40.0,103.06,38.0,1628.36328125,57.02014905586839
2026-07-18T12:59:44.126787+00:00,3801.0,41.0,102.43,38.0,1628.36328125,57.30064666643739
2026-07-18T12:59:44.426508+00:00,3801.0,40.0,102.52,38.0,1628.37109375,57.60036779567599
2026-07-18T12:59:44.755115+00:00,3801.0,40.0,101.69,38.0,1628.3984375,57.92897355929017
2026-07-18T12:59:45.085867+00:00,3801.0,40.0,101.7,38.0,1628.3984375,58.259725488722324
2026-07-18T12:59:45.390824+00:00,3801.0,41.0,102.53,38.0,1628.40625,58.564683731645346
2026-07-18T12:59:45.690931+00:00,3801.0,41.0,103.54,38.0,1628.4296875,58.86479081586003
2026-07-18T12:59:46.017941+00:00,3801.0,39.0,104.44,38.0,1628.55859375,59.19180102273822
2026-07-18T12:59:46.318587+00:00,3801.0,40.0,104.29,38.0,1628.56640625,59.49244670942426
2026-07-18T12:59:46.670890+00:00,3801.0,41.0,103.98,38.0,1628.5859375,59.84474956616759
2026-07-18T12:59:46.975610+00:00,3801.0,40.0,103.87,38.0,1628.5859375,60.1494694724679
2026-07-18T12:59:47.278546+00:00,3801.0,41.0,103.61,38.0,1628.6015625,60.452405877411366
2026-07-18T12:59:47.630321+00:00,3801.0,39.0,103.9,38.0,1628.6171875,60.8041800968349
2026-07-18T12:59:47.958323+00:00,3801.0,39.0,103.71,38.0,1628.6171875,61.132181614637375
2026-07-18T12:59:48.262793+00:00,3801.0,41.0,103.41,38.0,1628.62890625,61.43665250018239
2026-07-18T12:59:48.590637+00:00,3801.0,41.0,103.05,38.0,1628.65625,61.764496229588985
2026-07-18T12:59:48.942337+00:00,3801.0,41.0,102.56,38.0,1628.65625,62.11619681119919
2026-07-18T12:59:49.264801+00:00,3801.0,40.0,102.4,38.0,1628.6640625,62.43866064026952
2026-07-18T12:59:49.589451+00:00,3801.0,40.0,102.3,38.0,1628.84375,62.7633110024035
2026-07-18T12:59:49.870805+00:00,3801.0,41.0,102.51,38.0,1628.84375,63.044664952903986
2026-07-18T12:59:50.150279+00:00,3801.0,40.0,103.18,38.0,1628.8515625,63.324138935655355
2026-07-18T12:59:50.455079+00:00,3801.0,41.0,102.94,38.0,1628.8984375,63.62893711030483
2026-07-18T12:59:50.758963+00:00,3801.0,39.0,102.35,38.0,1628.91015625,63.932822823524475
2026-07-18T12:59:51.084876+00:00,3801.0,40.0,101.71,38.0,1629.0,64.25873597338796
2026-07-18T12:59:51.432982+00:00,3801.0,40.0,101.52,38.0,1629.01171875,64.60683231055737
2026-07-18T12:59:51.758757+00:00,3801.0,40.0,101.79,38.0,1629.0234375,64.93261387199163
2026-07-18T12:59:52.062786+00:00,3801.0,40.0,101.99,38.0,1629.04296875,65.23664547502995
2026-07-18T12:59:52.384582+00:00,3801.0,41.0,103.1,38.0,1629.109375,65.55844109132886
2026-07-18T12:59:52.686621+00:00,3801.0,40.0,103.4,38.0,1629.125,65.86048128455877
2026-07-18T12:59:52.987214+00:00,3801.0,40.0,102.67,38.0,1629.140625,66.16107323020697
2026-07-18T12:59:53.334205+00:00,3801.0,40.0,102.25,38.0,1629.140625,66.50806469470263
2026-07-18T12:59:53.681002+00:00,3801.0,41.0,101.81,38.0,1629.15234375,66.85486178845167
2026-07-18T12:59:53.985129+00:00,3801.0,41.0,102.97,38.0,1629.17578125,67.15898916497827
2026-07-18T12:59:54.267283+00:00,3801.0,40.0,103.59,38.0,1629.265625,67.44114354997873
2026-07-18T12:59:54.549498+00:00,3801.0,40.0,103.75,38.0,1629.2734375,67.72335205599666
2026-07-18T12:59:54.852617+00:00,3801.0,40.0,103.95,38.0,1629.29296875,68.02647647634149
2026-07-18T12:59:55.154201+00:00,3801.0,40.0,102.4,38.0,1629.29296875,68.32806054130197
2026-07-18T12:59:55.503644+00:00,3801.0,40.0,102.08,38.0,1629.30859375,68.67750459164381
2026-07-18T12:59:55.784859+00:00,3801.0,41.0,101.81,38.0,1629.31640625,68.95871878787875
2026-07-18T12:59:56.109829+00:00,3801.0,40.0,103.01,38.0,1629.3203125,69.2836883328855
2026-07-18T12:59:56.414515+00:00,3801.0,41.0,103.81,38.0,1629.3359375,69.58837502449751
2026-07-18T12:59:56.695535+00:00,3801.0,40.0,103.12,38.0,1629.33984375,69.86939452588558
2026-07-18T12:59:57.016953+00:00,3801.0,37.0,103.2,38.0,1629.46484375,70.19081226736307
2026-07-18T12:59:57.298440+00:00,3801.0,40.0,102.72,38.0,1629.46875,70.47229970991611
2026-07-18T12:59:57.602891+00:00,3801.0,39.0,103.35,38.0,1629.46875,70.77674972265959
2026-07-18T12:59:57.888862+00:00,3801.0,26.0,102.48,38.0,1629.48828125,71.06271961331367
2026-07-18T12:59:58.191927+00:00,3801.0,40.0,101.91,38.0,1629.49609375,71.36578600853682
2026-07-18T12:59:58.513411+00:00,3801.0,40.0,101.29,38.0,1629.50390625,71.68727034330368
2026-07-18T12:59:58.795217+00:00,3801.0,40.0,102.17,38.0,1629.51953125,71.96907674148679
2026-07-18T12:59:59.145445+00:00,3801.0,40.0,102.91,38.0,1629.5234375,72.31930389255285
2026-07-18T12:59:59.427175+00:00,3801.0,39.0,103.15,38.0,1629.63671875,72.60103329643607
2026-07-18T12:59:59.709076+00:00,3801.0,40.0,103.44,38.0,1629.64453125,72.88293594494462
2026-07-18T13:00:00.084560+00:00,3801.0,37.0,102.48,38.0,1629.6484375,73.25841815024614
2026-07-18T13:00:00.365691+00:00,3801.0,40.0,102.15,38.0,1629.6640625,73.53954995796084
2026-07-18T13:00:00.647403+00:00,3801.0,40.0,102.41,38.0,1629.66796875,73.82126298174262
2026-07-18T13:00:00.947075+00:00,3801.0,40.0,103.25,38.0,1629.68359375,74.12093455344439
2026-07-18T13:00:01.252719+00:00,3801.0,38.0,103.22,38.0,1629.75390625,74.42657881602645
2026-07-18T13:00:01.577125+00:00,3801.0,40.0,103.2,38.0,1629.75390625,74.75098408013582
2026-07-18T13:00:01.897762+00:00,3801.0,39.0,102.58,38.0,1629.765625,75.0716210603714
2026-07-18T13:00:02.228746+00:00,3801.0,40.0,101.45,38.0,1629.78515625,75.40258387476206
2026-07-18T13:00:02.581575+00:00,3801.0,40.0,101.58,38.0,1629.8515625,75.75543456152081
2026-07-18T13:00:02.885956+00:00,3801.0,39.0,101.77,38.0,1629.85546875,76.05981592461467
2026-07-18T13:00:03.187456+00:00,3801.0,40.0,102.99,38.0,1629.8671875,76.36131604760885
2026-07-18T13:00:03.533832+00:00,3801.0,40.0,102.62,38.0,1629.9453125,76.70769106596708
2026-07-18T13:00:03.838922+00:00,3801.0,37.0,102.52,38.0,1630.0078125,77.0127803646028
2026-07-18T13:00:04.189595+00:00,3801.0,39.0,102.44,38.0,1630.01171875,77.36345447972417
2026-07-18T13:00:04.496078+00:00,3801.0,39.0,102.32,38.0,1630.01953125,77.6699281707406
2026-07-18T13:00:04.801848+00:00,3801.0,40.0,102.17,38.0,1630.046875,77.9757043235004
2026-07-18T13:00:05.123961+00:00,3801.0,40.0,101.62,38.0,1630.0546875,78.29782017692924
2026-07-18T13:00:05.450073+00:00,3801.0,40.0,101.88,38.0,1630.12109375,78.62393240258098
2026-07-18T13:00:05.801580+00:00,3801.0,40.0,102.37,38.0,1630.13671875,78.97543980553746
2026-07-18T13:00:06.132081+00:00,3801.0,38.0,102.84,38.0,1630.15625,79.30593979731202
2026-07-18T13:00:06.460764+00:00,3801.0,40.0,102.56,38.0,1630.15625,79.6346235871315
2026-07-18T13:00:06.768907+00:00,3801.0,40.0,102.09,38.0,1630.1640625,79.94276591390371
2026-07-18T13:00:07.071193+00:00,3801.0,37.0,101.55,38.0,1630.5390625,80.24505345150828
2026-07-18T13:00:07.375477+00:00,3801.0,36.0,100.74,38.0,1630.54296875,80.54933695867658
2026-07-18T13:00:07.701486+00:00,3801.0,38.0,100.96,38.0,1630.5703125,80.87534611299634
2026-07-18T13:00:08.037618+00:00,3801.0,38.0,101.13,38.0,1630.796875,81.2114781215787
2026-07-18T13:00:08.339043+00:00,3801.0,40.0,101.54,38.0,1630.80859375,81.51290296763182
2026-07-18T13:00:08.665288+00:00,3801.0,37.0,101.23,38.0,1630.81640625,81.83914707228541
2026-07-18T13:00:08.988888+00:00,3801.0,37.0,100.99,38.0,1630.8203125,82.16274717450142
2026-07-18T13:00:09.336779+00:00,3801.0,39.0,101.52,38.0,1630.87890625,82.51057421788573
2026-07-18T13:00:09.665245+00:00,3801.0,40.0,102.25,38.0,1630.88671875,82.8391038402915
2026-07-18T13:00:10.017642+00:00,3801.0,40.0,102.78,38.0,1630.89453125,83.19149657338858
2026-07-18T13:00:10.326036+00:00,3801.0,37.0,102.74,38.0,1630.90625,83.49989400804043
2026-07-18T13:00:10.631300+00:00,3801.0,37.0,102.44,38.0,1630.96875,83.80515990406275
2026-07-18T13:00:10.935268+00:00,3801.0,32.0,100.55,38.0,1630.9765625,84.10912699624896
2026-07-18T13:00:11.242992+00:00,3801.0,39.0,100.2,38.0,1630.99609375,84.4168514162302
2026-07-18T13:00:11.546882+00:00,3801.0,39.0,99.24,38.0,1630.99609375,84.72074137628078
2026-07-18T13:00:11.895045+00:00,3801.0,39.0,101.09,38.0,1631.0546875,85.06890435889363
2026-07-18T13:00:12.198780+00:00,3801.0,39.0,101.73,38.0,1631.07421875,85.37264062091708
2026-07-18T13:00:12.507662+00:00,3801.0,39.0,102.02,38.0,1631.078125,85.68152125924826
2026-07-18T13:00:12.789406+00:00,3801.0,39.0,101.75,38.0,1631.08984375,85.96326583251357
2026-07-18T13:00:13.076525+00:00,3803.0,35.0,101.09,38.0,1631.53515625,86.25038453191519
2026-07-18T13:00:13.365807+00:00,3803.0,39.0,100.36,38.0,1631.546875,86.5396658219397
2026-07-18T13:00:13.671585+00:00,3803.0,38.0,100.55,38.0,1631.546875,86.8454444333911
2026-07-18T13:00:13.953817+00:00,3803.0,39.0,100.9,38.0,1631.55859375,87.1276766769588
2026-07-18T13:00:14.258667+00:00,3803.0,36.0,101.55,38.0,1631.82421875,87.43252607434988
2026-07-18T13:00:14.581461+00:00,3803.0,39.0,101.43,38.0,1631.82421875,87.7553207911551
2026-07-18T13:00:14.933944+00:00,3803.0,39.0,101.18,38.0,1631.8515625,88.1078035198152
2026-07-18T13:00:15.260662+00:00,3803.0,39.0,101.32,38.0,1631.8671875,88.43452119082212
2026-07-18T13:00:15.563090+00:00,3803.0,37.0,101.78,38.0,1632.140625,88.73694913834333
2026-07-18T13:00:15.871151+00:00,3803.0,39.0,101.55,38.0,1632.140625,89.04501021280885
2026-07-18T13:00:16.175871+00:00,3803.0,39.0,102.35,38.0,1632.140625,89.34973061829805
2026-07-18T13:00:16.520479+00:00,3803.0,39.0,101.63,38.0,1632.1640625,89.69433675333858
2026-07-18T13:00:16.870481+00:00,3803.0,38.0,102.3,38.0,1632.19140625,90.04434002190828
2026-07-18T13:00:17.226317+00:00,3803.0,38.0,101.05,38.0,1632.2109375,90.40017643198371
2026-07-18T13:00:17.549113+00:00,3803.0,37.0,101.04,38.0,1632.23046875,90.72297221794724
2026-07-18T13:00:17.872412+00:00,3803.0,39.0,100.58,38.0,1632.234375,91.04627036675811
2026-07-18T13:00:18.197645+00:00,3803.0,38.0,101.14,38.0,1632.23828125,91.3715039268136
2026-07-18T13:00:18.503271+00:00,3803.0,38.0,100.57,38.0,1632.3828125,91.67712952569127
2026-07-18T13:00:18.830811+00:00,3803.0,38.0,101.38,38.0,1632.40234375,92.00466979667544
2026-07-18T13:00:19.185203+00:00,3803.0,39.0,101.18,38.0,1632.4765625,92.35906053334475
2026-07-18T13:00:19.512874+00:00,3803.0,37.0,101.96,38.0,1632.484375,92.68673372268677
2026-07-18T13:00:19.814777+00:00,3803.0,39.0,102.01,38.0,1632.51171875,92.98863687738776
2026-07-18T13:00:20.098563+00:00,3803.0,37.0,102.32,38.0,1632.6484375,93.27242244407535
2026-07-18T13:00:20.534519+00:00,3803.0,0.0,99.39,38.0,1632.65234375,93.70837879925966
2026-07-18T13:00:20.816810+00:00,3803.0,38.0,98.57,38.0,1632.65234375,93.99066975340247
2026-07-18T13:00:21.165088+00:00,3803.0,40.0,98.13,38.0,1632.65234375,94.33894694596529
2026-07-18T13:00:21.493029+00:00,3803.0,40.0,100.18,38.0,1632.65234375,94.66688805446029
2026-07-18T13:00:21.817121+00:00,3803.0,39.0,102.02,38.0,1632.65234375,94.99098083004355
2026-07-18T13:00:22.164956+00:00,3803.0,39.0,102.05,38.0,1632.65625,95.3388149626553
2026-07-18T13:00:22.466851+00:00,3803.0,40.0,102.52,38.0,1632.65625,95.64070519804955
2026-07-18T13:00:22.789607+00:00,3803.0,38.0,102.07,38.0,1632.65625,95.96346611902118
2026-07-18T13:00:23.095128+00:00,3803.0,41.0,102.69,38.0,1632.65625,96.26898707076907
2026-07-18T13:00:23.449420+00:00,3803.0,39.0,103.36,38.0,1632.65625,96.62327936664224
2026-07-18T13:00:23.799079+00:00,3803.0,39.0,104.03,38.0,1632.65625,96.97293859347701
2026-07-18T13:00:24.151072+00:00,3803.0,38.0,103.72,38.0,1632.66015625,97.32493123039603
2026-07-18T13:00:24.477537+00:00,3803.0,39.0,102.74,38.0,1632.66015625,97.65139551460743
2026-07-18T13:00:24.829122+00:00,3803.0,39.0,102.12,38.0,1632.66015625,98.00298132747412
2026-07-18T13:00:25.129932+00:00,3803.0,40.0,101.06,38.0,1632.66015625,98.30379219353199
2026-07-18T13:00:25.435657+00:00,3803.0,38.0,100.78,38.0,1632.6640625,98.60951694473624
2026-07-18T13:00:25.735047+00:00,3803.0,38.0,101.4,38.0,1632.6640625,98.90890647098422
2026-07-18T13:00:26.085753+00:00,3803.0,40.0,102.5,38.0,1632.6640625,99.25961275398731
2026-07-18T13:00:26.413175+00:00,3803.0,40.0,102.95,38.0,1632.6640625,99.58703479915857
2026-07-18T13:00:26.769772+00:00,3803.0,39.0,103.55,38.0,1632.6640625,99.9436313919723
2026-07-18T13:00:27.097610+00:00,3803.0,39.0,103.49,38.0,1632.73046875,100.27146869525313
2026-07-18T13:00:27.397380+00:00,3803.0,39.0,102.94,38.0,1632.73046875,100.57123962417245
2026-07-18T13:00:27.745062+00:00,3803.0,40.0,102.22,38.0,1632.73046875,100.9189208522439
2026-07-18T13:00:28.052016+00:00,3803.0,40.0,101.79,38.0,1632.73046875,101.22587491199374
2026-07-18T13:00:28.355030+00:00,3803.0,39.0,101.86,38.0,1632.73046875,101.52888905256987
2026-07-18T13:00:28.655190+00:00,3803.0,39.0,101.24,38.0,1632.73046875,101.8290492631495
2026-07-18T13:00:29.005094+00:00,3803.0,39.0,101.79,38.0,1632.73046875,102.17895425111055
2026-07-18T13:00:29.333381+00:00,3803.0,39.0,102.28,38.0,1632.73046875,102.50724033638835
2026-07-18T13:00:29.639200+00:00,3803.0,40.0,103.56,38.0,1632.73046875,102.81305982545018
2026-07-18T13:00:29.993872+00:00,3803.0,37.0,103.81,38.0,1632.77734375,103.16772961616516
2026-07-18T13:00:30.317773+00:00,3803.0,37.0,103.54,38.0,1632.77734375,103.49163199216127
2026-07-18T13:00:30.623402+00:00,3803.0,36.0,102.35,38.0,1632.77734375,103.79726183414459
2026-07-18T13:00:30.926850+00:00,3803.0,39.0,101.46,38.0,1632.77734375,104.10070860758424
2026-07-18T13:00:31.231964+00:00,3803.0,38.0,101.32,38.0,1632.77734375,104.40582364797592
2026-07-18T13:00:31.580863+00:00,3803.0,39.0,101.96,38.0,1632.77734375,104.75472277775407
2026-07-18T13:00:31.901745+00:00,3803.0,39.0,102.57,38.0,1632.77734375,105.07560439407825
2026-07-18T13:00:32.261158+00:00,3803.0,40.0,102.14,38.0,1632.77734375,105.43501752614975
2026-07-18T13:00:32.588780+00:00,3803.0,39.0,102.01,38.0,1632.77734375,105.76263931766152
2026-07-18T13:00:32.913384+00:00,3803.0,39.0,102.26,38.0,1632.8046875,106.08724319189787
2026-07-18T13:00:33.265560+00:00,3803.0,37.0,102.25,38.0,1632.8046875,106.43941858783364
2026-07-18T13:00:33.547566+00:00,3803.0,39.0,102.57,38.0,1632.8046875,106.72142527997494
2026-07-18T13:00:33.868816+00:00,3803.0,39.0,102.05,38.0,1632.8046875,107.04267501458526
2026-07-18T13:00:34.152688+00:00,3803.0,39.0,101.71,38.0,1632.8046875,107.3265471085906
2026-07-18T13:00:34.462508+00:00,3803.0,39.0,101.46,38.0,1632.8046875,107.6363666318357
2026-07-18T13:00:34.808709+00:00,3803.0,39.0,101.19,38.0,1632.8046875,107.98256815597415
2026-07-18T13:00:35.113012+00:00,3803.0,40.0,101.27,38.0,1632.8046875,108.28687115758657
2026-07-18T13:00:35.419113+00:00,3803.0,41.0,101.42,38.0,1632.8046875,108.59297261014581
2026-07-18T13:00:35.723203+00:00,3803.0,40.0,101.93,38.0,1632.8046875,108.89706225693226
2026-07-18T13:00:36.074521+00:00,3803.0,39.0,103.07,38.0,1632.8046875,109.2483805604279
2026-07-18T13:00:36.402102+00:00,3803.0,38.0,103.42,38.0,1632.8046875,109.57596177607775
2026-07-18T13:00:36.752625+00:00,3803.0,38.0,102.86,38.0,1632.8046875,109.92648454755545
2026-07-18T13:00:37.079874+00:00,3803.0,40.0,103.12,38.0,1632.83203125,110.2537334561348
2026-07-18T13:00:37.409530+00:00,3803.0,37.0,102.19,38.0,1632.83203125,110.58338932693005
2026-07-18T13:00:37.765478+00:00,3803.0,39.0,102.8,38.0,1632.83203125,110.93933576717973
2026-07-18T13:00:38.117973+00:00,3803.0,35.0,102.68,38.0,1632.859375,111.29183068871498
2026-07-18T13:00:38.401241+00:00,3803.0,39.0,102.74,38.0,1632.859375,111.57510052248836
2026-07-18T13:00:38.683219+00:00,3803.0,40.0,101.88,38.0,1632.859375,111.85707841068506
2026-07-18T13:00:39.032659+00:00,3803.0,40.0,101.99,38.0,1632.859375,112.20651854202151
2026-07-18T13:00:39.385321+00:00,3803.0,40.0,101.38,38.0,1632.859375,112.55916687473655
2026-07-18T13:00:39.697084+00:00,3803.0,38.0,102.14,38.0,1632.859375,112.87094282731414
2026-07-18T13:00:39.980278+00:00,3803.0,41.0,102.46,38.0,1632.859375,113.15413730964065
2026-07-18T13:00:40.281272+00:00,3803.0,39.0,102.02,38.0,1632.859375,113.45513104647398
2026-07-18T13:00:40.569843+00:00,3803.0,37.0,101.64,38.0,1632.859375,113.74370298162103
2026-07-18T13:00:40.875220+00:00,3803.0,34.0,101.75,38.0,1632.890625,114.04908000305295
2026-07-18T13:00:41.221405+00:00,3803.0,39.0,101.64,38.0,1632.890625,114.39526391029358
2026-07-18T13:00:41.569929+00:00,3803.0,34.0,101.6,38.0,1632.91015625,114.74378648400307
2026-07-18T13:00:41.876743+00:00,3803.0,40.0,100.86,38.0,1632.91015625,115.05060248449445
2026-07-18T13:00:42.179432+00:00,3803.0,40.0,100.7,38.0,1632.91015625,115.35329180955887
2026-07-18T13:00:42.505621+00:00,3803.0,37.0,100.86,38.0,1632.91015625,115.67947985604405
2026-07-18T13:00:42.861884+00:00,3803.0,38.0,101.31,38.0,1632.91015625,116.03574380651116
2026-07-18T13:00:43.163183+00:00,3803.0,40.0,101.44,38.0,1632.9296875,116.3370421975851
2026-07-18T13:00:43.467717+00:00,3803.0,40.0,101.78,38.0,1632.9296875,116.64157578349113
2026-07-18T13:00:43.797693+00:00,3803.0,40.0,101.44,38.0,1632.9296875,116.97154646366835
2026-07-18T13:00:44.103411+00:00,3803.0,38.0,101.18,38.0,1632.9296875,117.27727061137557
2026-07-18T13:00:44.407804+00:00,3803.0,37.0,101.73,38.0,1632.9453125,117.58166329190135
2026-07-18T13:00:44.710365+00:00,3803.0,39.0,101.58,38.0,1632.9453125,117.88422434031963
2026-07-18T13:00:45.033442+00:00,3803.0,38.0,101.23,38.0,1632.9453125,118.20730110257864
2026-07-18T13:00:45.316563+00:00,3803.0,40.0,100.39,38.0,1632.9453125,118.49042282253504
2026-07-18T13:00:45.621360+00:00,3803.0,40.0,100.66,38.0,1632.9453125,118.79521886631846
2026-07-18T13:00:45.903678+00:00,3803.0,36.0,101.44,38.0,1632.95703125,119.07753727957606
2026-07-18T13:00:46.206832+00:00,3803.0,40.0,102.24,38.0,1632.95703125,119.38069127872586
2026-07-18T13:00:46.507207+00:00,3803.0,40.0,103.12,38.0,1632.95703125,119.68106618151069
2026-07-18T13:00:46.810460+00:00,3803.0,41.0,103.01,38.0,1632.95703125,119.98431944474578
2026-07-18T13:00:47.160885+00:00,3803.0,40.0,102.25,38.0,1632.984375,120.33474408835173
2026-07-18T13:00:47.489649+00:00,3803.0,38.0,101.17,38.0,1632.984375,120.66350873932242
2026-07-18T13:00:47.818015+00:00,3803.0,40.0,101.52,38.0,1632.984375,120.99187452718616
2026-07-18T13:00:48.123247+00:00,3803.0,40.0,101.75,38.0,1632.984375,121.29710643738508
2026-07-18T13:00:48.449736+00:00,3803.0,41.0,102.87,38.0,1632.984375,121.62359496206045
2026-07-18T13:00:48.754520+00:00,3803.0,40.0,103.37,38.0,1632.984375,121.92837958782911
2026-07-18T13:00:49.038211+00:00,3803.0,40.0,103.47,38.0,1633.0078125,122.2120697684586
2026-07-18T13:00:49.361825+00:00,3803.0,40.0,103.17,38.0,1633.0078125,122.53568370267749
2026-07-18T13:00:49.662774+00:00,3803.0,40.0,102.13,38.0,1633.0078125,122.83663307130337
2026-07-18T13:00:49.987033+00:00,3803.0,37.0,101.39,38.0,1633.0078125,123.16089226305485
2026-07-18T13:00:50.305048+00:00,3803.0,40.0,101.36,38.0,1633.0078125,123.47890780493617
2026-07-18T13:00:50.586835+00:00,3803.0,40.0,101.32,38.0,1633.0078125,123.76069482415915
2026-07-18T13:00:50.869063+00:00,3803.0,40.0,101.84,38.0,1633.0078125,124.04292231425643
2026-07-18T13:00:51.151002+00:00,3803.0,40.0,101.8,38.0,1633.0078125,124.32486148178577
2026-07-18T13:00:51.456435+00:00,3803.0,39.0,102.57,38.0,1633.0078125,124.63029427081347
2026-07-18T13:00:51.755256+00:00,3803.0,40.0,103.13,38.0,1633.0078125,124.92911449819803
2026-07-18T13:00:52.104911+00:00,3803.0,40.0,103.59,38.0,1633.03125,125.2787704616785
2026-07-18T13:00:52.412757+00:00,3803.0,38.0,103.8,38.0,1633.03125,125.58661576732993
2026-07-18T13:00:52.717424+00:00,3803.0,40.0,103.61,38.0,1633.03125,125.89128368720412
2026-07-18T13:00:53.023352+00:00,3803.0,40.0,103.24,38.0,1633.03125,126.19721081480384
2026-07-18T13:00:53.305971+00:00,3803.0,40.0,102.59,38.0,1633.03125,126.47983046248555
2026-07-18T13:00:53.607541+00:00,3803.0,38.0,102.79,38.0,1633.03125,126.78140049800277
2026-07-18T13:00:53.911098+00:00,3803.0,40.0,102.78,38.0,1633.03125,127.08495796099305
2026-07-18T13:00:54.237319+00:00,3803.0,40.0,102.86,38.0,1633.03125,127.41117857769132
2026-07-18T13:00:54.539060+00:00,3803.0,41.0,103.55,38.0,1633.03125,127.71292026340961
2026-07-18T13:00:54.889493+00:00,3803.0,40.0,103.34,38.0,1633.03125,128.06335251778364
2026-07-18T13:00:55.237355+00:00,3803.0,40.0,103.34,38.0,1633.03125,128.41121438145638
2026-07-18T13:00:55.520529+00:00,3803.0,40.0,102.6,38.0,1633.05859375,128.69438816979527
2026-07-18T13:00:55.823140+00:00,3803.0,40.0,102.02,38.0,1633.05859375,128.99699982255697
2026-07-18T13:00:56.128338+00:00,3803.0,26.0,100.83,38.0,1633.05859375,129.30219765007496
2026-07-18T13:00:56.410850+00:00,3803.0,40.0,101.06,38.0,1633.05859375,129.58471008390188
2026-07-18T13:00:56.761515+00:00,3803.0,40.0,101.47,38.0,1633.05859375,129.93537466228008
2026-07-18T13:00:57.067028+00:00,3803.0,41.0,102.04,38.0,1633.05859375,130.24088772758842
2026-07-18T13:00:57.349063+00:00,3803.0,39.0,101.72,38.0,1633.05859375,130.5229223407805
2026-07-18T13:00:57.654453+00:00,3803.0,40.0,101.29,38.0,1633.05859375,130.82831318303943
2026-07-18T13:00:57.960262+00:00,3803.0,39.0,101.48,38.0,1633.08203125,131.134122364223
2026-07-18T13:00:58.286311+00:00,3803.0,39.0,101.37,38.0,1633.08203125,131.46016985177994
2026-07-18T13:00:58.592813+00:00,3803.0,40.0,102.12,38.0,1633.08203125,131.7666710689664
2026-07-18T13:00:58.940976+00:00,3803.0,40.0,102.72,38.0,1633.08203125,132.11483459547162
2026-07-18T13:00:59.223177+00:00,3803.0,40.0,103.64,38.0,1633.08203125,132.39703764393926
2026-07-18T13:00:59.569901+00:00,3803.0,33.0,103.71,38.0,1633.10546875,132.74376123771071
2026-07-18T13:00:59.897411+00:00,3803.0,35.0,103.14,38.0,1633.10546875,133.07127122953534
2026-07-18T13:01:00.227053+00:00,3803.0,32.0,101.42,38.0,1633.11328125,133.40090960264206
2026-07-18T13:01:00.553441+00:00,3803.0,40.0,101.36,38.0,1633.11328125,133.72730053588748
2026-07-18T13:01:00.836770+00:00,3803.0,40.0,100.8,38.0,1633.11328125,134.01062847673893
2026-07-18T13:01:01.139928+00:00,3803.0,40.0,102.28,38.0,1633.11328125,134.31378716602921
2026-07-18T13:01:01.442672+00:00,3803.0,41.0,102.41,38.0,1633.11328125,134.61653181165457
2026-07-18T13:01:01.768825+00:00,3803.0,40.0,102.21,38.0,1633.1328125,134.94268281385303
2026-07-18T13:01:02.126381+00:00,3803.0,38.0,101.96,38.0,1633.1328125,135.30021246150136
2026-07-18T13:01:02.435495+00:00,3803.0,39.0,101.36,38.0,1633.1328125,135.60934475436807
2026-07-18T13:01:02.717985+00:00,3803.0,39.0,101.18,38.0,1633.15234375,135.89184434711933
2026-07-18T13:01:03.045208+00:00,3803.0,40.0,101.47,38.0,1633.15234375,136.2190671376884
2026-07-18T13:01:03.357577+00:00,3803.0,37.0,101.38,38.0,1633.15234375,136.5314326994121
2026-07-18T13:01:03.662875+00:00,3803.0,40.0,101.63,38.0,1633.15234375,136.83673480153084
2026-07-18T13:01:03.989823+00:00,3803.0,40.0,101.62,38.0,1633.15234375,137.16368233412504
2026-07-18T13:01:04.347812+00:00,3803.0,39.0,101.9,38.0,1633.15234375,137.52167052030563
2026-07-18T13:01:04.651609+00:00,3803.0,40.0,101.98,38.0,1633.15234375,137.82546477392316
2026-07-18T13:01:04.958416+00:00,3803.0,35.0,101.97,38.0,1633.17578125,138.13227524235845
2026-07-18T13:01:05.285366+00:00,3803.0,39.0,101.5,38.0,1633.17578125,138.45922598987818
2026-07-18T13:01:05.591364+00:00,3803.0,40.0,101.24,38.0,1633.17578125,138.76521692797542
2026-07-18T13:01:05.891497+00:00,3803.0,40.0,101.12,38.0,1633.17578125,139.06535617634654
2026-07-18T13:01:06.209635+00:00,3803.0,40.0,101.38,38.0,1633.17578125,139.3834942765534
2026-07-18T13:01:06.539585+00:00,3803.0,40.0,101.98,38.0,1633.17578125,139.71344451233745
2026-07-18T13:01:06.857088+00:00,3803.0,40.0,102.78,38.0,1633.25,140.03094729408622
2026-07-18T13:01:07.139885+00:00,3803.0,40.0,103.2,38.0,1633.25,140.31374513357878
2026-07-18T13:01:07.439158+00:00,3803.0,40.0,103.16,38.0,1633.25,140.61301780864596
2026-07-18T13:01:07.743712+00:00,3803.0,41.0,103.54,38.0,1633.25,140.9175714738667
2026-07-18T13:01:08.042425+00:00,3803.0,41.0,103.53,38.0,1633.296875,141.2162844389677
2026-07-18T13:01:08.342542+00:00,3803.0,40.0,103.48,38.0,1633.296875,141.51640043780208
2026-07-18T13:01:08.665690+00:00,3803.0,40.0,103.4,38.0,1633.296875,141.8395495377481
2026-07-18T13:01:09.009149+00:00,3803.0,34.0,103.55,38.0,1633.4765625,142.18300853297114
2026-07-18T13:01:09.353342+00:00,3803.0,40.0,103.15,38.0,1633.4765625,142.52720154449344
2026-07-18T13:01:09.659686+00:00,3803.0,40.0,102.41,38.0,1633.4765625,142.8335450179875
2026-07-18T13:01:09.963493+00:00,3803.0,40.0,101.22,38.0,1633.4765625,143.13735210895538
2026-07-18T13:01:10.247218+00:00,3803.0,39.0,101.23,38.0,1633.5625,143.42107713222504
2026-07-18T13:01:10.530346+00:00,3803.0,40.0,101.71,38.0,1633.5625,143.70420673117042
2026-07-18T13:01:10.880772+00:00,3803.0,40.0,101.85,38.0,1633.56640625,144.05463180318475
2026-07-18T13:01:11.224491+00:00,3803.0,40.0,102.66,38.0,1633.56640625,144.3983514867723
2026-07-18T13:01:11.549054+00:00,3803.0,40.0,102.09,38.0,1633.56640625,144.72291247919202
2026-07-18T13:01:11.854886+00:00,3803.0,41.0,102.62,38.0,1633.56640625,145.0287458449602
2026-07-18T13:01:12.160584+00:00,3803.0,41.0,102.94,38.0,1633.56640625,145.33444406837225
2026-07-18T13:01:12.489001+00:00,3803.0,40.0,103.35,38.0,1633.56640625,145.6628596484661
2026-07-18T13:01:12.836953+00:00,3803.0,40.0,103.48,38.0,1633.56640625,146.01081223785877
2026-07-18T13:01:13.143597+00:00,3803.0,41.0,103.8,38.0,1633.56640625,146.31745650991797
2026-07-18T13:01:13.468708+00:00,3803.0,41.0,104.05,38.0,1633.56640625,146.64256736263633
2026-07-18T13:01:13.750658+00:00,3803.0,41.0,104.35,38.0,1633.56640625,146.9245173819363
2026-07-18T13:01:14.097880+00:00,3803.0,36.0,104.02,38.0,1633.703125,147.2717400789261
2026-07-18T13:01:14.417691+00:00,3803.0,39.0,102.99,38.0,1633.703125,147.59155092015862
2026-07-18T13:01:14.721615+00:00,3803.0,40.0,102.11,38.0,1633.703125,147.89547399058938
2026-07-18T13:01:15.060704+00:00,3803.0,40.0,101.88,38.0,1633.703125,148.23456406220794
2026-07-18T13:01:15.409708+00:00,3803.0,41.0,101.88,38.0,1633.70703125,148.5835680924356
2026-07-18T13:01:15.715175+00:00,3803.0,41.0,102.55,38.0,1633.70703125,148.88903542980552
2026-07-18T13:01:16.045349+00:00,3803.0,40.0,103.65,38.0,1633.70703125,149.2192084454
2026-07-18T13:01:16.351302+00:00,3803.0,40.0,104.18,38.0,1633.7109375,149.52516113966703
2026-07-18T13:01:16.634819+00:00,3803.0,40.0,103.94,38.0,1633.78125,149.80867921188474
2026-07-18T13:01:16.952948+00:00,3803.0,40.0,102.83,38.0,1633.78125,150.1268067881465
2026-07-18T13:01:17.258954+00:00,3803.0,39.0,101.32,38.0,1633.78125,150.4328135214746
2026-07-18T13:01:17.563597+00:00,3803.0,40.0,100.47,38.0,1633.7890625,150.7374569028616
2026-07-18T13:01:17.885395+00:00,3803.0,40.0,100.93,38.0,1633.7890625,151.05925438180566
2026-07-18T13:01:18.209636+00:00,3803.0,40.0,101.1,38.0,1633.7890625,151.38349498808384
2026-07-18T13:01:18.560806+00:00,3803.0,29.0,101.77,39.0,1633.89453125,151.73466484993696
2026-07-18T13:01:18.865559+00:00,3803.0,40.0,101.9,38.0,1633.89453125,152.03941906243563
2026-07-18T13:01:19.196507+00:00,3803.0,40.0,101.9,38.0,1633.89453125,152.37036573514342
2026-07-18T13:01:19.502490+00:00,3803.0,40.0,102.18,38.0,1633.8984375,152.6763498671353
2026-07-18T13:01:19.807306+00:00,3803.0,41.0,102.29,38.0,1633.8984375,152.9811651110649
2026-07-18T13:01:20.112142+00:00,3803.0,40.0,103.2,38.0,1633.8984375,153.2860006466508
2026-07-18T13:01:20.414397+00:00,3803.0,41.0,103.87,38.0,1633.90234375,153.58825550600886
2026-07-18T13:01:20.718954+00:00,3803.0,40.0,103.95,38.0,1633.90234375,153.89281296730042
2026-07-18T13:01:21.069006+00:00,3803.0,40.0,103.06,38.0,1633.90234375,154.24286534637213
2026-07-18T13:01:21.417535+00:00,3803.0,39.0,102.35,38.0,1634.5234375,154.5913944505155
2026-07-18T13:01:21.760677+00:00,3803.0,38.0,101.78,38.0,1634.53515625,154.9345360174775
2026-07-18T13:01:22.044938+00:00,3803.0,41.0,102.36,38.0,1634.53515625,155.21879769861698
2026-07-18T13:01:22.328922+00:00,3803.0,40.0,103.16,38.0,1634.5390625,155.5027811974287
2026-07-18T13:01:22.635694+00:00,3803.0,40.0,103.35,38.0,1634.5390625,155.80955266579986
2026-07-18T13:01:22.935454+00:00,3803.0,41.0,103.64,39.0,1634.546875,156.10931419953704
2026-07-18T13:01:23.259307+00:00,3803.0,40.0,102.92,39.0,1634.5625,156.4331663697958
2026-07-18T13:01:23.605245+00:00,3803.0,39.0,103.47,38.0,1634.5859375,156.77910454198718
2026-07-18T13:01:23.908920+00:00,3803.0,40.0,103.88,38.0,1634.58984375,157.08277886360884
2026-07-18T13:01:24.215335+00:00,3803.0,35.0,104.55,39.0,1634.640625,157.38919470831752
2026-07-18T13:01:24.542553+00:00,3803.0,39.0,103.88,38.0,1634.640625,157.71641178801656
2026-07-18T13:01:24.873258+00:00,3803.0,40.0,102.67,38.0,1634.65625,158.04711800813675
2026-07-18T13:01:25.225447+00:00,3803.0,39.0,101.07,38.0,1634.671875,158.39930540695786
2026-07-18T13:01:25.530273+00:00,3803.0,40.0,100.73,38.0,1634.671875,158.70413265749812
2026-07-18T13:01:25.921641+00:00,3803.0,21.0,98.78,38.0,1634.6796875,159.09549997746944
2026-07-18T13:01:26.246211+00:00,3803.0,41.0,99.79,38.0,1634.6796875,159.42006991058588
2026-07-18T13:01:26.584980+00:00,3803.0,40.0,100.59,38.0,1634.69921875,159.7588398307562
2026-07-18T13:01:26.933425+00:00,3803.0,41.0,103.0,38.0,1634.69921875,160.10728450492024
2026-07-18T13:01:27.218629+00:00,3803.0,37.0,101.91,38.0,1634.734375,160.39248449355364
2026-07-18T13:01:27.541212+00:00,3803.0,40.0,101.01,38.0,1634.734375,160.7150709182024
2026-07-18T13:01:27.888739+00:00,3803.0,40.0,100.92,38.0,1634.734375,161.06259842962027
2026-07-18T13:01:28.171677+00:00,3803.0,40.0,101.19,38.0,1634.734375,161.3455368988216
2026-07-18T13:01:28.501369+00:00,3803.0,40.0,101.59,39.0,1634.7578125,161.67522783577442
2026-07-18T13:01:28.803117+00:00,3803.0,40.0,101.83,38.0,1634.7578125,161.97697664797306
2026-07-18T13:01:29.124075+00:00,3803.0,40.0,101.61,38.0,1634.7578125,162.29793483763933
2026-07-18T13:01:29.406688+00:00,3803.0,40.0,101.97,38.0,1634.7578125,162.580547593534
2026-07-18T13:01:29.711419+00:00,3803.0,39.0,102.26,38.0,1634.7578125,162.88526586815715
2026-07-18T13:01:30.014139+00:00,3803.0,40.0,102.64,38.0,1634.78125,163.1879983767867
2026-07-18T13:01:30.296937+00:00,3803.0,40.0,103.29,39.0,1634.78125,163.470795776695
2026-07-18T13:01:30.580150+00:00,3803.0,41.0,103.57,38.0,1634.78125,163.75401036813855
2026-07-18T13:01:30.863919+00:00,3803.0,41.0,103.27,38.0,1634.78125,164.0377785935998
2026-07-18T13:01:31.162746+00:00,3803.0,40.0,102.83,38.0,1634.78125,164.33660515770316
2026-07-18T13:01:31.489452+00:00,3803.0,41.0,101.94,39.0,1634.78125,164.6633112989366
2026-07-18T13:01:31.817883+00:00,3803.0,41.0,102.52,39.0,1634.78125,164.99174246191978
2026-07-18T13:01:32.136840+00:00,3803.0,40.0,102.98,39.0,1634.78125,165.31069910153747
2026-07-18T13:01:32.480819+00:00,3803.0,41.0,103.37,38.0,1634.78125,165.65467827394605
2026-07-18T13:01:32.784424+00:00,3803.0,37.0,102.97,39.0,1634.78125,165.95828424021602
2026-07-18T13:01:33.113580+00:00,3803.0,41.0,102.12,39.0,1634.78125,166.28743970766664
2026-07-18T13:01:33.418624+00:00,3803.0,41.0,101.97,39.0,1634.78125,166.5924840606749
2026-07-18T13:01:33.765904+00:00,3803.0,41.0,103.05,39.0,1634.78515625,166.9397576265037
2026-07-18T13:01:34.088590+00:00,3803.0,41.0,103.36,39.0,1634.78515625,167.26244818419218
2026-07-18T13:01:34.395444+00:00,3803.0,40.0,102.73,39.0,1634.78515625,167.56930343806744
2026-07-18T13:01:34.699693+00:00,3803.0,40.0,102.3,39.0,1634.78515625,167.87355286628008
2026-07-18T13:01:35.002887+00:00,3803.0,40.0,102.05,39.0,1634.78515625,168.17674691602588
2026-07-18T13:01:35.329252+00:00,3803.0,41.0,102.62,38.0,1634.78515625,168.5031113103032
2026-07-18T13:01:35.681107+00:00,3803.0,41.0,103.4,38.0,1634.78515625,168.85496708750725
2026-07-18T13:01:35.983439+00:00,3803.0,41.0,103.93,39.0,1634.78515625,169.1572990603745
2026-07-18T13:01:36.308717+00:00,3803.0,36.0,104.12,39.0,1634.78515625,169.48257566988468
2026-07-18T13:01:36.610702+00:00,3803.0,40.0,103.68,39.0,1634.78515625,169.7845611423254
2026-07-18T13:01:36.914956+00:00,3803.0,40.0,102.79,39.0,1634.78515625,170.08881598338485
2026-07-18T13:01:37.218867+00:00,3803.0,41.0,102.74,39.0,1634.7890625,170.39272695034742
2026-07-18T13:01:37.545004+00:00,3803.0,38.0,102.81,38.0,1634.7890625,170.71886367350817
2026-07-18T13:01:37.870311+00:00,3803.0,41.0,103.21,39.0,1634.7890625,171.0441697947681
2026-07-18T13:01:38.221151+00:00,3803.0,40.0,102.67,38.0,1634.79296875,171.3950104638934
2026-07-18T13:01:38.572610+00:00,3803.0,37.0,102.55,38.0,1634.79296875,171.74646751955152
2026-07-18T13:01:38.879281+00:00,3803.0,40.0,102.5,38.0,1634.79296875,172.0531405583024
2026-07-18T13:01:39.186182+00:00,3803.0,40.0,102.01,39.0,1634.79296875,172.36004192009568
2026-07-18T13:01:39.533150+00:00,3803.0,40.0,101.56,39.0,1634.796875,172.70700980722904
2026-07-18T13:01:39.839079+00:00,3803.0,40.0,100.44,38.0,1634.796875,173.01293813437223
2026-07-18T13:01:40.120292+00:00,3803.0,41.0,100.35,39.0,1634.796875,173.29415068030357
2026-07-18T13:01:40.474083+00:00,3803.0,40.0,100.33,39.0,1634.796875,173.64794241636992
2026-07-18T13:01:40.792879+00:00,3803.0,40.0,100.59,39.0,1634.796875,173.96673860773444
2026-07-18T13:01:41.099984+00:00,3803.0,40.0,101.76,39.0,1634.796875,174.27384374663234
2026-07-18T13:01:41.425147+00:00,3803.0,40.0,102.57,39.0,1634.80859375,174.5990057066083
2026-07-18T13:01:41.751053+00:00,3803.0,40.0,103.27,39.0,1634.80859375,174.92491294816136
2026-07-18T13:01:42.077145+00:00,3803.0,40.0,103.73,39.0,1634.80859375,175.25100420415401
2026-07-18T13:01:42.429280+00:00,3803.0,40.0,103.65,38.0,1634.80859375,175.60313944891095
2026-07-18T13:01:42.730481+00:00,3803.0,40.0,102.7,38.0,1634.80859375,175.90434058010578
2026-07-18T13:01:43.034563+00:00,3803.0,41.0,101.98,38.0,1634.80859375,176.20842250436544
2026-07-18T13:01:43.334715+00:00,3803.0,41.0,101.27,39.0,1634.80859375,176.50857543945312
2026-07-18T13:01:43.638529+00:00,3803.0,40.0,102.2,38.0,1634.81640625,176.81238935515285
2026-07-18T13:01:43.985106+00:00,3803.0,40.0,101.48,38.0,1634.81640625,177.15896549075842
2026-07-18T13:01:44.291303+00:00,3803.0,37.0,101.62,38.0,1634.81640625,177.4651628024876
2026-07-18T13:01:44.595190+00:00,3803.0,38.0,101.52,39.0,1634.81640625,177.76904964074492
2026-07-18T13:01:44.903804+00:00,3803.0,39.0,101.4,39.0,1634.81640625,178.07766306772828
2026-07-18T13:01:45.210487+00:00,3803.0,34.0,101.86,39.0,1634.8203125,178.38434575125575
2026-07-18T13:01:45.511215+00:00,3803.0,40.0,101.43,38.0,1634.8203125,178.68507372960448
2026-07-18T13:01:45.816633+00:00,3803.0,40.0,101.67,39.0,1634.8203125,178.99049331992865
2026-07-18T13:01:46.145388+00:00,3803.0,37.0,101.5,38.0,1634.8203125,179.31924741342664
2026-07-18T13:01:46.469652+00:00,3803.0,40.0,101.34,39.0,1634.8203125,179.6435114517808
2026-07-18T13:01:46.775986+00:00,3803.0,40.0,101.31,38.0,1634.8203125,179.94984541460872
2026-07-18T13:01:47.126338+00:00,3803.0,37.0,101.64,38.0,1634.8203125,180.30019745230675
2026-07-18T13:01:47.453582+00:00,3803.0,38.0,102.1,38.0,1634.82421875,180.62744184583426
2026-07-18T13:01:47.737194+00:00,3803.0,40.0,102.25,38.0,1634.82421875,180.9110542126
2026-07-18T13:01:48.065245+00:00,3803.0,40.0,102.68,38.0,1634.82421875,181.23910477012396
2026-07-18T13:01:48.388779+00:00,3803.0,39.0,101.6,38.0,1634.82421875,181.5626389607787
2026-07-18T13:01:48.673069+00:00,3803.0,40.0,101.41,38.0,1634.82421875,181.8469288535416
2026-07-18T13:01:48.975411+00:00,3803.0,40.0,101.19,38.0,1634.82421875,182.14927051588893
2026-07-18T13:01:49.275772+00:00,3803.0,39.0,101.43,38.0,1634.82421875,182.4496322311461
2026-07-18T13:01:49.601276+00:00,3803.0,39.0,101.39,38.0,1634.82421875,182.77513581514359
2026-07-18T13:01:49.929927+00:00,3803.0,40.0,101.4,39.0,1634.82421875,183.10378604382277
2026-07-18T13:01:50.261649+00:00,3803.0,39.0,101.35,38.0,1634.83203125,183.4355074726045
2026-07-18T13:01:50.567180+00:00,3803.0,40.0,102.05,39.0,1634.83203125,183.74104019999504
2026-07-18T13:01:50.850936+00:00,3803.0,40.0,102.38,39.0,1634.83203125,184.02479581162333
2026-07-18T13:01:51.156791+00:00,3803.0,39.0,102.43,39.0,1634.83203125,184.33065069839358
2026-07-18T13:01:51.484850+00:00,3803.0,39.0,102.75,39.0,1634.83203125,184.65870954468846
2026-07-18T13:01:51.791124+00:00,3803.0,40.0,102.6,38.0,1634.83203125,184.96498431637883
2026-07-18T13:01:52.074625+00:00,3803.0,41.0,102.21,39.0,1634.84765625,185.24848459288478
2026-07-18T13:01:52.379014+00:00,3803.0,41.0,102.49,38.0,1634.84765625,185.55287367850542
2026-07-18T13:01:52.685095+00:00,3803.0,40.0,103.0,38.0,1634.84765625,185.8589539602399
2026-07-18T13:01:52.990673+00:00,3803.0,41.0,102.76,38.0,1634.84765625,186.16453220322728
2026-07-18T13:01:53.273626+00:00,3803.0,40.0,102.41,38.0,1634.84765625,186.44748574867845
2026-07-18T13:01:53.579056+00:00,3803.0,41.0,101.55,39.0,1634.84765625,186.75291525945067
2026-07-18T13:01:53.882342+00:00,3803.0,40.0,101.31,39.0,1634.8671875,187.05620143935084
2026-07-18T13:01:54.166364+00:00,3803.0,40.0,101.73,39.0,1634.8671875,187.34022461622953
2026-07-18T13:01:54.471711+00:00,3803.0,40.0,102.2,39.0,1634.8671875,187.64557012170553
2026-07-18T13:01:54.777044+00:00,3803.0,40.0,102.46,39.0,1634.8671875,187.95090201497078
2026-07-18T13:01:55.124966+00:00,3803.0,40.0,101.94,38.0,1634.8671875,188.2988258972764
2026-07-18T13:01:55.448961+00:00,3803.0,40.0,100.89,39.0,1634.8671875,188.62282075360417
2026-07-18T13:01:55.777539+00:00,3803.0,34.0,100.59,39.0,1634.88671875,188.9513980075717
2026-07-18T13:01:56.105320+00:00,3803.0,40.0,100.72,39.0,1634.88671875,189.2791801020503
2026-07-18T13:01:56.453678+00:00,3803.0,40.0,101.49,39.0,1634.88671875,189.62753738462925
2026-07-18T13:01:56.759809+00:00,3803.0,40.0,101.32,39.0,1634.88671875,189.93366808444262
2026-07-18T13:01:57.067515+00:00,3803.0,40.0,101.78,39.0,1634.88671875,190.24137545377016
2026-07-18T13:01:57.371056+00:00,3803.0,41.0,101.75,39.0,1634.88671875,190.54491613432765
2026-07-18T13:01:57.718507+00:00,3803.0,40.0,102.52,39.0,1634.90625,190.89236648753285
2026-07-18T13:01:58.022599+00:00,3803.0,40.0,102.48,39.0,1634.90625,191.1964576728642
2026-07-18T13:01:58.327571+00:00,3803.0,40.0,102.81,39.0,1634.90625,191.50143050402403
2026-07-18T13:01:58.634868+00:00,3803.0,40.0,102.87,38.0,1634.90625,191.80872735753655
2026-07-18T13:01:58.960272+00:00,3803.0,40.0,103.55,38.0,1634.90625,192.13413125649095
2026-07-18T13:01:59.267515+00:00,3803.0,41.0,103.59,39.0,1634.92578125,192.44137420877814
2026-07-18T13:01:59.592876+00:00,3803.0,40.0,103.08,39.0,1634.92578125,192.7667340822518
2026-07-18T13:01:59.945640+00:00,3803.0,40.0,102.5,39.0,1634.92578125,193.1194993071258
2026-07-18T13:02:00.227950+00:00,3803.0,41.0,102.4,38.0,1634.92578125,193.4018103480339
2026-07-18T13:02:00.580709+00:00,3803.0,40.0,102.88,39.0,1634.92578125,193.75456879287958
2026-07-18T13:02:00.886888+00:00,3803.0,39.0,103.14,39.0,1634.92578125,194.06074722483754
2026-07-18T13:02:01.199276+00:00,3803.0,37.0,102.4,39.0,1634.953125,194.37313638255
2026-07-18T13:02:01.545124+00:00,3803.0,39.0,101.51,38.0,1634.953125,194.71898337453604
2026-07-18T13:02:01.850771+00:00,3803.0,40.0,100.37,38.0,1634.953125,195.02463088557124
2026-07-18T13:02:02.155707+00:00,3803.0,39.0,100.35,39.0,1634.953125,195.3295669183135
2026-07-18T13:02:02.485124+00:00,3803.0,36.0,101.2,39.0,1635.140625,195.65898348391056
2026-07-18T13:02:02.813204+00:00,3803.0,40.0,102.76,38.0,1635.140625,195.98705377429724
2026-07-18T13:02:03.165552+00:00,3803.0,40.0,103.26,39.0,1635.140625,196.3394099213183
2026-07-18T13:02:03.473053+00:00,3803.0,35.0,103.68,39.0,1635.15625,196.64690813794732
2026-07-18T13:02:03.801407+00:00,3803.0,40.0,103.21,39.0,1635.15625,196.97526629641652
2026-07-18T13:02:04.153478+00:00,3803.0,38.0,103.13,38.0,1635.15625,197.32733695209026
2026-07-18T13:02:04.438017+00:00,3803.0,35.0,102.69,39.0,1635.171875,197.61187697947025
2026-07-18T13:02:04.720908+00:00,3803.0,40.0,102.19,39.0,1635.171875,197.89476821571589
2026-07-18T13:02:05.030600+00:00,3803.0,37.0,101.4,38.0,1635.171875,198.2044590525329
2026-07-18T13:02:05.334750+00:00,3803.0,38.0,100.68,38.0,1635.171875,198.50860972702503
2026-07-18T13:02:05.639126+00:00,3803.0,35.0,100.96,39.0,1635.18359375,198.81298529729247
2026-07-18T13:02:05.942783+00:00,3803.0,40.0,100.49,39.0,1635.18359375,199.1166434660554
2026-07-18T13:02:06.288748+00:00,3803.0,38.0,101.24,38.0,1635.18359375,199.46260545775294
2026-07-18T13:02:06.594613+00:00,3803.0,40.0,101.75,38.0,1635.18359375,199.76847329735756
2026-07-18T13:02:06.945346+00:00,3803.0,29.0,101.95,39.0,1635.20703125,200.11920045688748
2026-07-18T13:02:07.294380+00:00,3803.0,36.0,102.22,38.0,1635.20703125,200.46823943033814
2026-07-18T13:02:07.579007+00:00,3803.0,39.0,101.42,38.0,1635.20703125,200.75286738574505
2026-07-18T13:02:07.862742+00:00,3803.0,38.0,101.21,38.0,1635.20703125,201.0366017408669
2026-07-18T13:02:08.167124+00:00,3803.0,41.0,101.56,38.0,1635.20703125,201.34098305925727
2026-07-18T13:02:08.513454+00:00,3803.0,37.0,101.41,38.0,1635.20703125,201.68731289729476
2026-07-18T13:02:08.819043+00:00,3803.0,40.0,102.27,38.0,1635.22265625,201.99290270730853
2026-07-18T13:02:09.172012+00:00,3803.0,40.0,102.54,38.0,1635.22265625,202.3458721935749
2026-07-18T13:02:09.501242+00:00,3803.0,40.0,102.39,38.0,1635.22265625,202.67510171607137
2026-07-18T13:02:09.807196+00:00,3803.0,40.0,102.64,39.0,1635.22265625,202.98105508089066
2026-07-18T13:02:10.132944+00:00,3803.0,40.0,102.01,38.0,1635.22265625,203.30680280178785
2026-07-18T13:02:10.439115+00:00,3803.0,39.0,102.06,38.0,1635.22265625,203.61297476664186
2026-07-18T13:02:10.723080+00:00,3803.0,40.0,101.4,38.0,1635.296875,203.89693976193666
2026-07-18T13:02:11.024567+00:00,3803.0,40.0,100.98,38.0,1635.296875,204.19842682778835
2026-07-18T13:02:11.331190+00:00,3803.0,40.0,100.55,38.0,1635.296875,204.50504986941814
2026-07-18T13:02:11.639177+00:00,3803.0,41.0,100.97,38.0,1635.296875,204.81303714215755
2026-07-18T13:02:11.943405+00:00,3803.0,33.0,101.15,39.0,1635.33203125,205.11726455390453
2026-07-18T13:02:12.250959+00:00,3803.0,40.0,101.73,38.0,1635.33203125,205.42481818050146
2026-07-18T13:02:12.555072+00:00,3803.0,41.0,101.58,38.0,1635.33203125,205.72893156856298
2026-07-18T13:02:12.880780+00:00,3803.0,39.0,101.74,38.0,1635.33203125,206.05463912710547
2026-07-18T13:02:13.209830+00:00,3803.0,40.0,100.83,38.0,1635.33203125,206.38368892669678
2026-07-18T13:02:13.561904+00:00,3803.0,39.0,100.75,38.0,1635.4140625,206.73576433211565
2026-07-18T13:02:13.892542+00:00,3803.0,39.0,100.78,38.0,1635.4140625,207.0664006397128
2026-07-18T13:02:14.223356+00:00,3803.0,39.0,101.43,38.0,1635.4140625,207.39721465483308
2026-07-18T13:02:14.518530+00:00,3803.0,40.0,101.21,38.0,1635.4140625,207.69238867238164
2026-07-18T13:02:14.826523+00:00,3803.0,39.0,101.03,38.0,1635.47265625,208.0003817602992
2026-07-18T13:02:15.130170+00:00,3803.0,34.0,100.62,38.0,1635.47265625,208.30402936041355
2026-07-18T13:02:15.434904+00:00,3803.0,40.0,100.74,38.0,1635.47265625,208.60876332968473
2026-07-18T13:02:15.740447+00:00,3803.0,40.0,101.15,38.0,1635.47265625,208.91430636495352
2026-07-18T13:02:16.023200+00:00,3803.0,40.0,101.09,38.0,1635.51171875,209.19705964624882
2026-07-18T13:02:16.328001+00:00,3803.0,39.0,101.34,38.0,1635.51171875,209.50186110287905
2026-07-18T13:02:16.611884+00:00,3803.0,40.0,101.39,38.0,1635.51171875,209.78574424609542
2026-07-18T13:02:16.919048+00:00,3803.0,40.0,101.94,38.0,1635.51171875,210.09290787950158
2026-07-18T13:02:17.245486+00:00,3803.0,40.0,102.71,38.0,1635.51171875,210.419346049428
2026-07-18T13:02:17.569385+00:00,3803.0,39.0,102.78,38.0,1635.51171875,210.74324530363083
2026-07-18T13:02:17.876768+00:00,3803.0,41.0,102.61,38.0,1635.51171875,211.0506281144917
2026-07-18T13:02:18.201214+00:00,3803.0,40.0,102.27,38.0,1635.51171875,211.37507343292236
2026-07-18T13:02:18.524850+00:00,3803.0,40.0,102.29,38.0,1635.51171875,211.69870997592807
2026-07-18T13:02:18.829563+00:00,3803.0,35.0,102.42,39.0,1635.6171875,212.00342251732945
2026-07-18T13:02:19.182186+00:00,3803.0,38.0,102.14,38.0,1635.6171875,212.35604529455304
2026-07-18T13:02:19.540309+00:00,3803.0,40.0,101.59,38.0,1635.6171875,212.7141682766378
2026-07-18T13:02:19.846930+00:00,3803.0,41.0,101.24,38.0,1635.6171875,213.02078926563263
2026-07-18T13:02:20.149561+00:00,3803.0,40.0,101.21,38.0,1635.6171875,213.323420394212
2026-07-18T13:02:20.477405+00:00,3803.0,39.0,101.28,38.0,1635.6171875,213.651264090091
2026-07-18T13:02:20.762289+00:00,3803.0,40.0,101.16,38.0,1635.6171875,213.93614853918552
2026-07-18T13:02:21.046184+00:00,3803.0,34.0,101.78,39.0,1635.71484375,214.22004294022918
2026-07-18T13:02:21.368789+00:00,3803.0,39.0,101.58,38.0,1635.71484375,214.54264830052853
2026-07-18T13:02:21.676690+00:00,3803.0,41.0,101.47,38.0,1635.72265625,214.8505493029952
2026-07-18T13:02:21.982890+00:00,3803.0,41.0,102.02,38.0,1635.72265625,215.15674944967031
2026-07-18T13:02:22.337147+00:00,3803.0,38.0,101.76,38.0,1635.7265625,215.5110065974295
2026-07-18T13:02:22.689867+00:00,3803.0,38.0,102.11,38.0,1635.73046875,215.8637269064784
2026-07-18T13:02:23.036815+00:00,3803.0,40.0,102.72,38.0,1635.73046875,216.21067428588867
2026-07-18T13:02:23.389247+00:00,3803.0,40.0,103.12,38.0,1635.734375,216.56310617923737
2026-07-18T13:02:23.697064+00:00,3803.0,41.0,102.96,38.0,1635.7421875,216.8709236830473
2026-07-18T13:02:24.003401+00:00,3803.0,39.0,102.08,38.0,1635.80859375,217.17726096138358
2026-07-18T13:02:24.329597+00:00,3803.0,40.0,102.09,38.0,1635.80859375,217.5034561380744
2026-07-18T13:02:24.681395+00:00,3803.0,40.0,102.67,38.0,1635.80859375,217.8552545234561
2026-07-18T13:02:25.040697+00:00,3803.0,40.0,102.34,38.0,1635.80859375,218.21455531939864
2026-07-18T13:02:25.361191+00:00,3803.0,40.0,101.16,38.0,1635.80859375,218.53505064547062
2026-07-18T13:02:25.647952+00:00,3803.0,38.0,100.12,38.0,1635.92578125,218.82181216031313
2026-07-18T13:02:25.955483+00:00,3803.0,36.0,100.36,38.0,1635.92578125,219.1293428428471
2026-07-18T13:02:26.264306+00:00,3803.0,38.0,101.05,38.0,1635.9296875,219.43816531449556
2026-07-18T13:02:26.593362+00:00,3803.0,39.0,101.68,38.0,1635.93359375,219.76722076162696
2026-07-18T13:02:26.921367+00:00,3803.0,40.0,101.44,38.0,1635.9453125,220.0952270552516
2026-07-18T13:02:27.235336+00:00,3803.0,36.0,101.99,38.0,1635.9609375,220.4091945849359
2026-07-18T13:02:27.541494+00:00,3803.0,37.0,101.67,38.0,1635.9609375,220.71535339951515
2026-07-18T13:02:27.888970+00:00,3803.0,39.0,102.14,38.0,1635.9765625,221.06282917410135
2026-07-18T13:02:28.195028+00:00,3803.0,33.0,101.41,39.0,1636.11328125,221.36888754367828
2026-07-18T13:02:28.548864+00:00,3803.0,40.0,101.57,38.0,1636.11328125,221.72272396832705
2026-07-18T13:02:28.855213+00:00,3803.0,38.0,101.71,38.0,1636.12109375,222.02907223254442
2026-07-18T13:02:29.210342+00:00,3803.0,38.0,102.02,38.0,1636.140625,222.38420075923204
2026-07-18T13:02:29.527942+00:00,3803.0,40.0,101.65,38.0,1636.140625,222.701801430434
2026-07-18T13:02:29.842457+00:00,3803.0,39.0,101.31,38.0,1636.15625,223.01631623879075
2026-07-18T13:02:30.142536+00:00,3803.0,36.0,101.44,38.0,1636.15625,223.31639469787478
2026-07-18T13:02:30.478594+00:00,3803.0,41.0,101.77,38.0,1636.17578125,223.6524532213807
2026-07-18T13:02:30.828832+00:00,3803.0,34.0,101.68,39.0,1636.28515625,224.00269120931625
2026-07-18T13:02:31.156571+00:00,3803.0,37.0,101.8,38.0,1636.28515625,224.33043030276895
2026-07-18T13:02:31.462759+00:00,3803.0,0.0,98.61,38.0,1636.296875,224.6366181857884
2026-07-18T13:02:31.813291+00:00,3803.0,38.0,98.11,38.0,1636.296875,224.98714904859662
2026-07-18T13:02:32.115823+00:00,3803.0,40.0,99.25,38.0,1636.296875,225.2896813340485
2026-07-18T13:02:32.441550+00:00,3803.0,38.0,102.01,38.0,1636.296875,225.6154097467661
2026-07-18T13:02:32.748108+00:00,3803.0,39.0,102.43,38.0,1636.296875,225.9219654724002
2026-07-18T13:02:33.105819+00:00,3803.0,39.0,102.11,38.0,1636.296875,226.27967865392566
2026-07-18T13:02:33.435904+00:00,3803.0,39.0,102.58,38.0,1636.296875,226.60976335033774
2026-07-18T13:02:33.742328+00:00,3803.0,40.0,103.3,39.0,1636.30078125,226.91618852689862
2026-07-18T13:02:34.107808+00:00,3803.0,39.0,102.69,38.0,1636.30078125,227.28166746348143
2026-07-18T13:02:34.414782+00:00,3803.0,37.0,102.18,38.0,1636.30078125,227.5886414386332
2026-07-18T13:02:34.765234+00:00,3803.0,39.0,102.15,38.0,1636.30078125,227.9390939027071
2026-07-18T13:02:35.082463+00:00,3803.0,40.0,102.15,38.0,1636.30078125,228.2563214339316
2026-07-18T13:02:35.366187+00:00,3803.0,40.0,102.62,38.0,1636.3046875,228.54004614427686
2026-07-18T13:02:35.656903+00:00,3803.0,39.0,102.79,38.0,1636.3046875,228.8307626247406
2026-07-18T13:02:36.009262+00:00,3803.0,39.0,103.55,38.0,1636.3046875,229.18312150985003
2026-07-18T13:02:36.363252+00:00,3803.0,38.0,103.16,38.0,1636.3046875,229.53711105138063
2026-07-18T13:02:36.712608+00:00,3803.0,40.0,102.53,38.0,1636.3046875,229.88646779954433
2026-07-18T13:02:36.996140+00:00,3803.0,40.0,102.86,38.0,1636.3046875,230.17000026255846
2026-07-18T13:02:37.302384+00:00,3803.0,38.0,103.18,38.0,1636.3046875,230.47624289989471
2026-07-18T13:02:37.606684+00:00,3803.0,38.0,103.4,38.0,1636.3046875,230.78054317831993
2026-07-18T13:02:37.915373+00:00,3803.0,40.0,102.27,39.0,1636.3046875,231.0892330557108
2026-07-18T13:02:38.246857+00:00,3803.0,39.0,101.11,38.0,1636.3046875,231.42071606963873
2026-07-18T13:02:38.559467+00:00,3803.0,41.0,100.87,38.0,1636.3125,231.73332642763853
2026-07-18T13:02:38.871022+00:00,3803.0,40.0,100.95,38.0,1636.3125,232.04488012194633
2026-07-18T13:02:39.197089+00:00,3803.0,40.0,101.65,38.0,1636.31640625,232.3709487207234
2026-07-18T13:02:39.503366+00:00,3803.0,38.0,101.44,38.0,1636.31640625,232.677225548774
2026-07-18T13:02:39.833375+00:00,3803.0,31.0,101.78,39.0,1636.3203125,233.00723458454013
2026-07-18T13:02:40.158315+00:00,3803.0,38.0,101.3,38.0,1636.3203125,233.33217289671302
2026-07-18T13:02:40.464132+00:00,3803.0,40.0,100.97,38.0,1636.3203125,233.6379917152226
2026-07-18T13:02:40.749731+00:00,3803.0,39.0,101.6,38.0,1636.3203125,233.92359007149935
2026-07-18T13:02:41.034088+00:00,3803.0,40.0,100.8,38.0,1636.3203125,234.20794804766774
2026-07-18T13:02:41.361390+00:00,3803.0,38.0,101.15,38.0,1636.3203125,234.53524919226766
2026-07-18T13:02:41.670120+00:00,3803.0,36.0,100.96,38.0,1636.32421875,234.8439786620438
2026-07-18T13:02:42.022146+00:00,3803.0,37.0,100.82,38.0,1636.32421875,235.19600530341268
2026-07-18T13:02:42.372871+00:00,3803.0,39.0,100.36,38.0,1636.32421875,235.54671969264746
2026-07-18T13:02:42.723607+00:00,3803.0,38.0,100.95,38.0,1636.32421875,235.89746672660112
2026-07-18T13:02:43.032783+00:00,3803.0,34.0,101.53,39.0,1636.328125,236.20664304867387
2026-07-18T13:02:43.316839+00:00,3803.0,40.0,102.55,38.0,1636.328125,236.4906986579299
2026-07-18T13:02:43.670091+00:00,3803.0,38.0,103.16,38.0,1636.328125,236.843949560076
2026-07-18T13:02:43.978241+00:00,3803.0,38.0,103.35,38.0,1636.328125,237.15209599211812
2026-07-18T13:02:44.325388+00:00,3803.0,36.0,101.75,38.0,1636.328125,237.49924797937274
2026-07-18T13:02:44.632825+00:00,3803.0,39.0,101.16,38.0,1636.328125,237.80668438598514
2026-07-18T13:02:44.985497+00:00,3803.0,32.0,100.85,38.0,1636.33203125,238.15935668721795
2026-07-18T13:02:45.290116+00:00,3803.0,41.0,100.71,38.0,1636.33203125,238.4639753997326
2026-07-18T13:02:45.640966+00:00,3803.0,38.0,101.0,38.0,1636.33203125,238.81482535228133
2026-07-18T13:02:45.952204+00:00,3803.0,39.0,100.82,38.0,1636.33203125,239.12606283649802
2026-07-18T13:02:46.301587+00:00,3803.0,39.0,101.15,38.0,1636.34765625,239.4754458963871
2026-07-18T13:02:46.648453+00:00,3803.0,36.0,100.62,38.0,1636.34765625,239.82230971381068
2026-07-18T13:02:46.933549+00:00,3803.0,36.0,100.87,38.0,1636.34765625,240.10740856826305
2026-07-18T13:02:47.284801+00:00,3803.0,38.0,101.05,38.0,1636.34765625,240.45866077020764
2026-07-18T13:02:47.590970+00:00,3803.0,34.0,101.44,38.0,1636.3515625,240.76482510194182
2026-07-18T13:02:47.899445+00:00,3803.0,40.0,101.01,38.0,1636.3515625,241.0733046606183
2026-07-18T13:02:48.253204+00:00,3803.0,40.0,101.33,38.0,1636.3515625,241.4270629324019
2026-07-18T13:02:48.581324+00:00,3803.0,40.0,101.71,38.0,1636.3515625,241.75518283620477
2026-07-18T13:02:48.934849+00:00,3803.0,36.0,102.67,38.0,1636.35546875,242.10870886594057
2026-07-18T13:02:49.289229+00:00,3803.0,40.0,102.79,38.0,1636.35546875,242.46308805420995
2026-07-18T13:02:49.617280+00:00,3803.0,40.0,103.0,38.0,1636.35546875,242.7911400385201
2026-07-18T13:02:49.903026+00:00,3803.0,40.0,103.32,38.0,1636.35546875,243.0768855623901
2026-07-18T13:02:50.213830+00:00,3803.0,40.0,103.4,38.0,1636.35546875,243.38768940791488
2026-07-18T13:02:50.537308+00:00,3803.0,40.0,103.36,38.0,1636.35546875,243.71116726472974
2026-07-18T13:02:50.861196+00:00,3803.0,41.0,103.15,39.0,1636.35546875,244.03505457937717
2026-07-18T13:02:51.167496+00:00,3803.0,41.0,102.92,38.0,1636.35546875,244.34135511144996
2026-07-18T13:02:51.474984+00:00,3803.0,40.0,102.66,38.0,1636.359375,244.64884257689118
2026-07-18T13:02:51.828525+00:00,3803.0,40.0,101.91,38.0,1636.359375,245.00238439068198
2026-07-18T13:02:52.135280+00:00,3803.0,40.0,101.12,39.0,1636.359375,245.30913935229182
2026-07-18T13:02:52.443355+00:00,3803.0,41.0,100.97,38.0,1636.359375,245.6172143742442
2026-07-18T13:02:52.749479+00:00,3803.0,41.0,101.84,38.0,1636.359375,245.9233386479318
2026-07-18T13:02:53.059407+00:00,3803.0,40.0,102.31,39.0,1636.359375,246.23326683044434
2026-07-18T13:02:53.413368+00:00,3803.0,40.0,102.67,38.0,1636.359375,246.58722719922662
2026-07-18T13:02:53.756934+00:00,3803.0,34.0,102.18,39.0,1636.359375,246.93079293519258
2026-07-18T13:02:54.108634+00:00,3803.0,39.0,102.34,38.0,1636.359375,247.28249395266175
2026-07-18T13:02:54.467135+00:00,3803.0,39.0,102.08,38.0,1636.359375,247.6409933194518
2026-07-18T13:02:54.798671+00:00,3803.0,38.0,102.34,39.0,1636.359375,247.9725303426385
2026-07-18T13:02:55.096326+00:00,3803.0,40.0,101.72,38.0,1636.359375,248.27018571272492
2026-07-18T13:02:55.449606+00:00,3803.0,40.0,100.93,38.0,1636.359375,248.62346484139562
2026-07-18T13:02:55.754461+00:00,3803.0,40.0,100.61,38.0,1636.359375,248.92832029238343
2026-07-18T13:02:56.085634+00:00,3803.0,40.0,101.84,39.0,1636.359375,249.2594931833446
2026-07-18T13:02:56.432859+00:00,3803.0,39.0,102.17,39.0,1636.3671875,249.60671903565526
2026-07-18T13:02:56.757053+00:00,3803.0,39.0,102.13,39.0,1636.3671875,249.93091267347336
2026-07-18T13:02:57.063708+00:00,3803.0,39.0,101.58,39.0,1636.3671875,250.23756725341082
2026-07-18T13:02:57.392053+00:00,3803.0,40.0,101.53,38.0,1636.3671875,250.56591199338436
2026-07-18T13:02:57.745866+00:00,3803.0,39.0,102.33,38.0,1636.3671875,250.91972486674786
2026-07-18T13:02:58.094733+00:00,3803.0,39.0,102.86,38.0,1636.3671875,251.26859158277512
2026-07-18T13:02:58.402847+00:00,3803.0,39.0,103.53,39.0,1636.3671875,251.57670599594712
2026-07-18T13:02:58.733944+00:00,3803.0,40.0,102.97,39.0,1636.3671875,251.90780360251665
2026-07-18T13:02:59.089251+00:00,3803.0,38.0,102.54,38.0,1636.3671875,252.26311011612415
2026-07-18T13:02:59.395800+00:00,3803.0,37.0,102.36,39.0,1636.3671875,252.5696595273912
2026-07-18T13:02:59.745851+00:00,3803.0,38.0,102.69,39.0,1636.3671875,252.91971037909389
2026-07-18T13:03:00.066652+00:00,3803.0,40.0,103.07,39.0,1636.3671875,253.24051128327847
2026-07-18T13:03:00.397260+00:00,3803.0,38.0,102.69,38.0,1636.37109375,253.57112013176084
2026-07-18T13:03:00.704208+00:00,3803.0,39.0,102.78,39.0,1636.37109375,253.87806664779782
2026-07-18T13:03:01.007143+00:00,3803.0,39.0,101.41,38.0,1636.37109375,254.1810019314289
2026-07-18T13:03:01.316392+00:00,3803.0,39.0,101.75,39.0,1636.37109375,254.49025156721473
2026-07-18T13:03:01.645673+00:00,3803.0,40.0,101.44,39.0,1636.37109375,254.81953325867653
2026-07-18T13:03:01.997568+00:00,3803.0,40.0,101.68,38.0,1636.37109375,255.1714271865785
2026-07-18T13:03:02.302049+00:00,3803.0,40.0,101.96,39.0,1636.37109375,255.47590867057443
2026-07-18T13:03:02.653129+00:00,3803.0,32.0,102.12,39.0,1636.3984375,255.82698794826865
2026-07-18T13:03:02.981297+00:00,3803.0,39.0,102.39,38.0,1636.3984375,256.15515660867095
2026-07-18T13:03:03.333725+00:00,3803.0,40.0,101.29,38.0,1636.3984375,256.50758403912187
2026-07-18T13:03:03.639507+00:00,3803.0,38.0,101.25,39.0,1636.3984375,256.81336660683155
2026-07-18T13:03:03.949104+00:00,3803.0,40.0,101.19,38.0,1636.3984375,257.12296338379383
2026-07-18T13:03:04.276530+00:00,3803.0,40.0,100.89,38.0,1636.3984375,257.4503887593746
2026-07-18T13:03:04.604266+00:00,3803.0,39.0,101.15,38.0,1636.3984375,257.7781248316169
2026-07-18T13:03:04.957284+00:00,3803.0,38.0,100.52,38.0,1636.421875,258.1311426460743
2026-07-18T13:03:05.308877+00:00,3803.0,40.0,101.8,39.0,1636.421875,258.48273619264364
2026-07-18T13:03:05.637413+00:00,3803.0,40.0,102.11,39.0,1636.421875,258.8112723007798
2026-07-18T13:03:05.923718+00:00,3803.0,38.0,102.61,38.0,1636.421875,259.0975766405463
2026-07-18T13:03:06.230519+00:00,3803.0,40.0,101.97,39.0,1636.421875,259.404377579689
2026-07-18T13:03:06.513644+00:00,3803.0,40.0,102.01,38.0,1636.421875,259.68750297278166
2026-07-18T13:03:06.797801+00:00,3803.0,40.0,102.57,39.0,1636.421875,259.97166070714593
2026-07-18T13:03:07.140924+00:00,3803.0,33.0,104.29,39.0,1636.44140625,260.3147831186652
2026-07-18T13:03:07.425770+00:00,3803.0,40.0,104.3,39.0,1636.44140625,260.59962997585535
2026-07-18T13:03:07.753372+00:00,3803.0,40.0,103.91,39.0,1636.44140625,260.927231695503
2026-07-18T13:03:08.081152+00:00,3803.0,40.0,103.72,38.0,1636.44140625,261.2550109401345
2026-07-18T13:03:08.386589+00:00,3803.0,40.0,102.97,39.0,1636.44140625,261.5604486912489
2026-07-18T13:03:08.738009+00:00,3803.0,40.0,102.8,39.0,1636.44140625,261.91186852380633
2026-07-18T13:03:09.060717+00:00,3803.0,41.0,102.71,39.0,1636.44140625,262.2345763258636
2026-07-18T13:03:09.363192+00:00,3803.0,39.0,102.89,38.0,1636.4765625,262.5370519198477
2026-07-18T13:03:09.689396+00:00,3803.0,40.0,102.7,39.0,1636.48046875,262.8632559739053
2026-07-18T13:03:10.018588+00:00,3803.0,40.0,102.39,39.0,1636.48046875,263.1924474351108
2026-07-18T13:03:10.326794+00:00,3803.0,40.0,102.24,39.0,1636.48046875,263.50065402314067
2026-07-18T13:03:10.673124+00:00,3803.0,32.0,102.02,39.0,1636.5078125,263.8469837754965
2026-07-18T13:03:11.025054+00:00,3803.0,39.0,101.76,39.0,1636.5078125,264.1989139467478
2026-07-18T13:03:11.353405+00:00,3803.0,40.0,101.42,39.0,1636.5078125,264.5272644646466
2026-07-18T13:03:11.655654+00:00,3803.0,40.0,101.53,39.0,1636.5234375,264.82951360568404
2026-07-18T13:03:11.962488+00:00,3803.0,39.0,102.35,39.0,1636.5234375,265.1363476142287
2026-07-18T13:03:12.288636+00:00,3803.0,40.0,102.54,39.0,1636.5234375,265.4624952413142
2026-07-18T13:03:12.591441+00:00,3803.0,40.0,102.46,39.0,1636.5234375,265.7653003036976
2026-07-18T13:03:12.918017+00:00,3803.0,40.0,102.46,39.0,1636.5234375,266.0918774344027
2026-07-18T13:03:13.224773+00:00,3803.0,33.0,102.93,39.0,1636.546875,266.3986329548061
2026-07-18T13:03:13.553971+00:00,3803.0,40.0,102.47,39.0,1636.546875,266.72783052176237
2026-07-18T13:03:13.904229+00:00,3803.0,40.0,102.34,39.0,1636.546875,267.07808830961585
2026-07-18T13:03:14.210768+00:00,3803.0,33.0,101.81,39.0,1636.56640625,267.38462818413973
2026-07-18T13:03:14.541556+00:00,3803.0,40.0,102.1,39.0,1636.56640625,267.7154156342149
2026-07-18T13:03:14.880225+00:00,3803.0,40.0,101.64,39.0,1636.56640625,268.0540834069252
2026-07-18T13:03:15.186459+00:00,3803.0,34.0,101.5,39.0,1636.58203125,268.36031859740615
2026-07-18T13:03:15.492634+00:00,3803.0,40.0,100.6,38.0,1636.58203125,268.66649275273085
2026-07-18T13:03:15.800971+00:00,3803.0,40.0,101.81,39.0,1636.58203125,268.97483014315367
2026-07-18T13:03:16.109265+00:00,3803.0,39.0,102.62,39.0,1636.58203125,269.283125244081
2026-07-18T13:03:16.395788+00:00,3803.0,40.0,103.65,39.0,1636.6015625,269.56964721903205
2026-07-18T13:03:16.679854+00:00,3803.0,40.0,103.16,39.0,1636.6015625,269.8537136800587
2026-07-18T13:03:17.036545+00:00,3803.0,37.0,102.41,39.0,1636.6015625,270.210404291749
2026-07-18T13:03:17.385293+00:00,3803.0,39.0,101.75,39.0,1636.60546875,270.559150621295
2026-07-18T13:03:17.690688+00:00,3803.0,40.0,101.23,39.0,1636.625,270.86454755067825
2026-07-18T13:03:18.021239+00:00,3803.0,39.0,101.02,39.0,1636.625,271.19509851932526
2026-07-18T13:03:18.372568+00:00,3803.0,40.0,100.39,39.0,1636.62890625,271.5464273877442
2026-07-18T13:03:18.678783+00:00,3803.0,40.0,101.32,39.0,1636.62890625,271.8526423946023
2026-07-18T13:03:19.009512+00:00,3803.0,40.0,102.61,39.0,1636.62890625,272.1833721920848
2026-07-18T13:03:19.315472+00:00,3803.0,39.0,103.35,39.0,1636.65625,272.4893315844238
2026-07-18T13:03:19.665402+00:00,3803.0,39.0,102.64,39.0,1636.65625,272.83926195278764
2026-07-18T13:03:19.970536+00:00,3803.0,39.0,102.02,39.0,1636.65625,273.14439629390836
2026-07-18T13:03:20.321810+00:00,3803.0,33.0,100.75,39.0,1636.67578125,273.49566942453384
2026-07-18T13:03:20.645058+00:00,3803.0,40.0,101.76,39.0,1636.67578125,273.81891752406955
2026-07-18T13:03:20.973205+00:00,3803.0,40.0,102.39,39.0,1636.67578125,274.1470636241138
2026-07-18T13:03:21.321810+00:00,3803.0,40.0,103.76,39.0,1636.67578125,274.49566766247153
2026-07-18T13:03:21.669022+00:00,3803.0,40.0,103.7,39.0,1636.69140625,274.8428818434477
2026-07-18T13:03:21.977190+00:00,3803.0,38.0,103.59,39.0,1636.69140625,275.15104990825057
2026-07-18T13:03:22.279347+00:00,3803.0,40.0,102.86,39.0,1636.69140625,275.45320626348257
2026-07-18T13:03:22.608792+00:00,3803.0,40.0,101.99,39.0,1636.69140625,275.7826513312757
2026-07-18T13:03:22.919175+00:00,3803.0,40.0,100.91,39.0,1636.69140625,276.0930351279676
2026-07-18T13:03:23.204141+00:00,3803.0,40.0,100.37,39.0,1636.69140625,276.3780001923442
2026-07-18T13:03:23.556852+00:00,3803.0,39.0,101.46,39.0,1636.6953125,276.7307104989886
2026-07-18T13:03:23.889368+00:00,3803.0,40.0,102.6,39.0,1636.6953125,277.0632266663015
2026-07-18T13:03:24.174688+00:00,3803.0,40.0,103.64,39.0,1636.6953125,277.3485477119684
2026-07-18T13:03:24.482935+00:00,3803.0,35.0,103.38,39.0,1636.74609375,277.6567948907614
2026-07-18T13:03:24.791391+00:00,3803.0,40.0,102.81,39.0,1636.74609375,277.9652507416904
2026-07-18T13:03:25.120355+00:00,3803.0,40.0,102.17,39.0,1636.75390625,278.29421485215425
2026-07-18T13:03:25.469937+00:00,3803.0,40.0,102.02,39.0,1636.75390625,278.64379600435495
2026-07-18T13:03:25.797729+00:00,3803.0,39.0,102.22,39.0,1636.75390625,278.9715871922672
2026-07-18T13:03:26.153045+00:00,3803.0,31.0,102.3,39.0,1636.78515625,279.32690465822816
2026-07-18T13:03:26.497014+00:00,3803.0,40.0,101.84,39.0,1636.78515625,279.67087449505925
2026-07-18T13:03:26.799285+00:00,3803.0,39.0,101.44,39.0,1636.78515625,279.97314462438226
2026-07-18T13:03:27.107320+00:00,3803.0,40.0,101.08,39.0,1636.78515625,280.2811798155308
2026-07-18T13:03:27.437359+00:00,3803.0,39.0,101.1,39.0,1636.78515625,280.6112192310393
2026-07-18T13:03:27.766520+00:00,3803.0,40.0,100.84,39.0,1636.78515625,280.94037916883826
2026-07-18T13:03:28.097264+00:00,3803.0,40.0,101.29,39.0,1636.8359375,281.27112390473485
2026-07-18T13:03:28.381636+00:00,3803.0,40.0,101.82,39.0,1636.8359375,281.55549605190754
2026-07-18T13:03:28.691156+00:00,3803.0,40.0,102.5,39.0,1636.8359375,281.8650160394609
2026-07-18T13:03:29.021582+00:00,3803.0,40.0,102.75,39.0,1636.8359375,282.19544208049774
2026-07-18T13:03:29.325421+00:00,3803.0,40.0,102.13,39.0,1636.8359375,282.4992813207209
2026-07-18T13:03:29.630254+00:00,3803.0,40.0,101.61,39.0,1636.84375,282.80411318689585
2026-07-18T13:03:29.985621+00:00,3803.0,40.0,101.11,39.0,1636.90234375,283.15946962311864
2026-07-18T13:03:30.307930+00:00,3803.0,37.0,101.12,38.0,1636.9375,283.4817869588733
2026-07-18T13:03:30.614341+00:00,3803.0,39.0,101.97,39.0,1636.9375,283.78820043057203
2026-07-18T13:03:30.899034+00:00,3803.0,40.0,102.96,39.0,1636.94140625,284.0728944540024
2026-07-18T13:03:31.206805+00:00,3803.0,40.0,103.06,39.0,1637.0,284.3806651979685
2026-07-18T13:03:31.514999+00:00,3803.0,40.0,102.54,39.0,1637.0,284.6888581737876
2026-07-18T13:03:31.824788+00:00,3803.0,38.0,102.17,39.0,1637.0,284.9986476711929
2026-07-18T13:03:32.148767+00:00,3803.0,39.0,101.1,39.0,1637.0078125,285.32262594997883
2026-07-18T13:03:32.459027+00:00,3803.0,40.0,100.88,39.0,1637.0078125,285.63288667425513
2026-07-18T13:03:32.766393+00:00,3803.0,40.0,100.75,39.0,1637.0078125,285.94025222212076
2026-07-18T13:03:33.075420+00:00,3803.0,31.0,101.36,39.0,1637.15234375,286.24927932024
2026-07-18T13:03:33.404512+00:00,3803.0,39.0,102.0,39.0,1637.15234375,286.5783718973398
2026-07-18T13:03:33.733973+00:00,3803.0,39.0,102.49,39.0,1637.15625,286.9078326560557
2026-07-18T13:03:34.089820+00:00,3803.0,39.0,102.62,39.0,1637.16796875,287.26367964595556
2026-07-18T13:03:34.394756+00:00,3803.0,40.0,102.44,39.0,1637.16796875,287.5686150379479
2026-07-18T13:03:34.722318+00:00,3803.0,39.0,101.92,39.0,1637.17578125,287.89617820829153
2026-07-18T13:03:35.071803+00:00,3803.0,39.0,100.72,39.0,1637.22265625,288.24566278606653
2026-07-18T13:03:35.400701+00:00,3803.0,39.0,100.97,39.0,1637.25,288.57456067204475
2026-07-18T13:03:35.704123+00:00,3803.0,39.0,100.81,39.0,1637.3046875,288.8779822140932
2026-07-18T13:03:36.011327+00:00,3803.0,39.0,100.93,39.0,1637.31640625,289.185186188668
2026-07-18T13:03:36.360888+00:00,3803.0,39.0,101.17,39.0,1637.3203125,289.53474790230393
2026-07-18T13:03:36.684805+00:00,3803.0,40.0,101.55,39.0,1637.3359375,289.85866448655725
2026-07-18T13:03:37.013153+00:00,3803.0,31.0,101.4,38.0,1637.40234375,290.1870123818517
2026-07-18T13:03:37.342499+00:00,3803.0,40.0,98.56,38.0,1637.41015625,290.5163576900959
2026-07-18T13:03:37.650778+00:00,3803.0,40.0,98.28,39.0,1637.4140625,290.8246374055743
2026-07-18T13:03:37.959847+00:00,3803.0,40.0,98.59,39.0,1637.4140625,291.13370587676764
2026-07-18T13:03:38.284800+00:00,3803.0,40.0,101.65,39.0,1637.4140625,291.45865854248405
2026-07-18T13:03:38.609010+00:00,3803.0,39.0,101.8,38.0,1637.4140625,291.7828686386347
2026-07-18T13:03:38.894005+00:00,3803.0,40.0,101.41,39.0,1637.4140625,292.0678646788001
2026-07-18T13:03:39.199611+00:00,3803.0,39.0,101.15,39.0,1637.4140625,292.3734697178006
2026-07-18T13:03:39.486084+00:00,3803.0,41.0,100.65,39.0,1637.4140625,292.6599424108863
2026-07-18T13:03:39.796456+00:00,3803.0,40.0,100.57,39.0,1637.4140625,292.9703144840896
2026-07-18T13:03:40.106490+00:00,3803.0,40.0,100.54,39.0,1637.4140625,293.2803498990834
2026-07-18T13:03:40.437174+00:00,3803.0,40.0,100.59,39.0,1637.4140625,293.6110337227583
2026-07-18T13:03:40.742881+00:00,3803.0,38.0,101.18,39.0,1637.41796875,293.9167407788336
2026-07-18T13:03:41.027907+00:00,3803.0,40.0,101.14,39.0,1637.41796875,294.2017673738301
2026-07-18T13:03:41.331041+00:00,3803.0,40.0,101.27,39.0,1637.41796875,294.50490071997046
2026-07-18T13:03:41.661060+00:00,3803.0,39.0,101.17,39.0,1637.41796875,294.83491902425885
2026-07-18T13:03:41.966260+00:00,3803.0,39.0,101.15,39.0,1637.41796875,295.14011926949024
2026-07-18T13:03:42.275998+00:00,3803.0,40.0,101.41,39.0,1637.421875,295.4498577415943
2026-07-18T13:03:42.604802+00:00,3803.0,40.0,101.77,39.0,1637.421875,295.77866146340966
2026-07-18T13:03:42.915069+00:00,3803.0,40.0,101.7,39.0,1637.421875,296.08892845362425
2026-07-18T13:03:43.264948+00:00,3803.0,40.0,101.54,39.0,1637.421875,296.4388077519834
2026-07-18T13:03:43.593985+00:00,3803.0,40.0,101.42,39.0,1637.421875,296.7678441889584
2026-07-18T13:03:43.904690+00:00,3803.0,40.0,101.32,39.0,1637.421875,297.0785493887961
2026-07-18T13:03:44.233291+00:00,3803.0,39.0,101.35,39.0,1637.421875,297.4071503318846
2026-07-18T13:03:44.589366+00:00,3803.0,40.0,100.78,39.0,1637.42578125,297.76322642341256
2026-07-18T13:03:44.920728+00:00,3803.0,39.0,101.81,39.0,1637.42578125,298.09458718821406
2026-07-18T13:03:45.205188+00:00,3803.0,40.0,101.82,39.0,1637.42578125,298.3790482841432
2026-07-18T13:03:45.510696+00:00,3803.0,39.0,101.54,39.0,1637.42578125,298.68455607816577
2026-07-18T13:03:45.836299+00:00,3803.0,39.0,101.4,39.0,1637.42578125,299.0101583264768
2026-07-18T13:03:46.189118+00:00,3803.0,39.0,101.39,39.0,1637.4296875,299.36297722533345
2026-07-18T13:03:46.495040+00:00,3803.0,40.0,101.58,38.0,1637.4296875,299.6688993908465
2026-07-18T13:03:46.825928+00:00,3803.0,40.0,102.14,39.0,1637.4296875,299.9997867420316
2026-07-18T13:03:47.135345+00:00,3803.0,40.0,101.98,39.0,1637.4296875,300.30920511484146
2026-07-18T13:03:47.462035+00:00,3803.0,40.0,102.3,39.0,1637.4296875,300.63589473441243
2026-07-18T13:03:47.770851+00:00,3803.0,40.0,101.58,39.0,1637.4296875,300.9447111412883
2026-07-18T13:03:48.075611+00:00,3803.0,40.0,101.85,39.0,1637.4296875,301.2494705878198
2026-07-18T13:03:48.383009+00:00,3803.0,40.0,101.83,39.0,1637.43359375,301.5568682141602
2026-07-18T13:03:48.669141+00:00,3803.0,40.0,101.66,39.0,1637.43359375,301.8429999575019
2026-07-18T13:03:48.998132+00:00,3803.0,40.0,101.75,39.0,1637.43359375,302.17199087142944
2026-07-18T13:03:49.353302+00:00,3803.0,40.0,102.36,39.0,1637.43359375,302.5271614007652
2026-07-18T13:03:49.678375+00:00,3803.0,41.0,102.14,39.0,1637.43359375,302.85223338007927
2026-07-18T13:03:49.986815+00:00,3803.0,40.0,101.92,39.0,1637.4375,303.1606747023761
2026-07-18T13:03:50.316506+00:00,3803.0,39.0,101.66,39.0,1637.4375,303.49036602303386
2026-07-18T13:03:50.669818+00:00,3803.0,38.0,101.5,39.0,1637.4375,303.8436774238944
2026-07-18T13:03:50.999816+00:00,3803.0,39.0,102.19,39.0,1637.4375,304.1736754439771
2026-07-18T13:03:51.353159+00:00,3803.0,38.0,102.27,39.0,1637.4375,304.52701823040843
2026-07-18T13:03:51.689699+00:00,3803.0,38.0,101.94,38.0,1637.4375,304.86355865746737
2026-07-18T13:03:52.020693+00:00,3803.0,40.0,101.74,39.0,1637.4375,305.19455191493034
2026-07-18T13:03:52.324878+00:00,3803.0,31.0,101.76,39.0,1637.44140625,305.49873697012663
2026-07-18T13:03:52.653573+00:00,3803.0,39.0,101.76,39.0,1637.44140625,305.8274324648082
2026-07-18T13:03:52.958295+00:00,3803.0,40.0,101.61,39.0,1637.44140625,306.1321551054716
2026-07-18T13:03:53.262671+00:00,3803.0,40.0,102.47,39.0,1637.44140625,306.43653075769544
2026-07-18T13:03:53.589424+00:00,3803.0,40.0,102.88,39.0,1637.44140625,306.76328311115503
2026-07-18T13:03:53.913479+00:00,3803.0,40.0,102.45,39.0,1637.44140625,307.0873388722539
2026-07-18T13:03:54.198474+00:00,3803.0,39.0,101.33,39.0,1637.44140625,307.3723332323134
2026-07-18T13:03:54.506932+00:00,3803.0,40.0,101.52,39.0,1637.4453125,307.680792208761
2026-07-18T13:03:54.861478+00:00,3803.0,40.0,102.23,38.0,1637.4453125,308.0353372693062
2026-07-18T13:03:55.171207+00:00,3803.0,40.0,102.43,39.0,1637.4453125,308.34506694599986
2026-07-18T13:03:55.524984+00:00,3803.0,40.0,102.68,39.0,1637.4453125,308.6988430134952
2026-07-18T13:03:55.872937+00:00,3803.0,39.0,101.62,39.0,1637.4453125,309.0467958599329
2026-07-18T13:03:56.158588+00:00,3803.0,40.0,101.2,39.0,1637.4453125,309.33244729042053
2026-07-18T13:03:56.468292+00:00,3803.0,40.0,100.66,39.0,1637.4453125,309.64215076714754
2026-07-18T13:03:56.775205+00:00,3803.0,32.0,101.72,39.0,1637.44921875,309.9490644223988
2026-07-18T13:03:57.082376+00:00,3803.0,40.0,102.15,39.0,1637.44921875,310.2562362886965
2026-07-18T13:03:57.391051+00:00,3803.0,40.0,102.01,39.0,1637.44921875,310.56491044536233
2026-07-18T13:03:57.741170+00:00,3803.0,39.0,101.16,39.0,1637.44921875,310.91502944007516
2026-07-18T13:03:58.092583+00:00,3803.0,39.0,101.3,38.0,1637.453125,311.26644231006503
2026-07-18T13:03:58.421279+00:00,3803.0,40.0,101.82,38.0,1637.453125,311.5951388068497
2026-07-18T13:03:58.723279+00:00,3803.0,40.0,102.27,38.0,1637.453125,311.8971386626363
2026-07-18T13:03:59.077087+00:00,3803.0,40.0,101.95,39.0,1637.453125,312.2509466074407
2026-07-18T13:03:59.401146+00:00,3803.0,40.0,102.41,39.0,1637.45703125,312.5750061273575
2026-07-18T13:03:59.725023+00:00,3803.0,38.0,102.05,39.0,1637.45703125,312.89888282492757
2026-07-18T13:04:00.071184+00:00,3803.0,38.0,101.0,39.0,1637.45703125,313.2450436167419
2026-07-18T13:04:00.375147+00:00,3803.0,31.0,101.1,39.0,1637.4609375,313.549006305635
2026-07-18T13:04:00.661077+00:00,3803.0,40.0,101.19,39.0,1637.4609375,313.8349364846945
2026-07-18T13:04:01.005029+00:00,3803.0,40.0,101.55,39.0,1637.4609375,314.17888836190104
2026-07-18T13:04:01.349054+00:00,3803.0,40.0,101.63,39.0,1637.46484375,314.52291383221745
2026-07-18T13:04:01.651041+00:00,3803.0,40.0,102.39,39.0,1637.46484375,314.82490104064345
2026-07-18T13:04:02.001237+00:00,3803.0,36.0,102.48,39.0,1637.46484375,315.17509665340185
2026-07-18T13:04:02.307458+00:00,3803.0,40.0,103.1,39.0,1637.46875,315.48131788149476
2026-07-18T13:04:02.615237+00:00,3803.0,40.0,102.4,39.0,1637.46875,315.78909742087126
2026-07-18T13:04:02.947012+00:00,3803.0,40.0,101.54,39.0,1637.46875,316.12087166309357
2026-07-18T13:04:03.273607+00:00,3803.0,39.0,100.89,39.0,1637.46875,316.4474665261805
2026-07-18T13:04:03.583034+00:00,3803.0,40.0,100.43,39.0,1637.47265625,316.7568936869502
2026-07-18T13:04:03.932795+00:00,3803.0,39.0,100.49,39.0,1637.47265625,317.1066545434296
2026-07-18T13:04:04.239671+00:00,3803.0,36.0,100.47,38.0,1637.47265625,317.4135304763913
2026-07-18T13:04:04.547926+00:00,3803.0,40.0,100.69,39.0,1637.47265625,317.72178592532873
2026-07-18T13:04:04.854837+00:00,3803.0,41.0,100.91,39.0,1637.47265625,318.0286968946457
2026-07-18T13:04:05.182169+00:00,3803.0,34.0,101.52,38.0,1637.4921875,318.3560287989676
2026-07-18T13:04:05.511735+00:00,3803.0,39.0,101.3,38.0,1637.4921875,318.6855940185487
2026-07-18T13:04:05.841675+00:00,3803.0,40.0,101.1,38.0,1637.4921875,319.0155344568193
2026-07-18T13:04:06.194326+00:00,3803.0,39.0,100.94,38.0,1637.4921875,319.3681849837303
2026-07-18T13:04:06.525712+00:00,3803.0,39.0,101.18,39.0,1637.4921875,319.69956965371966
2026-07-18T13:04:06.835085+00:00,3803.0,32.0,101.03,39.0,1637.51171875,320.0089450478554
2026-07-18T13:04:07.190841+00:00,3803.0,40.0,101.51,39.0,1637.51171875,320.36470118537545
2026-07-18T13:04:07.521709+00:00,3803.0,39.0,101.62,38.0,1637.51171875,320.69556849449873
2026-07-18T13:04:07.831300+00:00,3803.0,40.0,102.5,38.0,1637.51171875,321.0051598325372
2026-07-18T13:04:08.185334+00:00,3803.0,39.0,102.13,39.0,1637.51171875,321.3591934479773
2026-07-18T13:04:08.521169+00:00,3803.0,36.0,101.62,38.0,1637.53125,321.6950276643038
2026-07-18T13:04:08.826726+00:00,3803.0,40.0,102.21,38.0,1637.53125,322.00058664008975
2026-07-18T13:04:09.112918+00:00,3803.0,40.0,102.04,38.0,1637.53125,322.2867773734033
2026-07-18T13:04:09.464962+00:00,3803.0,37.0,102.14,38.0,1637.546875,322.63882134482265
2026-07-18T13:04:09.770430+00:00,3803.0,39.0,101.51,39.0,1637.546875,322.94428903609514
2026-07-18T13:04:10.093332+00:00,3803.0,40.0,101.14,38.0,1637.546875,323.26719184592366
2026-07-18T13:04:10.400792+00:00,3803.0,40.0,101.07,39.0,1637.546875,323.57465168088675
2026-07-18T13:04:10.707862+00:00,3803.0,40.0,101.78,39.0,1637.546875,323.88172226026654
2026-07-18T13:04:11.061700+00:00,3803.0,40.0,102.11,39.0,1637.56640625,324.23555967211723
2026-07-18T13:04:11.417252+00:00,3803.0,40.0,102.28,39.0,1637.56640625,324.59111161902547
2026-07-18T13:04:11.704001+00:00,3803.0,40.0,101.52,38.0,1637.56640625,324.87786008417606
2026-07-18T13:04:12.029300+00:00,3803.0,39.0,101.42,39.0,1637.56640625,325.20315919816494
2026-07-18T13:04:12.335332+00:00,3803.0,40.0,100.89,39.0,1637.56640625,325.5091914869845
2026-07-18T13:04:12.662615+00:00,3803.0,41.0,101.29,39.0,1637.56640625,325.8364741951227
2026-07-18T13:04:12.970837+00:00,3803.0,38.0,101.64,39.0,1637.56640625,326.14469647035
2026-07-18T13:04:13.278724+00:00,3803.0,40.0,101.84,39.0,1637.59375,326.45258306339383
2026-07-18T13:04:13.629482+00:00,3803.0,39.0,101.86,39.0,1637.59375,326.8033407628536
2026-07-18T13:04:13.939373+00:00,3803.0,40.0,101.63,39.0,1637.59375,327.11323195695877
2026-07-18T13:04:14.251221+00:00,3803.0,40.0,101.2,39.0,1637.59375,327.4250811599195
2026-07-18T13:04:14.585163+00:00,3803.0,40.0,100.91,39.0,1637.59375,327.7590225338936
2026-07-18T13:04:14.913414+00:00,3803.0,38.0,100.59,38.0,1637.59375,328.08727299422026
2026-07-18T13:04:15.216667+00:00,3803.0,40.0,101.87,39.0,1637.59375,328.3905254788697
2026-07-18T13:04:15.523087+00:00,3803.0,39.0,101.64,39.0,1637.6171875,328.69694660604
2026-07-18T13:04:15.831288+00:00,3803.0,40.0,102.77,39.0,1637.6171875,329.0051478520036
2026-07-18T13:04:16.140822+00:00,3803.0,40.0,102.82,38.0,1637.6171875,329.3146822080016
2026-07-18T13:04:16.425847+00:00,3803.0,31.0,103.1,39.0,1637.63671875,329.59970685467124
2026-07-18T13:04:16.753285+00:00,3803.0,40.0,102.1,39.0,1637.63671875,329.9271447248757
2026-07-18T13:04:17.105204+00:00,3803.0,40.0,100.87,39.0,1637.63671875,330.2790632247925
2026-07-18T13:04:17.415219+00:00,3803.0,40.0,100.93,39.0,1637.63671875,330.58907805383205
2026-07-18T13:04:17.740809+00:00,3803.0,40.0,101.7,39.0,1637.63671875,330.91466880589724
2026-07-18T13:04:18.044260+00:00,3803.0,31.0,102.13,39.0,1637.65234375,331.218119148165
2026-07-18T13:04:18.373314+00:00,3803.0,39.0,101.75,39.0,1637.65234375,331.5471728928387
2026-07-18T13:04:18.701631+00:00,3803.0,38.0,101.38,39.0,1637.65234375,331.8754905164242
2026-07-18T13:04:19.033061+00:00,3803.0,39.0,101.27,39.0,1637.65234375,332.2069205380976
2026-07-18T13:04:19.317866+00:00,3803.0,40.0,101.98,38.0,1637.65234375,332.4917259775102
2026-07-18T13:04:19.645734+00:00,3803.0,40.0,102.53,38.0,1637.65234375,332.81959346309304
2026-07-18T13:04:19.954079+00:00,3803.0,41.0,103.4,39.0,1637.65234375,333.1279393285513
2026-07-18T13:04:20.239065+00:00,3803.0,40.0,103.44,39.0,1637.65234375,333.41292487829924
2026-07-18T13:04:20.524691+00:00,3803.0,40.0,103.14,39.0,1637.67578125,333.69855058565736
2026-07-18T13:04:20.835346+00:00,3803.0,37.0,102.71,39.0,1637.67578125,334.0092064142227
2026-07-18T13:04:21.189895+00:00,3803.0,37.0,101.54,38.0,1637.67578125,334.3637547492981
2026-07-18T13:04:21.516634+00:00,3803.0,38.0,100.95,38.0,1637.67578125,334.6904935911298
2026-07-18T13:04:21.845568+00:00,3803.0,40.0,101.27,39.0,1637.69921875,335.01942639425397
2026-07-18T13:04:22.154707+00:00,3803.0,39.0,101.24,38.0,1637.703125,335.3285647071898
2026-07-18T13:04:22.488495+00:00,3803.0,39.0,102.14,39.0,1637.703125,335.66235395520926
2026-07-18T13:04:22.795577+00:00,3803.0,40.0,101.25,39.0,1637.703125,335.96943609416485
2026-07-18T13:04:23.149711+00:00,3803.0,40.0,101.24,39.0,1637.703125,336.32357143983245
2026-07-18T13:04:23.459030+00:00,3803.0,33.0,100.72,39.0,1637.72265625,336.6328893788159
2026-07-18T13:04:23.768313+00:00,3803.0,41.0,101.18,39.0,1637.72265625,336.9421722218394
2026-07-18T13:04:24.053949+00:00,3803.0,40.0,101.64,39.0,1637.72265625,337.227809086442
2026-07-18T13:04:24.362920+00:00,3803.0,40.0,102.2,39.0,1637.72265625,337.5367800667882
2026-07-18T13:04:24.688380+00:00,3803.0,40.0,102.65,39.0,1637.7421875,337.86224019899964
2026-07-18T13:04:25.013044+00:00,3803.0,40.0,102.38,39.0,1637.7421875,338.18690342083573
2026-07-18T13:04:25.318762+00:00,3803.0,40.0,101.19,38.0,1637.7421875,338.4926208406687
2026-07-18T13:04:25.604655+00:00,3803.0,39.0,100.91,38.0,1637.7421875,338.77851374819875
2026-07-18T13:04:25.955713+00:00,3803.0,38.0,101.44,38.0,1637.74609375,339.12957195192575
2026-07-18T13:04:26.264621+00:00,3803.0,39.0,101.57,39.0,1637.765625,339.4384801760316
2026-07-18T13:04:26.575652+00:00,3803.0,38.0,101.5,38.0,1637.765625,339.74951092898846
2026-07-18T13:04:26.903808+00:00,3803.0,39.0,101.55,39.0,1637.765625,340.0776677429676
2026-07-18T13:04:27.233466+00:00,3803.0,40.0,101.22,39.0,1637.765625,340.4073251336813
2026-07-18T13:04:27.546674+00:00,3803.0,30.0,101.53,39.0,1637.78125,340.7205251902342
2026-07-18T13:04:27.855297+00:00,3803.0,40.0,102.04,39.0,1637.78515625,341.0291571356356
2026-07-18T13:04:28.163071+00:00,3803.0,41.0,103.42,39.0,1637.78515625,341.336930219084
2026-07-18T13:04:28.493577+00:00,3803.0,39.0,103.29,39.0,1637.78515625,341.6674363203347
2026-07-18T13:04:28.848896+00:00,3803.0,36.0,102.66,39.0,1637.78515625,342.0227499566972
2026-07-18T13:04:29.160113+00:00,3803.0,39.0,101.33,39.0,1637.8046875,342.3339726924896
2026-07-18T13:04:29.468846+00:00,3803.0,40.0,101.07,39.0,1637.8046875,342.6427057906985
2026-07-18T13:04:29.754680+00:00,3803.0,40.0,100.95,39.0,1637.8046875,342.9285394884646
2026-07-18T13:04:30.057057+00:00,3803.0,40.0,100.85,39.0,1637.8046875,343.2309163361788
2026-07-18T13:04:30.367036+00:00,3803.0,40.0,101.83,39.0,1637.8046875,343.54089445248246
2026-07-18T13:04:30.698728+00:00,3803.0,40.0,102.35,39.0,1637.8046875,343.87258644402027
2026-07-18T13:04:30.986625+00:00,3803.0,40.0,102.77,39.0,1637.828125,344.16048485413194
2026-07-18T13:04:31.295672+00:00,3803.0,40.0,102.44,39.0,1637.828125,344.46953181549907
2026-07-18T13:04:31.599269+00:00,3803.0,40.0,102.28,39.0,1637.828125,344.77312813699245
2026-07-18T13:04:31.905170+00:00,3803.0,40.0,101.61,39.0,1637.828125,345.079028993845
2026-07-18T13:04:32.258093+00:00,3803.0,40.0,101.77,39.0,1637.83203125,345.4319516904652
2026-07-18T13:04:32.567051+00:00,3803.0,41.0,101.75,39.0,1637.83203125,345.74091044068336
2026-07-18T13:04:32.870247+00:00,3803.0,40.0,102.12,39.0,1637.83203125,346.0441063977778
2026-07-18T13:04:33.155949+00:00,3803.0,31.0,102.06,39.0,1637.88671875,346.32980924099684
2026-07-18T13:04:33.459693+00:00,3803.0,40.0,102.04,39.0,1637.88671875,346.6335525326431
2026-07-18T13:04:33.765881+00:00,3803.0,39.0,101.89,39.0,1637.890625,346.9397413060069
2026-07-18T13:04:34.119597+00:00,3803.0,37.0,101.36,39.0,1637.8984375,347.2934562712908
2026-07-18T13:04:34.472969+00:00,3803.0,40.0,101.21,39.0,1637.8984375,347.6468231230974
2026-07-18T13:04:34.783730+00:00,3803.0,40.0,101.24,39.0,1637.90234375,347.9575895629823
2026-07-18T13:04:35.111819+00:00,3803.0,40.0,101.43,39.0,1637.90234375,348.2856785468757
2026-07-18T13:04:35.397741+00:00,3803.0,28.0,101.7,39.0,1638.00390625,348.5716000124812
2026-07-18T13:04:35.684026+00:00,3803.0,41.0,101.34,39.0,1638.00390625,348.8578858077526
2026-07-18T13:04:35.970669+00:00,3803.0,40.0,101.31,39.0,1638.0078125,349.14452923834324
2026-07-18T13:04:36.300479+00:00,3803.0,38.0,102.02,39.0,1638.0078125,349.47433810308576
2026-07-18T13:04:36.603909+00:00,3803.0,40.0,102.25,39.0,1638.0078125,349.7777686007321
2026-07-18T13:04:36.957979+00:00,3803.0,26.0,101.78,39.0,1638.04296875,350.1318383999169
2026-07-18T13:04:37.305229+00:00,3803.0,39.0,100.94,39.0,1638.04296875,350.4790891595185
2026-07-18T13:04:37.637298+00:00,3803.0,39.0,100.71,39.0,1638.04296875,350.8111583888531
2026-07-18T13:04:37.988997+00:00,3803.0,40.0,101.13,39.0,1638.04296875,351.162856053561
2026-07-18T13:04:38.345344+00:00,3803.0,39.0,102.06,39.0,1638.05078125,351.5192039422691
2026-07-18T13:04:38.672876+00:00,3803.0,40.0,101.34,39.0,1638.05078125,351.8467357493937
2026-07-18T13:04:39.021198+00:00,3803.0,40.0,102.24,39.0,1638.05078125,352.1950578317046
2026-07-18T13:04:39.352992+00:00,3803.0,40.0,102.18,39.0,1638.0625,352.5268509089947
2026-07-18T13:04:39.686186+00:00,3803.0,39.0,103.06,39.0,1638.16015625,352.86004577577114
2026-07-18T13:04:40.017647+00:00,3803.0,40.0,102.62,39.0,1638.21484375,353.19150633737445
2026-07-18T13:04:40.344500+00:00,3803.0,40.0,101.95,39.0,1638.22265625,353.5183590389788
2026-07-18T13:04:40.693023+00:00,3803.0,38.0,101.62,39.0,1638.22265625,353.866882968694
2026-07-18T13:04:41.003340+00:00,3803.0,40.0,102.04,39.0,1638.23046875,354.17719972878695
2026-07-18T13:04:41.311403+00:00,3803.0,40.0,102.31,39.0,1638.23828125,354.4852628149092
2026-07-18T13:04:41.597480+00:00,3803.0,31.0,102.63,39.0,1638.30078125,354.77133982628584
2026-07-18T13:04:41.911608+00:00,3803.0,40.0,102.19,39.0,1638.30078125,355.0854670703411
2026-07-18T13:04:42.219707+00:00,3803.0,39.0,101.97,39.0,1638.32421875,355.3935660980642
2026-07-18T13:04:42.570437+00:00,3803.0,32.0,100.64,38.0,1638.33203125,355.74429576843977
2026-07-18T13:04:43.077296+00:00,3803.0,5.0,97.0,38.0,1638.34375,356.25115445256233
2026-07-18T13:04:43.387083+00:00,3803.0,40.0,97.52,39.0,1638.34375,356.560942299664
2026-07-18T13:04:43.741822+00:00,3803.0,40.0,98.34,39.0,1638.34375,356.91568111255765
2026-07-18T13:04:44.051369+00:00,3803.0,41.0,101.43,39.0,1638.34375,357.2252284325659
2026-07-18T13:04:44.351788+00:00,3803.0,40.0,101.41,39.0,1638.34375,357.5256478637457
2026-07-18T13:04:44.662740+00:00,3803.0,35.0,100.94,38.0,1638.34765625,357.8365993723273
2026-07-18T13:04:44.966875+00:00,3803.0,40.0,100.9,39.0,1638.34765625,358.14073484763503
2026-07-18T13:04:45.276137+00:00,3803.0,40.0,101.01,39.0,1638.34765625,358.4499964788556
2026-07-18T13:04:45.583139+00:00,3803.0,40.0,101.37,39.0,1638.34765625,358.7569989822805
2026-07-18T13:04:45.891807+00:00,3803.0,40.0,102.04,39.0,1638.34765625,359.0656662248075
2026-07-18T13:04:46.202980+00:00,3803.0,40.0,102.12,39.0,1638.34765625,359.37683990970254
2026-07-18T13:04:46.556786+00:00,3803.0,40.0,102.23,39.0,1638.34765625,359.7306454628706
2026-07-18T13:04:46.914403+00:00,3803.0,40.0,101.21,39.0,1638.34765625,360.08825086057186
2026-07-18T13:04:47.245034+00:00,3803.0,29.0,101.81,39.0,1638.3515625,360.4188929386437
2026-07-18T13:04:47.573046+00:00,3803.0,38.0,100.93,39.0,1638.3515625,360.7469044364989
2026-07-18T13:04:47.859584+00:00,3803.0,40.0,102.17,39.0,1638.3515625,361.03344413638115
2026-07-18T13:04:48.171946+00:00,3803.0,40.0,101.47,39.0,1638.3515625,361.3458054959774
2026-07-18T13:04:48.479421+00:00,3803.0,39.0,101.14,38.0,1638.3515625,361.65328035876155
2026-07-18T13:04:48.833955+00:00,3803.0,38.0,101.26,39.0,1638.3515625,362.00781355425715
2026-07-18T13:04:49.185478+00:00,3803.0,36.0,101.28,39.0,1638.3515625,362.3593371324241
2026-07-18T13:04:49.513345+00:00,3803.0,37.0,101.76,38.0,1638.3515625,362.6872047111392
2026-07-18T13:04:49.868802+00:00,3803.0,39.0,101.24,39.0,1638.35546875,363.0426600649953
2026-07-18T13:04:50.178250+00:00,3803.0,40.0,101.29,38.0,1638.35546875,363.3521106094122
2026-07-18T13:04:50.509779+00:00,3803.0,40.0,100.85,38.0,1638.35546875,363.6836382262409
2026-07-18T13:04:50.844815+00:00,3803.0,39.0,100.66,38.0,1638.35546875,364.0186747573316
2026-07-18T13:04:51.201876+00:00,3803.0,38.0,101.44,38.0,1638.35546875,364.3757356964052
2026-07-18T13:04:51.512513+00:00,3803.0,40.0,102.31,38.0,1638.35546875,364.6863720789552
2026-07-18T13:04:51.822023+00:00,3803.0,39.0,102.47,39.0,1638.35546875,364.99588264897466
2026-07-18T13:04:52.126399+00:00,3803.0,33.0,101.86,38.0,1638.35546875,365.3002587109804
2026-07-18T13:04:52.440655+00:00,3803.0,37.0,101.04,38.0,1638.35546875,365.61451422423124
2026-07-18T13:04:52.778437+00:00,3803.0,30.0,100.76,39.0,1638.359375,365.95229575037956
2026-07-18T13:04:53.132705+00:00,3803.0,39.0,100.72,38.0,1638.359375,366.3065635189414
2026-07-18T13:04:53.465373+00:00,3803.0,35.0,101.0,38.0,1638.359375,366.6392318941653
2026-07-18T13:04:53.820849+00:00,3803.0,37.0,100.79,38.0,1638.359375,366.9947084747255
2026-07-18T13:04:54.180957+00:00,3803.0,38.0,101.13,38.0,1638.359375,367.35481610894203
2026-07-18T13:04:54.540083+00:00,3803.0,38.0,101.5,38.0,1638.36328125,367.7139418721199
2026-07-18T13:04:54.854888+00:00,3803.0,40.0,101.17,38.0,1638.36328125,368.0287474617362
2026-07-18T13:04:55.185154+00:00,3803.0,38.0,100.65,38.0,1638.36328125,368.3590128161013
2026-07-18T13:04:55.518325+00:00,3803.0,38.0,100.73,38.0,1638.36328125,368.69218422472477
2026-07-18T13:04:55.827481+00:00,3803.0,38.0,100.36,38.0,1638.36328125,369.00134040415287
2026-07-18T13:04:56.130498+00:00,3803.0,32.0,100.7,38.0,1638.36328125,369.3043573796749
2026-07-18T13:04:56.485677+00:00,3803.0,36.0,100.18,38.0,1638.36328125,369.6595352552831
2026-07-18T13:04:56.841449+00:00,3803.0,39.0,100.25,38.0,1638.3671875,370.0153078697622
2026-07-18T13:04:57.197689+00:00,3803.0,38.0,100.07,38.0,1638.3671875,370.37154794484377
2026-07-18T13:04:57.503204+00:00,3803.0,38.0,100.38,38.0,1638.3671875,370.6770638488233
2026-07-18T13:04:57.810930+00:00,3803.0,38.0,100.82,38.0,1638.3671875,370.98478942364454
2026-07-18T13:04:58.165342+00:00,3803.0,28.0,101.3,39.0,1638.37109375,371.3392012678087
2026-07-18T13:04:58.474710+00:00,3803.0,38.0,101.26,38.0,1638.37109375,371.64856906980276
2026-07-18T13:04:58.829163+00:00,3803.0,39.0,101.63,38.0,1638.37109375,372.0030225664377
2026-07-18T13:04:59.164668+00:00,3803.0,40.0,101.36,38.0,1638.37109375,372.33852679282427
2026-07-18T13:04:59.496581+00:00,3803.0,36.0,101.45,38.0,1638.37109375,372.6704398393631
2026-07-18T13:04:59.849302+00:00,3803.0,34.0,100.77,38.0,1638.37109375,373.0231588818133
2026-07-18T13:05:00.160919+00:00,3803.0,22.0,100.23,39.0,1638.375,373.3347787819803
2026-07-18T13:05:00.469169+00:00,3803.0,39.0,99.94,38.0,1638.375,373.6430276148021
2026-07-18T13:05:00.779290+00:00,3803.0,39.0,100.32,38.0,1638.375,373.95314913615584
2026-07-18T13:05:01.083722+00:00,3803.0,38.0,100.85,38.0,1638.375,374.2575813047588
2026-07-18T13:05:01.451863+00:00,3803.0,38.0,100.27,38.0,1638.375,374.6257218644023
2026-07-18T13:05:01.784621+00:00,3803.0,36.0,99.97,38.0,1638.37890625,374.9584809355438
2026-07-18T13:05:02.137574+00:00,3803.0,38.0,100.2,38.0,1638.37890625,375.3114333637059
2026-07-18T13:05:02.470599+00:00,3803.0,38.0,100.39,38.0,1638.37890625,375.64445830881596
2026-07-18T13:05:02.805860+00:00,3803.0,38.0,100.0,38.0,1638.37890625,375.9797195419669
2026-07-18T13:05:03.161128+00:00,3803.0,38.0,100.25,38.0,1638.38671875,376.33498645573854
2026-07-18T13:05:03.505796+00:00,3803.0,39.0,101.28,38.0,1638.38671875,376.6796549484134
2026-07-18T13:05:03.836970+00:00,3803.0,40.0,101.38,38.0,1638.40234375,377.0108278542757
2026-07-18T13:05:04.191664+00:00,3803.0,38.0,100.95,38.0,1638.40234375,377.36552300676703
2026-07-18T13:05:04.537856+00:00,3803.0,28.0,100.91,39.0,1638.4140625,377.71171386167407
2026-07-18T13:05:04.866467+00:00,3803.0,40.0,101.08,38.0,1638.4140625,378.0403254032135
2026-07-18T13:05:05.218264+00:00,3803.0,40.0,101.56,38.0,1638.4140625,378.3921229504049
2026-07-18T13:05:05.569031+00:00,3803.0,39.0,101.23,38.0,1638.4140625,378.74289033934474
2026-07-18T13:05:05.855875+00:00,3803.0,40.0,101.42,38.0,1638.4375,379.02973398193717
2026-07-18T13:05:06.163213+00:00,3803.0,39.0,101.11,38.0,1638.4375,379.33707246929407
2026-07-18T13:05:06.471556+00:00,3803.0,39.0,101.4,38.0,1638.4375,379.6454159989953
2026-07-18T13:05:06.776969+00:00,3803.0,40.0,101.71,38.0,1638.4375,379.950827434659
2026-07-18T13:05:07.083764+00:00,3803.0,40.0,101.25,38.0,1638.4375,380.2576234899461
2026-07-18T13:05:07.425416+00:00,3803.0,41.0,102.12,38.0,1638.4375,380.59927532821894
2026-07-18T13:05:07.781023+00:00,3803.0,38.0,101.84,38.0,1638.4375,380.9548827894032
2026-07-18T13:05:08.114958+00:00,3803.0,40.0,102.66,38.0,1638.58984375,381.2888174466789
2026-07-18T13:05:08.465503+00:00,3803.0,38.0,101.49,38.0,1638.61328125,381.63936238363385
2026-07-18T13:05:08.817671+00:00,3803.0,40.0,101.7,38.0,1638.61328125,381.99153013527393
2026-07-18T13:05:09.129955+00:00,3803.0,39.0,100.79,38.0,1638.61328125,382.3038129657507
2026-07-18T13:05:09.485116+00:00,3803.0,41.0,101.42,38.0,1638.61328125,382.6589757986367
2026-07-18T13:05:09.795266+00:00,3803.0,40.0,101.88,38.0,1638.61328125,382.96912571415305
2026-07-18T13:05:10.124617+00:00,3803.0,40.0,103.33,38.0,1638.61328125,383.29847528785467
2026-07-18T13:05:10.433072+00:00,3803.0,41.0,102.72,38.0,1638.6640625,383.60693131014705
2026-07-18T13:05:10.757114+00:00,3803.0,41.0,102.89,38.0,1638.6640625,383.93097373470664
2026-07-18T13:05:11.089186+00:00,3803.0,40.0,103.15,38.0,1638.6640625,384.2630440220237
2026-07-18T13:05:11.440463+00:00,3803.0,41.0,104.14,38.0,1638.6640625,384.6143228299916
2026-07-18T13:05:11.789164+00:00,3803.0,41.0,104.25,38.0,1638.6640625,384.96302358061075
2026-07-18T13:05:12.121553+00:00,3803.0,39.0,103.06,38.0,1638.6875,385.29541139677167
2026-07-18T13:05:12.477428+00:00,3803.0,39.0,102.51,38.0,1638.6875,385.6512871272862
2026-07-18T13:05:12.809334+00:00,3803.0,40.0,101.22,38.0,1638.6875,385.9831932783127
2026-07-18T13:05:13.115323+00:00,3803.0,40.0,100.95,38.0,1638.6875,386.2891828417778
2026-07-18T13:05:13.473066+00:00,3803.0,40.0,100.69,38.0,1638.6875,386.6469255760312
2026-07-18T13:05:13.832584+00:00,3803.0,40.0,100.8,38.0,1638.6875,387.0064436905086
2026-07-18T13:05:14.165182+00:00,3803.0,34.0,102.2,39.0,1638.69140625,387.3390414752066
2026-07-18T13:05:14.474540+00:00,3803.0,38.0,101.63,38.0,1638.69140625,387.6484000235796
2026-07-18T13:05:14.829690+00:00,3803.0,41.0,102.13,38.0,1638.69140625,388.0035486407578
2026-07-18T13:05:15.136391+00:00,3803.0,38.0,101.03,38.0,1638.69140625,388.31025080755353
2026-07-18T13:05:15.485194+00:00,3803.0,39.0,101.4,38.0,1638.69140625,388.65905172377825
2026-07-18T13:05:15.795047+00:00,3803.0,35.0,100.58,38.0,1638.73046875,388.96890619024634
2026-07-18T13:05:16.149146+00:00,3803.0,38.0,101.26,38.0,1638.73046875,389.3230060003698
2026-07-18T13:05:16.459059+00:00,3803.0,38.0,100.91,38.0,1638.73046875,389.63291869685054
2026-07-18T13:05:16.812762+00:00,3803.0,39.0,101.92,38.0,1638.73046875,389.98662035912275
2026-07-18T13:05:17.143032+00:00,3803.0,39.0,101.52,38.0,1638.73046875,390.3168913014233
2026-07-18T13:05:17.430323+00:00,3803.0,39.0,101.83,38.0,1638.78125,390.60418285802007
2026-07-18T13:05:17.785242+00:00,3803.0,37.0,101.83,38.0,1638.78125,390.9591011404991
2026-07-18T13:05:18.091165+00:00,3803.0,39.0,101.19,38.0,1638.78125,391.2650250829756
2026-07-18T13:05:18.377599+00:00,3803.0,37.0,101.05,38.0,1638.78125,391.5514591559768
2026-07-18T13:05:18.687083+00:00,3803.0,27.0,100.77,39.0,1638.859375,391.8609422110021
2026-07-18T13:05:19.045441+00:00,3803.0,39.0,101.36,38.0,1638.859375,392.2193005941808
2026-07-18T13:05:19.356226+00:00,3803.0,39.0,102.26,38.0,1638.859375,392.5300852097571
2026-07-18T13:05:19.643611+00:00,3803.0,38.0,102.25,38.0,1638.859375,392.8174696415663
2026-07-18T13:05:19.973048+00:00,3803.0,39.0,102.22,38.0,1638.859375,393.1469075009227
2026-07-18T13:05:20.281961+00:00,3803.0,38.0,101.28,38.0,1638.91015625,393.4558207169175
2026-07-18T13:05:20.599851+00:00,3803.0,36.0,100.39,38.0,1638.91015625,393.7737107537687
2026-07-18T13:05:20.929399+00:00,3803.0,39.0,99.96,38.0,1638.91015625,394.1032575108111
2026-07-18T13:05:21.267330+00:00,3803.0,39.0,100.65,38.0,1638.91015625,394.4411878846586
2026-07-18T13:05:21.575080+00:00,3803.0,30.0,100.61,39.0,1638.9453125,394.74893929064274
2026-07-18T13:05:21.925084+00:00,3803.0,38.0,101.59,38.0,1638.9453125,395.09894267469645
2026-07-18T13:05:22.259530+00:00,3803.0,38.0,100.98,38.0,1638.9453125,395.4333876147866
2026-07-18T13:05:22.567210+00:00,3803.0,40.0,101.48,38.0,1638.9453125,395.7410697080195
2026-07-18T13:05:22.923311+00:00,3803.0,29.0,100.84,39.0,1639.015625,396.0971690788865
2026-07-18T13:05:23.232452+00:00,3803.0,40.0,101.58,38.0,1639.015625,396.40631176531315
2026-07-18T13:05:23.539266+00:00,3803.0,40.0,102.0,38.0,1639.015625,396.71312503889203
2026-07-18T13:05:23.868853+00:00,3803.0,40.0,101.42,38.0,1639.015625,397.04271319136024
2026-07-18T13:05:24.226666+00:00,3803.0,39.0,101.09,38.0,1639.015625,397.4005247429013
2026-07-18T13:05:24.584899+00:00,3803.0,41.0,101.46,38.0,1639.015625,397.75875809043646
2026-07-18T13:05:24.924797+00:00,3803.0,27.0,101.58,39.0,1639.08984375,398.09865610301495
2026-07-18T13:05:25.211938+00:00,3803.0,40.0,101.23,38.0,1639.08984375,398.38579823076725
2026-07-18T13:05:25.500533+00:00,3803.0,40.0,100.82,38.0,1639.08984375,398.67437203601
2026-07-18T13:05:25.806480+00:00,3803.0,40.0,100.54,38.0,1639.08984375,398.9803396873176
2026-07-18T13:05:26.152677+00:00,3803.0,40.0,101.08,38.0,1639.08984375,399.32653614133596
2026-07-18T13:05:26.462899+00:00,3803.0,39.0,101.12,38.0,1639.08984375,399.63675808161497
2026-07-18T13:05:26.771140+00:00,3803.0,40.0,101.27,38.0,1639.08984375,399.9450001679361
2026-07-18T13:05:27.125292+00:00,3803.0,39.0,101.24,38.0,1639.1328125,400.2991514094174
2026-07-18T13:05:27.456710+00:00,3803.0,40.0,101.64,38.0,1639.1328125,400.63056879863143
2026-07-18T13:05:27.808949+00:00,3803.0,37.0,102.06,38.0,1639.1328125,400.9828084819019
2026-07-18T13:05:28.157298+00:00,3803.0,40.0,102.95,38.0,1639.1328125,401.33115684613585
2026-07-18T13:05:28.489000+00:00,3803.0,41.0,103.49,38.0,1639.1328125,401.66285966709256
2026-07-18T13:05:28.836989+00:00,3803.0,39.0,102.58,38.0,1639.19140625,402.0108481273055
2026-07-18T13:05:29.161625+00:00,3803.0,40.0,101.27,38.0,1639.19140625,402.33548452705145
2026-07-18T13:05:29.492532+00:00,3803.0,41.0,100.28,38.0,1639.19140625,402.6663915403187
2026-07-18T13:05:29.802494+00:00,3803.0,39.0,101.09,38.0,1639.19140625,402.97635331377387
2026-07-18T13:05:30.155345+00:00,3803.0,40.0,101.13,38.0,1639.19140625,403.32920280098915
2026-07-18T13:05:30.485613+00:00,3803.0,40.0,102.05,38.0,1639.20703125,403.65947164595127
2026-07-18T13:05:30.772579+00:00,3803.0,40.0,102.09,38.0,1639.20703125,403.9464387819171
2026-07-18T13:05:31.124736+00:00,3803.0,37.0,102.82,38.0,1639.28515625,404.2985947430134
2026-07-18T13:05:31.435033+00:00,3803.0,40.0,102.37,38.0,1639.28515625,404.608892519027
2026-07-18T13:05:31.757216+00:00,3803.0,40.0,102.11,38.0,1639.28515625,404.93107545375824
2026-07-18T13:05:32.109157+00:00,3803.0,39.0,102.03,38.0,1639.28515625,405.28301648795605
2026-07-18T13:05:32.397069+00:00,3803.0,40.0,101.67,38.0,1639.28515625,405.5709281973541
2026-07-18T13:05:32.707084+00:00,3803.0,40.0,101.64,38.0,1639.28515625,405.8809438236058
2026-07-18T13:05:33.015033+00:00,3803.0,40.0,101.8,39.0,1639.28515625,406.18889298290014
2026-07-18T13:05:33.341445+00:00,3803.0,40.0,102.12,38.0,1639.28515625,406.5153049044311
2026-07-18T13:05:33.673196+00:00,3803.0,41.0,102.45,38.0,1639.28515625,406.84705605730414
2026-07-18T13:05:33.983133+00:00,3803.0,25.0,101.5,39.0,1639.41796875,407.1569927074015
2026-07-18T13:05:34.270602+00:00,3803.0,38.0,101.15,38.0,1639.41796875,407.4444609284401
2026-07-18T13:05:34.621397+00:00,3803.0,39.0,100.59,38.0,1639.41796875,407.7952555269003
2026-07-18T13:05:34.934294+00:00,3803.0,40.0,100.63,38.0,1639.41796875,408.10815393179655
2026-07-18T13:05:35.237753+00:00,3803.0,40.0,101.34,38.0,1639.41796875,408.411612264812
2026-07-18T13:05:35.589123+00:00,3803.0,30.0,101.38,38.0,1639.48046875,408.76298220828176
2026-07-18T13:05:35.893432+00:00,3803.0,40.0,101.97,38.0,1639.48046875,409.06729174405336
2026-07-18T13:05:36.203847+00:00,3803.0,40.0,101.79,38.0,1639.48046875,409.3777063563466
2026-07-18T13:05:36.561276+00:00,3803.0,40.0,101.23,38.0,1639.48046875,409.73512502387166
2026-07-18T13:05:36.876682+00:00,3803.0,39.0,100.96,38.0,1639.52734375,410.0505412481725
2026-07-18T13:05:37.232743+00:00,3803.0,37.0,100.08,38.0,1639.52734375,410.40660236775875
2026-07-18T13:05:37.542409+00:00,3803.0,37.0,100.74,38.0,1639.52734375,410.71626776456833
2026-07-18T13:05:37.851496+00:00,3803.0,29.0,100.79,39.0,1639.578125,411.025349508971
2026-07-18T13:05:38.177089+00:00,3803.0,35.0,101.26,38.0,1639.578125,411.3509473875165
2026-07-18T13:05:38.509741+00:00,3803.0,36.0,101.02,38.0,1639.578125,411.68360011279583
2026-07-18T13:05:38.836783+00:00,3803.0,39.0,101.48,38.0,1639.578125,412.01064163446426
2026-07-18T13:05:39.168443+00:00,3803.0,40.0,101.75,38.0,1639.578125,412.3423018157482
2026-07-18T13:05:39.477110+00:00,3803.0,28.0,101.58,38.0,1639.62109375,412.6509694904089
2026-07-18T13:05:39.765114+00:00,3803.0,40.0,101.39,38.0,1639.62109375,412.93897362425923
2026-07-18T13:05:40.087928+00:00,3803.0,38.0,101.2,38.0,1639.62109375,413.2617868222296
2026-07-18T13:05:40.444330+00:00,3803.0,40.0,101.53,38.0,1639.625,413.6181891262531
2026-07-18T13:05:40.748622+00:00,3803.0,40.0,101.49,38.0,1639.625,413.92248230054975
2026-07-18T13:05:41.092650+00:00,3803.0,40.0,101.12,38.0,1639.625,414.2665094360709
2026-07-18T13:05:41.402140+00:00,3803.0,39.0,101.43,38.0,1639.74609375,414.5759996138513
2026-07-18T13:05:41.710614+00:00,3803.0,40.0,100.89,38.0,1639.74609375,414.88447431474924
2026-07-18T13:05:42.018051+00:00,3803.0,40.0,101.47,38.0,1639.75,415.19191087037325
2026-07-18T13:05:42.323862+00:00,3803.0,40.0,101.66,38.0,1639.75,415.49772134795785
2026-07-18T13:05:42.631374+00:00,3803.0,40.0,101.53,38.0,1639.75,415.8052334561944
2026-07-18T13:05:42.957395+00:00,3803.0,30.0,101.31,39.0,1639.77734375,416.13125451654196
2026-07-18T13:05:43.271125+00:00,3803.0,41.0,102.02,38.0,1639.77734375,416.44498493149877
2026-07-18T13:05:43.576216+00:00,3803.0,39.0,102.08,38.0,1639.78125,416.7500758320093
2026-07-18T13:05:43.933225+00:00,3803.0,39.0,101.81,38.0,1639.79296875,417.1070842258632
2026-07-18T13:05:44.242424+00:00,3803.0,41.0,101.46,38.0,1639.79296875,417.41628359630704
2026-07-18T13:05:44.552030+00:00,3803.0,39.0,101.37,38.0,1639.796875,417.72588949277997
2026-07-18T13:05:44.885705+00:00,3803.0,40.0,102.3,38.0,1639.80078125,418.05956358090043
2026-07-18T13:05:45.194576+00:00,3803.0,40.0,102.15,38.0,1639.8046875,418.36843521520495
2026-07-18T13:05:45.481870+00:00,3803.0,28.0,102.3,39.0,1639.96875,418.6557293497026
2026-07-18T13:05:45.790507+00:00,3803.0,40.0,102.01,38.0,1639.96875,418.9643669128418
2026-07-18T13:05:46.146356+00:00,3803.0,40.0,101.28,38.0,1639.97265625,419.3202152661979
2026-07-18T13:05:46.473041+00:00,3803.0,41.0,101.03,38.0,1639.984375,419.64689941331744
2026-07-18T13:05:46.780765+00:00,3803.0,41.0,101.9,38.0,1639.984375,419.95462523028255
2026-07-18T13:05:47.114048+00:00,3803.0,40.0,101.79,38.0,1640.02734375,420.2879072763026
2026-07-18T13:05:47.401808+00:00,3803.0,40.0,101.88,38.0,1640.02734375,420.575667463243
2026-07-18T13:05:47.710364+00:00,3803.0,40.0,100.75,38.0,1640.04296875,420.8842236623168
2026-07-18T13:05:47.997004+00:00,3803.0,40.0,100.59,38.0,1640.05078125,421.17086350545287
2026-07-18T13:05:48.325228+00:00,3803.0,40.0,101.81,38.0,1640.05078125,421.49908294156194
2026-07-18T13:05:48.677716+00:00,3803.0,40.0,102.36,38.0,1640.05859375,421.8515746630728
2026-07-18T13:05:49.016898+00:00,3803.0,29.0,102.69,39.0,1640.1953125,422.19075789675117
2026-07-18T13:05:49.327372+00:00,3803.0,39.0,101.87,38.0,1640.19921875,422.5012306123972
2026-07-18T13:05:49.631013+00:00,3803.0,40.0,101.86,38.0,1640.21484375,422.8048727698624
2026-07-18T13:05:49.939379+00:00,3803.0,40.0,101.28,38.0,1640.23046875,423.1132385507226
2026-07-18T13:05:50.246797+00:00,3803.0,41.0,101.49,38.0,1640.23046875,423.42065642029047
2026-07-18T13:05:50.619589+00:00,3803.0,6.0,98.68,38.0,1640.2421875,423.7934484966099
2026-07-18T13:05:50.929528+00:00,3803.0,40.0,99.45,38.0,1640.2421875,424.1033884473145
2026-07-18T13:05:51.290777+00:00,3803.0,38.0,99.66,38.0,1640.2421875,424.4646355547011
2026-07-18T13:05:51.625199+00:00,3803.0,40.0,101.37,38.0,1640.2578125,424.7990579344332
2026-07-18T13:05:51.953004+00:00,3803.0,40.0,101.51,38.0,1640.2578125,425.12686390057206
2026-07-18T13:05:52.262711+00:00,3803.0,41.0,101.41,38.0,1640.2578125,425.4365707524121
2026-07-18T13:05:52.571424+00:00,3803.0,40.0,102.06,38.0,1640.2578125,425.74528354406357
2026-07-18T13:05:52.879225+00:00,3803.0,40.0,101.52,38.0,1640.28125,426.05308413133025
2026-07-18T13:05:53.233330+00:00,3803.0,40.0,101.59,38.0,1640.28125,426.4071894623339
2026-07-18T13:05:53.543907+00:00,3803.0,40.0,101.6,38.0,1640.28125,426.7177647203207
2026-07-18T13:05:53.875584+00:00,3803.0,40.0,101.39,38.0,1640.30078125,427.04944360628724
2026-07-18T13:05:54.162551+00:00,3803.0,40.0,101.7,38.0,1640.30078125,427.33641109243035
2026-07-18T13:05:54.450312+00:00,3803.0,40.0,101.34,38.0,1640.30078125,427.62417167052627
2026-07-18T13:05:54.737561+00:00,3803.0,40.0,101.45,38.0,1640.30078125,427.9114212989807
2026-07-18T13:05:55.074595+00:00,3803.0,29.0,101.27,38.0,1640.3203125,428.24845322594047
2026-07-18T13:05:55.423101+00:00,3803.0,37.0,101.0,38.0,1640.3203125,428.59696094319224
2026-07-18T13:05:55.731248+00:00,3803.0,40.0,100.74,38.0,1640.3203125,428.90510776638985
2026-07-18T13:05:56.038779+00:00,3803.0,41.0,101.51,38.0,1640.3203125,429.21263863891363
2026-07-18T13:05:56.326420+00:00,3803.0,29.0,101.56,38.0,1640.33984375,429.5002789646387
2026-07-18T13:05:56.614194+00:00,3803.0,40.0,101.82,38.0,1640.33984375,429.7880540564656
2026-07-18T13:05:56.922455+00:00,3803.0,40.0,101.45,38.0,1640.33984375,430.0963141582906
2026-07-18T13:05:57.248793+00:00,3803.0,40.0,101.17,38.0,1640.3515625,430.4226529337466
2026-07-18T13:05:57.577574+00:00,3803.0,39.0,100.62,38.0,1640.3515625,430.75143422558904
2026-07-18T13:05:57.908882+00:00,3803.0,40.0,100.93,38.0,1640.3515625,431.08274121955037
2026-07-18T13:05:58.218907+00:00,3803.0,40.0,101.33,38.0,1640.3515625,431.39276668801904
2026-07-18T13:05:58.572873+00:00,3803.0,40.0,101.62,38.0,1640.3515625,431.7467321753502
2026-07-18T13:05:58.925857+00:00,3803.0,40.0,100.93,38.0,1640.35546875,432.09971671178937
2026-07-18T13:05:59.234995+00:00,3803.0,40.0,101.45,38.0,1640.35546875,432.4088550694287
2026-07-18T13:05:59.586005+00:00,3803.0,29.0,101.32,38.0,1640.35546875,432.7598647400737
2026-07-18T13:05:59.894970+00:00,3803.0,36.0,101.43,38.0,1640.35546875,433.0688298083842
2026-07-18T13:06:00.206578+00:00,3803.0,39.0,100.98,38.0,1640.35546875,433.38043731078506
2026-07-18T13:06:00.541352+00:00,3803.0,40.0,101.7,38.0,1640.35546875,433.71521171554923
2026-07-18T13:06:00.847027+00:00,3803.0,40.0,101.61,38.0,1640.35546875,434.02088568359613
2026-07-18T13:06:01.173881+00:00,3803.0,41.0,101.23,38.0,1640.359375,434.3477411605418
2026-07-18T13:06:01.478738+00:00,3803.0,39.0,100.96,38.0,1640.359375,434.6525980383158
2026-07-18T13:06:01.809269+00:00,3803.0,39.0,100.57,38.0,1640.359375,434.983127694577
2026-07-18T13:06:02.118751+00:00,3803.0,39.0,100.48,38.0,1640.359375,435.29261023923755
2026-07-18T13:06:02.440740+00:00,3803.0,39.0,100.55,38.0,1640.36328125,435.6145995296538
2026-07-18T13:06:02.793483+00:00,3803.0,40.0,100.61,38.0,1640.36328125,435.96734219044447
2026-07-18T13:06:03.080422+00:00,3803.0,40.0,101.93,38.0,1640.36328125,436.25428127869964
2026-07-18T13:06:03.386351+00:00,3803.0,40.0,102.02,38.0,1640.36328125,436.5602103509009
2026-07-18T13:06:03.737523+00:00,3803.0,30.0,101.43,38.0,1640.37890625,436.91138303279877
2026-07-18T13:06:04.094317+00:00,3803.0,40.0,101.23,38.0,1640.37890625,437.2681760713458
2026-07-18T13:06:04.403156+00:00,3803.0,40.0,101.37,38.0,1640.37890625,437.57701589912176
2026-07-18T13:06:04.737371+00:00,3803.0,38.0,101.82,38.0,1640.37890625,437.9112303033471
2026-07-18T13:06:05.097774+00:00,3803.0,40.0,101.33,38.0,1640.37890625,438.2716327048838
2026-07-18T13:06:05.392538+00:00,3803.0,40.0,101.62,38.0,1640.40234375,438.5663973353803
2026-07-18T13:06:05.696787+00:00,3803.0,39.0,102.27,38.0,1640.40234375,438.87064595520496
2026-07-18T13:06:05.984362+00:00,3803.0,40.0,102.29,38.0,1640.40234375,439.1582221388817
2026-07-18T13:06:06.312740+00:00,3803.0,39.0,102.26,38.0,1640.40234375,439.4866000711918
2026-07-18T13:06:06.641613+00:00,3803.0,40.0,101.22,38.0,1640.40234375,439.81547149270773
2026-07-18T13:06:06.952578+00:00,3803.0,28.0,101.45,39.0,1640.421875,440.126435726881
2026-07-18T13:06:07.310881+00:00,3803.0,39.0,101.66,38.0,1640.421875,440.4847402535379
2026-07-18T13:06:07.615384+00:00,3803.0,40.0,101.68,38.0,1640.421875,440.78924441337585
2026-07-18T13:06:07.923692+00:00,3803.0,39.0,101.71,38.0,1640.421875,441.0975512750447
2026-07-18T13:06:08.232204+00:00,3803.0,40.0,101.67,38.0,1640.421875,441.40606289356947
2026-07-18T13:06:08.560594+00:00,3803.0,32.0,101.31,38.0,1640.44921875,441.7344518750906
2026-07-18T13:06:08.914020+00:00,3803.0,40.0,102.2,38.0,1640.44921875,442.0878792963922
2026-07-18T13:06:09.259980+00:00,3803.0,40.0,102.44,38.0,1640.44921875,442.4338393881917
2026-07-18T13:06:09.571315+00:00,3803.0,41.0,103.03,38.0,1640.44921875,442.745174780488
2026-07-18T13:06:09.859278+00:00,3803.0,40.0,102.93,38.0,1640.44921875,443.0331379622221
2026-07-18T13:06:10.170831+00:00,3803.0,40.0,102.32,38.0,1640.44921875,443.3446908555925
2026-07-18T13:06:10.525300+00:00,3803.0,39.0,101.61,38.0,1640.46875,443.69915960356593
2026-07-18T13:06:10.861815+00:00,3803.0,39.0,100.88,38.0,1640.46875,444.035674482584
2026-07-18T13:06:11.212877+00:00,3803.0,38.0,101.28,38.0,1640.46875,444.3867367580533
2026-07-18T13:06:11.522939+00:00,3803.0,40.0,102.15,38.0,1640.46875,444.696798928082
2026-07-18T13:06:11.848890+00:00,3803.0,39.0,102.49,38.0,1640.46875,445.02274840697646
2026-07-18T13:06:12.137773+00:00,3803.0,40.0,102.19,38.0,1640.4921875,445.3116322942078
2026-07-18T13:06:12.443295+00:00,3803.0,40.0,101.55,38.0,1640.4921875,445.61715437844396
2026-07-18T13:06:12.754821+00:00,3803.0,39.0,101.41,38.0,1640.4921875,445.9286801815033
2026-07-18T13:06:13.058504+00:00,3803.0,40.0,102.01,38.0,1640.4921875,446.23236314952374
2026-07-18T13:06:13.346067+00:00,3803.0,40.0,102.19,38.0,1640.4921875,446.51992546766996
2026-07-18T13:06:13.677848+00:00,3803.0,37.0,102.12,38.0,1640.51171875,446.8517064191401
2026-07-18T13:06:13.986775+00:00,3803.0,40.0,101.67,38.0,1640.515625,447.1606351323426
2026-07-18T13:06:14.274288+00:00,3803.0,39.0,100.79,38.0,1640.515625,447.44814755395055
2026-07-18T13:06:14.587311+00:00,3803.0,40.0,101.48,38.0,1640.515625,447.7611709944904
2026-07-18T13:06:14.898594+00:00,3803.0,40.0,101.07,38.0,1640.53515625,448.0724540166557
2026-07-18T13:06:15.252901+00:00,3803.0,40.0,102.18,38.0,1640.53515625,448.4267610274255
2026-07-18T13:06:15.540226+00:00,3803.0,38.0,101.57,38.0,1640.55078125,448.71408581733704
2026-07-18T13:06:15.873571+00:00,3803.0,40.0,102.12,38.0,1640.5703125,449.0474300868809
2026-07-18T13:06:16.222633+00:00,3803.0,40.0,101.9,38.0,1640.5703125,449.39649207890034
2026-07-18T13:06:16.530250+00:00,3803.0,39.0,101.89,38.0,1640.5703125,449.70410979911685
2026-07-18T13:06:16.838816+00:00,3803.0,40.0,101.84,38.0,1640.5703125,450.01267655938864
2026-07-18T13:06:17.169370+00:00,3803.0,40.0,101.5,38.0,1640.5703125,450.3432302623987
2026-07-18T13:06:17.502143+00:00,3803.0,40.0,101.48,38.0,1640.59375,450.6759971678257
2026-07-18T13:06:17.811767+00:00,3803.0,40.0,101.36,38.0,1640.59375,450.9856263883412
2026-07-18T13:06:18.101049+00:00,3803.0,40.0,101.42,38.0,1640.59375,451.2749073840678
2026-07-18T13:06:18.389230+00:00,3803.0,40.0,101.35,38.0,1640.59375,451.56308974698186
2026-07-18T13:06:18.677455+00:00,3803.0,28.0,101.27,38.0,1640.61328125,451.8513153642416
2026-07-18T13:06:18.989313+00:00,3803.0,40.0,101.76,38.0,1640.61328125,452.16317208483815
2026-07-18T13:06:19.298914+00:00,3803.0,40.0,101.86,38.0,1640.61328125,452.47277392819524
2026-07-18T13:06:19.586966+00:00,3803.0,40.0,101.84,38.0,1640.61328125,452.76082584634423
2026-07-18T13:06:19.942344+00:00,3803.0,37.0,101.12,38.0,1640.61328125,453.11620303988457
2026-07-18T13:06:20.297322+00:00,3803.0,41.0,101.19,39.0,1640.6328125,453.4711814634502
2026-07-18T13:06:20.644929+00:00,3803.0,40.0,101.73,38.0,1640.6328125,453.8187894821167
2026-07-18T13:06:20.973947+00:00,3803.0,40.0,101.81,38.0,1640.6328125,454.14780719205737
2026-07-18T13:06:21.296878+00:00,3803.0,39.0,101.4,38.0,1640.6328125,454.4707376807928
2026-07-18T13:06:21.602379+00:00,3803.0,40.0,101.48,38.0,1640.65625,454.77623853459954
2026-07-18T13:06:21.953380+00:00,3803.0,39.0,101.33,38.0,1640.65625,455.12723983079195
2026-07-18T13:06:22.281412+00:00,3803.0,39.0,101.67,38.0,1640.65625,455.4552711285651
2026-07-18T13:06:22.592604+00:00,3803.0,39.0,100.88,38.0,1640.65625,455.7664624750614
2026-07-18T13:06:22.925408+00:00,3803.0,40.0,100.48,38.0,1640.67578125,456.09926822409034
2026-07-18T13:06:23.257735+00:00,3803.0,40.0,100.62,38.0,1640.67578125,456.43159430474043
2026-07-18T13:06:23.608950+00:00,3803.0,40.0,101.09,38.0,1640.67578125,456.7828100249171
2026-07-18T13:06:23.968743+00:00,3803.0,26.0,101.18,39.0,1640.6953125,457.1425882168114
2026-07-18T13:06:24.278586+00:00,3803.0,40.0,101.47,38.0,1640.6953125,457.4524441026151
2026-07-18T13:06:24.608982+00:00,3803.0,40.0,101.92,38.0,1640.6953125,457.78284149989486
2026-07-18T13:06:24.919082+00:00,3803.0,40.0,102.65,38.0,1640.6953125,458.092941865325
2026-07-18T13:06:25.225654+00:00,3803.0,39.0,101.07,38.0,1640.7109375,458.3995133973658
2026-07-18T13:06:25.577293+00:00,3803.0,40.0,100.79,38.0,1640.7109375,458.75115187093616
2026-07-18T13:06:25.885271+00:00,3803.0,40.0,100.35,38.0,1640.7109375,459.0591304041445
2026-07-18T13:06:26.237552+00:00,3803.0,39.0,101.38,38.0,1640.7109375,459.4114112816751
2026-07-18T13:06:26.573357+00:00,3803.0,35.0,100.99,38.0,1640.73046875,459.747216720134
2026-07-18T13:06:26.933208+00:00,3803.0,39.0,101.06,38.0,1640.73046875,460.1070668287575
2026-07-18T13:06:27.260672+00:00,3803.0,39.0,101.25,38.0,1640.73046875,460.4344986565411
2026-07-18T13:06:27.613948+00:00,3803.0,37.0,101.07,38.0,1640.73046875,460.7878075540066
2026-07-18T13:06:27.944550+00:00,3803.0,40.0,101.68,38.0,1640.73046875,461.11840899661183
2026-07-18T13:06:28.275457+00:00,3803.0,31.0,100.77,38.0,1640.75390625,461.44931587204337
2026-07-18T13:06:28.633539+00:00,3803.0,40.0,101.67,38.0,1640.75390625,461.8073979280889
2026-07-18T13:06:28.968841+00:00,3803.0,41.0,101.65,38.0,1640.75390625,462.14270052686334
2026-07-18T13:06:29.281379+00:00,3803.0,40.0,101.86,38.0,1640.75390625,462.45523853227496
2026-07-18T13:06:29.570510+00:00,3803.0,41.0,101.73,38.0,1640.75390625,462.74437022954226
2026-07-18T13:06:29.878859+00:00,3803.0,40.0,102.61,38.0,1640.75390625,463.05271833762527
2026-07-18T13:06:30.186043+00:00,3803.0,41.0,103.52,38.0,1640.75390625,463.3599025644362
2026-07-18T13:06:30.495433+00:00,3803.0,41.0,103.7,38.0,1640.75390625,463.66929310560226
2026-07-18T13:06:30.819177+00:00,3803.0,39.0,102.72,38.0,1640.75390625,463.9930356256664
2026-07-18T13:06:31.153116+00:00,3803.0,40.0,101.74,38.0,1640.77734375,464.3269756026566
2026-07-18T13:06:31.441019+00:00,3803.0,40.0,101.54,38.0,1640.77734375,464.61487932130694
2026-07-18T13:06:31.750678+00:00,3803.0,41.0,101.47,38.0,1640.77734375,464.92453771829605
2026-07-18T13:06:32.055356+00:00,3803.0,40.0,102.03,38.0,1640.77734375,465.22921507805586
2026-07-18T13:06:32.415640+00:00,3803.0,38.0,101.21,38.0,1640.796875,465.58949852734804
2026-07-18T13:06:32.773496+00:00,3803.0,40.0,101.05,38.0,1640.796875,465.94735519215465
2026-07-18T13:06:33.063014+00:00,3803.0,40.0,101.02,38.0,1640.796875,466.2368733510375
2026-07-18T13:06:33.350826+00:00,3803.0,40.0,101.14,38.0,1640.796875,466.5246855095029
2026-07-18T13:06:33.698699+00:00,3803.0,40.0,101.3,38.0,1648.14453125,466.87255803123116
2026-07-18T13:06:34.009697+00:00,3803.0,39.0,101.52,38.0,1648.14453125,467.1835564598441
2026-07-18T13:06:34.314890+00:00,3803.0,40.0,101.49,38.0,1648.14453125,467.488749910146
2026-07-18T13:06:34.670135+00:00,3803.0,40.0,102.03,38.0,1648.14453125,467.8439943343401
2026-07-18T13:06:34.978941+00:00,3803.0,41.0,102.77,38.0,1648.14453125,468.1528003625572
2026-07-18T13:06:35.289230+00:00,3803.0,41.0,103.54,38.0,1648.14453125,468.4630894623697
2026-07-18T13:06:35.599108+00:00,3803.0,40.0,103.55,39.0,1651.8984375,468.7729679197073
2026-07-18T13:06:35.904015+00:00,3803.0,40.0,102.81,38.0,1651.8984375,469.07787472754717
2026-07-18T13:06:36.237853+00:00,3803.0,40.0,102.01,38.0,1651.8984375,469.41171215474606
2026-07-18T13:06:36.566576+00:00,3803.0,40.0,101.24,38.0,1651.8984375,469.74043537676334
2026-07-18T13:06:36.917788+00:00,3803.0,40.0,100.66,38.0,1651.8984375,470.09164772182703
2026-07-18T13:06:37.248982+00:00,3803.0,41.0,100.46,38.0,1651.92578125,470.42284217849374
2026-07-18T13:06:37.552772+00:00,3803.0,40.0,101.2,38.0,1651.9296875,470.72663156688213
2026-07-18T13:06:37.885377+00:00,3803.0,40.0,101.71,38.0,1651.9296875,471.0592374764383
2026-07-18T13:06:38.195052+00:00,3803.0,40.0,101.08,38.0,1651.9296875,471.3689117766917
2026-07-18T13:06:38.508272+00:00,3803.0,40.0,101.17,38.0,1651.9375,471.68213157728314
2026-07-18T13:06:38.819115+00:00,3803.0,40.0,101.77,38.0,1651.9375,471.99297431856394
2026-07-18T13:06:39.151792+00:00,3803.0,40.0,102.3,38.0,1651.9375,472.32565170153975
2026-07-18T13:06:39.508505+00:00,3803.0,39.0,101.75,38.0,1651.96484375,472.6823647990823
2026-07-18T13:06:39.797446+00:00,3803.0,39.0,101.12,38.0,1651.96484375,472.97130559012294
2026-07-18T13:06:40.112262+00:00,3803.0,37.0,100.08,38.0,1651.96484375,473.2861212864518
2026-07-18T13:06:40.401761+00:00,3803.0,40.0,101.14,38.0,1651.96484375,473.575620546937
2026-07-18T13:06:40.689696+00:00,3803.0,41.0,101.41,38.0,1651.96484375,473.86355498433113
2026-07-18T13:06:40.978059+00:00,3803.0,40.0,101.35,38.0,1651.96875,474.15191834792495
2026-07-18T13:06:41.333568+00:00,3803.0,39.0,102.03,38.0,1651.96875,474.5074265487492
2026-07-18T13:06:41.658918+00:00,3803.0,40.0,101.59,38.0,1652.0,474.83277766406536
2026-07-18T13:06:41.946655+00:00,3803.0,40.0,101.81,38.0,1652.0,475.12051547691226
2026-07-18T13:06:42.255682+00:00,3803.0,41.0,101.03,38.0,1652.00390625,475.4295411147177
2026-07-18T13:06:42.563398+00:00,3803.0,38.0,100.9,38.0,1652.00390625,475.73725670948625
2026-07-18T13:06:42.897298+00:00,3803.0,38.0,100.5,38.0,1652.0234375,476.0711568966508
2026-07-18T13:06:43.206986+00:00,3803.0,40.0,100.84,38.0,1652.0234375,476.3808462321758
2026-07-18T13:06:43.539272+00:00,3803.0,40.0,100.67,38.0,1652.02734375,476.71313052996993
2026-07-18T13:06:43.851696+00:00,3803.0,40.0,101.34,38.0,1652.02734375,477.02555587515235
2026-07-18T13:06:44.159273+00:00,3803.0,40.0,101.18,38.0,1652.03125,477.33313255757093
2026-07-18T13:06:44.493495+00:00,3803.0,40.0,101.82,38.0,1652.03125,477.66735454648733
2026-07-18T13:06:44.820057+00:00,3803.0,39.0,101.36,38.0,1652.16796875,477.9939169883728
2026-07-18T13:06:45.109193+00:00,3803.0,40.0,101.49,38.0,1652.16796875,478.2830514498055
2026-07-18T13:06:45.414869+00:00,3803.0,40.0,100.8,38.0,1652.16796875,478.5887288376689
2026-07-18T13:06:45.762304+00:00,3803.0,40.0,101.79,38.0,1652.171875,478.93616396933794
2026-07-18T13:06:46.112538+00:00,3803.0,40.0,101.53,38.0,1652.22265625,479.2863968797028
2026-07-18T13:06:46.468875+00:00,3803.0,40.0,101.38,38.0,1652.29296875,479.6427351683378
2026-07-18T13:06:46.782447+00:00,3803.0,40.0,101.83,38.0,1652.29296875,479.9563069269061
2026-07-18T13:06:47.086809+00:00,3803.0,40.0,101.23,38.0,1652.29296875,480.26066863909364
2026-07-18T13:06:47.414776+00:00,3803.0,37.0,100.89,38.0,1652.29296875,480.5886348001659
2026-07-18T13:06:47.726915+00:00,3803.0,38.0,100.72,38.0,1652.29296875,480.9007730297744
2026-07-18T13:06:48.034595+00:00,3803.0,40.0,99.98,38.0,1652.41015625,481.2084538564086
2026-07-18T13:06:48.386593+00:00,3803.0,40.0,101.53,38.0,1652.41015625,481.56045234948397
2026-07-18T13:06:48.699476+00:00,3803.0,37.0,101.61,38.0,1652.41015625,481.87333577498794
2026-07-18T13:06:49.054275+00:00,3803.0,39.0,102.28,38.0,1652.41015625,482.2281342558563
2026-07-18T13:06:49.417463+00:00,3803.0,38.0,101.98,38.0,1652.4140625,482.59132185950875
2026-07-18T13:06:49.727239+00:00,3803.0,40.0,101.81,38.0,1652.41796875,482.90109869092703
2026-07-18T13:06:50.055819+00:00,3803.0,40.0,102.87,38.0,1652.41796875,483.22967806831
2026-07-18T13:06:50.344258+00:00,3803.0,40.0,102.77,38.0,1652.41796875,483.5181180238724
2026-07-18T13:06:50.654983+00:00,3803.0,41.0,102.89,38.0,1652.42578125,483.8288429789245
2026-07-18T13:06:50.986525+00:00,3803.0,40.0,102.29,38.0,1652.42578125,484.1603843085468
2026-07-18T13:06:51.342011+00:00,3803.0,40.0,101.97,38.0,1652.4296875,484.51587093248963
2026-07-18T13:06:51.650391+00:00,3803.0,40.0,101.82,38.0,1652.4296875,484.82425118237734
2026-07-18T13:06:51.980681+00:00,3803.0,39.0,101.28,38.0,1652.4296875,485.1545394398272
2026-07-18T13:06:52.309466+00:00,3803.0,40.0,101.74,38.0,1652.44921875,485.48332573473454
2026-07-18T13:06:52.623060+00:00,3803.0,22.0,101.65,39.0,1653.25390625,485.79691975563765
2026-07-18T13:06:52.935578+00:00,3803.0,38.0,102.54,38.0,1653.265625,486.1094378866255
2026-07-18T13:06:53.293841+00:00,3803.0,39.0,101.75,38.0,1653.27734375,486.4677009880543
2026-07-18T13:06:53.621757+00:00,3803.0,39.0,101.96,38.0,1653.28125,486.7956161573529
2026-07-18T13:06:53.927376+00:00,3803.0,40.0,101.91,38.0,1653.28125,487.1012354940176
2026-07-18T13:06:54.267522+00:00,3803.0,40.0,102.74,38.0,1653.29296875,487.44138180837035
2026-07-18T13:06:54.621205+00:00,3803.0,40.0,102.09,38.0,1653.328125,487.79506401345134
2026-07-18T13:06:54.976942+00:00,3803.0,40.0,100.87,38.0,1653.3359375,488.15080101042986
2026-07-18T13:06:55.329160+00:00,3803.0,38.0,101.4,38.0,1653.34765625,488.5030203014612
2026-07-18T13:06:55.639165+00:00,3803.0,39.0,101.03,38.0,1653.35546875,488.81302524730563
2026-07-18T13:06:55.928181+00:00,3803.0,40.0,102.19,38.0,1653.3671875,489.10204090178013
2026-07-18T13:06:56.261193+00:00,3803.0,40.0,101.75,38.0,1653.375,489.4350521340966
2026-07-18T13:06:56.568981+00:00,3803.0,41.0,102.57,38.0,1653.37890625,489.7428404055536
2026-07-18T13:06:56.932874+00:00,3803.0,34.0,99.58,38.0,1653.39453125,490.10673347860575
2026-07-18T13:06:57.261574+00:00,3803.0,40.0,98.85,38.0,1653.421875,490.43543323129416
2026-07-18T13:06:57.612942+00:00,3803.0,38.0,98.57,38.0,1653.421875,490.7868012264371
2026-07-18T13:06:57.924164+00:00,3803.0,40.0,100.99,38.0,1653.421875,491.0980241037905
2026-07-18T13:06:58.257565+00:00,3803.0,40.0,101.15,38.0,1653.421875,491.4314245842397
2026-07-18T13:06:58.572258+00:00,3803.0,41.0,101.54,38.0,1653.421875,491.7461180128157
2026-07-18T13:06:58.925007+00:00,3803.0,27.0,101.77,38.0,1653.42578125,492.09886675328016
2026-07-18T13:06:59.273658+00:00,3803.0,40.0,102.29,38.0,1653.42578125,492.4475177899003
2026-07-18T13:06:59.609418+00:00,3803.0,40.0,101.68,38.0,1653.4453125,492.7832672968507
2026-07-18T13:06:59.914745+00:00,3803.0,41.0,101.44,38.0,1653.4453125,493.08860420808196
2026-07-18T13:07:00.225096+00:00,3803.0,40.0,102.02,38.0,1653.4453125,493.39895252883434
2026-07-18T13:07:00.535221+00:00,3803.0,40.0,102.32,38.0,1653.4453125,493.70908058434725
2026-07-18T13:07:00.824439+00:00,3803.0,40.0,102.77,38.0,1653.4453125,493.9982989281416
2026-07-18T13:07:01.148882+00:00,3803.0,40.0,101.97,38.0,1653.4453125,494.3227415755391
2026-07-18T13:07:01.437578+00:00,3803.0,41.0,101.39,38.0,1653.4453125,494.6114370711148
2026-07-18T13:07:01.793953+00:00,3803.0,40.0,101.67,38.0,1653.4453125,494.9678103774786
2026-07-18T13:07:02.107000+00:00,3803.0,40.0,101.77,38.0,1653.4453125,495.28085912019014
2026-07-18T13:07:02.414777+00:00,3803.0,41.0,101.96,38.0,1653.4453125,495.58863705024123
2026-07-18T13:07:02.750310+00:00,3803.0,40.0,101.11,38.0,1653.453125,495.92416939884424
2026-07-18T13:07:03.039188+00:00,3803.0,38.0,101.31,38.0,1653.453125,496.21304781362414
2026-07-18T13:07:03.346909+00:00,3803.0,30.0,100.25,38.0,1653.453125,496.5207685120404
2026-07-18T13:07:03.659974+00:00,3803.0,39.0,100.43,38.0,1653.453125,496.8338327407837
2026-07-18T13:07:03.989556+00:00,3803.0,40.0,100.63,38.0,1653.453125,497.16341488808393
2026-07-18T13:07:04.341004+00:00,3803.0,26.0,102.05,38.0,1653.45703125,497.51486322656274
2026-07-18T13:07:04.694527+00:00,3803.0,41.0,102.71,38.0,1653.45703125,497.8683860376477
2026-07-18T13:07:05.076691+00:00,3803.0,40.0,103.11,38.0,1653.45703125,498.2505497522652
2026-07-18T13:07:05.386270+00:00,3803.0,39.0,103.36,38.0,1653.45703125,498.5601298995316
2026-07-18T13:07:05.725309+00:00,3803.0,39.0,102.97,38.0,1653.45703125,498.89916764199734
2026-07-18T13:07:06.035597+00:00,3803.0,40.0,102.51,38.0,1653.45703125,499.2094566337764
2026-07-18T13:07:06.345617+00:00,3803.0,40.0,102.27,38.0,1653.45703125,499.51946237683296
2026-07-18T13:07:06.663436+00:00,3803.0,40.0,102.46,38.0,1653.45703125,499.8372949361801
2026-07-18T13:07:07.016202+00:00,3803.0,40.0,102.66,38.0,1653.45703125,500.19006084650755
2026-07-18T13:07:07.325507+00:00,3803.0,39.0,101.69,38.0,1653.46484375,500.4993664957583
2026-07-18T13:07:07.657470+00:00,3803.0,40.0,101.06,38.0,1653.46484375,500.8313297741115
2026-07-18T13:07:08.013678+00:00,3803.0,24.0,99.79,38.0,1653.47265625,501.1875371299684
2026-07-18T13:07:08.353065+00:00,3803.0,37.0,100.46,38.0,1653.47265625,501.52692514285445
2026-07-18T13:07:08.689173+00:00,3803.0,39.0,100.92,38.0,1653.47265625,501.86303283274174
2026-07-18T13:07:09.000188+00:00,3803.0,39.0,101.16,38.0,1653.47265625,502.1740474626422
2026-07-18T13:07:09.310954+00:00,3803.0,40.0,101.99,38.0,1653.47265625,502.4848134703934
2026-07-18T13:07:09.624775+00:00,3803.0,26.0,101.39,38.0,1653.4765625,502.79863410815597
2026-07-18T13:07:09.981471+00:00,3803.0,37.0,101.78,38.0,1653.4765625,503.15533009171486
2026-07-18T13:07:10.339011+00:00,3803.0,40.0,100.96,38.0,1653.4765625,503.51287038996816
2026-07-18T13:07:10.673160+00:00,3803.0,40.0,101.33,38.0,1653.48046875,503.8470194861293
2026-07-18T13:07:11.005850+00:00,3803.0,39.0,100.92,38.0,1653.48046875,504.1797094643116
2026-07-18T13:07:11.333435+00:00,3803.0,39.0,101.28,38.0,1653.48046875,504.50729408860207
2026-07-18T13:07:11.661758+00:00,3803.0,40.0,100.7,38.0,1653.48046875,504.83561747148633
2026-07-18T13:07:12.016011+00:00,3803.0,38.0,100.83,38.0,1653.48046875,505.1898709014058
2026-07-18T13:07:12.348859+00:00,3803.0,19.0,100.28,38.0,1653.48828125,505.5227186717093
2026-07-18T13:07:12.660714+00:00,3803.0,38.0,100.98,38.0,1653.48828125,505.8345654197037
2026-07-18T13:07:12.989313+00:00,3803.0,40.0,100.66,38.0,1653.48828125,506.1631726808846
2026-07-18T13:07:13.277411+00:00,3803.0,40.0,101.49,38.0,1653.48828125,506.45127062499523
2026-07-18T13:07:13.586913+00:00,3803.0,40.0,101.39,38.0,1653.48828125,506.7607730701566
2026-07-18T13:07:13.894310+00:00,3803.0,40.0,101.37,38.0,1653.48828125,507.0681698322296
2026-07-18T13:07:14.249165+00:00,3803.0,40.0,101.4,38.0,1653.48828125,507.4230221621692
2026-07-18T13:07:14.599612+00:00,3803.0,29.0,101.38,38.0,1653.4921875,507.7734716646373
2026-07-18T13:07:14.906648+00:00,3803.0,40.0,101.09,38.0,1653.4921875,508.0805068798363
2026-07-18T13:07:15.244750+00:00,3803.0,39.0,100.74,38.0,1653.4921875,508.41861033439636
2026-07-18T13:07:15.601304+00:00,3803.0,37.0,100.34,38.0,1653.4921875,508.7751583196223
2026-07-18T13:07:15.938652+00:00,3803.0,38.0,100.81,38.0,1653.5,509.1125116236508
2026-07-18T13:07:16.297381+00:00,3803.0,36.0,100.97,38.0,1653.5,509.47124019265175
2026-07-18T13:07:16.651986+00:00,3803.0,37.0,101.2,38.0,1653.5,509.8258456066251
2026-07-18T13:07:16.989297+00:00,3803.0,40.0,101.81,38.0,1653.5,510.1631568148732
2026-07-18T13:07:17.343822+00:00,3803.0,40.0,101.4,38.0,1653.5,510.5176811441779
2026-07-18T13:07:17.676330+00:00,3803.0,38.0,101.18,38.0,1653.5,510.8501881957054
2026-07-18T13:07:18.009278+00:00,3803.0,38.0,99.62,38.0,1653.5078125,511.18313742801547
2026-07-18T13:07:18.357582+00:00,3803.0,35.0,100.21,38.0,1653.5078125,511.53144105523825
2026-07-18T13:07:18.693046+00:00,3803.0,38.0,100.48,38.0,1653.5078125,511.86690594628453
2026-07-18T13:07:19.006871+00:00,3803.0,39.0,101.55,38.0,1653.5078125,512.1807297952473
2026-07-18T13:07:19.337660+00:00,3803.0,40.0,102.06,38.0,1653.5078125,512.5115194246173
2026-07-18T13:07:19.649464+00:00,3803.0,37.0,101.9,38.0,1653.5078125,512.8233239538968
2026-07-18T13:07:19.959230+00:00,3803.0,38.0,101.38,38.0,1653.5078125,513.1330898329616
2026-07-18T13:07:20.319395+00:00,3803.0,12.0,99.91,38.0,1653.51953125,513.4932549968362
2026-07-18T13:07:20.653582+00:00,3803.0,37.0,100.34,38.0,1653.51953125,513.827441200614
2026-07-18T13:07:20.967063+00:00,3803.0,39.0,100.32,38.0,1653.51953125,514.1409230567515
2026-07-18T13:07:21.322357+00:00,3803.0,40.0,101.13,38.0,1653.51953125,514.4962153248489
2026-07-18T13:07:21.681018+00:00,3803.0,38.0,100.61,38.0,1653.51953125,514.8548773191869
2026-07-18T13:07:22.016542+00:00,3803.0,39.0,101.03,38.0,1653.51953125,515.1904013156891
2026-07-18T13:07:22.366552+00:00,3803.0,38.0,101.32,38.0,1653.51953125,515.5404118932784
2026-07-18T13:07:22.689153+00:00,3803.0,36.0,101.12,38.0,1653.53125,515.8630119673908
2026-07-18T13:07:23.024816+00:00,3803.0,35.0,100.47,38.0,1653.53125,516.1986752785742
2026-07-18T13:07:23.377329+00:00,3803.0,35.0,100.19,38.0,1653.53125,516.5511879511178
2026-07-18T13:07:23.687248+00:00,3803.0,41.0,100.11,38.0,1653.53515625,516.8611080236733
2026-07-18T13:07:23.977283+00:00,3803.0,40.0,100.47,38.0,1653.53515625,517.151142410934
2026-07-18T13:07:24.321450+00:00,3803.0,37.0,100.96,38.0,1653.53515625,517.4953096061945
2026-07-18T13:07:24.683654+00:00,3803.0,35.0,101.12,38.0,1653.53515625,517.8575124256313
2026-07-18T13:07:25.045226+00:00,3803.0,37.0,101.6,38.0,1653.53515625,518.2190844640136
2026-07-18T13:07:25.361070+00:00,3803.0,38.0,100.25,38.0,1653.5390625,518.5349293760955
2026-07-18T13:07:25.712932+00:00,3803.0,32.0,99.23,38.0,1653.5390625,518.8867911584675
2026-07-18T13:07:26.031591+00:00,3803.0,39.0,99.01,38.0,1653.5390625,519.2054503448308
2026-07-18T13:07:26.343003+00:00,3803.0,39.0,99.46,38.0,1653.5390625,519.5168635621667
2026-07-18T13:07:26.701736+00:00,3803.0,39.0,100.56,38.0,1653.5390625,519.8755958974361
2026-07-18T13:07:27.015464+00:00,3803.0,40.0,100.84,38.0,1653.5390625,520.1893231756985
2026-07-18T13:07:27.368744+00:00,3803.0,40.0,101.69,38.0,1653.5390625,520.5426029898226
2026-07-18T13:07:27.681029+00:00,3803.0,40.0,101.35,38.0,1653.5390625,520.8548884391785
2026-07-18T13:07:28.012837+00:00,3803.0,37.0,100.72,38.0,1653.546875,521.1866959482431
2026-07-18T13:07:28.330372+00:00,3803.0,40.0,100.81,38.0,1653.546875,521.5042314305902
2026-07-18T13:07:28.662128+00:00,3803.0,40.0,101.18,38.0,1653.546875,521.8359875194728
2026-07-18T13:07:28.999155+00:00,3803.0,38.0,101.82,38.0,1653.546875,522.1730140708387
2026-07-18T13:07:29.289047+00:00,3803.0,39.0,101.03,38.0,1653.5546875,522.4629069902003
2026-07-18T13:07:29.629610+00:00,3803.0,39.0,100.79,38.0,1653.5546875,522.8034685365856
2026-07-18T13:07:29.937544+00:00,3803.0,40.0,100.82,38.0,1653.5546875,523.1114031933248
2026-07-18T13:07:30.226851+00:00,3803.0,40.0,101.27,38.0,1653.5546875,523.4007098004222
2026-07-18T13:07:30.515880+00:00,3803.0,40.0,100.95,38.0,1653.5546875,523.6897400394082
2026-07-18T13:07:30.851491+00:00,3803.0,37.0,101.18,38.0,1653.5546875,524.025350254029
2026-07-18T13:07:31.162804+00:00,3803.0,26.0,100.99,38.0,1653.55859375,524.3366634659469
2026-07-18T13:07:31.519380+00:00,3803.0,40.0,101.2,38.0,1653.55859375,524.693239223212
2026-07-18T13:07:31.861088+00:00,3803.0,39.0,101.12,38.0,1653.55859375,525.0349479652941
2026-07-18T13:07:32.221616+00:00,3803.0,40.0,101.2,38.0,1653.55859375,525.3954745903611
2026-07-18T13:07:32.531227+00:00,3803.0,39.0,101.53,38.0,1653.55859375,525.7050863318145
2026-07-18T13:07:32.865296+00:00,3803.0,39.0,101.45,38.0,1653.55859375,526.0391552709043
2026-07-18T13:07:33.217936+00:00,3803.0,40.0,102.14,38.0,1653.55859375,526.391794975847
2026-07-18T13:07:33.556770+00:00,3803.0,40.0,102.2,38.0,1653.55859375,526.7306291349232
2026-07-18T13:07:33.918695+00:00,3803.0,40.0,102.72,38.0,1653.55859375,527.0925545506179
2026-07-18T13:07:34.280897+00:00,3803.0,39.0,101.73,38.0,1653.55859375,527.4547560177743
2026-07-18T13:07:34.590807+00:00,3803.0,40.0,101.97,38.0,1653.55859375,527.7646661773324
2026-07-18T13:07:34.949304+00:00,3803.0,34.0,101.74,38.0,1653.56640625,528.1231624521315
2026-07-18T13:07:35.262768+00:00,3803.0,40.0,102.25,38.0,1653.56640625,528.4366281218827
2026-07-18T13:07:35.575391+00:00,3803.0,40.0,101.52,38.0,1653.56640625,528.7492504008114
2026-07-18T13:07:35.883462+00:00,3803.0,39.0,101.1,38.0,1653.56640625,529.0573212318122
2026-07-18T13:07:36.237381+00:00,3803.0,39.0,100.87,38.0,1653.56640625,529.4112401120365
2026-07-18T13:07:36.549459+00:00,3803.0,40.0,100.56,38.0,1653.56640625,529.7233176715672
2026-07-18T13:07:36.909210+00:00,3803.0,34.0,100.92,38.0,1653.5703125,530.0830685719848
2026-07-18T13:07:37.220358+00:00,3803.0,37.0,101.07,38.0,1653.5703125,530.3942180536687
2026-07-18T13:07:37.539403+00:00,3803.0,39.0,100.98,38.0,1653.5703125,530.713262192905
2026-07-18T13:07:37.897552+00:00,3803.0,40.0,101.36,38.0,1653.5703125,531.0714115835726
2026-07-18T13:07:38.212497+00:00,3803.0,39.0,100.8,38.0,1653.5703125,531.386356048286
2026-07-18T13:07:38.522891+00:00,3803.0,40.0,100.79,38.0,1653.5703125,531.6967504508793
2026-07-18T13:07:38.859313+00:00,3803.0,39.0,100.64,38.0,1653.578125,532.0331728346646
2026-07-18T13:07:39.191870+00:00,3803.0,40.0,100.53,38.0,1653.578125,532.3657297678292
2026-07-18T13:07:39.545625+00:00,3803.0,37.0,101.54,38.0,1653.578125,532.7194837257266
2026-07-18T13:07:39.855660+00:00,3803.0,40.0,101.09,38.0,1653.578125,533.029519289732
2026-07-18T13:07:40.161997+00:00,3803.0,38.0,101.2,38.0,1653.578125,533.3358564637601
2026-07-18T13:07:40.524729+00:00,3803.0,40.0,101.29,38.0,1653.578125,533.6985884867609
2026-07-18T13:07:40.856989+00:00,3803.0,39.0,101.47,38.0,1653.58203125,534.0308478362858
2026-07-18T13:07:41.213345+00:00,3803.0,40.0,101.99,38.0,1653.5859375,534.3872046992183
2026-07-18T13:07:41.541933+00:00,3803.0,40.0,101.17,38.0,1653.5859375,534.715792760253
2026-07-18T13:07:41.905949+00:00,3803.0,25.0,101.3,38.0,1653.59765625,535.0798080638051
2026-07-18T13:07:42.264984+00:00,3803.0,39.0,100.72,38.0,1653.6015625,535.438843742013
2026-07-18T13:07:42.583194+00:00,3803.0,40.0,101.41,38.0,1653.6015625,535.7570536695421
2026-07-18T13:07:42.921197+00:00,3803.0,38.0,101.2,38.0,1653.6015625,536.0950565114617
2026-07-18T13:07:43.277347+00:00,3803.0,38.0,101.0,38.0,1653.6015625,536.4512063264847
2026-07-18T13:07:43.586994+00:00,3803.0,26.0,99.65,38.0,1653.60546875,536.7608542069793
2026-07-18T13:07:43.945247+00:00,3803.0,39.0,99.96,38.0,1653.60546875,537.1191065274179
2026-07-18T13:07:44.261521+00:00,3803.0,40.0,99.93,38.0,1653.60546875,537.435381360352
2026-07-18T13:07:44.575249+00:00,3803.0,38.0,101.36,38.0,1653.60546875,537.749109454453
2026-07-18T13:07:44.929080+00:00,3803.0,24.0,100.97,38.0,1653.62890625,538.1029402501881
2026-07-18T13:07:45.238240+00:00,3803.0,38.0,101.08,38.0,1653.62890625,538.4121003672481
2026-07-18T13:07:45.551465+00:00,3803.0,39.0,100.4,38.0,1653.62890625,538.7253252156079
2026-07-18T13:07:45.867217+00:00,3803.0,40.0,100.5,38.0,1653.62890625,539.0410770438612
2026-07-18T13:07:46.178961+00:00,3803.0,39.0,99.8,38.0,1653.64453125,539.352821122855
2026-07-18T13:07:46.534005+00:00,3803.0,40.0,100.21,38.0,1653.64453125,539.7078647948802
2026-07-18T13:07:46.848515+00:00,3803.0,39.0,100.26,38.0,1653.6484375,540.0223749279976
2026-07-18T13:07:47.183336+00:00,3803.0,40.0,101.28,38.0,1653.66796875,540.3571962937713
2026-07-18T13:07:47.494625+00:00,3803.0,39.0,101.17,38.0,1653.66796875,540.668484468013
2026-07-18T13:07:47.807284+00:00,3803.0,33.0,101.28,38.0,1653.66796875,540.9811442308128
2026-07-18T13:07:48.142348+00:00,3803.0,40.0,101.08,38.0,1653.671875,541.3162072151899
2026-07-18T13:07:48.454697+00:00,3803.0,39.0,101.2,38.0,1653.671875,541.6285558715463
2026-07-18T13:07:48.743537+00:00,3803.0,40.0,101.62,38.0,1653.671875,541.917396903038
2026-07-18T13:07:49.077541+00:00,3803.0,39.0,101.44,38.0,1653.671875,542.2513997666538
2026-07-18T13:07:49.383211+00:00,3803.0,41.0,101.84,38.0,1653.671875,542.5570702701807
2026-07-18T13:07:49.672422+00:00,3803.0,40.0,102.43,38.0,1653.671875,542.8462811745703
2026-07-18T13:07:50.024241+00:00,3803.0,37.0,101.55,38.0,1653.69921875,543.1981012485921
2026-07-18T13:07:50.352804+00:00,3803.0,40.0,101.03,38.0,1653.69921875,543.5266632884741
2026-07-18T13:07:50.689226+00:00,3803.0,40.0,100.9,38.0,1653.69921875,543.8630859106779
2026-07-18T13:07:50.980149+00:00,3803.0,40.0,101.11,38.0,1653.69921875,544.1540087908506
2026-07-18T13:07:51.305527+00:00,3803.0,40.0,101.32,38.0,1653.69921875,544.4793862178922
2026-07-18T13:07:51.637111+00:00,3803.0,39.0,100.97,38.0,1653.69921875,544.8109709769487
2026-07-18T13:07:51.965649+00:00,3803.0,40.0,100.47,38.0,1653.7109375,545.1395093128085
2026-07-18T13:07:52.255342+00:00,3803.0,40.0,101.47,38.0,1653.7109375,545.4292015433311
2026-07-18T13:07:52.545269+00:00,3803.0,40.0,101.47,38.0,1653.7109375,545.7191292345524
2026-07-18T13:07:52.893496+00:00,3803.0,40.0,101.46,38.0,1653.71484375,546.067356005311
2026-07-18T13:07:53.229326+00:00,3803.0,40.0,100.41,38.0,1653.83203125,546.4031850099564
2026-07-18T13:07:53.525718+00:00,3803.0,40.0,100.19,38.0,1653.83203125,546.6995770707726
2026-07-18T13:07:53.857246+00:00,3803.0,39.0,99.96,38.0,1653.8359375,547.0311047434807
2026-07-18T13:07:54.167197+00:00,3803.0,36.0,100.32,38.0,1653.8359375,547.3410566039383
2026-07-18T13:07:54.478756+00:00,3803.0,40.0,100.19,38.0,1653.8359375,547.6526155434549
2026-07-18T13:07:54.834618+00:00,3803.0,35.0,100.64,38.0,1653.92578125,548.0084775201976
2026-07-18T13:07:55.145430+00:00,3803.0,40.0,101.17,38.0,1653.92578125,548.3192896395922
2026-07-18T13:07:55.481315+00:00,3803.0,40.0,101.31,38.0,1653.9296875,548.6551740951836
2026-07-18T13:07:55.771669+00:00,3803.0,40.0,100.71,38.0,1653.9296875,548.9455286860466
2026-07-18T13:07:56.061436+00:00,3803.0,40.0,101.04,38.0,1653.9296875,549.2352963276207
2026-07-18T13:07:56.372830+00:00,3803.0,40.0,100.98,38.0,1653.9296875,549.5466892905533
2026-07-18T13:07:56.678642+00:00,3803.0,41.0,101.07,38.0,1653.9296875,549.8525016605854
2026-07-18T13:07:57.013635+00:00,3803.0,40.0,101.53,38.0,1653.9296875,550.1874936632812
2026-07-18T13:07:57.361498+00:00,3803.0,24.0,101.15,38.0,1654.27734375,550.5353574864566
2026-07-18T13:07:57.713974+00:00,3803.0,36.0,100.56,38.0,1654.27734375,550.8878325298429
2026-07-18T13:07:58.040736+00:00,3803.0,38.0,99.76,38.0,1654.27734375,551.2145956084132
2026-07-18T13:07:58.352817+00:00,3803.0,36.0,99.87,38.0,1654.27734375,551.5266767591238
2026-07-18T13:07:58.682086+00:00,3803.0,38.0,100.38,38.0,1654.27734375,551.8559453003109
2026-07-18T13:07:58.994280+00:00,3803.0,40.0,99.83,38.0,1654.46875,552.168140180409
2026-07-18T13:07:59.307015+00:00,3803.0,40.0,101.26,38.0,1654.46875,552.4808745235205
2026-07-18T13:07:59.661442+00:00,3803.0,40.0,101.07,38.0,1654.46875,552.8353017345071
2026-07-18T13:07:59.998603+00:00,3803.0,25.0,101.06,38.0,1654.5,553.1724622547626
2026-07-18T13:08:00.288367+00:00,3803.0,40.0,100.64,38.0,1654.50390625,553.4622264839709
2026-07-18T13:08:00.578156+00:00,3803.0,40.0,100.54,38.0,1654.51171875,553.7520164959133
2026-07-18T13:08:00.891361+00:00,3803.0,40.0,100.86,38.0,1654.5234375,554.0652212314308
2026-07-18T13:08:01.207419+00:00,3803.0,39.0,100.29,38.0,1654.546875,554.3812790177763
2026-07-18T13:08:01.567084+00:00,3803.0,40.0,100.62,38.0,1654.55859375,554.7409435100853
2026-07-18T13:08:01.924940+00:00,3803.0,40.0,100.97,38.0,1654.5703125,555.098798904568
2026-07-18T13:08:02.257172+00:00,3803.0,40.0,101.82,38.0,1654.5703125,555.4310321584344
2026-07-18T13:08:02.570575+00:00,3803.0,35.0,101.41,38.0,1654.578125,555.7444350756705
2026-07-18T13:08:02.904640+00:00,3803.0,40.0,101.94,38.0,1654.59765625,556.078500341624
2026-07-18T13:08:03.233103+00:00,3803.0,41.0,102.23,38.0,1654.59765625,556.4069624319673
2026-07-18T13:08:03.560946+00:00,3803.0,41.0,102.09,38.0,1654.60546875,556.7348062060773
2026-07-18T13:08:03.917214+00:00,3803.0,38.0,101.62,38.0,1654.62890625,557.0910741314292
2026-07-18T13:08:04.228714+00:00,3803.0,38.0,101.01,38.0,1654.62890625,557.4025741070509
2026-07-18T13:08:04.666622+00:00,3803.0,41.0,100.2,38.0,1654.73828125,557.8404808677733
2026-07-18T13:08:05.023394+00:00,3803.0,37.0,98.08,38.0,1654.73828125,558.1972534060478
2026-07-18T13:08:05.334785+00:00,3803.0,40.0,98.53,38.0,1654.7421875,558.5086447149515
2026-07-18T13:08:05.623735+00:00,3803.0,40.0,100.08,38.0,1654.7421875,558.7975948303938
2026-07-18T13:08:05.942987+00:00,3803.0,40.0,100.97,38.0,1654.7421875,559.116847448051
2026-07-18T13:08:06.273727+00:00,3803.0,40.0,101.87,38.0,1654.7421875,559.4475859217346
2026-07-18T13:08:06.620816+00:00,3803.0,41.0,101.88,38.0,1654.7421875,559.7946761325002
2026-07-18T13:08:06.931563+00:00,3803.0,40.0,102.83,38.0,1654.7421875,560.1054229065776
2026-07-18T13:08:07.240672+00:00,3803.0,41.0,102.81,38.0,1654.7421875,560.4145317859948
2026-07-18T13:08:07.572592+00:00,3803.0,40.0,101.97,38.0,1654.76171875,560.7464514859021
2026-07-18T13:08:07.929651+00:00,3803.0,40.0,101.5,38.0,1654.76171875,561.1035106107593
2026-07-18T13:08:08.242732+00:00,3803.0,41.0,101.05,38.0,1654.76171875,561.4165914021432
2026-07-18T13:08:08.551513+00:00,3803.0,40.0,102.07,38.0,1654.76171875,561.7253727428615
2026-07-18T13:08:08.841952+00:00,3803.0,41.0,101.86,38.0,1654.76171875,562.015812292695
2026-07-18T13:08:09.197491+00:00,3803.0,40.0,101.57,38.0,1654.76171875,562.3713509961963
2026-07-18T13:08:09.532527+00:00,3803.0,40.0,102.07,38.0,1654.76171875,562.7063869722188
2026-07-18T13:08:09.847197+00:00,3803.0,40.0,101.96,38.0,1654.77734375,563.0210553407669
2026-07-18T13:08:10.158881+00:00,3803.0,39.0,101.07,38.0,1654.77734375,563.3327401466668
2026-07-18T13:08:10.517412+00:00,3803.0,39.0,100.7,38.0,1654.77734375,563.6912712305784
2026-07-18T13:08:10.852471+00:00,3803.0,40.0,99.99,38.0,1654.80078125,564.026330050081
2026-07-18T13:08:11.159384+00:00,3803.0,40.0,101.42,38.0,1654.80078125,564.3332424834371
2026-07-18T13:08:11.493463+00:00,3803.0,40.0,101.32,38.0,1654.80078125,564.6673227027059
2026-07-18T13:08:11.829020+00:00,3803.0,40.0,101.32,38.0,1654.80078125,565.0028796158731
2026-07-18T13:08:12.119123+00:00,3803.0,40.0,101.06,38.0,1654.80078125,565.2929826751351
2026-07-18T13:08:12.408890+00:00,3803.0,40.0,101.35,38.0,1654.80078125,565.5827488750219
2026-07-18T13:08:12.766600+00:00,3803.0,37.0,101.36,38.0,1654.80078125,565.9404596537352
2026-07-18T13:08:13.074877+00:00,3803.0,41.0,101.99,38.0,1654.80078125,566.2487368248403
2026-07-18T13:08:13.408715+00:00,3803.0,41.0,101.66,38.0,1654.80078125,566.5825751759112
2026-07-18T13:08:13.741305+00:00,3803.0,40.0,101.6,38.0,1654.8203125,566.9151639044285
2026-07-18T13:08:14.072375+00:00,3803.0,41.0,101.81,38.0,1654.8203125,567.2462334707379
2026-07-18T13:08:14.361802+00:00,3803.0,40.0,101.26,38.0,1654.8203125,567.5356619283557
2026-07-18T13:08:14.693470+00:00,3803.0,41.0,101.37,38.0,1654.8203125,567.8673286549747
2026-07-18T13:08:15.068338+00:00,3803.0,38.0,102.14,38.0,1654.8203125,568.2421959638596
2026-07-18T13:08:15.401733+00:00,3803.0,40.0,102.68,38.0,1654.8203125,568.5755923204124
2026-07-18T13:08:15.713624+00:00,3803.0,40.0,102.6,38.0,1654.84375,568.8874827735126
2026-07-18T13:08:16.046354+00:00,3803.0,40.0,101.33,38.0,1654.84375,569.2202136926353
2026-07-18T13:08:16.335724+00:00,3803.0,40.0,100.5,38.0,1654.84375,569.5095835663378
2026-07-18T13:08:16.625259+00:00,3803.0,41.0,101.43,38.0,1654.84375,569.7991185039282
2026-07-18T13:08:16.939952+00:00,3803.0,40.0,101.8,38.0,1654.84375,570.1138117425144
2026-07-18T13:08:17.273269+00:00,3803.0,41.0,102.45,38.0,1654.84375,570.4471284113824
2026-07-18T13:08:17.582882+00:00,3803.0,41.0,102.31,38.0,1654.84375,570.7567410394549
2026-07-18T13:08:17.894952+00:00,3803.0,41.0,102.29,38.0,1654.84375,571.068812020123
2026-07-18T13:08:18.205049+00:00,3803.0,41.0,103.09,38.0,1654.84375,571.378908906132
2026-07-18T13:08:18.557018+00:00,3803.0,40.0,102.17,38.0,1654.84375,571.7308770567179
2026-07-18T13:08:18.914238+00:00,3803.0,34.0,101.91,38.0,1654.87109375,572.0880975909531
2026-07-18T13:08:19.273387+00:00,3803.0,40.0,101.89,38.0,1654.87109375,572.4472458586097
2026-07-18T13:08:19.586931+00:00,3803.0,40.0,101.94,38.0,1654.87109375,572.7607909813523
2026-07-18T13:08:19.917207+00:00,3803.0,39.0,101.35,38.0,1654.87109375,573.0910663194954
2026-07-18T13:08:20.230606+00:00,3803.0,40.0,101.54,38.0,1654.87109375,573.4044658504426
2026-07-18T13:08:20.520954+00:00,3803.0,41.0,101.88,38.0,1654.87109375,573.6948140487075
2026-07-18T13:08:20.832140+00:00,3803.0,40.0,102.06,38.0,1654.87109375,574.0060000345111
2026-07-18T13:08:21.169443+00:00,3803.0,24.0,100.97,38.0,1654.89453125,574.343301858753
2026-07-18T13:08:21.482213+00:00,3803.0,40.0,101.0,38.0,1654.89453125,574.6560725867748
2026-07-18T13:08:21.794707+00:00,3803.0,39.0,100.79,38.0,1654.89453125,574.9685668237507
2026-07-18T13:08:22.107489+00:00,3803.0,40.0,101.73,38.0,1654.89453125,575.2813485898077
2026-07-18T13:08:22.418997+00:00,3803.0,40.0,101.83,38.0,1654.89453125,575.5928572937846
2026-07-18T13:08:22.731734+00:00,3803.0,38.0,102.09,38.0,1654.9140625,575.9055938720703
2026-07-18T13:08:23.089052+00:00,3803.0,39.0,101.32,38.0,1654.9140625,576.2629111111164
2026-07-18T13:08:23.440980+00:00,3803.0,40.0,101.68,38.0,1654.9140625,576.6148392483592
2026-07-18T13:08:23.793107+00:00,3803.0,40.0,102.39,38.0,1654.9140625,576.9669662006199
2026-07-18T13:08:24.103360+00:00,3803.0,25.0,101.95,38.0,1654.93359375,577.2772198803723
2026-07-18T13:08:24.456752+00:00,3803.0,40.0,101.72,38.0,1654.93359375,577.6306118071079
2026-07-18T13:08:24.747368+00:00,3803.0,40.0,101.96,38.0,1654.93359375,577.9212277047336
2026-07-18T13:08:25.094690+00:00,3803.0,40.0,101.94,38.0,1654.93359375,578.268550388515
2026-07-18T13:08:25.424530+00:00,3803.0,39.0,102.14,38.0,1654.93359375,578.5983880311251
2026-07-18T13:08:25.786246+00:00,3803.0,40.0,102.01,38.0,1654.93359375,578.9601055681705
2026-07-18T13:08:26.103654+00:00,3803.0,37.0,101.76,38.0,1654.93359375,579.2775133624673
2026-07-18T13:08:26.419464+00:00,3803.0,40.0,101.84,38.0,1654.93359375,579.593323674053
2026-07-18T13:08:26.775536+00:00,3803.0,40.0,102.22,38.0,1654.93359375,579.9493955597281
2026-07-18T13:08:27.108531+00:00,3803.0,39.0,102.14,38.0,1654.93359375,580.2823900878429
2026-07-18T13:08:27.416015+00:00,3803.0,40.0,102.35,38.0,1654.93359375,580.5898739993572
2026-07-18T13:08:27.724010+00:00,3803.0,40.0,101.66,38.0,1654.93359375,580.8978691808879
2026-07-18T13:08:28.035661+00:00,3803.0,39.0,101.19,38.0,1654.9921875,581.20952032879
2026-07-18T13:08:28.401367+00:00,3803.0,19.0,99.77,38.0,1655.015625,581.5752268619835
2026-07-18T13:08:28.693714+00:00,3803.0,40.0,100.07,38.0,1655.015625,581.8675740808249
2026-07-18T13:08:29.024878+00:00,3803.0,40.0,100.93,38.0,1655.015625,582.1987372487783
2026-07-18T13:08:29.376090+00:00,3803.0,38.0,102.04,38.0,1655.015625,582.5499501116574
2026-07-18T13:08:29.725527+00:00,3803.0,38.0,102.02,38.0,1655.015625,582.8993865437806
2026-07-18T13:08:30.038318+00:00,3803.0,40.0,101.31,38.0,1655.015625,583.2121776118875
2026-07-18T13:08:30.345966+00:00,3803.0,40.0,101.56,38.0,1655.015625,583.5198256894946
2026-07-18T13:08:30.658459+00:00,3803.0,41.0,101.95,38.0,1655.015625,583.8323180265725
2026-07-18T13:08:30.947249+00:00,3803.0,40.0,102.72,38.0,1655.015625,584.1211090870202
2026-07-18T13:08:31.258798+00:00,3803.0,39.0,102.33,38.0,1655.015625,584.4326570667326
2026-07-18T13:08:31.589043+00:00,3803.0,39.0,101.11,38.0,1655.04296875,584.7629017494619
2026-07-18T13:08:31.924693+00:00,3803.0,40.0,100.51,38.0,1655.04296875,585.0985520072281
2026-07-18T13:08:32.234907+00:00,3803.0,39.0,100.3,38.0,1655.04296875,585.4087660014629
2026-07-18T13:08:32.589159+00:00,3803.0,40.0,101.18,38.0,1655.04296875,585.7630183249712
2026-07-18T13:08:32.941083+00:00,3803.0,22.0,100.43,38.0,1655.06640625,586.1149424798787
2026-07-18T13:08:33.248944+00:00,3803.0,40.0,101.06,38.0,1655.06640625,586.4228034541011
2026-07-18T13:08:33.563241+00:00,3803.0,40.0,100.8,38.0,1655.06640625,586.7371000275016
2026-07-18T13:08:33.921179+00:00,3803.0,32.0,100.91,38.0,1655.06640625,587.0950391031802
2026-07-18T13:08:34.212002+00:00,3803.0,40.0,101.01,38.0,1655.06640625,587.3858620524406
2026-07-18T13:08:34.502062+00:00,3803.0,40.0,100.97,38.0,1655.06640625,587.6759213767946
2026-07-18T13:08:34.792325+00:00,3803.0,26.0,101.14,38.0,1655.08984375,587.9661854058504
2026-07-18T13:08:35.102168+00:00,3803.0,39.0,101.12,38.0,1655.08984375,588.2760281786323
2026-07-18T13:08:35.392168+00:00,3803.0,40.0,101.28,38.0,1655.08984375,588.5660273358226
2026-07-18T13:08:35.744129+00:00,3803.0,22.0,101.15,38.0,1655.109375,588.9179889857769
2026-07-18T13:08:36.101248+00:00,3803.0,38.0,101.07,38.0,1655.109375,589.2751071080565
2026-07-18T13:08:36.414467+00:00,3803.0,39.0,100.41,38.0,1655.109375,589.5883266702294
2026-07-18T13:08:36.704044+00:00,3803.0,39.0,101.65,38.0,1655.109375,589.8778936453164
2026-07-18T13:08:37.057229+00:00,3803.0,20.0,101.14,38.0,1655.12890625,590.2310886085033
2026-07-18T13:08:37.393470+00:00,3803.0,40.0,101.06,38.0,1655.12890625,590.567325912416
2026-07-18T13:08:37.752425+00:00,3803.0,40.0,100.69,38.0,1655.12890625,590.9262844622135
2026-07-18T13:08:38.113045+00:00,3803.0,40.0,101.16,38.0,1655.12890625,591.2869043461978
2026-07-18T13:08:38.445078+00:00,3803.0,40.0,102.4,38.0,1655.12890625,591.6189377307892
2026-07-18T13:08:38.755337+00:00,3803.0,40.0,102.31,38.0,1655.12890625,591.9291965030134
2026-07-18T13:08:39.085241+00:00,3803.0,40.0,102.1,38.0,1655.12890625,592.2591010034084
2026-07-18T13:08:39.418079+00:00,3803.0,40.0,102.44,38.0,1655.12890625,592.591938238591
2026-07-18T13:08:39.772807+00:00,3803.0,40.0,102.39,38.0,1655.12890625,592.946666713804
2026-07-18T13:08:40.083052+00:00,3803.0,41.0,102.57,38.0,1655.12890625,593.2569121569395
2026-07-18T13:08:40.426848+00:00,3803.0,34.0,100.53,38.0,1655.15625,593.6007074378431
2026-07-18T13:08:40.734613+00:00,3803.0,40.0,99.91,38.0,1655.15625,593.9084723591805
2026-07-18T13:08:41.049734+00:00,3803.0,40.0,100.43,38.0,1655.15625,594.2235937044024
2026-07-18T13:08:41.363331+00:00,3803.0,40.0,101.25,38.0,1655.15625,594.5371905826032
2026-07-18T13:08:41.671011+00:00,3803.0,40.0,101.89,38.0,1655.15625,594.844870660454
2026-07-18T13:08:41.981179+00:00,3803.0,40.0,101.89,38.0,1655.15625,595.1550378464162
2026-07-18T13:08:42.295799+00:00,3803.0,40.0,101.64,38.0,1655.15625,595.4696584641933
2026-07-18T13:08:42.611224+00:00,3803.0,40.0,101.47,38.0,1655.15625,595.7850838899612
2026-07-18T13:08:42.923021+00:00,3803.0,37.0,101.91,38.0,1655.15625,596.0968807041645
2026-07-18T13:08:43.272151+00:00,3803.0,40.0,102.03,38.0,1655.18359375,596.4460109099746
2026-07-18T13:08:43.597871+00:00,3803.0,40.0,102.94,38.0,1655.18359375,596.7717313356698
2026-07-18T13:08:43.910588+00:00,3803.0,40.0,102.79,38.0,1655.18359375,597.0844474807382
2026-07-18T13:08:44.201421+00:00,3803.0,40.0,101.77,38.0,1655.18359375,597.375280328095
2026-07-18T13:08:44.491826+00:00,3803.0,37.0,101.44,38.0,1655.18359375,597.665685236454
2026-07-18T13:08:44.799328+00:00,3803.0,40.0,100.72,38.0,1655.1875,597.9731870628893
2026-07-18T13:08:45.094634+00:00,3803.0,38.0,101.11,38.0,1655.1875,598.268493488431
2026-07-18T13:08:45.408918+00:00,3803.0,40.0,101.53,38.0,1655.1875,598.5827774405479
2026-07-18T13:08:45.723175+00:00,3803.0,40.0,102.04,38.0,1655.1875,598.8970348313451
2026-07-18T13:08:46.081526+00:00,3803.0,40.0,101.53,38.0,1655.1875,599.2553854323924
2026-07-18T13:08:46.395181+00:00,3803.0,40.0,101.34,38.0,1655.83984375,599.5690411888063
2026-07-18T13:08:46.731596+00:00,3803.0,40.0,100.53,38.0,1655.83984375,599.9054547920823
2026-07-18T13:08:47.084913+00:00,3803.0,40.0,101.98,38.0,1655.83984375,600.2587723508477
2026-07-18T13:08:47.399193+00:00,3803.0,40.0,101.95,38.0,1655.84375,600.5730529427528
2026-07-18T13:08:47.711379+00:00,3803.0,40.0,101.84,38.0,1655.84375,600.8852389529347
2026-07-18T13:08:48.020426+00:00,3803.0,40.0,101.28,38.0,1655.84375,601.194280654192
2026-07-18T13:08:48.352394+00:00,3803.0,40.0,100.34,38.0,1655.84765625,601.5262538455427
2026-07-18T13:08:48.667041+00:00,3803.0,40.0,100.98,38.0,1655.84765625,601.8409000337124
2026-07-18T13:08:48.978224+00:00,3803.0,40.0,100.85,38.0,1655.84765625,602.1520840935409
2026-07-18T13:08:49.290198+00:00,3803.0,39.0,100.67,38.0,1655.84765625,602.4640577025712
2026-07-18T13:08:49.606188+00:00,3803.0,40.0,101.09,38.0,1655.8515625,602.7800474204123
2026-07-18T13:08:49.941329+00:00,3803.0,40.0,100.93,38.0,1655.8515625,603.1151887625456
2026-07-18T13:08:50.232604+00:00,3803.0,40.0,101.5,38.0,1655.8515625,603.4064626470208
2026-07-18T13:08:50.547469+00:00,3803.0,40.0,101.59,38.0,1655.8515625,603.7213291525841
2026-07-18T13:08:50.838017+00:00,3803.0,24.0,101.76,38.0,1655.85546875,604.0118759199977
2026-07-18T13:08:51.150364+00:00,3803.0,39.0,101.49,38.0,1655.85546875,604.3242235407233
2026-07-18T13:08:51.485623+00:00,3803.0,40.0,101.39,38.0,1655.85546875,604.6594832874835
2026-07-18T13:08:51.799535+00:00,3803.0,40.0,101.68,38.0,1655.85546875,604.9733944796026
2026-07-18T13:08:52.110533+00:00,3803.0,40.0,101.68,38.0,1655.85546875,605.2843926660717
2026-07-18T13:08:52.421158+00:00,3803.0,23.0,101.14,38.0,1655.859375,605.5950184054673
2026-07-18T13:08:52.734907+00:00,3803.0,40.0,100.97,38.0,1655.859375,605.9087665528059
2026-07-18T13:08:53.068908+00:00,3803.0,40.0,101.61,38.0,1655.859375,606.2427679821849
2026-07-18T13:08:53.382677+00:00,3803.0,31.0,101.23,38.0,1655.859375,606.5565363019705
2026-07-18T13:08:53.695566+00:00,3803.0,40.0,101.28,38.0,1655.859375,606.8694261722267
2026-07-18T13:08:54.010599+00:00,3803.0,40.0,100.89,38.0,1655.859375,607.184457976371
2026-07-18T13:08:54.337177+00:00,3803.0,40.0,101.49,38.0,1655.859375,607.5110367760062
2026-07-18T13:08:54.673103+00:00,3803.0,25.0,101.26,38.0,1655.8671875,607.8469620719552
2026-07-18T13:08:55.030603+00:00,3803.0,40.0,101.61,38.0,1655.8671875,608.2044626586139
2026-07-18T13:08:55.365127+00:00,3803.0,40.0,100.93,38.0,1655.8671875,608.5389857627451
2026-07-18T13:08:55.656495+00:00,3803.0,40.0,100.71,38.0,1655.8671875,608.8303551003337
2026-07-18T13:08:55.973805+00:00,3803.0,40.0,100.52,38.0,1655.8671875,609.1476648822427
2026-07-18T13:08:56.286398+00:00,3803.0,40.0,100.95,38.0,1655.8671875,609.4602574706078
2026-07-18T13:08:56.617237+00:00,3803.0,40.0,101.84,38.0,1655.8671875,609.7910966575146
2026-07-18T13:08:56.976876+00:00,3803.0,40.0,102.11,38.0,1655.8671875,610.150734744966
2026-07-18T13:08:57.284313+00:00,3803.0,41.0,101.82,38.0,1655.8671875,610.4581723697484
2026-07-18T13:08:57.656806+00:00,3803.0,23.0,101.61,38.0,1655.875,610.8306654542685
2026-07-18T13:08:57.970522+00:00,3803.0,40.0,101.27,38.0,1655.875,611.1443822532892
2026-07-18T13:08:58.296748+00:00,3803.0,40.0,100.33,38.0,1655.875,611.4706071391702
2026-07-18T13:08:58.587320+00:00,3803.0,40.0,101.05,38.0,1655.87890625,611.761179342866
2026-07-18T13:08:58.925024+00:00,3803.0,40.0,101.09,38.0,1655.8828125,612.0988839417696
2026-07-18T13:08:59.239427+00:00,3803.0,40.0,101.32,38.0,1655.8828125,612.4132865294814
2026-07-18T13:08:59.596750+00:00,3803.0,40.0,101.14,38.0,1655.8828125,612.7706090658903
2026-07-18T13:08:59.911883+00:00,3803.0,41.0,102.02,38.0,1655.88671875,613.0857415758073
2026-07-18T13:09:00.201071+00:00,3803.0,40.0,102.03,38.0,1655.890625,613.3749304823577
2026-07-18T13:09:00.492300+00:00,3803.0,40.0,101.77,38.0,1655.890625,613.6661598458886
2026-07-18T13:09:00.783527+00:00,3803.0,40.0,101.32,38.0,1655.890625,613.9573861137033
2026-07-18T13:09:01.141266+00:00,3803.0,39.0,101.12,38.0,1655.89453125,614.3151255734265
2026-07-18T13:09:01.476918+00:00,3803.0,39.0,100.75,38.0,1655.89453125,614.6507774665952
2026-07-18T13:09:01.791472+00:00,3803.0,39.0,101.65,38.0,1655.89453125,614.9653311260045
2026-07-18T13:09:02.103375+00:00,3803.0,40.0,101.38,38.0,1655.89453125,615.2772336006165
2026-07-18T13:09:02.394229+00:00,3803.0,40.0,101.95,38.0,1655.89453125,615.5680876150727
2026-07-18T13:09:02.750826+00:00,3803.0,40.0,101.41,38.0,1655.89453125,615.9246853441
2026-07-18T13:09:03.097717+00:00,3803.0,40.0,102.47,38.0,1655.89453125,616.2715751975775
2026-07-18T13:09:03.410606+00:00,3803.0,39.0,101.46,38.0,1655.8984375,616.584464520216
2026-07-18T13:09:03.725378+00:00,3803.0,40.0,100.83,38.0,1655.8984375,616.8992381505668
2026-07-18T13:09:04.015483+00:00,3803.0,25.0,99.98,38.0,1655.90234375,617.1893432401121
2026-07-18T13:09:04.348933+00:00,3803.0,40.0,101.06,38.0,1655.90234375,617.5227926783264
2026-07-18T13:09:04.709701+00:00,3803.0,39.0,101.23,38.0,1655.90625,617.8835605978966
2026-07-18T13:09:05.022342+00:00,3803.0,40.0,102.29,38.0,1655.90625,618.1962010711432
2026-07-18T13:09:05.334871+00:00,3803.0,39.0,101.24,38.0,1655.91015625,618.5087300725281
2026-07-18T13:09:05.646260+00:00,3803.0,40.0,101.37,38.0,1655.9140625,618.8201198242605
2026-07-18T13:09:06.005101+00:00,3803.0,36.0,101.08,38.0,1655.9140625,619.1789605505764
2026-07-18T13:09:06.319154+00:00,3803.0,40.0,101.01,38.0,1655.9140625,619.4930127486587
2026-07-18T13:09:06.653567+00:00,3803.0,41.0,100.91,38.0,1655.9140625,619.8274259902537
2026-07-18T13:09:06.989207+00:00,3803.0,38.0,100.26,38.0,1655.91796875,620.1630656942725
2026-07-18T13:09:07.325024+00:00,3803.0,40.0,100.52,38.0,1655.92578125,620.4988811016083
2026-07-18T13:09:07.636310+00:00,3803.0,40.0,100.13,38.0,1655.9296875,620.8101684302092
2026-07-18T13:09:07.952282+00:00,3803.0,22.0,100.33,38.0,1655.93359375,621.1261414140463
2026-07-18T13:09:08.289800+00:00,3803.0,33.0,99.65,38.0,1655.93359375,621.4636589959264
2026-07-18T13:09:08.626959+00:00,3803.0,39.0,100.44,38.0,1655.93359375,621.8008187748492
2026-07-18T13:09:08.939210+00:00,3803.0,38.0,100.56,38.0,1655.95703125,622.1130695864558
2026-07-18T13:09:09.230623+00:00,3803.0,41.0,101.13,38.0,1655.95703125,622.4044830538332
2026-07-18T13:09:09.522521+00:00,3803.0,25.0,100.18,38.0,1655.96484375,622.6963803581893
2026-07-18T13:09:09.835166+00:00,3803.0,40.0,100.51,38.0,1655.98046875,623.0090252496302
2026-07-18T13:09:10.148284+00:00,3803.0,39.0,100.35,38.0,1655.98046875,623.3221437819302
2026-07-18T13:09:10.462744+00:00,3803.0,41.0,100.22,38.0,1656.0078125,623.6366034373641
2026-07-18T13:09:10.775022+00:00,3803.0,40.0,99.75,38.0,1656.015625,623.9488816186786
2026-07-18T13:09:11.088872+00:00,3803.0,36.0,99.48,38.0,1656.0234375,624.2627311348915
2026-07-18T13:09:11.424803+00:00,3803.0,40.0,100.09,38.0,1656.02734375,624.5986625514925
2026-07-18T13:09:11.761569+00:00,3803.0,40.0,100.35,38.0,1656.03125,624.9354279562831
2026-07-18T13:09:12.109745+00:00,3803.0,22.0,98.7,38.0,1656.04296875,625.2836046777666
2026-07-18T13:09:12.441997+00:00,3803.0,40.0,97.66,38.0,1656.046875,625.6158570498228
2026-07-18T13:09:12.755051+00:00,3803.0,40.0,97.61,38.0,1656.046875,625.928911510855
2026-07-18T13:09:13.085430+00:00,3803.0,41.0,100.87,38.0,1656.046875,626.2592895589769
2026-07-18T13:09:13.445676+00:00,3803.0,25.0,101.14,38.0,1656.046875,626.6195359416306
2026-07-18T13:09:13.759071+00:00,3803.0,40.0,101.84,38.0,1656.046875,626.932930521667
2026-07-18T13:09:14.050674+00:00,3803.0,40.0,100.79,38.0,1656.05078125,627.2245343588293
2026-07-18T13:09:14.385453+00:00,3803.0,41.0,101.36,38.0,1656.05078125,627.5593126639724
2026-07-18T13:09:14.698546+00:00,3803.0,41.0,101.08,38.0,1656.05078125,627.8724061399698
2026-07-18T13:09:15.010326+00:00,3803.0,41.0,101.97,38.0,1656.05078125,628.184185154736
2026-07-18T13:09:15.322689+00:00,3803.0,40.0,101.9,38.0,1656.05078125,628.4965482614934
2026-07-18T13:09:15.638669+00:00,3803.0,40.0,101.39,38.0,1656.05078125,628.8125286959112
2026-07-18T13:09:15.993567+00:00,3803.0,41.0,101.15,38.0,1656.05078125,629.1674270406365
2026-07-18T13:09:16.341964+00:00,3803.0,21.0,100.59,38.0,1656.0546875,629.5158215947449
2026-07-18T13:09:16.701493+00:00,3803.0,38.0,101.16,38.0,1656.0546875,629.8753522895277
2026-07-18T13:09:17.015220+00:00,3803.0,40.0,101.26,38.0,1656.0546875,630.1890797428787
2026-07-18T13:09:17.326988+00:00,3803.0,40.0,102.11,38.0,1656.0546875,630.5008471533656
2026-07-18T13:09:17.639178+00:00,3803.0,40.0,101.91,38.0,1656.0546875,630.8130378499627
2026-07-18T13:09:17.947085+00:00,3803.0,41.0,101.96,38.0,1656.0546875,631.1209452785552
2026-07-18T13:09:18.254260+00:00,3803.0,41.0,101.69,38.0,1656.0546875,631.4281196705997
2026-07-18T13:09:18.591153+00:00,3803.0,41.0,101.39,38.0,1656.0546875,631.7650116421282
2026-07-18T13:09:18.929330+00:00,3803.0,40.0,100.47,38.0,1656.05859375,632.1031899750233
2026-07-18T13:09:19.290533+00:00,3803.0,40.0,100.33,38.0,1656.05859375,632.4643912799656
2026-07-18T13:09:19.641974+00:00,3803.0,40.0,101.59,38.0,1656.05859375,632.8158336393535
2026-07-18T13:09:19.954688+00:00,3803.0,41.0,101.3,38.0,1656.05859375,633.1285484619439
2026-07-18T13:09:20.265620+00:00,3803.0,40.0,102.36,38.0,1656.05859375,633.4394794553518
2026-07-18T13:09:20.556342+00:00,3803.0,41.0,102.49,38.0,1656.05859375,633.7302027978003
2026-07-18T13:09:20.945329+00:00,3803.0,22.0,102.15,38.0,1656.06640625,634.119189016521
2026-07-18T13:09:21.259554+00:00,3803.0,40.0,101.41,38.0,1656.06640625,634.4334134086967
2026-07-18T13:09:21.571567+00:00,3803.0,40.0,100.51,38.0,1656.06640625,634.7454265505075
2026-07-18T13:09:21.904857+00:00,3803.0,39.0,100.61,38.0,1656.06640625,635.0787167027593
2026-07-18T13:09:22.218287+00:00,3803.0,39.0,100.77,38.0,1656.06640625,635.3921465538442
2026-07-18T13:09:22.527426+00:00,3803.0,40.0,101.51,38.0,1656.06640625,635.7012853175402
2026-07-18T13:09:22.857316+00:00,3803.0,37.0,101.96,38.0,1656.06640625,636.0311761945486
2026-07-18T13:09:23.213078+00:00,3803.0,19.0,100.5,38.0,1656.0703125,636.3869368806481
2026-07-18T13:09:23.548753+00:00,3803.0,36.0,100.41,38.0,1656.0703125,636.7226056233048
2026-07-18T13:09:23.885597+00:00,3803.0,38.0,99.84,38.0,1656.0703125,637.0594560727477
2026-07-18T13:09:24.198869+00:00,3803.0,40.0,100.86,38.0,1656.0703125,637.3727276138961
2026-07-18T13:09:24.511041+00:00,3803.0,40.0,100.43,38.0,1656.0703125,637.6848997659981
2026-07-18T13:09:24.822249+00:00,3803.0,38.0,101.1,38.0,1656.0703125,637.9961088635027
2026-07-18T13:09:25.188204+00:00,3803.0,40.0,101.14,38.0,1656.0703125,638.3620621562004
2026-07-18T13:09:25.525647+00:00,3803.0,40.0,100.54,38.0,1656.07421875,638.6995069459081
2026-07-18T13:09:25.890039+00:00,3803.0,37.0,99.79,38.0,1656.07421875,639.0638993568718
2026-07-18T13:09:26.204763+00:00,3803.0,39.0,99.52,38.0,1656.07421875,639.3786225654185
2026-07-18T13:09:26.519114+00:00,3803.0,36.0,99.65,38.0,1656.07421875,639.6929735019803
2026-07-18T13:09:26.857862+00:00,3803.0,39.0,101.93,38.0,1656.07421875,640.0317214205861
2026-07-18T13:09:27.193034+00:00,3803.0,40.0,101.93,38.0,1656.07421875,640.366894621402
2026-07-18T13:09:27.552476+00:00,3803.0,21.0,102.4,38.0,1656.078125,640.7263362519443
2026-07-18T13:09:27.867844+00:00,3803.0,38.0,100.54,38.0,1656.078125,641.0417033620179
2026-07-18T13:09:28.225158+00:00,3803.0,38.0,100.96,38.0,1656.078125,641.3990171514452
2026-07-18T13:09:28.581838+00:00,3803.0,40.0,99.99,38.0,1656.08203125,641.7556970566511
2026-07-18T13:09:28.917248+00:00,3803.0,39.0,101.12,38.0,1656.08203125,642.0911069475114
2026-07-18T13:09:29.269530+00:00,3803.0,39.0,100.73,38.0,1656.08203125,642.4433893486857
2026-07-18T13:09:29.609215+00:00,3803.0,39.0,101.81,38.0,1656.08203125,642.7830723002553
2026-07-18T13:09:29.924742+00:00,3803.0,21.0,101.05,38.0,1656.08203125,643.0986017026007
2026-07-18T13:09:30.261253+00:00,3803.0,39.0,101.47,38.0,1656.08203125,643.4351114556193
2026-07-18T13:09:30.556141+00:00,3803.0,39.0,101.06,38.0,1656.08203125,643.7300007864833
2026-07-18T13:09:30.847339+00:00,3803.0,41.0,100.7,38.0,1656.08203125,644.0211982429028
2026-07-18T13:09:31.181428+00:00,3803.0,39.0,100.58,38.0,1656.08203125,644.3552876077592
2026-07-18T13:09:31.513408+00:00,3803.0,40.0,101.54,38.0,1656.08203125,644.6872673667967
2026-07-18T13:09:31.913154+00:00,3803.0,26.0,101.51,38.0,1656.08984375,645.0870134420693
2026-07-18T13:09:32.249397+00:00,3803.0,39.0,100.76,38.0,1656.08984375,645.4232566542923
2026-07-18T13:09:32.610239+00:00,3803.0,38.0,99.5,38.0,1656.08984375,645.7840985655785
2026-07-18T13:09:32.941987+00:00,3803.0,35.0,99.2,38.0,1656.08984375,646.1158474385738
2026-07-18T13:09:33.296582+00:00,3803.0,21.0,99.28,38.0,1656.08984375,646.4704421423376
2026-07-18T13:09:33.657449+00:00,3803.0,40.0,99.27,38.0,1656.08984375,646.8313082642853
2026-07-18T13:09:33.967276+00:00,3803.0,37.0,100.06,38.0,1656.08984375,647.141135238111
2026-07-18T13:09:34.282185+00:00,3803.0,40.0,101.45,38.0,1656.08984375,647.4560349471867
2026-07-18T13:09:34.597922+00:00,3803.0,39.0,100.75,38.0,1656.08984375,647.7717806398869
2026-07-18T13:09:34.907541+00:00,3803.0,39.0,100.1,38.0,1656.09375,648.0814001522958
2026-07-18T13:09:35.223088+00:00,3803.0,39.0,98.95,38.0,1656.09375,648.396947607398
2026-07-18T13:09:35.554868+00:00,3803.0,28.0,98.72,38.0,1656.09765625,648.7287267148495
2026-07-18T13:09:35.889019+00:00,3803.0,40.0,100.29,38.0,1656.09765625,649.0628784112632
2026-07-18T13:09:36.233087+00:00,3803.0,35.0,100.28,38.0,1656.09765625,649.4069470129907
2026-07-18T13:09:36.547845+00:00,3803.0,38.0,100.65,38.0,1656.09765625,649.7217047959566
2026-07-18T13:09:36.909594+00:00,3803.0,37.0,99.89,38.0,1656.09765625,650.0834520161152
2026-07-18T13:09:37.221805+00:00,3803.0,37.0,100.18,38.0,1656.1015625,650.3956642001867
2026-07-18T13:09:37.513226+00:00,3803.0,40.0,101.62,38.0,1656.1015625,650.6870862394571
2026-07-18T13:09:37.877461+00:00,3803.0,19.0,101.17,38.0,1656.10546875,651.0513203926384
2026-07-18T13:09:38.191784+00:00,3803.0,37.0,100.76,38.0,1656.10546875,651.3656435757875
2026-07-18T13:09:38.503724+00:00,3803.0,39.0,99.06,38.0,1656.10546875,651.6775831617415
2026-07-18T13:09:38.864741+00:00,3803.0,28.0,98.79,38.0,1656.109375,652.0386009775102
2026-07-18T13:09:39.179103+00:00,3803.0,37.0,99.41,38.0,1656.11328125,652.3529624119401
2026-07-18T13:09:39.537357+00:00,3803.0,38.0,100.56,38.0,1656.11328125,652.7112161591649
2026-07-18T13:09:39.847167+00:00,3803.0,38.0,101.43,38.0,1656.11328125,653.0210267789662
2026-07-18T13:09:40.160757+00:00,3803.0,21.0,100.87,38.0,1656.1171875,653.3346172235906
2026-07-18T13:09:40.524856+00:00,3803.0,40.0,100.64,38.0,1656.1171875,653.6987144649029
2026-07-18T13:09:40.816719+00:00,3803.0,37.0,100.19,38.0,1656.1171875,653.9905786626041
2026-07-18T13:09:41.177758+00:00,3803.0,40.0,100.44,38.0,1656.1171875,654.3516182638705
2026-07-18T13:09:41.516121+00:00,3803.0,38.0,101.02,38.0,1656.1171875,654.6899806894362
2026-07-18T13:09:41.868851+00:00,3803.0,40.0,102.25,38.0,1656.1171875,655.0427097640932
2026-07-18T13:09:42.204883+00:00,3803.0,38.0,102.81,38.0,1656.1171875,655.3787428475916
2026-07-18T13:09:42.536558+00:00,3803.0,39.0,101.38,38.0,1656.12109375,655.71041655913
2026-07-18T13:09:42.857759+00:00,3803.0,38.0,100.28,38.0,1656.12109375,656.0316190347075
2026-07-18T13:09:43.221381+00:00,3803.0,38.0,99.96,38.0,1656.12109375,656.3952397927642
2026-07-18T13:09:43.557642+00:00,3803.0,36.0,100.85,38.0,1656.12109375,656.7315021045506
2026-07-18T13:09:43.871070+00:00,3803.0,40.0,100.83,38.0,1656.125,657.0449300557375
2026-07-18T13:09:44.183338+00:00,3803.0,40.0,100.5,38.0,1656.125,657.3571973778307
2026-07-18T13:09:44.540486+00:00,3803.0,38.0,100.21,38.0,1656.125,657.7143452428281
2026-07-18T13:09:44.937881+00:00,3803.0,38.0,100.07,38.0,1656.125,658.1117404215038
2026-07-18T13:09:45.230483+00:00,3803.0,37.0,99.74,38.0,1656.12890625,658.4043426923454
2026-07-18T13:09:45.547767+00:00,3803.0,39.0,99.99,38.0,1656.12890625,658.721626598388
2026-07-18T13:09:45.863726+00:00,3803.0,40.0,100.88,38.0,1656.12890625,659.0375854447484
2026-07-18T13:09:46.202093+00:00,3803.0,20.0,101.19,38.0,1656.1328125,659.3759523108602
2026-07-18T13:09:46.515179+00:00,3803.0,37.0,100.83,38.0,1656.1328125,659.6890386305749
2026-07-18T13:09:46.826605+00:00,3803.0,37.0,100.69,38.0,1656.1328125,660.000464681536
2026-07-18T13:09:47.185510+00:00,3803.0,39.0,101.7,38.0,1656.1328125,660.3593682534993
2026-07-18T13:09:47.521995+00:00,3803.0,39.0,102.35,38.0,1656.1328125,660.6958551444113
2026-07-18T13:09:47.853790+00:00,3803.0,38.0,101.83,38.0,1656.1328125,661.0276494435966
2026-07-18T13:09:48.171626+00:00,3803.0,39.0,100.61,38.0,1656.1328125,661.3454849794507
2026-07-18T13:09:48.486943+00:00,3803.0,20.0,99.55,38.0,1656.640625,661.6608025841415
2026-07-18T13:09:48.846379+00:00,3803.0,34.0,99.55,38.0,1656.640625,662.020237646997
2026-07-18T13:09:49.159210+00:00,3803.0,38.0,99.69,38.0,1656.640625,662.3330703265965
2026-07-18T13:09:49.501297+00:00,3803.0,37.0,99.93,38.0,1656.640625,662.6751568466425
2026-07-18T13:09:49.815916+00:00,3803.0,39.0,99.93,38.0,1656.6484375,662.9897751435637
2026-07-18T13:09:50.129221+00:00,3803.0,38.0,99.66,38.0,1656.6484375,663.3030798584223
2026-07-18T13:09:50.465379+00:00,3803.0,40.0,99.88,38.0,1656.6484375,663.6392382234335
2026-07-18T13:09:50.757249+00:00,3803.0,37.0,99.75,38.0,1656.6484375,663.9311094880104
2026-07-18T13:09:51.066765+00:00,3803.0,37.0,100.25,38.0,1656.6484375,664.2406237609684
2026-07-18T13:09:51.409388+00:00,3803.0,30.0,100.31,38.0,1656.6484375,664.5832477360964
2026-07-18T13:09:51.740980+00:00,3803.0,38.0,100.12,38.0,1656.66015625,664.9148390255868
2026-07-18T13:09:52.073799+00:00,3803.0,37.0,100.14,38.0,1656.66015625,665.2476585023105
2026-07-18T13:09:52.409045+00:00,3803.0,36.0,100.5,38.0,1656.66015625,665.5829043053091
2026-07-18T13:09:52.769215+00:00,3803.0,40.0,100.74,38.0,1656.66015625,665.9430752843618
2026-07-18T13:09:53.169919+00:00,3803.0,21.0,100.26,38.0,1656.66796875,666.3437779955566
2026-07-18T13:09:53.532605+00:00,3803.0,38.0,99.65,38.0,1656.66796875,666.7064631432295
2026-07-18T13:09:53.872908+00:00,3803.0,38.0,99.42,38.0,1656.66796875,667.0467678382993
2026-07-18T13:09:54.213691+00:00,3803.0,38.0,100.08,38.0,1656.66796875,667.3875509425998
2026-07-18T13:09:54.507543+00:00,3803.0,37.0,99.56,38.0,1656.67578125,667.6814030557871
2026-07-18T13:09:54.824710+00:00,3803.0,40.0,99.86,38.0,1656.67578125,667.9985692165792
2026-07-18T13:09:55.187231+00:00,3803.0,33.0,98.85,38.0,1656.67578125,668.3610896803439
2026-07-18T13:09:55.504333+00:00,3803.0,35.0,98.9,38.0,1656.67578125,668.6781923435628
2026-07-18T13:09:55.796331+00:00,3803.0,37.0,99.07,38.0,1656.67578125,668.9701908193529
2026-07-18T13:09:56.087953+00:00,3803.0,38.0,100.57,38.0,1656.67578125,669.2618112564087
2026-07-18T13:09:56.383036+00:00,3803.0,39.0,101.95,38.0,1656.67578125,669.5568948239088
2026-07-18T13:09:56.703694+00:00,3803.0,38.0,102.23,38.0,1656.67578125,669.8775520436466
2026-07-18T13:09:57.061742+00:00,3803.0,39.0,100.65,38.0,1656.73046875,670.2356009446084
2026-07-18T13:09:57.417993+00:00,3803.0,37.0,99.96,38.0,1656.73046875,670.5918524563313
2026-07-18T13:09:57.730980+00:00,3803.0,38.0,99.61,38.0,1656.73046875,670.9048392474651
2026-07-18T13:09:58.069042+00:00,3803.0,40.0,100.43,38.0,1656.73046875,671.2429016567767
2026-07-18T13:09:58.383126+00:00,3803.0,39.0,100.38,38.0,1656.73046875,671.5569862499833
2026-07-18T13:09:58.721794+00:00,3803.0,39.0,100.6,38.0,1656.73046875,671.8956533409655
2026-07-18T13:09:59.060690+00:00,3803.0,39.0,100.71,38.0,1656.73046875,672.234548471868
2026-07-18T13:09:59.393144+00:00,3803.0,38.0,100.54,38.0,1656.73046875,672.567002799362
2026-07-18T13:09:59.734003+00:00,3803.0,37.0,99.92,38.0,1656.73046875,672.9078619480133
2026-07-18T13:10:00.075157+00:00,3803.0,40.0,99.95,38.0,1656.73046875,673.2490149438381
2026-07-18T13:10:00.366872+00:00,3803.0,38.0,99.79,38.0,1656.7421875,673.5407319925725
2026-07-18T13:10:00.705112+00:00,3803.0,37.0,100.32,38.0,1656.7421875,673.8789710961282
2026-07-18T13:10:01.022306+00:00,3803.0,35.0,99.91,38.0,1656.7421875,674.1961646564305
2026-07-18T13:10:01.313802+00:00,3803.0,36.0,101.25,38.0,1656.7421875,674.4876619204879
2026-07-18T13:10:01.610640+00:00,3803.0,38.0,101.58,38.0,1656.7421875,674.7844995856285
2026-07-18T13:10:01.903444+00:00,3803.0,38.0,101.54,38.0,1656.7421875,675.0773034915328
2026-07-18T13:10:02.219826+00:00,3803.0,37.0,101.19,38.0,1656.7421875,675.3936851657927
2026-07-18T13:10:02.542642+00:00,3803.0,38.0,101.51,38.0,1656.7421875,675.7165004722774
2026-07-18T13:10:02.900783+00:00,3803.0,40.0,101.38,38.0,1656.7421875,676.0746428072453
2026-07-18T13:10:03.215137+00:00,3803.0,40.0,101.04,38.0,1656.75390625,676.3889965154231
2026-07-18T13:10:03.569902+00:00,3803.0,40.0,100.32,38.0,1656.75390625,676.7437623627484
2026-07-18T13:10:03.929268+00:00,3803.0,37.0,100.51,38.0,1656.75390625,677.1031278148293
2026-07-18T13:10:04.269038+00:00,3803.0,21.0,100.24,38.0,1656.76171875,677.4428971335292
2026-07-18T13:10:04.583451+00:00,3803.0,40.0,100.29,38.0,1656.76171875,677.7573108784854
2026-07-18T13:10:04.898879+00:00,3803.0,39.0,100.5,38.0,1656.76171875,678.0727385990322
2026-07-18T13:10:05.210934+00:00,3803.0,37.0,100.93,38.0,1656.76171875,678.3847929351032
2026-07-18T13:10:05.522896+00:00,3803.0,38.0,100.39,38.0,1656.76171875,678.696745492518
2026-07-18T13:10:05.837133+00:00,3803.0,40.0,100.55,38.0,1656.76171875,679.0109876804054
2026-07-18T13:10:06.195073+00:00,3803.0,39.0,100.83,38.0,1656.7734375,679.3689321763813
2026-07-18T13:10:06.503003+00:00,3803.0,40.0,101.38,38.0,1656.7734375,679.6768624484539
2026-07-18T13:10:06.819115+00:00,3803.0,38.0,100.96,38.0,1656.7734375,679.9929740987718
2026-07-18T13:10:07.110871+00:00,3803.0,40.0,100.46,38.0,1656.7734375,680.2847310639918
2026-07-18T13:10:07.402607+00:00,3803.0,40.0,100.35,38.0,1656.7734375,680.5764671750367
2026-07-18T13:10:07.694450+00:00,3803.0,41.0,100.85,38.0,1656.7734375,680.8683102764189
2026-07-18T13:10:08.029355+00:00,3803.0,40.0,101.08,38.0,1656.78125,681.2032147534192
2026-07-18T13:10:08.361434+00:00,3803.0,40.0,101.18,38.0,1656.78125,681.5352941565216
2026-07-18T13:10:08.676972+00:00,3803.0,40.0,101.31,38.0,1656.78125,681.8508312143385
2026-07-18T13:10:09.037181+00:00,3803.0,40.0,102.02,38.0,1656.78125,682.2110414542258
2026-07-18T13:10:09.350383+00:00,3803.0,40.0,102.12,38.0,1656.78125,682.52424249053
2026-07-18T13:10:09.685016+00:00,3803.0,38.0,100.88,38.0,1656.79296875,682.8588752485812
2026-07-18T13:10:10.021064+00:00,3803.0,40.0,100.36,38.0,1656.79296875,683.1949236951768
2026-07-18T13:10:10.334516+00:00,3803.0,33.0,99.46,38.0,1656.79296875,683.5083759687841
2026-07-18T13:10:10.672666+00:00,3803.0,40.0,100.69,38.0,1656.796875,683.8465254232287
2026-07-18T13:10:10.966418+00:00,3803.0,40.0,101.1,38.0,1656.796875,684.1402775421739
2026-07-18T13:10:11.257242+00:00,3803.0,40.0,101.49,38.0,1656.796875,684.4311014562845
2026-07-18T13:10:11.584418+00:00,3803.0,41.0,101.98,38.0,1656.80078125,684.7582774162292
2026-07-18T13:10:11.898824+00:00,3803.0,39.0,101.29,38.0,1656.80078125,685.0726837106049
2026-07-18T13:10:12.212583+00:00,3803.0,39.0,100.61,38.0,1656.80859375,685.3864426985383
2026-07-18T13:10:12.527517+00:00,3803.0,35.0,99.73,38.0,1656.8125,685.7013761438429
2026-07-18T13:10:12.861083+00:00,3803.0,39.0,99.77,38.0,1656.8125,686.0349436067045
2026-07-18T13:10:13.169551+00:00,3803.0,40.0,100.8,38.0,1656.8125,686.3434105925262
2026-07-18T13:10:13.478729+00:00,3803.0,41.0,101.57,38.0,1656.8125,686.6525888927281
2026-07-18T13:10:13.790397+00:00,3803.0,40.0,101.82,38.0,1656.8125,686.9642566889524
2026-07-18T13:10:14.109565+00:00,3803.0,39.0,101.93,38.0,1656.81640625,687.2834233269095
2026-07-18T13:10:14.445294+00:00,3803.0,39.0,101.45,38.0,1656.8203125,687.6191539093852
2026-07-18T13:10:14.759340+00:00,3803.0,31.0,100.59,38.0,1656.83203125,687.9331995584071
2026-07-18T13:10:15.095090+00:00,3803.0,40.0,99.93,38.0,1656.83203125,688.2689495123923
2026-07-18T13:10:15.429709+00:00,3803.0,39.0,100.4,38.0,1656.83203125,688.6035679355264
2026-07-18T13:10:15.760946+00:00,3803.0,40.0,101.16,38.0,1656.83203125,688.934805367142
2026-07-18T13:10:16.097080+00:00,3803.0,38.0,101.24,38.0,1656.8359375,689.2709392383695
2026-07-18T13:10:16.389086+00:00,3803.0,40.0,100.96,38.0,1656.8515625,689.5629452317953
2026-07-18T13:10:16.699031+00:00,3803.0,39.0,100.65,38.0,1656.85546875,689.8728860169649
2026-07-18T13:10:17.032735+00:00,3803.0,40.0,100.46,38.0,1656.86328125,690.2065950222313
2026-07-18T13:10:17.393372+00:00,3803.0,40.0,100.95,38.0,1656.8671875,690.5672317817807
2026-07-18T13:10:17.706821+00:00,3803.0,37.0,101.44,38.0,1656.875,690.8806797638535
2026-07-18T13:10:18.044442+00:00,3803.0,40.0,101.79,38.0,1656.8828125,691.2183018475771
2026-07-18T13:10:18.377568+00:00,3803.0,40.0,101.78,38.0,1656.890625,691.5514268353581
2026-07-18T13:10:18.733393+00:00,3803.0,38.0,101.62,38.0,1656.8984375,691.9072514921427
2026-07-18T13:10:19.054007+00:00,3803.0,41.0,100.44,38.0,1656.91015625,692.2278670594096
2026-07-18T13:10:19.384841+00:00,3803.0,40.0,100.44,38.0,1656.9296875,692.5587006136775
2026-07-18T13:10:19.740509+00:00,3803.0,40.0,100.24,38.0,1656.94921875,692.9143684133887
2026-07-18T13:10:20.088388+00:00,3803.0,40.0,101.44,38.0,1656.94921875,693.2622474655509
2026-07-18T13:10:20.403438+00:00,3803.0,40.0,100.58,38.0,1656.9609375,693.5772976316512
2026-07-18T13:10:20.695328+00:00,3803.0,41.0,101.14,38.0,1656.96875,693.869187310338
2026-07-18T13:10:20.988653+00:00,3803.0,38.0,101.4,38.0,1656.96875,694.1625034511089
2026-07-18T13:10:21.341594+00:00,3803.0,0.0,98.58,38.0,1656.98828125,694.5154537186027
2026-07-18T13:10:21.693030+00:00,3803.0,41.0,99.04,38.0,1656.98828125,694.8668895214796
2026-07-18T13:10:22.011431+00:00,3803.0,40.0,98.75,38.0,1657.0,695.1852902621031
2026-07-18T13:10:22.350093+00:00,3803.0,40.0,101.1,38.0,1657.0,695.5239527262747
2026-07-18T13:10:22.663045+00:00,3803.0,40.0,100.6,38.0,1657.0,695.8369045555592
2026-07-18T13:10:23.001467+00:00,3803.0,40.0,100.61,38.0,1657.0,696.1753257587552
2026-07-18T13:10:23.353684+00:00,3803.0,39.0,101.52,38.0,1657.0,696.5275430232286
2026-07-18T13:10:23.712959+00:00,3803.0,34.0,101.05,38.0,1657.0078125,696.8868182040751
2026-07-18T13:10:24.023552+00:00,3803.0,38.0,100.97,38.0,1657.0078125,697.1974111758173
2026-07-18T13:10:24.315775+00:00,3803.0,40.0,100.74,38.0,1657.0078125,697.489634718746
2026-07-18T13:10:24.630766+00:00,3803.0,40.0,101.75,38.0,1657.0078125,697.8046261742711
2026-07-18T13:10:24.942975+00:00,3803.0,36.0,101.28,38.0,1657.0078125,698.1168350055814
2026-07-18T13:10:25.277489+00:00,3803.0,39.0,101.02,38.0,1657.0078125,698.4513485915959
2026-07-18T13:10:25.591078+00:00,3803.0,41.0,101.23,38.0,1657.0078125,698.7649370059371
2026-07-18T13:10:25.907118+00:00,3803.0,40.0,101.41,38.0,1657.01953125,699.0809779241681
2026-07-18T13:10:26.237686+00:00,3803.0,41.0,101.47,38.0,1657.01953125,699.4115455597639
2026-07-18T13:10:26.547775+00:00,3803.0,40.0,101.03,38.0,1657.01953125,699.7216353267431
2026-07-18T13:10:26.910707+00:00,3803.0,40.0,101.05,38.0,1657.01953125,700.0845655240119
2026-07-18T13:10:27.249193+00:00,3803.0,38.0,100.89,38.0,1657.01953125,700.4230524934828
2026-07-18T13:10:27.692690+00:00,3803.0,8.0,99.71,38.0,1657.02734375,700.8665493912995
2026-07-18T13:10:28.002965+00:00,3803.0,40.0,100.04,38.0,1657.02734375,701.1768249981105
2026-07-18T13:10:28.295037+00:00,3803.0,41.0,100.88,38.0,1657.02734375,701.4688972383738
2026-07-18T13:10:28.607640+00:00,3803.0,40.0,102.17,38.0,1657.02734375,701.7814998067915
2026-07-18T13:10:28.940540+00:00,3803.0,40.0,101.88,38.0,1657.02734375,702.1143989637494
2026-07-18T13:10:29.232469+00:00,3803.0,5.0,100.22,38.0,1657.0390625,702.4063291996717
2026-07-18T13:10:29.589078+00:00,3803.0,40.0,99.84,38.0,1657.0390625,702.7629375867546
2026-07-18T13:10:29.920526+00:00,3803.0,40.0,99.92,38.0,1657.0390625,703.0943856015801
2026-07-18T13:10:30.212535+00:00,3803.0,40.0,101.39,38.0,1657.0390625,703.3863943740726
2026-07-18T13:10:30.568891+00:00,3803.0,39.0,101.07,38.0,1657.0390625,703.742749646306
2026-07-18T13:10:30.953023+00:00,3803.0,39.0,99.7,38.0,1657.046875,704.1268810592592
2026-07-18T13:10:31.289116+00:00,3803.0,40.0,100.68,38.0,1657.046875,704.4629759006202
2026-07-18T13:10:31.605073+00:00,3803.0,40.0,101.47,38.0,1657.046875,704.7789327502251
2026-07-18T13:10:31.918739+00:00,3803.0,40.0,102.21,38.0,1657.046875,705.0925989858806
2026-07-18T13:10:32.230964+00:00,3803.0,40.0,100.36,38.0,1657.05859375,705.4048238545656
2026-07-18T13:10:32.589129+00:00,3803.0,40.0,100.59,38.0,1657.05859375,705.7629886753857
2026-07-18T13:10:32.921680+00:00,3803.0,38.0,100.32,38.0,1657.05859375,706.095539920032
2026-07-18T13:10:33.235019+00:00,3803.0,40.0,101.42,38.0,1657.05859375,706.408878620714
2026-07-18T13:10:33.579281+00:00,3803.0,39.0,100.58,38.0,1657.0703125,706.7531402297318
2026-07-18T13:10:33.894720+00:00,3803.0,39.0,100.44,38.0,1657.0703125,707.0685793496668
2026-07-18T13:10:34.203005+00:00,3803.0,40.0,101.11,38.0,1657.0703125,707.3768636845052
2026-07-18T13:10:34.519411+00:00,3803.0,40.0,101.05,38.0,1657.0703125,707.6932706385851
2026-07-18T13:10:34.853371+00:00,3803.0,40.0,102.12,38.0,1657.0703125,708.0272307060659
2026-07-18T13:10:35.165755+00:00,3803.0,40.0,101.56,38.0,1657.0703125,708.3396142348647
2026-07-18T13:10:35.500304+00:00,3803.0,41.0,101.96,38.0,1657.0703125,708.674163646996
2026-07-18T13:10:35.808568+00:00,3803.0,40.0,101.96,38.0,1657.0703125,708.9824272058904
2026-07-18T13:10:36.123169+00:00,3803.0,40.0,101.56,38.0,1657.0703125,709.2970288321376
2026-07-18T13:10:36.434903+00:00,3803.0,40.0,101.71,38.0,1657.0703125,709.6087626107037
2026-07-18T13:10:36.812506+00:00,3803.0,27.0,100.64,38.0,1657.08203125,709.9863653741777
2026-07-18T13:10:37.127087+00:00,3803.0,40.0,101.08,38.0,1657.08203125,710.3009468205273
2026-07-18T13:10:37.419250+00:00,3803.0,21.0,100.15,38.0,1657.08984375,710.5931092947721
2026-07-18T13:10:37.757142+00:00,3803.0,40.0,100.91,38.0,1657.08984375,710.9310014471412
2026-07-18T13:10:38.117807+00:00,3803.0,39.0,100.36,38.0,1657.08984375,711.2916667982936
2026-07-18T13:10:38.436406+00:00,3803.0,25.0,100.65,38.0,1657.09765625,711.6102651208639
2026-07-18T13:10:38.772994+00:00,3803.0,40.0,100.8,38.0,1657.09765625,711.946853492409
2026-07-18T13:10:39.129763+00:00,3803.0,39.0,100.59,38.0,1657.09765625,712.3036221750081
2026-07-18T13:10:39.485503+00:00,3803.0,38.0,100.93,38.0,1657.09765625,712.6593620963395
2026-07-18T13:10:39.794850+00:00,3803.0,41.0,101.32,38.0,1657.09765625,712.9687101058662
2026-07-18T13:10:40.134035+00:00,3803.0,39.0,102.01,38.0,1657.09765625,713.3078954219818
2026-07-18T13:10:40.469019+00:00,3803.0,40.0,102.68,38.0,1657.09765625,713.642879191786
2026-07-18T13:10:40.783499+00:00,3803.0,40.0,101.79,38.0,1657.09765625,713.9573585428298
2026-07-18T13:10:41.118077+00:00,3803.0,40.0,101.02,38.0,1657.109375,714.2919358238578
2026-07-18T13:10:41.429272+00:00,3803.0,40.0,100.6,38.0,1657.109375,714.6031322665513
2026-07-18T13:10:41.789368+00:00,3803.0,40.0,100.82,38.0,1657.109375,714.9632278829813
2026-07-18T13:10:42.106810+00:00,3803.0,38.0,100.79,38.0,1657.109375,715.2806694693863
2026-07-18T13:10:42.446344+00:00,3803.0,33.0,100.56,38.0,1657.109375,715.6202033981681
2026-07-18T13:10:42.818786+00:00,3803.0,40.0,100.19,38.0,1657.109375,715.992645855993
2026-07-18T13:10:43.134895+00:00,3803.0,37.0,99.94,38.0,1657.1171875,716.3087539039552
2026-07-18T13:10:43.497479+00:00,3803.0,40.0,101.22,38.0,1657.1171875,716.6713386550546
2026-07-18T13:10:43.811431+00:00,3803.0,40.0,101.73,38.0,1657.1171875,716.9852902293205
2026-07-18T13:10:44.174610+00:00,3803.0,39.0,103.29,38.0,1657.1171875,717.3484701998532
2026-07-18T13:10:44.533465+00:00,3803.0,37.0,102.52,38.0,1657.1171875,717.7073241025209
2026-07-18T13:10:44.847436+00:00,3803.0,41.0,102.09,38.0,1657.1171875,718.0212952047586
2026-07-18T13:10:45.140826+00:00,3803.0,38.0,101.13,38.0,1657.1171875,718.3146851472557
2026-07-18T13:10:45.489958+00:00,3803.0,39.0,100.77,38.0,1657.1171875,718.6638177670538
2026-07-18T13:10:45.807445+00:00,3803.0,40.0,100.11,38.0,1657.12890625,718.9813051335514
2026-07-18T13:10:46.165259+00:00,3803.0,40.0,100.69,38.0,1657.12890625,719.339118104428
2026-07-18T13:10:46.501692+00:00,3803.0,40.0,100.35,38.0,1657.12890625,719.675551135093
2026-07-18T13:10:46.819108+00:00,3803.0,39.0,100.36,38.0,1657.140625,719.9929679334164
2026-07-18T13:10:47.158123+00:00,3803.0,38.0,100.29,38.0,1657.140625,720.3319698534906
2026-07-18T13:10:47.501922+00:00,3803.0,40.0,100.49,38.0,1657.140625,720.6757813766599
2026-07-18T13:10:47.813810+00:00,3803.0,40.0,101.25,38.0,1657.140625,720.9876699820161
2026-07-18T13:10:48.175109+00:00,3803.0,40.0,101.32,38.0,1657.140625,721.3489679992199
2026-07-18T13:10:48.488615+00:00,3803.0,41.0,101.73,38.0,1657.140625,721.6624748334289
2026-07-18T13:10:48.817737+00:00,3803.0,20.0,100.9,38.0,1657.1484375,721.9915965758264
2026-07-18T13:10:49.156817+00:00,3803.0,40.0,101.06,38.0,1657.1484375,722.3306767344475
2026-07-18T13:10:49.524233+00:00,3803.0,39.0,100.75,38.0,1657.1484375,722.698092110455
2026-07-18T13:10:49.857793+00:00,3803.0,41.0,101.47,38.0,1657.1484375,723.0316526554525
2026-07-18T13:10:50.194735+00:00,3803.0,40.0,100.86,38.0,1657.1484375,723.3685940727592
2026-07-18T13:10:50.511372+00:00,3803.0,40.0,100.45,38.0,1657.16015625,723.6852325461805
2026-07-18T13:10:50.844768+00:00,3803.0,40.0,100.99,38.0,1657.16015625,724.0186275355518
2026-07-18T13:10:51.159247+00:00,3803.0,40.0,100.85,38.0,1657.16015625,724.3331063129008
2026-07-18T13:10:51.474972+00:00,3803.0,18.0,100.82,38.0,1657.16796875,724.6488309726119
2026-07-18T13:10:51.809671+00:00,3803.0,40.0,101.04,38.0,1657.16796875,724.9835304245353
2026-07-18T13:10:52.123515+00:00,3803.0,40.0,101.06,38.0,1657.16796875,725.2973750308156
2026-07-18T13:10:52.480994+00:00,3803.0,19.0,101.22,38.0,1657.17578125,725.6548540629447
2026-07-18T13:10:52.816333+00:00,3803.0,40.0,100.01,38.0,1657.17578125,725.9901928715408
2026-07-18T13:10:53.153222+00:00,3803.0,39.0,100.52,38.0,1657.17578125,726.3270807117224
2026-07-18T13:10:53.484913+00:00,3803.0,40.0,100.54,38.0,1657.17578125,726.6587710157037
2026-07-18T13:10:53.799147+00:00,3803.0,41.0,101.16,38.0,1657.17578125,726.9730051346123
2026-07-18T13:10:54.133599+00:00,3803.0,40.0,101.17,38.0,1657.17578125,727.3074589110911
2026-07-18T13:10:54.460671+00:00,3803.0,40.0,101.51,38.0,1657.17578125,727.6345302648842
2026-07-18T13:10:54.772717+00:00,3803.0,41.0,101.51,38.0,1657.17578125,727.9465765580535
2026-07-18T13:10:55.102306+00:00,3803.0,39.0,100.21,38.0,1657.1875,728.2761646360159
2026-07-18T13:10:55.415213+00:00,3803.0,40.0,100.63,38.0,1657.1875,728.5890724435449
2026-07-18T13:10:55.772685+00:00,3803.0,40.0,100.72,38.0,1657.1875,728.946545239538
2026-07-18T13:10:56.135550+00:00,3803.0,40.0,101.94,38.0,1657.1875,729.3094096556306
2026-07-18T13:10:56.468705+00:00,3803.0,41.0,101.72,38.0,1657.1875,729.6425650417805
2026-07-18T13:10:56.761121+00:00,3803.0,40.0,101.37,38.0,1657.1875,729.9349802285433
2026-07-18T13:10:57.053633+00:00,3803.0,41.0,101.34,38.0,1657.1875,730.2274932414293
2026-07-18T13:10:57.411465+00:00,3803.0,29.0,100.94,38.0,1658.4375,730.5853248015046
2026-07-18T13:10:57.727912+00:00,3803.0,39.0,100.96,38.0,1658.63671875,730.9017710089684
2026-07-18T13:10:58.020370+00:00,3803.0,41.0,101.07,38.0,1658.63671875,731.1942295357585
2026-07-18T13:10:58.331021+00:00,3803.0,40.0,100.94,38.0,1658.63671875,731.5048805586994
2026-07-18T13:10:58.647784+00:00,3803.0,40.0,101.53,38.0,1658.63671875,731.8216433860362
2026-07-18T13:10:58.992679+00:00,3803.0,33.0,100.71,38.0,1658.65234375,732.1665389724076
2026-07-18T13:10:59.325110+00:00,3803.0,40.0,101.19,38.0,1658.65234375,732.498970348388
2026-07-18T13:10:59.635199+00:00,3803.0,40.0,101.4,38.0,1658.65234375,732.8090585283935
2026-07-18T13:10:59.997530+00:00,3803.0,40.0,101.71,38.0,1658.65234375,733.1713901981711
2026-07-18T13:11:00.315294+00:00,3803.0,37.0,100.81,38.0,1658.65234375,733.4891531914473
2026-07-18T13:11:00.608696+00:00,3803.0,38.0,100.3,38.0,1658.65234375,733.782555539161
2026-07-18T13:11:00.900912+00:00,3803.0,40.0,100.43,38.0,1658.65234375,734.0747723355889
2026-07-18T13:11:01.215216+00:00,3803.0,40.0,100.01,38.0,1658.65234375,734.3890757784247
2026-07-18T13:11:01.577049+00:00,3803.0,39.0,100.62,38.0,1658.65234375,734.7509087696671
2026-07-18T13:11:01.933957+00:00,3803.0,40.0,100.16,38.0,1658.66796875,735.1078168340027
2026-07-18T13:11:02.293240+00:00,3803.0,39.0,100.35,38.0,1658.66796875,735.4670994989574
2026-07-18T13:11:02.603130+00:00,3803.0,40.0,100.98,38.0,1658.66796875,735.7769906036556
2026-07-18T13:11:02.896841+00:00,3803.0,40.0,101.06,38.0,1658.66796875,736.0707013905048
2026-07-18T13:11:03.189757+00:00,3803.0,40.0,101.66,38.0,1658.66796875,736.3636170476675
2026-07-18T13:11:03.502917+00:00,3803.0,40.0,101.71,38.0,1658.66796875,736.6767752841115
2026-07-18T13:11:03.843559+00:00,3803.0,40.0,101.39,38.0,1658.66796875,737.0174170471728
2026-07-18T13:11:04.205699+00:00,3803.0,39.0,100.93,38.0,1658.66796875,737.3795556239784
2026-07-18T13:11:04.569186+00:00,3803.0,39.0,100.97,38.0,1658.66796875,737.7430443614721
2026-07-18T13:11:04.886670+00:00,3803.0,40.0,101.1,38.0,1658.68359375,738.0605293698609
2026-07-18T13:11:05.178791+00:00,3803.0,40.0,100.82,38.0,1658.68359375,738.3526506498456
2026-07-18T13:11:05.495083+00:00,3803.0,38.0,100.96,38.0,1658.68359375,738.6689425744116
2026-07-18T13:11:05.858684+00:00,3803.0,40.0,101.17,38.0,1658.68359375,739.0325435884297
2026-07-18T13:11:06.175640+00:00,3803.0,40.0,101.74,38.0,1658.68359375,739.349499527365
2026-07-18T13:11:06.487571+00:00,3803.0,40.0,101.6,38.0,1658.68359375,739.6614305265248
2026-07-18T13:11:06.799466+00:00,3803.0,40.0,103.03,38.0,1658.68359375,739.9733261913061
2026-07-18T13:11:07.111217+00:00,3803.0,41.0,102.12,38.0,1658.68359375,740.2850763909519
2026-07-18T13:11:07.430995+00:00,3803.0,39.0,102.35,38.0,1658.68359375,740.6048543415964
2026-07-18T13:11:07.769808+00:00,3803.0,38.0,101.3,38.0,1658.68359375,740.9436677582562
2026-07-18T13:11:08.105285+00:00,3803.0,25.0,100.58,38.0,1658.69921875,741.2791433334351
2026-07-18T13:11:08.419076+00:00,3803.0,39.0,100.02,38.0,1658.69921875,741.5929353348911
2026-07-18T13:11:08.735501+00:00,3803.0,39.0,100.22,38.0,1658.69921875,741.9093604460359
2026-07-18T13:11:09.073458+00:00,3803.0,40.0,100.89,38.0,1658.69921875,742.2473178952932
2026-07-18T13:11:09.365455+00:00,3803.0,40.0,101.5,38.0,1658.69921875,742.5393146574497
2026-07-18T13:11:09.678727+00:00,3803.0,39.0,100.64,38.0,1658.69921875,742.8525868356228
2026-07-18T13:11:10.017934+00:00,3803.0,39.0,100.12,38.0,1658.71484375,743.191793423146
2026-07-18T13:11:10.331343+00:00,3803.0,40.0,99.31,38.0,1658.71484375,743.5052021294832
2026-07-18T13:11:10.668582+00:00,3803.0,40.0,100.12,38.0,1658.71484375,743.8424411341548
2026-07-18T13:11:10.961218+00:00,3803.0,40.0,100.25,38.0,1658.71484375,744.1350772157311
2026-07-18T13:11:11.297192+00:00,3803.0,38.0,101.04,38.0,1658.7265625,744.4710506163538
2026-07-18T13:11:11.638555+00:00,3803.0,40.0,101.04,38.0,1658.7265625,744.8124131895602
2026-07-18T13:11:11.973193+00:00,3803.0,40.0,101.22,38.0,1658.7265625,745.1470524221659
2026-07-18T13:11:12.339908+00:00,3803.0,38.0,101.21,38.0,1658.734375,745.5137678533792
2026-07-18T13:11:12.652156+00:00,3803.0,39.0,100.74,38.0,1658.734375,745.8260152749717
2026-07-18T13:11:12.968721+00:00,3803.0,40.0,101.2,38.0,1658.73828125,746.1425809673965
2026-07-18T13:11:13.261935+00:00,3803.0,16.0,100.21,38.0,1658.75390625,746.4357950463891
2026-07-18T13:11:13.574684+00:00,3803.0,40.0,100.6,38.0,1658.75390625,746.748543869704
2026-07-18T13:11:13.889504+00:00,3803.0,40.0,100.52,38.0,1658.7578125,747.0633637495339
2026-07-18T13:11:14.202782+00:00,3803.0,40.0,101.87,38.0,1658.7578125,747.3766409009695
2026-07-18T13:11:14.541733+00:00,3803.0,40.0,101.18,38.0,1658.76171875,747.715593084693
2026-07-18T13:11:14.855207+00:00,3803.0,40.0,102.16,38.0,1658.765625,748.029066581279
2026-07-18T13:11:15.191651+00:00,3803.0,40.0,102.36,38.0,1658.765625,748.3655105605721
2026-07-18T13:11:15.529001+00:00,3803.0,40.0,102.99,38.0,1658.765625,748.7028615660965
2026-07-18T13:11:15.821511+00:00,3803.0,40.0,101.88,38.0,1658.765625,748.9953702762723
2026-07-18T13:11:16.152759+00:00,3803.0,40.0,101.69,38.0,1658.765625,749.3266185969114
2026-07-18T13:11:16.510466+00:00,3803.0,40.0,100.25,38.0,1658.78515625,749.6843247562647
2026-07-18T13:11:16.827184+00:00,3803.0,40.0,99.72,38.0,1658.78515625,750.0010432861745
2026-07-18T13:11:17.138897+00:00,3803.0,37.0,99.37,38.0,1658.78515625,750.3127557449043
2026-07-18T13:11:17.472754+00:00,3803.0,38.0,100.3,38.0,1658.78515625,750.6466140300035
2026-07-18T13:11:17.809422+00:00,3803.0,40.0,101.03,38.0,1658.79296875,750.9832818619907
2026-07-18T13:11:18.125389+00:00,3803.0,40.0,101.44,38.0,1658.79296875,751.2992490306497
2026-07-18T13:11:18.461226+00:00,3803.0,39.0,100.83,38.0,1658.79296875,751.6350856535137
2026-07-18T13:11:18.802057+00:00,3803.0,36.0,100.29,38.0,1658.79296875,751.9759165644646
2026-07-18T13:11:19.114573+00:00,3803.0,40.0,100.21,38.0,1658.79296875,752.2884327694774
2026-07-18T13:11:19.431158+00:00,3803.0,40.0,101.3,38.0,1658.796875,752.6050166934729
2026-07-18T13:11:19.726131+00:00,3803.0,40.0,101.72,38.0,1658.796875,752.8999905958772
2026-07-18T13:11:20.018750+00:00,3803.0,41.0,101.67,38.0,1658.796875,753.1926093921065
2026-07-18T13:11:20.311716+00:00,3803.0,38.0,100.86,38.0,1658.8203125,753.4855752773583
2026-07-18T13:11:20.604996+00:00,3803.0,39.0,100.51,38.0,1658.8203125,753.778855651617
2026-07-18T13:11:20.961439+00:00,3803.0,40.0,100.3,38.0,1658.8203125,754.1352987028658
2026-07-18T13:11:21.276242+00:00,3803.0,40.0,100.15,38.0,1658.82421875,754.4501005485654
2026-07-18T13:11:21.612930+00:00,3803.0,40.0,100.42,38.0,1658.82421875,754.7867900878191
2026-07-18T13:11:21.949327+00:00,3803.0,40.0,100.97,38.0,1658.82421875,755.123187571764
2026-07-18T13:11:22.285030+00:00,3803.0,41.0,101.79,38.0,1658.82421875,755.4588891901076
2026-07-18T13:11:22.621091+00:00,3803.0,40.0,101.37,38.0,1658.82421875,755.794950351119
2026-07-18T13:11:22.980955+00:00,3803.0,39.0,101.16,38.0,1658.82421875,756.154813464731
2026-07-18T13:11:23.333564+00:00,3803.0,40.0,101.55,38.0,1658.828125,756.5074234008789
2026-07-18T13:11:23.646110+00:00,3803.0,40.0,101.68,38.0,1658.828125,756.8199701420963
2026-07-18T13:11:23.963206+00:00,3803.0,40.0,101.81,38.0,1658.828125,757.1370660923421
2026-07-18T13:11:24.278654+00:00,3803.0,39.0,101.5,38.0,1658.828125,757.4525138475001
2026-07-18T13:11:24.671381+00:00,3803.0,40.0,102.21,38.0,1658.828125,757.8452390953898
2026-07-18T13:11:24.991983+00:00,3803.0,39.0,100.75,38.0,1658.859375,758.1658418141305
2026-07-18T13:11:25.302519+00:00,3803.0,39.0,98.76,38.0,1658.859375,758.476378723979
2026-07-18T13:11:25.619176+00:00,3803.0,40.0,98.12,38.0,1658.86328125,758.7930355593562
2026-07-18T13:11:25.931085+00:00,3803.0,39.0,99.94,38.0,1658.91015625,759.1049438863993
2026-07-18T13:11:26.289192+00:00,3803.0,39.0,100.71,38.0,1658.92578125,759.4630513191223
2026-07-18T13:11:26.582352+00:00,3803.0,39.0,101.3,38.0,1658.9296875,759.756211552769
2026-07-18T13:11:26.943743+00:00,3803.0,30.0,99.49,38.0,1658.94140625,760.1176013797522
2026-07-18T13:11:27.261613+00:00,3803.0,40.0,99.46,38.0,1658.9453125,760.4354726523161
2026-07-18T13:11:27.580506+00:00,3803.0,39.0,99.6,38.0,1658.95703125,760.7543653585017
2026-07-18T13:11:27.920955+00:00,3803.0,40.0,100.03,38.0,1658.95703125,761.0948137678206
2026-07-18T13:11:28.256674+00:00,3803.0,39.0,100.59,38.0,1658.9609375,761.4305322468281
2026-07-18T13:11:28.549184+00:00,3803.0,40.0,100.87,38.0,1658.9765625,761.7230437621474
2026-07-18T13:11:28.858826+00:00,3803.0,40.0,100.7,38.0,1658.9765625,762.0326853580773
2026-07-18T13:11:29.281538+00:00,3803.0,3.0,98.18,38.0,1658.98828125,762.4553960748017
2026-07-18T13:11:29.577013+00:00,3803.0,41.0,98.58,38.0,1658.99609375,762.75086472556
2026-07-18T13:11:29.917540+00:00,3803.0,40.0,99.29,38.0,1658.99609375,763.0913991928101
2026-07-18T13:11:30.276845+00:00,3803.0,40.0,102.33,38.0,1658.99609375,763.450704742223
2026-07-18T13:11:30.590960+00:00,3803.0,41.0,102.12,38.0,1658.99609375,763.7648195512593
2026-07-18T13:11:30.884885+00:00,3803.0,40.0,101.82,38.0,1658.99609375,764.0587447918952
2026-07-18T13:11:31.224859+00:00,3803.0,30.0,101.53,38.0,1658.99609375,764.3987185768783
2026-07-18T13:11:31.539379+00:00,3803.0,40.0,101.13,38.0,1658.99609375,764.7132378257811
2026-07-18T13:11:31.866701+00:00,3803.0,41.0,101.53,38.0,1658.99609375,765.0405606031418
2026-07-18T13:11:32.183037+00:00,3803.0,40.0,102.02,38.0,1659.01953125,765.3568969666958
2026-07-18T13:11:32.475033+00:00,3803.0,40.0,101.99,38.0,1659.01953125,765.648892197758
2026-07-18T13:11:32.813165+00:00,3803.0,40.0,101.58,38.0,1659.01953125,765.9870244674385
2026-07-18T13:11:33.128151+00:00,3803.0,38.0,101.82,38.0,1659.01953125,766.3020098991692
2026-07-18T13:11:33.465288+00:00,3803.0,38.0,100.82,38.0,1659.01953125,766.6391470357776
2026-07-18T13:11:33.779609+00:00,3803.0,41.0,100.91,38.0,1659.01953125,766.953468605876
2026-07-18T13:11:34.115711+00:00,3803.0,41.0,100.99,38.0,1659.01953125,767.2895640805364
2026-07-18T13:11:34.453326+00:00,3803.0,39.0,101.14,38.0,1659.03515625,767.6271851807833
2026-07-18T13:11:34.745736+00:00,3803.0,40.0,101.23,38.0,1659.03515625,767.9195959977806
2026-07-18T13:11:35.038174+00:00,3803.0,40.0,100.45,38.0,1659.03515625,768.2120338827372
2026-07-18T13:11:35.392575+00:00,3803.0,35.0,101.09,38.0,1659.03515625,768.566434238106
2026-07-18T13:11:35.706993+00:00,3803.0,40.0,101.17,38.0,1659.03515625,768.8808524124324
2026-07-18T13:11:36.045805+00:00,3803.0,40.0,101.6,38.0,1659.03515625,769.2196646817029
2026-07-18T13:11:36.359020+00:00,3803.0,0.0,99.77,38.0,1659.05078125,769.5328796543181
2026-07-18T13:11:36.655028+00:00,3803.0,39.0,99.12,38.0,1659.05078125,769.8288874849677
2026-07-18T13:11:36.970730+00:00,3803.0,40.0,99.29,38.0,1659.05078125,770.144589677453
2026-07-18T13:11:37.283436+00:00,3803.0,40.0,100.26,38.0,1659.05078125,770.4572956226766
2026-07-18T13:11:37.622111+00:00,3803.0,40.0,100.56,38.0,1659.05078125,770.7959704734385
2026-07-18T13:11:37.985247+00:00,3803.0,40.0,100.83,38.0,1659.05078125,771.1591064073145
2026-07-18T13:11:38.345313+00:00,3803.0,40.0,101.93,38.0,1659.05078125,771.5191716551781
2026-07-18T13:11:38.639861+00:00,3803.0,40.0,101.89,38.0,1659.05078125,771.8137206025422
2026-07-18T13:11:38.954904+00:00,3803.0,39.0,102.21,38.0,1659.05078125,772.1287590228021
2026-07-18T13:11:39.272553+00:00,3803.0,40.0,101.75,38.0,1659.05078125,772.4464115723968
2026-07-18T13:11:39.583312+00:00,3803.0,26.0,100.29,38.0,1659.06640625,772.7571709118783
2026-07-18T13:11:39.941082+00:00,3803.0,40.0,100.21,38.0,1659.06640625,773.1149414218962
2026-07-18T13:11:40.232937+00:00,3803.0,40.0,100.34,38.0,1659.06640625,773.4067971743643
2026-07-18T13:11:40.526007+00:00,3803.0,38.0,102.39,38.0,1659.06640625,773.6998653523624
2026-07-18T13:11:40.861345+00:00,3803.0,40.0,101.61,38.0,1659.06640625,774.0352036766708
2026-07-18T13:11:41.197406+00:00,3803.0,40.0,102.0,38.0,1659.0859375,774.371265552938
2026-07-18T13:11:41.529075+00:00,3803.0,40.0,101.18,38.0,1659.0859375,774.7029342539608
2026-07-18T13:11:41.822793+00:00,3803.0,39.0,100.18,38.0,1659.0859375,774.996652815491
2026-07-18T13:11:42.179735+00:00,3803.0,40.0,100.99,38.0,1659.0859375,775.3535944633186
2026-07-18T13:11:42.516724+00:00,3803.0,40.0,100.93,38.0,1659.0859375,775.6905844435096
2026-07-18T13:11:42.849498+00:00,3803.0,40.0,102.67,38.0,1659.0859375,776.0233580246568
2026-07-18T13:11:43.205561+00:00,3803.0,40.0,102.08,38.0,1659.0859375,776.3794206604362
2026-07-18T13:11:43.542328+00:00,3803.0,37.0,100.93,38.0,1659.1015625,776.7161870114505
2026-07-18T13:11:43.859315+00:00,3803.0,39.0,99.99,38.0,1659.1015625,777.0331722274423
2026-07-18T13:11:44.157688+00:00,3803.0,38.0,100.22,38.0,1659.1015625,777.3315477147698
2026-07-18T13:11:44.474295+00:00,3803.0,39.0,101.12,38.0,1659.1015625,777.6481543518603
2026-07-18T13:11:44.791355+00:00,3803.0,41.0,101.85,38.0,1659.1015625,777.9652150385082
2026-07-18T13:11:45.120052+00:00,3803.0,39.0,101.15,38.0,1659.1015625,778.293911088258
2026-07-18T13:11:45.414964+00:00,3803.0,40.0,100.61,38.0,1659.11328125,778.5888230986893
2026-07-18T13:11:45.757330+00:00,3803.0,40.0,100.15,38.0,1659.11328125,778.9311889670789
2026-07-18T13:11:46.075455+00:00,3803.0,40.0,101.13,38.0,1659.11328125,779.2493140548468
2026-07-18T13:11:46.414094+00:00,3803.0,39.0,101.56,38.0,1659.11328125,779.5879527367651
2026-07-18T13:11:46.777166+00:00,3803.0,40.0,101.87,38.0,1659.11328125,779.9510255120695
2026-07-18T13:11:47.105243+00:00,3803.0,40.0,102.5,38.0,1659.11328125,780.2791028805077
2026-07-18T13:11:47.441068+00:00,3803.0,39.0,102.24,38.0,1659.11328125,780.6149270310998
2026-07-18T13:11:47.801643+00:00,3803.0,40.0,101.98,38.0,1659.11328125,780.9755023866892
2026-07-18T13:11:48.165036+00:00,3803.0,40.0,101.4,38.0,1659.11328125,781.3388953283429
2026-07-18T13:11:48.479235+00:00,3803.0,39.0,101.32,38.0,1659.11328125,781.6530942879617
2026-07-18T13:11:48.792568+00:00,3803.0,39.0,100.84,38.0,1659.11328125,781.9664277099073
2026-07-18T13:11:49.134010+00:00,3803.0,18.0,100.22,38.0,1659.1328125,782.3078683204949
2026-07-18T13:11:49.503755+00:00,3803.0,36.0,100.85,38.0,1659.1328125,782.6776143200696
2026-07-18T13:11:49.860541+00:00,3803.0,40.0,100.36,38.0,1659.1328125,783.0344008989632
2026-07-18T13:11:50.178637+00:00,3803.0,39.0,100.63,38.0,1659.1328125,783.352495867759
2026-07-18T13:11:50.475625+00:00,3803.0,39.0,100.05,38.0,1659.1328125,783.6494845636189
2026-07-18T13:11:50.769466+00:00,3803.0,39.0,101.02,38.0,1659.1328125,783.9433259703219
2026-07-18T13:11:51.087234+00:00,3803.0,40.0,101.81,38.0,1659.1328125,784.2610942833126
2026-07-18T13:11:51.408944+00:00,3803.0,38.0,102.02,38.0,1659.1328125,784.5828025899827
2026-07-18T13:11:51.769075+00:00,3803.0,38.0,100.58,38.0,1659.1328125,784.9429349005222
2026-07-18T13:11:52.129994+00:00,3803.0,36.0,100.0,38.0,1659.1328125,785.3038539327681
2026-07-18T13:11:52.450937+00:00,3803.0,38.0,100.0,38.0,1659.1328125,785.6247965656221
2026-07-18T13:11:52.788644+00:00,3803.0,41.0,101.22,38.0,1659.1328125,785.9625037573278
2026-07-18T13:11:53.150236+00:00,3803.0,40.0,102.26,38.0,1659.1328125,786.3240958079696
2026-07-18T13:11:53.467128+00:00,3803.0,41.0,102.26,38.0,1659.1328125,786.6409882903099
2026-07-18T13:11:53.804963+00:00,3803.0,39.0,102.07,38.0,1659.1328125,786.9788228683174
2026-07-18T13:11:54.114841+00:00,3803.0,39.0,101.2,38.0,1659.1328125,787.2887005060911
2026-07-18T13:11:54.481150+00:00,3803.0,41.0,100.89,38.0,1659.1328125,787.6550086885691
2026-07-18T13:11:54.812996+00:00,3803.0,39.0,100.81,38.0,1659.15625,787.9868546538055
2026-07-18T13:11:55.109317+00:00,3803.0,39.0,100.99,38.0,1659.15625,788.2831760980189
2026-07-18T13:11:55.403334+00:00,3803.0,39.0,100.68,38.0,1659.15625,788.5771940089762
2026-07-18T13:11:55.715744+00:00,3803.0,39.0,101.41,38.0,1659.15625,788.8896033987403
2026-07-18T13:11:56.014862+00:00,3803.0,40.0,101.0,38.0,1659.15625,789.1887212954462
2026-07-18T13:11:56.380011+00:00,3803.0,39.0,100.93,38.0,1659.15625,789.5538692101836
2026-07-18T13:11:56.695399+00:00,3803.0,39.0,100.85,38.0,1659.15625,789.8692579418421
2026-07-18T13:11:57.052062+00:00,3803.0,40.0,101.75,38.0,1659.15625,790.2259211204946
2026-07-18T13:11:57.409273+00:00,3803.0,39.0,101.04,38.0,1659.15625,790.5831327028573
2026-07-18T13:11:57.720503+00:00,3803.0,41.0,101.02,38.0,1659.15625,790.8943619020283
2026-07-18T13:11:58.083780+00:00,3803.0,40.0,101.87,38.0,1659.15625,791.2576394677162
2026-07-18T13:11:58.440717+00:00,3803.0,40.0,102.44,38.0,1659.15625,791.6145766153932
2026-07-18T13:11:58.781679+00:00,3803.0,40.0,102.64,38.0,1659.15625,791.9555383622646
2026-07-18T13:11:59.144760+00:00,3803.0,41.0,102.28,38.0,1659.15625,792.3186200298369
2026-07-18T13:11:59.480315+00:00,3803.0,41.0,102.47,38.0,1659.15625,792.6541627272964
2026-07-18T13:11:59.815768+00:00,3803.0,37.0,101.65,38.0,1659.1796875,792.9896274320781
2026-07-18T13:12:00.146255+00:00,3803.0,38.0,100.5,38.0,1659.1796875,793.3201135508716
2026-07-18T13:12:00.462897+00:00,3803.0,37.0,99.34,38.0,1659.1796875,793.6367555521429
2026-07-18T13:12:00.781706+00:00,3803.0,39.0,99.36,38.0,1659.1796875,793.9555657915771
2026-07-18T13:12:01.121529+00:00,3803.0,38.0,99.17,38.0,1659.18359375,794.2953876443207
2026-07-18T13:12:01.461307+00:00,3803.0,37.0,99.99,38.0,1659.18359375,794.6351661384106
2026-07-18T13:12:01.802366+00:00,3803.0,34.0,100.78,38.0,1659.1875,794.9762258157134
2026-07-18T13:12:02.115446+00:00,3803.0,38.0,100.73,38.0,1659.1875,795.2893050462008
2026-07-18T13:12:02.431869+00:00,3803.0,38.0,100.86,38.0,1659.1875,795.6057279706001
2026-07-18T13:12:02.768961+00:00,3803.0,39.0,99.76,38.0,1659.1875,795.9428208395839
2026-07-18T13:12:03.083028+00:00,3803.0,39.0,100.28,38.0,1659.19140625,796.2568878084421
2026-07-18T13:12:03.445444+00:00,3803.0,38.0,99.72,38.0,1659.19140625,796.6193039752543
2026-07-18T13:12:03.739002+00:00,3803.0,40.0,100.2,38.0,1659.19140625,796.9128611981869
2026-07-18T13:12:04.032231+00:00,3803.0,41.0,100.87,38.0,1659.19140625,797.2060911767185
2026-07-18T13:12:04.374615+00:00,3803.0,40.0,101.09,38.0,1659.1953125,797.548474881798
2026-07-18T13:12:04.739754+00:00,3803.0,32.0,101.56,38.0,1659.1953125,797.9136134386063
2026-07-18T13:12:05.090366+00:00,3803.0,37.0,101.95,38.0,1659.19921875,798.264225371182
2026-07-18T13:12:05.433448+00:00,3803.0,38.0,101.3,38.0,1659.23046875,798.6073067896068
2026-07-18T13:12:05.737239+00:00,3803.0,37.0,101.02,38.0,1659.23046875,798.9110984615982
2026-07-18T13:12:06.097797+00:00,3803.0,38.0,100.34,38.0,1659.23046875,799.2716560065746
2026-07-18T13:12:06.414312+00:00,3803.0,37.0,100.64,38.0,1659.23046875,799.5881718955934
2026-07-18T13:12:06.782331+00:00,3803.0,38.0,100.65,38.0,1659.23828125,799.9561897702515
2026-07-18T13:12:07.144967+00:00,3803.0,38.0,100.51,38.0,1659.23828125,800.3188266567886
2026-07-18T13:12:07.459223+00:00,3803.0,39.0,100.73,38.0,1659.23828125,800.633082319051
2026-07-18T13:12:07.790748+00:00,3803.0,39.0,100.91,38.0,1659.2421875,800.9646075181663
2026-07-18T13:12:08.113080+00:00,3803.0,38.0,101.15,38.0,1659.2421875,801.2869384326041
2026-07-18T13:12:08.432005+00:00,3803.0,39.0,101.2,38.0,1659.24609375,801.6058650501072
2026-07-18T13:12:08.769859+00:00,3803.0,39.0,101.52,38.0,1659.24609375,801.9437181502581
2026-07-18T13:12:09.099001+00:00,3803.0,40.0,101.54,38.0,1659.24609375,802.2728602550924
2026-07-18T13:12:09.437101+00:00,3803.0,40.0,101.46,38.0,1659.25,802.6109605841339
2026-07-18T13:12:09.747999+00:00,3803.0,39.0,101.31,38.0,1659.25,802.9218586459756
2026-07-18T13:12:10.103857+00:00,3803.0,37.0,101.46,38.0,1659.25,803.2777159065008
2026-07-18T13:12:10.422519+00:00,3803.0,20.0,100.67,38.0,1659.28125,803.5963777191937
2026-07-18T13:12:10.739423+00:00,3803.0,37.0,101.24,38.0,1659.28125,803.9132828079164
2026-07-18T13:12:11.053301+00:00,3803.0,35.0,100.89,38.0,1659.28125,804.2271539717913
2026-07-18T13:12:11.417476+00:00,3803.0,38.0,101.11,38.0,1659.28515625,804.5913354195654
2026-07-18T13:12:11.712079+00:00,3803.0,39.0,99.69,38.0,1659.28515625,804.885938718915
2026-07-18T13:12:12.051572+00:00,3803.0,26.0,98.28,38.0,1659.29296875,805.2254160903394
2026-07-18T13:12:12.389825+00:00,3803.0,38.0,98.85,38.0,1659.29296875,805.5636846385896
2026-07-18T13:12:12.752926+00:00,3803.0,40.0,99.83,38.0,1659.30078125,805.926785748452
2026-07-18T13:12:13.066924+00:00,3803.0,38.0,101.12,38.0,1659.30078125,806.2407830320299
2026-07-18T13:12:13.410279+00:00,3803.0,40.0,100.9,38.0,1659.3046875,806.5841383896768
2026-07-18T13:12:13.747394+00:00,3803.0,38.0,101.26,38.0,1659.3125,806.9212524779141
2026-07-18T13:12:14.046062+00:00,3803.0,38.0,101.22,38.0,1659.3125,807.2199214063585
2026-07-18T13:12:14.410734+00:00,3803.0,32.0,100.95,38.0,1659.3203125,807.5845937393606
2026-07-18T13:12:14.745529+00:00,3803.0,41.0,100.68,38.0,1659.32421875,807.9193887263536
2026-07-18T13:12:15.041625+00:00,3803.0,42.0,99.9,38.0,1659.34765625,808.2154841348529
2026-07-18T13:12:15.373290+00:00,3803.0,38.0,100.16,38.0,1659.359375,808.5471494235098
2026-07-18T13:12:15.709319+00:00,3803.0,40.0,100.48,38.0,1659.359375,808.8831786103547
2026-07-18T13:12:16.026828+00:00,3803.0,40.0,100.98,38.0,1659.36328125,809.2006875686347
2026-07-18T13:12:16.365372+00:00,3803.0,41.0,101.3,38.0,1659.3671875,809.5392315499485
2026-07-18T13:12:16.678307+00:00,3803.0,38.0,100.69,38.0,1659.3671875,809.8521668687463
2026-07-18T13:12:16.999610+00:00,3803.0,39.0,100.01,38.0,1659.37890625,810.1734688319266
2026-07-18T13:12:17.313822+00:00,3803.0,39.0,99.52,38.0,1659.3828125,810.4876813665032
2026-07-18T13:12:17.681148+00:00,3803.0,38.0,99.85,38.0,1659.390625,810.8550073355436
2026-07-18T13:12:18.025640+00:00,3803.0,0.0,98.63,38.0,1661.22265625,811.1994978785515
2026-07-18T13:12:18.421268+00:00,3803.0,37.0,97.91,38.0,1661.42578125,811.5951272398233
2026-07-18T13:12:18.791630+00:00,3803.0,38.0,97.92,38.0,1661.515625,811.9654886126518
2026-07-18T13:12:19.126142+00:00,3803.0,35.0,102.1,38.0,1661.515625,812.3000013940036
2026-07-18T13:12:19.462154+00:00,3803.0,38.0,101.1,38.0,1661.53515625,812.6360136382282
2026-07-18T13:12:19.779008+00:00,3803.0,38.0,101.47,38.0,1661.5546875,812.952867154032
2026-07-18T13:12:20.135778+00:00,3803.0,38.0,101.94,38.0,1661.5546875,813.3096378408372
2026-07-18T13:12:20.469685+00:00,3803.0,39.0,101.95,38.0,1661.5625,813.6435450017452
2026-07-18T13:12:20.813514+00:00,3803.0,38.0,101.74,38.0,1661.57421875,813.9873729869723
2026-07-18T13:12:21.135662+00:00,3803.0,39.0,101.55,38.0,1661.58203125,814.3095214627683
2026-07-18T13:12:21.452279+00:00,3803.0,38.0,101.73,38.0,1661.59375,814.6261384598911
2026-07-18T13:12:21.767601+00:00,3803.0,39.0,101.94,38.0,1661.59375,814.9414597079158
2026-07-18T13:12:22.083112+00:00,3803.0,40.0,102.12,38.0,1661.61328125,815.2569715157151
2026-07-18T13:12:22.421498+00:00,3803.0,40.0,102.77,38.0,1661.6171875,815.595358364284
2026-07-18T13:12:22.739822+00:00,3803.0,41.0,102.58,38.0,1661.6171875,815.9136813618243
2026-07-18T13:12:23.099834+00:00,3803.0,39.0,102.49,38.0,1661.6328125,816.273693934083
2026-07-18T13:12:23.411970+00:00,3803.0,35.0,102.4,38.0,1661.64453125,816.5858286395669
2026-07-18T13:12:23.723378+00:00,3803.0,18.0,101.93,38.0,1661.671875,816.8972376361489
2026-07-18T13:12:24.047269+00:00,3803.0,39.0,101.65,38.0,1661.87890625,817.2211285494268
2026-07-18T13:12:24.409080+00:00,3803.0,40.0,101.51,38.0,1661.8828125,817.582939684391
2026-07-18T13:12:24.730249+00:00,3803.0,40.0,102.36,38.0,1661.890625,817.9041087254882
2026-07-18T13:12:25.061425+00:00,3803.0,38.0,102.18,38.0,1661.89453125,818.2352837435901
2026-07-18T13:12:25.362230+00:00,3803.0,35.0,99.58,38.0,1661.89453125,818.5360892526805
2026-07-18T13:12:25.655938+00:00,3803.0,40.0,99.44,38.0,1661.89453125,818.8297980725765
2026-07-18T13:12:25.973189+00:00,3803.0,41.0,100.31,38.0,1661.89453125,819.1470481269062
2026-07-18T13:12:26.287146+00:00,3803.0,41.0,103.6,38.0,1661.89453125,819.4610066078603
2026-07-18T13:12:26.602513+00:00,3803.0,40.0,103.69,38.0,1661.89453125,819.7763730511069
2026-07-18T13:12:26.919520+00:00,3803.0,36.0,103.51,38.0,1661.89453125,820.0933798104525
2026-07-18T13:12:27.272613+00:00,3803.0,41.0,103.64,38.0,1661.89453125,820.446472581476
2026-07-18T13:12:27.590359+00:00,3803.0,41.0,104.06,38.0,1661.89453125,820.7642182894051
2026-07-18T13:12:27.928993+00:00,3803.0,41.0,104.42,38.0,1661.89453125,821.102851446718
2026-07-18T13:12:28.268708+00:00,3803.0,41.0,103.89,38.0,1661.89453125,821.4425678178668
2026-07-18T13:12:28.602329+00:00,3803.0,18.0,103.25,38.0,1661.91796875,821.7761885114014
2026-07-18T13:12:28.918715+00:00,3803.0,39.0,102.54,38.0,1661.91796875,822.0925744697452
2026-07-18T13:12:29.231181+00:00,3803.0,40.0,103.22,38.0,1661.91796875,822.4050408862531
2026-07-18T13:12:29.547546+00:00,3803.0,40.0,103.1,38.0,1661.91796875,822.7214052081108
2026-07-18T13:12:29.866815+00:00,3803.0,39.0,103.0,38.0,1661.91796875,823.0406731516123
2026-07-18T13:12:30.204578+00:00,3803.0,40.0,102.67,38.0,1661.91796875,823.3784375190735
2026-07-18T13:12:30.498850+00:00,3803.0,39.0,102.36,38.0,1661.91796875,823.6727096922696
2026-07-18T13:12:30.811746+00:00,3803.0,40.0,103.64,38.0,1661.91796875,823.9856066964567
2026-07-18T13:12:31.128049+00:00,3803.0,40.0,103.48,38.0,1661.91796875,824.3019089139998
2026-07-18T13:12:31.511034+00:00,3803.0,41.0,103.91,38.0,1661.91796875,824.6848932988942
2026-07-18T13:12:31.849095+00:00,3803.0,31.0,101.67,38.0,1661.93359375,825.0229550004005
2026-07-18T13:12:32.166985+00:00,3803.0,40.0,101.22,38.0,1661.93359375,825.3408443853259
2026-07-18T13:12:32.462543+00:00,3803.0,40.0,99.54,38.0,1661.93359375,825.6364028081298
2026-07-18T13:12:32.780806+00:00,3803.0,41.0,100.97,38.0,1661.93359375,825.954665299505
2026-07-18T13:12:33.116520+00:00,3803.0,41.0,101.1,38.0,1661.93359375,826.290380332619
2026-07-18T13:12:33.431347+00:00,3803.0,40.0,101.63,38.0,1661.93359375,826.6052061207592
2026-07-18T13:12:33.743339+00:00,3803.0,40.0,101.85,38.0,1661.93359375,826.9171994142234
2026-07-18T13:12:34.077155+00:00,3803.0,38.0,101.21,38.0,1661.93359375,827.2510152123868
2026-07-18T13:12:34.396570+00:00,3803.0,26.0,100.54,38.0,1661.94921875,827.5704281553626
2026-07-18T13:12:34.736970+00:00,3803.0,40.0,99.89,38.0,1661.94921875,827.9108297526836
2026-07-18T13:12:35.090927+00:00,3803.0,40.0,101.0,38.0,1661.94921875,828.2647858820856
2026-07-18T13:12:35.401366+00:00,3803.0,40.0,101.69,38.0,1661.94921875,828.5752254202962
2026-07-18T13:12:35.719052+00:00,3803.0,40.0,101.95,38.0,1661.94921875,828.8929109834135
2026-07-18T13:12:36.083421+00:00,3803.0,40.0,101.47,38.0,1661.94921875,829.2572799399495
2026-07-18T13:12:36.398515+00:00,3803.0,40.0,100.76,38.0,1661.94921875,829.5723743289709
2026-07-18T13:12:36.761053+00:00,3803.0,41.0,101.77,38.0,1661.94921875,829.9349120333791
2026-07-18T13:12:37.079625+00:00,3803.0,41.0,101.72,38.0,1661.94921875,830.2534847818315
2026-07-18T13:12:37.395021+00:00,3803.0,41.0,102.29,38.0,1661.94921875,830.5688798576593
2026-07-18T13:12:37.737429+00:00,3803.0,39.0,101.46,38.0,1661.94921875,830.9112889505923
2026-07-18T13:12:38.054622+00:00,3803.0,41.0,101.7,38.0,1661.94921875,831.2284817844629
2026-07-18T13:12:38.417006+00:00,3803.0,41.0,102.2,38.0,1661.94921875,831.5908650793135
2026-07-18T13:12:38.752435+00:00,3803.0,41.0,102.81,38.0,1661.94921875,831.9262947104871
2026-07-18T13:12:39.047019+00:00,3803.0,41.0,101.49,38.0,1661.96875,832.2208787202835
2026-07-18T13:12:39.376961+00:00,3803.0,41.0,101.19,38.0,1661.96875,832.5508206486702
2026-07-18T13:12:39.695285+00:00,3803.0,39.0,100.29,38.0,1661.96875,832.8691443316638
2026-07-18T13:12:40.014414+00:00,3803.0,38.0,101.12,38.0,1661.96875,833.1882731355727
2026-07-18T13:12:40.309722+00:00,3803.0,40.0,101.1,38.0,1661.96875,833.4835821688175
2026-07-18T13:12:40.604771+00:00,3803.0,40.0,101.4,38.0,1661.96875,833.7786300592124
2026-07-18T13:12:40.899210+00:00,3803.0,40.0,101.4,38.0,1661.96875,834.0730698630214
2026-07-18T13:12:41.216044+00:00,3803.0,41.0,102.29,38.0,1661.96875,834.3899036608636
2026-07-18T13:12:41.509757+00:00,3803.0,40.0,102.25,38.0,1661.96875,834.6836165823042
2026-07-18T13:12:41.844876+00:00,3803.0,37.0,102.41,38.0,1661.96875,835.0187353827059
2026-07-18T13:12:42.184961+00:00,3803.0,40.0,100.58,38.0,1661.98828125,835.3588203266263
2026-07-18T13:12:42.498764+00:00,3803.0,40.0,99.85,38.0,1661.98828125,835.672624219209
2026-07-18T13:12:42.811326+00:00,3803.0,39.0,100.46,38.0,1661.98828125,835.9851830489933
2026-07-18T13:12:43.145099+00:00,3803.0,40.0,101.59,38.0,1661.98828125,836.3189578838646
2026-07-18T13:12:43.459306+00:00,3803.0,40.0,101.82,38.0,1661.98828125,836.6331644766033
2026-07-18T13:12:43.793177+00:00,3803.0,41.0,101.94,38.0,1661.98828125,836.9670370668173
2026-07-18T13:12:44.152796+00:00,3803.0,37.0,101.75,38.0,1661.98828125,837.3266549743712
2026-07-18T13:12:44.471048+00:00,3803.0,29.0,100.77,38.0,1662.00390625,837.6449069045484
2026-07-18T13:12:44.787270+00:00,3803.0,38.0,99.79,38.0,1662.00390625,837.9611295647919
2026-07-18T13:12:45.125661+00:00,3803.0,38.0,99.67,38.0,1662.00390625,838.299519661814
2026-07-18T13:12:45.439416+00:00,3803.0,40.0,100.09,38.0,1662.00390625,838.6132751815021
2026-07-18T13:12:45.789318+00:00,3803.0,40.0,100.64,38.0,1662.00390625,838.9631778821349
2026-07-18T13:12:46.102739+00:00,3803.0,40.0,100.26,38.0,1662.00390625,839.2765992060304
2026-07-18T13:12:46.437488+00:00,3803.0,39.0,100.13,38.0,1662.00390625,839.611346155405
2026-07-18T13:12:46.769411+00:00,3803.0,40.0,100.42,38.0,1662.05859375,839.9432706944644
2026-07-18T13:12:47.087378+00:00,3803.0,40.0,100.79,38.0,1662.05859375,840.2612369917333
2026-07-18T13:12:47.403170+00:00,3803.0,39.0,99.93,38.0,1662.07421875,840.5770284421742
2026-07-18T13:12:47.722326+00:00,3803.0,40.0,100.0,38.0,1662.078125,840.8961862362921
2026-07-18T13:12:48.061693+00:00,3803.0,40.0,100.0,38.0,1662.078125,841.2355527840555
2026-07-18T13:12:48.402339+00:00,3803.0,38.0,101.63,38.0,1662.078125,841.5761984065175
2026-07-18T13:12:48.740858+00:00,3803.0,40.0,100.9,38.0,1662.078125,841.9147173203528
2026-07-18T13:12:49.077381+00:00,3803.0,40.0,100.98,38.0,1662.078125,842.2512408569455
2026-07-18T13:12:49.417576+00:00,3803.0,40.0,99.83,38.0,1662.09375,842.5914352498949
2026-07-18T13:12:49.752591+00:00,3803.0,40.0,100.18,38.0,1662.09375,842.9264513328671
2026-07-18T13:12:50.102640+00:00,3803.0,38.0,99.75,38.0,1662.09375,843.2764988467097
2026-07-18T13:12:50.465655+00:00,3803.0,39.0,100.69,38.0,1662.09375,843.6395142264664
2026-07-18T13:12:50.800792+00:00,3803.0,38.0,100.38,38.0,1662.09375,843.9746513217688
2026-07-18T13:12:51.119674+00:00,3803.0,40.0,100.53,38.0,1662.09375,844.2935331687331
2026-07-18T13:12:51.435296+00:00,3803.0,41.0,100.71,38.0,1662.09375,844.6091551966965
2026-07-18T13:12:51.746827+00:00,3803.0,40.0,101.07,38.0,1662.09375,844.9206858687103
2026-07-18T13:12:52.063190+00:00,3803.0,41.0,101.1,38.0,1662.09375,845.2370500527322
2026-07-18T13:12:52.378963+00:00,3803.0,40.0,101.24,38.0,1662.09375,845.5528216958046
2026-07-18T13:12:52.713917+00:00,3803.0,39.0,100.39,38.0,1662.109375,845.8877758271992
2026-07-18T13:12:53.050338+00:00,3803.0,40.0,99.96,38.0,1662.109375,846.2241973392665
2026-07-18T13:12:53.366036+00:00,3803.0,40.0,99.8,38.0,1662.109375,846.5398959107697
2026-07-18T13:12:53.705249+00:00,3803.0,40.0,100.39,38.0,1662.109375,846.879107978195
2026-07-18T13:12:54.022958+00:00,3803.0,17.0,99.98,38.0,1662.12109375,847.1968167982996
2026-07-18T13:12:54.340231+00:00,3803.0,40.0,100.03,38.0,1662.12109375,847.5140903070569
2026-07-18T13:12:54.702751+00:00,3803.0,40.0,100.13,38.0,1662.12109375,847.8766103535891
2026-07-18T13:12:55.087396+00:00,3803.0,36.0,100.61,38.0,1662.12109375,848.2612553872168
2026-07-18T13:12:55.398356+00:00,3803.0,39.0,101.81,38.0,1662.12109375,848.5722052827477
2026-07-18T13:12:55.696424+00:00,3803.0,32.0,100.15,38.0,1662.13671875,848.8702830374241
2026-07-18T13:12:56.015406+00:00,3803.0,39.0,100.38,38.0,1662.13671875,849.1892647482455
2026-07-18T13:12:56.352792+00:00,3803.0,40.0,99.74,38.0,1662.13671875,849.5266524329782
2026-07-18T13:12:56.713243+00:00,3803.0,38.0,100.57,38.0,1662.13671875,849.8870973326266
2026-07-18T13:12:57.069811+00:00,3803.0,40.0,101.07,38.0,1662.13671875,850.2436705678701
2026-07-18T13:12:57.399721+00:00,3803.0,40.0,100.34,38.0,1662.13671875,850.5735784135759
2026-07-18T13:12:57.741311+00:00,3803.0,40.0,100.77,38.0,1662.1484375,850.9151709675789
2026-07-18T13:12:58.105281+00:00,3803.0,40.0,100.89,38.0,1662.1484375,851.2791407294571
2026-07-18T13:12:58.422586+00:00,3803.0,40.0,101.99,38.0,1662.1484375,851.5964463017881
2026-07-18T13:12:58.793654+00:00,3803.0,40.0,101.87,38.0,1662.1484375,851.9675131626427
2026-07-18T13:12:59.155446+00:00,3803.0,32.0,100.43,38.0,1662.1640625,852.3293049484491
2026-07-18T13:12:59.470407+00:00,3803.0,40.0,100.39,38.0,1662.1640625,852.6442673578858
2026-07-18T13:12:59.782474+00:00,3803.0,40.0,100.15,38.0,1662.1640625,852.9563339985907
2026-07-18T13:13:00.103252+00:00,3803.0,38.0,100.66,38.0,1662.1640625,853.2771103158593
2026-07-18T13:13:00.418955+00:00,3803.0,40.0,101.0,38.0,1662.1640625,853.5928150042892
2026-07-18T13:13:00.734639+00:00,3803.0,40.0,100.92,38.0,1662.1640625,853.9084983244538
2026-07-18T13:13:01.046615+00:00,3803.0,41.0,101.21,38.0,1662.1640625,854.220474626869
2026-07-18T13:13:01.386815+00:00,3803.0,40.0,101.26,38.0,1662.1640625,854.560674648732
2026-07-18T13:13:01.743039+00:00,3803.0,37.0,101.06,38.0,1662.1796875,854.916897661984
2026-07-18T13:13:02.036147+00:00,3803.0,40.0,100.11,38.0,1662.1796875,855.2100073285401
2026-07-18T13:13:02.364931+00:00,3803.0,40.0,100.26,38.0,1662.1796875,855.5387907586992
2026-07-18T13:13:02.682142+00:00,3803.0,40.0,101.19,38.0,1662.1796875,855.8560022935271
2026-07-18T13:13:03.016890+00:00,3803.0,40.0,101.45,38.0,1662.1796875,856.1907494217157
2026-07-18T13:13:03.334881+00:00,3803.0,40.0,101.18,38.0,1662.1796875,856.5087397620082
2026-07-18T13:13:03.653226+00:00,3803.0,17.0,99.57,38.0,1662.19140625,856.8270845748484
2026-07-18T13:13:03.970392+00:00,3803.0,40.0,99.84,38.0,1662.19140625,857.1442519724369
2026-07-18T13:13:04.313773+00:00,3803.0,38.0,100.23,38.0,1662.19921875,857.4876329116523
2026-07-18T13:13:04.631079+00:00,3803.0,40.0,101.24,38.0,1662.19921875,857.8049354180694
2026-07-18T13:13:04.989164+00:00,3803.0,40.0,100.53,38.0,1662.19921875,858.163024071604
2026-07-18T13:13:05.307042+00:00,3803.0,17.0,99.56,38.0,1662.21484375,858.4809016808867
2026-07-18T13:13:05.665803+00:00,3803.0,39.0,98.97,38.0,1662.21484375,858.8396602608263
2026-07-18T13:13:06.015893+00:00,3803.0,40.0,98.98,38.0,1662.21875,859.1897515915334
2026-07-18T13:13:06.342297+00:00,3803.0,38.0,100.32,38.0,1662.21875,859.5161269903183
2026-07-18T13:13:06.683244+00:00,3803.0,37.0,100.32,38.0,1662.21875,859.8571023419499
2026-07-18T13:13:06.987132+00:00,3803.0,40.0,100.81,38.0,1662.21875,860.1609901897609
2026-07-18T13:13:07.307439+00:00,3803.0,40.0,99.95,38.0,1662.21875,860.4812967441976
2026-07-18T13:13:07.627094+00:00,3803.0,39.0,100.01,38.0,1662.21875,860.8009526729584
2026-07-18T13:13:07.969641+00:00,3803.0,40.0,99.57,38.0,1662.21875,861.1434992700815
2026-07-18T13:13:08.329418+00:00,3803.0,40.0,99.86,38.0,1662.23828125,861.5032772608101
2026-07-18T13:13:08.684740+00:00,3803.0,40.0,100.57,38.0,1662.2421875,861.8585993275046
2026-07-18T13:13:09.049709+00:00,3803.0,40.0,101.57,38.0,1662.2421875,862.2235684245825
2026-07-18T13:13:09.412688+00:00,3803.0,40.0,101.8,38.0,1662.2578125,862.5865461416543
2026-07-18T13:13:09.759722+00:00,3803.0,41.0,102.06,38.0,1662.26171875,862.9335774853826
2026-07-18T13:13:10.110933+00:00,3803.0,40.0,101.4,38.0,1662.26171875,863.2847905382514
2026-07-18T13:13:10.434786+00:00,3803.0,40.0,101.21,38.0,1662.26171875,863.608644425869
2026-07-18T13:13:10.735984+00:00,3803.0,41.0,101.19,38.0,1662.26171875,863.9098421148956
2026-07-18T13:13:11.063039+00:00,3803.0,40.0,101.86,38.0,1662.26171875,864.2368973568082
2026-07-18T13:13:11.405104+00:00,3803.0,40.0,102.44,38.0,1662.2734375,864.5789618045092
2026-07-18T13:13:11.724957+00:00,3803.0,41.0,102.93,38.0,1662.2734375,864.8988152705133
2026-07-18T13:13:12.046834+00:00,3803.0,40.0,103.18,38.0,1662.2734375,865.2206892296672
2026-07-18T13:13:12.393407+00:00,3803.0,41.0,103.52,38.0,1662.2734375,865.567265983671
2026-07-18T13:13:12.719675+00:00,3803.0,40.0,103.44,38.0,1662.2734375,865.8935331590474
2026-07-18T13:13:13.068812+00:00,3803.0,39.0,101.32,38.0,1662.30078125,866.242668773979
2026-07-18T13:13:13.394574+00:00,3803.0,40.0,100.55,38.0,1662.30078125,866.568431314081
2026-07-18T13:13:13.721620+00:00,3803.0,40.0,99.48,38.0,1662.30078125,866.8954781256616
2026-07-18T13:13:14.089765+00:00,3803.0,40.0,101.31,38.0,1662.30078125,867.2636242471635
2026-07-18T13:13:14.433325+00:00,3803.0,40.0,101.53,38.0,1662.3046875,867.6071836464107
2026-07-18T13:13:14.760238+00:00,3803.0,41.0,101.77,38.0,1662.31640625,867.9340954236686
2026-07-18T13:13:15.089952+00:00,3803.0,41.0,101.57,38.0,1662.31640625,868.2638091593981
2026-07-18T13:13:15.460898+00:00,3803.0,40.0,102.36,38.0,1662.3203125,868.6347558647394
2026-07-18T13:13:15.808356+00:00,3803.0,40.0,102.0,38.0,1662.3359375,868.9822157360613
2026-07-18T13:13:16.171024+00:00,3803.0,39.0,101.35,38.0,1662.3359375,869.3448832966387
2026-07-18T13:13:16.490981+00:00,3803.0,40.0,99.4,38.0,1662.33984375,869.6648410521448
2026-07-18T13:13:16.805853+00:00,3803.0,40.0,99.76,38.0,1662.34765625,869.9797127842903
2026-07-18T13:13:17.100057+00:00,3803.0,41.0,99.38,38.0,1662.3515625,870.2739157415926
2026-07-18T13:13:17.410261+00:00,3803.0,40.0,100.51,38.0,1662.35546875,870.5841204151511
2026-07-18T13:13:17.704481+00:00,3803.0,41.0,100.76,38.0,1662.35546875,870.8783405199647
2026-07-18T13:13:18.065944+00:00,3803.0,40.0,101.74,38.0,1662.37109375,871.2398039773107
2026-07-18T13:13:18.401523+00:00,3803.0,40.0,101.12,38.0,1662.37109375,871.5753814764321
2026-07-18T13:13:18.756232+00:00,3803.0,40.0,101.2,38.0,1662.37109375,871.9300920404494
2026-07-18T13:13:19.075253+00:00,3803.0,41.0,101.21,38.0,1662.37890625,872.2491127178073
2026-07-18T13:13:19.391268+00:00,3803.0,40.0,101.49,38.0,1662.38671875,872.5651278607547
2026-07-18T13:13:19.709240+00:00,3803.0,40.0,102.18,38.0,1662.38671875,872.883099284023
2026-07-18T13:13:20.023020+00:00,3803.0,41.0,102.68,38.0,1662.39453125,873.1968786083162
2026-07-18T13:13:20.343432+00:00,3803.0,39.0,102.2,38.0,1662.40234375,873.5172914080322
2026-07-18T13:13:20.659481+00:00,3803.0,40.0,101.34,38.0,1662.40234375,873.8333401046693
2026-07-18T13:13:21.042365+00:00,3803.0,41.0,100.67,38.0,1662.40625,874.2162238396704
2026-07-18T13:13:21.340700+00:00,3803.0,40.0,100.79,38.0,1662.40625,874.5145592391491
2026-07-18T13:13:21.681384+00:00,3803.0,39.0,101.19,38.0,1662.41015625,874.855243511498
2026-07-18T13:13:22.042163+00:00,3803.0,40.0,101.74,38.0,1662.42578125,875.2160220779479
2026-07-18T13:13:22.336584+00:00,3803.0,40.0,101.01,38.0,1662.42578125,875.5104436427355
2026-07-18T13:13:22.702139+00:00,3803.0,40.0,101.25,38.0,1662.43359375,875.8759982474148
2026-07-18T13:13:23.056783+00:00,3803.0,39.0,100.69,38.0,1662.44140625,876.2306418083608
2026-07-18T13:13:23.351463+00:00,3803.0,40.0,101.44,38.0,1662.44140625,876.5253235064447
2026-07-18T13:13:23.667223+00:00,3803.0,40.0,101.0,38.0,1662.44921875,876.8410816937685
2026-07-18T13:13:23.985566+00:00,3803.0,39.0,99.76,38.0,1662.45703125,877.1594254299998
2026-07-18T13:13:24.326076+00:00,3803.0,40.0,99.27,38.0,1662.45703125,877.499934900552
2026-07-18T13:13:24.642076+00:00,3803.0,40.0,99.33,38.0,1662.47265625,877.8159361630678
2026-07-18T13:13:24.981721+00:00,3803.0,39.0,100.58,38.0,1662.484375,878.1555799469352
2026-07-18T13:13:25.344821+00:00,3803.0,40.0,101.39,38.0,1662.484375,878.5186805427074
2026-07-18T13:13:25.681428+00:00,3803.0,14.0,100.68,38.0,1662.4921875,878.8552870489657
2026-07-18T13:13:26.020742+00:00,3803.0,40.0,101.25,38.0,1662.7578125,879.1946005597711
2026-07-18T13:13:26.334404+00:00,3803.0,40.0,100.11,38.0,1662.7578125,879.5082637369633
2026-07-18T13:13:26.696983+00:00,3803.0,40.0,101.49,38.0,1662.76953125,879.8708412237465
2026-07-18T13:13:27.015009+00:00,3803.0,40.0,101.18,38.0,1662.7734375,880.1888684108853
2026-07-18T13:13:27.350021+00:00,3803.0,40.0,101.25,38.0,1662.78125,880.5238811671734
2026-07-18T13:13:27.689543+00:00,3803.0,40.0,100.62,38.0,1662.79296875,880.8634030669928
2026-07-18T13:13:28.049228+00:00,3803.0,37.0,100.47,38.0,1662.80078125,881.2230875752866
2026-07-18T13:13:28.368022+00:00,3803.0,40.0,100.65,38.0,1662.80078125,881.5418802239001
2026-07-18T13:13:28.664172+00:00,3803.0,40.0,100.85,38.0,1662.8125,881.8380311653018
2026-07-18T13:13:29.006146+00:00,3803.0,40.0,100.86,38.0,1662.81640625,882.1800057217479
2026-07-18T13:13:29.323111+00:00,3803.0,40.0,100.98,38.0,1662.82421875,882.4969701766968
2026-07-18T13:13:29.643503+00:00,3803.0,38.0,100.75,38.0,1662.83203125,882.8173625618219
2026-07-18T13:13:30.011221+00:00,3803.0,13.0,100.73,38.0,1662.84375,883.185080088675
2026-07-18T13:13:30.305959+00:00,3803.0,40.0,100.89,38.0,1662.8515625,883.4798185639083
2026-07-18T13:13:30.669691+00:00,3803.0,40.0,101.58,38.0,1662.8671875,883.8435500636697
2026-07-18T13:13:31.030167+00:00,3803.0,31.0,100.67,38.0,1662.8671875,884.2040240764618
2026-07-18T13:13:31.396593+00:00,3803.0,40.0,100.43,38.0,1662.87109375,884.5704527013004
2026-07-18T13:13:31.714477+00:00,3803.0,40.0,99.82,38.0,1662.8828125,884.8883361779153
2026-07-18T13:13:32.078240+00:00,3803.0,15.0,100.0,38.0,1662.8828125,885.2520965076983
2026-07-18T13:13:32.403210+00:00,3803.0,39.0,99.78,38.0,1662.88671875,885.5770696774125
2026-07-18T13:13:32.748854+00:00,3803.0,40.0,99.72,38.0,1662.8984375,885.9227124080062
2026-07-18T13:13:33.052717+00:00,3803.0,40.0,100.64,38.0,1662.90625,886.2265758886933
2026-07-18T13:13:33.388986+00:00,3803.0,40.0,100.64,38.0,1662.9140625,886.5628456138074
2026-07-18T13:13:33.707316+00:00,3803.0,40.0,101.11,38.0,1662.9140625,886.8811759352684
2026-07-18T13:13:34.040519+00:00,3803.0,40.0,100.99,38.0,1662.91796875,887.2143787108362
2026-07-18T13:13:34.381100+00:00,3803.0,40.0,101.37,38.0,1662.9296875,887.5549594350159
2026-07-18T13:13:34.676307+00:00,3803.0,41.0,101.19,38.0,1662.9296875,887.8501668311656
2026-07-18T13:13:35.044344+00:00,3803.0,41.0,101.57,38.0,1662.9375,888.2182029262185
2026-07-18T13:13:35.363739+00:00,3803.0,40.0,101.39,38.0,1662.94921875,888.537598144263
2026-07-18T13:13:35.818656+00:00,3803.0,16.0,100.52,38.0,1663.13671875,888.9925150424242
2026-07-18T13:13:36.213483+00:00,3803.0,39.0,96.25,38.0,1663.14453125,889.3873421102762
2026-07-18T13:13:36.526847+00:00,3803.0,40.0,97.49,38.0,1663.14453125,889.700706768781
2026-07-18T13:13:36.865413+00:00,3803.0,40.0,101.4,38.0,1663.14453125,890.0392727255821
2026-07-18T13:13:37.229664+00:00,3803.0,40.0,103.42,38.0,1663.14453125,890.4035231247544
2026-07-18T13:13:37.572568+00:00,3803.0,41.0,103.17,38.0,1663.14453125,890.7464272193611
2026-07-18T13:13:37.891085+00:00,3803.0,41.0,103.17,38.0,1663.14453125,891.064945269376
2026-07-18T13:13:38.186397+00:00,3803.0,4.0,101.19,38.0,1663.15234375,891.3602570481598
2026-07-18T13:13:38.498841+00:00,3803.0,40.0,100.93,38.0,1663.15234375,891.672700908035
2026-07-18T13:13:38.793755+00:00,3803.0,40.0,101.02,38.0,1663.15234375,891.9676148816943
2026-07-18T13:13:39.088892+00:00,3803.0,40.0,102.35,38.0,1663.15234375,892.2627513296902
2026-07-18T13:13:39.385666+00:00,3803.0,40.0,102.66,38.0,1663.15234375,892.5595258139074
2026-07-18T13:13:39.720355+00:00,3803.0,40.0,102.63,38.0,1663.15234375,892.8942155353725
2026-07-18T13:13:40.055349+00:00,3803.0,40.0,103.01,38.0,1663.15234375,893.2292072400451
2026-07-18T13:13:40.421390+00:00,3803.0,40.0,102.89,38.0,1663.15234375,893.5952496826649
2026-07-18T13:13:40.734645+00:00,3803.0,40.0,103.18,38.0,1663.15234375,893.9085050933063
2026-07-18T13:13:41.096632+00:00,3803.0,41.0,103.04,38.0,1663.15234375,894.2704910337925
2026-07-18T13:13:41.463603+00:00,3803.0,40.0,102.02,38.0,1663.15234375,894.6374616287649
2026-07-18T13:13:41.824565+00:00,3803.0,39.0,100.96,38.0,1663.15234375,894.9984245561063
2026-07-18T13:13:42.138546+00:00,3803.0,40.0,100.37,38.0,1663.15234375,895.3124041967094
2026-07-18T13:13:42.477671+00:00,3803.0,40.0,101.57,38.0,1663.15234375,895.6515308506787
2026-07-18T13:13:42.795580+00:00,3803.0,40.0,102.64,38.0,1663.15234375,895.9694395400584
2026-07-18T13:13:43.091149+00:00,3803.0,40.0,103.87,38.0,1663.15234375,896.265009123832
2026-07-18T13:13:43.446102+00:00,3803.0,39.0,102.8,38.0,1663.15234375,896.6199584119022
2026-07-18T13:13:43.767512+00:00,3803.0,40.0,101.84,38.0,1663.15234375,896.94136890769
2026-07-18T13:13:44.109392+00:00,3803.0,40.0,101.71,38.0,1663.15234375,897.283251721412
2026-07-18T13:13:44.427145+00:00,3803.0,39.0,102.03,38.0,1663.15234375,897.6010041162372
2026-07-18T13:13:44.743171+00:00,3803.0,40.0,103.36,38.0,1663.15234375,897.9170296005905
2026-07-18T13:13:45.046928+00:00,3803.0,39.0,103.02,38.0,1663.15234375,898.2207878008485
2026-07-18T13:13:45.363067+00:00,3803.0,40.0,103.84,38.0,1663.15234375,898.5369261391461
2026-07-18T13:13:45.659857+00:00,3803.0,40.0,103.23,38.0,1663.15234375,898.8337172716856
2026-07-18T13:13:46.001359+00:00,3803.0,39.0,103.11,38.0,1663.15234375,899.1752182357013
2026-07-18T13:13:46.360793+00:00,3803.0,40.0,102.47,38.0,1663.15234375,899.5346527732909
2026-07-18T13:13:46.678546+00:00,3803.0,39.0,102.42,38.0,1663.15234375,899.8524060286582
2026-07-18T13:13:46.973603+00:00,3803.0,38.0,102.55,38.0,1663.15234375,900.1474629379809
2026-07-18T13:13:47.290443+00:00,3803.0,35.0,102.14,38.0,1663.15234375,900.4643019028008
2026-07-18T13:13:47.653137+00:00,3803.0,39.0,102.67,38.0,1663.15234375,900.8269961364567
2026-07-18T13:13:47.971188+00:00,3803.0,38.0,101.55,38.0,1663.15234375,901.1450474597514
2026-07-18T13:13:48.266621+00:00,3803.0,40.0,101.3,38.0,1663.15234375,901.440480388701
2026-07-18T13:13:48.579718+00:00,3803.0,40.0,100.83,38.0,1663.15234375,901.7535776644945
2026-07-18T13:13:48.898935+00:00,3803.0,38.0,101.17,38.0,1663.15234375,902.0727939680219
2026-07-18T13:13:49.220506+00:00,3803.0,39.0,101.6,38.0,1663.15234375,902.3943652585149
2026-07-18T13:13:49.516024+00:00,3803.0,40.0,101.83,38.0,1663.15234375,902.6898835636675
2026-07-18T13:13:49.864584+00:00,3803.0,39.0,101.68,38.0,1663.15234375,903.0384426675737
2026-07-18T13:13:50.160904+00:00,3803.0,40.0,101.96,38.0,1663.15234375,903.3347641117871
2026-07-18T13:13:50.457894+00:00,3803.0,40.0,101.88,38.0,1663.15234375,903.631753757596
2026-07-18T13:13:50.774586+00:00,3803.0,40.0,101.39,38.0,1663.15234375,903.9484456777573
2026-07-18T13:13:51.138820+00:00,3803.0,40.0,102.84,38.0,1663.15234375,904.3126802407205
2026-07-18T13:13:51.456948+00:00,3803.0,40.0,103.25,38.0,1663.15234375,904.6308079324663
2026-07-18T13:13:51.821106+00:00,3803.0,40.0,104.53,38.0,1663.15234375,904.994966249913
2026-07-18T13:13:52.193566+00:00,3803.0,39.0,103.75,38.0,1663.15234375,905.3674252443016
2026-07-18T13:13:52.533352+00:00,3803.0,40.0,102.65,38.0,1663.15625,905.7072120793164
2026-07-18T13:13:52.897635+00:00,3803.0,40.0,101.6,38.0,1663.15625,906.0714940614998
2026-07-18T13:13:53.214995+00:00,3803.0,40.0,102.57,38.0,1663.15625,906.388853751123
2026-07-18T13:13:53.553437+00:00,3803.0,40.0,102.77,38.0,1663.15625,906.7272960953414
2026-07-18T13:13:53.897351+00:00,3803.0,40.0,102.67,38.0,1663.15625,907.0712104141712
2026-07-18T13:13:54.215331+00:00,3803.0,40.0,103.17,38.0,1663.15625,907.3891903087497
2026-07-18T13:13:54.577203+00:00,3803.0,39.0,101.69,38.0,1663.15625,907.7510615922511
2026-07-18T13:13:54.945866+00:00,3803.0,39.0,101.21,38.0,1663.15625,908.1197255589068
2026-07-18T13:13:55.280623+00:00,3803.0,39.0,100.57,38.0,1663.15625,908.4544829204679
2026-07-18T13:13:55.599136+00:00,3803.0,40.0,101.67,38.0,1663.15625,908.7729959711432
2026-07-18T13:13:55.936814+00:00,3803.0,40.0,102.32,38.0,1663.15625,909.1106725521386
2026-07-18T13:13:56.298634+00:00,3803.0,38.0,102.2,38.0,1663.15625,909.4724933095276
2026-07-18T13:13:56.610497+00:00,3803.0,40.0,102.11,38.0,1663.15625,909.7843573093414
2026-07-18T13:13:56.906470+00:00,3803.0,40.0,101.26,38.0,1663.15625,910.080329708755
2026-07-18T13:13:57.261589+00:00,3803.0,40.0,102.37,38.0,1663.15625,910.4354486726224
2026-07-18T13:13:57.579321+00:00,3803.0,38.0,102.69,38.0,1663.15625,910.7531801536679
2026-07-18T13:13:57.920431+00:00,3803.0,40.0,103.16,38.0,1663.15625,911.0942898951471
2026-07-18T13:13:58.238618+00:00,3803.0,38.0,102.75,38.0,1663.15625,911.412477299571
2026-07-18T13:13:58.581199+00:00,3803.0,40.0,102.61,38.0,1663.15625,911.7550586722791
2026-07-18T13:13:58.920234+00:00,3803.0,26.0,102.19,38.0,1663.15625,912.0940934419632
2026-07-18T13:13:59.265793+00:00,3803.0,38.0,102.97,38.0,1663.15625,912.439651619643
2026-07-18T13:13:59.579584+00:00,3803.0,40.0,102.41,38.0,1663.15625,912.7534429728985
2026-07-18T13:13:59.894998+00:00,3803.0,39.0,100.7,38.0,1663.16015625,913.0688569657505
2026-07-18T13:14:00.215034+00:00,3803.0,39.0,101.39,38.0,1663.16015625,913.3888945356011
2026-07-18T13:14:00.511171+00:00,3803.0,40.0,101.56,38.0,1663.16015625,913.6850310601294
2026-07-18T13:14:00.861567+00:00,3803.0,40.0,103.25,38.0,1663.16015625,914.0354260578752
2026-07-18T13:14:01.216917+00:00,3803.0,40.0,103.35,38.0,1663.16015625,914.3907762728631
2026-07-18T13:14:01.576868+00:00,3803.0,41.0,104.14,38.0,1663.16015625,914.7507264614105
2026-07-18T13:14:01.912709+00:00,3803.0,40.0,103.68,38.0,1663.16015625,915.086568262428
2026-07-18T13:14:02.231472+00:00,3803.0,41.0,104.58,38.0,1663.16015625,915.4053314626217
2026-07-18T13:14:02.551775+00:00,3803.0,40.0,103.94,38.0,1663.16015625,915.7256341762841
2026-07-18T13:14:02.870806+00:00,3803.0,40.0,105.29,38.0,1663.16015625,916.0446655005217
2026-07-18T13:14:03.236321+00:00,3803.0,23.0,103.94,38.0,1663.16015625,916.41018037498
2026-07-18T13:14:03.555869+00:00,3803.0,39.0,103.58,38.0,1663.16015625,916.729728911072
2026-07-18T13:14:03.921517+00:00,3803.0,40.0,102.61,38.0,1663.16015625,917.0953767597675
2026-07-18T13:14:04.240135+00:00,3803.0,40.0,103.07,38.0,1663.16015625,917.4139938354492
2026-07-18T13:14:04.576721+00:00,3803.0,40.0,104.26,38.0,1663.16015625,917.7505804114044
2026-07-18T13:14:04.895780+00:00,3803.0,40.0,104.08,38.0,1663.16015625,918.0696387179196
2026-07-18T13:14:05.238534+00:00,3803.0,40.0,103.63,38.0,1663.16015625,918.4123931191862
2026-07-18T13:14:05.580987+00:00,3803.0,38.0,103.33,38.0,1663.16015625,918.7548464015126
2026-07-18T13:14:05.894246+00:00,3803.0,40.0,103.19,38.0,1663.16015625,919.0681055337191
2026-07-18T13:14:06.253193+00:00,3803.0,40.0,103.45,38.0,1663.16015625,919.4270522519946
2026-07-18T13:14:06.616275+00:00,3803.0,40.0,103.48,38.0,1663.16015625,919.7901341989636
2026-07-18T13:14:06.938764+00:00,3803.0,38.0,104.01,38.0,1663.16015625,920.1126232519746
2026-07-18T13:14:07.275020+00:00,3803.0,40.0,103.74,38.0,1663.16015625,920.4488789848983
2026-07-18T13:14:07.634559+00:00,3803.0,11.0,102.71,39.0,1663.16015625,920.8084172941744
2026-07-18T13:14:07.963238+00:00,3803.0,39.0,101.92,38.0,1663.16015625,921.1370973661542
2026-07-18T13:14:08.283196+00:00,3803.0,40.0,101.43,38.0,1663.16015625,921.4570553191006
2026-07-18T13:14:08.625086+00:00,3803.0,35.0,102.41,38.0,1663.16015625,921.798944555223
2026-07-18T13:14:08.948482+00:00,3803.0,39.0,102.47,38.0,1663.16015625,922.1223419830203
2026-07-18T13:14:09.289281+00:00,3803.0,39.0,102.86,38.0,1663.16015625,922.4631411023438
2026-07-18T13:14:09.657456+00:00,3803.0,40.0,102.88,38.0,1663.16015625,922.8313157111406
2026-07-18T13:14:09.975364+00:00,3803.0,33.0,102.37,38.0,1663.16015625,923.1492229104042
2026-07-18T13:14:10.320852+00:00,3803.0,39.0,101.62,38.0,1663.16015625,923.494710765779
2026-07-18T13:14:10.642042+00:00,3803.0,39.0,101.65,38.0,1663.16015625,923.8159007020295
2026-07-18T13:14:10.981718+00:00,3803.0,40.0,102.13,38.0,1663.16015625,924.1555773280561
2026-07-18T13:14:11.299594+00:00,3803.0,38.0,102.18,38.0,1663.16015625,924.4734523929656
2026-07-18T13:14:11.646629+00:00,3803.0,37.0,102.12,38.0,1663.16015625,924.8204883635044
2026-07-18T13:14:11.996611+00:00,3803.0,41.0,102.26,38.0,1663.16015625,925.1704697832465
2026-07-18T13:14:12.356949+00:00,3803.0,40.0,102.98,38.0,1663.16015625,925.5308086238801
2026-07-18T13:14:12.698178+00:00,3803.0,8.0,101.72,38.0,1663.16015625,925.8720369488001
2026-07-18T13:14:13.061141+00:00,3803.0,37.0,100.71,38.0,1663.16015625,926.2349999174476
2026-07-18T13:14:13.425175+00:00,3803.0,39.0,100.08,38.0,1663.16015625,926.5990347154438
2026-07-18T13:14:13.764279+00:00,3803.0,26.0,100.31,38.0,1663.16015625,926.938137691468
2026-07-18T13:14:14.125065+00:00,3803.0,39.0,100.67,38.0,1663.16015625,927.2989243641496
2026-07-18T13:14:14.464639+00:00,3803.0,30.0,100.57,38.0,1663.16015625,927.6384993866086
2026-07-18T13:14:14.817277+00:00,3803.0,40.0,100.55,38.0,1663.16015625,927.9911347813904
2026-07-18T13:14:15.164418+00:00,3803.0,39.0,99.52,38.0,1663.16015625,928.3382770307362
2026-07-18T13:14:15.462118+00:00,3803.0,39.0,99.53,38.0,1663.16015625,928.6359771192074
2026-07-18T13:14:15.805293+00:00,3803.0,39.0,100.83,38.0,1663.16015625,928.9791523553431
2026-07-18T13:14:16.145817+00:00,3803.0,37.0,100.43,38.0,1663.16015625,929.3196758367121
2026-07-18T13:14:16.511128+00:00,3803.0,36.0,100.98,38.0,1663.31640625,929.6849850788713
2026-07-18T13:14:16.834562+00:00,3803.0,39.0,101.34,38.0,1663.31640625,930.0084217265248
2026-07-18T13:14:17.196733+00:00,3803.0,38.0,100.96,38.0,1663.32421875,930.3705917112529
2026-07-18T13:14:17.511247+00:00,3803.0,37.0,100.28,38.0,1663.32421875,930.6851062513888
2026-07-18T13:14:17.849481+00:00,3803.0,37.0,100.01,38.0,1663.32421875,931.023339714855
2026-07-18T13:14:18.196732+00:00,3803.0,38.0,101.27,38.0,1663.32421875,931.370590697974
2026-07-18T13:14:18.564830+00:00,3803.0,7.0,100.94,38.0,1663.328125,931.7386887781322
2026-07-18T13:14:18.929110+00:00,3803.0,38.0,101.3,38.0,1663.328125,932.102969687432
2026-07-18T13:14:19.266587+00:00,3803.0,38.0,100.62,38.0,1663.328125,932.4404462389648
2026-07-18T13:14:19.578914+00:00,3803.0,40.0,102.05,38.0,1663.328125,932.7527741864324
2026-07-18T13:14:19.913078+00:00,3803.0,37.0,101.93,38.0,1663.328125,933.0869369357824
2026-07-18T13:14:20.257033+00:00,3803.0,39.0,102.14,38.0,1663.33203125,933.4308926314116
2026-07-18T13:14:20.669903+00:00,3803.0,37.0,101.41,38.0,1663.33203125,933.8437606729567
2026-07-18T13:14:21.045384+00:00,3803.0,38.0,100.67,38.0,1663.3359375,934.2192423567176
2026-07-18T13:14:21.362676+00:00,3803.0,37.0,101.42,38.0,1663.3359375,934.5365347601473
2026-07-18T13:14:21.701497+00:00,3803.0,38.0,102.44,38.0,1663.3359375,934.8753568343818
2026-07-18T13:14:22.018325+00:00,3803.0,37.0,102.4,38.0,1663.33984375,935.1921838484704
2026-07-18T13:14:22.353386+00:00,3803.0,37.0,102.52,38.0,1663.33984375,935.5272456333041
2026-07-18T13:14:22.695151+00:00,3803.0,36.0,102.91,38.0,1663.33984375,935.8690107278526
2026-07-18T13:14:23.037613+00:00,3803.0,37.0,102.26,38.0,1663.33984375,936.2114728279412
2026-07-18T13:14:23.406075+00:00,3803.0,38.0,102.51,38.0,1663.34375,936.5799340568483
2026-07-18T13:14:23.726954+00:00,3803.0,38.0,102.15,38.0,1663.34375,936.9008137695491
2026-07-18T13:14:24.065781+00:00,3803.0,39.0,103.64,38.0,1663.34375,937.2396405301988
2026-07-18T13:14:24.404451+00:00,3803.0,37.0,103.35,38.0,1663.34375,937.5783108845353
2026-07-18T13:14:24.745570+00:00,3803.0,38.0,104.57,38.0,1663.34375,937.9194301590323
2026-07-18T13:14:25.100688+00:00,3803.0,38.0,103.52,38.0,1663.34765625,938.2745478227735
2026-07-18T13:14:25.460420+00:00,3803.0,40.0,103.58,38.0,1663.40625,938.634268913418
2026-07-18T13:14:25.772511+00:00,3803.0,39.0,102.46,38.0,1663.40625,938.9463712237775
2026-07-18T13:14:26.132529+00:00,3803.0,36.0,102.6,38.0,1663.4140625,939.3063869513571
2026-07-18T13:14:26.446897+00:00,3803.0,23.0,101.9,38.0,1663.41796875,939.6207555271685
2026-07-18T13:14:26.788824+00:00,3803.0,38.0,101.33,38.0,1663.41796875,939.96268344298
2026-07-18T13:14:27.124916+00:00,3803.0,38.0,100.55,38.0,1663.4296875,940.298775035888
2026-07-18T13:14:27.456769+00:00,3803.0,38.0,100.89,38.0,1663.4296875,940.6306236721575
2026-07-18T13:14:27.781415+00:00,3803.0,40.0,101.06,38.0,1663.4296875,940.9552742801607
2026-07-18T13:14:28.094925+00:00,3803.0,37.0,101.76,38.0,1663.4296875,941.2687843441963
2026-07-18T13:14:28.414130+00:00,3803.0,40.0,102.46,38.0,1663.4375,941.5879898741841
2026-07-18T13:14:28.781192+00:00,3803.0,40.0,103.38,38.0,1663.4375,941.9550506658852
2026-07-18T13:14:29.121017+00:00,3803.0,26.0,103.28,38.0,1663.44140625,942.2948763556778
2026-07-18T13:14:29.461677+00:00,3803.0,38.0,102.69,38.0,1663.4453125,942.6355373747647
2026-07-18T13:14:29.824774+00:00,3803.0,40.0,102.9,38.0,1663.4453125,942.9986332058907
2026-07-18T13:14:30.142466+00:00,3803.0,38.0,103.06,38.0,1663.4453125,943.316324595362
2026-07-18T13:14:30.458511+00:00,3803.0,38.0,103.53,38.0,1663.4453125,943.6323699839413
2026-07-18T13:14:30.812412+00:00,3803.0,40.0,103.27,38.0,1663.45703125,943.9862708263099
2026-07-18T13:14:31.163159+00:00,3803.0,13.0,102.29,39.0,1663.80859375,944.3370184861124
2026-07-18T13:14:31.504547+00:00,3803.0,37.0,102.35,38.0,1663.80859375,944.6784068085253
2026-07-18T13:14:31.868592+00:00,3803.0,36.0,101.67,38.0,1663.81640625,945.0424518249929
2026-07-18T13:14:32.232642+00:00,3803.0,40.0,103.48,38.0,1663.81640625,945.4065007902682
2026-07-18T13:14:32.572753+00:00,3803.0,40.0,103.14,38.0,1663.82421875,945.7466126270592
2026-07-18T13:14:32.909310+00:00,3803.0,39.0,103.24,38.0,1663.83203125,946.083169106394
2026-07-18T13:14:33.234229+00:00,3803.0,39.0,101.82,38.0,1663.83203125,946.4080887399614
2026-07-18T13:14:33.555375+00:00,3803.0,38.0,102.05,38.0,1663.8359375,946.7292342297733
2026-07-18T13:14:33.873429+00:00,3803.0,39.0,101.78,38.0,1663.8359375,947.0472876913846
2026-07-18T13:14:34.232143+00:00,3803.0,37.0,102.22,38.0,1663.8359375,947.4060019440949
2026-07-18T13:14:34.573979+00:00,3803.0,38.0,101.98,38.0,1663.9296875,947.7478383779526
2026-07-18T13:14:34.936442+00:00,3803.0,38.0,102.84,38.0,1663.9296875,948.1103016659617
2026-07-18T13:14:35.276733+00:00,3803.0,40.0,102.23,38.0,1663.93359375,948.4505925364792
2026-07-18T13:14:35.613288+00:00,3803.0,39.0,102.45,38.0,1663.9453125,948.7871476300061
2026-07-18T13:14:35.953035+00:00,3803.0,38.0,102.59,38.0,1663.9453125,949.1268946677446
2026-07-18T13:14:36.313282+00:00,3803.0,38.0,103.11,38.0,1663.953125,949.4871419481933
2026-07-18T13:14:36.674287+00:00,3803.0,39.0,102.93,38.0,1663.98828125,949.848141014576
2026-07-18T13:14:36.997014+00:00,3803.0,39.0,101.87,38.0,1664.01171875,950.170874144882
2026-07-18T13:14:37.314980+00:00,3803.0,39.0,101.82,38.0,1664.015625,950.4888400956988
2026-07-18T13:14:37.657448+00:00,3803.0,38.0,101.76,38.0,1664.015625,950.8313065432012
2026-07-18T13:14:37.954424+00:00,3803.0,38.0,102.24,38.0,1664.0234375,951.1282825358212
2026-07-18T13:14:38.271627+00:00,3803.0,39.0,101.77,38.0,1664.0390625,951.4454869031906
2026-07-18T13:14:38.636769+00:00,3803.0,37.0,101.72,38.0,1664.0390625,951.8106293231249
2026-07-18T13:14:38.977764+00:00,3803.0,38.0,101.86,38.0,1664.04296875,952.1516228877008
2026-07-18T13:14:39.295016+00:00,3803.0,38.0,102.81,38.0,1664.05078125,952.4688754864037
2026-07-18T13:14:39.633391+00:00,3803.0,37.0,102.85,38.0,1664.05078125,952.8072506338358
2026-07-18T13:14:39.956223+00:00,3803.0,36.0,102.62,38.0,1664.0546875,953.1300829201937
2026-07-18T13:14:40.275061+00:00,3803.0,39.0,102.62,38.0,1664.06640625,953.4489202350378
2026-07-18T13:14:40.599479+00:00,3803.0,38.0,103.06,38.0,1664.0703125,953.7733387760818
2026-07-18T13:14:40.941287+00:00,3803.0,37.0,102.83,38.0,1664.0859375,954.1151468269527
2026-07-18T13:14:41.301379+00:00,3803.0,41.0,103.15,38.0,1664.0859375,954.4752380549908
2026-07-18T13:14:41.649106+00:00,3803.0,40.0,103.57,38.0,1664.08984375,954.8229653723538
2026-07-18T13:14:41.969893+00:00,3803.0,39.0,104.17,38.0,1664.09765625,955.1437521465123
2026-07-18T13:14:42.338681+00:00,3803.0,32.0,103.09,38.0,1664.09765625,955.5125399157405
2026-07-18T13:14:42.660712+00:00,3803.0,39.0,102.73,38.0,1664.125,955.834570504725
2026-07-18T13:14:43.021252+00:00,3803.0,38.0,102.57,38.0,1664.12890625,956.1951119676232
2026-07-18T13:14:43.363408+00:00,3803.0,40.0,102.85,38.0,1664.12890625,956.5372674576938
2026-07-18T13:14:43.733182+00:00,3803.0,37.0,102.3,38.0,1664.140625,956.9070415832102
2026-07-18T13:14:44.073767+00:00,3803.0,38.0,102.55,38.0,1664.14453125,957.2476261742413
2026-07-18T13:14:44.436855+00:00,3803.0,37.0,102.32,38.0,1664.14453125,957.6107142940164
2026-07-18T13:14:44.755026+00:00,3803.0,38.0,102.41,38.0,1664.1484375,957.9288861565292
2026-07-18T13:14:45.119710+00:00,3803.0,38.0,102.39,38.0,1664.1640625,958.2935698963702
2026-07-18T13:14:45.453797+00:00,3803.0,39.0,103.07,38.0,1664.1640625,958.6276564672589
2026-07-18T13:14:45.774127+00:00,3803.0,40.0,103.9,38.0,1664.16796875,958.9479866214097
2026-07-18T13:14:46.141713+00:00,3803.0,40.0,104.58,38.0,1664.1796875,959.31557257846
2026-07-18T13:14:46.505254+00:00,3803.0,39.0,104.29,38.0,1664.1796875,959.6791138537228
2026-07-18T13:14:46.845501+00:00,3803.0,8.0,101.04,38.0,1664.1875,960.0193605870008
2026-07-18T13:14:47.163848+00:00,3803.0,41.0,100.64,38.0,1664.1875,960.3377077542245
2026-07-18T13:14:47.482837+00:00,3803.0,9.0,99.93,38.0,1664.2109375,960.656695317477
2026-07-18T13:14:47.801145+00:00,3803.0,40.0,102.13,38.0,1664.2109375,960.9750048294663
2026-07-18T13:14:48.120360+00:00,3803.0,40.0,102.76,38.0,1664.2109375,961.2942192405462
2026-07-18T13:14:48.435130+00:00,3803.0,40.0,103.48,38.0,1664.2109375,961.6089900285006
2026-07-18T13:14:48.755522+00:00,3803.0,40.0,103.2,38.0,1664.2109375,961.9293801151216
2026-07-18T13:14:49.097069+00:00,3803.0,40.0,102.2,38.0,1664.2109375,962.2709281742573
2026-07-18T13:14:49.433006+00:00,3803.0,38.0,102.79,38.0,1664.2109375,962.6068659834564
2026-07-18T13:14:49.769251+00:00,3803.0,41.0,103.08,38.0,1664.2109375,962.9431109540164
2026-07-18T13:14:50.132437+00:00,3803.0,40.0,103.45,38.0,1664.2109375,963.3062968142331
2026-07-18T13:14:50.469135+00:00,3803.0,40.0,103.49,38.0,1664.2109375,963.6429949775338
2026-07-18T13:14:50.787365+00:00,3803.0,39.0,103.73,38.0,1664.2109375,963.9612248241901
2026-07-18T13:14:51.108035+00:00,3803.0,40.0,103.47,38.0,1664.2109375,964.2818949706852
2026-07-18T13:14:51.450153+00:00,3803.0,41.0,103.79,38.0,1664.2109375,964.6240124702454
2026-07-18T13:14:51.767053+00:00,3803.0,41.0,103.9,38.0,1664.2109375,964.9409136548638
2026-07-18T13:14:52.109776+00:00,3803.0,41.0,104.32,38.0,1664.2109375,965.2836340479553
2026-07-18T13:14:52.427142+00:00,3803.0,41.0,103.7,38.0,1664.2109375,965.6010011434555
2026-07-18T13:14:52.783494+00:00,3803.0,41.0,103.82,38.0,1664.2109375,965.9573524966836
2026-07-18T13:14:53.148868+00:00,3803.0,40.0,104.1,38.0,1664.23046875,966.322727702558
2026-07-18T13:14:53.463238+00:00,3803.0,40.0,103.53,38.0,1664.23046875,966.6370971016586
2026-07-18T13:14:53.782733+00:00,3803.0,40.0,102.74,38.0,1664.23046875,966.9565922580659
2026-07-18T13:14:54.121012+00:00,3803.0,40.0,102.87,38.0,1664.23046875,967.2948711030185
2026-07-18T13:14:54.438702+00:00,3803.0,40.0,103.09,38.0,1664.23046875,967.6125618554652
2026-07-18T13:14:54.735168+00:00,3803.0,41.0,103.46,38.0,1664.23046875,967.9090285524726
2026-07-18T13:14:55.086877+00:00,3803.0,39.0,102.76,38.0,1664.23046875,968.2607364542782
2026-07-18T13:14:55.429440+00:00,3803.0,40.0,102.99,38.0,1664.23046875,968.6032999828458
2026-07-18T13:14:55.764674+00:00,3803.0,41.0,103.0,38.0,1664.23046875,968.9385333321989
2026-07-18T13:14:56.080031+00:00,3803.0,37.0,103.18,38.0,1664.23046875,969.2538906224072
2026-07-18T13:14:56.398258+00:00,3803.0,40.0,102.92,38.0,1664.23046875,969.5721178613603
2026-07-18T13:14:56.715741+00:00,3803.0,41.0,103.22,38.0,1664.23046875,969.8896004110575
2026-07-18T13:14:57.073696+00:00,3803.0,40.0,103.29,38.0,1664.23046875,970.2475555054843
2026-07-18T13:14:57.413313+00:00,3803.0,40.0,103.89,38.0,1664.23046875,970.5871716663241
2026-07-18T13:14:57.781436+00:00,3803.0,39.0,104.67,38.0,1664.23046875,970.9552943520248
2026-07-18T13:14:58.117086+00:00,3803.0,38.0,105.4,38.0,1664.23046875,971.2909453846514
2026-07-18T13:14:58.435310+00:00,3803.0,40.0,103.91,38.0,1664.2578125,971.6091693341732
2026-07-18T13:14:58.773201+00:00,3803.0,41.0,102.13,38.0,1664.2578125,971.9470612667501
2026-07-18T13:14:59.112837+00:00,3803.0,41.0,101.09,38.0,1664.2578125,972.2866967320442
2026-07-18T13:14:59.431250+00:00,3803.0,37.0,101.55,38.0,1664.2578125,972.6051094681025
2026-07-18T13:14:59.750816+00:00,3803.0,41.0,102.22,38.0,1664.2578125,972.924675334245
2026-07-18T13:15:00.105308+00:00,3803.0,40.0,101.87,38.0,1664.2578125,973.2791674397886
2026-07-18T13:15:00.448555+00:00,3803.0,40.0,102.0,38.0,1664.2578125,973.6224141456187
2026-07-18T13:15:00.766893+00:00,3803.0,40.0,101.73,38.0,1664.2578125,973.940752863884
2026-07-18T13:15:01.133272+00:00,3803.0,40.0,101.51,38.0,1664.2578125,974.3071305006742
2026-07-18T13:15:01.476990+00:00,3803.0,39.0,101.23,38.0,1664.2578125,974.6508499346673
2026-07-18T13:15:01.794901+00:00,3803.0,41.0,101.08,38.0,1664.2578125,974.9687604270875
2026-07-18T13:15:02.092748+00:00,3803.0,40.0,101.89,38.0,1664.2578125,975.2666072957218
2026-07-18T13:15:02.433097+00:00,3803.0,41.0,101.6,38.0,1664.2578125,975.6069563217461
2026-07-18T13:15:02.730771+00:00,3803.0,41.0,101.43,38.0,1664.2578125,975.9046307057142
2026-07-18T13:15:03.073724+00:00,3803.0,41.0,102.15,38.0,1664.2578125,976.2475834749639
2026-07-18T13:15:03.439688+00:00,3803.0,40.0,101.79,38.0,1664.2578125,976.6135463900864
2026-07-18T13:15:03.759591+00:00,3803.0,40.0,101.22,38.0,1664.28125,976.9334513284266
2026-07-18T13:15:04.096513+00:00,3803.0,40.0,99.96,38.0,1664.28125,977.2703725136817
2026-07-18T13:15:04.418504+00:00,3803.0,39.0,100.06,38.0,1664.28125,977.5923635698855
2026-07-18T13:15:04.714845+00:00,3803.0,40.0,100.75,38.0,1664.28125,977.8887050151825
2026-07-18T13:15:05.039079+00:00,3803.0,41.0,101.15,38.0,1664.28125,978.2129391767085
2026-07-18T13:15:05.377079+00:00,3803.0,41.0,101.68,38.0,1664.28125,978.5509383007884
2026-07-18T13:15:05.746068+00:00,3803.0,39.0,102.42,38.0,1664.28125,978.919926661998
2026-07-18T13:15:06.109543+00:00,3803.0,39.0,102.56,38.0,1664.28125,979.2834016792476
2026-07-18T13:15:06.406756+00:00,3803.0,40.0,101.8,38.0,1664.28125,979.5806158967316
2026-07-18T13:15:06.768622+00:00,3803.0,41.0,101.68,38.0,1664.28125,979.9424821026623
2026-07-18T13:15:07.087600+00:00,3803.0,41.0,101.22,38.0,1664.28125,980.2614588327706
2026-07-18T13:15:07.384932+00:00,3803.0,41.0,101.8,38.0,1664.28125,980.5587915368378
2026-07-18T13:15:07.749530+00:00,3803.0,40.0,101.46,38.0,1664.28125,980.923389159143
2026-07-18T13:15:08.110000+00:00,3803.0,40.0,101.44,38.0,1664.28125,981.2838595360518
2026-07-18T13:15:08.431015+00:00,3803.0,41.0,102.35,38.0,1664.28125,981.604875318706
2026-07-18T13:15:08.750584+00:00,3803.0,41.0,102.36,38.0,1664.28125,981.9244441576302
2026-07-18T13:15:09.049039+00:00,3803.0,40.0,101.68,38.0,1664.3046875,982.2228985391557
2026-07-18T13:15:09.413954+00:00,3803.0,41.0,101.34,38.0,1664.3046875,982.5878127925098
2026-07-18T13:15:09.781129+00:00,3803.0,40.0,101.01,38.0,1664.3046875,982.9549888148904
2026-07-18T13:15:10.140214+00:00,3803.0,40.0,102.39,38.0,1664.3046875,983.3140740767121
2026-07-18T13:15:10.454743+00:00,3803.0,41.0,102.06,38.0,1664.3046875,983.6286032944918
2026-07-18T13:15:10.774851+00:00,3803.0,40.0,101.86,38.0,1664.3046875,983.9487105123699
2026-07-18T13:15:11.117589+00:00,3803.0,38.0,101.95,38.0,1664.3046875,984.291447557509
2026-07-18T13:15:11.454259+00:00,3803.0,41.0,101.57,38.0,1664.3046875,984.6281182393432
2026-07-18T13:15:11.776276+00:00,3803.0,41.0,101.8,38.0,1664.3046875,984.9501347765326
2026-07-18T13:15:12.141394+00:00,3803.0,41.0,101.79,38.0,1664.3046875,985.3152531348169
2026-07-18T13:15:12.438857+00:00,3803.0,42.0,102.08,38.0,1664.3046875,985.6127166077495
2026-07-18T13:15:12.777931+00:00,3803.0,41.0,102.42,38.0,1664.3046875,985.9517902508378
2026-07-18T13:15:13.095517+00:00,3803.0,41.0,103.12,38.0,1664.3046875,986.2693765386939
2026-07-18T13:15:13.433125+00:00,3803.0,41.0,102.78,38.0,1664.3046875,986.60698518157
2026-07-18T13:15:13.753584+00:00,3803.0,41.0,103.45,38.0,1664.3046875,986.92744294554
2026-07-18T13:15:14.071314+00:00,3803.0,40.0,102.71,38.0,1664.3046875,987.245173573494
2026-07-18T13:15:14.408999+00:00,3803.0,40.0,101.08,38.0,1664.328125,987.5828575454652
2026-07-18T13:15:14.726869+00:00,3803.0,40.0,99.71,38.0,1664.328125,987.9007290862501
2026-07-18T13:15:15.085825+00:00,3803.0,39.0,99.29,38.0,1664.328125,988.259683880955
2026-07-18T13:15:15.404611+00:00,3803.0,40.0,100.79,38.0,1664.328125,988.5784705169499
2026-07-18T13:15:15.749812+00:00,3803.0,40.0,101.31,38.0,1664.328125,988.9236719459295
2026-07-18T13:15:16.105181+00:00,3803.0,40.0,101.1,38.0,1664.328125,989.279040761292
2026-07-18T13:15:16.440924+00:00,3803.0,40.0,101.39,38.0,1664.328125,989.6147840209305
2026-07-18T13:15:16.785632+00:00,3803.0,40.0,101.75,38.0,1664.328125,989.9594921432436
2026-07-18T13:15:17.141213+00:00,3803.0,35.0,101.04,38.0,1664.34765625,990.3150719329715
2026-07-18T13:15:17.438916+00:00,3803.0,40.0,100.88,38.0,1664.34765625,990.612775862217
2026-07-18T13:15:17.753262+00:00,3803.0,41.0,100.2,38.0,1664.34765625,990.9271223917603
2026-07-18T13:15:18.094022+00:00,3803.0,40.0,100.59,38.0,1664.34765625,991.2678813636303
2026-07-18T13:15:18.432544+00:00,3803.0,40.0,100.81,38.0,1664.34765625,991.6064040847123
2026-07-18T13:15:18.759090+00:00,3803.0,40.0,101.44,38.0,1664.34765625,991.9329488910735
2026-07-18T13:15:19.080176+00:00,3803.0,40.0,102.56,38.0,1664.34765625,992.2540362849832
2026-07-18T13:15:19.445180+00:00,3803.0,40.0,102.34,38.0,1664.34765625,992.6190390735865
2026-07-18T13:15:19.809851+00:00,3803.0,38.0,102.84,38.0,1664.34765625,992.9837101325393
2026-07-18T13:15:20.181352+00:00,3803.0,40.0,102.57,38.0,1664.34765625,993.3552121445537
2026-07-18T13:15:20.517288+00:00,3803.0,40.0,102.41,38.0,1664.34765625,993.6911477856338
2026-07-18T13:15:20.857375+00:00,3803.0,40.0,102.66,38.0,1664.34765625,994.0312350057065
2026-07-18T13:15:21.175478+00:00,3803.0,40.0,101.97,38.0,1664.34765625,994.3493375144899
2026-07-18T13:15:21.513710+00:00,3803.0,14.0,101.37,38.0,1664.3671875,994.68756826967
2026-07-18T13:15:21.811065+00:00,3803.0,39.0,100.2,38.0,1664.3671875,994.9849242158234
2026-07-18T13:15:22.173101+00:00,3803.0,40.0,100.34,38.0,1664.3671875,995.3469606973231
2026-07-18T13:15:22.490647+00:00,3803.0,40.0,100.72,38.0,1664.3671875,995.6645071208477
2026-07-18T13:15:22.857441+00:00,3803.0,39.0,100.96,38.0,1664.3671875,996.0312990136445
2026-07-18T13:15:23.188139+00:00,3803.0,41.0,100.02,38.0,1664.3671875,996.3619977608323
2026-07-18T13:15:23.558530+00:00,3803.0,40.0,99.87,38.0,1664.3828125,996.7323890514672
2026-07-18T13:15:23.856030+00:00,3803.0,41.0,99.86,38.0,1664.3828125,997.0298898592591
2026-07-18T13:15:24.198063+00:00,3803.0,40.0,100.73,38.0,1664.3828125,997.3719215840101
2026-07-18T13:15:24.573185+00:00,3803.0,16.0,99.94,38.0,1666.203125,997.747043710202
2026-07-18T13:15:24.894286+00:00,3803.0,40.0,100.47,38.0,1666.203125,998.0681456029415
2026-07-18T13:15:25.237490+00:00,3803.0,40.0,100.29,38.0,1666.203125,998.4113494604826
2026-07-18T13:15:25.582522+00:00,3803.0,40.0,100.86,38.0,1666.203125,998.7563814669847
2026-07-18T13:15:25.900461+00:00,3803.0,15.0,99.3,38.0,1666.21484375,999.0743198767304
2026-07-18T13:15:26.218558+00:00,3803.0,40.0,98.94,38.0,1666.21875,999.3924180008471
2026-07-18T13:15:26.565518+00:00,3803.0,40.0,99.68,38.0,1666.21875,999.7393773905933
2026-07-18T13:15:26.934316+00:00,3803.0,39.0,100.86,38.0,1666.21875,1000.1081746183336
2026-07-18T13:15:27.321115+00:00,3803.0,26.0,99.33,38.0,1666.23046875,1000.4949729815125
2026-07-18T13:15:27.647416+00:00,3803.0,39.0,98.95,38.0,1666.23046875,1000.8212752379477
2026-07-18T13:15:28.028387+00:00,3803.0,13.0,97.9,38.0,1666.24609375,1001.2022459283471
2026-07-18T13:15:28.350197+00:00,3803.0,40.0,99.11,38.0,1666.24609375,1001.5240552462637
2026-07-18T13:15:28.701455+00:00,3803.0,40.0,99.75,38.0,1666.40625,1001.8753105252981
2026-07-18T13:15:29.078701+00:00,3803.0,38.0,100.51,38.0,1666.40625,1002.2525591403246
2026-07-18T13:15:29.433895+00:00,3803.0,11.0,99.46,38.0,1666.421875,1002.6077537201345
2026-07-18T13:15:29.797166+00:00,3803.0,40.0,98.73,38.0,1666.421875,1002.9710242077708
2026-07-18T13:15:30.118244+00:00,3803.0,39.0,98.71,38.0,1666.421875,1003.2921031117439
2026-07-18T13:15:30.425590+00:00,3803.0,41.0,98.82,38.0,1666.421875,1003.5994485318661
2026-07-18T13:15:30.747189+00:00,3803.0,40.0,99.03,38.0,1666.421875,1003.9210446327925
2026-07-18T13:15:31.121389+00:00,3803.0,37.0,98.29,38.0,1666.4375,1004.2952475734055
2026-07-18T13:15:31.426999+00:00,3803.0,39.0,98.63,38.0,1666.4375,1004.6008568778634
2026-07-18T13:15:31.797004+00:00,3803.0,39.0,99.03,38.0,1666.4375,1004.970860272646
2026-07-18T13:15:32.134784+00:00,3803.0,40.0,99.76,38.0,1666.4375,1005.3086425922811
2026-07-18T13:15:32.502964+00:00,3803.0,38.0,99.24,38.0,1666.44921875,1005.6768210083246
2026-07-18T13:15:32.808291+00:00,3803.0,40.0,99.12,38.0,1666.44921875,1005.9821496009827
2026-07-18T13:15:33.181146+00:00,3803.0,40.0,99.33,38.0,1666.44921875,1006.3550053238869
2026-07-18T13:15:33.553618+00:00,3803.0,40.0,100.49,38.0,1666.44921875,1006.7274752855301
2026-07-18T13:15:33.892863+00:00,3803.0,41.0,100.73,38.0,1666.453125,1007.0667218081653
2026-07-18T13:15:34.197702+00:00,3803.0,41.0,100.79,38.0,1666.453125,1007.3715610168874
2026-07-18T13:15:34.526530+00:00,3803.0,40.0,100.13,38.0,1666.453125,1007.7003886178136
2026-07-18T13:15:34.877718+00:00,3803.0,41.0,101.0,38.0,1666.453125,1008.0515767708421
2026-07-18T13:15:35.204139+00:00,3803.0,41.0,101.57,38.0,1666.453125,1008.3779986165464
2026-07-18T13:15:35.560135+00:00,3803.0,40.0,103.03,38.0,1666.453125,1008.733994025737
2026-07-18T13:15:35.886366+00:00,3803.0,41.0,103.06,38.0,1666.453125,1009.0602251440287
2026-07-18T13:15:36.212058+00:00,3803.0,41.0,102.76,38.0,1666.453125,1009.3859162740409
2026-07-18T13:15:36.560990+00:00,3803.0,41.0,102.71,38.0,1666.453125,1009.7348487265408
2026-07-18T13:15:36.920800+00:00,3803.0,28.0,99.96,38.0,1666.453125,1010.0946593880653
2026-07-18T13:15:37.261517+00:00,3803.0,39.0,100.16,38.0,1666.453125,1010.4353769049048
2026-07-18T13:15:37.597618+00:00,3803.0,41.0,100.69,38.0,1666.453125,1010.7714772559702
2026-07-18T13:15:37.918849+00:00,3803.0,40.0,103.1,38.0,1666.453125,1011.0926990061998
2026-07-18T13:15:38.216325+00:00,3803.0,32.0,102.01,38.0,1666.47265625,1011.3901839666069
2026-07-18T13:15:38.530699+00:00,3803.0,39.0,100.6,38.0,1666.47265625,1011.7045576237142
2026-07-18T13:15:38.872839+00:00,3803.0,41.0,100.11,38.0,1666.47265625,1012.0466982647777
2026-07-18T13:15:39.190877+00:00,3803.0,41.0,101.03,38.0,1666.47265625,1012.3647368848324
2026-07-18T13:15:39.533167+00:00,3803.0,41.0,101.4,38.0,1666.47265625,1012.7070270106196
2026-07-18T13:15:39.831340+00:00,3803.0,41.0,101.46,38.0,1666.47265625,1013.0051996968687
2026-07-18T13:15:40.153325+00:00,3803.0,41.0,101.69,38.0,1666.4765625,1013.3271841295063
2026-07-18T13:15:40.475057+00:00,3803.0,41.0,102.45,38.0,1666.4765625,1013.6489173099399
2026-07-18T13:15:40.814809+00:00,3803.0,41.0,102.67,38.0,1666.4765625,1013.988668192178
2026-07-18T13:15:41.134556+00:00,3803.0,40.0,102.5,38.0,1666.4765625,1014.308414965868
2026-07-18T13:15:41.455134+00:00,3803.0,41.0,102.62,38.0,1666.4765625,1014.6289936304092
2026-07-18T13:15:41.774703+00:00,3803.0,41.0,102.55,38.0,1666.4765625,1014.9485629498959
2026-07-18T13:15:42.117286+00:00,3803.0,35.0,102.44,38.0,1666.4765625,1015.2911404073238
2026-07-18T13:15:42.431299+00:00,3803.0,41.0,101.76,38.0,1666.4765625,1015.6051573120058
2026-07-18T13:15:42.729416+00:00,3803.0,39.0,101.5,38.0,1666.4765625,1015.9032762646675
2026-07-18T13:15:43.028022+00:00,3803.0,41.0,101.8,38.0,1666.4765625,1016.2018816843629
2026-07-18T13:15:43.325000+00:00,3803.0,41.0,101.93,38.0,1666.4765625,1016.4988595433533
2026-07-18T13:15:43.721303+00:00,3803.0,25.0,100.81,38.0,1666.50390625,1016.8951616324484
2026-07-18T13:15:44.080876+00:00,3803.0,38.0,100.18,38.0,1666.50390625,1017.2547361925244
2026-07-18T13:15:44.421054+00:00,3803.0,38.0,100.06,38.0,1666.50390625,1017.5949134677649
2026-07-18T13:15:44.739198+00:00,3803.0,40.0,100.76,38.0,1666.50390625,1017.9130580984056
2026-07-18T13:15:45.058846+00:00,3803.0,39.0,100.96,38.0,1666.50390625,1018.2327045574784
2026-07-18T13:15:45.382814+00:00,3803.0,40.0,100.68,38.0,1666.5078125,1018.5566731877625
2026-07-18T13:15:45.736868+00:00,3803.0,37.0,100.82,38.0,1666.5078125,1018.91072768718
2026-07-18T13:15:46.085055+00:00,3803.0,38.0,100.63,38.0,1666.5078125,1019.2589150071144
2026-07-18T13:15:46.403020+00:00,3803.0,39.0,100.25,38.0,1666.5078125,1019.5768796354532
2026-07-18T13:15:46.765091+00:00,3803.0,33.0,99.85,38.0,1666.5234375,1019.9389505274594
2026-07-18T13:15:47.078818+00:00,3803.0,41.0,100.44,38.0,1666.5234375,1020.252677436918
2026-07-18T13:15:47.436872+00:00,3803.0,40.0,100.95,38.0,1666.5234375,1020.6107315793633
2026-07-18T13:15:47.782803+00:00,3803.0,41.0,101.89,38.0,1666.5234375,1020.956663094461
2026-07-18T13:15:48.141427+00:00,3803.0,40.0,101.85,38.0,1666.53125,1021.3152866065502
2026-07-18T13:15:48.481286+00:00,3803.0,35.0,101.51,38.0,1666.53125,1021.6551457904279
2026-07-18T13:15:48.825338+00:00,3803.0,41.0,100.73,38.0,1666.53125,1021.99919154495
2026-07-18T13:15:49.168166+00:00,3803.0,41.0,99.53,38.0,1668.59765625,1022.3420246094465
2026-07-18T13:15:49.527028+00:00,3803.0,40.0,100.71,38.0,1668.6015625,1022.7008875124156
2026-07-18T13:15:49.824317+00:00,3803.0,41.0,99.87,38.0,1668.6015625,1022.9981766082346
2026-07-18T13:15:50.164692+00:00,3803.0,40.0,99.77,38.0,1668.60546875,1023.3385514505208
2026-07-18T13:15:50.509800+00:00,3803.0,40.0,99.62,38.0,1668.60546875,1023.683659311384
2026-07-18T13:15:50.850719+00:00,3803.0,40.0,100.06,38.0,1668.60546875,1024.0245774909854
2026-07-18T13:15:51.217267+00:00,3803.0,41.0,102.04,38.0,1668.60546875,1024.3911260403693
2026-07-18T13:15:51.535615+00:00,3803.0,40.0,101.72,38.0,1668.609375,1024.7094746343791
2026-07-18T13:15:51.850389+00:00,3803.0,41.0,101.68,38.0,1668.61328125,1025.0242484994233
2026-07-18T13:15:52.170663+00:00,3803.0,40.0,101.61,38.0,1668.62109375,1025.3445230461657
2026-07-18T13:15:52.513317+00:00,3803.0,41.0,102.18,38.0,1668.62109375,1025.6871765889227
2026-07-18T13:15:52.880924+00:00,3803.0,41.0,101.86,38.0,1668.62109375,1026.0547828786075
2026-07-18T13:15:53.199676+00:00,3803.0,41.0,102.11,38.0,1668.62890625,1026.3735361918807
2026-07-18T13:15:53.541314+00:00,3803.0,41.0,102.04,38.0,1668.63671875,1026.71517316252
2026-07-18T13:15:53.858653+00:00,3803.0,40.0,101.71,38.0,1668.63671875,1027.0325122848153
2026-07-18T13:15:54.193926+00:00,3803.0,39.0,101.59,38.0,1668.63671875,1027.367786038667
2026-07-18T13:15:54.514690+00:00,3803.0,41.0,101.77,38.0,1668.65625,1027.6885498687625
2026-07-18T13:15:54.881503+00:00,3803.0,40.0,101.27,38.0,1668.6796875,1028.055360775441
2026-07-18T13:15:55.202655+00:00,3803.0,40.0,101.9,38.0,1668.69140625,1028.3765145801008
2026-07-18T13:15:55.565095+00:00,3803.0,40.0,102.51,38.0,1668.6953125,1028.738953590393
2026-07-18T13:15:55.886877+00:00,3803.0,41.0,102.76,38.0,1668.69921875,1029.0607371665537
2026-07-18T13:15:56.207227+00:00,3803.0,39.0,101.47,38.0,1668.703125,1029.3810864798725
2026-07-18T13:15:56.527211+00:00,3803.0,39.0,100.44,38.0,1668.703125,1029.701070856303
2026-07-18T13:15:56.846976+00:00,3803.0,41.0,100.89,38.0,1668.71484375,1030.020835697651
2026-07-18T13:15:57.167667+00:00,3803.0,36.0,101.21,38.0,1668.72265625,1030.3415260314941
2026-07-18T13:15:57.486791+00:00,3803.0,41.0,102.28,38.0,1668.7265625,1030.6606505587697
2026-07-18T13:15:57.807169+00:00,3803.0,41.0,102.03,38.0,1668.73828125,1030.9810292311013
2026-07-18T13:15:58.145141+00:00,3803.0,41.0,102.84,38.0,1668.7421875,1031.3190004304051
2026-07-18T13:15:58.464821+00:00,3803.0,40.0,102.01,38.0,1668.7421875,1031.6386810801923
2026-07-18T13:15:58.779259+00:00,3803.0,41.0,102.5,38.0,1668.75390625,1031.9531187936664
2026-07-18T13:15:59.141470+00:00,3803.0,35.0,102.49,38.0,1668.76953125,1032.315330002457
2026-07-18T13:15:59.464333+00:00,3803.0,41.0,103.05,38.0,1668.7734375,1032.6381916962564
2026-07-18T13:15:59.804641+00:00,3803.0,41.0,102.89,38.0,1668.77734375,1032.9785007759929
2026-07-18T13:16:00.144753+00:00,3823.0,7.0,101.92,39.0,1668.8203125,1033.318611614406
2026-07-18T13:16:00.468297+00:00,3823.0,39.0,101.69,38.0,1668.82421875,1033.6421565748751
2026-07-18T13:16:00.766070+00:00,3823.0,41.0,102.46,38.0,1668.83203125,1033.9399289898574
2026-07-18T13:16:01.133387+00:00,3823.0,41.0,100.33,38.0,1668.83203125,1034.3072460889816
2026-07-18T13:16:01.449807+00:00,3823.0,40.0,99.46,38.0,1668.83203125,1034.6236669197679
2026-07-18T13:16:01.793201+00:00,3823.0,42.0,99.6,38.0,1668.83203125,1034.9670608751476
2026-07-18T13:16:02.115168+00:00,3823.0,39.0,102.46,38.0,1668.83203125,1035.2890280038118
2026-07-18T13:16:02.457492+00:00,3831.0,39.0,103.88,38.0,1668.83203125,1035.6313517279923
2026-07-18T13:16:02.779637+00:00,3831.0,41.0,103.62,38.0,1668.83203125,1035.9534960724413
2026-07-18T13:16:03.141706+00:00,3831.0,42.0,103.78,38.0,1668.83203125,1036.3155653476715
2026-07-18T13:16:03.513182+00:00,3831.0,39.0,102.57,38.0,1668.83203125,1036.6870389655232
2026-07-18T13:16:03.857543+00:00,3831.0,41.0,102.78,38.0,1668.84765625,1037.031402759254
2026-07-18T13:16:04.197271+00:00,3831.0,41.0,103.09,38.0,1668.84765625,1037.371130630374
2026-07-18T13:16:04.519860+00:00,3831.0,39.0,102.83,38.0,1668.84765625,1037.6937176920474
2026-07-18T13:16:04.839063+00:00,3831.0,41.0,102.68,38.0,1668.84765625,1038.01292251423
2026-07-18T13:16:05.159687+00:00,3831.0,41.0,102.54,38.0,1668.84765625,1038.3335471525788
2026-07-18T13:16:05.478740+00:00,3831.0,42.0,102.86,38.0,1668.84765625,1038.6525993086398
2026-07-18T13:16:05.798921+00:00,3831.0,42.0,102.45,38.0,1668.84765625,1038.9727811589837
2026-07-18T13:16:06.153197+00:00,3831.0,39.0,101.41,38.0,1668.84765625,1039.3270551674068
2026-07-18T13:16:06.476238+00:00,3831.0,42.0,101.47,38.0,1668.86328125,1039.6500971578062
2026-07-18T13:16:06.794662+00:00,3831.0,40.0,101.75,38.0,1668.86328125,1039.9685222543776
2026-07-18T13:16:07.111020+00:00,3831.0,41.0,102.16,38.0,1668.86328125,1040.2848797887564
2026-07-18T13:16:07.445545+00:00,3831.0,39.0,102.73,38.0,1668.86328125,1040.6194032169878
2026-07-18T13:16:07.789479+00:00,3831.0,42.0,102.62,38.0,1668.86328125,1040.9633382707834
2026-07-18T13:16:08.110901+00:00,3831.0,41.0,102.34,38.0,1668.86328125,1041.2847603224218
2026-07-18T13:16:08.472883+00:00,3831.0,41.0,102.24,38.0,1668.86328125,1041.6467419825494
2026-07-18T13:16:08.856586+00:00,3831.0,37.0,102.52,38.0,1668.86328125,1042.0304440744221
2026-07-18T13:16:09.178842+00:00,3831.0,40.0,102.21,38.0,1668.87890625,1042.3527018204331
2026-07-18T13:16:09.525247+00:00,3831.0,40.0,101.05,38.0,1668.87890625,1042.6991064362228
2026-07-18T13:16:09.869569+00:00,3831.0,39.0,101.64,38.0,1668.87890625,1043.043429389596
2026-07-18T13:16:10.186466+00:00,3831.0,41.0,100.72,38.0,1668.87890625,1043.3603243418038
2026-07-18T13:16:10.525582+00:00,3831.0,41.0,100.7,38.0,1668.87890625,1043.6994419135153
2026-07-18T13:16:10.843391+00:00,3831.0,41.0,100.75,38.0,1668.87890625,1044.017250429839
2026-07-18T13:16:11.162824+00:00,3831.0,40.0,100.43,38.0,1668.87890625,1044.3366844952106
2026-07-18T13:16:11.461394+00:00,3831.0,41.0,101.38,38.0,1668.87890625,1044.6352540701628
2026-07-18T13:16:11.761057+00:00,3831.0,41.0,102.44,38.0,1668.87890625,1044.9349166974425
2026-07-18T13:16:12.079082+00:00,3831.0,41.0,102.74,38.0,1668.87890625,1045.2529416158795
2026-07-18T13:16:12.401775+00:00,3831.0,41.0,102.89,38.0,1668.87890625,1045.5756345242262
2026-07-18T13:16:12.723224+00:00,3833.0,41.0,103.24,38.0,1668.87890625,1045.897083453834
2026-07-18T13:16:13.065237+00:00,3833.0,42.0,103.45,38.0,1668.87890625,1046.2390967831016
2026-07-18T13:16:13.363535+00:00,3833.0,41.0,103.6,38.0,1668.8984375,1046.5373939797282
2026-07-18T13:16:13.682331+00:00,3833.0,41.0,102.55,38.0,1668.8984375,1046.8561905100942
2026-07-18T13:16:13.998694+00:00,3833.0,41.0,102.36,38.0,1668.8984375,1047.1725538820028
2026-07-18T13:16:14.336938+00:00,3833.0,40.0,101.82,38.0,1668.8984375,1047.5107978023589
2026-07-18T13:16:14.677570+00:00,3833.0,41.0,102.65,38.0,1668.8984375,1047.8514301404357
2026-07-18T13:16:15.021375+00:00,3833.0,39.0,102.16,38.0,1668.8984375,1048.1952349469066
2026-07-18T13:16:15.343054+00:00,3833.0,41.0,102.24,38.0,1668.8984375,1048.5169142782688
2026-07-18T13:16:15.684607+00:00,3833.0,40.0,101.51,38.0,1668.8984375,1048.8584664016962
2026-07-18T13:16:16.025612+00:00,3833.0,40.0,100.64,38.0,1668.9140625,1049.1994709037244
2026-07-18T13:16:16.369469+00:00,3833.0,39.0,99.93,38.0,1668.9140625,1049.5433288775384
2026-07-18T13:16:16.736285+00:00,3833.0,39.0,99.75,38.0,1668.9140625,1049.9101442620158
2026-07-18T13:16:17.054777+00:00,3833.0,40.0,100.75,38.0,1668.9140625,1050.228636071086
2026-07-18T13:16:17.356923+00:00,3833.0,40.0,101.19,38.0,1668.9140625,1050.530782200396
2026-07-18T13:16:17.692831+00:00,3833.0,40.0,101.56,38.0,1668.9140625,1050.8666907176375
2026-07-18T13:16:18.056344+00:00,3833.0,39.0,101.25,38.0,1668.9140625,1051.2302019000053
2026-07-18T13:16:18.420930+00:00,3833.0,33.0,100.28,38.0,1668.9296875,1051.5947890393436
2026-07-18T13:16:18.757077+00:00,3833.0,40.0,100.59,38.0,1668.9296875,1051.9309362024069
2026-07-18T13:16:19.054750+00:00,3833.0,41.0,100.6,38.0,1668.9296875,1052.2286095060408
2026-07-18T13:16:19.353791+00:00,3833.0,40.0,101.06,38.0,1668.9296875,1052.5276506021619
2026-07-18T13:16:19.674994+00:00,3833.0,41.0,100.97,38.0,1668.9296875,1052.8488529585302
2026-07-18T13:16:19.992398+00:00,3833.0,40.0,100.89,38.0,1668.9296875,1053.1662581413984
2026-07-18T13:16:20.311555+00:00,3833.0,40.0,100.79,38.0,1668.9296875,1053.4854144006968
2026-07-18T13:16:20.631149+00:00,3833.0,38.0,100.74,38.0,1668.9296875,1053.8050086274743
2026-07-18T13:16:20.954915+00:00,3833.0,41.0,100.99,38.0,1668.9296875,1054.12877426669
2026-07-18T13:16:21.317328+00:00,3833.0,40.0,101.54,38.0,1668.9296875,1054.491186670959
2026-07-18T13:16:21.643506+00:00,3833.0,40.0,102.14,38.0,1668.9296875,1054.8173656761646
2026-07-18T13:16:21.962604+00:00,3833.0,40.0,101.34,38.0,1668.9296875,1055.1364623829722
2026-07-18T13:16:22.305384+00:00,3833.0,40.0,101.18,38.0,1668.9296875,1055.4792437553406
2026-07-18T13:16:22.669071+00:00,3833.0,39.0,100.16,38.0,1668.94921875,1055.842929277569
2026-07-18T13:16:22.987256+00:00,3833.0,40.0,101.53,38.0,1668.94921875,1056.1611143276095
2026-07-18T13:16:23.353246+00:00,3833.0,39.0,101.32,38.0,1668.94921875,1056.5271057114005
2026-07-18T13:16:23.701562+00:00,3833.0,37.0,100.81,38.0,1668.94921875,1056.8754201754928
2026-07-18T13:16:24.019464+00:00,3833.0,40.0,99.49,38.0,1668.94921875,1057.1933230683208
2026-07-18T13:16:24.343564+00:00,3833.0,38.0,100.06,38.0,1668.94921875,1057.5174235068262
2026-07-18T13:16:24.709839+00:00,3833.0,40.0,100.43,38.0,1668.94921875,1057.8836985602975
2026-07-18T13:16:25.032669+00:00,3833.0,40.0,100.68,38.0,1668.94921875,1058.206527799368
2026-07-18T13:16:25.404217+00:00,3833.0,39.0,100.99,38.0,1668.94921875,1058.5780765116215
2026-07-18T13:16:25.725086+00:00,3833.0,40.0,100.56,38.0,1668.94921875,1058.8989446349442
2026-07-18T13:16:26.066392+00:00,3833.0,21.0,100.24,38.0,1668.96875,1059.2402514591813
2026-07-18T13:16:26.424610+00:00,3833.0,39.0,100.18,38.0,1668.96875,1059.5984699837863
2026-07-18T13:16:26.766465+00:00,3833.0,38.0,100.36,38.0,1668.96875,1059.9403246827424
2026-07-18T13:16:27.114113+00:00,3833.0,39.0,100.66,38.0,1668.96875,1060.2879729643464
2026-07-18T13:16:27.455506+00:00,3833.0,39.0,99.7,38.0,1668.96875,1060.629365503788
2026-07-18T13:16:27.825155+00:00,3833.0,37.0,100.24,38.0,1668.96875,1060.9990139342844
2026-07-18T13:16:28.179587+00:00,3833.0,20.0,100.03,38.0,1671.0859375,1061.3534457609057
2026-07-18T13:16:28.500416+00:00,3833.0,39.0,99.75,38.0,1671.0859375,1061.6742742881179
2026-07-18T13:16:28.842748+00:00,3833.0,39.0,99.13,38.0,1671.0859375,1062.016606491059
2026-07-18T13:16:29.209788+00:00,3833.0,39.0,99.35,38.0,1671.0859375,1062.383647058159
2026-07-18T13:16:29.534161+00:00,3833.0,40.0,99.53,38.0,1671.0859375,1062.708019837737
2026-07-18T13:16:29.877410+00:00,3833.0,40.0,99.99,38.0,1671.0859375,1063.0512697733939
2026-07-18T13:16:30.217440+00:00,3833.0,39.0,101.3,38.0,1671.0859375,1063.3912988193333
2026-07-18T13:16:30.576952+00:00,3833.0,40.0,103.19,38.0,1671.0859375,1063.7508109100163
2026-07-18T13:16:30.900477+00:00,3833.0,40.0,102.92,38.0,1671.0859375,1064.0743349343538
2026-07-18T13:16:31.264953+00:00,3833.0,39.0,101.96,38.0,1671.0859375,1064.4388116635382
2026-07-18T13:16:31.624570+00:00,3833.0,38.0,101.27,38.0,1671.0859375,1064.7984296008945
2026-07-18T13:16:31.947064+00:00,3833.0,40.0,100.65,38.0,1671.0859375,1065.1209241598845
2026-07-18T13:16:32.321323+00:00,3833.0,37.0,101.0,38.0,1671.0859375,1065.4951824061573
2026-07-18T13:16:32.682823+00:00,3833.0,37.0,100.78,38.0,1671.0859375,1065.8566825017333
2026-07-18T13:16:33.049111+00:00,3833.0,39.0,101.22,38.0,1671.0859375,1066.2229711264372
2026-07-18T13:16:33.389675+00:00,3833.0,27.0,100.16,38.0,1671.0859375,1066.5635343715549
2026-07-18T13:16:33.741044+00:00,3833.0,11.0,99.51,38.0,1671.11328125,1066.914903420955
2026-07-18T13:16:34.040523+00:00,3833.0,40.0,98.55,38.0,1671.11328125,1067.214381955564
2026-07-18T13:16:34.366859+00:00,3833.0,39.0,99.54,38.0,1671.11328125,1067.540717959404
2026-07-18T13:16:34.732678+00:00,3833.0,37.0,100.08,38.0,1671.11328125,1067.9065367467701
2026-07-18T13:16:35.061844+00:00,3833.0,37.0,100.58,38.0,1671.11328125,1068.235702533275
2026-07-18T13:16:35.383800+00:00,3833.0,40.0,99.93,38.0,1671.11328125,1068.557659983635
2026-07-18T13:16:35.705390+00:00,3833.0,40.0,100.81,38.0,1671.11328125,1068.879249934107
2026-07-18T13:16:36.111864+00:00,3833.0,21.0,100.15,38.0,1671.13671875,1069.285722747445
2026-07-18T13:16:36.434603+00:00,3833.0,38.0,100.52,38.0,1671.13671875,1069.6084630154073
2026-07-18T13:16:36.754475+00:00,3833.0,36.0,99.5,38.0,1671.13671875,1069.9283339828253
2026-07-18T13:16:37.118974+00:00,3833.0,36.0,99.38,38.0,1671.13671875,1070.2928339876235
2026-07-18T13:16:37.461501+00:00,3833.0,38.0,99.98,38.0,1671.13671875,1070.6353603601456
2026-07-18T13:16:37.801654+00:00,3833.0,38.0,100.17,38.0,1671.13671875,1070.97551240772
2026-07-18T13:16:38.170213+00:00,3833.0,38.0,100.99,38.0,1671.13671875,1071.3440714478493
2026-07-18T13:16:38.518596+00:00,3833.0,40.0,99.21,38.0,1671.15625,1071.6924540624022
2026-07-18T13:16:38.889362+00:00,3833.0,37.0,99.72,38.0,1671.15625,1072.0632213801146
2026-07-18T13:16:39.207285+00:00,3833.0,38.0,99.08,38.0,1671.15625,1072.3811432644725
2026-07-18T13:16:39.573260+00:00,3833.0,39.0,100.73,38.0,1671.15625,1072.7471190430224
2026-07-18T13:16:39.917552+00:00,3833.0,36.0,99.81,38.0,1671.15625,1073.0914116166532
2026-07-18T13:16:40.218918+00:00,3833.0,38.0,99.47,38.0,1671.15625,1073.3927769325674
2026-07-18T13:16:40.528272+00:00,3833.0,40.0,99.76,38.0,1671.15625,1073.7021316066384
2026-07-18T13:16:40.846611+00:00,3833.0,40.0,99.87,38.0,1671.15625,1074.0204700380564
2026-07-18T13:16:41.222086+00:00,3833.0,36.0,100.51,38.0,1671.15625,1074.3959457986057
2026-07-18T13:16:41.585009+00:00,3833.0,36.0,101.04,38.0,1671.15625,1074.758867237717
2026-07-18T13:16:41.934315+00:00,3833.0,38.0,101.94,38.0,1671.15625,1075.1081744246185
2026-07-18T13:16:42.255416+00:00,3833.0,37.0,100.46,38.0,1671.1796875,1075.429275535047
2026-07-18T13:16:42.576859+00:00,3833.0,38.0,99.64,38.0,1671.1796875,1075.7507184185088
2026-07-18T13:16:42.941057+00:00,3833.0,36.0,98.6,38.0,1671.1796875,1076.1149161942303
2026-07-18T13:16:43.286254+00:00,3833.0,38.0,99.56,38.0,1671.1796875,1076.4601123332977
2026-07-18T13:16:43.653136+00:00,3833.0,39.0,100.0,38.0,1671.1796875,1076.8269945420325
2026-07-18T13:16:43.978375+00:00,3833.0,40.0,99.79,38.0,1671.1796875,1077.1522340625525
2026-07-18T13:16:44.321174+00:00,3833.0,40.0,100.07,38.0,1671.1796875,1077.4950330033898
2026-07-18T13:16:44.647801+00:00,3833.0,38.0,98.96,38.0,1671.19921875,1077.821659307927
2026-07-18T13:16:44.963475+00:00,3833.0,38.0,98.71,38.0,1671.19921875,1078.1373342387378
2026-07-18T13:16:45.281011+00:00,3833.0,38.0,98.49,38.0,1671.19921875,1078.454870633781
2026-07-18T13:16:45.617090+00:00,3833.0,39.0,98.86,38.0,1671.19921875,1078.7909495905042
2026-07-18T13:16:45.942767+00:00,3833.0,38.0,99.25,38.0,1671.19921875,1079.1166265234351
2026-07-18T13:16:46.362388+00:00,3833.0,40.0,99.57,38.0,1671.19921875,1079.5362465679646
2026-07-18T13:16:46.662262+00:00,3833.0,38.0,99.23,38.0,1671.21875,1079.8361219726503
2026-07-18T13:16:47.033524+00:00,3833.0,39.0,99.07,38.0,1671.21875,1080.2073840722442
2026-07-18T13:16:47.373504+00:00,3833.0,40.0,99.6,38.0,1671.21875,1080.5473633892834
2026-07-18T13:16:47.695099+00:00,3833.0,38.0,99.3,38.0,1671.21875,1080.868958760053
2026-07-18T13:16:48.011026+00:00,3833.0,40.0,99.23,38.0,1671.21875,1081.1848858818412
2026-07-18T13:16:48.373812+00:00,3833.0,40.0,99.05,38.0,1671.21875,1081.5476715005934
2026-07-18T13:16:48.753755+00:00,3833.0,37.0,99.27,38.0,1671.33203125,1081.9276113919914
2026-07-18T13:16:49.070737+00:00,3833.0,40.0,99.21,38.0,1671.33203125,1082.2445965483785
2026-07-18T13:16:49.370344+00:00,3833.0,39.0,99.35,38.0,1671.33203125,1082.5442034639418
2026-07-18T13:16:49.668829+00:00,3833.0,10.0,98.32,38.0,1671.35546875,1082.8426882475615
2026-07-18T13:16:50.047055+00:00,3833.0,40.0,98.82,38.0,1671.35546875,1083.2209143824875
2026-07-18T13:16:50.390891+00:00,3833.0,40.0,99.34,38.0,1671.35546875,1083.5647397749126
2026-07-18T13:16:50.749110+00:00,3833.0,35.0,99.99,38.0,1671.35546875,1083.922968916595
2026-07-18T13:16:51.093375+00:00,3833.0,39.0,99.66,38.0,1671.35546875,1084.2672348469496
2026-07-18T13:16:51.461298+00:00,3833.0,39.0,99.81,38.0,1671.35546875,1084.6351571790874
2026-07-18T13:16:51.804745+00:00,3833.0,40.0,100.13,38.0,1671.35546875,1084.9786009155214
2026-07-18T13:16:52.177488+00:00,3833.0,38.0,100.96,38.0,1671.35546875,1085.351347927004
2026-07-18T13:16:52.517746+00:00,3833.0,37.0,100.74,38.0,1671.35546875,1085.6916044689715
2026-07-18T13:16:52.853284+00:00,3833.0,38.0,100.54,38.0,1671.35546875,1086.0271438397467
2026-07-18T13:16:53.205191+00:00,3833.0,39.0,99.56,38.0,1671.35546875,1086.3790505342185
2026-07-18T13:16:53.556887+00:00,3833.0,37.0,99.49,38.0,1671.35546875,1086.7307464256883
2026-07-18T13:16:53.921026+00:00,3833.0,38.0,100.91,38.0,1671.35546875,1087.0948855541646
2026-07-18T13:16:54.365327+00:00,3833.0,6.0,99.33,38.0,1671.3828125,1087.5391857735813
2026-07-18T13:16:54.710002+00:00,3833.0,37.0,98.8,38.0,1671.3828125,1087.8838615305722
2026-07-18T13:16:55.077847+00:00,3833.0,37.0,98.59,38.0,1671.3828125,1088.251705814153
2026-07-18T13:16:55.395515+00:00,3833.0,38.0,99.9,38.0,1671.3828125,1088.5693751499057
2026-07-18T13:16:55.748577+00:00,3833.0,37.0,100.03,38.0,1671.3828125,1088.9224358946085
2026-07-18T13:16:56.116713+00:00,3833.0,37.0,100.29,38.0,1671.3828125,1089.2905725352466
2026-07-18T13:16:56.461746+00:00,3833.0,40.0,101.03,38.0,1671.3828125,1089.6356055662036
2026-07-18T13:16:56.810171+00:00,3833.0,38.0,100.84,38.0,1671.3828125,1089.9840297363698
2026-07-18T13:16:57.150174+00:00,3833.0,40.0,100.54,38.0,1671.3828125,1090.3240326680243
2026-07-18T13:16:57.471109+00:00,3833.0,39.0,100.39,38.0,1671.3828125,1090.6449686773121
2026-07-18T13:16:57.791695+00:00,3833.0,39.0,100.66,38.0,1671.3828125,1090.96555416286
2026-07-18T13:16:58.133549+00:00,3833.0,36.0,101.2,38.0,1671.3828125,1091.307408541441
2026-07-18T13:16:58.432714+00:00,3833.0,38.0,100.62,38.0,1671.3828125,1091.6065732575953
2026-07-18T13:16:58.793642+00:00,3833.0,38.0,101.4,38.0,1671.3828125,1091.9675008505583
2026-07-18T13:16:59.114225+00:00,3833.0,37.0,101.27,38.0,1671.3828125,1092.2880848012865
2026-07-18T13:16:59.435174+00:00,3833.0,38.0,101.35,38.0,1671.390625,1092.6090337224305
2026-07-18T13:16:59.804826+00:00,3833.0,39.0,100.8,38.0,1671.390625,1092.9786857515574
2026-07-18T13:17:00.148813+00:00,3833.0,31.0,99.27,38.0,1671.421875,1093.3226667940617
2026-07-18T13:17:00.497882+00:00,3833.0,40.0,99.2,38.0,1671.421875,1093.6717419587076
2026-07-18T13:17:00.861499+00:00,3833.0,38.0,98.9,38.0,1671.421875,1094.0353580079973
2026-07-18T13:17:01.183188+00:00,3833.0,38.0,99.62,38.0,1671.421875,1094.3570462688804
2026-07-18T13:17:01.502654+00:00,3833.0,40.0,99.14,38.0,1671.421875,1094.676513608545
2026-07-18T13:17:01.827166+00:00,3833.0,38.0,99.11,38.0,1671.421875,1095.0010251924396
2026-07-18T13:17:02.148632+00:00,3833.0,38.0,99.19,38.0,1671.421875,1095.3224915228784
2026-07-18T13:17:02.471928+00:00,3833.0,41.0,99.89,38.0,1671.421875,1095.6457873806357
2026-07-18T13:17:02.814943+00:00,3833.0,38.0,100.05,38.0,1671.421875,1095.9888026304543
2026-07-18T13:17:03.152811+00:00,3833.0,36.0,100.29,38.0,1671.42578125,1096.3266700543463
2026-07-18T13:17:03.497300+00:00,3833.0,36.0,100.11,38.0,1671.42578125,1096.6711593791842
2026-07-18T13:17:03.868228+00:00,3833.0,37.0,99.77,38.0,1671.42578125,1097.0420880429447
2026-07-18T13:17:04.237946+00:00,3833.0,37.0,100.09,38.0,1671.4296875,1097.4118044152856
2026-07-18T13:17:04.558744+00:00,3833.0,38.0,99.87,38.0,1671.4296875,1097.7326026298106
2026-07-18T13:17:04.928554+00:00,3833.0,38.0,101.11,38.0,1671.4296875,1098.102414097637
2026-07-18T13:17:05.273145+00:00,3833.0,38.0,101.63,38.0,1671.4296875,1098.447004199028
2026-07-18T13:17:05.633628+00:00,3833.0,39.0,101.94,38.0,1671.4296875,1098.807486679405
2026-07-18T13:17:05.955504+00:00,3833.0,31.0,100.11,38.0,1671.46484375,1099.1293627656996
2026-07-18T13:17:06.274740+00:00,3833.0,40.0,98.91,38.0,1671.46484375,1099.4485986977816
2026-07-18T13:17:06.590368+00:00,3833.0,40.0,98.82,38.0,1671.46484375,1099.7642278335989
2026-07-18T13:17:06.933051+00:00,3833.0,40.0,99.64,38.0,1671.47265625,1100.106910303235
2026-07-18T13:17:07.303101+00:00,3833.0,40.0,101.27,38.0,1671.47265625,1100.4769601859152
2026-07-18T13:17:07.664781+00:00,3833.0,40.0,101.82,38.0,1671.47265625,1100.8386402018368
2026-07-18T13:17:07.991006+00:00,3833.0,40.0,101.4,38.0,1671.47265625,1101.1648659519851
2026-07-18T13:17:08.312020+00:00,3833.0,40.0,100.13,38.0,1671.47265625,1101.4858799390495
2026-07-18T13:17:08.627359+00:00,3833.0,40.0,100.23,38.0,1671.47265625,1101.8012186028063
2026-07-18T13:17:08.950037+00:00,3833.0,41.0,101.34,38.0,1671.47265625,1102.1238966174424
2026-07-18T13:17:09.249113+00:00,3833.0,41.0,102.03,38.0,1671.51171875,1102.4229716323316
2026-07-18T13:17:09.548711+00:00,3833.0,40.0,102.37,38.0,1671.515625,1102.7225610278547
2026-07-18T13:17:09.916757+00:00,3833.0,37.0,101.77,38.0,1671.51953125,1103.090613335371
2026-07-18T13:17:10.214339+00:00,3833.0,40.0,101.67,38.0,1671.51953125,1103.3881985917687
2026-07-18T13:17:10.512844+00:00,3833.0,38.0,101.84,38.0,1671.5234375,1103.6867032423615
2026-07-18T13:17:10.835350+00:00,3833.0,40.0,102.95,38.0,1671.52734375,1104.009210512042
2026-07-18T13:17:11.178271+00:00,3833.0,41.0,103.3,38.0,1671.52734375,1104.3521297238767
2026-07-18T13:17:11.516960+00:00,3833.0,35.0,101.17,38.0,1671.58984375,1104.6908159218729
2026-07-18T13:17:11.839664+00:00,3833.0,40.0,99.78,38.0,1671.58984375,1105.0135140307248
2026-07-18T13:17:12.138013+00:00,3833.0,40.0,99.11,38.0,1671.58984375,1105.3118714876473
2026-07-18T13:17:12.506223+00:00,3833.0,39.0,100.52,38.0,1671.58984375,1105.68008223176
2026-07-18T13:17:12.830487+00:00,3833.0,40.0,100.9,38.0,1671.58984375,1106.0043465942144
2026-07-18T13:17:13.155329+00:00,3833.0,40.0,102.01,38.0,1671.59375,1106.3291888311505
2026-07-18T13:17:13.522646+00:00,3833.0,39.0,101.62,38.0,1671.60546875,1106.6965046599507
2026-07-18T13:17:13.821121+00:00,3833.0,40.0,101.05,38.0,1671.60546875,1106.9949808865786
2026-07-18T13:17:14.181462+00:00,3833.0,39.0,99.88,38.0,1671.62109375,1107.355310253799
2026-07-18T13:17:14.544252+00:00,3833.0,38.0,99.58,38.0,1671.640625,1107.718109086156
2026-07-18T13:17:14.913740+00:00,3833.0,40.0,99.79,38.0,1671.65625,1108.0875969007611
2026-07-18T13:17:15.280575+00:00,3833.0,39.0,99.96,38.0,1671.66796875,1108.4544339440763
2026-07-18T13:17:15.625611+00:00,3833.0,39.0,100.63,38.0,1671.67578125,1108.7994713783264
2026-07-18T13:17:15.943054+00:00,3833.0,41.0,101.15,38.0,1671.67578125,1109.1169141754508
2026-07-18T13:17:16.338566+00:00,3833.0,8.0,101.15,38.0,1671.73046875,1109.51242050156
2026-07-18T13:17:16.685375+00:00,3833.0,24.0,98.55,38.0,1671.73046875,1109.8592347316444
2026-07-18T13:17:17.008256+00:00,3833.0,25.0,94.82,38.0,1671.75,1110.1821139752865
2026-07-18T13:17:17.332849+00:00,3833.0,40.0,95.29,38.0,1671.75,1110.5066990964115
2026-07-18T13:17:17.632652+00:00,3833.0,39.0,97.93,38.0,1671.75,1110.8065120466053
2026-07-18T13:17:17.977396+00:00,3833.0,39.0,101.4,38.0,1671.75,1111.151255544275
2026-07-18T13:17:18.320943+00:00,3833.0,40.0,100.75,38.0,1671.75,1111.4948022402823
2026-07-18T13:17:18.643297+00:00,3833.0,40.0,99.73,38.0,1671.75,1111.8171565271914
2026-07-18T13:17:18.941947+00:00,3833.0,40.0,99.1,38.0,1671.75,1112.1157984472811
2026-07-18T13:17:19.263225+00:00,3833.0,41.0,99.67,38.0,1671.75,1112.4370844326913
2026-07-18T13:17:19.582867+00:00,3833.0,41.0,100.64,38.0,1671.75,1112.7567254416645
2026-07-18T13:17:19.906858+00:00,3833.0,38.0,101.75,38.0,1671.75,1113.080717511475
2026-07-18T13:17:20.221859+00:00,3833.0,40.0,101.55,38.0,1671.75,1113.395717855543
2026-07-18T13:17:20.560843+00:00,3833.0,39.0,101.31,38.0,1671.75,1113.734700549394
2026-07-18T13:17:20.904689+00:00,3833.0,40.0,100.58,38.0,1671.75,1114.078538287431
2026-07-18T13:17:21.223422+00:00,3833.0,36.0,100.44,38.0,1671.75,1114.3972790353
2026-07-18T13:17:21.571135+00:00,3833.0,40.0,100.91,38.0,1671.75,1114.7449950613081
2026-07-18T13:17:21.909467+00:00,3833.0,41.0,101.33,38.0,1671.75,1115.0833266079426
2026-07-18T13:17:22.253333+00:00,3833.0,29.0,101.18,38.0,1671.77734375,1115.4271894395351
2026-07-18T13:17:22.574983+00:00,3833.0,40.0,100.93,38.0,1671.77734375,1115.7488421201706
2026-07-18T13:17:22.937616+00:00,3833.0,40.0,101.41,38.0,1671.77734375,1116.1114745661616
2026-07-18T13:17:23.281659+00:00,3833.0,39.0,102.04,38.0,1671.77734375,1116.4555179700255
2026-07-18T13:17:23.580777+00:00,3833.0,40.0,101.24,38.0,1671.77734375,1116.7546369284391
2026-07-18T13:17:23.955065+00:00,3833.0,40.0,100.81,38.0,1671.77734375,1117.1289236545563
2026-07-18T13:17:24.321219+00:00,3833.0,39.0,100.33,38.0,1671.77734375,1117.495078586042
2026-07-18T13:17:24.638731+00:00,3833.0,40.0,100.58,38.0,1671.77734375,1117.812590163201
2026-07-18T13:17:25.005812+00:00,3833.0,40.0,99.97,38.0,1671.77734375,1118.179667826742
2026-07-18T13:17:25.345235+00:00,3833.0,36.0,100.22,38.0,1671.77734375,1118.5190786458552
2026-07-18T13:17:25.692579+00:00,3833.0,38.0,100.85,38.0,1671.77734375,1118.866438049823
2026-07-18T13:17:26.014759+00:00,3833.0,41.0,101.48,38.0,1671.77734375,1119.188618440181
2026-07-18T13:17:26.361365+00:00,3833.0,38.0,101.46,38.0,1671.77734375,1119.5352242700756
2026-07-18T13:17:26.683276+00:00,3833.0,39.0,102.24,38.0,1671.77734375,1119.8571349047124
2026-07-18T13:17:27.021928+00:00,3833.0,38.0,101.45,38.0,1671.77734375,1120.195787448436
2026-07-18T13:17:27.343997+00:00,3833.0,40.0,102.44,38.0,1671.77734375,1120.5178567282856
2026-07-18T13:17:27.681759+00:00,3833.0,33.0,100.42,38.0,1671.80859375,1120.85561157763
2026-07-18T13:17:28.024883+00:00,3833.0,39.0,100.02,38.0,1671.80859375,1121.1987423822284
2026-07-18T13:17:28.346881+00:00,3833.0,40.0,99.18,38.0,1671.80859375,1121.5207400619984
2026-07-18T13:17:28.685417+00:00,3833.0,40.0,100.75,38.0,1671.80859375,1121.859276611358
2026-07-18T13:17:29.048817+00:00,3833.0,40.0,101.61,38.0,1671.80859375,1122.2226760201156
2026-07-18T13:17:29.374442+00:00,3833.0,40.0,101.67,38.0,1671.80859375,1122.5483005978167
2026-07-18T13:17:29.690401+00:00,3833.0,41.0,101.99,38.0,1671.80859375,1122.8642599768937
2026-07-18T13:17:29.989658+00:00,3833.0,40.0,101.93,38.0,1671.80859375,1123.1635166294873
2026-07-18T13:17:30.333350+00:00,3833.0,39.0,101.57,38.0,1671.80859375,1123.5072004012764
2026-07-18T13:17:30.655360+00:00,3833.0,40.0,101.33,38.0,1671.80859375,1123.8292197547853
2026-07-18T13:17:30.972483+00:00,3833.0,40.0,100.9,38.0,1671.80859375,1124.1463378295302
2026-07-18T13:17:31.341279+00:00,3833.0,40.0,101.7,38.0,1671.80859375,1124.515138182789
2026-07-18T13:17:31.663580+00:00,3833.0,41.0,101.67,38.0,1671.80859375,1124.8374398313463
2026-07-18T13:17:31.964170+00:00,3833.0,41.0,102.27,38.0,1671.80859375,1125.1380306258798
2026-07-18T13:17:32.333571+00:00,3833.0,40.0,102.46,38.0,1671.80859375,1125.507430817932
2026-07-18T13:17:32.658911+00:00,3833.0,41.0,102.65,38.0,1671.80859375,1125.8327706456184
2026-07-18T13:17:33.021352+00:00,3833.0,41.0,102.68,38.0,1671.80859375,1126.1952104456723
2026-07-18T13:17:33.388865+00:00,3833.0,40.0,101.86,38.0,1671.83984375,1126.5627228952944
2026-07-18T13:17:33.711162+00:00,3833.0,40.0,101.3,38.0,1671.83984375,1126.8850218057632
2026-07-18T13:17:34.031661+00:00,3833.0,40.0,100.31,38.0,1671.83984375,1127.205521158874
2026-07-18T13:17:34.397010+00:00,3833.0,40.0,100.78,38.0,1671.83984375,1127.5708687901497
2026-07-18T13:17:34.765834+00:00,3833.0,40.0,101.45,38.0,1671.83984375,1127.9396936707199
2026-07-18T13:17:35.118269+00:00,3833.0,40.0,101.64,38.0,1671.83984375,1128.292128637433
2026-07-18T13:17:35.460265+00:00,3833.0,40.0,101.41,38.0,1671.83984375,1128.6341237649322
2026-07-18T13:17:35.759585+00:00,3833.0,41.0,101.17,38.0,1671.83984375,1128.933445032686
2026-07-18T13:17:36.076803+00:00,3833.0,41.0,101.92,38.0,1671.83984375,1129.250660751015
2026-07-18T13:17:36.399248+00:00,3833.0,41.0,102.51,38.0,1671.83984375,1129.573097344488
2026-07-18T13:17:36.768764+00:00,3833.0,37.0,102.78,38.0,1671.83984375,1129.9426198638976
2026-07-18T13:17:37.088178+00:00,3833.0,40.0,102.2,38.0,1671.83984375,1130.2620370201766
2026-07-18T13:17:37.457938+00:00,3833.0,40.0,103.22,38.0,1671.83984375,1130.6317900009453
2026-07-18T13:17:37.817301+00:00,3833.0,40.0,103.6,38.0,1671.83984375,1130.9911597147584
2026-07-18T13:17:38.140796+00:00,3833.0,40.0,103.44,38.0,1671.83984375,1131.3146556019783
2026-07-18T13:17:38.480874+00:00,3833.0,40.0,102.06,38.0,1671.83984375,1131.6547336056828
2026-07-18T13:17:38.782140+00:00,3833.0,31.0,99.96,38.0,1671.87109375,1131.9559985026717
2026-07-18T13:17:39.121327+00:00,3833.0,39.0,99.25,38.0,1671.87109375,1132.2951863408089
2026-07-18T13:17:39.448402+00:00,3833.0,35.0,99.11,38.0,1671.87109375,1132.6222617179155
2026-07-18T13:17:39.817105+00:00,3833.0,35.0,100.06,38.0,1671.87109375,1132.990964140743
2026-07-18T13:17:40.137825+00:00,3833.0,40.0,100.33,38.0,1671.87109375,1133.31168467924
2026-07-18T13:17:40.461357+00:00,3833.0,39.0,100.16,38.0,1671.87109375,1133.6352170594037
2026-07-18T13:17:40.783621+00:00,3833.0,37.0,99.73,38.0,1671.87109375,1133.9574800245464
2026-07-18T13:17:41.154153+00:00,3833.0,34.0,100.28,38.0,1671.87109375,1134.3280123621225
2026-07-18T13:17:41.497966+00:00,3833.0,38.0,100.27,38.0,1671.87109375,1134.67182623595
2026-07-18T13:17:41.797646+00:00,3833.0,40.0,100.77,38.0,1671.87109375,1134.9715046063066
2026-07-18T13:17:42.141546+00:00,3833.0,40.0,98.81,38.0,1671.89453125,1135.315405227244
2026-07-18T13:17:42.486811+00:00,3833.0,40.0,99.87,38.0,1671.89453125,1135.6606702394783
2026-07-18T13:17:42.850171+00:00,3833.0,33.0,99.53,38.0,1671.89453125,1136.0240300558507
2026-07-18T13:17:43.166679+00:00,3833.0,39.0,100.28,38.0,1671.89453125,1136.3405352830887
2026-07-18T13:17:43.542462+00:00,3833.0,33.0,99.57,38.0,1671.8984375,1136.716320734471
2026-07-18T13:17:43.876969+00:00,3833.0,39.0,99.24,38.0,1671.8984375,1137.0508195087314
2026-07-18T13:17:44.177168+00:00,3833.0,40.0,99.57,38.0,1671.8984375,1137.3510281592607
2026-07-18T13:17:44.495714+00:00,3833.0,39.0,100.5,38.0,1671.8984375,1137.669573046267
2026-07-18T13:17:44.825545+00:00,3833.0,40.0,101.3,38.0,1671.8984375,1137.999404590577
2026-07-18T13:17:45.124565+00:00,3833.0,40.0,101.79,38.0,1671.8984375,1138.2984243407845
2026-07-18T13:17:45.485467+00:00,3833.0,37.0,101.15,38.0,1671.8984375,1138.6593268625438
2026-07-18T13:17:45.847947+00:00,3833.0,32.0,99.39,38.0,1671.8984375,1139.0218053385615
2026-07-18T13:17:46.189693+00:00,3833.0,40.0,98.91,38.0,1671.921875,1139.3635484278202
2026-07-18T13:17:46.511361+00:00,3833.0,39.0,98.6,38.0,1671.921875,1139.6852210201323
2026-07-18T13:17:46.848711+00:00,3833.0,38.0,99.06,38.0,1671.921875,1140.0225703045726
2026-07-18T13:17:47.171161+00:00,3833.0,40.0,99.53,38.0,1671.921875,1140.345020890236
2026-07-18T13:17:47.490900+00:00,3833.0,40.0,100.71,38.0,1671.921875,1140.6647600829601
2026-07-18T13:17:47.857695+00:00,3833.0,40.0,101.81,38.0,1671.921875,1141.0315469577909
2026-07-18T13:17:48.193452+00:00,3833.0,40.0,103.62,38.0,1671.921875,1141.367310963571
2026-07-18T13:17:48.514748+00:00,3833.0,37.0,103.22,38.0,1671.921875,1141.6886076256633
2026-07-18T13:17:48.835164+00:00,3833.0,40.0,103.28,38.0,1671.921875,1142.0090236328542
2026-07-18T13:17:49.155296+00:00,3833.0,37.0,102.64,38.0,1671.921875,1142.3291555419564
2026-07-18T13:17:49.477217+00:00,3833.0,40.0,102.8,38.0,1671.921875,1142.6510772071779
2026-07-18T13:17:49.817316+00:00,3833.0,40.0,101.99,38.0,1671.921875,1142.991174660623
2026-07-18T13:17:50.138809+00:00,3833.0,17.0,100.01,38.0,1671.94921875,1143.31266919896
2026-07-18T13:17:50.458609+00:00,3833.0,40.0,98.95,38.0,1671.94921875,1143.6324682869017
2026-07-18T13:17:50.778438+00:00,3833.0,40.0,99.24,38.0,1671.94921875,1143.952297706157
2026-07-18T13:17:51.145140+00:00,3833.0,36.0,100.46,38.0,1671.94921875,1144.3189978301525
2026-07-18T13:17:51.463128+00:00,3833.0,40.0,100.42,38.0,1671.94921875,1144.636987734586
2026-07-18T13:17:51.821329+00:00,3833.0,39.0,100.7,38.0,1671.94921875,1144.9951876066625
2026-07-18T13:17:52.145202+00:00,3833.0,40.0,100.6,38.0,1671.94921875,1145.319061551243
2026-07-18T13:17:52.461929+00:00,3833.0,40.0,101.11,38.0,1671.94921875,1145.635789025575
2026-07-18T13:17:52.804866+00:00,3833.0,39.0,101.19,38.0,1671.94921875,1145.978715095669
2026-07-18T13:17:53.177535+00:00,3833.0,40.0,102.73,38.0,1671.94921875,1146.3513949736953
2026-07-18T13:17:53.542184+00:00,3833.0,40.0,103.45,38.0,1671.94921875,1146.7160437591374
2026-07-18T13:17:53.887349+00:00,3833.0,29.0,102.34,38.0,1671.97265625,1147.0612090229988
2026-07-18T13:17:54.203648+00:00,3833.0,40.0,101.46,38.0,1671.97265625,1147.377507839352
2026-07-18T13:17:54.548122+00:00,3833.0,40.0,99.73,38.0,1671.97265625,1147.7219742648304
2026-07-18T13:17:54.870635+00:00,3833.0,39.0,99.91,38.0,1671.97265625,1148.0444944053888
2026-07-18T13:17:55.191631+00:00,3833.0,40.0,98.75,38.0,1671.97265625,1148.3654905706644
2026-07-18T13:17:55.515295+00:00,3833.0,40.0,98.91,38.0,1671.97265625,1148.6891540847719
2026-07-18T13:17:55.838584+00:00,3833.0,40.0,99.28,38.0,1671.97265625,1149.0124415159225
2026-07-18T13:17:56.209481+00:00,3833.0,40.0,99.31,38.0,1671.97265625,1149.3833403885365
2026-07-18T13:17:56.573269+00:00,3833.0,40.0,99.73,38.0,1671.97265625,1149.7471277751029
2026-07-18T13:17:56.945755+00:00,3833.0,37.0,100.41,38.0,1671.97265625,1150.1196134835482
2026-07-18T13:17:57.289581+00:00,3833.0,41.0,101.54,38.0,1671.97265625,1150.463440939784
2026-07-18T13:17:57.626469+00:00,3833.0,11.0,100.53,38.0,1672.0,1150.800328798592
2026-07-18T13:17:57.969059+00:00,3833.0,40.0,100.05,38.0,1672.0,1151.1429187506437
2026-07-18T13:17:58.312963+00:00,3833.0,40.0,98.91,38.0,1672.0,1151.4868226014078
2026-07-18T13:17:58.656893+00:00,3833.0,40.0,99.7,38.0,1672.0,1151.8307527825236
2026-07-18T13:17:59.025258+00:00,3833.0,38.0,100.58,38.0,1672.0,1152.1991157494485
2026-07-18T13:17:59.347176+00:00,3833.0,40.0,101.21,38.0,1672.0,1152.5210357047617
2026-07-18T13:17:59.669562+00:00,3833.0,40.0,101.38,38.0,1672.0,1152.8434212505817
2026-07-18T13:17:59.992234+00:00,3833.0,40.0,101.3,38.0,1672.0,1153.1660931259394
2026-07-18T13:18:00.311184+00:00,3833.0,40.0,101.42,38.0,1672.0,1153.4850437566638
2026-07-18T13:18:00.657125+00:00,3833.0,38.0,101.38,38.0,1672.0,1153.8309845589101
2026-07-18T13:18:01.001113+00:00,3833.0,40.0,101.13,38.0,1672.0,1154.174972370267
2026-07-18T13:18:01.369409+00:00,3833.0,40.0,100.87,38.0,1672.0,1154.543268110603
2026-07-18T13:18:01.773134+00:00,3833.0,8.0,99.31,38.0,1672.0234375,1154.9469940178096
2026-07-18T13:18:02.095552+00:00,3833.0,39.0,99.29,38.0,1672.0234375,1155.2694106325507
2026-07-18T13:18:02.419481+00:00,3833.0,39.0,98.98,38.0,1672.0234375,1155.5933398790658
2026-07-18T13:18:02.764919+00:00,3833.0,40.0,99.69,38.0,1672.0234375,1155.9387792795897
2026-07-18T13:18:03.085467+00:00,3833.0,40.0,100.08,38.0,1672.0234375,1156.2593274004757
2026-07-18T13:18:03.408346+00:00,3833.0,37.0,100.38,38.0,1672.0234375,1156.582195661962
2026-07-18T13:18:03.725862+00:00,3833.0,28.0,100.09,38.0,1672.0234375,1156.8997214622796
2026-07-18T13:18:04.046670+00:00,3833.0,41.0,100.51,38.0,1672.0234375,1157.220530062914
2026-07-18T13:18:04.346039+00:00,3833.0,10.0,100.12,38.0,1672.046875,1157.5198959745467
2026-07-18T13:18:04.666890+00:00,3833.0,40.0,100.63,38.0,1672.046875,1157.8407494872808
2026-07-18T13:18:05.030132+00:00,3833.0,39.0,99.89,38.0,1672.046875,1158.2039911150932
2026-07-18T13:18:05.330342+00:00,3833.0,40.0,100.35,38.0,1672.046875,1158.504201553762
2026-07-18T13:18:05.655055+00:00,3833.0,40.0,100.12,38.0,1672.046875,1158.8289088122547
2026-07-18T13:18:06.000662+00:00,3833.0,39.0,99.81,38.0,1672.046875,1159.1745214238763
2026-07-18T13:18:06.365631+00:00,3833.0,40.0,99.78,38.0,1672.046875,1159.539489749819
2026-07-18T13:18:06.683488+00:00,3833.0,41.0,100.2,38.0,1672.046875,1159.8573473356664
2026-07-18T13:18:07.050551+00:00,3833.0,39.0,100.6,38.0,1672.046875,1160.224406376481
2026-07-18T13:18:07.408977+00:00,3833.0,40.0,100.41,38.0,1672.05078125,1160.5828363634646
2026-07-18T13:18:07.731327+00:00,3833.0,40.0,100.05,38.0,1672.05078125,1160.905186805874
2026-07-18T13:18:08.107825+00:00,3833.0,37.0,100.14,38.0,1672.05078125,1161.28168438375
2026-07-18T13:18:08.448947+00:00,3833.0,40.0,101.25,38.0,1672.05078125,1161.62280587852
2026-07-18T13:18:08.813056+00:00,3833.0,38.0,100.13,38.0,1672.07421875,1161.986914217472
2026-07-18T13:18:09.148646+00:00,3833.0,40.0,100.76,38.0,1672.07421875,1162.322505183518
2026-07-18T13:18:09.448765+00:00,3833.0,40.0,100.03,38.0,1672.07421875,1162.622623231262
2026-07-18T13:18:09.771157+00:00,3833.0,36.0,101.66,38.0,1672.07421875,1162.9450167417526
2026-07-18T13:18:10.102613+00:00,3833.0,40.0,101.57,38.0,1672.07421875,1163.2764725908637
2026-07-18T13:18:10.419259+00:00,3833.0,40.0,101.96,38.0,1672.07421875,1163.5931181758642
2026-07-18T13:18:10.789204+00:00,3833.0,38.0,102.42,38.0,1672.07421875,1163.9630632698536
2026-07-18T13:18:11.133461+00:00,3833.0,40.0,102.77,38.0,1672.07421875,1164.307320959866
2026-07-18T13:18:11.454925+00:00,3833.0,40.0,101.84,38.0,1672.07421875,1164.6287848949432
2026-07-18T13:18:11.820023+00:00,3833.0,16.0,100.01,38.0,1672.1015625,1164.9938821196556
2026-07-18T13:18:12.144275+00:00,3833.0,40.0,99.21,38.0,1672.1015625,1165.3181345239282
2026-07-18T13:18:12.488673+00:00,3833.0,40.0,99.97,38.0,1672.1015625,1165.6625322289765
2026-07-18T13:18:12.806921+00:00,3833.0,40.0,100.51,38.0,1672.10546875,1165.9807802326977
2026-07-18T13:18:13.127430+00:00,3833.0,40.0,100.67,38.0,1672.10546875,1166.3012893274426
2026-07-18T13:18:13.469088+00:00,3833.0,40.0,100.42,38.0,1672.10546875,1166.6429462432861
2026-07-18T13:18:13.788523+00:00,3833.0,40.0,101.29,38.0,1672.10546875,1166.9623814374208
2026-07-18T13:18:14.156794+00:00,3833.0,40.0,100.88,38.0,1672.12890625,1167.3306532725692
2026-07-18T13:18:14.458069+00:00,3833.0,40.0,100.56,38.0,1672.12890625,1167.6319284178317
2026-07-18T13:18:14.828296+00:00,3833.0,39.0,99.59,38.0,1672.13671875,1168.0021527260542
2026-07-18T13:18:15.128176+00:00,3833.0,40.0,100.35,38.0,1672.14453125,1168.3020358458161
2026-07-18T13:18:15.464981+00:00,3833.0,40.0,100.01,38.0,1672.1484375,1168.638841431588
2026-07-18T13:18:15.786779+00:00,3833.0,39.0,100.31,38.0,1672.1640625,1168.9606391824782
2026-07-18T13:18:16.153447+00:00,3833.0,40.0,100.17,38.0,1672.171875,1169.3272954300046
2026-07-18T13:18:16.471153+00:00,3833.0,40.0,99.89,38.0,1672.171875,1169.6450125016272
2026-07-18T13:18:16.796258+00:00,3833.0,16.0,98.61,38.0,1672.1953125,1169.9701162725687
2026-07-18T13:18:17.115363+00:00,3833.0,39.0,98.56,38.0,1672.19921875,1170.2892220541835
2026-07-18T13:18:17.440789+00:00,3833.0,38.0,98.58,38.0,1672.19921875,1170.614648886025
2026-07-18T13:18:17.784416+00:00,3833.0,40.0,99.76,38.0,1672.19921875,1170.9582755826414
2026-07-18T13:18:18.103324+00:00,3833.0,40.0,99.91,38.0,1672.203125,1171.2771835327148
2026-07-18T13:18:18.478134+00:00,3833.0,40.0,100.39,38.0,1672.20703125,1171.6519861929119
2026-07-18T13:18:18.841194+00:00,3833.0,40.0,100.43,38.0,1672.20703125,1172.015053551644
2026-07-18T13:18:19.177336+00:00,3833.0,40.0,100.4,38.0,1672.20703125,1172.3511952534318
2026-07-18T13:18:19.494613+00:00,3833.0,40.0,100.32,38.0,1672.2109375,1172.6684724725783
2026-07-18T13:18:19.814304+00:00,3833.0,40.0,101.14,38.0,1672.2109375,1172.9881638474762
2026-07-18T13:18:20.137675+00:00,3833.0,40.0,102.1,38.0,1672.21875,1173.3115343675017
2026-07-18T13:18:20.481304+00:00,3833.0,37.0,102.25,38.0,1672.21875,1173.6551637537777
2026-07-18T13:18:20.825274+00:00,3833.0,41.0,103.12,38.0,1672.21875,1173.9991340748966
2026-07-18T13:18:21.147033+00:00,3833.0,39.0,102.32,38.0,1672.22265625,1174.3208928592503
2026-07-18T13:18:21.508932+00:00,3833.0,39.0,101.5,38.0,1672.23046875,1174.682791173458
2026-07-18T13:18:21.872765+00:00,3833.0,38.0,100.82,38.0,1672.23046875,1175.0466207116842
2026-07-18T13:18:22.226483+00:00,3833.0,23.0,100.44,38.0,1672.234375,1175.4003360792994
2026-07-18T13:18:22.597490+00:00,3833.0,38.0,100.12,38.0,1672.28125,1175.77134963125
2026-07-18T13:18:22.961286+00:00,3833.0,40.0,99.83,38.0,1672.28125,1176.135145097971
2026-07-18T13:18:23.305680+00:00,3833.0,40.0,100.61,38.0,1672.29296875,1176.4795385710895
2026-07-18T13:18:23.644851+00:00,3833.0,40.0,100.75,38.0,1672.30078125,1176.8187102861702
2026-07-18T13:18:23.971631+00:00,3833.0,40.0,101.02,38.0,1672.3046875,1177.1454909183085
2026-07-18T13:18:24.316827+00:00,3833.0,40.0,102.1,38.0,1672.3125,1177.4906867183745
2026-07-18T13:18:24.641032+00:00,3833.0,40.0,101.7,38.0,1672.32421875,1177.8148915581405
2026-07-18T13:18:25.009802+00:00,3833.0,40.0,101.92,38.0,1672.32421875,1178.1836617924273
2026-07-18T13:18:25.330815+00:00,3833.0,40.0,100.64,38.0,1672.328125,1178.5046745985746
2026-07-18T13:18:25.633817+00:00,3833.0,40.0,100.83,38.0,1672.33984375,1178.807677526027
2026-07-18T13:18:25.976729+00:00,3833.0,40.0,101.1,38.0,1672.33984375,1179.1505890861154
2026-07-18T13:18:26.295061+00:00,3833.0,38.0,101.53,38.0,1672.34375,1179.4689202047884
2026-07-18T13:18:26.661190+00:00,3833.0,41.0,102.12,38.0,1672.3515625,1179.8350498229265
2026-07-18T13:18:26.978698+00:00,3833.0,41.0,101.87,38.0,1672.3515625,1180.1525577493012
2026-07-18T13:18:27.325946+00:00,3833.0,40.0,101.95,38.0,1672.35546875,1180.4998053498566
2026-07-18T13:18:27.651742+00:00,3833.0,41.0,100.68,38.0,1672.37109375,1180.8256014361978
2026-07-18T13:18:27.973820+00:00,3833.0,40.0,99.17,38.0,1672.40625,1181.147678669542
2026-07-18T13:18:28.313979+00:00,3833.0,40.0,98.47,38.0,1672.41015625,1181.487837575376
2026-07-18T13:18:28.643591+00:00,3833.0,40.0,99.29,38.0,1672.41015625,1181.8174507766962
2026-07-18T13:18:29.013390+00:00,3833.0,40.0,100.92,38.0,1672.41796875,1182.1872495748103
2026-07-18T13:18:29.382524+00:00,3833.0,36.0,101.24,38.0,1672.4296875,1182.55638403818
2026-07-18T13:18:29.705245+00:00,3833.0,37.0,100.43,38.0,1672.4296875,1182.8791044019163
2026-07-18T13:18:30.099720+00:00,3833.0,0.0,97.17,38.0,1672.453125,1183.273578774184
2026-07-18T13:18:30.444995+00:00,3833.0,40.0,97.3,38.0,1672.5390625,1183.6188547834754
2026-07-18T13:18:30.745019+00:00,3833.0,41.0,97.53,38.0,1672.5390625,1183.918879032135
2026-07-18T13:18:31.076374+00:00,3833.0,39.0,101.52,38.0,1672.5390625,1184.2502324804664
2026-07-18T13:18:31.515052+00:00,3833.0,40.0,100.81,38.0,1672.5390625,1184.688897266984
2026-07-18T13:18:31.888720+00:00,3833.0,40.0,99.6,38.0,1672.56640625,1185.0625775307417
2026-07-18T13:18:32.223642+00:00,3833.0,40.0,99.44,38.0,1672.56640625,1185.3974951319396
2026-07-18T13:18:32.568944+00:00,3833.0,41.0,101.5,38.0,1672.56640625,1185.7428035885096
2026-07-18T13:18:32.890397+00:00,3833.0,38.0,100.54,38.0,1672.56640625,1186.0642566978931
2026-07-18T13:18:33.261345+00:00,3833.0,38.0,100.61,38.0,1672.56640625,1186.4352043159306
2026-07-18T13:18:33.582784+00:00,3833.0,40.0,99.59,38.0,1672.56640625,1186.7566442899406
2026-07-18T13:18:33.903333+00:00,3833.0,40.0,99.84,38.0,1672.56640625,1187.0771934874356
2026-07-18T13:18:34.249230+00:00,3833.0,40.0,100.91,38.0,1672.56640625,1187.4230896160007
2026-07-18T13:18:34.548841+00:00,3833.0,41.0,101.96,38.0,1672.56640625,1187.722700662911
2026-07-18T13:18:34.864420+00:00,3833.0,41.0,101.84,38.0,1672.56640625,1188.038280017674
2026-07-18T13:18:35.225040+00:00,3833.0,40.0,101.24,38.0,1672.56640625,1188.3989000879228
2026-07-18T13:18:35.566059+00:00,3833.0,26.0,99.21,38.0,1672.59375,1188.7399183809757
2026-07-18T13:18:35.866194+00:00,3833.0,40.0,99.82,38.0,1672.59375,1189.0400538295507
2026-07-18T13:18:36.166254+00:00,3833.0,40.0,100.49,38.0,1672.59375,1189.3401141352952
2026-07-18T13:18:36.487253+00:00,3833.0,40.0,101.28,38.0,1672.59375,1189.6611122824252
2026-07-18T13:18:36.810995+00:00,3833.0,40.0,101.0,38.0,1672.59375,1189.9848553612828
2026-07-18T13:18:37.131455+00:00,3833.0,41.0,100.65,38.0,1672.59375,1190.3053149841726
2026-07-18T13:18:37.455720+00:00,3833.0,39.0,101.95,38.0,1672.59375,1190.6295788511634
2026-07-18T13:18:37.779691+00:00,3833.0,40.0,102.89,38.0,1672.59375,1190.953549940139
2026-07-18T13:18:38.133559+00:00,3833.0,41.0,102.65,38.0,1672.59375,1191.307419065386
2026-07-18T13:18:38.473261+00:00,3833.0,38.0,101.39,38.0,1672.59375,1191.6471202857792
2026-07-18T13:18:38.795366+00:00,3833.0,40.0,100.57,38.0,1672.59375,1191.9692263826728
2026-07-18T13:18:39.118309+00:00,3833.0,39.0,100.36,38.0,1672.59375,1192.2921688631177
2026-07-18T13:18:39.438603+00:00,3833.0,40.0,100.89,38.0,1672.59375,1192.6124623939395
2026-07-18T13:18:39.757831+00:00,3833.0,41.0,101.3,38.0,1672.59375,1192.931689992547
2026-07-18T13:18:40.100066+00:00,3833.0,41.0,101.82,38.0,1672.59375,1193.273926101625
2026-07-18T13:18:40.422608+00:00,3833.0,41.0,102.11,38.0,1672.59375,1193.5964681506157
2026-07-18T13:18:40.764995+00:00,3833.0,41.0,102.07,38.0,1672.59375,1193.9388547725976
2026-07-18T13:18:41.125155+00:00,3833.0,40.0,100.51,38.0,1672.625,1194.2990135103464
2026-07-18T13:18:41.447413+00:00,3833.0,40.0,100.03,38.0,1672.625,1194.6212732382119
2026-07-18T13:18:41.817413+00:00,3833.0,37.0,100.62,38.0,1672.625,1194.9912718199193
2026-07-18T13:18:42.117296+00:00,3833.0,40.0,101.92,38.0,1672.625,1195.2911559268832
2026-07-18T13:18:42.463116+00:00,3833.0,41.0,101.81,38.0,1672.625,1195.636975184083
2026-07-18T13:18:42.782995+00:00,3833.0,41.0,100.79,38.0,1672.625,1195.9568540155888
2026-07-18T13:18:43.127158+00:00,3833.0,40.0,100.0,38.0,1672.625,1196.3010176159441
2026-07-18T13:18:43.469843+00:00,3833.0,37.0,99.41,38.0,1672.625,1196.6437021940947
2026-07-18T13:18:43.840861+00:00,3833.0,38.0,100.4,38.0,1672.625,1197.0147210247815
2026-07-18T13:18:44.160266+00:00,3833.0,39.0,100.15,38.0,1672.625,1197.3341228365898
2026-07-18T13:18:44.486895+00:00,3833.0,41.0,100.71,38.0,1672.625,1197.660754788667
2026-07-18T13:18:44.811272+00:00,3833.0,40.0,101.42,38.0,1672.625,1197.9851313643157
2026-07-18T13:18:45.134675+00:00,3833.0,40.0,101.42,38.0,1672.625,1198.3085342980921
2026-07-18T13:18:45.496810+00:00,3833.0,36.0,100.88,38.0,1672.625,1198.670669246465
2026-07-18T13:18:45.861813+00:00,3833.0,39.0,100.25,38.0,1672.625,1199.0356711745262
2026-07-18T13:18:46.227621+00:00,3833.0,22.0,99.95,38.0,1672.62890625,1199.401479423046
2026-07-18T13:18:46.575326+00:00,3833.0,37.0,99.73,38.0,1672.65625,1199.7491840310395
2026-07-18T13:18:46.921034+00:00,3833.0,39.0,99.58,38.0,1672.671875,1200.0948928073049
2026-07-18T13:18:47.289419+00:00,3833.0,40.0,100.27,38.0,1672.671875,1200.4632788561285
2026-07-18T13:18:47.610609+00:00,3833.0,35.0,100.0,38.0,1672.671875,1200.7844684123993
2026-07-18T13:18:47.985202+00:00,3833.0,38.0,99.89,38.0,1672.671875,1201.1590608619153
2026-07-18T13:18:48.324557+00:00,3833.0,39.0,99.67,38.0,1672.671875,1201.4984040036798
2026-07-18T13:18:48.647164+00:00,3833.0,38.0,99.06,38.0,1672.671875,1201.8210238292813
2026-07-18T13:18:48.970925+00:00,3833.0,40.0,100.31,38.0,1672.671875,1202.144784733653
2026-07-18T13:18:49.315268+00:00,3833.0,38.0,100.48,38.0,1672.671875,1202.4891268983483
2026-07-18T13:18:49.661039+00:00,3833.0,40.0,101.21,38.0,1672.671875,1202.8348984867334
2026-07-18T13:18:50.029216+00:00,3833.0,37.0,100.58,38.0,1672.671875,1203.2030744478106
2026-07-18T13:18:50.395266+00:00,3833.0,35.0,100.6,38.0,1672.671875,1203.569123197347
2026-07-18T13:18:50.696194+00:00,3833.0,39.0,100.28,38.0,1672.671875,1203.870054088533
2026-07-18T13:18:51.015389+00:00,3833.0,35.0,100.41,38.0,1672.671875,1204.1892480999231
2026-07-18T13:18:51.362728+00:00,3833.0,39.0,99.99,38.0,1672.671875,1204.536587614566
2026-07-18T13:18:51.695058+00:00,3833.0,40.0,100.31,38.0,1672.671875,1204.8689158000052
2026-07-18T13:18:52.086277+00:00,3833.0,9.0,100.08,38.0,1672.703125,1205.260135564953
2026-07-18T13:18:52.429558+00:00,3833.0,39.0,100.41,38.0,1672.703125,1205.6034173369408
2026-07-18T13:18:52.747230+00:00,3833.0,40.0,100.47,38.0,1672.703125,1205.9210896380246
2026-07-18T13:18:53.113229+00:00,3833.0,40.0,101.88,38.0,1672.703125,1206.2870887741446
2026-07-18T13:18:53.457466+00:00,3833.0,40.0,102.23,38.0,1672.703125,1206.6313258819282
2026-07-18T13:18:53.821501+00:00,3833.0,40.0,101.82,38.0,1672.703125,1206.9953604005277
2026-07-18T13:18:54.191522+00:00,3833.0,38.0,100.89,38.0,1672.703125,1207.3653802499175
2026-07-18T13:18:54.511488+00:00,3833.0,38.0,100.77,38.0,1672.703125,1207.6853477358818
2026-07-18T13:18:54.857457+00:00,3833.0,38.0,100.47,38.0,1672.703125,1208.0313162729144
2026-07-18T13:18:55.155976+00:00,3833.0,38.0,101.09,38.0,1672.703125,1208.3298359066248
2026-07-18T13:18:55.486244+00:00,3833.0,38.0,100.34,38.0,1672.703125,1208.6601030565798
2026-07-18T13:18:55.789001+00:00,3833.0,37.0,100.69,38.0,1672.703125,1208.962860904634
2026-07-18T13:18:56.163295+00:00,3833.0,37.0,100.45,38.0,1672.703125,1209.3371538631618
2026-07-18T13:18:56.515581+00:00,3833.0,10.0,99.94,38.0,1672.734375,1209.689439572394
2026-07-18T13:18:56.844671+00:00,3833.0,32.0,98.84,38.0,1672.734375,1210.0185313336551
2026-07-18T13:18:57.208726+00:00,3833.0,35.0,98.83,38.0,1672.734375,1210.3825850524008
2026-07-18T13:18:57.577120+00:00,3833.0,40.0,99.28,38.0,1672.734375,1210.7509790323675
2026-07-18T13:18:57.948999+00:00,3833.0,38.0,100.26,38.0,1672.734375,1211.1228578649461
2026-07-18T13:18:58.271081+00:00,3833.0,40.0,99.65,38.0,1672.734375,1211.4449399523437
2026-07-18T13:18:58.617207+00:00,3833.0,37.0,99.95,38.0,1672.734375,1211.7910649552941
2026-07-18T13:18:58.965179+00:00,3833.0,38.0,99.87,38.0,1672.734375,1212.13903792575
2026-07-18T13:18:59.266561+00:00,3833.0,38.0,99.8,38.0,1672.734375,1212.440420228988
2026-07-18T13:18:59.589161+00:00,3833.0,39.0,100.65,38.0,1672.734375,1212.7630153261125
2026-07-18T13:18:59.917497+00:00,3833.0,39.0,100.45,38.0,1672.734375,1213.0913566052914
2026-07-18T13:19:00.261676+00:00,3833.0,39.0,100.81,38.0,1672.734375,1213.4355357401073
2026-07-18T13:19:00.583367+00:00,3833.0,37.0,99.74,38.0,1672.734375,1213.757227241993
2026-07-18T13:19:00.934092+00:00,3833.0,38.0,100.38,38.0,1672.734375,1214.1079510003328
2026-07-18T13:19:01.259566+00:00,3833.0,38.0,101.18,38.0,1672.734375,1214.4334252886474
2026-07-18T13:19:01.618361+00:00,3833.0,38.0,101.74,38.0,1672.734375,1214.7922205142677
2026-07-18T13:19:01.942061+00:00,3833.0,38.0,101.39,38.0,1672.734375,1215.1159208714962
2026-07-18T13:19:02.377386+00:00,3833.0,6.0,100.04,38.0,1672.76171875,1215.5512449592352
2026-07-18T13:19:02.729196+00:00,3833.0,37.0,99.58,38.0,1672.76171875,1215.9030548334122
2026-07-18T13:19:03.093460+00:00,3833.0,38.0,98.97,38.0,1672.76171875,1216.2673192061484
2026-07-18T13:19:03.419762+00:00,3833.0,39.0,99.72,38.0,1672.76171875,1216.5936215296388
2026-07-18T13:19:03.720706+00:00,3833.0,39.0,99.67,38.0,1672.76171875,1216.8945649974048
2026-07-18T13:19:04.043120+00:00,3833.0,40.0,99.22,38.0,1672.76171875,1217.216978583485
2026-07-18T13:19:04.367333+00:00,3833.0,40.0,99.29,38.0,1672.76171875,1217.5411925911903
2026-07-18T13:19:04.736711+00:00,3833.0,40.0,99.98,38.0,1672.76171875,1217.9105700217187
2026-07-18T13:19:05.053934+00:00,3833.0,40.0,100.58,38.0,1672.76171875,1218.2277935929596
2026-07-18T13:19:05.401382+00:00,3833.0,40.0,101.52,38.0,1672.76171875,1218.5752401687205
2026-07-18T13:19:05.735178+00:00,3833.0,40.0,100.8,38.0,1672.76171875,1218.9090364724398
2026-07-18T13:19:06.058661+00:00,3833.0,40.0,100.94,38.0,1672.76171875,1219.2325201667845
2026-07-18T13:19:06.425404+00:00,3833.0,40.0,100.84,38.0,1672.76171875,1219.5992628335953
2026-07-18T13:19:06.789577+00:00,3833.0,41.0,101.85,38.0,1672.76171875,1219.963435254991
2026-07-18T13:19:07.114376+00:00,3833.0,41.0,102.32,38.0,1672.76171875,1220.288234706968
2026-07-18T13:19:07.442998+00:00,3833.0,40.0,102.57,38.0,1672.76171875,1220.6168568395078
2026-07-18T13:19:07.817128+00:00,3833.0,41.0,102.58,38.0,1672.76171875,1220.990987148136
2026-07-18T13:19:08.165971+00:00,3833.0,39.0,101.38,38.0,1672.79296875,1221.3398280516267
2026-07-18T13:19:08.537547+00:00,3833.0,40.0,101.54,38.0,1672.80078125,1221.7114062309265
2026-07-18T13:19:08.906019+00:00,3833.0,37.0,102.5,38.0,1672.80078125,1222.0798778533936
2026-07-18T13:19:09.233476+00:00,3833.0,40.0,102.33,38.0,1672.80078125,1222.4073347449303
2026-07-18T13:19:09.574092+00:00,3833.0,40.0,101.25,38.0,1672.80078125,1222.747950118035
2026-07-18T13:19:09.898396+00:00,3833.0,40.0,101.04,38.0,1672.80078125,1223.072255063802
2026-07-18T13:19:10.217164+00:00,3833.0,40.0,101.71,38.0,1672.80078125,1223.3910146728158
2026-07-18T13:19:10.585021+00:00,3833.0,40.0,102.44,38.0,1672.80078125,1223.7588807605207
2026-07-18T13:19:10.953203+00:00,3833.0,41.0,102.47,38.0,1672.80078125,1224.1270623765886
2026-07-18T13:19:11.294535+00:00,3833.0,40.0,101.75,38.0,1672.80078125,1224.4683942981064
2026-07-18T13:19:11.666001+00:00,3833.0,40.0,100.79,38.0,1672.80078125,1224.839854940772
2026-07-18T13:19:12.014400+00:00,3833.0,40.0,100.78,38.0,1672.80078125,1225.1882591098547
2026-07-18T13:19:12.357297+00:00,3833.0,40.0,101.02,38.0,1672.80078125,1225.5311557427049
2026-07-18T13:19:12.721126+00:00,3833.0,40.0,101.06,38.0,1672.80078125,1225.8949853219092
2026-07-18T13:19:13.090798+00:00,3833.0,38.0,101.54,38.0,1672.80078125,1226.2646567746997
2026-07-18T13:19:13.437454+00:00,3833.0,16.0,100.15,38.0,1672.83203125,1226.6113080009818
2026-07-18T13:19:13.777440+00:00,3833.0,40.0,100.91,38.0,1672.83203125,1226.9512987993658
2026-07-18T13:19:14.099172+00:00,3833.0,39.0,100.8,38.0,1672.83203125,1227.2730312645435
2026-07-18T13:19:14.468610+00:00,3833.0,40.0,102.62,38.0,1672.83203125,1227.6424691341817
2026-07-18T13:19:14.839007+00:00,3833.0,38.0,102.18,38.0,1672.8359375,1228.0128660723567
2026-07-18T13:19:15.181508+00:00,3833.0,39.0,102.09,38.0,1672.8359375,1228.3553668409586
2026-07-18T13:19:15.509453+00:00,3833.0,39.0,101.08,38.0,1672.8359375,1228.6833110935986
2026-07-18T13:19:15.831625+00:00,3833.0,38.0,100.92,38.0,1672.8359375,1229.0054845511913
2026-07-18T13:19:16.155049+00:00,3833.0,36.0,100.44,38.0,1672.8359375,1229.3289087936282
2026-07-18T13:19:16.501024+00:00,3833.0,39.0,100.91,38.0,1672.8359375,1229.6748826913536
2026-07-18T13:19:16.869228+00:00,3833.0,39.0,100.19,38.0,1672.8359375,1230.0430871844292
2026-07-18T13:19:17.212797+00:00,3833.0,39.0,100.47,38.0,1672.8359375,1230.3866562992334
2026-07-18T13:19:17.536724+00:00,3833.0,40.0,100.28,38.0,1672.8359375,1230.7105828784406
2026-07-18T13:19:17.858939+00:00,3833.0,41.0,100.86,38.0,1672.8359375,1231.0327983312309
2026-07-18T13:19:18.210508+00:00,3833.0,38.0,100.89,38.0,1672.8359375,1231.3843668997288
2026-07-18T13:19:18.536692+00:00,3833.0,40.0,100.71,38.0,1672.8359375,1231.7105509750545
2026-07-18T13:19:18.881531+00:00,3833.0,40.0,100.2,38.0,1672.8359375,1232.0553904809058
2026-07-18T13:19:19.253249+00:00,3833.0,23.0,98.7,38.0,1672.86328125,1232.4271074645221
2026-07-18T13:19:19.580505+00:00,3833.0,38.0,97.72,38.0,1672.86328125,1232.7543645463884
2026-07-18T13:19:19.921163+00:00,3833.0,39.0,98.17,38.0,1672.86328125,1233.0950231403112
2026-07-18T13:19:20.250934+00:00,3833.0,39.0,99.77,38.0,1672.86328125,1233.4247929863632
2026-07-18T13:19:20.575152+00:00,3833.0,40.0,101.33,38.0,1672.86328125,1233.7490116804838
2026-07-18T13:19:20.876197+00:00,3833.0,39.0,102.01,38.0,1672.86328125,1234.0500560067594
2026-07-18T13:19:21.245068+00:00,3833.0,37.0,102.41,38.0,1672.86328125,1234.4189277663827
2026-07-18T13:19:21.590919+00:00,3833.0,40.0,101.32,38.0,1672.86328125,1234.7647788152099
2026-07-18T13:19:21.963333+00:00,3833.0,39.0,101.7,38.0,1672.86328125,1235.1371916420758
2026-07-18T13:19:22.287342+00:00,3833.0,40.0,102.02,38.0,1672.86328125,1235.4612025208771
2026-07-18T13:19:22.588764+00:00,3833.0,40.0,101.59,38.0,1672.86328125,1235.7626237533987
2026-07-18T13:19:22.954263+00:00,3833.0,40.0,100.68,38.0,1672.86328125,1236.1281221359968
2026-07-18T13:19:23.327266+00:00,3833.0,33.0,100.03,38.0,1672.86328125,1236.5011249445379
2026-07-18T13:19:23.672974+00:00,3833.0,40.0,100.82,38.0,1672.86328125,1236.8468335270882
2026-07-18T13:19:24.013390+00:00,3833.0,40.0,100.92,38.0,1672.86328125,1237.1872495040298
2026-07-18T13:19:24.338496+00:00,3833.0,40.0,101.15,38.0,1672.86328125,1237.5123546048999
2026-07-18T13:19:24.697257+00:00,3833.0,41.0,100.44,38.0,1672.86328125,1237.8711165376008
2026-07-18T13:19:25.141349+00:00,3833.0,39.0,100.03,38.0,1672.89453125,1238.315207991749
2026-07-18T13:19:25.467815+00:00,3833.0,34.0,99.23,38.0,1672.89453125,1238.6416732408106
2026-07-18T13:19:25.768859+00:00,3833.0,38.0,99.53,38.0,1672.8984375,1238.942718591541
2026-07-18T13:19:26.137283+00:00,3833.0,40.0,99.86,38.0,1672.8984375,1239.3111419007182
2026-07-18T13:19:26.465112+00:00,3833.0,40.0,100.54,38.0,1672.8984375,1239.6389721520245
2026-07-18T13:19:26.782736+00:00,3833.0,40.0,100.81,38.0,1672.8984375,1239.9565946310759
2026-07-18T13:19:27.124954+00:00,3833.0,40.0,100.18,38.0,1672.8984375,1240.298813406378
2026-07-18T13:19:27.446998+00:00,3833.0,40.0,100.05,38.0,1672.8984375,1240.6208577118814
2026-07-18T13:19:27.772129+00:00,3833.0,40.0,99.93,38.0,1672.8984375,1240.9459888376296
2026-07-18T13:19:28.117081+00:00,3833.0,40.0,100.11,38.0,1672.8984375,1241.290940463543
2026-07-18T13:19:28.443330+00:00,3833.0,41.0,100.76,38.0,1672.8984375,1241.6171889528632
2026-07-18T13:19:28.743947+00:00,3833.0,40.0,101.64,38.0,1672.8984375,1241.9178061261773
2026-07-18T13:19:29.071277+00:00,3833.0,40.0,102.32,38.0,1672.8984375,1242.2451368495822
2026-07-18T13:19:29.412833+00:00,3833.0,41.0,102.57,38.0,1672.90234375,1242.5866927579045
2026-07-18T13:19:29.735102+00:00,3833.0,40.0,102.12,38.0,1672.90234375,1242.9089618064463
2026-07-18T13:19:30.103975+00:00,3833.0,41.0,101.29,38.0,1672.90234375,1243.277832776308
2026-07-18T13:19:30.425553+00:00,3833.0,39.0,100.59,38.0,1672.93359375,1243.5994124487042
2026-07-18T13:19:30.765520+00:00,3833.0,40.0,100.9,38.0,1672.93359375,1243.9393792785704
2026-07-18T13:19:31.133161+00:00,3833.0,40.0,102.39,38.0,1672.93359375,1244.307020559907
2026-07-18T13:19:31.458941+00:00,3833.0,39.0,102.32,38.0,1672.93359375,1244.632800064981
2026-07-18T13:19:31.809222+00:00,3833.0,37.0,101.99,38.0,1672.94921875,1244.9830794148147
2026-07-18T13:19:32.135004+00:00,3833.0,40.0,101.05,38.0,1672.94921875,1245.3088637590408
2026-07-18T13:19:32.455176+00:00,3833.0,40.0,100.22,38.0,1672.953125,1245.62903592363
2026-07-18T13:19:32.779230+00:00,3833.0,40.0,100.21,38.0,1672.953125,1245.9530896618962
2026-07-18T13:19:33.098767+00:00,3833.0,40.0,100.54,38.0,1672.953125,1246.2726275213063
2026-07-18T13:19:33.446012+00:00,3833.0,40.0,100.92,38.0,1672.953125,1246.61987041682
2026-07-18T13:19:33.797041+00:00,3833.0,41.0,101.37,38.0,1672.953125,1246.970900464803
2026-07-18T13:19:34.119312+00:00,3833.0,40.0,101.99,38.0,1672.953125,1247.293163433671
2026-07-18T13:19:34.465450+00:00,3833.0,40.0,102.42,38.0,1672.953125,1247.6393092088401
2026-07-18T13:19:34.809555+00:00,3833.0,40.0,102.98,38.0,1672.953125,1247.9834145195782
2026-07-18T13:19:35.130189+00:00,3833.0,41.0,102.93,38.0,1672.953125,1248.304048039019
2026-07-18T13:19:35.454661+00:00,3833.0,41.0,103.09,38.0,1672.95703125,1248.628519922495
2026-07-18T13:19:35.774397+00:00,3833.0,14.0,101.65,38.0,1672.98828125,1248.9482561089098
2026-07-18T13:19:36.099562+00:00,3833.0,40.0,101.61,38.0,1672.98828125,1249.273421291262
2026-07-18T13:19:36.441856+00:00,3833.0,40.0,101.61,38.0,1672.98828125,1249.6157155893743
2026-07-18T13:19:36.767489+00:00,3833.0,40.0,101.67,38.0,1672.98828125,1249.9413482546806
2026-07-18T13:19:37.087606+00:00,3833.0,38.0,101.34,38.0,1672.98828125,1250.2614645175636
2026-07-18T13:19:37.453088+00:00,3833.0,40.0,100.67,38.0,1672.98828125,1250.6269474104047
2026-07-18T13:19:37.825702+00:00,3833.0,39.0,101.56,38.0,1672.98828125,1250.9995601028204
2026-07-18T13:19:38.181598+00:00,3833.0,40.0,102.31,38.0,1672.98828125,1251.3554576076567
2026-07-18T13:19:38.507015+00:00,3833.0,40.0,103.17,38.0,1672.9921875,1251.680869139731
2026-07-18T13:19:38.849452+00:00,3833.0,40.0,102.93,38.0,1672.9921875,1252.0233117640018
2026-07-18T13:19:39.170696+00:00,3833.0,39.0,102.91,38.0,1672.99609375,1252.3445558547974
2026-07-18T13:19:39.490616+00:00,3833.0,41.0,102.35,38.0,1672.99609375,1252.6644746400416
2026-07-18T13:19:39.861559+00:00,3833.0,40.0,102.25,38.0,1673.0,1253.0354175902903
2026-07-18T13:19:40.171673+00:00,3833.0,28.0,100.84,38.0,1673.02734375,1253.3455315083265
2026-07-18T13:19:40.474627+00:00,3833.0,40.0,100.59,38.0,1673.03515625,1253.6484867483377
2026-07-18T13:19:40.782078+00:00,3833.0,40.0,99.57,38.0,1673.0390625,1253.9559383243322
2026-07-18T13:19:41.153387+00:00,3833.0,39.0,99.71,38.0,1673.0390625,1254.32724718377
2026-07-18T13:19:41.505309+00:00,3833.0,40.0,99.75,38.0,1673.0390625,1254.6791683882475
2026-07-18T13:19:41.873593+00:00,3833.0,39.0,100.81,38.0,1673.046875,1255.047452609986
2026-07-18T13:19:42.242084+00:00,3833.0,31.0,99.74,38.0,1673.06640625,1255.4159422181547
2026-07-18T13:19:42.562853+00:00,3833.0,40.0,99.54,38.0,1673.0703125,1255.7367122136056
2026-07-18T13:19:42.883071+00:00,3833.0,40.0,99.83,38.0,1673.08984375,1256.0569298118353
2026-07-18T13:19:43.207465+00:00,3833.0,40.0,101.62,38.0,1673.08984375,1256.3813241831958
2026-07-18T13:19:43.526886+00:00,3833.0,40.0,101.96,38.0,1673.09375,1256.7007440626621
2026-07-18T13:19:43.854593+00:00,3833.0,40.0,102.36,38.0,1673.10546875,1257.0284519679844
2026-07-18T13:19:44.221399+00:00,3833.0,40.0,99.92,38.0,1673.1328125,1257.395257551223
2026-07-18T13:19:44.542895+00:00,3833.0,40.0,99.82,38.0,1673.1328125,1257.716754578054
2026-07-18T13:19:44.863283+00:00,3833.0,41.0,99.58,38.0,1673.1328125,1258.0371429882944
2026-07-18T13:19:45.191279+00:00,3833.0,26.0,100.61,38.0,1673.140625,1258.3651387430727
2026-07-18T13:19:45.514436+00:00,3833.0,40.0,100.12,38.0,1673.140625,1258.6882955767214
2026-07-18T13:19:45.817501+00:00,3833.0,40.0,99.29,38.0,1673.14453125,1258.9913606494665
2026-07-18T13:19:46.165298+00:00,3833.0,38.0,99.51,38.0,1673.15234375,1259.3391563408077
2026-07-18T13:19:46.534249+00:00,3833.0,40.0,98.96,38.0,1673.17578125,1259.7081080079079
2026-07-18T13:19:46.858764+00:00,3833.0,40.0,99.57,38.0,1673.17578125,1260.0326234474778
2026-07-18T13:19:47.183450+00:00,3833.0,40.0,100.0,38.0,1673.18359375,1260.3573097847402
2026-07-18T13:19:47.521073+00:00,3833.0,32.0,97.71,38.0,1673.18359375,1260.6949320547283
2026-07-18T13:19:47.843884+00:00,3833.0,40.0,97.67,38.0,1673.18359375,1261.0177433006465
2026-07-18T13:19:48.209825+00:00,3833.0,39.0,97.67,38.0,1673.18359375,1261.383684374392
2026-07-18T13:19:48.512183+00:00,3833.0,40.0,100.88,38.0,1673.18359375,1261.6860428489745
2026-07-18T13:19:48.835349+00:00,3833.0,41.0,101.37,38.0,1673.18359375,1262.0092085674405
2026-07-18T13:19:49.202680+00:00,3833.0,40.0,100.82,38.0,1673.18359375,1262.3765378557146
2026-07-18T13:19:49.507920+00:00,3833.0,40.0,100.57,38.0,1673.20703125,1262.6817799173295
2026-07-18T13:19:49.810120+00:00,3833.0,40.0,100.44,38.0,1673.20703125,1262.9839799255133
2026-07-18T13:19:50.180233+00:00,3833.0,40.0,100.95,38.0,1673.20703125,1263.354093156755
2026-07-18T13:19:50.483665+00:00,3833.0,40.0,102.18,38.0,1673.20703125,1263.6575243361294
2026-07-18T13:19:50.824873+00:00,3833.0,41.0,101.79,38.0,1673.20703125,1263.9987324662507
2026-07-18T13:19:51.147206+00:00,3833.0,40.0,101.44,38.0,1673.20703125,1264.3210653848946
2026-07-18T13:19:51.494079+00:00,3833.0,40.0,100.62,38.0,1673.20703125,1264.667938876897
2026-07-18T13:19:51.815862+00:00,3833.0,39.0,99.29,38.0,1673.2265625,1264.9897206835449
2026-07-18T13:19:52.138693+00:00,3833.0,40.0,99.1,38.0,1673.2265625,1265.3125528879464
2026-07-18T13:19:52.498594+00:00,3833.0,40.0,98.82,38.0,1673.2265625,1265.6724531203508
2026-07-18T13:19:52.845355+00:00,3833.0,39.0,99.77,38.0,1673.2265625,1266.0192142613232
2026-07-18T13:19:53.180663+00:00,3833.0,39.0,100.09,38.0,1673.2265625,1266.3545226082206
2026-07-18T13:19:53.483052+00:00,3833.0,40.0,100.11,38.0,1673.2265625,1266.656911496073
2026-07-18T13:19:53.802915+00:00,3833.0,40.0,101.07,38.0,1673.2265625,1266.976774185896
2026-07-18T13:19:54.167967+00:00,3833.0,36.0,100.46,38.0,1673.24609375,1267.3418258726597
2026-07-18T13:19:54.490788+00:00,3833.0,40.0,100.35,38.0,1673.24609375,1267.6646474637091
2026-07-18T13:19:54.814449+00:00,3833.0,37.0,99.84,38.0,1673.24609375,1267.988309264183
2026-07-18T13:19:55.160865+00:00,3833.0,40.0,100.94,38.0,1673.24609375,1268.3347238637507
2026-07-18T13:19:55.462213+00:00,3833.0,40.0,101.14,38.0,1673.24609375,1268.6360732726753
2026-07-18T13:19:55.762751+00:00,3833.0,40.0,100.66,38.0,1673.24609375,1268.9366111978889
2026-07-18T13:19:56.134000+00:00,3833.0,40.0,100.61,38.0,1673.24609375,1269.3078591041267
2026-07-18T13:19:56.459416+00:00,3833.0,40.0,100.19,38.0,1673.24609375,1269.6332762166858
2026-07-18T13:19:56.828858+00:00,3833.0,40.0,100.72,38.0,1673.24609375,1270.002716831863
2026-07-18T13:19:57.214811+00:00,3833.0,12.0,100.15,38.0,1673.265625,1270.3886701464653
2026-07-18T13:19:57.578158+00:00,3833.0,40.0,100.32,38.0,1673.265625,1270.7520171441138
2026-07-18T13:19:57.903162+00:00,3833.0,38.0,100.23,38.0,1673.265625,1271.0770214647055
2026-07-18T13:19:58.245494+00:00,3833.0,36.0,100.63,38.0,1673.265625,1271.4193533025682
2026-07-18T13:19:58.571285+00:00,3833.0,40.0,100.3,38.0,1673.265625,1271.7451450526714
2026-07-18T13:19:58.945568+00:00,3833.0,38.0,100.29,38.0,1673.265625,1272.1194280721247
2026-07-18T13:19:59.274665+00:00,3833.0,38.0,100.86,38.0,1673.265625,1272.4485240653157
2026-07-18T13:19:59.599015+00:00,3833.0,39.0,101.28,38.0,1673.265625,1272.7728749588132
2026-07-18T13:19:59.968650+00:00,3833.0,39.0,100.71,38.0,1673.265625,1273.142510239035
2026-07-18T13:20:00.290464+00:00,3833.0,10.0,100.07,38.0,1673.2890625,1273.4643231369555
2026-07-18T13:20:00.614621+00:00,3833.0,40.0,100.11,38.0,1673.2890625,1273.7884804233909
2026-07-18T13:20:00.937322+00:00,3833.0,40.0,101.11,38.0,1673.2890625,1274.1111814044416
2026-07-18T13:20:01.259600+00:00,3833.0,40.0,101.44,38.0,1673.2890625,1274.4334597364068
2026-07-18T13:20:01.625073+00:00,3833.0,40.0,100.72,38.0,1673.2890625,1274.7989319115877
2026-07-18T13:20:01.968972+00:00,3833.0,40.0,99.96,38.0,1673.2890625,1275.1428311243653
2026-07-18T13:20:02.309259+00:00,3833.0,40.0,100.62,38.0,1673.2890625,1275.4831170588732
2026-07-18T13:20:02.613347+00:00,3833.0,40.0,100.75,38.0,1673.2890625,1275.7872061952949
2026-07-18T13:20:02.981042+00:00,3833.0,36.0,101.04,38.0,1673.41796875,1276.154898840934
2026-07-18T13:20:03.302653+00:00,3833.0,39.0,100.7,38.0,1673.41796875,1276.4765119962394
2026-07-18T13:20:03.673029+00:00,3833.0,40.0,101.02,38.0,1673.41796875,1276.8468882143497
2026-07-18T13:20:04.002116+00:00,3833.0,41.0,100.48,38.0,1673.41796875,1277.175975393504
2026-07-18T13:20:04.349109+00:00,3833.0,40.0,100.76,38.0,1673.41796875,1277.5229685679078
2026-07-18T13:20:04.693556+00:00,3833.0,40.0,100.13,38.0,1673.41796875,1277.8674145415425
2026-07-18T13:20:05.043720+00:00,3833.0,40.0,99.85,38.0,1673.41796875,1278.2175795733929
2026-07-18T13:20:05.409342+00:00,3833.0,37.0,100.24,38.0,1673.41796875,1278.5832011774182
2026-07-18T13:20:05.765461+00:00,3833.0,24.0,98.81,38.0,1673.4453125,1278.939308848232
2026-07-18T13:20:06.109464+00:00,3833.0,38.0,100.08,38.0,1673.4453125,1279.283323675394
2026-07-18T13:20:06.473472+00:00,3833.0,37.0,100.32,38.0,1673.4453125,1279.6473311632872
2026-07-18T13:20:06.846266+00:00,3833.0,35.0,101.11,38.0,1673.4453125,1280.0201253667474
2026-07-18T13:20:07.168769+00:00,3833.0,40.0,99.91,38.0,1673.4453125,1280.3426282070577
2026-07-18T13:20:07.512812+00:00,3833.0,37.0,99.52,38.0,1673.4453125,1280.6866713427007
2026-07-18T13:20:07.838893+00:00,3833.0,40.0,100.5,38.0,1673.4453125,1281.0127528458834
2026-07-18T13:20:08.181701+00:00,3833.0,41.0,101.56,38.0,1673.4453125,1281.3555602915585
2026-07-18T13:20:08.548449+00:00,3833.0,40.0,102.07,38.0,1673.4453125,1281.7223088219762
2026-07-18T13:20:08.871223+00:00,3833.0,41.0,101.31,38.0,1673.4453125,1282.0450828447938
2026-07-18T13:20:09.195585+00:00,3833.0,38.0,100.52,38.0,1673.4453125,1282.3694438673556
2026-07-18T13:20:09.560671+00:00,3833.0,37.0,100.83,38.0,1673.4453125,1282.734530672431
2026-07-18T13:20:09.891576+00:00,3833.0,40.0,100.65,38.0,1673.4453125,1283.0654355473816
2026-07-18T13:20:10.214701+00:00,3833.0,39.0,100.78,38.0,1673.4453125,1283.3885607160628
2026-07-18T13:20:10.522769+00:00,3833.0,40.0,99.68,38.0,1673.4453125,1283.696628242731
2026-07-18T13:20:10.889705+00:00,3833.0,40.0,100.37,38.0,1673.4453125,1284.063564684242
2026-07-18T13:20:11.263114+00:00,3833.0,39.0,100.72,38.0,1673.4453125,1284.4369734935462
2026-07-18T13:20:11.584182+00:00,3833.0,38.0,100.18,38.0,1673.4765625,1284.7580361105502
2026-07-18T13:20:11.903457+00:00,3833.0,40.0,100.11,38.0,1673.4765625,1285.0773166641593
2026-07-18T13:20:12.247959+00:00,3833.0,40.0,100.37,38.0,1673.4765625,1285.4218184649944
2026-07-18T13:20:12.571089+00:00,3833.0,40.0,101.34,38.0,1673.4765625,1285.7449491769075
2026-07-18T13:20:12.893119+00:00,3833.0,40.0,100.32,38.0,1673.4765625,1286.066978558898
2026-07-18T13:20:13.262620+00:00,3833.0,40.0,100.48,38.0,1673.4765625,1286.4364792779088
2026-07-18T13:20:13.609828+00:00,3833.0,36.0,100.32,38.0,1673.4765625,1286.7836868725717
2026-07-18T13:20:13.929545+00:00,3833.0,40.0,101.2,38.0,1673.4765625,1287.1034037098289
2026-07-18T13:20:14.250860+00:00,3833.0,40.0,101.2,38.0,1673.4765625,1287.4247195981443
2026-07-18T13:20:14.589224+00:00,3833.0,41.0,102.61,38.0,1673.4765625,1287.7630832865834
2026-07-18T13:20:14.913005+00:00,3833.0,40.0,102.57,38.0,1673.4765625,1288.0868643708527
2026-07-18T13:20:15.236909+00:00,3833.0,38.0,102.89,38.0,1673.4765625,1288.410768546164
2026-07-18T13:20:15.542229+00:00,3833.0,40.0,101.85,38.0,1673.4765625,1288.716087590903
2026-07-18T13:20:15.844530+00:00,3833.0,40.0,101.73,38.0,1673.4765625,1289.0183901637793
2026-07-18T13:20:16.185419+00:00,3833.0,40.0,100.61,38.0,1673.4765625,1289.3592776209116
2026-07-18T13:20:16.559477+00:00,3833.0,40.0,100.58,38.0,1673.4765625,1289.7333361245692
2026-07-18T13:20:16.931483+00:00,3833.0,40.0,100.06,38.0,1673.48046875,1290.1053420081735
2026-07-18T13:20:17.236775+00:00,3833.0,39.0,99.5,38.0,1673.50390625,1290.410634405911
2026-07-18T13:20:17.581984+00:00,3833.0,40.0,98.65,38.0,1673.50390625,1290.7558432482183
2026-07-18T13:20:17.884008+00:00,3833.0,40.0,98.15,38.0,1673.50390625,1291.0578682012856
2026-07-18T13:20:18.220891+00:00,3833.0,39.0,99.19,38.0,1673.50390625,1291.394750583917
2026-07-18T13:20:18.543880+00:00,3833.0,40.0,99.85,38.0,1673.50390625,1291.717738263309
2026-07-18T13:20:18.868990+00:00,3833.0,41.0,100.03,38.0,1673.50390625,1292.0428492240608
2026-07-18T13:20:19.195652+00:00,3833.0,38.0,100.05,38.0,1673.50390625,1292.3695114776492
2026-07-18T13:20:19.554002+00:00,3833.0,39.0,99.57,38.0,1673.50390625,1292.72786096856
2026-07-18T13:20:19.921065+00:00,3833.0,38.0,100.76,38.0,1673.50390625,1293.094923272729
2026-07-18T13:20:20.285558+00:00,3833.0,40.0,101.26,38.0,1673.50390625,1293.4594161584973
2026-07-18T13:20:20.610301+00:00,3833.0,37.0,101.0,38.0,1673.50390625,1293.7841594405472
2026-07-18T13:20:20.935890+00:00,3833.0,40.0,99.68,38.0,1673.50390625,1294.1097497195005
2026-07-18T13:20:21.261024+00:00,3833.0,40.0,99.73,38.0,1673.50390625,1294.4348834380507
2026-07-18T13:20:21.620423+00:00,3833.0,33.0,99.97,38.0,1673.50390625,1294.7942820079625
2026-07-18T13:20:21.993079+00:00,3833.0,40.0,100.3,38.0,1673.50390625,1295.1669386960566
2026-07-18T13:20:22.357410+00:00,3833.0,38.0,100.77,38.0,1673.50390625,1295.531268890947
2026-07-18T13:20:22.701228+00:00,3833.0,8.0,100.31,38.0,1673.53515625,1295.8750874325633
2026-07-18T13:20:23.027493+00:00,3833.0,40.0,100.36,38.0,1673.53515625,1296.2013521417975
2026-07-18T13:20:23.393432+00:00,3833.0,40.0,101.22,38.0,1673.53515625,1296.5672918148339
2026-07-18T13:20:23.761546+00:00,3833.0,36.0,102.34,38.0,1673.53515625,1296.9354050792754
2026-07-18T13:20:24.086702+00:00,3833.0,38.0,102.12,38.0,1673.53515625,1297.2605613991618
2026-07-18T13:20:24.389029+00:00,3833.0,40.0,101.22,38.0,1673.53515625,1297.5628889799118
2026-07-18T13:20:24.753273+00:00,3833.0,38.0,100.94,38.0,1673.53515625,1297.9271317720413
2026-07-18T13:20:25.075466+00:00,3833.0,40.0,100.71,38.0,1673.53515625,1298.2493252679706
2026-07-18T13:20:25.420966+00:00,3833.0,40.0,100.17,38.0,1673.53515625,1298.5948254726827
2026-07-18T13:20:25.785365+00:00,3833.0,37.0,99.84,38.0,1673.53515625,1298.9592245854437
2026-07-18T13:20:26.133969+00:00,3833.0,40.0,100.06,38.0,1673.53515625,1299.3078287020326
2026-07-18T13:20:26.458698+00:00,3833.0,40.0,100.74,38.0,1673.53515625,1299.6325575821102
2026-07-18T13:20:26.801294+00:00,3833.0,39.0,100.57,38.0,1673.53515625,1299.97515399009
2026-07-18T13:20:27.127711+00:00,3833.0,31.0,100.58,38.0,1673.53515625,1300.3015709780157
2026-07-18T13:20:27.474352+00:00,3833.0,40.0,101.86,38.0,1673.53515625,1300.64821023494
2026-07-18T13:20:27.821847+00:00,3833.0,40.0,102.43,38.0,1673.53515625,1300.9957064390182
2026-07-18T13:20:28.236378+00:00,3833.0,12.0,101.71,38.0,1673.5625,1301.410236272961
2026-07-18T13:20:28.554891+00:00,3833.0,40.0,100.4,38.0,1673.5625,1301.728750705719
2026-07-18T13:20:28.921135+00:00,3833.0,39.0,100.21,38.0,1673.5625,1302.094994250685
2026-07-18T13:20:29.243874+00:00,3833.0,40.0,100.76,38.0,1673.5625,1302.4177337661386
2026-07-18T13:20:29.588557+00:00,3833.0,40.0,100.65,38.0,1673.5625,1302.7624164894223
2026-07-18T13:20:29.957012+00:00,3833.0,39.0,101.54,38.0,1673.5625,1303.1308706179261
2026-07-18T13:20:30.283557+00:00,3833.0,40.0,101.58,38.0,1673.5625,1303.4574168249965
2026-07-18T13:20:30.628959+00:00,3833.0,40.0,102.39,38.0,1673.5625,1303.8028190992773
2026-07-18T13:20:31.061245+00:00,3833.0,12.0,101.36,38.0,1673.5859375,1304.2351042144
2026-07-18T13:20:31.410329+00:00,3833.0,40.0,101.17,38.0,1673.5859375,1304.5841893739998
2026-07-18T13:20:31.731037+00:00,3833.0,40.0,100.52,38.0,1673.5859375,1304.9048960879445
2026-07-18T13:20:32.077665+00:00,3833.0,40.0,101.57,38.0,1673.5859375,1305.2515251040459
2026-07-18T13:20:32.404882+00:00,3833.0,40.0,102.01,38.0,1673.5859375,1305.578742146492
2026-07-18T13:20:32.706572+00:00,3833.0,40.0,102.48,38.0,1673.5859375,1305.880431741476
2026-07-18T13:20:33.049176+00:00,3833.0,40.0,101.69,38.0,1673.5859375,1306.223035428673
2026-07-18T13:20:33.375237+00:00,3833.0,40.0,100.56,38.0,1673.5859375,1306.5490969493985
2026-07-18T13:20:33.699447+00:00,3833.0,40.0,99.48,38.0,1673.5859375,1306.87330622226
2026-07-18T13:20:34.090220+00:00,3833.0,40.0,99.07,38.0,1673.5859375,1307.2640775442123
2026-07-18T13:20:34.453779+00:00,3833.0,39.0,98.95,38.0,1673.609375,1307.6276371702552
2026-07-18T13:20:34.778880+00:00,3833.0,39.0,99.37,38.0,1673.609375,1307.9527392089367
2026-07-18T13:20:35.105641+00:00,3833.0,40.0,99.76,38.0,1673.609375,1308.2795011289418
2026-07-18T13:20:35.431236+00:00,3833.0,40.0,100.36,38.0,1673.609375,1308.6050961129367
2026-07-18T13:20:35.773821+00:00,3833.0,40.0,101.31,38.0,1673.609375,1308.9476801156998
2026-07-18T13:20:36.117684+00:00,3833.0,40.0,101.56,38.0,1673.609375,1309.291544109583
2026-07-18T13:20:36.516922+00:00,3833.0,40.0,100.95,38.0,1673.609375,1309.690778568387
2026-07-18T13:20:36.839163+00:00,3833.0,40.0,99.39,38.0,1673.62890625,1310.013021916151
2026-07-18T13:20:37.176902+00:00,3833.0,40.0,99.73,38.0,1673.62890625,1310.3507611863315
2026-07-18T13:20:37.524766+00:00,3833.0,40.0,100.36,38.0,1673.62890625,1310.6986253596842
2026-07-18T13:20:37.826696+00:00,3833.0,39.0,99.85,38.0,1673.62890625,1311.000555884093
2026-07-18T13:20:38.173513+00:00,3833.0,40.0,99.56,38.0,1673.62890625,1311.3473732061684
2026-07-18T13:20:38.516464+00:00,3833.0,40.0,100.09,38.0,1673.62890625,1311.6903243288398
2026-07-18T13:20:38.861004+00:00,3833.0,39.0,99.26,38.0,1673.6484375,1312.0348630920053
2026-07-18T13:20:39.187519+00:00,3833.0,39.0,98.79,38.0,1673.6484375,1312.3613790087402
2026-07-18T13:20:39.549416+00:00,3833.0,39.0,98.53,38.0,1673.6484375,1312.7232747115195
2026-07-18T13:20:39.896998+00:00,3833.0,40.0,99.88,38.0,1673.6484375,1313.0708574950695
2026-07-18T13:20:40.222979+00:00,3833.0,40.0,99.92,38.0,1673.6484375,1313.3968385346234
2026-07-18T13:20:40.569535+00:00,3833.0,38.0,98.81,38.0,1673.66796875,1313.743393652141
2026-07-18T13:20:40.940332+00:00,3833.0,40.0,98.96,38.0,1673.66796875,1314.1141918711364
2026-07-18T13:20:41.313734+00:00,3833.0,40.0,99.2,38.0,1673.66796875,1314.4875934384763
2026-07-18T13:20:41.681781+00:00,3833.0,40.0,100.51,38.0,1673.66796875,1314.8556410223246
2026-07-18T13:20:42.052939+00:00,3833.0,39.0,100.88,38.0,1673.66796875,1315.2267983593047
2026-07-18T13:20:42.417760+00:00,3833.0,40.0,101.44,38.0,1673.66796875,1315.5916202180088
2026-07-18T13:20:42.824280+00:00,3833.0,40.0,101.46,38.0,1673.66796875,1315.9981398247182
2026-07-18T13:20:43.148180+00:00,3833.0,40.0,100.6,38.0,1673.68359375,1316.3220402486622
2026-07-18T13:20:43.493241+00:00,3833.0,40.0,101.04,38.0,1673.68359375,1316.6671013273299
2026-07-18T13:20:43.865775+00:00,3833.0,38.0,101.66,38.0,1673.68359375,1317.0396241173148
2026-07-18T13:20:44.191132+00:00,3833.0,39.0,101.24,38.0,1673.68359375,1317.3649916872382
2026-07-18T13:20:44.515211+00:00,3833.0,40.0,100.02,38.0,1673.68359375,1317.689071457833
2026-07-18T13:20:44.842311+00:00,3833.0,39.0,99.56,38.0,1673.68359375,1318.0161709822714
2026-07-18T13:20:45.163722+00:00,3833.0,39.0,99.24,38.0,1673.68359375,1318.3375820927322
2026-07-18T13:20:45.483355+00:00,3833.0,40.0,99.54,38.0,1673.68359375,1318.6572143994272
2026-07-18T13:20:45.877333+00:00,3833.0,12.0,98.95,38.0,1673.70703125,1319.0511921793222
2026-07-18T13:20:46.225179+00:00,3833.0,40.0,99.63,38.0,1673.70703125,1319.3990383036435
2026-07-18T13:20:46.577341+00:00,3833.0,39.0,99.71,38.0,1673.7109375,1319.7512004449964
2026-07-18T13:20:46.924370+00:00,3833.0,39.0,100.47,38.0,1673.7109375,1320.0982293523848
2026-07-18T13:20:47.248772+00:00,3833.0,38.0,100.68,38.0,1673.7109375,1320.4226318784058
2026-07-18T13:20:47.572334+00:00,3833.0,40.0,101.15,38.0,1673.7109375,1320.746193099767
2026-07-18T13:20:47.899043+00:00,3833.0,40.0,101.82,38.0,1673.7109375,1321.0728998146951
2026-07-18T13:20:48.269720+00:00,3833.0,40.0,101.37,38.0,1673.7109375,1321.4435767121613
2026-07-18T13:20:48.637994+00:00,3833.0,23.0,100.24,38.0,1673.73046875,1321.8118529990315
2026-07-18T13:20:48.966299+00:00,3833.0,40.0,100.09,38.0,1673.73046875,1322.1401575990021
2026-07-18T13:20:49.274720+00:00,3833.0,39.0,99.48,38.0,1673.73046875,1322.44857949391
2026-07-18T13:20:49.621315+00:00,3833.0,38.0,100.61,38.0,1673.734375,1322.7951746061444
2026-07-18T13:20:49.947431+00:00,3833.0,40.0,100.53,38.0,1673.734375,1323.1212913505733
2026-07-18T13:20:50.271604+00:00,3833.0,39.0,100.96,38.0,1673.734375,1323.4454631507397
2026-07-18T13:20:50.616816+00:00,3833.0,40.0,101.11,38.0,1673.734375,1323.7906752079725
2026-07-18T13:20:50.964630+00:00,3833.0,41.0,100.55,38.0,1673.734375,1324.138485264033
2026-07-18T13:20:51.286204+00:00,3833.0,39.0,100.12,38.0,1673.734375,1324.4600638896227
2026-07-18T13:20:51.628837+00:00,3833.0,40.0,100.66,38.0,1673.734375,1324.802696492523
2026-07-18T13:20:51.977638+00:00,3833.0,40.0,101.95,38.0,1673.734375,1325.1514968462288
2026-07-18T13:20:52.348905+00:00,3833.0,40.0,102.67,38.0,1673.734375,1325.5227642767131
2026-07-18T13:20:52.697567+00:00,3833.0,40.0,102.87,38.0,1673.73828125,1325.871426537633
2026-07-18T13:20:53.023274+00:00,3833.0,40.0,102.69,38.0,1673.73828125,1326.1971336230636
2026-07-18T13:20:53.327449+00:00,3833.0,41.0,103.54,38.0,1673.73828125,1326.5013088919222
2026-07-18T13:20:53.651323+00:00,3833.0,41.0,103.56,38.0,1673.73828125,1326.825183134526
2026-07-18T13:20:53.974966+00:00,3833.0,8.0,101.27,38.0,1673.76953125,1327.1488255113363
2026-07-18T13:20:54.298458+00:00,3833.0,37.0,100.59,38.0,1673.7734375,1327.472318071872
2026-07-18T13:20:54.619031+00:00,3833.0,40.0,99.87,38.0,1673.7734375,1327.7928901202977
2026-07-18T13:20:54.988746+00:00,3833.0,40.0,100.97,38.0,1673.7734375,1328.162606086582
2026-07-18T13:20:55.356360+00:00,3833.0,40.0,101.26,38.0,1673.7734375,1328.5302194617689
2026-07-18T13:20:55.660418+00:00,3833.0,40.0,101.42,38.0,1673.7734375,1328.8342782743275
2026-07-18T13:20:56.004838+00:00,3833.0,22.0,99.68,38.0,1673.796875,1329.178696230054
2026-07-18T13:20:56.307819+00:00,3833.0,40.0,99.8,38.0,1673.796875,1329.4816787578166
2026-07-18T13:20:56.672576+00:00,3833.0,38.0,100.12,38.0,1673.80078125,1329.8464349508286
2026-07-18T13:20:57.000311+00:00,3833.0,40.0,102.08,38.0,1673.80078125,1330.1741702780128
2026-07-18T13:20:57.304277+00:00,3833.0,41.0,102.64,38.0,1673.80078125,1330.4781375192106
2026-07-18T13:20:57.623220+00:00,3833.0,40.0,102.71,38.0,1673.80078125,1330.797079604119
2026-07-18T13:20:57.946998+00:00,3833.0,40.0,102.94,38.0,1673.80078125,1331.120857000351
2026-07-18T13:20:58.313609+00:00,3833.0,40.0,102.95,38.0,1673.80078125,1331.487468495965
2026-07-18T13:20:58.638215+00:00,3833.0,40.0,102.53,38.0,1673.80078125,1331.8120749816298
2026-07-18T13:20:58.942047+00:00,3833.0,7.0,101.03,38.0,1673.82421875,1332.1159055680037
2026-07-18T13:20:59.263841+00:00,3833.0,38.0,100.25,38.0,1673.82421875,1332.4377004876733
2026-07-18T13:20:59.565903+00:00,3833.0,39.0,99.23,38.0,1673.82421875,1332.739762954414
2026-07-18T13:20:59.886681+00:00,3833.0,40.0,99.65,38.0,1673.828125,1333.0605406686664
2026-07-18T13:21:00.188670+00:00,3833.0,37.0,99.68,38.0,1673.828125,1333.3625299111009
2026-07-18T13:21:00.514561+00:00,3833.0,40.0,100.52,38.0,1673.828125,1333.688421189785
2026-07-18T13:21:00.816852+00:00,3833.0,40.0,101.13,38.0,1673.8359375,1333.9907101392746
2026-07-18T13:21:01.142798+00:00,3833.0,39.0,101.75,38.0,1673.83984375,1334.3166572526097
2026-07-18T13:21:01.485172+00:00,3833.0,40.0,101.52,38.0,1673.9140625,1334.6590312682092
2026-07-18T13:21:01.825707+00:00,3833.0,40.0,101.42,38.0,1673.91796875,1334.9995664209127
2026-07-18T13:21:02.147273+00:00,3833.0,40.0,101.28,38.0,1673.921875,1335.3211328275502
2026-07-18T13:21:02.493113+00:00,3833.0,41.0,101.57,38.0,1673.92578125,1335.6669735647738
2026-07-18T13:21:02.837434+00:00,3833.0,42.0,100.05,38.0,1673.95703125,1336.0112928189337
2026-07-18T13:21:03.209606+00:00,3833.0,39.0,99.55,38.0,1673.95703125,1336.3834659941494
2026-07-18T13:21:03.558405+00:00,3833.0,40.0,99.0,38.0,1673.96875,1336.7322646677494
2026-07-18T13:21:04.043967+00:00,3833.0,37.0,100.29,38.0,1673.984375,1337.217826332897
2026-07-18T13:21:04.367826+00:00,3833.0,40.0,98.77,38.0,1673.984375,1337.541685499251
2026-07-18T13:21:04.690429+00:00,3833.0,41.0,99.74,38.0,1673.984375,1337.864288855344
2026-07-18T13:21:05.015052+00:00,3833.0,41.0,102.69,38.0,1673.984375,1338.1889111883938
2026-07-18T13:21:05.390122+00:00,3833.0,41.0,102.13,38.0,1673.984375,1338.5639809183776
2026-07-18T13:21:05.715935+00:00,3833.0,39.0,101.31,38.0,1673.984375,1338.8897943161428
2026-07-18T13:21:06.053056+00:00,3833.0,39.0,100.28,38.0,1673.984375,1339.2269147336483
2026-07-18T13:21:06.378567+00:00,3833.0,40.0,100.93,38.0,1673.984375,1339.552426341921
2026-07-18T13:21:06.733910+00:00,3833.0,41.0,100.93,38.0,1673.984375,1339.9077675752342
2026-07-18T13:21:07.055327+00:00,3833.0,38.0,100.7,38.0,1673.984375,1340.22918683663
2026-07-18T13:21:07.421646+00:00,3833.0,37.0,100.68,38.0,1673.984375,1340.5955051854253
2026-07-18T13:21:07.747312+00:00,3833.0,37.0,100.34,38.0,1673.984375,1340.9211718551815
2026-07-18T13:21:08.070664+00:00,3833.0,38.0,100.83,38.0,1673.984375,1341.2445219159126
2026-07-18T13:21:08.478788+00:00,3833.0,36.0,99.48,38.0,1674.015625,1341.652647960931
2026-07-18T13:21:08.812836+00:00,3833.0,37.0,99.67,38.0,1674.015625,1341.9866948127747
2026-07-18T13:21:09.141307+00:00,3833.0,39.0,99.64,38.0,1674.015625,1342.315164618194
2026-07-18T13:21:09.504728+00:00,3833.0,38.0,100.31,38.0,1674.015625,1342.6785878837109
2026-07-18T13:21:09.881216+00:00,3833.0,40.0,100.52,38.0,1674.015625,1343.055074967444
2026-07-18T13:21:10.187005+00:00,3833.0,37.0,100.33,38.0,1674.015625,1343.3608648106456
2026-07-18T13:21:10.511269+00:00,3833.0,37.0,100.39,38.0,1674.015625,1343.6851281747222
2026-07-18T13:21:10.884981+00:00,3833.0,37.0,100.18,38.0,1674.015625,1344.0588392540812
2026-07-18T13:21:11.250017+00:00,3833.0,40.0,100.14,38.0,1674.015625,1344.4238765500486
2026-07-18T13:21:11.573827+00:00,3833.0,37.0,100.14,38.0,1674.015625,1344.7476866729558
2026-07-18T13:21:11.993272+00:00,3833.0,5.0,98.9,38.0,1674.0390625,1345.1671306565404
2026-07-18T13:21:12.318516+00:00,3833.0,39.0,98.22,38.0,1674.0390625,1345.4923756048083
2026-07-18T13:21:12.702844+00:00,3833.0,39.0,98.17,38.0,1674.0390625,1345.8767036795616
2026-07-18T13:21:13.073568+00:00,3833.0,40.0,99.52,38.0,1674.0390625,1346.247426956892
2026-07-18T13:21:13.399836+00:00,3833.0,36.0,99.8,38.0,1674.0390625,1346.5736947208643
2026-07-18T13:21:13.732217+00:00,3833.0,36.0,99.94,38.0,1674.0390625,1346.906075283885
2026-07-18T13:21:14.109347+00:00,3833.0,39.0,99.73,38.0,1674.0390625,1347.2832061201334
2026-07-18T13:21:14.452660+00:00,3833.0,38.0,100.23,38.0,1674.0390625,1347.6265189237893
2026-07-18T13:21:14.775466+00:00,3833.0,40.0,99.96,38.0,1674.0390625,1347.9493235982955
2026-07-18T13:21:15.097331+00:00,3833.0,18.0,98.38,38.0,1674.0625,1348.2711894139647
2026-07-18T13:21:15.450877+00:00,3833.0,39.0,98.81,38.0,1674.0625,1348.6247359998524
2026-07-18T13:21:15.754272+00:00,3833.0,39.0,98.76,38.0,1674.0625,1348.9281307943165
2026-07-18T13:21:16.128423+00:00,3833.0,40.0,99.42,38.0,1674.0625,1349.3022824078798
2026-07-18T13:21:16.498537+00:00,3833.0,39.0,98.97,38.0,1674.0625,1349.672396056354
2026-07-18T13:21:16.845751+00:00,3833.0,39.0,99.7,38.0,1674.0625,1350.0196105241776
2026-07-18T13:21:17.188854+00:00,3833.0,38.0,100.1,38.0,1674.0625,1350.3627113252878
2026-07-18T13:21:17.557189+00:00,3833.0,40.0,100.29,38.0,1674.09765625,1350.7310489155352
2026-07-18T13:21:17.932163+00:00,3833.0,40.0,99.97,38.0,1674.09765625,1351.1060219593346
2026-07-18T13:21:18.280697+00:00,3833.0,36.0,100.04,38.0,1674.09765625,1351.454556018114
2026-07-18T13:21:18.602900+00:00,3833.0,40.0,99.96,38.0,1674.09765625,1351.776759494096
2026-07-18T13:21:18.953819+00:00,3833.0,39.0,99.98,38.0,1674.09765625,1352.1276784278452
2026-07-18T13:21:19.325423+00:00,3833.0,39.0,99.62,38.0,1674.12109375,1352.4992824457586
2026-07-18T13:21:19.676840+00:00,3833.0,37.0,99.55,38.0,1674.12109375,1352.8506997711957
2026-07-18T13:21:20.047766+00:00,3833.0,37.0,99.33,38.0,1674.12109375,1353.2216260060668
2026-07-18T13:21:20.370690+00:00,3833.0,40.0,99.75,38.0,1674.12109375,1353.5445494428277
2026-07-18T13:21:20.673905+00:00,3833.0,37.0,100.21,38.0,1674.12109375,1353.8477650545537
2026-07-18T13:21:20.977270+00:00,3833.0,38.0,100.12,38.0,1674.12109375,1354.1511293426156
2026-07-18T13:21:21.300601+00:00,3833.0,36.0,100.22,38.0,1674.12890625,1354.47444980219
2026-07-18T13:21:21.677610+00:00,3833.0,36.0,99.77,38.0,1674.12890625,1354.8514692299068
2026-07-18T13:21:22.007324+00:00,3833.0,39.0,100.37,38.0,1674.12890625,1355.1811827272177
2026-07-18T13:21:22.332173+00:00,3833.0,38.0,99.75,38.0,1674.1484375,1355.5060323104262
2026-07-18T13:21:22.635563+00:00,3833.0,38.0,99.34,38.0,1674.1484375,1355.809422776103
2026-07-18T13:21:22.989059+00:00,3833.0,39.0,99.06,38.0,1674.1484375,1356.1629187203944
2026-07-18T13:21:23.365082+00:00,3833.0,38.0,100.26,38.0,1674.1484375,1356.538937292993
2026-07-18T13:21:23.745339+00:00,3833.0,38.0,100.68,38.0,1674.1484375,1356.9191974923015
2026-07-18T13:21:24.067847+00:00,3833.0,40.0,101.28,38.0,1674.1484375,1357.2417067736387
2026-07-18T13:21:24.441902+00:00,3833.0,40.0,101.27,38.0,1674.1484375,1357.615761142224
2026-07-18T13:21:24.796555+00:00,3833.0,39.0,101.71,38.0,1674.1484375,1357.970412608236
2026-07-18T13:21:25.144775+00:00,3833.0,39.0,100.89,38.0,1674.1484375,1358.318634070456
2026-07-18T13:21:25.497423+00:00,3833.0,40.0,100.25,38.0,1674.1484375,1358.6712820790708
2026-07-18T13:21:25.823633+00:00,3833.0,40.0,100.39,38.0,1674.1484375,1358.9974911473691
2026-07-18T13:21:26.151105+00:00,3833.0,37.0,99.49,38.0,1674.171875,1359.3249577209353
2026-07-18T13:21:26.475221+00:00,3833.0,38.0,99.33,38.0,1674.171875,1359.649081055075
2026-07-18T13:21:26.816545+00:00,3833.0,40.0,99.07,38.0,1674.171875,1359.9904052875936
2026-07-18T13:21:27.144668+00:00,3833.0,38.0,99.95,38.0,1674.171875,1360.3185272030532
2026-07-18T13:21:27.491584+00:00,3833.0,39.0,100.78,38.0,1674.171875,1360.6654429659247
2026-07-18T13:21:27.836937+00:00,3833.0,40.0,100.14,38.0,1674.171875,1361.0107952468097
2026-07-18T13:21:28.204641+00:00,3833.0,40.0,100.52,38.0,1674.171875,1361.3785007819533
2026-07-18T13:21:28.581062+00:00,3833.0,38.0,100.57,38.0,1674.171875,1361.754921335727
2026-07-18T13:21:28.907521+00:00,3833.0,39.0,100.83,38.0,1674.171875,1362.0813813693821
2026-07-18T13:21:29.231392+00:00,3833.0,39.0,100.54,38.0,1674.171875,1362.4052514098585
2026-07-18T13:21:29.578427+00:00,3833.0,38.0,101.34,38.0,1674.171875,1362.7522772997618
2026-07-18T13:21:29.906930+00:00,3833.0,39.0,101.22,38.0,1674.171875,1363.080789707601
2026-07-18T13:21:30.270137+00:00,3833.0,39.0,101.64,38.0,1674.171875,1363.4439956247807
2026-07-18T13:21:30.619805+00:00,3833.0,40.0,101.32,38.0,1674.171875,1363.7936634235084
2026-07-18T13:21:30.976268+00:00,3833.0,39.0,101.92,38.0,1674.171875,1364.1501269638538
2026-07-18T13:21:31.320931+00:00,3833.0,39.0,101.69,38.0,1674.171875,1364.4947905689478
2026-07-18T13:21:31.687436+00:00,3833.0,40.0,101.43,38.0,1674.1953125,1364.8612939342856
2026-07-18T13:21:32.015235+00:00,3833.0,37.0,100.75,38.0,1674.203125,1365.1890946254134
2026-07-18T13:21:32.385195+00:00,3833.0,38.0,99.67,38.0,1674.203125,1365.559052579105
2026-07-18T13:21:32.706462+00:00,3833.0,38.0,99.71,38.0,1674.203125,1365.8803203962743
2026-07-18T13:21:33.080822+00:00,3833.0,39.0,100.31,38.0,1674.203125,1366.254681058228
2026-07-18T13:21:33.406420+00:00,3833.0,40.0,100.27,38.0,1674.203125,1366.5802787579596
2026-07-18T13:21:33.753522+00:00,3833.0,37.0,100.81,38.0,1674.203125,1366.9273804165423
2026-07-18T13:21:34.078429+00:00,3833.0,38.0,100.41,38.0,1674.20703125,1367.2522880323231
2026-07-18T13:21:34.429720+00:00,3833.0,38.0,100.67,38.0,1674.20703125,1367.6035794839263
2026-07-18T13:21:34.777691+00:00,3833.0,36.0,100.75,38.0,1674.20703125,1367.9515505433083
2026-07-18T13:21:35.108493+00:00,3833.0,39.0,100.15,38.0,1674.20703125,1368.2823520563543
2026-07-18T13:21:35.435497+00:00,3833.0,39.0,100.61,38.0,1674.20703125,1368.6093562357128
2026-07-18T13:21:35.791994+00:00,3833.0,38.0,100.66,38.0,1674.20703125,1368.9658537209034
2026-07-18T13:21:36.120959+00:00,3833.0,40.0,100.62,38.0,1674.20703125,1369.294818174094
2026-07-18T13:21:36.469822+00:00,3833.0,40.0,100.61,38.0,1674.20703125,1369.6436805352569
2026-07-18T13:21:36.821634+00:00,3833.0,38.0,101.1,38.0,1674.20703125,1369.9954935349524
2026-07-18T13:21:37.147764+00:00,3833.0,39.0,101.39,38.0,1674.20703125,1370.3216232843697
2026-07-18T13:21:37.512650+00:00,3833.0,5.0,100.06,38.0,1674.23828125,1370.6865088939667
2026-07-18T13:21:37.865156+00:00,3833.0,38.0,99.05,38.0,1674.23828125,1371.0390149317682
2026-07-18T13:21:38.190559+00:00,3833.0,38.0,98.19,38.0,1674.23828125,1371.364417631179
2026-07-18T13:21:38.561719+00:00,3833.0,38.0,99.68,38.0,1674.23828125,1371.7355780787766
2026-07-18T13:21:38.913679+00:00,3833.0,37.0,99.79,38.0,1674.23828125,1372.0875375643373
2026-07-18T13:21:39.257220+00:00,3833.0,37.0,99.79,38.0,1674.23828125,1372.431079942733
2026-07-18T13:21:39.626047+00:00,3833.0,39.0,99.72,38.0,1674.23828125,1372.7999062649906
2026-07-18T13:21:39.951005+00:00,3833.0,38.0,100.06,38.0,1674.23828125,1373.1248641200364
2026-07-18T13:21:40.298828+00:00,3833.0,39.0,100.38,38.0,1674.23828125,1373.4726860374212
2026-07-18T13:21:40.666403+00:00,3833.0,39.0,100.6,38.0,1674.23828125,1373.8402617499232
2026-07-18T13:21:40.995714+00:00,3833.0,40.0,100.75,38.0,1674.23828125,1374.1695741564035
2026-07-18T13:21:41.324389+00:00,3833.0,39.0,100.13,38.0,1674.23828125,1374.4982485175133
2026-07-18T13:21:41.694049+00:00,3833.0,39.0,100.78,38.0,1674.23828125,1374.8679088838398
2026-07-18T13:21:42.045428+00:00,3833.0,38.0,100.28,38.0,1674.23828125,1375.2192874513566
2026-07-18T13:21:42.375216+00:00,3833.0,26.0,99.22,38.0,1674.23828125,1375.549076192081
2026-07-18T13:21:42.679323+00:00,3833.0,40.0,99.3,38.0,1674.23828125,1375.853182502091
2026-07-18T13:21:43.046999+00:00,3833.0,40.0,99.62,38.0,1674.23828125,1376.2208577282727
2026-07-18T13:21:43.450718+00:00,3833.0,7.0,100.42,38.0,1676.5703125,1376.6245765723288
2026-07-18T13:21:43.821328+00:00,3833.0,35.0,99.17,38.0,1676.5703125,1376.9951875582337
2026-07-18T13:21:44.155146+00:00,3833.0,40.0,98.66,38.0,1676.5703125,1377.3290050588548
2026-07-18T13:21:44.501469+00:00,3833.0,40.0,100.57,38.0,1676.5703125,1377.675328232348
2026-07-18T13:21:44.827143+00:00,3833.0,39.0,100.52,38.0,1676.5703125,1378.001001726836
2026-07-18T13:21:45.129363+00:00,3833.0,36.0,101.1,38.0,1676.5703125,1378.3032214902341
2026-07-18T13:21:45.454372+00:00,3833.0,39.0,100.91,38.0,1676.5703125,1378.628231368959
2026-07-18T13:21:45.757344+00:00,3833.0,39.0,100.86,38.0,1676.5703125,1378.9312039539218
2026-07-18T13:21:46.085686+00:00,3833.0,37.0,100.44,38.0,1676.5703125,1379.2595449984074
2026-07-18T13:21:46.436573+00:00,3833.0,40.0,99.94,38.0,1676.5703125,1379.6104311048985
2026-07-18T13:21:46.781309+00:00,3833.0,41.0,99.96,38.0,1676.5703125,1379.9551678858697
2026-07-18T13:21:47.148852+00:00,3833.0,40.0,101.52,38.0,1676.5703125,1380.322711210698
2026-07-18T13:21:47.475411+00:00,3833.0,41.0,101.87,38.0,1676.5703125,1380.649270799011
2026-07-18T13:21:47.811009+00:00,3833.0,13.0,100.94,38.0,1676.57421875,1380.9848681725562
2026-07-18T13:21:48.160838+00:00,3833.0,39.0,99.49,38.0,1676.57421875,1381.3346972614527
2026-07-18T13:21:48.487190+00:00,3833.0,40.0,98.83,38.0,1676.57421875,1381.6610498055816
2026-07-18T13:21:48.829125+00:00,3833.0,40.0,100.06,38.0,1676.57421875,1382.0029844343662
2026-07-18T13:21:49.197515+00:00,3833.0,40.0,100.74,38.0,1676.57421875,1382.3713744804263
2026-07-18T13:21:49.527288+00:00,3833.0,40.0,101.21,38.0,1676.57421875,1382.7011466547847
2026-07-18T13:21:49.876960+00:00,3833.0,40.0,101.62,38.0,1676.57421875,1383.0508196949959
2026-07-18T13:21:50.225215+00:00,3833.0,38.0,101.05,38.0,1676.57421875,1383.399074677378
2026-07-18T13:21:50.552264+00:00,3833.0,41.0,101.19,38.0,1676.57421875,1383.7261244654655
2026-07-18T13:21:50.877672+00:00,3833.0,40.0,101.15,38.0,1676.57421875,1384.0515318363905
2026-07-18T13:21:51.203439+00:00,3833.0,40.0,101.54,38.0,1676.57421875,1384.3772977553308
2026-07-18T13:21:51.547965+00:00,3833.0,41.0,101.71,38.0,1676.57421875,1384.7218225896358
2026-07-18T13:21:51.854309+00:00,3833.0,41.0,101.72,38.0,1676.57421875,1385.0281678885221
2026-07-18T13:21:52.209562+00:00,3833.0,41.0,101.12,38.0,1676.57421875,1385.3834213502705
2026-07-18T13:21:52.531159+00:00,3833.0,41.0,101.21,38.0,1676.57421875,1385.7050182707608
2026-07-18T13:21:52.855447+00:00,3833.0,39.0,100.9,38.0,1676.57421875,1386.0293050594628
2026-07-18T13:21:53.178923+00:00,3833.0,40.0,101.04,38.0,1676.57421875,1386.352782484144
2026-07-18T13:21:53.545122+00:00,3833.0,39.0,99.25,38.0,1676.578125,1386.718980975449
2026-07-18T13:21:53.868772+00:00,3833.0,40.0,99.08,38.0,1676.578125,1387.0426314845681
2026-07-18T13:21:54.173529+00:00,3833.0,40.0,99.12,38.0,1676.578125,1387.3473893404007
2026-07-18T13:21:54.498928+00:00,3833.0,40.0,100.41,38.0,1676.578125,1387.672787167132
2026-07-18T13:21:54.805256+00:00,3833.0,40.0,100.3,38.0,1676.578125,1387.979115381837
2026-07-18T13:21:55.107322+00:00,3833.0,40.0,100.21,38.0,1676.578125,1388.281181447208
2026-07-18T13:21:55.457491+00:00,3833.0,40.0,100.11,38.0,1676.578125,1388.6313504986465
2026-07-18T13:21:55.800991+00:00,3833.0,40.0,100.17,38.0,1676.578125,1388.9748497195542
2026-07-18T13:21:56.127061+00:00,3833.0,40.0,100.36,38.0,1676.578125,1389.3009210117161
2026-07-18T13:21:56.474502+00:00,3833.0,40.0,100.47,38.0,1676.578125,1389.6483622714877
2026-07-18T13:21:56.816900+00:00,3833.0,40.0,100.81,38.0,1676.578125,1389.990759395063
2026-07-18T13:21:57.138096+00:00,3833.0,40.0,100.83,38.0,1676.578125,1390.3119558542967
2026-07-18T13:21:57.441274+00:00,3833.0,41.0,101.01,38.0,1676.578125,1390.615133523941
2026-07-18T13:21:57.785137+00:00,3833.0,41.0,101.51,38.0,1676.578125,1390.9589964523911
2026-07-18T13:21:58.111618+00:00,3833.0,40.0,101.22,38.0,1676.578125,1391.2854779437184
2026-07-18T13:21:58.439421+00:00,3833.0,41.0,102.03,38.0,1676.578125,1391.6132807768881
2026-07-18T13:21:58.742693+00:00,3833.0,40.0,102.17,38.0,1676.578125,1391.916552837938
2026-07-18T13:21:59.088974+00:00,3833.0,35.0,100.26,38.0,1676.67578125,1392.2628328800201
2026-07-18T13:21:59.429608+00:00,3833.0,34.0,99.49,38.0,1676.67578125,1392.6034674271941
2026-07-18T13:21:59.777215+00:00,3833.0,39.0,98.68,38.0,1676.67578125,1392.9510748796165
2026-07-18T13:22:00.128461+00:00,3833.0,39.0,99.9,38.0,1676.67578125,1393.3023206070065
2026-07-18T13:22:00.459359+00:00,3833.0,40.0,99.91,38.0,1676.67578125,1393.6332178004086
2026-07-18T13:22:00.783515+00:00,3833.0,40.0,100.4,38.0,1676.67578125,1393.9573742859066
2026-07-18T13:22:01.111022+00:00,3833.0,40.0,100.91,38.0,1676.67578125,1394.2848818227649
2026-07-18T13:22:01.473724+00:00,3833.0,40.0,101.09,38.0,1676.67578125,1394.6475834436715
2026-07-18T13:22:01.844563+00:00,3833.0,40.0,101.19,38.0,1676.67578125,1395.018422715366
2026-07-18T13:22:02.148319+00:00,3833.0,41.0,100.97,38.0,1676.67578125,1395.3221783190966
2026-07-18T13:22:02.470377+00:00,3833.0,38.0,100.88,38.0,1676.67578125,1395.6442362815142
2026-07-18T13:22:02.774115+00:00,3833.0,41.0,101.87,38.0,1676.67578125,1395.9479747787118
2026-07-18T13:22:03.144723+00:00,3833.0,38.0,100.64,38.0,1676.70703125,1396.318582560867
2026-07-18T13:22:03.516307+00:00,3833.0,40.0,100.82,38.0,1676.70703125,1396.6901669576764
2026-07-18T13:22:03.818966+00:00,3833.0,40.0,100.08,38.0,1676.70703125,1396.9928262643516
2026-07-18T13:22:04.143778+00:00,3833.0,38.0,100.13,38.0,1676.70703125,1397.3176363892853
2026-07-18T13:22:04.493525+00:00,3833.0,38.0,100.23,38.0,1676.7109375,1397.667383339256
2026-07-18T13:22:04.822926+00:00,3833.0,39.0,99.93,38.0,1676.7109375,1397.9967863820493
2026-07-18T13:22:05.149312+00:00,3833.0,40.0,100.18,38.0,1676.7109375,1398.3231714107096
2026-07-18T13:22:05.501370+00:00,3833.0,37.0,99.89,38.0,1676.7109375,1398.6752304024994
2026-07-18T13:22:05.853758+00:00,3833.0,40.0,100.78,38.0,1676.7109375,1399.027616608888
2026-07-18T13:22:06.178629+00:00,3833.0,40.0,101.11,38.0,1676.7109375,1399.352488026023
2026-07-18T13:22:06.502665+00:00,3833.0,39.0,100.98,38.0,1676.71484375,1399.6765234135091
2026-07-18T13:22:06.808248+00:00,3833.0,40.0,100.89,38.0,1676.71484375,1399.982108231634
2026-07-18T13:22:07.136038+00:00,3833.0,40.0,100.29,38.0,1676.71484375,1400.3098969124258
2026-07-18T13:22:07.501408+00:00,3833.0,41.0,100.55,38.0,1676.71484375,1400.6752675659955
2026-07-18T13:22:07.849076+00:00,3833.0,40.0,101.15,38.0,1676.71875,1401.0229358784854
2026-07-18T13:22:08.216664+00:00,3833.0,41.0,101.75,38.0,1676.71875,1401.3905217014253
2026-07-18T13:22:08.599071+00:00,3833.0,30.0,100.48,38.0,1676.75390625,1401.772930007428
2026-07-18T13:22:08.923241+00:00,3833.0,40.0,99.57,38.0,1676.75390625,1402.097099546343
2026-07-18T13:22:09.250735+00:00,3833.0,39.0,98.9,38.0,1676.75390625,1402.4245943203568
2026-07-18T13:22:09.575786+00:00,3833.0,40.0,99.25,38.0,1676.75390625,1402.7496457658708
2026-07-18T13:22:09.948236+00:00,3833.0,40.0,99.58,38.0,1676.75390625,1403.1220948398113
2026-07-18T13:22:10.252013+00:00,3833.0,39.0,100.54,38.0,1676.75390625,1403.4258734546602
2026-07-18T13:22:10.572921+00:00,3833.0,40.0,101.58,38.0,1676.75390625,1403.7467804178596
2026-07-18T13:22:10.957068+00:00,3833.0,6.0,100.67,38.0,1676.78125,1404.1309276632965
2026-07-18T13:22:11.283020+00:00,3833.0,40.0,99.72,38.0,1676.78125,1404.456879582256
2026-07-18T13:22:11.611369+00:00,3833.0,40.0,98.97,38.0,1676.7890625,1404.7852212265134
2026-07-18T13:22:11.957244+00:00,3833.0,39.0,99.42,38.0,1676.7890625,1405.1311023794115
2026-07-18T13:22:12.301667+00:00,3833.0,41.0,99.55,38.0,1676.7890625,1405.4755262881517
2026-07-18T13:22:12.673503+00:00,3833.0,40.0,100.01,38.0,1676.7890625,1405.8473628871143
2026-07-18T13:22:13.041167+00:00,3833.0,39.0,100.26,38.0,1676.7890625,1406.2150267921388
2026-07-18T13:22:13.362543+00:00,3833.0,40.0,100.05,38.0,1676.7890625,1406.536399796605
2026-07-18T13:22:13.713070+00:00,3833.0,40.0,100.15,38.0,1676.7890625,1406.8869291581213
2026-07-18T13:22:14.081173+00:00,3833.0,40.0,100.19,38.0,1676.7890625,1407.2550321109593
2026-07-18T13:22:14.402114+00:00,3833.0,40.0,100.35,38.0,1676.79296875,1407.5759735926986
2026-07-18T13:22:14.726814+00:00,3833.0,41.0,100.0,38.0,1676.79296875,1407.9006729833782
2026-07-18T13:22:15.092003+00:00,3833.0,40.0,100.37,38.0,1676.828125,1408.2658626437187
2026-07-18T13:22:15.422835+00:00,3833.0,39.0,99.95,38.0,1676.83203125,1408.596694841981
2026-07-18T13:22:15.726263+00:00,3833.0,40.0,100.22,38.0,1676.83203125,1408.9001230858266
2026-07-18T13:22:16.050492+00:00,3833.0,40.0,100.15,38.0,1676.83203125,1409.2243517749012
2026-07-18T13:22:16.450537+00:00,3833.0,40.0,101.72,38.0,1676.83203125,1409.6243954189122
2026-07-18T13:22:16.779543+00:00,3833.0,39.0,100.47,38.0,1676.859375,1409.9534027129412
2026-07-18T13:22:17.082846+00:00,3833.0,39.0,99.19,38.0,1676.859375,1410.2567059136927
2026-07-18T13:22:17.407067+00:00,3833.0,40.0,97.44,38.0,1676.859375,1410.580926693976
2026-07-18T13:22:17.773270+00:00,3833.0,40.0,98.9,38.0,1676.86328125,1410.9471292942762
2026-07-18T13:22:18.121215+00:00,3833.0,36.0,98.25,38.0,1676.88671875,1411.295073904097
2026-07-18T13:22:18.442611+00:00,3833.0,40.0,98.68,38.0,1676.88671875,1411.6164714358747
2026-07-18T13:22:18.789089+00:00,3833.0,39.0,98.49,38.0,1676.89453125,1411.9629483111203
2026-07-18T13:22:19.116033+00:00,3833.0,40.0,99.7,38.0,1676.89453125,1412.2898876555264
2026-07-18T13:22:19.465922+00:00,3833.0,40.0,99.37,38.0,1676.9140625,1412.6397817917168
2026-07-18T13:22:19.816385+00:00,3833.0,40.0,99.24,38.0,1676.91796875,1412.9902439676225
2026-07-18T13:22:20.167156+00:00,3833.0,40.0,99.3,38.0,1676.91796875,1413.3410150669515
2026-07-18T13:22:20.489990+00:00,3833.0,41.0,99.46,38.0,1676.921875,1413.6638495102525
2026-07-18T13:22:20.816204+00:00,3833.0,40.0,99.42,38.0,1676.9296875,1413.990063302219
2026-07-18T13:22:21.160969+00:00,3833.0,40.0,99.85,38.0,1676.9296875,1414.3348278589547
2026-07-18T13:22:21.528674+00:00,3833.0,40.0,100.11,38.0,1676.9296875,1414.7025340348482
2026-07-18T13:22:21.850937+00:00,3833.0,40.0,100.68,38.0,1676.9375,1415.024796012789
2026-07-18T13:22:22.199664+00:00,3833.0,30.0,98.0,38.0,1676.9375,1415.3735235482454
2026-07-18T13:22:22.573837+00:00,3833.0,41.0,98.67,38.0,1676.9375,1415.7476953417063
2026-07-18T13:22:22.895048+00:00,3833.0,41.0,98.2,38.0,1676.9375,1416.0689073950052
2026-07-18T13:22:23.225358+00:00,3833.0,41.0,100.78,38.0,1676.9375,1416.399217825383
2026-07-18T13:22:23.578029+00:00,3833.0,5.0,98.5,38.0,1676.96484375,1416.7518880702555
2026-07-18T13:22:23.903192+00:00,3833.0,40.0,98.76,38.0,1676.96484375,1417.077051319182
2026-07-18T13:22:24.248937+00:00,3833.0,40.0,99.07,38.0,1676.96484375,1417.422796845436
2026-07-18T13:22:24.601170+00:00,3833.0,41.0,101.55,38.0,1676.96484375,1417.7750288322568
2026-07-18T13:22:24.944592+00:00,3833.0,41.0,101.49,38.0,1676.96484375,1418.1184512525797
2026-07-18T13:22:25.292798+00:00,3833.0,41.0,102.12,38.0,1676.96484375,1418.4666576944292
2026-07-18T13:22:25.664479+00:00,3833.0,40.0,102.3,38.0,1676.96484375,1418.838338572532
2026-07-18T13:22:25.967037+00:00,3833.0,40.0,101.64,38.0,1676.96484375,1419.1408961899579
2026-07-18T13:22:26.295312+00:00,3833.0,41.0,101.13,38.0,1676.96484375,1419.469170473516
2026-07-18T13:22:26.626731+00:00,3833.0,40.0,100.33,38.0,1676.96484375,1419.8005883917212
2026-07-18T13:22:26.954950+00:00,3833.0,40.0,100.54,38.0,1676.96484375,1420.1288036070764
2026-07-18T13:22:27.283467+00:00,3833.0,41.0,100.95,38.0,1676.96484375,1420.4573269188404
2026-07-18T13:22:27.619530+00:00,3833.0,10.0,100.22,38.0,1676.9921875,1420.7933893203735
2026-07-18T13:22:27.964890+00:00,3833.0,39.0,99.22,38.0,1676.9921875,1421.1387491598725
2026-07-18T13:22:28.291621+00:00,3833.0,40.0,98.23,38.0,1676.9921875,1421.4654809311032
2026-07-18T13:22:28.665252+00:00,3833.0,39.0,98.99,38.0,1676.9921875,1421.8391106314957
2026-07-18T13:22:29.016876+00:00,3833.0,37.0,100.11,38.0,1676.9921875,1422.1907354183495
2026-07-18T13:22:29.322320+00:00,3833.0,40.0,100.55,38.0,1676.9921875,1422.4961791671813
2026-07-18T13:22:29.626730+00:00,3833.0,41.0,101.33,38.0,1676.9921875,1422.8005890399218
2026-07-18T13:22:29.973126+00:00,3833.0,40.0,101.47,38.0,1676.9921875,1423.1469858288765
2026-07-18T13:22:30.292993+00:00,3833.0,41.0,101.66,38.0,1676.9921875,1423.466853339225
2026-07-18T13:22:30.596636+00:00,3833.0,41.0,101.64,38.0,1676.9921875,1423.7704962156713
2026-07-18T13:22:30.922618+00:00,3833.0,40.0,101.33,38.0,1676.9921875,1424.096477996558
2026-07-18T13:22:31.289198+00:00,3833.0,40.0,101.33,38.0,1676.9921875,1424.4630581326783
2026-07-18T13:22:31.618350+00:00,3833.0,40.0,101.37,38.0,1676.9921875,1424.792210496962
2026-07-18T13:22:31.921743+00:00,3833.0,40.0,101.32,38.0,1676.9921875,1425.095602903515
2026-07-18T13:22:32.269074+00:00,3833.0,39.0,99.28,38.0,1677.015625,1425.4429337978363
2026-07-18T13:22:32.633363+00:00,3833.0,39.0,98.76,38.0,1677.015625,1425.8072217926383
2026-07-18T13:22:32.954999+00:00,3833.0,38.0,99.13,38.0,1677.015625,1426.128858320415
2026-07-18T13:22:33.282365+00:00,3833.0,40.0,100.08,38.0,1677.015625,1426.4562244787812
2026-07-18T13:22:33.624809+00:00,3833.0,39.0,99.78,38.0,1677.015625,1426.7986689582467
2026-07-18T13:22:33.969509+00:00,3833.0,40.0,99.69,38.0,1677.015625,1427.143368318677
2026-07-18T13:22:34.341016+00:00,3833.0,40.0,100.71,38.0,1677.015625,1427.514875214547
2026-07-18T13:22:34.665228+00:00,3833.0,40.0,100.91,38.0,1677.015625,1427.8390871323645
2026-07-18T13:22:35.010073+00:00,3833.0,39.0,100.84,38.0,1677.015625,1428.1839327141643
2026-07-18T13:22:35.339840+00:00,3833.0,40.0,100.84,38.0,1677.015625,1428.513699427247
2026-07-18T13:22:35.644728+00:00,3833.0,40.0,100.38,38.0,1677.015625,1428.8185871765018
2026-07-18T13:22:35.948757+00:00,3833.0,40.0,100.31,38.0,1677.015625,1429.1226175054908
2026-07-18T13:22:36.293428+00:00,3833.0,40.0,100.36,38.0,1677.015625,1429.4672874547541
2026-07-18T13:22:36.645163+00:00,3833.0,41.0,100.71,38.0,1677.015625,1429.8190222382545
2026-07-18T13:22:36.950774+00:00,3833.0,41.0,101.14,38.0,1677.015625,1430.1246329173446
2026-07-18T13:22:37.300213+00:00,3833.0,41.0,101.6,38.0,1677.015625,1430.4740722961724
2026-07-18T13:22:37.710857+00:00,3833.0,14.0,100.48,38.0,1677.046875,1430.8847166709602
2026-07-18T13:22:38.057031+00:00,3833.0,37.0,99.89,38.0,1677.046875,1431.2308905348182
2026-07-18T13:22:38.400824+00:00,3833.0,39.0,99.41,38.0,1677.046875,1431.574683189392
2026-07-18T13:22:38.727373+00:00,3833.0,40.0,99.96,38.0,1677.046875,1431.9012326151133
2026-07-18T13:22:39.101173+00:00,3833.0,40.0,100.05,38.0,1677.046875,1432.2750327438116
2026-07-18T13:22:39.445359+00:00,3833.0,39.0,100.65,38.0,1677.046875,1432.6192190386355
2026-07-18T13:22:39.817252+00:00,3833.0,14.0,99.93,38.0,1677.046875,1432.9911099113524
2026-07-18T13:22:40.126764+00:00,3833.0,39.0,100.31,38.0,1677.0703125,1433.3006229884923
2026-07-18T13:22:40.453956+00:00,3833.0,40.0,100.97,38.0,1677.0703125,1433.627815246582
2026-07-18T13:22:40.826326+00:00,3833.0,40.0,102.77,38.0,1677.0703125,1434.0001858472824
2026-07-18T13:22:41.189745+00:00,3833.0,39.0,102.56,38.0,1677.0703125,1434.363604027778
2026-07-18T13:22:41.515608+00:00,3833.0,39.0,102.18,38.0,1677.0703125,1434.689467318356
2026-07-18T13:22:41.847397+00:00,3833.0,40.0,101.24,38.0,1677.0703125,1435.021254207939
2026-07-18T13:22:42.151481+00:00,3833.0,40.0,101.16,38.0,1677.0703125,1435.3253393806517
2026-07-18T13:22:42.456119+00:00,3833.0,41.0,101.04,38.0,1677.0703125,1435.6299792528152
2026-07-18T13:22:42.805447+00:00,3833.0,40.0,100.97,38.0,1677.0703125,1435.9793071262538
2026-07-18T13:22:43.149538+00:00,3833.0,40.0,101.22,38.0,1677.0703125,1436.3233976513147
2026-07-18T13:22:43.477091+00:00,3833.0,41.0,101.1,38.0,1677.0703125,1436.6509508863091
2026-07-18T13:22:43.820995+00:00,3833.0,35.0,99.24,38.0,1677.09375,1436.9948540888727
2026-07-18T13:22:44.147531+00:00,3833.0,40.0,98.52,38.0,1677.09375,1437.3213902935386
2026-07-18T13:22:44.471764+00:00,3833.0,41.0,98.62,38.0,1677.09375,1437.6456246338785
2026-07-18T13:22:44.798562+00:00,3833.0,40.0,100.51,38.0,1677.09375,1437.9724223278463
2026-07-18T13:22:45.149393+00:00,3833.0,39.0,100.69,38.0,1677.09375,1438.3232508078218
2026-07-18T13:22:45.454850+00:00,3833.0,39.0,100.19,38.0,1677.09375,1438.6287092231214
2026-07-18T13:22:45.829239+00:00,3833.0,39.0,100.42,38.0,1677.09375,1439.0030974075198
2026-07-18T13:22:46.156843+00:00,3833.0,38.0,100.95,38.0,1677.09375,1439.330702725798
2026-07-18T13:22:46.483252+00:00,3833.0,41.0,102.02,38.0,1677.09375,1439.657110594213
2026-07-18T13:22:46.811329+00:00,3833.0,40.0,101.9,38.0,1677.09375,1439.9851884916425
2026-07-18T13:22:47.139874+00:00,3833.0,40.0,101.62,38.0,1677.09375,1440.3137327469885
2026-07-18T13:22:47.513363+00:00,3833.0,39.0,100.86,38.0,1677.09375,1440.6872225813568
2026-07-18T13:22:47.839257+00:00,3833.0,40.0,101.76,38.0,1677.09375,1441.0131166167557
2026-07-18T13:22:48.166612+00:00,3833.0,40.0,101.48,38.0,1677.09375,1441.340471636504
2026-07-18T13:22:48.517101+00:00,3833.0,40.0,101.64,38.0,1677.09375,1441.690960764885
2026-07-18T13:22:48.844745+00:00,3833.0,40.0,101.04,38.0,1677.09375,1442.0186046622694
2026-07-18T13:22:49.194308+00:00,3833.0,38.0,101.11,38.0,1677.09375,1442.36816759035
2026-07-18T13:22:49.514770+00:00,3833.0,40.0,100.09,38.0,1677.12109375,1442.68862984702
2026-07-18T13:22:49.877200+00:00,3833.0,40.0,99.88,38.0,1677.12109375,1443.0510597415268
2026-07-18T13:22:50.204734+00:00,3833.0,40.0,99.54,38.0,1677.12109375,1443.3785936124623
2026-07-18T13:22:50.573242+00:00,3833.0,37.0,101.31,38.0,1677.12109375,1443.7471012622118
2026-07-18T13:22:50.894954+00:00,3833.0,40.0,100.92,38.0,1677.12109375,1444.0688138604164
2026-07-18T13:22:51.262140+00:00,3833.0,40.0,100.46,38.0,1677.12109375,1444.4359995163977
2026-07-18T13:22:51.587672+00:00,3833.0,40.0,99.6,38.0,1677.12109375,1444.761531636119
2026-07-18T13:22:51.937461+00:00,3833.0,38.0,99.44,38.0,1677.12109375,1445.111319988966
2026-07-18T13:22:52.302993+00:00,3833.0,38.0,100.52,38.0,1677.12109375,1445.4768530614674
2026-07-18T13:22:52.644181+00:00,3833.0,40.0,101.66,38.0,1677.12109375,1445.8180404305458
2026-07-18T13:22:52.971815+00:00,3833.0,40.0,101.97,38.0,1677.12109375,1446.1456752307713
2026-07-18T13:22:53.275955+00:00,3833.0,41.0,101.79,38.0,1677.12109375,1446.4498139880598
2026-07-18T13:22:53.645343+00:00,3833.0,40.0,101.13,38.0,1677.2421875,1446.819199617952
2026-07-18T13:22:54.017238+00:00,3833.0,38.0,101.2,38.0,1677.2421875,1447.19109692052
2026-07-18T13:22:54.365863+00:00,3833.0,40.0,101.79,38.0,1677.2421875,1447.5397227741778
2026-07-18T13:22:54.671289+00:00,3833.0,30.0,100.48,38.0,1677.26953125,1447.845148716122
2026-07-18T13:22:55.048615+00:00,3833.0,40.0,100.36,38.0,1677.26953125,1448.222474373877
2026-07-18T13:22:55.376871+00:00,3833.0,40.0,100.04,38.0,1677.26953125,1448.5507307462394
2026-07-18T13:22:55.749352+00:00,3833.0,37.0,101.26,38.0,1677.26953125,1448.923211440444
2026-07-18T13:22:56.112742+00:00,3833.0,38.0,100.79,38.0,1677.26953125,1449.2866019569337
2026-07-18T13:22:56.461317+00:00,3833.0,39.0,100.68,38.0,1677.26953125,1449.6351759172976
2026-07-18T13:22:56.787266+00:00,3833.0,41.0,98.4,38.0,1677.29296875,1449.9611254632473
2026-07-18T13:22:57.134016+00:00,3833.0,39.0,98.2,38.0,1677.29296875,1450.3078761473298
2026-07-18T13:22:57.497337+00:00,3833.0,40.0,97.99,38.0,1677.29296875,1450.6711965464056
2026-07-18T13:22:57.849124+00:00,3833.0,40.0,99.59,38.0,1677.29296875,1451.0229842551053
2026-07-18T13:22:58.171508+00:00,3833.0,40.0,99.89,38.0,1677.29296875,1451.3453667014837
2026-07-18T13:22:58.525115+00:00,3833.0,17.0,98.49,38.0,1677.296875,1451.6989744119346
2026-07-18T13:22:58.873521+00:00,3833.0,40.0,98.51,38.0,1677.296875,1452.0473805628717
2026-07-18T13:22:59.198714+00:00,3833.0,39.0,98.74,38.0,1677.296875,1452.372574325651
2026-07-18T13:22:59.549634+00:00,3833.0,38.0,100.31,38.0,1677.296875,1452.7234829813242
2026-07-18T13:22:59.909495+00:00,3833.0,39.0,100.06,38.0,1677.296875,1453.0833522416651
2026-07-18T13:23:00.235350+00:00,3833.0,39.0,99.37,38.0,1677.296875,1453.409210253507
2026-07-18T13:23:00.557474+00:00,3833.0,40.0,100.25,38.0,1677.296875,1453.7313339561224
2026-07-18T13:23:00.924155+00:00,3833.0,40.0,100.42,38.0,1677.296875,1454.0980137176812
2026-07-18T13:23:01.250380+00:00,3833.0,40.0,101.59,38.0,1677.296875,1454.4242397285998
2026-07-18T13:23:01.575621+00:00,3833.0,41.0,100.8,38.0,1677.296875,1454.7494811452925
2026-07-18T13:23:01.946815+00:00,3833.0,40.0,101.56,38.0,1677.296875,1455.1206733845174
2026-07-18T13:23:02.253092+00:00,3833.0,38.0,100.59,38.0,1677.296875,1455.4269509129226
2026-07-18T13:23:02.561981+00:00,3833.0,40.0,100.39,38.0,1677.296875,1455.7358404956758
2026-07-18T13:23:02.890007+00:00,3833.0,40.0,99.71,38.0,1677.296875,1456.063866354525
2026-07-18T13:23:03.195776+00:00,3833.0,40.0,100.35,38.0,1677.296875,1456.3696353845298
2026-07-18T13:23:03.545143+00:00,3833.0,40.0,100.39,38.0,1677.296875,1456.719002790749
2026-07-18T13:23:03.893498+00:00,3833.0,29.0,99.52,38.0,1677.30078125,1457.0673577338457
2026-07-18T13:23:04.218596+00:00,3833.0,39.0,99.53,38.0,1677.30078125,1457.3924551680684
2026-07-18T13:23:04.565200+00:00,3833.0,40.0,99.04,38.0,1677.30078125,1457.7390594780445
2026-07-18T13:23:04.890950+00:00,3833.0,40.0,100.28,38.0,1677.30078125,1458.0648044385016
2026-07-18T13:23:05.218837+00:00,3833.0,40.0,99.95,38.0,1677.30078125,1458.3926968425512
2026-07-18T13:23:05.545697+00:00,3833.0,39.0,99.82,38.0,1677.30078125,1458.7195572704077
2026-07-18T13:23:05.852693+00:00,3833.0,40.0,99.5,38.0,1677.30078125,1459.0265529304743
2026-07-18T13:23:06.178006+00:00,3833.0,40.0,100.05,38.0,1677.30078125,1459.351866044104
2026-07-18T13:23:06.501002+00:00,3833.0,40.0,101.21,38.0,1677.30078125,1459.6748623847961
2026-07-18T13:23:06.869524+00:00,3833.0,37.0,102.03,38.0,1677.30078125,1460.0433838292956
2026-07-18T13:23:07.240917+00:00,3833.0,40.0,102.24,38.0,1677.30078125,1460.4147756025195
2026-07-18T13:23:07.567705+00:00,3833.0,40.0,101.39,38.0,1677.30078125,1460.741564296186
2026-07-18T13:23:07.894857+00:00,3833.0,40.0,100.23,38.0,1677.30078125,1461.0687164887786
2026-07-18T13:23:08.262419+00:00,3833.0,40.0,99.96,38.0,1677.30078125,1461.4362781979144
2026-07-18T13:23:08.612839+00:00,3833.0,38.0,100.75,38.0,1677.30078125,1461.7866989783943
2026-07-18T13:23:08.918764+00:00,3833.0,41.0,102.15,38.0,1677.30078125,1462.0926240161061
2026-07-18T13:23:09.291287+00:00,3833.0,41.0,101.44,38.0,1677.30078125,1462.4651381522417
2026-07-18T13:23:09.619311+00:00,3833.0,37.0,100.25,38.0,1677.3046875,1462.7931703440845
2026-07-18T13:23:09.925218+00:00,3833.0,40.0,99.07,38.0,1677.3046875,1463.099078129977
2026-07-18T13:23:10.251741+00:00,3833.0,40.0,99.55,38.0,1677.3046875,1463.425600465387
2026-07-18T13:23:10.582289+00:00,3833.0,6.0,98.44,38.0,1677.30859375,1463.756148070097
2026-07-18T13:23:10.887205+00:00,3833.0,38.0,98.36,38.0,1677.30859375,1464.0610648989677
2026-07-18T13:23:11.210495+00:00,3833.0,40.0,98.7,38.0,1677.30859375,1464.3843545652926
2026-07-18T13:23:11.586512+00:00,3833.0,37.0,101.1,38.0,1677.30859375,1464.760371606797
2026-07-18T13:23:11.916441+00:00,3833.0,40.0,101.71,38.0,1677.30859375,1465.0903011597693
2026-07-18T13:23:12.261026+00:00,3833.0,40.0,100.75,38.0,1677.30859375,1465.4348856396973
2026-07-18T13:23:12.608941+00:00,3833.0,40.0,99.57,38.0,1677.30859375,1465.78280095011
2026-07-18T13:23:12.931711+00:00,3833.0,37.0,99.3,38.0,1677.30859375,1466.1055697202682
2026-07-18T13:23:13.259227+00:00,3833.0,41.0,99.78,38.0,1677.30859375,1466.4330873265862
2026-07-18T13:23:13.655954+00:00,3833.0,40.0,100.19,38.0,1677.30859375,1466.8298124969006
2026-07-18T13:23:13.963020+00:00,3833.0,40.0,99.98,38.0,1677.3125,1467.1368796005845
2026-07-18T13:23:14.309746+00:00,3833.0,40.0,100.21,38.0,1677.3125,1467.4836050979793
2026-07-18T13:23:14.637568+00:00,3833.0,40.0,100.29,38.0,1677.3125,1467.8114273138344
2026-07-18T13:23:14.981215+00:00,3833.0,40.0,100.18,38.0,1677.3125,1468.1550739258528
2026-07-18T13:23:15.303402+00:00,3833.0,40.0,99.55,38.0,1677.3125,1468.4772624000907
2026-07-18T13:23:15.630540+00:00,3833.0,40.0,99.55,38.0,1677.3125,1468.8043991737068
2026-07-18T13:23:15.958395+00:00,3833.0,40.0,99.84,38.0,1677.3125,1469.1322543434799
2026-07-18T13:23:16.334501+00:00,3833.0,40.0,100.92,38.0,1677.3125,1469.5083604417741
2026-07-18T13:23:16.661946+00:00,3833.0,40.0,100.63,38.0,1677.3125,1469.835805412382
2026-07-18T13:23:16.986997+00:00,3833.0,40.0,100.62,38.0,1677.3125,1470.1608563028276
2026-07-18T13:23:17.338310+00:00,3833.0,40.0,100.2,38.0,1677.3125,1470.5121695362031
2026-07-18T13:23:17.713622+00:00,3833.0,40.0,100.36,38.0,1677.3125,1470.887481663376
2026-07-18T13:23:18.039059+00:00,3833.0,40.0,100.65,38.0,1677.31640625,1471.2129193507135
2026-07-18T13:23:18.366761+00:00,3833.0,40.0,100.66,38.0,1677.31640625,1471.5406212769449
2026-07-18T13:23:18.786340+00:00,3833.0,14.0,100.16,38.0,1677.3203125,1471.9601982459426
2026-07-18T13:23:19.135038+00:00,3833.0,36.0,99.96,38.0,1677.3203125,1472.3088984154165
2026-07-18T13:23:19.459010+00:00,3833.0,40.0,99.37,38.0,1677.3203125,1472.6328692249954
2026-07-18T13:23:19.763627+00:00,3833.0,39.0,99.81,38.0,1677.3203125,1472.9374869391322
2026-07-18T13:23:20.111644+00:00,3833.0,40.0,98.93,38.0,1677.3203125,1473.2855036258698
2026-07-18T13:23:20.457529+00:00,3833.0,40.0,99.73,38.0,1677.3203125,1473.6313885338604
2026-07-18T13:23:20.787140+00:00,3833.0,40.0,100.21,38.0,1677.3203125,1473.9609993584454
2026-07-18T13:23:21.157124+00:00,3833.0,40.0,101.26,38.0,1677.32421875,1474.3309838101268
2026-07-18T13:23:21.462178+00:00,3833.0,5.0,99.0,38.0,1677.33203125,1474.636037491262
2026-07-18T13:23:21.786875+00:00,3833.0,40.0,98.83,38.0,1677.3359375,1474.9607342295349
2026-07-18T13:23:22.157416+00:00,3833.0,39.0,98.77,38.0,1677.33984375,1475.3312751986086
2026-07-18T13:23:22.483389+00:00,3833.0,40.0,99.96,38.0,1677.33984375,1475.657248351723
2026-07-18T13:23:22.852974+00:00,3833.0,39.0,100.3,38.0,1677.33984375,1476.0268333405256
2026-07-18T13:23:23.197435+00:00,3833.0,7.0,97.75,38.0,1677.41796875,1476.3712941110134
2026-07-18T13:23:23.556973+00:00,3833.0,36.0,97.76,38.0,1677.421875,1476.7308314442635
2026-07-18T13:23:23.913432+00:00,3833.0,39.0,97.12,38.0,1677.421875,1477.0872917696834
2026-07-18T13:23:24.219718+00:00,3833.0,40.0,99.26,38.0,1677.42578125,1477.3935779333115
2026-07-18T13:23:24.525101+00:00,3833.0,40.0,99.88,38.0,1677.42578125,1477.698960710317
2026-07-18T13:23:24.851725+00:00,3833.0,40.0,100.53,38.0,1677.42578125,1478.0255840867758
2026-07-18T13:23:25.174545+00:00,3833.0,40.0,100.84,38.0,1677.42578125,1478.3484054803848
2026-07-18T13:23:25.501965+00:00,3833.0,39.0,100.29,38.0,1677.42578125,1478.6758241653442
2026-07-18T13:23:25.852661+00:00,3833.0,39.0,99.97,38.0,1677.42578125,1479.0265207663178
2026-07-18T13:23:26.225667+00:00,3833.0,38.0,100.18,38.0,1677.42578125,1479.3995266593993
2026-07-18T13:23:26.561920+00:00,3833.0,25.0,98.87,38.0,1677.43359375,1479.735778812319
2026-07-18T13:23:26.913904+00:00,3833.0,37.0,97.97,38.0,1677.43359375,1480.0877633616328
2026-07-18T13:23:27.264822+00:00,3833.0,36.0,97.44,38.0,1677.4921875,1480.4386811479926
2026-07-18T13:23:27.569989+00:00,3833.0,38.0,99.5,38.0,1677.49609375,1480.743848707527
2026-07-18T13:23:27.921626+00:00,3833.0,37.0,99.64,38.0,1677.49609375,1481.095484431833
2026-07-18T13:23:28.256417+00:00,3833.0,39.0,99.5,38.0,1677.49609375,1481.4302768297493
2026-07-18T13:23:28.625147+00:00,3833.0,33.0,98.09,38.0,1677.5,1481.7990062646568
2026-07-18T13:23:28.997241+00:00,3833.0,40.0,98.89,38.0,1677.5,1482.1711004599929
2026-07-18T13:23:29.349146+00:00,3833.0,37.0,98.72,38.0,1677.50390625,1482.5230052396655
2026-07-18T13:23:29.692644+00:00,3833.0,36.0,100.8,38.0,1677.5078125,1482.8665040619671
2026-07-18T13:23:30.053116+00:00,3833.0,39.0,99.51,38.0,1677.51171875,1483.2269753441215
2026-07-18T13:23:30.458433+00:00,3833.0,40.0,99.85,38.0,1677.515625,1483.632291506976
2026-07-18T13:23:30.794660+00:00,3833.0,38.0,98.59,38.0,1677.51953125,1483.968519527465
2026-07-18T13:23:31.169628+00:00,3833.0,36.0,99.03,38.0,1677.51953125,1484.3434868045151
2026-07-18T13:23:31.538622+00:00,3833.0,38.0,100.7,38.0,1677.52734375,1484.7124813944101
2026-07-18T13:23:31.885522+00:00,3833.0,36.0,100.57,38.0,1677.52734375,1485.0593801103532
2026-07-18T13:23:32.237845+00:00,3833.0,39.0,100.16,38.0,1677.53515625,1485.4117042273283
2026-07-18T13:23:32.609081+00:00,3833.0,37.0,99.87,38.0,1677.53515625,1485.7829406633973
2026-07-18T13:23:32.937534+00:00,3833.0,17.0,98.01,38.0,1677.5390625,1486.111392132938
2026-07-18T13:23:33.247123+00:00,3833.0,40.0,97.78,38.0,1677.5390625,1486.4209832027555
2026-07-18T13:23:33.574715+00:00,3833.0,39.0,97.56,38.0,1677.5390625,1486.7485748305917
2026-07-18T13:23:33.951104+00:00,3833.0,38.0,100.27,38.0,1677.54296875,1487.124963991344
2026-07-18T13:23:34.321238+00:00,3833.0,38.0,101.21,38.0,1677.546875,1487.495096720755
2026-07-18T13:23:34.642848+00:00,3833.0,39.0,101.49,38.0,1677.546875,1487.8167073577642
2026-07-18T13:23:34.971263+00:00,3833.0,35.0,98.88,38.0,1677.546875,1488.1451223120093
2026-07-18T13:23:35.319885+00:00,3833.0,38.0,98.72,38.0,1677.546875,1488.493743173778
2026-07-18T13:23:35.653812+00:00,3833.0,39.0,98.45,38.0,1677.546875,1488.8276718482375
2026-07-18T13:23:35.986814+00:00,3833.0,38.0,99.26,38.0,1677.546875,1489.1606717817485
2026-07-18T13:23:36.352774+00:00,3833.0,37.0,99.1,38.0,1677.546875,1489.5266334079206
2026-07-18T13:23:36.727301+00:00,3833.0,39.0,99.78,38.0,1677.5546875,1489.9011601805687
2026-07-18T13:23:37.183307+00:00,3833.0,39.0,99.89,38.0,1677.5625,1490.3571657836437
2026-07-18T13:23:37.509927+00:00,3833.0,39.0,97.46,38.0,1677.5625,1490.6837856024504
2026-07-18T13:23:37.885091+00:00,3833.0,39.0,98.06,38.0,1677.5625,1491.0589499212801
2026-07-18T13:23:38.239195+00:00,3833.0,39.0,101.54,38.0,1677.5625,1491.4130542352796
2026-07-18T13:23:38.544283+00:00,3833.0,39.0,101.19,38.0,1677.5625,1491.7181428819895
2026-07-18T13:23:38.941487+00:00,3833.0,38.0,99.79,38.0,1677.56640625,1492.1153447963297
2026-07-18T13:23:39.321208+00:00,3833.0,38.0,98.74,38.0,1677.56640625,1492.4950668029487
2026-07-18T13:23:39.664380+00:00,3833.0,39.0,98.16,38.0,1677.56640625,1492.838238477707
2026-07-18T13:23:40.012596+00:00,3833.0,37.0,100.4,38.0,1677.56640625,1493.1864543147385
2026-07-18T13:23:40.317389+00:00,3833.0,38.0,100.38,38.0,1677.56640625,1493.491248022765
2026-07-18T13:23:40.622499+00:00,3833.0,40.0,100.36,38.0,1677.56640625,1493.7963590696454
2026-07-18T13:23:40.927866+00:00,3833.0,36.0,100.43,38.0,1677.56640625,1494.1017252244055
2026-07-18T13:23:41.301523+00:00,3833.0,38.0,100.25,38.0,1677.56640625,1494.4753827899694
2026-07-18T13:23:41.675054+00:00,3833.0,37.0,101.07,38.0,1677.56640625,1494.8489132635295
2026-07-18T13:23:42.008202+00:00,3833.0,35.0,100.32,38.0,1677.56640625,1495.1820612698793
2026-07-18T13:23:42.359255+00:00,3833.0,39.0,100.26,38.0,1677.56640625,1495.533114619553
2026-07-18T13:23:42.728443+00:00,3833.0,40.0,99.95,38.0,1677.56640625,1495.9023016877472
2026-07-18T13:23:43.073855+00:00,3833.0,40.0,100.46,38.0,1677.56640625,1496.2477154806256
2026-07-18T13:23:43.405684+00:00,3833.0,31.0,98.69,38.0,1677.5703125,1496.5795431025326
2026-07-18T13:23:43.773558+00:00,3833.0,38.0,98.79,38.0,1677.5703125,1496.9474170282483
2026-07-18T13:23:44.121151+00:00,3833.0,38.0,98.52,38.0,1677.5703125,1497.2950101979077
2026-07-18T13:23:44.451051+00:00,3833.0,40.0,99.78,38.0,1677.5703125,1497.624910928309
2026-07-18T13:23:44.778816+00:00,3833.0,38.0,99.3,38.0,1677.5703125,1497.9526750966907
2026-07-18T13:23:45.185590+00:00,3833.0,1.0,98.29,38.0,1677.57421875,1498.3594489619136
2026-07-18T13:23:45.558707+00:00,3833.0,38.0,98.3,38.0,1677.57421875,1498.7325654104352
2026-07-18T13:23:45.937422+00:00,3833.0,36.0,98.43,38.0,1677.57421875,1499.1112803071737
2026-07-18T13:23:46.269132+00:00,3833.0,38.0,99.75,38.0,1677.57421875,1499.4429910629988
2026-07-18T13:23:46.594631+00:00,3833.0,38.0,99.49,38.0,1677.57421875,1499.7684909179807
2026-07-18T13:23:46.927645+00:00,3833.0,40.0,98.55,38.0,1677.57421875,1500.1015040390193
2026-07-18T13:23:47.273511+00:00,3833.0,39.0,98.95,38.0,1677.57421875,1500.4473709873855
2026-07-18T13:23:47.605990+00:00,3833.0,39.0,100.75,38.0,1677.57421875,1500.7798491679132
2026-07-18T13:23:47.953432+00:00,3833.0,39.0,101.32,38.0,1677.57421875,1501.1272922456264
2026-07-18T13:23:48.329084+00:00,3833.0,37.0,101.43,38.0,1677.57421875,1501.5029427818954
2026-07-18T13:23:48.655410+00:00,3833.0,39.0,100.87,38.0,1677.57421875,1501.8292691744864
2026-07-18T13:23:49.010055+00:00,3833.0,36.0,100.47,38.0,1677.57421875,1502.183914102614
2026-07-18T13:23:49.341116+00:00,3833.0,39.0,100.5,38.0,1677.57421875,1502.5149750187993
2026-07-18T13:23:49.713454+00:00,3833.0,38.0,100.54,38.0,1677.57421875,1502.8873136229813
2026-07-18T13:23:50.070192+00:00,3833.0,35.0,100.01,38.0,1677.57421875,1503.244051169604
2026-07-18T13:23:50.399069+00:00,3833.0,32.0,98.49,38.0,1677.578125,1503.5729272067547
2026-07-18T13:23:50.772910+00:00,3833.0,39.0,98.42,38.0,1677.578125,1503.9467696733773
2026-07-18T13:23:51.099187+00:00,3833.0,41.0,98.85,38.0,1677.578125,1504.2730465196073
2026-07-18T13:23:51.473176+00:00,3833.0,38.0,100.64,38.0,1677.578125,1504.647035319358
2026-07-18T13:23:51.799935+00:00,3833.0,40.0,101.26,38.0,1677.578125,1504.973794490099
2026-07-18T13:23:52.184321+00:00,3833.0,39.0,101.07,38.0,1677.578125,1505.3581798002124
2026-07-18T13:23:52.513746+00:00,3833.0,37.0,101.65,38.0,1677.578125,1505.6876054480672
2026-07-18T13:23:52.839777+00:00,3833.0,39.0,100.31,38.0,1677.578125,1506.0136359483004
2026-07-18T13:23:53.193130+00:00,3833.0,40.0,101.1,38.0,1677.578125,1506.3669887669384
2026-07-18T13:23:53.541240+00:00,3833.0,38.0,100.71,38.0,1677.578125,1506.715099144727
2026-07-18T13:23:53.916617+00:00,3833.0,36.0,101.37,38.0,1677.578125,1507.0904766917229
2026-07-18T13:23:54.289903+00:00,3833.0,34.0,99.65,38.0,1677.578125,1507.4637616164982
2026-07-18T13:23:54.623752+00:00,3833.0,38.0,100.24,38.0,1677.578125,1507.7976116351783
2026-07-18T13:23:54.951050+00:00,3833.0,40.0,100.57,38.0,1677.578125,1508.1249089241028
2026-07-18T13:23:55.287266+00:00,3833.0,39.0,100.95,38.0,1677.578125,1508.4611262641847
2026-07-18T13:23:55.595023+00:00,3833.0,37.0,100.74,38.0,1677.578125,1508.7688818089664
2026-07-18T13:23:56.053103+00:00,3833.0,14.0,98.4,38.0,1677.58203125,1509.2269606776536
2026-07-18T13:23:56.379296+00:00,3833.0,33.0,98.62,38.0,1677.58203125,1509.5531556904316
2026-07-18T13:23:56.722339+00:00,3833.0,37.0,98.18,38.0,1677.58203125,1509.8961978182197
2026-07-18T13:23:57.099573+00:00,3833.0,37.0,100.04,38.0,1677.58203125,1510.2734323106706
2026-07-18T13:23:57.453428+00:00,3833.0,36.0,100.12,38.0,1677.734375,1510.627285119146
2026-07-18T13:23:57.783658+00:00,3833.0,39.0,101.35,38.0,1677.734375,1510.957516465336
2026-07-18T13:23:58.111259+00:00,3833.0,39.0,100.99,38.0,1677.734375,1511.2851180806756
2026-07-18T13:23:58.439386+00:00,3833.0,36.0,100.93,38.0,1677.734375,1511.6132445298135
2026-07-18T13:23:58.809559+00:00,3833.0,39.0,100.22,38.0,1677.734375,1511.9834177196026
2026-07-18T13:23:59.144442+00:00,3833.0,38.0,99.87,38.0,1677.734375,1512.3183013424277
2026-07-18T13:23:59.501464+00:00,3833.0,40.0,100.36,38.0,1677.734375,1512.6753219999373
2026-07-18T13:23:59.831135+00:00,3833.0,39.0,99.24,38.0,1677.734375,1513.0049931183457
2026-07-18T13:24:00.160114+00:00,3833.0,37.0,100.11,38.0,1677.734375,1513.3339727520943
2026-07-18T13:24:00.486548+00:00,3833.0,40.0,99.82,38.0,1677.734375,1513.6604073271155
2026-07-18T13:24:00.835609+00:00,3833.0,39.0,100.63,38.0,1677.734375,1514.0094682984054
2026-07-18T13:24:01.209744+00:00,3833.0,40.0,100.81,38.0,1677.734375,1514.383603502065
2026-07-18T13:24:01.561759+00:00,3833.0,39.0,102.33,38.0,1677.734375,1514.7356182187796
2026-07-18T13:24:01.942255+00:00,3833.0,38.0,100.6,38.0,1678.19921875,1515.1161132790148
2026-07-18T13:24:02.316404+00:00,3833.0,39.0,99.37,38.0,1678.19921875,1515.4902618713677
2026-07-18T13:24:02.661650+00:00,3833.0,39.0,97.72,38.0,1678.19921875,1515.8355091661215
2026-07-18T13:24:02.991619+00:00,3833.0,38.0,98.89,38.0,1678.19921875,1516.1654778756201
2026-07-18T13:24:03.298089+00:00,3833.0,39.0,99.31,38.0,1678.19921875,1516.4719488099217
2026-07-18T13:24:03.604326+00:00,3833.0,40.0,99.59,38.0,1678.19921875,1516.7781859524548
2026-07-18T13:24:03.917831+00:00,3833.0,37.0,99.59,38.0,1678.19921875,1517.091690286994
2026-07-18T13:24:04.247220+00:00,3833.0,27.0,98.29,38.0,1678.22265625,1517.4210791103542
2026-07-18T13:24:04.622196+00:00,3833.0,37.0,99.01,38.0,1678.22265625,1517.7960445284843
2026-07-18T13:24:04.975969+00:00,3833.0,39.0,99.92,38.0,1678.22265625,1518.1498287282884
2026-07-18T13:24:05.325720+00:00,3833.0,39.0,100.82,38.0,1678.22265625,1518.4995788298547
2026-07-18T13:24:05.698533+00:00,3833.0,39.0,99.8,38.0,1678.22265625,1518.8723918311298
2026-07-18T13:24:06.027924+00:00,3833.0,39.0,100.44,38.0,1678.22265625,1519.2017827816308
2026-07-18T13:24:06.401463+00:00,3833.0,6.0,100.21,38.0,1678.2421875,1519.575316581875
2026-07-18T13:24:06.773116+00:00,3833.0,37.0,100.29,38.0,1678.2421875,1519.9469744227827
2026-07-18T13:24:07.103173+00:00,3833.0,40.0,99.72,38.0,1678.2421875,1520.277030646801
2026-07-18T13:24:07.457029+00:00,3833.0,40.0,101.03,38.0,1678.2421875,1520.6308875344694
2026-07-18T13:24:07.785895+00:00,3833.0,41.0,100.56,38.0,1678.2421875,1520.9597550071776
2026-07-18T13:24:08.092222+00:00,3833.0,41.0,99.96,38.0,1678.2421875,1521.2660816311836
2026-07-18T13:24:08.425395+00:00,3833.0,40.0,99.97,38.0,1678.2421875,1521.5992538928986
2026-07-18T13:24:08.773294+00:00,3833.0,41.0,100.9,38.0,1678.2421875,1521.9471532665193
2026-07-18T13:24:09.099927+00:00,3833.0,41.0,101.83,38.0,1678.2421875,1522.273787662387
2026-07-18T13:24:09.449359+00:00,3833.0,39.0,102.02,38.0,1678.2421875,1522.6232178136706
2026-07-18T13:24:09.801118+00:00,3833.0,39.0,101.55,38.0,1678.2421875,1522.9749766737223
2026-07-18T13:24:10.125742+00:00,3833.0,40.0,100.98,38.0,1678.2421875,1523.2996016219258
2026-07-18T13:24:10.451051+00:00,3833.0,40.0,100.61,38.0,1678.2421875,1523.6249096728861
2026-07-18T13:24:10.757672+00:00,3833.0,41.0,101.67,38.0,1678.2421875,1523.931532111019
2026-07-18T13:24:11.128951+00:00,3833.0,41.0,102.11,38.0,1678.2421875,1524.3028107434511
2026-07-18T13:24:11.455333+00:00,3833.0,40.0,103.43,38.0,1678.2421875,1524.6291930787265
2026-07-18T13:24:11.891761+00:00,3833.0,41.0,103.27,38.0,1678.2421875,1525.0656202696264
2026-07-18T13:24:12.222517+00:00,3833.0,40.0,100.39,38.0,1678.26953125,1525.396376259625
2026-07-18T13:24:12.530601+00:00,3833.0,39.0,98.93,38.0,1678.26953125,1525.7044593803585
2026-07-18T13:24:12.859135+00:00,3833.0,40.0,98.11,38.0,1678.26953125,1526.0329950228333
2026-07-18T13:24:13.213687+00:00,3833.0,38.0,100.0,38.0,1678.26953125,1526.3875472582877
2026-07-18T13:24:13.543400+00:00,3833.0,39.0,98.47,38.0,1678.2890625,1526.7172592803836
2026-07-18T13:24:13.892407+00:00,3833.0,40.0,99.02,38.0,1678.2890625,1527.0662664435804
2026-07-18T13:24:14.330682+00:00,3833.0,40.0,98.88,38.0,1678.2890625,1527.5045406743884
2026-07-18T13:24:14.638189+00:00,3833.0,39.0,98.75,38.0,1678.3046875,1527.8120476305485
2026-07-18T13:24:15.013571+00:00,3833.0,40.0,98.57,38.0,1678.3046875,1528.187430653721
2026-07-18T13:24:15.342979+00:00,3833.0,40.0,99.76,38.0,1678.3046875,1528.5168382376432
2026-07-18T13:24:15.700093+00:00,3833.0,41.0,101.56,38.0,1678.3046875,1528.87392083928
2026-07-18T13:24:16.008031+00:00,3833.0,31.0,99.36,38.0,1678.3203125,1529.1818903498352
2026-07-18T13:24:16.334415+00:00,3833.0,40.0,99.61,38.0,1678.3203125,1529.508273974061
2026-07-18T13:24:16.640903+00:00,3833.0,40.0,99.62,38.0,1678.3203125,1529.8147621005774
2026-07-18T13:24:17.013198+00:00,3833.0,40.0,101.39,38.0,1678.3203125,1530.1870565339923
2026-07-18T13:24:17.318792+00:00,3833.0,40.0,99.61,38.0,1678.3359375,1530.4926509261131
2026-07-18T13:24:17.647270+00:00,3833.0,39.0,99.11,38.0,1678.3359375,1530.8211295753717
2026-07-18T13:24:17.993876+00:00,3833.0,39.0,98.17,38.0,1678.3359375,1531.16773468256
2026-07-18T13:24:18.323690+00:00,3833.0,39.0,99.49,38.0,1678.3359375,1531.497548982501
2026-07-18T13:24:18.669361+00:00,3833.0,39.0,99.04,38.0,1678.3359375,1531.843219190836
2026-07-18T13:24:19.021710+00:00,3833.0,40.0,100.25,38.0,1678.3359375,1532.19556902349
2026-07-18T13:24:19.372857+00:00,3833.0,14.0,98.84,38.0,1678.35546875,1532.5467155240476
2026-07-18T13:24:19.749529+00:00,3833.0,39.0,98.66,38.0,1678.35546875,1532.9233876988292
2026-07-18T13:24:20.124878+00:00,3833.0,36.0,98.52,38.0,1678.35546875,1533.2987372092903
2026-07-18T13:24:20.454724+00:00,3833.0,40.0,100.61,38.0,1678.35546875,1533.6285838671029
2026-07-18T13:24:20.783092+00:00,3833.0,40.0,100.65,38.0,1678.35546875,1533.9569520503283
2026-07-18T13:24:21.152980+00:00,3833.0,40.0,100.92,38.0,1678.35546875,1534.3268400281668
2026-07-18T13:24:21.516707+00:00,3833.0,40.0,101.29,38.0,1678.35546875,1534.6905674859881
2026-07-18T13:24:21.842978+00:00,3833.0,38.0,101.19,38.0,1678.35546875,1535.0168379284441
2026-07-18T13:24:22.213984+00:00,3833.0,40.0,101.14,38.0,1678.35546875,1535.3878432363272
2026-07-18T13:24:22.559969+00:00,3833.0,40.0,100.37,38.0,1678.35546875,1535.7338286153972
2026-07-18T13:24:22.898396+00:00,3833.0,25.0,98.93,38.0,1678.375,1536.0722547248006
2026-07-18T13:24:23.269422+00:00,3833.0,40.0,97.94,38.0,1678.375,1536.443281546235
2026-07-18T13:24:23.620576+00:00,3833.0,34.0,98.62,38.0,1678.375,1536.7944347336888
2026-07-18T13:24:23.969227+00:00,3833.0,40.0,99.59,38.0,1678.375,1537.143087103963
2026-07-18T13:24:24.345296+00:00,3833.0,40.0,99.93,38.0,1678.375,1537.5191550403833
2026-07-18T13:24:24.721306+00:00,3833.0,37.0,100.68,38.0,1678.375,1537.8951656967402
2026-07-18T13:24:25.086750+00:00,3833.0,40.0,100.74,38.0,1678.375,1538.2606102898717
2026-07-18T13:24:25.439081+00:00,3833.0,32.0,100.39,38.0,1678.375,1538.6129404716194
2026-07-18T13:24:25.789468+00:00,3833.0,16.0,98.49,38.0,1678.3984375,1538.9633270688355
2026-07-18T13:24:26.118852+00:00,3833.0,40.0,98.32,38.0,1678.3984375,1539.292711302638
2026-07-18T13:24:26.424692+00:00,3833.0,40.0,98.24,38.0,1678.3984375,1539.5985515676439
2026-07-18T13:24:26.777396+00:00,3833.0,40.0,100.4,38.0,1678.3984375,1539.951255429536
2026-07-18T13:24:27.107354+00:00,3833.0,40.0,101.21,38.0,1678.3984375,1540.28121329844
2026-07-18T13:24:27.413661+00:00,3833.0,39.0,102.0,38.0,1678.3984375,1540.587521377951
2026-07-18T13:24:27.719215+00:00,3833.0,14.0,99.43,38.0,1678.41796875,1540.893074594438
2026-07-18T13:24:28.046543+00:00,3833.0,39.0,99.08,38.0,1678.41796875,1541.2204023823142
2026-07-18T13:24:28.380351+00:00,3833.0,40.0,98.88,38.0,1678.41796875,1541.5542089678347
2026-07-18T13:24:28.730134+00:00,3833.0,40.0,100.81,38.0,1678.41796875,1541.9039934836328
2026-07-18T13:24:29.058433+00:00,3833.0,40.0,100.95,38.0,1678.41796875,1542.2322927191854
2026-07-18T13:24:29.408653+00:00,3833.0,40.0,100.85,38.0,1678.41796875,1542.5825132392347
2026-07-18T13:24:29.744822+00:00,3833.0,10.0,99.29,38.0,1678.43359375,1542.9186807647347
2026-07-18T13:24:30.091248+00:00,3833.0,39.0,100.15,38.0,1678.43359375,1543.2651071101427
2026-07-18T13:24:30.421091+00:00,3833.0,40.0,100.74,38.0,1678.43359375,1543.5949507914484
2026-07-18T13:24:30.789604+00:00,3833.0,39.0,102.15,38.0,1678.43359375,1543.963463101536
2026-07-18T13:24:31.165094+00:00,3833.0,40.0,100.75,38.0,1678.43359375,1544.3389528729022
2026-07-18T13:24:31.487454+00:00,3833.0,40.0,100.92,38.0,1678.43359375,1544.6613127365708
2026-07-18T13:24:31.812555+00:00,3833.0,40.0,100.36,38.0,1678.43359375,1544.9864146374166
2026-07-18T13:24:32.161378+00:00,3833.0,40.0,101.89,38.0,1678.43359375,1545.3352379910648
2026-07-18T13:24:32.491088+00:00,3833.0,41.0,102.13,38.0,1678.43359375,1545.664947848767
2026-07-18T13:24:32.837013+00:00,3833.0,40.0,102.98,38.0,1678.43359375,1546.0108723789454
2026-07-18T13:24:33.142695+00:00,3833.0,40.0,101.75,38.0,1678.43359375,1546.3165544606745
2026-07-18T13:24:33.470825+00:00,3833.0,39.0,100.61,38.0,1678.43359375,1546.6446852907538
2026-07-18T13:24:33.821245+00:00,3833.0,33.0,100.41,38.0,1678.43359375,1546.995103288442
2026-07-18T13:24:34.151254+00:00,3833.0,41.0,100.1,38.0,1678.43359375,1547.3251131623983
2026-07-18T13:24:34.548157+00:00,3833.0,4.0,99.64,38.0,1678.46484375,1547.7220154702663
2026-07-18T13:24:34.853465+00:00,3833.0,40.0,99.11,38.0,1678.46484375,1548.0273248814046
2026-07-18T13:24:35.157605+00:00,3833.0,40.0,99.06,38.0,1678.46484375,1548.3314646482468
2026-07-18T13:24:35.480379+00:00,3833.0,40.0,99.24,38.0,1678.47265625,1548.6542393900454
2026-07-18T13:24:35.787879+00:00,3833.0,40.0,99.97,38.0,1678.47265625,1548.9617382623255
2026-07-18T13:24:36.115549+00:00,3833.0,40.0,99.8,38.0,1678.4765625,1549.289408441633
2026-07-18T13:24:36.443281+00:00,3833.0,40.0,100.43,38.0,1678.4765625,1549.617140199989
2026-07-18T13:24:36.812644+00:00,3833.0,40.0,101.75,38.0,1678.4765625,1549.986501839012
2026-07-18T13:24:37.161953+00:00,3833.0,40.0,102.15,38.0,1678.4765625,1550.3358119949698
2026-07-18T13:24:37.491710+00:00,3833.0,41.0,102.03,38.0,1678.48046875,1550.6655699573457
2026-07-18T13:24:37.814844+00:00,3833.0,40.0,101.18,38.0,1678.48046875,1550.9887042455375
2026-07-18T13:24:38.164775+00:00,3833.0,39.0,100.59,38.0,1678.48046875,1551.3386347293854
2026-07-18T13:24:38.513927+00:00,3833.0,41.0,99.97,38.0,1678.48046875,1551.687786307186
2026-07-18T13:24:38.838457+00:00,3833.0,41.0,99.92,38.0,1678.48046875,1552.0123171135783
2026-07-18T13:24:39.213450+00:00,3833.0,40.0,100.71,38.0,1678.484375,1552.3873096965253
2026-07-18T13:24:39.542621+00:00,3833.0,38.0,100.99,38.0,1678.484375,1552.7164799049497
2026-07-18T13:24:39.870825+00:00,3833.0,38.0,100.71,38.0,1678.48828125,1553.0446839369833
2026-07-18T13:24:40.201880+00:00,3833.0,26.0,99.97,38.0,1678.515625,1553.3757391497493
2026-07-18T13:24:40.572813+00:00,3833.0,38.0,100.1,38.0,1678.515625,1553.7466726489365
2026-07-18T13:24:40.924910+00:00,3833.0,37.0,100.25,38.0,1678.515625,1554.0987693034112
2026-07-18T13:24:41.232620+00:00,3833.0,40.0,100.19,38.0,1678.515625,1554.4064800068736
2026-07-18T13:24:41.539007+00:00,3833.0,40.0,100.96,38.0,1678.51953125,1554.7128671631217
2026-07-18T13:24:41.894557+00:00,3833.0,31.0,99.38,38.0,1678.546875,1555.0684157013893
2026-07-18T13:24:42.217807+00:00,3833.0,40.0,99.5,38.0,1678.546875,1555.3916666656733
2026-07-18T13:24:42.546498+00:00,3833.0,40.0,98.1,38.0,1678.55078125,1555.7203579992056
2026-07-18T13:24:42.897638+00:00,3833.0,41.0,99.42,38.0,1678.55078125,1556.0714979432523
2026-07-18T13:24:43.245436+00:00,3833.0,40.0,99.62,38.0,1678.55078125,1556.4192955754697
2026-07-18T13:24:43.594359+00:00,3833.0,38.0,100.55,38.0,1678.55078125,1556.7682186439633
2026-07-18T13:24:43.969200+00:00,3833.0,40.0,100.81,38.0,1678.55078125,1557.1430599987507
2026-07-18T13:24:44.321748+00:00,3833.0,37.0,100.05,38.0,1678.55078125,1557.495607111603
2026-07-18T13:24:44.651198+00:00,3833.0,39.0,98.56,38.0,1678.578125,1557.8250560760498
2026-07-18T13:24:44.978322+00:00,3833.0,40.0,98.47,38.0,1678.578125,1558.1521813496947
2026-07-18T13:24:45.348866+00:00,3833.0,40.0,98.48,38.0,1678.58203125,1558.5227260366082
2026-07-18T13:24:45.724329+00:00,3833.0,40.0,98.76,38.0,1678.59765625,1558.8981884382665
2026-07-18T13:24:46.069290+00:00,3833.0,40.0,98.5,38.0,1678.59765625,1559.2431498840451
2026-07-18T13:24:46.399681+00:00,3833.0,40.0,99.87,38.0,1678.6015625,1559.5735397227108
2026-07-18T13:24:46.747642+00:00,3833.0,38.0,100.71,38.0,1678.6015625,1559.9215014390647
2026-07-18T13:24:47.117158+00:00,3833.0,40.0,101.02,38.0,1678.60546875,1560.291017189622
2026-07-18T13:24:47.426641+00:00,3833.0,40.0,100.14,38.0,1678.61328125,1560.6005001366138
2026-07-18T13:24:47.796838+00:00,3833.0,40.0,101.12,38.0,1678.61328125,1560.9706973694265
2026-07-18T13:24:48.126790+00:00,3833.0,40.0,100.48,38.0,1678.6171875,1561.3006497398019
2026-07-18T13:24:48.492161+00:00,3833.0,19.0,99.15,38.0,1678.6484375,1561.6660201177
2026-07-18T13:24:48.836993+00:00,3833.0,40.0,99.19,38.0,1678.6484375,1562.01085293293
2026-07-18T13:24:49.167409+00:00,3833.0,40.0,99.19,38.0,1678.6484375,1562.3412680663168
2026-07-18T13:24:49.513473+00:00,3833.0,40.0,100.01,38.0,1678.65625,1562.687332816422
2026-07-18T13:24:49.861355+00:00,3833.0,39.0,99.79,38.0,1678.65625,1563.0352144353092
2026-07-18T13:24:50.167434+00:00,3833.0,40.0,99.98,38.0,1678.6640625,1563.341294143349
2026-07-18T13:24:50.513154+00:00,3833.0,40.0,100.3,38.0,1678.6640625,1563.687014568597
2026-07-18T13:24:50.842634+00:00,3833.0,39.0,100.14,38.0,1678.6640625,1564.016493845731
2026-07-18T13:24:51.171987+00:00,3833.0,40.0,100.18,38.0,1678.66796875,1564.3458463735878
2026-07-18T13:24:51.499078+00:00,3833.0,40.0,101.55,38.0,1678.66796875,1564.6729378663003
2026-07-18T13:24:51.844653+00:00,3833.0,37.0,101.6,38.0,1678.6796875,1565.0185125246644
2026-07-18T13:24:52.217458+00:00,3833.0,39.0,100.33,38.0,1678.70703125,1565.391316678375
2026-07-18T13:24:52.547109+00:00,3833.0,40.0,99.33,38.0,1678.70703125,1565.720968682319
2026-07-18T13:24:52.875026+00:00,3833.0,40.0,99.09,38.0,1678.71484375,1566.0488857366145
2026-07-18T13:24:53.203479+00:00,3833.0,40.0,100.68,38.0,1678.71875,1566.3773382790387
2026-07-18T13:24:53.526860+00:00,3833.0,40.0,100.2,38.0,1678.72265625,1566.7007188983262
2026-07-18T13:24:53.876806+00:00,3833.0,40.0,100.0,38.0,1678.7265625,1567.0506650917232
2026-07-18T13:24:54.207508+00:00,3833.0,40.0,100.52,38.0,1678.73046875,1567.3813674524426
2026-07-18T13:24:54.535024+00:00,3833.0,40.0,101.28,38.0,1678.96484375,1567.7088828161359
2026-07-18T13:24:54.964398+00:00,3833.0,38.0,100.49,38.0,1678.97265625,1568.1382558383048
2026-07-18T13:24:55.294061+00:00,3833.0,41.0,98.46,38.0,1678.97265625,1568.4679204560816
2026-07-18T13:24:55.621988+00:00,3833.0,41.0,98.43,38.0,1678.97265625,1568.7958477325737
2026-07-18T13:24:55.949477+00:00,3833.0,41.0,100.44,38.0,1678.97265625,1569.1233364716172
2026-07-18T13:24:56.304736+00:00,3833.0,41.0,101.08,38.0,1678.97265625,1569.478595200926
2026-07-18T13:24:56.674222+00:00,3833.0,41.0,101.61,38.0,1678.97265625,1569.8480821587145
2026-07-18T13:24:57.002703+00:00,3833.0,7.0,99.83,38.0,1679.0,1570.1765620298684
2026-07-18T13:24:57.310044+00:00,3833.0,37.0,99.49,38.0,1679.0,1570.4839035496116
2026-07-18T13:24:57.684636+00:00,3833.0,40.0,99.43,38.0,1679.0,1570.8584958799183
2026-07-18T13:24:58.025203+00:00,3833.0,40.0,101.22,38.0,1679.0,1571.1990623436868
2026-07-18T13:24:58.401355+00:00,3833.0,40.0,102.21,38.0,1679.0,1571.5752144008875
2026-07-18T13:24:58.775260+00:00,3833.0,39.0,102.55,38.0,1679.0,1571.949119284749
2026-07-18T13:24:59.121008+00:00,3833.0,40.0,102.31,38.0,1679.0,1572.2948680780828
2026-07-18T13:24:59.427149+00:00,3833.0,41.0,101.21,38.0,1679.0,1572.6010085493326
2026-07-18T13:24:59.776793+00:00,3833.0,41.0,100.98,38.0,1679.0,1572.950652576983
2026-07-18T13:25:00.105856+00:00,3833.0,41.0,101.12,38.0,1679.0,1573.2797149345279
2026-07-18T13:25:00.477556+00:00,3833.0,40.0,99.28,38.0,1679.02734375,1573.6514144986868
2026-07-18T13:25:00.852784+00:00,3833.0,39.0,99.55,38.0,1679.02734375,1574.0266433134675
2026-07-18T13:25:01.183188+00:00,3833.0,40.0,100.09,38.0,1679.02734375,1574.3570462614298
2026-07-18T13:25:01.507665+00:00,3833.0,40.0,102.18,38.0,1679.02734375,1574.6815247572958
2026-07-18T13:25:01.831059+00:00,3833.0,40.0,101.84,38.0,1679.02734375,1575.0049190297723
2026-07-18T13:25:02.176895+00:00,3833.0,41.0,101.63,38.0,1679.02734375,1575.350754711777
2026-07-18T13:25:02.502759+00:00,3833.0,40.0,100.88,38.0,1679.02734375,1575.6766183562577
2026-07-18T13:25:02.874292+00:00,3833.0,40.0,100.74,38.0,1679.02734375,1576.0481509566307
2026-07-18T13:25:03.203648+00:00,3833.0,41.0,99.97,38.0,1679.02734375,1576.377507533878
2026-07-18T13:25:03.527124+00:00,3833.0,41.0,100.81,38.0,1679.02734375,1576.7009834088385
2026-07-18T13:25:03.835294+00:00,3833.0,41.0,101.12,38.0,1679.02734375,1577.0091538242996
2026-07-18T13:25:04.180883+00:00,3833.0,41.0,101.23,38.0,1679.02734375,1577.3547422774136
2026-07-18T13:25:04.528863+00:00,3833.0,40.0,101.12,38.0,1679.02734375,1577.7027227804065
2026-07-18T13:25:04.958430+00:00,3833.0,3.0,100.03,38.0,1679.0546875,1578.1322881877422
2026-07-18T13:25:05.282672+00:00,3833.0,39.0,99.19,38.0,1679.0546875,1578.4565316028893
2026-07-18T13:25:05.611636+00:00,3833.0,36.0,98.08,38.0,1679.0546875,1578.7854914404452
2026-07-18T13:25:05.919100+00:00,3833.0,40.0,99.34,38.0,1679.05859375,1579.092959087342
2026-07-18T13:25:06.288879+00:00,3833.0,40.0,99.13,38.0,1679.05859375,1579.46273804456
2026-07-18T13:25:06.618844+00:00,3833.0,40.0,100.49,38.0,1679.05859375,1579.792703524232
2026-07-18T13:25:07.017050+00:00,3833.0,30.0,100.07,38.0,1679.078125,1580.1909086182714
2026-07-18T13:25:07.343127+00:00,3833.0,38.0,100.06,38.0,1679.078125,1580.516986247152
2026-07-18T13:25:07.671000+00:00,3833.0,40.0,99.96,38.0,1679.078125,1580.8448601700366
2026-07-18T13:25:08.018652+00:00,3833.0,40.0,100.48,38.0,1679.078125,1581.1925108470023
2026-07-18T13:25:08.347030+00:00,3833.0,40.0,100.3,38.0,1679.078125,1581.5208897329867
2026-07-18T13:25:08.717528+00:00,3833.0,40.0,100.61,38.0,1679.078125,1581.8913876712322
2026-07-18T13:25:09.048187+00:00,3833.0,40.0,101.23,38.0,1679.078125,1582.222046136856
2026-07-18T13:25:09.378845+00:00,3833.0,40.0,102.21,38.0,1679.078125,1582.5527046397328
2026-07-18T13:25:09.706326+00:00,3833.0,39.0,101.09,38.0,1679.078125,1582.8801844865084
2026-07-18T13:25:10.086315+00:00,3833.0,41.0,101.22,38.0,1679.078125,1583.260174755007
2026-07-18T13:25:10.415602+00:00,3833.0,41.0,101.45,38.0,1679.078125,1583.5894620120525
2026-07-18T13:25:10.770810+00:00,3833.0,6.0,100.79,38.0,1679.1015625,1583.9446693956852
2026-07-18T13:25:11.125043+00:00,3833.0,40.0,99.78,38.0,1679.1015625,1584.2989030219615
2026-07-18T13:25:11.503150+00:00,3833.0,40.0,98.89,38.0,1679.1015625,1584.6770068854094
2026-07-18T13:25:11.830357+00:00,3833.0,40.0,100.72,38.0,1679.1015625,1585.0042166300118
2026-07-18T13:25:12.181129+00:00,3833.0,40.0,101.6,38.0,1679.1015625,1585.3549884222448
2026-07-18T13:25:12.529504+00:00,3833.0,40.0,102.29,38.0,1679.1015625,1585.703363418579
2026-07-18T13:25:12.859005+00:00,3833.0,40.0,102.09,38.0,1679.1015625,1586.0328636057675
2026-07-18T13:25:13.196107+00:00,3833.0,40.0,100.7,38.0,1679.1015625,1586.3699664101005
2026-07-18T13:25:13.566728+00:00,3833.0,40.0,100.39,38.0,1679.1015625,1586.7405864670873
2026-07-18T13:25:13.890216+00:00,3833.0,41.0,100.98,38.0,1679.1015625,1587.0640741288662
2026-07-18T13:25:14.219321+00:00,3833.0,41.0,102.39,38.0,1679.1015625,1587.3931805118918
2026-07-18T13:25:14.573838+00:00,3833.0,40.0,102.24,38.0,1679.1015625,1587.7476896718144
2026-07-18T13:25:14.902892+00:00,3833.0,40.0,101.41,38.0,1679.1015625,1588.076751358807
2026-07-18T13:25:15.228769+00:00,3833.0,40.0,101.3,38.0,1679.1015625,1588.4026292338967
2026-07-18T13:25:15.555572+00:00,3833.0,41.0,101.49,38.0,1679.1015625,1588.7294265925884
2026-07-18T13:25:15.901989+00:00,3833.0,41.0,101.86,38.0,1679.1015625,1589.075848840177
2026-07-18T13:25:16.288842+00:00,3833.0,39.0,100.73,38.0,1679.1015625,1589.4626960121095
2026-07-18T13:25:16.641219+00:00,3833.0,40.0,99.51,38.0,1679.12890625,1589.8150787316263
2026-07-18T13:25:16.970515+00:00,3833.0,41.0,99.67,38.0,1679.12890625,1590.1443747989833
2026-07-18T13:25:17.321912+00:00,3833.0,40.0,102.19,38.0,1679.12890625,1590.4957722350955
2026-07-18T13:25:17.669006+00:00,3833.0,40.0,101.37,38.0,1679.12890625,1590.8428663238883
2026-07-18T13:25:18.021053+00:00,3833.0,33.0,99.53,38.0,1679.1484375,1591.1949119344354
2026-07-18T13:25:18.388254+00:00,3833.0,39.0,98.63,38.0,1679.1484375,1591.5621135421097
2026-07-18T13:25:18.737611+00:00,3833.0,40.0,99.02,38.0,1679.1484375,1591.9114706479013
2026-07-18T13:25:19.066375+00:00,3833.0,40.0,100.86,38.0,1679.1484375,1592.2402345202863
2026-07-18T13:25:19.392683+00:00,3833.0,40.0,100.79,38.0,1679.1484375,1592.566542673856
2026-07-18T13:25:19.718962+00:00,3833.0,40.0,100.31,38.0,1679.1484375,1592.8928213194013
2026-07-18T13:25:20.086271+00:00,3833.0,40.0,99.85,38.0,1679.1484375,1593.2601312808692
2026-07-18T13:25:20.415859+00:00,3833.0,39.0,100.15,38.0,1679.1484375,1593.5897185578942
2026-07-18T13:25:20.744003+00:00,3833.0,40.0,99.66,38.0,1679.1484375,1593.917862791568
2026-07-18T13:25:21.097073+00:00,3833.0,38.0,99.84,38.0,1679.1484375,1594.2709324844182
2026-07-18T13:25:21.449226+00:00,3833.0,41.0,100.11,38.0,1679.1484375,1594.6230856478214
2026-07-18T13:25:21.775565+00:00,3833.0,41.0,100.97,38.0,1679.1484375,1594.949424494058
2026-07-18T13:25:22.149742+00:00,3833.0,40.0,100.82,38.0,1679.15234375,1595.3236015923321
2026-07-18T13:25:22.479061+00:00,3833.0,40.0,100.38,38.0,1679.15234375,1595.652921114117
2026-07-18T13:25:22.852547+00:00,3833.0,41.0,100.59,38.0,1679.15234375,1596.0264062285423
2026-07-18T13:25:23.183455+00:00,3833.0,41.0,100.81,38.0,1679.15234375,1596.3573149256408
2026-07-18T13:25:23.546663+00:00,3833.0,1.0,100.38,38.0,1679.1796875,1596.720521312207
2026-07-18T13:25:23.889839+00:00,3833.0,40.0,100.73,38.0,1679.1796875,1597.06369856745
2026-07-18T13:25:24.241364+00:00,3833.0,39.0,100.13,38.0,1679.1796875,1597.4152237027884
2026-07-18T13:25:24.571053+00:00,3833.0,39.0,100.62,38.0,1679.1796875,1597.7449129596353
2026-07-18T13:25:24.921211+00:00,3833.0,40.0,100.08,38.0,1679.1796875,1598.095070362091
2026-07-18T13:25:25.226967+00:00,3833.0,40.0,99.76,38.0,1679.1796875,1598.4008273743093
2026-07-18T13:25:25.554253+00:00,3833.0,38.0,100.84,38.0,1679.1796875,1598.728113129735
2026-07-18T13:25:25.861281+00:00,3833.0,40.0,101.14,38.0,1679.1796875,1599.0351403020322
2026-07-18T13:25:26.238748+00:00,3833.0,40.0,101.08,38.0,1679.1796875,1599.412605419755
2026-07-18T13:25:26.571521+00:00,3833.0,39.0,100.55,38.0,1679.1796875,1599.7453800551593
2026-07-18T13:25:26.878441+00:00,3833.0,40.0,100.47,38.0,1679.1796875,1600.0523001402617
2026-07-18T13:25:27.185346+00:00,3833.0,40.0,100.23,38.0,1679.1796875,1600.359204966575
2026-07-18T13:25:27.491954+00:00,3833.0,40.0,99.22,38.0,1679.1796875,1600.6658138409257
2026-07-18T13:25:27.840726+00:00,3833.0,41.0,99.44,38.0,1679.1796875,1601.0145853199065
2026-07-18T13:25:28.171587+00:00,3833.0,40.0,99.75,38.0,1679.1796875,1601.3454464301467
2026-07-18T13:25:28.503746+00:00,3833.0,40.0,100.31,38.0,1679.1796875,1601.6776041984558
2026-07-18T13:25:28.830546+00:00,3833.0,37.0,100.19,38.0,1679.1796875,1602.0044059753418
2026-07-18T13:25:29.210778+00:00,3833.0,15.0,99.5,38.0,1679.2109375,1602.3846372924745
2026-07-18T13:25:29.581288+00:00,3833.0,39.0,99.56,38.0,1679.2109375,1602.7551472969353
2026-07-18T13:25:29.934041+00:00,3833.0,40.0,99.19,38.0,1679.2109375,1603.107900351286
2026-07-18T13:25:30.262738+00:00,3833.0,39.0,99.88,38.0,1679.2109375,1603.4365975148976
2026-07-18T13:25:30.609716+00:00,3833.0,37.0,99.98,38.0,1679.2109375,1603.7835754156113
2026-07-18T13:25:30.981183+00:00,3833.0,15.0,98.7,38.0,1679.23046875,1604.1550423800945
2026-07-18T13:25:31.310845+00:00,3833.0,40.0,98.58,38.0,1679.23046875,1604.4847048409283
2026-07-18T13:25:31.661613+00:00,3833.0,40.0,98.71,38.0,1679.23046875,1604.8354720696807
2026-07-18T13:25:31.970612+00:00,3833.0,40.0,101.0,38.0,1679.23046875,1605.1444714181125
2026-07-18T13:25:32.316622+00:00,3833.0,40.0,101.23,38.0,1679.23046875,1605.4904813356698
2026-07-18T13:25:32.694107+00:00,3833.0,38.0,102.24,38.0,1679.23046875,1605.867960728705
2026-07-18T13:25:33.019449+00:00,3833.0,40.0,101.22,38.0,1679.23046875,1606.1933086700737
2026-07-18T13:25:33.347344+00:00,3833.0,40.0,100.94,38.0,1679.23046875,1606.5212032422423
2026-07-18T13:25:33.679391+00:00,3833.0,41.0,101.14,38.0,1679.23046875,1606.8532498888671
2026-07-18T13:25:34.028634+00:00,3833.0,41.0,101.84,38.0,1679.23046875,1607.2024938315153
2026-07-18T13:25:34.381508+00:00,3833.0,40.0,102.33,38.0,1679.23046875,1607.55536801368
2026-07-18T13:25:34.753282+00:00,3833.0,39.0,102.81,38.0,1679.23046875,1607.9271418116987
2026-07-18T13:25:35.087251+00:00,3833.0,41.0,101.64,38.0,1679.23046875,1608.261110264808
2026-07-18T13:25:35.414860+00:00,3833.0,40.0,101.24,38.0,1679.23046875,1608.588718470186
2026-07-18T13:25:35.722137+00:00,3833.0,41.0,100.95,38.0,1679.23046875,1608.895996015519
2026-07-18T13:25:36.029493+00:00,3833.0,41.0,101.4,38.0,1679.23046875,1609.2033533416688
2026-07-18T13:25:36.377651+00:00,3833.0,41.0,101.39,38.0,1679.23046875,1609.5515102297068
2026-07-18T13:25:36.705922+00:00,3833.0,17.0,98.81,38.0,1679.2578125,1609.8797810859978
2026-07-18T13:25:37.069895+00:00,3833.0,38.0,98.89,38.0,1679.2578125,1610.2437546551228
2026-07-18T13:25:37.399203+00:00,3833.0,40.0,98.95,38.0,1679.2578125,1610.573062453419
2026-07-18T13:25:37.748941+00:00,3833.0,40.0,101.0,38.0,1679.2578125,1610.9228002093732
2026-07-18T13:25:38.056057+00:00,3833.0,39.0,100.39,38.0,1679.2578125,1611.2299172878265
2026-07-18T13:25:38.381486+00:00,3833.0,40.0,99.9,38.0,1679.2578125,1611.5553460977972
2026-07-18T13:25:38.711063+00:00,3833.0,40.0,99.56,38.0,1679.2578125,1611.884922053665
2026-07-18T13:25:39.089321+00:00,3833.0,40.0,100.47,38.0,1679.2578125,1612.2631809934974
2026-07-18T13:25:39.415404+00:00,3833.0,40.0,100.78,38.0,1679.2578125,1612.5892641097307
2026-07-18T13:25:39.738385+00:00,3833.0,40.0,101.32,38.0,1679.2578125,1612.9122439846396
2026-07-18T13:25:40.088582+00:00,3833.0,40.0,100.44,38.0,1679.2578125,1613.2624421156943
2026-07-18T13:25:40.419840+00:00,3833.0,40.0,99.8,38.0,1679.2578125,1613.5936999432743
2026-07-18T13:25:40.751960+00:00,3833.0,40.0,99.96,38.0,1679.2578125,1613.9258188083768
2026-07-18T13:25:41.100843+00:00,3833.0,40.0,100.44,38.0,1679.2578125,1614.2747016437352
2026-07-18T13:25:41.453125+00:00,3833.0,40.0,100.33,38.0,1679.2578125,1614.6269848644733
2026-07-18T13:25:41.805381+00:00,3833.0,41.0,101.16,38.0,1679.2578125,1614.9792409427464
2026-07-18T13:25:42.256451+00:00,3911.0,12.0,102.96,39.0,1679.34765625,1615.4303109832108
2026-07-18T13:25:42.586434+00:00,3911.0,40.0,104.04,38.0,1679.34765625,1615.7602931037545
2026-07-18T13:25:42.915420+00:00,3913.0,42.0,103.54,38.0,1679.34765625,1616.0892797261477
2026-07-18T13:25:43.239279+00:00,3913.0,42.0,103.94,38.0,1679.34765625,1616.4131384789944
2026-07-18T13:25:43.567239+00:00,3913.0,41.0,102.52,38.0,1679.34765625,1616.7410986088216
2026-07-18T13:25:43.916812+00:00,3913.0,41.0,103.53,38.0,1679.34765625,1617.0906717590988
2026-07-18T13:25:44.269313+00:00,3913.0,41.0,102.54,38.0,1679.34765625,1617.4431720413268
2026-07-18T13:25:44.599930+00:00,3913.0,41.0,104.25,38.0,1679.34765625,1617.7737891301513
2026-07-18T13:25:44.931102+00:00,3913.0,42.0,104.09,38.0,1679.34765625,1618.1049615256488
2026-07-18T13:25:45.266448+00:00,3913.0,18.0,101.31,38.0,1679.375,1618.4403076954186
2026-07-18T13:25:45.599391+00:00,3913.0,40.0,99.8,38.0,1679.375,1618.7732508704066
2026-07-18T13:25:45.907747+00:00,3913.0,40.0,99.43,38.0,1679.375,1619.0816061869264
2026-07-18T13:25:46.257082+00:00,3913.0,41.0,101.53,38.0,1679.375,1619.4309413693845
2026-07-18T13:25:46.606301+00:00,3913.0,41.0,101.76,38.0,1679.375,1619.7801605686545
2026-07-18T13:25:46.937492+00:00,3913.0,39.0,101.42,38.0,1679.375,1620.1113512217999
2026-07-18T13:25:47.312773+00:00,3913.0,40.0,100.53,38.0,1679.375,1620.4866327419877
2026-07-18T13:25:47.662745+00:00,3913.0,39.0,99.18,38.0,1679.39453125,1620.8366033658385
2026-07-18T13:25:48.041536+00:00,3913.0,38.0,98.98,38.0,1679.39453125,1621.2153947502375
2026-07-18T13:25:48.413873+00:00,3913.0,39.0,99.34,38.0,1679.39453125,1621.5877324305475
2026-07-18T13:25:48.744426+00:00,3913.0,40.0,100.13,38.0,1679.39453125,1621.9182851277292
2026-07-18T13:25:49.075030+00:00,3913.0,40.0,100.67,38.0,1679.39453125,1622.2488895840943
2026-07-18T13:25:49.437178+00:00,3913.0,37.0,99.94,38.0,1679.39453125,1622.6110365912318
2026-07-18T13:25:49.769989+00:00,3913.0,38.0,100.14,38.0,1679.39453125,1622.943847388029
2026-07-18T13:25:50.094910+00:00,3913.0,37.0,98.87,38.0,1679.39453125,1623.2687694728374
2026-07-18T13:25:50.427204+00:00,3913.0,39.0,99.13,38.0,1679.39453125,1623.6010627523065
2026-07-18T13:25:50.755134+00:00,3913.0,38.0,99.45,38.0,1679.39453125,1623.9289934039116
2026-07-18T13:25:51.105998+00:00,3913.0,40.0,100.41,38.0,1679.39453125,1624.2798576764762
2026-07-18T13:25:51.485108+00:00,3913.0,38.0,101.38,38.0,1679.39453125,1624.6589678488672
2026-07-18T13:25:51.857004+00:00,3913.0,40.0,101.26,38.0,1679.39453125,1625.0308633558452
2026-07-18T13:25:52.187048+00:00,3913.0,37.0,100.49,38.0,1679.39453125,1625.3609070889652
2026-07-18T13:25:52.527809+00:00,3913.0,37.0,100.1,38.0,1679.39453125,1625.7016692087054
2026-07-18T13:25:52.905875+00:00,3913.0,39.0,100.26,38.0,1679.39453125,1626.0797350555658
2026-07-18T13:25:53.304452+00:00,3913.0,37.0,100.61,38.0,1679.39453125,1626.4783105179667
2026-07-18T13:25:53.686096+00:00,3913.0,38.0,99.11,38.0,1679.421875,1626.859954919666
2026-07-18T13:25:54.019356+00:00,3913.0,37.0,98.54,38.0,1679.421875,1627.1932157203555
2026-07-18T13:25:54.365975+00:00,3913.0,37.0,99.88,38.0,1679.421875,1627.5398339219391
2026-07-18T13:25:54.736775+00:00,3913.0,37.0,99.88,38.0,1679.421875,1627.9106348194182
2026-07-18T13:25:55.112251+00:00,3913.0,37.0,99.72,38.0,1679.421875,1628.2861101701856
2026-07-18T13:25:55.489561+00:00,3913.0,40.0,99.77,38.0,1679.421875,1628.6634208448231
2026-07-18T13:25:55.841852+00:00,3913.0,38.0,99.49,38.0,1679.421875,1629.0157106593251
2026-07-18T13:25:56.171106+00:00,3913.0,38.0,99.33,38.0,1679.421875,1629.344965416938
2026-07-18T13:25:56.503403+00:00,3913.0,37.0,98.98,38.0,1679.421875,1629.6772623583674
2026-07-18T13:25:56.834929+00:00,3913.0,37.0,99.37,38.0,1679.421875,1630.0087887197733
2026-07-18T13:25:57.205567+00:00,3913.0,37.0,100.04,38.0,1679.421875,1630.3794268369675
2026-07-18T13:25:57.538474+00:00,3913.0,28.0,98.55,38.0,1682.25390625,1630.7123329415917
2026-07-18T13:25:57.867202+00:00,3913.0,39.0,98.95,38.0,1682.25390625,1631.041062220931
2026-07-18T13:25:58.203714+00:00,3913.0,39.0,98.47,38.0,1682.25390625,1631.3775733709335
2026-07-18T13:25:58.552062+00:00,3913.0,38.0,100.32,38.0,1682.25390625,1631.725922036916
2026-07-18T13:25:58.905844+00:00,3913.0,38.0,100.32,38.0,1682.25390625,1632.07970347628
2026-07-18T13:25:59.234759+00:00,3913.0,37.0,100.74,38.0,1682.25390625,1632.4086190350354
2026-07-18T13:25:59.618173+00:00,3913.0,38.0,100.14,38.0,1682.26171875,1632.7920326143503
2026-07-18T13:25:59.946726+00:00,3913.0,38.0,99.35,38.0,1682.26171875,1633.120585463941
2026-07-18T13:26:00.283596+00:00,3913.0,41.0,99.48,38.0,1682.26171875,1633.4574552997947
2026-07-18T13:26:00.637880+00:00,3913.0,36.0,99.73,38.0,1682.26171875,1633.8117393031716
2026-07-18T13:26:00.953367+00:00,3913.0,38.0,99.3,38.0,1682.26171875,1634.1272192150354
2026-07-18T13:26:01.279205+00:00,3913.0,40.0,98.77,38.0,1682.26171875,1634.4530634880066
2026-07-18T13:26:01.608548+00:00,3913.0,39.0,98.5,38.0,1682.265625,1634.7824077680707
2026-07-18T13:26:01.981406+00:00,3913.0,37.0,99.37,38.0,1682.265625,1635.1552656032145
2026-07-18T13:26:02.353847+00:00,3913.0,37.0,99.59,38.0,1682.265625,1635.5277070589364
2026-07-18T13:26:02.729139+00:00,3913.0,39.0,99.49,38.0,1682.265625,1635.902998227626
2026-07-18T13:26:03.159107+00:00,3913.0,18.0,97.28,38.0,1682.26953125,1636.3329652696848
2026-07-18T13:26:03.539524+00:00,3913.0,39.0,96.38,38.0,1682.29296875,1636.713382575661
2026-07-18T13:26:03.871405+00:00,3913.0,40.0,97.27,38.0,1682.29296875,1637.0452649109066
2026-07-18T13:26:04.225326+00:00,3913.0,40.0,100.59,38.0,1682.29296875,1637.3991857655346
2026-07-18T13:26:04.601830+00:00,3913.0,40.0,101.13,38.0,1682.29296875,1637.7756894528866
2026-07-18T13:26:05.023973+00:00,3913.0,39.0,99.67,38.0,1682.37109375,1638.1978294551373
2026-07-18T13:26:05.405830+00:00,3913.0,38.0,98.28,38.0,1682.39453125,1638.579689078033
2026-07-18T13:26:05.757238+00:00,3913.0,38.0,98.17,38.0,1682.39453125,1638.931097432971
2026-07-18T13:26:06.087549+00:00,3913.0,38.0,100.17,38.0,1682.3984375,1639.2614074982703
2026-07-18T13:26:06.439074+00:00,3913.0,40.0,99.24,38.0,1682.3984375,1639.6129330024123
2026-07-18T13:26:06.746851+00:00,3913.0,38.0,99.26,38.0,1682.3984375,1639.9207104071975
2026-07-18T13:26:07.117284+00:00,3913.0,34.0,99.79,38.0,1682.40625,1640.2911428138614
2026-07-18T13:26:07.534179+00:00,3913.0,7.0,98.76,38.0,1682.421875,1640.7080365903676
2026-07-18T13:26:07.859011+00:00,3913.0,38.0,98.96,38.0,1682.42578125,1641.0328713841736
2026-07-18T13:26:08.195301+00:00,3913.0,38.0,98.42,38.0,1682.4296875,1641.369160309434
2026-07-18T13:26:08.568901+00:00,3913.0,39.0,99.27,38.0,1682.4375,1641.742759756744
2026-07-18T13:26:08.899175+00:00,3913.0,39.0,99.31,38.0,1682.44921875,1642.0730263665318
2026-07-18T13:26:09.249312+00:00,3913.0,37.0,99.54,38.0,1682.44921875,1642.423171557486
2026-07-18T13:26:09.607033+00:00,3913.0,24.0,97.82,38.0,1682.47265625,1642.780891880393
2026-07-18T13:26:09.939718+00:00,3913.0,40.0,98.09,38.0,1682.47265625,1643.113577954471
2026-07-18T13:26:10.285188+00:00,3913.0,38.0,97.46,38.0,1682.4765625,1643.4590479433537
2026-07-18T13:26:10.656070+00:00,3913.0,39.0,100.0,38.0,1682.48046875,1643.82992888242
2026-07-18T13:26:10.983359+00:00,3913.0,39.0,99.44,38.0,1682.48046875,1644.1572181880474
2026-07-18T13:26:11.358297+00:00,3913.0,39.0,100.04,38.0,1682.4921875,1644.5321562550962
2026-07-18T13:26:11.733266+00:00,3913.0,39.0,99.43,38.0,1682.49609375,1644.907125648111
2026-07-18T13:26:12.065715+00:00,3913.0,40.0,100.39,38.0,1682.49609375,1645.239574868232
2026-07-18T13:26:12.400213+00:00,3913.0,40.0,98.63,38.0,1682.5234375,1645.5740708857775
2026-07-18T13:26:12.730776+00:00,3913.0,38.0,98.68,38.0,1682.5234375,1645.9046360775828
2026-07-18T13:26:13.042715+00:00,3913.0,38.0,98.62,38.0,1682.52734375,1646.2165746465325
2026-07-18T13:26:13.520046+00:00,3913.0,40.0,99.63,38.0,1682.52734375,1646.6939052641392
2026-07-18T13:26:13.896247+00:00,3913.0,39.0,97.53,38.0,1682.52734375,1647.07010647282
2026-07-18T13:26:14.272992+00:00,3913.0,37.0,97.3,38.0,1682.52734375,1647.4468517899513
2026-07-18T13:26:14.603444+00:00,3913.0,36.0,100.04,38.0,1682.52734375,1647.77730306983
2026-07-18T13:26:14.976609+00:00,3913.0,40.0,99.25,38.0,1682.52734375,1648.1504679471254
2026-07-18T13:26:15.286085+00:00,3913.0,37.0,98.95,38.0,1682.52734375,1648.459943331778
2026-07-18T13:26:15.615753+00:00,3913.0,38.0,99.84,38.0,1682.52734375,1648.7896122820675
2026-07-18T13:26:15.996171+00:00,3913.0,38.0,99.97,38.0,1682.52734375,1649.17002979666
2026-07-18T13:26:16.373184+00:00,3913.0,38.0,100.17,38.0,1682.52734375,1649.5470427796245
2026-07-18T13:26:16.702934+00:00,3913.0,37.0,100.19,38.0,1682.52734375,1649.876793179661
2026-07-18T13:26:17.057291+00:00,3913.0,40.0,100.22,38.0,1682.52734375,1650.2311498895288
2026-07-18T13:26:17.425375+00:00,3913.0,38.0,100.39,38.0,1682.52734375,1650.5992338433862
2026-07-18T13:26:17.801037+00:00,3913.0,38.0,100.8,38.0,1682.52734375,1650.9748958274722
2026-07-18T13:26:18.201015+00:00,3913.0,38.0,100.62,38.0,1682.52734375,1651.3748725540936
2026-07-18T13:26:18.534707+00:00,3913.0,38.0,99.14,38.0,1682.5546875,1651.708566442132
2026-07-18T13:26:18.915634+00:00,3913.0,37.0,98.31,38.0,1682.5546875,1652.089492764324
2026-07-18T13:26:19.273820+00:00,3913.0,40.0,100.03,38.0,1682.5546875,1652.4476781077683
2026-07-18T13:26:19.649271+00:00,3913.0,37.0,100.6,38.0,1682.5546875,1652.8231306001544
2026-07-18T13:26:20.027236+00:00,3913.0,32.0,100.41,38.0,1682.73828125,1653.2010903581977
2026-07-18T13:26:20.408837+00:00,3913.0,39.0,99.85,38.0,1682.73828125,1653.582696147263
2026-07-18T13:26:20.738764+00:00,3913.0,39.0,99.79,38.0,1682.73828125,1653.9126239456236
2026-07-18T13:26:21.072388+00:00,3913.0,39.0,99.99,38.0,1682.73828125,1654.2462476044893
2026-07-18T13:26:21.450254+00:00,3913.0,36.0,100.62,38.0,1682.73828125,1654.6241131946445
2026-07-18T13:26:21.817383+00:00,3913.0,38.0,100.97,38.0,1682.73828125,1654.9912414699793
2026-07-18T13:26:22.189478+00:00,3913.0,36.0,100.65,38.0,1682.73828125,1655.3633367605507
2026-07-18T13:26:22.568783+00:00,3913.0,40.0,100.57,38.0,1682.73828125,1655.7426422014832
2026-07-18T13:26:22.941598+00:00,3913.0,38.0,100.23,38.0,1682.73828125,1656.1154574006796
2026-07-18T13:26:23.272713+00:00,3913.0,39.0,100.81,38.0,1682.73828125,1656.4465726613998
2026-07-18T13:26:23.640801+00:00,3913.0,35.0,99.96,38.0,1682.73828125,1656.814659807831
2026-07-18T13:26:23.992509+00:00,3913.0,40.0,99.72,38.0,1682.73828125,1657.1663676276803
2026-07-18T13:26:24.349309+00:00,3913.0,38.0,98.14,38.0,1682.76953125,1657.5231680311263
2026-07-18T13:26:24.701433+00:00,3913.0,40.0,100.0,38.0,1682.76953125,1657.875292941928
2026-07-18T13:26:25.059893+00:00,3913.0,37.0,99.69,38.0,1682.76953125,1658.233718406409
2026-07-18T13:26:25.386864+00:00,3913.0,38.0,101.17,38.0,1682.76953125,1658.560723785311
2026-07-18T13:26:25.745602+00:00,3913.0,37.0,100.96,38.0,1682.76953125,1658.9194614775479
2026-07-18T13:26:26.120892+00:00,3913.0,41.0,101.65,38.0,1682.76953125,1659.2947508655488
2026-07-18T13:26:26.497746+00:00,3913.0,38.0,101.59,38.0,1682.76953125,1659.6716055683792
2026-07-18T13:26:26.822467+00:00,3913.0,41.0,101.37,38.0,1682.76953125,1659.9963272586465
2026-07-18T13:26:27.164740+00:00,3913.0,10.0,99.12,38.0,1682.79296875,1660.3385990560055
2026-07-18T13:26:27.495506+00:00,3913.0,40.0,98.05,38.0,1682.79296875,1660.6693647764623
2026-07-18T13:26:27.850417+00:00,3913.0,40.0,98.33,38.0,1682.79296875,1661.024275612086
2026-07-18T13:26:28.178208+00:00,3913.0,40.0,100.16,38.0,1682.79296875,1661.3520670384169
2026-07-18T13:26:28.524957+00:00,3913.0,40.0,100.57,38.0,1682.79296875,1661.6988164000213
2026-07-18T13:26:28.833743+00:00,3913.0,41.0,100.55,38.0,1682.79296875,1662.0076019838452
2026-07-18T13:26:29.163390+00:00,3913.0,41.0,100.86,38.0,1682.79296875,1662.3372501842678
2026-07-18T13:26:29.471812+00:00,3913.0,40.0,100.74,38.0,1682.79296875,1662.6456619128585
2026-07-18T13:26:29.800018+00:00,3913.0,40.0,100.74,38.0,1682.79296875,1662.9738766625524
2026-07-18T13:26:30.117110+00:00,3913.0,40.0,100.45,38.0,1682.79296875,1663.2909636385739
2026-07-18T13:26:30.443092+00:00,3913.0,40.0,100.29,38.0,1682.79296875,1663.616950970143
2026-07-18T13:26:30.775458+00:00,3913.0,38.0,100.93,38.0,1682.79296875,1663.949317831546
2026-07-18T13:26:31.153205+00:00,3913.0,40.0,101.37,38.0,1682.79296875,1664.3270651474595
2026-07-18T13:26:31.482818+00:00,3913.0,41.0,101.11,38.0,1682.79296875,1664.6566780395806
2026-07-18T13:26:31.814478+00:00,3913.0,41.0,101.29,38.0,1682.79296875,1664.9883378222585
2026-07-18T13:26:32.165165+00:00,3913.0,41.0,101.03,38.0,1682.79296875,1665.3390249460936
2026-07-18T13:26:32.495184+00:00,3913.0,41.0,101.63,38.0,1682.79296875,1665.6690429858863
2026-07-18T13:26:32.846129+00:00,3913.0,17.0,99.02,38.0,1682.828125,1666.0199883282185
2026-07-18T13:26:33.153839+00:00,3913.0,40.0,98.72,38.0,1682.828125,1666.3276982866228
2026-07-18T13:26:33.504883+00:00,3913.0,39.0,98.04,38.0,1682.828125,1666.678742080927
2026-07-18T13:26:33.852679+00:00,3913.0,40.0,100.33,38.0,1682.828125,1667.0265388898551
2026-07-18T13:26:34.179014+00:00,3913.0,27.0,98.99,38.0,1682.84765625,1667.352872543037
2026-07-18T13:26:34.509373+00:00,3913.0,39.0,98.75,38.0,1682.84765625,1667.6832331046462
2026-07-18T13:26:34.865584+00:00,3913.0,40.0,98.5,38.0,1682.84765625,1668.0394430458546
2026-07-18T13:26:35.195364+00:00,3913.0,13.0,98.15,38.0,1682.86328125,1668.3692221157253
2026-07-18T13:26:35.573539+00:00,3913.0,40.0,98.26,38.0,1682.86328125,1668.7473983578384
2026-07-18T13:26:35.881776+00:00,3913.0,40.0,98.5,38.0,1682.86328125,1669.0556349940598
2026-07-18T13:26:36.229528+00:00,3913.0,39.0,100.05,38.0,1682.86328125,1669.4033870361745
2026-07-18T13:26:36.539227+00:00,3913.0,40.0,100.26,38.0,1682.86328125,1669.7130867913365
2026-07-18T13:26:36.870892+00:00,3913.0,40.0,99.65,38.0,1682.86328125,1670.0447520166636
2026-07-18T13:26:37.248957+00:00,3913.0,40.0,99.44,38.0,1682.86328125,1670.4228167757392
2026-07-18T13:26:37.579189+00:00,3913.0,40.0,99.39,38.0,1682.86328125,1670.7530489228666
2026-07-18T13:26:37.933003+00:00,3913.0,40.0,98.99,38.0,1682.8828125,1671.106862552464
2026-07-18T13:26:38.262768+00:00,3913.0,39.0,98.01,38.0,1682.8828125,1671.4366277121007
2026-07-18T13:26:38.591203+00:00,3913.0,40.0,98.01,38.0,1682.8828125,1671.765059992671
2026-07-18T13:26:38.944474+00:00,3913.0,39.0,98.77,38.0,1682.8828125,1672.1183335110545
2026-07-18T13:26:39.321253+00:00,3913.0,38.0,99.97,38.0,1682.8828125,1672.495106086135
2026-07-18T13:26:39.672733+00:00,3913.0,40.0,100.32,38.0,1682.8828125,1672.8465912640095
2026-07-18T13:26:40.076513+00:00,3913.0,40.0,101.32,38.0,1682.8828125,1673.250372223556
2026-07-18T13:26:40.453820+00:00,3913.0,40.0,100.85,38.0,1682.8828125,1673.6276771388948
2026-07-18T13:26:40.789742+00:00,3913.0,40.0,99.29,38.0,1682.90234375,1673.963601063937
2026-07-18T13:26:41.098570+00:00,3913.0,40.0,97.47,38.0,1682.90234375,1674.272428382188
2026-07-18T13:26:41.453150+00:00,3913.0,38.0,98.95,38.0,1682.90234375,1674.6270086243749
2026-07-18T13:26:41.825439+00:00,3913.0,39.0,99.88,38.0,1682.90234375,1674.9992979243398
2026-07-18T13:26:42.133901+00:00,3913.0,40.0,100.21,38.0,1682.90234375,1675.3077607825398
2026-07-18T13:26:42.463601+00:00,3913.0,38.0,99.72,38.0,1682.90234375,1675.6374605223536
2026-07-18T13:26:42.817383+00:00,3913.0,40.0,100.19,38.0,1682.90234375,1675.9912423416972
2026-07-18T13:26:43.142501+00:00,3913.0,40.0,100.53,38.0,1682.90234375,1676.3163604699075
2026-07-18T13:26:43.502790+00:00,3913.0,38.0,99.74,38.0,1682.90234375,1676.676649928093
2026-07-18T13:26:43.833582+00:00,3913.0,40.0,99.31,38.0,1682.90234375,1677.0074416808784
2026-07-18T13:26:44.164103+00:00,3913.0,41.0,100.07,38.0,1682.90234375,1677.337962448597
2026-07-18T13:26:44.495320+00:00,3913.0,37.0,100.16,38.0,1682.90234375,1677.6691791340709
2026-07-18T13:26:44.823520+00:00,3913.0,40.0,100.08,38.0,1682.90234375,1677.9973790198565
2026-07-18T13:26:45.177483+00:00,3913.0,40.0,100.77,38.0,1682.90234375,1678.351342573762
2026-07-18T13:26:45.507451+00:00,3913.0,40.0,101.21,38.0,1682.90234375,1678.6813110336661
2026-07-18T13:26:45.838853+00:00,3913.0,38.0,101.61,38.0,1682.90234375,1679.0127126909792
2026-07-18T13:26:46.253247+00:00,3913.0,7.0,99.26,38.0,1682.9296875,1679.427105858922
2026-07-18T13:26:46.578937+00:00,3913.0,39.0,98.63,38.0,1682.9296875,1679.7527955025434
2026-07-18T13:26:46.912767+00:00,3913.0,40.0,98.55,38.0,1682.9296875,1680.0866265781224
2026-07-18T13:26:47.289829+00:00,3913.0,40.0,100.73,38.0,1682.9296875,1680.463688697666
2026-07-18T13:26:47.618465+00:00,3913.0,40.0,101.66,38.0,1682.9296875,1680.792324528098
2026-07-18T13:26:47.948918+00:00,3913.0,38.0,101.32,38.0,1682.9296875,1681.1227776706219
2026-07-18T13:26:48.257069+00:00,3913.0,41.0,100.54,38.0,1682.9296875,1681.4309291020036
2026-07-18T13:26:48.587527+00:00,3913.0,40.0,100.36,38.0,1682.9296875,1681.76138606295
2026-07-18T13:26:48.920280+00:00,3913.0,40.0,100.46,38.0,1682.9296875,1682.0941396467388
2026-07-18T13:26:49.252313+00:00,3913.0,38.0,100.9,38.0,1682.9296875,1682.4261727817357
2026-07-18T13:26:49.559977+00:00,3913.0,40.0,101.09,38.0,1682.9296875,1682.7338365279138
2026-07-18T13:26:49.913995+00:00,3913.0,39.0,102.05,38.0,1682.9296875,1683.0878534913063
2026-07-18T13:26:50.243405+00:00,3913.0,40.0,101.25,38.0,1682.9296875,1683.4172647446394
2026-07-18T13:26:50.551364+00:00,3913.0,41.0,101.04,38.0,1682.9296875,1683.7252236194909
2026-07-18T13:26:50.902767+00:00,3913.0,41.0,100.94,38.0,1682.9296875,1684.0766268707812
2026-07-18T13:26:51.233593+00:00,3913.0,39.0,100.94,38.0,1682.9296875,1684.4074531048536
2026-07-18T13:26:51.571465+00:00,3913.0,41.0,101.05,38.0,1682.9296875,1684.745324447751
2026-07-18T13:26:51.948753+00:00,3913.0,9.0,98.53,38.0,1682.9609375,1685.1226128153503
2026-07-18T13:26:52.279432+00:00,3913.0,39.0,98.61,38.0,1682.9609375,1685.4532910883427
2026-07-18T13:26:52.590482+00:00,3913.0,40.0,98.04,38.0,1682.9609375,1685.7643415145576
2026-07-18T13:26:53.004414+00:00,3913.0,38.0,99.64,38.0,1682.9609375,1686.178273189813
2026-07-18T13:26:53.380698+00:00,3913.0,40.0,99.43,38.0,1682.98046875,1686.5545576773584
2026-07-18T13:26:53.711305+00:00,3913.0,39.0,98.77,38.0,1682.98046875,1686.8851647041738
2026-07-18T13:26:54.043730+00:00,3913.0,40.0,100.42,38.0,1682.98046875,1687.2175892069936
2026-07-18T13:26:54.375319+00:00,3913.0,40.0,99.29,38.0,1682.98046875,1687.5491790696979
2026-07-18T13:26:54.748790+00:00,3913.0,40.0,99.82,38.0,1682.98046875,1687.922648664564
2026-07-18T13:26:55.066153+00:00,3913.0,41.0,100.47,38.0,1682.98046875,1688.2400123663247
2026-07-18T13:26:55.397347+00:00,3913.0,40.0,100.93,38.0,1682.98046875,1688.5712066926062
2026-07-18T13:26:55.730426+00:00,3913.0,40.0,101.12,38.0,1682.98046875,1688.904285658151
2026-07-18T13:26:56.062735+00:00,3913.0,38.0,100.97,38.0,1682.98046875,1689.2365950904787
2026-07-18T13:26:56.441181+00:00,3913.0,38.0,101.57,38.0,1682.98046875,1689.6150400228798
2026-07-18T13:26:56.829801+00:00,3913.0,15.0,99.48,38.0,1683.00390625,1690.0036593154073
2026-07-18T13:26:57.189189+00:00,3913.0,39.0,98.47,38.0,1683.00390625,1690.363048825413
2026-07-18T13:26:57.514931+00:00,3913.0,40.0,98.68,38.0,1683.00390625,1690.6887910552323
2026-07-18T13:26:57.843180+00:00,3913.0,40.0,100.17,38.0,1683.00390625,1691.0170399062335
2026-07-18T13:26:58.197033+00:00,3913.0,40.0,101.32,38.0,1683.00390625,1691.37089234218
2026-07-18T13:26:58.565046+00:00,3913.0,40.0,101.13,38.0,1683.00390625,1691.7389050237834
2026-07-18T13:26:58.939433+00:00,3913.0,40.0,100.79,38.0,1683.00390625,1692.1132920086384
2026-07-18T13:26:59.267162+00:00,3913.0,40.0,100.29,38.0,1683.00390625,1692.4410215616226
2026-07-18T13:26:59.599072+00:00,3913.0,40.0,99.96,38.0,1683.00390625,1692.772930752486
2026-07-18T13:26:59.953708+00:00,3913.0,40.0,99.89,38.0,1683.00390625,1693.1275681443512
2026-07-18T13:27:00.261160+00:00,3913.0,40.0,100.08,38.0,1683.00390625,1693.4350196868181
2026-07-18T13:27:00.590878+00:00,3913.0,41.0,99.86,38.0,1683.00390625,1693.76473800838
2026-07-18T13:27:00.948062+00:00,3913.0,40.0,99.7,38.0,1683.00390625,1694.121921159327
2026-07-18T13:27:01.289719+00:00,3913.0,15.0,98.88,38.0,1683.09375,1694.4635774195194
2026-07-18T13:27:01.641031+00:00,3913.0,41.0,100.11,38.0,1683.09375,1694.814891077578
2026-07-18T13:27:01.950843+00:00,3913.0,41.0,100.49,38.0,1683.09375,1695.1247024312615
2026-07-18T13:27:02.283423+00:00,3913.0,41.0,101.62,38.0,1683.09375,1695.4572822637856
2026-07-18T13:27:02.591370+00:00,3913.0,38.0,101.13,38.0,1683.09375,1695.7652295567095
2026-07-18T13:27:02.964391+00:00,3913.0,40.0,100.49,38.0,1683.09375,1696.138250913471
2026-07-18T13:27:03.333278+00:00,3913.0,41.0,100.33,38.0,1683.09375,1696.5071363672614
2026-07-18T13:27:03.662719+00:00,3913.0,41.0,102.11,38.0,1683.09375,1696.8365794606507
2026-07-18T13:27:03.973225+00:00,3913.0,41.0,102.16,38.0,1683.09375,1697.1470849774778
2026-07-18T13:27:04.281651+00:00,3913.0,41.0,102.36,38.0,1683.09375,1697.455510314554
2026-07-18T13:27:04.669309+00:00,3913.0,8.0,99.57,38.0,1683.1171875,1697.8431681767106
2026-07-18T13:27:04.978732+00:00,3913.0,40.0,99.12,38.0,1683.1171875,1698.1525906920433
2026-07-18T13:27:05.357415+00:00,3913.0,40.0,99.46,38.0,1683.1171875,1698.5312743596733
2026-07-18T13:27:05.707948+00:00,3913.0,39.0,99.9,38.0,1683.1171875,1698.8817970380187
2026-07-18T13:27:06.039981+00:00,3913.0,38.0,100.28,38.0,1683.1171875,1699.213840328157
2026-07-18T13:27:06.371093+00:00,3913.0,40.0,99.27,38.0,1683.1171875,1699.5449534542859
2026-07-18T13:27:06.725769+00:00,3913.0,38.0,100.62,38.0,1683.1171875,1699.8996285535395
2026-07-18T13:27:07.105129+00:00,3913.0,40.0,100.66,38.0,1683.1171875,1700.2789881192148
2026-07-18T13:27:07.485191+00:00,3913.0,41.0,101.21,38.0,1683.1171875,1700.6590500548482
2026-07-18T13:27:07.815050+00:00,3913.0,40.0,100.67,38.0,1683.1171875,1700.988909624517
2026-07-18T13:27:08.193784+00:00,3913.0,40.0,101.16,38.0,1683.1171875,1701.367643918842
2026-07-18T13:27:08.523082+00:00,3913.0,40.0,100.72,38.0,1683.1171875,1701.6969413384795
2026-07-18T13:27:08.855970+00:00,3913.0,41.0,101.23,38.0,1683.1171875,1702.0298301391304
2026-07-18T13:27:09.187103+00:00,3913.0,40.0,101.11,38.0,1683.1171875,1702.3609633743763
2026-07-18T13:27:09.515635+00:00,3913.0,41.0,100.62,38.0,1683.1171875,1702.6894953399897
2026-07-18T13:27:09.869546+00:00,3913.0,40.0,100.7,38.0,1683.1171875,1703.0434061475098
2026-07-18T13:27:10.278321+00:00,3913.0,40.0,100.38,38.0,1683.12109375,1703.4521808326244
2026-07-18T13:27:10.611174+00:00,3913.0,40.0,99.9,38.0,1683.12109375,1703.7850339114666
2026-07-18T13:27:10.957148+00:00,3913.0,40.0,99.83,38.0,1683.12109375,1704.1310078389943
2026-07-18T13:27:11.311743+00:00,3913.0,40.0,100.76,38.0,1683.12109375,1704.4856030791998
2026-07-18T13:27:11.686654+00:00,3913.0,39.0,100.9,38.0,1683.12109375,1704.860513240099
2026-07-18T13:27:11.996303+00:00,3913.0,38.0,100.52,38.0,1683.12109375,1705.1701620668173
2026-07-18T13:27:12.323185+00:00,3913.0,40.0,100.13,38.0,1683.12109375,1705.4970450922847
2026-07-18T13:27:12.677343+00:00,3913.0,40.0,99.92,38.0,1683.12109375,1705.8512023687363
2026-07-18T13:27:13.006380+00:00,3913.0,40.0,100.33,38.0,1683.12109375,1706.1802401393652
2026-07-18T13:27:13.339148+00:00,3913.0,40.0,100.86,38.0,1683.12109375,1706.5130071528256
2026-07-18T13:27:13.693436+00:00,3913.0,40.0,100.33,38.0,1683.12109375,1706.8672958165407
2026-07-18T13:27:14.022712+00:00,3913.0,40.0,100.61,38.0,1683.12109375,1707.196571663022
2026-07-18T13:27:14.373308+00:00,3913.0,40.0,100.64,38.0,1683.12109375,1707.547167878598
2026-07-18T13:27:14.729138+00:00,3913.0,41.0,101.29,38.0,1683.12109375,1707.9029962979257
2026-07-18T13:27:15.079003+00:00,3913.0,40.0,100.78,38.0,1683.12109375,1708.2528624236584
2026-07-18T13:27:15.410307+00:00,3913.0,40.0,100.34,38.0,1683.12109375,1708.5841665901244
2026-07-18T13:27:15.719099+00:00,3913.0,40.0,100.96,38.0,1683.12109375,1708.8929594382644
2026-07-18T13:27:16.027680+00:00,3913.0,25.0,99.45,38.0,1683.29296875,1709.2015385068953
2026-07-18T13:27:16.336875+00:00,3913.0,40.0,99.16,38.0,1683.29296875,1709.5107353180647
2026-07-18T13:27:16.687756+00:00,3913.0,40.0,99.43,38.0,1683.29296875,1709.8616157509387
2026-07-18T13:27:17.055849+00:00,3913.0,39.0,100.78,38.0,1683.29296875,1710.2297082357109
2026-07-18T13:27:17.409542+00:00,3913.0,40.0,101.76,38.0,1683.296875,1710.583401992917
2026-07-18T13:27:17.785857+00:00,3913.0,40.0,100.87,38.0,1683.296875,1710.959715463221
2026-07-18T13:27:18.160536+00:00,3913.0,40.0,101.11,38.0,1683.30078125,1711.3343946672976
2026-07-18T13:27:18.530185+00:00,3913.0,40.0,100.89,38.0,1683.30078125,1711.7040435746312
2026-07-18T13:27:18.885157+00:00,3913.0,41.0,101.05,38.0,1683.3046875,1712.0590173192322
2026-07-18T13:27:19.215038+00:00,3913.0,41.0,101.58,38.0,1683.3046875,1712.3888970017433
2026-07-18T13:27:19.593025+00:00,3913.0,40.0,102.03,38.0,1683.30859375,1712.7668841928244
2026-07-18T13:27:19.969347+00:00,3913.0,40.0,101.94,38.0,1683.31640625,1713.1432061120868
2026-07-18T13:27:20.279187+00:00,3913.0,40.0,101.56,38.0,1683.31640625,1713.453047350049
2026-07-18T13:27:20.587324+00:00,3913.0,41.0,100.34,38.0,1683.3203125,1713.7611836083233
2026-07-18T13:27:20.933203+00:00,3913.0,41.0,100.94,38.0,1683.3203125,1714.1070631109178
2026-07-18T13:27:21.267556+00:00,3913.0,41.0,101.36,38.0,1683.328125,1714.4414148777723
2026-07-18T13:27:21.599381+00:00,3913.0,15.0,100.31,38.0,1683.36328125,1714.77324013412
2026-07-18T13:27:21.931026+00:00,3913.0,40.0,98.92,38.0,1683.3671875,1715.1048859097064
2026-07-18T13:27:22.309540+00:00,3913.0,39.0,98.32,38.0,1683.3671875,1715.483399413526
2026-07-18T13:27:22.657621+00:00,3913.0,40.0,99.37,38.0,1683.37109375,1715.8314799442887
2026-07-18T13:27:22.987608+00:00,3913.0,41.0,100.36,38.0,1683.37109375,1716.1614667363465
2026-07-18T13:27:23.314274+00:00,3913.0,40.0,100.54,38.0,1683.37109375,1716.488132622093
2026-07-18T13:27:23.645802+00:00,3913.0,40.0,101.33,38.0,1683.37109375,1716.8196614608169
2026-07-18T13:27:24.021433+00:00,3913.0,39.0,100.83,38.0,1683.37109375,1717.1952926702797
2026-07-18T13:27:24.351060+00:00,3913.0,40.0,100.58,38.0,1683.37109375,1717.5249194800854
2026-07-18T13:27:24.706677+00:00,3913.0,41.0,100.89,38.0,1683.37109375,1717.8805355019867
2026-07-18T13:27:25.101427+00:00,3913.0,40.0,101.87,38.0,1683.37109375,1718.2752868235111
2026-07-18T13:27:25.453270+00:00,3913.0,40.0,101.44,38.0,1683.44921875,1718.627126313746
2026-07-18T13:27:25.783400+00:00,3913.0,40.0,102.06,38.0,1683.46484375,1718.9572596475482
2026-07-18T13:27:26.133347+00:00,3913.0,40.0,101.54,38.0,1683.46875,1719.307205952704
2026-07-18T13:27:26.464629+00:00,3913.0,40.0,101.54,38.0,1683.46875,1719.6384888999164
2026-07-18T13:27:26.795026+00:00,3913.0,41.0,100.88,38.0,1683.46875,1719.9688861556351
2026-07-18T13:27:27.237232+00:00,3913.0,12.0,100.24,38.0,1686.640625,1720.411090862006
2026-07-18T13:27:27.575432+00:00,3913.0,40.0,99.92,38.0,1686.64453125,1720.7492911405861
2026-07-18T13:27:27.907109+00:00,3913.0,40.0,99.67,38.0,1686.64453125,1721.0809682793915
2026-07-18T13:27:28.264102+00:00,3913.0,40.0,100.36,38.0,1686.6484375,1721.4379619508982
2026-07-18T13:27:28.609806+00:00,3913.0,39.0,100.54,38.0,1686.65234375,1721.783665921539
2026-07-18T13:27:28.985443+00:00,3913.0,40.0,100.41,38.0,1686.65234375,1722.1593028455973
2026-07-18T13:27:29.362892+00:00,3913.0,40.0,99.97,38.0,1686.65234375,1722.5367518924177
2026-07-18T13:27:29.695277+00:00,3913.0,40.0,101.05,38.0,1686.65625,1722.869136698544
2026-07-18T13:27:30.087822+00:00,3913.0,38.0,101.6,38.0,1686.6640625,1723.261681124568
2026-07-18T13:27:30.414766+00:00,3913.0,40.0,102.07,38.0,1686.6640625,1723.588625624776
2026-07-18T13:27:30.768662+00:00,3913.0,40.0,100.99,38.0,1686.6640625,1723.9425213634968
2026-07-18T13:27:31.094216+00:00,3913.0,40.0,101.24,38.0,1686.66796875,1724.2680750750005
2026-07-18T13:27:31.449482+00:00,3913.0,40.0,101.73,38.0,1686.66796875,1724.6233420409262
2026-07-18T13:27:31.928777+00:00,3913.0,40.0,99.75,38.0,1686.671875,1725.1026361584663
2026-07-18T13:27:32.236478+00:00,3913.0,41.0,96.36,38.0,1686.671875,1725.4103376716375
2026-07-18T13:27:32.570221+00:00,3913.0,41.0,97.02,38.0,1686.671875,1725.7440794408321
2026-07-18T13:27:32.903193+00:00,3913.0,40.0,99.69,38.0,1686.671875,1726.0770532004535
2026-07-18T13:27:33.249002+00:00,3913.0,40.0,100.26,38.0,1686.671875,1726.422860968858
2026-07-18T13:27:33.581923+00:00,3913.0,40.0,99.51,38.0,1686.671875,1726.7557834722102
2026-07-18T13:27:33.915207+00:00,3913.0,40.0,99.42,38.0,1686.671875,1727.0890668779612
2026-07-18T13:27:34.265735+00:00,3913.0,40.0,99.87,38.0,1686.80078125,1727.4395837187767
2026-07-18T13:27:34.613246+00:00,3913.0,39.0,101.31,38.0,1686.80078125,1727.7871032580733
2026-07-18T13:27:34.947162+00:00,3913.0,39.0,101.95,38.0,1686.80078125,1728.1210213787854
2026-07-18T13:27:35.255938+00:00,3913.0,41.0,101.71,38.0,1686.80078125,1728.4297974072397
2026-07-18T13:27:35.565734+00:00,3913.0,41.0,101.47,38.0,1686.80078125,1728.7395937480032
2026-07-18T13:27:35.921747+00:00,3913.0,40.0,101.79,38.0,1686.80078125,1729.0956008136272
2026-07-18T13:27:36.297730+00:00,3913.0,39.0,102.4,38.0,1686.80078125,1729.4715901911259
2026-07-18T13:27:36.645615+00:00,3913.0,41.0,102.23,38.0,1686.80078125,1729.8194752782583
2026-07-18T13:27:36.976114+00:00,3913.0,41.0,101.95,38.0,1686.80078125,1730.1499740630388
2026-07-18T13:27:37.364763+00:00,3913.0,15.0,99.63,38.0,1686.8046875,1730.538622930646
2026-07-18T13:27:37.716887+00:00,3913.0,40.0,99.95,38.0,1686.8046875,1730.890746600926
2026-07-18T13:27:38.061254+00:00,3913.0,40.0,99.68,38.0,1686.8046875,1731.2351132780313
2026-07-18T13:27:38.413744+00:00,3913.0,40.0,100.52,38.0,1686.8046875,1731.5876031555235
2026-07-18T13:27:38.747910+00:00,3913.0,40.0,99.74,38.0,1686.8046875,1731.9217696003616
2026-07-18T13:27:39.117225+00:00,3913.0,40.0,101.06,38.0,1686.8046875,1732.2910848669708
2026-07-18T13:27:39.447199+00:00,3913.0,40.0,101.19,38.0,1686.8046875,1732.6210582070053
2026-07-18T13:27:39.756019+00:00,3913.0,40.0,100.71,38.0,1686.8046875,1732.9298779666424
2026-07-18T13:27:40.087430+00:00,3913.0,37.0,100.03,38.0,1686.8046875,1733.2612899318337
2026-07-18T13:27:40.438402+00:00,3913.0,40.0,99.62,38.0,1686.8046875,1733.612261403352
2026-07-18T13:27:40.770622+00:00,3913.0,41.0,99.53,38.0,1686.8046875,1733.9444805197418
2026-07-18T13:27:41.080071+00:00,3913.0,41.0,100.28,38.0,1686.8046875,1734.2539301849902
2026-07-18T13:27:41.410228+00:00,3913.0,39.0,100.44,38.0,1686.8046875,1734.584086984396
2026-07-18T13:27:41.761950+00:00,3913.0,1.0,101.14,38.0,1686.80859375,1734.9358094483614
2026-07-18T13:27:42.096843+00:00,3913.0,42.0,101.41,38.0,1686.80859375,1735.2707023583353
2026-07-18T13:27:42.477176+00:00,3913.0,41.0,102.22,38.0,1686.80859375,1735.6510346494615
2026-07-18T13:27:42.811323+00:00,3913.0,42.0,101.97,38.0,1686.80859375,1735.9851829223335
2026-07-18T13:27:43.143634+00:00,3913.0,42.0,102.11,38.0,1686.80859375,1736.3174944221973
2026-07-18T13:27:43.521201+00:00,3913.0,41.0,102.63,38.0,1686.80859375,1736.6950607448816
2026-07-18T13:27:43.850769+00:00,3913.0,42.0,102.44,38.0,1686.80859375,1737.0246296189725
2026-07-18T13:27:44.160007+00:00,3913.0,42.0,103.53,38.0,1686.80859375,1737.3338670805097
2026-07-18T13:27:44.534829+00:00,3913.0,42.0,102.83,38.0,1686.80859375,1737.708687927574
2026-07-18T13:27:44.889255+00:00,3913.0,43.0,103.92,38.0,1686.80859375,1738.063114464283
2026-07-18T13:27:45.266635+00:00,3913.0,39.0,100.64,38.0,1686.8125,1738.4404936432838
2026-07-18T13:27:45.599652+00:00,3913.0,40.0,100.41,38.0,1686.8125,1738.7735110670328
2026-07-18T13:27:45.925046+00:00,3913.0,40.0,98.92,38.0,1686.8125,1739.0989053435624
2026-07-18T13:27:46.279385+00:00,3913.0,40.0,100.25,38.0,1686.8125,1739.453244894743
2026-07-18T13:27:46.610923+00:00,3913.0,40.0,100.52,38.0,1686.8125,1739.7847827933729
2026-07-18T13:27:46.942771+00:00,3913.0,40.0,100.68,38.0,1686.8125,1740.1166315227747
2026-07-18T13:27:47.273389+00:00,3913.0,40.0,100.86,38.0,1686.8125,1740.4472489766777
2026-07-18T13:27:47.645755+00:00,3913.0,40.0,99.81,38.0,1686.8125,1740.8196143694222
2026-07-18T13:27:47.976858+00:00,3913.0,40.0,100.25,38.0,1686.8125,1741.1507174447179
2026-07-18T13:27:48.344610+00:00,3913.0,38.0,100.81,38.0,1686.8125,1741.5184691101313
2026-07-18T13:27:48.718120+00:00,3913.0,38.0,101.52,38.0,1686.8125,1741.8919784463942
2026-07-18T13:27:49.050263+00:00,3913.0,40.0,100.7,38.0,1686.8125,1742.2241219095886
2026-07-18T13:27:49.382465+00:00,3913.0,40.0,100.82,38.0,1686.8125,1742.55632455647
2026-07-18T13:27:49.760266+00:00,3913.0,39.0,100.09,38.0,1686.8125,1742.934125263244
2026-07-18T13:27:50.094554+00:00,3913.0,35.0,100.65,38.0,1686.8125,1743.2684131003916
2026-07-18T13:27:50.428863+00:00,3913.0,35.0,99.77,38.0,1686.8125,1743.6027230285108
2026-07-18T13:27:50.835285+00:00,3913.0,4.0,99.71,38.0,1686.81640625,1744.0091438144445
2026-07-18T13:27:51.166727+00:00,3913.0,39.0,99.14,38.0,1686.81640625,1744.3405858539045
2026-07-18T13:27:51.541429+00:00,3913.0,40.0,99.55,38.0,1686.81640625,1744.7152885608375
2026-07-18T13:27:51.897263+00:00,3913.0,39.0,100.44,38.0,1686.81640625,1745.071122534573
2026-07-18T13:27:52.226841+00:00,3913.0,40.0,100.54,38.0,1686.81640625,1745.4007006920874
2026-07-18T13:27:52.581992+00:00,3913.0,39.0,99.82,38.0,1686.81640625,1745.7558506727219
2026-07-18T13:27:52.965177+00:00,3913.0,0.0,98.68,38.0,1686.8203125,1746.139035858214
2026-07-18T13:27:53.295684+00:00,3913.0,39.0,98.73,38.0,1686.8203125,1746.4695438109338
2026-07-18T13:27:53.606087+00:00,3913.0,40.0,98.45,38.0,1686.8203125,1746.779947269708
2026-07-18T13:27:53.934919+00:00,3913.0,40.0,100.11,38.0,1686.8203125,1747.1087787151337
2026-07-18T13:27:54.267974+00:00,3913.0,41.0,100.05,38.0,1686.8203125,1747.441834308207
2026-07-18T13:27:54.646651+00:00,3913.0,40.0,100.38,38.0,1686.8203125,1747.8205103687942
2026-07-18T13:27:54.978797+00:00,3913.0,21.0,99.64,38.0,1686.82421875,1748.1526565030217
2026-07-18T13:27:55.310636+00:00,3913.0,40.0,99.07,38.0,1686.82421875,1748.4844947978854
2026-07-18T13:27:55.640065+00:00,3913.0,40.0,98.78,38.0,1686.82421875,1748.8139251507819
2026-07-18T13:27:55.971000+00:00,3913.0,41.0,100.12,38.0,1686.82421875,1749.1448596641421
2026-07-18T13:27:56.303402+00:00,3913.0,39.0,100.15,38.0,1686.82421875,1749.4772612079978
2026-07-18T13:27:56.632645+00:00,3913.0,41.0,100.51,38.0,1686.82421875,1749.8065039254725
2026-07-18T13:27:56.963081+00:00,3913.0,41.0,100.63,38.0,1686.82421875,1750.1369397565722
2026-07-18T13:27:57.336942+00:00,3913.0,40.0,100.07,38.0,1686.828125,1750.51080179587
2026-07-18T13:27:57.667412+00:00,3913.0,40.0,99.18,38.0,1686.828125,1750.8412716053426
2026-07-18T13:27:57.997725+00:00,3913.0,40.0,98.87,38.0,1686.828125,1751.1715850122273
2026-07-18T13:27:58.331995+00:00,3913.0,40.0,99.42,38.0,1686.828125,1751.505852341652
2026-07-18T13:27:58.663448+00:00,3913.0,40.0,100.18,38.0,1686.828125,1751.8373080082238
2026-07-18T13:27:58.999265+00:00,3913.0,40.0,101.14,38.0,1686.828125,1752.173123639077
2026-07-18T13:27:59.353966+00:00,3913.0,40.0,101.58,38.0,1686.828125,1752.5278239063919
2026-07-18T13:27:59.697264+00:00,3913.0,25.0,99.29,38.0,1686.83203125,1752.8711234219372
2026-07-18T13:28:00.077656+00:00,3913.0,39.0,98.26,38.0,1686.83203125,1753.2515157945454
2026-07-18T13:28:00.390894+00:00,3913.0,40.0,97.88,38.0,1686.83203125,1753.5647523365915
2026-07-18T13:28:00.726699+00:00,3913.0,40.0,99.2,38.0,1686.83203125,1753.9005584567785
2026-07-18T13:28:01.059406+00:00,3913.0,40.0,99.62,38.0,1686.83203125,1754.233265966177
2026-07-18T13:28:01.413277+00:00,3913.0,40.0,99.99,38.0,1686.83203125,1754.5871368646622
2026-07-18T13:28:01.764505+00:00,3913.0,38.0,100.64,38.0,1686.83203125,1754.938363790512
2026-07-18T13:28:02.090658+00:00,3913.0,41.0,100.36,38.0,1686.83203125,1755.2645176388323
2026-07-18T13:28:02.423015+00:00,3913.0,41.0,100.54,38.0,1686.83203125,1755.5968742705882
2026-07-18T13:28:02.805139+00:00,3913.0,40.0,101.71,38.0,1686.83203125,1755.9789989367127
2026-07-18T13:28:03.197089+00:00,3913.0,9.0,100.2,38.0,1686.8359375,1756.3709479272366
2026-07-18T13:28:03.573548+00:00,3913.0,38.0,99.23,38.0,1686.8359375,1756.74740761891
2026-07-18T13:28:03.929196+00:00,3913.0,37.0,98.47,38.0,1686.8359375,1757.1030551195145
2026-07-18T13:28:04.262007+00:00,3913.0,39.0,99.66,38.0,1686.8359375,1757.435866151005
2026-07-18T13:28:04.595910+00:00,3913.0,40.0,99.14,38.0,1686.8359375,1757.769768487662
2026-07-18T13:28:04.923141+00:00,3913.0,40.0,100.29,38.0,1686.8359375,1758.097000632435
2026-07-18T13:28:05.232629+00:00,3913.0,40.0,100.07,38.0,1686.8359375,1758.4064882174134
2026-07-18T13:28:05.542603+00:00,3913.0,38.0,100.45,38.0,1686.8359375,1758.716462340206
2026-07-18T13:28:05.857731+00:00,3913.0,41.0,100.51,38.0,1686.8359375,1759.0315913259983
2026-07-18T13:28:06.233371+00:00,3913.0,39.0,100.86,38.0,1686.8359375,1759.4072308801115
2026-07-18T13:28:06.609131+00:00,3913.0,12.0,99.48,38.0,1686.83984375,1759.7829893827438
2026-07-18T13:28:06.986169+00:00,3913.0,36.0,98.93,38.0,1686.83984375,1760.1600284315646
2026-07-18T13:28:07.339900+00:00,3913.0,37.0,98.56,38.0,1686.83984375,1760.513758726418
2026-07-18T13:28:07.693442+00:00,3913.0,39.0,100.71,38.0,1686.83984375,1760.8673015795648
2026-07-18T13:28:08.027484+00:00,3913.0,38.0,99.98,38.0,1686.83984375,1761.2013440206647
2026-07-18T13:28:08.362264+00:00,3913.0,40.0,99.98,38.0,1686.83984375,1761.5361188612878
2026-07-18T13:28:08.717684+00:00,3913.0,38.0,99.68,38.0,1686.83984375,1761.8915430121124
2026-07-18T13:28:09.097632+00:00,3913.0,40.0,100.16,38.0,1686.83984375,1762.2714908830822
2026-07-18T13:28:09.426862+00:00,3913.0,39.0,100.62,38.0,1686.83984375,1762.6007209829986
2026-07-18T13:28:09.784910+00:00,3913.0,38.0,101.16,38.0,1686.83984375,1762.9587697796524
2026-07-18T13:28:10.140831+00:00,3913.0,38.0,101.01,38.0,1686.83984375,1763.3146895989776
2026-07-18T13:28:10.474866+00:00,3913.0,39.0,101.44,38.0,1686.83984375,1763.6487249843776
2026-07-18T13:28:10.806463+00:00,3913.0,39.0,100.79,38.0,1686.83984375,1763.9803222566843
2026-07-18T13:28:11.192142+00:00,3913.0,38.0,101.28,38.0,1686.83984375,1764.3660008870065
2026-07-18T13:28:11.553435+00:00,3913.0,40.0,100.56,38.0,1686.83984375,1764.7272946760058
2026-07-18T13:28:11.886971+00:00,3913.0,38.0,100.62,38.0,1686.83984375,1765.0608294084668
2026-07-18T13:28:12.219434+00:00,3913.0,39.0,100.49,38.0,1686.83984375,1765.3932934701443
2026-07-18T13:28:12.572879+00:00,3913.0,33.0,98.42,38.0,1686.84375,1765.7467374950647
2026-07-18T13:28:12.925937+00:00,3913.0,38.0,97.63,38.0,1686.84375,1766.0997959077358
2026-07-18T13:28:13.265257+00:00,3913.0,37.0,97.17,38.0,1686.84375,1766.4391156174242
2026-07-18T13:28:13.623556+00:00,3913.0,40.0,99.61,38.0,1686.84375,1766.7974155135453
2026-07-18T13:28:13.973252+00:00,3913.0,39.0,99.25,38.0,1686.84375,1767.147111248225
2026-07-18T13:28:14.326663+00:00,3913.0,39.0,99.43,38.0,1686.84375,1767.5005225501955
2026-07-18T13:28:14.705528+00:00,3913.0,40.0,99.39,38.0,1686.84375,1767.8793867975473
2026-07-18T13:28:15.096531+00:00,3913.0,40.0,99.79,38.0,1686.84375,1768.2703896164894
2026-07-18T13:28:15.469594+00:00,3913.0,24.0,98.02,38.0,1686.84765625,1768.6434530168772
2026-07-18T13:28:15.827170+00:00,3913.0,39.0,97.57,38.0,1686.84765625,1769.001029472798
2026-07-18T13:28:16.200981+00:00,3913.0,39.0,98.26,38.0,1686.84765625,1769.374840669334
2026-07-18T13:28:16.537971+00:00,3913.0,40.0,99.58,38.0,1686.84765625,1769.7118299752474
2026-07-18T13:28:16.873193+00:00,3913.0,41.0,99.57,38.0,1686.84765625,1770.0470524840057
2026-07-18T13:28:17.245712+00:00,3913.0,39.0,99.22,38.0,1686.84765625,1770.4195695631206
2026-07-18T13:28:17.618417+00:00,3913.0,39.0,101.21,38.0,1686.84765625,1770.7922766841948
2026-07-18T13:28:17.951273+00:00,3913.0,40.0,100.89,38.0,1686.84765625,1771.1251318752766
2026-07-18T13:28:18.290930+00:00,3913.0,39.0,101.3,38.0,1686.84765625,1771.464789815247
2026-07-18T13:28:18.669799+00:00,3913.0,40.0,100.67,38.0,1686.84765625,1771.8436580635607
2026-07-18T13:28:19.003124+00:00,3913.0,41.0,101.42,38.0,1686.84765625,1772.1769833043218
2026-07-18T13:28:19.360762+00:00,3913.0,40.0,101.42,38.0,1686.84765625,1772.534620758146
2026-07-18T13:28:19.733658+00:00,3913.0,40.0,100.96,38.0,1686.84765625,1772.9075181521475
2026-07-18T13:28:20.095393+00:00,3913.0,38.0,100.53,38.0,1686.84765625,1773.2692523561418
2026-07-18T13:28:20.427600+00:00,3913.0,40.0,100.84,38.0,1686.84765625,1773.6014601141214
2026-07-18T13:28:20.800124+00:00,3913.0,41.0,101.57,38.0,1686.84765625,1773.973983630538
2026-07-18T13:28:21.156463+00:00,3913.0,8.0,99.42,38.0,1686.8515625,1774.330321393907
2026-07-18T13:28:21.487181+00:00,3913.0,39.0,97.99,38.0,1686.8515625,1774.6610406897962
2026-07-18T13:28:21.850821+00:00,3913.0,38.0,97.3,38.0,1686.8515625,1775.0246807485819
2026-07-18T13:28:22.179361+00:00,3913.0,38.0,98.62,38.0,1686.8515625,1775.353220384568
2026-07-18T13:28:22.565816+00:00,3913.0,37.0,99.06,38.0,1686.8515625,1775.7396761514246
2026-07-18T13:28:22.903108+00:00,3913.0,38.0,99.7,38.0,1686.8515625,1776.0769679397345
2026-07-18T13:28:23.256983+00:00,3913.0,37.0,100.18,38.0,1686.8515625,1776.4308428168297
2026-07-18T13:28:23.595524+00:00,3913.0,40.0,99.6,38.0,1686.8515625,1776.7693833075464
2026-07-18T13:28:23.970012+00:00,3913.0,39.0,99.69,38.0,1686.8515625,1777.14387203753
2026-07-18T13:28:24.302899+00:00,3913.0,40.0,100.22,38.0,1686.8515625,1777.4767578467727
2026-07-18T13:28:24.673427+00:00,3913.0,40.0,100.47,38.0,1686.8515625,1777.8472864888608
2026-07-18T13:28:25.025889+00:00,3913.0,37.0,101.57,38.0,1686.8515625,1778.1997473947704
2026-07-18T13:28:25.339079+00:00,3913.0,18.0,99.86,38.0,1686.8515625,1778.5129375904799
2026-07-18T13:28:25.670817+00:00,3913.0,39.0,99.59,38.0,1686.8515625,1778.844677053392
2026-07-18T13:28:26.034924+00:00,3913.0,37.0,98.42,38.0,1686.8515625,1779.2087686657906
2026-07-18T13:28:26.408863+00:00,3913.0,38.0,99.91,38.0,1686.8515625,1779.5827224776149
2026-07-18T13:28:26.784562+00:00,3913.0,40.0,100.13,38.0,1686.8515625,1779.958421498537
2026-07-18T13:28:27.115787+00:00,3913.0,40.0,100.33,38.0,1686.8515625,1780.2896470613778
2026-07-18T13:28:27.493291+00:00,3913.0,40.0,100.63,38.0,1686.8515625,1780.6671499423683
2026-07-18T13:28:27.848757+00:00,3913.0,40.0,100.1,38.0,1686.8515625,1781.0226170681417
2026-07-18T13:28:28.209709+00:00,3913.0,40.0,100.89,38.0,1686.8515625,1781.3835689984262
2026-07-18T13:28:28.561358+00:00,3913.0,40.0,100.23,38.0,1686.8515625,1781.7352160587907
2026-07-18T13:28:29.011233+00:00,3913.0,40.0,101.16,38.0,1686.8515625,1782.1850914694369
2026-07-18T13:28:29.352167+00:00,3913.0,39.0,99.74,38.0,1686.8515625,1782.526026159525
2026-07-18T13:28:29.688081+00:00,3913.0,40.0,99.87,38.0,1686.8515625,1782.8619401454926
2026-07-18T13:28:30.022443+00:00,3913.0,40.0,100.35,38.0,1686.8515625,1783.1963022947311
2026-07-18T13:28:30.352873+00:00,3913.0,40.0,100.48,38.0,1686.8515625,1783.5267325080931
2026-07-18T13:28:30.705138+00:00,3913.0,40.0,100.38,38.0,1686.8515625,1783.8789971284568
2026-07-18T13:28:31.033490+00:00,3913.0,40.0,100.28,38.0,1686.86328125,1784.2073499523103
2026-07-18T13:28:31.472958+00:00,3913.0,27.0,101.1,38.0,1686.86328125,1784.646815188229
2026-07-18T13:28:31.857269+00:00,3913.0,39.0,98.42,38.0,1686.86328125,1785.0311282165349
2026-07-18T13:28:32.191432+00:00,3913.0,39.0,97.74,38.0,1686.86328125,1785.3652898408473
2026-07-18T13:28:32.544845+00:00,3913.0,38.0,99.15,38.0,1686.86328125,1785.7187039740384
2026-07-18T13:28:32.880853+00:00,3913.0,39.0,99.54,38.0,1686.86328125,1786.0547123663127
2026-07-18T13:28:33.240351+00:00,3913.0,39.0,99.91,38.0,1686.86328125,1786.414210908115
2026-07-18T13:28:33.593457+00:00,3913.0,38.0,99.38,38.0,1686.86328125,1786.76731653139
2026-07-18T13:28:33.935096+00:00,3913.0,37.0,99.21,38.0,1686.86328125,1787.108954694122
2026-07-18T13:28:34.368117+00:00,3913.0,1.0,97.21,38.0,1686.86328125,1787.5419754385948
2026-07-18T13:28:34.695231+00:00,3913.0,38.0,97.06,38.0,1686.86328125,1787.8690904453397
2026-07-18T13:28:35.069695+00:00,3913.0,38.0,97.66,38.0,1686.86328125,1788.2435550391674
2026-07-18T13:28:35.406379+00:00,3913.0,35.0,99.36,38.0,1686.86328125,1788.580238416791
2026-07-18T13:28:35.760918+00:00,3913.0,37.0,100.31,38.0,1686.86328125,1788.934776507318
2026-07-18T13:28:36.136765+00:00,3913.0,39.0,100.95,38.0,1686.86328125,1789.3106232620776
2026-07-18T13:28:36.471907+00:00,3913.0,40.0,100.58,38.0,1686.86328125,1789.6457665525377
2026-07-18T13:28:36.807824+00:00,3913.0,40.0,100.13,38.0,1686.86328125,1789.9816838912666
2026-07-18T13:28:37.188853+00:00,3913.0,35.0,99.08,38.0,1686.86328125,1790.3627117164433
2026-07-18T13:28:37.569026+00:00,3913.0,40.0,98.31,38.0,1686.86328125,1790.7428851984441
2026-07-18T13:28:37.907412+00:00,3913.0,40.0,99.1,38.0,1686.8671875,1791.081270750612
2026-07-18T13:28:38.288870+00:00,3913.0,40.0,99.88,38.0,1686.8671875,1791.4627293273807
2026-07-18T13:28:38.599648+00:00,3913.0,1.0,98.32,38.0,1686.8671875,1791.7735065594316
2026-07-18T13:28:38.927256+00:00,3913.0,40.0,97.23,38.0,1686.8671875,1792.1011153906584
2026-07-18T13:28:39.261289+00:00,3913.0,40.0,97.62,38.0,1686.8671875,1792.4351487085223
2026-07-18T13:28:39.641276+00:00,3913.0,40.0,99.56,38.0,1686.8671875,1792.8151275031269
2026-07-18T13:28:40.154085+00:00,3913.0,39.0,99.44,38.0,1686.8671875,1793.327938284725
2026-07-18T13:28:40.486781+00:00,3913.0,40.0,99.84,38.0,1686.8671875,1793.6606403589249
2026-07-18T13:28:40.861512+00:00,3913.0,39.0,99.62,38.0,1686.8671875,1794.0353713296354
2026-07-18T13:28:41.244753+00:00,3913.0,39.0,100.25,38.0,1686.8671875,1794.4186118729413
2026-07-18T13:28:41.624953+00:00,3913.0,29.0,99.28,38.0,1686.87109375,1794.7988079413772
2026-07-18T13:28:41.981539+00:00,3913.0,41.0,99.61,38.0,1686.87109375,1795.1553983353078
2026-07-18T13:28:42.361746+00:00,3913.0,41.0,100.43,38.0,1686.87109375,1795.5356057025492
2026-07-18T13:28:42.692861+00:00,3913.0,40.0,101.42,38.0,1686.87109375,1795.866714693606
2026-07-18T13:28:43.055534+00:00,3913.0,40.0,101.84,38.0,1686.8984375,1796.2293920740485
2026-07-18T13:28:43.416784+00:00,3913.0,40.0,101.59,38.0,1686.90234375,1796.5906431041658
2026-07-18T13:28:43.769961+00:00,3913.0,38.0,102.39,38.0,1686.90234375,1796.943821080029
2026-07-18T13:28:44.107214+00:00,3913.0,39.0,102.65,38.0,1686.90234375,1797.2810731343925
2026-07-18T13:28:44.462396+00:00,3913.0,41.0,100.2,38.0,1686.90234375,1797.6362543441355
2026-07-18T13:28:44.843469+00:00,3913.0,38.0,99.06,38.0,1686.90234375,1798.0173288360238
2026-07-18T13:28:45.170812+00:00,3913.0,38.0,97.87,38.0,1686.90234375,1798.344671715051
2026-07-18T13:28:45.530737+00:00,3913.0,37.0,100.01,38.0,1686.90234375,1798.7045964933932
2026-07-18T13:28:45.900674+00:00,3913.0,37.0,100.1,38.0,1686.90234375,1799.0745330229402
2026-07-18T13:28:46.277862+00:00,3913.0,40.0,100.0,38.0,1686.91015625,1799.4517204873264
2026-07-18T13:28:46.608702+00:00,3913.0,40.0,100.94,38.0,1686.91015625,1799.782561417669
2026-07-18T13:28:46.985240+00:00,3913.0,0.0,99.39,38.0,1686.91015625,1800.1590987928212
2026-07-18T13:28:47.319153+00:00,3913.0,40.0,99.72,38.0,1686.921875,1800.4930130951107
2026-07-18T13:28:47.693555+00:00,3913.0,40.0,98.77,38.0,1686.921875,1800.867414355278
2026-07-18T13:28:48.004045+00:00,3913.0,40.0,100.48,38.0,1686.9296875,1801.177904367447
2026-07-18T13:28:48.338911+00:00,3913.0,39.0,100.58,38.0,1686.93359375,1801.5127706676722
2026-07-18T13:28:48.685451+00:00,3913.0,41.0,100.17,38.0,1686.93359375,1801.8593104593456
2026-07-18T13:28:49.018995+00:00,3913.0,39.0,100.29,38.0,1686.94140625,1802.1928545832634
2026-07-18T13:28:49.352220+00:00,3913.0,40.0,98.99,38.0,1686.9453125,1802.526078030467
2026-07-18T13:28:49.662807+00:00,3913.0,40.0,99.06,38.0,1686.9453125,1802.8366668075323
2026-07-18T13:28:49.994879+00:00,3913.0,39.0,99.46,38.0,1686.953125,1803.1687387377024
2026-07-18T13:28:50.304705+00:00,3913.0,40.0,100.5,38.0,1686.953125,1803.47856496647
2026-07-18T13:28:50.674185+00:00,3913.0,40.0,101.2,38.0,1686.96484375,1803.8480441346765
2026-07-18T13:28:50.985112+00:00,3913.0,13.0,98.51,38.0,1686.96875,1804.158971015364
2026-07-18T13:28:51.319228+00:00,3913.0,40.0,97.91,38.0,1686.97265625,1804.4930860698223
2026-07-18T13:28:51.647028+00:00,3913.0,40.0,98.09,38.0,1686.98828125,1804.8208881244063
2026-07-18T13:28:52.008753+00:00,3913.0,40.0,100.13,38.0,1686.98828125,1805.1826122142375
2026-07-18T13:28:52.343885+00:00,3913.0,40.0,100.78,38.0,1687.0,1805.5177446864545
2026-07-18T13:28:52.675432+00:00,3913.0,40.0,101.04,38.0,1687.00390625,1805.8492919653654
2026-07-18T13:28:53.005189+00:00,3913.0,0.0,97.39,38.0,1687.0078125,1806.1790484674275
2026-07-18T13:28:53.400516+00:00,3913.0,27.0,96.46,38.0,1687.0078125,1806.574374474585
2026-07-18T13:28:53.752893+00:00,3913.0,39.0,95.75,38.0,1687.0078125,1806.9267523884773
2026-07-18T13:28:54.110022+00:00,3913.0,40.0,98.76,38.0,1687.0078125,1807.2838816568255
2026-07-18T13:28:54.461247+00:00,3913.0,40.0,100.01,38.0,1687.0078125,1807.6351069286466
2026-07-18T13:28:54.841223+00:00,3913.0,40.0,99.93,38.0,1687.0078125,1808.0150830373168
2026-07-18T13:28:55.149445+00:00,3913.0,40.0,99.18,38.0,1687.0078125,1808.323303475976
2026-07-18T13:28:55.592327+00:00,3913.0,41.0,99.81,38.0,1687.0078125,1808.7661862969398
2026-07-18T13:28:55.926800+00:00,3913.0,39.0,98.08,38.0,1687.0078125,1809.1006602942944
2026-07-18T13:28:56.259629+00:00,3913.0,40.0,98.86,38.0,1687.0078125,1809.433488164097
2026-07-18T13:28:56.735154+00:00,3913.0,40.0,100.65,38.0,1687.0078125,1809.909013569355
2026-07-18T13:28:57.070990+00:00,3913.0,40.0,100.33,38.0,1687.0078125,1810.2448480539024
2026-07-18T13:28:57.399639+00:00,3913.0,40.0,99.64,38.0,1687.0078125,1810.5734983198345
2026-07-18T13:28:57.776327+00:00,3913.0,40.0,100.28,38.0,1687.0078125,1810.950187176466
2026-07-18T13:28:58.107884+00:00,3913.0,15.0,98.6,38.0,1687.0078125,1811.2817429341376
2026-07-18T13:28:58.489299+00:00,3913.0,38.0,97.91,38.0,1687.0078125,1811.6631582938135
2026-07-18T13:28:58.825499+00:00,3913.0,40.0,97.32,38.0,1687.0078125,1811.9993580020964
2026-07-18T13:28:59.159707+00:00,3913.0,40.0,99.18,38.0,1687.0078125,1812.333566825837
2026-07-18T13:28:59.529919+00:00,3913.0,38.0,99.33,38.0,1687.0078125,1812.7037788070738
2026-07-18T13:28:59.885787+00:00,3913.0,40.0,99.87,38.0,1687.0078125,1813.059647101909
2026-07-18T13:29:00.218879+00:00,3913.0,39.0,99.85,38.0,1687.0078125,1813.3927390426397
2026-07-18T13:29:00.604576+00:00,3913.0,34.0,98.17,38.0,1687.01171875,1813.77843452245
2026-07-18T13:29:00.957248+00:00,3913.0,40.0,98.65,38.0,1687.01171875,1814.13110665977
2026-07-18T13:29:01.291263+00:00,3913.0,40.0,98.86,38.0,1687.01171875,1814.4651227667928
2026-07-18T13:29:01.641386+00:00,3913.0,38.0,100.66,38.0,1687.01171875,1814.8152452781796
2026-07-18T13:29:01.997610+00:00,3913.0,40.0,100.31,38.0,1687.01171875,1815.1714701019228
2026-07-18T13:29:02.354283+00:00,3913.0,38.0,99.97,38.0,1687.01171875,1815.5281421393156
2026-07-18T13:29:02.710172+00:00,3913.0,40.0,100.89,38.0,1687.01171875,1815.884030945599
2026-07-18T13:29:03.058047+00:00,3913.0,40.0,101.26,38.0,1687.01171875,1816.2319060899317
2026-07-18T13:29:03.433566+00:00,3913.0,38.0,100.68,38.0,1687.01171875,1816.6074255108833
2026-07-18T13:29:03.788590+00:00,3913.0,40.0,99.39,38.0,1687.01171875,1816.962449528277
2026-07-18T13:29:04.169245+00:00,3913.0,38.0,97.87,38.0,1687.01171875,1817.3431040085852
2026-07-18T13:29:04.525343+00:00,3913.0,37.0,97.82,38.0,1687.01171875,1817.6992027126253
2026-07-18T13:29:04.854576+00:00,3913.0,38.0,97.39,38.0,1687.01171875,1818.0284357182682
2026-07-18T13:29:05.184734+00:00,3913.0,39.0,98.69,38.0,1687.01171875,1818.3585932515562
2026-07-18T13:29:05.514784+00:00,3913.0,38.0,99.14,38.0,1687.01171875,1818.6886436082423
2026-07-18T13:29:05.846658+00:00,3913.0,38.0,99.56,38.0,1687.01171875,1819.0205170735717
2026-07-18T13:29:06.244264+00:00,3913.0,0.0,98.14,38.0,1687.01171875,1819.418123666197
2026-07-18T13:29:06.555635+00:00,3913.0,40.0,98.39,38.0,1687.01171875,1819.729494586587
2026-07-18T13:29:06.904798+00:00,3913.0,39.0,98.65,38.0,1687.01171875,1820.0786579363048
2026-07-18T13:29:07.236955+00:00,3913.0,40.0,100.35,38.0,1687.01171875,1820.4108145460486
2026-07-18T13:29:07.547759+00:00,3913.0,40.0,100.16,38.0,1687.01171875,1820.7216191031039
2026-07-18T13:29:07.897292+00:00,3913.0,38.0,100.38,38.0,1687.01171875,1821.071151394397
2026-07-18T13:29:08.269476+00:00,3913.0,40.0,100.2,38.0,1687.01171875,1821.4433339722455
2026-07-18T13:29:08.624705+00:00,3913.0,40.0,100.55,38.0,1687.01171875,1821.7985643781722
2026-07-18T13:29:08.935464+00:00,3913.0,40.0,100.43,38.0,1687.01171875,1822.1093233972788
2026-07-18T13:29:09.282643+00:00,3913.0,36.0,99.75,38.0,1687.01171875,1822.4565033577383
2026-07-18T13:29:09.614964+00:00,3913.0,40.0,100.1,38.0,1687.01171875,1822.7888237535954
2026-07-18T13:29:09.965561+00:00,3913.0,40.0,98.13,38.0,1687.01171875,1823.139419786632
2026-07-18T13:29:10.299218+00:00,3913.0,40.0,98.5,38.0,1687.01171875,1823.47307632491
2026-07-18T13:29:10.653219+00:00,3913.0,39.0,97.64,38.0,1687.01171875,1823.8270790986717
2026-07-18T13:29:10.964783+00:00,3913.0,40.0,99.81,38.0,1687.01171875,1824.1386425308883
2026-07-18T13:29:11.341032+00:00,3913.0,39.0,100.17,38.0,1687.01171875,1824.5148921124637
2026-07-18T13:29:11.670275+00:00,3913.0,40.0,99.77,38.0,1687.01171875,1824.8441347517073
2026-07-18T13:29:12.045757+00:00,3913.0,39.0,100.29,38.0,1687.01171875,1825.219616997987
2026-07-18T13:29:12.356180+00:00,3913.0,40.0,99.71,38.0,1687.01171875,1825.5300401635468
2026-07-18T13:29:12.683514+00:00,3913.0,40.0,98.21,38.0,1687.01171875,1825.8573730364442
2026-07-18T13:29:13.011030+00:00,3913.0,40.0,98.89,38.0,1687.01171875,1826.1848898865283
2026-07-18T13:29:13.388488+00:00,3913.0,38.0,98.93,38.0,1687.01171875,1826.5623479001224
2026-07-18T13:29:13.723299+00:00,3913.0,40.0,101.36,38.0,1687.01171875,1826.8971583843231
2026-07-18T13:29:14.097733+00:00,3913.0,40.0,100.25,38.0,1687.01171875,1827.2715918645263
2026-07-18T13:29:14.454221+00:00,3913.0,37.0,100.33,38.0,1687.01171875,1827.6280804984272
2026-07-18T13:29:14.767562+00:00,3913.0,40.0,100.12,38.0,1687.01171875,1827.941421430558
2026-07-18T13:29:15.119908+00:00,3913.0,40.0,100.01,38.0,1687.01171875,1828.293767027557
2026-07-18T13:29:15.433300+00:00,3913.0,40.0,100.62,38.0,1687.01171875,1828.6071594581008
2026-07-18T13:29:15.785476+00:00,3913.0,40.0,100.45,38.0,1687.01171875,1828.9593343511224
2026-07-18T13:29:16.137663+00:00,3913.0,40.0,101.06,38.0,1687.01171875,1829.3115205392241
2026-07-18T13:29:16.470808+00:00,3913.0,40.0,99.99,38.0,1687.01171875,1829.644667390734
2026-07-18T13:29:16.805376+00:00,3913.0,40.0,100.88,38.0,1687.01171875,1829.9792366214097
2026-07-18T13:29:17.133677+00:00,3913.0,40.0,100.65,38.0,1687.01171875,1830.3075364381075
2026-07-18T13:29:17.444105+00:00,3913.0,41.0,101.36,38.0,1687.01171875,1830.6179650686681
2026-07-18T13:29:17.779094+00:00,3913.0,40.0,100.88,38.0,1687.01171875,1830.9529537893832
2026-07-18T13:29:18.243783+00:00,3913.0,40.0,100.87,38.0,1687.01171875,1831.4176408573985
2026-07-18T13:29:18.579778+00:00,3913.0,40.0,100.08,38.0,1687.07421875,1831.753638047725
2026-07-18T13:29:18.934088+00:00,3913.0,40.0,99.37,38.0,1687.07421875,1832.1079477928579
2026-07-18T13:29:19.263455+00:00,3913.0,40.0,101.34,38.0,1687.07421875,1832.4373147338629
2026-07-18T13:29:19.637092+00:00,3913.0,38.0,101.03,38.0,1687.07421875,1832.8109521903098
2026-07-18T13:29:19.970694+00:00,3913.0,40.0,100.94,38.0,1687.07421875,1833.1445536874235
2026-07-18T13:29:20.303123+00:00,3913.0,39.0,100.01,38.0,1687.07421875,1833.476982895285
2026-07-18T13:29:20.635115+00:00,3913.0,40.0,100.49,38.0,1687.07421875,1833.808974403888
2026-07-18T13:29:20.971637+00:00,3913.0,41.0,100.51,38.0,1687.07421875,1834.1454967185855
2026-07-18T13:29:21.325266+00:00,3913.0,40.0,100.06,38.0,1687.07421875,1834.4991248175502
2026-07-18T13:29:21.659282+00:00,3913.0,40.0,99.79,38.0,1687.07421875,1834.8331416472793
2026-07-18T13:29:22.029417+00:00,3913.0,38.0,99.24,38.0,1687.07421875,1835.2032771781087
2026-07-18T13:29:22.409773+00:00,3913.0,40.0,100.68,38.0,1687.07421875,1835.5836319439113
2026-07-18T13:29:22.780541+00:00,3913.0,38.0,101.41,38.0,1687.07421875,1835.9544000960886
2026-07-18T13:29:23.110762+00:00,3913.0,40.0,101.39,38.0,1687.07421875,1836.2846215181053
2026-07-18T13:29:23.438665+00:00,3913.0,40.0,101.52,38.0,1687.07421875,1836.612524829805
2026-07-18T13:29:23.793369+00:00,3913.0,40.0,100.6,38.0,1687.07421875,1836.9672293439507
2026-07-18T13:29:24.173542+00:00,3913.0,38.0,102.11,38.0,1687.07421875,1837.3474022634327
2026-07-18T13:29:24.549599+00:00,3913.0,36.0,101.43,38.0,1687.07421875,1837.7234583422542
2026-07-18T13:29:24.905070+00:00,3913.0,39.0,99.83,38.0,1687.07421875,1838.078928861767
2026-07-18T13:29:25.280818+00:00,3913.0,39.0,99.4,38.0,1687.07421875,1838.4546773992479
2026-07-18T13:29:25.592666+00:00,3913.0,40.0,98.66,38.0,1687.07421875,1838.7665260657668
2026-07-18T13:29:25.969156+00:00,3913.0,38.0,100.24,38.0,1687.07421875,1839.1430150866508
2026-07-18T13:29:26.325268+00:00,3913.0,38.0,100.0,38.0,1687.07421875,1839.4991274364293
2026-07-18T13:29:26.709609+00:00,3913.0,22.0,99.12,38.0,1687.07421875,1839.8834672644734
2026-07-18T13:29:27.086678+00:00,3913.0,37.0,99.08,38.0,1687.07421875,1840.2605363763869
2026-07-18T13:29:27.418674+00:00,3913.0,41.0,99.74,38.0,1687.07421875,1840.5925335735083
2026-07-18T13:29:27.746540+00:00,3913.0,39.0,100.65,38.0,1687.07421875,1840.9203997440636
2026-07-18T13:29:28.079433+00:00,3913.0,40.0,100.55,38.0,1687.07421875,1841.2532930150628
2026-07-18T13:29:28.552007+00:00,3913.0,38.0,99.81,38.0,1687.07421875,1841.725865110755
2026-07-18T13:29:28.891787+00:00,3913.0,40.0,99.11,38.0,1687.07421875,1842.0656466186047
2026-07-18T13:29:29.241149+00:00,3913.0,40.0,99.39,38.0,1687.07421875,1842.4150081388652
2026-07-18T13:29:29.551020+00:00,3913.0,40.0,100.22,38.0,1687.07421875,1842.7248799689114
2026-07-18T13:29:29.929888+00:00,3913.0,40.0,101.36,38.0,1687.07421875,1843.1037469729781
2026-07-18T13:29:30.241188+00:00,3913.0,40.0,101.18,38.0,1687.07421875,1843.415047839284
2026-07-18T13:29:30.621440+00:00,3913.0,40.0,102.26,38.0,1687.07421875,1843.795299552381
2026-07-18T13:29:30.977225+00:00,3913.0,40.0,101.08,38.0,1687.07421875,1844.1510833762586
2026-07-18T13:29:31.333214+00:00,3913.0,40.0,101.11,38.0,1687.07421875,1844.5070742554963
2026-07-18T13:29:31.666413+00:00,3913.0,1.0,99.21,38.0,1687.07421875,1844.8402718827128
2026-07-18T13:29:32.021413+00:00,3913.0,40.0,100.22,38.0,1687.07421875,1845.1952730044723
2026-07-18T13:29:32.355851+00:00,3913.0,40.0,99.49,38.0,1687.07421875,1845.5297103635967
2026-07-18T13:29:32.825940+00:00,3913.0,40.0,100.49,38.0,1687.07421875,1845.9997980855405
2026-07-18T13:29:33.208387+00:00,3913.0,37.0,97.88,38.0,1687.07421875,1846.3822454437613
2026-07-18T13:29:33.543094+00:00,3913.0,40.0,98.1,38.0,1687.07421875,1846.7169531434774
2026-07-18T13:29:33.853371+00:00,3913.0,40.0,99.3,38.0,1687.07421875,1847.0272301994264
2026-07-18T13:29:34.361331+00:00,3913.0,2.0,96.37,38.0,1687.07421875,1847.5351901575923
2026-07-18T13:29:34.672973+00:00,3913.0,40.0,97.14,38.0,1687.07421875,1847.8468326628208
2026-07-18T13:29:35.007455+00:00,3913.0,40.0,97.68,38.0,1687.07421875,1848.1813148111105
2026-07-18T13:29:35.318813+00:00,3913.0,40.0,101.61,38.0,1687.07421875,1848.4926729761064
2026-07-18T13:29:35.674058+00:00,3913.0,40.0,101.58,38.0,1687.07421875,1848.847917303443
2026-07-18T13:29:35.985223+00:00,3913.0,0.0,99.44,38.0,1687.07421875,1849.1590815335512
2026-07-18T13:29:36.341406+00:00,3913.0,39.0,98.88,38.0,1687.07421875,1849.5152651369572
2026-07-18T13:29:36.674919+00:00,3913.0,40.0,98.5,38.0,1687.07421875,1849.8487783148885
2026-07-18T13:29:37.033019+00:00,3913.0,37.0,101.23,38.0,1687.07421875,1850.2068785987794
2026-07-18T13:29:37.413186+00:00,3913.0,39.0,101.33,38.0,1687.07421875,1850.5870456807315
2026-07-18T13:29:37.790359+00:00,3913.0,40.0,102.23,38.0,1687.07421875,1850.96421886608
2026-07-18T13:29:38.143014+00:00,3913.0,39.0,101.75,38.0,1687.07421875,1851.3168727606535
2026-07-18T13:29:38.474201+00:00,3913.0,40.0,102.25,38.0,1687.07421875,1851.6480605266988
2026-07-18T13:29:38.807648+00:00,3913.0,40.0,101.62,38.0,1687.07421875,1851.9815074428916
2026-07-18T13:29:39.217945+00:00,3913.0,3.0,100.87,38.0,1687.07421875,1852.391804303974
2026-07-18T13:29:39.550820+00:00,3913.0,39.0,99.74,38.0,1687.07421875,1852.724679235369
2026-07-18T13:29:39.905670+00:00,3913.0,40.0,99.44,38.0,1687.07421875,1853.0795288980007
2026-07-18T13:29:40.235726+00:00,3913.0,39.0,100.14,38.0,1687.07421875,1853.409585069865
2026-07-18T13:29:40.548178+00:00,3913.0,40.0,101.04,38.0,1687.07421875,1853.7220373749733
2026-07-18T13:29:40.883100+00:00,3913.0,40.0,100.86,38.0,1687.07421875,1854.0569594725966
2026-07-18T13:29:41.307561+00:00,3913.0,39.0,100.04,38.0,1687.07421875,1854.481420200318
2026-07-18T13:29:41.642873+00:00,3913.0,40.0,99.44,38.0,1687.07421875,1854.8167330436409
2026-07-18T13:29:41.975998+00:00,3913.0,38.0,99.53,38.0,1687.07421875,1855.1498542800546
2026-07-18T13:29:42.311009+00:00,3913.0,40.0,100.48,38.0,1687.07421875,1855.4848691672087
2026-07-18T13:29:42.643798+00:00,3913.0,39.0,100.69,38.0,1687.07421875,1855.817658443004
2026-07-18T13:29:43.001072+00:00,3913.0,40.0,101.21,38.0,1687.07421875,1856.1749323680997
2026-07-18T13:29:43.358797+00:00,3913.0,39.0,101.85,38.0,1687.07421875,1856.5326567478478
2026-07-18T13:29:43.695638+00:00,3913.0,40.0,103.06,38.0,1687.07421875,1856.8694980219007
2026-07-18T13:29:44.030650+00:00,3913.0,40.0,102.56,38.0,1687.07421875,1857.204509358853
2026-07-18T13:29:44.365886+00:00,3913.0,40.0,101.62,38.0,1687.07421875,1857.5397437103093
2026-07-18T13:29:44.746650+00:00,3913.0,39.0,99.24,38.0,1687.07421875,1857.920508544892
2026-07-18T13:29:45.078238+00:00,3913.0,40.0,99.34,38.0,1687.07421875,1858.2520968802273
2026-07-18T13:29:45.411459+00:00,3913.0,40.0,99.7,38.0,1687.07421875,1858.5853189863265
2026-07-18T13:29:45.764779+00:00,3913.0,39.0,101.39,38.0,1687.07421875,1858.9386395849288
2026-07-18T13:29:46.076302+00:00,3913.0,41.0,101.12,38.0,1687.07421875,1859.2501613162458
2026-07-18T13:29:46.411064+00:00,3913.0,40.0,101.18,38.0,1687.07421875,1859.5849240645766
2026-07-18T13:29:46.746941+00:00,3913.0,40.0,101.23,38.0,1687.07421875,1859.9208008907735
2026-07-18T13:29:47.136850+00:00,3913.0,22.0,100.28,38.0,1687.07421875,1860.310708872974
2026-07-18T13:29:47.493115+00:00,3913.0,39.0,99.68,38.0,1687.07421875,1860.6669752374291
2026-07-18T13:29:47.872618+00:00,3913.0,38.0,98.14,38.0,1687.07421875,1861.0464782118797
2026-07-18T13:29:48.207056+00:00,3913.0,40.0,99.65,38.0,1687.07421875,1861.380915503949
2026-07-18T13:29:48.589098+00:00,3913.0,39.0,99.68,38.0,1687.07421875,1861.762956585735
2026-07-18T13:29:48.950042+00:00,3913.0,40.0,100.85,38.0,1687.07421875,1862.1239021718502
2026-07-18T13:29:49.329339+00:00,3913.0,39.0,101.82,38.0,1687.07421875,1862.5031978748739
2026-07-18T13:29:49.667311+00:00,3913.0,20.0,100.63,38.0,1687.07421875,1862.8411703817546
2026-07-18T13:29:50.000726+00:00,3913.0,36.0,100.22,38.0,1687.07421875,1863.1745861656964
2026-07-18T13:29:50.353758+00:00,3913.0,40.0,99.11,38.0,1687.07421875,1863.5276169255376
2026-07-18T13:29:50.705612+00:00,3913.0,40.0,101.54,38.0,1687.07421875,1863.8794711455703
2026-07-18T13:29:51.084568+00:00,3913.0,40.0,102.32,38.0,1687.07421875,1864.2584276497364
2026-07-18T13:29:51.516964+00:00,3913.0,19.0,100.42,38.0,1687.07421875,1864.6908232197165
2026-07-18T13:29:51.827261+00:00,3913.0,39.0,99.67,38.0,1687.07421875,1865.001120891422
2026-07-18T13:29:52.164312+00:00,3913.0,35.0,98.25,38.0,1687.07421875,1865.3381705358624
2026-07-18T13:29:52.540943+00:00,3913.0,40.0,99.53,38.0,1687.07421875,1865.7148021496832
2026-07-18T13:29:52.897523+00:00,3913.0,40.0,100.34,38.0,1687.07421875,1866.0713827498257
2026-07-18T13:29:53.208249+00:00,3913.0,40.0,101.3,38.0,1687.07421875,1866.3821081221104
2026-07-18T13:29:53.542976+00:00,3913.0,39.0,101.19,38.0,1687.07421875,1866.716835461557
2026-07-18T13:29:53.896886+00:00,3913.0,30.0,99.5,38.0,1687.07421875,1867.0707453340292
2026-07-18T13:29:54.278493+00:00,3913.0,40.0,99.97,38.0,1687.07421875,1867.4523523449898
2026-07-18T13:29:54.611251+00:00,3913.0,40.0,100.04,38.0,1687.07421875,1867.7851110696793
2026-07-18T13:29:54.943345+00:00,3913.0,40.0,102.89,38.0,1687.07421875,1868.117205131799
2026-07-18T13:29:55.255525+00:00,3913.0,40.0,102.27,38.0,1687.24609375,1868.429382033646
2026-07-18T13:29:55.590413+00:00,3913.0,12.0,99.8,38.0,1687.24609375,1868.7642717324197
2026-07-18T13:29:55.922496+00:00,3913.0,41.0,100.73,38.0,1687.24609375,1869.0963560715318
2026-07-18T13:29:56.274666+00:00,3913.0,40.0,100.47,38.0,1687.24609375,1869.4485249221325
2026-07-18T13:29:56.626460+00:00,3913.0,41.0,103.31,38.0,1687.24609375,1869.800319377333
2026-07-18T13:29:56.957907+00:00,3913.0,41.0,103.52,38.0,1687.24609375,1870.1317667104304
2026-07-18T13:29:57.333705+00:00,3913.0,40.0,103.92,38.0,1687.24609375,1870.5075649879873
2026-07-18T13:29:57.689077+00:00,3913.0,41.0,103.2,38.0,1687.24609375,1870.8629369102418
2026-07-18T13:29:58.045713+00:00,3913.0,41.0,103.81,38.0,1687.24609375,1871.2195726297796
2026-07-18T13:29:58.420977+00:00,3913.0,41.0,104.32,38.0,1687.24609375,1871.5948368161917
2026-07-18T13:29:58.755296+00:00,3913.0,40.0,104.21,38.0,1687.24609375,1871.929155331105
2026-07-18T13:29:59.108825+00:00,3913.0,41.0,103.87,38.0,1687.24609375,1872.2826845049858
2026-07-18T13:29:59.464761+00:00,3913.0,39.0,103.89,38.0,1687.24609375,1872.6386209987104
2026-07-18T13:29:59.776536+00:00,3913.0,40.0,103.47,38.0,1687.24609375,1872.9503952041268
2026-07-18T13:30:00.165174+00:00,3913.0,2.0,101.66,38.0,1687.24609375,1873.3390324786305
2026-07-18T13:30:00.499332+00:00,3913.0,40.0,100.36,38.0,1687.25,1873.6731913983822
2026-07-18T13:30:00.877756+00:00,3913.0,40.0,100.29,38.0,1687.25390625,1874.051615100354
2026-07-18T13:30:01.209429+00:00,3913.0,40.0,101.35,38.0,1687.25390625,1874.38328871876
2026-07-18T13:30:01.561363+00:00,3913.0,40.0,101.63,38.0,1687.25390625,1874.7352219969034
2026-07-18T13:30:01.895352+00:00,3913.0,40.0,101.15,38.0,1687.2578125,1875.06921146065
2026-07-18T13:30:02.261057+00:00,3913.0,40.0,100.89,38.0,1687.2578125,1875.4349155835807
2026-07-18T13:30:02.595329+00:00,3913.0,33.0,99.23,38.0,1687.2578125,1875.7691878303885
2026-07-18T13:30:02.932034+00:00,3913.0,40.0,99.32,38.0,1687.2578125,1876.1058932356536
2026-07-18T13:30:03.305790+00:00,3913.0,40.0,99.84,38.0,1687.2578125,1876.4796490967274
2026-07-18T13:30:03.638267+00:00,3913.0,40.0,103.13,38.0,1687.2578125,1876.8121260106564
2026-07-18T13:30:04.013276+00:00,3913.0,40.0,103.34,38.0,1687.2578125,1877.1871353201568
2026-07-18T13:30:04.370775+00:00,3913.0,40.0,104.8,38.0,1687.26171875,1877.5446343198419
2026-07-18T13:30:04.749824+00:00,3913.0,40.0,103.92,38.0,1687.3203125,1877.9236711710691
2026-07-18T13:30:05.101806+00:00,3913.0,40.0,103.84,38.0,1687.3203125,1878.275666039437
2026-07-18T13:30:05.438384+00:00,3913.0,39.0,102.76,38.0,1687.32421875,1878.6122436486185
2026-07-18T13:30:05.765966+00:00,3913.0,40.0,101.75,38.0,1687.328125,1878.9398260228336
2026-07-18T13:30:06.121035+00:00,3913.0,41.0,102.03,38.0,1687.328125,1879.294894836843
2026-07-18T13:30:06.579204+00:00,3913.0,39.0,102.51,38.0,1687.328125,1879.7530612796545
2026-07-18T13:30:06.957772+00:00,3913.0,39.0,100.96,38.0,1687.328125,1880.1316311694682
2026-07-18T13:30:07.317281+00:00,3913.0,40.0,100.17,38.0,1687.328125,1880.4911413304508
2026-07-18T13:30:07.646719+00:00,3913.0,39.0,101.58,38.0,1687.33203125,1880.8205787613988
2026-07-18T13:30:08.004971+00:00,3913.0,39.0,102.37,38.0,1687.3359375,1881.1788296736777
2026-07-18T13:30:08.335289+00:00,3913.0,38.0,102.11,38.0,1687.3359375,1881.5091487430036
2026-07-18T13:30:08.693477+00:00,3913.0,39.0,102.18,38.0,1687.33984375,1881.8673370182514
2026-07-18T13:30:09.027640+00:00,3913.0,40.0,101.55,38.0,1687.33984375,1882.2014998160303
2026-07-18T13:30:09.400883+00:00,3913.0,40.0,102.17,38.0,1687.33984375,1882.5747416503727
2026-07-18T13:30:09.799287+00:00,3913.0,39.0,102.2,38.0,1687.34375,1882.9731465391815
2026-07-18T13:30:10.135324+00:00,3913.0,39.0,102.05,38.0,1687.34765625,1883.309182703495
2026-07-18T13:30:10.517653+00:00,3913.0,39.0,102.33,38.0,1687.34765625,1883.6915112696588
2026-07-18T13:30:10.852856+00:00,3913.0,40.0,102.37,38.0,1687.359375,1884.026715669781
2026-07-18T13:30:11.191664+00:00,3913.0,37.0,102.15,38.0,1687.36328125,1884.365522608161
2026-07-18T13:30:11.527399+00:00,3913.0,40.0,101.62,38.0,1687.36328125,1884.701258148998
2026-07-18T13:30:11.858937+00:00,3913.0,40.0,101.83,38.0,1687.37109375,1885.0327974706888
2026-07-18T13:30:12.187432+00:00,3913.0,41.0,101.44,38.0,1687.37890625,1885.3612907081842
2026-07-18T13:30:12.519638+00:00,3913.0,40.0,99.81,38.0,1687.37890625,1885.6934969760478
2026-07-18T13:30:12.855112+00:00,3913.0,40.0,99.49,38.0,1687.37890625,1886.0289712138474
2026-07-18T13:30:13.186544+00:00,3913.0,23.0,96.86,38.0,1687.37890625,1886.3604040779173
2026-07-18T13:30:13.540696+00:00,3913.0,40.0,98.91,38.0,1687.37890625,1886.7145551145077
2026-07-18T13:30:13.916801+00:00,3913.0,39.0,99.72,38.0,1687.5078125,1887.090657696128
2026-07-18T13:30:14.277372+00:00,3913.0,0.0,100.35,38.0,1687.5078125,1887.4512290880084
2026-07-18T13:30:14.589769+00:00,3913.0,39.0,99.91,38.0,1687.5078125,1887.7636293843389
2026-07-18T13:30:14.922498+00:00,3913.0,40.0,99.07,38.0,1687.5078125,1888.0963579975069
2026-07-18T13:30:15.276714+00:00,3913.0,40.0,101.77,38.0,1687.5078125,1888.4505734704435
2026-07-18T13:30:15.606425+00:00,3913.0,39.0,101.86,38.0,1687.5078125,1888.7802846059203
2026-07-18T13:30:15.952838+00:00,3913.0,40.0,102.18,38.0,1687.5078125,1889.1266980431974
2026-07-18T13:30:16.287243+00:00,3913.0,41.0,101.72,38.0,1687.5078125,1889.4611031264067
2026-07-18T13:30:16.623667+00:00,3913.0,36.0,102.01,38.0,1687.5078125,1889.7975265197456
2026-07-18T13:30:16.957041+00:00,3913.0,40.0,101.75,38.0,1687.5078125,1890.1309001743793
2026-07-18T13:30:17.318336+00:00,3913.0,40.0,101.9,38.0,1687.5078125,1890.492195289582
2026-07-18T13:30:17.697406+00:00,3913.0,40.0,102.1,38.0,1687.5078125,1890.8712655715644
2026-07-18T13:30:18.052725+00:00,3913.0,41.0,102.33,38.0,1687.5078125,1891.2265847586095
2026-07-18T13:30:18.383557+00:00,3913.0,41.0,103.22,38.0,1687.5078125,1891.5574162900448
2026-07-18T13:30:18.733965+00:00,3913.0,41.0,103.33,38.0,1687.5078125,1891.907823715359
2026-07-18T13:30:19.067274+00:00,3913.0,41.0,103.15,38.0,1687.5078125,1892.2411342561245
2026-07-18T13:30:19.396401+00:00,3913.0,40.0,102.31,38.0,1687.5078125,1892.5702601857483
2026-07-18T13:30:19.857819+00:00,3913.0,40.0,102.49,38.0,1687.5078125,1893.0316771566868
2026-07-18T13:30:20.173381+00:00,3913.0,39.0,99.94,38.0,1687.5078125,1893.347240742296
2026-07-18T13:30:20.528688+00:00,3913.0,39.0,99.7,38.0,1687.5078125,1893.7025480642915
2026-07-18T13:30:20.863296+00:00,3913.0,40.0,100.55,38.0,1687.5078125,1894.037154942751
2026-07-18T13:30:21.245649+00:00,3913.0,40.0,102.51,38.0,1687.5078125,1894.4195077903569
2026-07-18T13:30:21.562067+00:00,3913.0,39.0,101.62,38.0,1687.5078125,1894.7359270974994
2026-07-18T13:30:21.894672+00:00,3913.0,8.0,99.5,38.0,1687.5078125,1895.0685308538377
2026-07-18T13:30:22.250455+00:00,3913.0,40.0,99.79,38.0,1687.5078125,1895.4243138357997
2026-07-18T13:30:22.601061+00:00,3913.0,37.0,100.4,38.0,1687.5078125,1895.7749215625226
2026-07-18T13:30:22.934597+00:00,3913.0,40.0,102.66,38.0,1687.5078125,1896.1084565892816
2026-07-18T13:30:23.313308+00:00,3913.0,40.0,102.56,38.0,1687.5078125,1896.4871679767966
2026-07-18T13:30:23.669339+00:00,3913.0,39.0,102.47,38.0,1687.5078125,1896.84319742769
2026-07-18T13:30:24.031357+00:00,3913.0,40.0,101.99,38.0,1687.5078125,1897.2052154429257
2026-07-18T13:30:24.464578+00:00,3913.0,39.0,101.41,38.0,1687.51171875,1897.638436563313
2026-07-18T13:30:24.803762+00:00,3913.0,39.0,99.39,38.0,1687.51171875,1897.9776218868792
2026-07-18T13:30:25.222248+00:00,3913.0,39.0,99.17,38.0,1687.51171875,1898.396104928106
2026-07-18T13:30:25.559176+00:00,3913.0,40.0,100.15,38.0,1687.515625,1898.7330355495214
2026-07-18T13:30:25.895122+00:00,3913.0,40.0,100.04,38.0,1687.515625,1899.0689816474915
2026-07-18T13:30:26.277644+00:00,3913.0,39.0,102.09,38.0,1687.515625,1899.4515035562217
2026-07-18T13:30:26.657093+00:00,3913.0,39.0,101.53,38.0,1687.515625,1899.8309528678656
2026-07-18T13:30:26.998386+00:00,3913.0,40.0,101.44,38.0,1687.515625,1900.1722434982657
2026-07-18T13:30:27.381348+00:00,3913.0,40.0,101.29,38.0,1687.515625,1900.5552075393498
2026-07-18T13:30:27.722463+00:00,3913.0,40.0,102.42,38.0,1687.515625,1900.8963231109083
2026-07-18T13:30:28.101721+00:00,3913.0,40.0,103.24,38.0,1687.515625,1901.2755806334317
2026-07-18T13:30:28.481777+00:00,3913.0,39.0,103.19,38.0,1687.515625,1901.65563544631
2026-07-18T13:30:28.862707+00:00,3913.0,40.0,102.63,38.0,1687.515625,1902.0365664325655
2026-07-18T13:30:29.241207+00:00,3913.0,40.0,102.47,38.0,1687.515625,1902.4150663428009
2026-07-18T13:30:29.599340+00:00,3913.0,39.0,102.61,38.0,1687.515625,1902.7731986790895
2026-07-18T13:30:29.934933+00:00,3913.0,39.0,102.03,38.0,1687.515625,1903.10879265517
2026-07-18T13:30:30.254237+00:00,3913.0,40.0,101.26,38.0,1687.515625,1903.4280969277024
2026-07-18T13:30:30.726778+00:00,3913.0,25.0,100.14,38.0,1687.51953125,1903.9006357640028
2026-07-18T13:30:31.085731+00:00,3913.0,36.0,100.26,38.0,1687.51953125,1904.2595894932747
2026-07-18T13:30:31.470259+00:00,3913.0,38.0,99.8,38.0,1687.51953125,1904.6441182866693
2026-07-18T13:30:31.803294+00:00,3913.0,40.0,102.08,38.0,1687.51953125,1904.9771534912288
2026-07-18T13:30:32.186980+00:00,3913.0,40.0,101.97,38.0,1687.51953125,1905.360838379711
2026-07-18T13:30:32.519329+00:00,3913.0,39.0,101.74,38.0,1687.51953125,1905.6931883953512
2026-07-18T13:30:32.906800+00:00,3913.0,0.0,99.15,38.0,1687.5234375,1906.0806575976312
2026-07-18T13:30:33.294584+00:00,3913.0,40.0,98.54,38.0,1687.5234375,1906.468443736434
2026-07-18T13:30:33.653384+00:00,3913.0,36.0,98.69,38.0,1687.5234375,1906.8272433429956
2026-07-18T13:30:34.013131+00:00,3913.0,39.0,100.89,38.0,1687.5234375,1907.1869909726083
2026-07-18T13:30:34.346961+00:00,3913.0,27.0,100.09,38.0,1687.52734375,1907.5208201184869
2026-07-18T13:30:34.721758+00:00,3913.0,37.0,100.06,38.0,1687.52734375,1907.8956167846918
2026-07-18T13:30:35.041075+00:00,3913.0,31.0,98.77,38.0,1687.52734375,1908.2149337641895
2026-07-18T13:30:35.356950+00:00,3913.0,40.0,100.56,38.0,1687.52734375,1908.5308091193438
2026-07-18T13:30:35.685091+00:00,3913.0,38.0,100.46,38.0,1687.52734375,1908.8589501418173
2026-07-18T13:30:36.114374+00:00,3913.0,41.0,100.64,38.0,1687.52734375,1909.2882312647998
2026-07-18T13:30:36.481464+00:00,3913.0,39.0,99.57,38.0,1687.53125,1909.6553236022592
2026-07-18T13:30:36.838072+00:00,3913.0,38.0,98.68,38.0,1687.53125,1910.0119313709438
2026-07-18T13:30:37.205827+00:00,3913.0,40.0,100.28,38.0,1687.53125,1910.3796864561737
2026-07-18T13:30:37.543181+00:00,3913.0,38.0,100.75,38.0,1687.53125,1910.7170399837196
2026-07-18T13:30:37.889418+00:00,3913.0,38.0,101.07,38.0,1687.53125,1911.0632771998644
2026-07-18T13:30:38.268796+00:00,3913.0,37.0,101.41,38.0,1687.53125,1911.4426556304097
2026-07-18T13:30:38.581590+00:00,3913.0,37.0,101.7,38.0,1687.53125,1911.7554495334625
2026-07-18T13:30:38.938454+00:00,3913.0,38.0,101.3,38.0,1687.53125,1912.1123127117753
2026-07-18T13:30:39.296284+00:00,3913.0,39.0,101.44,38.0,1687.53125,1912.4701428711414
2026-07-18T13:30:39.681274+00:00,3913.0,38.0,102.5,38.0,1687.53125,1912.8551329150796
2026-07-18T13:30:40.011686+00:00,3913.0,39.0,102.2,38.0,1687.53125,1913.1855455487967
2026-07-18T13:30:40.419772+00:00,3913.0,38.0,101.1,38.0,1687.53125,1913.593630310148
2026-07-18T13:30:40.784675+00:00,3913.0,39.0,98.9,38.0,1687.53515625,1913.9585348665714
2026-07-18T13:30:41.120333+00:00,3913.0,38.0,99.36,38.0,1687.53515625,1914.2941921390593
2026-07-18T13:30:41.485583+00:00,3913.0,38.0,101.04,38.0,1687.53515625,1914.6594423763454
2026-07-18T13:30:41.859379+00:00,3913.0,0.0,99.92,38.0,1687.5390625,1915.0332382507622
2026-07-18T13:30:42.191598+00:00,3913.0,37.0,99.87,38.0,1686.33984375,1915.3654577843845
2026-07-18T13:30:42.528179+00:00,3913.0,38.0,99.43,38.0,1686.34765625,1915.7020384073257
2026-07-18T13:30:42.886589+00:00,3913.0,37.0,100.68,38.0,1686.34765625,1916.0604477189481
2026-07-18T13:30:43.272263+00:00,3913.0,40.0,101.0,38.0,1686.34765625,1916.4461218453944
2026-07-18T13:30:43.668573+00:00,3913.0,9.0,98.97,38.0,1686.44140625,1916.842432193458
2026-07-18T13:30:44.004978+00:00,3913.0,37.0,99.12,38.0,1686.44140625,1917.178837813437
2026-07-18T13:30:44.353822+00:00,3913.0,37.0,99.34,38.0,1686.44140625,1917.5276813320816
2026-07-18T13:30:44.701251+00:00,3913.0,40.0,101.02,38.0,1686.44140625,1917.8751110322773
2026-07-18T13:30:45.035115+00:00,3913.0,39.0,101.87,38.0,1686.44140625,1918.2089737653732
2026-07-18T13:30:45.390508+00:00,3913.0,40.0,101.59,38.0,1686.44140625,1918.5643673464656
2026-07-18T13:30:45.723795+00:00,3913.0,39.0,101.38,38.0,1686.44140625,1918.8976544477046
2026-07-18T13:30:46.063236+00:00,3913.0,38.0,100.71,38.0,1686.44140625,1919.237095683813
2026-07-18T13:30:46.395035+00:00,3913.0,38.0,100.96,38.0,1686.44140625,1919.5688950940967
2026-07-18T13:30:46.772980+00:00,3913.0,40.0,101.73,38.0,1686.44140625,1919.9468395523727
2026-07-18T13:30:47.133408+00:00,3913.0,40.0,102.67,38.0,1686.44140625,1920.307267948985
2026-07-18T13:30:47.513828+00:00,3913.0,40.0,102.93,38.0,1686.44140625,1920.6876871287823
2026-07-18T13:30:47.873159+00:00,3913.0,40.0,103.82,38.0,1686.44140625,1921.047019213438
2026-07-18T13:30:48.203877+00:00,3913.0,39.0,102.58,38.0,1686.44140625,1921.3777357041836
2026-07-18T13:30:48.557430+00:00,3913.0,40.0,102.73,38.0,1686.44140625,1921.731289613992
2026-07-18T13:30:48.913526+00:00,3913.0,40.0,101.84,38.0,1686.44140625,1922.0873859114945
2026-07-18T13:30:49.269288+00:00,3913.0,39.0,103.01,38.0,1686.44140625,1922.4431484229863
2026-07-18T13:30:49.626250+00:00,3913.0,39.0,101.71,38.0,1686.4453125,1922.8001086115837
2026-07-18T13:30:49.986204+00:00,3913.0,40.0,100.1,38.0,1686.4453125,1923.1600634790957
2026-07-18T13:30:50.322741+00:00,3913.0,40.0,99.96,38.0,1686.4453125,1923.496599059552
2026-07-18T13:30:50.651609+00:00,3913.0,40.0,100.68,38.0,1686.4453125,1923.8254681564867
2026-07-18T13:30:50.988487+00:00,3913.0,40.0,101.42,38.0,1686.4453125,1924.162345405668
2026-07-18T13:30:51.415192+00:00,3913.0,16.0,100.38,38.0,1686.44921875,1924.589050527662
2026-07-18T13:30:51.801744+00:00,3913.0,40.0,100.42,38.0,1686.44921875,1924.975603442639
2026-07-18T13:30:52.152930+00:00,3913.0,40.0,100.47,38.0,1686.44921875,1925.3267889283597
2026-07-18T13:30:52.492044+00:00,3913.0,40.0,102.21,38.0,1686.44921875,1925.6659036278725
2026-07-18T13:30:52.848607+00:00,3913.0,41.0,101.89,38.0,1686.44921875,1926.0224663466215
2026-07-18T13:30:53.183025+00:00,3913.0,39.0,102.29,38.0,1686.44921875,1926.3568843640387
2026-07-18T13:30:53.546446+00:00,3913.0,40.0,102.65,38.0,1686.44921875,1926.7203055359423
2026-07-18T13:30:53.929017+00:00,3913.0,39.0,103.12,38.0,1686.44921875,1927.1028757058084
2026-07-18T13:30:54.267142+00:00,3913.0,40.0,103.35,38.0,1686.44921875,1927.441001214087
2026-07-18T13:30:54.607233+00:00,3913.0,41.0,103.21,38.0,1686.44921875,1927.7810924053192
2026-07-18T13:30:54.969560+00:00,3913.0,39.0,102.14,38.0,1686.44921875,1928.1434182077646
2026-07-18T13:30:55.321705+00:00,3913.0,41.0,102.66,38.0,1686.44921875,1928.495564531535
2026-07-18T13:30:55.679881+00:00,3913.0,41.0,102.36,38.0,1686.44921875,1928.8537408262491
2026-07-18T13:30:55.994386+00:00,3913.0,40.0,102.83,38.0,1686.44921875,1929.1682447083294
2026-07-18T13:30:56.357320+00:00,3913.0,38.0,101.0,38.0,1686.453125,1929.5311779230833
2026-07-18T13:30:56.695043+00:00,3913.0,39.0,100.24,38.0,1686.453125,1929.868901975453
2026-07-18T13:30:57.077473+00:00,3913.0,39.0,99.76,38.0,1686.453125,1930.2513316199183
2026-07-18T13:30:57.413183+00:00,3913.0,40.0,100.71,38.0,1686.453125,1930.587041888386
2026-07-18T13:30:57.765083+00:00,3913.0,39.0,101.08,38.0,1686.453125,1930.9389412254095
2026-07-18T13:30:58.141829+00:00,3913.0,39.0,101.26,38.0,1686.453125,1931.315688226372
2026-07-18T13:30:58.497918+00:00,3913.0,39.0,101.32,38.0,1686.453125,1931.6717772223055
2026-07-18T13:30:58.861230+00:00,3913.0,37.0,101.84,38.0,1686.453125,1932.0350882560015
2026-07-18T13:30:59.241657+00:00,3913.0,40.0,103.73,38.0,1686.453125,1932.4155156053603
2026-07-18T13:30:59.613263+00:00,3913.0,18.0,101.75,38.0,1686.5078125,1932.7871213518083
2026-07-18T13:30:59.994806+00:00,3913.0,38.0,101.02,38.0,1686.5078125,1933.168664675206
2026-07-18T13:31:00.332188+00:00,3913.0,40.0,99.17,38.0,1686.5078125,1933.506047040224
2026-07-18T13:31:00.742860+00:00,3913.0,3.0,98.83,38.0,1686.51171875,1933.916718263179
2026-07-18T13:31:01.120463+00:00,3913.0,38.0,99.33,38.0,1686.51171875,1934.2943139262497
2026-07-18T13:31:01.452126+00:00,3913.0,39.0,99.42,38.0,1686.51171875,1934.6259853504598
2026-07-18T13:31:01.829869+00:00,3913.0,39.0,101.63,38.0,1686.51171875,1935.0037289895117
2026-07-18T13:31:02.180835+00:00,3913.0,39.0,101.64,38.0,1686.51171875,1935.3546896390617
2026-07-18T13:31:02.544448+00:00,3913.0,38.0,102.32,38.0,1686.51171875,1935.7183068729937
2026-07-18T13:31:02.925500+00:00,3913.0,38.0,102.19,38.0,1686.51171875,1936.0993591919541
2026-07-18T13:31:03.298196+00:00,3913.0,39.0,102.29,38.0,1686.51171875,1936.4720549471676
2026-07-18T13:31:03.635221+00:00,3913.0,39.0,100.11,38.0,1686.515625,1936.809077102691
2026-07-18T13:31:03.970821+00:00,3913.0,39.0,99.72,38.0,1686.515625,1937.1446795351803
2026-07-18T13:31:04.307023+00:00,3913.0,39.0,98.91,38.0,1686.515625,1937.4808820448816
2026-07-18T13:31:04.642901+00:00,3913.0,39.0,100.57,38.0,1686.515625,1937.8167607672513
2026-07-18T13:31:05.000577+00:00,3913.0,39.0,100.98,38.0,1686.515625,1938.1744359657168
2026-07-18T13:31:05.357588+00:00,3913.0,40.0,101.34,38.0,1686.515625,1938.5314454622567
2026-07-18T13:31:05.713808+00:00,3913.0,40.0,101.65,38.0,1686.515625,1938.887666888535
2026-07-18T13:31:06.085903+00:00,3913.0,40.0,101.5,38.0,1686.515625,1939.2597621902823
2026-07-18T13:31:06.415411+00:00,3913.0,39.0,99.42,38.0,1686.515625,1939.5892706178129
2026-07-18T13:31:06.797218+00:00,3913.0,40.0,100.16,38.0,1686.515625,1939.9710770435631
2026-07-18T13:31:07.160440+00:00,3913.0,39.0,99.94,38.0,1686.515625,1940.3342987149954
2026-07-18T13:31:07.520539+00:00,3913.0,40.0,102.64,38.0,1686.515625,1940.694398675114
2026-07-18T13:31:07.877018+00:00,3913.0,39.0,101.78,38.0,1686.515625,1941.050878111273
2026-07-18T13:31:08.300001+00:00,3913.0,35.0,102.3,38.0,1686.515625,1941.4738575853407
2026-07-18T13:31:08.639359+00:00,3913.0,39.0,100.72,38.0,1686.51953125,1941.8132182322443
2026-07-18T13:31:09.010332+00:00,3913.0,38.0,100.98,38.0,1686.51953125,1942.1841909065843
2026-07-18T13:31:09.346870+00:00,3913.0,40.0,102.57,38.0,1686.51953125,1942.5207280553877
2026-07-18T13:31:09.659785+00:00,3913.0,40.0,101.74,38.0,1686.51953125,1942.8336443193257
2026-07-18T13:31:09.995172+00:00,3913.0,40.0,101.53,38.0,1686.51953125,1943.1690315008163
2026-07-18T13:31:10.335130+00:00,3913.0,39.0,102.32,38.0,1686.51953125,1943.5089885108173
2026-07-18T13:31:10.693744+00:00,3913.0,40.0,102.54,38.0,1686.51953125,1943.8676037825644
2026-07-18T13:31:11.026962+00:00,3913.0,40.0,103.66,38.0,1686.51953125,1944.2008213996887
2026-07-18T13:31:11.362674+00:00,3913.0,40.0,102.35,38.0,1686.51953125,1944.536533638835
2026-07-18T13:31:11.721245+00:00,3913.0,40.0,102.64,38.0,1686.51953125,1944.8951046429574
2026-07-18T13:31:12.056171+00:00,3913.0,41.0,102.39,38.0,1686.51953125,1945.2300310060382
2026-07-18T13:31:12.516951+00:00,3913.0,28.0,100.97,38.0,1686.5234375,1945.690810278058
2026-07-18T13:31:12.851937+00:00,3913.0,39.0,100.12,38.0,1686.5234375,1946.0257955119014
2026-07-18T13:31:13.186846+00:00,3913.0,40.0,99.38,38.0,1686.5234375,1946.3607060164213
2026-07-18T13:31:13.545215+00:00,3913.0,40.0,100.59,38.0,1686.5234375,1946.7190743386745
2026-07-18T13:31:13.882672+00:00,3913.0,40.0,101.12,38.0,1686.5234375,1947.056531727314
2026-07-18T13:31:14.266729+00:00,3913.0,39.0,101.57,38.0,1686.5234375,1947.4405882656574
2026-07-18T13:31:14.603378+00:00,3913.0,40.0,102.19,38.0,1686.5234375,1947.7772375382483
2026-07-18T13:31:14.939983+00:00,3913.0,40.0,102.0,38.0,1686.5234375,1948.113842189312
2026-07-18T13:31:15.297281+00:00,3913.0,2.0,100.5,38.0,1686.52734375,1948.4711403362453
2026-07-18T13:31:15.631726+00:00,3913.0,40.0,99.78,38.0,1686.52734375,1948.805585771799
2026-07-18T13:31:15.967410+00:00,3913.0,40.0,99.32,38.0,1686.52734375,1949.141269724816
2026-07-18T13:31:16.321056+00:00,3913.0,40.0,101.62,38.0,1686.52734375,1949.494915354997
2026-07-18T13:31:16.704818+00:00,3913.0,40.0,101.82,38.0,1686.52734375,1949.8786776699126
2026-07-18T13:31:17.061744+00:00,3913.0,39.0,100.06,38.0,1686.53125,1950.23560346663
2026-07-18T13:31:17.395473+00:00,3913.0,40.0,99.73,38.0,1686.53125,1950.5693329274654
2026-07-18T13:31:17.749281+00:00,3913.0,40.0,99.43,38.0,1686.53125,1950.923140551895
2026-07-18T13:31:18.106036+00:00,3913.0,38.0,102.02,38.0,1686.53125,1951.2798952795565
2026-07-18T13:31:18.459202+00:00,3913.0,40.0,101.91,38.0,1686.53125,1951.6330618150532
2026-07-18T13:31:18.837242+00:00,3913.0,41.0,101.83,38.0,1686.53125,1952.011100616306
2026-07-18T13:31:19.171741+00:00,3913.0,41.0,101.86,38.0,1686.53125,1952.345600925386
2026-07-18T13:31:19.507052+00:00,3913.0,40.0,102.49,38.0,1686.53125,1952.6809115111828
2026-07-18T13:31:19.885152+00:00,3913.0,39.0,103.28,38.0,1686.53125,1953.0590119287372
2026-07-18T13:31:20.200101+00:00,3913.0,40.0,102.47,38.0,1686.53125,1953.3739601746202
2026-07-18T13:31:20.557792+00:00,3913.0,41.0,102.79,38.0,1686.53125,1953.7316519916058
2026-07-18T13:31:20.893998+00:00,3913.0,41.0,102.19,38.0,1686.53125,1954.0678565204144
2026-07-18T13:31:21.226919+00:00,3913.0,10.0,99.84,38.0,1686.53515625,1954.4007782489061
2026-07-18T13:31:21.609305+00:00,3913.0,40.0,100.98,38.0,1686.53515625,1954.7831635847688
2026-07-18T13:31:21.993365+00:00,3913.0,40.0,100.84,38.0,1686.53515625,1955.1672239676118
2026-07-18T13:31:22.324697+00:00,3913.0,40.0,102.51,38.0,1686.53515625,1955.4985575042665
2026-07-18T13:31:22.654803+00:00,3913.0,40.0,101.8,38.0,1686.53515625,1955.8286626115441
2026-07-18T13:31:23.037442+00:00,3913.0,40.0,102.25,38.0,1686.53515625,1956.211301561445
2026-07-18T13:31:23.413468+00:00,3913.0,40.0,102.65,38.0,1686.53515625,1956.5873275510967
2026-07-18T13:31:23.773527+00:00,3913.0,40.0,102.14,38.0,1686.53515625,1956.947385340929
2026-07-18T13:31:24.156800+00:00,3913.0,40.0,101.72,38.0,1686.53515625,1957.3306594863534
2026-07-18T13:31:24.512868+00:00,3913.0,40.0,102.27,38.0,1686.53515625,1957.6867276877165
2026-07-18T13:31:24.846826+00:00,3913.0,38.0,102.38,38.0,1686.53515625,1958.0206846296787
2026-07-18T13:31:25.177751+00:00,3913.0,40.0,102.06,38.0,1686.53515625,1958.3516102097929
2026-07-18T13:31:25.537920+00:00,3913.0,40.0,101.61,38.0,1686.53515625,1958.7117789760232
2026-07-18T13:31:25.871761+00:00,3913.0,40.0,101.67,38.0,1686.53515625,1959.0456203818321
2026-07-18T13:31:26.229503+00:00,3913.0,40.0,102.08,38.0,1686.53515625,1959.4033619984984
2026-07-18T13:31:26.615119+00:00,3913.0,40.0,103.15,38.0,1686.53515625,1959.788977060467
2026-07-18T13:31:26.973657+00:00,3913.0,10.0,100.84,38.0,1686.5390625,1960.1475154273212
2026-07-18T13:31:27.286831+00:00,3913.0,39.0,100.92,38.0,1686.5390625,1960.4606909826398
2026-07-18T13:31:27.642491+00:00,3913.0,39.0,99.29,38.0,1686.5390625,1960.8163494318724
2026-07-18T13:31:28.021506+00:00,3913.0,40.0,101.56,38.0,1686.5390625,1961.1953658163548
2026-07-18T13:31:28.377193+00:00,3913.0,40.0,101.92,38.0,1686.5390625,1961.5510523952544
2026-07-18T13:31:28.807505+00:00,3913.0,39.0,101.94,38.0,1686.5390625,1961.9813638813794
2026-07-18T13:31:29.124669+00:00,3913.0,39.0,99.57,38.0,1686.54296875,1962.298529110849
2026-07-18T13:31:29.477265+00:00,3913.0,40.0,100.22,38.0,1686.54296875,1962.6511237062514
2026-07-18T13:31:29.811229+00:00,3913.0,40.0,101.2,38.0,1686.546875,1962.985088326037
2026-07-18T13:31:30.153102+00:00,3913.0,40.0,102.1,38.0,1686.546875,1963.3269613347948
2026-07-18T13:31:30.537671+00:00,3913.0,40.0,102.2,38.0,1686.546875,1963.711531035602
2026-07-18T13:31:30.946504+00:00,3913.0,40.0,101.64,38.0,1686.546875,1964.1203617304564
2026-07-18T13:31:31.333598+00:00,3913.0,40.0,99.8,38.0,1686.5546875,1964.5074579156935
2026-07-18T13:31:31.664145+00:00,3913.0,40.0,100.13,38.0,1686.5546875,1964.8380054421723
2026-07-18T13:31:31.999587+00:00,3913.0,40.0,102.15,38.0,1686.5546875,1965.1734464541078
2026-07-18T13:31:32.353961+00:00,3913.0,40.0,101.38,38.0,1686.5546875,1965.5278200693429
2026-07-18T13:31:32.713022+00:00,3913.0,40.0,101.02,38.0,1686.5546875,1965.886880915612
2026-07-18T13:31:33.073208+00:00,3913.0,25.0,99.54,38.0,1686.5625,1966.247066475451
2026-07-18T13:31:33.407455+00:00,3913.0,40.0,99.89,38.0,1686.73828125,1966.5813147425652
2026-07-18T13:31:33.784654+00:00,3913.0,40.0,100.26,38.0,1686.73828125,1966.9585135355592
2026-07-18T13:31:34.097249+00:00,3913.0,40.0,101.81,38.0,1686.73828125,1967.2711086310446
2026-07-18T13:31:34.453487+00:00,3913.0,4.0,99.41,38.0,1688.4765625,1967.6273466870189
2026-07-18T13:31:34.829652+00:00,3913.0,40.0,100.99,38.0,1688.4765625,1968.0035113245249
2026-07-18T13:31:35.146165+00:00,3913.0,40.0,100.95,38.0,1688.4765625,1968.3200247511268
2026-07-18T13:31:35.573718+00:00,3913.0,0.0,99.67,38.0,1688.48828125,1968.7475772947073
2026-07-18T13:31:35.903727+00:00,3913.0,40.0,99.82,38.0,1688.48828125,1969.0775863975286
2026-07-18T13:31:36.235447+00:00,3913.0,40.0,99.79,38.0,1688.48828125,1969.409307308495
2026-07-18T13:31:36.613927+00:00,3913.0,40.0,103.26,38.0,1688.48828125,1969.7877855338156
2026-07-18T13:31:36.951481+00:00,3913.0,41.0,103.29,38.0,1688.48828125,1970.1253404319286
2026-07-18T13:31:37.287210+00:00,3913.0,32.0,101.82,38.0,1688.5,1970.4610687196255
2026-07-18T13:31:37.665319+00:00,3913.0,40.0,100.53,38.0,1688.5,1970.8391792401671
2026-07-18T13:31:37.999455+00:00,3913.0,39.0,99.5,38.0,1688.5,1971.173313435167
2026-07-18T13:31:38.330040+00:00,3913.0,40.0,101.01,38.0,1688.5,1971.5038993395865
2026-07-18T13:31:38.684556+00:00,3913.0,38.0,100.58,38.0,1688.5,1971.8584125824273
2026-07-18T13:31:39.069763+00:00,3913.0,40.0,101.66,38.0,1688.56640625,1972.2436212487519
2026-07-18T13:31:39.402626+00:00,3913.0,39.0,102.55,38.0,1688.56640625,1972.576485939324
2026-07-18T13:31:39.785446+00:00,3913.0,40.0,102.41,38.0,1688.56640625,1972.9593051038682
2026-07-18T13:31:40.157592+00:00,3913.0,40.0,101.98,38.0,1688.56640625,1973.331451408565
2026-07-18T13:31:40.493311+00:00,3913.0,40.0,101.53,38.0,1688.56640625,1973.6671707443893
2026-07-18T13:31:40.830093+00:00,3913.0,31.0,99.42,38.0,1688.5859375,1974.003951601684
2026-07-18T13:31:41.202327+00:00,3913.0,39.0,99.79,38.0,1688.5859375,1974.3761868476868
2026-07-18T13:31:41.557712+00:00,3913.0,40.0,100.39,38.0,1688.5859375,1974.7315721288323
2026-07-18T13:31:41.887141+00:00,3913.0,40.0,101.54,38.0,1688.5859375,1975.0610002093017
2026-07-18T13:31:42.274705+00:00,3913.0,40.0,103.04,38.0,1688.5859375,1975.4485643953085
2026-07-18T13:31:42.611275+00:00,3913.0,40.0,102.73,38.0,1688.5859375,1975.7851352989674
2026-07-18T13:31:42.979458+00:00,3913.0,3.0,101.95,38.0,1688.59765625,1976.1533159837127
2026-07-18T13:31:43.335404+00:00,3913.0,40.0,101.0,38.0,1688.59765625,1976.5092622712255
2026-07-18T13:31:43.648225+00:00,3913.0,40.0,100.9,38.0,1688.59765625,1976.822084326297
2026-07-18T13:31:43.985546+00:00,3913.0,41.0,103.4,38.0,1688.59765625,1977.1594043783844
2026-07-18T13:31:44.361006+00:00,3913.0,40.0,103.14,38.0,1688.59765625,1977.534866001457
2026-07-18T13:31:44.699368+00:00,3913.0,41.0,103.4,38.0,1688.59765625,1977.873227443546
2026-07-18T13:31:45.144161+00:00,3913.0,40.0,103.12,38.0,1688.59765625,1978.3180191777647
2026-07-18T13:31:45.505548+00:00,3913.0,40.0,101.05,38.0,1688.61328125,1978.679406631738
2026-07-18T13:31:45.878008+00:00,3913.0,39.0,100.79,38.0,1688.61328125,1979.051866620779
2026-07-18T13:31:46.234675+00:00,3913.0,40.0,102.09,38.0,1688.61328125,1979.4085341580212
2026-07-18T13:31:46.579321+00:00,3913.0,40.0,102.18,38.0,1688.61328125,1979.7531809285283
2026-07-18T13:31:46.911543+00:00,3913.0,41.0,101.51,38.0,1688.61328125,1980.0854017436504
2026-07-18T13:31:47.291048+00:00,3913.0,40.0,101.39,38.0,1688.61328125,1980.4649064987898
2026-07-18T13:31:47.627595+00:00,3913.0,39.0,101.26,38.0,1688.61328125,1980.80145419389
2026-07-18T13:31:47.987031+00:00,3913.0,39.0,101.37,38.0,1688.61328125,1981.1608895286918
2026-07-18T13:31:48.369004+00:00,3913.0,40.0,102.04,38.0,1688.61328125,1981.5428537465632
2026-07-18T13:31:48.744821+00:00,3913.0,40.0,101.98,38.0,1688.61328125,1981.9186811000109
2026-07-18T13:31:49.079831+00:00,3913.0,40.0,102.49,38.0,1688.61328125,1982.2536903582513
2026-07-18T13:31:49.487700+00:00,3913.0,29.0,101.54,38.0,1688.625,1982.6615515351295
2026-07-18T13:31:49.849219+00:00,3913.0,40.0,99.8,38.0,1688.62890625,1983.0230784416199
2026-07-18T13:31:50.183509+00:00,3913.0,40.0,100.19,38.0,1688.62890625,1983.3573685623705
2026-07-18T13:31:50.541590+00:00,3913.0,40.0,101.78,38.0,1688.62890625,1983.7154493816197
2026-07-18T13:31:50.893233+00:00,3913.0,40.0,101.56,38.0,1688.62890625,1984.067091781646
2026-07-18T13:31:51.231778+00:00,3913.0,40.0,101.39,38.0,1688.62890625,1984.4056372344494
2026-07-18T13:31:51.567544+00:00,3913.0,34.0,101.66,38.0,1688.62890625,1984.7414033561945
2026-07-18T13:31:51.953030+00:00,3913.0,39.0,101.66,38.0,1688.62890625,1985.1268884427845
2026-07-18T13:31:52.287101+00:00,3913.0,39.0,101.93,38.0,1688.62890625,1985.4609597548842
2026-07-18T13:31:52.647363+00:00,3913.0,40.0,101.8,38.0,1688.62890625,1985.8212225362659
2026-07-18T13:31:52.980360+00:00,3913.0,35.0,99.57,38.0,1688.64453125,1986.154218584299
2026-07-18T13:31:53.333286+00:00,3913.0,39.0,101.01,38.0,1688.64453125,1986.5071464143693
2026-07-18T13:31:53.664063+00:00,3913.0,39.0,100.91,38.0,1688.64453125,1986.837922912091
2026-07-18T13:31:54.045204+00:00,3913.0,40.0,103.39,38.0,1688.64453125,1987.219063643366
2026-07-18T13:31:54.397617+00:00,3913.0,39.0,101.56,38.0,1688.64453125,1987.5714771337807
2026-07-18T13:31:54.726333+00:00,3913.0,40.0,101.76,38.0,1688.64453125,1987.90019204095
2026-07-18T13:31:55.094178+00:00,3913.0,40.0,101.34,38.0,1688.64453125,1988.2680373191833
2026-07-18T13:31:55.453077+00:00,3913.0,39.0,102.26,38.0,1688.64453125,1988.6269371286035
2026-07-18T13:31:55.788443+00:00,3913.0,40.0,101.74,38.0,1688.64453125,1988.962303109467
2026-07-18T13:31:56.149361+00:00,3913.0,40.0,102.05,38.0,1688.64453125,1989.3232202157378
2026-07-18T13:31:56.482995+00:00,3913.0,40.0,101.45,38.0,1688.64453125,1989.6568547785282
2026-07-18T13:31:56.846152+00:00,3913.0,39.0,102.51,38.0,1688.64453125,1990.0200110822916
2026-07-18T13:31:57.183036+00:00,3913.0,40.0,101.49,38.0,1688.64453125,1990.3568947836757
2026-07-18T13:31:57.518008+00:00,3913.0,40.0,102.85,38.0,1688.64453125,1990.6918676532805
2026-07-18T13:31:57.855240+00:00,3913.0,40.0,102.24,38.0,1688.64453125,1991.0290996991098
2026-07-18T13:31:58.306390+00:00,3913.0,40.0,102.89,38.0,1688.64453125,1991.4802393056452
2026-07-18T13:31:58.647035+00:00,3913.0,39.0,100.15,38.0,1688.6640625,1991.820893201977
2026-07-18T13:31:58.982890+00:00,3913.0,40.0,100.52,38.0,1688.6640625,1992.15675028041
2026-07-18T13:31:59.341025+00:00,3913.0,40.0,101.33,38.0,1688.6640625,1992.5148842073977
2026-07-18T13:31:59.678665+00:00,3913.0,40.0,102.01,38.0,1688.6640625,1992.852524664253
2026-07-18T13:32:00.046302+00:00,3913.0,39.0,101.54,38.0,1688.6640625,1993.220161087811
2026-07-18T13:32:00.382734+00:00,3913.0,40.0,101.98,38.0,1688.6640625,1993.556592091918
2026-07-18T13:32:00.717986+00:00,3913.0,31.0,99.63,38.0,1688.68359375,1993.8918443024158
2026-07-18T13:32:01.078005+00:00,3913.0,39.0,99.16,38.0,1688.68359375,1994.2518581338227
2026-07-18T13:32:01.452627+00:00,3913.0,39.0,99.14,38.0,1688.68359375,1994.6264864057302
2026-07-18T13:32:01.812977+00:00,3913.0,40.0,101.49,38.0,1688.68359375,1994.9868369624019
2026-07-18T13:32:02.166217+00:00,3913.0,40.0,101.24,38.0,1688.68359375,1995.3400755040348
2026-07-18T13:32:02.498594+00:00,3913.0,39.0,100.99,38.0,1688.68359375,1995.672452699393
2026-07-18T13:32:02.838012+00:00,3913.0,40.0,100.88,38.0,1688.68359375,1996.0118711143732
2026-07-18T13:32:03.196653+00:00,3913.0,39.0,101.06,38.0,1688.68359375,1996.3705122098327
2026-07-18T13:32:03.568401+00:00,3913.0,38.0,101.59,38.0,1688.68359375,1996.7422608174384
2026-07-18T13:32:03.903338+00:00,3913.0,40.0,102.15,38.0,1688.68359375,1997.0771978497505
2026-07-18T13:32:04.302443+00:00,3913.0,14.0,100.87,38.0,1688.69140625,1997.4763021543622
2026-07-18T13:32:04.684381+00:00,3913.0,37.0,101.08,38.0,1688.69140625,1997.8582402206957
2026-07-18T13:32:05.014673+00:00,3913.0,40.0,100.24,38.0,1688.69140625,1998.1885322742164
2026-07-18T13:32:05.396682+00:00,3913.0,38.0,101.52,38.0,1688.69140625,1998.5705415941775
2026-07-18T13:32:05.730877+00:00,3913.0,39.0,100.82,38.0,1688.69140625,1998.9047354087234
2026-07-18T13:32:06.066445+00:00,3913.0,40.0,102.15,38.0,1688.69140625,1999.2403035089374
2026-07-18T13:32:06.421131+00:00,3913.0,40.0,101.6,38.0,1688.69140625,1999.5949905253947
2026-07-18T13:32:06.797754+00:00,3913.0,40.0,102.22,38.0,1688.69140625,1999.9716135896742
2026-07-18T13:32:07.166430+00:00,3913.0,2.0,99.61,38.0,1688.7109375,2000.3402890786529
2026-07-18T13:32:07.504575+00:00,3913.0,39.0,99.39,38.0,1688.7109375,2000.678434368223
2026-07-18T13:32:07.860925+00:00,3913.0,39.0,98.68,38.0,1688.7109375,2001.0347847938538
2026-07-18T13:32:08.198988+00:00,3913.0,10.0,98.48,38.0,1690.53125,2001.372845992446
2026-07-18T13:32:08.557520+00:00,3913.0,39.0,99.17,38.0,1690.53125,2001.7313793897629
2026-07-18T13:32:08.940802+00:00,3913.0,39.0,99.79,38.0,1690.53125,2002.1146604157984
2026-07-18T13:32:09.316928+00:00,3913.0,40.0,101.31,38.0,1690.53125,2002.4907875321805
2026-07-18T13:32:09.672182+00:00,3913.0,40.0,101.75,38.0,1690.53125,2002.8460422568023
2026-07-18T13:32:10.036160+00:00,3913.0,40.0,103.16,38.0,1690.53125,2003.2100198753178
2026-07-18T13:32:10.384512+00:00,3913.0,40.0,103.27,38.0,1690.53125,2003.558370899409
2026-07-18T13:32:10.736377+00:00,3913.0,40.0,103.65,38.0,1690.53125,2003.9102367311716
2026-07-18T13:32:11.106240+00:00,3913.0,40.0,102.03,38.0,1690.53125,2004.2800993919373
2026-07-18T13:32:11.465145+00:00,3913.0,40.0,103.17,38.0,1690.53125,2004.6390044614673
2026-07-18T13:32:11.798346+00:00,3913.0,40.0,102.45,38.0,1690.53125,2004.9722050093114
2026-07-18T13:32:12.134666+00:00,3913.0,39.0,103.07,38.0,1690.53125,2005.3085260540247
2026-07-18T13:32:12.512601+00:00,3913.0,40.0,102.88,38.0,1690.53125,2005.6864602863789
2026-07-18T13:32:12.868548+00:00,3913.0,41.0,103.82,38.0,1690.53125,2006.0424068123102
2026-07-18T13:32:13.244198+00:00,3913.0,40.0,103.4,38.0,1690.53125,2006.4180575199425
2026-07-18T13:32:13.578065+00:00,3913.0,1.0,101.03,38.0,1690.55078125,2006.7519247196615
2026-07-18T13:32:13.932531+00:00,3913.0,40.0,100.05,38.0,1690.55078125,2007.1063901335
2026-07-18T13:32:14.284693+00:00,3913.0,40.0,99.96,38.0,1690.55078125,2007.4585527256131
2026-07-18T13:32:14.621538+00:00,3913.0,39.0,101.78,38.0,1690.55078125,2007.7953979820013
2026-07-18T13:32:14.989094+00:00,3913.0,39.0,101.35,38.0,1690.55078125,2008.1629536785185
2026-07-18T13:32:15.345542+00:00,3913.0,38.0,100.67,38.0,1690.55078125,2008.5194004289806
2026-07-18T13:32:15.759703+00:00,3913.0,5.0,100.05,38.0,1690.5703125,2008.9335622787476
2026-07-18T13:32:16.112523+00:00,3913.0,39.0,99.79,38.0,1690.5703125,2009.2863813787699
2026-07-18T13:32:16.468566+00:00,3913.0,35.0,99.87,38.0,1690.5703125,2009.6424247808754
2026-07-18T13:32:16.802118+00:00,3913.0,40.0,101.32,38.0,1690.5703125,2009.975977793336
2026-07-18T13:32:17.184966+00:00,3913.0,39.0,102.8,38.0,1690.5703125,2010.358825225383
2026-07-18T13:32:17.564882+00:00,3913.0,40.0,103.06,38.0,1690.5703125,2010.7387419044971
2026-07-18T13:32:17.920538+00:00,3913.0,40.0,102.81,38.0,1690.5703125,2011.0943973436952
2026-07-18T13:32:18.254443+00:00,3913.0,38.0,101.93,38.0,1690.5703125,2011.4283027276397
2026-07-18T13:32:18.608471+00:00,3913.0,40.0,101.38,38.0,1690.5703125,2011.782330982387
2026-07-18T13:32:18.964958+00:00,3913.0,40.0,103.03,38.0,1690.5703125,2012.13881701231
2026-07-18T13:32:19.298933+00:00,3913.0,40.0,102.83,38.0,1690.5703125,2012.4727923199534
2026-07-18T13:32:19.684878+00:00,3913.0,40.0,103.62,38.0,1690.5703125,2012.8587377630174
2026-07-18T13:32:20.095392+00:00,3913.0,40.0,102.89,38.0,1690.5703125,2013.2692504785955
2026-07-18T13:32:20.432563+00:00,3913.0,40.0,103.89,38.0,1690.5703125,2013.6064224503934
2026-07-18T13:32:20.845852+00:00,3913.0,41.0,104.0,38.0,1690.5703125,2014.019711855799
2026-07-18T13:32:21.208942+00:00,3913.0,40.0,104.36,38.0,1690.5703125,2014.3828019835055
2026-07-18T13:32:21.593947+00:00,3913.0,15.0,101.72,38.0,1690.59375,2014.767804864794
2026-07-18T13:32:21.934110+00:00,3913.0,40.0,100.91,38.0,1690.59375,2015.1079699918628
2026-07-18T13:32:22.312946+00:00,3913.0,39.0,99.28,38.0,1690.59375,2015.4868046157062
2026-07-18T13:32:22.651222+00:00,3913.0,40.0,100.92,38.0,1690.59375,2015.8250814713538
2026-07-18T13:32:22.964676+00:00,3913.0,40.0,101.41,38.0,1690.59375,2016.138535298407
2026-07-18T13:32:23.279829+00:00,3913.0,40.0,101.83,38.0,1690.59375,2016.4536879397929
2026-07-18T13:32:23.751889+00:00,3913.0,17.0,100.04,38.0,1690.609375,2016.9257485121489
2026-07-18T13:32:24.133096+00:00,3913.0,40.0,99.31,38.0,1690.609375,2017.3069526962936
2026-07-18T13:32:24.565243+00:00,3913.0,40.0,99.28,38.0,1690.609375,2017.7391030453146
2026-07-18T13:32:24.924731+00:00,3913.0,39.0,102.0,38.0,1690.609375,2018.0985895991325
2026-07-18T13:32:25.276970+00:00,3913.0,33.0,101.62,38.0,1690.609375,2018.4508286565542
2026-07-18T13:32:25.672730+00:00,3913.0,40.0,102.31,38.0,1690.609375,2018.8465890996158
2026-07-18T13:32:26.006575+00:00,3913.0,40.0,101.85,38.0,1690.609375,2019.1804336979985
2026-07-18T13:32:26.343864+00:00,3913.0,39.0,103.29,38.0,1690.609375,2019.5177223607898
2026-07-18T13:32:26.696113+00:00,3913.0,40.0,101.99,38.0,1690.609375,2019.8699726089835
2026-07-18T13:32:27.048954+00:00,3913.0,35.0,101.84,38.0,1690.609375,2020.2228136621416
2026-07-18T13:32:27.404455+00:00,3913.0,40.0,102.93,38.0,1690.609375,2020.5783147960901
2026-07-18T13:32:27.756703+00:00,3913.0,40.0,102.38,38.0,1690.609375,2020.9305628314614
2026-07-18T13:32:28.137297+00:00,3913.0,40.0,103.91,38.0,1690.609375,2021.3111520707607
2026-07-18T13:32:28.526350+00:00,3913.0,40.0,103.05,38.0,1690.609375,2021.700209286064
2026-07-18T13:32:28.859519+00:00,3913.0,40.0,102.95,38.0,1690.609375,2022.0333779603243
2026-07-18T13:32:29.193935+00:00,3913.0,40.0,102.58,38.0,1690.609375,2022.3677950575948
2026-07-18T13:32:29.541641+00:00,3913.0,0.0,100.37,38.0,1692.41015625,2022.7155006565154
2026-07-18T13:32:29.917409+00:00,3913.0,38.0,101.08,38.0,1692.41015625,2023.0912682153285
2026-07-18T13:32:30.276660+00:00,3913.0,38.0,100.58,38.0,1692.41015625,2023.4505191110075
2026-07-18T13:32:30.665766+00:00,3913.0,40.0,102.72,38.0,1692.41015625,2023.8396244235337
2026-07-18T13:32:31.045786+00:00,3913.0,40.0,102.41,38.0,1692.41015625,2024.2196450158954
2026-07-18T13:32:31.381827+00:00,3913.0,40.0,102.46,38.0,1692.41015625,2024.5556867271662
2026-07-18T13:32:31.723295+00:00,3913.0,40.0,101.93,38.0,1692.41015625,2024.8971538059413
2026-07-18T13:32:32.077063+00:00,3913.0,40.0,101.5,38.0,1692.41015625,2025.250921599567
2026-07-18T13:32:32.456237+00:00,3913.0,40.0,101.34,38.0,1692.41015625,2025.6300958767533
2026-07-18T13:32:32.812180+00:00,3913.0,40.0,101.55,38.0,1692.41015625,2025.986039135605
2026-07-18T13:32:33.164572+00:00,3913.0,41.0,102.7,38.0,1692.41015625,2026.338430877775
2026-07-18T13:32:33.544370+00:00,3913.0,40.0,103.46,38.0,1692.41015625,2026.7182292453945
2026-07-18T13:32:33.926645+00:00,3913.0,36.0,103.68,38.0,1692.41015625,2027.1005044318736
2026-07-18T13:32:34.308561+00:00,3913.0,41.0,103.09,38.0,1692.41015625,2027.48242123425
2026-07-18T13:32:34.683758+00:00,3913.0,39.0,103.65,38.0,1692.41015625,2027.8576163500547
2026-07-18T13:32:35.018992+00:00,3913.0,40.0,103.53,38.0,1692.41015625,2028.192850701511
2026-07-18T13:32:35.411762+00:00,3913.0,8.0,100.75,38.0,1692.44140625,2028.58562136814
2026-07-18T13:32:35.746487+00:00,3913.0,34.0,99.29,38.0,1692.44140625,2028.9203470014036
2026-07-18T13:32:36.128691+00:00,3913.0,39.0,99.24,38.0,1692.44140625,2029.3025494888425
2026-07-18T13:32:36.508118+00:00,3913.0,40.0,101.99,38.0,1692.44140625,2029.6819768697023
2026-07-18T13:32:36.869335+00:00,3913.0,39.0,102.49,38.0,1692.44140625,2030.0431934297085
2026-07-18T13:32:37.254129+00:00,3913.0,40.0,102.44,38.0,1692.44140625,2030.4279880188406
2026-07-18T13:32:37.586120+00:00,3913.0,40.0,101.45,38.0,1692.44140625,2030.7599784433842
2026-07-18T13:32:37.923833+00:00,3913.0,40.0,101.38,38.0,1692.44140625,2031.097691655159
2026-07-18T13:32:38.276346+00:00,3913.0,40.0,101.66,38.0,1692.44140625,2031.450204912573
2026-07-18T13:32:38.652980+00:00,3913.0,38.0,101.72,38.0,1692.44140625,2031.826838735491
2026-07-18T13:32:39.061061+00:00,3913.0,40.0,100.69,38.0,1692.4453125,2032.2349185198545
2026-07-18T13:32:39.402027+00:00,3913.0,39.0,98.97,38.0,1692.4609375,2032.5758868083358
2026-07-18T13:32:39.737788+00:00,3913.0,38.0,98.66,38.0,1692.4609375,2032.9116472154856
2026-07-18T13:32:40.121062+00:00,3913.0,40.0,101.04,38.0,1692.4609375,2033.2949220873415
2026-07-18T13:32:40.500531+00:00,3913.0,40.0,101.63,38.0,1692.4609375,2033.6743907295167
2026-07-18T13:32:40.862002+00:00,3913.0,39.0,101.9,38.0,1692.4609375,2034.0358609631658
2026-07-18T13:32:41.245298+00:00,3913.0,40.0,101.95,38.0,1692.4609375,2034.419157475233
2026-07-18T13:32:41.604189+00:00,3913.0,24.0,99.25,38.0,1692.484375,2034.7780473567545
2026-07-18T13:32:41.980231+00:00,3913.0,40.0,99.99,38.0,1692.484375,2035.154090564698
2026-07-18T13:32:42.337109+00:00,3913.0,39.0,99.84,38.0,1692.484375,2035.510968707502
2026-07-18T13:32:42.722196+00:00,3913.0,35.0,101.44,38.0,1692.484375,2035.8960549533367
2026-07-18T13:32:43.082533+00:00,3913.0,40.0,101.26,38.0,1692.49609375,2036.256391659379
2026-07-18T13:32:43.418905+00:00,3913.0,40.0,101.13,38.0,1692.49609375,2036.5927640385926
2026-07-18T13:32:43.802348+00:00,3913.0,39.0,101.82,38.0,1692.49609375,2036.9762061350048
2026-07-18T13:32:44.160879+00:00,3913.0,40.0,101.63,38.0,1692.49609375,2037.3347377963364
2026-07-18T13:32:44.498817+00:00,3913.0,37.0,101.6,38.0,1692.49609375,2037.6726751886308
2026-07-18T13:32:44.924268+00:00,3913.0,32.0,99.97,38.0,1692.546875,2038.0981253758073
2026-07-18T13:32:45.308231+00:00,3913.0,39.0,97.92,38.0,1692.56640625,2038.482089791447
2026-07-18T13:32:45.664735+00:00,3913.0,39.0,98.38,38.0,1692.5703125,2038.8385953493416
2026-07-18T13:32:46.020098+00:00,3913.0,40.0,101.3,38.0,1692.57421875,2039.1939579993486
2026-07-18T13:32:46.355041+00:00,3913.0,38.0,101.31,38.0,1692.57421875,2039.5289014540613
2026-07-18T13:32:46.736885+00:00,3913.0,37.0,101.92,38.0,1692.57421875,2039.9107440449297
2026-07-18T13:32:47.069799+00:00,3913.0,37.0,101.5,38.0,1692.578125,2040.2436584495008
2026-07-18T13:32:47.465255+00:00,3913.0,0.0,99.51,38.0,1692.6015625,2040.639113906771
2026-07-18T13:32:47.803647+00:00,3913.0,38.0,99.06,38.0,1692.60546875,2040.9775061830878
2026-07-18T13:32:48.184348+00:00,3913.0,28.0,98.48,38.0,1692.60546875,2041.358207527548
2026-07-18T13:32:48.562301+00:00,3913.0,40.0,99.92,38.0,1692.609375,2041.73615950346
2026-07-18T13:32:48.895010+00:00,3913.0,40.0,100.31,38.0,1692.609375,2042.068869959563
2026-07-18T13:32:49.307903+00:00,3913.0,40.0,101.72,38.0,1692.61328125,2042.4817616529763
2026-07-18T13:32:49.693455+00:00,3913.0,40.0,102.28,38.0,1692.61328125,2042.8673141002655
2026-07-18T13:32:50.087687+00:00,3913.0,39.0,102.71,38.0,1692.625,2043.2615470439196
2026-07-18T13:32:50.444871+00:00,3913.0,38.0,102.29,38.0,1692.625,2043.618729673326
2026-07-18T13:32:50.782759+00:00,3913.0,40.0,102.25,38.0,1692.625,2043.9566176459193
2026-07-18T13:32:51.118467+00:00,3913.0,37.0,101.64,38.0,1692.640625,2044.2923269830644
2026-07-18T13:32:51.453940+00:00,3913.0,39.0,101.9,38.0,1692.640625,2044.627799704671
2026-07-18T13:32:51.855845+00:00,3913.0,38.0,101.22,38.0,1692.64453125,2045.0297037139535
2026-07-18T13:32:52.236422+00:00,3913.0,37.0,99.87,38.0,1692.66015625,2045.4102814160287
2026-07-18T13:32:52.615923+00:00,3913.0,39.0,99.07,38.0,1692.66015625,2045.789782680571
2026-07-18T13:32:52.947400+00:00,3913.0,38.0,100.98,38.0,1692.66796875,2046.121258776635
2026-07-18T13:32:53.326211+00:00,3913.0,37.0,101.27,38.0,1692.66796875,2046.5000695064664
2026-07-18T13:32:53.664760+00:00,3913.0,37.0,101.07,38.0,1692.671875,2046.8386186994612
2026-07-18T13:32:54.049255+00:00,3913.0,37.0,100.9,38.0,1692.67578125,2047.2231134027243
2026-07-18T13:32:54.433671+00:00,3913.0,37.0,101.32,38.0,1692.8359375,2047.6075274161994
2026-07-18T13:32:54.769678+00:00,3913.0,39.0,101.53,38.0,1692.8359375,2047.9435381442308
2026-07-18T13:32:55.111701+00:00,3913.0,39.0,101.46,38.0,1692.8359375,2048.285561118275
2026-07-18T13:32:55.465388+00:00,3913.0,39.0,101.16,38.0,1692.8359375,2048.6392479129136
2026-07-18T13:32:55.804420+00:00,3913.0,37.0,101.62,38.0,1692.84375,2048.97827873379
2026-07-18T13:32:56.138496+00:00,3913.0,39.0,102.0,38.0,1692.84765625,2049.3123560510576
2026-07-18T13:32:56.476122+00:00,3913.0,1.0,97.96,38.0,1692.8515625,2049.6499814502895
2026-07-18T13:32:56.857090+00:00,3913.0,39.0,97.79,38.0,1692.8515625,2050.0309496968985
2026-07-18T13:32:57.291763+00:00,3913.0,0.0,95.69,38.0,1692.8828125,2050.4656221680343
2026-07-18T13:32:57.673288+00:00,3913.0,39.0,100.0,38.0,1692.8828125,2050.8471479564905
2026-07-18T13:32:58.054386+00:00,3913.0,38.0,99.86,38.0,1692.8828125,2051.2282442487776
2026-07-18T13:32:58.391525+00:00,3913.0,38.0,101.9,38.0,1692.8828125,2051.565384287387
2026-07-18T13:32:58.753605+00:00,3913.0,38.0,102.27,38.0,1692.8828125,2051.9274642653763
2026-07-18T13:32:59.136988+00:00,3913.0,38.0,102.9,38.0,1692.8828125,2052.3108473829925
2026-07-18T13:32:59.499097+00:00,3913.0,26.0,101.51,38.0,1692.8828125,2052.6729560643435
2026-07-18T13:32:59.835291+00:00,3913.0,40.0,100.89,38.0,1692.8828125,2053.0091495886445
2026-07-18T13:33:00.175572+00:00,3913.0,17.0,98.18,38.0,1692.90234375,2053.349430270493
2026-07-18T13:33:00.510696+00:00,3913.0,39.0,99.1,38.0,1692.90234375,2053.68455606699
2026-07-18T13:33:00.868356+00:00,3913.0,38.0,98.96,38.0,1692.90234375,2054.042215280235
2026-07-18T13:33:01.224765+00:00,3913.0,40.0,100.93,38.0,1692.90234375,2054.3986243605614
2026-07-18T13:33:01.580446+00:00,3913.0,38.0,101.07,38.0,1692.90234375,2054.754303622991
2026-07-18T13:33:01.960501+00:00,3913.0,40.0,101.71,38.0,1692.90234375,2055.134360395372
2026-07-18T13:33:02.317340+00:00,3913.0,39.0,101.97,38.0,1692.90234375,2055.4911982528865
2026-07-18T13:33:02.667161+00:00,3913.0,0.0,99.72,38.0,1692.921875,2055.8410201221704
2026-07-18T13:33:03.049575+00:00,3913.0,40.0,99.32,38.0,1692.921875,2056.2234346419573
2026-07-18T13:33:03.391959+00:00,3913.0,39.0,99.31,38.0,1692.953125,2056.565810944885
2026-07-18T13:33:03.748879+00:00,3913.0,36.0,101.67,38.0,1692.953125,2056.9227377176285
2026-07-18T13:33:04.087930+00:00,3913.0,37.0,100.97,38.0,1692.953125,2057.2617846801877
2026-07-18T13:33:04.431617+00:00,3913.0,37.0,100.55,38.0,1692.953125,2057.605476398021
2026-07-18T13:33:04.890529+00:00,3913.0,40.0,101.21,38.0,1692.96875,2058.0643875934184
2026-07-18T13:33:05.257255+00:00,3913.0,39.0,100.09,38.0,1692.96875,2058.4311139583588
2026-07-18T13:33:05.618470+00:00,3913.0,39.0,100.07,38.0,1692.96875,2058.7923265062273
2026-07-18T13:33:06.013765+00:00,3913.0,33.0,99.73,38.0,1692.984375,2059.1876239180565
2026-07-18T13:33:06.397082+00:00,3913.0,40.0,99.09,38.0,1692.984375,2059.5709411129355
2026-07-18T13:33:06.714777+00:00,3913.0,38.0,98.93,38.0,1692.984375,2059.888637114316
2026-07-18T13:33:07.076928+00:00,3913.0,40.0,100.52,38.0,1692.984375,2060.250787694007
2026-07-18T13:33:07.432745+00:00,3913.0,38.0,99.91,38.0,1692.984375,2060.6066045574844
2026-07-18T13:33:07.808381+00:00,3913.0,40.0,100.88,38.0,1692.984375,2060.982240024954
2026-07-18T13:33:08.181194+00:00,3913.0,40.0,101.54,38.0,1692.984375,2061.3550531566143
2026-07-18T13:33:08.721859+00:00,3913.0,37.0,101.37,38.0,1692.984375,2061.895716238767
2026-07-18T13:33:09.068478+00:00,3913.0,39.0,97.91,38.0,1693.00390625,2062.242337126285
2026-07-18T13:33:09.453744+00:00,3913.0,38.0,98.04,38.0,1693.00390625,2062.627602893859
2026-07-18T13:33:09.790428+00:00,3913.0,39.0,102.04,38.0,1693.00390625,2062.9642831385136
2026-07-18T13:33:10.239562+00:00,3913.0,39.0,101.53,38.0,1693.00390625,2063.4134190119803
2026-07-18T13:33:10.578191+00:00,3913.0,37.0,99.24,38.0,1693.01953125,2063.752050615847
2026-07-18T13:33:10.914811+00:00,3913.0,39.0,98.6,38.0,1693.01953125,2064.088670093566
2026-07-18T13:33:11.298064+00:00,3913.0,39.0,100.13,38.0,1693.01953125,2064.4719223566353
2026-07-18T13:33:11.776123+00:00,3913.0,40.0,100.22,38.0,1693.01953125,2064.9499809257686
2026-07-18T13:33:12.144354+00:00,3913.0,40.0,98.71,38.0,1693.0390625,2065.3182134106755
2026-07-18T13:33:12.483482+00:00,3913.0,39.0,98.93,38.0,1693.0390625,2065.6573420129716
2026-07-18T13:33:12.818817+00:00,3913.0,39.0,100.56,38.0,1693.0390625,2065.9926765672863
2026-07-18T13:33:13.174351+00:00,3913.0,36.0,100.34,38.0,1693.0390625,2066.348210476339
2026-07-18T13:33:13.511672+00:00,3913.0,37.0,100.11,38.0,1693.0390625,2066.6855318807065
2026-07-18T13:33:13.873049+00:00,3913.0,35.0,99.94,38.0,1693.0390625,2067.0469079613686
2026-07-18T13:33:14.256739+00:00,3913.0,39.0,100.96,38.0,1693.0390625,2067.430597063154
2026-07-18T13:33:14.591489+00:00,3913.0,37.0,101.31,38.0,1693.0390625,2067.765348315239
2026-07-18T13:33:14.970580+00:00,3913.0,38.0,101.44,38.0,1693.0390625,2068.144439380616
2026-07-18T13:33:15.356442+00:00,3913.0,34.0,100.78,38.0,1693.0390625,2068.530301157385
2026-07-18T13:33:15.716705+00:00,3913.0,36.0,100.51,38.0,1693.0390625,2068.8905644007027
2026-07-18T13:33:16.069598+00:00,3913.0,36.0,100.46,38.0,1693.0390625,2069.2434574067593
2026-07-18T13:33:16.414736+00:00,3913.0,37.0,101.17,38.0,1693.0390625,2069.588595561683
2026-07-18T13:33:16.799024+00:00,3913.0,39.0,101.75,38.0,1693.0390625,2069.97288274765
2026-07-18T13:33:17.264947+00:00,3913.0,4.0,99.73,38.0,1693.0625,2070.4388057999313
2026-07-18T13:33:17.649297+00:00,3913.0,37.0,99.06,38.0,1693.0625,2070.82315370813
2026-07-18T13:33:18.032997+00:00,3913.0,33.0,98.36,38.0,1693.0625,2071.206855431199
2026-07-18T13:33:18.471122+00:00,3913.0,39.0,98.36,38.0,1693.078125,2071.6449802853167
2026-07-18T13:33:18.786255+00:00,3913.0,38.0,98.59,38.0,1693.078125,2071.960115529597
2026-07-18T13:33:19.137376+00:00,3913.0,39.0,99.44,38.0,1693.078125,2072.311234973371
2026-07-18T13:33:19.575016+00:00,3913.0,38.0,100.25,38.0,1693.078125,2072.74887419492
2026-07-18T13:33:19.957873+00:00,3913.0,39.0,98.92,38.0,1693.09375,2073.1317327283323
2026-07-18T13:33:20.322069+00:00,3913.0,35.0,98.73,38.0,1693.09375,2073.4959285333753
2026-07-18T13:33:20.655020+00:00,3913.0,40.0,99.18,38.0,1693.109375,2073.828879188746
2026-07-18T13:33:20.994615+00:00,3913.0,39.0,98.74,38.0,1693.109375,2074.168474856764
2026-07-18T13:33:21.377810+00:00,3913.0,40.0,99.95,38.0,1693.109375,2074.5516689270735
2026-07-18T13:33:21.779685+00:00,3913.0,37.0,102.1,38.0,1693.109375,2074.9535427689552
2026-07-18T13:33:22.157485+00:00,3913.0,39.0,101.54,38.0,1693.109375,2075.3313449025154
2026-07-18T13:33:22.533114+00:00,3913.0,39.0,101.76,38.0,1693.109375,2075.7069722898304
2026-07-18T13:33:22.874746+00:00,3913.0,8.0,99.12,38.0,1693.125,2076.0486045591533
2026-07-18T13:33:23.237305+00:00,3913.0,38.0,99.26,38.0,1693.125,2076.411163520068
2026-07-18T13:33:23.595400+00:00,3913.0,37.0,98.88,38.0,1693.125,2076.7692588865757
2026-07-18T13:33:23.977514+00:00,3913.0,36.0,101.72,38.0,1693.125,2077.15137289837
2026-07-18T13:33:24.361424+00:00,3913.0,37.0,101.43,38.0,1693.125,2077.5352832488716
2026-07-18T13:33:24.744754+00:00,3913.0,38.0,101.93,38.0,1693.125,2077.9186134822667
2026-07-18T13:33:25.097737+00:00,3913.0,23.0,99.76,38.0,1693.140625,2078.2715948559344
2026-07-18T13:33:25.439405+00:00,3913.0,36.0,99.76,38.0,1693.140625,2078.6132563352585
2026-07-18T13:33:25.855004+00:00,3913.0,37.0,99.45,38.0,1693.140625,2079.0288632698357
2026-07-18T13:33:26.210004+00:00,3913.0,34.0,101.18,38.0,1693.140625,2079.3838623054326
2026-07-18T13:33:26.584799+00:00,3913.0,35.0,100.51,38.0,1693.140625,2079.7586584575474
2026-07-18T13:33:26.944994+00:00,3913.0,40.0,100.79,38.0,1693.140625,2080.1188534870744
2026-07-18T13:33:27.279444+00:00,3913.0,13.0,99.4,38.0,1693.16015625,2080.45330324769
2026-07-18T13:33:27.636539+00:00,3913.0,39.0,99.53,38.0,1693.16015625,2080.8103982135653
2026-07-18T13:33:28.022603+00:00,3913.0,39.0,99.76,38.0,1693.16015625,2081.196462109685
2026-07-18T13:33:28.404374+00:00,3913.0,38.0,101.38,38.0,1693.16015625,2081.578233193606
2026-07-18T13:33:28.738764+00:00,3913.0,39.0,101.71,38.0,1693.16015625,2081.91262268275
2026-07-18T13:33:29.184473+00:00,3913.0,40.0,101.12,38.0,1696.8203125,2082.358330976218
2026-07-18T13:33:29.545724+00:00,3913.0,38.0,99.32,38.0,1696.84375,2082.719583492726
2026-07-18T13:33:29.885799+00:00,3913.0,40.0,99.29,38.0,1696.84375,2083.0596589036286
2026-07-18T13:33:30.222056+00:00,3913.0,40.0,102.08,38.0,1696.84375,2083.3959153667092
2026-07-18T13:33:30.558841+00:00,3913.0,40.0,101.55,38.0,1696.84375,2083.732700817287
2026-07-18T13:33:30.968537+00:00,3913.0,19.0,101.01,38.0,1700.3828125,2084.1423947177827
2026-07-18T13:33:31.309974+00:00,3913.0,40.0,99.75,38.0,1700.609375,2084.4838332869112
2026-07-18T13:33:31.664163+00:00,3913.0,40.0,99.85,38.0,1700.609375,2084.8380228728056
2026-07-18T13:33:32.032554+00:00,3913.0,17.0,99.21,38.0,1700.625,2085.206412859261
2026-07-18T13:33:32.416635+00:00,3913.0,39.0,99.28,38.0,1700.625,2085.5904945209622
2026-07-18T13:33:32.773183+00:00,3913.0,40.0,99.09,38.0,1700.625,2085.9470419734716
2026-07-18T13:33:33.154971+00:00,3913.0,40.0,101.67,38.0,1700.625,2086.328830655664
2026-07-18T13:33:33.513704+00:00,3913.0,39.0,101.87,38.0,1700.625,2086.6875637583435
2026-07-18T13:33:33.868592+00:00,3913.0,39.0,101.85,38.0,1700.625,2087.042451504618
2026-07-18T13:33:34.224968+00:00,3913.0,40.0,102.69,38.0,1700.625,2087.39882652089
2026-07-18T13:33:34.612343+00:00,3913.0,39.0,102.92,38.0,1700.625,2087.7862022556365
2026-07-18T13:33:34.992296+00:00,3913.0,40.0,102.93,38.0,1700.625,2088.1661551594734
2026-07-18T13:33:35.352844+00:00,3913.0,40.0,102.5,38.0,1700.625,2088.526703543961
2026-07-18T13:33:35.712400+00:00,3913.0,40.0,102.49,38.0,1700.625,2088.886259879917
2026-07-18T13:33:36.068831+00:00,3913.0,40.0,102.33,38.0,1700.625,2089.2426896244287
2026-07-18T13:33:36.452938+00:00,3913.0,40.0,102.67,38.0,1700.625,2089.6267969869077
2026-07-18T13:33:36.834172+00:00,3913.0,38.0,103.26,38.0,1700.625,2090.0080316476524
2026-07-18T13:33:37.171343+00:00,3913.0,40.0,103.63,38.0,1700.625,2090.345201395452
2026-07-18T13:33:37.580956+00:00,3913.0,0.0,100.67,38.0,1700.65234375,2090.754814375192
2026-07-18T13:33:37.922941+00:00,3913.0,39.0,99.61,38.0,1700.65234375,2091.0968006774783
2026-07-18T13:33:38.258120+00:00,3913.0,40.0,99.09,38.0,1700.65234375,2091.4319801442325
2026-07-18T13:33:38.636793+00:00,3913.0,37.0,101.72,38.0,1700.65234375,2091.8106526471674
2026-07-18T13:33:38.997463+00:00,3913.0,37.0,101.98,38.0,1700.65234375,2092.171321772039
2026-07-18T13:33:39.339965+00:00,3913.0,40.0,102.13,38.0,1700.65234375,2092.513822797686
2026-07-18T13:33:39.704497+00:00,3913.0,40.0,101.86,38.0,1700.65234375,2092.87835695222
2026-07-18T13:33:40.053946+00:00,3913.0,37.0,101.5,38.0,1700.65234375,2093.2278057150543
2026-07-18T13:33:40.402357+00:00,3913.0,0.0,98.56,38.0,1700.67578125,2093.576216954738
2026-07-18T13:33:40.784636+00:00,3913.0,39.0,98.68,38.0,1700.67578125,2093.958495810628
2026-07-18T13:33:41.404684+00:00,3913.0,31.0,100.78,38.0,1700.67578125,2094.5785434395075
2026-07-18T13:33:41.763884+00:00,3913.0,40.0,100.95,38.0,1700.67578125,2094.9377436079085
2026-07-18T13:33:42.132916+00:00,3913.0,39.0,99.88,38.0,1700.69921875,2095.306775160134
2026-07-18T13:33:42.492330+00:00,3913.0,37.0,100.48,38.0,1700.69921875,2095.6661891527474
2026-07-18T13:33:42.830967+00:00,3913.0,39.0,99.56,38.0,1700.69921875,2096.0048270002007
2026-07-18T13:33:43.195488+00:00,3913.0,40.0,101.25,38.0,1700.69921875,2096.3693473115563
2026-07-18T13:33:43.650581+00:00,3913.0,40.0,99.11,38.0,1700.71484375,2096.8244406804442
2026-07-18T13:33:44.008711+00:00,3913.0,40.0,99.41,38.0,1700.71484375,2097.1825709082186
2026-07-18T13:33:44.348639+00:00,3913.0,40.0,101.24,38.0,1700.71484375,2097.52249860391
2026-07-18T13:33:44.686756+00:00,3913.0,40.0,101.73,38.0,1700.71484375,2097.8606162406504
2026-07-18T13:33:45.064634+00:00,3913.0,39.0,101.34,38.0,1700.71484375,2098.238492511213
2026-07-18T13:33:45.404362+00:00,3913.0,40.0,101.6,38.0,1700.71484375,2098.5782214961946
2026-07-18T13:33:45.718894+00:00,3913.0,39.0,101.24,38.0,1700.71484375,2098.8927541337907
2026-07-18T13:33:46.072558+00:00,3913.0,39.0,98.95,38.0,1700.734375,2099.246417425573
2026-07-18T13:33:46.411360+00:00,3913.0,40.0,98.9,38.0,1700.734375,2099.585218820721
2026-07-18T13:33:46.833928+00:00,3913.0,9.0,98.38,38.0,1700.75,2100.007786244154
2026-07-18T13:33:47.212713+00:00,3913.0,40.0,99.21,38.0,1700.75,2100.3865723721683
2026-07-18T13:33:47.597385+00:00,3913.0,39.0,99.54,38.0,1700.75,2100.771244775504
2026-07-18T13:33:47.933997+00:00,3913.0,39.0,101.38,38.0,1700.75,2101.107856053859
2026-07-18T13:33:48.270692+00:00,3913.0,40.0,101.54,38.0,1700.75,2101.4445517100394
2026-07-18T13:33:48.624391+00:00,3913.0,40.0,100.88,38.0,1700.75,2101.7982506230474
2026-07-18T13:33:49.082861+00:00,3913.0,40.0,100.81,38.0,1700.75,2102.256719019264
2026-07-18T13:33:49.419024+00:00,3913.0,39.0,98.79,38.0,1700.76953125,2102.5928846001625
2026-07-18T13:33:49.794499+00:00,3913.0,40.0,99.42,38.0,1700.76953125,2102.968357142061
2026-07-18T13:33:50.167549+00:00,3913.0,39.0,101.88,38.0,1700.76953125,2103.3414074629545
2026-07-18T13:33:50.501731+00:00,3913.0,40.0,102.46,38.0,1700.76953125,2103.675590302795
2026-07-18T13:33:50.876492+00:00,3913.0,37.0,100.1,38.0,1700.78515625,2104.0503495670855
2026-07-18T13:33:51.272246+00:00,3913.0,39.0,99.76,38.0,1700.78515625,2104.4461055621505
2026-07-18T13:33:51.610714+00:00,3913.0,40.0,100.11,38.0,1700.78515625,2104.784573920071
2026-07-18T13:33:52.033897+00:00,3913.0,0.0,99.01,38.0,1700.80078125,2105.207755368203
